step,obs_0,obs_1,obs_2,obs_3,obs_4,obs_5,obs_6,obs_7,obs_8,obs_9,obs_10,obs_11,obs_12,obs_13,obs_14,obs_15,obs_16,obs_17,obs_18,obs_19,obs_20,obs_21,obs_22,obs_23,obs_24,obs_25,obs_26,obs_27,obs_28,obs_29,obs_30,obs_31,obs_32,obs_33,obs_34,obs_35,obs_36,obs_37,obs_38,obs_39,obs_40,obs_41,obs_42,obs_43,obs_44,torque_0,torque_1,torque_2,torque_3,torque_4,torque_5,torque_6,torque_7,torque_8,torque_9,torque_10,torque_11,dof_pos_0,dof_pos_1,dof_pos_2,dof_pos_3,dof_pos_4,dof_pos_5,dof_pos_6,dof_pos_7,dof_pos_8,dof_pos_9,dof_pos_10,dof_pos_11,dof_vel_0,dof_vel_1,dof_vel_2,dof_vel_3,dof_vel_4,dof_vel_5,dof_vel_6,dof_vel_7,dof_vel_8,dof_vel_9,dof_vel_10,dof_vel_11
0,0.0,0.0,0.0,0.0,0.0,0.0,0.0,0.0,0.0,0.0,0.0,0.0,0.0,0.0,0.0,0.0,0.0,0.0,0.0,0.0,0.0,0.0,0.0,0.0,0.0,0.0,0.0,0.0,0.0,0.0,0.0,0.0,0.0,0.0,0.0,0.0,0.0,0.0,0.0,0.0,0.0,0.0,0.0,0.0,0.0,0.0,0.0,0.0,0.0,0.0,0.0,0.0,0.0,0.0,0.0,0.0,0.0,0.0,0.0,-0.8,1.6,-0.8,0.0,0.0,0.0,-0.8,1.6,-0.8,0.0,0.0,0.0,0.0,0.0,0.0,0.0,0.0,0.0,0.0,0.0,0.0,0.0
1,-4.236729e-06,-0.007948077,-1.6194454e-06,5.07107e-10,2.075827e-20,-1.0,1.0,0.0,0.0,-8.5621316e-08,-4.7636032e-08,-0.00014179945,0.00036466122,-0.00019103289,7.663264e-07,1.4361774e-08,3.0844507e-08,-0.00014168024,0.000364542,-0.00019103289,-3.4388776e-08,-4.2810657e-06,-2.3818018e-06,-0.007089533,0.018232439,-0.009552402,3.8316324e-05,7.180887e-07,1.5422255e-06,-0.007085928,0.018227074,-0.009551685,-1.7194388e-06,0.028184038,-0.10579616,0.23251449,-0.040947326,-0.78168595,-0.032383166,0.06134259,-0.019835062,0.3865574,-0.2790498,-0.7474744,0.08423359,3.84750130436434e-16,-9.130233181599585e-16,2.4278254961984658e-06,7.5100796692595395e-06,1.6622490051076966e-06,2.167010487741222e-16,2.1397136408921143e-16,-6.625507892921531e-16,2.4278254961984658e-06,7.5100796692595395e-06,1.6622490051076966e-06,-7.920026883640448e-17,-8.5621316e-08,-4.7636032e-08,-0.8001418,1.6003647,-0.80019104,7.663264e-07,1.4361774e-08,3.0844507e-08,-0.8001417,1.6003646,-0.80019104,-3.4388776e-08,-8.5621316e-05,-4.7636033e-05,-0.14179066,0.36464876,-0.19104804,0.00076632644,1.43617735e-05,3.084451e-05,-0.14171857,0.36454147,-0.1910337,-3.4388777e-05
2,0.2645749,-0.6888978,-0.17552416,-0.016370136,-0.006791852,-0.99984294,1.0,0.0,0.0,0.0061512017,-0.009740796,0.029398918,0.008992553,-0.09116572,-0.0012364269,0.01562738,-0.010742799,0.033945203,0.004888892,-0.08584833,0.019985933,0.034886163,-0.07452429,0.26495323,0.045927525,-0.7377657,-0.020851819,0.0792068,-0.07696843,0.30524257,0.0016287332,-0.71382034,0.07339536,-0.011079778,0.23969653,-0.3327223,-0.05268786,-0.6923049,-0.028345004,0.06515326,0.6696733,0.1016274,-0.13087265,-0.908057,0.02113304,-117.40059972464707,138.1544287522386,172.5082397320066,-200.0,-9.172580914058244,-189.15981922924178,-51.83769253013374,-43.99825609328212,-58.483487185241756,-200.0,14.638339588647796,-53.06877769252203,0.0061512017,-0.009740796,-0.7706011,1.6089926,-0.89116573,-0.0012364269,0.01562738,-0.010742799,-0.7660548,1.6048889,-0.88584834,0.019985933,0.69772327,-1.4904858,5.299064,0.9185505,-14.755315,-0.41703638,1.584136,-1.5393686,6.1048512,0.032574665,-14.276406,1.4679071
3,-0.2988899,-0.17103697,-0.14573015,-0.03285112,-0.0051941522,-0.99944675,1.0,0.0,0.0,0.0047296444,-7.473825e-05,0.06668872,0.01490593,-0.2870142,-0.011005722,0.03335226,-0.0029589077,0.08058369,0.010322452,-0.29146868,0.015457151,-0.021609182,0.14830963,0.116543345,0.00595343,-1.1214026,-0.0727699,0.08489161,0.12808894,0.16263217,0.051130433,-1.298273,-0.031006489,0.045412228,-0.73878133,-0.6784963,-0.6536913,0.6260433,0.10919819,-0.49480167,-0.38086855,-0.6863167,-0.9032573,0.352279,-0.05537192,-23.198128143348058,200.0,-134.80851925724926,-200.0,-185.49085908163033,64.66803033628427,-7.344755633827042,200.0,-200.0,-140.79055614617175,-200.0,-40.10109212021473,0.0047296444,-7.473825e-05,-0.7333113,1.614906,-1.0870142,-0.011005722,0.03335226,-0.0029589077,-0.7194163,1.6103225,-1.0914687,0.015457151,-0.43218362,2.9661925,2.3308668,0.1190686,-22.428053,-1.4553981,1.6978322,2.5617785,3.2526433,1.0226086,-25.96546,-0.62012976
4,0.30927762,0.4790022,0.09633781,-0.02698368,-0.0053792316,-0.9996214,1.0,0.0,0.0,0.013762446,-0.0012486642,0.06523585,0.016057372,-0.39420646,0.021109369,-0.0070883404,-0.0057489746,0.090641975,0.005704522,-0.44022518,-0.010286973,0.06976016,-0.119789146,-0.10598034,0.0028651848,-0.06674479,0.18749247,-0.42191654,-0.13228025,-0.05170652,-0.025477082,-0.26184657,-0.1836267,0.056963455,-0.05710712,1.3650434,0.032623596,0.6877124,-0.0002110824,0.06756359,1.0278921,0.5530126,-0.16796657,0.2560029,0.2755621,-200.0,-200.0,-200.0,-200.0,200.0,-103.68509131382046,68.47248906134237,-200.0,-200.0,-200.0,200.0,-7.923952219135344,0.013762446,-0.0012486642,-0.73476416,1.6160574,-1.1942065,0.021109369,-0.0070883404,-0.0057489746,-0.70935804,1.6057045,-1.2402252,-0.010286973,1.3952031,-2.395783,-2.1196067,0.057303697,-1.3348957,3.7498493,-8.438331,-2.6456048,-1.0341303,-0.50954163,-5.2369313,-3.6725338
5,0.11842678,-0.22490518,-0.16155118,-0.020964095,-0.013992744,-0.9996823,1.0,0.0,0.0,0.029502792,-0.01581982,0.07311016,0.009211421,-0.30248696,0.017791767,-0.028084632,-0.021934928,0.10871422,-0.012521744,-0.3963477,0.043183714,0.07751294,-0.05143408,0.15917726,-0.05267898,0.88844484,-0.038732138,0.14242218,-0.057053115,0.16912934,-0.07727664,0.5844713,0.44159356,-0.41426075,0.030210584,0.103471726,-0.11671562,0.14967014,0.06155357,0.97656703,0.124509335,0.19959535,-0.22777379,0.519009,-0.18601272,84.6069257882955,200.0,200.0,-200.0,200.0,44.69104749971734,-22.900606563186436,-29.079231890326703,200.0,94.95595158365954,200.0,2.4884003547992606,0.029502792,-0.01581982,-0.72688985,1.6092114,-1.102487,0.017791767,-0.028084632,-0.021934928,-0.6912858,1.5874783,-1.1963477,0.043183714,1.5502589,-1.0286816,3.183545,-1.0535796,17.768896,-0.77464277,2.8484435,-1.1410623,3.3825867,-1.5455327,11.689425,8.831871
6,-0.21768968,-0.011702031,-0.20270021,-0.027186695,-0.010523891,-0.99957496,1.0,0.0,0.0,-0.007641138,-0.010407626,0.10487324,-0.018360019,-0.1339792,0.030407423,0.056579534,-0.010336145,0.1473571,-0.048990965,-0.18861431,0.028506424,-0.40514317,0.06869089,0.110716775,-0.1600367,0.6294393,0.062500514,0.6508257,0.13545108,0.15646109,-0.23288171,1.3073738,-0.40396222,0.009672004,-0.1026974,-0.70941573,0.49465606,-1.0620126,0.08933556,-0.73770523,0.06727618,-0.23716508,0.4455921,-0.12050323,-0.40055862,200.0,36.65718020374612,-200.0,-141.97393037990923,200.0,-76.57828248655392,-200.0,16.590542388024417,-126.82275814982802,-43.61704406017884,-69.3508675048522,0.12699701132845576,-0.007641138,-0.010407626,-0.6951268,1.58164,-0.9339792,0.030407423,0.056579534,-0.010336145,-0.6526429,1.551009,-0.9886143,0.028506424,-8.102863,1.3738178,2.2143354,-3.200734,12.588785,1.2500103,13.016514,2.7090216,3.1292217,-4.6576343,26.147474,-8.079245
7,-0.00892968,0.56844133,-0.17724596,-0.014642866,-0.007015307,-0.99986815,1.0,0.0,0.0,-0.03719821,-0.010598282,0.08689731,-0.010529637,-0.11389637,0.05383353,0.12857471,0.008649615,0.13459295,-0.05443895,-0.04509574,-0.11042614,0.018875906,-0.04914595,-0.25045648,0.19551885,-0.33277443,0.18589735,0.105652906,0.06812067,-0.28837773,0.2035384,0.046677668,-0.7905653,0.49931937,-0.08690867,0.9167297,-0.11946113,-0.22334704,0.041030742,-0.83375037,-0.33770552,1.3007061,0.41603875,0.5744669,0.66688275,-200.0,122.73533359349624,-200.0,200.0,-144.3042728841828,-200.0,94.35873137920133,-187.78258062254517,-200.0,200.0,-200.0,84.13232076432229,-0.03719821,-0.010598282,-0.7131027,1.5894704,-0.9138964,0.05383353,0.12857471,0.008649615,-0.66540706,1.5455611,-0.84509575,-0.11042614,0.37751812,-0.9829189,-5.0091295,3.910377,-6.6554885,3.717947,2.113058,1.3624134,-5.7675548,4.070768,0.93355334,-15.811306
8,0.23878168,-0.030519247,-0.15505642,-0.005022656,-0.013187779,-0.9999004,1.0,0.0,0.0,0.01925957,-0.033928607,0.07687223,-0.0032519102,-0.17338282,0.053756755,0.09483704,0.006555663,0.09415442,-0.00080895424,0.04596281,-0.15680511,0.5023939,-0.14796242,0.11884496,-0.09244319,-0.2043248,-0.021557713,-0.387975,-0.061096787,-0.13427404,0.32505974,0.6822647,0.22331002,-0.2255849,0.648221,0.43401292,-0.9293553,0.3302878,-0.08813169,0.22321916,0.6094231,0.50610274,-1.1154208,-0.29605767,0.73168427,-200.0,-200.0,200.0,200.0,200.0,200.0,200.0,31.62300707733874,200.0,-169.74888886719387,185.03432856141245,-6.035061444213326,0.01925957,-0.033928607,-0.7231278,1.5967481,-0.97338283,0.053756755,0.09483704,0.006555663,-0.7058456,1.5991911,-0.7540372,-0.15680511,10.047877,-2.9592483,2.3768992,-1.8488637,-4.086496,-0.43115425,-7.7595,-1.2219357,-2.6854806,6.501195,13.645293,4.4662004
9,-0.31668395,-0.67010945,-0.12764671,-0.020316593,-0.010564538,-0.9997378,1.0,0.0,0.0,0.06786549,-0.034310967,0.14259768,-0.06367087,-0.10827863,0.008679165,0.07567858,0.018822735,0.10873932,0.03162229,0.075858474,-0.0048056683,0.033926986,0.11099042,0.4919878,-0.47809154,0.75931853,-0.21900307,0.14033519,0.16472583,0.24257295,0.028269967,-0.28667042,1.200529,-0.78992546,-0.7347908,-0.4477311,0.46192005,0.1948974,0.16036117,0.37987247,-0.6146807,-0.37920418,-0.5800338,-1.0197152,-0.42718145,200.0,200.0,200.0,-200.0,-200.0,200.0,-200.0,200.0,142.5678264207919,-200.0,200.0,25.533261727274976,0.06786549,-0.034310967,-0.65740234,1.5363292,-0.90827864,0.008679165,0.07567858,0.018822735,-0.6912607,1.6316223,-0.72414154,-0.0048056683,0.6785397,2.2198083,9.839756,-9.5618305,15.18637,-4.380061,2.8067038,3.2945166,4.851459,0.56539935,-5.733408,24.010578
10,0.31708646,-0.051991552,-0.050286256,-0.034434598,-0.011567299,-0.99934,1.0,0.0,0.0,0.01682336,-0.041707236,0.16273034,-0.06750727,-0.01873374,0.050819878,0.13862526,0.027664665,0.1416161,0.020008802,-0.08554047,0.13169831,-0.47578818,-0.15088293,-0.16544281,0.23785579,0.36412793,0.2327801,0.39921692,-0.065189704,0.090018325,-0.12550917,-1.2330772,0.25576302,0.5152758,0.24873623,-0.4057096,0.7533261,-0.0732099,0.4028302,-0.62099314,0.78163666,-0.8062196,0.26706636,-0.10621911,-0.70139164,125.12004581698267,-200.0,-200.0,-200.0,-200.0,-200.0,-200.0,-200.0,-200.0,200.0,151.93589066260313,-10.144840492554522,0.01682336,-0.041707236,-0.6372697,1.5324928,-0.81873375,0.050819878,0.13862526,0.027664665,-0.6583839,1.6200088,-0.8855405,0.13169831,-9.515763,-3.0176585,-3.3088562,4.757116,7.2825584,4.655602,7.9843383,-1.303794,1.8003665,-2.5101833,-24.661543,5.11526
11,-0.31765395,0.51431876,-0.0150347855,-0.02404062,-0.010300101,-0.9996579,1.0,0.0,0.0,-0.020272233,-0.042871304,0.09267849,0.014641643,-0.021146774,0.15772659,0.16711336,0.039306294,0.11396372,0.03531313,-0.22466344,0.070796706,0.042802624,0.11622176,-0.49893656,0.5440886,-0.11001881,0.5336787,-0.067708544,0.1598988,-0.3263213,0.24104504,-0.25537857,-0.7618267,0.6631823,-0.10524693,1.4536881,-0.909836,0.12504612,-0.5436694,-0.62421906,-0.56038237,1.2001526,-1.0329614,0.7715605,0.03197134,-200.0,200.0,-200.0,200.0,200.0,-200.0,200.0,200.0,-200.0,200.0,3.7954702473022053,-43.546287784641265,-0.020272233,-0.042871304,-0.7073215,1.6146417,-0.8211468,0.15772659,0.16711336,0.039306294,-0.6860363,1.6353132,-1.0246634,0.070796706,0.85605246,2.3244352,-9.978731,10.881772,-2.2003763,10.673574,-1.3541708,3.197976,-6.526426,4.820901,-5.1075716,-15.236533
12,0.21934196,-0.045349423,-0.03285266,-0.015755389,-0.010361815,-0.9998222,1.0,0.0,0.0,0.038478374,-0.044168323,0.032068014,0.08841741,0.0180704,0.16170344,0.097919196,0.046190504,0.09444475,0.042610407,-0.17001176,0.018388763,0.49814844,-0.08813559,-0.13619633,0.2326781,0.23227377,-0.40264365,-0.5747489,-0.055673476,0.08432662,-0.12537217,0.70620066,0.012438745,-0.197196,0.04518518,0.38032952,-0.9646353,-0.34824646,-0.35273117,0.14359272,-0.028618276,0.17851053,-0.9696178,0.44189054,0.39530593,-200.0,-200.0,200.0,-200.0,200.0,28.949772576172315,200.0,-51.21875234405759,200.0,-200.0,-17.589057022268776,-200.0,0.038478374,-0.044168323,-0.767932,1.6884174,-0.7819296,0.16170344,0.097919196,0.046190504,-0.70555526,1.6426104,-0.9700118,0.018388763,9.962969,-1.7627119,-2.7239265,4.653562,4.6454754,-8.052873,-11.494977,-1.1134695,1.6865324,-2.5074434,14.124013,0.2487749
13,0.06322301,-0.3117467,0.12083585,-0.024589375,-0.015527849,-0.99957705,1.0,0.0,0.0,0.08391972,-0.045989316,0.037981153,0.10049105,-0.03903234,0.0076260976,0.037201535,0.036261756,0.12916094,-0.01020813,0.024967015,0.11236522,0.011485239,0.04580448,0.1474069,-0.082370475,-0.6231581,-0.79113054,-0.08623217,-0.04159557,0.22367723,-0.3641604,0.91378796,0.61530447,-1.0001713,0.16868739,-0.60565054,0.040824257,-1.3466096,0.4115325,0.8299637,0.5244135,-0.1625122,0.71757776,-0.6683585,-0.26947176,200.0,-87.75428825765232,-108.8884817123381,-200.0,-80.61452331717578,-42.15564971711683,-200.0,147.39420183824814,200.0,-200.0,-39.80514224153694,69.24124819175199,0.08391972,-0.045989316,-0.76201886,1.7004911,-0.83903235,0.0076260976,0.037201535,0.036261756,-0.6708391,1.5897919,-0.775033,0.11236522,0.22970477,0.91608953,2.948138,-1.6474094,-12.463161,-15.822611,-1.7246433,-0.8319114,4.4735446,-7.2832074,18.275759,12.306089
14,-0.52770823,0.27617875,0.1487635,-0.024394056,-0.0049452544,-0.9996902,1.0,0.0,0.0,0.035107903,-0.0133035835,0.040357232,0.08550048,-0.25828773,-0.047296777,0.071275145,0.054664623,0.11568469,0.0018228292,0.01663965,0.090935834,-0.45246798,0.25882006,-0.097189486,-0.06238678,-1.405733,0.15067387,0.39420348,0.20437896,-0.2720826,0.27895692,-0.5832383,-0.5923595,0.4531485,-0.9692117,-0.30138358,-0.31675696,0.123513564,0.6795075,-0.75789845,-0.5113533,0.52146226,0.13571206,0.16432847,-0.26083666,200.0,200.0,-200.0,200.0,-200.0,-200.0,-200.0,137.55080154607458,-200.0,-25.814942687891318,-200.0,200.0,0.035107903,-0.0133035835,-0.7596428,1.6855005,-1.0582877,-0.047296777,0.071275145,0.054664623,-0.6843153,1.6018229,-0.78336036,0.090935834,-9.049359,5.176401,-1.9437897,-1.2477356,-28.114658,3.0134773,7.8840694,4.0875793,-5.441652,5.5791383,-11.664766,-11.84719
15,0.0761404,0.3424621,-0.11943738,-0.011879882,0.0028680582,-0.9999253,1.0,0.0,0.0,0.0016616709,0.008950002,0.016940534,0.06046772,-0.4305932,0.09384821,0.093479194,0.066520564,0.075481296,0.041796684,0.00351727,-0.029047295,0.06896433,-0.01448883,-0.14206323,-0.17596386,-0.4177079,1.1411701,-0.11763825,-0.056433167,-0.14037238,0.14656818,0.29411986,-0.5082769,0.4023099,-0.52391857,0.9324774,-0.45779884,0.58789194,-0.41829035,-0.43627653,0.19980265,1.3720789,-0.708067,-0.35222197,0.69499534,-200.0,-200.0,200.0,37.35684912805314,73.3954976543838,46.2926067669776,200.0,-200.0,-200.0,-200.0,200.0,154.90512730170326,0.0016616709,0.008950002,-0.7830595,1.6604677,-1.2305932,0.09384821,0.093479194,0.066520564,-0.7245187,1.6417967,-0.79648274,-0.029047295,1.3792866,-0.2897766,-2.8412645,-3.519277,-8.354157,22.823402,-2.352765,-1.1286633,-2.8074474,2.9313636,5.882397,-10.165537
16,0.058568496,-0.26205343,-0.12712017,-0.011621957,9.8885044e-05,-0.99993247,1.0,0.0,0.0,0.07093184,-0.0023809676,0.029329658,-0.011447787,-0.4094717,0.21896806,0.016836137,0.061871257,0.09346831,0.036404848,-0.042936563,-0.027946906,0.56998295,-0.08835762,0.2305804,-0.5102789,0.53405565,0.20396045,-0.60211504,-0.0037379458,0.2755457,-0.16926996,-0.60599464,0.42635742,-0.715219,0.53785,0.06045984,0.7053384,0.045734692,-0.57818985,0.39073247,0.4339413,-0.6837621,0.20290923,-0.90638393,0.4649569,-200.0,200.0,200.0,-200.0,-71.28108388011196,200.0,157.41765759124337,-200.0,200.0,-200.0,200.0,-200.0,0.07093184,-0.0023809676,-0.77067035,1.5885522,-1.2094717,0.21896806,0.016836137,0.061871257,-0.7065317,1.6364049,-0.8429366,-0.027946906,11.399658,-1.7671524,4.611608,-10.205578,10.681113,4.079209,-12.0423,-0.07475892,5.5109134,-3.3853993,-12.119892,8.527148
17,-0.5274755,-0.14661118,0.055928927,-0.019432345,0.010730456,-0.9997536,1.0,0.0,0.0,0.108781695,0.026758883,0.028853774,-0.016104579,-0.26165193,0.13924593,-0.045335278,0.0849581,0.120492816,0.04039395,-0.2633807,0.12272522,-0.066313006,0.2814518,-0.059809852,0.09493025,0.6696458,-0.8597312,-0.07744427,0.22629769,0.019298248,0.17294875,-1.3575763,0.74602854,-0.9255327,-1.0025065,-0.26000243,0.6700154,-0.60413814,0.112095006,0.7301897,-0.99430525,-0.3235735,-0.27643496,0.49715132,-0.5382232,200.0,200.0,-200.0,191.1382576373386,35.68989282308894,-61.60071755264744,-200.0,200.0,115.41073625125442,200.0,-56.45912096231598,-200.0,0.108781695,0.026758883,-0.77114624,1.5838954,-1.061652,0.13924593,-0.045335278,0.0849581,-0.6795072,1.640394,-1.0633807,0.12272522,-1.3262601,5.629036,-1.196197,1.8986049,13.392916,-17.194624,-1.5488853,4.525954,0.38596496,3.4589748,-27.151525,14.92057
18,0.22237201,0.4880267,0.063721634,-0.010986119,0.01540913,-0.9998209,1.0,0.0,0.0,0.044918045,0.05308663,-0.019439757,0.03966844,-0.2330175,0.07244634,-0.008151488,0.10284906,0.09626275,0.058297038,-0.42670816,0.16893087,-0.52240175,0.017537719,-0.3846028,0.42659774,-0.28788003,0.038250778,0.40372506,-0.030041704,-0.23552422,0.025187645,-0.37475488,-0.1905728,0.55351627,-0.3507888,0.9961032,-1.0879052,0.14361621,0.5738395,-0.21030217,-0.05458662,0.015056362,-0.7492348,0.50935,-0.34776607,200.0,-200.0,-200.0,-200.0,200.0,-200.0,-200.0,-200.0,-139.96942619541318,200.0,-200.0,83.08318775047724,0.044918045,0.05308663,-0.81943977,1.6396685,-1.0330175,0.07244634,-0.008151488,0.10284906,-0.70373726,1.6582971,-1.2267082,0.16893087,-10.448034,0.35075435,-7.6920557,8.531955,-5.757601,0.76501554,8.074501,-0.6008341,-4.7104845,0.5037529,-7.4950976,-3.811456
19,0.666846,0.25029278,0.16506699,0.002373411,-0.0042336243,-0.9999882,1.0,0.0,0.0,-0.004801067,0.028501557,-0.071312666,0.090955615,-0.18603104,0.18420953,0.014134726,0.07361492,0.07544428,0.034116745,-0.39478904,0.037856326,-0.029508863,-0.23217864,-0.16659287,0.11626653,0.626774,0.8282222,-0.119986415,-0.21465746,-0.026333192,-0.23105596,0.5984909,-0.8274652,0.7657205,0.5276785,1.0456995,-0.9224991,0.2963904,-0.5274472,-0.6572956,1.1696993,0.75430995,0.1278381,0.26258957,0.287286,-200.0,-60.86483505193942,-83.27859223110235,-200.0,200.0,43.415950596415996,200.0,-200.0,200.0,-200.0,109.67434704736422,-22.474872948051825,-0.004801067,0.028501557,-0.8713127,1.6909556,-0.98603106,0.18420953,0.014134726,0.07361492,-0.72455573,1.6341168,-1.194789,0.037856326,-0.59017724,-4.643573,-3.3318572,2.3253305,12.53548,16.564444,-2.3997283,-4.293149,-0.52666384,-4.621119,11.969818,-16.549303
20,-0.08019489,-0.37422448,0.11043483,-0.0014502219,-0.014545521,-0.9998931,1.0,0.0,0.0,0.037677217,0.010651994,-0.06358302,0.078932285,-0.027210355,0.24308813,-0.063116916,0.061079215,0.09134811,0.0032992363,-0.20001477,-0.024355879,0.41215092,0.032267664,0.2084862,-0.20109971,0.7062115,-0.14147507,-0.6023266,0.054523498,0.17148347,-0.08792782,1.0018115,0.110832274,-0.21237127,0.08979948,-0.484677,0.09860548,-1.2259983,-0.08123917,0.64115167,0.0678176,-0.31091803,0.80993915,-0.49660134,0.5550827,-200.0,200.0,200.0,200.0,-73.90445211304188,200.0,200.0,200.0,200.0,-200.0,-60.521421490966645,-200.0,0.037677217,0.010651994,-0.863583,1.6789323,-0.82721037,0.24308813,-0.063116916,0.061079215,-0.7086519,1.6032993,-1.0000148,-0.024355879,8.243018,0.64535326,4.169724,-4.021994,14.12423,-2.8295014,-12.046531,1.09047,3.4296694,-1.7585564,20.03623,2.2166455
21,-0.09261367,0.20824583,0.16498663,-0.0038563567,-0.01065039,-0.99993587,1.0,0.0,0.0,0.064766616,0.027885174,-0.058231294,0.068959475,0.008134007,0.14700212,-0.12469165,0.0698823,0.083824575,0.022825241,-0.10510409,0.10302957,-0.082343526,0.10908144,-0.10728174,0.04123838,-0.25532448,-0.5021496,-0.06954568,0.03992606,-0.21138585,0.24376026,0.04216341,0.94609225,-0.6235505,-0.6283599,-0.05640122,-0.17992258,-1.1228031,0.29873595,0.60724664,-0.14466116,0.1685849,-0.3344438,-0.91978127,-0.23987061,200.0,-42.347147450212034,-200.0,200.0,-200.0,-3.8425988041731216,-200.0,22.04473326767213,-200.0,34.24770889086659,-200.0,45.408048593637204,0.064766616,0.027885174,-0.8582313,1.6689595,-0.791866,0.14700212,-0.12469165,0.0698823,-0.71617544,1.6228253,-0.9051041,0.10302957,-1.6468705,2.1816287,-2.1456347,0.82476753,-5.1064897,-10.042992,-1.3909136,0.79852116,-4.227717,4.875205,0.84326816,18.921844
22,0.507355,-0.06309344,-0.0042481143,-0.0027672083,-0.019996772,-0.9997962,1.0,0.0,0.0,0.0019720274,0.02715803,-0.054268956,0.054670095,-0.14864552,0.14863582,-0.09015054,0.05134799,0.07303256,0.032413602,-0.20414859,0.18928684,-0.50528914,-0.0958451,0.08748806,-0.15174463,-1.2142574,0.30219123,0.37467322,-0.20156875,0.06099186,-0.10843419,-0.9350858,0.009958149,0.3838486,0.23632297,1.0238072,-0.95052636,0.11026122,0.1820978,0.053825647,0.8522762,1.1474726,-0.33222836,-0.36613345,-0.38130832,200.0,-200.0,154.50505839638518,-200.0,-200.0,-200.0,-200.0,-200.0,-80.30452070122273,-200.0,-200.0,21.320136817393063,0.0019720274,0.02715803,-0.85426897,1.6546701,-0.94864553,0.14863582,-0.09015054,0.05134799,-0.72696745,1.6324136,-1.0041486,0.18928684,-10.1057825,-1.9169021,1.7497612,-3.0348926,-24.285147,6.0438247,7.493464,-4.031375,1.2198372,-2.1686838,-18.701715,0.19916297
23,-0.18433568,-0.7434578,-0.13999884,-0.019521995,-0.02527874,-0.9994898,1.0,0.0,0.0,-0.042113595,0.02558909,-0.011832893,0.027844906,-0.27057928,0.151049,-0.03389817,0.04234599,0.13050932,-0.023521304,-0.29331905,0.082811974,0.039046254,0.04540765,0.2730478,-0.025623953,-0.12219482,0.0051181293,0.22311623,0.08647513,0.4763832,-0.4260268,-0.17503718,-0.9269028,0.15395898,-0.31739554,-0.9131754,0.06953605,0.7168606,0.0043415427,-0.76694727,0.1880213,-0.9193442,0.79012656,0.30157185,0.072428204,-47.409183733355036,200.0,200.0,-200.0,41.494613862383716,-78.80732911150415,200.0,200.0,200.0,-200.0,200.0,83.31602708533643,-0.042113595,0.02558909,-0.8118329,1.6278449,-1.0705793,0.151049,-0.03389817,0.04234599,-0.6694907,1.5764787,-1.093319,0.082811974,0.78092504,0.908153,5.460956,-0.51247907,-2.4438963,0.10236259,4.4623246,1.7295024,9.527664,-8.520535,-3.5007434,-18.538055
24,-0.074329905,-0.19453238,0.0009302683,-0.038548987,-0.020894436,-0.9990382,1.0,0.0,0.0,0.008230038,0.022477156,0.010014534,0.040079236,-0.18694651,0.10747502,-0.055685908,0.06995801,0.16283274,-0.023418903,-0.22230881,-0.0071996157,0.30965266,-0.057190884,-0.026247833,0.10663904,0.86084765,-0.2195164,-0.3272819,0.12650055,-0.00865782,0.14471968,0.79700565,-0.023633553,0.102763884,0.1408612,-0.24537525,-0.22033456,-0.4510957,0.047430255,-0.19917078,-0.40025792,-0.5533241,-0.14832069,-0.31055164,0.9615645,-200.0,111.64789477233381,-200.0,200.0,200.0,200.0,-9.185171035040412,-200.0,-200.0,-37.443530050484505,200.0,13.15445501491405,0.008230038,0.022477156,-0.7899855,1.6400793,-0.9869465,0.10747502,-0.055685908,0.06995801,-0.6371673,1.5765811,-1.0223088,-0.0071996157,6.193053,-1.1438177,-0.52495664,2.1327808,17.216953,-4.390328,-6.5456376,2.530011,-0.1731564,2.8943934,15.940113,-0.47267103
25,-0.05081006,0.47240758,0.03888928,-0.031561967,-0.018431425,-0.99933183,1.0,0.0,0.0,0.046819296,0.01751371,-0.013179839,0.04499519,-0.11898363,0.0844424,-0.10748824,0.08823549,0.14239061,-0.010951042,-0.1672262,0.09774525,0.13422148,-0.0016982987,-0.19006407,-0.04192197,-0.0864803,-0.08590939,-0.2056408,0.066993766,-0.17756215,-0.0050497805,-0.15102659,0.97385037,-0.6823827,-0.16320753,0.41201803,-0.8284398,-1.1165968,0.33255985,0.7330364,0.008985847,0.8364594,-0.49366868,-1.0447766,-0.32445273,24.92176561559444,-200.0,-200.0,-200.0,-200.0,200.0,-26.131168679614078,200.0,-200.0,-200.0,-200.0,12.394004931093292,0.046819296,0.01751371,-0.81317985,1.6449952,-0.91898364,0.0844424,-0.10748824,0.08823549,-0.6576094,1.589049,-0.9672262,0.09774525,2.6844296,-0.033965975,-3.8012815,-0.8384394,-1.7296059,-1.7181878,-4.112816,1.3398752,-3.5512428,-0.10099561,-3.0205317,19.477007
26,0.43828103,-0.29644066,-0.039053995,-0.029466484,-0.02777272,-0.99917984,1.0,0.0,0.0,0.023098608,-0.0059840996,-0.010697544,0.041096807,-0.21866554,0.13661008,-0.09830704,0.07377145,0.14376628,-0.007006645,-0.27157468,0.15115854,-0.32103324,-0.21189873,0.1454162,0.09075128,-0.7877568,0.36273557,0.21540132,-0.14467892,0.17898874,-0.02621778,-0.87084734,-0.22072546,-0.22095832,0.007846862,0.5685456,0.32390025,-0.07257338,0.1785832,0.27880517,0.28742075,0.5655089,1.0627592,-0.22433116,-0.67023927,200.0,-140.5859577303851,200.0,-200.0,-200.0,-200.0,-200.0,-200.0,200.0,-200.0,-200.0,51.62444523022839,0.023098608,-0.0059840996,-0.81069756,1.6410968,-1.0186656,0.13661008,-0.09830704,0.07377145,-0.6562337,1.5929934,-1.0715747,0.15115854,-6.420665,-4.2379746,2.908324,1.8150256,-15.755136,7.254711,4.3080263,-2.8935783,3.5797746,-0.5243556,-17.416946,-4.4145093
27,-0.092332184,-0.9785837,-0.2109906,-0.05608139,-0.03423294,-0.99783915,1.0,0.0,0.0,-0.053119827,-0.028833091,0.036912203,0.07140064,-0.27129024,0.17188194,-0.0070516733,0.07486282,0.19863522,0.00515306,-0.36018592,-0.0009397965,-0.36576733,-0.03855182,0.3216464,0.19986059,0.16636293,0.016313119,0.58196795,0.14760265,0.35256806,0.1297125,-0.017094636,-1.2035834,0.38830134,0.20058754,-0.9704264,-1.2675912,0.8185944,-0.57497096,-0.38240707,0.5003928,-1.1219649,-1.264077,0.1895606,0.19667022,15.048707853661313,200.0,200.0,200.0,200.0,-200.0,24.7265439375887,122.26536871494771,200.0,200.0,200.0,-7.271002558221328,-0.053119827,-0.028833091,-0.7630878,1.6714007,-1.0712903,0.17188194,-0.0070516733,0.07486282,-0.6013648,1.6051531,-1.1601859,-0.0009397965,-7.3153462,-0.7710364,6.4329276,3.9972117,3.3272586,0.32626235,11.6393585,2.9520528,7.051361,2.59425,-0.34189272,-24.071667
28,-0.699678,-0.301408,-0.1821894,-0.07991684,-0.01786987,-0.99664134,1.0,0.0,0.0,-0.07437417,-0.009912261,0.0829128,0.09017539,-0.12919158,0.06808821,0.065792695,0.13166645,0.24572325,0.016693592,-0.2564004,-0.13794008,0.10571591,0.22038935,0.15500593,0.007175788,1.155907,-0.95631915,0.19465204,0.38026035,0.1394961,0.0006380345,0.89814824,-0.26127717,0.45490837,-0.89257956,-0.43570262,-0.61306554,0.41566452,0.28058875,-0.74108124,-1.6629003,-0.6269829,-0.6164973,-0.16141763,0.64244926,-200.0,200.0,-200.0,-200.0,61.010063032993116,200.0,200.0,200.0,-200.0,-200.0,200.0,-200.0,-0.07437417,-0.009912261,-0.7170872,1.6901754,-0.9291916,0.06808821,0.065792695,0.13166645,-0.55427676,1.6166936,-1.0564004,-0.13794008,2.1143181,4.407787,3.1001186,0.14351575,23.11814,-19.126383,3.8930407,7.605207,2.789922,0.0127606895,17.962965,-5.225543
29,-0.13853623,0.3805801,-0.16829813,-0.07700206,-0.002963487,-0.9970265,1.0,0.0,0.0,-0.0016867592,0.0089373505,0.089542925,0.07854211,0.06092316,-0.011287165,0.053212393,0.17092204,0.2620545,-0.00015282631,-0.17768258,-0.08358069,0.5756473,-0.011681631,-0.0672378,-0.10820533,0.7824995,0.061185807,-0.26982197,0.045146856,0.037587058,-0.14947155,0.06847939,0.70777994,-0.19687746,-0.32556543,0.20141882,0.10510086,-0.33541945,0.7335684,-0.1365458,-0.5858861,0.0007170867,0.67792547,-0.2003001,-0.08542887,-200.0,-200.0,-200.0,-200.0,-60.11904255227863,200.0,200.0,-200.0,-200.0,-200.0,-75.81325091650365,200.0,-0.0016867592,0.0089373505,-0.7104571,1.6785421,-0.73907685,-0.011287165,0.053212393,0.17092204,-0.5379455,1.5998472,-0.9776826,-0.08358069,11.512946,-0.23363262,-1.344756,-2.1641066,15.64999,1.2237161,-5.396439,0.9029371,0.7517412,-2.989431,1.3695878,14.155599
30,0.4214255,0.40326792,0.4104756,-0.061326873,-0.009313328,-0.9980743,1.0,0.0,0.0,0.054304868,-0.020370223,0.0771094,0.07956791,0.07430565,0.09870417,-0.019219626,0.15557025,0.24668139,0.0035440922,-0.18399811,-0.035393927,0.05061949,-0.24869294,-0.046751466,0.06557063,-0.5474172,0.92602605,-0.30841735,-0.15942001,-0.18887347,0.14902271,-0.030796243,-0.05693472,-0.88543415,0.9505124,1.0510141,0.29853752,-0.63746566,0.30582252,0.6264119,0.407879,0.9775741,-0.18140352,0.4546466,-0.6377699,72.33368896766359,-200.0,-200.0,200.0,-3.6918901436027127,-83.12935412907638,-200.0,-200.0,200.0,-17.495828938041583,-200.0,200.0,0.054304868,-0.020370223,-0.7228906,1.6795679,-0.72569436,0.09870417,-0.019219626,0.15557025,-0.5533186,1.6035441,-0.9839981,-0.035393927,1.0123898,-4.973859,-0.93502927,1.3114126,-10.948344,18.520521,-6.168347,-3.1884003,-3.7774694,2.9804542,-0.61592484,-1.1386944
31,-0.06446071,-0.28619954,0.38759154,-0.060662467,-0.014688852,-0.9980503,1.0,0.0,0.0,0.014405059,-0.04447758,0.093096614,0.10151124,-0.12519753,0.18988584,-0.028626543,0.15602887,0.24312997,-0.0013173819,-0.08461189,-0.1525994,-0.39773163,-0.022241317,0.17793249,0.14159705,-1.1103758,0.24915682,0.16724333,0.13307317,0.12337636,-0.16682419,0.92974514,-0.969806,-0.065945454,0.07203163,-0.74540323,-1.1078932,0.58272505,-0.76319927,0.6890688,-0.27341267,0.5384793,-0.74670845,0.7566345,-0.10169955,200.0,200.0,200.0,-200.0,200.0,-76.38396487037778,-200.0,200.0,200.0,200.0,76.93750181834753,-22.278874833553715,0.014405059,-0.04447758,-0.7069034,1.7015113,-0.92519754,0.18988584,-0.028626543,0.15602887,-0.55687004,1.5986826,-0.8846119,-0.1525994,-7.9546323,-0.44482633,3.5586495,2.831941,-22.207516,4.983136,3.3448665,2.6614633,2.4675272,-3.3364837,18.594902,-19.39612
32,0.016213419,-0.3422102,-0.53292894,-0.07223198,-0.013532093,-0.99729604,1.0,0.0,0.0,-0.034296956,-0.041799493,0.12777013,0.10928786,-0.23796242,0.13132705,0.0446743,0.17206013,0.2519309,-0.0013012886,0.010647714,-0.20330326,-0.113748506,0.037472952,0.16282623,-0.03986088,-0.117520966,-0.7361329,0.5326591,0.04063439,0.01942399,0.10953803,0.23987089,0.10718252,0.41159725,-0.22161335,-0.622095,-0.1044367,-0.1914585,-0.35930836,-0.5373403,-0.2623035,-0.07228236,1.7426167,0.12211321,0.9726628,200.0,-200.0,200.0,-200.0,200.0,123.74579513511335,69.69533096098,196.41801016219364,-200.0,-200.0,200.0,-200.0,-0.034296956,-0.041799493,-0.6722299,1.7092879,-1.0379624,0.13132705,0.0446743,0.17206013,-0.5480691,1.5986987,-0.7893523,-0.20330326,-2.27497,0.749459,3.2565246,-0.79721755,-2.3504193,-14.722658,10.653182,0.8126878,0.3884798,2.1907606,4.7974176,2.1436503
33,0.5105375,0.35846144,-0.48122633,-0.07164772,-0.026947659,-0.9970659,1.0,0.0,0.0,-0.012272603,-0.055630453,0.13541377,0.09229028,-0.22420925,-0.03515394,0.10018264,0.14603166,0.21982187,0.056679845,0.055355728,-0.07834659,0.29669133,-0.15708832,-0.059804816,-0.12185227,0.07500104,-0.70166916,0.06879695,-0.27542397,-0.30181876,0.4265227,0.14977507,1.0561941,0.10959456,0.48260757,-0.036705706,-1.5315709,0.51395655,0.97620267,-0.72913766,0.6266786,-0.52602535,-1.171149,-0.52508694,-0.58228177,-200.0,-200.0,-200.0,200.0,-19.412649285163837,200.0,200.0,-200.0,-200.0,-200.0,-8.754788855890098,56.554529543734475,-0.012272603,-0.055630453,-0.66458625,1.6922903,-1.0242093,-0.03515394,0.10018264,0.14603166,-0.58017814,1.6566799,-0.7446443,-0.07834659,5.9338264,-3.1417663,-1.1960963,-2.4370453,1.5000207,-14.033382,1.3759389,-5.508479,-6.036375,8.530454,2.9955013,21.12388
34,-0.1355146,0.9482499,0.017878428,-0.043523688,-0.03363526,-0.99848604,1.0,0.0,0.0,0.033380132,-0.061650038,0.107032,0.04747522,-0.100292444,-0.07045604,0.06663702,0.115685076,0.13947093,0.13029647,-0.018423378,0.021650007,0.18182965,0.06973829,-0.19376409,-0.31743935,1.0641842,0.25348908,-0.3659744,-0.037611656,-0.47898394,0.32070553,-0.79315954,0.045375995,-0.39842322,-0.0820232,1.6051002,0.19227374,1.0338668,0.30872223,0.09353663,-0.12006557,1.1902795,-0.5279127,-0.33459806,-0.45582685,-200.0,200.0,-200.0,-200.0,-200.0,-200.0,-30.853174656601936,200.0,-108.64365888525464,-200.0,200.0,200.0,0.033380132,-0.061650038,-0.692968,1.6474752,-0.90029246,-0.07045604,0.06663702,0.115685076,-0.6605291,1.7302965,-0.8184234,0.021650007,3.6365929,1.3947657,-3.8752818,-6.348787,21.283684,5.0697813,-7.3194876,-0.7522331,-9.579679,6.4141107,-15.863191,0.9075199
35,0.19421045,0.2803452,-0.120395236,-0.020257767,-0.03653522,-0.99912703,1.0,0.0,0.0,0.01643005,-0.07592818,0.054086268,0.063233495,0.01992017,0.040231828,0.03280354,0.095952965,0.08399892,0.15546751,-0.13122362,-0.06067764,-0.29595086,-0.111434534,-0.26394317,0.21559866,0.5731233,0.5858902,-0.010454025,-0.14636953,-0.11500712,-0.024508968,-0.4258016,-0.6975535,0.07957836,0.0911998,0.77595407,1.4631652,0.020917851,0.16705194,0.741447,0.5228223,0.4525144,-0.55654716,0.0094356835,0.14197221,161.0514507572307,-200.0,200.0,-200.0,2.749730382574114,-200.0,-200.0,94.25732637942725,200.0,61.281925866519146,200.0,-46.27537943125708,0.01643005,-0.07592818,-0.74591374,1.6632335,-0.78007984,0.040231828,0.03280354,0.095952965,-0.7160011,1.7554675,-0.93122363,-0.06067764,-5.9190173,-2.2286906,-5.2788634,4.311973,11.462465,11.717803,-0.2090805,-2.9273906,-2.3001423,-0.49017936,-8.516032,-13.95107
36,-0.3290657,-0.41277245,-0.68399143,-0.023551334,-0.03297372,-0.9991787,1.0,0.0,0.0,0.014739057,-0.07088853,0.025048196,0.11906183,0.039317608,0.09100113,0.09231268,0.09453563,0.09925568,0.12073517,-0.12152821,-0.09304723,0.133118,0.13193059,-0.03967304,0.3170539,-0.041464236,0.16366525,0.5450533,0.1081142,0.23031048,-0.29404566,0.2701914,0.2765112,0.28070098,-0.13286963,0.11737083,-1.060636,-0.5081476,-0.6347006,-0.1907395,-0.25061208,-0.02044567,-0.8707616,0.4374733,0.5289002,200.0,200.0,200.0,-200.0,3.5756749473601417,200.0,12.812387241450793,200.0,200.0,200.0,1.279373604011539,-13.577219741837212,0.014739057,-0.07088853,-0.7749518,1.7190619,-0.7606824,0.09100113,0.09231268,0.09453563,-0.70074433,1.7207352,-0.9215282,-0.09304723,2.66236,2.6386118,-0.7934608,6.3410783,-0.82928467,3.273305,10.901066,2.162284,4.6062098,-5.880913,5.4038277,5.530224
37,0.1525925,-0.2177643,-0.35226384,-0.036169734,-0.031565517,-0.998847,1.0,0.0,0.0,0.079655506,-0.06622308,0.036436558,0.15441644,-0.072491705,0.020789552,0.14910613,0.08814965,0.1443811,0.042065382,0.02570194,0.060430136,0.39298442,-0.0500229,0.10780909,0.070340924,-0.8905916,-0.77841496,0.059662472,-0.1403204,0.21670699,-0.47436497,0.89076376,0.9943763,-0.41958016,-0.01698625,-0.63113904,-0.49162933,-0.7645762,0.22275695,-1.1671938,0.1418193,-0.5539707,0.5686504,-0.08475751,-0.23826541,-200.0,-200.0,-200.0,-200.0,-56.04158454315234,-34.81385484914233,22.408696199542703,-98.34177757692449,64.89081006957399,-200.0,-30.338907205086684,-200.0,0.079655506,-0.06622308,-0.76356345,1.7544165,-0.8724917,0.020789552,0.14910613,0.08814965,-0.6556189,1.6420654,-0.7742981,0.060430136,7.8596883,-1.000458,2.1561818,1.4068184,-17.811832,-15.568299,1.1932495,-2.806408,4.33414,-9.487299,17.815275,19.887526
38,-0.26395324,0.38615647,0.36908013,-0.03202695,-0.028790303,-0.99907225,1.0,0.0,0.0,0.09861266,-0.06182415,0.03889495,0.15125585,-0.29109007,-0.030985976,0.09558791,0.081427656,0.1253084,0.06851339,-0.0049623847,0.08804646,-0.15146354,0.072248794,-0.08101874,-0.07574378,-1.0264884,0.16920735,-0.50352764,0.03381751,-0.27283937,0.27809554,-0.17200334,-0.31587636,-0.2450112,-0.02118504,-0.027811121,-0.33075407,-0.10056634,0.81121975,-0.04023826,0.5374317,0.8793256,0.5843895,0.10490544,-0.7202771,-200.0,100.06759515850146,-200.0,200.0,11.70263349641698,-200.0,-200.0,26.405303578363743,-200.0,-200.0,78.13270682932489,200.0,0.09861266,-0.06182415,-0.76110506,1.7512559,-1.0910901,-0.030985976,0.09558791,0.081427656,-0.6746916,1.6685134,-0.8049624,0.08804646,-3.0292706,1.4449759,-1.6203747,-1.5148755,-20.529768,3.384147,-10.070553,0.6763502,-5.456787,5.5619106,-3.4400668,-6.3175273
39,-0.5392437,0.1894551,0.2518176,-0.021687845,-0.011366664,-0.9997002,1.0,0.0,0.0,0.022025675,-0.039015256,0.0313434,0.11556482,-0.38871187,0.108678,0.029583689,0.11169327,0.07662797,0.13554204,0.021448433,-0.08228894,-0.5158926,0.13736102,-0.0050174757,-0.25772846,-0.04627878,1.1357886,-0.23653279,0.23467925,-0.21353118,0.38034058,0.1754825,-1.2627505,0.14009432,-1.1895471,0.5532737,-0.49474305,0.8380325,0.037508465,0.8624209,-1.3495451,0.8218631,-1.2381291,-0.3756271,0.35454533,114.09144072831023,200.0,200.0,200.0,-7.891000472986406,-126.04348997315788,-44.915582972919594,-92.73144449419658,-106.82381975094657,-200.0,200.0,200.0,0.022025675,-0.039015256,-0.7686566,1.7155648,-1.1887119,0.108678,0.029583689,0.11169327,-0.72337204,1.735542,-0.7785516,-0.08228894,-10.317852,2.7472203,-0.100349516,-5.154569,-0.92557555,22.71577,-4.7306557,4.693585,-4.2706237,7.6068115,3.5096498,-25.25501
40,0.0127014825,-0.4149385,-0.5115431,-0.027260302,-0.0021722647,-0.999626,1.0,0.0,0.0,-0.02161954,-0.035091337,0.068781435,0.031611323,-0.2926039,0.23273109,0.037657842,0.13223153,0.07868379,0.1744982,-0.046890378,-0.22401938,0.026505074,-0.07826193,0.34108108,-0.55653125,0.9110913,0.19872878,0.26436594,-0.005141252,0.18932445,0.045809403,-0.6692303,-0.25612435,0.25889722,0.1472623,-0.017276045,0.34802428,0.29232526,-0.63692915,0.253566,0.07262179,-0.8867627,-0.49436533,-1.1701294,0.7661635,200.0,-200.0,200.0,-200.0,-29.59256368312822,200.0,200.0,-200.0,200.0,-200.0,200.0,-200.0,-0.02161954,-0.035091337,-0.7312186,1.6316113,-1.0926039,0.23273109,0.037657842,0.13223153,-0.7213162,1.7744982,-0.8468904,-0.22401938,0.5301015,-1.5652385,6.8216214,-11.130625,18.221827,3.9745758,5.2873187,-0.102825046,3.786489,0.91618806,-13.384605,-5.122487
41,-0.06249429,0.08975958,-0.7504031,-0.032407723,-0.00218714,-0.9994723,1.0,0.0,0.0,0.028594092,-0.031648945,0.07525104,-0.006055236,-0.087501764,0.1551494,0.118611634,0.12898846,0.098198235,0.17254901,-0.26871163,-0.1665409,0.40212265,0.078946605,-0.14968543,0.022616584,0.84137595,-0.8505961,0.37337795,-0.030644609,0.033042647,-0.053363036,-1.4547744,0.72582567,-0.3118402,-0.302303,-0.06534524,1.2708428,0.20780593,-0.08054158,-0.58441484,0.25120628,-0.5197977,-0.29378635,0.31789845,0.28529182,-108.77151747062823,-86.58552634096966,-200.0,-200.0,-200.0,200.0,93.24988336510842,200.0,-64.03773577964778,200.0,-93.54720722219804,-200.0,0.028594092,-0.031648945,-0.72474897,1.5939448,-0.8875018,0.1551494,0.118611634,0.12898846,-0.7018018,1.772549,-1.0687116,-0.1665409,8.042453,1.578932,-2.9937084,0.45233166,16.827518,-17.01192,7.467559,-0.61289215,0.6608529,-1.0672607,-29.095488,14.516513
42,0.016348088,0.37146837,0.10352201,-0.021245584,-0.0018103629,-0.99977267,1.0,0.0,0.0,0.048227206,-0.02653482,0.025051594,0.023261309,0.01904279,0.06267222,0.14039025,0.124085926,0.09011024,0.15016472,-0.45102686,-0.014413211,-0.15004005,-0.009215707,-0.29755995,0.23008172,0.4103144,-0.3147764,-0.1151753,-0.01339025,-0.082233295,-0.16034022,-0.4676065,0.647875,-0.42759198,0.2849045,1.605861,-0.4447778,-0.48382437,0.69401073,-0.5139593,-0.043155715,0.34133783,-0.7921471,0.5422389,-0.33930764,-200.0,200.0,-200.0,-200.0,200.0,-50.31448606787001,-200.0,-200.0,100.00624119798542,200.0,-35.159507193472905,30.99655869930433,0.048227206,-0.02653482,-0.7749484,1.6232613,-0.7809572,0.06267222,0.14039025,0.124085926,-0.70988977,1.7501647,-1.2510269,-0.014413211,-3.0008008,-0.18431413,-5.951199,4.6016345,8.206288,-6.2955275,-2.303506,-0.26780498,-1.6446658,-3.2068043,-9.35213,12.9575
43,0.09001775,-0.19604757,0.7135063,-0.01889156,-0.0039627077,-0.9998137,1.0,0.0,0.0,-0.041860532,-0.022039061,0.0089018345,0.034600854,-0.0057272315,0.10317146,0.047649853,0.11302072,0.11621201,0.08273196,-0.43951386,0.008107374,-0.68794084,0.046469487,0.09786023,-0.08337014,-0.56023526,0.6265113,-0.74962246,-0.09008031,0.30299932,-0.48321128,0.48735714,-0.3253012,0.42115706,-0.3802973,0.06771432,0.10610043,-0.68678284,0.121801786,0.38985845,0.1410032,0.12011308,0.19309741,0.35437036,-0.61543363,-200.0,-200.0,197.36374816439707,-200.0,200.0,-200.0,-154.81006909237567,200.0,200.0,-200.0,-200.0,200.0,-0.041860532,-0.022039061,-0.7910982,1.6346009,-0.80572724,0.10317146,0.047649853,0.11302072,-0.683788,1.682732,-1.2395139,0.008107374,-13.758817,0.9293897,1.9572046,-1.6674027,-11.204705,12.530225,-14.992449,-1.8016062,6.059986,-9.664226,9.747143,-6.506024
44,0.102121435,-0.079736486,0.22918984,-0.023419566,-0.00730793,-0.999699,1.0,0.0,0.0,-0.119288154,-0.021463512,0.016722083,0.038018227,-0.20137495,0.13871093,-0.039901406,0.10335049,0.14540118,0.018959165,-0.24031407,-0.1520101,-0.1366911,-0.036521908,0.013480832,0.066237025,-1.0533339,-0.02089082,-0.1807058,-0.020573817,0.04297842,-0.19405918,1.2581043,-0.98855466,1.0017195,0.24492297,-0.5529706,0.057387255,-0.1781284,-0.59209377,0.9203862,0.5785085,-0.49221927,0.8387986,0.44624704,0.48328036,200.0,99.3051713872192,-108.21801080917592,200.0,-34.4727757569151,45.78740925490649,200.0,-200.0,87.16764657895638,78.75993349104071,76.5892321573134,-19.895361428933054,-0.119288154,-0.021463512,-0.7832779,1.6380183,-1.001375,0.13871093,-0.039901406,0.10335049,-0.65459883,1.6189592,-1.0403141,-0.1520101,-2.7338219,-0.7304381,0.26961663,1.3247404,-21.066677,-0.4178164,-3.614116,-0.41147634,0.8595684,-3.8811836,25.162086,-19.771093
45,-0.5719424,0.5976668,-0.3982113,-0.011533654,0.0031898299,-0.9999284,1.0,0.0,0.0,-0.08791464,0.002273512,-0.011334658,0.05283034,-0.3036632,0.026845844,-0.004232182,0.1293443,0.107617736,0.016650677,-0.004654944,-0.24135268,0.39833093,0.24274497,-0.26547468,0.071683206,-0.06766234,-1.00018,0.47272116,0.24753526,-0.38182965,0.1381755,0.9878562,-0.0020856818,-0.24779217,-1.1610856,1.0232806,-0.19049966,0.22708185,-0.021397002,-0.20449904,-1.1980382,1.4001302,-0.32591566,-0.74659353,0.76355857,200.0,200.0,-200.0,200.0,-89.5564140362784,200.0,200.0,200.0,-200.0,-61.88820107525395,200.0,-200.0,-0.08791464,0.002273512,-0.81133467,1.6528304,-1.1036632,0.026845844,-0.004232182,0.1293443,-0.6923823,1.6166507,-0.80465496,-0.24135268,7.9666185,4.8548994,-5.3094935,1.4336641,-1.3532468,-20.0036,9.454423,4.950705,-7.636593,2.76351,19.757124,-0.041713636
46,0.029366717,-0.011080714,0.24168998,-0.0012780534,0.012957859,-0.99991524,1.0,0.0,0.0,-0.066472046,0.02203546,-0.025789022,0.03475988,-0.21273583,-0.06542746,0.02365542,0.1467646,0.078314185,0.0061336756,0.086100936,-0.13540371,-0.13180187,-0.013786565,0.08865142,-0.22008844,0.850364,-0.020944078,-0.13322508,-0.03674147,0.050950903,-0.20636506,0.017360272,0.9649987,-0.6574919,-0.10019496,0.08947438,-0.8404916,-0.10041131,0.785925,-0.4984677,-0.20413607,0.6259995,0.2871709,-0.8398424,-0.09815913,-200.0,-200.0,200.0,-200.0,-200.0,200.0,-200.0,-200.0,200.0,-200.0,120.4807079705414,200.0,-0.066472046,0.02203546,-0.82578903,1.6347599,-1.0127358,-0.06542746,0.02365542,0.1467646,-0.7216858,1.6061337,-0.7138991,-0.13540371,-2.6360373,-0.2757313,1.7730284,-4.4017687,17.00728,-0.41888154,-2.6645017,-0.73482937,1.019018,-4.127301,0.34720543,19.299974
47,0.48645008,-0.3553462,0.7247376,-0.010327214,0.0009240411,-0.99994624,1.0,0.0,0.0,-0.15068202,-0.0024905838,0.016952217,-0.030268788,-0.14034885,0.037435077,-0.07436191,0.11747499,0.10929757,-0.023527622,-0.019396722,-0.04972485,-0.661195,-0.19005789,0.27192464,-0.39996102,0.10388573,0.9494503,-0.769996,-0.22896396,0.21192315,-0.09855334,-0.97277796,-0.0031702376,0.7233031,0.70283127,-0.4898909,1.0174057,-1.2832519,0.080307625,0.5423095,1.0181676,-0.47938043,0.91026145,-0.54675466,-0.70564836,-162.337663218201,-200.0,200.0,200.0,-200.0,-182.4773229295738,-200.0,-23.892909718891474,-110.0498282953981,-200.0,-35.084765378257345,200.0,-0.15068202,-0.0024905838,-0.7830478,1.5697312,-0.94034886,0.037435077,-0.07436191,0.11747499,-0.69070244,1.5764724,-0.81939673,-0.04972485,-13.2239,-3.8011577,5.438493,-7.9992204,2.0777147,18.989006,-15.3999195,-4.579279,4.238463,-1.9710667,-19.455559,-0.063404754
48,-0.10242274,0.19383371,0.23960754,-0.015053929,-0.0045191864,-0.9998765,1.0,0.0,0.0,-0.20589374,-0.02786536,-0.002816558,0.010716438,-0.20446843,0.067548685,-0.16472098,0.101491235,0.10985941,-0.0054365396,-0.20014495,-0.15679261,-0.031382095,-0.02073795,-0.26072356,0.34015167,-0.7521636,0.02917328,-0.17860149,0.045542326,-0.18876784,0.24796338,-0.757049,-0.9717447,0.79675144,-0.5436746,0.18696904,-0.24859762,0.40231302,-0.93632245,1.0083076,0.023251474,-0.13088126,-0.8329844,0.4212259,0.4037217,200.0,200.0,-200.0,200.0,66.50835684082551,-200.0,200.0,200.0,-200.0,200.0,-200.0,-6.080448404672897,-0.20589374,-0.02786536,-0.80281657,1.6107165,-1.0044684,0.067548685,-0.16472098,0.101491235,-0.6901406,1.5945635,-1.000145,-0.15679261,-0.62764186,-0.41475898,-5.2144713,6.8030334,-15.043271,0.5834656,-3.5720296,0.9108465,-3.7753568,4.9592676,-15.140981,-19.434895
49,0.21940616,0.15967502,-0.18434691,-0.008518694,-0.008284414,-0.99992937,1.0,0.0,0.0,-0.15155394,-0.053965967,-0.035140038,0.043225646,-0.24949044,-0.029905632,-0.13571419,0.091327794,0.07001537,0.023113847,-0.24284881,-0.24091457,0.52212393,-0.21260941,-0.07651529,0.017511418,0.20680685,-0.9100798,0.40941128,-0.11667279,-0.2139738,0.06356546,0.23186064,0.02773187,-0.09505538,0.25256017,1.1927624,-0.9012308,0.21651857,-0.07727914,0.04848823,0.21829103,0.8607777,-0.625486,-0.16359334,1.1185734,200.0,-36.17207519760734,-199.99243605651708,-200.0,200.0,200.0,200.0,-200.0,200.0,-200.0,200.0,-200.0,-0.15155394,-0.053965967,-0.83514005,1.6432257,-1.0494905,-0.029905632,-0.13571419,0.091327794,-0.72998464,1.6231139,-1.0428488,-0.24091457,10.442478,-4.252188,-1.5303057,0.35022834,4.136137,-18.201595,8.188226,-2.3334558,-4.279476,1.2713093,4.6372128,0.5546374
50,-0.43924233,-0.40675378,0.109373674,-0.013601777,-0.0028644903,-0.9999034,1.0,0.0,0.0,-0.101762705,-0.06527184,-0.015580773,0.019118309,-0.12168598,-0.10168064,-0.066740446,0.09061315,0.06718612,0.0025719404,-0.21284479,-0.13097906,0.051861178,0.09999364,0.17337745,-0.12177324,0.75574726,0.06982022,0.30338994,0.09822258,0.15991019,-0.242083,0.1085042,0.97710335,-0.6874336,-0.3732868,-0.9881576,0.20900902,-0.5805278,0.7901681,-0.5537735,-0.07552321,0.11461961,0.055427283,-0.46861416,-0.27172908,-107.00743634971889,200.0,200.0,-200.0,-71.63249333822242,200.0,-94.77834630150882,200.0,200.0,-200.0,-200.0,2.941428941333811,-0.101762705,-0.06527184,-0.8155808,1.6191183,-0.921686,-0.10168064,-0.066740446,0.09061315,-0.7328139,1.602572,-1.0128448,-0.13097906,1.0372236,1.9998727,3.467549,-2.4354649,15.114944,1.3964044,6.0677986,1.9644517,3.1982036,-4.84166,2.170084,19.542067
51,0.3349369,-0.21796566,0.59248984,-0.025433758,-0.0019246085,-0.9996747,1.0,0.0,0.0,-0.15111896,-0.07587303,-0.013453782,0.0345037,-0.07663244,0.020121457,-0.07720528,0.08257649,0.08455306,-0.0015083551,-0.26591605,-0.06362183,-0.49095008,-0.18117216,-0.11964239,0.23116748,-0.20822039,1.049274,-0.3405645,-0.15792872,0.050312646,0.10072012,-0.42458916,-0.17181143,0.46575245,0.24008772,-0.2601144,0.2361969,-1.1637331,-0.18974096,-0.07196227,0.19901276,-0.37150666,-0.26059806,-0.26784694,-0.80271167,-200.0,-190.66359278052775,5.973338845730154,17.196793832673137,4.292488998205897,-200.0,-200.0,-200.0,-200.0,156.24181358019354,-200.0,200.0,-0.15111896,-0.07587303,-0.8134538,1.6345037,-0.87663245,0.020121457,-0.07720528,0.08257649,-0.71544695,1.5984917,-1.0659161,-0.06362183,-9.819001,-3.6234431,-2.3928478,4.6233497,-4.1644077,20.98548,-6.81129,-3.1585743,1.0062529,2.0144024,-8.491783,-3.4362285
52,-0.15202048,0.41292417,-0.07179576,-0.019363353,-0.0041605234,-0.99980384,1.0,0.0,0.0,-0.1940358,-0.0848614,-0.06693864,0.09499705,-0.22346717,0.12207028,-0.09645589,0.08339782,0.06719315,0.020030499,-0.27642375,-0.18938331,0.009920712,0.06396553,-0.34317923,0.3139955,-1.1654633,0.068252094,-0.0017264168,0.16293617,-0.19570993,0.19032402,0.048348676,-0.906839,0.8687587,-0.07240844,0.65122885,-0.9302895,0.22853844,-1.0744791,0.8984717,-0.044348657,0.33813152,-1.2035911,0.25470424,0.49784043,64.7987659289917,104.25810992989287,-200.0,-200.0,-29.094494531042514,-200.0,200.0,200.0,-65.65600167294434,-23.74924906718337,-200.0,-200.0,-0.1940358,-0.0848614,-0.86693865,1.6949971,-1.0234672,0.12207028,-0.09645589,0.08339782,-0.73280686,1.6200305,-1.0764238,-0.18938331,0.19841422,1.2793106,-6.8635845,6.27991,-23.309267,1.3650419,-0.034528334,3.2587233,-3.9141984,3.8064804,0.96697354,-18.13678
53,0.0016358208,-0.19880931,-0.83938354,-0.016350806,-0.002155368,-0.999864,1.0,0.0,0.0,-0.13077977,-0.08391698,-0.09692001,0.12288821,-0.35109276,0.03027901,-0.038079068,0.099786244,0.0635792,0.026574254,-0.17188525,-0.2548784,0.5640849,-0.033169348,0.008595695,-0.00052887073,-0.20685954,-0.8925306,0.5315558,0.023816047,0.12243845,-0.089635365,0.8492123,0.14814201,-0.30540985,-0.5634073,1.0175943,-0.29901987,0.51533353,-0.025832176,-0.4627137,-0.5120848,0.61288595,-0.405679,-0.47226173,0.6978544,200.0,-200.0,200.0,-200.0,68.3061781498152,200.0,200.0,48.52948351938646,200.0,-200.0,200.0,-200.0,-0.13077977,-0.08391698,-0.89692,1.7228882,-1.1510928,0.03027901,-0.038079068,0.099786244,-0.7364208,1.6265743,-0.97188526,-0.2548784,11.281697,-0.66338694,0.17191389,-0.010577414,-4.137191,-17.850613,10.631115,0.47632092,2.448769,-1.7927073,16.984245,2.96284
54,0.6477457,-0.85881436,-0.1829956,-0.0388394,-0.01681405,-0.99910396,1.0,0.0,0.0,-0.07033508,-0.118952945,-0.056915402,0.09166443,-0.2872929,-0.04258114,0.0022653113,0.074706554,0.124800324,-0.010802865,-0.11022937,-0.10906018,0.087551706,-0.28669998,0.35771307,-0.2863877,0.74887073,-0.0028192643,-0.048936408,-0.26117012,0.46434847,-0.27243334,-0.111097895,1.189768,-0.7874011,1.3877796,-1.2280333,-0.4028578,-0.4199745,0.8875133,-0.82696736,1.029375,-0.9106666,0.06710178,-1.1978632,-0.26224956,-200.0,-200.0,200.0,-200.0,-200.0,200.0,-200.0,-200.0,200.0,-200.0,200.0,71.76179349447303,-0.07033508,-0.118952945,-0.8569154,1.6916645,-1.0872929,-0.04258114,0.0022653113,0.074706554,-0.6751997,1.5891972,-0.9102294,-0.10906018,1.7510341,-5.7339993,7.154261,-5.727754,14.977414,-0.056385286,-0.9787281,-5.2234025,9.286969,-5.4486666,-2.221958,23.795359
55,0.03782107,-0.3009274,0.63207316,-0.062279474,-0.028926771,-0.9976395,1.0,0.0,0.0,-0.10949068,-0.15367797,-0.0072273016,0.043482065,-0.22910672,0.06953158,-0.0492083,0.0402131,0.15976244,0.004839897,-0.22637159,-0.024739342,-0.4146212,-0.09138315,0.13420315,-0.16933006,-0.06442033,1.0345151,-0.49046016,-0.07096459,0.027941186,0.16393648,-1.0057638,-0.05590714,0.5828462,0.12800154,-0.52682453,0.8365555,-0.6899618,-0.23860356,0.24367808,0.14036036,-0.5206813,0.014753938,0.29034787,-0.84643245,-200.0,200.0,-200.0,-24.267128919291736,-200.0,-200.0,-200.0,200.0,-200.0,-200.0,-200.0,200.0,-0.10949068,-0.15367797,-0.8072273,1.6434821,-1.0291067,0.06953158,-0.0492083,0.0402131,-0.64023757,1.6048399,-1.0263716,-0.024739342,-8.292424,-1.8276631,2.684063,-3.3866012,-1.2884065,20.690302,-9.809203,-1.4192917,0.5588237,3.2787297,-20.115274,-1.1181428
56,-0.37333834,0.35563982,-0.0512485,-0.060208835,-0.019416934,-0.9979969,1.0,0.0,0.0,-0.13922496,-0.14889467,-0.016729534,0.054300666,-0.33091456,0.15638292,-0.081633195,0.054053552,0.13873613,0.035615683,-0.3193143,-0.14115535,0.06756489,0.10389703,-0.19955757,0.22799711,-0.74686116,-0.04880544,0.102068976,0.15628675,-0.21218443,0.13874857,-0.022164075,-0.99747914,0.6839753,-0.6433784,0.06512122,-0.45673168,-0.10856581,-1.1901245,0.79029083,-0.09946585,0.2513254,-1.2118123,0.2884674,0.7754714,200.0,37.49128679133315,-200.0,-184.5300352869259,200.0,-200.0,200.0,200.0,-200.0,200.0,0.6984777715110795,-200.0,-0.13922496,-0.14889467,-0.81672955,1.6543007,-1.1309146,0.15638292,-0.081633195,0.054053552,-0.6612639,1.6356157,-1.1193143,-0.14115535,1.3512977,2.0779405,-3.9911513,4.5599422,-14.9372225,-0.9761088,2.0413795,3.1257348,-4.2436886,2.7749715,-0.4432815,-19.949583
57,0.15368642,-0.20607355,-0.7843041,-0.05949818,-0.016808659,-0.99808687,1.0,0.0,0.0,-0.05894817,-0.15621005,-0.01641798,0.06771028,-0.37499326,0.04338332,-0.0029362554,0.058926947,0.13735986,0.023193836,-0.21818668,-0.23036176,0.66814834,-0.14916168,0.13846543,-0.05261701,0.21296774,-0.98794633,0.63432086,-0.08189935,0.14124957,-0.22051017,0.9389798,0.005098486,-0.42545763,0.13085109,1.0710227,0.07351006,0.45488667,0.33416077,-0.4972292,-0.059823215,1.1501294,-0.16567415,-0.6264711,0.6371737,200.0,-200.0,117.04197873282718,-200.0,200.0,200.0,200.0,-200.0,51.32048746328732,-200.0,200.0,-200.0,-0.05894817,-0.15621005,-0.816418,1.6677103,-1.1749933,0.04338332,-0.0029362554,0.058926947,-0.66264015,1.6231939,-1.0181867,-0.23036176,13.362967,-2.9832337,2.7693086,-1.0523401,4.2593546,-19.758926,12.686417,-1.637987,2.8249912,-4.4102035,18.779596,0.10196971
58,0.19566473,-0.9062746,-0.18254997,-0.08316322,-0.025753446,-0.9962031,1.0,0.0,0.0,0.020964138,-0.17767493,0.038512588,0.05451083,-0.2271573,-0.050384764,0.046834834,0.04036507,0.19312161,-0.016575933,-0.13685769,-0.0898228,0.17896916,-0.06605267,0.37472442,-0.06883659,1.1683835,-0.043579306,-0.004170686,-0.12627196,0.4247031,-0.26002508,-0.020376978,1.1574147,-0.7369801,0.5284289,-1.5624509,-0.07793529,-0.7669272,0.59590596,-0.8182318,0.3936794,-0.8882222,-0.41116732,-0.8107495,-0.40269348,-200.0,-95.30403258675722,200.0,-86.96995293096069,-200.0,200.0,-200.0,200.0,200.0,103.6476641673274,200.0,200.0,0.020964138,-0.17767493,-0.7614874,1.6545109,-1.0271573,-0.050384764,0.046834834,0.04036507,-0.6068784,1.5834241,-0.9368577,-0.0898228,3.5793831,-1.3210534,7.4944882,-1.3767319,23.367668,-0.8715861,-0.08341372,-2.5254393,8.494061,-5.2005014,-0.40753958,23.148293
59,-0.33323672,-0.3568739,0.44179955,-0.10830465,-0.021483077,-0.9938856,1.0,0.0,0.0,-0.009914912,-0.16770758,0.092365205,0.027663827,-0.09808624,0.044107787,0.0022847967,0.029424595,0.24042612,-0.020780563,-0.21467215,-0.0041345395,-0.42410693,0.13801669,0.16089605,-0.15787016,0.21723925,0.8945593,-0.44552618,0.01767554,0.1276407,0.0330557,-0.7556776,-0.09934555,0.3155778,-0.6087657,-0.80325085,0.3127219,-0.8930886,-0.13086936,0.18032615,-0.3243324,-0.63802767,-0.11584258,0.08733089,-0.9873282,-200.0,200.0,-200.0,-200.0,-200.0,-200.0,-200.0,200.0,-200.0,-61.87714206531902,-200.0,200.0,-0.009914912,-0.16770758,-0.7076348,1.6276639,-0.89808625,0.044107787,0.0022847967,0.029424595,-0.5595739,1.5792195,-1.0146722,-0.0041345395,-8.482139,2.7603335,3.2179208,-3.1574032,4.3447847,17.891186,-8.910523,0.3535108,2.5528138,0.661114,-15.113551,-1.9869109
60,0.35705578,0.21875831,-0.468717,-0.10938307,-0.023408212,-0.993724,1.0,0.0,0.0,-0.04247595,-0.167313,0.08720195,0.032546878,-0.16024256,0.118865535,-0.035819117,0.013575465,0.24412519,-0.016266465,-0.2502269,-0.11312969,0.055890866,-0.10592387,-0.17826547,0.1745306,-0.7432509,-0.052863624,-0.009396136,-0.13729541,-0.082454376,0.0811236,0.32956538,-0.83074343,0.5847769,0.16698617,0.2053105,-0.09592544,-0.2794438,-0.9755072,0.7348269,1.032901,-0.35425472,-0.70645195,-0.018822476,0.6011127,200.0,-200.0,-200.0,-200.0,200.0,-200.0,200.0,-200.0,-200.0,200.0,-200.0,-200.0,-0.04247595,-0.167313,-0.71279806,1.6325469,-0.96024257,0.118865535,-0.035819117,0.013575465,-0.5558748,1.5837336,-1.0502269,-0.11312969,1.1178173,-2.1184773,-3.5653093,3.4906118,-14.865018,-1.0572724,-0.18792272,-2.7459083,-1.6490875,1.6224719,6.5913076,-16.614868
61,-0.30568805,0.26065388,-0.8232509,-0.09881433,-0.025882615,-0.9947692,1.0,0.0,0.0,0.034423783,-0.15729639,0.079431176,0.029724836,-0.22195274,0.0016151854,0.029602142,0.01961205,0.2267499,-0.013444185,-0.17173189,-0.17137599,0.6538717,0.17492494,0.07152035,-0.15862149,-0.13189274,-1.0235971,0.60276574,0.16367982,-0.09043577,-0.03893472,0.33906785,0.14875565,-0.63077873,-0.4531411,1.1367502,-0.31604734,0.39617226,0.27639443,-0.31500244,-0.18307397,0.8951309,-0.36134595,-0.33342296,0.5855451,200.0,200.0,-200.0,-200.0,-34.210963989035974,200.0,200.0,200.0,200.0,-125.6811214118718,21.307329584040247,-200.0,0.034423783,-0.15729639,-0.72056884,1.6297249,-1.0219527,0.0016151854,0.029602142,0.01961205,-0.5732501,1.5865558,-0.9717319,-0.17137599,13.077434,3.4984987,1.4304069,-3.1724298,-2.6378548,-20.471943,12.055315,3.2735965,-1.8087155,-0.77869433,6.781357,2.9751132
62,0.34127748,-0.47334516,-0.17997855,-0.10558039,-0.029311242,-0.9939787,1.0,0.0,0.0,0.09225697,-0.13934165,0.10325837,0.01884234,-0.14562088,-0.03671789,0.086439535,0.018577723,0.25756305,-0.04769826,-0.18613571,-0.033089153,0.0660302,-0.037228838,0.25871965,-0.16407761,0.70886725,0.26107788,0.040650886,-0.15394787,0.32840022,-0.25780934,-0.2255487,1.0052238,-0.84422684,0.20683566,-0.80557096,0.35242322,-0.10043357,0.757298,-0.7915977,0.52242124,-0.64887226,0.4358781,-0.40634698,-0.31184,-200.0,-200.0,200.0,-200.0,-109.29828912748826,200.0,-200.0,-200.0,200.0,-200.0,200.0,200.0,0.09225697,-0.13934165,-0.69674164,1.6188424,-0.9456209,-0.03671789,0.086439535,0.018577723,-0.54243696,1.5523018,-0.9861357,-0.033089153,1.320604,-0.74457675,5.1743927,-3.281552,14.177344,5.2215576,0.8130177,-3.0789573,6.5680046,-5.1561866,-4.510974,20.104475
63,-0.27758032,0.0613234,0.54369694,-0.11409279,-0.028824914,-0.9930518,1.0,0.0,0.0,0.042569596,-0.12484058,0.115894675,0.019076347,-0.09834778,0.11890083,0.043477044,0.005549093,0.2647966,-0.015619993,-0.25584918,0.020500204,-0.5049699,0.167747,-0.10852722,0.13540028,0.00843705,1.2004167,-0.44516286,0.025939068,-0.16001989,0.34082302,-0.3263248,-0.18580905,0.46893272,-0.52323085,-0.44443318,0.029874109,-0.93111384,-0.43358812,0.006799236,0.026853502,-0.2433358,-0.22694698,0.50149006,-0.80330867,-200.0,200.0,-200.0,200.0,25.888218870160358,-200.0,-200.0,200.0,-200.0,200.0,-21.692301901947264,200.0,0.042569596,-0.12484058,-0.68410534,1.6190764,-0.8983478,0.11890083,0.043477044,0.005549093,-0.5352034,1.58438,-1.0558492,0.020500204,-10.099398,3.35494,-2.1705444,2.7080054,0.16874099,24.008333,-8.903257,0.51878136,-3.2003977,6.81646,-6.5264955,-3.7161808
64,0.017082963,0.7388151,-0.12662278,-0.09690048,-0.023586463,-0.99501455,1.0,0.0,0.0,-0.0056662373,-0.10420737,0.072779536,0.042157173,-0.20097965,0.25545573,0.008270437,0.009260069,0.21341866,0.03490615,-0.21259588,-0.122549616,-0.02719073,0.050694842,-0.305328,0.097039394,-0.9412466,0.25972614,-0.03431424,0.0040753256,-0.3391559,0.17897967,0.6604573,-1.1519088,0.7073933,-0.5013647,1.000436,-0.76525813,-0.056701366,-1.2060325,0.73787475,0.48125517,1.0451127,-1.1712453,-0.07633351,0.6465006,44.72428479897569,26.633176125181578,-200.0,-200.0,200.0,-200.0,200.0,-200.0,-200.0,-122.34281746635922,-200.0,-200.0,-0.0056662373,-0.10420737,-0.7272205,1.6421572,-1.0009797,0.25545573,0.008270437,0.009260069,-0.58658135,1.6349062,-1.0125959,-0.122549616,-0.5438146,1.0138968,-6.10656,1.9407878,-18.824932,5.194523,-0.68628484,0.08150651,-6.7831182,3.5795932,13.209146,-23.038174
65,-0.00022972429,0.08216542,-0.7908387,-0.08103571,-0.025460547,-0.99638593,1.0,0.0,0.0,0.05253576,-0.09862007,0.053729653,0.029178977,-0.2818752,0.20409213,0.0695519,0.021496719,0.19235623,0.03267932,-0.1544097,-0.24589181,0.5355045,0.0164927,0.06395137,-0.13760608,0.06418433,-0.6901963,0.5841461,0.10551001,0.085374676,-0.16459532,0.17153208,-0.17952105,-0.52650976,-0.18567163,0.72304124,0.09662873,0.5575255,0.24063092,-0.23927134,0.05830215,0.8419751,0.3996632,-0.70584697,0.8429257,200.0,200.0,200.0,-200.0,-17.480838102824634,200.0,200.0,-200.0,200.0,-200.0,200.0,-200.0,0.05253576,-0.09862007,-0.74627036,1.629179,-1.0818752,0.20409213,0.0695519,0.021496719,-0.6076438,1.6326793,-0.9544097,-0.24589181,10.710091,0.32985398,1.2790275,-2.7521217,1.2836865,-13.8039255,11.682921,2.1102002,1.7074934,-3.2919064,3.4306417,-3.590421
66,0.24009451,-0.5821108,-0.059878,-0.09191692,-0.03298326,-0.99522024,1.0,0.0,0.0,0.10405077,-0.1088815,0.08501989,0.018420339,-0.1642198,0.16812989,0.12573922,0.029250523,0.23073602,0.014658093,-0.22889203,-0.17587854,0.028911883,-0.08306276,0.23506463,0.0046615913,1.0164593,0.12887996,0.035134193,0.0030772332,0.28008607,-0.02950566,-0.8173273,0.78221995,-0.8267765,0.58033466,-0.95218426,-0.34092107,-0.24906619,0.41055453,-0.91619015,0.13803563,-0.97370476,-0.15157233,-0.30649465,-0.023697328,-200.0,49.48673683043992,200.0,200.0,-200.0,200.0,-200.0,-77.33662894959566,200.0,161.47336201892372,200.0,39.47795880243454,0.10405077,-0.1088815,-0.7149801,1.6184204,-0.9642198,0.16812989,0.12573922,0.029250523,-0.569264,1.6146581,-1.028892,-0.17587854,0.57823765,-1.6612552,4.7012925,0.09323182,20.329187,2.5775993,0.70268387,0.061544664,5.6017213,-0.5901132,-16.346546,15.644399
67,-0.28721312,0.0017092418,0.7199115,-0.1021819,-0.030395238,-0.99430126,1.0,0.0,0.0,0.04754172,-0.104652934,0.112223685,0.0023247004,-0.06440228,0.23828141,0.076435246,0.046519082,0.26134002,-0.003499508,-0.2919851,-0.10665443,-0.4701481,0.04969397,0.017298257,-0.0183776,0.105413914,0.17084956,-0.48677784,0.1324736,0.060647458,-0.13782822,-0.043142825,0.17972772,0.481512,-0.15279037,-0.28529873,-0.1502659,-0.564451,-0.17339838,0.23305178,-0.28679374,-0.22738664,-0.63264716,0.50170904,-0.7379425,-200.0,64.35343553570549,-200.0,-173.6048289695424,27.720454545006042,-16.66425936860938,-200.0,200.0,-200.0,-200.0,-200.0,-23.491340915237345,0.04754172,-0.104652934,-0.6877763,1.6023247,-0.8644023,0.23828141,0.076435246,0.046519082,-0.53866,1.5965005,-1.0919851,-0.10665443,-9.402962,0.9938793,0.34596512,-0.36755198,2.1082783,3.4169912,-9.735557,2.649472,1.2129492,-2.7565644,-0.8628565,3.5945544
68,0.11654107,0.67546594,-0.049898326,-0.08762469,-0.025734698,-0.99582106,1.0,0.0,0.0,0.0057824277,-0.11004849,0.094049215,-0.002013445,-0.13795632,0.16654159,0.03439179,0.058362775,0.25544047,-0.050728798,-0.19197673,-0.17476991,-1.0975393e-05,-0.07073703,-0.17960559,-0.023659592,-0.75123394,-0.6945839,0.019616263,0.008372164,-0.10489108,-0.31856114,0.94461375,-0.76649684,0.6002964,0.24512148,0.40296975,0.5247709,-0.43080634,-0.20162818,0.85011566,0.03231086,0.51091343,0.7407796,-0.15705116,-0.09032562,200.0,-200.0,-200.0,-200.0,200.0,-200.0,200.0,-25.847292574952718,-200.0,-200.0,-200.0,-30.860050248352763,0.0057824277,-0.11004849,-0.7059508,1.5979866,-0.93795633,0.16654159,0.03439179,0.058362775,-0.54455954,1.5492712,-0.99197674,-0.17476991,-0.00021950786,-1.4147406,-3.5921116,-0.47319183,-15.024678,-13.891678,0.39232525,0.16744329,-2.0978215,-6.3712225,18.892275,-15.329936
69,-0.03713418,-0.079281196,-0.7706339,-0.07746306,-0.027809648,-0.9966073,1.0,0.0,0.0,0.07480964,-0.1116272,0.08500463,0.007833123,-0.2423138,0.03988744,0.09259887,0.069789395,0.23866987,-0.05184543,-0.11185914,-0.1934536,0.62434065,0.03454269,0.054522824,0.114705145,-0.41626716,-0.52897394,0.5162341,0.079205945,-0.017197685,0.11820825,-0.0075800465,0.21474753,-0.5212877,-0.39898726,0.9229541,-0.35561588,0.110875204,0.58500904,-0.2994149,-0.27076745,1.7019984,0.40124828,0.20039178,0.62422276,200.0,-146.41741744650753,200.0,200.0,-165.07846221819779,6.791162955801525,200.0,200.0,200.0,200.0,41.16070484164425,47.80368595543786,0.07480964,-0.1116272,-0.7149954,1.6078331,-1.0423138,0.03988744,0.09259887,0.069789395,-0.56133014,1.5481546,-0.91185915,-0.1934536,12.486813,0.69085383,1.0904565,2.294103,-8.325343,-10.579478,10.324682,1.5841188,-0.3439537,2.364165,-0.15160093,4.2949505
70,0.55049974,-0.6363498,-0.086288475,-0.09226697,-0.04052797,-0.99490917,1.0,0.0,0.0,0.14210089,-0.12985407,0.13130087,0.00036132336,-0.22040743,0.04255453,0.12603459,0.05321622,0.2564882,-0.019714713,-0.032410443,-0.043201752,0.093928985,-0.19185685,0.35627964,-0.12986444,0.53392386,0.4864548,-0.1153412,-0.21909535,0.18354812,0.19140232,0.49875298,1.1893424,-0.8662086,1.0205781,-1.2460167,-1.3308913,0.22856443,0.4317251,-0.78905165,1.0168331,-1.1314985,-1.0200527,-0.44887412,-0.35215685,-200.0,-200.0,200.0,200.0,-29.098268042430107,200.0,-200.0,-200.0,200.0,-200.0,200.0,200.0,0.14210089,-0.12985407,-0.66869915,1.6003613,-1.0204074,0.04255453,0.12603459,0.05321622,-0.5435118,1.5802853,-0.83241045,-0.043201752,1.8785797,-3.8371367,7.1255927,-2.5972886,10.678477,9.729096,-2.306824,-4.381907,3.6709623,3.8280463,9.9750595,23.786848
71,-0.09436467,-0.13802223,0.772874,-0.10682109,-0.046750806,-0.99317855,1.0,0.0,0.0,0.10665064,-0.1487902,0.16800874,-0.024263144,-0.066982925,0.1612263,0.049196154,0.029558301,0.27260453,0.007556677,-0.03657055,0.08360809,-0.3503629,-0.0399309,-0.0083441995,-0.0066070887,0.70532465,0.4666875,-0.6110696,-0.03397791,0.0017185261,0.09424298,-0.44574198,0.1806742,0.23843177,-0.2823898,-0.20126638,0.70669115,0.016002718,-0.3276775,0.34050465,0.017615974,-0.005146401,-0.39437312,-0.17873333,-0.9149453,-200.0,200.0,-200.0,-200.0,-200.0,-200.0,-200.0,200.0,-200.0,-200.0,-162.09699989839294,112.49742810427057,0.10665064,-0.1487902,-0.63199127,1.5757369,-0.86698294,0.1612263,0.049196154,0.029558301,-0.5273955,1.6075567,-0.83657056,0.08360809,-7.007258,-0.79861796,-0.16688399,-0.13214177,14.106493,9.33375,-12.221392,-0.6795582,0.034370523,1.8848596,-8.91484,3.613484
72,0.17585033,0.5160959,-0.028789673,-0.09853041,-0.048130244,-0.99396944,1.0,0.0,0.0,0.08847473,-0.17046253,0.12736994,0.011046886,-0.014824629,0.14976832,-0.011623016,0.02306936,0.25264895,0.013261437,-0.08759338,0.014670625,0.12234837,-0.15101516,-0.3621224,0.32039058,0.07453598,-0.48735538,-0.053882297,-0.01960905,-0.18131395,-0.024560636,-0.19533563,-0.77489424,0.61078215,0.40517187,-0.29272655,-0.42269734,-1.4946091,-0.44772825,1.2270999,0.49528778,-0.22436775,-0.87749434,-0.09805107,-0.08498921,200.0,12.093373422267431,-200.0,-200.0,14.032971444795976,-200.0,200.0,-86.49997180487875,-200.0,200.0,-18.20255620150091,-200.0,0.08847473,-0.17046253,-0.6726301,1.6110469,-0.81482464,0.14976832,-0.011623016,0.02306936,-0.54735106,1.6132615,-0.8875934,0.014670625,2.4469674,-3.0203032,-7.2424474,6.4078116,1.4907196,-9.7471075,-1.0776459,-0.392181,-3.6262789,-0.4912127,-3.9067125,-15.497885
73,-0.4978747,1.138409,-0.6905263,-0.06338346,-0.042006303,-0.9971048,1.0,0.0,0.0,0.16605721,-0.1752903,0.04009074,0.056099296,-0.10359591,-0.02541115,0.04961417,0.052063376,0.19575155,-0.004663825,-0.093310595,-0.046431977,0.60756755,0.063449465,-0.49618015,0.14213437,-0.86691946,-0.91808426,0.6012824,0.26957402,-0.3721678,-0.14365506,-0.0058972808,-0.09138476,-0.72743225,-0.3358203,1.7171783,-0.5661943,0.0057942756,0.46395746,-0.4723213,-0.9831561,2.1688178,0.070947886,0.54284775,0.37510666,200.0,200.0,-200.0,-200.0,-3.2117366684691895,21.025502599884263,200.0,200.0,-200.0,-200.0,-200.0,70.46163802469027,0.16605721,-0.1752903,-0.7599093,1.6560993,-0.9035959,-0.02541115,0.04961417,0.052063376,-0.60424846,1.5953362,-0.8933106,-0.046431977,12.151351,1.2689893,-9.923603,2.8426874,-17.338388,-18.361685,12.025648,5.39148,-7.4433556,-2.8731012,-0.11794561,-1.8276951
74,0.1454113,0.6108439,-0.033171635,-0.029270943,-0.035768773,-0.99893135,1.0,0.0,0.0,0.23530175,-0.19391587,-0.02330947,0.051051974,-0.17095804,-0.10178186,0.10189919,0.06684333,0.13613272,-0.014767528,-0.01537621,0.024687376,0.13186315,-0.21240103,-0.16345102,-0.1661323,0.09578621,0.056046486,-0.049156744,-0.10561638,-0.28351137,0.21194024,0.26241347,0.43738985,-0.70200616,0.44716406,1.0482738,-0.18761101,0.42316324,0.8603873,-0.45993915,-0.3161642,1.2662627,0.19533086,0.32220757,-0.15425998,-200.0,-200.0,200.0,-25.201446898410296,200.0,200.0,-200.0,-98.13163463480512,200.0,-200.0,200.0,200.0,0.23530175,-0.19391587,-0.8233095,1.651052,-0.97095805,-0.10178186,0.10189919,0.06684333,-0.6638673,1.5852325,-0.8153762,0.024687376,2.6372628,-4.2480206,-3.2690203,-3.322646,1.9157242,1.1209297,-0.98313487,-2.1123276,-5.6702275,4.238805,5.2482696,8.747797
75,0.23456928,-0.07866294,0.7074983,-0.020428712,-0.043233264,-0.9988561,1.0,0.0,0.0,0.20769078,-0.2254986,-0.024602175,0.0049886703,-0.05093074,0.023189746,0.025091223,0.039770797,0.10042304,0.035186768,0.08614975,0.010491321,-0.3545024,-0.11178253,0.113691546,-0.2609425,0.9706335,1.10018,-0.65522045,-0.17084791,-0.068973556,0.24214469,0.5142161,-0.3565726,0.0065980656,0.60233605,-0.114935264,0.48786888,-0.5712223,-0.10328919,0.41206828,0.66722697,0.48763087,-1.135381,-0.47908032,-0.24620345,-200.0,-200.0,200.0,93.88900733915582,-83.33214077519233,-55.30022840165037,-200.0,200.0,200.0,-200.0,200.0,200.0,0.20769078,-0.2254986,-0.8246022,1.6049887,-0.85093075,0.023189746,0.025091223,0.039770797,-0.699577,1.6351868,-0.71385026,0.010491321,-7.0900483,-2.2356505,2.273831,-5.2188497,19.41267,22.003601,-13.104409,-3.416958,-1.3794711,4.8428936,10.284323,-7.131452
76,-0.28931504,-0.22854412,0.0755495,-0.027386382,-0.040773463,-0.998793,1.0,0.0,0.0,0.13861673,-0.2190006,-0.02322048,-0.016110659,0.03729415,0.13299319,-0.043364383,0.031177422,0.11140919,0.055974364,0.08217573,-0.070297144,-0.32459888,0.14974277,-0.0668906,0.021363301,0.006321019,0.098037526,-0.08674636,0.061885633,0.16554968,-0.0077616507,-0.45685259,-0.38355106,0.56100285,-0.7326336,-0.758696,0.6107104,-1.1359824,-0.9620551,1.1147206,-0.1123364,-0.1414817,-0.8680368,-0.5309995,0.39797428,200.0,200.0,200.0,-200.0,-200.0,32.213629570365754,59.91096895837279,200.0,-130.31405824822184,200.0,-200.0,-200.0,0.13861673,-0.2190006,-0.8232205,1.5838894,-0.76270586,0.13299319,-0.043364383,0.031177422,-0.6885908,1.6559744,-0.7178243,-0.070297144,-6.491977,2.9948552,-1.337812,0.42726603,0.12642038,1.9607505,-1.734927,1.2377126,3.3109934,-0.15523301,-9.137052,-7.671021
77,0.29908928,0.4045676,-0.636748,-0.022125999,-0.04288255,-0.9988351,1.0,0.0,0.0,0.12653552,-0.22028492,-0.06841415,0.02313304,-0.06763774,0.048343986,0.0010113794,0.017870441,0.12635404,0.04002607,-0.07730138,-0.03584834,0.15646419,-0.13150412,-0.35775587,0.3329323,-0.9584916,-0.84927094,0.47511998,-0.16286843,0.0026153277,-0.14030801,-0.95862925,0.62544143,-0.093969665,0.4034768,1.2927685,-0.20937926,-0.0587818,0.11023904,-0.5521569,0.571496,-0.08823715,-0.38833243,-0.26715052,0.2620943,200.0,-121.9300471700509,-200.0,-200.0,29.343048597994198,200.0,200.0,-200.0,-200.0,200.0,-200.0,-200.0,0.12653552,-0.22028492,-0.86841416,1.6231331,-0.86763775,0.048343986,0.0010113794,0.017870441,-0.673646,1.6400261,-0.8773014,-0.03584834,3.1292837,-2.6300824,-7.1551175,6.6586456,-19.169832,-16.985418,9.502399,-3.2573683,0.052306555,-2.80616,-19.172585,12.508828
78,-0.24408525,0.45358372,0.2900785,-0.0046691797,-0.0430246,-0.9990631,1.0,0.0,0.0,0.10252753,-0.21817389,-0.1249606,0.049694657,-0.15359408,-0.017433481,0.035196424,0.00751839,0.12095171,-0.0032644272,-0.17077303,0.06643587,-0.32155067,0.1311306,-0.21812283,-0.024946673,0.0021144212,0.09727006,-0.07896518,0.04109632,-0.051857974,-0.27796277,-0.21562107,0.42078915,-0.4400242,0.13653037,0.89425516,-0.37585354,0.4278822,0.8324123,-0.5794194,-0.35412532,0.5305274,-0.8553303,1.0073574,-0.70449233,-200.0,200.0,-200.0,-200.0,31.83399993622382,-30.969771401102776,-112.71451012563983,200.0,200.0,-200.0,200.0,200.0,0.10252753,-0.21817389,-0.9249606,1.6496947,-0.9535941,-0.017433481,0.035196424,0.00751839,-0.6790483,1.5967356,-0.97077304,0.06643587,-6.431013,2.622612,-4.3624563,-0.49893346,0.042288423,1.9454011,-1.5793035,0.82192636,-1.0371594,-5.5592556,-4.3124213,8.415783
79,-0.0560533,-0.21898572,0.70463306,-0.0016776922,-0.03826548,-0.9992662,1.0,0.0,0.0,-0.013573045,-0.1819831,-0.12966812,0.009678602,-0.058847785,0.10418507,-0.04849189,0.008625782,0.13064861,-0.04025781,-0.107860625,0.015760794,-0.7497313,0.21488445,0.1418201,-0.34531295,0.7734637,1.016641,-0.67961526,-0.02615793,0.15710838,-0.2060359,0.73980826,-0.7600185,0.5373755,-0.46320525,0.21502343,1.2334567,-0.8560599,-0.05418434,0.68737376,0.13322073,-0.046213955,0.9585083,-0.37326396,-0.6042207,-200.0,-200.0,200.0,-200.0,200.0,-200.0,-185.27371016430732,200.0,200.0,-200.0,200.0,200.0,-0.013573045,-0.1819831,-0.9296681,1.6096786,-0.8588478,0.10418507,-0.04849189,0.008625782,-0.6693514,1.5597422,-0.90786064,0.015760794,-14.994626,4.297689,2.836402,-6.906259,15.4692745,20.33282,-13.592305,-0.5231586,3.1421676,-4.120718,14.7961645,-15.200371
80,-0.20110151,-0.3004904,0.62386507,-0.01482606,-0.030866846,-0.99941355,1.0,0.0,0.0,-0.060564604,-0.17863247,-0.10471451,0.004745245,-0.0014901161,0.16805707,-0.123278454,0.026590647,0.13921195,-0.023264647,-0.10239583,-0.20346615,0.09160833,-0.072758324,0.15297365,0.0935031,-0.15208723,-0.1495512,-0.116068535,0.14826643,-0.05042251,0.30066213,-0.43091226,-1.104178,1.1147903,-0.07971448,-0.69637114,-0.14123335,-0.96431684,-0.6264201,0.7272073,0.1784815,-0.80611473,-0.7202228,-0.53968793,0.9660271,200.0,72.05868179750999,-200.0,200.0,-200.0,200.0,200.0,-200.0,200.0,200.0,-200.0,-200.0,-0.060564604,-0.17863247,-0.9047145,1.6047453,-0.8014901,0.16805707,-0.123278454,0.026590647,-0.66078806,1.5767354,-0.90239584,-0.20346615,1.8321666,-1.4551665,3.059473,1.870062,-3.0417445,-2.991024,-2.3213706,2.9653287,-1.0084502,6.0132427,-8.618245,-22.083559
81,-0.5416955,0.35247904,-0.11155671,-0.011287217,-0.014119211,-0.9998366,1.0,0.0,0.0,0.0033930088,-0.17308468,-0.09125817,0.009030223,-0.13304573,0.034925897,-0.07811463,0.074051864,0.10903156,0.022155762,-0.24001414,-0.31634197,0.4792029,0.12631728,-0.051481914,0.15253198,-0.9620722,-0.893428,0.50361,0.27829725,-0.22864716,0.16073544,-0.64949626,-0.12076056,-0.47988707,-0.60724413,0.13676393,-0.6420961,0.25979847,0.15172145,0.10450773,-1.0839411,1.8876939,-0.5429544,0.07895188,0.78199023,200.0,-51.439004822164264,-200.0,-200.0,51.02256595421386,200.0,200.0,127.08873825117045,-200.0,-200.0,-200.0,-200.0,0.0033930088,-0.17308468,-0.8912582,1.6090302,-0.93304574,0.034925897,-0.07811463,0.074051864,-0.69096845,1.6221558,-1.0400141,-0.31634197,9.584058,2.5263455,-1.0296383,3.0506396,-19.241444,-17.86856,10.0722,5.5659447,-4.572943,3.2147088,-12.989924,-2.4152112
82,0.1168871,-0.2448922,0.31589192,-0.010566372,-0.006644045,-0.9999221,1.0,0.0,0.0,0.053464673,-0.16986841,-0.07072699,0.011442065,-0.21740812,-0.0294331,0.0130928485,0.09576801,0.09919906,0.014049411,-0.26423293,-0.23261589,0.045865454,-0.0723311,0.2249804,-0.08660366,0.015750406,0.16004553,0.2661626,-0.028498355,0.11215315,-0.20361643,0.31036997,0.856073,-0.61682427,0.44855878,-0.17283767,-0.6533933,0.49628508,0.5845972,-0.46433333,-0.15068048,0.41955084,-0.26660833,0.20439698,-0.15536584,-108.4881125974062,-200.0,200.0,-200.0,200.0,200.0,-200.0,-200.0,200.0,-200.0,200.0,200.0,0.053464673,-0.16986841,-0.870727,1.6114421,-1.0174081,-0.0294331,0.0130928485,0.09576801,-0.70080096,1.6140494,-1.064233,-0.23261589,0.91730905,-1.446622,4.499608,-1.7320731,0.3150081,3.2009106,5.323252,-0.5699671,2.243063,-4.0723286,6.2073994,17.12146
83,0.2309132,-0.18575498,0.635085,-0.019747132,-0.013810767,-0.9997096,1.0,0.0,0.0,-0.00992189,-0.17506847,-0.036443353,-0.024094582,-0.10941541,0.10172246,0.0025900071,0.07942841,0.14278781,-0.057987213,-0.13943303,-0.115616456,-0.61775213,0.0124470955,0.12092433,-0.25019735,0.811457,0.90165246,-0.31779978,-0.11947868,0.27142447,-0.43475404,0.67523444,0.19183284,0.44443884,0.09319773,-1.0098255,0.7605564,-1.0389699,-0.29815346,-0.19038996,0.44849738,-0.31983387,0.6464772,-0.5150048,-0.6712031,-200.0,-200.0,8.722800960232917,200.0,-200.0,-200.0,-200.0,200.0,-200.0,-200.0,-200.0,-200.0,-0.00992189,-0.17506847,-0.83644336,1.5759054,-0.9094154,0.10172246,0.0025900071,0.07942841,-0.6572122,1.5420128,-0.93943304,-0.115616456,-12.355042,0.2489419,2.4184866,-5.003947,16.22914,18.033049,-6.355995,-2.3895736,5.428489,-8.695081,13.504688,3.8366568
84,-0.39794397,0.34774923,0.4157973,-0.016830655,-0.00860621,-0.9998213,1.0,0.0,0.0,-0.08685548,-0.14829057,-0.04100132,-0.037317157,-0.05180204,0.1717337,-0.06871856,0.08347603,0.14044428,-0.059946418,-0.107212424,-0.1678035,-0.19319098,0.22806127,-0.15278292,0.0984629,-0.13561173,-0.11380064,-0.4644885,0.14220081,-0.17806415,0.18845277,-0.2709453,-0.70007414,0.9669354,-0.5342308,0.46524167,0.00209897,-0.834557,-0.5238427,0.7388773,-0.5168303,0.27773488,0.17010361,-0.10313545,0.2321789,-200.0,200.0,-200.0,200.0,-200.0,-200.0,200.0,200.0,-200.0,200.0,-200.0,-200.0,-0.08685548,-0.14829057,-0.84100133,1.5626829,-0.85180205,0.1717337,-0.06871856,0.08347603,-0.65955573,1.5400536,-0.90721244,-0.1678035,-3.8638196,4.5612254,-3.0556583,1.969258,-2.7122345,-2.2760127,-9.28977,2.844016,-3.561283,3.7690551,-5.418906,-14.001483
85,0.009883253,-0.3908278,-0.23660946,-0.018510124,-0.0019410853,-0.9998268,1.0,0.0,0.0,-0.056426108,-0.12835662,-0.03664893,-0.01817131,-0.18277997,0.052878343,-0.103341565,0.088858,0.12780887,-0.013776183,-0.112018764,-0.1964657,0.417042,0.027133528,0.13836123,0.2133085,-1.0039119,-0.85543936,0.06270663,-0.06906786,0.044194516,0.25620866,0.014984368,0.31223357,-0.09530824,-0.35367727,0.6282291,-0.52715015,-0.19527324,0.20429125,0.39428762,0.2103464,0.76700974,-0.76702243,-0.5287606,0.831517,200.0,-200.0,200.0,121.77917387213233,3.441273497405417,200.0,200.0,-200.0,200.0,-155.76030600563183,-200.0,-200.0,-0.056426108,-0.12835662,-0.83664894,1.5818287,-0.98278,0.052878343,-0.103341565,0.088858,-0.67219114,1.5862238,-0.9120188,-0.1964657,8.340839,0.54267055,2.7672246,4.26617,-20.078236,-17.108788,1.2541325,-1.3813571,0.8838903,5.124173,0.29968736,6.2446713
86,0.009815259,-0.9751349,-0.16300929,-0.04671717,-0.0024897829,-0.99890506,1.0,0.0,0.0,-0.0140842665,-0.12426791,0.023899436,-0.009461403,-0.28242642,-0.0064955475,-0.038453735,0.08145283,0.17567533,-0.0005812645,-0.20582324,-0.034893796,0.039845306,0.0042405757,0.42744836,-0.07782709,-0.11677494,0.16632828,0.51264197,0.003921104,0.4015081,-0.094896846,-0.6644229,1.0888114,-0.37329698,0.15480721,-1.2789077,-0.99984103,0.57977057,0.8310388,-0.50408864,0.21561879,-1.0527762,-1.0909147,-0.23446788,-0.4685283,200.0,200.0,200.0,-200.0,-17.437456475535782,200.0,-200.0,-200.0,200.0,-200.0,200.0,200.0,-0.0140842665,-0.12426791,-0.7761006,1.5905386,-1.0824264,-0.0064955475,-0.038453735,0.08145283,-0.6243247,1.5994188,-1.0058233,-0.034893796,0.7969061,0.08481151,8.548967,-1.5565417,-2.3354988,3.3265655,10.252839,0.078422084,8.030162,-1.8979368,-13.288458,21.776228
87,-0.42029017,-0.28239262,0.4853564,-0.07045222,0.007875137,-0.9974841,1.0,0.0,0.0,-0.07313326,-0.1018874,0.08640486,-0.0468024,-0.19716823,0.13037935,0.008482933,0.106294,0.232265,-0.034077883,-0.2584836,0.0723231,-0.5473574,0.181548,0.22585729,-0.2752758,0.8719902,1.1088947,0.004763838,0.18712984,0.18671305,-0.22465603,0.019683035,0.08702547,0.39260858,-0.72170734,-0.85303,0.5993851,-0.16701777,-0.21181133,-0.8182906,-0.39362478,-0.72226137,-0.018747509,0.46239775,-0.69552785,-200.0,48.1102560449267,-200.0,-200.0,59.906910471668965,-200.0,-112.07103001626575,200.0,-200.0,-200.0,200.0,200.0,-0.07313326,-0.1018874,-0.71359515,1.5531976,-0.99716824,0.13037935,0.008482933,0.106294,-0.567735,1.5659221,-1.0584836,0.0723231,-10.947147,3.63096,4.5171456,-5.5055156,17.439804,22.177895,0.09527676,3.7425966,3.734261,-4.4931207,0.3936607,1.7405094
88,0.20242587,0.26687676,0.5912527,-0.0701758,0.013097316,-0.9974487,1.0,0.0,0.0,-0.10731669,-0.10919494,0.07372749,-0.018164515,-0.084693015,0.19330508,-0.05151214,0.11281284,0.24052036,-0.05600524,-0.14638102,-0.018059451,0.02465926,-0.14167291,-0.22320239,0.31018198,0.14140917,-0.111825965,-0.53851384,-0.094600275,-0.09282921,0.0013284497,1.0021743,-0.893818,0.8610789,0.13208625,0.14419705,0.4581929,-0.59158653,-0.52577585,0.15419367,0.10705605,0.046545953,0.3840515,0.04082504,0.2507721,-200.0,-200.0,-200.0,93.65679845085273,200.0,-200.0,200.0,-200.0,-200.0,200.0,-200.0,-200.0,-0.10731669,-0.10919494,-0.7262725,1.5818355,-0.884693,0.19330508,-0.05151214,0.11281284,-0.55947965,1.5439948,-0.94638103,-0.018059451,0.49318516,-2.8334582,-4.464048,6.2036395,2.8281834,-2.2365193,-10.770277,-1.8920054,-1.8565842,0.026568994,20.043484,-17.87636
89,-0.18730314,0.18396382,0.18789122,-0.06000183,0.01547323,-0.99807835,1.0,0.0,0.0,-0.040478893,-0.1170678,0.03758657,0.05948603,-0.16457283,0.06340039,-0.09240957,0.11448072,0.19900471,-0.018819928,-0.046025515,-0.087221585,0.5857457,0.0336406,-0.13395283,0.45131752,-0.81621534,-1.0897602,0.05799646,0.06488798,-0.26958773,0.3210734,0.20582695,0.105202734,-0.39101177,0.018198073,0.37353936,-1.0311915,-0.6595658,0.24913374,1.0734546,-0.61661947,1.4475964,-0.9355166,-0.14543615,0.46809557,200.0,-69.11857117856226,-53.73919496936418,200.0,-47.36604762942753,200.0,200.0,200.0,200.0,200.0,-139.10400152552756,-200.0,-0.040478893,-0.1170678,-0.76241344,1.659486,-0.96457285,0.06340039,-0.09240957,0.11448072,-0.6009953,1.5811801,-0.8460255,-0.087221585,11.714913,0.672812,-2.6790564,9.02635,-16.324306,-21.795204,1.1599292,1.2977595,-5.391754,6.4214683,4.116539,2.1040547
90,-0.16834146,-0.46214768,0.14304623,-0.06669024,0.023351956,-0.9975004,1.0,0.0,0.0,0.028449057,-0.10245821,0.04902345,0.112752914,-0.3330533,-0.051365267,-0.03340089,0.12007526,0.18464637,0.006664753,-0.06905264,0.038443197,0.15015897,0.09947808,0.2111196,0.117910616,-0.71689266,-0.15105365,0.4850379,-0.0019429493,0.08767194,-0.032464184,-0.16687106,0.9095034,-0.39081475,-0.05658266,-0.9128185,-1.4460666,0.37724406,0.37197968,-0.43444434,-0.15394141,0.37083173,-1.1455412,0.11899628,-0.3731366,200.0,-200.0,200.0,-200.0,13.181963193412912,-19.73601649073248,-200.0,149.34708110620872,200.0,-200.0,65.87733738163149,200.0,0.028449057,-0.10245821,-0.75097656,1.7127529,-1.1330533,-0.051365267,-0.03340089,0.12007526,-0.61535364,1.6066648,-0.86905265,0.038443197,3.0031793,1.9895616,4.222392,2.3582122,-14.3378525,-3.021073,9.700758,-0.038858984,1.7534388,-0.64928365,-3.337421,18.190067
91,0.1993623,-0.4152761,0.4932054,-0.083968446,0.022877831,-0.99620575,1.0,0.0,0.0,-0.0027540328,-0.09604931,0.08512622,0.119434595,-0.36788684,0.023236219,-0.006487535,0.10801266,0.21881628,-0.012739062,-0.05156398,0.10948103,-0.4052097,-0.022286447,0.15593319,-0.04054906,0.27017674,0.80041116,-0.1446915,-0.06100721,0.17873941,-0.02660246,0.026421938,-0.10788584,0.23774044,-0.13477007,-0.9063572,-0.23039341,-0.053027313,0.32286713,-0.79462945,0.3132285,-0.33211917,0.1428487,0.14755143,-0.9313637,-200.0,-200.0,146.0967696283484,-200.0,200.0,-200.0,-200.0,77.57311536068842,-200.0,-200.0,200.0,200.0,-0.0027540328,-0.09604931,-0.7148738,1.7194346,-1.1678869,0.023236219,-0.006487535,0.10801266,-0.58118373,1.587261,-0.851564,0.10948103,-8.104194,-0.44572893,3.1186635,-0.81098115,5.4035344,16.008223,-2.8938298,-1.2201442,3.5747883,-0.5320492,0.52843875,-2.1577168
92,-0.04572214,0.26049662,0.5507637,-0.0853809,0.022846553,-0.9960864,1.0,0.0,0.0,-0.03672462,-0.0931107,0.096600175,0.09812939,-0.26136488,0.16277587,-0.08080206,0.110003844,0.21304387,0.018458486,0.022363663,-0.023327287,0.01917768,0.03942918,-0.019528527,-0.16045891,0.4668378,0.4706808,-0.55531687,0.059707012,-0.16674837,0.25054905,0.35721058,-1.1044366,0.736321,0.14322306,-0.19904566,-0.4357187,-0.50528914,-0.82205087,0.7429366,-0.12304357,-0.1958894,-0.25484872,-0.01844135,0.19796655,-200.0,200.0,-200.0,20.098377510774128,-177.368303097146,-200.0,200.0,-116.82998454614858,-200.0,-200.0,-57.689112874877765,-200.0,-0.03672462,-0.0931107,-0.70339984,1.6981294,-1.0613649,0.16277587,-0.08080206,0.110003844,-0.58695614,1.6184585,-0.77763635,-0.023327287,0.3835536,0.7885836,-0.39057052,-3.2091782,9.336756,9.413616,-11.106338,1.1941402,-3.3349674,5.010981,7.1442113,-22.088732
93,-0.034010753,0.9066768,-0.16938576,-0.060528427,0.02479746,-0.9978584,1.0,0.0,0.0,0.024232944,-0.07628175,0.07345706,0.05106747,-0.2715041,0.14963117,-0.12727259,0.12124098,0.15918475,0.05217886,0.023054183,-0.13286564,0.54031223,0.10819906,-0.19245133,-0.30095372,-0.43260846,-0.5053908,0.03344076,0.051843952,-0.35742265,0.10094949,-0.0832446,-0.09214928,-0.3918688,-0.686527,1.0327966,0.36722067,-0.13447608,-0.1307129,0.63863623,-0.23481575,1.6408548,-0.14168699,-0.9731379,1.0233487,200.0,-200.0,-200.0,-200.0,-1.4130246041335113,200.0,200.0,200.0,-200.0,-200.0,-97.03272975901496,-200.0,0.024232944,-0.07628175,-0.72654295,1.6510675,-1.0715041,0.14963117,-0.12727259,0.12124098,-0.64081526,1.6521789,-0.7769458,-0.13286564,10.806245,2.1639812,-3.8490264,-6.019074,-8.652169,-10.107816,0.6688152,1.0368791,-7.1484528,2.0189898,-1.664892,-1.8429856
94,0.6513044,0.23406065,-0.23829061,-0.039510958,0.010866191,-0.99916005,1.0,0.0,0.0,0.08247791,-0.086823516,0.05353409,0.0048578978,-0.2634408,0.053550888,-0.073870875,0.09918901,0.12650174,0.037194848,-0.10055852,-0.04037941,0.08622109,-0.170978,-0.022671852,-0.16955072,0.26350373,-0.4031492,0.46099982,-0.24744439,-0.00063745904,-0.21923454,-1.0561752,0.9161153,-0.9474914,0.713894,0.78153664,-0.017743342,1.0839096,0.79589146,-0.11363146,0.7830366,0.8937146,0.40657705,-0.14765978,-0.083476715,200.0,-200.0,200.0,-178.4452131460816,-200.0,200.0,-200.0,-200.0,200.0,200.0,6.373382447056656,36.065211635455455,0.08247791,-0.086823516,-0.7464659,1.6048579,-1.0634408,0.053550888,-0.073870875,0.09918901,-0.6734983,1.6371949,-0.90055853,-0.04037941,1.7244219,-3.4195597,-0.45343703,-3.3910143,5.2700744,-8.0629835,9.219996,-4.948888,-0.01274918,-4.3846908,-21.123505,18.322306
95,0.041861624,-0.47335392,0.5088397,-0.04572448,-0.0015278602,-0.9989529,1.0,0.0,0.0,0.050512232,-0.09831297,0.067790926,-0.015664697,-0.10379356,0.07946906,-0.042447228,0.07571726,0.15079135,0.009408712,-0.22538525,0.032424323,-0.36256763,0.03672343,0.1586801,-0.07623332,1.2346245,0.5629527,-0.06910216,-0.0074082487,0.21119832,-0.07029116,-0.29840058,-0.086427234,0.2832202,0.22625834,-0.8350562,0.24524334,-0.3893844,0.18837449,-0.7244984,0.17968923,-0.73670876,0.32192406,0.5851746,-0.7319986,-146.1176773374222,200.0,200.0,200.0,129.14802768232693,-200.0,-200.0,200.0,200.0,64.40677385887162,200.0,200.0,0.050512232,-0.09831297,-0.7322091,1.5843353,-0.9037936,0.07946906,-0.042447228,0.07571726,-0.64920866,1.6094087,-1.0253853,0.032424323,-7.2513523,0.73446864,3.1736019,-1.5246664,24.69249,11.259053,-1.3820431,-0.14816497,4.223966,-1.4058232,-5.9680114,-1.7285447
96,-0.42355606,0.14107643,0.5363542,-0.051110554,0.009304879,-0.99864966,1.0,0.0,0.0,0.026954032,-0.07022627,0.0634169,0.0063177347,0.03201598,0.12266884,-0.10645376,0.09685255,0.15279526,0.035148144,-0.17739034,-0.09556941,0.07662268,0.19057135,-0.18812315,0.3010264,0.14093117,0.089611724,-0.5270347,0.1721839,-0.14633556,0.28420454,0.68032044,-1.0899984,0.62676466,-0.8803917,-0.29755357,0.15485522,-1.339421,-0.39847526,0.48622832,-0.6016927,0.094827965,-0.6483499,-0.11247333,0.24192047,-200.0,11.804564672360016,-200.0,200.0,200.0,-200.0,200.0,200.0,-200.0,200.0,-200.0,88.27955202539465,0.026954032,-0.07022627,-0.7365831,1.6063178,-0.76798403,0.12266884,-0.10645376,0.09685255,-0.64720476,1.6351482,-0.97739035,-0.09556941,1.5324535,3.811427,-3.7624629,6.020528,2.8186235,1.7922344,-10.540693,3.443678,-2.926711,5.6840906,13.606409,-21.799967
97,0.17741385,0.40608168,-0.37035283,-0.03962497,0.012834392,-0.9991322,1.0,0.0,0.0,0.09919092,-0.059311353,0.00904119,0.070815206,-0.0444991,0.03742188,-0.15003332,0.10602041,0.12886769,0.062989116,-0.13067496,-0.20317008,0.5950688,-0.06268797,-0.32626128,0.31359228,-0.8086958,-0.82682437,0.033875633,-0.05608811,-0.10633136,0.021670809,0.046967085,-0.086496346,-0.3113351,0.061323315,0.88144046,-1.1683699,-0.19268113,-0.25132927,0.7027583,0.15718499,1.2863231,-0.8080805,-0.100597695,0.5865638,200.0,-200.0,36.13815657020524,-200.0,-16.153526350505928,200.0,200.0,-200.0,-200.0,-138.72987106055268,-200.0,-146.10873019562075,0.09919092,-0.059311353,-0.7909588,1.6708152,-0.8444991,0.03742188,-0.15003332,0.10602041,-0.6711323,1.6629891,-0.93067497,-0.20317008,11.901376,-1.2537594,-6.5252256,6.2718453,-16.173916,-16.536488,0.67751265,-1.1217622,-2.1266272,0.43341616,0.9393417,-1.729927
98,-0.21078306,-0.21242818,-0.35926247,-0.03706256,0.01524614,-0.99919665,1.0,0.0,0.0,0.16859892,-0.048002962,-0.018784225,0.09448719,-0.117058635,-0.068167426,-0.089850724,0.11142067,0.14522314,0.033083558,-0.120716095,-0.11259567,0.1428811,0.1410984,0.014410918,-0.033365406,-0.17194247,-0.40845066,0.5178351,0.07133076,0.23401614,-0.2954677,0.042364176,0.8962645,-1.0882617,-0.30208895,0.19337377,-0.8115868,0.20912173,0.69933873,-0.1449096,-0.21714747,-0.0467574,-0.39000833,0.12622796,0.03302828,200.0,29.025985235957265,200.0,-200.0,-2.297102422830882,200.0,-200.0,97.23768196667045,200.0,-200.0,25.57946603396786,44.461607462272696,0.16859892,-0.048002962,-0.81878424,1.6944872,-0.91705865,-0.068167426,-0.089850724,0.11142067,-0.6547769,1.6330836,-0.9207161,-0.11259567,2.857622,2.8219678,0.28821835,-0.6673081,-3.4388494,-8.169013,10.356702,1.4266152,4.6803226,-5.9093537,0.84728354,17.92529
99,0.54909986,-0.14244904,0.4636717,-0.04404043,0.009043103,-0.9989888,1.0,0.0,0.0,0.13857923,-0.052266,0.0074460506,0.054689884,-0.05489862,-0.04246764,-0.05463987,0.09526055,0.16912228,0.018917322,-0.111876845,-0.022950023,-0.3933504,-0.15367362,0.21363838,-0.3311685,0.52363646,0.56772786,-0.07807666,-0.21459424,0.023188638,0.07733741,0.020834109,0.49324518,0.05832867,0.3344403,-0.71935457,0.45576552,-0.73069584,0.28281376,-0.7668828,0.7284088,-0.6534835,0.903218,-0.57630396,-0.90169257,-184.6197174881476,-200.0,-200.0,-200.0,200.0,150.22113291435963,-200.0,-200.0,185.92665572733247,-200.0,48.341270597706455,200.0,0.13857923,-0.052266,-0.79255396,1.6546899,-0.85489863,-0.04246764,-0.05463987,0.09526055,-0.63087773,1.6189173,-0.91187686,-0.022950023,-7.8670077,-3.0734723,4.2727675,-6.6233697,10.472729,11.354557,-1.5615332,-4.291885,0.46377274,1.546748,0.41668215,9.864903
100,-0.07948306,0.39626387,0.8361968,-0.03921778,0.0005184165,-0.99923056,1.0,0.0,0.0,0.08874241,-0.06943107,0.004999459,0.054293394,-0.043844283,0.07968678,-0.122450836,0.08181386,0.13834244,0.07506204,-0.20817083,-0.035363246,-0.14231779,0.006915895,-0.17057166,0.15166137,-0.3720375,0.44623742,-0.5427687,0.05391627,-0.30595994,0.4432528,-0.7649871,-0.5166474,0.7720942,-0.43705824,0.28847644,-0.14131609,0.10338423,-0.5030245,0.83595014,0.10388428,1.2123343,-0.8298592,-0.16616058,0.15203825,-200.0,200.0,-200.0,200.0,-1.83073226814588,-200.0,91.74187684942557,200.0,-200.0,200.0,-200.0,-45.5451587670201,0.08874241,-0.06943107,-0.79500055,1.6542934,-0.8438443,0.07968678,-0.122450836,0.08181386,-0.6616576,1.6750621,-1.0081708,-0.035363246,-2.8463557,0.1383179,-3.411433,3.0332272,-7.44075,8.924748,-10.855374,1.0783254,-6.119199,8.865056,-15.299742,-10.332948
101,0.12282817,-0.1680163,0.113148265,-0.035891645,-0.0004919025,-0.99935555,1.0,0.0,0.0,0.12465187,-0.081253216,0.010397971,0.05019903,-0.026432753,0.06601931,-0.17114866,0.084530786,0.11573565,0.12488592,-0.25689036,-0.032750644,0.4447465,-0.105228364,0.19281325,-0.16004062,0.27361485,-0.48917603,-0.0012718402,-0.016055265,0.041402917,0.09568845,0.1371742,0.3604668,-0.011182056,0.20515944,0.19328326,-1.1805421,0.07250689,-0.29660478,1.0422469,0.16594411,0.52123874,-1.2204349,0.0074949116,0.516176,200.0,49.42539201537687,200.0,-200.0,94.45100087621361,48.021378485248704,200.0,-200.0,200.0,-200.0,-5.972329193896201,-200.0,0.12465187,-0.081253216,-0.78960204,1.650199,-0.82643276,0.06601931,-0.17114866,0.084530786,-0.68426436,1.724886,-1.0568904,-0.032750644,8.89493,-2.1045673,3.8562648,-3.2008123,5.472297,-9.783521,-0.025436804,-0.3211053,0.8280583,1.9137689,2.743484,7.209336
102,-0.38667193,-0.8091009,0.024075262,-0.05756148,0.007705473,-0.99831223,1.0,0.0,0.0,0.15383486,-0.05184707,0.04276824,0.063937426,-0.032681108,-0.021959366,-0.11762953,0.10439437,0.16592407,0.106535316,-0.17630923,0.12269919,-0.06857964,0.2519359,0.228277,0.061867442,0.020202901,-0.5582728,0.47482786,0.17588021,0.40486142,-0.24380003,0.39903587,0.86343986,-0.7641032,-0.65058124,-0.73557013,0.8672316,-0.24719827,0.44413492,-0.29744455,-0.29240742,-0.5473105,-0.017042339,-0.31085914,-0.49486673,200.0,-6.881815467297173,200.0,-200.0,-30.16605482769029,-53.497160339117386,-200.0,200.0,120.6135496156495,-200.0,200.0,-39.74609438277696,0.15383486,-0.05184707,-0.7572318,1.6639374,-0.8326811,-0.021959366,-0.11762953,0.10439437,-0.63407594,1.7065353,-0.97630924,0.12269919,-1.3715928,5.0387177,4.56554,1.2373488,0.404058,-11.165456,9.496557,3.517604,8.097228,-4.8760004,7.980717,17.268797
103,0.30713344,-0.16329354,0.65320003,-0.07554206,0.008918444,-0.99710274,1.0,0.0,0.0,0.07774823,-0.03738341,0.05110818,0.112912655,-0.08979958,-0.026242469,-0.0858343,0.11133907,0.21502906,0.06807244,-0.18816072,0.18773344,-0.63208663,-0.076507084,-0.11698802,0.3923557,-0.3387697,0.4178298,-0.1003222,-0.092921995,0.119363345,-0.14974333,-0.25371563,-0.11560359,0.57471645,-0.011148244,-0.8104061,-0.9048877,-0.23843993,0.5858241,-0.9710027,0.48424578,-0.64892334,-0.23703066,0.06919642,-0.38204023,-200.0,-200.0,-200.0,-17.622416956547767,-0.37733198917379696,-200.0,-200.0,-200.0,-200.0,200.0,21.644021079086258,200.0,0.07774823,-0.03738341,-0.74889183,1.7129127,-0.8897996,-0.026242469,-0.0858343,0.11133907,-0.58497095,1.6680725,-0.9881607,0.18773344,-12.641732,-1.5301416,-2.3397603,7.847114,-6.775394,8.356596,-2.006444,-1.8584398,2.3872669,-2.9948666,-5.0743127,-2.3120718
104,-0.0608104,0.52916086,0.7429439,-0.066766895,0.008135007,-0.99773544,1.0,0.0,0.0,0.0047565894,-0.03744398,0.007771969,0.17208803,-0.14960194,0.15472911,-0.14892347,0.11853774,0.21682316,0.037384868,-0.15934318,0.057148207,-0.15474288,0.046735276,-0.29596746,0.21462534,-0.32609412,1.1238096,-0.48522446,0.16097744,-0.10788462,-0.045090333,0.16958351,-0.9600999,0.8807607,-0.32852903,0.857137,-0.9581105,-0.30632848,-0.99887985,0.7850747,-0.05547917,1.0327059,-0.19130689,0.6688773,-0.03886574,-200.0,200.0,-200.0,-200.0,164.472854475443,200.0,200.0,-12.22402438153766,-200.0,-200.0,200.0,-200.0,0.0047565894,-0.03744398,-0.79222804,1.772088,-0.94960195,0.15472911,-0.14892347,0.11853774,-0.58317685,1.6373849,-0.9593432,0.057148207,-3.0948575,0.9347055,-5.919349,4.2925067,-6.521882,22.47619,-9.704489,3.2195487,-2.1576924,-0.90180665,3.3916702,-19.201998
105,0.51814556,-0.1726179,-0.055966184,-0.060944304,-0.0014318309,-0.99814016,1.0,0.0,0.0,0.032858383,-0.054007072,-0.009013832,0.18364143,-0.24680692,0.27670747,-0.19268003,0.12547104,0.2206862,0.016613007,-0.115660846,-0.113335334,0.38455203,-0.1893835,0.09487736,-0.06807222,-0.67786986,0.18950841,-0.0019085556,-0.07945966,0.117010735,-0.14005144,0.24200527,-0.66501045,-0.28466606,0.098452955,-0.27814457,-0.5715472,-0.5700292,-0.6551812,0.79357433,0.122998044,0.4620011,0.8403316,0.22326447,0.6598721,200.0,-200.0,200.0,-200.0,200.0,200.0,200.0,-200.0,200.0,-200.0,-169.93815573136794,-200.0,0.032858383,-0.054007072,-0.80901384,1.7836415,-1.0468069,0.27670747,-0.19268003,0.12547104,-0.5793138,1.616613,-0.91566086,-0.113335334,7.6910405,-3.7876701,1.8975472,-1.3614444,-13.557397,3.790168,-0.038171113,-1.5891931,2.3402147,-2.8010287,4.8401055,-13.300209
106,0.11929382,-0.17472418,-0.3198919,-0.06778763,-0.013916746,-0.9976027,1.0,0.0,0.0,0.056790948,-0.06652288,0.0063072443,0.15484452,-0.424537,0.20338541,-0.14262557,0.122402355,0.22816682,0.022578478,-0.050031066,-0.1447176,-0.099731475,0.04008941,0.052748114,-0.20630243,-0.85024005,-0.82089806,0.45866472,0.04959396,0.0017093571,0.12678719,0.44681308,0.29886585,-0.62696314,0.037910298,-0.4375755,-0.7223312,0.44891787,0.058667533,-0.06304996,0.4570954,-0.28953916,-0.087510675,-0.30895928,0.49846366,200.0,4.5158975769015175,200.0,200.0,200.0,200.0,-200.0,200.0,-200.0,-200.0,200.0,-200.0,0.056790948,-0.06652288,-0.79369277,1.7548445,-1.224537,0.20338541,-0.14262557,0.122402355,-0.5718332,1.6225785,-0.8500311,-0.1447176,-1.9946295,0.80178815,1.0549623,-4.1260486,-17.0048,-16.417961,9.173294,0.99187917,0.03418714,2.5357437,8.936261,5.977317
107,-0.24083419,0.53245443,0.32691908,-0.05926941,-0.009640978,-0.99819547,1.0,0.0,0.0,-0.023553278,-0.040130936,-0.0054071546,0.09353268,-0.4861533,0.12947163,-0.07261987,0.15266478,0.20504022,0.0379622,-0.06709844,0.0008577473,-0.6542495,0.19486088,-0.13905568,-0.38532445,0.1355623,-0.16289175,0.20213047,0.2083834,-0.21109882,0.028471796,-0.45839438,1.0124873,0.19986288,-0.6621163,0.24937434,-0.37570176,0.47634524,0.9864385,-0.5790572,-1.0469801,0.18655181,-0.10669239,-0.8714375,-0.46865663,-200.0,200.0,-200.0,-200.0,-80.53474633830797,38.61355562970482,-200.0,-18.125138785518175,-200.0,-200.0,200.0,27.663544526965893,-0.023553278,-0.040130936,-0.80540717,1.6935327,-1.2861533,0.12947163,-0.07261987,0.15266478,-0.5949598,1.6379622,-0.86709845,0.0008577473,-13.08499,3.8972175,-2.7811136,-7.7064886,2.711246,-3.257835,4.042609,4.167668,-4.2219763,0.5694359,-9.167888,20.249744
108,0.23585372,0.06282122,0.5377416,-0.050176922,-0.009758505,-0.9986927,1.0,0.0,0.0,-0.08929728,-0.040182944,-0.018373966,0.06214714,-0.3398512,0.1555139,-0.09639333,0.16403158,0.20181221,0.014899492,-0.23590404,0.0954428,-0.088051416,-0.12098273,-0.044368405,-0.08186054,1.1219686,0.4843354,-0.3703048,-0.056739874,0.08736219,-0.18313801,-1.0823706,0.032783844,0.9040382,0.3742524,1.020147,0.47079238,-0.256711,0.50008935,0.06639719,-0.17940974,0.7679789,1.0166488,-0.16390885,-0.5828058,-200.0,-200.0,-99.43488267035883,-75.41288601171738,-200.0,-200.0,200.0,-200.0,200.0,-200.0,200.0,200.0,-0.08929728,-0.040182944,-0.818374,1.6621472,-1.1398512,0.1555139,-0.09639333,0.16403158,-0.5981878,1.6148995,-1.035904,0.0954428,-1.7610283,-2.4196546,-0.8873681,-1.6372108,22.439373,9.6867075,-7.4060955,-1.1347975,1.7472438,-3.6627603,-21.647411,0.65567684
109,0.1498374,-0.6296733,-0.25673681,-0.06284742,-0.017053984,-0.9978774,1.0,0.0,0.0,-0.045822654,-0.059578076,-0.0052814484,0.060854554,-0.15664667,0.29080093,-0.123209566,0.15123993,0.23829955,-0.008237362,-0.35046023,0.0009979586,0.46433043,-0.066567294,0.15958378,0.058910977,0.60220975,0.5336177,0.06073838,-0.07151463,0.26153922,-0.060098536,-0.1467296,-0.8623843,-0.074346505,0.17512776,-0.93676335,-0.7952279,-0.96340317,-0.09062502,0.67300916,0.23362894,-0.9851656,-0.49841902,0.5967635,-0.07684284,200.0,-200.0,200.0,200.0,200.0,-200.0,200.0,200.0,200.0,200.0,-200.0,-184.7208117736135,-0.045822654,-0.059578076,-0.80528146,1.6608546,-0.9566467,0.29080093,-0.123209566,0.15123993,-0.56170046,1.5917627,-1.1504602,0.0009979586,9.286609,-1.3313458,3.1916754,1.1782196,12.044194,10.672353,1.2147676,-1.4302926,5.2307844,-1.2019707,-2.934592,-17.247686
110,-0.22323354,0.055950645,-0.2567916,-0.07249248,-0.014544243,-0.9972629,1.0,0.0,0.0,-0.004951486,-0.043984886,0.0055121183,0.05465603,-0.14051229,0.28711352,-0.043678425,0.1660524,0.25884324,-0.03561783,-0.27157587,-0.12896343,-0.023282794,0.17515706,-0.031595137,-0.10260397,-0.34602246,-0.4710802,0.66886824,0.1596046,-0.030306963,-0.19939908,0.8380642,-0.22088213,-0.72617185,-0.4069874,-0.16560227,-0.30687967,-0.21232168,-0.4641916,-0.36381403,-0.30867648,-0.42609805,0.15833455,-0.27016997,0.9516816,200.0,-5.046385974095898,-200.0,-200.0,200.0,200.0,-159.23420254424138,200.0,-200.0,-200.0,-200.0,-200.0,-0.004951486,-0.043984886,-0.7944879,1.654656,-0.9405123,0.28711352,-0.043678425,0.1660524,-0.54115677,1.5643822,-1.0715759,-0.12896343,-0.46565586,3.503141,-0.6319027,-2.0520794,-6.9204493,-9.421604,13.377365,3.192092,-0.60613924,-3.9879816,16.761284,-4.4176426
111,0.33913743,0.6851885,0.47613627,-0.05594283,-0.017681843,-0.99827737,1.0,0.0,0.0,-0.073931836,-0.028941981,-0.022815645,0.023213744,-0.1680417,0.09508915,0.029948568,0.16229022,0.21510696,-0.039788008,-0.20806283,-0.065253526,-0.6033206,0.0026246253,-0.21253212,-0.21288276,-0.094712935,-1.1862841,0.1200135,-0.1655318,-0.35780272,0.12254634,-0.07154271,0.75951463,0.3791846,0.12437579,0.5373922,-0.28343388,-0.26355737,0.45716086,-0.9972378,0.4432986,0.880473,0.7360811,-1.3802572,0.34716657,-200.0,-200.0,-200.0,200.0,-105.31972555763636,200.0,-200.0,-200.0,-92.31185019016698,-200.0,6.447245574292552,41.464757067399205,-0.073931836,-0.028941981,-0.82281566,1.6232138,-0.9680417,0.09508915,0.029948568,0.16229022,-0.58489305,1.560212,-1.0080628,-0.065253526,-12.066412,0.052492507,-4.2506423,-4.257655,-1.8942586,-23.725681,2.40027,-3.3106358,-7.156054,2.4509268,-1.4308542,15.190292
112,-0.425762,0.011721147,0.5578725,-0.043586012,-0.01338276,-0.99896,1.0,0.0,0.0,-0.13860238,-0.006830039,-0.025772393,-0.007447481,-0.18782246,-0.045425773,-0.00400356,0.15663871,0.17445993,-0.0014365911,-0.33066505,0.08836067,-0.07428026,0.1654058,0.13056947,-0.04708169,-0.13618702,-0.26306078,-0.41176316,0.09199771,-0.0738139,0.24817248,-1.0550859,0.59251237,0.8139427,-0.51927054,0.21440938,-0.31357813,0.34519562,1.204952,0.27144524,-0.37234873,1.3814889,0.094209045,0.3343796,-0.41537687,-200.0,200.0,200.0,200.0,-200.0,-107.29742175780962,200.0,114.05039904619062,200.0,-200.0,-44.01909843455343,200.0,-0.13860238,-0.006830039,-0.8257724,1.5925525,-0.9878225,-0.045425773,-0.00400356,0.15663871,-0.6255401,1.5985634,-1.1306651,0.08836067,-1.4856052,3.3081157,2.6113894,-0.94163376,-2.7237403,-5.2612157,-8.235263,1.8399543,-1.476278,4.9634495,-21.101717,11.850247
113,-0.007473684,-0.6817731,-0.19514638,-0.05802783,-0.0052605593,-0.9983011,1.0,0.0,0.0,-0.08934511,-0.0005265339,0.021339774,-0.03178525,-0.11349058,0.015885482,-0.036914106,0.15725797,0.19277978,0.028717518,-0.43659598,0.102988906,0.5085479,-0.051246364,0.24386187,-0.066066615,0.78180164,0.68953085,0.034237295,-0.07326779,0.22278409,0.086823046,-0.10002438,-0.35236257,-0.34707254,-0.21186236,-0.62441474,-0.6545754,-0.0109478645,0.2180168,0.6359533,0.35530847,-1.0299052,-0.9257342,-0.019815907,-0.59126306,200.0,-200.0,200.0,36.3088181117308,200.0,-200.0,200.0,-200.0,163.6179685777457,-200.0,200.0,200.0,-0.08934511,-0.0005265339,-0.77866024,1.5682148,-0.9134906,0.015885482,-0.036914106,0.15725797,-0.60722023,1.6287175,-1.236596,0.102988906,10.170958,-1.0249273,4.8772373,-1.3213322,15.636033,13.790617,0.6847459,-1.4653558,4.455682,1.7364609,-2.0004876,-7.047251
114,0.051704675,-0.060431495,-0.12519202,-0.07146753,-0.0068640523,-0.9974193,1.0,0.0,0.0,-0.04488774,-0.008542994,0.050152183,-0.047577024,-0.04456252,0.08957388,0.033953536,0.15659791,0.20685709,0.029541016,-0.35433656,-0.067190595,-0.011541667,-0.044851437,0.06096321,-0.07164964,0.11936929,0.26337987,0.6184429,0.05355618,-0.05124349,-0.0632359,0.6995737,-1.1055092,-0.54446566,0.16779071,-0.37993118,0.26708278,-0.8281645,-0.2231687,-0.20226128,-0.033000737,-0.517279,-0.19081245,-0.15346715,0.6131791,200.0,200.0,-200.0,-200.0,-0.8555529409798055,26.926139101314902,-200.0,-200.0,-200.0,-200.0,-61.70904247786633,-8.389167817431542,-0.04488774,-0.008542994,-0.7498478,1.552423,-0.84456253,0.08957388,0.033953536,0.15659791,-0.5931429,1.629541,-1.1543366,-0.067190595,-0.23083335,-0.89702874,1.2192641,-1.4329928,2.3873858,5.267597,12.368857,1.0711236,-1.0248698,-1.2647179,13.991474,-22.110182
115,0.22203793,0.605236,0.55960315,-0.059495207,-0.011970942,-0.9981568,1.0,0.0,0.0,-0.11563786,-0.009610875,0.023423791,-0.026527643,-0.12672102,0.037398584,0.10065329,0.14586459,0.17933744,0.006387353,-0.27763253,-0.18100713,-0.6312015,0.03213448,-0.29448602,0.2474457,-0.84415114,-0.54730004,0.09974762,-0.14415942,-0.20945714,-0.1598487,0.27673912,-0.13096282,0.24312638,0.043383524,0.13626961,-0.34169525,0.077659234,-0.31226015,-0.7807164,0.08552462,1.3134828,0.058717415,-1.0002108,0.88974744,-200.0,-200.0,-200.0,-200.0,-30.22938953033315,200.0,-200.0,200.0,-200.0,200.0,-200.0,1.5434477253789964,-0.11563786,-0.009610875,-0.7765762,1.5734724,-0.92672104,0.037398584,0.10065329,0.14586459,-0.62066257,1.6063874,-1.0776325,-0.18100713,-12.62403,0.6426896,-5.88972,4.948914,-16.883022,-10.946,1.9949524,-2.8831885,-4.1891427,-3.196974,5.5347824,-2.6192563
116,-0.033872403,0.013067826,0.51961374,-0.048624825,-0.013949695,-0.9987197,1.0,0.0,0.0,-0.18678206,0.0021642656,0.004240632,-0.012283921,-0.18993932,-0.08054135,0.062407233,0.122420885,0.16600227,-0.012634754,-0.33056086,-0.10176993,-0.12953904,0.06338491,0.065799534,-0.07067134,0.115571395,-0.5036945,-0.42861542,-0.09392943,0.045428738,-0.041941695,-0.7071766,0.8275607,1.3214351,-0.44882667,0.49168882,-0.5786056,0.38651156,0.20466888,0.18818685,0.6710013,1.142919,0.5104783,0.34488535,0.5767415,-200.0,21.08934657265648,200.0,194.19919703827392,-200.0,200.0,200.0,20.96817139018428,200.0,-200.0,200.0,41.72688442187507,-0.18678206,0.0021642656,-0.7957594,1.5877161,-0.98993933,-0.08054135,0.062407233,0.122420885,-0.63399774,1.5873653,-1.1305609,-0.10176993,-2.5907807,1.2676983,1.3159907,-1.4134268,2.3114278,-10.07389,-8.572309,-1.8785886,0.90857476,-0.83883387,-14.143533,16.551214
117,-0.25620392,-0.68041867,-0.12736379,-0.06347105,-0.0072857644,-0.9979571,1.0,0.0,0.0,-0.14399622,0.0059088944,0.05722183,-0.061270356,-0.064992726,-0.070725024,0.03720343,0.120226644,0.19341964,-0.009743094,-0.3668508,0.11536141,0.495052,-0.008390953,0.42840677,-0.39123306,0.9341044,0.4885443,0.11737176,0.061764475,0.21401666,0.059033748,0.24823563,1.0057977,-0.35454854,-0.45257133,-1.0287678,0.08636106,-0.6714261,0.5564759,0.50972295,0.055686176,-0.80515945,-0.20289734,-0.05337043,-0.82805985,200.0,200.0,200.0,200.0,200.0,-84.40978184720416,200.0,-200.0,200.0,-200.0,11.195376247895297,166.57525732225747,-0.14399622,0.0059088944,-0.7427782,1.5387297,-0.86499274,-0.070725024,0.03720343,0.120226644,-0.6065804,1.5902569,-1.1668508,0.11536141,9.90104,-0.16781905,8.568135,-7.824661,18.682087,9.770885,2.3474352,1.2352895,4.280333,1.1806749,4.9647126,20.115953
118,0.40015545,-0.12981707,-0.072154656,-0.077494636,-0.010882093,-0.9969334,1.0,0.0,0.0,-0.0982345,-0.017847301,0.10043919,-0.09866083,0.017149746,0.107029974,0.1145912,0.112540744,0.21240455,-0.013296843,-0.2607891,0.21310881,0.010349295,-0.2162035,0.01074564,0.09524425,0.045304444,0.86236763,0.6074938,-0.106301,0.009616057,-0.07816667,0.7068973,0.065405354,-0.35329726,0.31090975,-0.48675653,0.47623816,-0.66195863,-0.08120347,-0.49900916,0.41120863,-0.54618883,-0.19567037,-0.14014088,-0.46390486,200.0,-121.60251661765787,-200.0,-200.0,200.0,-200.0,-200.0,-200.0,-200.0,200.0,-200.0,-68.62942553356459,-0.0982345,-0.017847301,-0.6995608,1.5013392,-0.78285027,0.107029974,0.1145912,0.112540744,-0.58759546,1.5867032,-1.0607891,0.21310881,0.2069859,-4.32407,0.21491279,1.904885,0.9060888,17.247353,12.149876,-2.12602,0.19232114,-1.5633334,14.137946,1.308107
119,-0.05748074,0.47596222,0.50957423,-0.07005287,-0.017709626,-0.99738604,1.0,0.0,0.0,-0.15438858,-0.034708,0.06772488,-0.04668188,-0.07989776,0.16798015,0.18352042,0.10800865,0.19413877,-0.035709977,-0.15788406,0.1161349,-0.4218125,0.027851794,-0.30456272,0.39312574,-0.91879857,-0.14839345,0.13500617,0.042096216,-0.17243229,-0.14122859,0.1461789,-0.9364273,0.37469947,0.16147776,0.29054156,-0.7166054,0.10057582,-0.9784686,-0.6943327,-0.1549291,1.082404,-0.049125686,-0.5293288,0.17697307,-200.0,200.0,-200.0,-190.841867304147,-199.34726510576172,-200.0,2.360106380706384,200.0,-200.0,200.0,-200.0,-200.0,-0.15438858,-0.034708,-0.7322751,1.5533181,-0.8798978,0.16798015,0.18352042,0.10800865,-0.60586125,1.56429,-0.9578841,0.1161349,-8.43625,0.55703586,-6.091254,7.862515,-18.37597,-2.967869,2.7001233,0.8419243,-3.4486456,-2.8245716,2.923578,-18.728546
120,-0.16851878,0.00095703645,0.44635877,-0.061785806,-0.011812522,-0.9980195,1.0,0.0,0.0,-0.18649077,-0.021268955,0.04392326,-0.004353404,-0.15785688,0.031538054,0.15017925,0.109470926,0.18735659,-0.061472893,-0.22973078,0.035532624,0.050440695,0.096947394,0.030333772,0.065288454,0.042588808,-1.1200818,-0.4147254,-0.015773633,0.07461693,-0.1132514,-0.62823457,0.03412203,1.0087183,-0.46536446,0.11327213,-0.6122492,0.1596183,-0.16023692,0.055208772,-0.10316396,0.9813568,0.24699605,0.061010197,0.9870063,-200.0,-200.0,200.0,137.32368171362495,4.854872890409183,200.0,200.0,200.0,200.0,-200.0,200.0,-200.0,-0.18649077,-0.021268955,-0.75607675,1.5956466,-0.9578569,0.031538054,0.15017925,0.109470926,-0.6126434,1.5385271,-1.0297308,0.035532624,1.0088139,1.9389478,0.60667545,1.3057691,0.8517761,-22.401634,-8.294508,-0.31547266,1.4923385,-2.265028,-12.564692,0.68244064
121,0.32704008,-0.34287181,-0.18973182,-0.07036765,-0.015510296,-0.9974005,1.0,0.0,0.0,-0.11287585,-0.02945529,0.06794733,-0.014633536,-0.07194567,-0.083653264,0.10469245,0.08475034,0.21653783,-0.075134754,-0.2504812,0.15236858,0.6222941,-0.14842503,0.17543103,-0.12937833,0.5050298,-0.19769461,-0.14216442,-0.22280112,0.19392668,-0.03211001,0.32571277,1.0309048,-0.30311048,0.06062931,-0.70600253,-0.1772592,-0.43540883,0.9788888,0.32013515,0.9946654,-0.45382643,0.30299842,-0.064333126,-0.20878732,49.397457034247054,-184.71158761248267,200.0,200.0,200.0,200.0,200.0,-200.0,-67.86499527021728,-200.0,-38.941394614098556,78.29894900702041,-0.11287585,-0.02945529,-0.7320527,1.5853665,-0.8719457,-0.083653264,0.10469245,0.08475034,-0.5834622,1.5248653,-1.0504812,0.15236858,12.445883,-2.9685006,3.5086205,-2.5875666,10.100595,-3.9538922,-2.8432884,-4.4560223,3.8785334,-0.6422002,6.5142555,20.618095
122,-0.29947084,0.2925329,-0.07702022,-0.069811955,-0.014715688,-0.9974516,1.0,0.0,0.0,-0.04139928,-0.029407209,0.083783686,-0.049391747,-0.07529062,-0.019860491,0.13523096,0.07159698,0.20480245,-0.04246509,-0.18662786,0.25094113,0.13653706,0.10144242,-0.013985145,-0.18821053,-0.44512555,0.74310845,0.33865997,0.051875975,-0.25816527,0.3259382,0.2693912,0.050757896,-0.49307317,-0.33737323,-0.12744077,0.21212333,-0.6884171,-0.082992606,-0.10941899,0.09792113,0.24259588,-0.3903697,-0.0044276267,-0.9088621,62.102922177163066,200.0,-200.0,200.0,-25.60292947875007,-200.0,-200.0,100.23651718441585,-200.0,-75.17272800210108,-200.0,200.0,-0.04139928,-0.029407209,-0.7162163,1.5506083,-0.87529063,-0.019860491,0.13523096,0.07159698,-0.59519756,1.5575349,-0.9866279,0.25094113,2.7307413,2.0288484,-0.2797029,-3.7642105,-8.902511,14.862168,6.773199,1.0375195,-5.1633053,6.5187635,5.387824,1.0151579
123,0.1599528,0.24004062,0.29939958,-0.05933057,-0.013221517,-0.9981508,1.0,0.0,0.0,-0.076684944,-0.027452474,0.06129235,-0.050245643,-0.24782842,0.022756752,0.13866782,0.06510711,0.1806488,-0.011916518,-0.12540656,0.15208334,-0.43014112,-0.051586743,-0.19644727,0.1442767,-0.9505599,-0.1717258,-0.23997591,-0.08142106,-0.012964879,0.016231706,0.26330826,-0.9428999,-0.09173762,-0.081611186,0.98898154,0.0015079603,0.579445,-0.4584419,-0.6916177,0.10871416,1.4145163,-0.7746187,-0.62115616,0.56505626,-200.0,135.96206612173518,156.83339690316745,-200.0,-21.917986318359596,-200.0,-200.0,-200.0,-200.0,200.0,63.30657386287919,-90.40161459313228,-0.076684944,-0.027452474,-0.73870766,1.5497544,-1.0478284,0.022756752,0.13866782,0.06510711,-0.6193512,1.5880835,-0.9254066,0.15208334,-8.602822,-1.0317348,-3.9289453,2.8855338,-19.011198,-3.434516,-4.799518,-1.6284212,-0.25929758,0.32463413,5.2661653,-18.857998
124,0.009697465,-0.46032262,0.34942016,-0.06497187,-0.015774317,-0.9977624,1.0,0.0,0.0,-0.11131181,-0.03586137,0.054851115,-0.031568527,-0.3308366,-0.096963644,0.039521955,0.054772828,0.22504431,-0.04463625,-0.18008119,0.067541845,-0.03472801,-0.0153144915,0.08558359,0.13607691,0.057190485,-0.6964229,-0.70955366,-0.03847202,0.41800162,-0.31246787,-0.71211016,0.0035489497,0.682158,0.31959257,-0.4728701,-0.57755375,0.14812492,0.38491336,0.8341198,0.2885993,-0.5978602,0.034055352,0.0885192,0.60300946,-200.0,143.61063153242864,200.0,-200.0,-200.0,200.0,92.71831981120079,-73.98530293479821,200.0,-72.88244926552201,200.0,-77.9945360438279,-0.11131181,-0.03586137,-0.7451489,1.5684315,-1.1308366,-0.096963644,0.039521955,0.054772828,-0.5749557,1.5553638,-0.9800812,0.067541845,-0.69456017,-0.30628982,1.7116717,2.7215383,1.1438097,-13.928457,-14.191073,-0.76944035,8.360032,-6.249357,-14.242203,0.07097899
125,-0.7194477,0.24386516,-0.22494897,-0.067943774,3.9295555e-05,-0.9976891,1.0,0.0,0.0,-0.055544507,-0.010009134,0.050454855,-0.022177696,-0.2201379,-0.12957199,-0.030774994,0.077950366,0.2617061,-0.069950104,-0.21464509,0.17048524,0.53514045,0.24199717,-0.11676158,-0.02688695,0.78478783,0.2738549,-0.05633035,0.25627813,-0.005572993,0.026975779,0.268279,0.86836445,-0.2415481,-1.1852089,-0.099222735,-0.072310746,-0.40401658,0.5028024,0.52982104,-0.7983294,-0.22947909,-0.100155085,0.3768443,-0.25592732,200.0,200.0,-200.0,200.0,200.0,61.14089108063001,200.0,200.0,-200.0,-200.0,-28.934927066776254,200.0,-0.055544507,-0.010009134,-0.74954516,1.5778223,-1.0201379,-0.12957199,-0.030774994,0.077950366,-0.5382939,1.5300499,-1.0146451,0.17048524,10.702809,4.8399434,-2.3352315,-0.537739,15.695757,5.477098,-1.126607,5.125562,-0.11145986,0.53951555,5.3655796,17.367289
126,0.0014544334,0.6933836,-0.17834648,-0.048616264,0.0130399475,-0.9987324,1.0,0.0,0.0,-0.0019716655,0.008178626,0.008625269,-0.02959001,-0.168885,0.030330839,0.012496308,0.106612995,0.2222352,-0.04277408,-0.09775239,0.22006878,0.049960926,-0.035177883,-0.2709719,-0.05580498,-0.175751,1.212015,0.435498,0.06428473,-0.3948682,0.3109183,0.426117,-0.2846234,-0.723264,-0.46426243,1.3799119,0.01522579,-0.63270855,0.23245832,-0.031171799,-0.32201785,0.98091197,-0.32043993,0.22536333,-0.7164681,200.0,-200.0,-200.0,-200.0,200.0,-200.0,-200.0,-200.0,-200.0,-89.83930214694257,-200.0,200.0,-0.0019716655,0.008178626,-0.79137474,1.57041,-0.968885,0.030330839,0.012496308,0.106612995,-0.5777648,1.557226,-0.8977524,0.22006878,0.9992185,-0.7035576,-5.419438,-1.1160996,-3.51502,24.240301,8.70996,1.2856945,-7.8973637,6.2183657,8.52234,-5.692468
127,0.69925314,-0.016339913,0.42274442,-0.037477627,-0.0022985023,-0.9992948,1.0,0.0,0.0,-0.052792482,-0.032139573,-0.018673241,0.010892987,-0.26733798,0.18116197,0.0340104,0.08973994,0.18929929,-0.011699796,-0.0074051023,0.0573274,-0.49746606,-0.30829355,-0.0021889033,0.18713613,-0.8949258,0.6737239,-0.12376189,-0.19981793,0.016574055,0.013744317,0.49763837,-1.2494798,-0.031153519,1.3256489,0.63015956,-0.4250624,0.56768787,-0.68916553,-0.5919324,0.9146578,0.544723,-0.35822546,-0.9618832,0.34156904,-89.06570542564666,-200.0,200.0,-200.0,20.001138887957552,-200.0,-200.0,-200.0,200.0,23.058690682370653,-200.0,153.97207196447505,-0.052792482,-0.032139573,-0.81867325,1.610893,-1.067338,0.18116197,0.0340104,0.08973994,-0.6107007,1.5883002,-0.8074051,0.0573274,-9.949321,-6.1658707,-0.043778066,3.7427225,-17.898516,13.474478,-2.4752378,-3.9963584,0.3314811,0.27488634,9.952767,-24.989595
128,0.018877735,-0.63517255,0.41143095,-0.051979665,-0.014738757,-0.9985394,1.0,0.0,0.0,-0.103325725,-0.06779619,0.020165563,0.017142296,-0.33974022,0.20806235,-0.03916761,0.07257805,0.23783994,-0.04318559,-0.017596364,-0.08955644,-0.06968116,-0.06178835,0.35125738,-0.07944999,0.060788304,-0.30432135,-0.564925,-0.00400264,0.42888877,-0.30143076,-0.4887701,-0.31302035,0.4196955,0.52420974,-0.7168274,-0.8927304,0.20688114,-0.33217618,0.66423166,-0.15398583,-0.44356966,-0.24618617,0.15753503,0.5494798,-200.0,200.0,200.0,-200.0,-200.0,200.0,200.0,200.0,200.0,-200.0,200.0,-200.0,-0.103325725,-0.06779619,-0.77983445,1.6171423,-1.1397402,0.20806235,-0.03916761,0.07257805,-0.5621601,1.5568144,-0.8175964,-0.08955644,-1.3936231,-1.235767,7.0251474,-1.5889997,1.2157661,-6.0864267,-11.2985,-0.0800528,8.577775,-6.028615,-9.775402,-6.260407
129,0.08206585,0.023786055,-0.3669619,-0.06267811,-0.016256291,-0.9979014,1.0,0.0,0.0,-0.062068053,-0.07063978,0.0666616,-0.014329553,-0.22837418,0.061779812,-0.0930051,0.06441806,0.28795755,-0.079069495,-0.07088256,-0.061426897,0.43469402,0.016257644,0.14082412,-0.2275013,0.9562953,-1.0425323,-0.034464568,-0.07073193,0.10950315,-0.075056806,-0.2086207,0.43932366,-0.002668907,-0.3092099,-0.54327667,0.7086094,-0.32019305,0.30554667,0.3861732,-0.08932227,-0.33298942,0.9859927,0.35048246,0.03640783,200.0,-200.0,-200.0,-200.0,200.0,200.0,200.0,200.0,-200.0,-200.0,200.0,-200.0,-0.062068053,-0.07063978,-0.7333384,1.5856705,-1.0283742,0.061779812,-0.0930051,0.06441806,-0.51204246,1.5209305,-0.8708826,-0.061426897,8.69388,0.32515287,2.8164825,-4.550026,19.125906,-20.850645,-0.68929136,-1.4146385,2.190063,-1.5011361,-4.172414,8.786473
130,0.6514925,0.5529523,-0.5263484,-0.050707646,-0.033592585,-0.99814844,1.0,0.0,0.0,-0.02104675,-0.086064555,0.03203726,0.012365103,-0.14366102,-0.0020039289,-0.046985913,0.037314836,0.26447743,-0.05190265,-0.026874185,-0.013368228,0.09710537,-0.17850362,-0.3626763,0.3095955,-0.0094645275,0.14464423,0.45169064,-0.17972218,-0.3128417,0.31197828,0.56416994,0.12036165,-0.64012223,0.70889103,1.2667011,-0.13855359,0.032420535,0.8120354,-0.13077408,0.9583257,0.63775504,-0.61172086,0.1085221,-0.45959255,200.0,-89.67636825247669,-200.0,200.0,200.0,-32.07399768428225,-74.46461700839112,-200.0,-200.0,200.0,-200.0,200.0,-0.02104675,-0.086064555,-0.76796275,1.6123651,-0.94366103,-0.0020039289,-0.046985913,0.037314836,-0.5355226,1.5480974,-0.8268742,-0.013368228,1.9421073,-3.5700724,-7.2535257,6.19191,-0.18929055,2.8928845,9.0338125,-3.5944436,-6.256834,6.2395654,11.283399,2.407233
131,0.08448791,-0.047323927,0.16019467,-0.0416078,-0.047489043,-0.9980048,1.0,0.0,0.0,-0.057796564,-0.09575793,0.0017040968,0.0337826,-0.09214765,0.13062409,-0.010165124,0.023813598,0.23920017,-0.018683672,0.043524027,-0.09955913,-0.41294977,0.060012873,0.02381703,-0.053124648,0.27075037,1.0877417,-0.04896557,0.019274727,0.037352916,0.026086068,0.14876191,-0.752228,-0.17186165,0.37093294,1.0133696,-1.3469825,0.48768288,-0.32221055,-0.585963,0.27384555,0.58877903,-0.45054352,-0.09310554,-0.122400366,-200.0,200.0,200.0,-200.0,-25.100245014942686,-3.3483345225831727,-200.0,200.0,200.0,-200.0,-21.27016906213686,200.0,-0.057796564,-0.09575793,-0.7982959,1.6337826,-0.89214766,0.13062409,-0.010165124,0.023813598,-0.56079984,1.5813164,-0.756476,-0.09955913,-8.258995,1.2002574,0.47634062,-1.062493,5.415007,21.754833,-0.9793114,0.38549453,0.74705833,0.52172136,2.975238,-15.04456
132,-0.6045635,-0.62993944,0.33610016,-0.05666083,-0.0357982,-0.9977515,1.0,0.0,0.0,-0.111870915,-0.060745873,0.04618895,-0.0031235218,0.024085581,0.22470452,-0.06631785,0.047352884,0.28954154,-0.04865992,0.0024639964,-0.1524705,-0.2850252,0.2256892,0.25445735,-0.061914112,0.141116,-0.29314896,-0.4798152,0.19287436,0.43461886,-0.308395,-0.4301426,0.027127674,0.53574723,-1.119467,-0.7030046,1.0041502,-0.39744332,-0.6025252,0.36158666,-0.97153616,-0.9872261,0.46869695,-0.6522678,0.7657576,-200.0,200.0,200.0,-200.0,-200.0,61.2682407452827,-141.42269122312246,200.0,200.0,-200.0,200.0,-200.0,-0.111870915,-0.060745873,-0.75381106,1.5968765,-0.77591443,0.22470452,-0.06631785,0.047352884,-0.51045847,1.5513401,-0.797536,-0.1524705,-5.700504,4.513784,5.089147,-1.2382822,2.8223197,-5.862979,-9.596304,3.8574872,8.692377,-6.1679,-8.602852,0.5425535
133,0.028617453,-0.055243075,-0.34663793,-0.06904577,-0.025471756,-0.9972883,1.0,0.0,0.0,-0.11242935,-0.04087458,0.053451896,0.025446653,-0.050934672,0.06180635,-0.10571698,0.062134854,0.33861315,-0.074647784,-0.17399353,-0.03524457,0.22866757,-0.001713546,-0.14601795,0.30804792,-0.70397544,-1.2402059,0.034807447,-0.015550057,0.08101774,0.015610163,-1.0265176,1.042405,0.46422318,-0.30220628,-0.061364044,-0.9350147,-0.422684,0.25765675,0.1224803,0.012547195,-0.33314854,-0.1848565,0.5409594,-0.15388401,200.0,-200.0,-200.0,200.0,57.97810453055331,200.0,200.0,-200.0,-200.0,200.0,-32.282527909046394,-200.0,-0.11242935,-0.04087458,-0.7465481,1.6254467,-0.8509347,0.06180635,-0.10571698,0.062134854,-0.46138686,1.5253522,-0.97399354,-0.03524457,4.5733514,-0.03427092,-2.9203591,6.1609583,-14.079509,-24.804117,0.69614893,-0.31100115,1.6203548,0.31220326,-20.530352,20.8481
134,0.381553,0.3280477,-0.8175517,-0.061785467,-0.036780313,-0.99741155,1.0,0.0,0.0,-0.0054655527,-0.06428893,0.019545019,0.06434083,-0.17832392,-0.07501131,-0.050998792,0.053570416,0.34037486,-0.08801603,-0.27072805,0.068107426,0.7781121,-0.21324678,-0.16746871,0.098186724,-0.5322408,-0.22969125,0.36778674,-0.070854865,-0.05348087,-0.105824366,-0.040186893,0.082201056,-0.35175368,0.38100937,1.0281801,-1.3218884,0.29627338,0.69565445,-0.09431547,0.67057914,-0.14385144,-0.44817728,0.6965253,-0.7130446,-5.57438303864933,-21.474004657083157,-200.0,-96.09110767787455,200.0,-200.0,200.0,-200.0,3.0932836807262447,-200.0,45.26945537922694,200.0,-0.0054655527,-0.06428893,-0.780455,1.6643409,-0.97832394,-0.07501131,-0.050998792,0.053570416,-0.45962515,1.511984,-1.0707281,0.068107426,15.5622425,-4.2649355,-3.349374,1.9637344,-10.644816,-4.593825,7.355735,-1.4170973,-1.0696174,-2.1164873,-0.8037378,1.644021
135,-0.22580923,0.36686784,0.12475926,-0.047224645,-0.039175168,-0.9981158,1.0,0.0,0.0,0.09106679,-0.08248814,0.010456741,0.044793367,-0.17903054,-0.01757428,-0.030439107,0.061524574,0.32583305,-0.12301862,-0.17019302,-0.025732724,0.24543552,0.0135476515,0.044150975,-0.25855005,0.42800543,0.7107007,-0.06813147,0.13618514,-0.086721264,-0.23637961,0.9471585,-0.9190367,-1.2730316,0.03829653,0.77534366,0.09987157,0.37056774,0.59030956,-0.5088327,-0.5543581,0.52457684,1.0781324,0.37481993,-0.11996076,-81.61567390660525,200.0,-200.0,-200.0,200.0,-200.0,-200.0,200.0,200.0,-200.0,200.0,200.0,0.09106679,-0.08248814,-0.7895433,1.6447934,-0.97903055,-0.01757428,-0.030439107,0.061524574,-0.47416696,1.4769814,-0.970193,-0.025732724,4.9087105,0.27095303,0.88301945,-5.171001,8.560108,14.214013,-1.3626294,2.7237027,-1.7344252,-4.727592,18.94317,-18.380733
136,-0.10424183,-0.3725572,0.778509,-0.04942227,-0.031759482,-0.9982729,1.0,0.0,0.0,0.0811668,-0.07309696,0.041538358,0.00558877,-0.018091083,0.18512754,-0.11114587,0.075800136,0.31943884,-0.1153301,-0.036872268,-0.13603501,-0.29723272,0.07538667,0.25243467,-0.14453097,0.83676,0.89894956,-0.6636035,0.008858777,0.005348683,0.280922,0.533591,-0.21434811,0.008232604,0.06577724,-0.3973454,0.33000144,-0.689932,-0.14462641,0.77554035,-0.32416505,0.29992115,0.58540624,-0.046847507,0.43849656,-200.0,-200.0,200.0,200.0,200.0,200.0,-200.0,156.6043832256202,200.0,200.0,-54.40535015232058,-109.78405303001512,0.0811668,-0.07309696,-0.75846165,1.6055888,-0.8180911,0.18512754,-0.11114587,0.075800136,-0.48056117,1.4846699,-0.8368723,-0.13603501,-5.944654,1.5077335,5.048693,-2.8906193,16.735199,17.97899,-13.272069,0.17717552,0.106973656,5.6184397,10.67182,-4.286962
137,-0.05570671,-0.19775419,0.12236789,-0.060077626,-0.02729203,-0.99782056,1.0,0.0,0.0,0.047737103,-0.05312734,0.06271678,0.014029741,0.042991877,0.25538546,-0.18790129,0.07445191,0.30419987,-0.03143239,-0.017323256,-0.067705564,-0.105804555,0.11485543,-0.005850961,0.1984825,-0.13014185,-0.09776598,-0.16334224,-0.025875553,-0.1214936,0.5133875,-0.062229764,0.7966281,0.45407075,-0.5274312,-0.32204774,-0.51253194,-0.6788219,-0.669851,0.9370297,0.46827924,-0.39113623,-1.0587609,-0.4346844,-0.117379524,200.0,-200.0,101.47610328346146,200.0,-1.4958462455536576,200.0,31.437232442339493,129.8880242477819,-200.0,200.0,-200.0,-200.0,0.047737103,-0.05312734,-0.73728323,1.6140298,-0.75700814,0.25538546,-0.18790129,0.07445191,-0.49580014,1.5685676,-0.81732327,-0.067705564,-2.116091,2.2971087,-0.11701922,3.96965,-2.602837,-1.9553196,-3.2668447,-0.51751107,-2.429872,10.26775,-1.2445953,15.932562
138,-0.036255747,0.5466079,-0.52857584,-0.051325355,-0.02616067,-0.9983393,1.0,0.0,0.0,0.08419785,-0.037851408,0.03911966,0.038616657,-0.08718866,0.1328502,-0.1504339,0.09085253,0.25769347,0.054701924,-0.11923379,-0.014328611,0.42045757,0.041344564,-0.21040802,0.058568478,-1.0764399,-1.0346224,0.47220507,0.1686886,-0.33183378,0.36405465,-0.6711306,-0.14130251,0.0047468795,-0.5039716,1.0295146,-1.5999854,0.46184897,-0.17343709,0.05624575,-0.031503797,0.24617036,-1.088911,-0.5453199,-0.5001741,200.0,200.0,-200.0,-200.0,30.16586358982272,-136.44666654686174,200.0,-200.0,-200.0,-200.0,-200.0,-200.0,0.08419785,-0.037851408,-0.76088035,1.6386167,-0.8871887,0.1328502,-0.1504339,0.09085253,-0.54230654,1.654702,-0.9192338,-0.014328611,8.409151,0.8268913,-4.2081604,1.1713696,-21.528797,-20.692448,9.444101,3.373772,-6.6366754,7.2810926,-13.422612,-2.8260503
139,0.5544629,0.00444909,-0.2664732,-0.04205711,-0.038296964,-0.99838096,1.0,0.0,0.0,0.115016885,-0.055103213,0.03701049,0.016183376,-0.19643992,0.012580296,-0.080642074,0.09204604,0.23036951,0.08825219,-0.26365274,-0.13532016,-0.0678183,-0.18342075,0.13763793,-0.25061858,-0.11415378,-0.40895906,0.28027382,-0.11950823,-0.0038291924,0.019454552,-0.6157842,-0.7788458,-0.83424366,0.93019676,1.189841,-1.0635806,1.1153622,0.90162474,-0.1819166,0.26237953,0.38359192,-0.1444641,-0.33625162,0.22937985,-5.619766288964854,-157.3285085841909,58.03331695342373,-200.0,54.643662705700876,36.70897681371912,-200.0,-200.0,200.0,-200.0,200.0,40.762835350496175,0.115016885,-0.055103213,-0.7629895,1.6161834,-0.99643993,0.012580296,-0.080642074,0.09204604,-0.5696305,1.6882522,-1.0636528,-0.13532016,-1.3563659,-3.6684148,2.7527585,-5.0123715,-2.2830756,-8.179181,5.6054764,-2.3901646,-0.07658385,0.38909104,-12.315684,-15.576916
140,-0.07702613,-0.59014577,0.6659794,-0.056997877,-0.04638014,-0.9972964,1.0,0.0,0.0,0.05175831,-0.06891443,0.08316368,-0.0330801,-0.11098826,0.025872588,-0.07757476,0.0877725,0.26926023,0.06112528,-0.30579156,-0.18784095,-0.5003295,0.0024165232,0.25029343,-0.17367747,0.8772432,0.43301255,-0.17067789,0.06792954,0.29584762,-0.2248001,-0.029582972,0.16219907,0.050389674,0.36152783,-0.49925563,0.78525484,0.59490293,0.5677329,-0.24229878,0.1804147,-0.9154308,0.25300097,-0.03696899,0.6397657,-200.0,200.0,-40.02001672875099,-200.0,-61.928362797940565,200.0,-200.0,200.0,200.0,-200.0,200.0,200.0,0.05175831,-0.06891443,-0.71683633,1.5669199,-0.9109883,0.025872588,-0.07757476,0.0877725,-0.5307398,1.6611253,-1.1057916,-0.18784095,-10.00659,0.048330463,5.0058684,-3.4735494,17.544865,8.660251,-3.4135578,1.3585908,5.9169526,-4.4960017,-0.5916594,3.2439811
141,-0.48149636,0.037853733,0.5932259,-0.06806337,-0.031949278,-0.9971693,1.0,0.0,0.0,0.008110963,-0.05897336,0.07823986,-0.005822301,0.0715251,0.16644233,-0.12324411,0.1158601,0.28725624,0.054510117,-0.22567695,-0.0528307,-0.0434718,0.077840395,-0.27877223,0.43735614,0.56656414,0.66430676,-0.25978732,0.18737696,-0.07436721,0.116940334,0.5649741,0.9367245,0.71789384,-0.73192275,-0.46416345,0.16117883,-0.87601316,-0.33258882,0.4014909,-0.6922352,-0.36823562,-0.46908554,0.11910255,-0.42296872,200.0,-200.0,-200.0,200.0,-200.0,-200.0,200.0,200.0,-200.0,200.0,-96.76162149803599,-200.0,0.008110963,-0.05897336,-0.72176015,1.5941777,-0.7284749,0.16644233,-0.12324411,0.1158601,-0.5127438,1.6545101,-1.025677,-0.0528307,-0.86943597,1.5568079,-5.5754447,8.747123,11.331283,13.286135,-5.1957464,3.7475393,-1.4873441,2.3388066,11.299482,18.73449
142,0.15926056,0.6632329,-0.21307717,-0.053164188,-0.026865607,-0.9982243,1.0,0.0,0.0,0.05483509,-0.07295283,-0.0048474073,0.08561742,0.079958856,0.19576801,-0.11897273,0.13482973,0.24973226,0.06017363,-0.10023874,0.030947627,0.4572373,-0.19746904,-0.50143844,0.41441336,-0.38332936,-0.275579,0.2546321,0.020788647,-0.281446,-0.04473527,0.48729268,-0.004084118,-0.3727823,0.37862387,1.193742,-1.3007257,-0.75245535,-0.37446824,0.32474032,-0.026921093,1.114926,-0.9869798,0.4902959,-0.6061287,200.0,-200.0,-200.0,-200.0,-52.440940465836775,-200.0,200.0,-200.0,-200.0,-200.0,-200.0,-200.0,0.05483509,-0.07295283,-0.8048474,1.6856174,-0.72004116,0.19576801,-0.11897273,0.13482973,-0.55026776,1.6601737,-0.90023875,0.030947627,9.144746,-3.9493809,-10.028769,8.288267,-7.6665874,-5.51158,5.0926414,0.41577294,-5.62892,-0.8947054,9.745853,-0.08168236
143,0.17398396,0.0031324665,-0.36383763,-0.040959034,-0.03386977,-0.9985866,1.0,0.0,0.0,0.09309426,-0.10170926,-0.06305295,0.13354814,-0.10218799,0.045494333,-0.02919919,0.1337253,0.23359513,0.011560321,0.0733881,-0.07308931,-0.01976404,-0.09244629,-0.12595241,0.0981841,-1.3028506,-0.91043675,0.60139596,-0.026403261,0.08924274,-0.40550587,0.9066105,-0.94281083,-0.8045765,0.35171285,0.6500328,-0.78880996,-0.058903594,0.45110413,-0.38352117,-0.124102265,0.8281644,0.48980802,0.16441755,0.09541171,155.88360901153658,-200.0,200.0,-200.0,-69.82357482107341,-200.0,-200.0,200.0,200.0,-200.0,-97.45561337479944,59.23113236022493,0.09309426,-0.10170926,-0.86305296,1.7335482,-0.902188,0.045494333,-0.02919919,0.1337253,-0.5664049,1.6115603,-0.7266119,-0.07308931,-0.39528078,-1.8489257,-2.519048,1.963682,-26.05701,-18.208735,12.027919,-0.5280652,1.7848548,-8.110117,18.13221,-18.856216
144,0.1567259,-0.630333,0.27739233,-0.054604866,-0.04002693,-0.99770546,1.0,0.0,0.0,0.031473346,-0.10824611,-0.052004874,0.12162447,-0.25715238,-0.033022914,0.020352889,0.116318166,0.2783236,-0.051640272,0.14246637,-0.15651663,-0.5458646,0.0067579425,0.20505393,-0.1886497,-0.34353152,0.030934725,-0.04661576,-0.09067065,0.3023439,-0.1424143,-0.10320945,-0.016906822,0.147793,0.30489787,-0.957141,0.010806732,0.24603437,0.68992215,-0.75661933,0.17279652,-0.542379,0.46130502,-0.6305106,0.7018202,-200.0,-200.0,200.0,200.0,187.60402646652508,200.0,-200.0,200.0,200.0,-200.0,200.0,200.0,0.031473346,-0.10824611,-0.8520049,1.7216245,-1.0571524,-0.033022914,0.020352889,0.116318166,-0.5216764,1.5483598,-0.65753365,-0.15651663,-10.917292,0.13515885,4.1010785,-3.7729938,-6.8706303,0.6186945,-0.9323152,-1.813413,6.046878,-2.848286,-2.064189,-0.33813643
145,-0.44975585,0.031476498,0.3760722,-0.0659621,-0.03126686,-0.99733216,1.0,0.0,0.0,-0.030720392,-0.08602013,-0.03758031,0.08838761,-0.21721941,0.08026105,-0.029815018,0.11606854,0.2991243,-0.037618756,0.014987409,-0.055535275,-0.1163577,0.19049057,-0.038257185,-0.14481972,0.64382285,1.0042633,-0.424683,0.051835,-0.05554075,0.2418034,-1.07313,0.9331817,0.9869422,-0.5252205,-0.34051898,-0.1969705,-0.1997969,-0.22621372,0.16611645,-0.1574629,-0.45584345,-0.7434637,-0.31861803,-0.22639877,-200.0,72.88534438869279,-200.0,200.0,-200.0,200.0,200.0,200.0,-200.0,-11.484781046635192,200.0,200.0,-0.030720392,-0.08602013,-0.8375803,1.6883876,-1.0172194,0.08026105,-0.029815018,0.11606854,-0.5008757,1.5623813,-0.7850126,-0.055535275,-2.327154,3.8098114,-0.7651437,-2.8963943,12.876457,20.085266,-8.49366,1.0367,-1.110815,4.8360677,-21.462599,18.663633
146,0.14943267,0.697778,-0.4068344,-0.049997922,-0.026662081,-0.99839336,1.0,0.0,0.0,0.0038580492,-0.07717372,-0.065472186,0.04442537,-0.1804952,0.17766477,-0.057940837,0.10899072,0.26599312,-0.009318829,-0.11286718,0.027707549,0.4123148,-0.08365544,-0.22182894,-0.2834988,-0.028009295,0.06393779,0.092047825,-0.10545528,-0.25762936,0.06267884,-0.44808957,-0.0068249456,-0.36185846,-0.54218006,1.4000525,0.30061495,-0.8452319,-0.48317847,0.78599966,0.75031346,0.6367158,-0.60767424,0.16047125,-0.5073426,200.0,-200.0,-200.0,-200.0,40.1659464266466,-200.0,200.0,-200.0,-200.0,-200.0,-18.589225542471773,-200.0,0.0038580492,-0.07717372,-0.8654722,1.6444254,-0.9804952,0.17766477,-0.057940837,0.10899072,-0.5340069,1.5906812,-0.9128672,0.027707549,8.246296,-1.6731087,-4.4365788,-5.6699758,-0.5601859,1.2787558,1.8409564,-2.1091056,-5.1525874,1.2535768,-8.961791,-0.13649891
147,0.27963114,0.029794598,-0.36731213,-0.036314078,-0.035962883,-0.9986931,1.0,0.0,0.0,0.042146794,-0.098723374,-0.08703625,0.0017910004,-0.29453033,0.0831414,0.013915995,0.098627314,0.25126463,-0.03394854,-0.09744704,-0.07770928,0.014639571,-0.117812894,-0.019289976,-0.15432827,-1.0135382,-0.9106579,0.581051,-0.011539831,0.080594026,-0.27559268,0.47463527,-0.8728501,-0.896435,0.43820354,1.157387,0.5188193,0.57879335,0.48200837,-0.3720772,0.24811503,0.27636516,0.9110983,-0.21174811,0.1877715,200.0,200.0,200.0,-200.0,116.4170475466961,-40.82836179659239,-200.0,-200.0,200.0,200.0,-200.0,-200.0,0.042146794,-0.098723374,-0.88703626,1.601791,-1.0945303,0.0831414,0.013915995,0.098627314,-0.5487354,1.5660515,-0.89744705,-0.07770928,0.29279143,-2.356258,-0.3857995,-3.0865655,-20.270765,-18.213158,11.621019,-0.23079662,1.6118804,-5.5118537,9.492705,-17.457003
148,-0.27472863,-0.31194472,0.56118923,-0.0427632,-0.03437912,-0.99849355,1.0,0.0,0.0,-0.016886842,-0.09123688,-0.0832147,-0.014426112,-0.39252633,0.005045397,0.07544559,0.11584075,0.26393795,-0.056606293,-0.098526776,-0.14796053,-0.550831,0.15769786,0.05301149,-0.015794152,-0.061371893,0.035563435,0.0790617,0.1582083,0.04460263,0.018388977,-0.23400311,0.07650277,0.11227625,0.005538106,-0.8297004,-0.19838244,0.41804865,0.6873307,-0.76225317,-0.4132949,-0.50798976,-0.43331367,-0.6777505,0.5812815,-200.0,125.45264405778454,-22.39453349085374,200.0,-4.483178698707832,200.0,-200.0,200.0,200.0,200.0,200.0,200.0,-0.016886842,-0.09123688,-0.8832147,1.5855739,-1.1925263,0.005045397,0.07544559,0.11584075,-0.53606206,1.5433937,-0.8985268,-0.14796053,-11.016621,3.1539571,1.0602298,-0.31588304,-1.2274379,0.7112687,1.581234,3.1641657,0.89205253,0.36777952,-4.6800623,1.5300554
149,-0.16672501,0.3711091,0.58987373,-0.04030579,-0.025537949,-0.99886096,1.0,0.0,0.0,-0.075548306,-0.076982185,-0.09565252,-0.020204782,-0.29299062,0.10315929,0.038437933,0.125772,0.25875527,-0.06801975,-0.24057752,-0.026115062,-0.048823405,-0.027159764,-0.20184453,0.09392169,0.9791638,0.7117817,-0.4057114,-0.025776526,-0.07650825,-0.12421229,-0.92486477,1.0464424,1.0880822,-0.33805823,0.51365787,-0.028706886,-0.30297294,-0.091790624,0.12115316,-0.2713578,0.33849758,0.051859662,-0.4871499,-0.2155009,-200.0,-200.0,-200.0,-200.0,30.38750375090524,200.0,200.0,181.93062650794957,-200.0,-200.0,200.0,200.0,-0.075548306,-0.076982185,-0.89565253,1.5797952,-1.0929906,0.10315929,0.038437933,0.125772,-0.54124475,1.5319803,-1.0405775,-0.026115062,-0.9764681,-0.54319525,-4.0368905,1.8784338,19.583277,14.235634,-8.114228,-0.5155305,-1.5301648,-2.4842458,-18.497295,20.928846
150,0.2912808,-0.1907036,-0.15213317,-0.038031075,-0.028458225,-0.99887127,1.0,0.0,0.0,-0.016590795,-0.11348848,-0.103182614,-0.015552759,-0.20506674,0.14209318,-0.0003717522,0.106598735,0.26065797,-0.07424438,-0.44565016,0.07555369,0.58082443,-0.30947152,0.09857761,-0.016219182,0.00454146,-0.22849417,-0.021780157,-0.15596054,0.06509999,0.10822087,-0.638045,0.040116917,-0.2734607,0.49705514,0.4113139,-0.0047052577,-1.3749005,-0.37978974,0.88435006,0.69643635,0.09548055,-0.20500168,0.54168886,-0.9097529,200.0,-200.0,113.44701769038613,173.83370510931906,200.0,-200.0,200.0,-200.0,200.0,-24.564801949592763,-191.68887130497004,-200.0,-0.016590795,-0.11348848,-0.9031826,1.5844473,-1.0050668,0.14209318,-0.0003717522,0.106598735,-0.53934205,1.5257556,-1.2456502,0.07555369,11.616488,-6.18943,1.9715523,-0.32438365,0.0908292,-4.5698833,-0.43560314,-3.119211,1.3019998,2.1644173,-12.7609,0.80233836
151,-0.2808916,-0.2660885,0.12303051,-0.047106616,-0.027879965,-0.9985007,1.0,0.0,0.0,0.03372368,-0.12604749,-0.082286954,0.0010714531,-0.2998448,0.026641943,0.0583668,0.11043711,0.2667796,-0.06734884,-0.46539956,-0.023028154,-0.020807771,0.1493067,0.11033124,0.16201864,-0.838046,-0.76828825,0.55123776,0.16942517,0.0025647858,-0.029590217,0.3433911,-0.9291612,-0.9900285,0.03716159,-0.73681694,-0.37383997,0.21452336,0.57546866,-0.31712952,-0.65404475,-0.6122118,-0.8545817,0.38811666,0.2535541,200.0,200.0,-200.0,-200.0,200.0,-200.0,-200.0,200.0,200.0,-173.49096231962014,-200.0,-101.87668304169529,0.03372368,-0.12604749,-0.88228697,1.6010715,-1.0998448,0.026641943,0.0583668,0.11043711,-0.5332204,1.5326512,-1.2653996,-0.023028154,-0.41615543,2.9861338,2.2066247,3.2403727,-16.76092,-15.365765,11.024755,3.3885036,0.051295716,-0.5918043,6.8678217,-18.583223
152,-0.11183201,0.42334765,0.6416842,-0.044367403,-0.019532923,-0.9988243,1.0,0.0,0.0,-0.04167926,-0.08993501,-0.08483219,0.014026165,-0.35917765,-0.02276738,0.10502851,0.123848215,0.24425471,-0.08298886,-0.28720313,-0.10252329,-0.65839785,0.1997853,-0.106822014,-0.010980252,0.14636678,0.17983237,-0.07464597,0.00017039424,-0.22419207,-0.027272522,1.3589246,0.018378561,0.56681883,-0.50223213,-0.034738,-0.15707076,0.71644866,0.012814619,-0.57657933,-0.33763736,0.88948774,0.48329455,-0.73784065,0.5462354,-200.0,-200.0,-200.0,-200.0,200.0,200.0,-200.0,200.0,-200.0,-200.0,200.0,200.0,-0.04167926,-0.08993501,-0.8848322,1.6140262,-1.1591777,-0.02276738,0.10502851,0.123848215,-0.5557453,1.5170112,-1.0872031,-0.10252329,-13.167956,3.995706,-2.1364403,-0.21960504,2.9273355,3.5966473,-1.4929193,0.0034078846,-4.4838414,-0.54545045,27.178492,0.3675712
153,0.3053066,-0.095604494,0.58886784,-0.038078737,-0.022611927,-0.99901885,1.0,0.0,0.0,-0.10786704,-0.08867719,-0.085915804,0.010376811,-0.2298966,-0.005055673,0.025335517,0.09764797,0.22690415,-0.07791138,-0.123357475,0.004008307,-0.094511956,-0.13118188,0.0469488,-0.031880062,1.0397519,0.07292098,-0.6552188,-0.24094713,0.011847214,0.073037274,0.37842357,0.93858737,0.9577484,0.1537613,0.6146381,-0.4174752,-0.8689793,0.19965488,0.460854,1.0026348,0.92490685,0.42887974,-1.0753864,0.30201867,-200.0,-200.0,200.0,200.0,-200.0,200.0,200.0,-200.0,69.48349294279475,-200.0,200.0,-34.04963513760677,-0.10786704,-0.08867719,-0.8859158,1.6103768,-1.0298966,-0.005055673,0.025335517,0.09764797,-0.57309586,1.5220886,-0.9233575,0.004008307,-1.8902391,-2.6236374,0.938976,-0.6376012,20.795038,1.4584196,-13.104376,-4.8189425,0.23694427,1.4607455,7.5684714,18.771748
154,-0.5336786,-0.7329745,-0.09900981,-0.055951796,-0.016149262,-0.9983029,1.0,0.0,0.0,-0.06756482,-0.08862819,-0.04567468,-0.008375883,-0.13308406,0.064135976,-0.041955303,0.087411486,0.24758011,-0.04895544,-0.15620244,0.11585242,0.4420649,0.12530968,0.3180723,-0.09846709,0.067420565,0.35400042,-0.074010424,0.102239504,0.19170351,0.20211188,-0.60890937,0.40846393,0.008812438,-0.6824796,-1.1704106,-0.013453849,-1.1109987,-0.09284366,0.8962476,-0.12956339,-0.618868,-0.92518663,0.13464019,-0.76317173,200.0,200.0,200.0,200.0,-200.0,-38.67362290085208,200.0,200.0,200.0,-200.0,-200.0,-82.18974123859351,-0.06756482,-0.08862819,-0.8456747,1.5916241,-0.9330841,0.064135976,-0.041955303,0.087411486,-0.5524199,1.5510446,-0.95620245,0.11585242,8.841298,2.5061934,6.3614454,-1.9693418,1.3484113,7.0800085,-1.4802084,2.04479,3.8340702,4.0422378,-12.178187,8.169278
155,0.17753033,-0.1484677,-0.26371762,-0.07262822,-0.011430656,-0.9972936,1.0,0.0,0.0,-0.023955155,-0.083015226,-0.01938492,-0.0006097555,-0.21341795,0.04584581,-0.006502854,0.085550964,0.2635138,-0.026747227,-0.16934627,0.09452607,0.14445406,-0.062854774,0.002466901,0.11648845,-0.7807351,-0.26069146,0.38827547,-0.0917251,-0.011202363,0.035791073,0.37887016,-0.5283033,-0.80163395,0.037380308,-0.34228718,-0.13249016,0.13494073,0.0164283,-0.61126363,0.3840328,-0.6897856,-0.61680293,0.12718591,-0.09539085,200.0,-200.0,-200.0,-200.0,200.0,-200.0,76.20062191461629,-200.0,-200.0,-129.866755190172,-200.0,-25.055218939596784,-0.023955155,-0.083015226,-0.81938493,1.5993903,-1.013418,0.04584581,-0.006502854,0.085550964,-0.5364862,1.5732528,-0.9693463,0.09452607,2.8890812,-1.2570955,0.04933802,2.329769,-15.614701,-5.213829,7.765509,-1.834502,-0.22404726,0.71582144,7.577403,-10.566066
156,-0.2995129,0.5318155,0.4489256,-0.0635634,-0.0068851854,-0.9979541,1.0,0.0,0.0,-0.06125042,-0.06733738,-0.04022062,0.0040204525,-0.25949425,0.032212112,0.02170299,0.08488173,0.23882478,-0.031577826,-0.07425785,0.02639919,-0.4476677,0.1783859,-0.19052511,-0.03326909,0.22967827,-0.031427786,-0.06512187,0.05764487,-0.21417582,-0.074802995,0.444779,-0.27360162,0.13355187,-0.25347877,0.4341075,0.0927011,0.45427868,0.061977074,-0.4365932,-0.3164646,0.8071842,-0.30783653,-0.96150357,0.49355885,-200.0,200.0,-200.0,-200.0,-42.50684355390348,31.063902095017795,-200.0,56.00098892270384,-200.0,-200.0,200.0,0.8927498782472227,-0.06125042,-0.06733738,-0.84022063,1.6040205,-1.0594943,0.032212112,0.02170299,0.08488173,-0.5611752,1.5684222,-0.87425786,0.02639919,-8.953354,3.567718,-3.8105023,-0.6653817,4.5935655,-0.6285557,-1.3024373,1.1528974,-4.2835164,-1.4960599,8.89558,-5.472032
157,0.33261716,-0.1633779,0.3846062,-0.057610903,-0.008375908,-0.99830395,1.0,0.0,0.0,-0.09075445,-0.06772678,-0.05464846,0.010030508,-0.10991508,0.042186823,-0.05559828,0.06582714,0.2455054,-0.062237024,-0.12882733,0.06789476,0.096004434,-0.14748818,0.030275134,0.0635237,1.1269274,0.0512931,-0.64178383,-0.2311832,0.2350652,-0.2838156,-0.7558609,0.6313739,0.7645597,-0.27150932,0.29548123,0.6401542,-1.0547497,0.11967585,0.48332396,0.5091361,0.5329269,0.47766876,-0.8485501,0.12197731,-200.0,-200.0,200.0,-200.0,-200.0,200.0,200.0,-200.0,200.0,108.91686114865483,86.98851332074673,-11.58399220486109,-0.09075445,-0.06772678,-0.8546485,1.6100305,-0.9099151,0.042186823,-0.05559828,0.06582714,-0.5544946,1.537763,-0.92882735,0.06789476,1.9200886,-2.9497635,0.60550267,1.270474,22.538548,1.025862,-12.835676,-4.623664,4.701304,-5.676312,-15.117218,12.627478
158,0.17334844,-0.81287086,-0.17386733,-0.081118435,-0.018889746,-0.99652547,1.0,0.0,0.0,-0.0009428848,-0.10583895,-0.01902765,0.04058385,0.0066399574,0.06847906,-0.110427506,0.025146795,0.30398047,-0.056438565,-0.33473903,0.097936824,0.72776264,-0.18359463,0.270869,0.22548743,0.13800195,0.117631055,0.0038182305,-0.13711141,0.32882622,0.13257833,-1.069404,0.018609053,-0.24627863,0.58861923,-0.9687379,-0.67480415,-1.0430436,0.03677506,0.93239033,0.5344415,-0.67989624,-0.3808471,0.67566824,-0.68992966,200.0,200.0,-200.0,200.0,200.0,-73.81850685148046,200.0,68.1372288659195,126.57187093903622,200.0,-200.0,-17.694940470499958,-0.0009428848,-0.10583895,-0.81902766,1.6405839,-0.79336005,0.06847906,-0.110427506,0.025146795,-0.49601954,1.5435615,-1.134739,0.097936824,14.555253,-3.6718924,5.41738,4.5097485,2.7600389,2.352621,0.07636461,-2.742228,6.5765243,2.6515665,-21.388079,0.37218103
159,-0.3172112,-0.12887271,-0.16411404,-0.0980902,-0.01589519,-0.99505055,1.0,0.0,0.0,0.08461413,-0.109366804,0.012481689,0.066572905,-0.0694657,0.059117228,-0.047660526,0.03658026,0.3462508,-0.04352355,-0.44059116,-0.004820591,0.18592478,0.1001152,0.058109697,0.051981654,-0.80561495,-0.05745232,0.5661261,0.22696577,0.11173618,0.012901658,-0.08724417,-0.9496278,-0.866434,-0.3781561,-0.5518593,-0.8954359,0.0862018,0.22934341,-0.25789008,-0.69093555,-0.47944498,-1.3552423,0.5619016,0.05115423,200.0,200.0,-200.0,-200.0,200.0,-200.0,-200.0,200.0,-200.0,-200.0,-200.0,12.651438198625826,0.08461413,-0.109366804,-0.7875183,1.6665729,-0.8694657,0.059117228,-0.047660526,0.03658026,-0.4537492,1.5564765,-1.2405912,-0.004820591,3.7184956,2.002304,1.1621939,1.039633,-16.112299,-1.1490464,11.322522,4.539315,2.2347236,0.25803316,-1.7448833,-18.992556
160,0.30673352,0.55934703,0.4031503,-0.08831112,-0.016384605,-0.99595815,1.0,0.0,0.0,0.05729144,-0.1177324,-0.0012062192,0.061485052,-0.12163663,0.1072239,-0.00017037679,0.04276228,0.34371293,-0.05766046,-0.34973222,-0.087873206,-0.40553507,-0.14957993,-0.1755285,-0.08859941,0.18474993,0.26635408,-0.030173961,-0.13508414,-0.10762125,-0.13921843,0.8968138,0.021591472,0.23320903,0.62185967,0.5174306,-0.05420647,0.5777705,-0.099766955,-0.49539986,0.11100218,0.52218807,0.46138698,0.082123,0.6248253,-200.0,-200.0,-200.0,-200.0,200.0,200.0,-200.0,-200.0,-200.0,-200.0,200.0,-21.734021759200914,0.05729144,-0.1177324,-0.80120623,1.6614851,-0.92163664,0.1072239,-0.00017037679,0.04276228,-0.4562871,1.5423396,-1.1497322,-0.087873206,-8.110702,-2.9915984,-3.5105698,-1.7719883,3.6949985,5.3270817,-0.6034792,-2.7016828,-2.152425,-2.7843685,17.936275,0.43182942
161,-0.38620892,-0.08536031,0.5034752,-0.08047981,-0.0114945555,-0.99669,1.0,0.0,0.0,0.031700127,-0.11666446,0.0021181107,0.025261998,0.019937754,0.0695436,-0.051536355,0.035720274,0.34388578,-0.069746494,-0.20046121,0.020299815,0.103419386,0.11568689,0.1630057,-0.22285126,1.1001719,-0.3598375,-0.44588158,0.033606,0.0904818,0.0064134276,0.6153209,0.9656291,0.41025376,-0.17047983,0.10068008,0.6930697,-1.0173861,-0.048603356,0.44662622,-0.21353155,1.0023426,-0.040545046,0.19023998,-0.33370847,-200.0,129.59347437560135,200.0,200.0,-52.30944599048564,200.0,200.0,200.0,200.0,50.7218713648987,112.67935183104692,14.00682635184313,0.031700127,-0.11666446,-0.7978819,1.625262,-0.78006226,0.0695436,-0.051536355,0.035720274,-0.45611423,1.5302535,-1.0004612,0.020299815,2.0683877,2.3137379,3.2601137,-4.457025,22.003437,-7.19675,-8.917631,0.67212,1.809636,0.12826855,12.306418,19.312582
162,0.19600533,-0.6044221,-0.31752095,-0.09327293,-0.008449551,-0.99560475,1.0,0.0,0.0,0.11344372,-0.11664987,0.03850609,0.017410398,0.09471977,0.025184436,-0.084369384,0.02546919,0.36631274,-0.04931593,-0.12561399,0.07845636,0.60439867,-0.05708737,0.15496957,0.16096222,-0.34621036,-0.15406433,0.06320619,-0.09342482,0.1569342,0.124288574,0.3301188,-0.2096592,-0.27930957,-0.022620037,-0.88165534,0.44187877,-1.0794169,0.161888,0.6454737,0.50426936,-0.30943733,-0.60483104,0.4193021,-0.97325176,200.0,-200.0,200.0,-110.36921711165391,200.0,-200.0,92.39157506579318,-83.83768390408424,-11.686788261783704,200.0,-200.0,-78.04727018665362,0.11344372,-0.11664987,-0.7614939,1.6174104,-0.70528024,0.025184436,-0.084369384,0.02546919,-0.43368727,1.5506841,-0.925614,0.07845636,12.087974,-1.1417474,3.0993915,3.2192445,-6.924207,-3.0812864,1.2641237,-1.8684964,3.138684,2.4857714,6.602376,-4.193184
163,-0.12951806,-0.052777097,-0.28962982,-0.10725748,-0.011246044,-0.9941677,1.0,0.0,0.0,0.17665882,-0.10922069,0.027853131,0.07851803,-0.08088076,0.056992542,-0.007995759,0.053673953,0.3662595,-0.012206912,-0.01764357,-0.071546316,0.07963966,0.09843993,-0.22467564,0.4203786,-1.3125669,0.21750824,0.63115686,0.31706235,-0.12545629,0.23365748,0.7552037,-1.2079549,-0.84833604,-0.37329796,-0.29813895,-0.6238089,0.41051292,-0.008564837,-0.44866675,-0.37001172,-0.41790736,-0.7071507,-0.46354967,0.28585854,200.0,200.0,-200.0,-200.0,200.0,-200.0,-200.0,104.98132181327375,-200.0,200.0,-200.0,-4.7540166386440035,0.17665882,-0.10922069,-0.7721469,1.678518,-0.8808808,0.056992542,-0.007995759,0.053673953,-0.43374053,1.5877931,-0.8176436,-0.071546316,1.5927931,1.9687986,-4.4935126,8.407572,-26.251337,4.350165,12.6231365,6.3412466,-2.5091257,4.6731496,15.1040745,-24.159098
164,0.457599,0.6072968,0.2861243,-0.09536646,-0.01867156,-0.9952671,1.0,0.0,0.0,0.12687448,-0.1153937,-0.038184106,0.14397466,-0.2346018,0.04333477,0.051415112,0.07429635,0.30544212,0.04080808,-0.04373926,-0.18240058,-0.5122783,-0.13327304,-0.42365232,0.25543976,-0.32464838,-0.110904805,0.042584833,-0.07225969,-0.38427007,0.20496027,-0.5558034,-0.12021289,0.25064597,0.6277573,0.77101475,-1.0495094,0.7279302,-1.1485466,-0.40956005,0.2134483,0.76965356,-0.92362183,-0.44260907,0.71575457,-200.0,-200.0,-200.0,-200.0,-200.0,200.0,-200.0,-200.0,-132.21219335193098,-200.0,200.0,6.159005105013065,0.12687448,-0.1153937,-0.8381841,1.7439747,-1.0346018,0.04333477,0.051415112,0.07429635,-0.4945579,1.6408081,-0.8437393,-0.18240058,-10.245566,-2.6654606,-8.473046,5.108795,-6.4929676,-2.218096,0.8516966,-1.4451936,-7.6854014,4.0992055,-11.116068,-2.4042578
165,-0.15797557,-0.079778634,0.2888855,-0.08672575,-0.022470163,-0.9959788,1.0,0.0,0.0,0.07910653,-0.109503075,-0.07695037,0.15923607,-0.19385886,-0.086132236,0.01729,0.0791282,0.2748251,0.046121955,-0.17726225,-0.10379033,-0.017400168,0.15276606,-0.002655803,-0.06987423,0.6362056,-1.0872438,-0.3480186,0.10576067,0.033887155,-0.11948273,-0.5815196,0.81367874,0.8011312,0.022001714,0.658644,-1.1652219,-0.065283075,0.6705452,0.14459866,-0.2866331,0.58494073,-0.28926855,0.4074297,0.036222834,-200.0,184.15700904772467,200.0,-200.0,52.44465711404757,200.0,200.0,200.0,200.0,-200.0,200.0,-200.0,0.07910653,-0.109503075,-0.8769504,1.7592361,-0.9938589,-0.086132236,0.01729,0.0791282,-0.5251749,1.646122,-0.97726226,-0.10379033,-0.34800336,3.0553212,-0.053116057,-1.3974845,12.7241125,-21.744875,-6.9603715,2.1152134,0.6777431,-2.3896546,-11.630392,16.273575
166,-0.03580372,-0.69125026,-0.51933956,-0.10326032,-0.019442711,-0.99446434,1.0,0.0,0.0,0.14008531,-0.08301019,-0.034134805,0.11321342,-0.13887304,-0.1961423,-0.004960568,0.09542828,0.32413626,-0.01724732,-0.187594,-0.030737108,0.5693017,0.11977362,0.38251996,-0.361631,0.16184488,-0.11068054,0.08455088,0.058249224,0.40565106,-0.46251303,0.3813739,0.15974079,-0.51125264,-0.60366535,-1.1481385,0.08091497,-1.1085739,0.40369418,0.5765202,0.4403394,-1.0001305,0.4273485,-0.6189669,-0.5719703,200.0,-200.0,165.57083331550513,-130.66574818673263,200.0,-31.864495898501218,200.0,93.2373109340399,200.0,-200.0,-16.606168133530986,200.0,0.14008531,-0.08301019,-0.8341348,1.7132134,-0.93887305,-0.1961423,-0.004960568,0.09542828,-0.47586375,1.5827527,-0.987594,-0.030737108,11.386034,2.3954723,7.650399,-7.2326202,3.2368975,-2.213611,1.6910176,1.1649845,8.113021,-9.25026,7.627478,3.1948159
167,-0.017839042,-0.014500048,-0.38592562,-0.11562759,-0.020666143,-0.99307764,1.0,0.0,0.0,0.201829,-0.06886674,-0.003141284,0.07382357,-0.21245998,-0.110159494,0.07553394,0.12831181,0.35512626,-0.070510745,-0.21692842,-0.10489602,0.09360147,0.026934732,-0.020655664,-0.07728597,-0.8006776,0.8714819,0.668961,0.25205562,-0.05946635,-0.102569096,-0.57791966,-0.8050443,-0.6841952,-0.08623418,-0.42207387,0.021743126,0.23101933,0.4052608,-0.8570553,-0.15333769,-0.77361387,0.6801966,-0.5749261,0.3220976,200.0,200.0,-200.0,200.0,-200.0,-200.0,-200.0,-200.0,-200.0,109.5759472198008,-200.0,200.0,0.201829,-0.06886674,-0.8031413,1.6738236,-1.01246,-0.110159494,0.07553394,0.12831181,-0.44487375,1.5294893,-1.0169284,-0.10489602,1.8720294,0.5386946,-0.41311327,-1.5457194,-16.013552,17.429638,13.37922,5.041112,-1.189327,-2.0513818,-11.5583935,-16.100885
168,0.20732896,0.699885,0.3309908,-0.10062512,-0.025197139,-0.9946053,1.0,0.0,0.0,0.15457553,-0.0729944,-0.040516973,0.064134,-0.26431268,0.0649352,0.14621957,0.14671314,0.29953516,-0.051254272,-0.33796364,-0.15870532,-0.5102231,-0.0375339,-0.3235564,-0.030278599,0.18437126,0.7407178,0.09515023,-0.03413427,-0.45067546,0.2565902,-0.5152027,0.17068465,0.078360654,0.4788997,0.68236065,-0.5057945,0.17826836,-1.1239469,-0.7398925,-0.26404446,1.0065417,-0.27749085,0.21849711,0.689379,-200.0,-200.0,-200.0,200.0,42.911302563200024,200.0,-200.0,9.245111052480162,-200.0,-52.459463448484286,200.0,-62.49304319462283,0.15457553,-0.0729944,-0.840517,1.664134,-1.0643127,0.0649352,0.14621957,0.14671314,-0.50046486,1.5487458,-1.1379637,-0.15870532,-10.204461,-0.750678,-6.471128,-0.605572,3.6874251,14.814356,1.9030046,-0.6826854,-9.013509,5.1318035,-10.304054,3.413693
169,0.24544182,-0.020587007,0.35285842,-0.08845058,-0.033031568,-0.99553275,1.0,0.0,0.0,0.102424085,-0.07731649,-0.06815153,0.04929912,-0.13259137,0.08894285,0.0981607,0.12124942,0.25940675,-0.021577,-0.32234448,-0.03766777,-0.12966122,-0.017426534,0.00040737592,-0.061678033,0.9638835,-0.4059128,-0.4991115,-0.20799439,-0.015855359,0.09150048,0.56404704,0.9257191,0.92224354,0.4193824,0.39970824,-0.5891557,-0.8399275,0.24179834,0.095409036,0.18092257,0.7263776,0.23301262,0.086355165,-0.18978356,-200.0,-200.0,200.0,-200.0,200.0,200.0,113.52516234463918,200.0,200.0,-200.0,200.0,-200.0,0.102424085,-0.07731649,-0.86815155,1.6492991,-0.9325914,0.08894285,0.0981607,0.12124942,-0.54059327,1.578423,-1.1223445,-0.03766777,-2.5932243,-0.34853068,0.008147518,-1.2335607,19.27767,-8.118256,-9.98223,-4.159888,-0.31710717,1.8300096,11.28094,18.514381
170,-0.3932183,-0.7827169,-0.19860092,-0.10610736,-0.027572406,-0.9939723,1.0,0.0,0.0,0.14253983,-0.05999199,-0.037320077,0.043012023,-0.028632998,0.09021728,0.049264118,0.11680005,0.27687633,0.007667184,-0.1941213,0.039988637,0.45651904,0.17334566,0.2806103,0.005553309,0.18768398,0.24863532,-0.02447673,0.107384756,0.18351574,0.18562753,0.6043323,-0.048595123,-0.22551952,-0.7945423,-1.1892109,-0.08232967,-1.5148822,0.32447153,0.7683275,0.1564632,-0.706389,-0.75916344,-0.8072136,-0.6243871,152.95813063315117,46.316419243366624,200.0,200.0,-40.641665199383056,-200.0,200.0,200.0,200.0,-200.0,-200.0,83.51301740433414,0.14253983,-0.05999199,-0.8373201,1.643012,-0.828633,0.09021728,0.049264118,0.11680005,-0.5231237,1.6076672,-0.9941213,0.039988637,9.130381,3.466913,5.6122055,0.11106618,3.7536795,4.9727063,-0.4895346,2.147695,3.6703148,3.7125506,12.086646,-0.97190243
171,-0.056328576,-0.0968254,-0.18907107,-0.12222723,-0.020028029,-0.99230003,1.0,0.0,0.0,0.18407674,-0.045339268,-0.0081563,0.055960536,-0.07379478,0.16148414,0.0995145,0.13670367,0.28855854,0.028495193,-0.17769527,-0.074264705,-0.008548529,-0.0085232,0.043760616,0.09806066,-0.5734425,0.32502422,0.47555065,0.08833485,-0.048356812,0.03939165,-0.3444033,-0.998648,-0.697376,-0.038701445,-0.5009568,-0.4018126,0.36953804,-0.14939046,-0.7265904,-0.19208598,-0.6635344,-0.7232512,-0.37528843,0.23186016,200.0,-49.74366061522001,-200.0,-200.0,-200.0,-200.0,-200.0,-200.0,-200.0,-200.0,-200.0,1.3986715685916806,0.18407674,-0.045339268,-0.8081563,1.6559606,-0.8737948,0.16148414,0.0995145,0.13670367,-0.51144147,1.6284952,-0.9776953,-0.074264705,-0.17097057,-0.170464,0.8752123,1.9612131,-11.46885,6.500484,9.511013,1.766697,-0.96713626,0.78783303,-6.888066,-19.97296
172,0.13917477,0.61255753,0.45596474,-0.110726036,-0.02142181,-0.9936201,1.0,0.0,0.0,0.11572481,-0.050365917,-0.021819353,0.059020758,-0.079399586,0.12504765,0.13524474,0.12603901,0.25985384,0.023073792,-0.25791758,-0.16738848,-0.6139736,-0.029845674,-0.16333134,-0.05305011,0.4181265,-0.5116206,-0.065938525,-0.16693245,-0.22213356,-0.08356725,-0.29729724,-0.029451763,0.37350333,0.4214128,0.3678537,-0.40436974,0.12614928,-0.76599,-0.4115508,0.33382127,0.8165703,-0.08851391,-0.33761078,1.0004979,-200.0,-200.0,-200.0,-200.0,101.80220602776836,200.0,-200.0,52.74312338168602,-200.0,-200.0,200.0,-116.71284281745136,0.11572481,-0.050365917,-0.82181937,1.6590208,-0.8793996,0.12504765,0.13524474,0.12603901,-0.5401462,1.6230738,-1.0579176,-0.16738848,-12.279472,-0.59691346,-3.2666268,-1.0610021,8.36253,-10.232411,-1.3187704,-3.338649,-4.4426713,-1.6713449,-5.945945,-0.5890353
173,-0.56344956,-0.18683115,0.466319,-0.1031308,-0.010596592,-0.9946114,1.0,0.0,0.0,0.041144397,-0.02301145,-0.0193972,0.035819173,-0.00744164,-0.061405394,0.0729067,0.11709296,0.25653106,-0.013179183,-0.2880301,-0.07006755,-0.21973236,0.30157694,0.059581406,0.04366697,0.29547563,-1.068644,-0.5157776,0.06779048,0.15410921,-0.2261914,-0.11114725,0.9099,0.8271041,-1.261355,-0.07371004,1.0133725,-0.98714787,0.67715406,0.16220886,-0.32693925,0.9756102,0.41383767,0.064613715,0.007336405,-200.0,200.0,200.0,62.98383304023281,12.653921626970543,200.0,200.0,200.0,200.0,-200.0,-41.137531598021155,-200.0,0.041144397,-0.02301145,-0.8193972,1.6358192,-0.80744165,-0.061405394,0.0729067,0.11709296,-0.54346895,1.5868208,-1.0880301,-0.07006755,-4.394647,6.0315385,1.1916281,0.8733394,5.9095125,-21.37288,-10.315552,1.3558096,3.082184,-4.523828,-2.222945,18.198
174,0.08883263,-0.40486693,-0.45975924,-0.11567807,-0.0031628816,-0.9932817,1.0,0.0,0.0,0.062591396,0.0025075579,-0.020079195,0.080723405,-0.05504036,-0.16354546,0.029072054,0.09897972,0.27985907,-0.0016355515,-0.20917422,0.013648062,0.3740085,-0.0047660843,-0.057073176,0.36704752,-0.67521095,-0.05363672,-0.012080102,-0.18671672,0.13799585,0.13104632,0.57994264,0.04954214,0.054046925,-0.57172,-0.83069754,-0.75778633,-0.21816136,0.61913323,0.39649525,0.5443153,-0.87061524,-0.90248924,-0.29786545,-0.74679226,200.0,-200.0,200.0,200.0,-21.35904522593887,-111.96056148618145,200.0,-200.0,-61.325081540832834,200.0,-200.0,200.0,0.062591396,0.0025075579,-0.8200792,1.6807234,-0.8550404,-0.16354546,0.029072054,0.09897972,-0.52014095,1.5983645,-1.0091742,0.013648062,7.4801702,-0.095321685,-1.1414635,7.34095,-13.504219,-1.0727344,-0.24160205,-3.7343345,2.759917,2.6209264,11.598852,0.9908428
175,0.09085966,0.28638366,-0.44578522,-0.11653694,-0.008980948,-0.99314576,1.0,0.0,0.0,0.09224298,-0.006478207,-0.053915024,0.13665104,-0.11960697,-0.06705522,0.089962706,0.07928519,0.2821936,0.009377241,-0.19207633,-0.082847245,0.0050587542,-0.08199362,-0.26065335,0.20898004,-0.21186109,0.92303723,0.54783267,-0.027598074,-0.08748705,-0.005309003,-0.20082569,-0.91870624,-0.5845909,0.15997517,1.232357,-0.7558795,0.60465634,-0.23255607,-0.38072798,0.44341737,-0.44242314,-1.0794427,-0.84166855,0.24722773,126.99273292061565,200.0,-200.0,-200.0,-31.961517843672937,-200.0,-99.4521015190187,-200.0,-200.0,-200.0,16.64747762701535,200.0,0.09224298,-0.006478207,-0.85391504,1.7366511,-0.919607,-0.06705522,0.089962706,0.07928519,-0.5178064,1.6093773,-0.99207634,-0.082847245,0.101175085,-1.6398723,-5.213067,4.1796007,-4.2372217,18.460745,10.956653,-0.5519615,-1.749741,-0.10618006,-4.016514,-18.374125
176,-0.52110535,0.2678941,0.5110171,-0.10560145,0.0015426049,-0.99440736,1.0,0.0,0.0,0.028170101,0.01294365,-0.0807696,0.13990355,-0.05596578,0.0062702526,0.15059777,0.092900895,0.26245213,-0.003972292,-0.33360153,-0.16292015,-0.58475316,0.23573685,-0.023840338,-0.13787529,0.75249577,-0.08707111,0.10240593,0.14059818,-0.11281544,-0.119849496,-1.0388662,0.023400016,0.22848463,-0.64857745,0.64180166,-0.4065751,-0.12302539,-0.81395334,-0.6829916,-0.5847926,0.11157699,-0.29317987,-0.1877202,0.49623135,-200.0,200.0,-200.0,-200.0,-33.05502821410005,200.0,-200.0,93.2084842327692,200.0,-200.0,200.0,-200.0,0.028170101,0.01294365,-0.8807696,1.7399036,-0.8559658,0.0062702526,0.15059777,0.092900895,-0.5375479,1.5960277,-1.1336015,-0.16292015,-11.695063,4.714737,-0.47680676,-2.7575057,15.049915,-1.7414223,2.0481186,2.8119636,-2.2563088,-2.3969898,-20.777323,0.46800032
177,-0.055098213,0.27218786,0.631022,-0.09445274,0.014631831,-0.9954218,1.0,0.0,0.0,-0.039119195,0.034673236,-0.06149453,0.081929326,-0.011597812,-0.11427972,0.113850094,0.09338426,0.24340737,-0.004413128,-0.3973506,-0.035754316,-0.13870485,-0.0028654893,0.18852295,-0.4189275,-0.17532685,-1.024907,-0.38533673,-0.16165988,-0.100539796,0.0809471,0.20781048,0.83768207,0.9744864,-0.8990251,-0.5953429,0.5858598,-1.2655463,0.396485,0.00011716783,0.24944344,-0.07905607,0.70652056,0.0045215636,-0.3001686,-200.0,-200.0,-187.2971897885516,-200.0,200.0,95.2150279866695,200.0,-200.0,200.0,-200.0,-106.4999861648781,-200.0,-0.039119195,0.034673236,-0.86149454,1.6819293,-0.8115978,-0.11427972,0.113850094,0.09338426,-0.55659264,1.5955869,-1.1973506,-0.035754316,-2.774097,-0.057309788,3.770459,-8.37855,-3.506537,-20.49814,-7.7067347,-3.2331977,-2.0107958,1.618942,4.1562095,16.753641
178,-0.106334716,0.7483644,0.34438792,-0.07201655,0.019333439,-0.99721605,1.0,0.0,0.0,-0.0054171663,0.024961146,-0.066765666,0.046963215,-0.14269257,-0.19359332,0.07039974,0.07445333,0.181678,0.048792362,-0.28155452,0.023478549,0.38477615,-0.057089664,-0.21835947,0.14188705,-0.97194356,0.2194985,-0.14588034,-0.042062186,-0.45185158,0.40839884,0.6236466,-0.1495243,-0.06064083,-0.38894722,0.7690783,0.60516566,0.3466563,1.0833718,0.36894366,0.49470168,1.7001264,-0.7217612,-0.06818457,-0.06098589,8.372842924328438,200.0,-115.21411126577391,200.0,-50.337061723906345,-200.0,200.0,-200.0,-200.0,200.0,-200.0,200.0,-0.0054171663,0.024961146,-0.8667657,1.6469632,-0.9426926,-0.19359332,0.07039974,0.07445333,-0.618322,1.6487924,-1.0815545,0.023478549,7.695523,-1.1417933,-4.3671894,2.8377411,-19.438871,4.38997,-2.9176068,-0.8412437,-9.037031,8.167976,12.472932,-2.990486
179,0.047503952,0.04285646,0.3514854,-0.057398286,0.021112515,-0.9981281,1.0,0.0,0.0,0.025868088,0.0041401596,-0.08717811,0.08966899,-0.2326172,-0.041633174,0.09512476,0.07418935,0.13286805,0.09514606,-0.20501822,-0.0052858465,-0.024315072,-0.13872702,-0.006594959,0.26962712,-0.02222672,1.2021865,0.34101316,0.027592102,-0.07676248,0.092697226,0.29789218,-0.121043324,-0.53878206,0.2919416,0.32539138,-0.7120634,0.7832272,-0.13244683,0.087677136,-0.2085461,1.2563792,-1.1639373,0.04392968,0.14846504,200.0,200.0,200.0,-200.0,-25.53492156980309,10.03785185300724,-186.51823970660595,-200.0,200.0,200.0,200.0,200.0,0.025868088,0.0041401596,-0.8871781,1.689669,-1.0326172,-0.041633174,0.09512476,0.07418935,-0.66713196,1.6951461,-1.0050182,-0.0052858465,-0.48630142,-2.7745404,-0.13189918,5.3925424,-0.4445344,24.043728,6.820263,0.55184203,-1.5352496,1.8539445,5.957844,-2.4208665
180,0.112467475,-0.51785564,0.7874679,-0.06748238,0.01916436,-0.9975364,1.0,0.0,0.0,-0.04486651,-0.011335216,-0.04780692,0.1082958,-0.13139439,0.08735431,0.1102836,0.067466095,0.15840882,0.07751012,-0.122390985,0.035296373,-0.6133694,-0.037609264,0.3578807,-0.0522904,0.93947953,0.188691,-0.04918296,-0.07005387,0.2951712,-0.2374802,0.3622734,0.24906127,0.3288003,0.42139107,-1.184241,-0.7597863,-0.60159063,-0.9281325,-0.40120718,0.052799225,-0.25961193,-0.4436456,-0.07866665,-0.218012,-8.946143841337765,-200.0,200.0,-200.0,-30.53643956032471,-21.48364247047178,-200.0,200.0,200.0,-200.0,200.0,-200.0,-0.04486651,-0.011335216,-0.84780693,1.7082958,-0.9313944,0.08735431,0.1102836,0.067466095,-0.6415912,1.6775101,-0.922391,0.035296373,-12.267387,-0.7521853,7.157614,-1.045808,18.78959,3.77382,-0.98365915,-1.4010773,5.903424,-4.7496037,7.2454677,4.9812255
181,-0.237499,0.20063943,0.7480772,-0.0718862,0.025069168,-0.99709773,1.0,0.0,0.0,-0.11909136,-0.002634199,0.00517565,0.07838237,-0.047480285,0.017575327,0.050164387,0.06195984,0.19638658,0.017504334,-0.10108495,-0.011704507,-0.17078196,0.11741697,0.18787958,-0.22556658,-0.006111729,-0.78783417,-0.5069951,-0.0057568937,0.10261186,-0.35440707,0.054607846,-0.44097582,1.0032566,-0.77576077,-0.8097668,0.5382477,-0.97344106,0.34582162,-0.19883297,-0.11888099,-0.02707387,0.9520758,0.21319307,-0.3684301,-200.0,-9.416803947569207,-200.0,-200.0,-10.554927957504788,17.089400876103923,200.0,200.0,-200.0,-200.0,-200.0,-200.0,-0.11909136,-0.002634199,-0.79482436,1.6783824,-0.8474803,0.017575327,0.050164387,0.06195984,-0.60361344,1.6175044,-0.90108496,-0.011704507,-3.415639,2.3483393,3.7575915,-4.5113316,-0.122234575,-15.756683,-10.139901,-0.11513787,2.0522373,-7.0881414,1.0921569,-8.819516
182,0.39444685,0.7444052,0.48053887,-0.050803315,0.022354513,-0.99845845,1.0,0.0,0.0,-0.095558144,-0.008855918,-4.464388e-05,0.07055771,-0.15476215,-0.028489662,-0.041344132,0.053456716,0.16865957,0.02184546,-0.06773436,-0.105575465,0.3588797,-0.15801743,-0.19474792,0.11641989,-0.9694725,0.22523384,-0.37864745,-0.08158422,-0.3287303,0.27885967,0.32153633,-0.49299216,0.25159794,0.11119571,0.82767636,0.21276024,-0.22147565,0.7688313,0.9292513,0.24027884,1.5754647,0.20163447,0.49474567,0.45713416,66.79143699924822,-200.0,-109.91232429257082,200.0,200.0,-60.43951216505474,200.0,-200.0,-200.0,200.0,-200.0,200.0,-0.095558144,-0.008855918,-0.80004466,1.6705577,-0.95476216,-0.028489662,-0.041344132,0.053456716,-0.63134044,1.6218455,-0.8677344,-0.105575465,7.1775937,-3.1603484,-3.8949585,2.3283978,-19.38945,4.504677,-7.572949,-1.6316844,-6.5746055,5.5771933,6.4307265,-9.859843
183,-0.21513672,0.09931237,0.081551485,-0.034984834,0.020703278,-0.9991734,1.0,0.0,0.0,0.006806666,-0.0181783,-0.011970997,0.09612584,-0.30518156,0.12218468,-0.056537837,0.066177845,0.12128568,0.084101796,0.059060097,-0.08770793,0.5550706,0.05494414,0.04560891,0.12485915,-0.33936188,1.1828846,0.16176881,0.16785353,-0.14247274,0.30051136,0.8488676,0.5554384,-0.73646575,-0.14863059,0.26760253,-1.2885659,0.8060115,-0.3075429,0.435264,-0.12351626,1.1628278,-0.9702044,0.04805833,0.21148595,200.0,200.0,200.0,-65.84048682311928,91.0980661181236,200.0,-51.47959844228484,200.0,200.0,111.88998582483835,200.0,200.0,0.006806666,-0.0181783,-0.811971,1.6961259,-1.1051816,0.12218468,-0.056537837,0.066177845,-0.67871433,1.6841018,-0.7409399,-0.08770793,11.101412,1.0988828,0.9121782,2.4971828,-6.787237,23.657692,3.2353761,3.3570707,-2.8494549,6.010227,16.977352,11.1087675
184,0.4086127,-0.5015761,-0.038396195,-0.044621106,0.015474633,-0.99888414,1.0,0.0,0.0,0.0646539,-0.027286263,0.03450972,0.08959472,-0.26787812,0.2521608,0.021185381,0.07115632,0.1308682,0.11163592,0.11006248,0.012997733,0.071204625,-0.1251573,0.38080502,-0.15944432,0.618232,0.213466,0.57313555,-0.079709224,0.20435047,0.0023048678,-0.10822181,0.4387876,-0.74952567,0.17902175,-0.6625567,-0.54002523,0.0123269,-0.7195168,-0.16729915,0.009571612,-0.033831544,-0.26451516,-0.6333646,-0.61396676,200.0,-200.0,200.0,-200.0,-38.54295935619879,-39.66713828881592,-200.0,-138.47608976737547,128.28247180735008,-200.0,200.0,-200.0,0.0646539,-0.027286263,-0.7654903,1.6895947,-1.0678781,0.2521608,0.021185381,0.07115632,-0.6691318,1.711636,-0.68993753,0.012997733,1.4240925,-2.503146,7.6161003,-3.1888864,12.36464,4.26932,11.462711,-1.5941845,4.0870094,0.046097357,-2.164436,8.775752
185,0.19648074,0.16807811,0.63486385,-0.0498656,0.004595058,-0.9987454,1.0,0.0,0.0,0.014780658,-0.03688077,0.091240466,0.03940928,-0.16949433,0.18425138,0.0763128,0.060820647,0.15119803,0.10087597,-0.015180647,-0.008427775,-0.5129366,0.007928741,0.20218661,-0.32512686,0.40253982,-0.7924147,0.030293707,-0.04388764,0.014517886,-0.100910775,-1.0503616,-0.55341995,0.49953884,0.2256172,-0.4493528,0.103576146,0.77919203,0.081536956,-0.96850157,0.41397473,-0.49066734,0.3114562,-0.20830794,-0.24147597,-200.0,-59.70947600200518,-200.0,-200.0,-200.0,-200.0,-200.0,200.0,-200.0,-200.0,-40.42767153519253,-200.0,0.014780658,-0.03688077,-0.70875955,1.6394093,-0.96949434,0.18425138,0.0763128,0.060820647,-0.648802,1.700876,-0.81518066,-0.008427775,-10.258732,0.15857482,4.043732,-6.502537,8.0507965,-15.848294,0.6058741,-0.8777528,0.2903577,-2.0182154,-21.007233,-11.068398
186,-0.4441943,0.77104896,0.7059397,-0.02986776,0.01202728,-0.9994815,1.0,0.0,0.0,-0.030868564,-0.010050557,0.08292246,0.020429134,-0.03770691,0.07197289,0.036990568,0.07691265,0.111986816,0.11745703,-0.17831874,-0.12188952,0.006658677,0.22327569,-0.29562294,0.1763648,0.45545107,-0.6066156,-0.38279852,0.18842985,-0.3537133,0.20930138,-0.8142357,-0.65407103,0.91942286,-1.1364199,0.5990109,0.9939434,0.83300495,0.51724964,0.400461,-0.5987181,1.4946367,-0.14775836,0.22105308,0.6667038,-200.0,200.0,-200.0,33.60340696215849,200.0,200.0,200.0,77.94627441472772,-200.0,-115.01550498329038,200.0,200.0,-0.030868564,-0.010050557,-0.71707755,1.6204292,-0.8377069,0.07197289,0.036990568,0.07691265,-0.6880132,1.717457,-0.97831875,-0.12188952,0.13317354,4.4655137,-5.912459,3.5272958,9.109021,-12.132312,-7.65597,3.768597,-7.074266,4.1860275,-16.284714,-13.081421
187,0.19989614,0.09788067,-0.04179879,-0.014050814,0.016633179,-0.99976295,1.0,0.0,0.0,0.034631215,-0.0008855863,0.024819732,0.08516443,0.092398286,0.042955138,0.017263088,0.08758513,0.084958315,0.12203109,-0.23549074,-0.14205673,0.5886852,-0.0974764,-0.27900863,0.4394128,0.8275351,0.23987348,0.1331089,-0.0650061,0.038391065,-0.12467165,0.14607762,0.35128257,-0.024060655,-0.062299848,0.589577,-0.809803,-0.04149623,0.38566157,0.49000314,-0.10930091,1.007202,-1.1406472,0.587683,0.39220905,200.0,-200.0,200.0,-200.0,200.0,200.0,200.0,-200.0,200.0,200.0,200.0,200.0,0.034631215,-0.0008855863,-0.7751803,1.6851645,-0.7076017,0.042955138,0.017263088,0.08758513,-0.7150417,1.7220311,-1.0354908,-0.14205673,11.773704,-1.949528,-5.5801725,8.788256,16.550701,4.7974696,2.662178,-1.300122,0.7678213,-2.493433,2.9215524,7.025651
188,0.4737733,-0.4946827,-0.083470374,-0.022878814,0.0014874007,-0.99973714,1.0,0.0,0.0,0.100182205,-0.027994847,0.013203979,0.14081943,0.15155393,0.14743136,0.09328425,0.059157986,0.13124043,0.058903217,-0.100631475,0.011170951,0.11547337,-0.14861515,0.11897601,0.14929846,-0.13936512,0.5134493,0.5800536,-0.18217526,0.39693615,-0.47858363,1.107094,0.8343361,-0.91033626,0.79829466,-0.9087675,-0.64962983,-1.5367708,-0.14900193,-0.13700196,0.7624309,-0.3070359,0.25707972,0.046650216,-0.51784605,200.0,-164.83571658146926,200.0,-200.0,200.0,-68.60460229044497,-200.0,74.106035548629,200.0,-200.0,-200.0,-37.302834121197066,0.100182205,-0.027994847,-0.78679603,1.7408195,-0.6484461,0.14743136,0.09328425,0.059157986,-0.6687596,1.6589032,-0.9006315,0.011170951,2.3094673,-2.972303,2.3795202,2.985969,-2.7873025,10.268986,11.601072,-3.6435053,7.938723,-9.571672,22.14188,16.686722
189,-0.17008899,0.081905134,0.64000815,-0.030083388,-0.0034701987,-0.99954134,1.0,0.0,0.0,0.06124612,-0.028549386,0.019721925,0.15527081,0.019901872,0.14168732,0.14867334,0.055886492,0.15210015,0.047423482,-0.027360857,0.032515213,-0.44535103,0.12169987,-0.03887294,0.010468153,-1.0829552,-0.35279617,0.033993892,0.103096224,-0.11184529,0.19287422,0.07211413,-0.42249113,0.28204304,-0.25463048,-0.7303882,-0.33325738,-0.3958598,-0.13166171,-1.4189483,0.022938251,0.36158943,0.90020937,0.54990584,-0.26742157,-200.0,200.0,-200.0,130.67212431825624,-200.0,-200.0,-200.0,200.0,-200.0,-200.0,-200.0,98.00234758073759,0.06124612,-0.028549386,-0.7802781,1.7552708,-0.78009814,0.14168732,0.14867334,0.055886492,-0.64789987,1.6474235,-0.82736087,0.032515213,-8.907021,2.4339974,-0.7774588,0.20936306,-21.659103,-7.0559235,0.6798778,2.0619245,-2.2369058,3.8574843,1.4422826,-8.449822
190,0.20691974,0.13349395,0.36617243,-0.025495242,-0.005392173,-0.9996604,1.0,0.0,0.0,0.02420302,-0.02638683,0.0065983534,0.146824,-0.12775981,0.05163491,0.09980953,0.05448571,0.13504446,0.09466088,0.0891338,-0.068937965,0.03322663,-0.07119437,-0.084173314,-0.086469404,-0.58215344,-0.39168128,-0.4609346,-0.07771503,-0.06304116,0.27238402,0.92985386,-0.43970886,0.9960006,-0.10668269,0.59189,-0.8895978,0.35110712,0.0837445,0.6257427,0.14262083,1.3618454,-1.0214102,-0.10208739,0.5411312,-200.0,-0.7707972348757721,200.0,200.0,51.312511294839624,43.57170260742117,200.0,-200.0,-200.0,-200.0,48.547649322457005,26.077698386357724,0.02420302,-0.02638683,-0.79340166,1.746824,-0.9277598,0.05163491,0.09980953,0.05448571,-0.66495556,1.6946609,-0.7108662,-0.068937965,0.6645326,-1.4238875,-1.6834662,-1.7293881,-11.643068,-7.8336253,-9.218692,-1.5543005,-1.2608231,5.4476805,18.597076,-8.794177
191,0.046616953,-0.5104181,-0.32875478,-0.034399614,-0.009824455,-0.99935985,1.0,0.0,0.0,0.09558302,-0.040094797,0.030844927,0.093562126,-0.13811642,0.0488138,0.072667666,0.0550847,0.16609442,0.115709305,0.16471362,-0.0482717,0.6204512,-0.05929599,0.28967237,-0.41332045,0.38225383,0.079954855,0.12716308,0.06280222,0.33687228,-0.03439435,-0.06574179,0.54744524,-0.5296993,0.23339605,-0.37894124,0.12964725,0.4110204,0.4728218,0.3714526,0.1755026,-0.72869194,0.0017006546,-1.0150211,0.046763476,200.0,126.02718290439313,200.0,-200.0,-200.0,200.0,200.0,-73.75094815723901,200.0,-200.0,200.0,-8.243461578638929,0.09558302,-0.040094797,-0.7691551,1.6935622,-0.93811643,0.0488138,0.072667666,0.0550847,-0.6339056,1.7157093,-0.6352864,-0.0482717,12.409024,-1.1859198,5.7934475,-8.266409,7.6450763,1.599097,2.5432615,1.2560444,6.7374454,-0.68788695,-1.3148358,10.948905
192,-0.2590128,0.05887929,-0.27980578,-0.042204846,-0.0045861853,-0.9990985,1.0,0.0,0.0,0.16621992,-0.03526677,0.04680103,0.04535556,0.007450819,0.1471273,0.1453752,0.09032635,0.2074045,0.10359585,0.047527134,-0.005768371,0.0745783,0.051475048,-0.14156502,0.18596819,0.2712907,0.38444555,0.47117206,0.2258228,0.097398564,-0.081975214,-1.012,0.11760887,-0.8551526,-0.46654996,-0.10010564,0.7577537,0.11953522,0.08535538,-0.36572143,-0.72623754,-0.51125157,-0.52512807,-0.24868642,-0.55744374,6.538207256252122,-44.625869456687184,-200.0,-137.5009634441149,-200.0,-14.913921409799343,-200.0,200.0,-200.0,200.0,-63.26882893940149,-27.250322789595202,0.16621992,-0.03526677,-0.753199,1.6453556,-0.7925492,0.1471273,0.1453752,0.09032635,-0.5925955,1.7035959,-0.7524729,-0.005768371,1.491566,1.029501,-2.8313005,3.7193637,5.4258137,7.688911,9.423441,4.516456,1.9479712,-1.6395042,-20.239998,2.3521774
193,0.41805625,0.45880923,0.49070635,-0.029557772,-0.008930515,-0.99952316,1.0,0.0,0.0,0.11680091,-0.053149667,-0.0050925016,0.1095835,0.056524277,0.14531127,0.1749465,0.09790198,0.21315753,0.072834015,-0.08218926,-0.090410054,-0.5023679,-0.20387955,-0.3158378,0.40969172,0.14581853,-0.1280462,-0.12117036,-0.11354931,-0.0004694534,-0.21458986,-0.37395436,-0.8647186,0.23795097,1.0521367,1.3504666,-0.88959986,0.117445216,-0.38591334,-0.719764,0.19695517,0.84294885,-0.41027564,1.0003444,0.17979532,-200.0,-200.0,-200.0,-200.0,55.1952968688438,-200.0,-200.0,-200.0,104.09309075907737,200.0,-30.748980298126213,5.354155459698532,0.11680091,-0.053149667,-0.8050925,1.7095835,-0.74347574,0.14531127,0.1749465,0.09790198,-0.5868425,1.672834,-0.8821893,-0.090410054,-10.0473585,-4.077591,-6.316756,8.193834,2.9163706,-2.5609238,-2.423407,-2.270986,-0.009389068,-4.291797,-7.479087,-17.294373
194,-0.119992934,-0.2893044,0.4823653,-0.026412547,-0.013229631,-0.9995636,1.0,0.0,0.0,0.06944697,-0.064771555,-0.02160871,0.15450823,0.077963054,0.02127342,0.10407336,0.09590307,0.25505495,0.00082468987,-0.067174554,-0.15898728,-0.018539524,0.04996239,0.12572752,0.06454747,0.086918436,-0.8599414,-0.54199004,0.0144223785,0.29335704,-0.19071655,-0.22188027,0.1516343,0.36140114,0.2887378,-0.6390973,-0.751059,-0.7485038,0.6413859,0.4767774,-0.2254624,0.40230247,0.6496746,1.4468328,0.5794006,-200.0,143.07379900529367,200.0,-200.0,200.0,200.0,200.0,200.0,200.0,-200.0,-7.959377867553968,22.47415481726034,0.06944697,-0.064771555,-0.8216087,1.7545083,-0.72203696,0.02127342,0.10407336,0.09590307,-0.54494506,1.6008247,-0.86717457,-0.15898728,-0.37079048,0.9992478,2.5145504,1.2909495,1.7383687,-17.198828,-10.839801,0.28844756,5.867141,-3.814331,-4.4376054,3.032686
195,-0.18058848,-0.12361695,-0.3322986,-0.034787547,-0.0061367746,-0.9993759,1.0,0.0,0.0,0.12277308,-0.048056345,-0.0050450563,0.1549902,-0.008229971,-0.043793112,0.051745776,0.0942431,0.28750604,-0.0014657974,-0.06843722,-0.029486172,0.45527512,0.10715536,0.05429865,-0.049286358,-0.8548123,0.10965427,-0.027446765,-0.026213208,0.041470196,0.16595367,0.0388038,0.96656257,-0.039583612,-0.531013,-0.46735448,-0.37080455,-0.6557839,0.58546185,0.28463858,-0.051920816,0.2127666,-0.070353776,1.2368541,-0.3091381,200.0,-200.0,175.403794415554,200.0,200.0,200.0,60.06740586900082,200.0,-200.0,-200.0,-200.0,200.0,0.12277308,-0.048056345,-0.80504507,1.7549902,-0.80823,-0.043793112,0.051745776,0.0942431,-0.51249397,1.5985342,-0.86843723,-0.029486172,9.105502,2.1431072,1.085973,-0.98572713,-17.096247,2.1930854,-0.5489353,-0.52426416,0.82940394,3.3190732,0.776076,19.331251
196,0.41637716,0.39646614,-0.41295666,-0.026883883,-0.012984278,-0.9995542,1.0,0.0,0.0,0.16205774,-0.058344655,-0.013321638,0.1311742,-0.23582262,0.07707302,0.09098062,0.07480979,0.2690214,0.026989102,-0.0055612326,0.050691806,-0.021669906,-0.1679315,-0.10083028,-0.18357344,-1.094248,0.8862401,0.29997894,-0.143095,-0.15897296,0.11955887,0.5139093,-0.047907304,-0.8092963,0.2834756,0.65479845,-0.722624,0.4216606,0.16199556,-0.39996508,0.8421848,-0.015133051,-0.21814948,0.47060442,-0.8773111,125.68299323995319,-123.88758013290965,31.931534792711375,-200.0,200.0,-200.0,-200.0,-200.0,-200.0,-200.0,200.0,200.0,0.16205774,-0.058344655,-0.81332165,1.7311742,-1.0358226,0.07707302,0.09098062,0.07480979,-0.5309786,1.6269891,-0.80556124,0.050691806,-0.4333981,-3.35863,-2.0166056,-3.6714687,-21.88496,17.724802,5.999579,-2.8618999,-3.1794593,2.3911774,10.278186,-0.9581461
197,-0.15808737,0.31536144,0.5445903,-0.012471395,-0.017008265,-0.99977756,1.0,0.0,0.0,0.09560334,-0.06033969,-0.009813786,0.053916454,-0.3491432,0.2539446,0.09829892,0.07516972,0.22622257,0.05251479,0.13658619,-0.06918796,-0.5920035,0.12801963,0.12301184,-0.5499904,-0.13465954,0.6259977,-0.17984621,0.109301984,-0.22769947,0.09999935,0.6287107,-0.88765424,-0.3460576,-0.21723747,1.006981,0.20981029,0.9441756,-0.513939,-0.4650978,0.0529159,0.35423645,0.56670284,-0.6315566,0.06470418,-200.0,200.0,-2.991337484712176,-200.0,-200.0,200.0,-200.0,200.0,200.0,-200.0,200.0,-200.0,0.09560334,-0.06033969,-0.8098138,1.6539165,-1.1491432,0.2539446,0.09829892,0.07516972,-0.57377744,1.6525148,-0.6634138,-0.06918796,-11.840071,2.5603926,2.4602368,-10.999808,-2.6931908,12.519954,-3.5969243,2.1860397,-4.5539894,1.999987,12.574214,-17.753084
198,0.21217543,-0.45554113,1.1507074,-0.018448915,-0.02001673,-0.99962944,1.0,0.0,0.0,-0.050564244,-0.070071384,0.012326896,0.039547205,-0.2572816,0.21739107,-0.0010904894,0.073145136,0.21103019,0.08502364,0.15283215,-0.1409203,-0.72704613,-0.12925102,0.1724988,0.0476024,0.8955374,-0.6476245,-0.6413125,-0.06951216,0.03191228,0.22175816,-0.36701667,0.07498466,0.87910616,-0.05055511,-0.0012402199,0.84932965,0.60652304,0.05032847,0.64890444,-0.13227311,-0.36671102,-0.108003,-1.3138797,0.63569957,200.0,93.9489825241946,200.0,200.0,-200.0,200.0,200.0,-184.3786814065512,200.0,200.0,200.0,-200.0,-0.050564244,-0.070071384,-0.7876731,1.6395472,-1.0572816,0.21739107,-0.0010904894,0.073145136,-0.5889698,1.6850237,-0.64716786,-0.1409203,-14.540922,-2.5850203,3.4499762,0.952048,17.910748,-12.95249,-12.826249,-1.3902432,0.6382455,4.435163,-7.3403335,1.4996933
199,0.33299598,-0.039173387,0.48431107,-0.02713741,-0.031102968,-0.9991477,1.0,0.0,0.0,-0.13680454,-0.1007278,0.013807595,0.07392192,-0.011741936,0.14494932,-0.0706938,0.050428253,0.20129794,0.118333936,-0.024353981,-0.014452584,-0.18700388,-0.14715585,-0.083361454,0.25633547,1.3261274,-0.21312022,-0.11281045,-0.13706984,-0.09726514,0.11784357,-1.310685,1.0887643,1.0302598,0.39705816,-0.36481968,-1.1517131,-0.047422614,0.20265016,0.7190888,0.57998604,-0.48889303,-1.2421844,-0.2881958,-0.22952896,200.0,-200.0,-200.0,-200.0,-200.0,200.0,200.0,200.0,37.40074521485303,200.0,-73.07630212907225,28.504828691814993,-0.13680454,-0.1007278,-0.7861924,1.673922,-0.81174195,0.14494932,-0.0706938,0.050428253,-0.5987021,1.718334,-0.824354,-0.014452584,-3.7400775,-2.943117,-1.667229,5.1267095,26.522549,-4.2624044,-2.256209,-2.7413967,-1.9453027,2.3568714,-26.213701,21.775286
200,-0.23458044,0.7055102,-0.22486186,-0.012343429,-0.0319744,-0.9994125,1.0,0.0,0.0,-0.11631645,-0.1031599,-0.019613981,0.10650468,0.14969331,0.15726718,-0.027264556,0.05876771,0.15607226,0.12794626,-0.17764682,0.09661181,0.33323053,0.101895034,-0.2375999,0.090451054,0.38287595,0.09866818,0.48956496,0.1791499,-0.33494237,-0.006911782,-0.3277874,0.11841494,0.102592416,-0.49948865,0.9330277,0.13616166,-0.33512896,0.0058557317,0.080016755,-0.39967042,1.1521176,-0.5273987,0.55527884,-0.82846797,200.0,200.0,-200.0,-200.0,185.34411759757984,-200.0,200.0,200.0,-200.0,-200.0,-200.0,-7.393812461402675,-0.11631645,-0.1031599,-0.819614,1.7065047,-0.6503067,0.15726718,-0.027264556,0.05876771,-0.64392775,1.7279463,-0.9776468,0.09661181,6.6646104,2.0379007,-4.751998,1.809021,7.657519,1.9733636,9.791299,3.5829978,-6.6988473,-0.13823564,-6.555748,2.3682988
201,0.38975552,0.03978269,-0.22246432,0.0012449104,-0.035935458,-0.99935335,1.0,0.0,0.0,-0.040887143,-0.11324323,-0.034762025,0.11647105,0.11842197,0.11674338,0.06962064,0.06359408,0.13219911,0.08863294,-0.13712275,0.01503903,0.3463276,-0.17717975,0.056967705,0.024669653,-0.5979622,-0.23754385,0.34526497,-0.10483521,0.063813485,-0.3510306,0.63734293,-0.843155,-0.4026342,0.9648334,0.4023972,-0.396604,-0.14427723,0.061640233,-0.83426166,0.34328794,0.76939833,0.5918345,0.2690897,0.044496287,48.27819955167995,-200.0,200.0,-200.0,200.0,-200.0,-53.275053459476226,-200.0,200.0,10.98600540831507,-200.0,14.968287371480187,-0.040887143,-0.11324323,-0.83476204,1.7164711,-0.68157804,0.11674338,0.06962064,0.06359408,-0.6678009,1.688633,-0.93712276,0.01503903,6.926552,-3.543595,1.1393541,0.49339306,-11.959244,-4.750877,6.905299,-2.0967042,1.2762697,-7.020612,12.746859,-16.8631
202,-0.25918508,-0.6029126,0.5213498,-0.011460902,-0.037201323,-0.99924207,1.0,0.0,0.0,-0.026762271,-0.11797735,0.018325567,0.08779049,0.026492119,0.09465667,0.08138336,0.06749073,0.16473371,0.03224182,-0.00019234419,-0.050146975,-0.15639688,0.10008396,0.43383995,-0.28389844,-0.37425363,-0.079639636,-0.17639571,0.12039756,0.24250081,-0.22240523,0.5841276,0.09286084,-0.45455298,0.19427124,-0.9962198,-0.117140196,-0.26873234,0.42515457,-0.18149433,-0.42241436,0.05862534,0.6221596,0.2705425,0.74326855,-200.0,200.0,200.0,200.0,-47.419732129161616,188.81761709891015,-200.0,200.0,200.0,-200.0,34.116893434937424,14.128109001359164,-0.026762271,-0.11797735,-0.78167444,1.6877905,-0.7735079,0.09465667,0.08138336,0.06749073,-0.6352663,1.6322418,-0.80019236,-0.050146975,-3.1279376,2.0016792,8.676799,-5.6779685,-7.4850726,-1.5927927,-3.5279143,2.407951,4.850016,-4.4481044,11.682551,1.8572168
203,-0.3057583,0.07755692,0.9616536,-0.021299252,-0.024961289,-0.9994615,1.0,0.0,0.0,-0.1205034,-0.091716826,0.07438058,0.029879808,-0.07124519,0.16824743,0.0073157935,0.079680085,0.17018205,0.022779822,0.09412265,0.07645172,-0.6658156,0.15747015,0.1531962,-0.2738913,-0.42766342,0.54226375,-0.4073629,0.023492996,-0.1410807,0.09090843,0.38615847,1.0787933,0.7146644,-0.5935582,-0.6947146,0.26402703,-0.19792347,0.037827514,-0.020129696,-0.08917925,-0.30564165,0.2620756,0.17002575,-0.29384556,18.503529182795546,-200.0,-118.86049144775377,200.0,-35.205037139414344,200.0,-45.089876978085044,200.0,-200.0,-24.403953919848846,33.86485518497716,-17.671304001398084,-0.1205034,-0.091716826,-0.72561944,1.6298798,-0.8712452,0.16824743,0.0073157935,0.079680085,-0.62981796,1.6227798,-0.70587736,0.07645172,-13.316312,3.1494029,3.0639238,-5.4778256,-8.553268,10.845275,-8.147258,0.4698599,-2.821614,1.8181686,7.7231693,21.575865
204,0.31582403,0.64247185,0.3324066,-0.006101692,-0.025968948,-0.9996441,1.0,0.0,0.0,-0.19946107,-0.08279947,0.061009347,0.014905453,-0.11758208,0.17667659,-0.024389561,0.062403034,0.10393196,0.07235229,0.1246323,0.18805636,-0.17246988,-0.04462923,-0.2467073,0.087845944,-0.17491701,-0.26554388,-0.028968824,-0.18297197,-0.47433043,0.3467081,0.10118163,0.12843396,0.8915077,-0.21519098,0.95105344,-0.030304275,0.2688303,-0.25667623,0.55343354,0.5949397,1.3617896,-0.13362035,-0.24114923,-0.48368788,50.12133782533329,-148.15293993244433,-200.0,59.86495882316456,-10.754581327539583,-200.0,200.0,-200.0,-200.0,200.0,15.178329216267059,-38.83384477296437,-0.19946107,-0.08279947,-0.73899066,1.6149055,-0.9175821,0.17667659,-0.024389561,0.062403034,-0.69606805,1.6723523,-0.6753677,0.18805636,-3.4493976,-0.8925846,-4.934146,1.7569188,-3.4983401,-5.3108773,-0.57937646,-3.6594393,-9.4866085,6.9341617,2.0236325,2.568679
205,0.20467809,-0.019105488,-0.3524036,0.0050493605,-0.03623662,-0.99933046,1.0,0.0,0.0,-0.16817419,-0.09781929,0.050522864,0.007221937,-0.05060202,0.052256078,0.026511585,0.038096283,0.05453533,0.107851505,0.047706425,0.107133664,0.4319492,-0.10126443,0.09648775,-0.106331006,0.650713,-0.66342294,0.4861227,-0.06940806,-0.062429525,0.04497746,-0.6106541,-0.84165967,0.1469751,0.41998413,0.5083272,-1.029919,0.81895006,0.25271475,-0.210139,0.34606332,0.72168446,-0.9166478,-0.6874998,0.10634447,200.0,200.0,200.0,-200.0,16.851081635184073,-200.0,200.0,-142.26611060172382,200.0,17.57793236134475,25.548542951853847,43.56837724991453,-0.16817419,-0.09781929,-0.74947715,1.607222,-0.85060203,0.052256078,0.026511585,0.038096283,-0.7454647,1.7078515,-0.7522936,0.107133664,8.638984,-2.0252886,1.929755,-2.12662,13.01426,-13.268458,9.722454,-1.3881612,-1.2485905,0.8995492,-12.213082,-16.833193
206,-0.47777152,-0.61231214,-0.12425447,-0.007990607,-0.0295229,-0.99953216,1.0,0.0,0.0,-0.060104225,-0.09537719,0.09262872,-0.012614369,0.06094885,0.03681079,0.07288921,0.052356865,0.08355081,0.08345175,-0.163131,0.037002992,0.5398561,0.09304417,0.23972552,-0.0013258241,0.20163131,0.358435,0.01752264,0.188695,0.3149698,-0.26906708,-1.2427132,0.022649108,-0.43815863,-0.3772452,-0.6607793,1.3277197,-0.1570488,0.28410843,-0.6794044,-0.2077106,-0.68322027,0.41980362,-0.0113726705,0.56945914,-200.0,200.0,200.0,-200.0,-200.0,137.95283458829883,200.0,200.0,200.0,-200.0,200.0,200.0,-0.060104225,-0.09537719,-0.7073713,1.5873857,-0.73905116,0.03681079,0.07288921,0.052356865,-0.7164492,1.6834518,-0.963131,0.037002992,10.797121,1.8608834,4.7945104,-0.02651648,4.032626,7.1687,0.3504528,3.7738998,6.299396,-5.3813415,-24.854263,0.45298216
207,0.15999946,0.004509811,0.5493736,-0.019189717,-0.02430322,-0.9995204,1.0,0.0,0.0,-0.02036513,-0.10279543,0.09486389,0.027402759,0.014942229,0.1159055,0.015960261,0.056291223,0.105659306,0.060815334,-0.3036893,0.14543399,-0.080907814,-0.15297215,-0.17378251,0.36006594,-0.36855415,0.365749,-0.53384197,-0.11347777,-0.060553025,0.019052848,-0.25990006,0.87025636,-0.3785149,0.46874925,-0.2927202,-0.65673393,-0.60483956,0.027030848,0.23446058,-0.051208258,-0.24281363,-0.90272003,0.84107023,-0.3830063,-200.0,-200.0,-200.0,200.0,200.0,24.264162385544296,-200.0,-200.0,-200.0,200.0,19.315260354086888,-30.0518026610535,-0.02036513,-0.10279543,-0.7051361,1.6274028,-0.7850578,0.1159055,0.015960261,0.056291223,-0.6943407,1.6608154,-1.1036893,0.14543399,-1.6181562,-3.0594428,-3.47565,7.2013187,-7.371083,7.31498,-10.676839,-2.2695553,-1.2110605,0.38105696,-5.1980014,17.405127
208,0.056718025,0.6881218,0.47343233,-0.004614982,-0.027971651,-0.9995981,1.0,0.0,0.0,-0.09371472,-0.11988893,0.03445673,0.08222854,-0.14873797,0.10521099,-0.036613964,0.038377192,0.06676054,0.048588872,-0.24716944,0.21583396,-0.5501821,-0.022425625,-0.41120848,0.20170856,-0.9740573,-0.1728422,-0.03790392,-0.074250795,-0.29797292,-0.12936749,0.7261806,-0.07200516,0.3709283,-0.054253593,0.64243954,-0.6992711,-0.44555408,-0.33350068,0.83281016,0.11808896,1.3424953,-0.7935182,0.66965437,-0.919424,200.0,-105.69019318918946,-200.0,-200.0,200.0,-200.0,-57.701328329410785,200.0,-200.0,-200.0,48.86209574372219,14.439100965722787,-0.09371472,-0.11988893,-0.7655433,1.6822286,-0.948738,0.10521099,-0.036613964,0.038377192,-0.7332395,1.6485889,-1.0471694,0.21583396,-11.003642,-0.4485125,-8.22417,4.034171,-19.481146,-3.456844,-0.7580784,-1.4850159,-5.9594584,-2.5873497,14.523612,-1.4401032
209,-0.3217729,0.12398897,-0.2063433,0.010411797,-0.020475755,-0.99973613,1.0,0.0,0.0,-0.13832214,-0.10415694,-0.0036634207,0.08487606,-0.26304907,-0.012587376,0.0142042665,0.043343697,0.047750592,-0.013082385,-0.004705131,0.09494351,0.047554154,0.11488789,-0.008893748,-0.13689311,-0.40341568,-0.68947285,0.492493,0.07499415,0.07357029,-0.45997602,1.4343708,-1.038288,0.52527785,-0.2471724,0.40688005,0.23955077,0.14927109,0.46540824,-0.38824707,-0.29067972,1.3103758,1.1073403,-0.23302475,-0.07636709,200.0,84.65586057715484,200.0,-200.0,-55.00355415510512,-200.0,200.0,-8.844642883584399,200.0,-200.0,41.42073696932738,42.616182390525864,-0.13832214,-0.10415694,-0.80366343,1.6848761,-1.0630491,-0.012587376,0.0142042665,0.043343697,-0.7522494,1.5869176,-0.80470514,0.09494351,0.95108306,2.2977579,-0.17787495,-2.737862,-8.068314,-13.789457,9.84986,1.4998829,1.4714057,-9.19952,28.687414,-20.765759
210,0.27599666,-0.58229,-0.11669725,-0.00028016503,-0.021770438,-0.99976295,1.0,0.0,0.0,-0.0703011,-0.11724056,0.018850923,0.07393026,-0.23897678,-0.039022468,0.062228955,0.055470172,0.0704242,-0.020939708,0.03289628,-0.10092943,0.583358,-0.18607455,0.21393202,0.019663526,0.5490455,0.32274762,0.016235663,0.002601049,0.19944121,0.108773224,-0.43363997,-0.8050006,-0.27424875,0.44824895,-0.60551226,-0.27726346,-0.55179167,0.728208,-0.63263345,-0.04453203,-0.36682475,0.3362444,-0.3489828,0.61828315,-200.0,-200.0,200.0,200.0,-200.0,200.0,200.0,-101.06158086162523,200.0,200.0,200.0,200.0,-0.0703011,-0.11724056,-0.7811491,1.6739303,-1.0389768,-0.039022468,0.062228955,0.055470172,-0.7295758,1.5790603,-0.76710373,-0.10092943,11.66716,-3.721491,4.2786403,0.3932705,10.98091,6.4549522,0.32471323,0.05202098,3.9888241,2.1754644,-8.672799,-16.100012
211,0.17656043,0.09312852,0.5628492,-0.0088333,-0.030960048,-0.9994816,1.0,0.0,0.0,-0.020573856,-0.14250202,0.039333582,0.06476879,-0.2337994,0.1277907,0.009091424,0.04891427,0.06779164,0.034085155,-0.0915153,-0.15405224,-0.026853634,-0.0803115,0.0075653517,-0.10195815,-0.4024344,1.2045372,-0.49542084,-0.052601494,-0.1904992,0.40961504,-0.5611238,0.17515762,-0.47055322,0.5245925,-0.36779818,-0.92354125,0.07153772,-0.24196309,0.4466338,0.1945216,-0.09081391,-1.0934193,-0.03370611,0.24854088,-200.0,-138.91702233202244,-200.0,200.0,47.529880431709444,200.0,-200.0,200.0,-200.0,-200.0,-200.0,80.08449602610813,-0.020573856,-0.14250202,-0.76066643,1.6647688,-1.0337994,0.1277907,0.009091424,0.04891427,-0.7322084,1.6340852,-0.8915153,-0.15405224,-0.53707266,-1.6062299,0.15130703,-2.0391629,-8.048688,24.090742,-9.908417,-1.0520298,-3.809984,8.192301,-11.222476,3.5031524
212,-0.3686282,0.60522974,0.46639237,0.005094523,-0.025778072,-0.9996547,1.0,0.0,0.0,-0.08678384,-0.12684163,0.018128455,0.024219394,-0.20651156,0.25762734,-0.03096617,0.062378682,0.01663202,0.09502256,-0.10555059,-0.038921416,-0.5804265,0.21582381,-0.1950339,-0.28462514,0.5340904,0.19552805,0.03556683,0.16583149,-0.31602222,0.22116046,0.2248529,0.74882084,0.24210139,-0.6642804,0.9889662,-0.061806,0.48927188,-0.8211574,0.89147997,-0.54401714,1.4678925,-1.0112019,-0.13998573,0.15267636,200.0,200.0,-200.0,-200.0,158.51889896809524,200.0,-200.0,200.0,-200.0,-200.0,88.72823800343707,-200.0,-0.08678384,-0.12684163,-0.78187156,1.6242194,-1.0065116,0.25762734,-0.03096617,0.062378682,-0.783368,1.6950226,-0.9055506,-0.038921416,-11.60853,4.3164763,-3.900678,-5.692503,10.6818075,3.9105608,0.71133655,3.31663,-6.320444,4.423209,4.497058,14.976417
213,0.21911874,-0.06777009,-0.21225126,0.014619609,-0.024086315,-0.999603,1.0,0.0,0.0,-0.13676444,-0.10991763,0.0056140423,-0.025752068,-0.012624443,0.19256578,0.03194541,0.06741055,-0.0032652617,0.10465443,-0.11156386,0.038549807,0.012303459,-0.026347924,0.027756859,-0.18903033,1.0903593,-0.755741,0.54599607,-0.090114094,0.07958451,-0.09046953,-0.06283628,0.259155,0.9609513,0.09924987,0.30275995,1.1243615,-0.60875595,0.144855,-0.48831454,0.452214,0.061445594,0.37668514,-0.92738575,-0.5919606,200.0,-200.0,200.0,-200.0,5.6189933935659795,-33.05496910917728,200.0,-200.0,200.0,148.45141401496466,-66.2050057795077,-200.0,-0.13676444,-0.10991763,-0.79438597,1.574248,-0.81262445,0.19256578,0.03194541,0.06741055,-0.8032653,1.7046545,-0.9115639,0.038549807,0.2460692,-0.52695847,0.55513716,-3.7806065,21.807186,-15.11482,10.919921,-1.8022819,1.5916902,-1.8093907,-1.2567255,5.1830997
214,-0.4521182,-0.4309523,-0.1000037,0.0037385935,-0.017706506,-0.99983627,1.0,0.0,0.0,-0.07259634,-0.083755076,0.017867863,-0.00014567375,-0.0030864477,0.10430165,0.08603375,0.08603788,0.01774621,0.11290085,-0.23151904,-0.021301802,0.5588021,0.22837658,0.12979986,0.2144968,-0.45392796,-0.08572408,0.043848462,0.23899391,0.108744465,0.15847145,-1.0376568,-0.75560534,-0.09218892,-0.22342837,-0.3690119,-0.28570178,-0.33636403,0.36329424,-0.77975297,-0.4599986,-0.1690005,-0.5799658,-0.3003779,-0.16715336,-200.0,200.0,-15.24383474987934,200.0,-200.0,-200.0,200.0,167.0921462944485,200.0,200.0,-200.0,200.0,-0.07259634,-0.083755076,-0.78213215,1.5998544,-0.80308646,0.10430165,0.08603375,0.08603788,-0.7822538,1.7129009,-1.031519,-0.021301802,11.176043,4.5675316,2.595997,4.289936,-9.078559,-1.7144816,0.8769692,4.779878,2.1748893,3.1694288,-20.753136,-15.112106
215,0.20638436,0.26644358,0.60993814,0.0016181425,-0.014163197,-0.9998984,1.0,0.0,0.0,-0.025556602,-0.06232857,0.017737567,0.027677894,-0.11397344,0.16867915,0.03778535,0.10098182,0.019355893,0.12510574,-0.33023125,-0.088352144,-0.021880137,0.0029585043,-0.10258036,0.07926461,-0.48175135,0.42164,-0.4745687,-0.053760584,-0.07756341,-0.015496182,-0.04892833,-0.17507227,-0.46949673,-0.105798036,-0.1495339,-1.0669764,0.43640852,-0.034007154,0.12470794,-0.110602826,-0.35253087,-0.8926347,0.22669058,0.4179511,-200.0,-200.0,-200.0,-200.0,200.0,20.82042980448145,-161.4764290539293,-200.0,-200.0,-200.0,38.255613730780965,-28.814739824099888,-0.025556602,-0.06232857,-0.78226244,1.6276779,-0.91397345,0.16867915,0.03778535,0.10098182,-0.7806441,1.7251058,-1.1302313,-0.088352144,-0.43760273,0.059170086,-2.0516071,1.5852922,-9.635027,8.4328,-9.491374,-1.0752116,-1.5512682,-0.30992365,-0.97856665,-3.5014453
216,0.5668091,0.7968107,0.67064255,0.024610016,-0.03146163,-0.99920195,1.0,0.0,0.0,-0.088847846,-0.06966136,-0.023966134,0.024829984,-0.10184485,0.15082903,0.0012446739,0.066162065,-0.021357536,0.10283077,-0.2322275,-0.012478001,-0.5522725,-0.046877716,-0.26169166,-0.10925031,0.50202096,-0.37820444,0.051639922,-0.26224875,-0.28380948,-0.19349007,0.89726704,0.8157482,0.37470853,0.3820303,1.0824172,0.2565182,-0.104262695,-0.3144556,1.0286894,0.7820612,1.5202448,0.7134672,-0.51035666,0.1815708,200.0,-117.73360549837514,-200.0,-200.0,113.57919158038237,157.96373160695885,-200.0,-24.814395812218642,-6.230928419833845,-200.0,200.0,-14.890070081413967,-0.088847846,-0.06966136,-0.82396615,1.62483,-0.90184486,0.15082903,0.0012446739,0.066162065,-0.82135755,1.7028308,-1.0322275,-0.012478001,-11.04545,-0.9375543,-5.2338333,-2.1850061,10.040419,-7.564089,1.0327984,-5.244975,-5.6761894,-3.8698015,17.945341,16.314964
217,-0.13859053,0.13019417,-0.05439194,0.041410383,-0.039072003,-0.998378,1.0,0.0,0.0,-0.1367768,-0.051166903,-0.05084157,0.016932964,-0.08418965,0.009376083,0.06747242,0.041675895,-0.05419159,0.08366549,-0.16168833,0.06851623,0.01829854,0.1911747,-0.029186746,0.015038994,-0.044679653,-0.70626205,0.5654401,-0.011814459,-0.073487125,-0.009316738,-0.09320756,0.24833624,0.72252244,-0.42295566,0.07665014,-0.3289657,0.091562405,0.4704181,-0.45123276,0.37377998,1.082339,0.6028415,-0.32292205,-0.32426104,200.0,200.0,200.0,200.0,-200.0,-25.283293998577477,200.0,200.0,200.0,200.0,1.406920406891608,58.36187513557263,-0.1367768,-0.051166903,-0.8508416,1.616933,-0.88418967,0.009376083,0.06747242,0.041675895,-0.8541916,1.6836655,-0.96168834,0.06851623,0.3659708,3.823494,-0.5837349,0.30077988,-0.8935931,-14.12524,11.308802,-0.23628919,-1.4697425,-0.18633474,-1.8641512,4.966725
218,-0.26933935,-0.5165534,-0.09002913,0.031021088,-0.02985771,-0.9990727,1.0,0.0,0.0,-0.06819191,-0.030106181,-0.029719353,0.016603231,-0.03307849,-0.003003703,0.11986493,0.061906688,-0.04318559,0.09581447,-0.21293181,0.008732656,0.58622867,0.058962088,0.2137364,-0.06668833,0.2769175,0.43892986,0.016405834,0.18518373,0.14393567,0.11417451,-0.2385001,-0.6718001,-0.0065094875,-0.515133,-0.13251725,-0.721337,-0.021460008,0.59728986,-0.95330787,-0.3062571,-0.0112962555,-0.4769016,-0.51413006,0.060232375,-200.0,200.0,200.0,200.0,13.82267243086676,-48.9053875210152,200.0,-200.0,25.720971857697606,-200.0,-26.99981852132339,200.0,-0.06819191,-0.030106181,-0.82971936,1.6166033,-0.8330785,-0.003003703,0.11986493,0.061906688,-0.8431856,1.6958145,-1.0129318,0.008732656,11.724573,1.1792418,4.274728,-1.3337666,5.5383496,8.778597,0.32811666,3.7036746,2.8787134,2.2834902,-4.770002,-13.436002
219,0.40076217,-0.06408972,0.37093168,0.019580279,-0.034251694,-0.9992214,1.0,0.0,0.0,-0.0037795869,-0.05118926,-0.015803754,0.047177196,-0.039200008,0.12678379,0.06639725,0.06681085,-0.012756705,0.09079015,-0.33157748,-0.024173262,0.22269408,-0.23811789,-0.010582574,0.18133345,-0.06293939,0.85382664,-0.4908932,-0.10402008,0.15086338,-0.13786541,-0.8348214,0.24862018,-0.79221237,0.6883184,-0.43088087,-0.053424187,-0.3480543,-0.025352545,0.5599823,0.47683814,-0.7291014,0.012813687,-0.24067117,0.27981135,-200.0,-200.0,14.798526905613674,-200.0,-200.0,185.0746725519125,12.314153700069024,-200.0,-200.0,-200.0,29.776915049950283,200.0,-0.0037795869,-0.05118926,-0.81580377,1.6471772,-0.8392,0.12678379,0.06639725,0.06681085,-0.8127567,1.6907902,-1.1315775,-0.024173262,4.4538817,-4.7623577,-0.21165147,3.626669,-1.2587878,17.076532,-9.817863,-2.0804017,3.0172675,-2.7573082,-16.696428,4.9724035
220,-0.24324709,0.5752427,0.35088772,0.030628564,-0.03624036,-0.99887365,1.0,0.0,0.0,-0.017674979,-0.06312877,-0.038212717,0.06793082,-0.122143686,0.18502875,0.024647938,0.06960213,-0.020792305,0.07152963,-0.39029413,0.072023444,-0.31756857,0.087593645,-0.20616737,0.083030775,-0.4467143,-0.19002229,0.01911183,0.11340834,-0.1843181,-0.07545675,0.14892797,0.45292148,0.16831924,0.024904817,0.8506929,-0.9555699,-0.24241479,-0.55049783,0.7623805,-0.6064197,1.5304598,-0.7201564,0.74155635,-0.4843649,200.0,200.0,-200.0,-41.009258374421265,200.0,-38.02457409867395,-200.0,200.0,-200.0,-200.0,-28.026239635732736,-200.0,-0.017674979,-0.06312877,-0.8382127,1.6679308,-0.9221437,0.18502875,0.024647938,0.06960213,-0.8207923,1.6715297,-1.1902941,0.072023444,-6.3513713,1.7518729,-4.1233473,1.6606154,-8.934286,-3.8004458,0.3822366,2.2681668,-3.6863618,-1.509135,2.9785595,9.05843
221,-0.09424374,-0.06138566,-0.4522027,0.039638534,-0.029511133,-0.99877816,1.0,0.0,0.0,-0.024458146,-0.04626904,-0.039595544,0.056136608,-0.1681363,0.039766353,0.083441496,0.085910514,-0.032693803,0.051594377,-0.25847298,0.0508576,0.19542144,0.07613794,0.15151288,-0.1715268,-0.15815455,-1.1482892,0.51846546,0.054240227,0.0459138,-0.1330687,1.079202,-0.5571424,0.3913184,-0.35787866,0.13661885,0.40105566,-0.054778706,0.35145438,-0.6603854,0.27156788,0.7560745,1.458147,-0.13086213,-0.08020329,200.0,-200.0,200.0,-200.0,200.0,-200.0,200.0,67.80559343409672,200.0,-200.0,13.540263641170355,-155.06422670588358,-0.024458146,-0.04626904,-0.83959556,1.6561366,-0.9681363,0.039766353,0.083441496,0.085910514,-0.8326938,1.6515944,-1.058473,0.0508576,3.9084287,1.5227587,3.0302575,-3.430536,-3.163091,-22.965784,10.369308,1.0848045,0.918276,-2.6613739,21.58404,-11.142847
222,-0.036645327,-0.7661488,-0.48900732,0.020915696,-0.025763417,-0.99944925,1.0,0.0,0.0,0.060478985,-0.03466009,-0.0046691895,0.070396066,-0.1404795,-0.04043134,0.12647414,0.110782295,0.006134331,0.04147494,-0.11618006,-0.011503762,0.61847776,0.020748701,0.21899743,0.19425757,0.18191347,0.102703445,-0.037489545,0.16844413,0.3050186,0.016748132,0.28615555,-0.16225949,-0.47573876,0.2245794,-0.5274602,-0.7598114,0.17799138,1.2016952,-0.5589855,-0.37323835,-0.4878856,-0.4659671,-0.8788003,0.6015773,-200.0,165.44236732665297,200.0,200.0,-200.0,28.7868597730166,94.47737345200744,-200.0,81.89566467968402,200.0,-8.244629594750705,200.0,0.060478985,-0.03466009,-0.8046692,1.6703961,-0.9404795,-0.04043134,0.12647414,0.110782295,-0.7938657,1.641475,-0.9161801,-0.011503762,12.369555,0.414974,4.3799486,3.8851514,3.6382692,2.0540688,-0.74979085,3.3688824,6.100372,0.33496264,5.7231107,-3.2451897
223,-0.02217277,-0.1268396,0.24822149,0.0055457577,-0.02434489,-0.9996882,1.0,0.0,0.0,0.119789325,-0.020877836,0.017742932,0.09145582,-0.036460936,0.08357539,0.068622544,0.12967299,0.04697174,0.03756666,-0.15750772,0.054284092,0.03811196,0.09320269,0.043075077,0.03179845,0.72422796,1.0431137,-0.45645785,-0.006285753,0.08410147,0.11798896,-0.51344216,0.5606222,-0.7905432,-0.18163276,-0.36899227,-0.9690956,-0.31554362,-0.19778314,0.12005046,0.024165094,-0.43521386,-0.50014704,-0.18516153,-0.11487133,-200.0,-200.0,-200.0,-200.0,-200.0,200.0,-200.0,200.0,-200.0,-200.0,200.0,200.0,0.119789325,-0.020877836,-0.7822571,1.6914558,-0.83646095,0.08357539,0.068622544,0.12967299,-0.7530283,1.6375667,-0.9575077,0.054284092,0.76223916,1.8640537,0.8615015,0.635969,14.484559,20.862274,-9.129157,-0.12571506,1.6820294,2.3597791,-10.268843,11.212444
224,0.36398458,0.5877433,0.18147337,0.01622778,-0.033215474,-0.99931645,1.0,0.0,0.0,0.06758627,-0.037289623,-0.011049688,0.115599155,-0.0681082,0.13364452,0.029880233,0.10762282,0.035691857,0.043988705,-0.18970102,0.06543981,-0.48972327,-0.14294164,-0.25104845,0.0818009,-0.4515662,-0.2186307,0.007239321,-0.15613122,-0.17295462,-0.0089382855,0.02194099,-0.2330031,0.307522,-0.010760218,0.81653684,0.020460807,-0.73628193,-0.23856589,0.90645623,0.33434522,0.87722075,-0.09891009,0.0010446608,-0.59003276,200.0,147.1852833691435,-200.0,-200.0,85.41972593444714,118.11820211310373,-200.0,-4.190686550239889,-200.0,-200.0,200.0,-200.0,0.06758627,-0.037289623,-0.8110497,1.7155992,-0.8681082,0.13364452,0.029880233,0.10762282,-0.76430815,1.6439887,-0.98970103,0.06543981,-9.794465,-2.8588326,-5.020969,1.6360179,-9.031323,-4.372614,0.14478642,-3.1226244,-3.4590924,-0.17876571,0.43881977,-4.660062
225,-0.11882063,-0.04762852,-0.5591884,0.026131468,-0.036506183,-0.9989917,1.0,0.0,0.0,0.0317078,-0.04235636,-0.021487415,0.09951484,-0.23869807,0.023642326,0.08406643,0.10332025,0.03768903,0.0171144,-0.13209844,-0.085365154,0.08152279,0.045409914,0.11049048,-0.19854175,-1.1648438,-0.567599,0.49022603,0.08191551,0.14944033,-0.21232478,0.29698038,-1.0960664,0.4986819,0.0071321577,0.4677781,-0.99153084,0.53610015,0.18217543,-0.4394481,0.2451587,0.89720345,0.12553167,0.4957754,0.5756024,200.0,200.0,200.0,-56.5222854489229,-66.36348042576998,-78.78026913614576,200.0,45.88622185088312,200.0,-172.79962132019344,-200.0,42.64520581000738,0.0317078,-0.04235636,-0.8214874,1.6995149,-1.0386981,0.023642326,0.08406643,0.10332025,-0.762311,1.6171144,-0.93209845,-0.085365154,1.6304559,0.90819824,2.2098095,-3.9708347,-23.296875,-11.35198,9.804521,1.6383102,2.9888065,-4.2464957,5.9396076,-21.921328
226,-0.28917092,-0.82550573,-0.55225855,0.008307214,-0.025564324,-0.9996387,1.0,0.0,0.0,0.092224136,-0.01999025,0.03360313,0.06392908,-0.34974283,0.0035735627,0.1194694,0.13588017,0.07889593,0.008463621,-0.050109684,-0.18125942,0.46474692,0.15505241,0.3612459,-0.06146873,-0.05489878,0.23100007,-0.09535545,0.18596597,0.24772601,0.114736915,0.35628268,0.050781455,-0.64795864,-0.48883608,-0.52161807,0.748589,0.56826663,0.6796672,-0.67076373,-0.7133152,-0.8964389,1.135994,-0.44085687,1.017455,-200.0,37.65397395627417,200.0,136.0501158987839,200.0,200.0,200.0,-95.35615007045652,200.0,-200.0,200.0,200.0,0.092224136,-0.01999025,-0.7663969,1.6639291,-1.1497428,0.0035735627,0.1194694,0.13588017,-0.7211041,1.6084636,-0.8501097,-0.18125942,9.294938,3.101048,7.224918,-1.2293746,-1.0979756,4.6200013,-1.907109,3.7193193,4.95452,2.2947383,7.1256533,1.015629
227,0.32702518,-0.14579712,0.15833072,-0.009638742,-0.027612219,-0.9995722,1.0,0.0,0.0,0.12270774,-0.017579414,0.062119484,0.089499235,-0.2528066,0.15414354,0.04359807,0.13867596,0.09262371,0.066814184,-0.084723234,-0.06305905,-0.10401531,-0.1137442,-0.030276103,0.28080267,0.926228,1.0834265,-0.6077126,-0.12716232,-0.08448746,0.43520632,-0.6050436,1.0322832,-0.6660956,0.3891509,-0.19269578,-1.3198911,0.19235699,0.1223071,0.14776471,0.22964196,-0.68839407,-1.0472307,-0.49676257,-0.65198034,-200.0,-200.0,-200.0,200.0,-200.0,200.0,-200.0,-200.0,-200.0,200.0,200.0,20.73240259794079,0.12270774,-0.017579414,-0.7378805,1.6894993,-1.0528066,0.15414354,0.04359807,0.13867596,-0.7073763,1.6668142,-0.88472325,-0.06305905,-2.0803063,-2.274884,-0.60552204,5.616053,18.524559,21.66853,-12.154252,-2.5432465,-1.6897492,8.704126,-12.100871,20.645664
228,-0.24319452,0.50031626,0.20203884,-0.001680832,-0.027071055,-0.9996321,1.0,0.0,0.0,0.048451032,-0.012212546,0.035438716,0.12581706,-0.09760702,0.25964803,-0.017371638,0.14381017,0.046025276,0.1390127,-0.22257847,0.036887635,-0.589391,0.13601436,-0.21705328,0.10685499,0.6406319,0.07245365,-0.062433995,0.1343697,-0.35511327,0.29812446,-0.59520704,0.06624166,0.17635612,-0.25718698,1.1208644,-1.2489663,-0.07468726,-0.5077986,1.1025404,-0.5044911,0.6547532,-1.4094567,0.050411448,-0.660399,200.0,60.91971985723143,-200.0,-200.0,48.406530130898204,-200.0,-200.0,200.0,-200.0,-200.0,-62.964895986660395,-200.0,0.048451032,-0.012212546,-0.7645613,1.7258171,-0.897607,0.25964803,-0.017371638,0.14381017,-0.75397474,1.7390127,-1.0225785,0.036887635,-11.78782,2.720287,-4.3410654,2.1370997,12.812638,1.449073,-1.2486799,2.687394,-7.1022654,5.962489,-11.90414,1.3248332
229,0.29937628,-0.10348897,-0.57678473,0.005320476,-0.02935027,-0.99955505,1.0,0.0,0.0,-0.01115857,-0.006762516,0.031847775,0.11772394,-0.06180781,0.17141564,0.02179964,0.14567538,0.014012337,0.1608411,-0.23612958,-0.053454377,-0.062138822,-0.06808126,0.13619727,-0.16380207,-0.021413706,-0.86113495,0.40746832,-0.09322149,0.001599232,-0.042495873,0.3640826,-0.8757321,0.85622764,0.26168737,0.7277307,-0.1809631,0.4034475,0.27897307,-0.36369142,0.1788139,0.13340141,-0.29901582,-0.27307397,0.045201737,200.0,-200.0,200.0,-200.0,200.0,-200.0,200.0,-200.0,200.0,-200.0,-11.254160943630964,-200.0,-0.01115857,-0.006762516,-0.76815224,1.717724,-0.8618078,0.17141564,0.02179964,0.14567538,-0.7859877,1.7608411,-1.0361296,-0.053454377,-1.2427764,-1.3616252,2.7239454,-3.2760415,-0.42827412,-17.222698,8.149366,-1.8644298,0.03198464,-0.8499174,7.281652,-17.514643
230,-0.20050018,-0.48064223,-0.47494072,-0.008131477,-0.02978289,-0.99952334,1.0,0.0,0.0,0.031345185,0.0013867517,0.08251512,0.076384544,-0.03909284,0.08584737,0.051689867,0.14768997,0.052112937,0.1242671,-0.23490173,-0.12460609,0.42599806,0.0992078,0.2778938,-0.14566539,-0.03392688,-0.18176018,-0.0508365,0.07206327,0.28841957,-0.28341165,-0.07861272,0.072680555,-0.35023758,0.08989796,-0.3974422,0.15270075,0.7536835,0.5678763,-0.4781635,-0.03783244,-0.8532744,0.29257172,-0.9249403,0.8261623,-200.0,2.3355950764050704,-101.31256286773493,-200.0,1.0845948138684776,200.0,200.0,200.0,200.0,-200.0,200.0,200.0,0.031345185,0.0013867517,-0.7174849,1.6763846,-0.83909285,0.08584737,0.051689867,0.14768997,-0.7478871,1.7242671,-1.0349017,-0.12460609,8.519961,1.984156,5.557876,-2.9133077,-0.6785376,-3.6352034,-1.01673,1.4412653,5.768391,-5.668233,-1.5722544,1.4536111
231,-0.08060571,0.13666353,0.21927539,-0.013665184,-0.025257522,-0.9995876,1.0,0.0,0.0,0.057955187,0.010310924,0.08837211,0.0913471,0.006233394,0.12643835,-0.012410699,0.14496572,0.07282245,0.10098791,-0.3518843,-0.0049442244,-0.100055315,0.0035644874,-0.15472709,0.206295,0.39834675,0.4407371,-0.5017411,-0.065610744,-0.05312225,0.0144460965,-0.83906424,0.90233356,-0.6046885,-0.24288014,0.09900731,0.10593813,-0.25646427,0.3184674,0.10681036,0.1070181,-0.31453207,-0.08855548,0.15799107,-0.236668,-0.4784280602692661,-200.0,-200.0,200.0,200.0,-119.45931099531663,-200.0,125.26195505712441,-200.0,-200.0,200.0,72.2890918427546,0.057955187,0.010310924,-0.7116279,1.6913471,-0.7937666,0.12643835,-0.012410699,0.14496572,-0.72717756,1.7009879,-1.1518843,-0.0049442244,-2.0011063,0.07128975,-3.0945418,4.1259,7.9669347,8.814742,-10.0348215,-1.3122149,-1.0624449,0.28892192,-16.781284,18.04667
232,0.16742323,0.27354926,0.43519357,-0.005624791,-0.02771243,-0.9996001,1.0,0.0,0.0,-0.019320656,-0.0058889566,0.0707196,0.11087084,-0.018117785,0.19674614,-0.05824785,0.12714365,0.047451973,0.085647464,-0.411094,0.070575476,-0.61966175,-0.14292602,-0.05370095,0.032351185,-0.46897236,0.26945242,-0.0063197683,-0.1018808,-0.18624623,-0.1486531,0.14714307,-0.053577203,0.4039089,0.16137153,0.79692966,-0.8525453,-0.8179066,-0.46941832,0.98111796,0.28350678,0.8728658,-0.98103046,0.7047041,-0.731288,200.0,53.99796000672908,-200.0,-200.0,200.0,-200.0,-200.0,-200.0,110.53714427976846,-50.72686264142857,-51.77381602056926,-29.575361340289476,-0.019320656,-0.0058889566,-0.7292804,1.7108709,-0.8181178,0.19674614,-0.05824785,0.12714365,-0.75254804,1.6856475,-1.211094,0.070575476,-12.393234,-2.8585205,-1.074019,0.6470237,-9.379447,5.3890486,-0.12639536,-2.037616,-3.7249246,-2.973062,2.9428613,-1.071544
233,-0.5204442,-0.30154774,-0.25414786,-0.0074787224,-0.019204607,-0.9997876,1.0,0.0,0.0,-0.08207338,-0.00090347324,0.101406455,0.0792557,-0.21408564,0.14432675,-0.0034411906,0.13638781,0.047980845,0.022086024,-0.276756,-0.04776067,-0.062154163,0.1564778,0.32805318,-0.31992736,-1.2692161,-0.69764876,0.5055884,0.16394499,0.1517271,-0.4602774,1.1021197,-1.0318804,0.664475,-0.5054043,-0.7866994,0.32632783,0.13583973,-0.15019637,-0.5433279,-0.23790383,0.5247279,1.3792512,0.310345,0.12956963,200.0,160.9132212792041,200.0,-200.0,200.0,-200.0,200.0,200.0,200.0,-200.0,19.658424310566943,-200.0,-0.08207338,-0.00090347324,-0.69859356,1.6792557,-1.0140857,0.14432675,-0.0034411906,0.13638781,-0.75201917,1.622086,-1.076756,-0.04776067,-1.2430832,3.1295557,6.5610633,-6.398547,-25.384321,-13.952975,10.111768,3.2788997,3.0345418,-9.205548,22.042393,-20.637608
234,0.22855887,-0.3866169,-0.6737384,-0.021097783,-0.014935922,-0.99966586,1.0,0.0,0.0,-0.040021665,-0.00040389062,0.14092165,0.05280125,-0.35995656,0.04187085,0.0321601,0.14445595,0.08619881,-0.04248631,-0.07345116,-0.14358976,0.43612263,-0.11984705,0.09178776,0.026965884,-0.28680158,-0.41336304,-0.12226065,-0.042586695,0.21374579,-0.15708269,0.8449406,-0.016536703,-0.058166403,-0.2320582,-0.25613385,0.012869962,0.15100594,0.68588084,-0.6662786,-0.26621783,-0.36624327,0.2932329,-0.30094886,0.7605341,-200.0,-200.0,200.0,200.0,-88.54044734370245,200.0,200.0,-200.0,-200.0,200.0,200.0,30.99692553940349,-0.040021665,-0.00040389062,-0.65907836,1.6528013,-1.1599566,0.04187085,0.0321601,0.14445595,-0.7138012,1.5575137,-0.8734512,-0.14358976,8.722452,-2.396941,1.8357552,0.53931767,-5.7360315,-8.267261,-2.445213,-0.85173386,4.2749157,-3.1416538,16.898811,-0.33073407
235,0.70521,0.2374815,-0.051641956,-0.022423616,-0.03615581,-0.99909455,1.0,0.0,0.0,-0.010060476,-0.052709367,0.13328052,0.058977365,-0.30914837,0.0665705,-0.04914777,0.11114466,0.089888215,-0.030602098,-0.027436256,-0.045268517,-0.036395572,-0.34718713,-0.14373513,0.0244891,0.69653577,0.56092685,-0.6345512,-0.24325462,-0.15074584,0.24589632,-0.28805318,0.90112144,-0.84990203,1.1287113,-0.064390376,-0.67329186,-0.1611088,0.2184321,0.25169623,1.3572137,-0.2120701,0.14728281,-0.6505703,-0.06599101,-200.0,-200.0,-200.0,200.0,-200.0,200.0,-90.16951853065211,-39.9659825296726,-200.0,-117.63147087604241,200.0,200.0,-0.010060476,-0.052709367,-0.6667195,1.6589774,-1.1091484,0.0665705,-0.04914777,0.11114466,-0.7101118,1.5693979,-0.82743627,-0.045268517,-0.7279114,-6.9437423,-2.8747025,0.48978198,13.930715,11.218537,-12.691025,-4.8650923,-3.0149167,4.9179263,-5.7610636,18.022429
236,0.06879937,0.7528085,0.013280195,-5.7519745e-05,-0.050111085,-0.99874365,1.0,0.0,0.0,-0.07220759,-0.09227018,0.08621389,0.043877244,-0.24523884,0.12284655,-0.11773585,0.09513781,0.02348733,0.031620264,-0.18137234,0.028165827,-0.5338009,-0.06798764,-0.27816314,-0.17373191,0.18848959,0.2024746,-0.11370452,0.048654225,-0.4247593,0.31567642,-0.9939799,-0.07018307,0.26686704,0.61676276,1.5857346,-0.2943446,0.31276625,-0.09591641,1.0200644,-0.2844302,1.3071901,-1.0271897,0.15141167,-0.7709691,200.0,200.0,-72.99344154183763,-78.97782628338578,32.16542004985115,-200.0,-200.0,200.0,-35.42424359709128,-200.0,-22.790167079341558,-12.471649653891177,-0.07220759,-0.09227018,-0.7137861,1.6438773,-1.0452389,0.12284655,-0.11773585,0.09513781,-0.7765127,1.6316203,-0.98137236,0.028165827,-10.676018,-1.3597529,-5.5632625,-3.474638,3.7697916,4.049492,-2.2740903,0.97308445,-8.495186,6.313528,-19.879597,-1.4036614
237,-0.049617503,0.0640569,-0.6030816,0.016235957,-0.050614618,-0.9985863,1.0,0.0,0.0,-0.1169813,-0.08926155,0.06476158,-0.008002043,-0.108061194,0.06879291,-0.08152267,0.0977856,-0.02126807,0.05743122,-0.27471954,-0.0893804,0.03094536,0.07346081,-0.043432917,-0.119042076,0.90894026,-0.45369306,0.41961718,-0.020248478,-0.0461588,-0.021501563,-0.035342686,-1.0117382,0.5011425,0.067899436,1.1015689,0.52680945,0.53803277,0.12336072,-0.28672436,-0.08891708,0.37761846,-0.20134181,0.017769262,0.2991703,200.0,-200.0,200.0,-200.0,200.0,-200.0,200.0,200.0,200.0,-200.0,-70.05769443473628,200.0,-0.1169813,-0.08926155,-0.73523843,1.591998,-0.9080612,0.06879291,-0.08152267,0.0977856,-0.8212681,1.6574312,-1.0747195,-0.0893804,0.6189072,1.4692161,-0.86865836,-2.3808415,18.178804,-9.073861,8.3923435,-0.40496957,-0.923176,-0.43003127,-0.7068537,-20.234764
238,-0.010986499,-0.5521431,-0.6274614,0.0089511145,-0.049049675,-0.99875623,1.0,0.0,0.0,-0.05691465,-0.07928341,0.060873866,0.022643447,0.016875744,0.02789508,-0.048467826,0.0858052,0.0131037235,0.02000165,-0.20206076,-0.18456356,0.521611,0.041932713,0.028814076,0.28475845,0.6741166,0.12904505,-0.043900546,-0.088192865,0.33779526,-0.28981036,0.39465597,-0.037534203,-0.11957968,-0.0031499788,-0.42042348,0.40737948,-1.1483611,0.37227535,-0.4909189,0.41472307,-0.90718055,-0.20427129,-0.74452084,0.88318396,-200.0,-194.36309205304514,153.903286670601,110.60306770796439,-200.0,200.0,200.0,200.0,200.0,200.0,200.0,131.92009556056666,-0.05691465,-0.07928341,-0.73912615,1.6226435,-0.78312427,0.02789508,-0.048467826,0.0858052,-0.7868963,1.6200017,-1.0020608,-0.18456356,10.4322195,0.8386543,0.5762815,5.695169,13.482332,2.580901,-0.8780109,-1.7638572,6.755905,-5.796207,7.8931193,-0.7506841
239,-0.2188125,0.10410417,0.07106663,-0.00039947414,-0.043386333,-0.9990583,1.0,0.0,0.0,-0.015467988,-0.059076473,0.027009606,0.110245466,0.045262396,0.12490205,-0.115799576,0.0844669,0.054966867,-0.03643632,-0.22789687,-0.08847771,-0.05086688,0.13507728,-0.32423627,0.54471123,-0.2928796,0.53227705,-0.5791266,0.054140348,0.105922125,-0.27298218,-0.5567419,0.90496963,-0.7803293,-0.46722806,0.098150864,-0.7637694,-0.811908,-0.27626142,0.18081054,-0.32976416,-0.10917176,-0.37015313,0.10805103,-0.11498124,-200.0,200.0,-200.0,-70.93327510568594,-200.0,200.0,-200.0,-11.946894125196081,-200.0,86.8175611572633,-200.0,-35.751688448729396,-0.015467988,-0.059076473,-0.7729904,1.7102455,-0.7547376,0.12490205,-0.115799576,0.0844669,-0.74503314,1.5635637,-1.0278969,-0.08847771,-1.0173376,2.7015455,-6.4847255,10.894224,-5.857592,10.64554,-11.582532,1.082807,2.1184425,-5.4596434,-11.134837,18.099392
240,0.38483366,0.01095316,0.2530471,0.0006977215,-0.04675982,-0.9989059,1.0,0.0,0.0,-0.08055594,-0.056863986,-0.013946354,0.18904912,-0.116187155,0.12432258,-0.17362171,0.056076746,0.060258508,-0.0474205,-0.19324356,-0.052024916,-0.55128807,-0.08614583,-0.12138801,0.27228966,-1.0705281,-0.43959743,-0.067738704,-0.25841868,-0.002933325,-0.10089659,0.4704474,-0.10526526,0.62523186,-0.35801867,1.095915,-0.8340579,-0.32511365,-0.93200463,0.749511,1.0620687,-0.079652615,-0.033141144,0.6309858,-0.42179647,200.0,-200.0,-200.0,-200.0,-200.0,33.38963381426248,-200.0,-200.0,200.0,-200.0,200.0,-200.0,-0.08055594,-0.056863986,-0.81394637,1.7890491,-0.91618717,0.12432258,-0.17362171,0.056076746,-0.7397415,1.5525795,-0.9932436,-0.052024916,-11.025762,-1.7229166,-2.4277601,5.445793,-21.410563,-8.791948,-1.3547741,-5.1683736,-0.0586665,-2.0179317,9.408948,-2.1053052
241,0.21551952,0.007847472,-0.16566975,0.0012212421,-0.059906453,-0.9982033,1.0,0.0,0.0,-0.1319343,-0.07583655,-0.01945275,0.21220326,-0.22863299,-0.065949254,-0.12976822,0.0146854,0.045418143,-0.049327493,0.005075395,-0.15280217,-0.014801388,-0.10317798,0.058248628,-0.014000408,-0.23673728,-1.3715965,0.45371112,-0.17305784,-0.10481786,0.033520326,1.3069842,-0.58186156,0.7862931,0.18430157,-0.5731737,-0.9529942,0.09872301,0.3427948,-0.18909234,1.0439795,0.37030184,0.59563345,0.18596758,0.14758638,200.0,200.0,-150.89126600672964,6.173651665667187,-2.6995587906149012,41.10550217345667,200.0,-200.0,200.0,-200.0,64.62536558521492,-200.0,-0.1319343,-0.07583655,-0.81945276,1.8122033,-1.028633,-0.065949254,-0.12976822,0.0146854,-0.75458187,1.5506725,-0.7949246,-0.15280217,-0.29602775,-2.0635595,1.1649725,-0.28000817,-4.7347455,-27.431929,9.074223,-3.4611568,-2.096357,0.6704065,26.139683,-11.637231
242,-0.39719966,0.08176855,-0.4055486,0.0040788027,-0.055299025,-0.9984615,1.0,0.0,0.0,-0.0812999,-0.07036548,-0.008171618,0.1918875,-0.17280209,-0.23334444,-0.086375125,0.017407125,0.0035508275,0.009269714,0.10083562,-0.124661125,0.47403464,0.1351832,0.05527548,-0.16480196,0.5671759,-0.39977023,0.0139890555,0.14637534,-0.23455267,0.4040137,0.18393974,0.53282726,-0.0680154,-0.71128,0.19437535,-0.24263245,-0.22139074,1.1022729,-0.53704154,-0.18475232,1.4101294,-0.032944,-0.84449095,0.34389648,-200.0,200.0,200.0,200.0,-17.23163482788982,56.968404317968975,200.0,200.0,-200.0,-200.0,2.361389023869606,200.0,-0.0812999,-0.07036548,-0.80817163,1.7918875,-0.9728021,-0.23334444,-0.086375125,0.017407125,-0.7964492,1.6092697,-0.6991644,-0.124661125,9.480693,2.703664,1.1055096,-3.296039,11.343518,-7.9954042,0.2797811,2.9275067,-4.6910534,8.080274,3.6787949,10.656545
243,0.24057046,-0.4456424,0.20756772,-0.0055739856,-0.053224523,-0.998567,1.0,0.0,0.0,-0.035931014,-0.07547422,0.04016,0.13124752,-0.15493727,-0.2062259,-0.14365995,0.019166058,-0.0029975176,0.05387354,0.031103313,0.027054192,0.028399859,-0.15402788,0.35583907,-0.40529338,-0.13214605,0.5734758,-0.53366905,-0.10525154,0.11409922,0.06979389,-0.7836304,0.69105136,-0.76456225,0.085713714,-0.37150878,-0.4926889,-0.48328668,0.20276883,0.4574984,0.45905954,-0.56557673,-0.96002036,-0.5909783,-0.49812227,-200.0,-200.0,200.0,-200.0,-200.0,-57.82653042939546,-126.04594556170252,-200.0,-17.00190973681657,-200.0,-10.278160665563078,200.0,-0.035931014,-0.07547422,-0.75984,1.7312475,-0.9549373,-0.2062259,-0.14365995,0.019166058,-0.8029975,1.6538736,-0.7688967,0.027054192,0.56799716,-3.0805576,7.116781,-8.105867,-2.6429207,11.469515,-10.673381,-2.1050308,2.2819843,1.3958777,-15.672607,13.821027
244,-0.29535908,0.327144,0.22477889,-0.0070349644,-0.050801925,-0.998684,1.0,0.0,0.0,-0.08502379,-0.079148866,0.08627248,0.030082226,-0.24919921,-0.070748255,-0.19899058,0.025225485,-0.0032610297,0.05444932,-0.16981411,0.058392912,-0.47809777,0.09357755,0.12720525,-0.5926862,-0.5040795,0.5894436,-0.064846225,0.14540496,-0.09649889,-0.055634405,-0.9153432,-0.28094634,0.3915657,-0.6165279,-0.027451288,0.42795822,0.41444248,-0.20258224,0.8563597,-0.20149869,-0.13503143,0.3471643,0.28023583,-0.36178318,200.0,200.0,-200.0,-200.0,74.52910220915476,-200.0,-200.0,200.0,-200.0,-200.0,35.03364973009752,-43.825978195526545,-0.08502379,-0.079148866,-0.71372753,1.6300822,-1.0491992,-0.070748255,-0.19899058,0.025225485,-0.80326104,1.6544493,-0.9698141,0.058392912,-9.561955,1.8715509,2.544105,-11.853724,-10.08159,11.788872,-1.2969245,2.9080992,-1.9299778,-1.1126881,-18.306864,-5.6189265
245,0.27611718,0.49059704,-0.6059713,0.012258092,-0.051813584,-0.9985815,1.0,0.0,0.0,-0.12439837,-0.08154889,0.07813382,-0.051003933,-0.2417658,-0.054161984,-0.14920235,0.026595775,-0.047484994,0.06799281,-0.24624377,-0.06507337,0.043622114,-0.100227095,-0.14439316,-0.25770062,0.47799549,-0.26701194,0.5077876,-0.120723344,-0.2721053,0.15302037,0.05179077,-0.6378018,0.46245995,-0.07330495,1.1180023,0.8092509,0.18698388,-0.012931019,-0.093949616,0.4987747,1.0535693,0.3912831,-0.59075934,0.73339605,200.0,-200.0,83.8808110754168,200.0,200.0,43.574184076578945,200.0,-200.0,-87.42272509288983,200.0,200.0,-72.60099898237246,-0.12439837,-0.08154889,-0.7218662,1.5489961,-1.0417658,-0.054161984,-0.14920235,0.026595775,-0.847485,1.6679928,-1.0462438,-0.06507337,0.87244225,-2.0045419,-2.8878632,-5.154012,9.55991,-5.3402386,10.155751,-2.4144669,-5.4421062,3.0604074,1.0358154,-12.756036
246,-0.16810913,-0.20779905,-0.6487123,0.017259998,-0.05139487,-0.99852926,1.0,0.0,0.0,-0.057002213,-0.08180549,0.06787908,-0.04366553,-0.09161973,-0.03962257,-0.08260428,0.023890091,-0.0754056,0.11868191,-0.3244813,-0.08845962,0.58560926,0.032720674,0.056307,0.101262644,0.61007375,0.06272022,0.1401712,0.072258495,-0.04651282,0.33200723,-0.56968063,0.3076376,-0.35850275,-0.027095214,0.106947765,-0.17173672,-0.06131291,0.43907318,-0.5970837,0.17938201,0.2528523,-0.45675266,-0.24914028,0.5197197,-200.0,200.0,200.0,200.0,24.27605170595723,200.0,200.0,-7.686285005866875,200.0,200.0,-58.79806945320843,-8.616867927951922,-0.057002213,-0.08180549,-0.73212093,1.5563345,-0.89161974,-0.03962257,-0.08260428,0.023890091,-0.8754056,1.7186819,-1.1244813,-0.08845962,11.712185,0.65441346,1.12614,2.0252528,12.201474,1.2544043,2.803424,1.4451698,-0.93025637,6.6401443,-11.393612,6.152752
247,-0.3167509,-0.3416286,-0.10547084,0.005812938,-0.040005527,-0.9991825,1.0,0.0,0.0,-0.00020408932,-0.06613043,0.09459728,-0.049732447,-0.05706668,0.06956822,-0.1163117,0.05386368,-0.058605254,0.15138054,-0.34073347,0.06597755,0.032785002,0.09486484,0.16573009,-0.117577136,-6.132572e-05,0.77784795,-0.42025447,0.18697707,0.1883624,0.024134902,0.17968851,0.9639511,-0.8538299,-0.53483427,-0.16385913,-0.55771405,-0.13167022,-0.07606333,0.21737626,-0.52538025,-0.43838936,-1.4005675,0.049576327,-0.28914753,-200.0,75.81583729265589,200.0,-200.0,19.111349600879464,-39.516922106666016,-200.0,-12.09852379331231,-132.71238154031772,-144.64786409323517,-13.444564681064586,-18.38379633140562,-0.00020408932,-0.06613043,-0.70540273,1.5502676,-0.8570667,0.06956822,-0.1163117,0.05386368,-0.85860527,1.7513806,-1.1407335,0.06597755,0.6557,1.8972967,3.3146017,-2.3515427,-0.0012265145,15.556958,-8.405089,3.7395413,3.767248,0.48269805,3.5937703,19.279022
248,0.32088187,0.25582075,-0.10323933,0.005979601,-0.04121031,-0.9991326,1.0,0.0,0.0,-0.054906484,-0.07304768,0.10196036,-0.07085788,-0.075871766,0.10793407,-0.14653285,0.06110509,-0.04463607,0.1356883,-0.21886581,0.15571432,-0.52693135,-0.144951,-0.07813608,-0.025318775,-0.082972474,-0.3057635,0.06827597,-0.08332991,-0.022089407,-0.16064662,0.6741531,0.027717605,0.10051314,0.54739666,0.4022992,0.39852172,-0.11613044,-0.13273865,0.7475066,0.6874275,-0.50769794,0.05586697,-0.6434692,-0.6784436,200.0,-200.0,-200.0,-200.0,-200.0,-200.0,-200.0,-200.0,-200.0,-200.0,-42.57502761394338,-149.20570817159583,-0.054906484,-0.07304768,-0.69803965,1.5291421,-0.8758718,0.10793407,-0.14653285,0.06110509,-0.8446361,1.7356883,-1.0188658,0.15571432,-10.538627,-2.89902,-1.5627215,-0.5063755,-1.6594495,-6.11527,1.3655194,-1.6665981,-0.44178814,-3.2129323,13.483062,0.5543521
249,-0.33842978,0.30884892,-0.5012661,0.017911475,-0.0395507,-0.999057,1.0,0.0,0.0,-0.09508986,-0.07374746,0.08784604,-0.06360805,-0.09047145,0.027572466,-0.07548191,0.071972415,-0.060062647,0.115783334,-0.18902391,0.05363231,0.06925345,0.10892679,-0.056717124,0.08585116,-0.060616314,-0.35022345,0.59134305,0.16438979,-0.1266386,-0.05412013,-0.2794797,-0.950871,0.5706019,-0.5428479,1.1586862,0.034963734,0.40161303,0.27778336,-0.5091702,-0.7372476,1.4138457,-0.060962945,-0.53441364,0.22988382,200.0,200.0,-200.0,-61.172765537741654,-200.0,-200.0,200.0,200.0,200.0,200.0,9.541386910421501,30.55926381040223,-0.09508986,-0.07374746,-0.712154,1.536392,-0.89047146,0.027572466,-0.07548191,0.071972415,-0.86006266,1.7157834,-0.9890239,0.05363231,1.385069,2.1785357,-1.1343424,1.7170233,-1.2123263,-7.004469,11.82686,3.2877958,-2.532772,-1.0824026,-5.589594,-19.01742
250,0.2972513,-0.3518407,-0.4553052,0.016318277,-0.03960819,-0.999082,1.0,0.0,0.0,-0.02265269,-0.083757035,0.10370636,-0.044422507,0.00013667345,0.0618712,-0.009441665,0.076362036,-0.042133987,0.07522261,-0.29737896,-0.029118627,0.5980277,-0.1687759,0.19938134,0.09743137,0.8052625,0.4540564,0.1146582,-0.08675428,0.25274995,-0.28836128,-0.5200934,0.025846517,-0.35679823,0.7675867,-0.10690124,-0.427996,0.35277784,0.34258345,-0.7203169,0.42181283,-0.637006,-0.4437585,-0.31338856,0.7046743,-200.0,-200.0,200.0,-6.991832031422177,46.32842071587322,200.0,200.0,-200.0,200.0,65.01584163400541,55.11659079467029,0.10441848050379576,-0.02265269,-0.083757035,-0.69629365,1.5555775,-0.79986334,0.0618712,-0.009441665,0.076362036,-0.842134,1.6752226,-1.097379,-0.029118627,11.960554,-3.375518,3.9876268,1.9486274,16.10525,9.081128,2.293164,-1.7350855,5.054999,-5.7672257,-10.401867,0.51693034
251,-0.27447665,0.34375477,0.23264048,0.017716445,-0.038826942,-0.9990889,1.0,0.0,0.0,0.041890733,-0.093967676,0.092885315,-0.0050131083,0.06746352,0.14580019,-0.044379294,0.08686615,-0.013563812,-0.00055778027,-0.3278733,0.07314952,0.0695973,0.03656977,-0.21502984,0.22323148,0.42077285,0.36716565,-0.4143358,0.17097864,0.05845983,-0.44284344,0.029967671,0.80244905,-0.67991674,-0.19319028,-0.28120202,0.748684,-0.8485162,0.002326049,0.29106325,-0.567586,0.39156383,0.42821425,0.46224982,-0.51091784,-200.0,200.0,-200.0,-200.0,4.688277897769932,200.0,-200.0,200.0,-200.0,-200.0,200.0,32.910657211551495,0.041890733,-0.093967676,-0.7071147,1.5949869,-0.7325365,0.14580019,-0.044379294,0.08686615,-0.8135638,1.5994422,-1.1278733,0.07314952,1.3919458,0.7313954,-4.3005967,4.4646297,8.415457,7.3433127,-8.2867155,3.4195726,1.1691966,-8.856869,0.59935343,16.04898
252,0.27505374,0.17990863,-0.11104784,0.028149651,-0.040883876,-0.9987673,1.0,0.0,0.0,-0.0016692933,-0.10922588,0.026478767,0.077866435,0.045007944,0.12711576,-0.07051643,0.08951152,-0.016528606,-0.04061532,-0.21313721,0.10499817,-0.44463387,-0.14567506,-0.42453915,0.56180185,-0.5481834,-0.26975474,0.107475616,-0.11112896,-0.09405105,0.03515364,1.0207546,-0.38953733,0.22378124,0.16689897,1.1572031,-0.67465043,-1.1523144,-0.06992974,0.5351466,0.30793935,1.0718737,0.272346,0.40200293,-0.10769545,200.0,-200.0,200.0,200.0,200.0,-200.0,-200.0,-38.35650637944579,-200.0,200.0,-200.0,13.1784583438249,-0.0016692933,-0.10922588,-0.77352124,1.6778665,-0.75499207,0.12711576,-0.07051643,0.08951152,-0.8165286,1.5593847,-1.0131372,0.10499817,-8.892677,-2.9135013,-8.490783,11.236036,-10.963668,-5.395095,2.1495123,-2.2225792,-1.8810209,0.7030728,20.41509,-7.7907467
253,-0.5056404,-0.45138824,-0.8025643,0.022281308,-0.034135066,-0.9991688,1.0,0.0,0.0,-0.023615131,-0.105324015,-0.012776673,0.15580523,-0.17140627,0.06115801,0.006651235,0.093856364,-0.016288996,-0.016255736,-0.011824369,0.035458162,0.16273747,0.14949887,-0.0043361606,0.252065,-1.5197241,-0.28592202,0.6140698,0.1390696,0.076758996,0.19082971,0.8996245,-0.3131893,0.504428,-0.067780375,-0.13180354,-1.3327445,-0.043178808,0.14929494,-0.4600446,-0.32667264,0.16616268,-0.9943842,0.2087899,0.075354315,200.0,200.0,200.0,200.0,-73.96653376500728,27.726283624630128,200.0,200.0,200.0,-200.0,-200.0,24.398646874598683,-0.023615131,-0.105324015,-0.8127767,1.7558053,-0.9714063,0.06115801,0.006651235,0.093856364,-0.816289,1.5837443,-0.8118244,0.035458162,3.2547493,2.9899771,-0.08672321,5.0413,-30.394482,-5.7184405,12.281396,2.7813919,1.5351799,3.8165941,17.99249,-6.263786
254,-0.11121148,-0.28052646,-1.027092,0.007942739,-0.022935731,-0.9997054,1.0,0.0,0.0,0.058411896,-0.093605295,-0.018337667,0.19042742,-0.36631852,0.07714502,0.07844065,0.10759295,0.023735523,-0.015613198,0.08162868,0.03841216,0.60736537,0.005848193,-0.060230304,0.1094345,-0.52962124,0.15840273,0.15129517,0.016388888,0.2724375,-0.13481753,0.2840307,0.07913039,-0.45725045,-0.33823094,-0.2586746,-0.5442513,0.59348285,0.27724367,-1.1345655,-0.54288596,-0.63404685,-0.5963093,-0.39977717,-0.22669221,-200.0,-200.0,33.4997532598249,-200.0,-33.40029579955825,-4.241126939128009,200.0,37.2486211253519,-177.47606783547764,-200.0,200.0,-12.755838032954358,0.058411896,-0.093605295,-0.8183377,1.7904274,-1.1663185,0.07714502,0.07844065,0.10759295,-0.7762645,1.5843868,-0.71837133,0.03841216,12.147307,0.11696386,-1.204606,2.18869,-10.592424,3.1680543,3.0259035,0.32777774,5.44875,-2.6963503,5.680614,1.5826077
255,0.5206591,0.4619315,-0.3284164,0.013840577,-0.03253968,-0.9993746,1.0,0.0,0.0,0.11443544,-0.124344505,-0.057441115,0.19749963,-0.36387485,0.1441624,0.054392964,0.093752116,0.0515427,-0.042908788,-0.010006487,-0.027595352,0.011021881,-0.27539,-0.29935956,-0.02851086,0.45492312,0.29212976,-0.35615483,-0.17229128,0.062122155,-0.20611821,-0.7961852,-0.4289314,-1.1499852,1.2714018,1.2241194,-0.24997258,-0.2766158,0.031210508,0.08094698,0.98776996,-0.24185897,0.36608887,-0.42853272,0.11731418,-200.0,-200.0,-200.0,-200.0,-24.69980083152086,27.485239734329014,-200.0,-188.57318288076013,-133.4877526591336,-200.0,200.0,-26.606323052064226,0.11443544,-0.124344505,-0.8574411,1.7974997,-1.1638749,0.1441624,0.054392964,0.093752116,-0.7484573,1.5570912,-0.8100065,-0.027595352,0.22043763,-5.5077996,-5.987191,-0.5702172,9.098462,5.842595,-7.1230965,-3.4458256,1.2424431,-4.122364,-15.923703,-8.578628
256,-0.2030119,0.4120946,0.022781387,0.031275567,-0.03718867,-0.9988187,1.0,0.0,0.0,0.06451798,-0.13962676,-0.09968811,0.15869915,-0.32850462,0.12320518,0.03520094,0.08489828,0.03517753,-0.04818356,-0.1537627,-0.016679384,-0.46310338,0.08752166,-0.13981833,-0.32885712,0.111273006,-0.20388138,0.046768945,0.061585765,-0.19387074,0.12211237,-0.59940225,0.27713868,0.07796318,0.40719852,0.9666032,-0.008531995,-0.4687678,0.2015355,0.65027,-0.57594484,0.63213444,-0.15150338,0.93236786,-0.016752418,59.503937159918095,200.0,-200.0,200.0,52.03916833912274,1.9925935426091428,-200.0,200.0,200.0,-200.0,-8.447224710223182,17.617730403592475,0.06451798,-0.13962676,-0.8996881,1.7586992,-1.1285046,0.12320518,0.03520094,0.08489828,-0.7648225,1.5518165,-0.9537627,-0.016679384,-9.262068,1.7504331,-2.7963665,-6.5771422,2.22546,-4.0776277,0.9353789,1.2317153,-3.8774147,2.4422474,-11.988045,5.5427732
257,-0.1616053,-0.23535039,-0.67939365,0.034316454,-0.029084414,-0.99898773,1.0,0.0,0.0,0.030610407,-0.11702358,-0.092374206,0.08792198,-0.36678618,0.14085284,0.101663545,0.09196901,0.032586694,-0.04921639,-0.16245532,-0.011171613,0.030307611,0.1274493,0.16206466,-0.34778544,-0.224762,0.12823637,0.5360681,0.032058496,0.120249085,-0.043442093,0.44084597,-0.012387282,0.5784619,-0.68469155,0.3326903,0.762842,-0.2644952,0.08409514,-0.66449547,-0.11431731,0.17115577,-0.0838452,-0.46495986,-0.13144886,200.0,-200.0,200.0,-177.34480580933942,200.0,3.600531181651492,91.32149955682218,200.0,200.0,146.1121982935598,20.2607809271922,-6.8365553210872605,0.030610407,-0.11702358,-0.8923742,1.687922,-1.1667862,0.14085284,0.101663545,0.09196901,-0.7674133,1.5507836,-0.96245533,-0.011171613,0.60615224,2.548986,3.2412932,-6.955709,-4.4952397,2.5647273,10.721361,0.6411699,2.4049816,-0.8688418,8.816919,-0.24774565
258,0.48467547,-0.5972682,-0.5583368,0.016023546,-0.036416285,-0.9992082,1.0,0.0,0.0,0.09593909,-0.12688012,-0.04024148,0.036381483,-0.34515125,0.12672181,0.14854047,0.08033416,0.08363956,-0.06034994,-0.17894304,-0.051502958,0.572353,-0.18563719,0.32843447,-0.18343984,0.17086664,-0.08516082,-0.010341997,-0.13935,0.31858695,-0.03527174,-0.4958611,-0.1820707,-0.63147855,0.841735,-0.61854,-0.30229914,0.006991923,-0.035564534,-0.9331527,0.93289673,-0.95912266,0.050250977,-0.6426262,0.3275201,-200.0,-200.0,-128.4664526666219,-6.2819172898693765,-180.27908677053574,27.86401318826873,200.0,-200.0,200.0,200.0,-8.29937584367002,-0.16914979914528772,0.09593909,-0.12688012,-0.8402415,1.6363815,-1.1451513,0.12672181,0.14854047,0.08033416,-0.71636045,1.5396501,-0.97894305,-0.051502958,11.44706,-3.7127438,6.5686893,-3.6687968,3.4173326,-1.7032164,-0.20683993,-2.787,6.371739,-0.7054348,-9.917222,-3.641414
259,-0.23228024,-0.0983739,0.20647028,0.0052666054,-0.04158876,-0.99912095,1.0,0.0,0.0,0.14241326,-0.12967221,-0.0003040433,-0.010721445,-0.2402696,0.0784452,0.08995104,0.07528922,0.108011544,-0.037029028,-0.31925148,0.012642888,0.007668329,0.081508845,0.011646743,0.005996649,0.616064,-0.02534735,-0.5321579,0.08118336,-0.0034082928,0.19425026,-0.6984319,0.6363116,-0.7379743,0.05055371,-0.14774683,0.019518524,0.28440097,0.28365454,0.20029181,-0.46699345,-0.26174158,-0.48739776,0.291008,-0.06293442,-200.0,200.0,-200.0,-5.172102113283557,50.40360903243936,32.13860847247099,-200.0,200.0,-200.0,-200.0,-46.87735307168191,27.537110118303048,0.14241326,-0.12967221,-0.80030406,1.5892786,-1.0402696,0.0784452,0.08995104,0.07528922,-0.69198847,1.562971,-1.1192515,0.012642888,0.15336658,1.6301769,0.23293486,0.11993298,12.3212805,-0.506947,-10.643158,1.6236671,-0.06816585,3.885005,-13.968637,12.726232
260,-0.1650798,0.39617747,0.27408376,0.012720181,-0.032635797,-0.99938637,1.0,0.0,0.0,0.08211358,-0.10653436,-0.030571282,-0.0011546612,-0.06998289,0.13387962,0.041084573,0.08353044,0.085142255,-0.013640642,-0.35058433,0.04136375,-0.5398646,0.14335163,-0.2369196,0.06689727,0.7788879,0.29844347,-0.011107445,0.0057897214,-0.1925222,0.051148422,0.28588414,-0.21286272,0.2727601,-0.35454217,0.671285,-0.13626924,-0.84024286,0.10943071,1.0048943,0.052893817,0.50794846,-0.8385929,0.1021626,-0.5903969,200.0,-200.0,-200.0,-200.0,200.0,-122.40379485663767,-200.0,185.35494375124298,-19.801955424150208,-21.861528172880448,-71.3483006489065,4.577075373079765,0.08211358,-0.10653436,-0.8305713,1.5988454,-0.8699829,0.13387962,0.041084573,0.08353044,-0.71485776,1.5863594,-1.1505843,0.04136375,-10.797292,2.8670325,-4.738392,1.3379455,15.577758,5.968869,-0.2221489,0.11579443,-3.8504438,1.0229684,5.717683,-4.257254
261,0.16323447,-0.21291125,-0.4190958,0.015770465,-0.03314643,-0.99932605,1.0,0.0,0.0,0.047421064,-0.102074854,-0.037755728,-0.0006093979,-0.009405315,0.1300627,0.0935324,0.074832916,0.08730996,-0.041038632,-0.20946139,-0.091565646,0.093325056,-0.059884556,0.1176978,-0.007591286,-0.05022337,-0.054828506,0.46702847,-0.06449032,0.17824136,-0.25031173,0.9600653,-0.99217904,0.79041016,-0.20700678,0.29829466,0.17648116,-0.88868487,-0.28175256,-0.4737002,0.33474678,0.42197612,0.6301152,-0.48524255,0.38417318,200.0,-48.69300372795787,200.0,-200.0,200.0,-200.0,200.0,-200.0,200.0,-200.0,-200.0,17.223498703233254,0.047421064,-0.102074854,-0.83775574,1.5993906,-0.8094053,0.1300627,0.0935324,0.074832916,-0.71269006,1.5589614,-1.0094614,-0.091565646,1.8665011,-1.1976911,2.353956,-0.15182573,-1.0044674,-1.0965701,9.3405695,-1.2898064,3.5648272,-5.0062346,19.201305,-19.84358
262,0.108958155,-0.9262078,-0.50353485,-0.008732401,-0.038760696,-0.99921036,1.0,0.0,0.0,0.12929207,-0.11835696,0.015726626,0.016586304,-0.12836003,0.04003771,0.113570176,0.08333562,0.13416296,-0.04172039,-0.1321773,-0.14862633,0.66313595,-0.077286,0.38135752,0.15796843,-1.0381066,-0.63216966,-0.15228932,0.09533045,0.3128728,0.11079302,-0.065960295,0.18587694,-0.5234337,0.6177069,-0.84222025,-0.6312955,-0.21271111,0.18384358,-0.5455922,0.015202478,-0.50900817,0.0404011,-0.3063894,0.84078145,-200.0,200.0,200.0,200.0,-200.0,200.0,200.0,-97.37076668294002,200.0,181.82718900054294,-200.0,-66.40623053323247,0.12929207,-0.11835696,-0.7842734,1.6165863,-0.92836004,0.04003771,0.113570176,0.08333562,-0.66583705,1.5582796,-0.9321773,-0.14862633,13.262718,-1.54572,7.6271505,3.1593685,-20.76213,-12.6433935,-3.0457864,1.9066089,6.257456,2.2158604,-1.3192059,3.7175386
263,0.00041411203,-0.27497464,0.19049552,-0.03106802,-0.04071593,-0.9986876,1.0,0.0,0.0,0.19403464,-0.120449655,0.06771803,0.030436397,-0.22719425,0.016192494,0.02501177,0.09089823,0.16706473,-0.007904887,-0.18371159,-0.004115739,0.046929237,0.026571557,0.15988448,-0.002922558,-0.061102927,0.27427554,-0.67896736,-0.011029307,0.057779886,0.18128869,-0.2614925,1.1610996,-0.6809878,-0.018606476,-0.6802997,-1.0856321,0.58486,0.5893381,0.114601195,-0.18858895,-0.7053299,-1.2866173,-0.22842292,-0.6893272,-200.0,-149.37753408027987,-200.0,-77.14967833671383,15.884007623272907,200.0,-200.0,200.0,-200.0,-200.0,173.4136368525072,133.5730519523985,0.19403464,-0.120449655,-0.732282,1.6304364,-1.0271943,0.016192494,0.02501177,0.09089823,-0.6329353,1.5920951,-0.9837116,-0.004115739,0.9385847,0.53143114,3.1976895,-0.05845116,-1.2220585,5.485511,-13.579347,-0.22058614,1.1555977,3.6257737,-5.22985,23.22199
264,0.013259511,0.28472108,0.30596277,-0.030270725,-0.040583547,-0.9987175,1.0,0.0,0.0,0.15006013,-0.11794035,0.06984097,0.021535277,-0.13046157,0.15548901,-0.059272084,0.08562564,0.15570027,0.01161015,-0.21253699,0.12504962,-0.34331542,-0.06511729,-0.16846268,0.091038816,0.93397826,0.78257936,-0.21396776,-0.03476265,-0.14266747,0.027519835,-0.076977424,0.22535634,-0.010681693,-0.04143244,0.897232,-0.04093898,-0.07715826,-0.04662764,1.2051724,0.61211306,0.49802953,-0.4325019,0.1049214,-0.73166203,200.0,-200.0,-200.0,-200.0,-37.28054062730202,-200.0,-200.0,193.6523843210008,-200.0,-200.0,200.0,200.0,0.15006013,-0.11794035,-0.73015904,1.6215353,-0.9304616,0.15548901,-0.059272084,0.08562564,-0.64429975,1.6116102,-1.012537,0.12504962,-6.866308,-1.3023459,-3.3692534,1.8207762,18.679565,15.6515875,-4.279355,-0.695253,-2.8533494,0.5503967,-1.5395484,4.507127
265,-0.4382593,-0.33530357,-0.025152385,-0.030588357,-0.03173061,-0.99902827,1.0,0.0,0.0,0.09777651,-0.103318974,0.06595987,0.028292537,-0.041872144,0.18957889,-0.046254303,0.105357386,0.16615778,-0.019574285,-0.13877875,0.063373156,-0.22267476,0.16434869,0.102644525,-0.012277476,-0.072305284,-0.31669948,0.2925834,0.19161806,0.20921262,-0.31099004,0.528673,-0.7453106,0.28034407,-0.4511675,-0.43732882,0.09978052,-1.3356715,-0.5832114,0.14000084,-0.7436831,0.12113243,-0.098151624,0.032069355,-0.22068983,200.0,200.0,200.0,-200.0,-11.287697992775406,-200.0,3.2850470765051227,-2.9964497004651207,200.0,-189.86522380567374,-97.05533417856958,-200.0,0.09777651,-0.103318974,-0.73404014,1.6282926,-0.84187216,0.18957889,-0.046254303,0.105357386,-0.63384223,1.5804257,-0.93877876,0.063373156,-4.453495,3.2869737,2.0528905,-0.2455495,-1.4461057,-6.333989,5.851668,3.832361,4.1842523,-6.2198005,10.57346,-14.906212
266,0.23038165,0.19678408,-0.6007428,-0.033624284,-0.027934296,-0.99904406,1.0,0.0,0.0,0.10486399,-0.10043724,0.058855414,0.04896152,-0.16191572,0.023189384,0.011541001,0.122424595,0.17776698,-0.027507544,-0.076648474,-0.05172396,0.19659978,-0.10482027,-0.13466454,0.14972389,-1.029966,-1.2116147,0.29744622,-0.031784527,-0.020674305,0.010399793,0.19239254,-0.35793573,0.19220063,0.26598933,-0.2869158,-0.2778415,-0.14767337,0.28100976,-0.81705654,-0.006825447,-0.31547266,0.9410822,-0.07293984,0.74916345,-31.942285681908288,-200.0,-118.25368943669235,-152.4478328711152,-1.0080679184118821,132.3762093922922,-3.186556580116985,-200.0,-200.0,-37.50075666152951,-200.0,-94.05491454647904,0.10486399,-0.10043724,-0.7411446,1.6489615,-0.96191573,0.023189384,0.011541001,0.122424595,-0.62223303,1.5724925,-0.8766485,-0.05172396,3.9319956,-2.0964053,-2.6932907,2.9944777,-20.59932,-24.232294,5.9489245,-0.6356905,-0.4134861,0.20799586,3.8478508,-7.1587143
267,0.074898735,0.83073884,-0.22256616,-0.011251026,-0.034290586,-0.9993486,1.0,0.0,0.0,0.13295227,-0.11532611,0.010351658,0.06355119,-0.25912052,-0.11407129,0.016688189,0.10895138,0.13581109,0.010230541,-0.07241857,-0.015996302,0.104630925,-0.048908155,-0.33052528,0.011838209,-0.041547105,-0.25667608,-0.19303738,-0.090174936,-0.36665827,0.33046484,0.0009148344,0.6172023,-0.4956159,0.20825212,1.5639979,-1.1454251,0.65208304,0.89864427,-0.20064616,0.239806,1.5537885,-1.0186933,0.1756209,0.12206607,-200.0,-200.0,-200.0,200.0,-2.1588148765618875,200.0,11.208357717259304,200.0,-200.0,-200.0,200.0,200.0,0.13295227,-0.11532611,-0.78964835,1.6635512,-1.0591205,-0.11407129,0.016688189,0.10895138,-0.6641889,1.6102306,-0.8724186,-0.015996302,2.0926185,-0.97816306,-6.6105056,0.23676418,-0.8309421,-5.1335216,-3.8607476,-1.8034986,-7.333165,6.609297,0.018296687,12.344046
268,-0.46999547,0.18302883,0.24496631,0.0071396977,-0.02536685,-0.9996527,1.0,0.0,0.0,0.10619768,-0.09742487,-0.018510938,0.046555042,-0.1480552,-0.053233437,-0.05153777,0.11766478,0.104112506,0.040457487,0.0034600496,0.048096914,-0.33605036,0.21022677,0.0066918745,-0.22542448,0.97898215,0.7321594,-0.3618249,0.15129459,0.0060189595,0.007655242,0.61706805,0.14734061,-0.3115505,-0.574558,1.1800344,0.5330826,0.59774905,0.2630281,0.45287228,-0.6116862,0.34387347,-0.6686774,0.105933905,-0.55310255,49.31338416128523,200.0,200.0,-200.0,200.0,156.7112144168828,-200.0,200.0,200.0,-200.0,200.0,200.0,0.10619768,-0.09742487,-0.81851095,1.6465551,-0.9480552,-0.053233437,-0.05153777,0.11766478,-0.6958875,1.6404575,-0.79653996,0.048096914,-6.721007,4.2045355,0.13383749,-4.5084896,19.579643,14.6431875,-7.236498,3.0258918,0.12037919,0.15310484,12.341361,2.9468122
269,0.19690514,-0.48441467,0.04554555,0.0016705728,-0.021960547,-0.99975747,1.0,0.0,0.0,-0.0034901663,-0.08420061,-0.009267807,0.038734317,0.04271871,0.06912567,-0.07672621,0.12194762,0.12580001,0.03498864,0.038283765,-0.04921922,-0.6147088,-0.053852893,-0.027029997,0.25953713,0.42929497,0.38449553,0.06579529,-0.06709763,0.2607573,-0.15894912,0.12038342,-0.9085398,0.5522981,0.16524932,-0.32269865,0.77654195,-0.81976604,-0.042917065,0.5638664,0.28028607,-0.65286684,0.855089,-0.3693413,-0.17096093,200.0,-200.0,200.0,-200.0,16.40323597355129,-200.0,-21.028547921459335,-200.0,200.0,200.0,200.0,-184.39908832653452,-0.0034901663,-0.08420061,-0.8092678,1.6387343,-0.7572813,0.06912567,-0.07672621,0.12194762,-0.6742,1.6349887,-0.76171625,-0.04921922,-12.294175,-1.0770578,-0.54059994,5.1907425,8.585899,7.6899104,1.3159057,-1.3419524,5.215146,-3.1789825,2.4076684,-18.170795
270,-0.3880149,0.13087004,-0.57079196,-0.005833934,-0.01731063,-0.99983317,1.0,0.0,0.0,-0.070965335,-0.06937649,-0.052242458,0.12336981,0.02244693,0.057581272,0.006963295,0.14042419,0.13347745,0.04240799,-0.03919989,-0.18897827,-0.108469784,0.1783704,-0.36258492,0.55278367,-0.5361201,-0.21404663,0.71031916,0.20535357,-0.15411963,0.19698043,-0.68236274,-0.31278545,0.60297143,-0.50779945,0.041174803,-1.0582387,-0.3009968,-0.47146907,-0.30673954,-0.6322571,-0.01429333,-0.94245934,0.43717116,0.86789554,200.0,101.63554551400293,-200.0,200.0,-9.020672118521134,200.0,200.0,200.0,-200.0,200.0,-200.0,7.847747587096251,-0.070965335,-0.06937649,-0.85224247,1.7233698,-0.7775531,0.057581272,0.006963295,0.14042419,-0.66652256,1.642408,-0.8391999,-0.18897827,-2.1693957,3.567408,-7.2516985,11.055673,-10.722403,-4.2809324,14.206383,4.1070714,-3.0823925,3.9396086,-13.647254,-6.2557087
271,0.10159216,0.09519265,-0.34478712,-0.0015035339,-0.012759991,-0.99991745,1.0,0.0,0.0,-0.0416574,-0.060567465,-0.0988614,0.2016207,-0.08764362,-0.075399175,0.09746453,0.1523511,0.11026871,0.060628295,-0.066645384,-0.14487922,0.35547644,-0.07415093,-0.13435732,0.26149914,-0.46743822,-0.83854514,0.24401449,-0.05703746,-0.08327517,0.007248282,0.30834886,0.6576508,0.38958067,0.10570723,1.314815,-1.3845432,0.15647013,-0.25929755,-1.2542707,0.06271148,0.20143001,-0.9132725,0.39750195,0.22319238,-200.0,-200.0,-162.29197297084607,-200.0,200.0,200.0,200.0,-200.0,200.0,-200.0,42.24157380809629,32.88673675361599,-0.0416574,-0.060567465,-0.8988614,1.8016207,-0.88764364,-0.075399175,0.09746453,0.1523511,-0.6897313,1.6606283,-0.8666454,-0.14487922,7.1095285,-1.4830185,-2.6871464,5.229983,-9.348764,-16.770903,4.8802896,-1.1407492,-1.6655034,0.14496563,6.1669774,13.153016
272,0.05505631,-0.38679713,-0.27230105,-0.006807243,-0.014069829,-0.99987787,1.0,0.0,0.0,0.07447656,-0.06807101,-0.08574307,0.22010314,-0.075879455,-0.15691876,0.08799263,0.14032756,0.12967259,0.041846752,0.055943727,-0.007753278,0.7120825,-0.009379215,0.22847758,-0.052575845,0.44018182,-0.22962306,-0.28913245,-0.072681315,0.11827526,0.10006841,0.15765618,0.5652163,-0.5781455,-0.08225943,-0.51724005,-0.84624124,-0.3112712,0.7522183,-0.07197127,0.1436564,0.04824291,0.31972557,0.041267887,-0.64895386,-200.0,-160.4155694542927,153.47603584324366,-200.0,200.0,200.0,200.0,200.0,200.0,-200.0,82.09833138874541,29.90291347178507,0.07447656,-0.06807101,-0.8857431,1.8201032,-0.87587947,-0.15691876,0.08799263,0.14032756,-0.6703274,1.6418468,-0.7440563,-0.007753278,14.24165,-0.1875843,4.5695515,-1.0515169,8.803637,-4.592461,-5.782649,-1.4536263,2.3655052,2.0013683,3.1531236,11.304326
273,-0.062448565,0.12446318,0.010092796,-0.011093262,-0.013458697,-0.9998479,1.0,0.0,0.0,0.16197567,-0.06555825,-0.062459886,0.1984775,-0.08976996,-0.097445294,0.028340722,0.13218345,0.11513567,0.091074705,0.05346006,-0.0025754399,0.22013025,0.0134389205,0.041315146,-0.15512122,-0.42233595,0.72826797,-0.2691193,-0.015507936,-0.18544906,0.33418307,-0.028094128,-0.41349617,-0.8597702,-0.089026645,-0.35544744,-0.43170658,-0.5692755,0.37493256,0.5671848,-0.019195795,-0.2903427,-0.44326705,-0.51601297,-0.5388685,71.4426257022686,43.43990481851934,28.023106944732092,149.5872883333691,2.9366853539327664,-200.0,-200.0,-47.571493913154995,-200.0,-200.0,-68.57025473310813,200.0,0.16197567,-0.06555825,-0.8624599,1.7984775,-0.88977,-0.097445294,0.028340722,0.13218345,-0.68486434,1.6910747,-0.74653995,-0.0025754399,4.402605,0.2687784,0.8263029,-3.1024244,-8.446719,14.565359,-5.3823857,-0.3101587,-3.7089813,6.683661,-0.56188256,-8.269923
274,0.20192352,0.82915634,-0.033225738,0.009457597,-0.017559284,-0.9998011,1.0,0.0,0.0,0.15062182,-0.0740709,-0.0784418,0.15208626,-0.23604172,0.061405815,0.028755164,0.114687435,0.051023424,0.14128935,-0.054967463,-0.1584482,-0.29075074,-0.0600456,-0.18183891,-0.30222952,-0.7211223,0.68082094,0.2300144,-0.1448534,-0.42980942,0.18107983,-0.91497105,-0.81819373,-0.24905483,0.101879865,1.3744264,-0.41511205,0.7015104,-0.41860482,0.49220163,0.3893745,1.4658058,-0.70071536,-0.88823235,0.7131924,200.0,-140.7449941523758,-200.0,-200.0,-79.96520504201419,54.59947278688412,-200.0,29.33483486613661,-200.0,-200.0,54.52617583540052,-55.65480995673829,0.15062182,-0.0740709,-0.8784418,1.7520863,-1.0360417,0.061405815,0.028755164,0.114687435,-0.7489766,1.7412894,-0.8549675,-0.1584482,-5.815015,-1.200912,-3.636778,-6.0445905,-14.422446,13.616419,4.600288,-2.8970678,-8.596189,3.6215966,-18.299421,-16.363874
275,-0.30567035,0.20647818,-0.12380204,0.028857656,-0.013819603,-0.999488,1.0,0.0,0.0,0.04664919,-0.04651042,-0.07631165,0.053533316,-0.2743501,0.087196775,0.1212695,0.10602637,0.0034593344,0.1447314,-0.30983192,-0.21571988,-0.6168651,0.26836047,0.1836552,-0.6489711,0.24191172,-0.31704083,0.6135298,0.032294277,-0.085238874,-0.11666085,-1.2604303,0.1450829,0.072154544,-0.4438828,0.7359702,0.69868183,0.99766815,-0.107399024,-0.44529596,0.05502647,0.69447523,0.14720997,0.29331243,0.77040267,200.0,200.0,200.0,-200.0,101.57713645790068,200.0,6.517664441858642,58.341826628286725,200.0,-200.0,200.0,-200.0,0.04664919,-0.04651042,-0.87631166,1.6535333,-1.0743501,0.087196775,0.1212695,0.10602637,-0.7965407,1.7447314,-1.1098319,-0.21571988,-12.337301,5.367209,3.673104,-12.979422,4.8382344,-6.3408165,12.270596,0.6458855,-1.7047775,-2.333217,-25.208607,2.901658
276,0.10787958,-0.5529695,0.026145965,0.020394463,-0.011290291,-0.99972826,1.0,0.0,0.0,-0.010412679,-0.029379847,-0.036547303,-0.016484857,-0.12167299,0.009307988,0.1866838,0.09661753,0.02078998,0.1255374,-0.4568594,-0.08052848,-0.013565272,-0.055434532,0.21432126,-0.13596237,1.1892236,-0.26809213,0.091608554,-0.08665659,0.22703092,-0.07726122,-0.30562496,1.1090802,0.7515464,-0.5394689,-0.60662174,0.96337444,-0.26122746,0.5774836,-0.9146422,0.49865162,-0.85593796,0.5175941,0.19998558,-0.1105506,-200.0,-6.347566930148872,200.0,121.8246536188552,200.0,200.0,200.0,-200.0,200.0,200.0,200.0,53.85429541908019,-0.010412679,-0.029379847,-0.8365473,1.5835152,-0.921673,0.009307988,0.1866838,0.09661753,-0.77921003,1.7255374,-1.2568594,-0.08052848,-0.27130544,-1.1086906,4.286425,-2.7192473,23.784472,-5.3618426,1.8321711,-1.7331319,4.5406184,-1.5452243,-6.112499,22.181602
277,0.047562227,-0.029078802,0.10409894,0.00966135,-0.014361639,-0.9998502,1.0,0.0,0.0,0.046854917,-0.054186366,-0.028234124,-0.0069099665,0.010229468,0.06732613,0.15216336,0.08936998,0.02919817,0.1452725,-0.40955192,0.03011439,0.52826995,-0.1795635,-0.096572824,0.19989564,0.22526395,0.74705726,-0.3871927,0.003537859,-0.111993186,0.24390773,0.6803097,0.09753023,-0.04266881,0.27270326,-0.24635321,-0.24877101,-0.8424667,0.25683042,0.0125309825,0.0013461858,-0.10465433,-0.62360656,-0.17772369,-0.8518239,-200.0,200.0,-200.0,200.0,200.0,-200.0,200.0,-200.0,-200.0,200.0,-200.0,200.0,0.046854917,-0.054186366,-0.82823414,1.59309,-0.78977054,0.06732613,0.15216336,0.08936998,-0.77080184,1.7452725,-1.2095519,0.03011439,10.565399,-3.5912702,-1.9314564,3.9979126,4.505279,14.941145,-7.7438536,0.07075718,-2.2398636,4.8781548,13.606194,1.9506046
278,0.016434532,0.45480075,0.19867416,0.02027719,-0.015698347,-0.99967116,1.0,0.0,0.0,0.0870394,-0.07604454,-0.06292689,0.015660167,-0.048752308,0.14150584,0.09518363,0.08470125,-0.006923318,0.17344606,-0.32553595,-0.055207636,-0.0639927,-0.052091625,-0.22344767,0.03890002,-0.72092927,0.245199,-0.23233591,-0.036971655,-0.2078173,0.045732908,0.32448068,-0.8571706,-0.873074,0.25129148,0.67694634,-0.7353113,-0.078018785,-0.3583504,0.58484995,-0.3274779,1.0737885,-1.1924996,-0.2785369,0.1612185,73.92826043259012,-133.1362903856919,2.9833975705071225,-200.0,-30.600867116339828,-200.0,-200.0,200.0,-159.6974121083681,-200.0,-200.0,-16.547971184102778,0.0870394,-0.07604454,-0.8629269,1.6156602,-0.8487523,0.14150584,0.09518363,0.08470125,-0.80692333,1.7734461,-1.125536,-0.055207636,-1.2798539,-1.0418324,-4.468953,0.7780004,-14.418585,4.90398,-4.646718,-0.73943305,-4.156346,0.9146581,6.4896135,-17.143412
279,0.08901605,-0.099692956,0.1258527,0.026060777,-0.018147731,-0.9994956,1.0,0.0,0.0,0.0155852465,-0.068659194,-0.07303071,-0.013141751,-0.09549904,0.07961389,0.101994015,0.06447666,-0.010647833,0.14780486,-0.30544525,-0.115440115,-0.6003531,0.111590825,0.09333771,-0.29261038,0.022061575,-0.76330554,0.25450495,-0.15519789,0.13600852,-0.2702286,0.055895258,0.15337357,0.34202284,-0.050073415,0.29407412,0.74491334,0.35718298,-0.025483295,0.2424653,0.44109085,0.56932706,-0.07070343,-0.65649563,0.8256187,200.0,-200.0,200.0,-200.0,-1.7616637632129581,200.0,-200.0,200.0,200.0,-200.0,25.54321174396224,-200.0,0.0155852465,-0.068659194,-0.8730307,1.5868583,-0.89549905,0.07961389,0.101994015,0.06447666,-0.81064785,1.7478049,-1.1054453,-0.115440115,-12.007062,2.2318165,1.8667542,-5.852207,0.4412315,-15.26611,5.090099,-3.1039577,2.7201703,-5.4045715,1.1179051,3.0674713
280,-0.16626604,-0.8577294,-0.04888552,0.0051222276,-0.016195783,-0.9998557,1.0,0.0,0.0,-0.02714546,-0.05902587,-0.034487247,-0.02288711,0.01902765,0.024969626,0.16021836,0.053065263,0.05767566,0.07657659,-0.38044196,0.020264333,0.054831862,0.029784326,0.2905704,0.054695804,0.724342,-0.10921055,0.24162649,0.0302255,0.4806451,-0.3815658,-0.5762663,1.1057428,0.8751652,-0.3931742,-0.9161696,0.6311436,-0.640972,0.7204837,-0.6384393,0.21242169,-0.83008116,0.32265884,-0.23868619,-0.33283788,-85.63467543779694,200.0,200.0,70.99056902878954,-0.9817525837249832,200.0,200.0,-10.558880154051003,200.0,200.0,-41.25847779006858,11.412202967768636,-0.02714546,-0.05902587,-0.83448726,1.5771129,-0.78097236,0.024969626,0.16021836,0.053065263,-0.74232435,1.6765766,-1.180442,0.020264333,1.0966372,0.5956865,5.811408,1.093916,14.486839,-2.184211,4.8325295,0.60451,9.612902,-7.631316,-11.525326,22.114857
281,-0.20935874,-0.32532582,0.010657018,-0.017633725,-0.008527204,-0.99980813,1.0,0.0,0.0,0.04223225,-0.064763665,-0.010113001,0.024736762,0.057483137,0.114799425,0.15451288,0.06838598,0.11478573,0.035844445,-0.39054948,0.12997423,0.581043,-0.07170938,-0.017244367,0.38733825,-0.2435175,0.9058059,-0.24818145,0.102298535,0.12803277,-0.051112086,0.29303437,0.09281776,-0.18291911,0.22327727,-0.5646288,-0.4235336,-0.96333194,0.2973291,-0.60183203,-0.12910275,-0.48475945,-0.43105835,0.45529693,-0.8678116,-200.0,195.3145645075374,-200.0,200.0,46.74944491057613,-200.0,200.0,-200.0,-200.0,200.0,-200.0,200.0,0.04223225,-0.064763665,-0.810113,1.6247368,-0.7425169,0.114799425,0.15451288,0.06838598,-0.6852143,1.6358445,-1.1905495,0.12997423,11.62086,-1.4341875,-0.34488732,7.7467647,-4.87035,18.116117,-4.963629,2.0459707,2.5606554,-1.0222417,5.8606873,1.8563552
282,-0.18943968,0.39020866,0.6528749,-0.014800192,-0.00026327674,-0.99989045,1.0,0.0,0.0,0.0879735,-0.06700263,-0.034101486,0.08541179,-0.095271945,0.20045093,0.043168522,0.078235015,0.117676675,0.010382533,-0.22348589,0.041722503,-0.054081585,0.028131774,-0.20408063,0.2351344,-1.1896594,0.21001437,-0.8087918,0.016703475,-0.07559928,-0.19258288,1.2795205,-0.8793618,-0.8161525,0.004089594,0.38412324,-0.74151206,-0.10560162,-0.6372914,0.5416111,-0.55619246,0.6458491,-0.8921449,0.38374585,-0.28714585,-200.0,-200.0,-200.0,-200.0,200.0,-200.0,-200.0,200.0,-200.0,-200.0,-200.0,-22.30218121573259,0.0879735,-0.06700263,-0.8341015,1.6854118,-0.89527196,0.20045093,0.043168522,0.078235015,-0.68232334,1.6103826,-1.0234859,0.041722503,-1.0816317,0.5626355,-4.0816126,4.7026877,-23.793186,4.2002873,-16.175837,0.3340695,-1.5119857,-3.8516574,25.59041,-17.587236
283,0.08714619,-0.21471567,0.6575513,-0.012284176,0.0025359301,-0.9999213,1.0,0.0,0.0,0.02261088,-0.056606483,-0.038087726,0.097670436,-0.22726661,0.1327346,-0.06590878,0.0756459,0.13791305,-0.049936056,-0.0475052,-0.08041176,-0.55738854,0.057759877,0.14009872,-0.09122574,-0.2271785,-0.78734803,-0.30159256,0.045240324,0.15011653,-0.07507385,0.018721536,-0.6586497,0.18040329,0.0116227865,0.015521143,0.28522792,0.11082743,0.091627695,1.2251685,-0.03455978,0.8950979,1.2868998,-0.32266462,0.35228422,200.0,-200.0,200.0,-200.0,200.0,-200.0,-200.0,125.81251037206381,200.0,-200.0,200.0,-200.0,0.02261088,-0.056606483,-0.83808774,1.6976705,-1.0272666,0.1327346,-0.06590878,0.0756459,-0.66208696,1.550064,-0.8475052,-0.08041176,-11.147771,1.1551975,2.8019743,-1.8245149,-4.54357,-15.746961,-6.0318513,0.90480644,3.0023305,-1.501477,0.37443072,-13.172994
284,0.17776035,-0.55840456,-0.18294448,-0.028645782,-0.0031190868,-0.99958473,1.0,0.0,0.0,-0.028374456,-0.051107176,-0.014399886,0.105480075,-0.17110193,0.04060099,-0.06413667,0.0722232,0.17777544,-0.03851688,-0.12267923,-0.09478339,-0.003266823,0.009057343,0.09770261,0.14745878,0.57947075,-0.058074523,0.25614664,-0.051654715,0.24322005,0.12022977,-0.43660378,0.38245848,1.1188704,-0.128914,-0.761378,-0.91618276,0.065760314,0.5758523,-0.12456599,0.2237231,-0.62730503,-0.6555003,-0.15222324,0.6995228,200.0,-168.59585809143584,200.0,200.0,33.204128368902786,200.0,200.0,114.5801895021287,-37.55773927966555,200.0,14.369084873657584,200.0,-0.028374456,-0.051107176,-0.8143999,1.7054801,-0.97110194,0.04060099,-0.06413667,0.0722232,-0.62222457,1.5614831,-0.92267925,-0.09478339,-0.06533646,0.18114686,1.9540521,2.9491754,11.589415,-1.1614904,5.122933,-1.0330943,4.864401,2.4045954,-8.732076,7.6491694
285,0.073256746,0.15084992,-0.19066468,-0.03532724,-0.008610705,-0.9993387,1.0,0.0,0.0,0.024973797,-0.05611547,-0.013834178,0.11815834,-0.08685815,0.13871063,-0.05455511,0.06904224,0.20681065,-0.030967355,-0.1423778,0.08362254,0.48860237,-0.04395169,-0.0769171,-0.006080193,0.33923826,0.8813912,-0.06775296,0.0178709,0.06448563,-0.027656479,-0.018259062,1.2519822,-0.44844604,-0.039601393,0.2523294,-0.6996215,-0.38840476,0.04657715,-0.3941342,0.21803325,-0.309461,-0.4525975,0.18282999,-0.52140677,-86.58366583082142,200.0,-200.0,-200.0,-0.07206647636936836,53.84722725809502,200.0,-106.04331174009371,-200.0,-200.0,-35.406290808700305,61.4311380738842,0.024973797,-0.05611547,-0.8138342,1.7181584,-0.88685817,0.13871063,-0.05455511,0.06904224,-0.59318936,1.5690327,-0.9423778,0.08362254,9.772047,-0.8790338,-1.5383419,-0.12160386,6.784765,17.627825,-1.3550591,0.35741797,1.2897125,-0.55312955,-0.3651812,25.039644
286,-0.17624289,0.2066041,0.6916874,-0.028997954,-0.0054574446,-0.9995646,1.0,0.0,0.0,0.06066735,-0.050137192,-0.0048960447,0.08099055,-0.12249476,0.20621821,-0.12824057,0.07901405,0.20651019,-0.029140234,-0.09984887,0.19036232,-0.06881641,0.073309414,0.13969678,-0.33718613,-0.442705,-0.10574203,-0.534074,0.056851275,-0.08392162,0.09984862,0.23341559,-0.119713046,-0.865487,-0.17334048,0.57524985,0.34449425,-0.7905173,-0.38043705,0.5089884,-0.44560027,0.90198326,0.55365735,0.44063187,-1.0895468,200.0,200.0,-200.0,-200.0,200.0,-200.0,-200.0,-104.42840252195228,200.0,-200.0,200.0,-200.0,0.06066735,-0.050137192,-0.80489606,1.6809906,-0.92249477,0.20621821,-0.12824057,0.07901405,-0.5934898,1.5708598,-0.8998489,0.19036232,-1.3763281,1.4661883,2.7939355,-6.7437224,-8.8541,-2.1148405,-10.681479,1.1370255,-1.6784323,1.9969723,4.6683116,-2.394261
287,0.40238446,-0.5305935,0.6362968,-0.033972092,-0.008809727,-0.9993839,1.0,0.0,0.0,-0.0053602234,-0.057712544,0.043800116,0.032820344,-0.28895944,0.085338384,-0.19021574,0.06902887,0.20037585,0.010501146,0.013586462,0.06183183,-0.54467934,-0.124447815,0.32298085,-0.16666584,-1.0143917,-0.8780822,-0.13166992,-0.1384895,0.028054675,0.2609414,0.77544606,-1.0697359,0.63300586,0.30165303,-0.6043003,-0.39501008,0.67419136,0.19936895,1.0291816,0.4342214,-0.30781493,-0.19534032,-0.44592118,0.060878668,200.0,-200.0,200.0,200.0,200.0,-200.0,-200.0,-129.24095122539177,200.0,200.0,-60.406070829496,-174.14412476670077,-0.0053602234,-0.057712544,-0.7561999,1.6328204,-1.0889595,0.085338384,-0.19021574,0.06902887,-0.59962416,1.6105012,-0.78641355,0.06183183,-10.893587,-2.4889562,6.459617,-3.3333168,-20.287832,-17.561644,-2.6333985,-2.76979,0.5610935,5.2188277,15.508921,-21.394718
288,-0.21631211,0.15403439,0.12527956,-0.042115014,-0.012409347,-0.9990357,1.0,0.0,0.0,-0.04916689,-0.061398048,0.081590295,0.00068211555,-0.37240607,0.031566825,-0.14557299,0.07654804,0.18742663,0.04980743,0.06466222,-0.045717612,0.06559535,0.07475489,0.07327137,-0.072810255,0.10839816,0.26392755,0.5092129,0.18334158,-0.14261825,0.14753644,-0.16954476,-0.11230563,0.73831505,-0.8833147,-0.257845,-0.36388376,0.7161651,0.42687538,-0.12192567,-0.19742933,-0.19159529,-1.0310266,-1.2188879,0.6284272,200.0,200.0,-200.0,-200.0,-200.0,200.0,200.0,200.0,-200.0,-200.0,200.0,159.97398872978565,-0.04916689,-0.061398048,-0.7184097,1.6006821,-1.1724061,0.031566825,-0.14557299,0.07654804,-0.6125734,1.6498075,-0.7353378,-0.045717612,1.311907,1.4950978,1.4654274,-1.456205,2.1679633,5.2785506,10.184258,3.6668315,-2.852365,2.950729,-3.3908951,-2.2461126
289,0.392093,0.7280128,0.08846602,-0.023868032,-0.017071843,-0.99956936,1.0,0.0,0.0,0.015160473,-0.073978566,0.063764215,0.00093925,-0.24404114,0.15057018,-0.09071484,0.07916459,0.14376861,0.062164545,-0.07302487,0.03480864,0.52177423,-0.17611568,-0.20292811,0.023640929,1.0827327,0.626514,0.08920606,-0.12242603,-0.2778457,-0.010997083,-1.1135331,0.7669832,-0.44654888,0.69132614,1.1680607,-0.1742534,0.74227864,-0.14025176,-0.537966,0.533432,1.5116513,0.34740388,-0.2975258,0.034359757,-191.9212104955791,-200.0,-200.0,-200.0,-200.0,200.0,200.0,-200.0,-200.0,-200.0,200.0,-87.4642890245151,0.015160473,-0.073978566,-0.7362358,1.6009393,-1.0440412,0.15057018,-0.09071484,0.07916459,-0.6562314,1.6621646,-0.8730249,0.03480864,10.435484,-3.5223136,-4.0585623,0.47281855,21.654654,12.53028,1.7841212,-2.4485207,-5.5569143,-0.21994166,-22.270662,15.339664
290,-0.3361114,0.11675781,0.7471237,-0.008560662,-0.017123241,-0.9998167,1.0,0.0,0.0,0.06054401,-0.07672106,0.054524004,-0.01340735,0.009674847,0.15959553,-0.13588259,0.08226859,0.11000627,0.0727371,-0.20285028,0.0917467,0.0146269,0.14935617,-0.08190157,0.14864284,0.47816578,-0.5371013,-0.47983837,0.13713393,-0.068705335,0.09683319,-0.5501907,-0.050430667,-0.4706693,0.09006095,-0.1385833,0.27848643,-0.2502737,0.13368624,0.49800977,-0.75805336,0.75041056,-0.64011896,0.6234493,-0.7569849,-200.0,200.0,200.0,200.0,-200.0,-116.38935350318994,-200.0,200.0,200.0,-200.0,200.0,-200.0,0.06054401,-0.07672106,-0.745476,1.5865927,-0.79032516,0.15959553,-0.13588259,0.08226859,-0.68999374,1.6727371,-1.0028503,0.0917467,0.292538,2.9871233,-1.6380315,2.9728568,9.563315,-10.742026,-9.596767,2.7426784,-1.3741066,1.9366639,-11.003814,-1.0086133
291,-0.13001332,-0.00895125,0.44246483,-0.006565553,-0.007684593,-0.9999489,1.0,0.0,0.0,0.009069555,-0.04478109,0.020920873,0.045582056,-0.00022274256,0.093359865,-0.18349187,0.099933274,0.11692047,0.05912149,-0.20763487,-0.021494837,-0.47079262,0.15743907,-0.2146257,0.3945318,-0.45232326,0.01461647,-0.042639796,0.040485688,0.11937332,-0.20637608,0.40654263,-0.9890156,0.33770734,-0.6665815,-0.14424497,-0.5974395,-0.6598912,0.34502444,1.000299,-0.33408526,0.5360417,-0.40819907,0.4648099,0.07428301,200.0,-200.0,200.0,-200.0,200.0,-200.0,-200.0,118.87427756134898,-117.44674986396086,101.78343663956554,-126.84995671162056,123.02942366517503,0.009069555,-0.04478109,-0.77907914,1.6455821,-0.80022275,0.093359865,-0.18349187,0.099933274,-0.68307954,1.6591215,-1.0076349,-0.021494837,-9.415853,3.1487813,-4.292514,7.8906355,-9.046465,0.2923294,-0.8527959,0.8097137,2.3874664,-4.1275215,8.130853,-19.780312
292,0.41824403,-0.14910945,-0.50444347,-0.009960455,-0.014491317,-0.9998454,1.0,0.0,0.0,-0.020706683,-0.040545367,-0.01348263,0.106827736,-0.1792329,0.16546,-0.13311927,0.08187621,0.16518205,-0.022843719,-0.03213489,-0.10861397,0.108506076,-0.08992521,-0.14712098,0.23324895,-1.0309412,0.39856014,0.49548918,-0.19160746,0.35143855,-0.5812374,1.0628456,0.017115077,0.60488975,0.11047122,-0.018762495,-0.6703413,-0.34273684,-0.76554924,-0.21881244,0.95823014,-0.01483828,0.8378209,0.35499525,0.82959145,200.0,-200.0,200.0,-200.0,-51.747117050344286,200.0,200.0,-200.0,-116.12169516710648,-200.0,58.12631154045221,-38.65206922151464,-0.020706683,-0.040545367,-0.81348264,1.7068278,-0.9792329,0.16546,-0.13311927,0.08187621,-0.63481796,1.5771563,-0.8321349,-0.10861397,2.1701214,-1.7985041,-2.9424195,4.664979,-20.618824,7.9712024,9.909783,-3.832149,7.028771,-11.624747,21.256912,0.34230152
293,-0.18976104,0.0964279,-0.25576127,-0.010417972,-0.018082812,-0.9997822,1.0,0.0,0.0,0.048725255,-0.032691844,-0.03232622,0.122365594,-0.37350005,0.13831672,-0.08121172,0.07161447,0.18814456,-0.046557188,0.045353472,-0.0609051,0.5398566,0.13800126,-0.061283883,-0.04337711,-1.0582207,-0.57310575,0.06628474,0.039211042,-0.07353483,0.19098718,0.31784576,0.46926403,-0.5106195,-0.3877761,0.19921394,-0.35961518,0.10230847,-0.20992044,-1.0585926,0.09754062,0.0077940878,0.7747484,0.07763396,-0.16328724,-200.0,200.0,-200.0,200.0,121.20953119931698,200.0,178.185198358825,71.55789644990332,181.71319377184457,-200.0,200.0,-200.0,0.048725255,-0.032691844,-0.83232623,1.7223656,-1.1735001,0.13831672,-0.08121172,0.07161447,-0.61185545,1.5534428,-0.75464654,-0.0609051,10.7971325,2.7600253,-1.2256776,-0.86754215,-21.164415,-11.462115,1.3256948,0.7842208,-1.4706966,3.8197436,6.356915,9.385281
294,-0.027526768,0.07605281,0.6618373,-0.0066250614,-0.014097077,-0.9998787,1.0,0.0,0.0,0.09776077,-0.017497083,-0.025512397,0.083796024,-0.4803385,0.012779311,-0.13183606,0.073389806,0.15404892,0.022558928,0.06969869,-0.062647045,0.0075002857,0.027681097,0.12373626,-0.31525278,-0.10661745,-0.48762932,-0.508271,-0.015124685,-0.23345323,0.45930028,0.020331908,-0.2142477,-0.60217965,-0.28492424,0.38459945,-1.1438515,0.49241233,0.71556205,0.57910526,0.0074176043,0.44270885,-0.7174192,-0.657726,-0.39855072,-200.0,57.875388338692105,-78.07268733559056,200.0,-7.907636629352233,4.173968585261122,-200.0,-200.0,200.0,-200.0,200.0,45.978673214424475,0.09776077,-0.017497083,-0.8255124,1.683796,-1.2803385,0.012779311,-0.13183606,0.073389806,-0.6459511,1.622559,-0.7303013,-0.062647045,0.15000571,0.55362195,2.4747252,-6.3050556,-2.132349,-9.752586,-10.16542,-0.3024937,-4.6690645,9.186006,0.40663815,-4.284954
295,0.31746963,-0.50398165,0.5939988,-0.016777791,-0.021249881,-0.99963343,1.0,0.0,0.0,0.051311765,-0.028709553,0.0372383,-0.013121605,-0.39706117,0.023059096,-0.18537551,0.055840593,0.14612895,0.07539344,-0.032902658,-0.1639587,-0.43211228,-0.11516912,0.4679174,-0.63286656,0.8448458,0.49233457,-0.06316831,-0.13372572,0.11834659,0.10916024,-0.9499263,-0.5074274,0.21874693,0.02108404,-0.38244012,0.3470585,0.42619234,0.5359675,0.9575696,0.24848704,-0.20212902,-0.2676014,-0.999963,0.45829758,200.0,24.47947094816783,200.0,-200.0,-200.0,37.87414525810766,-200.0,-200.0,200.0,-200.0,200.0,200.0,0.051311765,-0.028709553,-0.7627617,1.5868784,-1.1970612,0.023059096,-0.18537551,0.055840593,-0.65387106,1.6753935,-0.83290267,-0.1639587,-8.642245,-2.3033824,9.358348,-12.6573305,16.896915,9.846691,-1.2633662,-2.6745143,2.3669317,2.1832047,-18.998526,-10.148548
296,-0.13591966,0.047219392,0.13182351,-0.025384666,-0.02344641,-0.99940276,1.0,0.0,0.0,0.03604455,-0.041343316,0.06105858,-0.057680607,-0.15887725,0.1664286,-0.13027865,0.057592273,0.15391314,0.08744216,-0.3042994,-0.15806326,0.20759344,-0.015110403,-0.14033914,0.07817693,1.2479284,0.7801711,0.554719,0.122540034,-0.036734063,0.018377872,-1.4730517,0.46723747,0.5409517,-0.2682394,-0.43632078,0.7361163,-0.002827283,-0.22549799,-0.03204143,0.36588386,-0.57928795,-0.21152553,0.49753714,0.4810169,200.0,200.0,-200.0,-200.0,47.769028365357144,200.0,200.0,153.93908906664495,-200.0,200.0,-51.81911659583011,-19.903296278601147,0.03604455,-0.041343316,-0.73894143,1.5423194,-0.95887727,0.1664286,-0.13027865,0.057592273,-0.6460869,1.6874422,-1.1042994,-0.15806326,4.151869,-0.30220807,-2.8067827,1.5635386,24.958567,15.603421,11.094379,2.4508007,-0.73468125,0.36755744,-29.461033,9.344749
297,-0.059027515,0.70612884,0.1823037,-0.009146697,-0.019827966,-0.9997616,1.0,0.0,0.0,0.1298396,-0.05877764,-0.004352033,-0.007900715,-0.015152633,0.21855578,-0.062816285,0.08282368,0.12165147,0.0790056,-0.49076778,0.019262787,0.68011665,-0.15951745,-0.47582603,0.3866702,0.2853377,-0.1645221,0.17674765,0.13525127,-0.25899,-0.0933383,-0.49093977,0.9900188,-0.5274083,0.10639426,1.151012,-0.5020269,-0.94549215,-0.28064227,-0.38228437,-0.68782,1.4216206,-0.74418086,0.5494107,-0.39727977,-133.73411024068352,200.0,-200.0,-200.0,200.0,-58.53199840434013,200.0,-200.0,-200.0,200.0,-200.0,-200.0,0.1298396,-0.05877764,-0.80435205,1.5920993,-0.81515265,0.21855578,-0.062816285,0.08282368,-0.67834854,1.6790056,-1.2907678,0.019262787,13.602333,-3.1903489,-9.5165205,7.733404,5.7067537,-3.2904418,3.5349529,2.7050254,-5.1797996,-1.866766,-9.818795,19.800375
298,0.021340251,0.05663515,0.75429744,0.0043924702,-0.019074265,-0.99980843,1.0,0.0,0.0,0.19967501,-0.08134185,-0.053813994,0.034757853,-0.06458402,0.09085168,-0.09451932,0.09784393,0.11374122,0.023031592,-0.48419303,0.1103345,0.08812451,-0.06351858,-0.06507722,0.07404725,-0.6835079,-0.8043439,-0.43284616,0.029974425,0.14344071,-0.43206087,0.46184507,0.018841041,-0.8169496,0.4383509,0.38180253,-0.89777786,-0.42130512,0.2435332,0.32985142,-0.12465595,0.8874338,-0.26814932,0.35162842,-0.6892597,-200.0,-200.0,200.0,-200.0,200.0,-200.0,-200.0,200.0,200.0,-200.0,-200.0,50.32747900196193,0.19967501,-0.08134185,-0.853814,1.6347579,-0.864584,0.09085168,-0.09451932,0.09784393,-0.6862588,1.6230316,-1.284193,0.1103345,1.7624903,-1.2703714,-1.3015444,1.480945,-13.670158,-16.086878,-8.656923,0.5994885,2.8688142,-8.641217,9.236901,0.3768208
299,-0.0003172524,-0.62598985,0.6785313,-0.008765114,-0.01987255,-0.9997641,1.0,0.0,0.0,0.16512075,-0.078768015,-0.028452992,0.015132189,-0.18759,0.03335278,-0.13331811,0.09683939,0.17285812,-0.0816468,-0.2892571,0.010465037,-0.3872932,0.07665838,0.28180802,-0.236112,-0.5135166,0.13567208,0.002227783,-0.028013498,0.39757022,-0.54468536,1.3165629,-0.9237019,0.14156932,-0.2205208,-0.82785136,0.54780906,-0.1520543,0.51954174,0.92342746,-0.01397334,-0.2905816,1.2014439,-0.23613536,-0.0025932444,200.0,-200.0,200.0,152.61882892685327,32.31061281714665,-200.0,-200.0,200.0,200.0,-200.0,47.80369915435284,200.0,0.16512075,-0.078768015,-0.828453,1.6151322,-0.98759,0.03335278,-0.13331811,0.09683939,-0.6271419,1.5183532,-1.0892571,0.010465037,-7.7458634,1.5331676,5.6361604,-4.72224,-10.270332,2.7134414,0.04455566,-0.56026995,7.951404,-10.893707,26.331257,-18.474037
300,0.39012554,-0.034653436,0.16066019,-0.021200983,-0.029431364,-0.99934196,1.0,0.0,0.0,0.13770264,-0.09484886,-0.012746632,0.005186677,-0.20109075,0.15582308,-0.0664674,0.07594746,0.21085703,-0.154724,-0.12619233,-0.066189006,-0.017297076,-0.17074421,-0.09140553,0.10159671,0.1027961,0.78182167,0.6041822,-0.14431114,0.02107094,-0.20678107,0.42924237,0.03391027,0.6699845,0.38550818,-0.41078743,-0.07538879,0.082466945,-0.19163641,-0.409484,0.5904296,-0.65671754,0.10289866,-0.67334694,0.85464936,200.0,-45.60236335856328,-200.0,200.0,-200.0,189.82711638552883,32.90383910095568,-98.67247164519432,-200.0,200.0,0.7313938611801518,-44.009409783199544,0.13770264,-0.09484886,-0.81274664,1.6051867,-1.0010908,0.15582308,-0.0664674,0.07594746,-0.589143,1.445276,-0.92619234,-0.066189006,-0.3459415,-3.414884,-1.8281107,2.0319343,2.055922,15.636433,12.083644,-2.8862228,0.42141882,-4.1356215,8.584847,0.67820543
301,-0.37950322,0.5716279,0.17700179,-0.009216299,-0.02805907,-0.99956375,1.0,0.0,0.0,0.1792078,-0.10401921,-0.0498268,0.008764625,-0.11705315,0.20499252,0.006731173,0.0732889,0.17859536,-0.15292859,-0.14596498,0.04442888,0.38896453,0.04935343,-0.26189566,-0.03831094,0.43886682,-0.19288363,0.16828817,0.092429146,-0.31675252,0.18369195,-0.53155154,0.97698605,-0.41027036,-0.17755337,0.56244963,-0.5331082,-0.54403114,-0.6385849,-0.5844773,-0.182829,1.4203342,0.34594917,-0.63454145,-0.32297358,-200.0,200.0,-200.0,200.0,-200.0,200.0,200.0,200.0,-200.0,-140.8475864955272,-39.363835358922074,-200.0,0.1792078,-0.10401921,-0.8498268,1.6087646,-0.91705316,0.20499252,0.006731173,0.0732889,-0.62140465,1.4470714,-0.945965,0.04442888,7.7792907,0.98706853,-5.237913,-0.7662188,8.777336,-3.8576725,3.3657634,1.8485829,-6.33505,3.6738389,-10.631031,19.53972
302,0.12847964,0.029822454,0.75106937,0.0013504165,-0.024533572,-0.9996981,1.0,0.0,0.0,0.20180643,-0.10871562,-0.06375861,-0.027118802,-0.1366337,0.059806876,-0.031394817,0.06878965,0.13575274,-0.10589647,-0.3025475,0.13222809,-0.11524975,-0.059483435,0.09059872,-0.29789647,-0.53721184,-1.1646041,-0.48012838,-0.105631284,-0.13449535,0.27869663,-0.7275941,-0.00083950954,-0.35320365,-0.0026769862,0.15002006,-0.18940729,-1.0091337,0.21594012,0.41738418,0.12016699,0.8659074,-0.40368456,0.39450663,-0.48175287,-200.0,-200.0,200.0,200.0,64.72732598712616,-200.0,-200.0,-85.25246611946721,200.0,-200.0,-200.0,-200.0,0.20180643,-0.10871562,-0.8637586,1.5728812,-0.9366337,0.059806876,-0.031394817,0.06878965,-0.6642473,1.4941036,-1.1025475,0.13222809,-2.304995,-1.1896687,1.8119743,-5.9579296,-10.744237,-23.292082,-9.602568,-2.1126256,-2.6899068,5.5739326,-14.551882,-0.01679019
303,-0.1575508,-0.56077063,0.75369924,-0.011937741,-0.021742215,-0.9996923,1.0,0.0,0.0,0.12746115,-0.09366101,-0.021503747,-0.095116735,-0.3483724,-0.06899116,-0.074553564,0.06475871,0.14511001,-0.08617079,-0.3433041,0.025598623,-0.58521146,0.14909305,0.27901283,-0.33129692,-1.3768996,-0.21389182,-0.0008729285,0.02481114,0.18785825,-0.047909997,0.22454114,-0.9598959,0.3152728,-0.5796732,-0.90531784,0.38157928,0.3109164,0.9273173,0.82200575,0.17298935,0.07126763,-0.12059221,0.12626895,0.33954695,200.0,93.51818623645713,200.0,-200.0,200.0,-180.21118739643452,-200.0,48.43121643055892,82.97185134634884,138.11436877816783,-0.3165408493184714,200.0,0.12746115,-0.09366101,-0.82150376,1.5048833,-1.1483724,-0.06899116,-0.074553564,0.06475871,-0.65489,1.5138292,-1.1433041,0.025598623,-11.704229,2.9818609,5.5802565,-6.6259384,-27.537992,-4.2778363,-0.01745857,0.4962228,3.757165,-0.9581999,4.490823,-19.197918
304,-0.1385524,-0.014218139,0.2691176,-0.023146452,-0.01444937,-0.99962765,1.0,0.0,0.0,0.08714706,-0.087183304,-0.011820316,-0.0698241,-0.48483306,0.031394128,-0.008428454,0.07710178,0.15372574,-0.088893175,-0.21425945,-0.05865835,0.06961898,-0.05003218,-0.10976026,0.27281263,-0.23720275,0.9547901,0.60751086,0.07322893,-0.06910659,0.0014741501,0.7392979,0.020663967,0.72736824,-0.087019205,-0.6467021,0.7201682,0.5488688,0.094836526,-0.32813016,-0.08349742,-0.597945,-0.20392877,-0.8020707,0.70555824,200.0,121.66591742381395,-117.72674538287544,-64.78885654234246,-53.57075099383076,200.0,200.0,-200.0,-200.0,200.0,200.0,200.0,0.08714706,-0.087183304,-0.8118203,1.5301759,-1.2848331,0.031394128,-0.008428454,0.07710178,-0.64627427,1.5111068,-1.0142595,-0.05865835,1.3923795,-1.0006436,-2.1952052,5.4562526,-4.744055,19.095802,12.150217,1.4645786,-1.3821317,0.029483002,14.785958,0.41327932
305,0.03116237,0.5709914,0.27367806,-0.010928475,-0.013271713,-0.9998522,1.0,0.0,0.0,0.14485611,-0.10750369,-0.07012373,0.0187155,-0.42351836,0.11595119,0.061968338,0.07484143,0.12525082,-0.09970832,-0.17094606,0.052857388,0.45571527,-0.13299505,-0.4368156,0.57538885,0.75176036,0.018537806,0.14583375,-0.07065213,-0.20461681,-0.08478343,-0.21172626,0.9966856,-0.5058064,0.51252604,1.1618669,-0.84626675,0.11512853,-1.0734861,-0.57242,-0.021199226,1.7540809,-0.88318264,-0.23764117,-0.320522,-200.0,-200.0,-200.0,-131.2933979720592,-200.0,200.0,200.0,162.55338748680592,-200.0,200.0,200.0,-118.12041734465902,0.14485611,-0.10750369,-0.87012374,1.6187155,-1.2235184,0.11595119,0.061968338,0.07484143,-0.6747492,1.5002917,-0.9709461,0.052857388,9.1143055,-2.6599011,-8.736312,11.507776,15.035207,0.37075612,2.9166749,-1.4130425,-4.092336,-1.6956685,-4.234525,19.933712
306,0.12199734,-0.11105053,0.71168935,-0.0030775066,-0.016162826,-0.99986464,1.0,0.0,0.0,0.17173639,-0.11758696,-0.11686778,0.09701145,-0.20422679,0.009305022,0.012552741,0.061032325,0.11878878,-0.10100472,-0.18807536,0.11675791,-0.12366203,0.028166492,-0.06857285,0.24444568,1.1551379,-0.98623055,-0.5558068,-0.06199001,0.10230166,-1.7950242e-05,-0.09610611,-0.18842615,-0.6098314,-0.07360017,-0.099856704,-1.0019677,-0.845133,0.34054485,0.4498268,-0.20908585,0.77331495,0.15677285,0.33841556,-0.7128922,-200.0,-104.34569033944265,200.0,-200.0,-20.781734411321025,-200.0,-200.0,200.0,200.0,-200.0,-200.0,-200.0,0.17173639,-0.11758696,-0.9168678,1.6970115,-1.0042268,0.009305022,0.012552741,0.061032325,-0.68121123,1.4989953,-0.9880754,0.11675791,-2.4732406,0.5633298,-1.371457,4.8889136,23.102758,-19.724611,-11.116137,-1.2398002,2.0460331,-0.00035900483,-1.9221222,-3.768523
307,0.294336,-0.45416307,0.55997163,-0.01690905,-0.025048278,-0.99954325,1.0,0.0,0.0,0.096665405,-0.10943937,-0.110833466,0.123034954,-0.0795089,-0.08327503,-0.04602761,0.035905465,0.14697468,-0.08947265,-0.10316557,-0.024783999,-0.58353513,0.04083972,0.08509505,0.05096609,0.19103803,-0.035334434,-0.07669159,-0.17518099,0.16683923,0.10045747,0.83357906,-1.1320335,0.55463874,0.20560214,-0.67682815,-1.1116543,-1.2783886,0.58638185,1.0471671,0.9024823,-0.29035372,0.09455764,-0.015038088,0.29784057,200.0,-200.0,200.0,200.0,157.3496499562981,-200.0,-200.0,30.845275494878834,-51.587251198363504,-200.0,-200.0,200.0,0.096665405,-0.10943937,-0.9108335,1.723035,-0.8795089,-0.08327503,-0.04602761,0.035905465,-0.6530253,1.5105274,-0.9031656,-0.024783999,-11.670703,0.8167944,1.701901,1.0193218,3.8207605,-0.70668864,-1.5338317,-3.5036197,3.3367846,2.0091493,16.671581,-22.640669
308,-0.46264967,0.21128829,-0.10362197,-0.020806732,-0.019618751,-0.999591,1.0,0.0,0.0,0.03376971,-0.07802097,-0.11231732,0.116601825,-0.14502156,0.01623754,0.008478789,0.033091027,0.14443398,-0.03886926,-0.03517008,-0.1433749,-0.09142111,0.25486588,-0.07864205,-0.10700858,-0.75191754,0.93406886,0.55549765,0.11486862,-0.14429645,0.32636148,0.06384698,-0.15170164,0.7474742,-1.0838431,-0.25889996,-0.53673124,-0.16762273,-0.1832653,-0.3611731,-0.18795305,0.2920057,-0.32206243,-0.6816943,0.8487677,200.0,200.0,-200.0,-39.134676252436066,-37.499668165394745,200.0,200.0,200.0,-200.0,-200.0,-200.0,200.0,0.03376971,-0.07802097,-0.91231734,1.7166018,-0.94502157,0.01623754,0.008478789,0.033091027,-0.65556604,1.5611308,-0.8351701,-0.1433749,-1.8284222,5.0973177,-1.5728409,-2.1401715,-15.03835,18.681377,11.109953,2.2973723,-2.885929,6.5272293,1.2769396,-3.0340328
309,0.1609298,0.27729145,-0.41821474,-0.010690154,-0.01507068,-0.9998293,1.0,0.0,0.0,0.0688469,-0.060777225,-0.12956268,0.08004403,-0.19336218,0.09965469,0.06542516,0.025204815,0.14228034,-0.0135349035,-0.1295057,-0.06755691,0.3964987,-0.057742774,-0.0878957,-0.2442631,0.04186484,-0.0058968887,0.064866714,-0.16577041,0.10355637,-0.037360623,-0.910507,0.8136507,-0.44298396,-0.5425174,1.2630293,-0.14440921,0.3595283,-0.67893606,-0.9807544,0.82730633,1.1101092,-0.5412388,-0.392267,0.34023726,-200.0,-200.0,200.0,-200.0,-200.0,200.0,200.0,-200.0,-172.44378172066257,-200.0,25.72762933566342,-200.0,0.0688469,-0.060777225,-0.9295627,1.680044,-0.9933622,0.09965469,0.06542516,0.025204815,-0.6577197,1.5864651,-0.9295057,-0.06755691,7.929974,-1.1548555,-1.757914,-4.885262,0.8372967,-0.11793777,1.2973343,-3.3154082,2.0711274,-0.74721247,-18.21014,16.273014
310,0.29614425,-0.31316864,0.25849885,-0.012328047,-0.024243526,-0.9996301,1.0,0.0,0.0,0.09835352,-0.07515518,-0.11200309,0.009709001,-0.082142234,-0.007717982,0.017029049,-0.007069365,0.20071197,-0.061252356,-0.23218197,0.07219033,-0.055416625,-0.07942512,0.21333621,-0.39213067,0.89610523,-0.97176474,-0.49215698,-0.16827916,0.44505438,-0.40194008,-0.35385963,0.57943714,-0.64177,0.49084225,-0.18416561,1.0038671,-0.3396749,0.2855806,0.39205095,0.5709648,-0.81756157,0.44686383,0.42953682,-0.679949,-200.0,200.0,200.0,-200.0,36.601015782726336,-45.2205466930252,-200.0,-200.0,200.0,66.13969431660081,41.67040164699131,-200.0,0.09835352,-0.07515518,-0.9120031,1.609709,-0.88214225,-0.007717982,0.017029049,-0.007069365,-0.59928805,1.5387477,-1.032182,0.07219033,-1.1083325,-1.5885024,4.266724,-7.842613,17.922104,-19.435295,-9.84314,-3.3655832,8.901088,-8.038801,-7.0771923,11.588742
311,-0.2943332,0.11894513,0.46338186,-0.014514396,-0.023033759,-0.9996293,1.0,0.0,0.0,0.0305703,-0.059837867,-0.109755695,-0.024238944,0.00012457371,-0.092780195,-0.025053443,-0.011044234,0.24660951,-0.099111915,-0.1951688,0.080958925,-0.5446587,0.1941725,-0.14102753,0.10778673,0.08243607,0.066770785,0.017309291,0.113683656,0.07355302,-0.012059608,0.62550235,-0.39434052,0.37295434,-0.61881137,-0.3242102,0.8186011,-0.9795503,0.6327589,0.591051,-0.15862852,-0.06239587,0.13917065,0.31188112,-0.29175618,200.0,200.0,-200.0,200.0,200.0,-200.0,-200.0,200.0,-33.37173889609879,200.0,-200.0,200.0,0.0305703,-0.059837867,-0.9097557,1.5757611,-0.79987544,-0.092780195,-0.025053443,-0.011044234,-0.5533905,1.5008881,-0.9951688,0.080958925,-10.893174,3.88345,-2.8205504,2.1557345,1.6487213,1.3354156,0.34618583,2.273673,1.4710604,-0.24119215,12.510047,-7.8868103
312,0.2790215,0.5082407,-0.03862815,0.0004522086,-0.023374315,-0.99972665,1.0,0.0,0.0,-0.013513279,-0.05736582,-0.16979969,0.03220594,-0.08977044,0.03208157,0.034649838,-0.0033295404,0.21807677,-0.05475962,-0.05909258,-0.036733516,0.043458328,-0.14711654,-0.38279888,0.3898875,-0.8877042,1.080086,0.52921134,-0.011541878,-0.34945756,0.47022057,0.35819644,-0.4677808,0.77065,-0.09009454,1.5360504,-0.70024663,-0.21748544,-0.36442694,-0.3365768,0.43364984,0.96167064,-0.18505952,0.15469973,0.65828466,200.0,-200.0,-200.0,-46.86870107948374,200.0,-64.2449289640216,200.0,-200.0,47.954586793522026,200.0,-200.0,200.0,-0.013513279,-0.05736582,-0.9697997,1.632206,-0.88977045,0.03208157,0.034649838,-0.0033295404,-0.58192325,1.5452404,-0.8590926,-0.036733516,0.86916655,-2.9423308,-7.6559772,7.79775,-17.754084,21.601719,10.584227,-0.23083755,-6.989151,9.404411,7.1639285,-9.355616
313,-0.15632458,-0.08381941,-0.12244145,0.007889624,-0.025317945,-0.99964833,1.0,0.0,0.0,0.047800403,-0.08124631,-0.20128423,0.072805405,-0.23517627,0.14200681,0.09244341,0.008852287,0.18375379,0.007556081,0.011998773,-0.019666934,0.5179557,-0.083161235,0.02155878,0.056325704,-0.31436637,0.114302434,0.100774966,0.13286231,-0.009777587,0.16433913,0.3106631,0.5089606,-0.3045631,0.09230986,0.64249617,-1.4476207,0.8262762,-0.8130029,-0.63875985,-0.19600338,0.28468,-1.3943346,-0.13716927,0.07359993,-200.0,200.0,200.0,-200.0,-25.49255773888541,200.0,200.0,69.93155476185666,200.0,-200.0,200.0,-200.0,0.047800403,-0.08124631,-1.0012842,1.6728054,-1.0351763,0.14200681,0.09244341,0.008852287,-0.6162462,1.6075561,-0.78800124,-0.019666934,10.359114,-1.6632247,0.4311756,1.1265141,-6.2873273,2.2860487,2.0154994,2.657246,-0.19555174,3.2867825,6.213262,10.179212
314,-0.027896011,-0.5290549,0.43692836,-0.0060860245,-0.02245152,-0.9997294,1.0,0.0,0.0,0.083591186,-0.07837484,-0.16388416,0.05106473,-0.19256091,0.054182533,0.044997428,0.012185529,0.21117532,0.01975298,-0.037082553,0.054104213,-0.09783074,0.098293535,0.31382343,-0.24668148,0.644381,-0.8921208,-0.50466037,-0.051784158,0.2600816,-0.071901105,-0.46227685,0.34641615,-0.9039549,-0.2098721,-0.49031833,0.18634972,-0.804258,0.15067226,0.102510065,-0.16298294,-0.486696,-0.015565723,-0.7324392,-0.5198719,-200.0,-200.0,166.43993081583199,-200.0,-200.0,65.4387593096,-200.0,200.0,200.0,-200.0,200.0,-200.0,0.083591186,-0.07837484,-0.9638842,1.6510648,-0.9925609,0.054182533,0.044997428,0.012185529,-0.5888247,1.619753,-0.83708256,0.054104213,-1.9566149,1.9658707,6.2764688,-4.9336295,12.88762,-17.842415,-10.093207,-1.0356832,5.2016315,-1.4380221,-9.245537,6.928323
315,0.5398677,0.027646126,0.51905704,-0.016302338,-0.034097835,-0.9992855,1.0,0.0,0.0,0.014281376,-0.08137303,-0.15792835,0.072625995,-0.15863603,0.013566295,-0.0131337,-0.019176845,0.23730558,0.013049722,-0.21494216,0.019997563,-0.5448374,-0.09780469,-0.14108007,0.23442899,-0.24764998,0.23267595,-0.10600942,-0.21863757,0.01584951,-0.013177338,-1.0740354,-0.59562606,0.9162192,0.15377554,-0.30136704,0.18192491,-0.22730494,0.5680855,0.71411216,1.0417092,-0.40938866,-0.04086125,0.01489526,-0.12101486,200.0,-87.54138427870689,-200.0,-42.12295608896844,-4.534840730245833,-200.0,-200.0,-177.53657186344608,-200.0,12.193860098771637,-200.0,99.82261908203793,0.014281376,-0.08137303,-0.95792836,1.672626,-0.95863605,0.013566295,-0.0131337,-0.019176845,-0.56269443,1.6130497,-1.0149422,0.019997563,-10.896748,-1.9560938,-2.8216014,4.6885796,-4.9529996,4.653519,-2.1201882,-4.372751,0.3169902,-0.26354676,-21.480707,-11.912521
316,-0.1037057,0.44180772,-0.06418201,-0.005543115,-0.04156382,-0.9991205,1.0,0.0,0.0,-0.040905334,-0.080796115,-0.2004295,0.112801075,-0.18386686,0.15397508,0.032965336,-0.029216658,0.2213788,0.011993647,-0.32141525,-0.035835505,-0.0566499,0.09370361,-0.2378821,0.16053717,-0.09471401,0.8841736,0.50103945,0.086180106,-0.14700814,0.0009817645,-0.088961326,-0.1870796,0.49034816,-0.37919644,1.1688377,-1.0692317,0.22967051,-0.8521116,-0.0063402504,0.46596557,0.82393736,-0.5511724,0.6827937,0.6405076,200.0,200.0,-200.0,-105.46817189311231,200.0,18.156603965067347,200.0,200.0,25.03394277751437,-25.973765069083214,8.046888085089023,-41.654003286540956,-0.040905334,-0.080796115,-1.0004295,1.7128011,-0.9838669,0.15397508,0.032965336,-0.029216658,-0.5786212,1.6119937,-1.1214153,-0.035835505,-1.132998,1.8740722,-4.757642,3.2107434,-1.8942801,17.683472,10.020789,1.723602,-2.9401627,0.01963529,-1.7792264,-3.7415917
317,-0.10280012,-0.30535537,-0.11294357,-0.0020839686,-0.0364167,-0.9993345,1.0,0.0,0.0,0.009753434,-0.0793975,-0.20415908,0.11460817,-0.102093816,0.2282883,0.09125687,-0.011551341,0.2248295,-0.0119354725,-0.23195368,0.0181372,0.48074412,-0.045794215,0.14671172,-0.029893035,0.71632427,-0.051654883,0.16291896,0.067892194,0.06816897,0.023057388,0.9186044,0.4365185,-0.1129236,-0.5819911,0.3832795,-0.014370479,-0.49364313,-0.4576163,-0.87878966,-0.4477402,0.23343052,0.7457972,-0.13899744,-0.17531139,-200.0,200.0,200.0,-200.0,200.0,200.0,200.0,-200.0,200.0,-200.0,4.637885041788536,-200.0,0.009753434,-0.0793975,-1.0041591,1.7146082,-0.9020938,0.2282883,0.09125687,-0.011551341,-0.5751705,1.5880646,-1.0319537,0.0181372,9.614882,-0.9158843,2.9342344,-0.5978607,14.326485,-1.0330976,3.258379,1.3578439,1.3633794,0.46114776,18.372087,8.73037
318,0.470542,-0.561158,0.6877535,-0.020220457,-0.04514106,-0.99877596,1.0,0.0,0.0,0.046200108,-0.09741759,-0.15696144,0.105716944,-0.056851983,0.11985345,0.052179117,-0.02465775,0.22927815,0.03785479,-0.15818208,-0.0041303677,-0.06302006,-0.12568355,0.31125474,-0.049248423,-0.16729409,-0.8785284,-0.4793627,-0.19144414,0.006286306,0.35823366,-0.027130717,-0.3252802,-0.5621955,1.1648942,-1.154546,-0.8240474,-1.2787415,0.37928122,0.18192302,1.0823017,-0.5710968,-0.52229667,-0.89465123,-0.50253534,-200.0,-200.0,-11.87047696090948,200.0,-194.8477105437545,-59.747516418331486,-200.0,-200.0,200.0,-199.15047433235245,-200.0,-200.0,0.046200108,-0.09741759,-0.95696145,1.705717,-0.856852,0.11985345,0.052179117,-0.02465775,-0.57072186,1.6378548,-0.9581821,-0.0041303677,-1.2604011,-2.513671,6.225095,-0.9849684,-3.3458817,-17.570568,-9.587254,-3.8288827,0.12572612,7.164673,-0.54261434,-6.505604
319,-0.07186659,0.030249553,0.7542601,-0.03153627,-0.05139318,-0.99818045,1.0,0.0,0.0,-0.025317382,-0.09174822,-0.1249733,0.116484046,-0.16579187,0.033792894,0.012612678,-0.031107008,0.21273166,0.09802413,-0.26414508,-0.1451099,-0.5612892,0.12384279,0.05354305,0.09724599,-0.87865657,-0.01742254,0.031144446,0.10415933,-0.16207717,0.25553674,-0.7825706,-0.793551,0.7244756,-0.79604447,-0.19389954,-0.6413997,0.590569,0.44320047,0.51345265,-0.19824576,0.5597365,-1.1509528,-0.30937004,0.30499187,200.0,200.0,-200.0,-200.0,200.0,200.0,-200.0,200.0,-200.0,-200.0,-200.0,200.0,-0.025317382,-0.09174822,-0.9249733,1.7164841,-0.9657919,0.033792894,0.012612678,-0.031107008,-0.58726835,1.6980242,-1.0641451,-0.1451099,-11.225783,2.4768558,1.070861,1.9449198,-17.573132,-0.34845078,0.6228889,2.0831866,-3.2415433,5.1107345,-15.651412,-15.87102
320,0.56187296,-0.02728401,-0.1923659,-0.032054268,-0.061983004,-0.99756235,1.0,0.0,0.0,-0.068634346,-0.11108957,-0.11909604,0.13565612,-0.22494894,0.10975504,0.078372166,-0.035779778,0.20973718,0.1097883,-0.3463815,-0.19360813,0.05164494,-0.2605434,0.00962955,0.07931385,0.17064445,0.5968515,0.57389003,-0.12757061,0.111138344,-0.1000355,-0.03393593,0.20791045,0.79687285,0.44322592,0.06455307,-1.0968201,0.8893237,-0.5012117,-0.053806692,1.1448282,-0.0156152565,-0.28184777,0.03920068,0.7897494,200.0,-200.0,200.0,-200.0,200.0,200.0,200.0,-200.0,-163.44707233750967,-200.0,200.0,186.82927706511646,-0.068634346,-0.11108957,-0.91909605,1.7356561,-1.024949,0.10975504,0.078372166,-0.035779778,-0.59026283,1.7097883,-1.1463815,-0.19360813,1.0328988,-5.210868,0.192591,1.586277,3.412889,11.93703,11.4778,-2.551412,2.2227669,-2.00071,-0.67871857,4.158209
321,-0.15516555,0.05524806,-0.005562807,-0.03175469,-0.068669505,-0.997134,1.0,0.0,0.0,-0.009382206,-0.13361855,-0.09191239,0.12002742,-0.0847615,0.12097938,0.14634901,-0.036865663,0.2233023,0.07830608,-0.25935,-0.053986013,0.49716622,0.009444288,0.22397523,-0.20998108,1.1369584,-0.38296422,0.14847134,0.08906316,0.020543212,-0.20560472,0.6215018,1.0202858,-0.21472658,0.41615164,0.31830826,0.20016849,0.45695966,-0.31975654,-1.025092,-0.07137525,-0.00074108876,0.5271223,0.29261863,-0.43204978,-200.0,200.0,-200.0,-200.0,4.171052462903731,200.0,200.0,200.0,116.19873089775501,-200.0,200.0,-200.0,-0.009382206,-0.13361855,-0.8919124,1.7200274,-0.8847615,0.12097938,0.14634901,-0.036865663,-0.5766977,1.6783061,-1.05935,-0.053986013,9.943324,0.18888576,4.4795046,-4.1996217,22.739166,-7.6592846,2.9694269,1.7812631,0.41086423,-4.1120944,12.430036,20.405716
322,-0.40604547,0.05477609,0.82733095,-0.030921632,-0.058559913,-0.9978049,1.0,0.0,0.0,0.02095864,-0.10856907,-0.07451463,0.12033188,0.03207928,-0.004179461,0.10540796,-0.022503337,0.19936484,0.07037628,-0.079007685,0.041970056,-0.1429898,0.2153161,-0.06882008,0.201241,0.18007663,-0.6455129,-0.4900085,0.066912524,-0.2263885,0.09187453,0.8156087,0.036595598,-0.47397512,-0.7753391,-0.63776624,0.5617549,-1.145912,0.44599074,0.40223375,-0.2023462,0.5742704,0.23366153,-0.31961185,-0.65927464,-200.0,-164.62500366698214,-200.0,200.0,-105.3656805159302,-200.0,-200.0,200.0,200.0,-4.735468251317457,200.0,-65.53994822486334,0.02095864,-0.10856907,-0.87451464,1.7203319,-0.76792073,-0.004179461,0.10540796,-0.022503337,-0.6006352,1.6703763,-0.8790077,0.041970056,-2.8597958,4.306322,-1.3764017,4.02482,3.6015325,-12.910257,-9.80017,1.3382505,-4.52777,1.8374907,16.312174,0.73191196
323,0.38469574,0.027176041,0.5659029,-0.030588152,-0.057606958,-0.9978706,1.0,0.0,0.0,-0.057244316,-0.09671248,-0.11380386,0.1956147,-0.038396895,-0.02614248,0.052198466,-0.02746297,0.1666084,0.11502743,-0.07520211,-0.0626612,-0.58939606,-0.06365996,-0.30121887,0.51922345,-0.7873654,0.32908058,-0.073191725,-0.1310607,-0.09524798,0.1914616,-0.41488597,-0.9454748,0.8110979,-0.017114967,0.47383842,-1.1005975,-0.19390504,0.21872962,0.72898877,0.5268158,1.4193363,-0.4943263,0.11711042,0.09962634,200.0,-200.0,200.0,47.591079700793244,-178.7308051560434,-200.0,-200.0,-200.0,-200.0,200.0,-200.0,200.0,-0.057244316,-0.09671248,-0.9138039,1.7956147,-0.8383969,-0.02614248,0.052198466,-0.02746297,-0.6333916,1.7150275,-0.8752021,-0.0626612,-11.787921,-1.2731992,-6.0243773,10.384469,-15.747307,6.5816116,-1.4638345,-2.6212142,-1.9049596,3.8292317,-8.297719,-18.909496
324,-0.14686565,-0.5867984,-0.14418891,-0.04333482,-0.060172025,-0.9972469,1.0,0.0,0.0,-0.11248295,-0.08918195,-0.12973827,0.26364076,-0.110209286,0.056055382,0.10708419,-0.020958237,0.1900754,0.11999273,-0.058540225,-0.14418407,-0.021658972,0.09864552,0.106479935,0.20059875,-0.18756026,0.35801753,0.55825436,0.16382657,0.29139286,-0.11158701,0.3579477,0.03238381,0.7336807,-0.3211074,-0.66216606,-1.5646441,-0.1413652,-0.65051836,-0.1912978,0.23289227,-0.636784,-1.1425492,0.5581731,0.7786582,200.0,200.0,200.0,-200.0,14.504305218354034,200.0,200.0,59.09712020606611,200.0,-200.0,23.98019559143117,-33.237228555681725,-0.11248295,-0.08918195,-0.9297383,1.8636408,-0.9102093,0.056055382,0.10708419,-0.020958237,-0.6099246,1.7199928,-0.85854024,-0.14418407,-0.43317944,1.9729104,2.1295986,4.011975,-3.7512052,7.1603503,11.165087,3.2765315,5.827857,-2.2317402,7.158954,0.6476762
325,-0.1209401,-0.03589693,-0.1638052,-0.054204125,-0.055297136,-0.99699754,1.0,0.0,0.0,-0.06841193,-0.07899772,-0.1242466,0.2871288,-0.12700737,0.025006702,0.17374808,-0.001205574,0.21052605,0.1164608,0.037044883,-0.040179387,0.4181001,0.012768002,-0.037960004,0.049722053,-0.030248493,-0.5751857,0.15231143,0.026715973,-0.053495955,0.08769628,0.5099845,0.87522763,0.030738365,-0.34858042,-0.16589834,-0.672618,-0.23257405,0.11656519,-1.0317928,-0.5020192,-0.31852952,0.7658539,-0.12659125,0.07110051,-200.0,200.0,-200.0,-200.0,175.47130620520613,95.65431275502715,200.0,-200.0,-200.0,-200.0,5.83767711463312,-200.0,-0.06841193,-0.07899772,-0.9242466,1.8871288,-0.9270074,0.025006702,0.17374808,-0.001205574,-0.58947396,1.7164608,-0.7629551,-0.040179387,8.362001,0.25536004,-0.7592001,0.99444103,-0.60496986,-11.503714,3.0462286,0.53431946,-1.0699191,1.7539256,10.19969,17.504553
326,0.3269064,0.38580585,0.49423566,-0.046295036,-0.060213666,-0.9971114,1.0,0.0,0.0,-0.007431774,-0.10437537,-0.13874555,0.2804588,-0.16416508,0.011937065,0.13523906,-0.03209184,0.16323537,0.18056619,0.015721917,0.073015116,0.14930873,-0.2321095,-0.0860674,-0.107511126,-0.14894748,0.2107945,-0.47347632,-0.28003335,-0.37601432,0.43258452,-0.29895803,0.1807224,-0.28926438,0.6032418,0.40338275,-1.2923844,-0.42172524,0.63915896,0.22834983,1.0648074,0.87199336,-0.7667925,-0.57345515,-0.80006903,-200.0,-200.0,-200.0,200.0,5.573701592716418,-200.0,-93.41313148069617,-200.0,28.09029850929167,-200.0,12.930203976022824,16.478071589982534,-0.007431774,-0.10437537,-0.93874556,1.8804588,-0.9641651,0.011937065,0.13523906,-0.03209184,-0.63676465,1.7805662,-0.7842781,0.073015116,2.9861743,-4.64219,-1.721348,-2.1502225,-2.9789495,4.21589,-9.469526,-5.600667,-7.520286,8.6516905,-5.9791603,3.6144478
327,-0.1785414,-0.2624109,0.4715365,-0.046434976,-0.06136185,-0.99703485,1.0,0.0,0.0,-0.023106152,-0.121586435,-0.114640415,0.22578168,-0.24416274,0.15325092,0.09607559,-0.051169198,0.1297583,0.23614573,-0.13727015,0.0031786326,-0.2672244,0.037147895,0.28078946,-0.41443115,-0.38910642,1.0035524,0.030582149,0.051481813,0.0073606665,0.15253678,-0.93585604,-0.7834782,0.13723335,-0.43394223,0.00033781305,-0.16912208,0.452883,-0.19048241,0.7036599,0.27145997,0.37360233,-1.3510878,-0.21944593,0.32510567,200.0,200.0,200.0,-200.0,49.660367689422515,-200.0,-200.0,200.0,200.0,-200.0,34.318283546249006,9.897061420826844,-0.023106152,-0.121586435,-0.9146404,1.8257817,-1.0441628,0.15325092,0.09607559,-0.051169198,-0.6702417,1.8361458,-0.93727016,0.0031786326,-5.3444877,0.7429579,5.6157894,-8.288623,-7.7821283,20.071049,0.61164296,1.0296363,0.14721332,3.0507355,-18.717121,-15.669563
328,-0.08579323,-0.39822474,-0.44014072,-0.06053091,-0.055963077,-0.9965963,1.0,0.0,0.0,-0.016725596,-0.12589487,-0.050783873,0.12458229,-0.21359462,0.2508129,0.17308758,-0.028387196,0.16209888,0.23299718,-0.22034806,-0.04601288,0.24586013,-0.06719797,0.31689662,-0.5466746,0.59746087,0.06363833,0.67473215,0.16719018,0.27280566,-0.14911743,-0.04602282,0.19357145,0.32867685,-0.11304152,-0.7143274,0.32807615,0.39521798,-0.70227504,-0.18933672,0.22040837,-0.93669695,-0.2985346,-0.008737728,0.73494035,200.0,200.0,182.93620886693617,-200.0,87.92446225282814,200.0,101.10235084689216,-200.0,-200.0,-63.48015742873383,200.0,-200.0,-0.016725596,-0.12589487,-0.8507839,1.7245823,-1.0135946,0.2508129,0.17308758,-0.028387196,-0.6379011,1.8329972,-1.0203481,-0.04601288,4.9172025,-1.3439593,6.337932,-10.933492,11.949217,1.2727666,13.494642,3.3438034,5.4561133,-2.9823484,-0.9204564,3.871429
329,-0.24573931,0.006040401,-0.41179505,-0.068576545,-0.049906474,-0.9963968,1.0,0.0,0.0,0.052146,-0.11131291,-0.046195745,0.12722695,-0.025643766,0.15101604,0.26570204,0.0118387295,0.19766933,0.19237292,-0.16423994,0.088798776,0.49748555,0.080244616,-0.111019365,0.13366719,0.91612923,-0.93090993,0.29177162,0.2082266,0.07821264,-0.24142249,0.33544868,1.0437564,-0.28635412,-0.12163299,0.048680853,1.1382588,0.00871769,0.22569564,-1.1640354,-0.70076394,-0.31124863,0.27617168,-0.120525375,-0.4668566,-200.0,200.0,-200.0,-200.0,-17.45448009399331,200.0,90.03693819921301,-77.9326862978521,-200.0,200.0,-71.88540578286847,-200.0,0.052146,-0.11131291,-0.84619576,1.727227,-0.8256438,0.15101604,0.26570204,0.0118387295,-0.6023307,1.792373,-0.96423995,0.088798776,9.949711,1.6048923,-2.2203872,2.6733437,18.322584,-18.618198,5.835432,4.164532,1.5642529,-4.8284497,6.7089734,20.875128
330,0.035977818,0.08964734,0.6223795,-0.06680055,-0.04627077,-0.9966929,1.0,0.0,0.0,0.09440998,-0.10854599,-0.068998516,0.17073584,0.04920852,0.07132699,0.25268248,0.027330792,0.18979502,0.17559409,-0.14415348,0.18929158,-0.02279946,-0.02813523,-0.11362852,0.28624597,-0.031673223,0.035337683,-0.35702157,-0.020448323,-0.13659208,0.046792667,0.05461787,0.059203845,-0.63240385,0.451386,0.32634628,-1.2711666,-1.0546412,0.7357134,-0.17317998,0.297926,0.19820379,-0.21905595,-0.21452408,-0.6484971,-200.0,-200.0,-200.0,184.30952148947898,-7.988024374175453,-200.0,-200.0,-6.690231921149675,200.0,200.0,-103.41674918846346,200.0,0.09440998,-0.10854599,-0.8689985,1.7707359,-0.7507915,0.07132699,0.25268248,0.027330792,-0.610205,1.7755941,-0.9441535,0.18929158,-0.4559892,-0.5627046,-2.2725704,5.7249193,-0.63346446,0.7067536,-7.1404314,-0.40896645,-2.7318413,0.93585336,1.0923574,1.1840769
331,-0.51019365,-0.3581544,1.2727764,-0.07614844,-0.033345796,-0.99653876,1.0,0.0,0.0,0.036163054,-0.08598923,-0.051982164,0.19411278,-0.06393188,0.18204798,0.13509516,0.05052979,0.18872583,0.15965164,-0.16519761,0.09095617,-0.50613374,0.22773075,0.23338595,-0.02661677,-1.0026294,0.9782118,-0.6692323,0.23966573,0.07372231,-0.17207302,-0.10548943,-0.9378765,0.574895,-0.9061893,-0.9838761,-1.0368751,-0.35356492,-0.14207745,0.7561716,-1.020822,0.78476787,-0.55546004,0.19639947,-0.45026785,32.80465982389637,200.0,-38.38636919851601,-200.0,7.105784013073716,-200.0,-200.0,200.0,200.0,-200.0,-200.0,200.0,0.036163054,-0.08598923,-0.8519822,1.7941128,-0.8639319,0.18204798,0.13509516,0.05052979,-0.6112742,1.7596517,-0.9651976,0.09095617,-10.122674,4.554615,4.667719,-0.5323354,-20.052588,19.564236,-13.384645,4.7933145,1.4744462,-3.4414604,-2.1097887,-18.75753
332,0.13005511,-0.2999249,0.18472554,-0.089582294,-0.024846908,-0.9956694,1.0,0.0,0.0,-0.00815886,-0.07146655,-0.011369526,0.17499042,-0.17766553,0.27450287,0.05565526,0.07218383,0.23109919,0.08535099,-0.089823306,-0.09269383,0.014159101,-0.04791096,0.17703989,-0.14648804,-0.38284087,0.04010172,-0.17297582,-0.0014058673,0.32202408,-0.53663355,0.6036229,-0.7753133,0.7928574,-0.27629676,-0.58589095,0.07279787,0.15437864,-0.7937645,0.68671393,0.22625399,-0.46235096,1.263838,-0.039482817,0.7541259,200.0,-200.0,200.0,-200.0,-14.76737312492071,62.5442386300989,200.0,-200.0,-200.0,-200.0,34.65041928021657,-200.0,-0.00815886,-0.07146655,-0.81136954,1.7749904,-0.97766554,0.27450287,0.05565526,0.07218383,-0.5689008,1.685351,-0.8898233,-0.09269383,0.28318202,-0.9582192,3.5407977,-2.9297607,-7.6568174,0.8020344,-3.4595163,-0.028117346,6.440481,-10.732671,12.072458,-15.506267
333,0.04873874,0.3327161,-0.4103622,-0.08749433,-0.028426992,-0.9957593,1.0,0.0,0.0,0.050069924,-0.08495863,-0.006660044,0.1486988,-0.14965254,0.1792969,0.096976615,0.086440265,0.25150752,0.033477902,-0.06338018,-0.1275747,0.5164775,-0.09283647,-0.09635234,-0.11698065,0.4099029,-0.8983548,0.51947016,0.12046067,-0.08976609,-0.009294327,0.06580232,0.32869044,-0.3141473,0.3966212,-0.13298528,-0.3064699,-0.28020957,0.2291694,-0.26960507,0.025474265,-0.19819167,0.16357327,-0.55243933,0.580146,200.0,61.735714325185256,-200.0,200.0,46.564959600977176,200.0,200.0,-200.0,-200.0,114.70230343519282,-200.0,-200.0,0.050069924,-0.08495863,-0.80666006,1.7486988,-0.94965255,0.1792969,0.096976615,0.086440265,-0.5484925,1.6334779,-0.8633802,-0.1275747,10.32955,-1.8567294,-1.9270468,-2.339613,8.198058,-17.967096,10.389403,2.4092133,-1.7953218,-0.18588655,1.3160464,6.5738087
334,-0.099043734,0.8509622,0.3902556,-0.062057957,-0.027248815,-0.9977005,1.0,0.0,0.0,0.08962952,-0.09534771,-0.037453532,0.10654092,-0.15955067,0.10326001,0.13856804,0.09509036,0.19753325,0.061573148,-0.15376914,0.040575992,-0.06284154,-0.010551759,-0.18088152,-0.30280918,-0.25005543,0.043654736,-0.0445844,-0.00760002,-0.38658467,0.21561478,-0.8013522,1.1304687,-0.7229309,-0.10934015,1.2343879,-0.34463486,-0.16740803,0.49798036,-0.81967545,-0.55776924,1.8770763,0.10966313,0.010333583,-0.3910654,-200.0,-139.23471040747543,-200.0,5.125895664988008,-51.34746881520982,-13.187586442302973,-200.0,200.0,-20.418242893244468,-200.0,-0.7963491920939134,200.0,0.08962952,-0.09534771,-0.83745354,1.706541,-0.9595507,0.10326001,0.13856804,0.09509036,-0.60246676,1.6615732,-0.95376915,0.040575992,-1.2568308,-0.21103518,-3.6176302,-6.0561833,-5.0011086,0.8730947,-0.891688,-0.1520004,-7.7316933,4.3122954,-16.027044,22.609375
335,0.22733669,0.12132573,1.1779828,-0.04501212,-0.030024843,-0.99853516,1.0,0.0,0.0,0.020730855,-0.11036394,-0.05245161,0.09014416,-0.1562404,0.16370915,0.055780344,0.07272816,0.16126192,0.08110154,-0.20833498,0.15911604,-0.52845114,-0.13827656,0.005779091,0.04874929,-0.021588089,0.49965784,-0.7154187,-0.17903966,-0.035486974,0.0326447,0.15909755,0.1530914,0.6290872,0.6075213,0.46582958,0.36549506,0.53758705,0.068761356,0.7485924,0.62150335,0.5514244,-0.613942,0.2332717,-0.6672575,-200.0,-200.0,200.0,14.990683704495744,200.0,-200.0,-200.0,122.03655309864669,200.0,-200.0,-7.142669224448731,200.0,0.020730855,-0.11036394,-0.8524516,1.6901442,-0.9562404,0.16370915,0.055780344,0.07272816,-0.6387381,1.6811016,-1.008335,0.15911604,-10.569022,-2.765531,0.11558181,0.9749858,-0.43176177,9.993156,-14.308373,-3.5807931,-0.70973945,0.65289396,3.181951,3.061828
336,-0.33252722,-0.570978,0.47567225,-0.05664683,-0.025457215,-0.99806964,1.0,0.0,0.0,-0.021701738,-0.1139798,-0.0256598,0.10957599,-0.05598575,0.16732289,-0.026110219,0.070155315,0.19379765,0.05659151,-0.10086787,0.083023734,0.050537255,0.08150847,0.24144237,0.13286805,0.9287352,-0.20383246,-0.15883145,0.11956229,0.33108994,-0.2511266,0.70288485,-0.81705827,0.66610175,-0.591192,-1.164985,-0.48084477,-0.851588,-0.5523585,1.0003325,-0.53996384,0.092645094,-0.21295187,0.4628381,-0.27617925,200.0,200.0,200.0,-200.0,-14.315864659893919,-200.0,200.0,200.0,200.0,200.0,200.0,-3.733357160825676,-0.021701738,-0.1139798,-0.8256598,1.709576,-0.85598576,0.16732289,-0.026110219,0.070155315,-0.60620236,1.6565915,-0.9008679,0.083023734,1.010745,1.6301694,4.8288474,2.657361,18.574703,-4.076649,-3.1766288,2.3912458,6.621799,-5.0225315,14.057696,-16.341166
337,0.36097962,0.075301915,-0.27742985,-0.06562739,-0.027918274,-0.9974536,1.0,0.0,0.0,0.040812757,-0.12650017,0.004981935,0.120637536,0.025975466,0.035056308,0.0060697203,0.09269807,0.21402109,0.04948938,-0.014693499,-0.09939721,0.5297162,-0.17504944,0.0787733,0.0004190003,-0.013761252,-0.94719124,0.4030098,0.06942158,-0.028087897,0.0053582485,0.59149945,-1.1194113,-0.2289447,0.5973271,-0.64244163,-0.3869605,-1.0388833,0.34437075,-0.34421414,0.30411702,-0.29415488,1.2522063,0.09223698,0.45803675,200.0,-200.0,-200.0,-200.0,200.0,-200.0,200.0,-200.0,-200.0,-200.0,-200.0,-200.0,0.040812757,-0.12650017,-0.7950181,1.7206376,-0.77402455,0.035056308,0.0060697203,0.09269807,-0.5859789,1.6494894,-0.8146935,-0.09939721,10.594323,-3.5009887,1.5754659,0.008380006,-0.27522504,-18.943825,8.060196,1.3884317,-0.5617579,0.10716497,11.8299885,-22.388227
338,-0.2728757,0.7005114,0.50400954,-0.04894127,-0.027767364,-0.9984156,1.0,0.0,0.0,0.082151845,-0.13443936,-0.0004259944,0.10553682,-0.08050513,-0.05131672,0.03488632,0.12495798,0.15316594,0.10279834,0.07982123,-0.21693772,-0.05961665,0.06325106,-0.12006833,-0.13504857,-0.9580839,-0.010530159,-0.06309237,0.23842171,-0.48739424,0.4237318,0.30414173,-0.14994454,-0.72255147,-0.006219931,0.6939171,-0.9907031,0.7038634,0.725558,-0.04383394,-0.7710362,1.8345358,-0.7942902,-0.41962808,0.5556649,-200.0,200.0,-200.0,200.0,-200.0,200.0,-200.0,200.0,-200.0,-200.0,-200.0,200.0,0.082151845,-0.13443936,-0.800426,1.7055368,-0.88050514,-0.05131672,0.03488632,0.12495798,-0.6468341,1.7027984,-0.7201788,-0.21693772,-1.192333,1.2650212,-2.4013665,-2.7009714,-19.161678,-0.21060318,-1.2618475,4.768434,-9.747885,8.474636,6.0828342,-2.9988909
339,-0.19127429,0.026625708,0.95207953,-0.035375338,-0.017986497,-0.9992122,1.0,0.0,0.0,0.021331228,-0.118770234,0.011872292,0.047741294,-0.16360754,0.049863514,0.006281039,0.1599681,0.09936243,0.15149319,0.034042597,-0.13870293,-0.39008787,0.0053477082,0.17076206,-0.19932239,0.13613847,0.9204281,-0.16814402,0.12947837,-0.084969476,0.098992385,-0.6650488,0.8375492,0.21723954,0.17858234,0.2687389,-0.30742916,0.9330713,0.15271583,0.5300977,-0.7555584,1.0355455,-0.24688327,-0.8588404,-0.32839528,47.84916533102644,-200.0,200.0,-200.0,-200.0,200.0,-200.0,126.75515555488654,200.0,-200.0,200.0,200.0,0.021331228,-0.118770234,-0.7881277,1.6477413,-0.96360755,0.049863514,0.006281039,0.1599681,-0.7006376,1.7514932,-0.7659574,-0.13870293,-7.8017573,0.106954165,3.4152412,-3.9864476,2.7227693,18.408562,-3.3628802,2.5895672,-1.6993895,1.9798477,-13.300975,16.750984
340,-0.23980014,-0.55387926,0.17216311,-0.048926212,-0.008159644,-0.99876904,1.0,0.0,0.0,0.009728302,-0.11039686,0.06894314,0.002742529,-0.029662669,0.1277517,0.021342348,0.18404523,0.12573892,0.13479507,-0.19263399,-0.07502225,0.2020907,0.08040534,0.37571976,-0.29431686,1.1055206,0.07292002,0.27788576,0.11234573,0.28492013,-0.23489511,-1.3649602,-0.10712792,0.69802916,-0.10965867,-0.81351733,0.35165724,-0.2686995,-0.7022078,0.42671093,-0.27589142,-0.6390307,-0.22896588,-0.0506126,-0.7047394,200.0,-200.0,200.0,-200.0,-44.17398818979564,-200.0,200.0,200.0,63.60642706024635,-200.0,200.0,-38.76535651506726,0.009728302,-0.11039686,-0.73105687,1.6027426,-0.8296627,0.1277517,0.021342348,0.18404523,-0.6742611,1.7347951,-0.992634,-0.07502225,4.041814,1.6081067,7.5143948,-5.886337,22.110413,1.4584004,5.557715,2.2469146,5.6984024,-4.697902,-27.299204,-2.1425583
341,0.13753253,0.0852134,-0.41846853,-0.05719489,-0.0071503837,-0.99833745,1.0,0.0,0.0,0.10230449,-0.102889,0.08297044,0.019231796,-0.029567122,0.05469224,0.12914823,0.1920632,0.15520555,0.07303083,-0.3567081,-0.1891639,0.6698995,-0.011258946,-0.09992512,0.25237593,-0.44905448,-0.786979,0.63795084,-0.03464257,0.046319686,-0.3551169,-0.37480733,-0.91506976,-0.32249317,-0.18058997,-0.4437816,0.47006163,-0.51448697,0.4433219,-0.72888005,-0.021175668,-0.52911985,0.54852563,0.6403621,0.018934581,-12.890899074728964,-200.0,-200.0,-200.0,200.0,-200.0,200.0,-13.084489942346373,-200.0,200.0,-89.66878431408554,-200.0,0.10230449,-0.102889,-0.7170296,1.6192318,-0.82956713,0.05469224,0.12914823,0.1920632,-0.64479446,1.6730309,-1.1567081,-0.1891639,13.39799,-0.22517891,-1.9985024,5.0475183,-8.98109,-15.73958,12.759016,-0.69285136,0.9263937,-7.102338,-7.496146,-18.301395
342,0.42286366,0.7670515,0.33421183,-0.038608897,-0.020724854,-0.9990395,1.0,0.0,0.0,0.16945173,-0.12647644,0.020046175,0.10580993,-0.1792931,0.0030161403,0.19993794,0.15583584,0.12645304,0.038915157,-0.32305557,-0.2640743,0.06369772,-0.17314143,-0.4914002,0.56851697,-0.72900945,0.17168476,0.11971249,-0.27267298,-0.30010402,-0.017818881,0.61159676,0.06769466,-0.61428374,0.74591184,0.66763234,-1.0080513,0.14922152,0.08948428,-0.43492937,0.8502321,1.4306246,0.0032034814,0.20105658,1.0397809,-200.0,-105.18561340922531,-200.0,200.0,200.0,200.0,-200.0,52.757421269372486,-200.0,200.0,58.75717478564968,200.0,0.16945173,-0.12647644,-0.77995384,1.70581,-0.9792931,0.0030161403,0.19993794,0.15583584,-0.67354697,1.6389152,-1.1230556,-0.2640743,1.2739543,-3.4628286,-9.828004,11.370339,-14.580189,3.433695,2.3942497,-5.4534593,-6.0020804,-0.35637763,12.231935,1.353893
343,-0.08052356,0.045184653,1.0365301,-0.024639767,-0.025823057,-0.9993628,1.0,0.0,0.0,0.12748182,-0.13128258,-0.039369643,0.1831435,-0.21948773,0.031782493,0.15977176,0.124726325,0.101150095,0.02332437,-0.1546573,-0.14696294,-0.43185526,0.1039259,-0.1400061,0.24614088,0.23078635,0.11867993,-0.4610796,-0.054706987,0.0042188377,-0.1049335,0.7737435,1.0092572,0.26947513,0.008512825,-0.1798946,-1.3196414,0.013731319,-0.030527227,-0.08359434,0.105080634,1.4761752,-0.5071219,0.7732257,-0.13884802,-200.0,200.0,200.0,57.62898053669829,-63.5376216159068,200.0,-200.0,200.0,200.0,-200.0,200.0,-3.738336411725129,0.12748182,-0.13128258,-0.83936965,1.7831435,-1.0194877,0.031782493,0.15977176,0.124726325,-0.6988499,1.6233244,-0.9546573,-0.14696294,-8.637105,2.078518,-2.8001218,4.9228177,4.615727,2.3735986,-9.221592,-1.0941397,0.08437675,-2.09867,15.47487,20.185143
344,-0.113023765,-0.038053606,0.4259016,-0.02478447,-0.019412143,-0.9995043,1.0,0.0,0.0,0.09394125,-0.10061383,-0.060808897,0.21273875,-0.14251786,0.014862985,0.0727523,0.12344149,0.124088705,-0.02674079,0.0730167,-0.05623345,0.046472337,0.1553583,-0.068802826,0.055693954,0.34666055,-0.09678725,-0.3053809,0.088263564,0.02927706,-0.00016754853,0.2983357,-0.11608207,0.4872734,-0.6983602,-0.6775771,-0.4117516,-1.2365249,0.143226,0.7043294,0.27580678,0.20501702,1.2511473,0.07824089,-0.7441572,74.54523067470893,-33.640893226111686,200.0,-200.0,-68.09828677355608,-200.0,200.0,51.57803233769775,-148.39372259837,-200.0,-34.43627426530281,6.108744434573495,0.09394125,-0.10061383,-0.8608089,1.8127388,-0.9425179,0.014862985,0.0727523,0.12344149,-0.6759113,1.5732592,-0.7269833,-0.05623345,0.92944676,3.107166,-1.3760564,1.1138791,6.933211,-1.935745,-6.1076183,1.7652713,0.5855412,-0.0033509706,5.966714,-2.3216414
345,-0.1455759,0.0646023,-0.5295318,-0.024103153,-0.013293953,-0.9996211,1.0,0.0,0.0,0.16491424,-0.081612624,-0.08085531,0.2124387,-0.17710578,0.050780684,0.07007494,0.15077738,0.124922454,-0.011193156,0.086640716,-0.18617165,0.587228,0.037943773,-0.12732868,-0.048189946,-0.59802294,0.20718992,0.22068949,0.16574916,-0.015116058,0.1348732,-0.020353975,-1.0717973,-0.14156106,-0.56926703,0.89507467,-1.1373483,-0.6333794,-0.007667087,0.108370386,-0.47625816,0.96753514,-0.42551106,-0.12785766,0.63947785,200.0,95.19766354227843,170.43927551395433,200.0,1.1480898247664406,-168.0363325502375,116.33343546459389,-200.0,-200.0,-200.0,-200.0,-22.113769516804126,0.16491424,-0.081612624,-0.8808553,1.8124387,-0.9771058,0.050780684,0.07007494,0.15077738,-0.67507756,1.5888069,-0.7133593,-0.18617165,11.74456,0.7588754,-2.5465736,-0.9637989,-11.960459,4.1437984,4.4137897,3.3149831,-0.30232117,2.697464,-0.4070795,-21.435944
346,0.5505912,-0.41018015,-0.20456915,-0.03190719,-0.023076786,-0.9992244,1.0,0.0,0.0,0.2305278,-0.0991845,-0.067432284,0.1735878,-0.32834595,0.03812685,0.085127525,0.15206996,0.16476393,-0.023786545,0.023856997,-0.2929979,0.12557712,-0.1858165,0.22367035,-0.3170388,-0.6694357,-0.09827769,0.023400765,-0.123277105,0.36413515,-0.22886293,-0.33062473,-0.092477374,-1.18051,1.0573621,-0.57384866,-0.67832786,0.2283297,0.022538878,-0.22132829,0.589942,-0.9091606,0.3529176,-0.50240964,0.7678367,18.961801046332937,-200.0,200.0,-200.0,26.95572965354188,200.0,-200.0,-200.0,200.0,-200.0,60.87227725641321,6.282221577216248,0.2305278,-0.0991845,-0.8674323,1.7735878,-1.128346,0.03812685,0.085127525,0.15206996,-0.6352361,1.5762135,-0.776143,-0.2929979,2.5115423,-3.7163298,4.473407,-6.340776,-13.388713,-1.9655538,0.46801528,-2.465542,7.282703,-4.5772586,-6.6124945,-1.8495474
347,-0.17135236,0.16363417,0.54315275,-0.03607545,-0.028825443,-0.99893326,1.0,0.0,0.0,0.18885131,-0.10450625,-0.048779547,0.0925014,-0.35373396,0.030606551,0.039873425,0.15125763,0.19726837,-0.03041017,-0.123893976,-0.20644511,-0.4859107,0.10569763,-0.012071534,-0.47877356,0.3168907,-0.025130272,-0.4195392,0.09244078,-0.0051061646,0.12619537,-0.8177932,0.86282617,0.11575206,0.1610167,-0.12088561,0.33377036,0.34763414,0.4944428,-0.13860777,-0.4993778,-0.25637448,0.570743,-0.13206464,-0.023051914,-152.15558112466334,200.0,-200.0,200.0,56.36486016046808,200.0,-200.0,200.0,-200.0,-200.0,200.0,9.185549349720493,0.18885131,-0.10450625,-0.84877956,1.6925014,-1.153734,0.030606551,0.039873425,0.15125763,-0.60273165,1.5695899,-0.923894,-0.20644511,-9.718214,2.1139526,-0.24143068,-9.575471,6.337814,-0.50260544,-8.390784,1.8488156,-0.10212329,2.5239074,-16.355864,17.256523
348,-0.20170438,0.43983927,0.33651876,-0.022707833,-0.02057456,-0.99953043,1.0,0.0,0.0,0.13808776,-0.081322975,-0.072012484,0.02229333,-0.1877765,0.12656969,-0.02543136,0.1681373,0.16292334,0.030291557,-0.18205714,-0.12178754,-0.118603066,0.12557665,-0.17314498,-0.2594164,1.1207709,0.76330584,-0.26171753,0.07338565,-0.29502428,0.4461871,0.06868533,0.22688012,0.71058804,-0.50855577,1.0690331,0.26667804,-0.63691497,0.36838588,0.841308,-0.44361198,0.820729,-0.3708641,0.15291029,-0.47071245,37.38455692057309,-200.0,-200.0,200.0,68.25155480064771,-34.429527466301636,84.81684089339558,200.0,60.596212702854544,200.0,-11.221122115189019,2.3793390893609967,0.13808776,-0.081322975,-0.8720125,1.6222934,-0.9877765,0.12656969,-0.02543136,0.1681373,-0.6370767,1.6302916,-0.98205715,-0.12178754,-2.3720613,2.5115328,-3.4628997,-5.188328,22.415419,15.266116,-5.2343507,1.4677129,-5.9004855,8.923742,1.3737066,4.5376024
349,0.45325077,-0.1955349,-0.41194606,-0.019042391,-0.027001714,-0.999454,1.0,0.0,0.0,0.18293263,-0.08829454,-0.080972314,-0.012695432,-0.07236326,0.21684366,-0.028945137,0.15816464,0.1435231,0.08135843,-0.09126139,-0.17718264,0.50770247,-0.1702836,0.05971688,-0.10134613,0.1314159,0.33894616,0.18255086,-0.154939,0.06799646,0.10345056,0.5279188,-0.59156543,-0.44650435,0.67632973,0.1704266,-0.07170496,-0.7394528,-0.17602217,0.4187183,0.6016563,-0.22530793,-0.7672363,-0.65681416,-0.03368626,200.0,-200.0,200.0,-200.0,-36.788847686624536,-31.95144936300869,200.0,-200.0,200.0,200.0,-200.0,-37.70667981870707,0.18293263,-0.08829454,-0.8809723,1.5873046,-0.87236327,0.21684366,-0.028945137,0.15816464,-0.6564769,1.6813585,-0.8912614,-0.17718264,10.154049,-3.405672,1.1943376,-2.0269225,2.628318,6.778923,3.6510172,-3.09878,1.3599291,2.0690112,10.558376,-11.831308
350,-0.031054104,-0.24039118,-0.06788577,-0.02719659,-0.0345649,-0.9990323,1.0,0.0,0.0,0.22628427,-0.08852368,-0.06020832,-0.042618036,-0.15423596,0.17403577,0.06942457,0.1551301,0.14863187,0.09009886,-0.08968711,-0.18988258,-0.024854949,0.13473602,0.13114615,-0.16806144,-0.8524829,-0.6494712,0.6952645,0.09805799,-0.006714187,-0.00083507085,-0.41748118,0.2919009,-1.0528349,0.10184616,-0.38571486,-0.29058346,0.17393003,0.057101466,-0.33733222,-0.38002628,-0.4496324,-0.24159268,-0.92583406,0.6797827,48.887951452735365,200.0,-200.0,-200.0,-200.0,60.96658393003332,-200.0,200.0,200.0,101.89230408800975,-200.0,-156.30736950035305,0.22628427,-0.08852368,-0.86020833,1.557382,-0.954236,0.17403577,0.06942457,0.1551301,-0.65136814,1.6900989,-0.8896871,-0.18988258,-0.49709895,2.6947203,2.622923,-3.3612287,-17.049658,-12.989425,13.905291,1.9611598,-0.13428374,-0.016701417,-8.349624,5.838018
351,-0.03409574,0.37717164,0.683764,-0.023494242,-0.032880202,-0.9991831,1.0,0.0,0.0,0.15256166,-0.0574837,-0.058335483,-0.07376945,-0.2038396,0.11185374,0.1538978,0.15853585,0.12972665,0.07704234,-0.27623457,-0.024719011,-0.62523353,0.14809035,-0.11166959,-0.039195377,0.2961573,-0.18477581,0.19629,-0.05672003,-0.1591195,-0.12520361,-1.3077526,1.2634276,0.212283,-0.07221843,-0.36278614,-0.80908674,0.27035466,0.6895939,-1.0803716,0.08627402,0.6884462,0.55427945,-0.099687584,-0.40928254,-200.0,-200.0,-200.0,-200.0,-81.13483414846723,200.0,-200.0,182.01418393406985,-200.0,-200.0,200.0,101.72551649866236,0.15256166,-0.0574837,-0.8583355,1.5262306,-1.0038396,0.11185374,0.1538978,0.15853585,-0.67027336,1.6770424,-1.0762346,-0.024719011,-12.50467,2.961807,-2.2333918,-0.78390753,5.923146,-3.695516,3.9257998,-1.1344006,-3.18239,-2.5040722,-26.155052,25.268553
352,0.056274604,0.39650178,0.46632668,-0.008341967,-0.034684062,-0.9993635,1.0,0.0,0.0,0.09381667,-0.05427884,-0.0873127,-0.07672763,-0.06414974,0.16416669,0.13051197,0.13775757,0.10837585,0.062755585,-0.43295127,0.118441366,-0.04175198,-0.059089106,-0.16457209,0.019494234,0.7610163,0.620643,-0.36883977,-0.10529307,-0.06813996,-0.019991094,-0.3539509,0.26676047,1.0769002,-0.10464254,0.7044383,0.1688138,-0.8555076,0.40390304,0.16364282,0.10843098,0.9437592,0.5005137,0.4020127,-0.8751406,-200.0,1.8535523046064952,200.0,200.0,200.0,-200.0,200.0,10.06676575975085,-200.0,-200.0,-88.38098302835931,200.0,0.09381667,-0.05427884,-0.8873127,1.5232724,-0.86414975,0.16416669,0.13051197,0.13775757,-0.69162416,1.6627556,-1.2329513,0.118441366,-0.8350396,-1.1817821,-3.2914417,0.38988468,15.220325,12.41286,-7.3767953,-2.1058614,-1.3627993,-0.39982188,-7.0790176,5.3352094
353,0.020605717,-0.32563847,-0.16539352,-0.008500185,-0.03654971,-0.9992957,1.0,0.0,0.0,0.14899696,-0.072705455,-0.09818226,-0.052971482,-0.021039844,0.24952723,0.098752834,0.12469039,0.11449313,0.073788404,-0.398807,0.06510985,0.53400666,-0.105976515,0.037951987,0.1998813,-0.2309109,0.33952415,0.030254662,-0.029563854,0.11246955,0.11603128,0.5997383,-0.7025439,-0.42356253,0.39523593,0.049558822,-0.25329527,-0.964195,-0.28914934,0.76028204,0.17604429,-0.26758114,-0.6515833,-0.11772223,-0.02031627,131.62756630403848,2.680126764565138,200.0,200.0,200.0,-200.0,200.0,36.52533486339422,200.0,200.0,-200.0,-32.38116005910331,0.14899696,-0.072705455,-0.8981823,1.5470285,-0.82103986,0.24952723,0.098752834,0.12469039,-0.6855069,1.6737884,-1.198807,0.06510985,10.680133,-2.1195302,0.7590397,3.9976258,-4.618218,6.790483,0.60509324,-0.59127706,2.2493908,2.3206255,11.994765,-14.050879
354,-0.3509443,-0.23211831,0.0086847795,-0.020078085,-0.028531319,-0.99939126,1.0,0.0,0.0,0.19522579,-0.060073003,-0.07285094,-0.051088095,-0.17412627,0.20720848,0.16551994,0.13627797,0.12532604,0.080550194,-0.2971683,-0.004248701,-0.020885868,0.18570445,0.17883888,-0.1386894,-1.2018516,-0.66308135,0.5804316,0.1134335,-0.005202202,-0.031562213,0.3978894,-0.052169275,-0.9100014,-0.17499171,-0.48393553,-0.61445504,0.2658155,-0.2401545,-0.45850942,-0.6783823,-0.073962316,-0.8965767,-0.4439472,0.36928162,200.0,-19.70634916675506,-200.0,-200.0,-40.98292835196605,40.10078972546463,-200.0,200.0,81.27344557132378,-200.0,-200.0,-200.0,0.19522579,-0.060073003,-0.87285095,1.5489119,-0.9741263,0.20720848,0.16551994,0.13627797,-0.674674,1.6805502,-1.0971683,-0.004248701,-0.41771737,3.714089,3.5767775,-2.773788,-24.037031,-13.261626,11.608631,2.26867,-0.10404404,-0.63124424,7.957788,-1.0433855
355,0.20075196,0.56080735,0.69276613,-0.012229922,-0.026328843,-0.99957854,1.0,0.0,0.0,0.12483779,-0.04004082,-0.06438869,-0.0747776,-0.2955013,0.05494642,0.22497086,0.12288621,0.106702566,0.05805254,-0.31024963,0.080131456,-0.6273031,0.040489987,-0.08336797,-0.071518674,-0.1190077,-0.65132636,0.060616482,-0.21435554,-0.15671788,-0.1830974,-0.2746276,0.6163951,0.28512532,0.034269065,-0.4527109,0.21725306,0.42832854,0.90146685,-0.8832997,0.4785687,0.4197579,0.6764616,-1.0103451,-0.19481209,-200.0,-200.0,-200.0,-200.0,-3.4760556053665823,-25.608297957710647,-200.0,-200.0,-200.0,-200.0,200.0,66.25035432008326,0.12483779,-0.04004082,-0.8643887,1.5252224,-1.0955013,0.05494642,0.22497086,0.12288621,-0.69329745,1.6580526,-1.1102496,0.080131456,-12.546062,0.80979973,-1.6673595,-1.4303734,-2.380154,-13.026526,1.2123296,-4.287111,-3.1343577,-3.6619482,-5.492552,12.327902
356,-0.12026756,0.39535487,0.4745959,0.005832848,-0.026881855,-0.9996216,1.0,0.0,0.0,0.05480993,-0.026808089,-0.10036945,-0.051690936,-0.21109778,0.032362305,0.17939404,0.10167608,0.08698565,0.039546132,-0.46988755,0.09159822,-0.12033875,0.07459797,-0.25773695,0.26651376,0.86449426,0.3284957,-0.46479782,-0.016782794,-0.05810513,-0.017672142,-1.122201,-0.39925542,1.022514,-0.4891396,1.150722,-0.086407386,0.15558858,0.41947713,0.24496195,0.07314062,1.7792584,-0.023636878,0.3535015,-0.18330568,-200.0,200.0,200.0,200.0,-9.653585492128968,-200.0,200.0,50.68550759892385,-200.0,200.0,200.0,200.0,0.05480993,-0.026808089,-0.90036947,1.5483091,-1.0110978,0.032362305,0.17939404,0.10167608,-0.71301436,1.6395462,-1.2698876,0.09159822,-2.406775,1.4919593,-5.154739,5.330275,17.289885,6.569914,-9.295957,-0.33565587,-1.1621026,-0.35344285,-22.44402,-7.9851084
357,0.10538074,-0.16456555,-0.24696754,0.0094276015,-0.027410867,-0.9995798,1.0,0.0,0.0,0.10239316,-0.037492644,-0.11364859,-0.032203197,-0.08260292,0.15453163,0.14354931,0.093744576,0.10556227,0.016760826,-0.5895576,-0.00051312987,0.52768636,-0.14669946,0.08416672,-0.01885811,0.5193876,0.58662474,0.0576284,-0.05637897,0.20309292,-0.15765162,-0.16922453,-0.39699253,-0.17492859,0.3616759,0.27111247,-0.6387184,-1.0102115,-0.13203508,0.5762429,0.40498477,-0.67543566,-0.36693162,0.6850736,0.19014144,200.0,10.037892386072222,200.0,65.92950165924759,200.0,32.41029833392247,200.0,-200.0,200.0,-109.36601793450728,-45.168590122327316,-57.209931603553514,0.10239316,-0.037492644,-0.9136486,1.5677968,-0.88260293,0.15453163,0.14354931,0.093744576,-0.69443774,1.6167608,-1.3895576,-0.00051312987,10.553727,-2.933989,1.6833344,-0.3771622,10.387752,11.732494,1.152568,-1.1275795,4.061858,-3.1530323,-3.3844905,-7.939851
358,-0.5139607,-0.26523525,-0.02081541,0.0018620346,-0.017921494,-0.99983764,1.0,0.0,0.0,0.14569187,-0.022917628,-0.08036274,-0.057373285,-0.07910538,0.15642591,0.21710609,0.10884861,0.1357488,-0.030109644,-0.51575905,0.019293986,-0.05852918,0.265152,0.17177962,-0.04612657,-0.3289546,-0.5153435,0.6168822,0.18829598,0.11699654,-0.30160886,0.80977947,0.35370195,-1.0297467,-0.6042514,-0.1715801,0.76932925,-0.6014473,-0.32881668,-0.3707557,-0.7178783,0.2046123,0.592417,-0.09754314,0.07718889,176.31877957851668,200.0,-200.0,-200.0,200.0,4.371367988022314,-200.0,200.0,200.0,-200.0,-200.0,-196.56366799654768,0.14569187,-0.022917628,-0.88036275,1.5426267,-0.8791054,0.15642591,0.21710609,0.10884861,-0.6642512,1.5698904,-1.3157591,0.019293986,-1.1705836,5.30304,3.4355922,-0.92253137,-6.579092,-10.3068695,12.337644,3.7659194,2.3399308,-6.032177,16.19559,7.074039
359,0.19949211,0.021920769,0.5629029,-0.0021478108,-0.012950152,-0.9999138,1.0,0.0,0.0,0.07576424,0.006883137,-0.073813915,-0.02437079,-0.22592884,0.0020806373,0.2724972,0.114425935,0.14834476,-0.06706989,-0.37164372,0.043673065,-0.5820109,0.046146147,-0.07596459,0.33221057,-0.81195015,-0.7205069,-0.0038300676,-0.106139615,0.039184105,-0.09177456,0.5995446,0.074093804,0.67110926,-0.22764352,-0.6047281,-0.75054985,-0.060787443,0.43520713,-1.2209321,0.46841815,-0.2695675,0.123046935,-0.55854493,0.06481173,-200.0,-200.0,73.07084105079142,200.0,-53.54595385285734,-7.833526939789849,-200.0,-200.0,-144.01492100473743,200.0,56.18216857894686,59.853128221229895,0.07576424,0.006883137,-0.8738139,1.5756292,-1.0259289,0.0020806373,0.2724972,0.114425935,-0.65165526,1.5329301,-1.1716437,0.043673065,-11.640219,0.9229229,-1.5192918,6.6442113,-16.239002,-14.410138,-0.07660135,-2.1227922,0.78368205,-1.8354912,11.990891,1.481876
360,-0.024675313,0.618009,0.6251637,0.011464739,-0.015890278,-0.999808,1.0,0.0,0.0,0.024127921,0.0023388553,-0.1099267,0.025493503,-0.2797945,-0.030634675,0.22054581,0.10160292,0.12029463,-0.04852891,-0.35606354,0.050366454,0.0044515505,-0.079691544,-0.26682794,0.18338792,0.17451265,0.29166085,-0.46931234,-0.026184885,-0.28548038,0.23506747,-0.33351466,0.023965513,0.9939059,-0.31453973,0.8566262,-0.9984805,0.23094295,0.20387909,0.29251212,0.56640416,1.4099017,0.056809127,0.13850683,0.46602663,-200.0,200.0,-200.0,143.5173116110109,-161.07997717685316,4.836551443279685,200.0,-200.0,-200.0,-200.0,200.0,200.0,0.024127921,0.0023388553,-0.9099267,1.6254935,-1.0797945,-0.030634675,0.22054581,0.10160292,-0.6797054,1.5514711,-1.1560636,0.050366454,0.08903101,-1.5938308,-5.336559,3.6677585,3.490253,5.8332167,-9.386247,-0.5236977,-5.7096076,4.7013493,-6.6702933,0.47931024
361,-0.12082964,-0.017063096,-0.099666126,0.021922117,-0.012985431,-0.99967533,1.0,0.0,0.0,0.09578868,-0.028192624,-0.12447387,0.027775288,-0.15228868,0.048767295,0.18765673,0.11036522,0.09144294,-0.016203523,-0.31779176,0.1487443,0.6489729,-0.20599501,0.0923296,-0.12716548,0.8179412,0.34782287,0.07534989,0.09839174,-0.033387437,0.11281091,0.6206767,0.67616004,-0.5178596,0.11125885,0.6079747,-0.46114865,-0.25360548,0.21358943,0.7139138,-0.6908869,0.64585507,-0.4130727,0.057922214,-0.39699727,186.17114052647253,200.0,200.0,28.496467121163604,200.0,-29.599640614420537,200.0,-200.0,200.0,-200.0,-37.61435894297574,-38.35610042473837,0.09578868,-0.028192624,-0.9244739,1.6277753,-0.9522887,0.048767295,0.18765673,0.11036522,-0.70855707,1.5837965,-1.1177918,0.1487443,12.979458,-4.1199,1.846592,-2.5433097,16.358824,6.956457,1.5069978,1.9678348,-0.66774875,2.2562182,12.413534,13.5232
362,0.031087017,-0.66247076,-0.18615983,0.009366307,-0.010780926,-0.999898,1.0,0.0,0.0,0.16561769,-0.048675213,-0.070296586,-0.022601843,-0.094172,0.10099543,0.2523879,0.12482887,0.12066436,-0.033509135,-0.19043922,0.18106697,0.039413195,0.056909688,0.2250676,0.040578913,-0.06958341,0.03589492,0.52384275,0.05561299,0.32794294,-0.25860265,0.54160666,-0.2587297,-0.9053001,0.45085356,-0.7584093,0.24631873,-0.9765659,-0.18818966,-0.34355354,0.12275171,-0.3087451,0.011579156,-0.72066534,-0.7749657,200.0,-200.0,200.0,-200.0,-45.8843978318572,-200.0,-200.0,200.0,200.0,-200.0,-200.0,-13.464648580116886,0.16561769,-0.048675213,-0.8702966,1.5773982,-0.894172,0.10099543,0.2523879,0.12482887,-0.67933565,1.5664909,-0.99043924,0.18106697,0.78826386,1.1381937,4.501352,0.8115782,-1.3916681,0.71789837,10.476854,1.1122597,6.5588584,-5.172053,10.832133,-5.174594
363,-0.112859994,-0.09398606,0.4879848,-0.0052666836,-0.008206507,-0.99995244,1.0,0.0,0.0,0.10241878,-0.018581308,-0.06149316,0.020050883,-0.21386677,0.025350962,0.29092485,0.14266641,0.14953047,-0.043963194,-0.1827479,0.0214994,-0.602215,0.21050905,-0.09940933,0.34598085,-1.0303041,-0.4696388,-0.06945861,0.07997496,0.001634449,0.08752557,-0.38202432,-1.2382803,0.3718226,-0.77992,-0.5447078,-0.4263157,0.111416176,-0.055208668,-1.1568323,-0.42093024,-0.38051987,0.29437643,0.0049886554,0.5794991,-200.0,-122.37520588889728,-200.0,45.40868210376469,-200.0,-200.0,-200.0,200.0,-200.0,143.97183099129097,-200.0,39.815502158486424,0.10241878,-0.018581308,-0.8614932,1.6200509,-1.0138668,0.025350962,0.29092485,0.14266641,-0.65046954,1.5560368,-0.9827479,0.0214994,-12.0443,4.2101808,-1.9881865,6.9196167,-20.606081,-9.392776,-1.3891722,1.5994991,0.03268898,1.7505114,-7.6404862,-24.765606
364,0.25736776,0.6869739,0.5774785,0.0082006315,-0.011616255,-0.9998989,1.0,0.0,0.0,0.0386137,-0.0063716066,-0.10656601,0.07583356,-0.31133693,-0.008087671,0.22569887,0.13017175,0.11237848,0.0064228773,-0.16097736,-0.11878833,-0.09006814,-0.058372833,-0.3357255,0.22621489,-0.043823726,-0.09588567,-0.5330915,-0.17507067,-0.3387962,0.3838011,0.34747878,-0.26168773,1.2466011,-0.12105754,1.1393516,-1.3019384,0.3667751,-0.62169987,0.5082738,0.9284098,0.99196124,-0.6544299,0.28574318,1.1694599,-200.0,-200.0,-200.0,200.0,-1.2310125224607873,200.0,200.0,-200.0,-200.0,-200.0,200.0,2.6915315462824196,0.0386137,-0.0063716066,-0.906566,1.6758336,-1.111337,-0.008087671,0.22569887,0.13017175,-0.68762153,1.6064229,-0.9609774,-0.11878833,-1.8013628,-1.1674566,-6.7145095,4.5242977,-0.8764745,-1.9177134,-10.66183,-3.5014133,-6.7759237,7.676022,6.9495754,-5.233754
365,0.112728305,0.04515922,-0.17686218,0.021289283,-0.019341541,-0.9995862,1.0,0.0,0.0,0.08681063,-0.024626054,-0.13445383,0.08551574,-0.21465355,-0.13028052,0.18112084,0.11095558,0.08193636,0.044331193,-0.026163638,-0.064568214,0.5102463,-0.108556464,0.022913253,-0.09810852,0.91634035,-0.9828828,0.029658893,-0.03142522,0.0064472496,0.03750856,0.67831033,0.70773196,-0.43746674,-0.06969449,0.7345315,-0.85647625,0.43495515,0.5200333,0.47491089,-0.07934803,0.62483114,-0.4286493,-0.3786977,-0.091466725,200.0,200.0,200.0,-200.0,-53.98502051252922,200.0,200.0,-91.49132168033071,200.0,-200.0,200.0,-72.2900293820112,0.08681063,-0.024626054,-0.93445385,1.6855158,-1.0146536,-0.13028052,0.18112084,0.11095558,-0.71806365,1.6443312,-0.82616365,-0.064568214,10.204926,-2.1711292,0.45826504,-1.9621704,18.326807,-19.657656,0.59317786,-0.62850434,0.128945,0.7501712,13.566206,14.154639
366,0.5067435,-0.54268223,-0.2595807,0.010661364,-0.032029934,-0.99943006,1.0,0.0,0.0,0.12861116,-0.04222324,-0.113093436,0.062897205,0.0017088652,-0.1948544,0.23262347,0.0963811,0.12245673,0.027014017,-0.023281395,-0.02491462,-0.03684626,-0.08151468,0.14649104,-0.0687889,0.95473874,0.2444557,0.4257071,-0.09856258,0.36892283,-0.17809244,-0.55186075,-0.13379215,-0.5935353,0.83160245,-0.64563376,0.5301022,-0.8986219,0.6414474,-0.27034673,0.76986897,-0.5622679,0.8876031,-1.1600736,-0.6384708,151.86989178654557,-200.0,200.0,-200.0,-200.0,-86.65460097790344,-200.0,0.7612349393321125,200.0,-200.0,-93.66447253149545,200.0,0.12861116,-0.04222324,-0.91309345,1.6628972,-0.79829115,-0.1948544,0.23262347,0.0963811,-0.6775433,1.627014,-0.8232814,-0.02491462,-0.73692524,-1.6302935,2.9298208,-1.375778,19.094774,4.889114,8.514142,-1.9712516,7.3784566,-3.5618486,-11.037214,-2.675843
367,-0.096528254,-0.076773785,0.49436584,-0.0010843945,-0.039029397,-0.9992375,1.0,0.0,0.0,0.056894712,-0.029845491,-0.120724976,0.08792114,0.07375783,-0.049117792,0.26112056,0.10138604,0.15602297,0.031767964,-0.22789115,-0.14681453,-0.619101,0.18377642,-0.18184812,0.27813795,-0.1160587,1.0933752,-0.088098325,0.11545366,-0.0013137405,0.1883166,-1.3198504,-0.93414927,0.50735676,-0.11673781,-0.05581444,-0.8277424,0.2228529,0.26003826,-1.0449171,-0.60890293,-0.4368617,-0.5474383,0.055257782,0.011185487,-200.0,200.0,-200.0,200.0,-200.0,-174.46268297626443,-200.0,200.0,-200.0,200.0,-200.0,200.0,0.056894712,-0.029845491,-0.920725,1.6879212,-0.7262422,-0.049117792,0.26112056,0.10138604,-0.64397705,1.631768,-1.0278912,-0.14681453,-12.382019,3.6755283,-3.6369624,5.562759,-2.321174,21.867504,-1.7619665,2.3090732,-0.02627481,3.766332,-26.397009,-18.682985
368,0.30299136,0.078256406,0.7399559,-0.0015651864,-0.044096835,-0.99902606,1.0,0.0,0.0,-0.014635954,-0.020779971,-0.13790762,0.10973203,0.11347401,0.0790813,0.19005883,0.0972086,0.15684283,0.050260067,-0.38317984,-0.22663003,-0.14539778,-0.06840183,-0.010591554,-0.024427094,0.23791698,0.41023612,-0.574017,-0.12990774,0.0049124374,0.017985782,-0.33238363,0.03856895,1.1640512,-0.06406504,1.0581545,-0.84972125,-0.117372885,-0.9485662,0.44605333,0.44013268,0.035936996,-0.7814,0.64207923,0.79440767,-200.0,-200.0,-200.0,-200.0,200.0,200.0,200.0,-149.55020899943528,190.50184556457418,-200.0,-18.480996317830744,-54.68290338938846,-0.014635954,-0.020779971,-0.93790764,1.709732,-0.686526,0.0790813,0.19005883,0.0972086,-0.6431572,1.6502601,-1.1831799,-0.22663003,-2.9079556,-1.3680365,-0.21183108,-0.48854187,4.7583394,8.204722,-11.48034,-2.5981548,0.09824874,0.3597156,-6.6476727,0.771379
369,-0.121354796,0.06617935,0.2640526,0.00041084824,-0.046587486,-0.9989141,1.0,0.0,0.0,0.01100434,-0.028020415,-0.12235427,0.101450324,0.04962927,0.029216766,0.14574948,0.094999395,0.15035915,0.037746668,-0.3411482,-0.111915134,0.37395224,-0.0052912007,0.17418624,-0.191049,-0.36237517,-0.6771712,0.06401196,0.082077436,-0.058024537,-0.12864688,0.653511,1.0115955,-0.13318206,-0.21278055,-0.55199456,0.36042804,-0.54966867,0.2412416,0.7479663,0.19603121,-0.18099816,0.9863127,-0.3020806,-0.30231032,200.0,200.0,-177.05685136804414,-200.0,200.0,200.0,200.0,-61.68096167090473,200.0,-200.0,27.47398453147639,-200.0,0.01100434,-0.028020415,-0.9223543,1.7014503,-0.75037074,0.029216766,0.14574948,0.094999395,-0.64964086,1.6377467,-1.1411482,-0.111915134,7.4790444,-0.10582401,3.4837248,-3.8209798,-7.2475033,-13.543424,1.2802392,1.6415488,-1.1604908,-2.5729375,13.070219,20.231909
370,0.02138147,0.582084,0.37210464,0.014454327,-0.04484689,-0.9988893,1.0,0.0,0.0,0.04041235,-0.03723872,-0.12698817,0.100236416,-0.11046004,0.00035169884,0.21428378,0.110571384,0.09535825,0.047445893,-0.30064243,-0.015546969,-0.06762826,-0.06784349,-0.19474792,0.22609964,-0.86120623,0.24941936,0.5692319,0.05922715,-0.445891,0.19068113,0.0070721037,0.047738124,-0.39655605,-0.090785205,0.651027,-1.0400577,-0.07280335,0.7810245,-0.5258615,-0.16256943,1.5643569,0.0009740144,-0.49238402,-0.3366713,200.0,105.88860620718378,-152.1011857778741,200.0,-16.636145087527865,-200.0,-200.0,-200.0,-200.0,200.0,56.580194569511605,200.0,0.04041235,-0.03723872,-0.9269882,1.7002364,-0.91046005,0.00035169884,0.21428378,0.110571384,-0.70464176,1.6474459,-1.1006424,-0.015546969,-1.3525652,-1.3568698,-3.8949585,4.5219927,-17.224125,4.988387,11.384638,1.184543,-8.91782,3.8136225,0.14144208,0.95476246
371,0.4201219,0.026649665,0.99460053,0.024009062,-0.056148075,-0.9981337,1.0,0.0,0.0,-0.02676101,-0.06315806,-0.13989377,0.14097536,-0.18534946,0.124654815,0.25588623,0.1016838,0.051381826,0.059812546,-0.36539298,-0.10488113,-0.48653394,-0.18259987,0.028740097,0.16051729,0.032882452,0.7918704,-0.08100095,-0.10284076,-0.04246901,-0.031575106,-0.33429354,-0.5794185,0.48441106,1.0257995,-0.10133013,-1.3489791,1.0130216,-0.36142832,-0.47893104,0.54996115,1.1815282,-0.38604903,-0.16552284,0.02809507,-200.0,-200.0,200.0,-112.20477221114322,127.49121069245598,181.25639402322645,-200.0,113.17266554077769,200.0,-200.0,200.0,200.0,-0.02676101,-0.06315806,-0.9398938,1.7409754,-0.9853495,0.124654815,0.25588623,0.1016838,-0.7486182,1.6598126,-1.165393,-0.10488113,-9.730679,-3.6519973,0.5748019,3.2103457,0.65764904,15.837408,-1.6200188,-2.0568151,-0.8493802,-0.6315021,-6.6858706,-11.588369
372,-0.06069905,-0.33697772,0.7109597,0.013943916,-0.06292819,-0.99792063,1.0,0.0,0.0,-0.07540763,-0.08073322,-0.10748327,0.14404011,-0.07130784,0.17542048,0.18384404,0.10635196,0.07016587,0.052075505,-0.32255644,-0.1438939,-0.049765296,-0.0066729574,0.2441914,-0.09040105,1.0124606,-0.18619435,-0.53731894,0.09194644,0.16472487,-0.039586965,0.38190943,0.0838235,0.902491,-1.9401312e-05,-0.6930979,-0.68170166,-0.046143647,-0.2020661,0.23533149,-0.402637,-0.047659755,0.8203736,0.11032058,0.3389164,-200.0,200.0,200.0,-200.0,-94.77494635673798,200.0,200.0,200.0,-200.0,-200.0,200.0,-200.0,-0.07540763,-0.08073322,-0.9074833,1.7440401,-0.87130785,0.17542048,0.18384404,0.10635196,-0.72983414,1.6520755,-1.1225564,-0.1438939,-0.9953059,-0.13345915,4.8838277,-1.8080211,20.249212,-3.7238867,-10.746379,1.8389287,3.2944975,-0.7917393,7.6381884,1.67647
373,-0.092658766,0.29608136,-0.019589178,0.0150360335,-0.05862496,-0.99816686,1.0,0.0,0.0,-0.026895823,-0.06605827,-0.1038388,0.15129685,-0.028414786,0.05956363,0.13909483,0.11418227,0.059133828,0.07341623,-0.18371755,-0.035329994,0.47288415,0.076856956,-0.09538027,0.032260157,-0.026923878,-0.67508644,0.040906165,-0.00917632,-0.19073203,0.21135454,0.57739997,0.7057115,0.086013995,0.08787307,-0.021019097,0.019247316,-0.6639826,0.53025234,0.7188561,0.29366374,0.08600636,-0.0075260103,-0.82415986,-0.19827847,200.0,-200.0,121.45024312468158,200.0,-200.0,-200.0,200.0,-48.20392026793738,-200.0,-200.0,149.23338526627816,200.0,-0.026895823,-0.06605827,-0.9038388,1.7512969,-0.8284148,0.05956363,0.13909483,0.11418227,-0.7408662,1.6734163,-0.98371756,-0.035329994,9.457683,1.537139,-1.9076053,0.6452031,-0.53847754,-13.501728,0.8181233,-0.1835264,-3.8146405,4.227091,11.547999,14.114229
374,-0.47448277,-0.16547517,-0.11638288,0.015938973,-0.044735942,-0.9988717,1.0,0.0,0.0,0.030155307,-0.028461352,-0.09106827,0.13389134,-0.1357739,0.024296144,0.19734505,0.13862623,0.050202012,0.08436334,-0.17552793,-0.0014675001,0.18085377,0.20924059,0.12854785,0.07044584,-0.76619786,0.057905227,0.49842134,0.20186143,0.04360034,-0.054384675,-0.3959032,-0.26843897,-0.695017,-0.8323333,1.1218942,-1.3472288,0.33008537,0.3146989,-0.5087104,-1.0447227,1.4857297,-0.6783968,-0.3448736,-0.31877705,200.0,126.36125392054993,54.960591272896096,-151.21438851854572,-200.0,-200.0,-84.75624009371153,-1.3739475945198478,12.826010941606285,-46.876192048628695,-188.50588197043487,200.0,0.030155307,-0.028461352,-0.8910683,1.7338914,-0.9357739,0.024296144,0.19734505,0.13862623,-0.749798,1.6843634,-0.97552794,-0.0014675001,3.6170752,4.1848116,2.570957,1.4089168,-15.3239565,1.1581045,9.968427,4.0372286,0.8720068,-1.0876935,-7.9180636,-5.368779
375,0.25101137,-0.7458413,0.49723923,-0.00063245796,-0.040856756,-0.9991648,1.0,0.0,0.0,0.018435176,-0.021936527,-0.036068916,0.13867593,-0.17745996,0.09890238,0.21378186,0.15978916,0.105709195,0.053992152,-0.25513405,-0.11164452,-0.2595292,-0.10678525,0.38331532,-0.019647818,0.21063803,0.5373576,-0.26081312,0.023443721,0.4678099,-0.2288864,-0.19735093,-0.72038597,0.08474837,0.07806447,-0.9038258,-0.7397153,0.58242834,0.14200078,-0.6799897,0.51594377,-0.9052518,0.8528437,0.03195794,0.3786786,-200.0,-200.0,200.0,-200.0,19.474663661654745,-200.0,-200.0,-200.0,200.0,-200.0,200.0,200.0,0.018435176,-0.021936527,-0.8360689,1.738676,-0.97745997,0.09890238,0.21378186,0.15978916,-0.6942908,1.6539922,-1.055134,-0.11164452,-5.1905837,-2.135705,7.6663065,-0.39295635,4.2127604,10.747152,-5.2162623,0.46887442,9.356197,-4.577728,-3.9470186,-14.407719
376,-0.49101016,-0.153531,0.63651997,-0.021655232,-0.034571905,-0.99916756,1.0,0.0,0.0,0.010215586,-0.013028937,0.009284794,0.13713562,-0.09268916,0.14267816,0.11851526,0.18601839,0.15942073,0.042807937,-0.19765204,-0.15168324,0.10419931,0.1605699,0.051073182,0.10077977,0.28381816,-0.036506712,-0.6510121,0.2085458,0.116804324,0.084232084,0.50222516,0.22554377,0.45597458,-0.2646855,-0.1903683,-0.4675378,0.22953461,-0.081074856,0.45381954,-0.80082047,-0.3598973,-0.3746277,0.15439598,0.33941832,-200.0,200.0,-200.0,200.0,-5.671063494653083,200.0,87.05043521116909,73.4058276535557,-200.0,-200.0,200.0,-28.878202470699055,0.010215586,-0.013028937,-0.7907152,1.7371356,-0.89268917,0.14267816,0.11851526,0.18601839,-0.6405793,1.642808,-0.99765205,-0.15168324,2.0839863,3.2113981,1.0214636,2.0155954,5.676363,-0.73013425,-13.020243,4.170916,2.3360865,1.6846416,10.044503,4.510875
377,0.06992649,0.53682595,-0.044670194,-0.014789743,-0.02628208,-0.99954516,1.0,0.0,0.0,0.09011383,0.0002434343,-0.015679717,0.16056025,0.0050235987,0.0714549,0.054488186,0.19682036,0.15180165,0.0577991,-0.10872823,-0.026492083,0.64002895,-0.048355352,-0.24085246,0.09388115,0.49362406,-0.32849455,-0.06754544,-0.09263762,-0.20649655,0.16828732,0.19394708,0.72807634,-0.36362237,-0.30142048,0.3621314,-0.7851518,-0.49772912,0.44077262,0.8191141,-0.24388951,0.7508426,0.41076148,0.118286535,-0.308956,200.0,-200.0,-200.0,-200.0,200.0,94.92584543818725,200.0,-200.0,-167.00212777888112,-200.0,-66.53327893655955,104.52059126842028,0.09011383,0.0002434343,-0.8156797,1.7605603,-0.7949764,0.0714549,0.054488186,0.19682036,-0.64819837,1.6577991,-0.90872824,-0.026492083,12.800579,-0.96710706,-4.817049,1.8776231,9.872481,-6.569891,-1.3509086,-1.8527524,-4.129931,3.3657465,3.8789415,14.561526
378,0.635472,-0.0055256556,-0.13735193,-0.0032537768,-0.041716117,-0.9991242,1.0,0.0,0.0,0.16969618,-0.037091408,-0.022640169,0.15454507,-0.0028514266,0.10721968,0.07940224,0.15751046,0.12479913,0.100824475,-0.03729379,0.014961668,0.20227873,-0.2885962,0.13218492,-0.1324508,-0.47628888,0.4992896,0.2815841,-0.28864506,-0.063800335,0.24613689,0.33488682,-0.21624179,-0.80318975,1.1343908,0.59046185,-1.0006087,-0.016946208,0.40589884,-0.015734076,0.9446013,0.63834417,-0.66297776,-0.24657325,-0.42387357,200.0,-200.0,200.0,200.0,-23.639312198941525,-200.0,-200.0,-200.0,200.0,-200.0,-200.0,200.0,0.16969618,-0.037091408,-0.8226402,1.7545451,-0.80285144,0.10721968,0.07940224,0.15751046,-0.6752009,1.7008245,-0.8372938,0.014961668,4.0455747,-5.771924,2.6436985,-2.6490161,-9.525778,9.985792,5.631682,-5.772901,-1.2760067,4.9227376,6.6977363,-4.324836
379,0.097749025,-0.6961233,0.44331235,-0.01881877,-0.055361133,-0.99828905,1.0,0.0,0.0,0.15258542,-0.062059753,0.037804067,0.12313914,-0.07624817,0.20736088,0.078003876,0.1246457,0.16071779,0.11592209,-0.0671134,-0.109581165,-0.30674005,-0.022293456,0.41367182,-0.19048959,-0.35933617,0.52697235,-0.17033604,-0.063235655,0.365118,-0.066437446,-0.38958094,-0.6911704,-0.45084417,0.54970217,-0.7330012,-0.05474037,1.1966642,0.029507674,-0.2320402,0.046160996,-0.6954368,-0.49056306,-0.6478745,0.17445815,-69.66568292845517,200.0,200.0,-200.0,-23.389386807072242,50.17271298684466,-200.0,200.0,200.0,-200.0,90.66677141127832,200.0,0.15258542,-0.062059753,-0.76219594,1.7231392,-0.8762482,0.20736088,0.078003876,0.1246457,-0.6392822,1.7159221,-0.8671134,-0.109581165,-6.134801,-0.44586912,8.273437,-3.8097918,-7.186723,10.539447,-3.4067206,-1.264713,7.3023596,-1.328749,-7.7916183,-13.823408
380,-0.1472513,-0.068268925,1.0399605,-0.034200728,-0.05396671,-0.9979569,1.0,0.0,0.0,0.03065793,-0.04892067,0.08625084,0.090414405,-0.09232581,0.20387667,-0.0012064367,0.10775143,0.21321046,0.08995533,-0.2344448,-0.14153083,-0.8476413,0.13141619,0.100942686,-0.1318453,0.12305733,-0.32429263,-0.48754492,-0.081270516,0.16689424,-0.18397348,-0.91444725,0.2780146,0.62675226,-0.38504317,-0.20319498,0.1632714,0.58797246,-0.21072069,0.45135027,0.023255914,-0.52153766,-0.25445175,0.2599402,0.37950906,-19.74579778914682,-42.53906756317218,-200.0,-200.0,200.0,200.0,-200.0,200.0,-200.0,18.319300481782534,200.0,200.0,0.03065793,-0.04892067,-0.7137492,1.6904144,-0.8923258,0.20387667,-0.0012064367,0.10775143,-0.58678955,1.6899554,-1.0344448,-0.14153083,-16.952826,2.6283236,2.0188537,-2.636906,2.4611466,-6.4858527,-9.750898,-1.6254103,3.337885,-3.6794696,-18.288944,5.560292
381,0.3376081,0.5375044,0.322056,-0.02504744,-0.05823444,-0.99798864,1.0,0.0,0.0,-0.08291546,-0.04329652,0.06298417,0.09622705,0.019318998,0.060438767,-0.034502037,0.075660534,0.22205323,0.037785888,-0.3086999,0.020220708,-0.33018252,-0.040735025,-0.269672,0.11259846,0.861391,-0.66964275,0.09691254,-0.19602136,-0.054477878,-0.308176,0.072396524,1.0813154,1.2751052,-0.360091,0.31738368,0.20572755,0.43195087,0.34813312,0.5583651,0.5776566,0.36504328,0.51989174,0.8663891,-0.2813464,200.0,200.0,-200.0,20.450166369201042,200.0,-200.0,200.0,-200.0,-74.06452923848718,-75.67004131938137,200.0,200.0,-0.08291546,-0.04329652,-0.73701584,1.6962271,-0.780681,0.060438767,-0.034502037,0.075660534,-0.5779468,1.6377859,-1.1086999,0.020220708,-6.6036506,-0.8147005,-5.3934402,2.251969,17.22782,-13.392855,1.9382508,-3.9204273,-1.0895575,-6.16352,1.4479305,21.626308
382,0.2226507,-0.12536702,-0.23604922,-0.018548584,-0.06928418,-0.9974245,1.0,0.0,0.0,-0.081114024,-0.054562144,0.028049529,0.13050818,0.15667886,0.03043987,0.04424928,0.054100685,0.23355424,-0.012268305,-0.18945616,0.1290844,0.27760097,-0.08436421,-0.0831966,0.18593997,0.5771255,0.27236527,0.57893294,-0.03631189,0.13722661,-0.1935089,1.0258996,0.10292989,0.11003761,0.24983248,0.48809645,-0.2763347,-0.7398857,0.43301594,-0.5365133,0.6536672,1.0173652,0.8430152,0.8847125,-0.44592854,-86.74208254920154,200.0,147.95405842259913,200.0,200.0,-200.0,200.0,-200.0,200.0,-32.94672444410509,-47.93214830075328,200.0,-0.081114024,-0.054562144,-0.7719505,1.7305082,-0.64332116,0.03043987,0.04424928,0.054100685,-0.56644577,1.5877317,-0.9894562,0.1290844,5.552019,-1.6872842,-1.6639321,3.7187994,11.542509,5.447305,11.578659,-0.7262378,2.744532,-3.8701777,20.517992,2.0585978
383,-0.40688762,-0.80494756,0.1457153,-0.03786179,-0.06388963,-0.99723846,1.0,0.0,0.0,0.0021551754,-0.04373997,0.059795797,0.13525927,0.16398203,0.15882029,0.110736735,0.08188227,0.26456243,-0.015479922,0.010343254,0.027054794,0.37709832,0.17600274,0.35257897,-0.11366137,-0.40085062,0.7156003,0.12388108,0.28373095,0.14576077,0.14981164,0.9727751,-1.0253941,-0.3517413,-0.56717646,-1.2953849,-0.8474435,-0.98189485,-0.13177061,-0.7814934,-0.46119207,-0.32797387,0.13565803,0.36339056,0.18138066,-200.0,200.0,200.0,200.0,200.0,-200.0,-200.0,200.0,200.0,-200.0,-200.0,-200.0,0.0021551754,-0.04373997,-0.7402042,1.7352593,-0.636018,0.15882029,0.110736735,0.08188227,-0.5354376,1.5845201,-0.78965676,0.027054794,7.5419664,3.5200548,7.0515795,-2.2732275,-8.017013,14.312006,2.4776216,5.674619,2.9152155,2.9962327,19.455502,-20.507881
384,0.119958095,-0.08650458,0.83629614,-0.0554428,-0.058090236,-0.9967706,1.0,0.0,0.0,0.010287023,-0.032258485,0.10549033,0.10344052,-0.02015841,0.19433893,0.07251027,0.102203324,0.2619871,0.029946327,0.13808864,-0.07120595,-0.23479128,-0.049014848,0.13434212,-0.19826987,-1.3461885,-0.26232228,-0.44204307,-0.05115477,-0.13375495,0.2673643,0.49725252,-0.055028778,-0.29034275,-0.12882212,-0.45070264,-0.4844143,0.13677584,-0.32359996,0.15187171,0.17021507,-0.57191503,-0.017965823,-0.6113668,0.5424661,-200.0,-200.0,-200.0,-41.84414369643852,-48.76550785958028,200.0,-200.0,-200.0,-200.0,-200.0,-200.0,-200.0,0.010287023,-0.032258485,-0.6945097,1.7034405,-0.8201584,0.19433893,0.07251027,0.102203324,-0.5380129,1.6299464,-0.66191137,-0.07120595,-4.6958256,-0.98029697,2.6868422,-3.9653974,-26.92377,-5.246445,-8.840861,-1.0230954,-2.675099,5.3472857,9.94505,-1.1005756
385,0.109184265,0.5485683,0.6762667,-0.04685744,-0.060600124,-0.99706167,1.0,0.0,0.0,-0.07671222,-0.04480612,0.1086089,0.046449184,-0.1801551,0.05454956,0.05007399,0.10493796,0.210046,0.06985414,0.13369495,0.026794944,-0.4752264,-0.0670004,-0.08074617,-0.35652375,-0.35407484,-0.8129784,0.13587265,0.04634792,-0.35729027,0.14136872,-0.44697037,0.93585396,0.62999105,-0.13030687,0.45377025,-1.0153028,0.90739447,0.25161865,0.97752607,0.021314293,1.1556294,-0.5488453,-0.98510605,-0.25485283,112.25907589088757,87.96599010008075,-200.0,-200.0,-200.0,200.0,37.20248810157267,-103.48411072854762,-200.0,-200.0,200.0,50.22966154944095,-0.07671222,-0.04480612,-0.6913911,1.6464492,-0.9801551,0.05454956,0.05007399,0.10493796,-0.589954,1.6698542,-0.66630507,0.026794944,-9.504528,-1.3400079,-1.6149232,-7.130475,-7.0814967,-16.259567,2.7174528,0.9269584,-7.1458054,2.8273742,-8.939407,18.71708
386,0.3601997,-0.20586076,-0.06354891,-0.039046418,-0.06972491,-0.9968018,1.0,0.0,0.0,-0.109397426,-0.068831034,0.1286934,-0.05251193,-0.14157438,-0.0021918907,0.12670816,0.10238265,0.18527305,0.05907476,-0.062422693,0.11016922,0.0036112245,-0.091234915,0.12444351,-0.20379356,0.7888756,-0.020157365,0.59095997,-0.033825025,0.102564946,-0.21774057,-1.4173384,-0.009052679,0.5436821,0.6730778,0.1781625,0.62809646,1.035015,1.0207275,-0.62092245,0.034838945,0.5112089,1.5535083,-0.26969755,-0.76182604,200.0,-127.84088896409071,200.0,-200.0,-200.0,-200.0,200.0,27.933353345801606,200.0,-200.0,200.0,200.0,-0.109397426,-0.068831034,-0.6713066,1.5474881,-0.9415744,-0.0021918907,0.12670816,0.10238265,-0.61472696,1.6590748,-0.8624227,0.11016922,0.07222449,-1.8246983,2.4888701,-4.075871,15.777512,-0.40314728,11.819199,-0.6765005,2.0512989,-4.354811,-28.346767,-0.18105358
387,0.22416708,-0.51970714,-0.23925218,-0.053888373,-0.08316918,-0.9950774,1.0,0.0,0.0,-0.051185694,-0.08559865,0.1414324,-0.04216349,0.048334062,0.06382695,0.1849401,0.09406834,0.22211534,0.029397845,-0.33153433,-0.001544411,0.5171529,-0.10474433,-0.026579792,0.36441964,0.7547125,0.44601092,0.04513857,-0.04366764,0.256438,-0.09864862,-1.3025007,-1.0066098,0.025642019,0.6749393,-0.79582775,-0.38158703,0.1887749,0.54788536,-0.70722806,-0.08214939,-0.9818245,-0.30456364,0.19546144,-0.28365272,-200.0,-77.48699163917405,200.0,200.0,19.16087748057116,-200.0,200.0,200.0,71.39601564106334,200.0,200.0,200.0,-0.051185694,-0.08559865,-0.6585676,1.5578365,-0.75166595,0.06382695,0.1849401,0.09406834,-0.5778847,1.6293979,-1.1315343,-0.001544411,10.343058,-2.0948865,-0.5315958,7.2883925,15.094251,8.920218,0.9027714,-0.87335277,5.12876,-1.9729724,-26.050014,-20.132195
388,0.17060226,0.20720688,0.03865116,-0.058143485,-0.09120892,-0.99413294,1.0,0.0,0.0,0.048948646,-0.10494242,0.11039245,0.024467826,0.20255494,0.21274918,0.13403049,0.06886184,0.25074255,-0.0069161654,-0.48396176,-0.25152662,0.48037067,-0.09988923,-0.25848553,0.30971664,0.7858511,0.993802,-0.50694,-0.18762018,0.047724746,-0.2500737,-0.3216612,-1.5822847,-0.48253465,0.49291828,0.17599317,-1.032287,-0.40758902,-0.08145694,-0.09040953,0.39785707,-0.21897605,-0.5445652,0.63199776,0.73275673,-200.0,-200.0,-200.0,-200.0,200.0,-187.1649747054745,-7.790295772437977,200.0,-200.0,-200.0,36.93147146753218,200.0,0.048948646,-0.10494242,-0.68960756,1.6244678,-0.5974451,0.21274918,0.13403049,0.06886184,-0.54925746,1.5930839,-1.2839618,-0.25152662,9.607413,-1.9977846,-5.1697106,6.1943326,15.717022,19.87604,-10.1388,-3.7524035,0.9544949,-5.001474,-6.4332237,-31.645693
389,-0.44856292,0.18659185,0.766431,-0.05179964,-0.083367296,-0.99517167,1.0,0.0,0.0,0.087891884,-0.097417206,0.08090049,0.04979968,0.25363457,0.30140117,0.028815053,0.059972107,0.25242066,-0.07100713,-0.44056827,-0.46292093,-0.03950651,0.15328157,-0.056202333,-0.021904044,-0.17883472,-0.0067468295,-0.5833424,0.06758875,-0.009505164,-0.37717825,0.6586263,-0.62929714,-0.59974986,-0.39409155,-0.0068044625,0.26899016,-1.3320988,-0.44253278,0.9948517,-0.31580314,0.528893,0.35104495,0.7656883,0.7700812,-200.0,200.0,-200.0,-200.0,200.0,200.0,-200.0,200.0,200.0,-200.0,-200.0,-200.0,0.087891884,-0.097417206,-0.7190995,1.6497997,-0.54636544,0.30140117,0.028815053,0.059972107,-0.54757935,1.5289929,-1.2405683,-0.46292093,-0.7901302,3.0656314,-1.1240467,-0.43808088,-3.5766945,-0.13493659,-11.666847,1.3517749,-0.19010328,-7.543565,13.172526,-12.585942
390,0.1987737,-0.07411952,0.5642515,-0.0511434,-0.07850938,-0.99560064,1.0,0.0,0.0,0.023829421,-0.093782976,0.057165146,0.07901561,0.10978693,0.19080228,-0.03774694,0.050656226,0.25638992,-0.13291883,-0.20303482,-0.47721404,-0.54683375,-0.08835002,-0.1436986,0.26517794,-1.1616515,-0.9982001,-0.12590538,-0.14287683,0.048767038,-0.255255,1.6199006,0.38551912,0.5364186,-0.07362613,-0.19039467,-0.088808574,-0.579491,-0.22302604,0.78979313,0.5677316,0.6169001,1.008996,-0.12464148,0.3542932,200.0,-200.0,200.0,200.0,200.0,200.0,-200.0,-200.0,8.982921155542101,145.32567378890968,-200.0,-200.0,0.023829421,-0.093782976,-0.74283487,1.6790156,-0.6902131,0.19080228,-0.03774694,0.050656226,-0.5436101,1.4670812,-1.0030348,-0.47721404,-10.936675,-1.7670004,-2.873972,5.3035583,-23.23303,-19.964003,-2.5181077,-2.8575366,0.9753407,-5.1051,32.39801,7.7103825
391,-0.2766909,-0.055521384,-0.309848,-0.05394119,-0.07490842,-0.9957304,1.0,0.0,0.0,-0.024396608,-0.09198092,0.026888669,0.11633217,-0.12386286,0.045679808,0.008492564,0.048227135,0.26750988,-0.16701508,0.012061954,-0.29269302,0.0059213643,0.0687584,-0.15896983,0.12345841,-0.9912991,-0.5839279,0.5243308,0.08249309,0.05866561,-0.10227179,0.6289239,1.3105584,0.62302226,-0.17728178,-0.29430833,-0.789592,0.14398174,0.73107654,-0.37903208,0.21925122,0.30001855,-0.53594315,-0.27557826,-0.24099351,200.0,200.0,200.0,200.0,-200.0,71.96458706629846,200.0,-19.660853816201396,-200.0,-200.0,83.11614400264989,49.02723425301872,-0.024396608,-0.09198092,-0.77311134,1.7163322,-0.9238629,0.045679808,0.008492564,0.048227135,-0.53249013,1.432985,-0.78793806,-0.29269302,0.118427284,1.375168,-3.1793966,2.4691682,-19.825981,-11.678558,10.486615,1.6498618,1.1733122,-2.0454357,12.578478,26.211168
392,-0.29290503,0.32515234,-0.45587504,-0.047293805,-0.064703435,-0.9967832,1.0,0.0,0.0,0.03000986,-0.089232974,-0.014674008,0.12362242,-0.21296245,0.040262263,0.0627872,0.06606947,0.28417194,-0.21646667,0.031897545,-0.08624713,0.4903624,-0.03519437,-0.25457498,-0.035677597,0.00083814,0.42790624,0.060301032,0.10055707,0.092389636,-0.35769436,-0.33208022,0.5897031,-0.41928083,-0.341708,0.69081,-0.10523396,-0.053422343,0.31990245,-0.9767839,-0.473301,-0.06910236,0.6907733,-0.49898916,-0.9800324,-200.0,200.0,-55.71036900933723,-200.0,-200.0,-200.0,200.0,-152.82091562160613,-200.0,-200.0,200.0,200.0,0.03000986,-0.089232974,-0.814674,1.7236224,-1.0129625,0.040262263,0.0627872,0.06606947,-0.5158281,1.3835334,-0.76810247,-0.08624713,9.807248,-0.7038874,-5.0915,-0.71355194,0.0167628,8.558125,1.2060206,2.0111413,1.8477926,-7.1538873,-6.6416044,11.794062
393,0.1952781,0.40196705,0.4407397,-0.032727957,-0.06340462,-0.9974511,1.0,0.0,0.0,0.0692303,-0.12170444,-0.04754901,0.08698988,-0.16532922,0.13508388,0.0016993441,0.06195087,0.28067023,-0.25114727,-0.116452694,-0.0752675,-0.043476336,-0.25778446,-0.08987576,-0.29361996,0.24141586,0.4063036,-0.6058693,-0.11653824,-0.11540109,-0.021523604,-0.8255709,-0.38190913,-0.649817,0.71754897,1.0865303,-0.24841678,-0.75944936,-0.16674641,0.40845916,0.33410087,-0.18637995,0.041745603,-0.057371765,-0.26000968,-200.0,-200.0,-200.0,200.0,55.53423466475272,-200.0,-200.0,-200.0,200.0,-121.72028653841062,-17.787991066578144,-37.88073956952178,0.0692303,-0.12170444,-0.847549,1.6869899,-0.96532923,0.13508388,0.0016993441,0.06195087,-0.5193298,1.3488528,-0.9164527,-0.0752675,-0.8695267,-5.1556892,-1.7975152,-5.872399,4.828317,8.126072,-12.117386,-2.3307648,-2.3080218,-0.43047208,-16.511417,-7.6381826
394,-0.46811152,0.4116662,0.77592796,-0.018025083,-0.055729,-0.9982832,1.0,0.0,0.0,0.005094284,-0.13482949,-0.048147023,-0.0036045313,-0.22469348,0.10723683,-0.05617463,0.072170615,0.22650301,-0.21446669,-0.17397451,-0.14179055,-0.54831463,0.09251302,0.051021513,-0.54304814,-0.738254,-0.5335098,-0.030788822,0.1764104,-0.387112,0.33490726,0.14614636,-0.27200195,0.21274693,-0.4151292,0.05783308,0.7738431,-0.5440273,-0.08858865,1.1835648,-0.6479533,0.7250567,0.18507013,0.5395999,0.34619248,200.0,200.0,-200.0,200.0,182.49179795055892,49.92951959317162,-200.0,200.0,200.0,22.267865120665533,-200.0,-75.57399627001513,0.005094284,-0.13482949,-0.84814703,1.5963955,-1.0246935,0.10723683,-0.05617463,0.072170615,-0.573497,1.3855333,-0.9739745,-0.14179055,-10.966292,1.8502603,1.0204302,-10.860963,-14.7650795,-10.670196,-0.6157764,3.528208,-7.74224,6.6981454,2.9229271,-5.4400387
395,0.046283256,-0.12144191,0.064064674,-0.014895375,-0.04805227,-0.99873376,1.0,0.0,0.0,-0.035440348,-0.14574307,-0.023213565,-0.08931601,-0.33681267,0.03837808,-0.0028526876,0.08266473,0.16236836,-0.13425446,-0.039995432,-0.085019544,0.078858845,-0.17854814,0.15775217,-0.32031804,-0.4538845,-0.2714474,0.50751543,-0.051298983,-0.27280462,0.45371255,1.0976797,0.7395498,0.59858346,0.03760007,0.222181,0.08762004,0.08942899,0.62785894,-0.35697296,0.09190452,1.622579,-0.14699785,-1.0142912,0.41891655,200.0,-200.0,200.0,200.0,200.0,200.0,200.0,-200.0,14.556303217022844,200.0,41.552561532857794,18.611301802284117,-0.035440348,-0.14574307,-0.8232136,1.510684,-1.1368127,0.03837808,-0.0028526876,0.08266473,-0.63763165,1.4657456,-0.83999544,-0.085019544,1.5771768,-3.5709627,3.1550434,-6.4063606,-9.07769,-5.428948,10.150309,-1.0259796,-5.4560924,9.074251,21.953594,14.790996
396,-0.21541704,-0.6818995,0.03528781,-0.03309535,-0.043324605,-0.99851274,1.0,0.0,0.0,0.039997637,-0.17302454,0.03453064,-0.13833094,-0.32200998,0.09067813,0.040067405,0.08338418,0.15466052,-0.078930736,0.07245231,0.083125494,0.6180654,-0.10033851,0.36745858,-0.16557376,0.5081271,0.6975723,-0.023908226,0.039355252,0.13973661,0.13614413,0.12498702,0.7294895,-0.27327222,0.00829114,-1.233767,-0.2979881,-0.11415698,0.047221944,-0.89458513,0.18579231,-0.42713237,-1.4076631,-0.3749209,-0.52970654,-200.0,-15.653365124400882,200.0,-200.0,-200.0,-59.8100665730891,200.0,200.0,32.650093596577676,200.0,200.0,200.0,0.039997637,-0.17302454,-0.7654694,1.4616691,-1.12201,0.09067813,0.040067405,0.08338418,-0.6453395,1.5210693,-0.7275477,0.083125494,12.361308,-2.0067701,7.3491716,-3.311475,10.162541,13.951446,-0.4781645,0.787105,2.794732,2.7228825,2.4997404,14.589789
397,-0.5578434,-0.036725383,0.6574058,-0.046588577,-0.025711853,-0.9985832,1.0,0.0,0.0,0.087138005,-0.1643139,0.07796174,-0.1796273,-0.2482267,0.12470144,-0.022397099,0.10642208,0.16507852,-0.06368458,-0.0044982433,0.11899785,-0.078470975,0.13401799,0.08172421,-0.21321514,0.29702973,-0.14830384,-0.5492142,0.16054939,-0.0140953185,0.027883384,-0.73662245,-0.26807624,-0.6434653,-0.8060669,-0.66528255,0.41851178,-0.83766556,-0.5859599,0.48703027,-0.67141473,-0.26244965,-0.58245623,-0.2523796,-0.50698465,-200.0,12.40069176414491,-200.0,-200.0,-60.58317977224283,-200.0,-200.0,200.0,-200.0,-30.11649059796585,-30.113932409964377,-30.931579148587645,0.087138005,-0.1643139,-0.72203827,1.4203727,-1.0482267,0.12470144,-0.022397099,0.10642208,-0.6349215,1.5363154,-0.80449826,0.11899785,-1.5694195,2.6803596,1.6344842,-4.2643027,5.9405947,-2.9660766,-10.984283,3.2109878,-0.28190637,0.5576677,-14.732449,-5.3615246
398,0.18394543,0.57558006,0.6218304,-0.034847006,-0.018473463,-0.9992219,1.0,0.0,0.0,0.0068178163,-0.159671,0.04578644,-0.18338883,-0.29408425,-0.012092174,-0.07665777,0.11424609,0.13795704,-0.07517803,-0.093937635,-0.030779112,-0.66383654,-0.05818639,-0.36039415,0.13890561,-0.6600293,-1.1070079,-0.038565323,-0.06604048,-0.23607485,-0.13019294,-0.3427305,-0.9965009,0.5779297,-0.02598697,0.583055,0.53163904,-0.45763835,0.099530466,0.8545761,0.11038926,1.0533892,0.12343985,-0.23256001,0.33279714,200.0,-200.0,-200.0,-200.0,27.628590499524364,15.571426402609859,-200.0,-200.0,-200.0,200.0,-200.0,-165.0395132487031,0.0068178163,-0.159671,-0.7542136,1.4166112,-1.0940843,-0.012092174,-0.07665777,0.11424609,-0.662043,1.524822,-0.89393765,-0.030779112,-13.276731,-1.1637278,-7.207883,2.7781122,-13.200585,-22.140158,-0.77130646,-1.3208096,-4.721497,-2.6038587,-6.85461,-19.930017
399,-0.25535282,-0.12119898,-0.0027880203,-0.027419593,-0.0155202225,-0.9995035,1.0,0.0,0.0,-0.055683184,-0.15655671,-0.0026358366,-0.13773215,-0.35925418,-0.1264934,-0.023732284,0.11223934,0.109488845,-0.083719134,-0.14350575,-0.12115256,-0.030305842,0.06044496,-0.13949645,0.30344042,-0.21909343,-0.13452171,0.5139906,0.026288642,-0.069669224,0.03340584,-0.19928478,-0.0050748945,0.68314606,-0.1741913,0.27577487,0.09038376,0.50451064,0.8372417,0.044550076,-0.13968647,1.0869774,-0.30146646,-0.42602348,0.8327405,200.0,-21.875787524195168,200.0,200.0,22.014306492520888,200.0,200.0,200.0,200.0,200.0,24.13670683960899,200.0,-0.055683184,-0.15655671,-0.80263585,1.4622679,-1.1592542,-0.1264934,-0.023732284,0.11223934,-0.69051117,1.5162809,-0.94350576,-0.12115256,-0.60611683,1.2088991,-2.789929,6.068808,-4.3818684,-2.6904342,10.279812,0.5257728,-1.3933845,0.6681168,-3.9856956,-0.10149789
400,0.057998855,-0.7346819,-0.055273715,-0.045907874,-0.013237647,-0.998858,1.0,0.0,0.0,0.0018951237,-0.16723526,0.0010377765,-0.073803544,-0.29779845,-0.044102274,0.02545689,0.099070035,0.14374942,-0.114025,-0.23223478,-0.0152783245,0.54394424,-0.11160197,0.1585887,0.30458447,0.73768365,0.8565866,0.0933442,-0.124733545,0.3572017,-0.29827568,-0.4254515,0.969277,-0.4959265,0.38327822,-0.90999144,-0.6272658,-0.19711067,-0.1717292,-0.91642547,0.1276176,-1.0143365,-1.2591822,-0.30202162,-0.6740854,-68.89968865494717,-200.0,200.0,-115.2073912545739,38.153541493880766,200.0,200.0,86.84004386968574,200.0,29.405884048904454,200.0,200.0,0.0018951237,-0.16723526,-0.79896224,1.5261965,-1.0977985,-0.044102274,0.02545689,0.099070035,-0.6562506,1.485975,-1.0322348,-0.0152783245,10.878884,-2.2320395,3.1717741,6.091689,14.753673,17.131731,1.8668839,-2.4946709,7.144034,-5.965513,-8.509029,19.38554
401,-0.2716151,-0.1514091,0.3903417,-0.06064018,-0.006286945,-0.9981399,1.0,0.0,0.0,0.034821533,-0.15910912,0.009296775,-0.03453684,-0.23904651,0.016341,-0.016606756,0.09306821,0.1935401,-0.1811676,-0.25849468,0.06500197,-0.13323613,0.13752872,-0.038482588,0.10791939,0.10206604,-0.15275821,-0.5385387,0.05813096,0.07081511,0.026968444,0.071322165,-0.2092259,-0.4260874,-0.32020333,-0.30506608,-0.29794404,-0.8255919,-0.14099175,0.57031643,-0.34387407,-0.49039078,-0.1834406,-0.1502914,-0.8956824,-200.0,53.23786593216326,-200.0,-200.0,5.237638823688329,-200.0,-200.0,200.0,-200.0,-200.0,-23.468020830375025,-200.0,0.034821533,-0.15910912,-0.79070324,1.5654632,-1.0390465,0.016341,-0.016606756,0.09306821,-0.6064599,1.4188324,-1.0584947,0.06500197,-2.6647224,2.7505744,-0.7696517,2.1583877,2.0413208,-3.055164,-10.770774,1.1626192,1.4163021,0.53936887,1.4264433,-4.184518
402,0.34346637,0.5126052,0.33637744,-0.052003022,-0.007869708,-0.9986159,1.0,0.0,0.0,-0.049932424,-0.15200074,-0.025833607,-0.02780366,-0.32346493,-0.03587823,-0.06598709,0.0822191,0.17444015,-0.17380929,-0.2196055,-0.080508836,-0.64977974,-0.042033877,-0.28832826,-0.02810595,-0.8510051,-0.2280381,-0.009023921,-0.14648223,-0.2231942,0.029479096,0.14844656,-1.151393,0.5669087,0.123701066,0.93440026,-0.086773105,-0.11995204,0.07707078,0.833851,0.30540898,0.2171321,-0.51365006,-0.75279504,0.42121133,200.0,-200.0,-200.0,-49.60588269417565,-4.296904756644807,-200.0,-176.60890106185434,-200.0,-200.0,-200.0,-200.0,18.36578501401553,-0.049932424,-0.15200074,-0.8258336,1.5721964,-1.123465,-0.03587823,-0.06598709,0.0822191,-0.62555987,1.4261907,-1.0196055,-0.080508836,-12.995594,-0.84067756,-5.766565,-0.562119,-17.020102,-4.560762,-0.18047841,-2.9296446,-4.463884,0.5895819,2.9689312,-23.02786
403,-0.31497815,-0.04741799,-0.40774068,-0.044293586,-0.0072479416,-0.99899226,1.0,0.0,0.0,-0.11138884,-0.13606209,-0.045814455,-0.05226338,-0.3882671,-0.0030481864,-0.012849207,0.08705638,0.16315144,-0.17009163,-0.27869266,-0.16788831,-0.033302706,0.17149816,0.039117794,-0.16742472,0.107070446,0.23285063,0.49811646,0.1646709,0.056270946,0.036230538,-0.6150983,0.14109893,0.5800334,-0.57681525,0.49826118,0.6431866,0.46584928,0.24763864,-0.1785468,-0.07109979,1.1571814,0.17448139,-0.49748534,0.9083664,200.0,200.0,75.16479956114219,-200.0,-200.0,200.0,200.0,200.0,200.0,89.3690104431264,200.0,-124.86188474817075,-0.11138884,-0.13606209,-0.84581447,1.5477366,-1.1882671,-0.0030481864,-0.012849207,0.08705638,-0.63684857,1.4299084,-1.0786927,-0.16788831,-0.66605407,3.4299634,0.7823559,-3.3484943,2.141409,4.6570125,9.962329,3.293418,1.1254189,0.72461075,-12.301966,2.8219786
404,0.21722093,-0.765405,-0.38176206,-0.062064137,-0.0070104306,-0.99804753,1.0,0.0,0.0,-0.05282483,-0.13780443,-0.014113963,-0.0643481,-0.2618814,0.079396054,0.023405546,0.09692971,0.19971615,-0.14740753,-0.37189573,-0.03200614,0.5572231,-0.14361829,0.25531632,0.026538564,1.0608774,0.37535298,-0.08041748,-0.05253879,0.29206452,0.17306672,-0.2894906,1.1194776,-0.59881186,0.1903654,-1.122997,-0.51659775,-0.93662024,-0.34374547,-0.9593152,0.39637786,-1.3429674,-0.5402167,0.100722075,-0.40648678,-200.0,-200.0,200.0,200.0,50.036668175757825,200.0,200.0,-200.0,200.0,200.0,200.0,-39.471346777587826,-0.05282483,-0.13780443,-0.814114,1.5356519,-1.0618814,0.079396054,0.023405546,0.09692971,-0.60028386,1.4525925,-1.1718957,-0.03200614,11.144462,-2.8723657,5.106326,0.53077126,21.217548,7.5070596,-1.6083494,-1.0507758,5.8412905,3.4613345,-5.789812,22.389553
405,-0.29495034,-0.062002208,0.24928825,-0.07715391,-0.0046355715,-0.99700844,1.0,0.0,0.0,-0.0149899535,-0.13130212,0.015929282,-0.07994747,-0.15425509,0.043806706,-0.049073584,0.10573789,0.23743707,-0.12827814,-0.32148856,0.08132841,-0.1122324,0.16620898,0.060908653,-0.16321245,0.110526204,-0.63162076,-0.5894646,0.123777844,0.10648701,0.03766766,0.6954452,0.114475965,-0.50426495,-0.43304217,-0.2828353,-0.54986423,-0.7245746,0.0072118416,0.54557693,-0.62259984,-0.31759158,-0.6546196,0.28143084,-0.75167435,-200.0,200.0,-200.0,-200.0,200.0,-200.0,-200.0,200.0,-200.0,-200.0,-200.0,-200.0,-0.0149899535,-0.13130212,-0.78407073,1.5200526,-0.9542551,0.043806706,-0.049073584,0.10573789,-0.56256294,1.4717219,-1.1214886,0.08132841,-2.244648,3.3241796,1.218173,-3.2642488,2.210524,-12.632415,-11.789291,2.4755569,2.1297402,0.7533532,13.908903,2.2895193
406,0.3436226,0.51589817,0.35357824,-0.06570886,-0.006744646,-0.997816,1.0,0.0,0.0,-0.09200941,-0.12203474,0.0015921593,-0.113984585,-0.2273317,0.013652025,-0.11184909,0.10901186,0.23535544,-0.14158952,-0.12893033,0.00064801495,-0.543325,-0.061997868,-0.21285203,0.08844041,-0.5939091,0.12201674,-0.09758469,-0.057292826,-0.09216705,-0.1557995,0.8999257,-0.82621175,0.28297997,0.13500574,0.7062556,1.0912397,-0.104528114,0.6930191,0.5994086,0.45696443,-0.024476023,0.647335,-1.2585719,0.0676473,200.0,-200.0,-200.0,-200.0,-80.14697619964272,-200.0,-200.0,-200.0,-200.0,-200.0,-200.0,-200.0,-0.09200941,-0.12203474,-0.79840785,1.4860154,-1.0273317,0.013652025,-0.11184909,0.10901186,-0.5646446,1.4584105,-0.92893034,0.00064801495,-10.8665,-1.2399573,-4.2570405,1.7688081,-11.878181,2.4403348,-1.9516938,-1.1458565,-1.843341,-3.1159897,17.998514,-16.524235
407,-0.39842916,0.5216989,0.038060483,-0.04472335,-0.003920209,-0.9989917,1.0,0.0,0.0,-0.1356766,-0.11222212,-0.03648609,-0.081557274,-0.24390382,0.14446679,-0.059161507,0.12908103,0.19007826,-0.13044214,-0.054852784,-0.062651314,0.04561984,0.13763134,-0.16240473,0.22009213,0.25723198,1.0656961,0.5577605,0.22190383,-0.33600545,0.22583024,-0.06378623,0.12046452,0.55766976,-0.5207085,1.0522262,-0.46902227,0.48331332,-0.6719986,0.17629474,-0.5744854,1.4747201,-0.5182788,-0.024734244,0.58767325,200.0,200.0,-127.61376367328438,200.0,-200.0,200.0,200.0,200.0,200.0,200.0,58.71949221930839,143.15008801357283,-0.1356766,-0.11222212,-0.8364861,1.5184427,-1.0439038,0.14446679,-0.059161507,0.12908103,-0.60992175,1.4695579,-0.8548528,-0.062651314,0.91239685,2.752627,-3.2480946,4.4018426,5.1446395,21.313921,11.15521,4.4380765,-6.720109,4.516605,-1.2757246,2.4092903
408,0.14206861,-0.15183249,-0.3065057,-0.037877332,0.0007120806,-0.9992821,1.0,0.0,0.0,-0.061940886,-0.11565129,-0.026114047,-0.0738281,-0.0883162,0.2547742,0.027426414,0.14395091,0.16501552,-0.11645508,-0.044864476,0.05972432,0.6342465,-0.14677414,0.24035273,-0.10903002,1.1531948,0.13195859,0.34512115,-0.056305636,-0.0030183315,0.15279159,0.07150828,0.8471295,-0.24760137,0.39749953,-0.14040089,-0.51967806,-0.53466386,-0.6824013,-0.9949933,-0.02891457,0.4368658,-0.13620165,-0.29554617,-0.43235472,-44.96557529655041,-200.0,200.0,-200.0,-65.14645689645614,200.0,200.0,-200.0,200.0,-200.0,69.09848088986064,-200.0,-0.061940886,-0.11565129,-0.82611406,1.5261719,-0.8883162,0.2547742,0.027426414,0.14395091,-0.6349845,1.483545,-0.8448645,0.05972432,12.684931,-2.9354827,4.8070545,-2.1806004,23.063894,2.6391718,6.902423,-1.1261127,-0.060366627,3.0558317,1.4301656,16.94259
409,0.29510644,-0.1507982,-0.070861936,-0.043544408,-0.008854135,-0.99901223,1.0,0.0,0.0,-0.0098363245,-0.12828083,0.010402501,-0.097868085,0.03995335,0.16736314,0.021242166,0.12450212,0.18853468,-0.103205085,-0.10768008,0.12145525,-0.0541883,0.0062125684,0.114453636,-0.09198779,0.23201557,-0.91121095,-0.33198267,-0.13734727,0.21232162,-0.014383689,-0.4064706,-0.13239038,-0.68411607,0.051355824,-0.6265182,0.31659576,-0.77345973,0.00048167259,-0.0025920793,0.3391412,-0.051186368,-0.21471944,-0.36649823,-0.66746294,-200.0,-185.57909597547365,200.0,-70.95831278666421,26.51497114075397,-200.0,-200.0,200.0,-200.0,-200.0,-200.0,-200.0,-0.0098363245,-0.12828083,-0.7895975,1.5021319,-0.76004666,0.16736314,0.021242166,0.12450212,-0.61146533,1.4967949,-0.9076801,0.12145525,-1.083766,0.124251366,2.2890728,-1.8397558,4.6403112,-18.224218,-6.639653,-2.7469454,4.2464323,-0.28767377,-8.129412,-2.6478076
410,-0.12410368,0.4234235,0.103962265,-0.03721775,-0.010960304,-0.9992471,1.0,0.0,0.0,-0.07876802,-0.10346685,-0.009582758,-0.075579524,-0.014226735,0.078357875,-0.0063776677,0.124721035,0.20278865,-0.105684996,-0.20649356,-0.009519118,-0.58437294,0.21965392,-0.26875004,0.27825695,-0.6823944,-0.18851478,-0.025127763,0.10270915,-0.033615705,-0.034497485,-0.42557588,-1.0766486,0.5857703,-0.39227074,0.84897596,-0.049969777,-0.0435006,0.5506253,0.32813045,-0.08130926,-0.08592235,0.061936915,0.37833166,0.52881837,48.47919793540274,200.0,-200.0,-195.90518140967373,174.84367593482398,-200.0,-200.0,120.80336956874277,-200.0,200.0,-200.0,43.20101895490777,-0.07876802,-0.10346685,-0.80958277,1.5244205,-0.81422675,0.078357875,-0.0063776677,0.124721035,-0.59721136,1.494315,-1.0064936,-0.009519118,-11.687458,4.3930783,-5.3750005,5.565139,-13.647887,-3.7702956,-0.50255525,2.054183,-0.6723141,-0.6899497,-8.511518,-21.532972
411,0.22638604,0.40174532,-0.14693272,-0.020038445,-0.014054377,-0.9997004,1.0,0.0,0.0,-0.12445905,-0.08721579,-0.043408453,-0.046208978,-0.055870593,0.14816226,0.051485922,0.12671931,0.16895789,-0.08161259,-0.18352395,-0.11343315,0.123914175,-0.08997349,-0.15261212,0.1777703,0.029737527,0.6093554,0.5066906,-0.0686668,-0.25966412,0.22725172,0.55779725,-0.063834354,0.8842204,-0.3983447,1.2773339,-0.69939524,0.163814,-0.644435,-0.3042697,0.39672014,0.5459647,-0.11755954,0.2656653,0.8574988,86.55873268184132,-200.0,-200.0,83.7773241015629,200.0,200.0,200.0,-200.0,200.0,-60.499449530997396,19.59762116098962,102.76494023103362,-0.12445905,-0.08721579,-0.84340847,1.553791,-0.8558706,0.14816226,0.051485922,0.12671931,-0.6310421,1.5183874,-0.98352396,-0.11343315,2.4782834,-1.7994697,-3.0522423,3.5554059,0.5947505,12.187108,10.133812,-1.373336,-5.193282,4.5450344,11.155945,-1.276687
412,0.15716246,-0.22471698,-0.15749744,-0.01756704,-0.021511493,-0.99961424,1.0,0.0,0.0,-0.03730308,-0.11654522,-0.028060675,-0.04295671,0.009919167,0.16690372,0.095610194,0.118500285,0.16307175,-0.068555355,-0.016031861,-0.023038577,0.68926716,-0.1822307,0.26785198,-0.09823272,0.34711123,-0.32965463,-0.010815095,-0.015538967,0.15362039,-0.049256653,0.7882437,0.87375546,-0.4415331,0.82040036,0.24728239,-0.5973036,0.123307005,-0.20485002,-0.5965364,0.08446586,0.43392414,-0.17654598,-0.89930916,-0.26684695,-200.0,200.0,200.0,-70.55888602230497,-200.0,200.0,200.0,-200.0,200.0,-200.0,-43.0116235003548,-200.0,-0.03730308,-0.11654522,-0.8280607,1.5570433,-0.79008085,0.16690372,0.095610194,0.118500285,-0.63692826,1.5314447,-0.8160319,-0.023038577,13.785343,-3.644614,5.3570395,-1.9646543,6.9422245,-6.5930924,-0.2163019,-0.31077933,3.0724077,-0.98513305,15.764874,17.47511
413,-0.018981872,-0.78586996,0.33803034,-0.039184507,-0.025560647,-0.998905,1.0,0.0,0.0,0.027627125,-0.12521182,0.03854972,-0.06212282,0.062343,0.048518073,0.027478775,0.11041533,0.21654439,-0.07948995,-0.07265729,-0.0069594695,0.022944765,0.09522063,0.29221138,0.043812614,-0.17501314,-0.57155126,-0.61253196,-0.032062378,0.43992382,-0.19808467,-0.7791927,-0.3931412,-0.8021141,-0.0154490955,-0.80926293,0.5495034,-0.62712383,0.28894368,0.21761279,-0.16605493,-0.37191302,0.43693566,-0.3266846,-0.59437746,-200.0,-54.43570312653506,200.0,-200.0,-200.0,-200.0,-200.0,200.0,200.0,-200.0,109.6894412369207,-200.0,0.027627125,-0.12521182,-0.7614503,1.5378772,-0.737657,0.048518073,0.027478775,0.11041533,-0.5834556,1.5205101,-0.8726573,-0.0069594695,0.4588953,1.9044126,5.8442273,0.87625223,-3.5002627,-11.431025,-12.250639,-0.6412476,8.798476,-3.9616933,-15.583854,-7.862824
414,0.13922341,-0.18987331,0.33886558,-0.057867486,-0.027090224,-0.99795663,1.0,0.0,0.0,-0.028707094,-0.106449045,0.051194966,-0.016276836,-0.078070104,0.037886936,-0.04228693,0.09523713,0.25655818,-0.081192255,-0.19823909,-0.16335498,-0.5263144,0.07963356,-0.12100252,0.3804239,-1.0911926,0.37239796,-0.13171437,-0.10761025,0.0007462476,0.14606957,-0.3040613,-0.91689694,0.6200981,-0.08204439,-0.5326632,-0.72072464,-0.1697546,0.24577731,0.56798494,0.5192869,-0.4741121,-0.6391633,0.50286645,0.5090442,200.0,-200.0,-200.0,200.0,69.68731033738408,43.43534414417309,-200.0,102.44126896286856,-200.0,200.0,-96.62150634396676,200.0,-0.028707094,-0.106449045,-0.74880505,1.5837232,-0.8780701,0.037886936,-0.04228693,0.09523713,-0.54344183,1.5188078,-0.9982391,-0.16335498,-10.526287,1.5926712,-2.4200504,7.608478,-21.823853,7.447959,-2.6342874,-2.152205,0.014924952,2.9213915,-6.081226,-18.337938
415,-0.0592209,0.49391916,-0.29317403,-0.050305005,-0.027878674,-0.9983447,1.0,0.0,0.0,-0.07523143,-0.08501624,0.008883297,0.04016733,-0.18696141,0.109815456,0.0066004037,0.09224696,0.23172635,-0.06790507,-0.15044856,-0.23954593,0.009140407,0.12331798,-0.28934208,0.2042235,-0.09819423,0.30348343,0.5499661,0.048769243,-0.22516835,0.002261726,0.683809,0.057435956,0.6673042,-0.8900411,0.94919974,-0.8838686,0.37520412,-1.316753,0.056696877,0.01262784,0.57541084,-0.7896943,-0.0872765,0.79943174,200.0,200.0,-200.0,-200.0,200.0,200.0,200.0,-110.50116937564809,-200.0,-200.0,200.0,-32.380612483268635,-0.07523143,-0.08501624,-0.7911167,1.6401674,-0.9869614,0.109815456,0.0066004037,0.09224696,-0.56827366,1.532095,-0.9504486,-0.23954593,0.18280813,2.4663596,-5.7868414,4.08447,-1.9638845,6.0696683,10.999322,0.97538483,-4.503367,0.045234516,13.676179,1.1487191
416,0.32034126,-0.11822397,-0.38751885,-0.043690607,-0.035498306,-0.9984142,1.0,0.0,0.0,-0.016594674,-0.08460974,-0.006985128,0.047325015,-0.100939274,0.06771901,0.059041977,0.07546144,0.23740292,-0.10855305,-0.10415083,-0.122633785,0.5291414,-0.08262431,0.09471963,-0.10238544,0.86328167,-0.6306328,0.07367006,-0.15433875,0.23053129,-0.3744727,0.04205801,1.0146059,-0.19700295,-0.0588201,0.55380136,-0.22964051,-0.5648613,-0.0610006,-1.0494848,0.5058461,0.54149675,1.270675,-0.77235717,0.11217755,-99.43310991243185,12.763488474016128,200.0,-200.0,-13.976048760633297,200.0,200.0,-200.0,200.0,-200.0,200.0,-200.0,-0.016594674,-0.08460974,-0.80698514,1.647325,-0.9009393,0.06771901,0.059041977,0.07546144,-0.5625971,1.491447,-0.90415084,-0.122633785,10.5828285,-1.6524861,1.8943926,-2.0477087,17.265633,-12.612656,1.4734012,-3.0867748,4.6106257,-7.4894543,0.8411602,20.292118
417,-0.079951115,-0.8313916,0.26709667,-0.064830296,-0.03939945,-0.99711823,1.0,0.0,0.0,0.034261785,-0.08236421,0.058000505,-0.00458169,-0.035405755,0.0073700957,0.011441609,0.05863326,0.2879913,-0.114075065,-0.18046492,-0.01321633,0.025300035,0.08107626,0.49649104,-0.38557038,-0.111127935,-0.16090177,-0.4864032,-0.038266663,0.31177598,0.10831155,-0.79290813,0.30678818,-0.4606583,0.11652362,-1.161751,-0.2702212,-0.9650831,0.54584557,0.15592472,0.20520937,-0.48878133,0.11850101,0.17836393,-0.75929457,-200.0,200.0,200.0,200.0,-200.0,-200.0,-200.0,-1.5750041407528386,200.0,-200.0,-200.0,31.73985037755952,0.034261785,-0.08236421,-0.7419995,1.5954183,-0.83540577,0.0073700957,0.011441609,0.05863326,-0.5120087,1.485925,-0.98046494,-0.01321633,0.5060007,1.621525,9.929821,-7.7114077,-2.2225587,-3.2180355,-9.728064,-0.76533324,6.2355194,2.166231,-15.858163,6.135763
418,-0.6420839,-0.28992233,0.6220769,-0.08619196,-0.021032242,-0.9960565,1.0,0.0,0.0,0.0006351927,-0.053697977,0.12296659,-0.04002571,-0.13195485,0.061191544,-0.026652975,0.08501003,0.3060902,-0.05704856,-0.23117012,-0.058024943,-0.2742677,0.12989657,0.18336216,0.083031215,-0.70353746,0.5114354,0.030502697,0.25291112,-0.059192043,0.3659923,0.18873222,-0.65536255,0.2742203,-1.0120903,-0.51527226,0.45036355,0.41896296,0.13472092,0.4500891,-0.33369184,-0.838224,-0.81019765,0.0735196,-0.09398157,200.0,19.448769214946225,-200.0,9.598527729032014,200.0,-200.0,-200.0,200.0,-200.0,-200.0,-200.0,200.0,0.0006351927,-0.053697977,-0.6770334,1.5599743,-0.93195486,0.061191544,-0.026652975,0.08501003,-0.4939098,1.5429515,-1.0311701,-0.058024943,-5.485354,2.5979311,3.667243,1.6606243,-14.070749,10.228707,0.61005396,5.0582223,-1.1838409,7.319846,3.7746444,-13.10725
419,0.06070753,0.33967575,-0.15423506,-0.08412862,-0.010248227,-0.9964022,1.0,0.0,0.0,0.002785845,-0.055822257,0.11530757,0.013177514,-0.16501355,0.097167656,0.039125208,0.11191424,0.2722156,-0.00075376034,-0.13698262,-0.095681995,0.2459418,-0.12630081,-0.22074533,0.41391164,0.2751707,0.090168856,0.5713369,0.033807743,-0.25763708,0.216523,0.46380004,0.004493331,0.3363809,0.025147349,0.0688542,-0.8917903,0.69933695,-0.73162925,-0.008120328,-0.09986967,1.0184252,-0.8459026,-0.24163707,0.47353527,200.0,-200.0,-200.0,-200.0,-42.91520232792732,4.901656759156909,200.0,-200.0,-200.0,200.0,200.0,-16.473136216462933,0.002785845,-0.055822257,-0.68469244,1.6131775,-0.96501356,0.097167656,0.039125208,0.11191424,-0.5277844,1.5992463,-0.93698263,-0.095681995,4.918836,-2.5260162,-4.4149065,8.278233,5.503414,1.803377,11.426738,0.67615485,-5.1527414,4.33046,9.276001,0.089866616
420,0.06536866,0.0038875053,-0.20513181,-0.078927875,-0.013138882,-0.99679375,1.0,0.0,0.0,0.09378677,-0.070882715,0.10052711,0.06482148,-0.0026811361,0.008020672,0.09167864,0.09988376,0.26427823,0.005621791,-0.1385442,0.010272593,0.51181227,-0.034245398,0.012198267,0.14591071,1.2542735,-0.88823175,0.00539743,-0.13494645,0.11828879,-0.11963271,-0.21536222,0.9160344,-0.39013028,0.64854085,0.13750306,-1.0985266,-0.27752778,-0.059057295,-0.8522291,0.06378615,0.848731,-0.6315504,0.20564409,-0.10978349,-200.0,-200.0,200.0,-200.0,-0.1649953770852619,90.29604183610911,-13.95172840688764,200.0,-61.175683748839745,-200.0,200.0,-200.0,0.09378677,-0.070882715,-0.6994729,1.6648215,-0.80268115,0.008020672,0.09167864,0.09988376,-0.5357218,1.6056218,-0.9385442,0.010272593,10.236245,-0.6849079,0.24396533,2.918214,25.08547,-17.764635,0.1079486,-2.698929,2.3657758,-2.3926542,-4.3072443,18.320688
421,-0.27482003,-0.2864708,0.30506542,-0.08626133,-0.008094912,-0.99623966,1.0,0.0,0.0,0.14125095,-0.059644725,0.12542951,0.06724191,0.14327139,-0.06828438,0.02925756,0.07983734,0.3200375,-0.054896116,-0.08043212,0.08355064,0.012794516,0.12864938,0.17994249,-0.08039084,0.30218327,-0.029758653,-0.57032275,-0.080493495,0.39716095,-0.4519031,0.587887,-0.08301117,-0.64819825,-0.41013363,-0.97559136,0.7939239,-1.2153745,0.7391478,0.2462242,0.16426201,-0.061459735,0.1560244,0.7856127,-0.689155,-200.0,48.05527359799291,200.0,-200.0,14.377929050082798,-200.0,-200.0,200.0,-141.34105099873273,-200.0,-200.0,83.99056942056333,0.14125095,-0.059644725,-0.6745705,1.6672419,-0.6567286,-0.06828438,0.02925756,0.07983734,-0.4799625,1.5451039,-0.8804321,0.08355064,0.2558903,2.5729876,3.5988498,-1.6078168,6.0436654,-0.59517306,-11.406455,-1.6098698,7.9432187,-9.038062,11.75774,-1.6602234
422,-0.01569989,0.367275,0.3703185,-0.083972625,-0.0013187211,-0.9964672,1.0,0.0,0.0,0.08714657,-0.056710187,0.11958593,0.08627927,0.096750736,0.0324801,-0.016782928,0.09689433,0.3220028,-0.05234039,-0.009391487,-0.0468774,-0.49923474,-0.08378299,-0.21214871,0.24872907,-0.6694501,0.93999493,0.0054831994,0.12421377,-0.21800017,0.20616968,0.6792074,-1.0878735,0.17338318,0.16936421,-0.14350495,-0.021062024,-0.6204046,0.3044323,0.70554113,-0.27684397,0.20242897,0.9678046,1.473883,-0.0847102,200.0,18.683141294158744,-200.0,200.0,200.0,-200.0,-200.0,-200.0,-200.0,200.0,-200.0,200.0,0.08714657,-0.056710187,-0.6804141,1.6862793,-0.7032493,0.0324801,-0.016782928,0.09689433,-0.4779972,1.5476596,-0.8093915,-0.0468774,-9.9846945,-1.6756599,-4.2429743,4.9745812,-13.389002,18.799898,0.109663986,2.4842753,-4.3600035,4.1233935,13.584147,-21.75747
423,-0.09408495,0.5598709,-0.49461266,-0.0655409,0.00046863488,-0.99784976,1.0,0.0,0.0,0.047110647,-0.059209097,0.06954092,0.12307024,-0.11383766,0.13878635,0.0385619,0.12486071,0.25081134,0.024737358,0.1636585,-0.14842243,0.046545755,0.04330216,-0.2888039,0.1265286,-1.0942811,0.36491093,0.494373,0.13859995,-0.45435,0.4953704,1.146483,-0.019220682,0.36506766,-0.29127923,0.9518465,-1.0271229,0.018275652,-1.2198421,-0.09113106,-0.27272102,1.7476047,-0.88279593,0.30293548,0.5528356,200.0,-200.0,-131.7629256892925,200.0,200.0,200.0,200.0,200.0,-164.51209192730062,-200.0,76.50044572527486,-36.564380598447144,0.047110647,-0.059209097,-0.7304591,1.7230703,-0.9138377,0.13878635,0.0385619,0.12486071,-0.5491887,1.6247374,-0.6363415,-0.14842243,0.93091506,0.8660432,-5.7760777,2.530572,-21.885622,7.2982187,9.88746,2.771999,-9.087,9.907408,22.929659,-0.38441363
424,0.5088839,-0.04059604,-0.5602151,-0.05661115,-0.0102299545,-0.9983439,1.0,0.0,0.0,0.10629888,-0.07490649,0.054467797,0.115790606,-0.22690815,0.10903388,0.0773397,0.114131995,0.2053079,0.09207928,0.332112,-0.05068401,0.4679943,-0.17984742,0.09994107,-0.16582686,-0.13286881,-0.5706337,-0.048249874,-0.20669082,-0.023814103,0.191711,0.3941345,0.90759534,-0.49192,0.7577337,0.42589107,-1.1698828,0.54319334,0.07730014,-0.562953,0.37144226,-0.06980401,-0.40510517,-1.0252451,-0.3441672,-200.0,-200.0,200.0,-200.0,-200.0,200.0,86.75682876299373,-200.0,200.0,-200.0,200.0,-200.0,0.10629888,-0.07490649,-0.7455322,1.7157906,-1.0269082,0.10903388,0.0773397,0.114131995,-0.5946921,1.6920793,-0.467888,-0.05068401,9.359886,-3.5969484,1.9988213,-3.3165371,-2.6573763,-11.412674,-0.9649975,-4.1338162,-0.47628203,3.83422,7.88269,18.151907
425,-0.10474592,-0.07647519,0.47462726,-0.059018996,-0.016924517,-0.9981134,1.0,0.0,0.0,0.14311974,-0.083362825,0.09822655,0.04344535,-0.14781743,0.07734659,0.014183248,0.09814532,0.1980735,0.12001562,0.30764124,0.019759212,-0.051729877,0.07016337,0.3106142,-0.52589554,0.8275504,-0.010653598,-0.53622925,0.024386099,-0.04443354,0.098979376,-0.5449649,-0.10190698,-0.5621345,-0.07265811,-0.21284543,0.12263637,0.53186345,0.5043644,0.10277421,-0.07792878,-0.7037997,-0.1848829,-0.7992241,-0.8405622,-200.0,200.0,-200.0,-200.0,-200.0,-200.0,-200.0,200.0,200.0,-200.0,200.0,14.137777655421568,0.14311974,-0.083362825,-0.70177346,1.6434454,-0.94781744,0.07734659,0.014183248,0.09814532,-0.6019265,1.7200156,-0.49235877,0.019759212,-1.0345975,1.4032674,6.212284,-10.517911,16.551008,-0.21307196,-10.724585,0.48772195,-0.8886708,1.9795874,-10.899298,-2.0381396
426,0.24526626,0.52707785,0.36134145,-0.04865573,-0.020542352,-0.99860436,1.0,0.0,0.0,0.07815574,-0.0884629,0.10884333,-0.014073253,0.03588164,0.15868133,-0.046414208,0.09121793,0.16530669,0.12818325,0.095044196,-0.10313659,-0.53323096,-0.088031545,-0.27526784,0.1716702,0.2004379,0.42751512,-0.10978662,-0.07111596,-0.25287217,-0.022704376,-1.4871191,-1.0340558,0.39849895,-0.13331482,0.15810613,1.2135513,-0.24477433,0.280553,0.9269421,0.2644648,0.47232443,0.07347858,-0.59472406,0.40948972,200.0,-200.0,-200.0,-200.0,-200.0,-200.0,-200.0,109.02408076969336,-200.0,151.4253596087949,200.0,200.0,0.07815574,-0.0884629,-0.6911567,1.5859268,-0.7641184,0.15868133,-0.046414208,0.09121793,-0.6346933,1.7281833,-0.7049558,-0.10313659,-10.664619,-1.7606308,-5.505357,3.433404,4.008758,8.5503025,-2.1957324,-1.4223192,-5.057443,-0.45408753,-29.74238,-20.681116
427,0.018875053,-0.13756526,-0.2763342,-0.04217039,-0.025314964,-0.99878967,1.0,0.0,0.0,0.037962727,-0.09542231,0.07729399,0.034806848,-0.017277896,0.2074678,-0.0048869792,0.09445388,0.14723474,0.109252214,-0.14369017,-0.20230485,0.07137893,-0.003035268,-0.05961382,0.30304098,-0.48065433,0.16805425,0.46735707,0.083554596,0.029206498,-0.12255531,-0.98653525,-0.056365337,0.5974306,0.11505222,1.0172522,-1.1855364,0.13048153,-0.9011021,0.20721969,0.114007026,1.2192696,-0.9442437,0.7510653,0.9410143,200.0,200.0,200.0,42.54199052377628,84.62009307411233,200.0,200.0,-67.93263909900668,200.0,200.0,8.185420767699213,-25.377587620970814,0.037962727,-0.09542231,-0.722706,1.6348069,-0.8172779,0.2074678,-0.0048869792,0.09445388,-0.6527653,1.7092522,-0.9436902,-0.20230485,1.4275786,-0.06070536,-1.1922764,6.0608196,-9.613087,3.361085,9.347141,1.6710919,0.5841299,-2.451106,-19.730705,-1.1273067
428,-0.16596305,-0.7972619,-0.57486045,-0.061622597,-0.022350552,-0.9978492,1.0,0.0,0.0,0.110707045,-0.07675274,0.11043841,0.05785489,-0.013791442,0.13482077,0.07561119,0.113345005,0.19614685,0.048362136,-0.2351852,-0.10737394,0.60475045,0.17821588,0.34628397,-0.036522668,0.2915813,-0.7978489,0.3934768,0.10410972,0.42098933,-0.45954475,-0.025467623,0.912389,-0.4714675,-0.4209002,-1.230773,-0.60227007,-0.14982538,0.28296137,-1.0261282,-0.41560954,-0.7700933,0.28880915,0.34573764,-0.18045965,200.0,-92.41141446795248,200.0,-200.0,200.0,200.0,200.0,200.0,200.0,-200.0,16.868651615652425,-200.0,0.110707045,-0.07675274,-0.6895616,1.6578549,-0.81379145,0.13482077,0.07561119,0.113345005,-0.60385317,1.6483622,-1.0351852,-0.10737394,12.095009,3.5643175,6.925679,-0.7304533,5.831626,-15.956977,7.869536,2.0821943,8.419786,-9.190895,-0.50935245,18.24778
429,0.30637756,-0.044989746,0.101973474,-0.076891474,-0.026906949,-0.9966763,1.0,0.0,0.0,0.16531703,-0.06874789,0.15492791,0.040629387,-0.0366987,0.08252841,0.089077234,0.10558554,0.23811716,-0.01276052,-0.13300472,-0.03220049,0.0027516172,-0.08320414,0.12244507,-0.12752542,-0.23752402,0.17668985,-0.20262328,-0.158412,0.03643723,-0.1736823,0.924714,-0.06374489,-0.4011277,-0.033456415,-0.7680208,-0.19615322,-0.8052481,0.72768664,-0.54754615,1.0055059,-0.53524697,0.961224,-0.061982676,-0.40752795,-200.0,-200.0,-200.0,200.0,137.34305267796333,-200.0,-200.0,-200.0,-200.0,-200.0,7.6063175422968925,200.0,0.16531703,-0.06874789,-0.6450721,1.6406294,-0.8366987,0.08252841,0.089077234,0.10558554,-0.56188285,1.5872395,-0.93300474,-0.03220049,0.055032343,-1.6640828,2.4489014,-2.5505083,-4.75048,3.533797,-4.0524654,-3.1682398,0.72874457,-3.473646,18.49428,-1.2748977
430,-0.26174334,0.58465433,0.89189893,-0.065725155,-0.024160832,-0.99754524,1.0,0.0,0.0,0.10502124,-0.06908693,0.15882301,2.336502e-05,-0.18832058,0.22011684,-0.0058537177,0.097786516,0.20301288,-0.008670449,-0.052299142,-0.13136174,-0.5583927,0.051628865,-0.06628677,-0.2602933,-1.1805562,1.0332278,-0.6927028,0.05421374,-0.34796754,0.17670336,0.029148811,-0.6029634,0.050567713,-0.12936449,0.40605047,-0.015411429,0.10295783,-0.2625623,0.52347845,0.08014715,1.3546267,-0.06867176,-0.000807561,0.15081657,-200.0,200.0,-200.0,200.0,-90.86361286998202,46.14236295610806,-200.0,32.4145621597814,-200.0,-151.7216523115268,-190.977139989335,42.49195024349467,0.10502124,-0.06908693,-0.641177,1.6000234,-0.9883206,0.22011684,-0.0058537177,0.097786516,-0.5969871,1.5913296,-0.85229915,-0.13136174,-11.167854,1.0325773,-1.3257354,-5.205866,-23.611122,20.664557,-13.854055,1.0842748,-6.9593506,3.5340672,0.5829762,-12.059267
431,0.026843946,-0.120944254,0.29399642,-0.058621164,-0.020561207,-0.9980685,1.0,0.0,0.0,0.05459656,-0.07441949,0.16958553,-0.01029706,-0.28699,0.2926144,-0.08688817,0.0991397,0.17652106,-0.0080007315,-0.035882294,-0.1425452,-0.058697384,-0.055659484,0.17469935,-0.011985025,0.006176127,-0.13113688,-0.17095901,-0.0183557,0.021843236,-0.10158678,0.074464135,0.39147705,0.53557837,-0.48118353,-0.042401385,0.5864784,0.8730472,-0.8423661,1.1572208,-0.21166134,0.49722344,-0.2515909,-0.7927074,0.47566602,200.0,-24.57332144096624,200.0,-39.228858309082966,-4.693194484515885,200.0,71.06640533810564,-57.82310347716374,200.0,-9.264205759330402,200.0,-200.0,0.05459656,-0.07441949,-0.6304145,1.589703,-1.08699,0.2926144,-0.08688817,0.0991397,-0.62347895,1.5919993,-0.8358823,-0.1425452,-1.1739477,-1.1131897,3.493987,-0.23970051,0.12352254,-2.6227376,-3.4191802,-0.36711398,0.4368647,-2.0317357,1.4892827,7.8295407
432,0.70428526,-0.1178562,-0.799463,-0.06318939,-0.03742532,-0.99729955,1.0,0.0,0.0,0.09915655,-0.110267766,0.18104118,0.024110436,-0.17764473,0.16126125,-0.06170713,0.06757628,0.20367807,-0.062616944,-0.12834746,0.027169898,0.448484,-0.27804813,-0.033586934,0.319556,0.98906964,-1.0859193,0.36639586,-0.2625543,0.21903077,-0.38564554,-0.90297765,0.97387314,-0.08372985,1.3254201,-0.6690726,-0.64283043,-0.32174382,0.21710286,-0.30328885,1.2644871,-0.17644142,0.48489708,0.13205655,-0.5378235,200.0,-200.0,200.0,-23.721319739886667,-200.0,-68.4113079370187,200.0,-200.0,-200.0,200.0,200.0,-200.0,0.09915655,-0.110267766,-0.61895883,1.6241105,-0.97764474,0.16126125,-0.06170713,0.06757628,-0.59632194,1.5373831,-0.92834747,0.027169898,8.96968,-5.560962,-0.6717387,6.39112,19.781393,-21.718384,7.327917,-5.2510858,4.380615,-7.7129107,-18.059553,19.477463
433,0.021483043,0.44938707,-0.169186,-0.05544423,-0.052285254,-0.9970919,1.0,0.0,0.0,0.1306524,-0.14542192,0.15743637,0.07064259,-0.083973646,0.047719963,-0.062147044,0.04350622,0.20002139,-0.033639908,-0.14688784,0.070199646,-0.09102331,-0.08584014,-0.21051489,0.16816118,0.041743085,-0.1441798,-0.24835975,-0.0012041077,-0.20357196,0.3415241,0.37802213,-0.26217455,-0.5761913,0.6258786,0.21877132,-0.5073462,-0.5696816,0.8081395,-0.81549895,0.19268712,0.5801495,0.090709895,1.0565314,-0.423319,-200.0,200.0,-200.0,200.0,200.0,-200.0,-200.0,200.0,-200.0,-200.0,-200.0,200.0,0.1306524,-0.14542192,-0.64256364,1.6706426,-0.88397366,0.047719963,-0.062147044,0.04350622,-0.5999786,1.5663601,-0.94688785,0.070199646,-1.8204662,-1.7168028,-4.2102976,3.3632236,0.8348617,-2.883596,-4.967195,-0.024082152,-4.0714393,6.830482,7.5604424,-5.2434907
434,-0.5444506,-0.09757456,0.6062402,-0.051276222,-0.03994004,-0.9978855,1.0,0.0,0.0,0.06274308,-0.13741691,0.15497518,0.06796861,-0.17918223,0.12282017,-0.17308274,0.06453363,0.19385886,0.01462245,0.03425038,-0.0676481,-0.5515615,0.13298552,0.12058717,-0.14943732,-0.7994025,0.8008892,-0.7994502,0.17151614,0.1002331,0.17055432,1.337465,-0.77754205,-0.014732887,-0.35330984,0.72994334,-0.9058328,0.33419666,0.2895365,0.9347,-1.1215161,0.86515176,-1.4476714,0.34195143,-0.017935779,-200.0,101.19542535736124,200.0,-25.428821392969866,200.0,61.72472455397417,-200.0,200.0,33.402729722185484,-200.0,-24.74644306068899,200.0,0.06274308,-0.13741691,-0.64502484,1.6679686,-0.97918224,0.12282017,-0.17308274,0.06453363,-0.60614115,1.6146225,-0.76574963,-0.0676481,-11.031229,2.6597102,2.4117434,-2.9887464,-15.9880495,16.017784,-15.989004,3.4303226,2.004662,3.4110863,26.7493,-15.550841
435,0.024222508,-0.8069061,-0.12660287,-0.07102637,-0.030315705,-0.9970136,1.0,0.0,0.0,0.009399981,-0.13283396,0.22588784,0.00137043,-0.2330603,0.20972094,-0.27988678,0.06651682,0.23615676,0.038616896,0.14671504,-0.10326109,-0.0571505,-0.072062165,0.5320689,-0.4829103,0.1642224,0.3663505,-0.30919206,-0.12322644,0.29606968,0.06432927,0.19389343,0.118715815,0.25670227,0.2269921,-0.6831814,0.046686165,0.42480958,-0.55458564,0.9550322,-0.061473534,-1.0280432,1.0231061,-0.47319472,-0.3946118,200.0,-200.0,200.0,-200.0,-200.0,-35.08351347548091,200.0,-200.0,60.696917714384654,-200.0,200.0,-200.0,0.009399981,-0.13283396,-0.5741122,1.6013705,-1.0330603,0.20972094,-0.27988678,0.06651682,-0.56384325,1.6386169,-0.65328497,-0.10326109,-1.14301,-1.4412433,10.641377,-9.658206,3.2844481,7.32701,-6.183841,-2.4645288,5.9213934,1.2865853,3.8778687,2.3743162
436,-0.02543503,-0.27806503,-0.77729857,-0.090443976,-0.0321393,-0.99538285,1.0,0.0,0.0,0.05581226,-0.12815689,0.28210598,-0.037210226,-0.12183076,0.17044283,-0.2864491,0.048143763,0.25899827,0.086989164,0.07857013,-0.16738816,0.41902122,0.1440073,-0.0033076794,0.21970442,0.40561658,-0.6891397,0.18498188,-0.062774375,-0.022873936,0.37534496,-0.77767503,-0.47752133,-0.22118516,-0.7188574,-0.16831845,0.6293523,0.38074517,-0.36733004,0.023242533,0.5707644,-0.8617346,-1.181483,-0.67927545,0.099288546,200.0,-151.56406250688843,-200.0,200.0,-200.0,15.862905005574362,6.1949971412370815,200.0,-200.0,-17.084723596247017,200.0,-200.0,0.05581226,-0.12815689,-0.517894,1.5627898,-0.9218308,0.17044283,-0.2864491,0.048143763,-0.54100174,1.6869892,-0.7214299,-0.16738816,8.3804245,2.8801458,-0.066153586,4.3940883,8.112331,-13.782794,3.6996377,-1.2554874,-0.45747873,7.506899,-15.5535,-9.5504265
437,0.103106335,0.4551635,-0.6472312,-0.08440388,-0.036915697,-0.99574757,1.0,0.0,0.0,0.0729745,-0.11486323,0.22069895,0.05309236,0.010611892,0.0013951415,-0.19914402,0.05247423,0.22794753,0.15119219,-0.15766627,-0.15536895,-0.18597887,0.012997726,-0.54845953,0.64084095,0.75168186,-0.78660446,0.5206398,0.07001492,-0.26684436,0.27741766,-1.4194747,0.49341652,-0.32794985,-0.0620237,0.89444304,-1.6340969,0.42256856,0.09467707,0.028282002,0.32752395,-0.3969232,-1.2527776,-0.4053802,0.49816838,-33.182004526063395,200.0,-200.0,-200.0,-200.0,200.0,-200.0,-200.0,-200.0,200.0,36.78007053471072,32.39171520585103,0.0729745,-0.11486323,-0.57930106,1.6530924,-0.7893881,0.0013951415,-0.19914402,0.05247423,-0.5720525,1.7511922,-0.9576663,-0.15536895,-3.7195773,0.2599545,-10.969191,12.816819,15.033637,-15.732089,10.412795,1.4002982,-5.336887,5.548353,-28.389494,9.86833
438,-0.20478505,0.4950394,0.20246813,-0.06512155,-0.034081396,-0.99729514,1.0,0.0,0.0,-0.014371731,-0.099887304,0.13401008,0.14118469,0.15183854,-0.051164944,-0.115231305,0.08134418,0.16666722,0.19185567,-0.33257133,0.027037274,-0.56057835,0.119256854,-0.3300187,0.28882557,0.59346515,0.17075822,0.3269579,0.1945665,-0.34021088,0.1396171,-0.4295983,0.9612409,0.41395223,-0.32111892,1.6413229,-1.4963615,0.021710444,0.393167,-0.38441566,-0.80988765,0.5149256,-1.4752715,0.40400612,-0.16557162,-200.0,130.00092183346305,-200.0,-200.0,200.0,-200.0,200.0,-26.862827960577945,200.0,-200.0,-53.57448348027094,200.0,-0.014371731,-0.099887304,-0.66598994,1.7411847,-0.6481615,-0.051164944,-0.115231305,0.08134418,-0.6333328,1.7918557,-1.1325713,0.027037274,-11.211567,2.385137,-6.6003737,5.776511,11.869303,3.4151642,6.5391583,3.89133,-6.8042173,2.792342,-8.591966,19.224817
439,0.35790864,-0.20949055,0.117446795,-0.060983,-0.037914213,-0.99741846,1.0,0.0,0.0,-0.07322389,-0.0995364,0.118139446,0.16863132,0.16715968,0.070046455,-0.11125455,0.08321358,0.14471471,0.18230641,-0.313124,0.11132566,-0.08460607,-0.09959377,0.11795824,0.013230194,-0.2705243,0.7080881,-0.23224464,-0.13313615,0.08382916,-0.1978603,0.5287631,-0.019400919,0.7123127,0.41131854,0.14279139,-0.37644187,-0.15062176,-0.010884039,-0.17136791,0.3571468,0.17406024,-0.32925808,0.1481554,-0.84078425,-200.0,-200.0,200.0,-200.0,200.0,-200.0,200.0,-200.0,200.0,-200.0,-59.70882495809394,-56.86697712600835,-0.07322389,-0.0995364,-0.68186057,1.7686313,-0.63284034,0.070046455,-0.11125455,0.08321358,-0.6552853,1.7823064,-1.113124,0.11132566,-1.6921213,-1.9918754,2.3591647,0.26460388,-5.4104857,14.161761,-4.6448927,-2.662723,1.6765832,-3.957206,10.575262,-0.38801837
440,-0.22849427,0.09073555,-0.2972268,-0.06303537,-0.03963373,-0.997224,1.0,0.0,0.0,-0.033841044,-0.08378038,0.14262342,0.15017152,0.067188025,0.10660813,-0.1340603,0.089051664,0.16240174,0.12216568,-0.16378665,-0.0009878523,0.42535788,0.22452831,0.1103551,-0.17933741,-0.4705909,-0.19693302,-0.06368416,0.15677556,0.092404485,-0.38340512,0.6836917,-1.0073789,-0.25979096,-0.45249975,-0.793643,0.13606247,-0.37454492,-0.48288396,0.52897775,-0.1544249,-0.23672353,0.66541463,0.2507137,0.24519244,-7.141454781023796,200.0,-64.72299783948522,-200.0,-60.84204221159757,-200.0,200.0,200.0,-110.46477533092336,-200.0,35.638225055990745,-88.17021278043026,-0.033841044,-0.08378038,-0.6573766,1.7501715,-0.732812,0.10660813,-0.1340603,0.089051664,-0.6375983,1.7221657,-0.96378666,-0.0009878523,8.507157,4.4905663,2.207102,-3.5867481,-9.411818,-3.9386601,-1.2736832,3.1355112,1.8480897,-7.6681023,13.673834,-20.14758
441,0.3771387,0.69313204,-0.34378397,-0.045784257,-0.044816103,-0.99794555,1.0,0.0,0.0,-0.009783464,-0.07222241,0.1224339,0.13919139,-0.073928475,-0.033694953,-0.09297705,0.09606934,0.13568646,0.07531643,-0.022641838,-0.09062545,-0.12650175,-0.074342996,-0.26012868,0.014662087,-0.6537396,-0.9508673,0.42834994,-0.06823055,-0.31756195,-0.11040949,0.5994243,0.010184458,-0.47934365,-0.2881638,1.1534356,-0.30897626,-0.16409644,0.28790405,-0.1211499,0.46219063,1.0318847,1.2986622,0.20513768,1.0592439,200.0,-200.0,-200.0,200.0,-54.6574534300139,200.0,-200.0,-200.0,-200.0,-9.573161246480666,53.56577266238014,26.841612655539507,-0.009783464,-0.07222241,-0.6775661,1.7391914,-0.8739285,-0.033694953,-0.09297705,0.09606934,-0.66431355,1.6753165,-0.82264185,-0.09062545,-2.530035,-1.4868599,-5.2025733,0.29324174,-13.074791,-19.017345,8.5669985,-1.3646109,-6.351239,-2.2081897,11.988485,0.20368916
442,0.26332337,0.036486976,0.37389976,-0.032487407,-0.05726953,-0.99783003,1.0,0.0,0.0,-0.09365569,-0.09524743,0.10993582,0.108719826,-0.12271601,-0.1166431,-0.06603991,0.08438487,0.09695655,0.06571543,0.057627976,0.014915696,-0.6539845,-0.15110071,0.098228775,-0.2854596,-0.095591925,0.023622638,-0.061107535,-0.039563354,-0.09590003,0.002427431,0.31788394,0.9525221,0.25985318,0.38147828,0.29811046,-1.2220075,0.47700304,1.0416987,-0.2786971,0.50558454,1.0879182,-0.13403696,-0.21282844,-0.2164209,-75.44928482309194,200.0,200.0,200.0,-24.289164484367234,200.0,-192.97559976251637,-200.0,200.0,-200.0,16.24635307452516,200.0,-0.09365569,-0.09524743,-0.6900642,1.7087198,-0.922716,-0.1166431,-0.06603991,0.08438487,-0.70304346,1.6657155,-0.74237204,0.014915696,-13.07969,-3.0220141,1.9645755,-5.709192,-1.9118384,0.47245276,-1.2221507,-0.7912671,-1.9180006,0.04854862,6.3576784,19.050442
443,-0.4319293,-0.40791184,0.16438857,-0.042062677,-0.05332986,-0.9976907,1.0,0.0,0.0,-0.16135459,-0.105086505,0.16246289,0.04381001,-0.09732896,0.0034905649,-0.121377856,0.09696129,0.11557084,0.06278324,-0.009172022,0.059667397,-0.07686719,0.0110035185,0.34879246,-0.22095254,-0.00047440623,1.1018243,-0.34570646,0.18950266,0.26265305,-0.1546363,-0.44423667,-0.22608887,0.8926949,-0.33873928,-0.48114315,1.046348,0.03141788,0.13259014,0.14101538,-0.6750041,-0.6189532,0.800607,-0.4110552,-0.94157845,9.943957898591464,200.0,200.0,-200.0,20.37750815476784,-200.0,200.0,200.0,200.0,-200.0,200.0,200.0,-0.16135459,-0.105086505,-0.6375371,1.64381,-0.897329,0.0034905649,-0.121377856,0.09696129,-0.68442917,1.6627833,-0.80917203,0.059667397,-1.5373439,0.22007036,6.975849,-4.4190507,-0.009488124,22.036486,-6.9141293,3.7900531,5.253061,-3.0927258,-8.884733,-4.521777
444,0.20946375,0.113494776,-0.62560517,-0.04713002,-0.049511794,-0.99766093,1.0,0.0,0.0,-0.12447578,-0.12695451,0.17327797,0.06851983,-0.0760473,0.20558259,-0.1308654,0.11123094,0.12967533,0.062847376,-0.15372562,-0.0889439,0.39267117,-0.20477758,-0.15101723,0.34594634,0.21691553,0.69165117,0.19879688,-0.021965362,-0.09793969,0.12692705,-0.71335024,-1.1656908,-0.40436843,0.4389473,0.3158794,-0.832025,0.3400851,-0.56074876,0.6356611,-0.040075183,-0.4783972,-0.81451356,0.21836178,0.10039635,200.0,-200.0,-200.0,200.0,-200.0,-200.0,200.0,-200.0,-200.0,200.0,13.923497084690183,-200.0,-0.12447578,-0.12695451,-0.62672204,1.6685199,-0.8760473,0.20558259,-0.1308654,0.11123094,-0.6703247,1.6628474,-0.95372564,-0.0889439,7.853423,-4.0955515,-3.0203445,6.9189267,4.3383107,13.833023,3.9759376,-0.43930724,-1.9587938,2.5385408,-14.267004,-23.313814
445,0.13886693,0.11364316,-0.27734685,-0.041025132,-0.058175042,-0.9974631,1.0,0.0,0.0,-0.091710255,-0.15719807,0.15434492,0.113969564,0.012280285,0.2305145,-0.036194466,0.10104079,0.1026625,0.06986153,-0.18715304,-0.2104991,-0.01686358,-0.096182905,-0.06999287,0.16066054,0.5249746,-0.34264362,0.6975855,-0.07965014,-0.16214691,-0.038257666,0.28037724,-0.15180181,-0.53730166,0.70349336,0.9618026,-1.1850014,0.3651287,-0.33896002,-0.036406025,-0.100214496,0.728371,-1.0801618,0.28322077,0.7509174,200.0,-200.0,-200.0,-200.0,200.0,200.0,-200.0,200.0,200.0,-200.0,200.0,-200.0,-0.091710255,-0.15719807,-0.6456551,1.7139696,-0.7877197,0.2305145,-0.036194466,0.10104079,-0.6973375,1.6698616,-0.98715305,-0.2104991,-0.3372716,-1.923658,-1.3998574,3.2132106,10.499492,-6.8528724,13.951711,-1.5930028,-3.2429383,-0.7651533,5.6075444,-3.0360363
446,0.08877538,-0.5095779,0.4220056,-0.050184008,-0.0630312,-0.99674904,1.0,0.0,0.0,-0.1438382,-0.16988964,0.17163873,0.12156725,0.101221025,0.086560465,0.054003958,0.07384405,0.11426252,0.02580595,-0.06323856,-0.13357109,-0.4660166,-0.009935581,0.13356182,0.061244685,0.0606784,-0.67408717,0.20356889,-0.16336143,0.24674892,-0.37843648,0.74056196,0.8222505,0.3677866,0.19277908,-0.9952733,0.3479823,-0.6686794,0.3368211,-0.9666742,0.41997176,0.14263704,0.67682046,-0.0979567,-0.12142376,-200.0,-185.94401927911775,200.0,-200.0,-35.561815359031584,200.0,-200.0,200.0,200.0,-200.0,55.36273571746466,60.52617440150607,-0.1438382,-0.16988964,-0.6283613,1.7215673,-0.698779,0.086560465,0.054003958,0.07384405,-0.6857375,1.625806,-0.8632386,-0.13357109,-9.320332,-0.19871162,2.6712363,1.2248937,1.213568,-13.481743,4.0713778,-3.2672286,4.9349785,-7.5687294,14.811239,16.44501
447,-0.4198654,-0.011457856,0.2791835,-0.058799315,-0.054474715,-0.9967824,1.0,0.0,0.0,-0.18239163,-0.14101242,0.17196989,0.16615987,0.0068190694,0.059670754,0.042047776,0.07214139,0.12740517,0.009558797,-0.035155535,-0.08561032,0.03244094,0.2736102,-0.07601013,0.32832214,-0.9058549,0.30714822,-0.27450657,0.105431855,-0.038234826,0.12230432,-0.1353565,-0.071617536,0.90300816,-0.54970646,-0.93084127,-0.65138894,-0.9415621,0.45115966,-0.45805326,-0.18917966,0.03550026,-0.1705789,0.53920734,-0.56269747,-200.0,200.0,53.50826725575764,200.0,5.776008175388569,-12.978328577405584,200.0,200.0,-200.0,63.45591168914797,-200.0,200.0,-0.18239163,-0.14101242,-0.6280301,1.7661599,-0.79318094,0.059670754,0.042047776,0.07214139,-0.67259485,1.6095588,-0.83515555,-0.08561032,0.64881885,5.472204,-1.5202026,6.5664425,-18.117098,6.1429644,-5.4901314,2.108637,-0.7646965,2.4460864,-2.70713,-1.4323508
448,0.27698633,0.42533714,0.14363146,-0.049095027,-0.05245999,-0.9974155,1.0,0.0,0.0,-0.13559589,-0.11071128,0.1397394,0.21982908,-0.26605505,0.18500467,-0.06247733,0.07155786,0.10958755,0.02520585,0.01779282,-0.17986093,0.40251175,0.048176676,-0.22348161,0.2117797,-1.5292455,0.64995927,-0.59701484,-0.012758548,-0.15448098,0.17411707,0.31983972,-0.40987435,0.13673672,-0.53007746,0.7599584,-1.2823074,-0.33320963,-0.8785234,0.35589626,0.6823449,1.2605809,-0.5026539,0.70956236,0.39062193,200.0,-200.0,156.6599559435116,-200.0,200.0,200.0,200.0,-200.0,-200.0,-200.0,200.0,-200.0,-0.13559589,-0.11071128,-0.6602606,1.8198291,-1.066055,0.18500467,-0.06247733,0.07155786,-0.69041246,1.6252059,-0.7822072,-0.17986093,8.050235,0.9635335,-4.469632,4.235594,-30.58491,12.999186,-11.940297,-0.25517097,-3.0896194,3.4823415,6.3967943,-8.197487
449,0.24840108,-0.23667693,-0.15211731,-0.04672434,-0.062901385,-0.9969254,1.0,0.0,0.0,-0.04288288,-0.10956748,0.13597578,0.22666967,-0.48013157,0.21017927,-0.12742446,0.06896571,0.10509211,0.04649222,0.11740488,-0.1499526,0.41590878,-0.030294633,0.14286543,-0.10842761,-0.6954169,-0.30611888,-0.109451234,-0.022012185,0.077541284,0.05597979,0.63511056,0.59670985,-0.740242,-0.20253012,-0.12804115,-1.4467387,0.37677932,-0.6487511,1.0127525,0.40426075,0.25752634,0.45518416,0.11705579,0.28292894,200.0,200.0,200.0,-200.0,200.0,200.0,-52.53107861488451,-200.0,200.0,-200.0,200.0,-200.0,-0.04288288,-0.10956748,-0.66402423,1.8266697,-1.2801316,0.21017927,-0.12742446,0.06896571,-0.6949079,1.6464922,-0.68259513,-0.1499526,8.318175,-0.60589266,2.8573086,-2.1685522,-13.908339,-6.1223774,-2.1890247,-0.4402437,1.5508256,1.1195958,12.70221,11.934196
450,0.060103912,-0.21894698,-0.4123928,-0.055039637,-0.06971752,-0.99604726,1.0,0.0,0.0,-0.018667331,-0.11996779,0.15294802,0.19192958,-0.5107023,0.040845502,-0.094210096,0.07447563,0.115453064,0.08117461,0.1359142,-0.008634174,-0.12027466,-0.061513316,0.03424922,-0.2282888,0.2900918,-1.2898259,0.3862218,0.096732244,0.049343105,0.22972302,-0.044055287,0.6375942,-0.43319988,-0.12353811,-0.23773986,-1.1522777,0.5898295,0.71492976,-0.056310996,-0.1334036,-0.41584295,0.17992303,-0.71456224,-0.60937756,200.0,200.0,200.0,200.0,3.6504652111593074,-55.592071283280916,-200.0,-107.21927811880914,-200.0,-200.0,200.0,-200.0,-0.018667331,-0.11996779,-0.647052,1.7919296,-1.3107023,0.040845502,-0.094210096,0.07447563,-0.68454695,1.6811746,-0.6640858,-0.008634174,-2.4054933,-1.2302663,0.6849844,-4.565776,5.801836,-25.796518,7.724436,1.9346448,0.9868621,4.5944605,-0.8811057,12.751884
451,0.23380993,0.4230904,0.08443117,-0.049545605,-0.076418236,-0.9958441,1.0,0.0,0.0,-0.10276173,-0.1393634,0.13210154,0.13187218,-0.34478217,-0.11284261,-0.06598876,0.082882784,0.09949005,0.12774134,0.022402763,0.011829492,-0.62859464,-0.10122446,-0.21986453,-0.36150247,1.2720544,-0.34304607,0.0351028,0.0004132057,-0.18244314,0.22164348,-0.99499303,-0.33181196,0.53889966,0.6119735,0.70742047,-0.66140026,0.7757323,0.87126577,-0.35973147,0.13142885,-0.41360402,-0.5587512,-0.71525884,-0.50996536,-22.784321813704548,-200.0,-200.0,-113.11075444077412,-200.0,-200.0,-81.66310571708345,133.22736301286068,-200.0,-200.0,200.0,200.0,-0.10276173,-0.1393634,-0.6678985,1.7318722,-1.1447822,-0.11284261,-0.06598876,0.082882784,-0.70050997,1.7277414,-0.77759725,0.011829492,-12.571893,-2.0244892,-4.3972907,-7.230049,25.441088,-6.8609214,0.702056,0.008264114,-3.6488628,4.4328694,-19.89986,-6.636239
452,-0.13364792,0.52060163,0.40466395,-0.031566307,-0.076549806,-0.99656594,1.0,0.0,0.0,-0.16850288,-0.13182144,0.12029344,0.021520972,-0.009431183,-0.07398389,-0.11010034,0.098656885,0.06327194,0.15752745,-0.21762699,-0.13685115,-0.08055583,0.12439954,0.080947466,-0.71289027,1.7028769,0.634688,-0.41013408,0.12567946,-0.18517719,0.083793096,-1.0822891,-0.811016,0.80101067,-0.12510383,1.1249708,1.5355576,0.023669798,0.44539362,0.18673044,-0.4146669,0.8320162,0.048182905,0.34993315,0.35307962,-133.67603091347814,-47.02153554836535,-200.0,-200.0,89.02146772372294,62.1151804647443,200.0,200.0,200.0,-200.0,-124.9793830125177,200.0,-0.16850288,-0.13182144,-0.6797066,1.621521,-0.8094312,-0.07398389,-0.11010034,0.098656885,-0.7367281,1.7575275,-1.017627,-0.13685115,-1.6111165,2.4879909,1.6189493,-14.257805,34.057537,12.69376,-8.202682,2.5135891,-3.7035437,1.675862,-21.64578,-16.22032
453,0.003116827,-0.16779463,-0.35051,-0.026145436,-0.07366371,-0.9969404,1.0,0.0,0.0,-0.120406255,-0.13853633,0.13022071,0.021510363,0.019267261,0.086287156,-0.1345132,0.1078854,0.06738716,0.14115143,-0.3286565,-0.18819399,0.5206906,-0.046477,0.15400694,0.05718751,0.009621046,0.78292155,0.110115685,-0.025128944,0.15925293,-0.16490835,-0.12514117,0.19636661,-0.14406295,0.3477607,-0.19028607,1.2658783,-0.19038065,0.525445,0.9061415,0.07718846,-0.42682153,-0.053622544,0.030705497,0.26610687,200.0,-200.0,200.0,-39.65048003339166,200.0,200.0,200.0,71.62997608759076,200.0,200.0,-5.287016708687364,-62.688953325792795,-0.120406255,-0.13853633,-0.6697793,1.6215104,-0.78073275,0.086287156,-0.1345132,0.1078854,-0.73261285,1.7411515,-1.1286565,-0.18819399,10.413813,-0.92954,3.0801387,1.1437502,0.1924209,15.658431,2.2023137,-0.50257885,3.1850584,-3.298167,-2.5028234,3.9273322
454,-0.095944665,0.4971738,-0.36021376,-0.01714014,-0.072118595,-0.99724877,1.0,0.0,0.0,-0.072698824,-0.1364502,0.11389446,0.06510389,-0.040424585,0.23500818,-0.05254693,0.106805936,0.06700879,0.09972787,-0.2545573,-0.063806266,0.007232377,0.054925006,-0.27812883,0.34681225,-0.32536542,0.6245582,0.65155,0.0071963444,-0.13774066,-0.22268854,0.6056707,0.71912545,-0.8510218,-0.31062672,0.23831683,-1.0840031,0.36792156,-0.73691046,-0.35573998,-0.28342852,0.67091817,-1.0390244,0.9704823,-0.10526338,200.0,-64.86856875745822,-200.0,-93.05353250566517,-18.219954946540724,-54.36444115128029,-200.0,200.0,-200.0,200.0,25.080873276701652,-45.821003409902914,-0.072698824,-0.1364502,-0.68610555,1.6651039,-0.8404246,0.23500818,-0.05254693,0.106805936,-0.7329912,1.6997279,-1.0545573,-0.063806266,0.14464754,1.0985001,-5.5625763,6.936245,-6.5073085,12.491164,13.030999,0.14392689,-2.754813,-4.4537706,12.113414,14.382508
455,0.5179554,-0.15987997,0.3158331,-0.011812723,-0.08195647,-0.9965659,1.0,0.0,0.0,-0.13236332,-0.15507519,0.09441769,0.09935844,0.0008575916,0.25337094,0.00857332,0.07879028,0.085823536,0.015805721,-0.027498126,-0.02416275,-0.5459844,-0.21350348,0.04313947,0.02876018,0.6416673,-0.3448873,0.023982866,-0.24631245,0.28797245,-0.587934,1.5700796,-0.1411737,0.32067138,0.6002779,0.36338165,-0.25897828,-0.8468029,-0.430266,-1.1446862,1.1309803,1.0216109,1.800508,0.32512432,-0.021969851,-200.0,-200.0,200.0,-200.0,200.0,-52.1769942637697,-200.0,-130.2413836273115,200.0,-200.0,200.0,-200.0,-0.13236332,-0.15507519,-0.7055823,1.6993585,-0.7991424,0.25337094,0.00857332,0.07879028,-0.7141765,1.6158057,-0.82749814,-0.02416275,-10.919687,-4.2700696,0.86278933,0.5752036,12.833345,-6.8977456,0.47965732,-4.926249,5.759449,-11.75868,31.40159,-2.8234742
456,-0.20416842,-0.67695516,0.30918837,-0.031935696,-0.08637481,-0.9957507,1.0,0.0,0.0,-0.18198104,-0.16707043,0.15340227,0.07291782,0.022325456,0.08558191,-0.041211817,0.05941458,0.16701967,-0.08746457,0.17741925,-0.026957506,-0.0077930293,0.06731075,0.474469,-0.25347626,-0.32709166,-1.0883448,-0.47180578,0.011943103,0.48102865,-0.4528404,0.57758623,0.001514752,0.643465,-0.05673459,-0.93501806,-0.3383728,-0.87017214,0.55874115,0.021355987,0.16959947,0.030579614,0.3557744,0.6652153,0.2994791,-200.0,200.0,200.0,200.0,-200.0,8.608211237852284,200.0,200.0,-7.278366616529183,-200.0,-200.0,27.171403297371626,-0.18198104,-0.16707043,-0.64659774,1.6729178,-0.77767456,0.08558191,-0.041211817,0.05941458,-0.63298035,1.5125355,-0.62258077,-0.026957506,-0.15586059,1.346215,9.48938,-5.0695252,-6.541833,-21.766895,-9.436115,0.23886205,9.620573,-9.0568075,11.551724,0.03029504
457,-0.40245765,-0.043361522,-0.24130589,-0.045143135,-0.07329141,-0.99628836,1.0,0.0,0.0,-0.12771513,-0.13567634,0.23359299,0.0076680183,-0.14686537,-0.023396185,-0.06759975,0.07875866,0.1868937,-0.07873213,0.2367189,0.020103047,0.4984168,0.2126191,0.32858676,-0.37397102,-1.2710785,-0.09873904,0.11498988,0.120612524,-0.106737874,0.23385485,0.5933406,0.5318665,0.13057688,-0.5175313,-0.6934312,0.46187672,-0.35039306,0.75022525,0.2538185,-0.06078826,-0.26230928,1.3395224,0.85007495,0.14978181,102.75550487290616,70.59557188563716,-200.0,200.0,200.0,77.78826463500775,200.0,-37.93000434846422,-200.0,-200.0,-200.0,200.0,-0.12771513,-0.13567634,-0.566407,1.607668,-0.9468654,-0.023396185,-0.06759975,0.07875866,-0.6131063,1.5212679,-0.5632811,0.020103047,9.968336,4.252382,6.571735,-7.47942,-25.42157,-1.9747808,2.2997975,2.4122505,-2.1347575,4.677097,11.866811,10.63733
458,0.20580055,0.54679185,-0.53052676,-0.03293297,-0.07160088,-0.99688953,1.0,0.0,0.0,-0.03229828,-0.12216748,0.24976218,-0.027279496,-0.36699408,0.065106,0.007080241,0.07825484,0.1201188,0.0035988092,0.40630004,0.099245496,0.3728641,-0.06415735,-0.12571013,-0.009613014,-0.67905116,0.8828357,0.49424678,-0.10814704,-0.5075236,0.5446211,0.9521305,0.13130479,-1.0873142,-0.20550427,0.8176454,-1.3032032,0.80098885,0.5273538,0.12860563,0.19718057,0.63648134,-0.49860168,-0.7306258,-0.66935956,22.679260466620235,-200.0,-200.0,200.0,-53.089747621585616,-45.2349163261551,-53.594560787648845,-200.0,-200.0,200.0,200.0,200.0,-0.03229828,-0.12216748,-0.55023783,1.5727205,-1.1669941,0.065106,0.007080241,0.07825484,-0.6798812,1.6035988,-0.39369997,0.099245496,7.4572816,-1.283147,-2.5142026,-0.19226027,-13.581023,17.656713,9.884935,-2.1629407,-10.150472,10.892422,19.04261,2.6260958
459,0.03704942,-0.110624306,-0.016053896,-0.024768999,-0.07646477,-0.9967646,1.0,0.0,0.0,-0.016214984,-0.13851361,0.26497954,-0.07113433,-0.39795882,0.22394136,0.06501887,0.06784208,0.06369662,0.07812345,0.49152693,0.015251262,-0.15613721,-0.08668915,0.23907791,-0.39211282,0.2744423,0.6625687,0.15640742,0.0061990744,-0.10236456,0.23839056,-0.003963436,-0.87031746,-0.6016594,0.6017684,0.6518082,-0.51456773,1.3841001,-0.40256646,-0.41383252,0.08752748,0.5041835,-0.53427327,-1.4649842,-0.07188327,-41.57060392552597,200.0,200.0,-200.0,-200.0,-200.0,-200.0,-51.12097854695136,200.0,-200.0,200.0,-57.99060584104154,-0.016214984,-0.13851361,-0.5350205,1.5288657,-1.1979588,0.22394136,0.06501887,0.06784208,-0.7363034,1.6781235,-0.30847308,0.015251262,-3.1227443,-1.733783,4.781558,-7.8422565,5.4888453,13.251373,3.1281483,0.12398148,-2.0472913,4.7678113,-0.07926872,-17.40635
460,-0.21054184,-0.6983817,0.73022026,-0.044016708,-0.07150444,-0.9964686,1.0,0.0,0.0,-0.10187778,-0.14605947,0.35220098,-0.19141376,-0.23766035,0.24666117,0.036500603,0.07633221,0.08494681,0.09496164,0.38556823,-0.05855375,-0.6528644,-0.018892063,0.5583784,-0.7226326,1.2347825,-0.33743605,-0.38894138,0.059346344,0.26829264,-0.038371563,-0.9606339,-0.058181565,0.3744927,-0.21734515,-0.60512424,1.3096507,0.6347667,-0.2692942,0.16909787,-0.47995126,-1.0205454,-0.32201117,-0.7849441,0.8104076,-200.0,-33.35068069489058,200.0,-200.0,-200.0,52.72744717726307,-200.0,200.0,75.25653849477703,38.61179582948762,200.0,-200.0,-0.10187778,-0.14605947,-0.44779903,1.4085863,-1.0376604,0.24666117,0.036500603,0.07633221,-0.7150532,1.6949617,-0.41443178,-0.05855375,-13.057288,-0.37784123,11.167568,-14.452652,24.695648,-6.7487206,-7.778827,1.1869268,5.3658524,-0.76743126,-19.212677,-1.1636313
461,0.31127518,-0.08149765,0.017862512,-0.059027396,-0.07333357,-0.9955591,1.0,0.0,0.0,-0.16987859,-0.14997381,0.4013535,-0.25667655,-0.04491496,0.08701843,0.02160185,0.062560454,0.120170236,0.07141006,0.093767345,0.039299622,-0.07303508,-0.003874875,-0.03194675,0.054598738,0.6134152,-0.98259354,0.15825595,-0.1744791,0.10664872,-0.19463663,-1.7084131,0.84152806,1.1231145,0.3337749,-0.34966034,1.2520319,0.12710099,0.3034169,0.2504208,0.59123325,-0.7038532,-0.05738929,0.121773496,-0.28205457,102.61262652339573,-200.0,-200.0,-200.0,200.0,-35.514632165026114,200.0,-170.53475248228,-200.0,200.0,200.0,200.0,-0.16987859,-0.14997381,-0.3986465,1.3433235,-0.844915,0.08701843,0.02160185,0.062560454,-0.6798298,1.6714101,-0.70623267,0.039299622,-1.4607017,-0.0774975,-0.63893497,1.0919747,12.268304,-19.65187,3.165119,-3.4895818,2.1329744,-3.8927324,-34.168262,16.83056
462,-0.21875964,0.6316733,-0.42765623,-0.045587357,-0.074711315,-0.99616265,1.0,0.0,0.0,-0.11590185,-0.11782775,0.35548973,-0.19651878,0.016907632,0.0013349662,0.09178545,0.05488463,0.10780567,0.037519455,-0.13961554,0.09926286,0.5404323,0.2963952,-0.3885881,0.474282,0.24220322,0.01752406,0.3818899,0.05935342,-0.20078003,-0.13989976,-0.7238091,-0.14871316,0.08397952,-0.450758,0.804269,-0.37318674,0.7736215,0.48907113,-0.75160277,-0.30126563,0.89088523,-0.38662606,0.6491236,-0.55253667,-57.098465735913805,200.0,-200.0,-48.34606976045029,200.0,-200.0,200.0,200.0,-200.0,200.0,-22.162116377796053,200.0,-0.11590185,-0.11782775,-0.44451028,1.4034812,-0.7830924,0.0013349662,0.09178545,0.05488463,-0.69219434,1.6375195,-0.93961555,0.09926286,10.808645,5.927904,-7.771762,9.48564,4.844064,0.35048118,7.6377983,1.1870683,-4.0156007,-2.797995,-14.476182,-2.974263
463,0.41778526,-0.0037121086,0.04509116,-0.034139022,-0.08000114,-0.99621,1.0,0.0,0.0,-0.041484818,-0.09451978,0.31618878,-0.14670885,0.17122746,0.106785364,0.10159929,0.04045341,0.11427593,-0.031591058,-0.17828113,-0.036115486,0.2782522,-0.01779414,-0.031172518,0.07206563,1.1808673,0.80399954,-0.22047918,-0.17387186,0.22270255,-0.5197417,0.24008134,-1.0467974,-0.2804287,0.17584684,0.18554051,-0.54963267,-0.33935565,-0.07951286,-0.47651508,1.1315966,0.52516294,0.2651078,0.66657954,0.58989567,-200.0,-200.0,200.0,-200.0,200.0,-54.647677712169525,-33.11026417841913,-200.0,200.0,-200.0,138.3908744683415,-10.733633594407024,-0.041484818,-0.09451978,-0.48381123,1.4532912,-0.62877256,0.106785364,0.10159929,0.04045341,-0.6857241,1.568409,-0.97828114,-0.036115486,5.5650444,-0.3558828,-0.62345034,1.4413126,23.617346,16.07999,-4.4095836,-3.4774373,4.454051,-10.394834,4.8016267,-20.935947
464,-0.20607013,-0.10084069,0.52658707,-0.03766151,-0.08255403,-0.9958747,1.0,0.0,0.0,-0.04769133,-0.08997332,0.30199382,-0.12234533,0.23180753,0.113485634,-0.0017602029,0.029749252,0.15802294,-0.122618556,-0.025800347,-0.14176658,-0.27306706,0.10098114,-0.053729087,0.06179911,-0.16289812,-0.37144056,-0.7602403,0.042859644,0.21193996,-0.39236093,1.1897907,-0.104229845,0.041219246,-0.45063922,-0.65962297,0.8540454,-1.0494272,-0.05158206,0.4754897,0.25304657,-0.2029625,1.1688769,0.4701429,0.38395864,-200.0,200.0,200.0,200.0,200.0,200.0,-200.0,200.0,-176.70287760246953,-200.0,-200.0,-64.52018851276938,-0.04769133,-0.08997332,-0.4980062,1.4776547,-0.5681925,0.113485634,-0.0017602029,0.029749252,-0.6419771,1.4773815,-0.82580036,-0.14176658,-5.461341,2.0196228,-1.0745817,1.2359822,-3.2579625,-7.428811,-15.204806,0.8571929,4.238799,-7.8472185,23.795815,-2.0845969
465,-0.216946,0.5300232,-0.15246294,-0.02832342,-0.073752284,-0.99687433,1.0,0.0,0.0,-0.052503757,-0.06951712,0.24860638,-0.06653857,0.09213674,0.056725588,-0.0860075,0.044475943,0.16010725,-0.15994406,0.14884865,-0.05552552,0.13122444,0.093661465,-0.44470397,0.4498036,-1.135557,-0.23220992,-0.1447619,0.10264911,-0.15971504,-0.018270472,0.70392394,0.84389037,0.48481292,-0.36678872,0.67245036,-0.6453369,-0.89992976,0.3853298,0.6539401,-0.14950138,0.85793984,0.16598791,0.2242148,0.31674758,200.0,200.0,-200.0,200.0,-64.35156255069137,135.31125320505328,77.74911955470381,-200.0,-200.0,200.0,-200.0,15.793033534305238,-0.052503757,-0.06951712,-0.5513936,1.5334615,-0.7078633,0.056725588,-0.0860075,0.044475943,-0.63989276,1.440056,-0.65115136,-0.05552552,2.6244886,1.8732293,-8.894079,8.996072,-22.71114,-4.6441984,-2.895238,2.052982,-3.194301,-0.36540943,14.078479,16.877808
466,0.2059082,-0.17362496,-0.8288207,-0.02125817,-0.07474074,-0.9969764,1.0,0.0,0.0,0.034368154,-0.07119721,0.2038247,-0.010814071,-0.20998424,0.11450331,-0.056161046,0.043922342,0.15237123,-0.15146065,0.19818306,0.07573951,0.68086284,-0.09116536,-0.04619805,0.13934268,-1.5016167,0.56961983,0.389986,-0.09079618,0.056133818,0.09010802,0.057274144,0.5349607,-0.3784554,-0.26332232,0.69290453,-1.1335468,-0.08876802,-0.16697785,-0.4335261,0.6728568,0.73936427,0.093311846,0.07219683,-0.3447658,200.0,-200.0,200.0,200.0,-10.716947224262526,-55.035509614436705,200.0,-200.0,200.0,-200.0,117.87075760770972,-3.816546511088518,0.034368154,-0.07119721,-0.5961753,1.589186,-1.0099843,0.11450331,-0.056161046,0.043922342,-0.6476288,1.4485394,-0.60181695,0.07573951,13.617257,-1.823307,-0.923961,2.7868536,-30.032333,11.392396,7.79972,-1.8159236,1.1226764,1.8021604,1.1454829,10.699214
467,0.15422869,-0.7989995,-0.18018155,-0.040446926,-0.08227888,-0.9957883,1.0,0.0,0.0,0.10538074,-0.09591535,0.23537236,-0.01947403,-0.40503114,0.121158585,-0.0457383,0.03413878,0.1840471,-0.11882222,0.16058087,0.07110956,0.08863456,-0.14634265,0.31984913,-0.19221951,-0.5455642,-0.4044211,-0.2201159,-0.022521513,0.23867612,0.21751261,-0.19775529,-0.47979495,-1.1638323,0.3425981,-0.8278647,-0.9607753,0.6432073,-0.1518847,-0.35499284,0.22258788,-0.9590012,-0.37617716,-0.28793842,-0.22586313,-200.0,200.0,200.0,200.0,20.950336624221848,-200.0,-200.0,-199.26440081493504,200.0,-200.0,200.0,-200.0,0.10538074,-0.09591535,-0.56462765,1.580526,-1.2050312,0.121158585,-0.0457383,0.03413878,-0.6159529,1.4811778,-0.63941914,0.07110956,1.7726911,-2.926853,6.3969827,-3.8443902,-10.9112835,-8.088422,-4.402318,-0.45043024,4.7735224,4.350252,-3.9551058,-9.595899
468,-0.44629133,-0.12811105,0.4134853,-0.05829742,-0.074787825,-0.99549395,1.0,0.0,0.0,0.062592685,-0.105234854,0.27526855,-0.078511715,-0.40608853,0.028097408,-0.13171561,0.052395537,0.21319342,-0.088451505,0.03948927,-0.03042071,-0.455343,0.029494075,0.09764864,-0.37849993,0.43644205,-0.4004403,-0.47843367,0.19212149,0.0694364,0.09633708,-0.70241314,-0.42971912,0.20608707,-0.56279075,-0.19374742,-0.008894607,0.5785854,0.40480924,0.48073345,-0.6259035,-0.63292956,-0.61569166,-0.6613383,0.22581643,21.16050593127335,179.4158800175703,-200.0,-200.0,42.39555321376565,40.82577884597981,-200.0,200.0,-200.0,-200.0,200.0,41.56272855064083,0.062592685,-0.105234854,-0.52473146,1.5214883,-1.2060885,0.028097408,-0.13171561,0.052395537,-0.5868066,1.5115485,-0.76051074,-0.03042071,-9.10686,0.5898815,1.9529729,-7.5699983,8.728841,-8.008806,-9.568673,3.8424299,1.388728,1.9267416,-14.048263,-8.594382
469,0.2719139,0.50047666,-0.38781875,-0.049379747,-0.072715476,-0.9961296,1.0,0.0,0.0,0.025751997,-0.12604134,0.25164443,-0.11384559,-0.21043938,0.058418795,-0.16330612,0.06565457,0.20846939,-0.08618772,-0.17181545,-0.008135928,0.039168373,-0.2132353,-0.29410902,-0.014535995,1.4209678,0.60333294,0.10386193,-0.033846837,-0.108585075,-0.06171468,-1.060537,0.46784812,0.5166868,0.30660072,0.82066685,1.0098702,-0.030446243,0.39236683,0.6970799,0.26750523,-0.033315733,0.40703636,-0.32216495,0.41341522,200.0,-200.0,-200.0,-200.0,79.46398499876375,43.090200240400065,200.0,-200.0,-200.0,200.0,200.0,200.0,0.025751997,-0.12604134,-0.5483556,1.4861544,-1.0104394,0.058418795,-0.16330612,0.06565457,-0.5915306,1.5138123,-0.97181547,-0.008135928,0.78336746,-4.264706,-5.88218,-0.2907199,28.419355,12.066659,2.0772386,-0.67693675,-2.1717014,-1.2342936,-21.21074,9.356962
470,-0.37540844,0.45788,-0.6854692,-0.027788438,-0.07026623,-0.9971411,1.0,0.0,0.0,0.104868054,-0.13785712,0.20035589,-0.10230255,-0.03478211,0.17291875,-0.07530121,0.087573856,0.1608532,-0.058594346,-0.2778148,0.12811434,0.6869545,0.05865643,-0.21765912,0.12055429,0.4333293,0.48091727,0.7077915,0.22258162,-0.3309299,0.2919471,-0.14485231,0.6225731,-0.53652227,0.14266406,1.1473026,-0.20629796,-0.3882572,-0.23012045,-0.17698717,-0.6948162,0.810336,-0.6669846,0.772497,-0.74178034,200.0,168.3939381462196,-85.27076703652466,200.0,98.04958147288188,-52.96268127309918,200.0,200.0,200.0,200.0,-200.0,-43.695492856758676,0.104868054,-0.13785712,-0.5996441,1.4976975,-0.8347821,0.17291875,-0.07530121,0.087573856,-0.6391468,1.5414057,-1.0778148,0.12811434,13.73909,1.1731286,-4.3531823,2.4110858,8.666586,9.618345,14.155829,4.4516325,-6.618598,5.8389416,-2.897046,12.451461
471,-0.28885153,-0.23512445,-0.020842714,-0.023987155,-0.057055846,-0.99808276,1.0,0.0,0.0,0.18508549,-0.12136319,0.19880724,-0.11455214,-0.055312097,0.15875341,-0.004874225,0.120585054,0.13742167,-0.03903711,-0.20128101,0.14596315,0.16735406,0.107216194,0.14901923,-0.17211255,-0.5423757,-0.5233936,0.0610461,0.12159262,0.064359866,-0.056568075,0.81479496,-0.3469594,-0.9841806,-0.105107516,0.075063795,-0.46668628,0.38710004,-0.03356593,-0.86874294,-0.57169974,0.32579893,-0.99973005,-0.09974834,-0.4644769,-200.0,-200.0,200.0,-200.0,200.0,-200.0,-200.0,200.0,200.0,-34.372518577061584,-200.0,-200.0,0.18508549,-0.12136319,-0.6011928,1.4854479,-0.8553121,0.15875341,-0.004874225,0.120585054,-0.66257834,1.5609629,-1.001281,0.14596315,3.3470812,2.1443238,2.9803846,-3.442251,-10.847513,-10.467872,1.220922,2.4318523,1.2871974,-1.1313615,16.295898,-6.939188
472,0.051830504,-0.11195074,0.33493176,-0.03183152,-0.05356249,-0.998057,1.0,0.0,0.0,0.15125561,-0.11670629,0.22351909,-0.16789901,-0.05479765,0.08958232,-0.0608412,0.1253594,0.17680985,-0.08770621,-0.1350351,-0.015605513,-0.44765064,-0.030700285,0.09334833,-0.3454597,0.44810554,-0.27427354,-0.55184686,-0.052386343,0.27576435,-0.38516495,0.088577814,-0.9640687,0.19885977,0.053560704,-0.5407759,0.7892897,-0.06909114,0.6085781,0.48281023,0.40051055,-0.56200993,1.2331665,-1.0180919,0.3146164,-200.0,-200.0,43.26407911738795,-200.0,-27.493166753686836,54.04534024937425,-200.0,43.06386788693733,-200.0,-200.0,200.0,28.94787717534058,0.15125561,-0.11670629,-0.5764809,1.432101,-0.85479766,0.08958232,-0.0608412,0.1253594,-0.62319016,1.5122938,-0.9350351,-0.015605513,-8.953012,-0.6140057,1.8669666,-6.909194,8.9621105,-5.485471,-11.036937,-1.0477269,5.515287,-7.703299,1.7715563,-19.281374
473,-0.58304256,0.48243177,-0.18485399,-0.023422051,-0.04126791,-0.99887353,1.0,0.0,0.0,0.12469393,-0.09789211,0.20282787,-0.19704211,-0.042650998,0.1417915,-0.09798746,0.14462987,0.18730062,-0.122801185,-0.22327012,-0.100506686,0.08871015,0.18544449,-0.27042183,0.015615185,-0.053229373,0.6980795,0.11512796,0.21560569,-0.13229448,-0.0023462446,-0.87389547,0.017209876,0.38655472,-0.7268888,0.8020185,1.0129902,-0.30660656,0.24707422,0.75067866,-0.9148839,0.14273909,-0.2842784,0.23405142,0.72966176,200.0,200.0,-200.0,200.0,-200.0,200.0,91.63238315446026,140.49399901725428,-200.0,200.0,-2.178929264720523,200.0,0.12469393,-0.09789211,-0.59717214,1.4029579,-0.842651,0.1417915,-0.09798746,0.14462987,-0.6126994,1.4771988,-1.0232701,-0.100506686,1.7742031,3.7088897,-5.4084363,0.3123037,-1.0645875,13.96159,2.3025591,4.312114,-2.6458895,-0.046924893,-17.47791,0.3441975
474,0.07779367,0.16442223,-0.60124403,-0.011011015,-0.03278448,-0.9994018,1.0,0.0,0.0,0.1931929,-0.08565445,0.16148883,-0.1759268,-0.119198084,0.19760785,-0.013175934,0.15771875,0.17418307,-0.15088403,-0.29143554,0.013442447,0.42722794,-0.04694786,-0.16911428,0.18044491,-0.41202888,0.11475723,0.6739802,-0.059273947,-0.038577065,-0.21723063,0.09539469,1.0224425,-0.5835724,0.04737833,1.1016154,-0.49224657,0.025181163,-0.54531324,-0.44314927,0.16063374,0.6426115,-0.5588377,0.3537069,-0.2300961,200.0,-200.0,-23.976483865078663,-67.58812810905155,200.0,200.0,-27.02919677377281,-200.0,200.0,200.0,36.593546450964595,-20.05014390045345,0.1931929,-0.08565445,-0.6385112,1.4240732,-0.9191981,0.19760785,-0.013175934,0.15771875,-0.62581694,1.449116,-1.0914356,0.013442447,8.544559,-0.93895715,-3.3822856,3.6088982,-8.240578,2.2951446,13.479604,-1.1854789,-0.7715413,-4.3446126,1.9078939,20.448849
475,-0.06578833,-0.6221607,-0.092390545,-0.019527152,-0.031148445,-0.999324,1.0,0.0,0.0,0.21467155,-0.07395547,0.16819602,-0.17575908,-0.098827004,0.10819788,0.048137892,0.15750103,0.20593268,-0.21358287,-0.17161107,0.09925908,-0.1516659,0.13129239,0.22688746,-0.14690691,0.4758961,-0.9084651,-0.031473584,0.0651149,0.16226363,-0.042042874,0.9364075,-0.20852542,-0.7308554,-0.14228189,-0.6026886,0.04220905,-0.42034805,0.08183404,-1.2284565,0.08352026,-0.28888348,1.1518104,-0.3836372,-0.66486484,-200.0,11.130639552587029,200.0,-200.0,200.0,-200.0,-200.0,200.0,200.0,-200.0,200.0,-200.0,0.21467155,-0.07395547,-0.631804,1.424241,-0.898827,0.10819788,0.048137892,0.15750103,-0.59406734,1.3864172,-0.9716111,0.09925908,-3.0333178,2.6258476,4.5377493,-2.9381382,9.517921,-18.169302,-0.62947166,1.302298,3.2452726,-0.84085745,18.72815,-4.1705084
476,0.3434252,0.029234018,0.54304445,-0.030027281,-0.038776804,-0.99879664,1.0,0.0,0.0,0.11660738,-0.07567977,0.17125839,-0.16107357,-0.109693825,0.032568417,-0.020802736,0.15031669,0.19998163,-0.17934895,-0.08982456,-0.05025945,-0.7640119,-0.0905168,-0.16124158,0.25244898,-0.48766875,0.028745556,-0.5963201,-0.08801874,-0.18864493,0.34483927,-0.023609586,-1.1836822,0.58204836,0.15583149,-0.48287368,-0.44339937,-0.6228204,1.0546186,0.3843951,0.12203459,-0.37841654,-0.41706276,-0.98228997,0.31748682,-200.0,-55.12690396147147,-200.0,200.0,-200.0,-183.477331816875,-200.0,-57.87108695742312,-200.0,200.0,-200.0,136.103435141911,0.11660738,-0.07567977,-0.6287416,1.4389265,-0.90969384,0.032568417,-0.020802736,0.15031669,-0.6000184,1.4206511,-0.88982457,-0.05025945,-15.280238,-1.8103359,-3.2248316,5.0489793,-9.753375,0.5749111,-11.926401,-1.7603748,-3.7728987,6.8967853,-0.47219172,-23.673643
477,0.01609287,0.63389164,0.03168866,-0.016057847,-0.04452546,-0.9988792,1.0,0.0,0.0,0.029164858,-0.08267169,0.11996442,-0.10778272,-0.26674682,0.1235281,-0.0651167,0.14553288,0.1401481,-0.12910461,-0.19928443,-0.1777848,-0.16999358,-0.0015329065,-0.34020606,0.31267598,-0.7496113,0.7673282,0.08055279,0.01431191,-0.3854547,0.17454639,-0.9755376,-0.19030905,0.83225495,-0.15809304,1.4847761,-1.0715297,0.2819333,-0.69201106,1.0468023,0.21545082,1.6707803,-1.13669,0.0034342557,1.2378877,200.0,-46.087985131723684,-200.0,-200.0,-200.0,200.0,200.0,200.0,-200.0,-200.0,44.87349768570505,200.0,0.029164858,-0.08267169,-0.6800356,1.4922173,-1.0667468,0.1235281,-0.0651167,0.14553288,-0.6598519,1.4708954,-0.99928445,-0.1777848,-3.3998716,-0.030658131,-6.804121,6.2535195,-14.992227,15.346564,1.6110557,0.2862382,-7.709094,3.4909277,-19.510752,-3.806181
478,-0.039955344,0.05075015,-0.63201296,-0.0028606243,-0.04408634,-0.9990236,1.0,0.0,0.0,0.06129949,-0.083967604,0.092397094,-0.07980561,-0.3081569,0.17046766,0.00994361,0.14764689,0.10008198,-0.13582301,-0.28906614,-0.10901471,0.42422238,-0.0066538597,0.021769227,0.017972002,0.24042796,-0.19865674,0.6154661,0.006318935,-0.04837292,-0.20090929,-0.018851569,0.78048015,-0.32403922,-0.38792053,0.5240087,-0.5514905,0.5319102,-0.43677944,-0.6905105,-0.2463165,0.62268496,0.3227641,0.46630406,-0.10058179,200.0,136.14745324622675,200.0,-200.0,200.0,200.0,200.0,-148.82341207753984,200.0,-200.0,200.0,-200.0,0.06129949,-0.083967604,-0.7076029,1.5201944,-1.1081569,0.17046766,0.00994361,0.14764689,-0.69991803,1.464177,-1.0890661,-0.10901471,8.4844475,-0.13307719,0.43538454,0.35944003,4.808559,-3.9731348,12.309322,0.1263787,-0.96745837,-4.0181856,-0.37703136,15.609603
479,0.5652511,-0.6848433,-0.14993276,-0.014948285,-0.056583323,-0.99828595,1.0,0.0,0.0,0.082164176,-0.10559332,0.13001388,-0.098428845,-0.15495116,0.036089655,0.05133789,0.12783125,0.114160776,-0.13056028,-0.17147905,-0.05544826,-0.24077201,-0.14996795,0.1819803,0.04500942,1.1849192,-0.6640263,-0.10496508,-0.17733984,0.19785844,0.13976221,0.8868379,-0.06819002,-0.6258659,1.1461979,-0.8219922,-0.28147507,-1.1894048,0.39719608,-0.7642188,1.2157854,-0.5858373,1.0455971,-0.91169864,-0.49713728,-200.0,-200.0,200.0,200.0,-200.0,-47.67517137568563,-200.0,-200.0,200.0,-200.0,200.0,13.190613677154033,0.082164176,-0.10559332,-0.6699861,1.5015712,-0.95495117,0.036089655,0.05133789,0.12783125,-0.68583924,1.4694397,-0.97147906,-0.05544826,-4.81544,-2.999359,3.6396058,0.9001884,23.698385,-13.280526,-2.0993016,-3.5467966,3.9571686,2.795244,17.736757,-1.3638004
480,-0.124485604,-0.08886708,0.59857863,-0.03002518,-0.06362301,-0.99752223,1.0,0.0,0.0,-0.027266424,-0.114956595,0.1432178,-0.09712863,-0.018355727,0.010176596,-0.028354865,0.1206252,0.11505973,-0.06434381,-0.099642694,-0.15899023,-0.7898696,0.037135802,-0.024103014,-0.009674962,0.2854432,0.3082977,-0.6333373,0.07671793,-0.15328859,0.48669434,-0.07326356,-0.70651716,0.56589365,0.03252043,-0.3651126,-0.8388443,-0.03820176,0.6685287,0.28139588,-0.5177176,-0.110792026,-1.0036523,-0.7507758,0.0031487988,-200.0,200.0,-200.0,200.0,-200.0,-1.6334395659622487,-200.0,200.0,-200.0,-200.0,-200.0,200.0,-0.027266424,-0.114956595,-0.6567822,1.5028714,-0.81835574,0.010176596,-0.028354865,0.1206252,-0.6849403,1.5356562,-0.8996427,-0.15899023,-15.797392,0.742716,-0.48206028,-0.19349924,5.7088637,6.1659536,-12.666746,1.5343585,-3.0657718,9.733887,-1.4652712,-14.1303425
481,-0.14907338,0.52306926,-0.0159238,-0.022292206,-0.058070306,-0.99806356,1.0,0.0,0.0,-0.119699575,-0.110196404,0.11527032,-0.07588315,-0.026307404,0.13543837,-0.08370061,0.1293633,0.06520885,0.013492703,-0.20712823,-0.18938802,-0.20887212,0.011821475,-0.23275374,0.17984515,-0.07455333,0.75057894,0.010181441,0.01211926,-0.31380948,0.3013514,-0.8306417,0.30139804,0.94979846,-0.0015319735,1.1733719,0.03887319,-0.107754156,-0.22693098,1.0149132,0.14937279,0.54997694,-0.85596174,-0.63543373,0.96880335,200.0,-200.0,-79.35980903184344,-200.0,-200.0,200.0,200.0,200.0,-200.0,-200.0,46.95113122743666,200.0,-0.119699575,-0.110196404,-0.6847297,1.5241169,-0.8263074,0.13543837,-0.08370061,0.1293633,-0.73479116,1.6134927,-1.0071282,-0.18938802,-4.1774426,0.2364295,-4.6550746,3.596903,-1.4910667,15.011579,0.20362881,0.2423852,-6.27619,6.027028,-16.612833,6.027961
482,-0.39822757,-0.06960236,-0.690422,-0.011369743,-0.045192212,-0.9989136,1.0,0.0,0.0,-0.09470777,-0.09300728,0.100753784,-0.047078967,-0.057180345,0.17750908,-0.022161767,0.1367119,0.03945154,0.039836764,-0.3568806,-0.020846732,0.39322922,0.12643878,0.051589884,0.116367035,-0.11458968,-0.22493069,0.549709,0.04134819,0.02078901,-0.007981199,-0.6145825,1.2864406,-0.22023001,-0.696414,0.68703204,-0.6667914,0.51664436,-0.6217965,-0.5776659,-0.63792574,0.64847136,-1.2163861,0.23269089,-0.36697823,200.0,-14.871736942902558,200.0,-200.0,60.45819695630746,200.0,200.0,67.98943442611926,200.0,54.91627922039564,14.427131199590491,-200.0,-0.09470777,-0.09300728,-0.6992462,1.552921,-0.85718036,0.17750908,-0.022161767,0.1367119,-0.7605485,1.6398368,-1.1568806,-0.020846732,7.864584,2.5287755,1.0317976,2.3273406,-2.2917936,-4.498614,10.99418,0.8269638,0.41578022,-0.15962398,-12.291649,25.728811
483,0.1564316,-0.7098755,-0.06898376,-0.0247229,-0.04262191,-0.9987853,1.0,0.0,0.0,-0.07851603,-0.091611326,0.14443547,-0.054553628,0.007619977,0.03670978,0.01806133,0.1212895,0.08978909,-0.0014308691,-0.3747298,0.12943766,-0.13570546,0.016933415,0.22065416,0.088370845,-0.06934176,-0.6509747,-0.080412,-0.1526916,0.44909358,-0.3835859,0.34149176,0.3146877,-0.6004657,0.46081325,-0.82553405,0.0379576,-0.32047334,0.4462131,-0.70065737,0.8237174,-0.95418435,0.03794247,0.08970429,-0.87930137,-200.0,-200.0,200.0,-200.0,200.0,-200.0,-162.37890698971063,-200.0,200.0,-200.0,200.0,-200.0,-0.07851603,-0.091611326,-0.65556455,1.5454464,-0.79238003,0.03670978,0.01806133,0.1212895,-0.7102109,1.5985692,-1.1747298,0.12943766,-2.7141092,0.3386683,4.413083,1.7674168,-1.3868351,-13.019493,-1.60824,-3.053832,8.981872,-7.671718,6.829835,6.2937536
484,-0.42519236,-0.03730762,0.63663334,-0.04196482,-0.036267675,-0.9984606,1.0,0.0,0.0,-0.16668124,-0.06687625,0.15876395,-0.022742748,-0.08175397,0.009984285,-0.05606058,0.1174323,0.13577157,-0.0398674,-0.23607332,0.08114289,-0.6874884,0.21326767,-0.03483841,0.18613689,-0.5136626,0.29015857,-0.6076386,0.08855157,0.054810412,-0.03294974,0.71181744,-0.69691455,0.6510627,-0.9687841,-0.5262005,-0.30012774,-0.4489746,0.40888748,-0.077323735,-0.5621118,-0.15377222,0.32582533,0.36296934,0.16462544,-200.0,200.0,-200.0,200.0,-59.29618113292929,-200.0,-200.0,200.0,-200.0,-55.43636417072449,34.12772866579172,200.0,-0.16668124,-0.06687625,-0.64123607,1.5772573,-0.881754,0.009984285,-0.05606058,0.1174323,-0.66422844,1.5601326,-1.0360733,0.08114289,-13.749767,4.265353,-0.69676816,3.7227378,-10.273252,5.803171,-12.152772,1.7710314,1.0962082,-0.65899473,14.236349,-13.938291
485,0.121441394,0.5062472,0.0013294151,-0.031577606,-0.030712709,-0.99902934,1.0,0.0,0.0,-0.24752769,-0.043640397,0.13203722,0.005580187,-0.20408827,0.13226023,-0.11159529,0.11087506,0.104765534,-0.016312957,-0.043617368,0.049832392,-0.1770914,0.04444092,-0.22459097,0.104739584,-0.53113353,0.6108524,-0.041091572,-0.13190322,-0.31954968,0.23934713,0.88932794,0.20957851,1.0102761,-0.29209659,0.8843672,-0.6846062,-0.2945419,-0.6029703,0.7476213,0.37762132,0.8197442,-0.122464456,0.17891623,0.48575944,64.32508485512403,-200.0,-200.0,200.0,-77.47228658244148,59.5773204533981,200.0,-200.0,-200.0,-200.0,42.64258224970894,-57.36673527903827,-0.24752769,-0.043640397,-0.6679628,1.6055802,-1.0040883,0.13226023,-0.11159529,0.11087506,-0.6952345,1.5836871,-0.8436174,0.049832392,-3.541828,0.8888184,-4.4918194,2.0947917,-10.62267,12.217048,-0.8218314,-2.6380644,-6.3909936,4.7869425,17.786558,4.1915703
486,-0.037176374,-0.13383089,-0.6544818,-0.024942262,-0.032374065,-0.9991646,1.0,0.0,0.0,-0.22272603,-0.036732942,0.1294598,-0.01157701,-0.24461013,0.15142572,-0.060836136,0.09196302,0.08407074,-0.0055003166,0.049013674,0.17179245,0.37202224,0.023503466,0.16172884,-0.24032605,-0.11283702,-0.32572484,0.48974285,-0.05812272,0.07203279,-0.09308815,0.286458,0.6814819,-0.3408921,-0.24677658,0.48148122,-0.606943,0.26920307,-0.11987727,-0.31958568,0.16536787,0.5401323,-0.10195851,-1.0171111,-0.32939026,200.0,200.0,200.0,-174.92968608515636,-30.486573128222915,-50.48069782541222,200.0,-200.0,200.0,-200.0,14.469820866895404,-200.0,-0.22272603,-0.036732942,-0.6705402,1.588423,-1.0446101,0.15142572,-0.060836136,0.09196302,-0.71592927,1.5944997,-0.75098634,0.17179245,7.4404445,0.4700693,3.234577,-4.806521,-2.2567403,-6.514497,9.794857,-1.1624544,1.4406557,-1.861763,5.7291594,13.629638
487,-0.05573482,-0.9235285,-0.0018384423,-0.047070194,-0.031429328,-0.998397,1.0,0.0,0.0,-0.21758166,-0.0396164,0.18755364,-0.059360743,-0.15986586,0.054536108,-0.035815924,0.08704523,0.14342326,-0.022520542,-0.04051423,0.17816871,-0.19863431,-0.05342815,0.39028347,-0.22553067,0.8222114,-0.41053304,-0.15182146,0.005926088,0.48217064,-0.16022682,-0.90874195,-0.43196365,-0.37501726,0.14424539,-0.7243853,0.57196087,0.24432255,0.4261708,-0.85410774,0.16640836,-0.98180544,0.6222566,-0.51499116,-0.4861356,-200.0,155.66405200331008,200.0,-18.69334364500699,-200.0,-200.0,-77.89169028042537,-200.0,200.0,-200.0,124.38067460368018,62.10316952720336,-0.21758166,-0.0396164,-0.61244637,1.5406393,-0.95986587,0.054536108,-0.035815924,0.08704523,-0.65657675,1.5774795,-0.84051424,0.17816871,-3.972686,-1.068563,7.8056693,-4.5106134,16.444227,-8.210661,-3.0364292,0.11852176,9.643413,-3.2045364,-18.174839,-8.639273
488,-0.41613904,-0.21234313,0.40796345,-0.068667404,-0.019927824,-0.9974406,1.0,0.0,0.0,-0.27470213,-0.034664717,0.21716338,-0.048944592,-0.0456146,0.054394826,-0.12190694,0.10219079,0.19743806,-0.016359687,-0.21870118,-0.0011981287,-0.27133122,0.07905241,-0.072258,0.32018068,0.44672176,0.28368324,-0.64976376,0.10886436,0.10221024,0.18409951,-0.73516697,-1.0322819,0.6678312,-0.3972405,-0.3833702,0.32691076,0.04014137,0.20494866,0.10396853,-0.26256824,-0.6666374,-0.95375687,0.14808923,0.35641512,-200.0,27.469420973498387,-200.0,200.0,200.0,37.610838184702175,80.64720976273878,200.0,-200.0,200.0,200.0,200.0,-0.27470213,-0.034664717,-0.5828366,1.5510554,-0.8456146,0.054394826,-0.12190694,0.10219079,-0.60256195,1.5836403,-1.0187012,-0.0011981287,-5.4266243,1.5810481,-1.44516,6.4036136,8.934435,5.6736646,-12.9952755,2.177287,2.0442047,3.6819901,-14.703339,-20.645638
489,0.37245047,0.2879847,-0.32470685,-0.0660052,-0.02074987,-0.99760354,1.0,0.0,0.0,-0.273475,-0.04161397,0.15838015,0.050587773,-0.010234594,0.10714329,-0.18736152,0.0941128,0.19629997,0.0032247305,-0.2573368,-0.09660107,0.22998834,-0.13012157,-0.45727608,0.5940759,0.113717414,0.2214135,-0.06515457,-0.15461504,-0.098274045,0.026297107,0.25036436,-0.023505965,0.053152006,0.24825338,0.9425866,-1.2742232,-0.6104995,-0.28581294,0.8524755,0.1396755,0.015369786,-1.0872887,0.44089466,0.56168973,200.0,-200.0,-200.0,-200.0,200.0,200.0,200.0,-200.0,-200.0,-8.807291806657076,-13.53651304754311,-26.3886228367339,-0.273475,-0.04161397,-0.64161986,1.6505878,-0.8102346,0.10714329,-0.18736152,0.0941128,-0.60370004,1.6032248,-1.0573368,-0.09660107,4.5997667,-2.6024313,-9.145521,11.881518,2.2743483,4.42827,-1.3030913,-3.092301,-1.9654808,0.52594215,5.007287,-0.4701193
490,-0.20242366,0.40301192,-0.52594006,-0.051125415,-0.023260947,-0.9984213,1.0,0.0,0.0,-0.18170857,-0.03678461,0.093419075,0.13077426,-0.094302475,0.046701796,-0.13217671,0.091612056,0.17101377,-0.0073912144,-0.10171652,0.0069006486,0.5240427,0.12885521,-0.22273266,0.24925385,-0.8571575,-0.66590303,0.54141045,0.07689463,-0.14731558,-0.122006595,1.1198641,0.9635294,-0.34499842,-0.3292739,0.79348004,-1.3817711,-0.5304354,-0.3571373,-0.18999098,-0.023160458,0.40194333,-0.3923055,0.68619734,-0.26554373,200.0,36.64755906014336,-172.93119844715224,-200.0,23.178732578757035,200.0,-39.05693060445333,200.0,200.0,-200.0,-200.0,-54.36508413120134,-0.18170857,-0.03678461,-0.70658094,1.7307743,-0.8943025,0.046701796,-0.13217671,0.091612056,-0.62898624,1.5926088,-0.90171653,0.0069006486,10.480854,2.577104,-4.4546533,4.985077,-17.14315,-13.318061,10.828209,1.5378926,-2.9463115,-2.440132,22.397282,19.270588
491,0.41832888,-0.3412707,0.11268772,-0.05146167,-0.030012177,-0.9982239,1.0,0.0,0.0,-0.13894008,-0.048013493,0.09197718,0.14475465,-0.24495429,-0.09067081,-0.09879776,0.079885334,0.16155618,0.003529787,0.04087448,0.033682622,-0.036388442,-0.19180459,0.17108355,-0.07534883,-0.6269429,-0.5832655,-0.09478071,-0.12515266,0.04075813,0.11427375,0.547525,-0.44407922,-0.41643265,-0.23368362,0.056565095,-0.55658966,-0.065660015,0.5595833,-0.87969446,0.39675528,0.83844006,1.6686227,-0.23418285,-0.50400275,-131.28646387811114,-94.97560104196005,200.0,-200.0,200.0,-200.0,-200.0,-200.0,200.0,-200.0,58.0034000500591,52.11933721524019,-0.13894008,-0.048013493,-0.70802283,1.7447547,-1.0449543,-0.09067081,-0.09879776,0.079885334,-0.6384438,1.6035298,-0.75912553,0.033682622,-0.72776884,-3.8360918,3.4216712,-1.5069766,-12.538857,-11.665309,-1.8956143,-2.5030532,0.8151626,2.285475,10.9505,-8.881584
492,0.22561428,-0.36246046,0.51393026,-0.06635569,-0.04211251,-0.99690694,1.0,0.0,0.0,-0.20011713,-0.091010004,0.12379229,0.11450672,-0.26233023,-0.10097995,-0.17742766,0.06351724,0.17430174,0.041196465,0.04107076,-0.11968549,-0.44796553,-0.21999784,0.14175323,-0.21093409,0.33392712,0.38517588,-0.6219048,-0.04740906,0.08066827,0.24902208,-0.44661114,-0.83723277,0.52300036,0.48436978,-0.6627877,-1.0801468,0.46618074,0.77657944,0.7637421,0.3475148,-0.83905923,-1.2947803,-0.9796505,0.23277229,-200.0,200.0,200.0,200.0,-200.0,61.12684544173351,-9.627402215881204,-72.38654842474432,-200.0,-200.0,145.23116504594879,200.0,-0.20011713,-0.091010004,-0.6762077,1.7145067,-1.0623302,-0.10097995,-0.17742766,0.06351724,-0.62569827,1.6411965,-0.75892925,-0.11968549,-8.959311,-4.3999567,2.8350644,-4.218682,6.6785426,7.7035174,-12.438096,-0.9481812,1.6133654,4.9804416,-8.932222,-16.744656
493,-0.26526812,0.45065683,-0.107234076,-0.06347828,-0.039681207,-0.997194,1.0,0.0,0.0,-0.22802497,-0.10317292,0.13004005,0.05472648,-0.09079832,0.08302297,-0.23051749,0.08434937,0.16878664,0.0784117,-0.15243179,-0.17927596,0.11284415,0.068169884,-0.050544627,-0.3743246,1.167168,1.3499268,0.025773814,0.2346497,-0.11685158,0.13273717,-1.3939383,0.14284383,0.3895417,-0.5554023,0.93582493,0.6255042,0.14161272,-0.45097092,0.77410734,-0.5270263,-0.17361484,-0.622131,-0.19471733,0.94824284,200.0,200.0,-200.0,-200.0,-200.0,200.0,200.0,200.0,-200.0,-200.0,-7.92525992986657,178.52652192574692,-0.22802497,-0.10317292,-0.66995996,1.6547265,-0.89079833,0.08302297,-0.23051749,0.08434937,-0.63121337,1.6784117,-0.9524318,-0.17927596,2.256883,1.3633977,-1.0108925,-7.4864917,23.343359,26.998537,0.5154763,4.692994,-2.3370316,2.6547434,-27.878765,2.8568766
494,0.34853864,0.29420105,-0.59537137,-0.048205964,-0.04353113,-0.9978884,1.0,0.0,0.0,-0.15007786,-0.11422398,0.123289645,0.014579773,0.022714019,0.23912477,-0.1650676,0.10372679,0.14157057,0.086934805,-0.32228,-0.039727665,0.59749335,-0.15215795,-0.044290774,0.102364756,0.1622933,0.23391688,0.57765156,-0.02130326,-0.1490857,-0.03314768,-0.40449148,1.1516149,-0.36264122,0.48828122,0.9424822,0.74300975,0.21372806,-0.38117015,0.09857258,0.22070184,0.35439363,-0.42460898,0.21751966,-0.38923892,200.0,-200.0,-200.0,-200.0,200.0,200.0,200.0,-200.0,200.0,200.0,200.0,-200.0,-0.15007786,-0.11422398,-0.67671037,1.6145798,-0.777286,0.23912477,-0.1650676,0.10372679,-0.65842944,1.6869348,-1.12228,-0.039727665,11.949866,-3.043159,-0.88581544,2.047295,3.2458658,4.6783376,11.553031,-0.4260652,-2.981714,-0.6629536,-8.089829,23.032297
495,-0.10911683,-0.30120403,-0.17121178,-0.048422676,-0.046940263,-0.99772334,1.0,0.0,0.0,-0.08093412,-0.12117453,0.1332125,0.04671502,0.08517599,0.1729486,-0.054295905,0.121405244,0.14828938,0.049670815,-0.29827958,0.081762046,0.12771535,0.046012487,0.1383798,0.19911428,0.2835174,-0.78828883,0.37826964,0.15218662,0.19080578,-0.312452,0.5498297,0.16028206,-0.7260003,0.31592166,0.04619265,-1.097669,0.5374981,-0.029836245,-0.75820684,-0.4533161,0.51051795,-0.21828088,0.4487207,-0.78602475,-88.10334863425237,64.83521008762452,200.0,-200.0,200.0,-200.0,-200.0,200.0,200.0,200.0,-33.77061835358285,-200.0,-0.08093412,-0.12117453,-0.6667875,1.646715,-0.714824,0.1729486,-0.054295905,0.121405244,-0.6517106,1.6496708,-1.0982796,0.081762046,2.554307,0.92024976,2.7675958,3.9822855,5.6703477,-15.765777,7.565393,3.0437324,3.8161154,-6.2490396,10.996594,3.205641
496,-0.06792678,-0.26604375,0.18641146,-0.059772234,-0.043749716,-0.9972528,1.0,0.0,0.0,-0.113514386,-0.111415006,0.15629464,0.06783652,0.21724528,0.0902533,-0.048133206,0.14071026,0.20580053,-0.037151456,-0.09648168,0.006306859,-0.39966455,0.051455002,0.09778152,0.038900245,0.7018298,-0.2740315,-0.26067945,0.05035956,0.35123128,-0.4787933,1.1674503,-0.8185059,0.22075385,-0.41903993,-0.82675165,-0.17114279,-0.99005306,0.42429274,-0.4983063,0.05229719,-0.20533572,1.5318861,0.1386495,0.4558532,-200.0,-200.0,200.0,95.94064275934193,-61.78491285431414,-200.0,-200.0,200.0,-200.0,-200.0,-59.35359047334134,36.23772103826525,-0.113514386,-0.111415006,-0.64370537,1.6678365,-0.58275473,0.0902533,-0.048133206,0.14071026,-0.5941995,1.5628486,-0.8964817,0.006306859,-7.993291,1.0291001,1.9556303,0.7780049,14.036595,-5.48063,-5.213589,1.0071912,7.0246253,-9.575866,23.349007,-16.370117
497,0.43445483,0.293349,0.1947884,-0.05841335,-0.05204712,-0.9969348,1.0,0.0,0.0,-0.14787273,-0.12587008,0.15171182,0.07699871,0.22312939,0.1329669,-0.14854796,0.1274636,0.22996199,-0.07385421,0.049271584,-0.072270304,0.0070467517,-0.15047151,-0.09223512,0.011846925,-0.39471596,0.5847604,-0.65535116,-0.1303069,-0.08988183,0.092410736,0.19949873,-0.064126916,0.5283214,0.53077376,0.05929822,-0.34803182,-1.0982955,0.29340437,0.19444141,0.401798,0.227477,0.49974722,0.8991013,0.5436087,-83.27659758487971,-36.85713470188877,-200.0,200.0,-23.968813547169617,200.0,200.0,-200.0,-200.0,-200.0,-200.0,49.46267424226642,-0.14787273,-0.12587008,-0.6482882,1.6769987,-0.5768706,0.1329669,-0.14854796,0.1274636,-0.570038,1.5261458,-0.7507284,-0.072270304,0.14093503,-3.0094302,-1.8447024,0.23693849,-7.894319,11.695209,-13.107023,-2.606138,-1.7976365,1.8482147,3.9899745,-1.2825383
498,-0.23496632,0.3184109,-0.59733886,-0.04530422,-0.055188898,-0.9974476,1.0,0.0,0.0,-0.08521854,-0.12212173,0.14271015,0.061603665,0.039878428,0.19360949,-0.21248096,0.12972185,0.19728804,-0.023848772,0.15149355,-0.0005373539,0.56902564,0.15003207,-0.009978779,-0.15004842,-1.3426265,0.21904556,-0.049110435,0.11900095,-0.21044564,0.38468868,0.70755965,0.67538136,-0.56617993,-0.25560486,0.95951027,-0.7895493,-0.1045192,-0.417033,1.0483246,-0.31551838,1.1325487,-0.42671233,0.29782563,-0.46360344,200.0,200.0,200.0,200.0,200.0,200.0,200.0,200.0,-151.84830617004062,-200.0,-200.0,-20.986597311707754,-0.08521854,-0.12212173,-0.65728986,1.6616037,-0.7601216,0.19360949,-0.21248096,0.12972185,-0.602712,1.5761513,-0.64850646,-0.0005373539,11.380512,3.0006413,-0.19957557,-3.0009685,-26.852528,4.3809114,-0.98220867,2.380019,-4.208913,7.6937733,14.151193,13.5076275
499,0.30224624,-0.40194544,-0.7003651,-0.047118384,-0.058605187,-0.99716866,1.0,0.0,0.0,-0.024799615,-0.12083095,0.17660564,-0.0052731037,-0.12215179,0.12977365,-0.18128625,0.12956978,0.19546652,0.012758255,0.22748792,0.03131792,0.080535255,-0.10523417,0.3197895,-0.4869878,-0.37551853,-0.758583,0.32172805,-0.09896885,0.15293525,0.020710535,0.1660633,-0.26250598,-1.1754918,0.23967406,0.26575503,-0.85180956,1.0632858,0.2986606,-0.03222227,0.2019826,-0.92622334,0.0448412,-1.1040382,-0.86522096,200.0,-200.0,200.0,-200.0,-35.405447521482216,-200.0,-200.0,-192.66169839152832,200.0,-200.0,200.0,-200.0,-0.024799615,-0.12083095,-0.62339437,1.5947269,-0.9221518,0.12977365,-0.18128625,0.12956978,-0.6045335,1.6127583,-0.5725121,0.03131792,1.610705,-2.1046834,6.39579,-9.739756,-7.5103707,-15.17166,6.434561,-1.9793769,3.058705,0.4142107,3.321266,-5.250119
500,-0.24742886,-0.015441003,-0.010860739,-0.050522707,-0.059589062,-0.99694365,1.0,0.0,0.0,-0.06085908,-0.12403181,0.21784568,-0.1024425,-0.09841412,0.07347974,-0.12011456,0.13959098,0.19949555,0.02918291,0.15536845,-0.12945059,-0.28561327,0.025262598,0.025830975,-0.07416295,0.33935657,-0.0550037,0.3402984,0.16452347,-0.055114146,0.11541531,-0.7905825,-1.2411774,0.31228724,-0.30367777,0.1241574,1.168188,0.93817914,0.34354457,-0.39752513,-0.051606208,-0.6055192,0.2615802,-0.6506433,0.37312856,200.0,136.76193081003228,-200.0,40.08839441029322,-200.0,-200.0,-200.0,200.0,98.76185201202992,-200.0,200.0,200.0,-0.06085908,-0.12403181,-0.58215433,1.4975575,-0.89841413,0.07347974,-0.12011456,0.13959098,-0.60050446,1.6291829,-0.64463156,-0.12945059,-5.712265,0.50525194,0.5166195,-1.4832591,6.7871313,-1.1000739,6.8059683,3.2904692,-1.1022829,2.3083062,-15.811649,-24.82355
