step,obs_0,obs_1,obs_2,obs_3,obs_4,obs_5,obs_6,obs_7,obs_8,obs_9,obs_10,obs_11,obs_12,obs_13,obs_14,obs_15,obs_16,obs_17,obs_18,obs_19,obs_20,obs_21,obs_22,obs_23,obs_24,obs_25,obs_26,obs_27,obs_28,obs_29,obs_30,obs_31,obs_32,obs_33,obs_34,obs_35,obs_36,obs_37,obs_38,obs_39,obs_40,obs_41,obs_42,obs_43,obs_44,torque_0,torque_1,torque_2,torque_3,torque_4,torque_5,torque_6,torque_7,torque_8,torque_9,torque_10,torque_11
0,0.0,0.0,0.0,0.0,0.0,0.0,0.0,0.0,0.0,0.0,0.0,0.0,0.0,0.0,0.0,0.0,0.0,0.0,0.0,0.0,0.0,0.0,0.0,0.0,0.0,0.0,0.0,0.0,0.0,0.0,0.0,0.0,0.0,0.0,0.0,0.0,0.0,0.0,0.0,0.0,0.0,0.0,0.0,0.0,0.0,0.0,0.0,0.0,0.0,0.0,0.0,0.0,0.0,0.0,0.0,0.0,0.0
1,-4.236729e-06,-0.007948077,-1.6194454e-06,5.07107e-10,2.0807677e-20,-1.0,1.0,0.0,0.0,1.4361774e-08,3.0844507e-08,-0.00014168024,0.000364542,-0.00019103289,-3.4388776e-08,-8.5621316e-08,-4.7636032e-08,-0.00014179945,0.00036466122,-0.00019103289,7.663264e-07,7.180887e-07,1.5422255e-06,-0.007085928,0.018227074,-0.009551685,-1.7194388e-06,-4.2810657e-06,-2.3818018e-06,-0.007089533,0.018232439,-0.009552402,3.8316324e-05,-0.11619203,0.35467887,-0.7787694,0.27912325,-0.69625384,0.1955908,-0.52707076,-0.3622401,0.5774242,0.23067473,-0.81039023,0.14134341,1.0496371106841038e-16,-9.126431015981087e-16,2.4278254961984658e-06,7.5100796692595395e-06,1.6622490051076966e-06,2.184256995542857e-16,2.1725319502952884e-16,-6.610165946398804e-16,2.4278254961984658e-06,7.5100796692595395e-06,1.6622490051076966e-06,-7.931650411561811e-17
2,-0.019388637,-0.09678391,0.8302624,-0.002199448,0.00030594744,-0.99999756,1.0,0.0,0.0,-0.05009482,0.007160205,-0.022328198,0.041255474,-0.103400886,0.09866772,-0.05128457,-0.010017704,0.00051790476,0.031824708,-0.10357517,0.08985903,-0.39496514,0.06818362,-0.18330552,0.3162658,-0.77282155,0.74435794,-0.46291852,-0.087103546,0.022586217,0.23094797,-0.77429634,0.66584295,-0.06030816,0.6052461,-1.0342575,0.6826075,-0.5364292,0.07755234,-0.6777051,-0.47054523,1.4169034,0.1284291,-0.65551347,0.5727771,200.0,200.0,-200.0,-127.67913667662435,200.0,-200.0,-167.46231061688945,-200.0,200.0,-58.09035652877532,200.0,-200.0
3,-0.15800698,-0.17512475,1.1775836,-0.007933922,0.0042641326,-0.9999594,1.0,0.0,0.0,-0.1019719,0.03109315,-0.07923311,0.13711786,-0.2618832,0.17345275,-0.1892841,-0.03539689,0.014626563,0.07978284,-0.32808,0.28603068,-0.094582215,0.16281053,-0.3707342,0.6084694,-0.59831643,-0.05023017,-0.87596714,-0.16825223,0.106311835,0.25505757,-1.5037897,1.3373421,0.6399733,0.05867746,-1.3566127,0.44763833,0.07959313,-0.45303294,0.103415996,-0.38697582,0.9839579,-0.6556298,0.23172092,0.15179226,200.0,200.0,-200.0,200.0,72.50469327573933,-200.0,-200.0,-200.0,200.0,117.60771639586088,-200.0,200.0
4,-0.060495067,-0.2915403,0.7373657,-0.0170107,0.010494455,-0.9998002,1.0,0.0,0.0,-0.06569484,0.059737965,-0.1687414,0.2743746,-0.27314776,0.05804879,-0.30503076,-0.081615634,0.052749097,0.10341954,-0.52426225,0.4523398,0.4102315,0.083593674,-0.4826029,0.66938156,0.38965794,-0.9815797,-0.345881,-0.288918,0.24563639,0.038059782,-0.56209594,0.4225017,0.46789908,-0.020997718,-0.8389319,0.09204076,-0.29912603,0.11854183,0.84215593,0.038663507,0.35718077,-0.87772596,0.31674823,-0.31415835,200.0,-97.9550086371545,-200.0,-200.0,200.0,-149.80357641838657,200.0,-200.0,200.0,-200.0,200.0,-200.0
5,-0.29574087,-0.16710167,0.40151027,-0.025838893,0.017649919,-0.9995103,1.0,0.0,0.0,0.07476251,0.06283219,-0.2730779,0.3902979,-0.26413327,-0.03409076,-0.31583107,-0.11672618,0.1137107,0.09571099,-0.5392961,0.43431082,0.82490045,-0.0447252,-0.5626995,0.5037278,-0.0556567,-0.008595275,0.18013506,-0.077721424,0.33937383,-0.098545745,0.3281359,-0.5138095,-0.32042673,-0.5938373,-0.39615762,-0.40490288,-0.50724405,0.14703491,0.21448834,-0.1528895,-0.19467975,-1.0567504,-0.38329875,0.33542964,-200.0,-115.33929482809839,-62.343301893746,-200.0,196.58122568069467,200.0,200.0,200.0,-191.33643861270969,-200.0,200.0,-200.0
6,0.21160674,-0.048685845,0.26128462,-0.029632036,0.019697938,-0.99936676,1.0,0.0,0.0,0.19566196,0.02092284,-0.3661291,0.46006906,-0.34701723,0.030775996,-0.23376958,-0.14030582,0.17073876,0.07352877,-0.45973235,0.3434443,0.4282007,-0.3316426,-0.34852558,0.21341585,-0.59791803,0.49374604,0.59884685,-0.1413564,0.24988087,-0.10137113,0.39373794,-0.17795816,-0.5460061,0.017276883,0.063360766,0.06296192,-0.15844077,-0.012426009,0.1565222,-0.60562867,0.012870133,-1.3060664,-0.52407056,0.39276126,-200.0,-200.0,200.0,-200.0,-200.0,200.0,200.0,-36.125586562259,-200.0,-200.0,180.8514795174272,200.0
7,0.523376,-0.10879225,0.2704279,-0.032989636,0.004383743,-0.9994461,1.0,0.0,0.0,0.22234681,-0.034890294,-0.40729862,0.47154152,-0.3633011,0.050445247,-0.11201274,-0.1792912,0.21873319,0.059129,-0.4605047,0.35541362,-0.10990663,-0.2154001,-0.101322286,-0.06866661,0.2566843,-0.12422253,0.54546726,-0.24331181,0.23803928,-0.07675827,-0.12382734,0.08436226,-0.014225705,0.7314701,-0.52562326,0.09278588,0.39427847,-0.14275412,-0.32850796,0.20057403,-0.07828586,-1.3180456,-0.27232575,0.18146923,-200.0,200.0,200.0,-200.0,-11.753939476808455,-20.715311308724978,-5.070508405963665,-200.0,-200.0,-200.0,-6.28305663533979,-8.859760390386839
8,0.019669624,0.32091776,0.78826016,-0.027333412,-0.00475744,-0.9996151,1.0,0.0,0.0,0.14854795,-0.039088633,-0.44785887,0.43717396,-0.21564108,-0.01832304,-0.06806839,-0.20382841,0.2456457,0.036746025,-0.40311533,0.2977369,-0.54006463,0.13907784,-0.25975618,-0.26114112,1.0439605,-0.43532982,-0.047230758,-0.03136947,0.03501828,-0.11509784,0.53129965,-0.51643926,0.26613688,0.093085065,-0.35919353,0.72535396,0.16458291,0.06900974,-0.23936647,0.32874262,0.30579793,-0.83847725,-0.036065318,-0.05574739,-200.0,200.0,-175.26902797363954,-200.0,200.0,-200.0,-200.0,200.0,-200.0,-200.0,200.0,-200.0
9,-0.5323167,-0.15686564,0.62689847,-0.024841418,0.0072907507,-0.99966484,1.0,0.0,0.0,0.08952555,0.0025492748,-0.47789532,0.39997804,-0.06473619,-0.016514013,-0.10526513,-0.1900812,0.26533312,0.0059776306,-0.27997524,0.17835392,-0.09087493,0.24673343,-0.05906525,-0.12312583,0.49634334,0.279414,-0.22894846,0.14584716,0.07656899,-0.018635914,0.5414203,-0.43454725,0.45286188,-0.58013517,-0.06523171,0.82052135,-0.22961858,0.083209895,0.06524896,-0.6384158,-0.044712156,-0.54755914,-0.6518016,-0.10108026,200.0,-51.50480624582474,200.0,200.0,-60.45323751044356,189.6056281962937,-49.418757322386966,200.0,-1.852132028046455,-200.0,-57.168860292377246,5.991726746413008
10,-0.0025264234,-0.26476905,-0.28902146,-0.033648092,0.01745591,-0.9992813,1.0,0.0,0.0,0.13406685,0.009348674,-0.47232038,0.3869723,-0.07131451,0.034351207,-0.10803763,-0.17731792,0.27495104,0.017305374,-0.26766247,0.07845795,0.41083273,-0.12441968,0.09232064,-0.019577859,-0.30708623,0.14802712,0.15080895,-0.011020308,0.042154755,0.10044453,-0.31058955,-0.45533153,0.2015829,-0.023578241,-1.0494602,0.20732363,-0.11290076,0.12310677,0.35221976,-0.44517076,-0.019768909,-1.0362043,-0.023107596,-0.17925861,-156.1186261938277,-200.0,200.0,200.0,200.0,-200.0,127.81757782697304,-200.0,-200.0,-200.0,-200.0,200.0
11,0.2197204,0.36973485,-0.4363045,-0.030600803,0.011614622,-0.9994642,1.0,0.0,0.0,0.1914666,-0.015505138,-0.47200018,0.36441982,-0.09998095,0.07580995,-0.03875773,-0.18207969,0.25965625,0.043243885,-0.24927849,-0.012533056,0.1109034,-0.08987291,-0.07594978,-0.18853997,-0.024873696,0.10183948,0.51752806,-0.020556282,-0.18619645,0.19366568,0.22012165,-0.18009818,-0.4297507,0.53587896,-0.56926006,0.06018175,0.2929288,0.0037426967,-0.26368368,0.27068472,0.6556896,-0.8386108,0.26031023,-0.26580822,-158.20326573432988,85.86650769500852,-200.0,-169.3499581351561,38.946759315575456,-85.99454308351935,200.0,-200.0,-200.0,-200.0,158.85512886091743,200.0
12,-0.41548353,0.17957354,0.5882331,-0.019572308,0.017105762,-0.9996621,1.0,0.0,0.0,0.14875627,0.016244043,-0.4885736,0.31015062,-0.011576295,0.046475437,0.012651838,-0.16298757,0.23114961,0.07474768,-0.20390612,-0.0814107,-0.4751216,0.36217052,-0.06785278,-0.34095988,0.7706529,-0.24509071,0.042065572,0.18470748,-0.10511249,0.13058779,0.23849595,-0.47450444,-0.28494203,-0.79800576,-0.12638514,0.35371643,0.17115897,-0.24686097,-0.80727977,-0.015366867,0.41603255,-0.20318241,-0.15633968,-0.22356984,-200.0,200.0,-87.26062851506276,-200.0,200.0,-102.92278170179682,-200.0,200.0,200.0,-200.0,200.0,-200.0
13,-0.34059808,-0.46678957,1.3484787,-0.025282819,0.032531124,-0.9991509,1.0,0.0,0.0,0.03406331,0.07963656,-0.4725979,0.24777687,0.15838611,-0.052884962,-0.029407855,-0.13073741,0.24567848,0.07955015,-0.18843251,-0.18033034,-0.6686548,0.2810731,0.1944354,-0.26925704,0.8359742,-0.6802115,-0.41882402,0.12120946,0.23081486,-0.071498,-0.008180361,-0.39849374,0.41941717,-0.77792305,-0.7647162,0.41023028,-0.08907477,-0.0046228077,-0.22296613,-0.36057565,-0.16085823,-0.37096745,-0.5659638,0.2140725,-200.0,-200.0,200.0,189.95315422125626,90.76582877329975,-200.0,-200.0,200.0,200.0,-200.0,64.46595851245141,-115.74676085399204
14,0.03598178,0.03749083,0.7586081,-0.031081568,0.039264686,-0.9987453,1.0,0.0,0.0,-0.03394109,0.0888334,-0.46593505,0.22011352,0.21836877,-0.08309465,-0.10104004,-0.12965493,0.27189058,0.057786584,-0.27923757,-0.15121776,-0.071456864,-0.14140339,-0.10255624,-0.030626712,-0.13910434,0.15596682,-0.3172031,-0.08767453,0.045505457,-0.13962708,-0.6109428,0.5904784,0.52873325,0.086328484,-0.90674764,0.23625045,-0.0062138885,0.272648,0.4280855,-0.030151196,-0.15546827,-0.32231033,-0.1432344,0.31532043,200.0,-200.0,-200.0,200.0,-200.0,22.495940261995315,72.60846069830023,-200.0,-200.0,-200.0,28.705599929750292,200.0
15,-0.4466269,0.6756,-0.047277454,-0.014953538,0.050126333,-0.99863094,1.0,0.0,0.0,0.0040300195,0.06894832,-0.5167617,0.2240169,0.14773256,0.019183481,-0.10182956,-0.11339101,0.26210707,0.01711297,-0.2951283,0.0023048986,0.39160186,-0.08344044,-0.37217796,0.041647818,-0.33334064,0.54941624,0.23904327,0.1858496,-0.12854563,-0.25722176,0.28410757,0.6865215,-0.06980394,0.05765684,0.041071102,1.086786,-0.06793334,0.23845723,0.3445409,-0.94789773,1.011736,-0.916994,0.24709028,-0.32650688,200.0,114.98823140858767,-200.0,-12.835167616895408,26.031263086518948,-41.460456359751674,200.0,3.9316505932859513,-200.0,-200.0,63.551853855242,-61.57372648992339
16,-0.26082477,-0.16904767,0.066927224,-0.0065211374,0.06330235,-0.9979731,1.0,0.0,0.0,0.033068977,0.06503481,-0.55773014,0.24822927,0.038153887,0.13202032,-0.0125698205,-0.09138987,0.25747895,-0.0012596846,-0.20992392,0.087426685,-0.044714067,0.022191642,-0.07497571,0.17772645,-0.6068135,0.59258556,0.54880536,0.053405564,0.05455746,0.021867454,0.26420304,0.23304653,0.006848933,-0.11475612,-0.5340077,0.4807281,-0.008505009,0.035206787,-0.333629,-1.2401069,0.3079455,-1.2208354,0.27187073,-1.2550901,-200.0,-26.085195861891147,200.0,200.0,200.0,-200.0,200.0,-200.0,200.0,-200.0,200.0,-200.0
17,0.14165367,-0.4903415,0.4451163,-0.020801868,0.065703414,-0.9976224,1.0,0.0,0.0,0.023756016,0.041600503,-0.56202,0.29432857,-0.06272274,0.14570542,0.037818246,-0.09427227,0.27531838,0.012870908,-0.1552214,0.08522501,-0.03741572,-0.22590509,0.013928026,0.26337484,-0.2900442,-0.3612853,0.011310774,-0.06457494,0.112503245,0.112367265,0.28541073,-0.19799408,0.15559645,0.6392227,-0.88439804,0.01722978,0.116829045,0.024791563,-0.6740275,-0.54519534,0.15602146,-1.2466404,0.6373482,-1.0467086,5.965978287473725,-146.31816613272278,56.52645679630774,144.15152762168938,200.0,-200.0,-200.0,-200.0,74.01729662339207,-200.0,200.0,-200.0
18,-0.035776854,0.09261119,0.4086773,-0.025350926,0.06450699,-0.9975952,1.0,0.0,0.0,0.0390585,0.0046528615,-0.57920355,0.32601094,-0.033117533,0.07093904,-0.018214937,-0.1051741,0.26051682,0.053287983,-0.07242441,-0.008298138,0.12741622,-0.14583127,-0.15144317,0.07846262,0.31189126,-0.1862375,-0.5207734,-0.04428201,-0.1989807,0.2646142,0.504061,-0.6874855,0.12919137,0.6953784,-0.9378466,-0.13245161,0.3165195,0.37467185,-0.22462048,-0.3591547,0.1843464,-1.5105894,0.27782586,-0.5681866,115.48044011677621,200.0,-200.0,-200.0,6.388021831283993,164.64645047868513,-200.0,-200.0,-40.373895388056155,-200.0,200.0,-200.0
19,-0.12447412,0.37070453,0.30725116,-0.014357878,0.06803037,-0.99757993,1.0,0.0,0.0,0.06185042,-0.010956424,-0.619517,0.3246441,0.08810717,0.12647744,-0.11459535,-0.10888951,0.21240872,0.10020375,0.036116004,-0.17620444,0.105569854,-0.026929786,-0.23911057,-0.07732793,0.78454167,0.61759925,-0.5481789,-0.010008301,-0.2717269,0.20201066,0.58513904,-0.9050313,-0.15184195,0.07792278,-0.04871747,0.3471737,0.008492783,0.120493434,0.13798593,-0.64587814,0.6230801,-1.3019588,0.01131364,-0.44686878,142.76002257379403,200.0,-200.0,-200.0,200.0,200.0,-200.0,-200.0,-76.6282091441397,-200.0,200.0,-200.0
20,0.12624405,-0.33758894,0.351795,-0.014280372,0.068575606,-0.9975437,1.0,0.0,0.0,0.03249583,0.011274271,-0.63594526,0.3172921,0.1364485,0.16290328,-0.17420687,-0.123021506,0.20737207,0.10899627,0.059332073,-0.2786331,-0.30010906,0.1605825,0.051645454,-0.012097671,-0.18453465,-0.071184,-0.096552,-0.13747217,0.16874957,-0.08647764,-0.09468561,-0.36235532,-0.09619963,-0.32916385,-0.5585553,0.43039232,-0.24605498,-0.30524075,-0.021409012,-0.4690225,-0.17791542,-0.8181065,-0.5960945,-0.20637211,-98.88771046967707,-21.66777696712458,200.0,76.04183449344326,-156.5571725567103,-32.82148876968444,200.0,-200.0,200.0,-200.0,-9.724531801267531,28.291001162687678
21,0.7082567,-0.26725534,-0.14451097,-0.026422895,0.05091671,-0.9983533,1.0,0.0,0.0,-0.008284981,0.008794914,-0.6234104,0.32827616,0.025935471,0.053723317,-0.15240695,-0.17414719,0.23706305,0.08320737,-0.063244104,-0.2712624,-0.15090665,-0.15459727,0.06382644,0.0879478,-0.59440124,-0.7575814,0.2049202,-0.35626194,0.13015316,-0.17095678,-1.0214819,0.14203611,0.43081164,0.7298126,-0.77285445,-0.10581918,0.30523372,0.27262798,-0.021548241,0.8369505,0.1345491,-0.15294826,-0.14839348,-0.1106438,-22.39982497237611,-200.0,67.77704845850563,123.26782025966756,49.049931151909846,23.322133793217063,69.54409063941549,-200.0,-200.0,-200.0,-160.69466045677666,-10.419328243399974
22,0.060250852,0.4600501,-0.5653484,-0.021164838,0.03644639,-0.9991115,1.0,0.0,0.0,-0.0026300193,-0.0022096373,-0.6367753,0.32792675,0.016620755,0.007494229,-0.10618802,-0.21236525,0.23943186,0.033762217,-0.15892261,-0.21939543,0.17043376,0.02650177,-0.16235827,-0.07405014,0.40107155,0.19929178,0.2121362,-0.06419585,-0.09037312,-0.29435495,-0.05622932,0.2318574,0.08321413,-0.31017244,-0.32892752,-0.31007844,0.45220762,0.35233998,-0.36702853,0.80733323,0.1123673,0.019371659,0.2145465,-0.01617106,200.0,200.0,-132.04647348107332,-200.0,200.0,200.0,-40.39249297949476,200.0,-142.59134099991064,-98.09081600609159,148.34541615408028,-14.760226671347311
23,0.15742299,0.40688047,-0.010642573,-0.003089135,0.03178267,-0.99949,1.0,0.0,0.0,0.035217926,-0.022687115,-0.6502692,0.2817732,0.15271264,0.1118294,-0.11911512,-0.22628824,0.20001262,-0.0031434298,-0.07553756,-0.15288725,0.17475127,-0.1933543,0.029926106,-0.3537144,0.6539337,0.5309053,-0.2892308,-0.06599038,-0.2426389,-0.11598815,0.6150975,0.2920758,-0.4984579,-0.27207208,0.40222317,0.58058786,-0.07772728,-0.044106014,-0.3970117,-0.4057867,0.8999772,0.046847403,0.24766818,-1.067636,-77.47018292181905,-200.0,200.0,-200.0,-55.25368936395796,-49.56334516480928,-200.0,200.0,54.111180311284386,167.76194958407365,-21.924179462319216,-19.456538731005708
24,0.64417446,-0.33269858,0.5764493,-0.002847323,0.0127349915,-0.9999148,1.0,0.0,0.0,0.035160195,-0.07736854,-0.6189745,0.22817147,0.1736995,0.11579019,-0.20595582,-0.2653393,0.170596,-0.012630105,0.031024396,-0.19863273,-0.13279523,-0.29483405,0.25427252,-0.19711365,-0.34427318,-0.30934247,-0.41227624,-0.2452203,-0.067018576,0.077821694,0.2638168,-0.5717408,-0.114932686,0.56109256,-0.7899919,0.6502681,-0.15624252,-0.18734373,-0.21242756,0.47298104,0.38072687,0.15555374,-0.817113,-0.4918786,-200.0,-101.58480139684991,200.0,200.0,-200.0,-43.45758653251039,43.64874863329857,-31.49098338386335,200.0,147.20874110943782,-37.16154292341889,-200.0
25,-0.07493737,-0.4113467,0.49986094,-0.01786794,0.0024623817,-0.99983734,1.0,0.0,0.0,-0.014440816,-0.08700887,-0.5939438,0.22468567,0.067136586,0.016433189,-0.22549,-0.28305218,0.18090868,0.0181036,-0.025056958,-0.2995057,-0.27275953,0.11515947,0.023058593,0.12956221,-0.4871079,-0.44995114,0.05810916,0.043631982,0.14009781,0.19121261,-0.72498363,-0.4222587,0.026272627,0.11101453,-0.7201537,-0.23112206,0.43401355,0.12064374,0.22194235,0.6277479,0.012753133,-0.0112142265,-0.63836294,0.60034573,60.79808668363856,200.0,-200.0,200.0,40.43476478827898,42.84160754669358,-16.02272396619409,200.0,200.0,94.51735897212419,-200.0,38.271438006238895
26,-0.5977876,0.31164297,-0.27530754,-0.017704403,0.017821034,-0.99968445,1.0,0.0,0.0,-0.032592025,-0.046484195,-0.61010545,0.23310041,0.07918203,0.018623073,-0.15709321,-0.23950133,0.19451648,0.04437089,-0.22030228,-0.2775613,0.044511285,0.26156798,-0.14664267,-0.03932212,0.50681597,0.21067595,0.57340735,0.34532246,0.0033393842,0.077215135,-0.9075603,0.54449004,0.19919163,-0.8533423,-0.6677771,-0.34096855,0.45269847,0.19647846,-0.2198701,-0.55650175,0.14135972,-0.36551845,-0.23223469,0.76798266,97.08717680152772,74.92430136437534,-89.64170566897823,-200.0,200.0,2.2751231364741216,200.0,200.0,-200.0,-198.25801098893157,72.44700798502754,200.0
27,-0.10236394,0.40695897,-0.074164666,-0.0032173279,0.030894054,-0.9995175,1.0,0.0,0.0,0.019084798,-0.04846293,-0.6272318,0.19691336,0.20432043,0.078921385,-0.10374658,-0.20176914,0.18023872,0.03558564,-0.29519314,-0.06274051,0.3614437,-0.20951977,-0.03792776,-0.29174677,0.5472555,0.264105,0.017061695,0.05945745,-0.0993722,-0.15199916,0.04454478,1.5094742,0.018861199,-0.37170666,0.14257948,0.6270265,-0.36479905,0.06217645,-0.47867483,-0.68249565,0.7163448,-0.7201555,0.35797846,-0.36041263,19.093667081528167,-200.0,-34.63067093854467,-200.0,-51.74073893523121,-29.924103749478547,-200.0,-200.0,15.738426400097254,-200.0,161.00743300961983,200.0
28,0.46650055,-0.32980946,0.77057815,-0.0026632757,0.022240024,-0.9997491,1.0,0.0,0.0,0.056508258,-0.11195066,-0.6072182,0.15293121,0.20408887,0.08001683,-0.16359356,-0.22135872,0.19678164,-0.031620026,-0.18103433,0.13203715,0.060905147,-0.40050626,0.2143118,-0.16002652,-0.44981232,-0.034657005,-0.5480792,-0.22335427,0.22770543,-0.48860365,1.0024151,0.5368833,0.07817401,0.78876853,-0.95243055,1.1258693,-0.3369225,0.2604135,0.035425603,0.15490197,0.06600228,-0.9714913,-0.12119601,-1.247429,-155.67400880740172,-149.5919962401369,200.0,200.0,-200.0,-2.114638074893037,-147.64570207394877,-200.0,200.0,-200.0,200.0,-200.0
29,-0.25600892,0.11957891,0.27697736,-0.0048537473,0.01679232,-0.99984723,1.0,0.0,0.0,0.062171523,-0.15055792,-0.600589,0.15199399,0.042630553,0.1306127,-0.21759354,-0.23222008,0.23432517,-0.13178277,-0.086578965,0.14006451,-9.3400966e-05,-0.009007865,-0.10713109,0.12016564,-0.8255192,0.275904,0.0750077,0.051553708,0.08328482,-0.060263645,-0.03661391,-0.042417135,0.2930924,0.8403989,-0.7013377,0.8233172,0.2516604,0.35189232,0.558874,-0.37027153,0.114565596,-0.99819285,-0.5836025,-1.1244097,20.199584095780295,200.0,-200.0,200.0,65.12474277605713,-15.346106847543751,200.0,200.0,-200.0,-200.0,-200.0,-200.0
30,-0.36784503,0.22700293,-0.8295918,0.002662854,0.030592564,-0.9995284,1.0,0.0,0.0,0.094620764,-0.14254755,-0.6366162,0.20157409,-0.016644835,0.20858938,-0.15213469,-0.21414258,0.2429024,-0.1227932,-0.18349957,0.0605739,0.29558167,0.08639646,-0.23549366,0.35022673,0.13644539,0.30783957,0.53097886,0.11896795,0.010480382,0.12377292,-0.7730763,-0.6991314,0.11265467,-0.05609508,-0.4168024,0.83066607,0.31356582,0.28143355,-0.088459015,-1.5294254,0.7516562,-1.4425615,0.45012644,-0.691597,200.0,200.0,-147.4356045466747,200.0,200.0,-23.434205080567494,200.0,-200.0,-200.0,-200.0,-81.17394441585316,-200.0
31,-0.08661555,-0.5721768,-0.26774636,-0.006777929,0.03921449,-0.99920785,1.0,0.0,0.0,0.116712674,-0.115328036,-0.6605101,0.2850741,0.07821274,0.23598251,-0.105074555,-0.20856777,0.27740383,-0.11701751,-0.22245914,-0.15006049,0.03055269,0.13762526,-0.010172455,0.47565827,0.5062787,0.09855898,0.07705392,-0.048537128,0.31679317,-0.074634306,0.255807,-1.1481861,-0.28773996,-0.10459316,-0.86326474,-0.27738005,-0.2970148,0.2234129,-0.3214019,-0.8227441,-0.11506085,-1.3409201,0.8573312,-0.84730643,-45.71026507202947,-18.182257831001564,200.0,200.0,-34.700834578684976,-8.109520369799938,-55.7059742873427,-200.0,200.0,-200.0,200.0,49.66736710050668
32,0.3433128,0.064742826,0.37718418,-0.015337319,0.033063017,-0.9993356,1.0,0.0,0.0,0.07120303,-0.09183136,-0.6779509,0.35507107,0.07598376,0.2325722,-0.16241995,-0.24008197,0.29611158,-0.12194443,-0.12657923,-0.38127476,-0.42920423,0.10083752,-0.1491335,0.24760608,-0.43445325,-0.07669114,-0.49622297,-0.21936874,-0.11734501,0.099781685,0.34558475,-0.97348565,-0.0918778,0.55604285,-0.9131448,-0.614668,-0.22186169,0.1932565,-0.17092423,-0.3054189,0.097499445,-0.6057188,0.41163453,-0.9355555,-200.0,-17.532629498751866,-200.0,-200.0,-200.0,-23.97156997984462,-200.0,-200.0,-200.0,-200.0,200.0,37.88238685043507
33,0.027372325,0.60650575,-0.20978744,-0.0003836599,0.026685294,-0.9996438,1.0,0.0,0.0,-0.005642055,-0.044443153,-0.7230322,0.3871194,-0.024841487,0.21878389,-0.21857679,-0.25949225,0.25066775,-0.095086575,-0.029454052,-0.56889427,-0.29801908,0.33511138,-0.27318624,0.08726735,-0.42689425,-0.060329188,-0.06771689,-0.0048010503,-0.30757055,0.16907045,0.5890008,-0.77689964,0.18385926,-0.4511702,0.24634777,-0.24778773,0.63197404,-0.1381977,0.094169825,-0.16416027,0.8486379,0.15229924,-0.1754128,-0.16902679,137.34319307213266,200.0,-150.36101575987718,-200.0,74.2602288306735,3.2950602668077096,200.0,-56.66436013779841,-200.0,-200.0,200.0,45.10613340098985
34,-0.014621342,0.20119132,-0.53670055,0.014768483,0.027081523,-0.9995241,1.0,0.0,0.0,-0.0035790058,-0.013637818,-0.74620396,0.3823564,-0.0039125085,0.13313992,-0.15665276,-0.25037152,0.21780825,-0.04836595,-0.017422855,-0.61475927,0.24053328,-0.009701382,0.009988516,-0.11742264,0.53935003,-0.5669856,0.5350566,0.06833535,-0.05933979,0.27687225,-0.29865766,0.21661957,0.008075217,-0.4825679,0.10325955,-0.20605187,0.13848409,0.0007213,-0.19833933,-0.0044362918,0.5036668,0.2473522,-0.46139377,0.030962296,200.0,-200.0,200.0,-200.0,200.0,11.369100718016966,5.812794870445373,108.66452274561088,200.0,141.3150826659582,-59.76458092053474,200.0
35,0.06443039,-0.23242076,0.47861674,0.013338969,0.02574167,-0.9995796,1.0,0.0,0.0,0.020572044,-0.034317587,-0.7133742,0.33245385,0.050163984,0.08187449,-0.09732262,-0.23799929,0.21918064,0.017022967,-0.14899033,-0.46935594,0.061068404,-0.18503343,0.2903539,-0.35949382,0.1941108,-0.17091471,0.10561659,0.06404918,0.06730694,0.34717152,-0.6834035,1.0348966,-0.42740244,-0.2830922,-0.5779303,-0.470949,-0.2383425,0.3297261,-0.5622468,0.12049383,-0.15803088,0.07582487,-0.6615814,0.35823762,-91.38312390434794,-200.0,200.0,-200.0,-18.640497760991735,9.942849070563653,-200.0,200.0,200.0,125.61797220134974,57.535507338229536,9.962934519945748
36,0.13878742,0.32117477,1.3252176,0.016806217,0.020800866,-0.9996424,1.0,0.0,0.0,0.0041175964,-0.08355575,-0.660207,0.23070228,-0.0050691366,0.13714881,-0.14506236,-0.22555378,0.20959586,0.068412066,-0.31778127,-0.20750959,-0.20862697,-0.2701945,0.23704962,-0.6354531,-0.48854017,0.41751105,-0.5209482,0.069013916,-0.15022008,0.1841185,-0.7474945,1.2248887,-0.0031832326,0.027881369,-0.16173136,-0.087457865,0.41664934,-0.021332918,0.20312665,0.09635128,0.4501245,-0.33807302,-0.72124684,0.6272412,-200.0,-138.43710970320086,-70.97730061389828,-200.0,8.49340257178153,-27.175286822647536,-200.0,200.0,-200.0,-176.29950883926693,61.713985417824006,-94.30054077203908
37,-0.5252096,-0.25843194,0.82578486,0.018046126,0.029069759,-0.99941444,1.0,0.0,0.0,-0.012869618,-0.104883775,-0.5898108,0.10858023,0.0020261407,0.122105494,-0.17471988,-0.17734241,0.23379648,0.06737709,-0.45654804,0.06878395,-0.024935028,0.03607382,0.4294215,-0.5618018,0.462913,-0.30423215,0.14291391,0.3853202,0.33444676,-0.16308565,-0.5820171,1.2208576,0.43634748,-0.50281835,-0.48616916,0.78519803,0.5948312,-0.42563507,0.9690618,-0.42908877,0.13187464,-0.65383327,-0.49206173,0.18207842,51.50827904099853,200.0,200.0,161.17532598988493,200.0,5.118852885231263,200.0,200.0,153.38921903544554,-200.0,54.71395106210957,-106.80839636397263
38,-0.16803434,0.12070954,-0.08933783,0.016529962,0.041898634,-0.9989851,1.0,0.0,0.0,0.046273153,-0.14224462,-0.5260996,0.02267778,0.17394209,-0.025097692,-0.10018454,-0.1097215,0.27893335,0.02475512,-0.48844546,0.20913742,0.56362426,-0.37166816,0.24359797,-0.31625724,0.9140684,-0.8560936,0.5661321,0.29822946,0.13842334,-0.24963175,-0.009951768,0.27759194,0.5089597,0.26527986,-1.2857009,1.197758,0.13167563,0.24561805,0.13086428,-0.85999507,-0.053291276,-0.57815564,0.350606,-0.3287836,200.0,-200.0,-167.2128668152739,200.0,-68.6608430369306,47.678095947933,200.0,-200.0,-200.0,-200.0,6.429481575086715,-200.0
39,-0.33062306,0.49032232,-0.62807155,0.028640144,0.052768447,-0.998196,1.0,0.0,0.0,0.1764062,-0.20686033,-0.50244373,-0.005523443,0.25028223,-0.09089012,-0.015147713,-0.05714257,0.28367978,-0.0370574,-0.38247472,0.15840426,0.6484485,-0.26016563,-0.00010764156,0.0019071036,-0.05540818,0.10071248,0.33253732,0.23104715,-0.057336926,-0.36084792,0.97207993,-0.6873438,-0.117130026,0.7389351,-0.12783091,1.2448088,-0.28455633,0.38745135,-0.44133657,-1.0223459,1.4472028,-0.76704115,0.43900838,-0.31017166,28.069088862420926,200.0,-200.0,200.0,-200.0,200.0,-44.638959195876,-200.0,-200.0,-200.0,200.0,-200.0
40,-0.19812569,-0.27046847,0.00998074,0.030774336,0.063547686,-0.9975042,1.0,0.0,0.0,0.24590419,-0.22466566,-0.4884742,0.013200164,0.134485,0.02259395,-0.016011713,-0.031707298,0.31973,-0.15032434,-0.12570208,0.0012106941,0.10169231,0.057944056,0.123300016,0.16194855,-0.87957144,0.7692932,-0.28285718,0.04161578,0.38507265,-0.7406154,1.2291738,-0.6812918,0.029748047,0.28409714,-1.0902554,0.5763503,0.044600897,0.29992417,-0.43181676,-1.5051708,0.5887568,-0.6007186,0.73874825,-1.003656,-200.0,200.0,200.0,200.0,6.973153085908393,-23.994451224296427,-200.0,-200.0,200.0,-200.0,-99.48084925030594,60.26776919400595
41,-0.58370256,-0.540545,0.56086934,0.015067291,0.07950025,-0.99672097,1.0,0.0,0.0,0.19664107,-0.16082503,-0.48849255,0.07309735,0.03883767,0.12790717,-0.123567544,-0.022727165,0.38518634,-0.20887887,-0.042395115,-0.12660758,-0.4397379,0.4958191,-0.07764828,0.41996,-0.15743326,0.37442565,-0.6728926,0.07259903,0.3269427,-0.08842953,-0.03179989,-0.6785235,0.17640592,-0.24614643,-1.0977585,0.25303,0.4367203,-0.22961293,-0.07944113,-1.1607368,0.48286998,-0.375854,0.5458779,-0.9943177,57.78415446934844,200.0,-200.0,200.0,200.0,-146.49080967359384,1.1569993978226876,-200.0,125.07060178673493,-200.0,200.0,-200.0
42,-0.32967448,-0.16761208,0.0708967,0.0019379135,0.09766903,-0.9952171,1.0,0.0,0.0,0.15515774,-0.09581806,-0.5067149,0.15183234,0.11230981,0.098569386,-0.21048577,-0.007100682,0.43309602,-0.22063434,-0.04434979,-0.31633842,-0.0044895574,0.17440791,-0.10593952,0.33668205,0.706064,-0.5717171,-0.21843262,0.08746647,0.14455883,-0.03026065,0.033415932,-1.0686225,0.10883504,-0.29728395,-1.3553357,-0.51665395,-0.064156495,0.17809233,0.38677168,-0.9160182,0.2047909,-0.98072064,0.9559183,-0.6405216,115.29414343417594,-200.0,-200.0,-132.8554919335172,72.06316454601085,-200.0,200.0,-200.0,-73.1879707263382,-200.0,200.0,-200.0
43,0.16345842,0.47899327,-0.038487542,0.009531414,0.09997967,-0.9949438,1.0,0.0,0.0,0.1504139,-0.09070334,-0.53758675,0.1956923,0.14987761,0.08426528,-0.2101841,-0.0008639383,0.4258973,-0.21418715,-0.008535564,-0.45230693,-0.03357816,-0.09675004,-0.195413,0.12687445,-0.2361292,0.20714472,0.175423,-0.029052729,-0.18391703,0.0909745,0.29550424,-0.38578582,-0.08303104,0.37668824,-0.56934047,-0.27102584,-0.51058817,0.6303094,0.051786847,-1.1280015,0.81408125,-0.25432894,0.62266415,-0.766218,-54.99785805867691,-200.0,-200.0,-200.0,-200.0,39.43142913900948,200.0,-200.0,-200.0,-200.0,200.0,71.73363588887099
44,0.13858268,0.09195287,0.11156064,0.020418888,0.0939895,-0.9953638,1.0,0.0,0.0,0.09030425,-0.0749446,-0.5572838,0.19978607,0.0014853477,0.21873638,-0.14203638,-0.00443602,0.40478188,-0.20230794,0.063535154,-0.5543552,-0.4138547,0.19191654,0.0017790908,-0.07167356,-0.9978053,0.82433206,0.3530542,-0.025132766,-0.0317354,0.019319912,0.41165552,-0.43364355,-0.00037996285,0.017862335,-0.24257211,0.11575203,-0.14557919,0.23822477,-0.45599866,-0.77920496,0.5991592,-0.204587,0.44769642,-0.6681294,200.0,200.0,43.12817711690765,-200.0,200.0,-200.0,-200.0,-200.0,200.0,-175.68852994871474,200.0,16.008552726229254
45,0.24534559,-0.5654881,0.17881754,0.010939478,0.085370906,-0.9962892,1.0,0.0,0.0,0.023540528,-0.043126445,-0.52030045,0.17098844,-0.2054407,0.3242428,-0.13683149,-0.030440912,0.41803807,-0.19675374,0.18378693,-0.6595104,-0.23231626,0.10812662,0.32501015,-0.17810497,-1.0175302,0.25157478,-0.23626707,-0.21473877,0.15134399,0.027002802,0.797158,-0.7491316,0.57911193,0.09575494,-0.9995188,-0.074066296,0.21530586,-0.2822007,-0.55638164,-0.061552852,-0.11489271,0.274585,0.06578844,-0.42491665,200.0,-17.783790732422432,200.0,54.87081352482814,200.0,-200.0,-200.0,-200.0,200.0,-13.427608987397033,200.0,-75.93886375435099
46,-0.10177514,0.16193579,0.014827712,0.004440666,0.08280508,-0.99655586,1.0,0.0,0.0,0.009545729,-0.017368674,-0.4820904,0.123081684,-0.3002904,0.26708227,-0.2249836,-0.06771113,0.39993048,-0.14904785,0.23544729,-0.7023361,0.07466866,0.14629309,0.0782905,-0.28781363,-0.030279994,-0.7250122,-0.584268,-0.13840966,-0.28967452,0.41095334,-0.18254584,0.22345483,-0.12755844,-0.68138254,-0.28410488,-0.4316737,0.5833608,-0.0813129,0.12214093,-0.19685034,-0.01927489,0.52266407,-0.5757226,0.030474193,200.0,87.11619188811682,-200.0,-125.26987750937258,200.0,-200.0,-119.80496123324474,159.86111416683627,-200.0,200.0,-200.0,200.0
47,0.568206,0.3274507,-0.040502246,0.014039163,0.07102385,-0.9973758,1.0,0.0,0.0,-0.0039236536,-0.008896817,-0.44851416,0.026854515,-0.20090944,0.1470788,-0.29124144,-0.1078312,0.31113043,-0.025937438,0.09199554,-0.546464,-0.14770351,-0.03821854,0.22931181,-0.6375786,0.92941296,-0.49417597,-0.11444815,-0.22911501,-0.5630927,0.76586694,-1.1536201,1.1754912,-0.42840368,-0.5533554,0.28504616,-0.27210468,0.35865662,-0.004017748,0.11744779,0.57296306,0.7504333,0.051160946,-0.687537,0.74265045,-112.45191788181361,-200.0,119.5527290212035,-200.0,200.0,39.234781484439,200.0,39.96509202635471,-141.890805540953,200.0,-200.0,57.32573991513004
48,0.4887736,-0.2655285,0.21605486,0.014749117,0.049761504,-0.9986522,1.0,0.0,0.0,-0.05790635,-0.015079106,-0.38149506,-0.09734774,-0.011136591,0.09238411,-0.2493498,-0.14188905,0.25038177,0.08720291,-0.16679686,-0.20814359,-0.36951253,-0.019530365,0.4105366,-0.5720636,0.8045586,-0.20797963,0.47272754,-0.12167288,-0.08285958,0.40502617,-1.1386657,1.9948103,0.3264796,0.05118192,-0.27013618,-0.4112262,0.32929415,0.10778376,-0.09929555,1.5813997,0.55632395,-0.2567981,-0.3947292,0.49966547,-200.0,-200.0,200.0,200.0,-67.6271913185916,16.176822060707394,200.0,200.0,200.0,-200.0,99.61954108853888,-26.032058685714674
49,-0.23583804,-0.25391427,0.30951172,0.005152094,0.046384506,-0.99891037,1.0,0.0,0.0,-0.09382061,-0.010955966,-0.30960995,-0.20151877,0.10887647,0.09322954,-0.1811381,-0.13552421,0.25811005,0.12945688,-0.2914303,0.07989218,-0.0097029125,0.04389977,0.3142612,-0.45542216,0.48501348,0.03108213,0.26108348,0.16098063,0.13301341,0.062215056,-0.263956,0.98954916,0.32704306,-0.49119365,-0.66994613,-0.20905478,0.66234154,-0.3205652,-0.42229146,0.9313467,-0.50629365,-0.30859464,-0.31965742,0.03642699,200.0,85.36527728406098,-200.0,34.82530314865562,-46.23477856996993,-1.4407081136614543,-101.38920901820629,200.0,200.0,-200.0,87.94399026440792,-200.0
50,-0.49489605,0.27786916,0.32032847,0.0072788424,0.061393492,-0.9980871,1.0,0.0,0.0,-0.02659698,-0.029604137,-0.28352755,-0.25789225,0.27553087,0.0040249527,-0.1793099,-0.089997835,0.26054835,0.13031685,-0.3040684,0.16652776,0.6106784,-0.20800829,-0.016990216,-0.13165562,0.84216017,-0.6769043,-0.1928087,0.28058144,-0.07720212,-0.042462938,-0.030620752,-0.021533577,-0.29216993,-0.48353451,0.05878617,1.1322838,0.5602648,-0.57471085,-0.27917665,-0.4851216,0.4308595,-0.17691179,-0.7199534,-0.08994674,181.9372514718707,-200.0,-200.0,200.0,-67.25392973142152,8.813898580836849,-200.0,200.0,-200.0,-200.0,-0.017001973436236995,-200.0
51,0.040628824,-0.42106718,0.6781193,0.0032394931,0.069486886,-0.9975776,1.0,0.0,0.0,0.059963115,-0.08144345,-0.26418,-0.2651583,0.3787539,-0.18084978,-0.22101533,-0.06326485,0.29036605,0.090753555,-0.4038672,0.09522879,0.29944998,-0.30082443,0.18002121,0.033916663,0.393186,-0.85573524,-0.19041595,0.011415155,0.29391882,-0.31194937,-0.67649066,-0.39659578,-0.3756036,0.15133104,-0.8561487,0.8306456,-0.08387915,-0.094768204,-0.0003982857,-0.485649,0.27709764,-0.70412457,-0.36835515,0.46553746,-200.0,-200.0,200.0,200.0,-32.26679296071063,69.24364002828145,72.70506709692825,-200.0,19.45263913545324,-200.0,33.32887262085512,25.261603407604355
52,0.10211103,-0.039982516,0.39147013,-0.0037744304,0.06649948,-0.9977793,1.0,0.0,0.0,0.05136224,-0.10648232,-0.26415223,-0.21941948,0.34949532,-0.24794276,-0.21541335,-0.06343523,0.3342318,0.017994046,-0.4370908,0.12701522,-0.3253064,0.010013654,-0.1545931,0.38429663,-0.58851236,0.09029247,0.20676048,-0.006591834,0.16314644,-0.40662098,0.12903957,0.60846084,-0.056168877,0.5772061,-0.94771576,1.164127,0.029685743,0.22705692,0.29781443,-0.002933398,0.24677521,-0.7841011,0.15515491,0.54047066,-200.0,200.0,-200.0,200.0,-200.0,200.0,200.0,-200.0,-200.0,-200.0,28.850940068728917,188.2072786571141
53,-0.29053497,0.4337843,-0.34826648,0.0051607066,0.07233293,-0.9973672,1.0,0.0,0.0,0.0019908824,-0.08587876,-0.33076936,-0.10452151,0.23963296,-0.13471727,-0.11333396,-0.03750615,0.3521682,-0.07670772,-0.30730957,0.2668173,-0.1989186,0.1773576,-0.46919242,0.71677774,-0.46004033,0.7674733,0.7346659,0.19793496,0.024146797,-0.5284886,0.962494,0.6043331,0.5307077,0.14360152,-0.6301893,0.054826483,-0.04353898,0.21694182,-0.5293167,-0.89653486,0.900737,-0.5931203,0.54568326,-0.71523553,82.62173921580431,200.0,-200.0,200.0,41.843145142615754,-28.93853314201533,156.6092863363043,-114.12761207593994,-200.0,-200.0,4.904029919890377,-58.79395626191706
54,-0.39654994,0.31277665,-0.3015212,0.018726537,0.08691832,-0.9960394,1.0,0.0,0.0,-0.012948098,-0.047513474,-0.4112478,0.016952038,0.14423656,-0.012739871,-0.03061695,-0.014065082,0.38134724,-0.22219813,-0.045285285,0.28072417,0.025646893,0.19903521,-0.3538197,0.519221,-0.40599558,0.49904272,0.14569268,0.054419607,0.23316267,-0.84236544,1.2848445,-0.37048176,0.30713314,-0.21120508,-0.17824183,-0.1387495,-0.33070934,-0.12032184,-1.0485182,-1.201884,0.99064606,-0.47237664,1.1740059,-1.5829115,200.0,191.02320329028382,-88.4965987811945,-200.0,31.57653676819774,-41.46633311515569,-200.0,-200.0,200.0,57.1230392704191,-101.62501860440284,-200.0
55,0.19497102,-0.20491341,-0.26000068,0.018833686,0.08987954,-0.99577457,1.0,0.0,0.0,0.045818068,-0.05709261,-0.44143027,0.08844054,-0.0007715821,-0.008192649,-0.07179737,-0.03734698,0.44193038,-0.38067567,0.30302933,0.09751345,0.4767993,-0.23249753,0.012396675,0.22778983,-0.7188582,-0.22303759,-0.5034405,-0.25458592,0.35342264,-0.75144994,1.8696636,-1.3630863,0.28186947,-0.100619115,-0.96130675,0.070614085,-0.0035302266,-0.021778619,-0.51605105,-1.1511266,0.42665035,-0.15651101,0.654528,-1.3903913,84.31599526840347,-114.12395155907768,200.0,-200.0,58.74870113348345,-16.50856576449837,-200.0,-200.0,200.0,200.0,-107.6574647397997,-200.0
56,0.121717855,0.030100135,0.061393403,0.015615031,0.0870949,-0.99607766,1.0,0.0,0.0,0.12735897,-0.08997333,-0.44530553,0.114668965,-0.06479406,-0.022804407,-0.21294448,-0.06892465,0.4256493,-0.33957613,0.41554978,-0.08969125,0.31301853,-0.12650819,-0.05775425,0.062452506,0.10120002,-0.0014645192,-0.84225637,-0.18475498,-0.21587597,0.4018248,0.5177537,-1.2114624,-0.01096653,0.48101574,-0.79871386,-0.10217692,0.050306447,0.35121074,0.27244395,-0.75004745,0.6471296,-0.08577566,0.19952294,-0.94018406,-15.455193804743146,110.49977987307659,-200.0,-200.0,200.0,18.473491725580796,200.0,-200.0,200.0,-200.0,-200.0,-200.0
57,0.14605533,-0.040868368,0.24193905,0.016054595,0.08063156,-0.9966147,1.0,0.0,0.0,0.12406597,-0.08248341,-0.46230048,0.11367464,-0.018356264,0.061827097,-0.33010086,-0.10423465,0.39368254,-0.26170516,0.4120817,-0.36941996,-0.2465755,0.17076865,-0.09919234,-0.05896437,0.1606669,0.6063054,-0.36773917,-0.17133287,-0.092121035,0.34583995,-0.4006887,-1.2387055,-0.6392035,-0.39752054,-0.35975835,-0.34304112,-0.04006823,0.2444571,0.14365417,-0.28425914,0.3721435,-0.14923152,-0.60846287,0.15551454,-64.34127986011305,200.0,-200.0,-200.0,-27.783943551031626,-12.392637915720456,200.0,-200.0,200.0,8.08005747001198,-80.16415259302823,99.8284685212534
58,0.7095452,-0.15201804,0.47818786,0.011474972,0.061186127,-0.9980604,1.0,0.0,0.0,0.04320298,-0.06292937,-0.4521547,0.06674647,-0.022476733,0.12994887,-0.3522142,-0.15537322,0.3891542,-0.20851827,0.22607172,-0.5068811,-0.5314151,0.046178725,0.13446194,-0.3742498,-0.036480986,0.25568137,0.10796253,-0.29073378,0.017907655,0.21552561,-1.3627938,-0.23828721,0.019564895,-0.12261169,-0.33772397,-0.35199207,0.19068074,-0.040620707,0.062435657,0.6468494,-0.052377418,0.36300915,-0.79544026,0.62993425,-200.0,-200.0,67.03044438109052,-200.0,1.4088266006697694,-27.976546448976677,200.0,18.9956885834207,-44.35008877818591,-97.42692666142139,-200.0,200.0
59,0.6507051,0.3277991,-0.2728674,0.015953688,0.0329961,-0.99932814,1.0,0.0,0.0,-0.0025024798,-0.074898705,-0.42267483,-0.037003875,0.03654957,0.09776114,-0.2635102,-0.19271523,0.36488247,-0.12413466,-0.100915015,-0.44469604,-0.024602257,-0.10848607,0.14364833,-0.6093355,0.33578572,-0.29419643,0.657501,-0.10276977,-0.23690899,0.58247584,-1.5131949,0.75674504,0.59895504,0.08397514,0.33510238,-0.20142616,0.7448822,0.12655275,0.007634543,1.0658307,0.3329764,0.17736162,-0.6212887,0.8827651,200.0,-1.2665312620806475,27.961041937793595,-54.6322407437666,-26.9980062802901,13.095683658840073,40.20307610579175,200.0,-200.0,200.0,125.70787393686828,200.0
60,-0.079538435,-0.12507889,-0.48278973,0.01814185,0.023554724,-0.9995579,1.0,0.0,0.0,0.030440299,-0.08153747,-0.38241535,-0.13801754,0.2035116,0.09842608,-0.15151197,-0.19393435,0.34273103,-0.021527171,-0.30370802,-0.18918332,0.31920445,0.027726814,0.24099953,-0.41947523,1.1259665,0.05711934,0.4618065,0.077864714,-0.034130793,0.45588875,-0.70452994,1.7026843,0.035960175,-0.44687217,0.48690063,-0.01183255,0.8154421,0.04759311,-0.35584122,0.96096915,0.23768263,-0.511671,-0.44452015,0.7112773,200.0,200.0,200.0,200.0,-1.3508335391570654,0.0015249764108773434,-146.96198879907934,200.0,26.866199578248757,-52.80105074604876,79.55874173803102,200.0
61,-0.07101242,-0.17788237,0.17555508,0.011980323,0.026510263,-0.99957675,1.0,0.0,0.0,0.06706107,-0.07776557,-0.3339209,-0.21206534,0.41261917,0.08390778,-0.1180702,-0.18040036,0.33423018,0.048328996,-0.3655246,0.11915578,0.083283946,0.0072259232,0.24538901,-0.32495973,0.8758039,-0.07515834,-0.06999021,0.062330466,-0.042086385,0.26394817,-0.17219709,1.2874793,-0.358282,-0.6514447,-0.5292951,0.6246952,0.52243984,-0.7224323,-0.5018101,0.36115128,-0.3584777,-0.52013695,-0.58881986,0.048863553,-158.24014772844833,-200.0,200.0,200.0,-73.18019486008382,2.682071290685869,-200.0,200.0,-151.85837972000172,-200.0,16.854881768347582,-107.52915804312443
62,-0.16247095,0.38702717,0.8533022,0.01788225,0.031215983,-0.9993527,1.0,0.0,0.0,0.047754124,-0.0704505,-0.3243366,-0.24397445,0.5150944,-0.03711773,-0.19104049,-0.16235045,0.30562678,0.08838928,-0.43669707,0.2661013,-0.24145977,0.06114682,-0.11262365,-0.019716298,0.103626266,-1.0383118,-0.5766823,0.12200047,-0.2236021,0.15173924,-0.32879913,0.28443432,-0.084932834,-0.14528395,-0.028586805,0.48841655,0.24954206,-0.47365388,-0.027075782,0.32509077,0.45957583,-0.3718366,-0.7159128,-0.064804584,-200.0,-200.0,-200.0,200.0,-167.40379347588762,-200.0,-95.49705620199052,200.0,-200.0,-200.0,25.12134708077207,-200.0
63,-0.3207473,-0.21323685,0.8404607,0.020935765,0.04028141,-0.998969,1.0,0.0,0.0,0.015407166,-0.067191094,-0.33012992,-0.22489583,0.45020777,-0.1897823,-0.24147941,-0.1139351,0.31385338,0.08365524,-0.52955884,0.2201473,-0.12255567,-0.003435405,0.03205308,0.18285589,-0.4390819,-0.6168949,0.009525598,0.3363116,0.23493867,-0.16478747,-0.41017,-0.5679053,0.30140987,-0.7566528,-0.2671852,0.49254912,0.30817637,0.026239032,0.5666072,-0.5876827,0.13586457,-0.4507265,-0.46316886,0.2096541,-76.79528921863363,-155.84026057991167,200.0,200.0,33.76617467781546,51.47978143061948,200.0,200.0,99.55492529542099,-200.0,39.07046927240373,-46.018867019872346
64,0.13813382,-0.19267273,0.039755303,0.013171871,0.042968057,-0.99898964,1.0,0.0,0.0,0.06439553,-0.11698516,-0.32132417,-0.16758823,0.3979987,-0.20165627,-0.19161122,-0.062987745,0.35088283,0.04024768,-0.5280146,0.19532037,0.4934976,-0.42296752,0.05703363,0.3716409,-0.20128815,0.38539025,0.44087702,0.19051814,0.14315885,-0.25615045,0.13980012,0.034266457,0.30264825,0.79833966,-0.8198534,0.19102786,0.03315837,0.46197972,0.18779011,-0.46315247,0.012795046,-0.45615476,-0.07856721,0.38172904,28.87498563391142,-200.0,55.854864719517835,200.0,22.653216452183216,173.7875599709066,200.0,-200.0,-200.0,-200.0,-6.586440295477388,-1.4974373906233005
65,0.08660187,0.24816424,-0.37043563,0.014196818,0.03859719,-0.999154,1.0,0.0,0.0,0.1420516,-0.17977898,-0.3366726,-0.06509507,0.290276,-0.030361071,-0.07733922,-0.027323956,0.36094847,-0.021573186,-0.41095012,0.25266078,0.2973137,-0.23564442,-0.17677106,0.5596959,-0.55762976,1.0467696,0.566271,0.14478035,-0.027332027,-0.35871935,0.7191667,0.28540304,-0.13063075,1.3443422,-0.6384316,-0.12648974,-0.1479907,0.2651038,-0.598154,-0.7358853,1.1222202,-0.5864534,0.22535771,0.10738521,16.39179977132676,200.0,-200.0,-26.20862237563051,43.32296327866402,-44.78471834067523,-27.79419247586725,-200.0,-200.0,-200.0,-46.86611547000916,-27.743427480978255
66,0.09937606,0.21323681,0.42340147,0.02331466,0.03483864,-0.99912095,1.0,0.0,0.0,0.11679628,-0.19113097,-0.37923533,0.026169777,0.14657432,0.087302506,-0.03697601,-0.019366495,0.3817719,-0.13320482,-0.21057576,0.22653124,-0.4511628,0.07854801,-0.24944067,0.37214446,-0.6375552,0.3843146,-0.09561055,-0.041840296,0.22048108,-0.7301675,0.9490884,-0.25470304,0.20452452,0.79522705,-0.8593434,-0.3785491,-0.24248949,-0.14546348,-0.66351956,-0.5781994,1.236621,0.0034168214,0.8871547,-0.563151,-117.42429156249193,200.0,-200.0,-200.0,50.01392713679013,-32.42609969331204,-200.0,-200.0,200.0,-200.0,-77.69499558167536,12.724096142730502
67,0.0781991,0.18511693,0.3486369,0.031717833,0.030878657,-0.99901974,1.0,0.0,0.0,0.04550424,-0.16982529,-0.42701977,0.08904302,0.015222311,0.061063558,-0.12398661,-0.044173215,0.42413718,-0.26847124,0.078770995,0.06710583,-0.27797037,0.12817724,-0.23310733,0.26649243,-0.558132,-0.42497468,-0.7183166,-0.18852457,0.19813639,-0.6330457,1.7063475,-1.227228,0.61812526,0.015680507,-0.6994532,0.19287969,0.2703442,-0.44916072,-0.30991536,-0.4576782,0.92469907,0.35274643,0.47178778,-0.5120992,200.0,200.0,-200.0,-200.0,44.414232435174654,-13.07103208324179,-200.0,-200.0,200.0,200.0,-45.541794278168936,-164.06847196688022
68,-0.18020457,-0.047655545,-0.013889477,0.034972485,0.032573525,-0.9988573,1.0,0.0,0.0,0.020072194,-0.13211842,-0.47456998,0.14812827,0.011927307,-0.11481226,-0.2305811,-0.06980526,0.4433283,-0.30997312,0.22693574,-0.09524246,0.0017077683,0.22719121,-0.2376344,0.34100205,0.42482635,-1.1647471,-0.5689807,-0.09754478,-0.022830976,0.23994124,0.16121976,-0.61897033,0.3184714,-0.23246081,-0.5961531,-0.11925413,0.19646192,0.0048521925,0.3842908,-0.7677558,0.48949832,0.24581046,0.16273904,-0.2321716,200.0,200.0,-200.0,115.91844449969146,200.0,-200.0,-200.0,-200.0,200.0,200.0,200.0,-200.0
69,0.2879707,-0.18769142,-0.47998977,0.029151905,0.029124567,-0.9991506,1.0,0.0,0.0,0.07792927,-0.1341479,-0.50047404,0.19570744,0.0743773,-0.2371897,-0.2865265,-0.104939766,0.4340799,-0.2384212,0.21007812,-0.14998649,0.45765233,-0.1603711,-0.07051202,0.1681911,0.26847604,-0.16358912,-0.05091849,-0.22457285,-0.060958594,0.44101664,-0.107348695,-0.17249718,-0.10644592,-0.04757178,-0.72972065,-0.7149694,-0.8048212,0.8765165,0.30793512,-0.21961556,0.22099736,-0.3857234,0.049676634,0.031951822,54.11192176959395,-60.67902812817084,-116.07724498471316,-200.0,-22.039174577316317,200.0,200.0,-200.0,168.38016363689223,200.0,12.358542193632303,9.875793862575534
70,0.29059562,0.4512755,-0.50494695,0.03550643,0.019093169,-0.99918705,1.0,0.0,0.0,0.10704778,-0.13272396,-0.53923553,0.21042538,0.023949921,-0.16704926,-0.24711645,-0.1352575,0.41058123,-0.16589928,0.15910125,-0.10645555,-0.09166363,0.11728551,-0.2796294,-0.011528283,-0.6784604,0.7745974,0.3827036,-0.107370615,-0.16470724,0.2998241,-0.23320153,0.30427814,-0.7065475,0.07468854,0.033513308,-0.5624611,-0.13968259,0.5640323,-0.28949732,0.2824242,0.3182915,-0.4165988,-0.6781132,0.17369735,-200.0,74.99451352102872,-125.22899440308868,-200.0,-200.0,200.0,200.0,-60.36578362795407,-200.0,-200.0,14.785664782374084,-25.21766615211027
71,0.08845164,0.46345896,0.29413435,0.0531422,0.013538408,-0.99849516,1.0,0.0,0.0,0.035492506,-0.073140554,-0.5777591,0.17232656,-0.041534305,0.05598965,-0.22284105,-0.15160725,0.39219317,-0.13634956,0.007473111,-0.0156176165,-0.54040235,0.3977143,-0.10551484,-0.34250122,-0.21471022,1.1058471,-0.06471955,-0.06730765,-0.05229013,0.0342244,-1.1873131,0.40757522,0.0657348,-0.9539576,0.9103165,-0.32752877,0.38020197,-0.135225,-0.43943942,0.22517915,0.4464358,-0.019558176,-0.12487082,-0.31472245,-200.0,-73.55734323513434,200.0,-200.0,20.36107382827379,-87.27347868163406,-95.91414336928682,200.0,-90.35751708230688,-200.0,-200.0,-29.053318670724366
72,0.005253735,0.1749274,0.48127356,0.06532456,0.010573687,-0.99780804,1.0,0.0,0.0,-0.020827979,-0.026141126,-0.5658217,0.072896,0.021307826,0.174185,-0.26999685,-0.16184373,0.38636127,-0.12198532,-0.12508339,-0.043135058,-0.05366993,0.08773584,0.18572968,-0.62688935,0.700734,0.16981392,-0.29771334,-0.022024317,-0.0017406459,0.09258336,-0.23245163,-0.52730715,0.49902427,-0.5754199,0.36993366,-0.038064733,0.49786544,-0.45819196,0.18151306,0.27538633,0.23832172,0.373201,0.08906423,-0.31715533,200.0,-200.0,200.0,-200.0,87.03993643555589,-200.0,-50.38239031069162,200.0,129.14397450859062,119.2863633730621,200.0,-75.311943651766
73,-0.014258117,0.22174853,-0.43764067,0.07385932,0.010805739,-0.99721014,1.0,0.0,0.0,0.042213615,-0.04792646,-0.52452224,-0.044128895,0.18491513,0.10429864,-0.25951892,-0.14656216,0.36460894,-0.065028906,-0.08241266,-0.13725552,0.6198603,-0.27406064,0.23754323,-0.5558951,0.6988261,-0.7735276,0.34053782,0.15880461,-0.17460924,0.42764813,0.36764327,-0.3913636,-0.3697322,-0.3215087,0.19210728,0.5972711,0.54982156,-0.1034725,0.31675804,-0.24031313,-0.0088410005,0.4101318,-0.90088606,0.49535143,200.0,-200.0,200.0,200.0,-91.52201195623275,-200.0,200.0,200.0,-92.77843718937726,200.0,-18.59272902781896,33.12067625993063
74,0.68369126,0.1602287,-0.6918862,0.080910854,-0.0033030843,-0.99671584,1.0,0.0,0.0,0.14355034,-0.11955252,-0.46893913,-0.14338505,0.30981472,0.023269508,-0.15134928,-0.1416907,0.31023148,0.05801332,-0.114468634,-0.103925206,0.39210635,-0.37294048,0.3049128,-0.445281,0.5199141,-0.27912593,0.7061958,-0.07414625,-0.32732818,0.7284351,-0.59091365,0.62204266,-0.5849752,0.6335474,0.7101967,0.347162,0.3877931,0.25903898,-0.41771364,0.3494419,0.42711043,-0.5364819,-1.4362631,0.876651,-200.0,-40.22816234218493,200.0,200.0,-41.8206967357109,27.338317698298454,200.0,-143.7340313831526,-200.0,16.57679895647925,-200.0,200.0
75,0.17745093,-0.5383798,0.12780349,0.07219783,-0.018537309,-0.9972181,1.0,0.0,0.0,0.1626746,-0.1419574,-0.39942402,-0.21193528,0.34542271,0.06124149,-0.054457083,-0.14357702,0.29710382,0.16247427,-0.33995587,0.12306101,-0.15430163,0.10002219,0.37349278,-0.26151285,0.08815011,0.40855455,0.30395564,0.056557834,0.14192818,0.35672596,-1.5674379,1.5142611,-0.21277101,0.41405988,0.08560784,-0.30170667,1.0112029,0.16291463,-0.49556714,0.7733987,-0.26598394,-0.53072226,-0.8551632,0.41905445,-200.0,200.0,200.0,200.0,-4.819852475916207,0.22307457512982865,-200.0,200.0,166.23203284044052,-200.0,-200.0,98.08571170789924
76,-0.30422118,-0.5658198,0.51630527,0.0499622,-0.016496882,-0.99861485,1.0,0.0,0.0,0.07093628,-0.07580894,-0.32874686,-0.26435626,0.46784657,0.09858018,-0.04820959,-0.11438639,0.32105628,0.21442974,-0.5482815,0.31484663,-0.67403626,0.49822113,0.34666392,-0.23946738,1.0328115,0.13332562,-0.1823306,0.22270516,0.10415707,0.1853221,-0.6855175,0.5062019,0.17967765,-0.7229009,-0.29927474,0.25445533,1.2727532,-0.38553268,0.084125444,-0.3744411,-0.56076235,-0.4438957,-0.3335577,-0.2693368,-200.0,200.0,200.0,161.87274447780408,181.5211257353351,-6.363564859208708,-200.0,200.0,-200.0,-200.0,89.37070635855093,-200.0
77,0.20403688,-0.37423572,-0.041805472,0.03321873,-0.015665177,-0.99932534,1.0,0.0,0.0,0.03433138,-0.056301452,-0.3473571,-0.202752,0.6135273,-0.024825038,-0.04947366,-0.085770376,0.326181,0.24113727,-0.577439,0.31310964,0.1409911,-0.117438994,-0.29769954,0.6088789,0.5203375,-0.74253297,0.15084814,0.072020605,-0.022470433,0.0940183,0.2958996,-0.43041077,0.720353,0.18548831,-0.3305921,-0.12812464,0.23689908,-0.10689599,0.18402931,0.07278229,-0.36362118,-0.21576087,-0.03892479,-0.42372838,200.0,-200.0,200.0,200.0,200.0,66.12992743014127,200.0,-200.0,-200.0,-200.0,200.0,-200.0
78,-0.18656982,-0.26053494,-0.7525761,0.021312678,-0.013227414,-0.99968535,1.0,0.0,0.0,0.10268492,-0.06863813,-0.39457518,-0.098095775,0.6117135,-0.13503328,0.015633449,-0.042732604,0.31045395,0.24530232,-0.4319752,0.12816107,0.4955802,-0.04070398,-0.1438861,0.37981018,-0.43662372,-0.13685325,0.375366,0.26804608,-0.12260896,-0.047978863,0.85218126,-1.1685323,-0.1927285,0.12010448,0.024780855,-0.57659096,-0.7038418,0.29989251,-0.34982997,-0.36850113,-0.06654573,-1.0912176,-0.4374927,0.3983548,200.0,200.0,200.0,-200.0,-200.0,200.0,-26.321803692513527,-24.420334061408738,-200.0,-200.0,-57.875463668986754,35.15462425042756
79,0.03066052,-0.1174406,-0.23856889,0.014122632,-0.010121968,-0.999849,1.0,0.0,0.0,0.13188449,-0.049903005,-0.4051469,-0.06361854,0.41960526,-0.06189144,0.027431117,-0.022175558,0.28204614,0.2184031,-0.36519164,0.0010231736,-0.13948403,0.2001541,0.025440818,0.0030090136,-1.3900404,0.71528184,-0.19985569,-0.026399989,-0.15375343,-0.20340107,-0.06936093,-0.20010535,-0.35897037,0.4447117,-0.40562695,0.30275863,0.07279556,0.23121819,-0.5013613,-0.42697638,-0.01913403,-0.9146054,-0.5296544,0.3601287,-200.0,170.0440095530756,200.0,-200.0,-200.0,64.77870757521657,-200.0,-200.0,-200.0,-200.0,-147.16585742153356,200.0
80,0.109538004,0.046597317,0.08962199,0.013648429,-0.012795264,-0.999825,1.0,0.0,0.0,0.03401066,0.02566273,-0.41329294,-0.046159625,0.24635875,0.04023481,-0.07644627,-0.04901915,0.24521303,0.16405082,-0.4162429,0.06304942,-0.75398713,0.51470774,-0.06488869,0.15598258,-0.45091245,0.4103744,-0.77804023,-0.20748773,-0.20960215,-0.33037904,-0.24174476,0.6121103,0.2958654,-0.16483171,-0.55356467,0.825737,0.9470403,-0.5765715,-0.33410972,0.7634767,0.6513341,-0.45464677,-0.28316605,0.29161996,-102.77874615453186,200.0,77.52810026722477,200.0,164.41489751190954,-29.660921076026057,-151.7970475577099,-200.0,-200.0,-200.0,15.449602772180896,13.374897757464964
81,-0.21319447,-0.15309854,-0.25429714,0.011636559,-0.010045181,-0.99988186,1.0,0.0,0.0,-0.04336908,0.10220663,-0.43871528,0.02055347,0.26253533,0.019060709,-0.17951804,-0.056457367,0.23297346,0.063970685,-0.38906926,0.14457507,-0.093221985,0.27434978,-0.17490178,0.45957723,0.5132557,-0.528398,-0.36023718,0.07384499,0.08141565,-0.64637023,0.22630076,0.32132518,0.7130926,-0.5516245,-0.74611187,0.23232974,0.3880111,-0.17994174,0.056141242,1.1130552,0.07410802,-0.53627855,-0.0010924786,-0.01004035,200.0,-200.0,-70.94710381951109,200.0,200.0,-200.0,60.98494709604489,200.0,200.0,-200.0,-12.26990192106257,-28.94899864499132
82,-0.38892624,0.30519047,-0.7130763,0.018051155,0.0022281453,-0.9998346,1.0,0.0,0.0,0.014242479,0.1254783,-0.5016114,0.11618614,0.33141664,-0.059941366,-0.18497542,-0.021283848,0.23240018,-0.053840876,-0.24968559,0.092463434,0.5748872,-0.012295858,-0.41396895,0.50373644,0.32921875,-0.48791456,0.30039006,0.17653762,-0.113114595,-0.087304756,1.2682866,-1.0317749,-0.042626366,-0.8827957,-0.31909016,-0.14583458,-0.078353785,-0.037696518,0.056692004,-0.0931306,0.35956997,-0.14001134,-0.10884629,-0.39260492,200.0,-200.0,-200.0,200.0,136.89596230534352,-200.0,200.0,200.0,-200.0,-200.0,200.0,-200.0
83,0.040503617,-0.24838056,-0.19294131,0.0186877,0.009488496,-0.99978036,1.0,0.0,0.0,0.09590516,0.10747013,-0.54009444,0.18402791,0.29171073,-0.08322082,-0.10632173,-0.011693136,0.2240659,-0.03038764,-0.16860664,-0.06378541,0.2474647,-0.15398651,-0.0111327665,0.2075126,-0.6308484,0.100679375,0.3497925,-0.039395094,0.04200692,0.17806816,-0.0025684757,-0.6546407,-0.27207333,-0.3555864,-0.08771931,-0.5149119,-0.8122778,0.41713434,-0.40566802,-0.51114666,0.27980363,-0.6666661,-0.50247616,-0.26617917,-200.0,-200.0,200.0,-200.0,-200.0,27.21824196138246,-32.207223724233984,-160.82089088051487,200.0,-200.0,102.52241997258027,-22.475271867093625
84,0.75519955,-0.37004107,0.6174556,0.00399493,-0.0078853145,-0.99996096,1.0,0.0,0.0,0.10166504,0.05175987,-0.5078086,0.19113505,0.063462734,0.03047448,-0.10569405,-0.05619282,0.25067735,-0.020220995,-0.25193375,-0.14958021,-0.14743009,-0.3791415,0.29153985,-0.11492479,-1.5627068,0.8136299,-0.28020215,-0.379705,0.16691245,-0.041256536,-0.53740686,-0.25945833,-0.0051863473,1.2706563,-1.1004922,-0.3447531,-0.0059299394,0.1154012,-0.43602026,0.5465264,-0.09998308,-0.4532668,-0.35576683,0.41777214,-200.0,-200.0,200.0,-200.0,-200.0,-12.09694898200189,-200.0,-200.0,-99.74318560721929,-200.0,30.5426485620859,29.71582848031926
85,0.18038127,0.31122774,0.99247664,0.0022404522,-0.02446427,-0.9996982,1.0,0.0,0.0,0.050965212,0.01256168,-0.47398406,0.14556634,-0.15322417,0.11936623,-0.19554532,-0.11236593,0.26122373,-0.033278346,-0.29124922,-0.09537403,-0.3553141,-0.04474021,0.067979656,-0.31610194,-0.6921156,0.2958598,-0.5242042,-0.19300549,-0.036761165,-0.0737889,-0.12292953,0.7081508,0.43431267,0.26982802,-0.23923497,-0.13011001,0.74250925,-0.33724895,0.33494598,0.5284703,0.47712302,-0.16303404,0.0827977,0.25350687,-138.9091737863983,200.0,-200.0,-200.0,200.0,15.543476920068272,-200.0,200.0,-200.0,-200.0,-8.526178555546153,200.0
86,-0.49017835,-0.13577315,0.3326857,0.0047125192,-0.017612122,-0.99983376,1.0,0.0,0.0,0.019219888,0.02904619,-0.43568367,0.070829034,-0.1864255,0.06961161,-0.22460417,-0.11662331,0.29217547,-0.07322872,-0.21936601,0.0390293,0.0036691956,0.17966759,0.2727625,-0.40173116,0.26435795,-0.69492,0.15870632,0.122944675,0.27846575,-0.25247952,0.62217665,0.4897185,0.34112436,-0.83486784,-0.6500631,1.0169973,0.4772665,-0.18633759,0.41590405,-0.71193075,0.4063412,-0.13031554,-0.21103513,-0.25317326,200.0,200.0,143.50075383096913,-19.12437360941243,200.0,-200.0,200.0,200.0,121.90686705290864,59.91924265910686,12.300318943338198,-79.62310962071865
87,-0.22319978,-0.24903357,-0.21398719,-0.0036434974,-0.002993768,-0.99998885,1.0,0.0,0.0,0.08330604,0.026898896,-0.3983143,0.022091746,-0.037377834,-0.124122806,-0.14713915,-0.11087473,0.3425623,-0.09532201,-0.21969575,0.04574746,0.535889,-0.15479583,0.113821864,-0.11203183,1.0511786,-1.2558913,0.5965664,0.015377599,0.2585419,-0.077003844,-0.123647414,-0.30646127,0.13586418,-0.029790401,-1.0872357,0.51886487,0.09557494,0.30724916,-0.19840132,-0.21239056,0.38074666,0.064663455,0.15231344,-0.40349153,200.0,-200.0,-200.0,200.0,200.0,-200.0,200.0,-200.0,147.99691979251318,-76.31166477413353,9.387402573337145,-200.0
88,-0.048731577,-0.077933975,0.09903873,-0.00856684,0.0008451344,-0.9999629,1.0,0.0,0.0,0.17816105,-0.011997991,-0.4015376,0.031220675,0.17461854,-0.2666076,-0.0856224,-0.120656066,0.35841084,-0.061486125,-0.19813198,-0.07916542,0.35821027,-0.18086882,-0.11064718,0.18087652,0.9770681,-0.27083272,0.055266388,-0.09635084,-0.016314445,0.32566777,0.29695168,-0.79895663,-0.42851204,0.014003977,-0.53900194,0.6887882,-0.30995917,0.29938763,-0.6518313,-0.36899692,0.5606252,-0.7369365,0.110195,0.3773442,-200.0,182.81894540728325,-200.0,200.0,-78.4005282728768,200.0,-200.0,-190.77627552440796,44.15474795680963,200.0,200.0,-200.0
89,-0.06595592,-0.4207186,0.9292453,-0.018659394,0.0031535083,-0.99982095,1.0,0.0,0.0,0.186134,-0.02622803,-0.4321869,0.098136425,0.26234257,-0.21510269,-0.13724436,-0.15857784,0.37894732,-0.021671653,-0.12867206,-0.11437195,-0.21678677,0.02454518,-0.17291771,0.44841227,-0.0042671575,0.6798932,-0.50703424,-0.27159777,0.20398195,0.08342062,0.36666995,0.3055909,-0.315863,0.48598862,-0.7225553,-0.22345409,-0.31266877,0.24665251,-0.23435743,0.21440573,0.02257939,-1.1723511,-0.30128932,0.6184784,-200.0,72.98111628023149,-47.92959980008993,200.0,-200.0,200.0,-200.0,-185.70589497655544,190.83898294856425,-200.0,196.5423861749003,200.0
90,-0.52405834,0.26926938,1.0540859,-0.01997813,0.017193262,-0.99965256,1.0,0.0,0.0,0.08869618,0.021410268,-0.48721904,0.16841626,0.15859336,-0.053046692,-0.20806767,-0.18250681,0.40734893,-0.020297766,-0.14852136,0.050835233,-0.6918875,0.42685562,-0.3419032,0.26890126,-0.91018456,0.6519379,-0.17788865,0.022904856,0.09894132,-0.053040273,-0.31427485,1.1687654,0.27626634,-0.5974979,-0.90210235,-0.4452951,0.0041248575,0.119316824,0.5337611,-0.75348544,0.39412713,-1.4913661,0.4959679,-0.5462248,-191.58983403045715,200.0,-154.11063755775302,-200.0,-127.46435418238389,-58.83968841062392,156.58148097052134,200.0,-200.0,-200.0,-3.2512943897202717,26.860324897197415
91,-0.050925247,0.6838736,0.44999743,0.0011617653,0.02795837,-0.9996084,1.0,0.0,0.0,0.015057392,0.06347055,-0.56348747,0.20118737,0.07583314,0.014690554,-0.20497629,-0.18742952,0.41517365,-0.047133684,-0.1035189,0.18098688,-0.10564672,0.019377353,-0.41961178,0.08165315,-0.16126503,0.23795108,0.17671946,-0.061906185,0.006332004,-0.20732585,0.6655604,0.22783211,0.86092794,-0.07459386,-0.29163575,0.32884866,0.008103393,0.19644117,-0.082957365,-0.5293014,0.8022406,-1.1365093,0.9651617,-1.2643666,200.0,-200.0,-200.0,-200.0,27.34508254322776,-30.358387768490815,200.0,-200.0,-52.92658697277186,-200.0,200.0,-200.0
92,0.057542756,-0.15589438,0.19352315,0.009937055,0.026647354,-0.9995955,1.0,0.0,0.0,0.044853613,0.028802635,-0.61565787,0.22587049,0.05095476,0.07617097,-0.16498984,-0.20610566,0.43578342,-0.06172383,-0.046192646,0.20443086,0.31556365,-0.275714,-0.12746713,0.14582543,-0.10159614,0.17593253,0.1491423,-0.12526926,0.19457512,-0.035910472,0.16305093,-0.037944,0.2719922,0.2489583,-0.30229867,0.19180422,0.024785556,0.09716865,-0.3851776,-0.26244056,0.60534656,-0.36707848,0.36195567,-1.0871246,200.0,20.572121932078005,200.0,82.1671078211468,3.820547535935191,-200.0,-200.0,-200.0,200.0,-200.0,200.0,-200.0
93,-0.31563208,-0.5688792,0.3796066,-0.0065005976,0.032557007,-0.9994487,1.0,0.0,0.0,0.10828797,-0.0029989134,-0.6082534,0.2323798,0.042948186,0.08554276,-0.18436608,-0.22608182,0.48516053,-0.07091248,-0.008118331,0.14581315,0.29783508,-0.04529383,0.14327946,-0.043311346,-0.019471085,0.008860523,-0.24871548,-0.068997964,0.2517407,-0.03054198,0.23318382,-0.5147225,-0.34579504,-0.06205918,-1.3170389,-0.17346816,0.01979009,0.4655029,-0.16614583,-0.8030662,-0.3422358,-1.1941615,0.4391239,-0.594032,47.23890266995892,200.0,200.0,-71.65746827780018,48.21737505107526,-18.763974121526694,78.16648920782177,110.77066547481716,-200.0,-200.0,200.0,-200.0
94,0.107110895,-0.02118847,0.49222556,-0.016506514,0.03617454,-0.99920917,1.0,0.0,0.0,0.12750462,-0.014496529,-0.59102553,0.20110977,0.035224974,0.17826125,-0.21965633,-0.24586788,0.50509757,-0.056987405,0.06745666,-0.0167231,-0.07335891,-0.059094854,0.04177006,-0.2484473,-0.027916823,0.6246659,-0.10054245,-0.11656689,-0.018359816,0.14539395,0.51763856,-1.0752791,-0.21720381,0.22184172,-0.7343477,0.15666364,0.32625675,0.24485609,0.2757805,-0.5061685,0.18140621,-0.78486514,0.583148,-0.8639533,-200.0,-37.38215543526129,-200.0,-200.0,2.334452788200103,-16.913748897995788,200.0,-200.0,-200.0,-200.0,200.0,-200.0
95,0.27280754,0.37844914,0.18289505,-0.007220763,0.028657645,-0.9995632,1.0,0.0,0.0,0.057758376,0.010154173,-0.6009509,0.14877498,0.115807176,0.31654373,-0.21709692,-0.27008724,0.48532844,-0.028594255,0.20409197,-0.27278495,-0.47903672,0.240163,-0.12404392,-0.20670286,0.38772833,0.41354018,0.11646867,-0.14107327,-0.1460792,0.116169296,0.75758046,-1.3551173,-0.048662335,-0.3023476,-0.0014221519,0.10961704,0.7129861,-0.35694373,-0.19088069,0.06823383,0.097635746,0.34345937,-0.6297648,0.0060882047,200.0,-46.34960310638536,-61.65261068833726,200.0,-200.0,-200.0,200.0,-200.0,-200.0,-200.0,-200.0,200.0
96,0.29925823,0.5161709,-0.016832134,0.011694365,0.016012454,-0.9998034,1.0,0.0,0.0,-0.0177692,0.0414885,-0.62387794,0.10616374,0.27480733,0.2948519,-0.1965817,-0.29606172,0.42983556,0.030427575,0.24839997,-0.43717402,-0.18346731,0.048105814,-0.122288726,-0.17020382,0.93504125,-0.53500605,0.076520205,-0.11841176,-0.39013085,0.4420049,-0.21816742,-0.38721165,0.15271941,-0.3259809,0.9193445,-0.28045297,0.5348135,-0.21279979,0.020804249,0.5616597,0.3862418,0.58222353,-1.2820795,0.72807854,167.24725371112447,-200.0,200.0,181.03418767683132,-46.77935434998244,-200.0,-66.1352360970035,200.0,-200.0,200.0,-200.0,200.0
97,0.18974608,0.17626998,-0.026501779,0.02481639,0.0065123555,-0.9996708,1.0,0.0,0.0,0.0035889482,0.012642646,-0.6200616,0.045547843,0.37865835,0.13584045,-0.12510183,-0.29759088,0.37900344,0.13099945,0.09565848,-0.40549403,0.28614745,-0.2989228,0.13777626,-0.422973,0.34685227,-0.7513399,0.42495543,0.046356406,-0.16727868,0.54432225,-1.2106916,0.5971317,-0.16867279,-0.43439037,0.5212535,-0.56958354,0.16376951,0.0680344,-0.065340534,0.7634477,0.34807706,0.048290566,-1.0095646,0.8184647,44.58928934936944,-200.0,200.0,-200.0,-37.632147979699255,54.3781136541503,-123.36674355907434,200.0,191.4451631970505,200.0,-200.0,200.0
98,0.24121828,0.035016723,1.0689737,0.02790534,-0.0027178782,-0.99960685,1.0,0.0,0.0,0.0319551,-0.058795314,-0.560816,-0.07782817,0.35093582,0.082993954,-0.08058661,-0.28869283,0.36754298,0.2080853,-0.23063868,-0.18286669,0.03418216,-0.39268035,0.4198403,-0.7903866,-0.38574085,-0.036826912,0.10077455,0.05475081,0.009491912,0.2654485,-1.6842755,1.5376357,-0.17029127,-0.045583487,0.06591575,-0.10100119,0.7684627,-0.015705718,-0.1642366,0.58098865,-0.04655291,-0.52722144,-1.0383021,1.0662409,-200.0,-200.0,200.0,-200.0,-5.091486159016597,15.128823206351196,-82.79682587676865,200.0,-36.79755985118538,-200.0,116.860382169991,200.0
99,-0.19957183,-0.0047269114,1.2555386,0.028201897,-0.0038362434,-0.99959487,1.0,0.0,0.0,-0.008889518,-0.08402176,-0.4782675,-0.22855926,0.37793875,0.05050029,-0.09571763,-0.2630858,0.3636687,0.24193966,-0.5102311,0.19814612,-0.3098986,0.03003006,0.40587005,-0.71587557,0.5606383,-0.14774178,-0.13484068,0.21037708,-0.036249284,0.09354816,-1.1524936,1.880604,0.40020376,-0.22417344,0.1762499,0.77028626,1.3350197,-0.29852295,0.7568526,0.0689372,-0.038536698,-0.6670144,-0.65699214,0.39629754,-26.58693969999723,66.26011760860165,200.0,200.0,200.0,16.628414702453853,-9.751310408201391,200.0,-200.0,-200.0,100.38574670532785,-138.67930771234592
100,-0.34684965,-0.138559,0.323056,0.024171662,0.005600323,-0.99969214,1.0,0.0,0.0,-0.0014730893,-0.11025265,-0.44841307,-0.2563808,0.6053767,-0.0012187989,-0.065216154,-0.19668749,0.360782,0.24337828,-0.73181003,0.5484223,0.30958912,-0.21901825,0.1301262,0.0026730965,1.4152082,-0.57068956,0.38119003,0.43809238,-0.02442949,-0.05118769,-0.8621589,1.4479564,0.68936735,-0.26530087,-0.50973254,1.111404,0.7725811,-0.4447569,0.4882614,-0.3926351,-0.088424936,-0.26238734,-0.32619745,-0.41982415,200.0,-32.98097839639257,200.0,200.0,190.40601565166753,-87.689454685393,200.0,136.2728139568746,-200.0,-200.0,200.0,-200.0
101,-0.19181928,0.09670169,-0.5875872,0.025814474,0.015234243,-0.99955064,1.0,0.0,0.0,0.10399293,-0.16799693,-0.465823,-0.19801152,0.7041447,-0.13510928,0.04400805,-0.12217127,0.33119276,0.22507787,-0.7971973,0.7347934,0.68302464,-0.32127896,-0.16435884,0.4532717,0.118011795,-0.65449,0.65286297,0.31212094,-0.2178198,-0.13120283,0.11271198,0.50866485,0.06191366,-0.06548961,-0.53847325,0.35962605,-0.29178506,-0.19292441,-0.43483764,-0.35008752,0.4148029,-0.7319462,-0.037394278,0.18991989,200.0,107.90088681784454,69.06524592330321,200.0,41.33943890242115,17.17965844742662,200.0,-200.0,-200.0,-200.0,200.0,-200.0
102,-0.11533592,-0.39247444,0.038985692,0.018249128,0.022121212,-0.9995887,1.0,0.0,0.0,0.17790067,-0.19273597,-0.50175875,-0.08079207,0.6186098,-0.19979182,0.1108593,-0.08601252,0.32186615,0.1665361,-0.67303115,0.7309572,0.08434134,0.042436913,-0.177024,0.64013344,-0.8719949,-0.063366055,0.06323156,0.07789948,0.094656564,-0.42227507,0.87829584,-0.4509696,-0.3064252,0.6254218,-0.45492208,0.0953704,-0.08772036,0.3426754,-0.8169171,-0.31834033,0.578769,-1.0999985,0.26302198,-0.1473782,-200.0,200.0,200.0,-200.0,-200.0,200.0,-200.0,-200.0,80.51755511910596,-200.0,-200.0,-200.0
103,0.11411849,-0.7704504,0.83873606,-0.0068843355,0.02110615,-0.99975353,1.0,0.0,0.0,0.12546417,-0.15398224,-0.5083845,0.010253906,0.39310688,-0.11021556,0.05296323,-0.09762183,0.37732205,0.04542339,-0.40802258,0.53594303,-0.55143875,0.3139442,0.05284111,0.31599,-1.0456618,0.8523618,-0.5845025,-0.17054002,0.39090085,-0.75185305,1.4448726,-1.3672392,0.14184503,0.14534211,-1.277154,-0.121410444,0.29190814,0.09710998,-0.36058164,-0.32272434,-0.43504232,-0.8060358,0.033882715,-0.59947336,-200.0,200.0,67.37093084128665,-159.68964180165557,85.2126349158575,163.2262160149986,-200.0,-200.0,42.59817402027198,-200.0,-88.19212018259736,-104.29244556311642
104,0.05234666,-0.11939322,0.23349056,-0.02307664,0.018706176,-0.9995587,1.0,0.0,0.0,0.033067983,-0.0879705,-0.50938755,0.051606894,0.29374337,-0.024179576,-0.09076015,-0.14393653,0.43003303,-0.1228708,-0.22157794,0.18858212,-0.3542155,0.32666352,-0.05342662,0.122000575,-0.07376492,0.2650423,-0.68079036,-0.23588021,0.1700499,-0.9213154,0.5829487,-1.7074951,0.5308093,-0.104402855,-0.79774565,0.18186282,0.5571836,-0.53443956,0.19070591,0.030597076,-0.27207512,-0.4023158,-0.8361409,-0.005716257,200.0,154.50619096753934,-200.0,-200.0,136.35490752428245,-25.995922332350062,136.76766663447665,-124.50306452621007,-200.0,-200.0,-91.2168040696613,127.75161122938448
105,-0.28529114,0.43239126,-0.24769321,-0.015150727,0.023541017,-0.99960804,1.0,0.0,0.0,0.027352102,-0.044807732,-0.54780143,0.09458578,0.37416536,-0.07254244,-0.13025716,-0.14873096,0.44773373,-0.20490718,-0.27684087,-0.023089312,0.22630201,0.13367842,-0.28018832,0.25485295,0.51077336,-0.62110656,0.21815184,0.14986539,0.07573649,-0.026553346,-0.6904544,-0.60106754,0.069795236,-0.38595974,-0.18716696,0.52338433,0.5358515,-0.4401381,0.46316153,-0.14168224,0.61601925,0.3822838,0.16179556,-0.2154983,200.0,-200.0,-200.0,-73.40448662594937,-200.0,-200.0,200.0,200.0,-200.0,-200.0,-200.0,200.0
106,0.25493082,-0.1607539,-0.32097352,-0.012144899,0.02412816,-0.9996351,1.0,0.0,0.0,0.07185504,-0.041186985,-0.58423454,0.16302145,0.45324528,-0.20048907,-0.029242085,-0.12550916,0.48131746,-0.19064736,-0.30915922,-0.116890445,0.14808653,-0.06322374,-0.10665568,0.4091507,0.1819219,-0.5197929,0.71685606,0.07673416,0.22220095,0.16610365,0.27328736,-0.21976738,-0.14677876,-0.13025714,-0.43695682,-0.5357317,-0.90315175,0.5086447,-0.294724,-0.7261265,0.30524713,-0.73503685,0.62291753,-0.10915773,-159.0481968269252,-200.0,200.0,200.0,-24.142706590911672,42.617992651423265,200.0,-111.5235350225795,63.36790455695174,200.0,200.0,33.038636999772876
107,0.7820191,-0.0049755815,0.283336,-0.01512971,0.0016915323,-0.9998841,1.0,0.0,0.0,0.05664265,-0.06393299,-0.58412355,0.20764613,0.38426924,-0.19799678,0.03270868,-0.1507152,0.51729953,-0.17716646,-0.14606982,-0.11876818,-0.26871118,-0.13402288,0.082463615,0.07393523,-0.7762638,0.44530615,-0.021887498,-0.29571274,0.14571895,-0.018326122,1.2590665,0.017690016,0.17606004,1.384289,-0.4029519,-0.93854856,-0.7217096,0.5897482,-0.49426538,0.173932,0.019722551,-0.37754524,0.22217184,-0.21852544,-191.8729897105936,-5.921222037393079,200.0,-200.0,-200.0,200.0,-200.0,-200.0,-200.0,-200.0,200.0,1.7050913025980492
108,0.08167924,0.0861629,0.1952145,-0.013960816,-0.014050814,-0.99980384,1.0,0.0,0.0,0.035358235,-0.07405971,-0.5478032,0.19398713,0.13518298,-0.015450044,-0.01770297,-0.19622841,0.5227381,-0.169922,-0.014350235,-0.15171593,0.024387496,0.020894194,0.25208753,-0.18657905,-1.5414844,1.2071521,-0.43363762,-0.17433384,-0.06940891,0.0895248,0.532871,-0.2758918,0.6171031,0.41141552,0.0074193925,-0.72557634,0.09575487,0.014580974,0.10772085,0.34865612,0.44885373,0.6686455,-0.15363917,-0.15651825,200.0,200.0,200.0,-200.0,-200.0,200.0,-200.0,200.0,-200.0,-200.0,200.0,-154.11330146410833
109,-0.38002217,0.011781975,-0.6223277,-0.011416878,-0.007336916,-0.9999079,1.0,0.0,0.0,0.080439605,-0.050538216,-0.4775098,0.12754905,-0.0936321,0.116623834,-0.02942914,-0.19056535,0.5034002,-0.121370435,-0.009736776,-0.16366607,0.38902733,0.19434209,0.43259436,-0.45388493,-0.7098691,0.21393053,0.2235999,0.19090723,-0.10452783,0.354831,-0.28424078,0.015532873,-0.19921958,-1.4194237,-0.3134958,-0.5071476,0.82295907,-0.3040925,0.31785375,-0.5176381,-0.4639569,0.32588428,-0.28851357,0.086837225,200.0,200.0,200.0,-200.0,200.0,-200.0,103.83636355586341,200.0,-11.778527087348394,200.0,-29.78634393781232,-0.27845647271940166
110,0.35655755,0.6684107,-0.697556,0.0033663556,-0.008899576,-0.99995476,1.0,0.0,0.0,0.123963036,-0.03081015,-0.40427357,0.005990505,-0.12700582,0.054892853,0.04586862,-0.17645581,0.44378665,-0.010509968,-0.10039061,-0.09184982,0.072715886,0.022268845,0.3150774,-0.73418915,0.27759713,-0.69483626,0.46184143,-0.03945009,-0.44777814,0.67781633,-0.40854535,0.39436987,-0.37081712,-0.32734787,0.31644237,-0.48777366,0.9226806,-0.25890884,-0.21948314,0.23029654,0.07946761,0.0091808885,-0.53192884,0.18432495,-200.0,-200.0,-131.3596733649249,-200.0,200.0,-96.26662903369481,103.58928913817363,-200.0,-200.0,35.79152686302575,33.561056883935976,-37.06164324862095
111,0.36506888,0.676063,0.08916022,0.031940818,-0.023617858,-0.99921066,1.0,0.0,0.0,0.10368991,-0.030001782,-0.32978243,-0.16939664,0.0341388,-0.053957485,0.085025124,-0.19116572,0.35303155,0.10345757,-0.23529261,-0.00013346883,-0.23873714,0.001475196,0.39754662,-0.9060055,1.2355171,-0.44439608,-0.020721957,-0.08617675,-0.4409376,0.47939378,-0.6437247,0.39493713,-0.09112224,0.2634427,1.2102928,-0.30426115,0.9641614,0.22350779,-0.3027358,1.0963666,0.58631307,-0.17156981,-0.8416354,0.44061172,-200.0,-200.0,200.0,200.0,200.0,36.17438287714788,-200.0,200.0,-116.98350846226117,-200.0,50.72977666139752,-27.10533811952189
112,-0.19153428,-0.16954519,0.66431534,0.039446753,-0.027201012,-0.99885136,1.0,0.0,0.0,0.033594545,-0.021946259,-0.28231376,-0.2718761,0.3433569,-0.028055789,0.04232297,-0.18672955,0.31380743,0.15726411,-0.42573196,0.14587918,-0.35560563,0.059481382,0.15120618,-0.23671134,1.4548507,0.5372078,-0.37262386,0.1215684,-0.010752968,0.10103043,-0.89680195,0.66293186,0.15522696,-0.4027543,0.34732604,0.46687162,1.1678959,-0.18958366,0.13758942,0.69722176,0.09514402,0.038139597,-0.5142711,0.23518297,88.96125933435371,200.0,200.0,196.7058611214916,-200.0,123.26002492583171,-200.0,200.0,200.0,-200.0,54.12763817841392,-97.10792611419765
113,-0.31101567,-0.1443023,-0.0028553877,0.03191263,-0.016392972,-0.9993562,1.0,0.0,0.0,0.03997565,-0.03523332,-0.25886887,-0.2895949,0.59020525,-0.007157077,0.027372096,-0.1362267,0.31266794,0.1642276,-0.5041825,0.19819023,0.29280686,-0.12726706,-0.086024255,0.24012072,0.5388044,0.037222788,0.16892277,0.35132647,-0.016469311,-0.029879738,-0.14981267,0.19765471,0.25710183,-0.33777106,-0.7836444,0.74617386,0.1802473,-0.75444615,0.19799052,-0.09562661,-0.12261894,-0.28385633,-0.09744472,-0.19171655,200.0,-200.0,200.0,200.0,200.0,-200.0,200.0,200.0,-200.0,-200.0,-31.612793919589155,88.05484410128422
114,0.0014541374,0.36278698,-0.22091667,0.03709214,-0.008956198,-0.9992717,1.0,0.0,0.0,0.1212052,-0.082351364,-0.30700666,-0.20394182,0.5893514,-0.104026265,0.07323387,-0.07750274,0.2868185,0.14981294,-0.43024355,0.1350747,0.37462232,-0.30768615,-0.36380738,0.56714964,-0.44815302,-0.9142925,0.22175217,0.19179474,-0.2197758,-0.10587702,0.6866419,-0.65359366,-0.2713264,0.8710249,0.1426744,0.07656774,-0.43396187,0.036967404,-0.38833106,-0.49533248,0.74695504,-0.4262998,-0.57037425,0.30988154,-102.75675242738538,-200.0,-200.0,200.0,-200.0,-200.0,33.14804664832894,-200.0,-200.0,-200.0,15.341419834014914,-47.12633762244559
115,0.17368181,-0.25040004,0.49569252,0.037954047,-0.012984996,-0.9991951,1.0,0.0,0.0,0.12307399,-0.11783546,-0.35081738,-0.1060946,0.39258602,-0.18396485,0.05479688,-0.06496282,0.2877,0.09105909,-0.40041238,0.11147217,-0.28175625,-0.071714014,-0.10402967,0.4171619,-1.4223748,0.021470517,-0.35382256,-0.0394908,0.18894847,-0.4479827,-0.27244705,0.31446725,-0.10342163,0.9409043,-0.27991813,-0.258797,-0.23115319,0.49089757,-0.44716787,-0.3819723,0.41058147,-0.29791147,0.026349284,0.34628037,-200.0,200.0,200.0,-51.70390887079981,-200.0,200.0,-200.0,-200.0,200.0,-200.0,-154.32357665488627,185.440800614319
116,0.28416744,-0.35798734,0.5703042,0.023736965,-0.023494957,-0.9994421,1.0,0.0,0.0,0.04075171,-0.12290065,-0.34730345,-0.062263966,0.17466581,-0.07572335,-0.07628427,-0.096368805,0.3346938,-0.021353006,-0.3479746,0.19019464,-0.40805432,-0.018218735,0.093845844,0.07989786,-0.88553566,0.96949404,-0.8054185,-0.23246558,0.21418531,-0.59639806,0.6899805,0.3433312,0.72327274,0.6221046,-1.269983,0.031795964,0.10975105,0.04275146,0.26061118,0.021213278,0.40674734,-0.24298091,0.5041004,-0.16818067,115.2994132691594,200.0,57.544145564695896,-200.0,77.45833997758336,200.0,30.193640959082018,-200.0,-65.87165448547259,22.22285958526311,169.80177138725412,-31.314624081511738
117,-0.34271044,-0.012487691,-0.21437064,0.016859993,-0.02069857,-0.99964356,1.0,0.0,0.0,-0.0023747566,-0.105545126,-0.35304135,-0.027663946,0.102377474,0.012492306,-0.16933362,-0.10051105,0.35833612,-0.119588256,-0.1153937,0.1520687,-0.060457826,0.16800699,-0.10922875,0.21360491,-0.014107682,0.09291538,-0.18271829,0.14502983,0.06261904,-0.41158873,1.3288642,-0.59836036,0.34121537,-0.21916659,-0.818271,0.50460786,0.49597532,-0.44063357,0.35340506,-0.16553017,0.45493197,-0.056466922,0.028653271,-0.7264021,200.0,200.0,-200.0,-82.13472520435694,58.232586019495656,-58.9886611744401,200.0,136.23092782937238,27.648637483459368,165.06185266015416,-72.20550397029774,-128.2528378073522
118,0.0033106247,-0.08074162,-0.8867688,0.015263078,-0.014654815,-0.9997761,1.0,0.0,0.0,0.047645513,-0.10883827,-0.38959247,0.050316215,0.19337672,-0.069919586,-0.15232477,-0.0807604,0.36858693,-0.17711794,0.041929364,-0.06711083,0.48478538,-0.15002558,-0.23974442,0.5320945,0.6450089,-0.7455873,0.3080003,0.064620785,0.03911447,-0.1849881,0.34281662,-1.3773248,0.08766462,0.016754285,-0.59606457,-0.036808863,-0.08486398,0.123638965,-0.048217386,-0.6363642,0.7802818,0.17249317,-0.016925074,-0.4936355,162.63863655196081,-98.56642902151751,-200.0,200.0,-27.25100150019341,-45.36547111703521,200.0,-200.0,132.92451722892594,200.0,-200.0,13.972324072675292
119,0.120133676,-0.2032685,-0.5062636,0.010168846,-0.017300008,-0.99979866,1.0,0.0,0.0,0.07997697,-0.114464134,-0.43748897,0.14036179,0.21838182,-0.11591991,-0.11388946,-0.08312918,0.37994662,-0.1991266,0.03606963,-0.24060646,-0.005229167,0.04682186,-0.22263756,0.38628155,-0.30157104,0.19343428,0.14044665,-0.06296336,0.072121456,-0.04890997,-0.11826731,-0.5599491,-0.29868776,0.31752527,-0.7749613,-0.58171654,-1.028821,0.44993547,-0.34076148,-0.6022125,0.17088425,-0.17740473,-0.003743805,0.026529841,2.7989004680140095,200.0,-96.79933670425368,-200.0,-200.0,200.0,-10.82860492354834,-200.0,200.0,200.0,10.536909799103924,64.95217232613561
120,0.3042958,0.4087058,-0.07486894,0.016064541,-0.026097039,-0.9995303,1.0,0.0,0.0,0.008182373,-0.07919859,-0.5050977,0.19744909,0.054653406,0.018019736,-0.154216,-0.117402494,0.35663426,-0.19098532,0.021968365,-0.24562348,-0.60248405,0.29272163,-0.41365767,0.20114248,-1.2405895,0.90601367,-0.396924,-0.24101923,-0.25310758,0.08212167,-0.053739626,0.4148905,0.14193413,0.22847758,-0.26691645,-0.18603848,0.0008617714,-0.026237516,-0.26248068,-0.021043703,0.6771993,-0.18483248,0.0477963,0.010107435,-65.11343385469604,200.0,-150.8588231311649,-200.0,-200.0,-17.10732238023877,-3.857265614339667,-200.0,-151.77185413246,-48.684723706617035,2.6517418680851463,200.0
121,-0.20758401,-0.019688742,-0.34993985,0.023022385,-0.025974767,-0.99939746,1.0,0.0,0.0,-0.070725754,0.0020469825,-0.55167574,0.21279597,-0.08631313,0.09120414,-0.19300915,-0.13636439,0.33649713,-0.19407594,0.028948247,-0.15907134,-0.21860044,0.44809815,-0.08841125,-0.025738144,-0.2684258,-0.072025,-0.11379396,-0.0016220069,0.0050161025,-0.06339067,0.03835754,0.3670034,0.67222524,-0.94007695,0.38064206,0.3193015,0.79100025,-0.6841931,-0.22070841,0.46581244,0.51162136,-0.40966386,-0.014205016,0.030936807,200.0,22.090558873289012,200.0,-200.0,200.0,-200.0,-19.987279325698566,200.0,200.0,73.17244527187805,-0.7866406135077497,-29.938828295301676
122,-0.44165778,-0.51534194,-0.6298515,0.010151245,-0.011532031,-0.999882,1.0,0.0,0.0,-0.051059946,0.063421,-0.5497926,0.22205389,-0.035903096,-0.02660141,-0.1987935,-0.12422924,0.3775383,-0.24244857,0.016047597,-0.09421974,0.35158357,0.18861324,0.06551906,0.08221009,0.67825454,-1.0117472,-0.0064168135,0.099413976,0.301802,-0.3263165,-0.0652915,0.26945508,0.24527742,-0.98148817,-1.3598571,0.068623126,0.1524922,0.06431743,0.010199532,0.09883401,-0.3878376,-0.026122518,-0.14834145,-0.24274084,200.0,-200.0,200.0,119.3200070713787,200.0,-200.0,-36.65562649564102,200.0,-13.40793839326426,-26.022689438220084,4.929868697532541,-20.068867760857245
123,-0.33584112,0.23322634,-0.6965944,0.006212502,0.004595385,-0.99997014,1.0,0.0,0.0,0.054486703,0.07307283,-0.56252867,0.22000039,0.03689295,-0.11820235,-0.14904268,-0.087079026,0.39383763,-0.26377368,-0.035428524,-0.12234411,0.53469026,-0.04077904,-0.16771226,-0.09040504,0.26032707,-0.007936164,0.33772492,0.22548008,-0.1082225,0.07145323,-0.24529326,-0.25958884,-0.36732772,-0.6756064,-0.6064997,-0.048523977,-0.08809828,0.31930768,0.07177307,-0.49696368,0.49045438,-0.38721,0.23358408,-0.63291514,-145.3246639632818,-200.0,-200.0,-200.0,-30.827406715895307,200.0,-8.006712704157053,157.64982703574404,-200.0,200.0,19.783605379794636,15.216409466323483
124,0.2514962,0.027005231,-0.10369963,0.009640675,0.0052233543,-0.99993986,1.0,0.0,0.0,0.1252081,0.039192256,-0.5719499,0.17760861,0.006959915,-0.014152538,-0.07816176,-0.06453657,0.40021035,-0.28844535,0.017442942,-0.26682192,0.21208023,-0.2707321,0.030158196,-0.30808565,-0.41451803,0.92601395,0.4043264,0.028704187,0.1273359,-0.26312068,0.6529468,-1.0348755,-0.3852,0.34385264,-0.21289647,0.2505992,-0.4329491,0.36726,-0.5297136,-0.31056446,0.42564046,-0.40206176,-0.35247773,-0.19944522,-200.0,-200.0,-67.34584161613012,-200.0,-200.0,200.0,200.0,-200.0,189.61811109853167,-200.0,200.0,-200.0
125,0.37217,-0.2554734,0.28382027,0.0034052685,-0.006512891,-0.999973,1.0,0.0,0.0,0.10042202,0.024982305,-0.54850394,0.12580538,-0.1280343,0.13328561,-0.06537273,-0.086768605,0.42692685,-0.29223287,-0.061296284,-0.34667918,-0.4016783,0.08635421,0.16324538,-0.21443076,-0.66599303,0.5165184,-0.23371823,-0.2169861,0.16917555,-0.09325703,-0.61410534,0.03324732,0.17884633,0.6513732,-0.8265864,0.75226986,0.26244852,-0.3853307,-0.247564,-0.1477657,0.13039115,0.026518747,-1.0257537,0.502025,-200.0,200.0,200.0,200.0,53.610113685040346,-61.424983823033585,-200.0,-200.0,-165.14189045273199,-139.98844322767923,16.029260420590504,200.0
126,-0.10279059,0.22623065,-0.37718126,0.0036808453,-0.010486272,-0.99993825,1.0,0.0,0.0,0.05381724,0.06117871,-0.5553735,0.115761995,-0.15364182,0.12663521,-0.12087349,-0.116973735,0.4180968,-0.2645185,-0.28855902,-0.23276186,-0.08840015,0.25677195,-0.19367038,0.08482098,0.3118731,-0.48358425,-0.26101878,-0.09323191,-0.21560147,0.32715163,-1.5040573,1.0105646,0.42009524,-0.2493007,-0.378929,0.13290742,0.6559769,-0.4586815,0.08416955,0.46199685,0.45839047,-0.29088026,0.06433611,0.101308085,200.0,200.0,-200.0,200.0,200.0,-200.0,4.930521714927863,40.40468923585664,-200.0,200.0,-55.85570995926287,200.0
127,-0.2654076,-0.1800249,-0.82754385,0.0027547872,-0.0024698104,-0.99999315,1.0,0.0,0.0,0.10198007,0.08039784,-0.5723943,0.12270272,0.01332742,-0.044475924,-0.09954998,-0.112195194,0.4158298,-0.24128604,-0.48347098,-0.1084165,0.5079152,-0.045705587,-0.017344043,-0.0019167295,1.2492502,-0.8914401,0.35345024,0.10663936,0.10224768,-0.007049579,-0.54066706,0.45803094,-0.122892514,-0.76558053,-0.08178185,-0.26285964,-0.25047332,0.15374415,-0.025725767,0.1280412,0.28751445,-0.53297025,0.3604939,-0.5016548,200.0,-200.0,200.0,15.044328578660782,164.54143579992092,60.73200194764297,55.225184951318,200.0,-0.5482990442475852,-108.39433831880419,200.0,-42.08712163610784
128,-0.11861009,0.04990464,-0.17616613,0.00045791312,0.0049585854,-0.9999876,1.0,0.0,0.0,0.17281371,0.060445838,-0.5559394,0.083551645,0.15685314,-0.113149405,-0.06544289,-0.09101763,0.42970875,-0.26302707,-0.48404604,-0.1268189,0.23512153,-0.14453237,0.16399421,-0.35231656,0.28282964,0.10392127,0.10037332,0.117134765,0.047922682,-0.19066495,0.43734288,-0.53983957,-0.43130833,-0.16691156,-0.9205692,0.29943508,-0.4420884,0.29781187,-0.57454693,-0.4473849,-0.019033123,-0.5474613,0.10740388,-0.5720771,-200.0,-200.0,200.0,-200.0,-200.0,200.0,-24.98424952773766,200.0,-200.0,-200.0,200.0,-200.0
129,0.2926848,0.44903603,0.5998324,0.012328095,-0.00038231138,-0.99992394,1.0,0.0,0.0,0.18502739,0.011954229,-0.54835266,0.038170934,0.106594086,-0.004972347,-0.11873991,-0.102956064,0.4150097,-0.29128516,-0.31210417,-0.271819,-0.10996019,-0.2835567,-0.05503092,-0.12280079,-0.68805504,0.6550588,-0.49902087,-0.21267061,-0.20706235,0.0953119,0.9495525,-0.6460058,-0.087067366,1.143535,0.07311764,1.1228323,0.057956643,0.08406216,-0.033014014,-0.11011313,0.9952566,-0.005498752,-0.3712955,-0.10016387,-200.0,-87.92192112163724,-200.0,200.0,-200.0,-44.653860685092354,-200.0,-200.0,-200.0,-200.0,-119.31694668471187,41.110473682782526
130,0.0010175477,-0.24446566,0.47120768,0.014934985,-0.0063193217,-0.9998685,1.0,0.0,0.0,0.11844124,0.006595251,-0.54574424,0.03526473,0.018156052,0.08601772,-0.14827624,-0.12549518,0.40182623,-0.2560773,-0.22982115,-0.29239634,-0.44821152,0.15957972,0.06482783,0.078534566,-0.031001857,0.056366272,0.14289293,-0.034091007,0.054072287,0.24331705,-0.029301448,0.3223332,0.12203255,0.05589579,-0.6662938,-0.079006955,0.45788848,-0.27358496,0.21072604,-0.2300623,0.29337174,-0.42803,-0.28921512,0.11316108,10.432663871712236,200.0,200.0,200.0,200.0,-118.74824870892645,145.93673411321663,78.8403300809278,200.0,200.0,-200.0,149.7790646579066
131,0.10469646,0.37283182,-0.26412287,0.019283634,-0.009439916,-0.9997695,1.0,0.0,0.0,0.07494763,0.01649638,-0.54788333,0.030771613,0.11321014,0.0043103877,-0.071250424,-0.13277999,0.39577883,-0.22153163,-0.2484693,-0.16731459,-0.051015206,-0.008959993,-0.07099237,-0.093703,0.7297042,-0.5936244,0.5300123,-0.039106734,-0.08925524,0.10482277,-0.086557865,0.61378354,0.53877455,0.39904314,-0.73063904,-0.3835718,-0.09697162,-0.0011318158,-0.468749,0.05376388,0.50879294,-0.22267224,-0.28752613,0.041461147,171.73342549317582,79.62296382122804,-180.3242595427834,-141.21557004141127,-17.81212844182801,26.331640965834822,64.24440872250238,-160.93425032057544,-129.05184176158124,-200.0,4.946861579716355,-53.59414774002346
132,-0.64018005,0.40053928,-0.08119899,0.034954727,0.0031305177,-0.999384,1.0,0.0,0.0,0.08939675,0.03083174,-0.5669051,0.0012007952,0.1552887,-0.024853036,-0.00846142,-0.11719427,0.3890522,-0.22354198,-0.2625808,-0.09309779,0.16987973,0.13870208,-0.11553015,-0.19129322,-0.21438189,0.04052495,0.14022091,0.17166486,-0.008041931,-0.066993296,-0.05805679,0.28813285,-0.27145585,-0.66177213,0.50721854,0.6368328,-0.3765664,0.042132527,-0.93492407,-0.5233442,1.0043669,-0.08807956,0.076525114,-0.0032323822,200.0,200.0,-200.0,-200.0,-200.0,12.983055336351285,-200.0,197.601650152032,200.0,58.33792135772286,8.376689792360281,-20.312481419096514
133,0.057498243,-0.29806396,0.6721398,0.035762213,0.01284724,-0.9992778,1.0,0.0,0.0,0.08786213,0.037040964,-0.5685243,-0.018646955,0.018152773,-0.0025353222,-0.049308877,-0.12170974,0.4028715,-0.22060072,-0.18446404,-0.060350485,-0.15319532,-0.05273856,0.07675829,-0.025026968,-0.85187817,0.10209117,-0.484407,-0.18742087,0.1346457,0.08013751,0.55485916,0.12482448,0.016824605,0.0037972182,-1.015314,0.7398359,0.16101119,0.15556067,-0.073745854,-0.8330105,0.055281445,-0.91159165,0.8558607,-0.7422599,-200.0,-200.0,200.0,200.0,50.58342061051667,-12.940363575667021,-200.0,-200.0,200.0,200.0,-23.945405978077133,-11.328303595838307
134,0.16289099,0.074239895,0.18738924,0.03263804,0.0064664492,-0.99944633,1.0,0.0,0.0,0.060045127,0.022909341,-0.5819337,0.0045336485,-0.045055985,0.058455147,-0.10488104,-0.15938583,0.40482154,-0.1866914,-0.051716447,-0.104969986,-0.10603865,-0.07077241,-0.17737444,0.22706763,0.12278273,0.28819805,-0.11679285,-0.14075534,-0.14193945,0.39416322,0.3247266,-0.32450026,0.39371675,0.80045176,-0.41291022,0.17221834,0.49936604,0.14645395,0.1877792,0.25293285,0.44690514,-0.80319005,0.032345735,-0.49243048,22.44865117648817,32.46763422794009,-200.0,200.0,200.0,-162.3987181025131,200.0,-200.0,-200.0,-200.0,200.0,-200.0
135,-0.49475515,-0.3249234,-0.4905763,0.025017086,0.014792084,-0.9995776,1.0,0.0,0.0,0.0717679,0.032040704,-0.6000126,0.05408895,0.06480116,0.103957385,-0.0590301,-0.14991896,0.41585046,-0.1394043,-0.025961936,-0.22819929,0.18800001,0.13833755,-0.023052946,0.23393956,0.6879314,0.2102315,0.399412,0.17323728,0.14035292,0.15281235,0.043054603,-0.6293481,-0.23862846,-0.77564067,-0.33484447,-0.6178761,0.00162635,0.09158616,-0.3967709,-0.46890455,-0.011649072,-0.55454665,-0.31736407,-0.11862963,200.0,200.0,200.0,-200.0,-200.0,-200.0,-200.0,200.0,-200.0,-200.0,-92.48111976318764,200.0
136,0.23070587,-0.15472451,0.2402089,0.015719937,0.018624157,-0.999703,1.0,0.0,0.0,0.0721764,0.037597947,-0.5800583,0.059386373,0.100215435,0.10484799,-0.058250792,-0.16161801,0.43288308,-0.12542892,-0.098623514,-0.25081784,-0.15058029,-0.066880085,0.19899364,-0.14234455,-0.17022914,-0.023087358,-0.31909728,-0.25283623,0.036823623,-0.0003243656,-0.46842924,0.23824285,-0.39674473,-0.13512702,-0.53340167,-0.35372257,-0.0948204,-0.026635578,-0.455423,-0.22362068,-0.058242813,-0.28476268,0.16442588,-0.31545827,-200.0,-200.0,200.0,-200.0,-65.13099357740094,-3.946204015688931,-200.0,-200.0,-200.0,-200.0,27.029995649537796,66.6258789664339
137,0.28718117,0.4290667,1.0571117,0.021059154,0.008441396,-0.99974257,1.0,0.0,0.0,0.013365618,0.01697025,-0.54903775,0.00015687943,0.037284672,0.06457628,-0.17091805,-0.21406758,0.41711557,-0.13821149,-0.0901553,-0.26371288,-0.40231243,-0.12323322,0.123968676,-0.43014175,-0.28421092,-0.19371931,-0.6007089,-0.25295642,-0.13728712,0.10042056,0.19479613,-0.0687642,0.12851928,0.29112995,0.05985789,-0.086909786,0.5604446,-0.041248955,0.23550676,0.745615,0.4531083,0.48367846,-0.23297328,0.05893741,-200.0,-185.1826860159921,-90.49738340761549,-200.0,20.59772489851963,11.496439089562358,53.42370054366313,200.0,-200.0,-150.51476438861133,96.21332980851946,11.70330144526298
138,-0.33639044,-0.012622503,0.1683499,0.029043486,0.008937701,-0.9995382,1.0,0.0,0.0,-0.030711012,0.014691021,-0.51605123,-0.061989665,0.08432442,0.027646061,-0.20597063,-0.22621381,0.4151713,-0.09883094,-0.12359452,-0.18708627,-0.06890227,0.07388438,0.18754409,-0.21780606,0.660271,-0.15523885,0.15697378,0.09722065,0.0618181,0.28856525,-0.2375207,0.53097016,0.08657354,-1.116635,0.32792813,0.22766729,0.9255445,-0.3643645,0.46139103,0.013977259,0.03707596,0.11987524,-0.8365911,0.669918,200.0,200.0,200.0,177.4988484749156,200.0,17.97835893817873,200.0,200.0,26.57341719187656,200.0,17.478050205926166,-32.17971693926927
139,-0.32078964,0.004200021,-0.42229375,0.029061725,0.023079064,-0.99931115,1.0,0.0,0.0,0.007623823,0.0020410155,-0.48015922,-0.09170699,0.30987236,-0.08022391,-0.110057056,-0.1857403,0.42087254,-0.022629142,-0.27481252,0.022817638,0.28377518,-0.13122971,0.18381242,-0.0977228,1.3121095,-0.6100038,0.7208116,0.2817381,0.022108493,0.40019876,-1.129355,1.3542982,-0.112856,-0.790585,-0.1636249,-0.28005993,0.6776544,-0.34561148,-0.26523763,0.014115661,-0.2920894,-0.44503832,-0.7251057,0.2805147,-110.83173526056993,-200.0,200.0,200.0,-59.59367456719292,38.78464530390829,200.0,143.70163455443986,-200.0,-102.39591736004218,-73.19109136974907,-10.359379945287174
140,-0.039942008,0.040565077,0.29691964,0.031189203,0.030234791,-0.9990561,1.0,0.0,0.0,0.026718104,-0.023909742,-0.44570297,-0.119172335,0.47210434,-0.14957635,-0.029040853,-0.14159618,0.41410133,0.036628366,-0.43399006,0.18313414,-0.12568755,-0.048214648,-0.031123776,0.108421914,0.50636774,-0.06539982,0.16363554,0.16356505,-0.056047108,0.20978378,-0.63411963,0.34988835,-0.22927953,-0.6587024,0.326415,-0.08374445,0.5253515,-0.5296377,-0.7736823,0.036603525,0.14121364,-0.72984684,-0.35800925,0.24586672,-195.0377981295485,-200.0,200.0,-200.0,-106.35421094992728,-200.0,-200.0,145.08119395499307,-200.0,-200.0,54.439792965774245,-200.0
141,0.052231755,0.10308058,0.93100816,0.034763247,0.028795183,-0.99898064,1.0,0.0,0.0,-0.029057203,-0.02287576,-0.45371872,-0.08954358,0.5076964,-0.22689976,-0.04810382,-0.11374503,0.39730975,0.06002915,-0.45757788,0.20779648,-0.3586583,0.032579053,-0.043937065,0.14672159,0.06455209,-0.5609532,-0.2980211,0.11908986,-0.10667431,0.040627018,0.19219439,0.07752097,0.252648,0.18471237,-0.010432333,-0.09816074,0.33857825,-0.18569759,-0.03752324,0.08123323,-0.07932015,-0.39170164,-0.22882324,0.11803381,-63.85737291843327,-200.0,200.0,-136.19825423316723,-34.16504949087596,-67.44522806484758,-200.0,182.52015110751273,-200.0,-200.0,31.497009951092735,-2.1111169746342853
142,-0.40489534,0.20945655,0.21553037,0.041897446,0.036878813,-0.99844104,1.0,0.0,0.0,-0.05637325,-0.015812028,-0.45802277,-0.058307886,0.45717216,-0.25534403,-0.06810303,-0.05935064,0.37197787,0.04990089,-0.38431376,0.18228339,0.044333067,0.01624867,-0.0039158366,0.15421116,-0.41020775,0.2041014,0.039661385,0.36054602,-0.14310722,-0.12859179,0.3400595,-0.13654819,0.46300256,-0.4249971,-0.05208093,0.11588195,0.18110782,-0.05932624,0.11654134,-1.0307127,0.4053207,-0.026017472,-0.24410978,-0.055762336,200.0,200.0,200.0,-67.6369926733571,-200.0,152.80658284842264,63.138361395253305,200.0,-200.0,-200.0,-26.40874850157536,3.910533862978724
143,0.05652591,-0.32528213,-0.37632015,0.03765815,0.04347939,-0.99834436,1.0,0.0,0.0,0.019246096,-0.06261099,-0.434184,-0.018273711,0.36136547,-0.1897899,-0.02472143,-0.0061535677,0.36437303,0.017710805,-0.32376093,0.11250287,0.64883655,-0.42754403,0.23228334,0.21225534,-0.3974088,0.2927393,0.27782828,0.16684923,0.02472288,-0.15324701,0.17600214,-0.36260372,0.13862914,0.23985022,-0.6248183,-0.11670487,0.035277553,0.14751998,-0.17985034,-0.882085,0.25387603,0.009120569,0.39597055,-0.31848702,200.0,-200.0,200.0,63.428295630402005,38.467937298672894,-32.0270842149539,14.804102027327758,-200.0,67.4319376413456,64.58434802530411,-19.4319944676744,24.773212293321762
144,0.20409538,0.19386841,0.044114105,0.037542477,0.03752364,-0.9985903,1.0,0.0,0.0,0.08171704,-0.11585611,-0.4035172,0.0020893812,0.25448334,-0.08439031,-0.036395334,0.0016512466,0.33829603,0.005271673,-0.18151963,-0.020389652,0.10396748,-0.16131692,0.098655894,0.017262047,-0.47301194,0.49852023,-0.26993677,-0.044795327,-0.20760487,-0.029688582,1.1244892,-0.64919186,-0.35333282,0.85069335,-0.5403393,0.01896526,-0.024249457,0.17264096,-0.50556743,-0.7615201,0.6258343,-0.21796358,0.17089048,0.018026449,-12.052671888124223,200.0,-200.0,-200.0,35.7051384305438,-34.92104402663648,-49.376433729421194,-200.0,19.92151487192305,38.30738522755439,145.8465898245356,53.98105586017573
145,0.07908826,0.05810605,0.906483,0.042936705,0.031299494,-0.99858737,1.0,0.0,0.0,0.02806807,-0.11501085,-0.39842016,0.016144633,0.15727001,0.011031702,-0.14606875,-0.031906422,0.327584,0.017070651,-0.03467661,-0.053181253,-0.58607364,0.16260837,-0.018947443,0.06746098,-0.39359173,0.34660664,-0.73251545,-0.25729162,0.049195196,0.12006261,0.37455496,0.17226885,0.19986998,0.4406985,-0.37237346,0.15086116,0.3868298,-0.27894613,-0.11782156,-0.13877048,0.6367261,0.4697417,-0.09694145,-0.13838923,-200.0,200.0,-200.0,-58.64574420601443,32.208205290430044,-25.988850339710098,-37.047707514887065,-200.0,200.0,-200.0,30.690990793736262,-8.090994800767788
146,-0.28429946,-0.34110692,0.1492257,0.036140744,0.035845,-0.99870366,1.0,0.0,0.0,-0.049293317,-0.06912405,-0.39302367,0.049766183,0.17962193,-0.02515943,-0.2299036,-0.06416201,0.3528384,0.05317068,-0.038754344,-0.073603205,-0.2315396,0.27331397,0.06782438,0.21436588,0.41811505,-0.51439494,-0.1664886,-0.09488616,0.18263917,0.22726972,-0.1285033,-0.13492051,0.49782568,-1.2726429,-0.4506982,-0.26283532,0.7984983,-0.32598004,0.24877517,-0.4103312,-0.43083215,-0.6632146,-0.16779757,-0.012170665,200.0,200.0,-14.929538110872272,4.070274019775326,25.243741445302817,-30.125372556069294,200.0,-44.66200552997276,200.0,200.0,9.647088884760166,5.077603202600358
147,0.30422434,0.21729174,-0.51428294,0.033596326,0.03640349,-0.99877226,1.0,0.0,0.0,-0.035334386,-0.06183955,-0.38936657,0.07321715,0.33889836,-0.12437808,-0.21828851,-0.09845877,0.36562845,0.08949816,-0.08053172,-0.056314994,0.269348,-0.2209012,-0.16444169,0.27291554,0.31349215,-0.31874248,0.23087232,-0.23797213,-0.0373636,0.13776802,-0.18538994,0.10289734,0.14157368,-0.5681193,-0.04553543,-0.65325665,0.32794768,-0.0918111,-0.072347626,0.66548145,-0.6388756,-0.33641398,-0.33665353,0.009205848,200.0,-200.0,-148.06366824002558,-200.0,-70.3508742671379,30.416572741221103,200.0,-200.0,-200.0,-200.0,11.52864406256549,-14.301755968349255
148,0.4099168,0.431198,-0.33056378,0.047148746,0.021816561,-0.9986496,1.0,0.0,0.0,0.034028564,-0.12667173,-0.4005689,0.091487646,0.34424213,-0.12360919,-0.16488858,-0.13771234,0.3537179,0.100777626,-0.16424495,-0.030783676,0.32766187,-0.38441345,0.028300965,-0.06431072,-0.034116756,0.07351955,0.23101608,-0.17827219,-0.08341849,-0.01290931,-0.37248287,0.08437456,-0.36956283,-0.2551543,0.9037077,-0.5457051,0.3512923,0.1311985,-0.43225724,0.71118784,0.28173685,-0.13197756,-0.60334057,0.14714678,-106.8854964194814,-200.0,200.0,-200.0,2.586371570684534,-10.284917816254179,-44.95766676628878,200.0,-200.0,-200.0,29.148333973323872,-5.943873301485482
149,0.19387567,0.44040704,0.50157255,0.0647066,0.009539857,-0.9978587,1.0,0.0,0.0,0.04888447,-0.18349358,-0.38916928,0.074414015,0.33298323,-0.044486534,-0.1695328,-0.16764429,0.34493265,0.07237375,-0.30929095,0.026605722,-0.14387451,-0.18456718,0.06826236,-0.09174385,-0.051244583,0.4053479,-0.23882745,-0.11744889,-0.023518331,-0.24536474,-0.68341535,0.2604704,-0.24178346,-0.32317734,0.34864902,0.010533184,1.0876696,-0.10563431,-0.12854476,0.523536,0.0054876357,0.13831936,-0.6068864,0.37769088,-200.0,51.395379302601185,200.0,-200.0,85.51386576970677,-36.251367147618794,-200.0,200.0,-101.97049390373236,-196.85343338322835,134.19691773828606,-23.938675885274506
150,0.38904187,0.6566998,0.5932785,0.08708001,-0.0039753485,-0.9961934,1.0,0.0,0.0,-0.008195958,-0.20632319,-0.39642864,0.06488395,0.34270656,-0.019378692,-0.17280492,-0.17772746,0.3177102,0.055209756,-0.41298896,0.13494201,-0.37529913,-0.0767948,-0.11641832,-0.023133254,0.12725376,-0.06524187,0.07464989,-0.01684961,-0.235315,0.038124204,-0.42076388,0.52575773,0.32090405,-0.32941896,0.31616825,0.14103214,1.1464006,-0.28408465,0.40590912,0.051823854,0.74014264,-0.015420541,-0.017932035,0.0869013,-114.87393039421534,-158.68200346961476,200.0,-83.82932544216982,200.0,-131.92093765585105,23.871381031409683,200.0,-200.0,153.18998729232192,34.65295936112602,-41.024486473981426
151,0.12726521,0.07846304,0.17721409,0.10018872,-0.015354063,-0.99485,1.0,0.0,0.0,-0.017164774,-0.23369314,-0.40991968,0.083147645,0.39237407,-0.083736494,-0.08514617,-0.15505141,0.31235087,0.03910315,-0.39203674,0.14849049,0.2073398,-0.17878006,-0.015876386,0.15071233,0.35597798,-0.3771207,0.7400374,0.22389679,0.12048074,-0.14583285,0.535731,-0.12435716,0.6308712,0.0018457621,0.2989521,-0.17251913,0.76042044,-0.37139344,-0.19874181,0.32248133,0.2943079,0.09328844,-0.099259034,-0.15499163,200.0,-28.16152493581231,200.0,-21.027846736788362,200.0,-28.077802782039726,200.0,200.0,200.0,21.587154968047088,200.0,-5.774574207953748
152,-0.3119372,-0.007862332,0.16573656,0.10147263,-0.011463405,-0.99477226,1.0,0.0,0.0,0.059648093,-0.26005903,-0.41149706,0.11550546,0.4661561,-0.20589578,0.018482238,-0.095293,0.31896222,0.023649693,-0.25452632,0.066369876,0.5361533,-0.12207796,0.010004676,0.17279832,0.43437177,-0.5833041,0.3410279,0.35420164,-0.036403127,-0.011791359,0.5488214,-0.48184186,0.20590135,0.15677755,-0.5641198,0.1374923,0.002759941,0.09665396,-0.8046409,-1.2733951,0.34023082,-0.33914572,-0.048364483,0.23548669,200.0,200.0,200.0,-200.0,200.0,200.0,-200.0,200.0,-51.70918522252998,137.93118788157298,200.0,31.65957925943718
153,-0.32633662,0.14882335,0.60249186,0.104334414,-0.0005682561,-0.9945421,1.0,0.0,0.0,0.11717142,-0.26366135,-0.42777294,0.1443522,0.44857228,-0.21892306,0.022578258,-0.045332074,0.31814843,-0.008644104,-0.17699271,0.07178107,0.12713222,0.052238334,-0.14199705,0.106915824,-0.51520294,0.3592579,-0.24143194,0.16785386,0.025770435,-0.28094634,0.28200105,0.32657045,0.0014489014,0.50028604,-0.64086366,0.26177472,-0.32343733,0.3775255,-0.2991655,-1.4422246,0.91807485,-0.4208114,0.31009403,0.15821311,39.595127041768905,200.0,-144.24830001742347,-123.84551416676138,-200.0,200.0,-200.0,-200.0,26.427418074855712,-200.0,-25.40755923785173,25.976103757974272
154,-0.44729593,-0.09775448,0.9175161,0.1059704,0.010792876,-0.99431074,1.0,0.0,0.0,0.086586565,-0.22464065,-0.47278935,0.18032849,0.24098986,-0.051144835,-0.08380025,-0.029566599,0.34906977,-0.07988465,-0.075167656,0.08880579,-0.25959793,0.29759017,-0.22845666,0.2084687,-1.3623298,1.0616391,-0.6940743,-0.020805804,0.21442233,-0.20454574,0.17405145,-0.07584807,0.38622382,-0.120012715,-1.2659155,0.44046295,-0.15509263,0.07378166,-0.029216357,-1.4280603,0.97958636,0.05933392,0.8453211,-0.3252692,56.14786268748168,200.0,-115.41804636309118,-29.581749883109694,55.06570477177024,-200.0,200.0,-200.0,200.0,-200.0,200.0,200.0
155,-0.51104176,-0.31751943,0.15092902,0.097987436,0.026538773,-0.9948337,1.0,0.0,0.0,0.07772248,-0.1717129,-0.525099,0.2526574,-0.064514756,0.15865813,-0.17271669,-0.029463785,0.38541046,-0.08310628,0.0074087977,0.0062752645,0.11202437,0.28564724,-0.29702938,0.497339,-1.9443849,1.0538468,-0.23402302,0.036278684,0.15765017,0.14213224,0.5798397,-0.6149849,0.36589387,-0.22580126,-0.81135327,-0.07779552,0.18706715,0.005148934,0.5906617,-1.1010894,0.66697747,-0.8224664,1.0492724,-0.36151525,200.0,125.9809637266469,-200.0,200.0,-200.0,-83.73795939671949,200.0,-200.0,200.0,200.0,200.0,-200.0
156,-0.21556227,-0.416767,-0.13936916,0.082558125,0.041352883,-0.9957279,1.0,0.0,0.0,0.14485718,-0.14283413,-0.57341295,0.33017826,-0.34460264,0.26517528,-0.17481059,-0.027123703,0.42616972,-0.06636536,0.15829885,-0.1038392,0.42875382,0.039552454,-0.21601808,0.298594,-0.95619106,0.10552205,0.15795036,-0.012596297,0.22890984,0.045025755,0.873131,-0.5059174,0.17541206,-0.20557308,-1.1214916,-0.7202164,-0.12489616,0.27139434,0.039002806,-0.799226,0.03196369,-0.88847816,0.73122597,-0.69711345,-200.0,-200.0,-37.49124478519184,-200.0,200.0,-200.0,200.0,-200.0,41.07640074994606,-200.0,101.03769558993827,200.0
157,0.1302823,0.19417371,-0.18404332,0.07911143,0.041620698,-0.99599653,1.0,0.0,0.0,0.21226586,-0.15181305,-0.6353498,0.36450648,-0.42687505,0.2708146,-0.12111723,-0.03538109,0.43737105,-0.04406929,0.33896297,-0.27786383,0.22387783,-0.07717795,-0.38647726,0.06459088,0.034447484,0.001786475,0.2972875,-0.061612736,-0.11757785,0.23666064,0.45625907,-0.9260587,-0.22163735,0.27359337,-0.36146763,-0.52909666,-0.015018456,0.6598476,-0.012127094,-0.60779697,0.4041831,-0.42589104,0.24456659,-0.6193593,-200.0,61.36168437453115,-200.0,-200.0,200.0,-33.57617201081375,-200.0,-200.0,-200.0,-200.0,-200.0,200.0
158,0.3921109,-0.005888737,0.18057065,0.0814118,0.030864134,-0.9962025,1.0,0.0,0.0,0.19765465,-0.13730706,-0.6881111,0.34385204,-0.32834703,0.36213478,-0.08625533,-0.07086605,0.43516198,-0.023790956,0.33900505,-0.40020582,-0.30848143,0.20737119,-0.16542761,-0.24146092,0.66822636,0.63109815,0.11282349,-0.26244825,0.045792,0.0018907788,-0.19217378,-0.4785504,-0.29008484,0.01677771,0.08912255,-0.30026054,0.037366845,0.44334304,-0.33246356,-0.1037807,0.04202217,-0.11039226,-0.5130596,0.18788704,-200.0,200.0,200.0,-200.0,-30.023216175808784,-24.828828101028535,30.726834515012314,-200.0,-97.77775544853284,-200.0,-4.395507524700292,42.54882913767517
159,0.36227837,0.24437715,1.0450109,0.08699377,0.014699033,-0.9961004,1.0,0.0,0.0,0.09387115,-0.07563367,-0.7052993,0.25895286,-0.20313019,0.40732342,-0.11044859,-0.12297516,0.43650323,-0.033209324,0.1957553,-0.39215642,-0.65553117,0.33331358,-0.009406288,-0.5804035,0.5256032,0.087868385,-0.3139443,-0.2707937,-0.041733705,-0.06896283,-1.1460268,0.46573088,0.20964451,-0.36628705,0.38619798,0.057293817,0.5035442,-0.14547586,-0.0061917454,0.46226668,0.21824282,0.59381235,-0.65969527,0.5342629,-158.34188786940285,-138.6552441209364,200.0,-200.0,-46.29957822582128,-18.180994090036265,-182.52442493996728,200.0,-200.0,-90.61242854314422,-200.0,200.0
160,0.3128847,0.29604056,0.16668011,0.09814425,-0.00096375786,-0.9951717,1.0,0.0,0.0,0.035015073,-0.046008687,-0.7009744,0.15644622,-0.009542882,0.3200435,-0.10613786,-0.15562735,0.40733358,-0.008902669,-0.080737054,-0.18986277,-0.008702874,-0.012168362,0.039559133,-0.45380268,1.0990324,-0.8631552,0.21754883,-0.09550973,-0.23179422,0.26633602,-1.2627317,1.4300861,0.5722877,-0.17206387,0.6504714,0.29629064,0.70032203,-0.05051186,0.6017343,0.5415241,0.25920334,0.35117733,-0.34311384,0.3894467,200.0,-200.0,200.0,200.0,-61.26905233294292,-195.18568852715634,9.34070447261783,200.0,-174.33736804094536,200.0,106.58517841889534,145.54063135190972
161,0.04637151,0.006518264,-0.7284691,0.10447882,-0.007361175,-0.99449986,1.0,0.0,0.0,0.09789313,-0.079885945,-0.6832536,0.08443713,0.22800201,0.19054712,0.008723767,-0.14758939,0.36089975,0.067569256,-0.22721046,0.016295189,0.54751337,-0.23373905,0.13506642,-0.2699766,1.027149,-0.5268787,0.8684611,0.16298543,-0.2169154,0.46209988,-0.32020864,0.8185159,0.023850692,-0.28824013,0.7149056,-0.096171275,0.31070328,0.09550569,-0.13416119,0.2677887,0.2864359,-0.15673526,-0.39292872,-0.13417551,200.0,35.07550885650747,200.0,200.0,-85.41332083913017,46.35810657509961,200.0,200.0,11.812048550167589,135.1388572811137,146.486011139177,-75.77314039242845
162,-0.04447518,-0.28702092,0.2391746,0.09852506,-0.0064582764,-0.9951136,1.0,0.0,0.0,0.18039115,-0.12537801,-0.6355663,0.016762495,0.39352146,0.117145956,0.1292661,-0.110981114,0.33652297,0.12942111,-0.2860611,0.06924167,0.2969465,-0.21652034,0.30536863,-0.34609607,0.40280032,-0.06777791,0.38460046,0.20672481,-0.04921474,0.19563082,-0.23228756,-0.18842053,-0.5990384,-0.054574236,0.026274383,0.10688023,0.24564093,-0.3062266,-1.0098531,-0.015754312,-0.055137664,-0.48846298,-0.759848,0.3349837,-200.0,-114.49947719024044,200.0,108.71347171431145,-200.0,45.286485116365874,-200.0,200.0,-39.61229851856829,-200.0,19.759390596193242,-200.0
163,-0.12785974,-0.36130774,0.7205535,0.08514515,-0.004147973,-0.99635994,1.0,0.0,0.0,0.18509553,-0.12280282,-0.5761362,-0.039976597,0.37799647,0.010266072,0.14784692,-0.08020369,0.32573548,0.15231001,-0.41477424,0.122580566,-0.17562042,0.14359687,0.29059544,-0.24006586,-0.2834926,-0.68328047,-0.14625266,0.109403186,-0.05772375,0.04774932,-0.7417885,0.4473302,-0.093979195,0.13591628,-0.29904878,0.72758585,0.5946272,-0.5080607,-0.21073441,-0.3164931,0.01862739,-0.38441736,-0.7088877,0.5641231,-200.0,14.989705925949067,200.0,200.0,9.175616530461582,43.23151331652366,-200.0,13.779109542868952,-200.0,-200.0,46.12977307492997,-13.1442760399936
164,-0.015177668,-0.37731096,0.6879678,0.07059272,-0.0038712353,-0.99749774,1.0,0.0,0.0,0.10655724,-0.06580651,-0.52113193,-0.077890754,0.4132086,-0.15681842,0.05930447,-0.08528233,0.31002316,0.14717126,-0.5385688,0.2553524,-0.465775,0.33357477,0.2846324,-0.14034691,0.37643188,-0.76852167,-0.5883052,-0.1129334,-0.097055905,-0.082223915,-0.37672803,0.67365783,0.49784973,-0.11237247,-0.78903764,0.3688776,0.63857317,-0.12475317,0.13040611,-0.103410915,-0.120186016,-0.29257292,-0.25453943,0.12821603,51.508991475383255,80.48627722241747,175.23002926312392,200.0,-2.5446032593198993,67.10263135377397,20.736603955534065,-200.0,-200.0,-200.0,44.31268445266488,-53.147649757388876
165,-0.08101991,0.09053948,-0.16411233,0.0657052,-0.0019066306,-0.99783725,1.0,0.0,0.0,0.08435684,-0.04356108,-0.492513,-0.072095275,0.48951203,-0.20151372,-0.0033568605,-0.091475695,0.27122664,0.12205231,-0.5085414,0.28571856,0.17246002,-0.053050756,0.02346176,0.16767442,0.32314676,0.13603733,-0.09306331,0.019246377,-0.269556,-0.16297951,0.50299776,-0.25051776,0.3386729,-0.24133022,-0.38908565,0.2273692,0.26700795,-0.12189294,0.12331016,0.5509852,0.43228012,0.12161149,-0.061787523,-0.14233652,200.0,-114.22163776312055,-200.0,200.0,-26.132270226921662,51.288929133032966,200.0,-33.062942877961966,-200.0,-200.0,51.16209473636553,-140.63535761872038
166,-0.16629863,-0.45703053,-0.19662343,0.05641464,0.0040746867,-0.99839914,1.0,0.0,0.0,0.16353972,-0.07663674,-0.47410482,-0.011323929,0.4553904,-0.17332974,0.026939267,-0.06736169,0.243128,0.096242905,-0.36474794,0.16158961,0.45843235,-0.19831358,0.13236363,0.39539483,-0.39846468,0.117421985,0.22924928,0.17624642,-0.045132156,-0.10404026,0.65876013,-0.6638745,-0.51324165,-0.2377028,-0.7373872,0.13097076,-0.25906366,-0.18202963,-0.55865973,-0.25541532,0.26051563,0.31713003,-0.40591696,-0.24623549,-96.23674980396225,-136.2741090364907,50.45144899867891,109.80909603742492,8.905416135801033,-15.614266883609176,-27.814326731389002,200.0,200.0,155.71607129564848,-54.05553353261496,54.01406789228372
167,0.31532213,-0.26867774,0.68381155,0.0428977,-0.0009826596,-0.999079,1.0,0.0,0.0,0.20149465,-0.11719627,-0.4539731,0.05723822,0.27831513,-0.1742976,0.0049071386,-0.06502794,0.2262556,0.094450474,-0.3343727,0.022968393,-0.04917197,-0.19439791,0.075189695,0.29349947,-1.1310314,-0.018501151,-0.38417065,-0.113286726,-0.10440359,0.06141,-0.13722597,-0.58910674,-0.21418591,0.9064199,-0.81907195,-0.44244993,-0.24044663,0.15680777,-0.33162946,-0.3122099,0.60211986,-0.32813972,-0.15534015,-0.041611813,-200.0,-53.85836933360363,-200.0,-147.05520267676332,26.059178048060403,3.2468305770749204,-200.0,-200.0,164.9689667819705,200.0,-25.328701971599074,52.66361532839221
168,0.33240065,-0.31712267,1.2499595,0.030864745,-0.015683424,-0.9994005,1.0,0.0,0.0,0.117298335,-0.12434896,-0.44483823,0.096918106,0.09844977,-0.09392809,-0.10525427,-0.10071812,0.22668701,0.07160747,-0.29018694,-0.014638369,-0.677202,0.08727959,0.023136895,0.12716733,-0.7356605,0.5317238,-0.54776233,-0.21084154,0.095964745,-0.25653243,0.2892377,-0.05605916,0.4004919,0.6135725,-0.9452364,-0.39976525,0.28022012,-0.018097995,0.18923263,0.4608118,0.5065722,-0.3314402,-0.18009046,0.5581309,-44.56383320807879,200.0,-200.0,-200.0,60.76562648962192,-23.603989995875054,90.47293534399739,-200.0,200.0,-200.0,-17.919914936032285,4.985491998850584
169,-0.40591323,-0.20332849,0.76170546,0.018590644,-0.013266919,-0.99973917,1.0,0.0,0.0,0.016049113,-0.08310883,-0.4444918,0.1123513,0.061099946,-0.034126893,-0.14307214,-0.10327157,0.27220666,-0.014949918,-0.24708873,0.07827019,-0.3635393,0.3027876,-0.026313994,0.034020487,0.2618185,0.026471877,0.10261368,0.14863162,0.29300544,-0.5336413,0.14275284,0.7305838,0.7107306,-0.49786347,-0.8562047,0.15114768,0.41000605,-0.30353746,0.2719174,-0.28749213,0.33393043,0.014247894,-0.05760152,-0.12198358,200.0,200.0,-200.0,-200.0,200.0,-191.06184808329667,200.0,200.0,-140.44611101790076,200.0,-200.0,-200.0
170,0.09036607,0.1491599,0.029068898,0.019118235,-0.008331271,-0.9997825,1.0,0.0,0.0,0.0045621973,-0.0661977,-0.46661538,0.1268785,0.16958779,-0.10375374,-0.07073636,-0.08761222,0.29773813,-0.08657837,-0.18588513,0.120162815,0.19126861,-0.10113217,-0.16382878,0.09561202,0.5279252,-0.424373,0.5736533,0.018510986,0.027740983,-0.22689758,0.27952015,-0.21687391,0.46787015,0.05251868,-0.8710823,0.4695474,-0.29798847,0.18645039,-0.21199872,-0.6712795,0.3019868,0.049569473,0.084779,-0.44142982,200.0,-200.0,-200.0,-39.798998442934774,-47.24642940197117,22.53359843354849,177.68127049702275,-200.0,28.771160429370113,200.0,-23.661690966894298,-200.0
171,-0.052178856,0.17821717,-0.22811188,0.026741108,-0.008779068,-0.99960387,1.0,0.0,0.0,0.06836579,-0.085069604,-0.5218126,0.18220472,0.16813004,-0.08347406,-0.015805047,-0.09459118,0.28563333,-0.10583556,-0.09770113,-0.020094125,0.41794094,-0.086067304,-0.3583413,0.42428246,-0.4454236,0.49808905,0.036685992,-0.075977996,-0.10574625,-0.003818712,0.39571235,-0.9008557,0.033188183,0.59477764,0.04753712,0.5041442,-0.728777,0.20624647,-0.9663471,-0.33637595,1.2237478,-0.07473451,-0.18033603,0.219026,200.0,200.0,-200.0,199.61223980885995,-200.0,117.43539524721302,-200.0,-200.0,127.8589996659456,200.0,-31.970740772706336,42.09359952066336
172,0.10922228,-0.5302754,0.3453733,0.017945547,-0.010072617,-0.9997882,1.0,0.0,0.0,0.09646218,-0.07408253,-0.57138747,0.2752422,-0.009678245,0.016959438,-0.06957731,-0.13049911,0.29204416,-0.1093204,-0.10371089,-0.093216434,-0.10017426,0.17997764,-0.14542648,0.4593763,-1.0754904,0.4405625,-0.5182266,-0.27050957,0.1294321,-0.027151886,-0.16644327,0.07254805,-0.3092786,-0.30568898,-0.9988847,-0.34921747,0.123439185,-0.21328315,-0.07894528,-0.5900417,-0.05429425,-0.99785936,0.12730184,0.04725931,-138.67911715517772,200.0,200.0,-200.0,200.0,-200.0,-200.0,-172.9721324917672,200.0,91.65364182952908,9.54433999711867,200.0
173,0.74028534,0.15413646,0.5165392,0.011678056,-0.029007263,-0.999511,1.0,0.0,0.0,0.041555606,-0.055848617,-0.61954623,0.34030557,-0.11510277,0.0023510263,-0.13253064,-0.20567113,0.2953741,-0.12335491,-0.058951378,-0.0421333,-0.41360256,0.021027228,-0.3189223,0.21246004,-0.07882008,-0.41648918,-0.09887387,-0.41379744,-0.06313835,0.105912566,-0.0064707175,0.45988646,0.4618614,0.73130196,-0.5501531,-0.27551603,0.5531532,-0.1127741,0.29310894,1.094058,0.4139371,-0.7789492,-0.03577254,-0.4143414,-200.0,-200.0,-200.0,-200.0,200.0,-57.05336645056349,200.0,-200.0,-200.0,-200.0,-27.25181695377961,-24.824790058903204
174,0.099059194,-0.11888123,-0.08017575,0.009908442,-0.04435814,-0.9989666,1.0,0.0,0.0,-0.0012557993,-0.027037935,-0.65428513,0.35848844,-0.02475369,-0.04629511,-0.07070912,-0.24468113,0.32620057,-0.11144495,-0.07032704,-0.025912454,-0.050673407,0.24184136,-0.06469749,-0.014966023,0.8860634,-0.15073405,0.6174805,-0.008865128,0.26084805,0.053246003,-0.06678909,-0.20970432,0.6073267,-0.30682164,0.09639217,-0.20246682,0.24063289,-0.12959152,-0.27356607,1.0807822,0.18696623,0.000261724,-0.15532106,0.07410016,200.0,200.0,200.0,-200.0,200.0,24.13622290433318,200.0,200.0,-42.06647691155271,-200.0,176.01349810972056,-200.0
175,0.051344775,0.05794381,-0.17946906,0.009420016,-0.04747877,-0.9988278,1.0,0.0,0.0,0.046513285,-0.018413352,-0.64906543,0.3261255,0.093958974,-0.07304425,-0.0014102013,-0.24504228,0.34573334,-0.08189511,-0.09573448,-0.005730183,0.4748148,-0.12008118,0.101357594,-0.2824162,0.3308582,-0.10899595,0.122492425,0.0011084153,-0.020700157,0.18619029,-0.12072265,0.15988934,0.32913235,-0.48726684,-0.62252766,-0.49534053,-0.47191352,0.0595757,-0.33087265,-0.005290091,-0.1450041,0.20598672,-0.33680937,0.16516295,200.0,-200.0,200.0,-200.0,-46.587088916013386,-9.164352440244244,-200.0,200.0,-200.0,-9.2510575559497,-3.714439672800154,4.17371414191112
176,0.053065676,0.5890966,0.30700225,0.023208195,-0.049179263,-0.9985203,1.0,0.0,0.0,0.15316819,-0.07110223,-0.63476604,0.24641132,0.055699706,-0.036016647,-0.034718573,-0.24574381,0.29648435,-0.012969971,-0.16970313,0.049253333,0.49066797,-0.3550567,0.056106832,-0.5040402,-0.61849797,0.21256128,-0.41733694,-0.0051160655,-0.41455522,0.4340302,-0.36173004,0.24500695,-0.6219769,0.4676826,0.5382213,-0.034748465,0.035403587,0.33327973,-0.017515436,-0.019175962,0.94804955,0.075024724,-0.7335509,0.322252,-136.3072043035533,-200.0,-30.98627651760255,-200.0,-200.0,-21.200907836790435,-200.0,200.0,-200.0,30.87434143936639,28.02445929835028,-13.755181302962967
177,-0.34345978,-0.03437294,0.593375,0.03267451,-0.043082763,-0.99853706,1.0,0.0,0.0,0.20141575,-0.094635755,-0.601765,0.14143193,0.021664202,0.07202538,-0.055527423,-0.21596918,0.27237743,0.038266897,-0.32685858,0.13755563,0.03334711,0.092082284,0.23469546,-0.50586754,0.018006027,0.5608481,0.06671619,0.2589474,0.091806985,0.13517122,-0.8820872,0.40286508,-0.37918586,-0.41993368,0.035653636,0.04080826,0.6886877,-0.31132683,0.6707873,-0.09401575,0.410111,-0.4701767,-0.41816464,0.39409968,-200.0,200.0,200.0,142.56457834172176,15.569616160029163,-37.654340854217594,27.374623528519777,164.28345959625665,200.0,-78.1892680573182,62.40203743948041,-34.7191047884578
178,0.09978049,-0.35373718,0.69282454,0.02144985,-0.039419435,-0.9989925,1.0,0.0,0.0,0.18765715,-0.08651285,-0.5400266,0.050965905,0.12923992,0.078941904,0.0080121895,-0.16918091,0.32281753,0.0378747,-0.40178257,0.2253157,-0.15189372,-0.0041370075,0.35103604,-0.4144551,0.9632125,-0.3964564,0.5019815,0.21291025,0.32197627,-0.08601271,-0.058853883,0.3751373,0.4219151,0.39168584,-0.9790843,0.5337268,0.4089296,-0.20341003,0.24472521,-0.5207406,-0.37409115,-0.116375566,-0.49942136,-0.031128071,-200.0,-200.0,200.0,200.0,200.0,-200.0,200.0,-58.74643725751926,-126.75513341033061,-200.0,47.99144759269235,-38.671721243084164
179,-0.09587735,0.018750679,-0.11078769,0.014894692,-0.03940507,-0.9991123,1.0,0.0,0.0,0.18452394,-0.07894896,-0.49840826,0.0012948513,0.23873055,-0.016664602,0.08903613,-0.1305959,0.362174,0.013107419,-0.4328832,0.19786079,0.09913468,0.06773645,0.085150465,-0.11120629,0.3736427,-0.41271576,0.33412182,0.16642691,0.08921852,-0.13952062,-0.14205073,-0.45850107,0.37693405,0.74374497,0.1902238,0.0074730963,0.2787778,-0.07564361,-0.46215212,-0.37579364,0.105660155,0.10175885,-0.49969527,0.16966826,200.0,200.0,-200.0,200.0,-36.56275371081574,40.50722456049448,-22.827285544159736,-200.0,-200.0,-126.28797081717292,9.271955958382705,-33.02445155226678
180,-0.032820817,-0.016315494,-0.56489825,0.015415963,-0.0365198,-0.999214,1.0,0.0,0.0,0.223892,-0.063048266,-0.4746583,-0.014340162,0.258084,-0.043966528,0.09489073,-0.1242716,0.35011098,0.0173558,-0.45547682,0.17581776,0.23264156,0.108896315,0.14488192,-0.06169891,0.041741174,-0.07530897,-0.22942698,-0.07588332,-0.16720472,0.12615629,-0.09262311,-0.01808687,-0.05031673,0.029415205,-0.17183219,0.5913261,0.1016429,-0.00954788,-0.49915445,-0.34360647,0.18549235,0.22393475,-0.3680937,0.65514094,84.26183715345829,200.0,200.0,105.29033892679652,-1.167753729266913,12.760696090443886,-200.0,-200.0,-200.0,63.730566578026796,4.510185563495909,7.561568589533717
181,0.36008364,-0.2566119,-0.07264991,0.0111523345,-0.044247966,-0.99895835,1.0,0.0,0.0,0.21717358,-0.031201327,-0.4392714,-0.013129592,0.21196008,-0.03468642,-0.016873993,-0.17244841,0.30239004,0.0662992,-0.43018013,0.27379066,-0.24090171,0.18667692,0.21698709,0.060866695,-0.24594001,0.05391558,-0.81281036,-0.34719178,-0.25739342,0.28931877,0.13732038,0.7882538,-0.32642376,-0.15580857,-0.59717005,-0.24076852,0.3608874,-0.12232959,-0.18798389,0.95746857,0.055322148,-0.14354198,-0.4352561,0.1895498,-200.0,-53.30547920800302,200.0,200.0,25.215993770324474,-3.1781567502551766,-200.0,-24.45946853373647,14.162667405616219,39.24547381975344,-13.120811048187079,7.971342281617012
182,0.33946532,0.27672294,0.35802862,0.013560811,-0.058270887,-0.9982087,1.0,0.0,0.0,0.14466874,-0.012406031,-0.43230838,0.008010268,0.26849526,-0.059886035,-0.15224655,-0.21956907,0.23649281,0.107676744,-0.42925888,0.32479334,-0.4436105,0.020840092,-0.09105598,0.13654354,0.4988447,-0.09816903,-0.55918056,-0.13880749,-0.34201834,0.123124674,-0.012154698,-0.1773897,0.29686826,-0.1707971,-0.377091,-0.7893855,0.26361644,0.03150393,0.2712081,1.3285713,0.4009416,-0.10719028,-0.4536433,-0.2656723,-106.87996924970491,-200.0,-183.81919285916217,-200.0,-200.0,169.51809108949075,200.0,200.0,-32.59541720967252,-200.0,-0.41104612759435,-192.7180261173723
183,0.20160079,-0.12541498,-0.06495575,0.015556459,-0.06840034,-0.99753666,1.0,0.0,0.0,0.12498756,-0.03637351,-0.43340605,0.04028952,0.3145873,-0.029563617,-0.19307566,-0.22335812,0.2135303,0.09674668,-0.43922216,0.19907174,0.15018092,-0.17917848,0.049489688,0.19967176,-0.036767032,0.12827514,0.09085532,0.07232108,0.07027419,-0.20116282,-0.035435934,-0.94539446,0.21240442,-0.08104482,0.18628909,-0.45727402,0.013533205,0.01888338,0.40925598,0.88328725,0.5347041,0.2791341,-0.20094624,0.17287353,200.0,-108.10683708977479,90.18932095526067,-200.0,-193.0120852312417,-32.58885448774788,200.0,200.0,200.0,-200.0,17.24225637914101,-200.0
184,0.05055333,-0.6271365,-0.07080027,-0.0010122806,-0.07319056,-0.99731743,1.0,0.0,0.0,0.15457828,-0.051919393,-0.40409,0.0923841,0.24740767,-0.015054565,-0.08468957,-0.19389121,0.2623226,0.10097444,-0.37195832,0.111648165,0.12725432,-0.020659383,0.22245733,0.27733788,-0.43410578,0.034263045,0.8068824,0.22659294,0.35555792,0.13697965,0.3489503,0.033473577,-0.195448,0.061672732,-1.1884592,-0.37353474,-0.0827414,0.12192976,-0.03685943,-0.34459138,-0.4115591,0.4830618,-0.43282712,0.28223002,-0.43287253578631635,-32.872167703951035,200.0,-200.0,-55.36324345201086,34.42667441572177,200.0,200.0,200.0,200.0,11.898896513892396,178.1205713388144
185,0.22094484,-0.017830528,0.3761614,-0.013689195,-0.07919599,-0.9967651,1.0,0.0,0.0,0.11864448,-0.04821962,-0.38910633,0.15237498,0.1329984,0.01928886,0.001262303,-0.16744158,0.28413987,0.15987623,-0.37640077,0.16375495,-0.38968852,0.05142458,-0.038261887,0.28021622,-0.5167549,0.17314254,0.1286098,0.041571677,-0.09436792,0.42353302,-0.11750301,0.2556602,0.11402841,0.49858093,-0.088101774,-1.4476843,0.26852134,-0.2852864,-0.29435048,-0.07343136,-0.23489179,-0.48542756,-0.724638,0.16475758,72.60822899956088,133.81610192598845,-200.0,-200.0,131.16020172889995,73.59734069009755,-200.0,-200.0,-200.0,200.0,2.616658982127703,-19.230790604165122
186,-0.17815624,0.030219285,0.24688001,-0.014080581,-0.07828078,-0.9968319,1.0,0.0,0.0,0.07109231,-0.025023522,-0.38225263,0.18148077,0.13213688,-0.047339633,-0.025188247,-0.14810348,0.2557214,0.22567964,-0.4732079,0.16797149,-0.10651777,0.13936757,0.07133405,0.06710449,0.28363,-0.56495386,-0.3506022,0.11911327,-0.18001883,0.2513255,-0.54131836,-0.011913867,0.6915537,-0.077841654,0.27868283,-1.1344163,0.62231505,-0.2619439,0.23113649,0.14336021,0.06540382,-0.41964936,-0.5505049,-0.03453795,76.57452338944076,200.0,200.0,-200.0,12.200523819637908,65.04490020398379,-200.0,37.05371815185832,-200.0,-200.0,36.3958852006424,5.252055874092386
187,-0.18240419,0.051908486,-0.5533398,-0.012385818,-0.07169769,-0.9973495,1.0,0.0,0.0,0.10640844,-0.017562728,-0.39190084,0.2196536,0.23306322,-0.10698065,-0.033363335,-0.10293296,0.21989805,0.25843644,-0.5103114,0.10210132,0.38910094,-0.020822745,-0.15335618,0.33252606,0.30251944,-0.23932998,0.21199921,0.31951177,-0.1832978,0.08396443,-0.08525465,-0.5292493,0.11464152,-0.30010045,-0.46907073,-0.48626179,0.22239485,0.4043328,0.5311589,-0.5582807,0.012362272,-0.053647026,-0.17231068,-0.054389626,200.0,-108.22176893651138,200.0,-200.0,200.0,-170.91584195509284,200.0,200.0,-139.1650389616108,-200.0,10.14117672207604,-200.0
188,0.4926538,0.37410033,-0.52293575,-0.0018494525,-0.079722136,-0.9968154,1.0,0.0,0.0,0.15097204,-0.04832816,-0.41440302,0.25781465,0.23751229,-0.046534467,0.049830426,-0.068154484,0.17288834,0.2604177,-0.43404943,0.04563849,0.09069222,-0.26384887,-0.09030068,0.07745408,-0.027925326,0.7457188,0.584557,0.05158786,-0.26586646,-0.05458187,0.56072974,-0.21042898,-0.15762551,0.7244943,0.19769086,-1.1453712,-0.7040895,0.46687844,-0.08432009,0.019541249,0.6971128,-0.18051863,-0.35833615,0.4722354,-192.12591211171946,-200.0,-17.00940455665156,-200.0,-3.036776477938652,200.0,200.0,-200.0,-66.27587552005747,-200.0,-27.09560705403601,11.569581967430963
189,0.19984724,-0.24730156,0.3292814,-0.00017605568,-0.092931025,-0.9956725,1.0,0.0,0.0,0.1053554,-0.0650066,-0.39847785,0.24636471,0.12591517,0.12772147,0.11078172,-0.057583947,0.16634011,0.23470104,-0.40383202,0.08142757,-0.48775244,0.0669375,0.22433375,-0.1705144,-0.9915757,0.73941654,0.030610943,0.0114739975,0.16112,0.020632317,-0.019590784,0.2477306,-0.07712403,0.8611593,-0.17155959,-0.87382406,0.2557141,0.05787678,-0.39497888,0.13719036,0.11749007,0.79265696,-0.52499324,0.15158784,-188.68205542149627,200.0,200.0,-200.0,-200.0,-190.7042262139563,-200.0,148.04303604965912,200.0,-200.0,200.0,200.0
190,-0.24294725,-0.31776437,0.3312763,-0.01364204,-0.09147004,-0.99571437,1.0,0.0,0.0,0.026518624,-0.05228583,-0.35969085,0.2519232,0.08435613,0.13266353,0.070894435,-0.037167218,0.18347502,0.2608087,-0.4435156,0.11326691,-0.29373157,0.1127476,0.19419181,0.0113659855,0.24319656,-0.19843851,-0.38271877,0.17912386,0.009451215,0.22194664,-0.17389387,0.07702116,0.50156975,-0.009571448,-0.30430478,-0.44703048,1.0117071,-0.22822827,0.40336877,-0.66118866,-0.26573622,-0.17708638,-0.7641878,-0.011496384,95.73155718122143,200.0,187.81976848765595,-200.0,200.0,39.301083261397935,-200.0,193.15300678687845,-154.63784394538726,200.0,11.100935758056721,-2.7926022602759986
191,0.06928595,0.13671583,-0.4464925,-0.014921391,-0.08864218,-0.9959518,1.0,0.0,0.0,0.023952322,-0.03933534,-0.3411377,0.26110935,0.16280329,0.010017458,0.043297973,-0.015603379,0.16577625,0.2929288,-0.5389661,0.07889128,0.2189757,0.02349958,0.01810656,0.09802337,0.42518303,-0.7963988,0.068912886,0.047515806,-0.16453308,0.10743727,-0.4871509,-0.18852518,0.45912084,0.5529872,-0.30966997,-0.60066855,0.29573774,0.24944362,0.41260856,-0.43826348,0.04000453,-0.14856933,-0.3205716,0.033533193,200.0,15.669640792347892,14.445974328809456,-200.0,200.0,200.0,200.0,-200.0,-200.0,-200.0,36.30528360960784,7.576207294275775
192,0.091205604,0.19584934,-1.1082247,-0.0045299144,-0.09237321,-0.9957141,1.0,0.0,0.0,0.10560102,-0.043302793,-0.33710927,0.27842045,0.21473604,-0.071823984,0.10723545,-0.013148897,0.12991685,0.29413247,-0.5314236,0.056338113,0.48739105,-0.006183281,0.06022736,0.018043404,0.16951665,-0.0073987255,0.50847316,-0.019045612,-0.1653183,-0.08479535,0.4021487,-0.04308554,-0.108120516,0.15632384,0.25669956,-0.9027267,0.13238025,0.36181277,-0.25857595,0.10785024,0.34148288,0.25267905,-0.2003197,0.46343026,-200.0,200.0,2.5296913955248357,-200.0,1.9751871526292177,200.0,150.82748596963717,-200.0,-15.609945107612162,-200.0,69.23803445144694,-1.3380045712926005
193,-0.1762352,-0.44993496,-0.25778258,-0.008520902,-0.088997714,-0.9959954,1.0,0.0,0.0,0.14063108,-0.018742213,-0.29821175,0.2708193,0.17885506,0.0085927,0.15662235,-0.0010640674,0.1315133,0.2665205,-0.42248672,0.14321373,-0.09492617,0.16064005,0.25553876,0.012720333,-0.30834445,0.57011473,0.02500615,0.10856719,0.14419666,-0.16206369,0.48264453,0.66848004,-0.7389383,-0.15703715,-0.5000854,-0.40613347,0.13970879,0.3677575,-0.67997044,-0.15393505,-0.30729258,0.60830235,-0.7301767,0.205872,-200.0,200.0,200.0,-200.0,200.0,186.5665438548616,-200.0,122.10487631551538,200.0,125.82587001877687,-39.48685655836084,-8.514451183986807
194,0.46565306,0.32468793,0.42465082,-0.009529798,-0.09690893,-0.9952476,1.0,0.0,0.0,0.066948846,-0.023949713,-0.28157216,0.2718978,0.15423661,0.124825284,0.09590464,-0.018791685,0.12105924,0.26737368,-0.43088728,0.1874914,-0.59245104,-0.12914246,-0.04344196,-0.02761817,-0.047628444,0.5200396,-0.56443495,-0.2249404,-0.21655892,0.13828641,-0.47114617,0.042308502,0.28805557,0.68761563,-0.54176784,-0.49463695,0.3066707,0.040346734,0.1668243,0.062846705,0.47695404,0.41394472,-0.73840064,-0.13603479,-200.0,-156.47737479098524,-200.0,-200.0,23.56656194815887,-31.31284533383291,-200.0,-76.51302495647354,-200.0,200.0,-200.0,-10.865285986541402
195,-0.08066427,0.30300736,-0.035511903,0.0018828935,-0.10336595,-0.9946416,1.0,0.0,0.0,-0.007556211,-0.02233586,-0.300067,0.27628088,0.19360697,0.12809263,0.042886127,-0.026603544,0.08200389,0.2964008,-0.5354361,0.108850636,-0.18816969,0.10475122,-0.11534937,0.018387714,0.24415183,-0.18699966,-0.017847907,0.096889615,-0.17205442,0.14199267,-0.4480489,-0.52533406,0.670079,0.19866292,0.3237667,-0.5432708,0.77270603,-0.10699683,0.40095478,0.45433056,0.4975366,-0.022392184,-0.0069728866,-0.02699931,200.0,200.0,-200.0,-200.0,-12.501089550776214,5.356192968039295,200.0,109.72832019903659,200.0,97.0884975258075,43.46628659199058,30.113841664435995
196,-0.6383767,-0.3178035,-0.584902,0.0019112781,-0.087883346,-0.9961289,1.0,0.0,0.0,0.0012457814,0.011407053,-0.29842252,0.29474068,0.28112113,0.03998998,0.10232301,0.025169492,0.084278345,0.28761744,-0.520359,0.057205535,0.24762614,0.19909216,0.08344043,0.1274226,0.5312651,-0.41334587,0.5314103,0.393734,0.15343682,-0.19819227,0.5037252,-0.18492961,-0.028266056,-0.88110805,-0.34285367,-0.34126836,0.062218852,0.21921442,-0.0005467236,-1.1773462,-0.23652874,0.0921735,-0.56288266,0.23076504,200.0,189.78200262219346,200.0,-200.0,200.0,121.65523625734994,123.14029424489593,200.0,200.0,-200.0,200.0,16.97283229299768
197,-0.029584851,0.27687612,0.0016031865,0.0034582228,-0.07585934,-0.9971125,1.0,0.0,0.0,0.0110829985,0.023350235,-0.2974742,0.29835963,0.28429723,0.05724669,0.1496686,0.065883756,0.09426743,0.24251294,-0.5075709,0.09726894,-0.04393651,-0.06270396,-0.04231868,-0.074015446,-0.38402343,0.33973417,0.0014745021,0.052818414,-0.02832379,-0.22762911,-0.109939866,0.2883232,0.10938224,-0.027198106,-0.3358482,-0.5187147,-0.3741358,0.33354875,-0.49815136,-0.7133089,0.30538726,0.5073043,-0.29318473,0.27281508,-46.014707918975965,-200.0,-58.00342078306064,-200.0,-142.07101064726777,-0.04437199720416629,-200.0,-200.0,-200.0,-79.84139471261199,-6.604268909198282,-19.09492464139828
198,0.27330187,0.16359925,0.23445256,0.011360941,-0.08207885,-0.9965611,1.0,0.0,0.0,0.028167998,-0.006081093,-0.2959426,0.26641858,0.11400008,0.14927487,0.08937632,0.053848296,0.09924984,0.21076953,-0.45448214,0.15675908,0.114304066,-0.17712605,0.03659617,-0.22987346,-1.0389668,0.40072727,-0.555702,-0.14098766,0.06376219,-0.10326566,0.34599704,0.2525374,-0.07649784,0.89616096,-0.014462791,-0.23322283,0.47722626,0.05211986,-0.2427323,-0.045225695,0.7642369,0.89951146,-0.3200129,0.054025903,51.17551657886952,125.69175713432786,-110.65896050903979,-200.0,45.49086340484098,-33.72263802144033,-200.0,-200.0,200.0,200.0,-21.095995229002654,-21.253297349117418
199,0.21949035,-0.42840484,0.33532405,0.0036011974,-0.09275721,-0.99568224,1.0,0.0,0.0,0.004850453,-0.01911893,-0.25305218,0.1924603,0.013044357,0.14040518,-0.0276974,0.025548045,0.1333934,0.19998562,-0.40721697,0.13607903,-0.19263496,0.010301731,0.3583663,-0.48167863,-0.06835674,-0.19169633,-0.5171794,-0.13557468,0.25063813,-0.017418483,0.1878185,-0.17625268,-0.2120455,0.47716933,-0.5321914,-0.45963055,0.691141,0.15354426,0.5816142,-0.17057972,-0.24921806,0.25955784,-0.70384634,-0.03723956,20.08909513907514,200.0,162.48978369203155,-200.0,200.0,10.998762335998094,88.04808445333111,-9.059534794296269,200.0,200.0,-14.268240765336941,10.751064822315499
200,0.38877767,0.12644432,0.02550757,-0.0014300244,-0.10449005,-0.9945249,1.0,0.0,0.0,-0.055216108,-0.018527962,-0.21894294,0.13078868,0.11272633,0.104056284,-0.08017329,-0.010213707,0.14777619,0.2134906,-0.46431333,0.079926886,-0.31439337,-0.01782087,-0.10701056,0.11924163,0.58209944,-0.24004674,-0.05331109,-0.21511486,-0.056009024,0.10554061,-0.50218,-0.24898706,0.28595203,0.91817975,0.051999584,-0.19262399,0.8254819,0.45797288,0.6111086,0.09127645,-0.10475637,0.08924045,-0.6010829,0.20167321,-12.513832949972027,200.0,-200.0,-200.0,200.0,200.0,200.0,-121.02469750960836,-200.0,-5.834943563667309,8.917471530478508,15.074123433731359
201,-0.11753546,0.27069408,-0.78248435,0.008627589,-0.10890932,-0.99401426,1.0,0.0,0.0,-0.06530022,-0.02198977,-0.24392182,0.1585362,0.2328614,0.10795128,-0.023889044,-0.023565212,0.12922734,0.21426356,-0.527031,0.104183555,0.17022784,-0.016091062,-0.13926524,0.15407042,0.62208647,0.23162036,0.5496698,0.055252027,-0.12225773,-0.07763613,-0.17344983,0.20685354,0.6070173,-0.14362077,0.39888966,-0.30785954,0.50206125,0.18515977,-0.22719356,0.19824652,0.2871067,-0.009540394,-0.23475486,0.2609258,200.0,200.0,200.0,-200.0,200.0,200.0,200.0,200.0,-200.0,-193.20101611568765,39.12168077212374,-6.884187457426407
202,-0.2224162,-0.2804885,-0.566336,0.009434277,-0.1020666,-0.99473286,1.0,0.0,0.0,0.025212504,-0.040009983,-0.23890167,0.17470086,0.32478008,0.14520313,0.038489494,-0.0067581073,0.14195597,0.1669147,-0.46866566,0.17568041,0.62734103,-0.11037966,0.16595237,-0.00070542534,0.30132622,0.13221839,0.10935342,0.12386086,0.1901462,-0.33388153,0.49461755,0.19210444,-0.2706074,-0.09955746,-0.314762,0.036601603,-0.3587423,0.001867855,-0.8681792,-0.51028454,0.1674387,0.3876865,-0.39900467,0.05481308,-38.87730159816988,26.990528559119582,200.0,-200.0,-200.0,-200.0,-200.0,198.17933331703216,-32.38328340068165,-40.148370761028445,-12.438251045863638,-33.913529580618786
203,0.19119063,0.16570029,0.1371159,0.009991331,-0.10278679,-0.9946532,1.0,0.0,0.0,0.086784974,-0.0641377,-0.22424,0.16030622,0.281779,0.10705485,-0.0061784848,-0.008991237,0.1540659,0.12805688,-0.43526655,0.14693445,0.042383656,-0.12881288,0.007119817,-0.11881701,-0.63871974,-0.23394637,-0.49477133,-0.11360707,-0.02083596,-0.09197009,0.08054188,-0.20036028,-0.34574324,0.89031893,-0.92283124,0.031915903,-0.28973138,0.17736326,-0.17276591,-0.2770015,0.69563574,0.52142507,-0.3244882,0.24359968,-200.0,52.408320884540686,-200.0,-140.37019912665326,-200.0,22.700437267671475,-200.0,-200.0,32.53643815963936,200.0,-9.70008464537031,15.168445106821338
204,0.27588388,0.11824714,0.4341588,0.014401961,-0.11243333,-0.9935549,1.0,0.0,0.0,0.030154632,-0.07272828,-0.23141414,0.13377237,0.101223946,0.12011134,-0.07765453,-0.040183894,0.1520006,0.123279095,-0.39976794,0.17057525,-0.55754036,0.038345676,-0.08056945,-0.13716339,-0.8486007,0.11482125,-0.27518278,-0.1908,0.0027724956,0.032727357,0.16068807,0.163691,-0.01779457,0.5864953,0.013485029,-0.31381035,0.61539054,0.09986477,0.4423594,0.2906115,0.7307431,0.12891154,-0.24774903,0.28232208,-200.0,200.0,-200.0,-71.4494668112664,67.49962580707756,0.5498656545119189,88.88317381597557,-200.0,200.0,200.0,-10.494086097879944,-17.07369500500255
205,-0.29827222,-0.42269596,-0.167619,0.0066915993,-0.11082586,-0.9938173,1.0,0.0,0.0,-0.02954844,-0.0438354,-0.20910162,0.08008516,0.038177967,0.11549489,-0.06562691,-0.04688501,0.18275845,0.116179705,-0.34996957,0.20827395,-0.09829108,0.22066426,0.26870117,-0.37727407,0.12045445,-0.03496406,0.3338041,0.10077125,0.27057812,-0.07177988,0.22029729,0.16212139,0.66552126,-0.3095922,-0.29669553,-0.08346225,0.80050856,-0.013907922,0.18786989,-0.31787637,-0.29535866,0.19988407,-0.7354917,-0.03473606,153.0595321716682,200.0,200.0,-200.0,200.0,3.1724247792995754,200.0,200.0,200.0,89.07907413605011,-16.409642628338446,-14.463011874417958
206,0.22437139,0.18165675,-0.67799443,0.0050611165,-0.110805266,-0.99382925,1.0,0.0,0.0,0.011772294,-0.036303863,-0.18379366,0.015480876,0.17000026,0.07579902,0.015221337,-0.04779861,0.19627482,0.13322544,-0.4088822,0.15493943,0.45617586,-0.111219816,0.00684916,-0.27588698,1.0994986,-0.18754052,0.38263962,-0.105065,-0.07717057,0.16918996,-0.64687705,-0.40485078,0.05729045,1.0668145,-0.047029898,-0.06270023,0.2507675,0.54319125,-0.21885733,-0.29325616,-0.061444104,0.5003071,-0.8123256,0.14991848,200.0,-200.0,-200.0,77.62336882412723,200.0,8.515078541673574,-33.55951120029624,-200.0,-200.0,-17.891115481763364,-59.338944897045735,19.96783626744309
207,0.3393116,0.18042736,-0.48247617,0.014914857,-0.12251954,-0.99235404,1.0,0.0,0.0,0.04779158,-0.047132805,-0.17947644,-0.03264451,0.28101116,0.14132188,0.03008549,-0.09091901,0.15943664,0.19817674,-0.54508144,0.14169973,0.036022052,-0.014159721,0.03346956,-0.20353413,0.10890788,0.74138993,-0.17334841,-0.29262704,-0.28128287,0.4482344,-0.57990015,0.013844887,-0.12068644,0.7584637,0.64633805,0.007130906,0.21245226,0.35603356,-0.5432887,0.4658324,0.486327,-0.2545768,-0.16143307,0.5594822,-30.88576255579038,200.0,200.0,144.67917612328574,-200.0,174.60274904218954,-200.0,-135.97724477870906,-194.57051569113213,200.0,47.240758723364934,3.60584816936149
208,-0.26594865,-0.5216245,0.14060502,0.0069677345,-0.12327678,-0.99234784,1.0,0.0,0.0,0.0015151156,-0.017039,-0.16032052,-0.042501807,0.2548775,0.2180542,-0.05126092,-0.12793143,0.14458531,0.25106227,-0.55619186,0.23763776,-0.33322164,0.2665051,0.17325424,0.01808132,-0.10889423,0.27813393,-0.5899738,-0.09079346,0.08991995,0.118304454,0.3742877,0.6785675,-0.01258917,-0.04915239,-0.5000855,-0.31875092,0.6359371,0.099188946,0.053839296,0.47503966,-0.3309642,-0.29807526,-0.07230409,-0.063824296,78.38675415664017,200.0,200.0,108.19238794143749,200.0,-17.609128245347506,-200.0,200.0,200.0,-200.0,200.0,-20.81124752580638
209,-0.24247111,0.20228346,-0.3098292,0.0026288354,-0.11282111,-0.9936118,1.0,0.0,0.0,-0.020949002,0.016076015,-0.15421057,-0.030105352,0.29164606,0.1875662,-0.114193454,-0.12922418,0.13750827,0.26233053,-0.41112405,0.26648647,0.02226434,0.09871461,-0.09301456,0.12668929,0.41330835,-0.23118153,-0.09587592,0.06703311,-0.1310602,0.0055775912,0.7407502,-0.29243186,0.1641679,-0.21977158,-0.4643957,0.009447411,0.23084947,0.21590945,0.606989,-0.20249078,0.36596715,-0.11036226,-0.5799737,-0.53169936,9.804242414195194,-200.0,-200.0,-200.0,200.0,61.42904122976492,200.0,200.0,-200.0,-200.0,-62.05918699625545,-200.0
210,0.14605245,0.15310706,-0.4914936,0.011324206,-0.111796655,-0.9936666,1.0,0.0,0.0,0.027507361,0.0052944487,-0.17457885,-0.004416704,0.29246628,0.19243291,-0.08220144,-0.13017863,0.1374895,0.23681414,-0.37140232,0.1055209,0.3170181,-0.15283865,-0.10896837,0.11652606,-0.12643702,0.055306245,0.36616203,-0.052675933,0.11056359,-0.24045606,-0.24398318,-1.2220421,-0.21310398,0.2417205,0.35561597,-0.22493452,0.13151467,0.35717514,-0.06718347,0.3871609,0.47498626,0.124775365,-0.7702406,0.29083636,-30.548790665212493,-200.0,-200.0,-87.82450669843024,-0.17021690149320534,-8.341212539728858,200.0,-102.41516555351964,200.0,-200.0,-200.0,-190.80256710366734
211,-0.28715372,-0.39126924,0.25985786,0.005857721,-0.10791375,-0.994143,1.0,0.0,0.0,0.024184326,0.0076890774,-0.16236466,-0.011330485,0.24021012,0.24297947,-0.050819788,-0.12257566,0.19047958,0.18036306,-0.48954934,-0.03509798,-0.2891425,0.14944842,0.19900475,-0.15762289,-0.23585418,0.24274106,0.04101836,0.11546661,0.37618098,-0.29038373,-0.6137584,-0.27589265,-0.53435135,-0.23543449,-0.44737983,0.14818306,0.7397406,0.10721465,-0.35178983,-0.22970739,-0.27896965,0.1321388,-0.34576583,0.6447094,-200.0,200.0,200.0,-200.0,18.968282887646524,-14.606917564475197,-84.97507426317064,200.0,200.0,169.5037083914688,51.536486061875166,200.0
212,0.2372405,0.15033415,0.8019654,-0.00012327073,-0.10901711,-0.9940399,1.0,0.0,0.0,-0.086375006,0.021021849,-0.16161257,-0.014025807,0.29961568,0.214685,-0.1071643,-0.13586646,0.22208697,0.1510781,-0.5059437,0.016603509,-0.75362617,0.014598446,-0.15746026,0.103359655,0.7327581,-0.23269756,-0.48422527,-0.18159576,-0.001996597,-0.05535203,0.29473364,0.695101,0.43508434,0.8679015,-0.31822646,0.4492923,0.8082266,-0.08235127,0.18373659,0.11506949,0.26331493,0.30920756,-0.19654894,0.15365595,-200.0,-200.0,-200.0,200.0,200.0,15.521792458592472,-42.197061493427555,-28.600303421123755,-200.0,30.97947643955301,75.69378085903679,200.0
213,-0.44623217,0.12792222,0.11545348,0.004076285,-0.10350891,-0.99462014,1.0,0.0,0.0,-0.18344013,0.047925062,-0.20885009,0.04104936,0.46896544,0.12052853,-0.13538322,-0.13065791,0.22216046,0.15954661,-0.40637726,0.07738771,-0.2644956,0.22467387,-0.26674345,0.4026161,0.73651713,-0.44493666,0.14319278,0.19195744,0.016083699,0.12063684,0.4573953,0.16952033,0.96435547,-0.57001334,0.15278022,0.33817428,0.29685012,-0.36472288,0.15244766,0.0749515,0.45620227,-0.1964381,-0.39290074,-0.18826619,200.0,200.0,34.823926742404836,200.0,-60.216709069660624,39.89295965428329,200.0,200.0,70.54493160046005,200.0,-38.54642360995223,-19.42690919128873
214,-0.48681307,-0.51614255,-0.33669835,-0.005186378,-0.08338191,-0.9965042,1.0,0.0,0.0,-0.17358477,0.07344224,-0.23433477,0.12854505,0.50700283,-0.027847582,-0.056205258,-0.07541238,0.2690838,0.15099347,-0.38846546,0.02091161,0.29308233,0.025606988,-0.014771419,0.42639542,-0.25279292,-0.72423863,0.4698356,0.29876673,0.3675034,-0.16849451,-0.007940408,-0.4478868,0.544671,-0.9426871,-0.7215653,-0.52171236,-0.818381,-0.19506973,-0.11644793,-0.42333853,-0.33761346,-0.4788494,-0.32620057,0.049419455,200.0,-200.0,200.0,2.0803555743662514,-200.0,50.57530094408423,-39.601262537343246,11.202761261008447,39.65592398653257,-200.0,-2.1698978103676936,21.62969857402527
215,0.03981378,0.10800706,-0.32410413,-0.011357058,-0.07588748,-0.9970517,1.0,0.0,0.0,-0.056564596,0.04164178,-0.25762302,0.19431853,0.35339034,-0.09539996,-0.023521133,-0.052893966,0.31374073,0.1061995,-0.36857492,0.011570518,0.8170277,-0.3112166,-0.19207811,0.25206456,-1.1891032,-0.21037999,-0.07997462,-0.042087402,0.112487815,-0.267344,0.09579042,0.07753357,-0.05117449,0.2601242,-0.5294861,-0.8802803,-0.34285682,0.16034846,-0.038972408,-0.16746731,0.0077042133,-0.11803662,0.22384706,0.068676405,200.0,-200.0,-200.0,-200.0,-200.0,13.004366655071436,-154.88717640754305,-200.0,-200.0,-200.0,-11.134890555822182,1.5609917097448118
216,0.058114264,0.7713095,-0.17649323,0.0086414125,-0.078086525,-0.99690914,1.0,0.0,0.0,0.048428543,-0.0064361594,-0.3124873,0.2268045,0.11711681,-0.047537565,-0.038589135,-0.06662708,0.30849946,0.047773838,-0.24417561,0.03128439,0.28607443,-0.176568,-0.3427244,0.08133574,-1.000501,0.43024954,-0.061078526,-0.079751186,-0.1403306,-0.29201227,0.9623024,0.085245684,-0.66461754,0.42124915,0.09300652,-0.40963268,0.13220829,0.30345592,-0.052034006,-0.50614494,1.2705642,0.19321208,0.064722024,0.2718804,-200.0,200.0,-116.80931633885149,-200.0,83.28914006848424,-3.8554925058549543,61.63067706725439,-126.9641500626883,-200.0,-48.584708709241056,26.97089696452133,-10.822109920091094
217,0.30022246,0.1927015,0.07632828,0.026856516,-0.08557701,-0.99596953,1.0,0.0,0.0,0.04177504,-0.025582785,-0.345213,0.21328628,0.023780704,0.06699138,-0.049536683,-0.09721074,0.30314276,-0.00073075294,-0.12888145,0.10446333,-0.29556274,-0.01463703,-0.020871578,-0.18769954,-0.030279282,0.5076867,-0.04720316,-0.2105284,0.061701532,-0.20063356,0.4209678,0.36903748,-0.057438597,-0.18887122,-0.15206282,-0.15633301,0.5293267,-0.2599242,-0.1913174,0.15019403,0.958566,0.46307403,0.1324499,-0.07187431,-200.0,200.0,200.0,-200.0,200.0,-35.86933998069526,42.631614103429406,-200.0,200.0,200.0,-36.46668390301471,-34.305868023138714
218,0.36442554,-0.29622,0.38496232,0.02369166,-0.09787381,-0.9949168,1.0,0.0,0.0,0.0045100492,-0.04419995,-0.31667,0.14701068,0.12158823,0.0649463,-0.083465815,-0.13655826,0.33183047,-0.031504393,-0.040845335,0.081022345,-0.12866646,-0.14378533,0.2647716,-0.44614935,0.830513,-0.43609124,-0.18669175,-0.17523237,0.20992039,-0.11372747,0.3744309,-0.3251786,0.43933874,0.36023253,-0.22336309,-0.12564307,0.5994184,-0.12034602,-0.0063488334,0.4720539,-0.13370153,0.9609579,-0.5107866,0.05904434,7.175500234903183,-158.43797454577867,96.91945140852232,-200.0,36.85639603956372,-200.0,-31.546528353301795,200.0,200.0,200.0,-29.050071753042857,9.416434119707219
219,-0.21357559,0.17442827,-0.33459648,0.021594996,-0.10140304,-0.994611,1.0,0.0,0.0,0.027565949,-0.05468245,-0.27914172,0.05839634,0.28486627,-0.00039500507,-0.06979575,-0.13764632,0.3402898,-0.017424107,-0.07197392,0.06750228,0.3096412,0.019384032,0.12531425,-0.41677284,0.688282,-0.26437628,0.16084863,0.11905024,-0.09744712,0.22033112,-0.58932775,-0.023709478,0.1296269,0.18109028,0.07419248,0.3761173,0.5481901,0.26861748,0.32573855,-0.16256623,-0.13709001,0.11597909,-0.9242052,0.5150678,200.0,200.0,-22.33895628810734,40.65250867997963,-61.67997135538678,25.579153778694092,-23.192860894304005,200.0,-200.0,200.0,-200.0,6.962540919836474
220,-0.17442302,0.10367129,-0.9741008,0.029651528,-0.09324988,-0.9952011,1.0,0.0,0.0,0.0690742,-0.03698877,-0.250565,-0.01047945,0.37750438,0.04286159,0.008032018,-0.117459916,0.31485912,0.036365867,-0.2886631,0.16490798,0.14630905,0.14530672,0.1585912,-0.28683254,0.36746266,0.4640068,0.555595,0.08422074,-0.14522201,0.27567273,-1.3398257,0.74197024,-0.3075551,-0.14476348,0.41652864,0.37524468,0.4347443,0.18291754,-0.32348907,-0.7699616,0.4467466,-0.13732581,-0.7809211,0.5563344,-31.479101911081244,200.0,200.0,200.0,-27.662498038970796,5.971848436071582,123.46780194653047,-176.54630068092592,-200.0,-108.5939660204591,32.63277504648863,-19.765073839100296
221,0.48463407,-0.5139253,-0.14700381,0.021235526,-0.10241978,-0.9945146,1.0,0.0,0.0,0.047049448,-0.044432882,-0.24208122,0.03692031,0.37283534,0.08184081,0.051897626,-0.14449398,0.32717228,0.05336213,-0.56005627,0.32307413,-0.30304316,-0.09599673,0.09079511,0.2902244,0.10996934,0.18916169,-0.05934162,-0.2795114,0.19921808,-0.04854177,-1.158905,0.60988086,0.03606105,0.34060085,-0.12045584,-0.034732804,0.83949834,-0.08865147,-0.59511274,0.6821068,-0.6350095,-0.11028959,-0.2175397,0.03839863,-200.0,-120.5924750952062,200.0,200.0,28.008534947738582,38.9629948682184,-200.0,-200.0,70.34793391885498,-200.0,200.0,-200.0
222,-0.05717896,-0.40683347,-0.072006054,0.0036305974,-0.10947711,-0.9939827,1.0,0.0,0.0,0.019215468,-0.0429099,-0.23073667,0.0805428,0.4224323,0.035573892,-0.011732595,-0.18287285,0.35275447,0.0243963,-0.6838041,0.33506873,-0.024745138,0.06772675,0.025845652,0.19395362,0.3349812,-0.34518644,-0.53411144,-0.12607694,0.06609284,-0.21719913,-0.17694849,-0.38939187,0.45188463,-0.32381082,-0.5171678,-0.52191794,0.60694313,-0.13760972,-0.106632575,0.7139289,-0.061005354,-0.29190224,0.23277104,-0.091440074,84.58667839379311,200.0,184.6192622748033,-200.0,200.0,79.67924136370124,-200.0,200.0,-200.0,-200.0,200.0,-200.0
223,-0.12652747,0.3054375,-0.5570116,0.0042079412,-0.10565933,-0.99439347,1.0,0.0,0.0,0.07891663,-0.045236997,-0.2466237,0.10895085,0.4896349,-0.02894412,-0.08315961,-0.18860067,0.34324545,-0.031028628,-0.61198646,0.19397858,0.56289023,-0.09133234,-0.15697809,0.08958004,0.24968944,-0.2393931,-0.15837143,0.060933452,-0.13024072,-0.3291735,0.797708,-0.75083476,-0.17132737,-0.23431404,-0.6719533,0.182898,-0.044207692,-0.11418822,0.4049363,0.26433122,0.4743111,0.3743714,0.26003852,0.09234732,200.0,-200.0,-200.0,-200.0,-148.60146503734506,121.39474673139082,200.0,200.0,-200.0,-200.0,200.0,200.0
224,-0.15439767,0.30616766,-0.118138954,0.016866492,-0.099947594,-0.99484974,1.0,0.0,0.0,0.14740515,-0.065119885,-0.29125983,0.14002395,0.4363543,-0.057206076,-0.04481121,-0.15712945,0.3195459,-0.0390805,-0.3714921,0.105175376,0.1624494,-0.10163742,-0.28054821,0.18589185,-0.6443212,-0.105813585,0.47671723,0.23405413,-0.09058298,0.07282226,1.3062445,-0.09204321,-0.58998877,-0.061353922,-0.04862283,0.094852015,-0.6179776,0.08023717,-0.0446299,-0.45956653,1.326807,0.47499663,-0.08429613,0.02236066,-200.0,-200.0,-200.0,-92.29156493516523,-200.0,-22.760898094176056,200.0,200.0,200.0,200.0,15.115587733487928,124.42138677930896
225,0.23862743,-0.29469872,0.5022021,0.014953795,-0.10227909,-0.99464333,1.0,0.0,0.0,0.11930189,-0.08078284,-0.3111995,0.14991605,0.20170534,-0.0006526009,-0.008981711,-0.14124092,0.3142128,-0.0015428066,-0.21378118,0.056991942,-0.37217715,-0.06836101,0.045113005,-0.048242856,-1.6085719,0.61921734,0.005930773,-0.040511027,0.006988822,0.35612628,0.57884556,-0.45801544,0.11466433,0.5567741,-0.36458844,-0.88524354,-0.23426199,-0.034706883,-0.31651926,-0.41010982,0.08438678,-0.14514711,-0.64426774,0.094118245,-200.0,33.40599371585584,200.0,-113.21433082862997,-200.0,200.0,-69.85350181790328,-200.0,200.0,200.0,200.0,-104.02980518951411
226,0.1942851,0.1988223,0.25798154,0.0128699215,-0.110670745,-0.9937738,1.0,0.0,0.0,0.07416039,-0.09034977,-0.31237882,0.11689103,-0.010691881,0.024771634,-0.06975106,-0.16810338,0.29116905,0.054121614,-0.20248276,0.048410434,-0.11259878,-0.03314813,-0.0323083,-0.26437017,-0.6167803,-0.118635215,-0.50090027,-0.20043662,-0.21166721,0.2185304,-0.37061602,0.09587749,0.66586107,0.6279474,0.06704752,-0.75930655,1.0056721,-0.60857093,0.26646674,0.33238506,-0.06003,-0.54449236,-0.88924956,0.62902415,200.0,200.0,-76.03542701695164,-200.0,200.0,-12.304168595949577,-30.021539821132137,-200.0,-200.0,-200.0,-200.0,0.1619830465109544
227,-0.31247142,0.31690395,-0.63437873,0.024293434,-0.107140295,-0.9939471,1.0,0.0,0.0,0.10247728,-0.07950669,-0.29848272,0.03130877,-0.027830482,-0.1057223,-0.105475776,-0.17440705,0.25035793,0.08093262,-0.37303752,0.17175367,0.35051045,0.11768695,0.15209608,-0.5674407,0.34904546,-1.022982,0.08130547,0.10522812,-0.19686356,0.061586376,-1.0887293,0.94269687,-0.026282383,-0.4593832,0.3677618,0.535183,0.775725,0.06722609,0.5919841,-0.10227983,0.6685755,-0.07033299,-0.4393538,0.20632997,200.0,200.0,200.0,-200.0,200.0,-49.30583554909231,200.0,200.0,-200.0,-200.0,28.57779466028819,19.087930696160583
228,-0.014014073,-0.48510107,-0.52980655,0.019284725,-0.100680895,-0.99473184,1.0,0.0,0.0,0.14377955,-0.06040424,-0.29057258,0.04930091,0.17900097,-0.12469893,-0.03156731,-0.15431926,0.26774108,0.059072614,-0.48580128,0.25559,0.07617429,0.0647628,0.12152862,0.1427549,1.2380649,0.32566592,0.5961275,0.10156214,0.26976454,-0.2108982,-0.13524443,-0.0021259517,-0.18090762,0.034296013,-0.47106856,0.030057952,0.53872925,0.5544254,0.03460697,0.26826108,-0.18931268,0.072403476,-0.010141782,-0.3015459,-200.0,-200.0,200.0,200.0,4.407113119386395,141.8254106198428,200.0,7.096666429243001,200.0,-71.36333350139392,200.0,-183.99144572871108
229,-0.3303991,0.19591269,0.12992203,0.015637254,-0.09325038,-0.9955199,1.0,0.0,0.0,0.10001257,-0.027221441,-0.2938072,0.066453576,0.33002365,0.039098065,0.02919113,-0.11997775,0.27502513,0.045301557,-0.40555483,0.14620717,-0.4540274,0.25487787,-0.1267169,0.04857914,0.47283563,1.0796968,0.09586784,0.22662047,-0.1352617,0.015300171,0.78761524,-0.9135079,-0.042956926,-0.2807781,-0.48818666,-0.108731136,-0.42156583,-0.37491572,-0.8318834,-0.2379806,0.13708073,0.1297219,-0.026432112,0.22778898,-200.0,142.1785690082859,-200.0,-125.82151042533195,-65.5101602763063,-18.040737532563526,-110.34633753666195,200.0,-200.0,51.87492709071017,70.46349594638275,-41.23425726551454
230,0.31951374,0.45458436,0.49782097,0.030179074,-0.096285716,-0.9948961,1.0,0.0,0.0,-0.0021498285,-0.01786734,-0.3386112,0.09116423,0.25452793,0.099924736,-0.016517019,-0.11660269,0.22303325,0.06326747,-0.23013598,0.06325699,-0.3706213,-0.09578202,-0.20351593,0.036051597,-0.80317944,-0.11802272,-0.4678765,-0.11957895,-0.2896689,0.10308897,0.59383893,0.019261738,0.688131,0.16642182,0.5540686,-0.12170708,-0.12259992,-0.4968657,0.03349094,0.20164369,0.9816528,0.014573827,-0.6735955,0.4614639,200.0,-200.0,-98.41845366486044,-200.0,-200.0,-200.0,-200.0,-152.32959031667568,105.35007407798824,32.52145022777286,-200.0,200.0
231,-0.29685685,-0.058096603,-0.05845155,0.036202192,-0.095805965,-0.9947415,1.0,0.0,0.0,-0.03292724,-0.01530408,-0.34240633,0.07100928,0.12602085,-0.019961998,-0.0478378,-0.11046327,0.20924872,0.07113123,-0.2562576,0.13737856,0.020898024,0.09487172,0.12845634,-0.20716622,-0.5222333,-0.8980854,0.09701433,0.16560398,0.099890366,-0.071064636,-0.59178615,0.619046,0.29308912,-0.19021507,-0.014617369,-0.2866596,0.55347395,0.08080766,0.563183,-0.22043882,0.2732889,0.10055417,-0.45562446,0.13418242,200.0,200.0,200.0,-200.0,8.128017589308342,-181.2415707687486,112.3561138949891,200.0,200.0,-66.50036900675184,-200.0,104.74094917609068
232,0.39202175,-0.41481227,-0.9218513,0.028318861,-0.097825356,-0.9948006,1.0,0.0,0.0,0.028735701,-0.033934698,-0.29738933,0.027877092,0.14635229,-0.06889416,0.025507472,-0.09929098,0.23436147,0.06785786,-0.3505965,0.16924444,0.49700952,-0.19126134,0.24523132,-0.088307105,0.678975,0.33813444,0.59221023,-0.0400109,0.16046865,0.01970435,-0.7224514,-0.08487802,0.22143401,0.46293747,-0.52848935,0.17203993,0.29920673,0.50922805,-0.24270938,-0.50977564,-0.22685893,0.67411786,-0.5640794,0.084773324,168.59660535006805,-199.44459845100556,200.0,-200.0,200.0,156.56695442370838,200.0,-200.0,-73.19363133477584,66.50647367444407,-200.0,-75.55028765050659
233,0.38342842,0.14510939,-0.81554025,0.027453167,-0.11239832,-0.9932839,1.0,0.0,0.0,0.10362658,-0.059094626,-0.2873265,0.04700172,0.23939568,0.06920334,0.078705035,-0.12378256,0.22201598,0.10810161,-0.4353935,0.14127274,0.25396106,-0.06655412,-0.097279906,0.20118129,0.17971762,0.907722,-0.0013236692,-0.19593108,-0.24850689,0.34530997,-0.28282556,-0.124606624,-0.25489488,1.0247386,0.22992606,-0.61089283,0.49564904,0.07666486,-0.63757527,0.5813276,0.0030267313,-0.23476394,-0.24440911,0.38950804,-32.76081720293814,200.0,-200.0,72.00084310269975,-101.6593148661058,11.122030293046578,-200.0,-200.0,-200.0,200.0,30.462722302996497,11.166607921193062
234,0.045911517,0.09215524,-0.10397335,0.03535672,-0.11977673,-0.99217105,1.0,0.0,0.0,0.085940935,-0.051825337,-0.3138606,0.08464825,0.28586793,0.13895777,0.022178946,-0.14972283,0.1697182,0.15282655,-0.40052396,0.19446902,-0.35594353,0.14740622,-0.14025788,0.15747024,0.31000447,-0.0827113,-0.51331735,-0.061484225,-0.2337511,0.11223908,0.3329123,0.3823857,-0.23925693,-0.21461071,0.16093285,-0.69752127,0.27587503,0.0046742503,0.01331608,0.45241684,0.26038784,-0.1258848,-0.39995742,0.015607022,-200.0,200.0,200.0,-200.0,200.0,-126.71205129382157,-200.0,200.0,-106.15574613377834,-200.0,-11.472910394417568,38.74164893008833
235,0.1273173,-0.38637927,0.12379637,0.027691662,-0.123857364,-0.99191356,1.0,0.0,0.0,-0.0094663445,-0.02557234,-0.30575603,0.088150024,0.29285276,0.092661336,-0.041408803,-0.14903636,0.16845703,0.14119089,-0.3820706,0.17150012,-0.47265935,0.10340821,0.16715848,-0.05231295,-0.115031384,-0.19525668,-0.11005878,0.05707953,0.16518804,-0.1931539,-0.03905258,-0.4864545,0.36636978,0.090096876,-0.52863103,-0.57347655,-0.2732146,0.3720988,0.59312314,0.22999094,0.15239073,0.25465697,-0.6889286,-0.25588697,16.798367576053977,-200.0,200.0,-200.0,92.63235062176545,30.862265794185163,200.0,200.0,92.11557614622157,-200.0,-15.73469914491854,-200.0
236,-0.29847306,0.13188829,-0.51093286,0.025773251,-0.11906201,-0.9925523,1.0,0.0,0.0,-0.050130192,-0.00074122316,-0.28809804,0.06824589,0.17015296,0.14844537,-0.00043724067,-0.10767042,0.17348015,0.12869692,-0.4616508,0.038506478,0.019030707,0.14002725,0.034392774,-0.14065564,-0.9139342,0.47697288,0.470709,0.32088193,-0.07407059,0.032201927,-0.4891251,-0.6420237,0.344126,0.29329586,-0.1567167,-0.53607017,0.44864672,0.35926554,0.3236761,-0.5533365,0.10083562,0.4986788,-0.42931265,0.3080879,200.0,50.16412733089149,-200.0,-200.0,-13.115790459739515,-18.418450780666205,200.0,200.0,10.84742228177582,200.0,29.537630833765604,53.693015825631505
237,-0.16658948,-0.12856677,-1.0540211,0.028913107,-0.10922559,-0.9935964,1.0,0.0,0.0,-0.0019625004,0.013058983,-0.2712279,0.07042265,0.1422959,0.21067014,0.10941645,-0.058295105,0.14950186,0.15572238,-0.4732861,0.019307151,0.39699742,0.022651019,0.121023595,0.026381392,0.36808783,0.28199083,0.50744075,0.18224439,-0.14885883,0.21227251,0.09124316,0.3480861,-0.13048953,-0.09050934,0.3525504,-0.2126533,0.7486336,-0.06100195,-0.38522804,-0.9386964,0.6466007,0.025932804,-0.46554682,0.5006043,200.0,200.0,119.40221723324163,-200.0,200.0,19.98792325955162,-75.1645554959972,-200.0,40.884594700020486,200.0,0.5367877634552229,200.0
238,0.59483546,-0.61825985,-0.10405037,0.015209312,-0.1191721,-0.99275714,1.0,0.0,0.0,0.028211461,0.0047252383,-0.23890263,0.077105045,0.21417028,0.16225135,0.14567092,-0.058975123,0.16100103,0.16372979,-0.46958917,0.15905501,-0.048481476,-0.07783553,0.20179752,0.023356041,0.3382181,-0.4788216,-0.08961142,-0.14358738,0.2262783,-0.10052041,0.0051984075,0.736689,-0.20229132,0.9981919,-0.8353552,-0.66396195,-0.022565126,0.25244182,-0.47890806,-0.039624646,-0.591114,0.16574399,-0.61436635,-0.11074404,-200.0,-127.23754480613088,200.0,-200.0,200.0,7.48285614824573,-200.0,-200.0,200.0,-200.0,2.9702584704724977,-46.259895016389805
239,0.15259631,0.04645877,0.40047157,0.003956097,-0.13315405,-0.99108744,1.0,0.0,0.0,-0.028467752,0.01748927,-0.2215553,0.06811285,0.18443233,0.15817535,0.06888349,-0.07325072,0.16945994,0.15830147,-0.5167871,0.19562808,-0.38608107,0.16683768,-0.004974118,-0.102145866,-0.4187997,0.1899938,-0.62102455,-0.012155774,-0.10931291,0.017226744,-0.21033935,-0.26905373,0.39758477,0.9535528,-0.011553481,-1.2168572,0.120629825,0.49328992,0.2595886,0.16831787,0.1333805,0.2626776,-0.39324385,-0.3373002,17.070189885368563,200.0,-200.0,-200.0,-17.57517871241504,8.684908043837652,-200.0,91.17815761818655,-200.0,5.382171854449336,16.51490373149491,-200.0
240,-0.37931433,-0.2118326,-0.33972952,-0.00030950428,-0.12766461,-0.99181736,1.0,0.0,0.0,-0.054901958,0.06642927,-0.19238466,0.018927574,0.15636766,0.2585614,0.010058235,-0.04019263,0.15211445,0.17219496,-0.48890465,0.052690778,0.06969089,0.3111584,0.26064733,-0.3640525,-0.07824002,0.51108617,-0.024255274,0.30188915,-0.062484182,0.09228786,0.20707242,-0.84077656,0.15102912,0.10292487,-0.26649797,-0.7116686,0.32640016,0.50991243,0.7197618,-0.885948,0.53729016,0.3607607,-0.36496404,0.13271642,200.0,200.0,131.87272099213132,-200.0,7.971378689612052,-41.36576017254799,200.0,153.53723414604644,25.83982455542477,95.20067199585779,-14.367805681797279,53.61858275685722
241,0.098056614,-0.2375674,-0.579759,-0.00794801,-0.124124326,-0.9922348,1.0,0.0,0.0,-0.00094857474,0.08177553,-0.17745084,0.017347932,0.1787374,0.33109844,0.057818674,-0.0023883022,0.14485061,0.20108616,-0.45013422,-0.0059786253,0.3180661,-0.009261597,0.018481148,0.025997827,0.23577753,0.35409054,0.44384035,0.11144536,-0.032625914,0.1877112,0.18032521,0.16086562,-0.17319067,0.89473873,-0.6019311,-0.97351694,-0.03471919,0.79355526,0.3928942,-0.74331164,0.062869504,-0.023299858,-0.46330714,0.26088217,-3.355055827999081,41.62290345252392,-200.0,-200.0,83.27045004447763,11.987557643433036,200.0,-200.0,200.0,146.01899501369167,-8.731357013193275,200.0
242,0.13043347,0.27342522,-0.27607962,-0.0032928102,-0.12893298,-0.99164784,1.0,0.0,0.0,0.002984946,0.09732887,-0.1835401,0.0043697357,0.13832617,0.46000054,0.15837722,0.009221124,0.12573832,0.22024655,-0.44586974,0.073376544,-0.22995625,0.15358658,-0.06264831,-0.14139836,-0.36282596,0.71431106,0.48865977,0.007501767,-0.12318579,0.011256689,-0.03671753,0.41197777,0.033623695,1.1190654,0.28576577,-1.2148188,0.023124404,0.21081445,-0.13844752,-0.21650238,0.36170936,0.15751915,-0.5683433,-0.024056487,-185.54105968912714,200.0,-200.0,-200.0,9.871207326223441,-41.69375800015246,-12.049156301022549,-200.0,-10.795779494424437,-200.0,0.6310460844396459,-36.160678222324464
243,0.19910319,-0.27069333,-0.3463913,-0.0021757598,-0.13516602,-0.9908206,1.0,0.0,0.0,-0.014303495,0.12762451,-0.16509086,-0.039837956,0.0980798,0.49039826,0.1992687,-0.00021085594,0.1354382,0.20196259,-0.49490768,0.061440393,-0.0077240183,0.13932265,0.19385348,-0.1844569,-0.077523194,-0.3424106,-0.024663998,-0.096189775,0.18020791,-0.14663033,-0.23831014,-0.21308081,0.29572284,0.582382,0.019929588,-0.7388721,0.5712726,0.27661172,-0.22355483,-0.047601417,0.25663352,0.70960426,-0.7291479,-0.119870596,124.19453683179654,200.0,200.0,-200.0,200.0,-200.0,-200.0,-200.0,200.0,45.38258848382614,155.9945802025444,65.08915974067068
244,-0.032343693,-0.4456343,-0.4282636,-0.014847804,-0.1382788,-0.99028206,1.0,0.0,0.0,0.025870703,0.15806562,-0.1195696,-0.08706105,0.19529432,0.41516912,0.14407177,-0.016087912,0.16986954,0.18845856,-0.5716831,0.00051705894,0.38312635,0.16140585,0.23390917,-0.2690236,0.8056919,-0.32896942,-0.4793708,-0.07215047,0.15317877,0.0012025152,-0.34339544,-0.26737723,-0.039046787,0.8531587,-0.47867095,-0.79526114,0.24123931,0.9506853,0.14058228,-0.12923165,-0.28003722,0.25908887,-0.21170655,-0.0071342885,200.0,200.0,49.90254779527149,-200.0,-17.014285679002114,48.79244668244678,-200.0,7.101393553095548,21.165110456089252,200.0,29.363804073097015,27.309444560740246
245,-0.06349084,0.25698927,-0.47578827,-0.0146959415,-0.13721576,-0.99043214,1.0,0.0,0.0,0.055954017,0.20200817,-0.09718835,-0.13329375,0.25034684,0.4372069,0.09656094,-0.035129886,0.16046089,0.20638585,-0.53262347,-0.0059472406,-0.057600826,0.28210738,0.051148564,-0.26389343,-0.005324388,0.5065104,-0.04991522,-0.09298327,-0.19903332,0.13505414,0.6045107,0.0026602463,-0.29931033,0.62755984,-0.37078175,-0.44998622,-0.5755634,0.91074395,0.3277582,-0.27200764,0.38633686,0.010464653,0.11115255,0.006803386,-175.19698516950632,200.0,-200.0,-200.0,-19.861873034930255,200.0,172.09493465117723,-96.7263966669438,-200.0,-18.434641733167567,122.22012141829862,-4.834980829789656
246,-0.049332414,0.3279665,-0.2300961,-0.0012781236,-0.13516958,-0.99082166,1.0,0.0,0.0,-0.009834073,0.2731759,-0.070927024,-0.20365751,0.14545643,0.5875119,0.12954618,-0.057967097,0.14108235,0.20148158,-0.34001952,-0.0006373302,-0.5271818,0.4174156,0.19545202,-0.40641865,-0.95021117,0.70015377,0.31838915,-0.13527113,-0.00694352,-0.15486114,0.97785276,0.024363145,0.11967306,0.18112914,0.30780315,-0.23232026,0.2954697,0.349871,0.029428437,0.50596786,0.9425727,-0.1486208,-0.7086977,0.274073,-98.50790715888479,200.0,-200.0,-108.35411338482669,-200.0,-54.26496345468081,110.96383880469438,-200.0,200.0,-200.0,-73.32818456159987,-10.181217155400278
247,-0.17696065,-0.41969135,-0.1633601,-0.0033556793,-0.13038188,-0.9914582,1.0,0.0,0.0,-0.06732756,0.3422105,-0.019425273,-0.2708223,0.060220003,0.6221331,0.15064833,-0.074225426,0.18478811,0.1375401,-0.25220054,0.07413737,-0.0951523,0.28163823,0.2950873,-0.27394494,0.0021613657,-0.25896809,-0.07141779,-0.03347202,0.39976072,-0.4539995,-0.0014836387,0.4259622,0.39190966,0.08769603,-0.29878247,0.62085307,0.848138,0.34892473,-0.1980503,0.4680792,0.28843975,-0.19519825,-0.90875554,0.44201568,200.0,-200.0,200.0,200.0,200.0,-200.0,-200.0,200.0,200.0,-164.1325465892756,-200.0,-24.652201148746087
248,-0.334871,-0.00969359,-0.03851749,-0.010371537,-0.11970415,-0.9927554,1.0,0.0,0.0,-0.0048892526,0.3826949,-0.024318278,-0.2921617,0.1672588,0.53399336,0.08711252,-0.077382475,0.24583197,0.040546536,-0.35707885,0.19360173,0.6521432,0.13010041,-0.29709205,0.030878687,0.97104615,-0.40067768,-0.5016975,-0.00014433026,0.22380224,-0.47815108,-0.9529387,0.5362162,-0.12572956,0.121250495,-1.0176212,0.7712756,-0.11915236,0.4381544,0.10065018,0.13197704,0.0901071,-0.056535743,-0.02870766,-0.063961945,200.0,-200.0,-200.0,200.0,200.0,31.536753667239907,-113.40268786730371,200.0,-147.12891931649997,-6.446700583428083,-200.0,-39.74813830515109
249,-0.2673504,0.50342095,0.011995378,0.000385743,-0.10794644,-0.99415666,1.0,0.0,0.0,0.09707528,0.40396452,-0.115475655,-0.24401557,0.25468576,0.49709457,0.04052629,-0.06486367,0.25578636,-0.018572688,-0.4392571,0.1936044,0.3966879,0.08731245,-0.5838813,0.40875813,-0.0004555465,-0.13183972,-0.013405799,0.115453415,-0.0886464,-0.16035582,0.03202603,-0.4353592,-0.403647,-0.56448275,0.068772376,1.0701641,-1.0320584,-0.11544522,0.29486597,0.54406327,0.8287116,-0.28469682,0.07656833,0.33466122,-200.0,-200.0,-200.0,200.0,-200.0,14.82819413667059,177.7518699818245,200.0,-200.0,102.70976741079753,200.0,-190.21149165475697
250,-0.20215946,-0.30132216,0.27523106,0.0023622296,-0.09864884,-0.9951195,1.0,0.0,0.0,0.11324024,0.42954478,-0.188901,-0.14170957,0.14558971,0.3634671,0.094040714,-0.029865146,0.2673759,-0.03853619,-0.3321249,0.18908778,-0.1816159,0.16214277,-0.18929242,0.5906097,-0.99111795,-1.0758752,0.38604105,0.20993817,0.16948734,-0.070731156,0.8311321,0.24125855,-0.115737125,-1.0091873,-0.15992801,0.5450288,-0.48221165,-1.061097,-0.19118176,0.75658995,-0.020163223,-0.79721534,-0.15867099,0.36810538,-200.0,-200.0,200.0,200.0,-200.0,-124.33630246777489,-200.0,200.0,200.0,-200.0,27.933443818837304,81.01733932192826
251,-0.20249964,-0.37691063,0.5328272,-0.013103769,-0.09106285,-0.99575895,1.0,0.0,0.0,0.040813606,0.46297935,-0.21140248,-0.012420177,-0.058861434,0.04167847,0.12528224,0.009055156,0.2991767,-0.048774004,-0.24949318,0.24314468,-0.38911042,0.1479208,-0.0862694,0.68263674,-0.9294597,-2.0410295,-0.026423102,0.1896353,0.15935268,-0.050944667,0.22528107,0.24033237,0.26227325,-0.96802443,-0.66340876,-0.037890837,0.25494218,-0.97506714,0.0063970685,0.2501958,-0.04755813,-0.7004612,-0.15748706,-0.28819674,68.1093881841507,-200.0,187.60842494479846,200.0,84.40526704853153,-200.0,-200.0,200.0,-200.0,-200.0,-49.289460442352606,10.437649364465358
252,-0.33763796,0.17123234,0.52960646,-0.01752988,-0.07870598,-0.99674374,1.0,0.0,0.0,0.048847575,0.46818015,-0.27913886,0.0979898,-0.13603735,-0.31991646,0.09649447,0.05330319,0.31299898,-0.064282656,-0.2178629,0.17250071,0.36973116,-0.083376706,-0.50058305,0.43095294,0.058626838,-1.4987121,-0.13194028,0.24213076,0.0012208937,-0.09298867,0.083236635,-0.8408746,0.4271487,-1.0076808,-0.856746,-0.6570076,0.018987022,-0.58960235,0.3785832,0.09956145,0.16144182,-0.55206746,-0.1083116,-0.20251387,200.0,-200.0,175.19438087281355,-200.0,200.0,200.0,181.38235712712634,-76.14549611110323,-200.0,-200.0,-75.2347269073983,-200.0
253,-0.08866773,0.7842926,0.30246475,0.0019366276,-0.06999313,-0.9975456,1.0,0.0,0.0,0.17178142,0.41468546,-0.40678686,0.16101408,-0.0848186,-0.59379745,0.12382145,0.0952314,0.28985196,-0.08208227,-0.1909411,0.019417385,0.70566696,-0.43161473,-0.7083151,0.23366313,0.23952845,-1.0551298,0.33775902,0.15662561,-0.20032851,-0.07908558,0.10150238,-0.53295827,-0.09412157,-1.0722919,1.1380334,-0.09894355,0.05990491,-0.58663774,0.39354903,0.11134189,0.50288033,-0.60151404,-0.2672569,0.76617324,-174.46937192695066,-200.0,-200.0,-200.0,-135.11068301395875,200.0,200.0,21.279620424715347,-77.51782137911101,-200.0,64.2855253403769,95.25388227127303
254,0.41457394,0.27302,0.68762,0.020924233,-0.07803945,-0.9967307,1.0,0.0,0.0,0.25560904,0.30479008,-0.48576123,0.17969227,-0.039875746,-0.7035783,0.1923451,0.11113346,0.28335166,-0.099738,-0.20643991,0.0064144153,0.20007668,-0.62717193,-0.1476217,-0.024794947,0.20521739,-0.12368014,0.3620088,0.027113909,0.06867695,-0.055476695,-0.118779264,0.26787135,-0.21373257,-0.10509224,1.3261158,-0.39109564,-0.033977132,-0.25370777,-0.055623367,0.38701254,0.3188005,-0.120486915,-0.45085457,0.16776699,-200.0,-200.0,200.0,-200.0,5.120567877633391,200.0,65.20998886399497,-35.497258195557464,200.0,-200.0,-7.798244545413894,200.0
255,0.43329045,0.14639798,1.4890016,0.0246325,-0.0970633,-0.99497336,1.0,0.0,0.0,0.2429752,0.18342263,-0.47762245,0.14148557,-0.03413737,-0.6249405,0.20913084,0.11875013,0.3066972,-0.108728886,-0.28096765,0.06002254,-0.28894386,-0.5396062,0.17764936,-0.33506042,-0.0014922103,0.7414933,-0.13738501,0.059160907,0.13690045,-0.037258808,-0.36835286,0.22862291,0.05758538,1.2553159,0.21311407,-1.2780004,-0.0032635853,0.27894664,0.04739196,-0.2570501,0.46703595,0.8161932,-0.6021788,0.046402752,-200.0,-43.99647888935226,200.0,-200.0,2.893700337674554,55.24008035736654,-200.0,200.0,-105.4350553707788,15.278931467339607,28.871654177852406,-13.767111300794596
256,0.6587324,-0.20319335,1.1809719,0.016183123,-0.12082627,-0.99254173,1.0,0.0,0.0,0.1698611,0.09030952,-0.40610772,0.042143703,-0.024589121,-0.38329807,0.15469256,0.11542872,0.34498516,-0.098572016,-0.38665038,0.060456347,-0.34594983,-0.42203805,0.4894033,-0.6373127,0.04590474,1.4052926,-0.27124152,-0.0691626,0.20027761,0.13230908,-0.47131583,-0.02695683,0.51456296,1.7897888,-0.17352735,-1.3888572,0.4824254,0.17246574,0.5785688,-0.4174779,0.41600442,0.6171465,-0.6040195,0.008155577,118.62817753483012,200.0,200.0,-200.0,-3.2433963788618385,-54.95037968253814,54.303537682450354,-200.0,50.27571505445806,200.0,41.54816407559326,-1.4295796627907116
257,0.69564116,0.009342402,0.32205865,0.009062476,-0.14820488,-0.98891515,1.0,0.0,0.0,0.14020933,0.010488702,-0.30780572,-0.11259663,0.086772084,-0.18532057,0.15278792,0.09915566,0.36022162,-0.046221495,-0.4623173,0.044498313,0.014191031,-0.38599414,0.48750946,-0.87121505,0.8338532,0.7792756,0.19279487,-0.087955266,-0.006542474,0.35455143,-0.310997,-0.07317829,0.6953292,2.3072937,0.06865458,-1.1036587,0.76321864,0.25950217,0.82758844,-0.04150261,-0.031156592,0.19727583,-0.6765877,0.003181912,200.0,200.0,-200.0,-200.0,-13.021957929586392,-67.03188562666128,200.0,-200.0,102.72286907912154,200.0,28.514877640570376,0.6420329681464096
258,0.9305997,0.14304246,-0.7349359,0.015604879,-0.17800647,-0.98390555,1.0,0.0,0.0,0.18433328,-0.061938092,-0.20869571,-0.29564524,0.32612807,-0.051762022,0.24912857,0.078372866,0.3365986,0.037822723,-0.533817,0.031318016,0.37526095,-0.29671967,0.17532814,-0.34262434,1.6238257,0.22114444,0.7183694,-0.15426384,-0.15689878,0.41903836,-0.3071812,-0.054624587,0.7164967,2.4390292,0.59092546,-0.6393243,0.25443184,0.97196823,0.35488003,0.1244915,0.17716171,0.21794812,-0.53389233,-0.04384335,200.0,200.0,200.0,-200.0,200.0,200.0,200.0,-200.0,-200.0,-87.93835628361757,22.174517034749385,-1.0723909077823706
259,0.5522731,0.016078385,-0.6650344,0.023137843,-0.20366548,-0.9787671,1.0,0.0,0.0,0.30322534,-0.12111004,-0.16728735,-0.34221613,0.5637338,0.049918406,0.35849386,0.0641686,0.31055588,0.110884786,-0.5400472,0.0059911367,0.6886023,-0.35947284,0.108067155,0.044081453,0.361123,0.444406,0.41177306,-0.035430778,-0.124268435,0.31190673,0.01646346,-0.11433132,0.7271686,2.2923973,0.88027614,-1.3072196,-0.20927492,1.101888,-0.1654368,0.43245822,-0.027317882,0.23957033,-0.1759511,-0.13749021,162.62396769201825,200.0,200.0,-200.0,-200.0,200.0,-200.0,137.6607745879769,-152.30895995054985,-103.11422482378154,-3.402575768183258,14.76633371748568
260,0.16024949,-0.12089881,-0.36059475,0.025982045,-0.2148618,-0.9762988,1.0,0.0,0.0,0.44317934,-0.17391889,-0.12513852,-0.35668266,0.53691983,0.227643,0.3996939,0.07396318,0.2794478,0.16640997,-0.44471723,-0.04189144,0.5990587,-0.16492052,0.21181372,0.038117774,-0.36753973,1.0297761,0.035959654,0.104143575,-0.15503462,0.23193543,0.5935852,-0.21611975,-0.32081148,1.8841015,0.16918953,-1.5028332,-0.20172197,1.1019906,0.25070512,-0.39143115,0.077278405,0.30360085,-0.47446328,-0.16052303,-6.845991945771516,200.0,200.0,-200.0,-200.0,200.0,-200.0,200.0,-200.0,-84.57070776146836,-58.69951610359385,25.335857499224574
261,0.4554719,0.0064429045,-0.04135355,0.025490161,-0.22727042,-0.97349805,1.0,0.0,0.0,0.51521933,-0.20928124,-0.082755804,-0.35255325,0.40282395,0.46012732,0.36343297,0.06886461,0.24318069,0.21756613,-0.41985816,-0.082302645,0.15658377,-0.17265764,0.2260543,-0.025009355,-0.85870695,1.2218989,-0.24778228,-0.11205106,-0.20131569,0.25261244,-0.10330295,-0.16732262,-0.19493508,2.0693624,-0.30315152,-1.5501623,-0.09819691,0.7621101,0.56832343,-0.20263024,0.23795696,0.32548696,-0.6402994,-0.1929518,-200.0,200.0,200.0,-200.0,-200.0,152.76772542299477,5.514981380638773,-200.0,-139.6188885586378,-75.27977154373747,-16.76904168200943,11.475040583815286
262,0.5632539,0.10119192,-0.1572718,0.028350295,-0.24745606,-0.9684843,1.0,0.0,0.0,0.46278927,-0.21719494,-0.04986471,-0.3778652,0.22222823,0.6512033,0.3531727,0.039731126,0.20973074,0.2582767,-0.49732262,-0.12722354,-0.6097158,0.064772844,0.10489031,-0.21480775,-0.90296334,0.7960007,0.11842289,-0.17474781,-0.1526581,0.16565207,-0.39528275,-0.15340362,-0.014909444,2.362222,-0.07357192,-1.6596887,0.36771655,0.43526804,0.6560431,0.34590137,0.44960177,0.4374277,-0.18002257,-0.24321198,-200.0,200.0,-200.0,-200.0,200.0,-200.0,200.0,-155.97997764421348,200.0,-200.0,200.0,36.677159748929824
263,0.15969011,-0.19476214,-0.26196587,0.028213039,-0.26075283,-0.96499324,1.0,0.0,0.0,0.30882207,-0.17402236,-0.031579792,-0.43226206,0.15227407,0.7014448,0.42691505,0.037500933,0.18637735,0.2951846,-0.47198373,-0.16599664,-0.78428614,0.3033911,0.095301986,-0.2801509,0.11107185,-0.20453086,0.48844692,0.11450123,-0.08312492,0.18550114,0.53068846,-0.17083284,0.53629214,1.8110678,0.17346986,-1.3929324,0.49304068,0.7046062,0.4656939,0.06317894,0.37672597,0.27474248,-0.25592518,-0.27433634,119.22440567565684,200.0,-173.07006024932002,-200.0,200.0,-200.0,-7.347420115087914,200.0,200.0,104.35579919040049,141.56839146553546,16.088630189990056
264,0.14380997,-0.6487389,-0.24653243,0.01215378,-0.2662777,-0.96381974,1.0,0.0,0.0,0.20743851,-0.12856358,0.019598067,-0.499642,0.248151,0.6949182,0.49082726,0.062151354,0.20464516,0.30432796,-0.38452607,-0.21236418,-0.30387485,0.16272621,0.34484166,-0.37505606,0.53997827,0.0013430886,0.110486165,0.098264046,0.2062451,-0.038262066,0.29302248,-0.14956394,0.74828446,1.8587126,0.15288608,-1.5466943,-0.09449767,1.2591773,0.36161375,-0.47876835,-0.16215767,0.16400869,-0.90105665,-0.3703113,200.0,200.0,-10.439699951908494,-200.0,-40.90826345769938,17.698300817226674,-200.0,-101.131642824312,164.78498111507923,-35.24668351794436,-49.372825587490354,35.0956889139336
265,-0.06295856,-0.10261764,-0.5375057,0.0017837341,-0.26742643,-0.9635766,1.0,0.0,0.0,0.19704834,-0.1069948,0.08365345,-0.5849434,0.26268792,0.7928701,0.4664848,0.059978593,0.22796988,0.2843237,-0.43061954,-0.26450616,0.15159899,0.08146065,0.28560376,-0.47386423,-0.3105843,0.74620026,-0.20733309,-0.09220177,0.017838817,-0.13163216,-0.6592323,-0.22797953,0.3981583,2.2236416,-0.35642105,-1.1224027,-0.20751145,1.2310365,0.33097166,-0.6089697,-0.24598713,0.2601288,-0.563391,-0.32608125,200.0,200.0,-144.15201035928862,-200.0,-200.0,-200.0,200.0,-200.0,-200.0,-118.02413691554037,-200.0,20.561711376913422
266,-0.20921637,0.6237792,-0.9603582,0.021417476,-0.26136354,-0.9650028,1.0,0.0,0.0,0.24954088,-0.08986214,0.12547028,-0.69928366,0.12764722,0.94234496,0.41959396,0.024062818,0.190027,0.27223158,-0.48763114,-0.28687632,0.2694659,0.10428456,0.151964,-0.68588173,-0.7238643,0.63163143,-0.22384624,-0.23704524,-0.35339424,-0.018350316,-0.16406319,-0.081497766,-0.17723365,1.7293245,0.18909545,-0.28585935,0.2949474,0.781431,0.28882593,-0.056707695,0.94758105,0.36053133,0.026835613,0.10084838,30.570606147275043,200.0,-200.0,-200.0,50.998935096870355,-56.31809699914163,43.43354251104802,-200.0,-200.0,0.07456706229769239,14.736027104865997,3.6666581572201125
267,-0.32407755,0.114201054,-0.75339407,0.043238737,-0.24929403,-0.96746206,1.0,0.0,0.0,0.21903996,-0.033935755,0.14284503,-0.7892722,0.08998191,0.9581548,0.3738165,-0.006524642,0.1347264,0.27711916,-0.41534215,-0.20453793,-0.50240636,0.4283417,0.05417145,-0.2534888,0.24991944,-0.32574037,-0.20682395,-0.095849186,-0.20470648,0.04911243,0.79146075,0.6465947,-0.5667325,1.1095533,0.39647156,0.013150081,0.56951916,0.7554975,0.19273381,0.22640388,1.2438914,0.14305021,0.21863326,0.08361631,-200.0,200.0,37.48263363282267,200.0,200.0,-86.59609958891281,35.007966746627176,2.67948579097947,200.0,123.22588183423954,200.0,-18.18485892237038
268,-0.76015043,-0.6875597,-0.45372576,0.035310283,-0.22693257,-0.9732702,1.0,0.0,0.0,0.032970354,0.09313216,0.17832011,-0.80523163,0.22231579,0.8882031,0.31737587,0.007457926,0.13590884,0.25614452,-0.21073645,-0.10468426,-1.2394671,0.76893395,0.31430063,0.07898827,0.74931014,-0.29944858,-0.27190664,0.20684877,0.16908258,-0.2027788,0.93568146,0.4081193,0.2830494,0.3193549,-0.5440789,-0.10348059,-0.121188626,0.9932113,0.2782588,-0.4569435,0.4653861,-0.3556465,-0.58754945,-0.584058,-41.578567458978796,200.0,168.36548376838857,200.0,-50.484071693145324,34.9096126751507,21.558584582198762,200.0,200.0,-46.71560137451715,-78.61332601441916,-32.85145513173751
269,-0.4061197,-0.7092468,-0.7272459,0.013551182,-0.20443055,-0.97878724,1.0,0.0,0.0,-0.12734257,0.1946186,0.22179067,-0.7250329,0.2642944,0.9046905,0.28941807,0.030484544,0.19507182,0.19094694,-0.13104528,-0.12759005,-0.4496506,0.32488975,0.099418454,0.6462731,-0.23196916,0.18409838,-0.08473894,0.039591894,0.39791116,-0.42926738,-0.041064467,-0.5443637,0.6839107,0.30935544,-0.77152807,0.35922515,-0.09092837,0.28014418,0.15799557,-0.18890995,-0.10135311,-0.5398326,-0.5767777,-0.31017843,200.0,-94.89170328076159,-200.0,200.0,-200.0,-4.736273433359145,66.1152311858385,-200.0,179.17173658802545,-200.0,-200.0,-200.0
270,-0.24333656,-0.11045736,-0.9811732,0.005198693,-0.19178225,-0.98142374,1.0,0.0,0.0,-0.13645299,0.24060735,0.18659186,-0.54706454,0.15656877,0.8314714,0.24919236,0.012692692,0.25534862,0.09658551,-0.23376769,-0.19323783,0.2803975,0.17647076,-0.4008927,1.0661924,-0.53964025,-0.8160238,-0.22067872,-0.17747279,0.2144997,-0.50978225,-0.7245639,-0.2528424,0.18294531,0.2034993,-1.0417372,0.49391723,-0.02296453,-0.58152527,-0.15266566,0.6012556,0.19920456,-0.38371062,0.07476283,0.11702608,200.0,-40.98143361871263,-200.0,200.0,44.69474280644056,-200.0,32.452366812025474,-200.0,-200.0,-200.0,22.31861154723265,20.394304983131008
271,-0.4012269,0.30343822,-0.62913775,0.015469639,-0.17801839,-0.98390555,1.0,0.0,0.0,-0.034243803,0.27492365,0.060095847,-0.30012608,0.09187621,0.55965924,0.15920584,-0.018144328,0.2817288,-0.018746614,-0.2698409,-0.14499961,0.53159934,0.17983918,-0.7863755,1.3559293,-0.24924092,-1.8042071,-0.60623854,-0.1272794,0.06270335,-0.6235357,0.2657654,0.53315854,-0.16869472,-0.58784807,-0.61742485,-0.314483,-0.45224693,-0.4136085,-0.02694425,0.56269705,0.69922477,-0.4594339,0.528757,0.188308,-88.10434430953245,-200.0,-200.0,200.0,20.97591418346647,-200.0,-55.710469223471364,200.0,-200.0,-136.80964026100628,200.0,20.230334069983087
272,-0.34225917,0.20558804,-0.10940049,0.026379641,-0.16307914,-0.98626024,1.0,0.0,0.0,0.027890902,0.30945653,-0.07853168,-0.055206418,-0.048020005,0.2214521,0.05347424,-0.028934386,0.31647646,-0.16456032,-0.110654354,-0.031620745,0.16406235,0.15896088,-0.63439155,1.105231,-0.85985917,-1.3866891,-0.31245747,0.014083165,0.23178558,-0.76485294,1.2264044,0.4822541,-0.12257922,-1.2584484,-0.2555129,-0.6563226,-0.8433826,-0.60322785,0.1233903,0.5393204,0.86977255,-0.10574731,0.54844517,-0.011690117,-200.0,-200.0,-200.0,-200.0,39.08519460793934,122.13992597746142,188.4372747047288,200.0,200.0,146.68706415350925,194.70416892448156,-43.695790894703975
273,-0.20323725,-0.21001238,0.104400545,0.025436146,-0.15274066,-0.98793894,1.0,0.0,0.0,0.012129729,0.3391361,-0.16110516,0.13164067,-0.28736442,-0.057987355,0.047637925,-0.014153053,0.3806585,-0.30789435,0.115104735,-0.010285728,-0.22429459,0.123639345,-0.2577949,0.80410016,-1.2012359,-1.1887009,0.1373785,0.11122888,0.38709006,-0.67414033,0.94413865,-0.0016611338,0.2007987,-1.3518298,-0.7604407,-0.66719484,-0.39496082,-0.99112743,-0.10911225,0.60057914,0.363334,0.48018086,0.17875361,0.29305407,-68.1162239062765,-200.0,87.02252723792989,-200.0,79.80488128951788,102.39082779964338,35.6080789754689,200.0,200.0,200.0,-80.77623539661477,-3.862823273072399
274,-0.18198702,0.42305723,0.24046193,0.028567446,-0.14592767,-0.9888827,1.0,0.0,0.0,0.037567206,0.3453784,-0.2570793,0.27101684,-0.4190802,-0.35279876,0.028606288,0.0047974996,0.41571343,-0.4000342,0.19818324,0.06784431,0.34815806,-0.053587794,-0.64750665,0.61527616,-0.21368936,-1.3864803,-0.23436227,0.09167864,0.007475154,-0.28062627,0.01784554,0.4816812,0.516821,-1.0345824,-0.7042773,-0.735288,-0.19071245,-0.94615483,-0.05308707,0.4772724,0.74379003,0.83728826,0.26762637,0.5828053,14.120551373678438,-200.0,-200.0,-200.0,200.0,109.73410527145211,-62.87579378580864,200.0,-145.56932487635265,200.0,-109.4721336089215,-27.440841557428485
275,-0.21167885,0.23933536,0.2339743,0.042926162,-0.13732919,-0.9895949,1.0,0.0,0.0,0.16643895,0.30435738,-0.39843363,0.375301,-0.3717969,-0.5601702,0.00026666204,0.031965096,0.41906205,-0.4411447,0.21956748,0.22621009,0.7544214,-0.32466874,-0.6689525,0.43613744,0.39020666,-0.8415947,-0.10939874,0.16521122,0.04209564,-0.14330475,0.10008587,0.7732218,-0.15227647,-1.3486409,0.5940843,-0.5671502,-0.12180483,-1.1278816,0.25284678,0.36716497,0.5040093,0.45451134,-0.025842525,0.1477325,-28.98125292340103,-200.0,52.342310439247626,-200.0,-21.784677269285794,72.39521834545906,1.32019612105087,200.0,200.0,200.0,-4.15817688310959,-60.10940723293504
276,0.00027652245,-0.11513927,0.43944082,0.042767167,-0.13390668,-0.9900707,1.0,0.0,0.0,0.2663145,0.22562067,-0.484186,0.43600762,-0.2871552,-0.750332,0.04011322,0.07405423,0.42829773,-0.44631243,0.1583656,0.27400568,0.3023578,-0.44952446,-0.24050991,0.19811681,0.36130747,-0.82598126,0.3943281,0.2412237,0.037866823,0.06973477,-0.4019919,-0.18210922,-0.2452444,-0.7281692,0.6263254,-0.37509805,-0.12021708,-0.8131815,0.11974977,0.22761442,0.24673168,-0.008728519,-0.6211386,0.10119075,-200.0,-200.0,200.0,-200.0,-31.79680700810559,73.08495433636938,63.66814230676954,200.0,113.30875839394506,200.0,30.76656210445725,-154.36265997405042
277,0.45337933,0.05500879,0.926496,0.038156237,-0.14509796,-0.98868126,1.0,0.0,0.0,0.27795547,0.11143255,-0.5035619,0.44713175,-0.2292195,-0.81463915,0.07927605,0.10787052,0.40701732,-0.3835386,-0.024962246,0.21607815,-0.12754513,-0.65949374,0.016963812,-0.068077974,0.23721023,-0.021039017,0.11777673,0.121468626,-0.21715966,0.49888095,-1.2359122,-0.2555017,0.23949118,0.73889244,-0.10737405,-0.9203881,-0.09843097,-0.20522514,-0.043956652,-0.12785524,0.4071582,0.23162298,-0.6331308,0.45290375,-200.0,-200.0,200.0,-200.0,-20.08614283917521,43.23444035637958,-42.51439574080061,113.88621308322803,-132.4233205453361,200.0,-10.679362128012372,26.54249425058896
278,0.6626088,-0.47376567,0.74112064,0.022994746,-0.16858228,-0.98541933,1.0,0.0,0.0,0.25399655,-0.008882268,-0.45898646,0.40824878,-0.18460715,-0.7159271,0.04983694,0.11440207,0.38305813,-0.2693709,-0.23569316,0.25854674,-0.08930071,-0.5539855,0.38515967,-0.2977189,0.18706569,0.9144444,-0.22950354,-0.026442999,-0.06471488,0.635426,-0.87121105,0.41243201,0.6251644,1.529906,-0.24757606,-1.8020926,0.07291869,-0.0814772,0.32074392,-0.13816132,0.549077,0.17098828,-0.30841675,0.26808906,65.09650952256719,200.0,200.0,-200.0,-15.372141889191028,200.0,32.24926696235474,-200.0,119.15885510080048,200.0,79.65425096387207,-12.774444185261984
279,0.64721376,-0.6437657,0.031657547,-0.0030923574,-0.19512805,-0.9807729,1.0,0.0,0.0,0.2807999,-0.10795706,-0.3658443,0.33133805,-0.10249579,-0.50574964,0.050696686,0.110686034,0.3748142,-0.13966846,-0.30803734,0.27380854,0.30912396,-0.4343972,0.5013577,-0.44637838,0.3881086,0.92237276,0.19034521,-0.0034869127,-0.01605263,0.6150451,-0.03278846,-0.0046031484,0.59341574,1.940842,-0.60116476,-1.8092315,0.4153977,-0.14183003,0.85895246,0.07186358,-0.32267433,0.07007171,-0.3181233,0.11093206,200.0,200.0,-200.0,-200.0,-37.58826386920424,-76.08284983063515,200.0,-200.0,200.0,17.623618061470324,57.32351713851047,-8.029495411679743
280,0.45317557,-0.03565075,-0.60567653,-0.012309647,-0.21568778,-0.97638476,1.0,0.0,0.0,0.36959118,-0.17752239,-0.28042978,0.2235347,0.050497472,-0.37783328,0.14647743,0.12408359,0.34811154,-0.035441756,-0.3111791,0.22591983,0.4542584,-0.28002796,0.36292014,-0.6146428,0.7985098,0.5096197,0.69967175,0.09811395,-0.23443477,0.45050517,-0.011298201,-0.24168415,0.26672375,1.9324973,-0.22322333,-1.7442333,0.15868986,0.2606558,0.7140474,-0.19438697,-0.3401177,0.004707828,-0.45170838,0.015197672,0.21280744627648573,200.0,-200.0,-200.0,-66.733136699066,-39.993736684281885,200.0,-195.91157647354896,-200.0,-200.0,-2.4713668283782297,11.966521357559259
281,0.36428055,0.5789327,-0.5528596,0.0052919243,-0.23178703,-0.97275215,1.0,0.0,0.0,0.3931084,-0.21469143,-0.23307687,0.080162644,0.117112756,-0.19647993,0.31866542,0.13883524,0.27828103,0.039456725,-0.3537231,0.15696058,-0.16590302,-0.10472634,0.13813339,-0.8155714,0.10559108,0.98004293,0.8697898,0.016297795,-0.42515817,0.31223556,-0.2086406,-0.30570573,0.20980464,2.1100667,0.2978903,-1.8063871,-0.22019109,0.8125815,0.3329361,0.12554328,0.19596182,0.4150542,-0.39888546,0.18532246,-148.93560493161098,200.0,-130.88622344328593,-200.0,-30.654436989612236,-59.741235778627924,-63.02568351774778,-200.0,-200.0,-200.0,12.907919887348726,22.29334984624728
282,0.44728255,0.029760959,-0.29279837,0.020545313,-0.24802944,-0.9685346,1.0,0.0,0.0,0.32910964,-0.21741393,-0.17062658,-0.11989403,0.044755995,0.04849751,0.4472073,0.132453,0.21572268,0.11501658,-0.37139207,0.15679969,-0.31326643,0.035004247,0.4889786,-1.1619655,-0.5605405,1.5147293,0.41296586,-0.043943606,-0.19556145,0.42031842,-0.062355604,0.055283394,0.31525043,1.6608598,0.66349506,-1.4104708,0.10672728,0.7390318,0.023296982,0.19674842,0.6828235,0.789771,-0.38674554,0.029588975,70.99542880163989,200.0,200.0,-200.0,17.74281478925775,142.51924214343285,-200.0,29.05376560497014,172.9999952588919,200.0,7.872411523004445,2.522331711811546
283,0.33866936,-0.66667414,-0.22980377,0.009303696,-0.262284,-0.96494585,1.0,0.0,0.0,0.30128133,-0.20178834,-0.021466076,-0.4004023,0.02939105,0.28903025,0.4744233,0.13766883,0.20630962,0.20661688,-0.3775671,0.11835484,-0.045456484,0.108391955,0.9598204,-1.630344,0.1568985,0.98361886,-0.09208611,0.06544175,0.07590476,0.48782775,-0.022842815,-0.20046325,0.32849997,2.1471245,-0.6810231,-1.3607925,0.2563144,0.7753473,0.6187583,-0.48809636,-0.22283073,0.30616194,-0.45953852,-0.41069373,83.78018648210727,200.0,200.0,-200.0,9.460689456087579,-87.4318852773115,-200.0,61.049231024997546,200.0,200.0,4.596292044656725,23.06671247888451
284,-0.056035437,-0.111768,-0.95717883,0.003164822,-0.26753628,-0.9635426,1.0,0.0,0.0,0.29778436,-0.16919409,0.15241379,-0.74020374,0.10243368,0.4562398,0.5019828,0.14877121,0.1917947,0.29179144,-0.40308565,-0.013393689,-0.006003897,0.21768022,0.7430696,-1.6140774,0.34038246,0.6894757,0.24003902,0.044702213,-0.1848595,0.38097808,-0.119252756,-0.84430116,0.4044853,2.4066615,-0.42292213,-1.019006,-0.11618998,0.8818618,0.73692065,-0.6776758,-0.17829584,0.2592957,-0.2891978,-0.5142586,67.79324911103424,200.0,-200.0,200.0,-33.32613216075475,-53.93446590681583,9.3456740079111,-200.0,-200.0,-200.0,6.5642009694664125,34.61083425703043
285,0.13718429,0.53535306,-1.1845803,0.022402251,-0.2764795,-0.9607587,1.0,0.0,0.0,0.32692137,-0.17271206,0.1502468,-0.75841373,0.110800385,0.56470025,0.57007974,0.12081005,0.13811278,0.35030282,-0.35631555,-0.21118933,0.15126543,0.0031813413,-0.07248554,-0.1686856,-0.37351608,0.8286664,0.43952748,-0.20861231,-0.39285544,0.24389206,0.39867076,-1.0884801,0.19079927,1.8134531,0.0500478,-0.21391489,-0.16394256,0.99785846,0.08127026,-0.54426336,0.6817326,0.12194277,-0.11938576,0.017676182,165.90142947692,200.0,-200.0,-200.0,-200.0,200.0,200.0,-200.0,-200.0,-162.06146606039917,162.8887320713024,-200.0
286,0.18296827,0.23722209,-0.8825722,0.04863638,-0.28105214,-0.95845926,1.0,0.0,0.0,0.29230744,-0.14951152,0.11275166,-0.7457606,0.02435106,0.7130047,0.59667695,0.062101692,0.094848275,0.37054205,-0.28064138,-0.32295278,-0.26509604,0.17193533,-0.21907854,0.22724466,-0.41105324,0.6166896,-0.10482416,-0.34977603,-0.07054449,-0.013956213,0.3484163,-0.1262061,-0.015815815,1.8822585,0.8183752,-1.0233648,0.40796372,0.6402402,-0.08535002,0.70234066,0.8926783,0.14252569,-0.15718079,0.19234353,53.77435880458722,200.0,85.07529365928048,200.0,33.71277851460161,-49.520826777198636,-200.0,-200.0,200.0,-200.0,-25.663705706105304,200.0
287,-0.06648138,-0.5151126,-0.28912494,0.047632996,-0.28248876,-0.95808727,1.0,0.0,0.0,0.19219019,-0.08576685,0.11726999,-0.758164,0.049372554,0.7358964,0.524809,0.01805136,0.120821536,0.33421898,-0.2366249,-0.24595414,-0.5223643,0.38936412,0.24531873,-0.29422912,0.5629437,-0.17981443,-0.55487055,-0.114538945,0.2813742,-0.3085955,0.17262578,0.8028356,0.13199009,0.9387031,-0.1807588,-0.5322404,0.37443227,0.90163547,0.272116,0.18993925,0.06073466,-0.088735834,-0.6529236,-0.15672806,98.79885713323222,200.0,200.0,-200.0,200.0,-33.427632416305414,-200.0,200.0,200.0,-109.99643712229499,-14.504694194070737,198.31060852627684
288,-0.97122693,-0.24138089,-0.6508498,0.03886992,-0.25939614,-0.96498847,1.0,0.0,0.0,0.13733672,0.008007903,0.12844855,-0.750487,0.16030502,0.7732176,0.43471298,0.02981673,0.1535241,0.2581706,-0.3038115,-0.1835018,-0.17241608,0.5632382,-0.106688194,0.3057714,0.4686986,0.26764566,-0.37012005,0.19549131,0.079480164,-0.43959185,-0.69012195,0.06760643,0.14017904,1.1841674,-0.3102113,-0.31024098,-0.15231165,1.1759373,0.43850565,-0.68296665,0.1775008,0.12830909,-0.44118243,-0.7855609,-23.82581397176309,200.0,-200.0,200.0,-41.76358159690125,-9.258858348303761,45.6710278255303,158.4134844968588,-200.0,-200.0,-64.43082672336027,-23.529119891879994
289,-1.0114362,0.018956505,-1.2456285,0.045314327,-0.21855968,-0.9747709,1.0,0.0,0.0,0.1286827,0.1237317,0.077640414,-0.635815,0.1470111,0.8918806,0.40608352,0.064112276,0.15186256,0.18923938,-0.3645199,-0.27280682,-0.005797998,0.60525244,-0.3316294,0.7099604,-0.5025103,0.61136246,-0.010087553,0.14426592,-0.057203855,-0.27988937,-0.17200093,-0.86962646,-0.041872367,-0.46600187,-0.65801316,0.9577129,-0.20874307,-0.17064238,-0.15593353,-0.69068676,1.0330012,-0.1091234,0.08976691,0.23193532,32.228813963990135,200.0,-200.0,-24.582761290312078,-200.0,-41.467558716259646,89.13055519132084,-200.0,98.4996476817972,158.60899725758105,20.908655394283215,-200.0
290,-0.46506742,0.055626385,-0.51224846,0.053602807,-0.18909614,-0.98049444,1.0,0.0,0.0,0.08999182,0.2308987,-0.0048093796,-0.44842815,0.02774167,0.90314454,0.33640698,0.062382147,0.1687398,0.111496925,-0.29497594,-0.3405079,-0.22670536,0.44882306,-0.48838934,1.1067879,-0.515783,-0.39629692,-0.6234245,-0.13257147,0.18128732,-0.44335166,0.7391748,0.09653492,-0.0012343656,-0.61880434,-0.7756323,0.32409644,-0.016970716,-0.96004844,-0.11910428,0.67569023,0.9148437,-1.1017935,0.38430718,0.6277427,-41.279702297679876,-200.0,-200.0,200.0,44.392078981655175,-200.0,-200.0,-200.0,200.0,-20.182444943523933,113.39018421661024,200.0
291,-0.5423494,-0.13220909,0.029435718,0.052461624,-0.1685948,-0.98428833,1.0,0.0,0.0,0.06709122,0.3133527,-0.11826706,-0.20505679,-0.0007517934,0.71480036,0.1866712,0.045227125,0.2329632,-0.009869814,-0.08386397,-0.21776241,-0.061189152,0.39596355,-0.59051436,1.2073526,-0.034526795,-1.3805791,-0.7139818,-0.046618693,0.43300614,-0.7522394,1.0209587,1.042944,0.16440466,-0.99919766,-0.7338477,0.046786234,-0.26847413,-0.8623214,0.11360969,0.78235394,0.5891453,-0.3049116,0.2619458,0.2165978,-70.44831337624925,-200.0,-200.0,-120.00297137360644,4.364964414932615,-200.0,95.83251079784725,200.0,200.0,-200.0,-84.26707404197657,200.0
292,-0.5157712,-0.16228375,0.07391021,0.045061674,-0.14755686,-0.9880265,1.0,0.0,0.0,0.10467608,0.38043198,-0.24569911,0.015548468,-0.075012386,0.35112897,0.08393125,0.0464344,0.3236591,-0.14949119,0.04358071,-0.06479263,0.27969092,0.30724674,-0.6696977,0.99636286,-0.41450348,-2.2232904,-0.29048824,0.05220853,0.4360821,-0.6395781,0.47651216,0.6182715,0.30273235,-1.552567,-0.8963601,-0.36997944,-0.44404703,-1.0091878,0.11695887,0.655811,0.36103046,-0.22343826,0.2556295,0.25241265,-200.0,-200.0,-200.0,-200.0,27.203176624081436,-200.0,200.0,200.0,104.20563733055872,200.0,-42.58311276840334,-57.72628859020358
293,-0.46771425,0.42680565,0.24821772,0.051783517,-0.12805453,-0.9904143,1.0,0.0,0.0,0.18613581,0.42871162,-0.4078483,0.18658888,-0.19444889,-0.10395773,0.07843143,0.06832196,0.3676066,-0.24049926,0.117732346,0.044590764,0.39586183,0.18471663,-0.89780474,0.7409372,-0.53926015,-1.9741229,0.07783659,0.1429517,0.06433907,-0.30662924,0.30109084,0.4527243,0.085248515,-1.8501263,-0.039051756,-0.3343407,-0.103557095,-1.1847181,0.21043135,0.5501903,0.33676046,-0.21439637,0.06859156,0.53539824,-162.87408723227765,-200.0,-125.03206488695776,-200.0,40.579541880985516,168.69525466693176,8.623522677044505,200.0,-100.92470166286483,200.0,-26.8631766759857,-39.17930407583043
294,-0.22376256,0.30564895,0.60448366,0.06474956,-0.115835585,-0.9911557,1.0,0.0,0.0,0.21549065,0.46210754,-0.55222446,0.2984383,-0.20441252,-0.4741931,0.12098416,0.09908173,0.36546823,-0.26988506,0.111810386,0.19588603,-0.055539753,0.14655736,-0.57271135,0.42229858,0.20203285,-1.5533196,0.21672364,0.15418951,-0.04865552,-0.032854173,-0.0951081,0.735434,0.04901968,-1.9061126,1.2867811,0.08101703,0.23465163,-1.375512,0.065200046,0.7170161,0.2282988,-0.34989703,-0.09610257,0.18313304,-200.0,-200.0,200.0,-200.0,13.943324433292048,137.3359998351832,-36.51633181482049,200.0,-14.677551478160744,162.72338562229913,7.646771001313056,-56.69152248922694
295,-0.16197836,0.39956796,1.0188546,0.074954234,-0.111491986,-0.9909346,1.0,0.0,0.0,0.16909584,0.4859488,-0.6405713,0.34611678,-0.077747524,-0.8043407,0.12224071,0.12974161,0.35416827,-0.27801323,0.04522407,0.23665348,-0.26438704,0.06576522,-0.35671616,0.097190015,0.69369143,-1.4940803,-0.06877371,0.16904749,-0.07246938,-0.036136683,-0.32454956,-0.10540988,0.5311357,-1.636059,0.9918155,0.010534778,0.18474519,-1.383376,0.24277483,0.9336496,0.34908688,-0.28470254,-0.09585432,-0.025498696,20.78192021341934,-200.0,200.0,-200.0,-80.67369643983375,200.0,-50.325725937059474,200.0,-187.14258115018458,-110.75406876333327,43.92221327485066,-21.180872392725533
296,-0.22536153,0.091627665,0.6015236,0.080665894,-0.10607092,-0.99108124,1.0,0.0,0.0,0.16777614,0.4672039,-0.6970902,0.33983648,0.015567124,-1.0140374,0.15344131,0.177609,0.34297726,-0.28830767,-0.004306793,0.15747932,0.1901832,-0.23278733,-0.22403179,-0.13714963,0.3706548,-0.81089777,0.21740167,0.2791899,-0.03599353,-0.05516873,-0.2009156,-0.40297937,0.69493675,-1.5272803,0.9592032,0.11316337,0.041443355,-1.0823048,0.4405769,0.59467286,0.42509723,-0.061150424,-0.016772844,0.26574266,200.0,-200.0,200.0,-200.0,-33.8002639801054,76.24174072126141,-31.340872323811084,200.0,51.68140352102324,60.83814177662683,18.662874944960663,36.7097124692167
297,-0.20379502,-0.44739324,0.18744491,0.07110476,-0.098441906,-0.99259925,1.0,0.0,0.0,0.2547884,0.38195434,-0.7192145,0.29404032,0.03182,-1.0764481,0.23695666,0.24406494,0.33886474,-0.2879405,-0.011970341,0.16567819,0.63027346,-0.5883399,-0.017945427,-0.29107195,0.02215514,-0.029969001,0.44367343,0.367642,0.009874429,0.055927735,-0.014439068,0.20599215,0.106825426,-0.77425355,0.64873856,0.08830744,0.44151384,-0.40522674,0.2387935,0.045037895,-0.15097384,-0.5671915,-0.74392074,0.43797404,200.0,-200.0,200.0,-91.95517681140291,-3.847020634931699,33.894791171579,-29.86058884864252,200.0,171.79145361434146,200.0,5.297505327004126,-0.23665165974853153
298,0.4166409,-0.20027323,0.8479428,0.05673787,-0.10529521,-0.9928211,1.0,0.0,0.0,0.33587128,0.24040794,-0.6934219,0.21795022,0.12385905,-0.9751424,0.27432108,0.28826183,0.34733284,-0.29063296,-0.11936355,0.25216442,0.24042475,-0.797507,0.23407653,-0.41232148,0.65174615,0.9515771,0.014696399,0.10544924,0.07276759,-0.06431838,-0.9653393,0.40809542,-0.1360534,1.2528433,0.21321209,-0.3581596,0.5442577,0.30692172,0.08593835,-0.2188186,-0.18751745,-0.9402659,-1.2095253,0.32127416,-200.0,-200.0,200.0,137.69164971277758,16.2861915567172,200.0,-110.74785324313052,-200.0,-200.0,-200.0,-200.0,-36.55669991035779
299,0.5813848,-0.021363469,1.3076636,0.047923073,-0.12760402,-0.99066675,1.0,0.0,0.0,0.31733993,0.12283587,-0.6129585,0.09719515,0.2660916,-0.68310106,0.22873688,0.2955855,0.36962798,-0.2993958,-0.39828628,0.27922446,-0.35288522,-0.41609928,0.5293318,-0.76706266,0.60830206,1.8755156,-0.32069513,-0.004641373,0.1133972,0.065671496,-1.6289247,0.08323471,0.6092229,1.8424295,0.06186527,-1.1396677,-0.16251731,0.31300798,0.31949747,0.059145853,0.41457373,0.52221507,-0.42751744,0.18779233,-200.0,200.0,200.0,-200.0,-53.604388910200214,200.0,35.00468835287472,-200.0,-200.0,-200.0,-95.60454419339908,10.021498193640298
300,0.7769298,-0.2837816,0.3399489,0.037826754,-0.15612397,-0.98701286,1.0,0.0,0.0,0.27624744,0.049229976,-0.4752503,-0.092167854,0.28145796,-0.3420529,0.21893682,0.28944615,0.3738037,-0.25910008,-0.61709744,0.25330934,-0.08499065,-0.3314899,0.8312494,-1.1047639,-0.3565948,1.4251713,0.12233255,-0.057249844,-0.01968548,0.30175644,-0.6567334,-0.13997011,0.7286866,2.1807735,-0.010636404,-1.6188493,0.2038171,0.32632414,0.70226014,-0.08791788,0.44518387,0.84643185,-0.14816025,-0.25370672,200.0,200.0,200.0,-200.0,-200.0,-119.66330603255255,102.08163462218835,-200.0,99.38335599256143,200.0,200.0,8.52783464806484
301,0.83578104,-0.3608007,-0.5755102,0.024946421,-0.18835269,-0.9817846,1.0,0.0,0.0,0.29358748,-0.010884121,-0.29136866,-0.34793222,0.25221574,-0.110518694,0.284591,0.27656472,0.36263394,-0.1802876,-0.64231247,0.1305728,0.23250453,-0.28026384,0.9616882,-1.4087813,-0.0997505,0.9513316,0.49035978,-0.069011815,-0.09287476,0.46398234,0.30779037,-0.8147235,0.5011776,2.8548694,-0.18353143,-1.7836213,0.111507975,0.87921584,0.67530257,-0.04602684,0.023553118,0.7211048,-0.2660711,-0.12451079,200.0,200.0,-200.0,-200.0,3.748096369572849,-81.08716416361347,200.0,-200.0,200.0,200.0,200.0,30.526128315472988
302,1.3226999,-0.030470377,-1.011349,0.022743924,-0.23429866,-0.97189856,1.0,0.0,0.0,0.35100648,-0.06558344,-0.22789651,-0.39520323,0.23614472,0.0066056647,0.4145785,0.23834321,0.31938675,-0.054043055,-0.5248441,-0.016083354,0.2681125,-0.28096423,0.09024924,0.10062195,-0.20828906,0.66477054,0.617739,-0.28797874,-0.31066078,0.7683294,0.5697474,-0.40390944,0.4977364,3.0192764,-1.527369e-05,-1.4455888,-0.30088574,1.1841687,0.4209516,-0.016022578,0.10572402,0.40628964,-0.3362946,-0.10332324,37.65819884320587,200.0,-11.330602760453601,-200.0,-61.835416035518335,200.0,-90.62989529183653,-200.0,-200.0,200.0,-50.92595574983568,200.0
303,1.356671,-0.022849958,-0.8437683,0.032380074,-0.28662294,-0.9574961,1.0,0.0,0.0,0.39989787,-0.12547824,-0.20410973,-0.3735118,0.11191797,0.19534458,0.48746786,0.16234078,0.2691043,0.101682425,-0.45597655,-0.05048004,0.18859325,-0.26997018,0.16249996,0.06450097,-0.9334674,1.064769,0.1810855,-0.41282636,-0.19972959,0.73138237,0.26623484,-0.11972298,0.8416623,2.7265546,0.860673,-2.3531628,-0.015369527,0.30504504,0.42612344,1.1192292,0.10306431,0.40525204,-0.0102286115,-0.31785533,-4.107432713973822,200.0,200.0,-200.0,-79.71557403917063,-200.0,-200.0,38.51510345859219,-124.5952454767085,-109.2109721990613,-28.23764508645297,14.198572475811531
304,0.901743,-0.3201603,-0.85665375,0.03577929,-0.32721248,-0.9442732,1.0,0.0,0.0,0.4830317,-0.17191987,-0.15380919,-0.3750069,0.031148255,0.28616086,0.49231395,0.09895968,0.23624206,0.22494698,-0.32702285,-0.13249613,0.60144985,-0.17904946,0.3146821,-0.04867887,-0.12232735,0.06139204,-0.049717113,-0.23342888,-0.14158085,0.52116185,0.6917721,-0.41036722,0.27037546,2.6979077,0.15987702,-2.4205358,0.3225063,0.80159694,0.9197262,0.55250406,-0.28675956,0.6003958,-0.10125164,-0.37601236,180.29566287245484,200.0,200.0,-200.0,38.74578586418197,-57.55752666710668,-91.87358058201701,200.0,-126.10099606476632,-160.38971830354012,-56.02987737198316,40.00745520478483
305,0.7153541,-0.40165254,-0.7024303,0.032900862,-0.35646936,-0.93372756,1.0,0.0,0.0,0.563631,-0.19365701,-0.10551059,-0.38962865,0.08926004,0.35992354,0.5421478,0.07893903,0.18820763,0.3408308,-0.24395353,-0.21492311,0.23691712,-0.050130494,0.19190502,-0.099792875,0.4837319,0.6296733,0.4873827,0.015027009,-0.30106363,0.58347696,0.31792998,-0.34886602,0.020400943,2.5684469,-0.14861292,-2.2880554,-0.21252099,1.3574381,1.2537044,0.2385885,-0.107749686,0.47453046,-0.26749596,-0.32246318,-200.0,200.0,200.0,-200.0,0.7265312151583885,200.0,200.0,200.0,-200.0,-46.3543105262105,-33.92355707651308,27.770139847988048
306,0.18202521,-0.22691913,-0.6752899,0.032663334,-0.369799,-0.9285375,1.0,0.0,0.0,0.53424275,-0.16254945,-0.09094226,-0.42785025,0.08239782,0.5868414,0.6957613,0.11005568,0.10577965,0.43763387,-0.24188322,-0.25383097,-0.4671854,0.32454175,0.023984795,-0.29020518,-0.46033832,1.5336553,0.9806985,0.22893682,-0.4710698,0.3905267,-0.051511448,-0.14737105,0.502096,2.7748656,-0.36588287,-2.44968,-0.62748337,1.0198661,0.87041306,0.06340884,0.033643708,0.41601026,-0.043654032,-0.6052681,-200.0,200.0,-140.60036256823926,-200.0,-200.0,131.34089662677707,200.0,44.52192704841664,19.03762062054784,-200.0,-1.083777675180194,11.042530436749502
307,0.10123232,-0.15105963,-0.7737523,0.036289196,-0.37405893,-0.9266947,1.0,0.0,0.0,0.46818444,-0.0958893,-0.07365763,-0.5056373,-0.1036613,0.78674394,0.8338748,0.1317243,0.030353785,0.4857093,-0.18748242,-0.355581,-0.21474694,0.3344514,0.13005541,-0.4783558,-1.1176032,0.5759685,0.4616312,0.014805782,-0.29251903,0.12298956,0.3111963,-0.5474636,0.88527775,2.015752,-0.2290801,-2.0670187,-0.4611042,0.41934094,0.39567655,-0.07784255,1.007272,0.58760506,-0.013734229,-0.46924695,200.0,200.0,-200.0,-200.0,52.04107889190732,-168.30129368146493,-200.0,-168.56501372806625,200.0,-200.0,-22.85784425667049,46.63504982118718
308,0.09772691,0.05275013,-0.91958654,0.04754111,-0.37638927,-0.92524105,1.0,0.0,0.0,0.45518017,-0.034341116,-0.040910006,-0.62552166,-0.23997349,0.7952924,0.87283254,0.10960359,-0.016260982,0.5091201,-0.12869382,-0.4026342,0.06398016,0.28001958,0.19174574,-0.706521,-0.48326418,-0.39391652,-0.024917565,-0.20405732,-0.18513882,0.10713308,0.24683118,-0.14900999,0.13762018,2.0893013,-0.45582718,-2.1065545,-0.15905613,0.78487915,0.748498,-0.09967847,0.81855035,0.543197,-0.06553394,-0.1260986,200.0,200.0,-200.0,-200.0,44.794254007376026,-200.0,-200.0,-198.37222803052214,200.0,51.279147807794516,-17.730527284389495,17.108519531854114
309,0.10424497,0.20587142,-0.65577656,0.0643664,-0.37953705,-0.9229348,1.0,0.0,0.0,0.3840936,0.05407216,0.008233368,-0.8016686,-0.24260455,0.7820056,0.8370321,0.05288986,-0.04042369,0.5215539,-0.10546154,-0.34231558,-0.5709418,0.5653669,0.31961513,-1.0149705,0.17883183,0.006081408,-0.2068686,-0.30243534,-0.08361131,0.027308261,0.0841877,0.46251565,-0.052752554,2.2690642,0.13354926,-1.8733361,-0.013250165,1.4480224,0.7513668,0.17670403,1.0061932,0.7494675,-0.03829363,-0.21656492,47.14654363176635,200.0,-200.0,-200.0,-4.570704469395025,0.7805319494751384,26.103774846784518,-11.86646753048268,200.0,9.854494358185306,-4.8823410259852835,-22.803048165859877
310,-0.2188755,-0.052699167,-0.62132806,0.07545144,-0.37615812,-0.9234783,1.0,0.0,0.0,0.23275709,0.20149022,0.110132515,-1.041249,-0.16808039,0.8911969,0.80351585,0.0210581,-0.05224061,0.5362426,-0.08390486,-0.29576424,-0.7110202,0.8002345,0.65559816,-1.3459028,0.34474456,0.9858185,-0.12623633,-0.040107887,-0.049625076,0.114855826,0.09356486,0.17068341,0.38844478,1.7824069,0.2665596,-1.1201658,0.14163429,1.759709,0.6693855,-0.1605962,1.0953888,0.54186916,-0.11763746,-0.34542838,139.2843277354042,200.0,-200.0,-200.0,-35.61457775481159,200.0,25.027908559511545,200.0,200.0,200.0,-2.634407734497742,-13.370044324165889
311,-0.27545142,0.04162563,-1.0178965,0.087942906,-0.36402234,-0.9272291,1.0,0.0,0.0,0.13607581,0.3495831,0.21153754,-1.2366763,-0.066058636,1.1564505,0.76402694,-0.0029570833,-0.050331473,0.5482739,-0.09341174,-0.3074274,-0.2733092,0.68432647,0.34903118,-0.6445987,0.45478684,1.3019565,-0.19897406,-0.18594083,0.051481683,0.021075511,-0.055812486,-0.08020901,0.4842763,1.8824481,-0.15956415,-0.95555854,0.15259677,1.5238537,0.55883616,-0.56326526,0.82009673,0.20286657,0.23225564,-0.5526648,200.0,200.0,-200.0,200.0,-40.97210057671873,-93.70746790240673,6.429467946351451,-148.28725593402132,200.0,-40.946462897450964,7.208047552386802,3.833927053385821
312,-0.28551602,0.13354771,-1.2259804,0.10733823,-0.3490799,-0.9309252,1.0,0.0,0.0,0.13852201,0.46916145,0.22555298,-1.2793146,0.009628177,1.3117682,0.7021195,-0.057995394,-0.027433693,0.5266758,-0.016179204,-0.38096446,0.25759277,0.52699566,-0.17723617,0.13717955,0.3114996,0.46617252,-0.31042832,-0.3514367,0.16668878,-0.2128865,0.5326988,-0.37283033,0.4332916,1.4672487,0.45154577,-0.01327087,0.35680425,1.008236,0.24948366,0.3905502,1.094878,-0.14596109,0.11027598,-0.04203277,200.0,200.0,-200.0,200.0,-26.73655527861098,-54.01148125181976,19.457075835978003,-200.0,200.0,-200.0,-28.74173651019339,29.63625280763131
313,-0.64665526,-0.76445,-1.2707766,0.11073402,-0.32542002,-0.93906325,1.0,0.0,0.0,0.19429314,0.5898022,0.2003696,-1.216051,0.12420654,1.294496,0.6028653,-0.09465169,0.035233796,0.45683086,0.03319764,-0.35427177,0.2812545,0.6727988,-0.07606437,0.45820618,0.5079383,-0.52006674,-0.6250934,-0.06005721,0.43900117,-0.46203908,0.17076896,0.5449083,0.11448982,0.47734946,-0.057974003,1.0496792,0.05681867,0.3505966,-0.016564712,0.89785033,0.66898394,-0.8965734,0.03875687,0.31217763,200.0,200.0,200.0,200.0,-45.62620619625625,-150.76009913301732,-120.42871882858174,200.0,200.0,-200.0,-17.458157682971546,189.46018031228698
314,-0.49002522,-1.1777123,-0.118536346,0.080830686,-0.30186915,-0.94991654,1.0,0.0,0.0,0.21996543,0.71614337,0.1537807,-1.0419731,0.1305877,1.0796684,0.43152112,-0.10769698,0.15997851,0.33637285,0.038099468,-0.16470692,0.0073408815,0.6049526,-0.33845502,1.1763995,-0.23499452,-1.4808427,-0.95650434,-0.081543595,0.7814973,-0.7290732,0.005838652,1.0277745,0.053025648,-0.40834004,-1.5406054,1.9881306,-0.7502918,-0.62652296,-0.16350885,0.7995392,0.050554812,-1.0656978,0.43416497,0.2433401,-200.0,-200.0,-200.0,200.0,-163.1453754098522,-80.71109596634528,28.226760599324166,200.0,200.0,-200.0,-4.691352788456893,-66.52059310396896
315,-0.47014382,-1.0007625,0.5728188,0.042099666,-0.285006,-0.9576008,1.0,0.0,0.0,0.20157732,0.83705103,0.055003166,-0.75392985,-0.022887766,0.6710681,0.22290139,-0.12918127,0.29204208,0.19978762,0.07778525,-0.033391926,-0.1497541,0.5826753,-0.5982015,1.6043829,-1.1991605,-2.5002308,-1.0766417,-0.008363838,0.35455915,-0.17451859,-0.7415062,0.30235943,0.04653369,-0.7929639,-1.9787271,1.4396663,-0.8804548,-1.349953,-0.02192302,1.1585155,-0.21211866,-1.3167069,0.46260354,0.14808562,-200.0,-200.0,-200.0,200.0,-200.0,-200.0,-200.0,200.0,-200.0,-200.0,200.0,200.0
316,-0.35177904,-0.62632775,0.77620316,0.002330188,-0.26911646,-0.96310484,1.0,0.0,0.0,0.17432328,0.9509507,-0.09217107,-0.4140147,-0.28830796,0.10489415,0.043416794,-0.13487816,0.34924674,0.18047917,-0.011380315,0.017071273,-0.10510619,0.5598473,-0.8469028,1.7457222,-1.2838206,-3.158023,-0.68948674,-0.014318369,0.2281595,-0.021976324,-0.22119932,0.24190293,0.5217245,-1.1583921,-1.4798955,0.87906605,-0.86452115,-1.7349716,0.43307823,0.9807697,0.005181998,-1.6957209,0.6072754,0.11301979,-145.3375570446164,-200.0,-200.0,200.0,91.08068270328522,-64.1449676099619,200.0,200.0,-200.0,-200.0,200.0,35.82253063751884
317,-0.25855136,-0.2850422,0.45380273,-0.023518186,-0.25498548,-0.96665883,1.0,0.0,0.0,0.26011285,1.0466062,-0.34732002,-0.082746506,-0.49225587,-0.5067862,-0.03711511,-0.12645547,0.37913322,0.19368994,-0.009060085,0.041805603,0.7130026,0.42109558,-1.5639997,1.6509123,-0.80630237,-2.725129,-0.17395477,0.07327499,0.085192755,0.1426134,0.18939494,0.0873729,0.7843521,-1.5910805,-0.7321502,0.5901917,-0.82027936,-2.1141758,0.3824277,1.2273604,0.16973044,-1.8013287,0.2992414,0.3676481,-76.69290844164914,-200.0,-200.0,200.0,73.66897284556853,200.0,200.0,200.0,-200.0,-200.0,200.0,53.17306711661011
318,-0.20055108,-0.19247663,-0.11282666,-0.032776196,-0.24653935,-0.9685784,1.0,0.0,0.0,0.42988503,1.1304421,-0.6523624,0.19503987,-0.61480457,-1.0496058,-0.008583005,-0.10051262,0.3827886,0.23996949,0.06098336,0.11640171,0.7842572,0.4441447,-1.3397839,1.1713381,-0.4504356,-2.3490756,0.39226726,0.19494914,-0.023371616,0.26760754,0.4713392,0.51506543,0.94803315,-1.7404996,1.2524103,1.2085074,-0.010773294,-2.8493245,0.13651095,1.7694623,-0.35836077,-2.5317152,0.15484741,0.72783977,-60.5626486541795,-200.0,200.0,-200.0,47.83026559815221,200.0,200.0,200.0,-200.0,-200.0,90.28371377115013,48.33890782278388
319,0.0057208724,-0.19128655,-0.31473613,-0.03753326,-0.24263096,-0.9693923,1.0,0.0,0.0,0.5941224,1.2161542,-0.9117971,0.42430222,-0.5975228,-1.6007664,0.080415495,-0.065606765,0.3684409,0.29864168,0.16038412,0.27777517,0.73072475,0.42007804,-1.1881247,1.1434907,0.5266168,-2.7332935,0.35395402,0.10406033,-0.106875554,0.3512777,0.25043458,0.9177168,0.97388595,-1.6867119,1.2313182,1.558078,0.11500085,-2.7124703,-0.14897259,2.0813475,-0.10794555,-2.6269662,-0.01549492,0.529557,-20.342148190242597,-200.0,200.0,200.0,200.0,200.0,-200.0,200.0,-200.0,-200.0,-200.0,-200.0
320,0.18013346,-0.11234951,-0.15231322,-0.04174704,-0.24702758,-0.9681088,1.0,0.0,0.0,0.7129455,1.2945164,-1.1158621,0.6537951,-0.4016835,-2.0383317,0.11527368,-0.047951046,0.341792,0.3551618,0.12720841,0.3767149,0.49562952,0.35125086,-0.8866008,1.1744461,1.1107366,-1.7431306,0.036619972,0.07478821,-0.15915258,0.22316718,-0.29932177,0.3282816,1.133435,-1.6079134,1.1241343,1.2098837,-0.18050921,-2.7500432,-0.10439856,2.448689,-0.009024486,-2.510758,-0.014945127,0.49982062,24.5718282094997,-200.0,200.0,200.0,-66.15401874496047,200.0,-200.0,200.0,-200.0,-200.0,9.258293307461827,-25.596875041681756
321,0.035930965,0.06815056,-0.16375344,-0.040886603,-0.25151286,-0.96698993,1.0,0.0,0.0,0.83164924,1.3442748,-1.277947,0.86366475,-0.28378457,-2.29509,0.09048699,-0.02384774,0.2991727,0.38330388,0.07877618,0.41938242,0.57397467,0.14065453,-0.66939443,0.9346477,0.24969542,-1.00698,-0.25663105,0.16861457,-0.2587252,0.0696485,-0.19869195,0.16876492,1.1742334,-1.7168683,0.6047536,1.0695683,-0.58970594,-2.8472774,0.09631483,2.8339837,0.2380351,-2.2773306,0.12528351,0.8308675,34.0437907791171,-200.0,200.0,-200.0,-65.61649531305804,102.25347469074825,-168.2074650495946,200.0,-200.0,-200.0,11.990918247102769,-8.14731185630825
322,-0.18944812,-0.090790614,-0.34408182,-0.039402023,-0.24877839,-0.96775866,1.0,0.0,0.0,0.9364898,1.3344988,-1.3548906,1.0246054,-0.3354408,-2.4853978,0.08378466,0.041482996,0.26892048,0.3650788,0.08910972,0.53396297,0.4285749,-0.22801848,-0.12761763,0.72164804,-0.53054196,-0.7957585,0.05293543,0.43011317,-0.08297529,-0.21432252,0.08069058,0.64356655,0.7868115,-1.8790222,0.36249506,1.4115719,-0.23771584,-2.9125094,0.3308764,2.852128,0.5243565,-2.1197786,0.1251587,0.87211883,50.787041857538725,-200.0,200.0,147.52591699891315,-0.5070798831568482,77.93186240485909,-16.52573422528175,200.0,30.173595001130806,-200.0,-7.869042136167565,-47.37347904995784
323,-0.36421686,-0.38844922,-0.09739249,-0.046548355,-0.23850901,-0.97002405,1.0,0.0,0.0,0.93238807,1.2326597,-1.2692804,1.1578444,-0.34496433,-2.6323118,0.14114396,0.15436047,0.27820706,0.28460157,0.10164714,0.6510878,-0.28408834,-0.7721145,0.8103021,0.60715824,0.20865445,-0.6138077,0.3997142,0.6563058,0.15019181,-0.562985,0.05149616,0.48621234,0.32737738,-1.9330307,-1.0199808,0.8596461,-0.034020178,-2.1953797,0.24494903,2.1497633,0.31247056,-1.5583117,-0.10560242,0.3860353,200.0,-200.0,200.0,-96.30020495825067,21.497553077817855,55.8823316160541,6.884627100467981,200.0,200.0,-200.0,-4.462118225912356,-46.94836610613646
324,-0.74266887,-0.1326227,1.1481248,-0.061276358,-0.21490198,-0.9747114,1.0,0.0,0.0,0.85433716,0.992104,-1.1392264,1.2537307,-0.24967891,-2.6478999,0.19250959,0.29915333,0.3027665,0.14294243,0.04566157,0.6405025,-0.48023063,-1.5776644,0.50501436,0.3638998,0.46687928,0.36311325,0.19200425,0.7756005,0.097873,-0.8405634,-0.324279,-0.46339828,0.46616796,-1.3900577,-3.1540775,-0.6681037,-1.0679561,-0.5782281,-0.08688216,0.84328836,0.80986696,0.3709585,0.25117478,-0.32277074,-200.0,-200.0,-200.0,-200.0,-35.42634017358637,200.0,-87.6781361889346,200.0,-80.09937761717568,-200.0,20.966021364295955,-126.59037357568968
325,-0.9004696,-0.20911573,2.1818764,-0.08290744,-0.1769683,-0.9807184,1.0,0.0,0.0,0.7439599,0.5869088,-1.0795033,1.2932993,-0.26460224,-2.4673927,0.16749719,0.449662,0.34197503,-0.027117133,0.07561004,0.43503785,-0.5463664,-2.376552,0.1035123,0.046850573,-0.51727194,1.3420396,-0.40171495,0.7171554,0.29534253,-0.8504092,0.3662118,-1.4828697,0.44501886,-0.06325273,-1.2126243,-1.190083,-0.17636529,0.6116085,0.22241987,-1.1624184,0.7601882,0.6033764,-0.0817636,-0.1653536,-22.98014714371584,-200.0,-200.0,-200.0,-200.0,200.0,-186.0354586159891,86.91137186085462,200.0,200.0,-2.854755288175511,-188.36335554722928
326,-0.82469815,-0.18077545,1.9883447,-0.10351535,-0.13486762,-0.9854417,1.0,0.0,0.0,0.6447706,0.18919684,-1.0923612,1.2713786,-0.27285796,-2.0920508,0.115257055,0.5798167,0.39520213,-0.1945945,0.054977655,0.22179778,-0.45842338,-1.6502584,-0.15790899,-0.21944879,0.19304404,2.3094542,-0.15156922,0.5938841,0.23287001,-0.8191971,-0.29239243,-0.8450939,0.49986923,1.8689772,-0.7999385,-0.0985017,0.035952695,1.6761585,0.60106725,-2.9214263,-0.022417769,-1.6494023,-0.5336082,0.17024466,200.0,200.0,-103.43174448093339,-200.0,11.834476059989981,200.0,200.0,-200.0,200.0,200.0,11.057639364997499,74.19594868464185
327,-0.6628122,-0.053190198,1.7399836,-0.1158242,-0.09752557,-0.9884703,1.0,0.0,0.0,0.57674205,-0.060177967,-1.0855007,1.2020327,-0.17130584,-1.5257572,0.17143914,0.69168717,0.39531562,-0.3742075,-0.08933705,0.15577349,-0.33286318,-0.938344,0.19534978,-0.44347534,0.69870096,3.256357,0.49891096,0.5595102,-0.19901401,-0.6606209,-0.8149832,-0.07528001,0.84835577,1.2020363,0.10341413,0.15726183,0.19691479,0.81647366,0.8654122,-1.9507902,-1.1145028,-1.8578901,-1.9730582,0.87754166,-179.20738041449823,200.0,200.0,-200.0,200.0,200.0,200.0,-200.0,-200.0,-200.0,-200.0,22.505276963333266
328,-0.60363376,-0.14904143,1.3565198,-0.12434761,-0.06555554,-0.99007076,1.0,0.0,0.0,0.56573766,-0.18356434,-1.0052946,1.0924717,-0.041811764,-0.8262787,0.36824533,0.78429663,0.2986037,-0.5422002,-0.3543833,0.24979065,0.16556755,-0.39318562,0.5664631,-0.63380855,0.7370298,3.7991345,1.3652043,0.34300828,-0.70699644,-1.021872,-1.7545261,0.9126827,1.0499493,0.33493102,0.5224701,-0.26971054,-0.022344582,-0.261684,0.46508884,-1.2350175,-0.37561083,-1.017286,-0.9726892,0.66980654,200.0,200.0,200.0,-200.0,200.0,200.0,200.0,-200.0,-200.0,-200.0,-200.0,200.0
329,-0.32454038,-0.24065654,1.1169304,-0.13488604,-0.041428477,-0.98999465,1.0,0.0,0.0,0.6403701,-0.22468148,-0.85084635,0.94039786,0.0050448775,-0.17903364,0.6171921,0.8144558,0.14847738,-0.714413,-0.5980745,0.3936704,0.5342476,-0.074854754,0.92524064,-0.87014145,-0.043218974,2.7761438,1.1805075,0.0045022406,-0.8031482,-0.7034872,-0.8346233,0.6025066,0.6495385,-0.44390464,0.9441754,-1.2736466,0.38666117,-1.5565552,-0.24500032,-0.58779436,-0.42087018,-0.019113466,-0.7505209,0.3745251,200.0,200.0,200.0,-200.0,-27.0463034575541,-200.0,-200.0,-200.0,-200.0,106.66803025817057,105.74010235910066,-51.9061046649465
330,0.46867967,0.026547238,1.9064597,-0.13970785,-0.037547726,-0.9894806,1.0,0.0,0.0,0.70542336,-0.27636737,-0.643035,0.72662866,0.09060091,0.2708132,0.8081666,0.76878244,-0.025973618,-0.7791379,-0.6732034,0.4192049,0.16090617,-0.3188406,1.1437998,-1.2271065,0.6294246,1.8142372,0.7040047,-0.38224053,-0.8336321,-0.034802962,-0.17326103,-0.086959235,-0.09220873,-0.65666175,0.8267349,-2.2396653,0.42476487,-2.0044994,-0.7022616,-0.06540544,-0.33286953,1.4193057,-0.43561617,0.29921958,-200.0,-29.09297874543671,200.0,-200.0,-23.380582515129277,-200.0,-200.0,-200.0,32.38322206061673,200.0,24.09993137308851,-10.76732063456653
331,1.3921257,0.16220412,2.605157,-0.13933738,-0.06393241,-0.988179,1.0,0.0,0.0,0.70561403,-0.36138847,-0.38198656,0.43683875,0.20564574,0.52940714,0.85709405,0.674938,-0.14809436,-0.72674286,-0.62150234,0.38047656,-0.14050719,-0.46111178,1.433309,-1.6463664,0.48146987,0.86177415,-0.078455664,-0.51924145,-0.4652706,0.499008,0.39890438,-0.17496096,-0.16273458,0.88294023,-0.08990578,-3.5523076,-0.90278757,-1.5316668,-0.5760454,0.70062745,0.29908127,3.1272762,-0.27212486,-0.090945475,-200.0,200.0,200.0,-200.0,-44.750243899061616,-200.0,-200.0,-200.0,106.4275005836057,200.0,-20.75542735031854,12.844323667056216
332,1.338465,-0.123578236,2.8601573,-0.14784832,-0.10203742,-0.9837323,1.0,0.0,0.0,0.6073019,-0.4157623,-0.11768103,0.073868155,0.19818205,0.5902402,0.72683173,0.6308724,-0.18266654,-0.59358025,-0.5067306,0.2558974,-0.8037521,-0.1550729,1.2347305,-1.970198,-0.4620833,-0.15131615,-1.1023275,0.0139481155,0.053324122,0.78228647,0.5147398,-0.75261474,-0.25798926,1.3221208,-1.1793026,-3.2566512,-0.66685116,-0.35396904,0.11170797,1.0173995,0.25073576,2.8940575,0.10912516,-0.3271533,-200.0,200.0,-200.0,-200.0,-200.0,-200.0,-200.0,173.30754163437524,200.0,200.0,-46.75216883369603,51.694401585987976
333,1.4959909,-0.92929095,2.6641986,-0.18621305,-0.1427446,-0.9720847,1.0,0.0,0.0,0.40701503,-0.4443899,-0.021563768,-0.07279265,0.11921936,0.46921006,0.45672506,0.6498192,-0.12833905,-0.4112866,-0.3274042,0.030703746,-1.1249741,-0.12067499,0.10123558,-0.1283193,-0.5186761,-0.9024555,-1.4107431,0.09374215,0.35512802,0.97325844,0.95596933,-1.1436601,0.1217892,1.4517367,-0.9340673,-3.2745247,-0.09340321,-0.017625874,1.6136097,-0.28400505,-0.47086424,1.8368483,0.35585123,-0.692535,200.0,200.0,-200.0,-200.0,-200.0,111.81469627790239,200.0,200.0,31.079318120929088,200.0,-84.8945967069393,200.0
334,1.5108781,-0.70620656,2.4054239,-0.23415603,-0.17900527,-0.9555774,1.0,0.0,0.0,0.16717786,-0.4757772,-0.031218886,-0.0818398,0.024143338,0.27343833,0.27159843,0.620489,-0.13666427,-0.19223535,-0.0995214,-0.21342404,-1.1371806,-0.20052278,-0.13687886,0.024850065,-0.27621657,-0.70107645,-0.52548087,-0.31199408,-0.35256416,1.1812953,1.0058426,-1.0389413,0.8518047,1.5005938,0.08501507,-3.6100743,0.26038754,-1.1423063,1.9317234,0.1820219,-1.4392837,0.4555707,-0.41626146,-0.17269775,200.0,200.0,-200.0,-200.0,62.64964617298574,176.60364501328377,200.0,-200.0,-200.0,200.0,-103.42312536672353,84.52350414553018
335,1.5372984,-0.8863251,1.8177876,-0.28134882,-0.2160678,-0.93496394,1.0,0.0,0.0,0.0072815185,-0.5150459,-0.029037356,-0.09556043,0.0644747,0.048003476,0.26449284,0.52169067,-0.24706858,0.036075354,-0.0025926232,-0.30893698,-0.53858715,-0.16479258,0.0731586,-0.068792954,0.418084,-1.3870629,0.35111699,-0.6325496,-0.65502346,1.0516573,0.060691863,-0.019428052,1.3632823,1.9258187,-0.53852516,-3.7438555,-0.20312911,-0.66162497,1.1985257,0.30122012,-0.2000315,0.71853393,0.049980424,0.15203884,200.0,200.0,174.52653717456946,-200.0,-11.721525562592888,-200.0,200.0,-97.07570833296859,-200.0,-197.69559611086459,-200.0,200.0
336,1.1051112,-0.9762523,1.0222318,-0.3289319,-0.24777389,-0.91126937,1.0,0.0,0.0,-0.0678204,-0.53402525,-0.008130133,-0.11078644,0.04818499,-0.19633986,0.3578912,0.40490326,-0.3600647,0.24092388,0.014554918,-0.2120102,-0.24047117,-0.03469136,0.13753986,-0.090738036,-0.45985752,-1.019712,0.5699174,-0.52957314,-0.48235032,0.9633608,0.07578534,0.7587863,1.0206208,1.8213573,-1.5914446,-4.601081,-0.8760023,-0.62916756,0.80749327,0.83415335,-0.45464867,1.379457,0.7238146,0.800563,200.0,200.0,-200.0,-200.0,-112.648288183354,91.90530350107804,200.0,200.0,200.0,9.92434747815048,-4.943027767564615,-2.8308493331375075
337,0.79676235,-1.063891,0.42140868,-0.37264267,-0.27194136,-0.8872347,1.0,0.0,0.0,-0.08648945,-0.5293128,0.031202912,-0.13770175,-0.14793026,-0.34878215,0.48752198,0.31590915,-0.4412101,0.4327196,0.13411552,0.04227267,0.018486163,0.06796703,0.24951594,-0.18047245,-1.4080205,-0.6172056,0.63503283,-0.34853765,-0.3249084,0.95491153,1.023669,1.5793405,0.80522245,1.0860921,-2.2393007,-4.4068947,-0.57804006,-0.7901268,0.42755443,0.6053521,-0.32591432,1.5528245,0.50605583,0.39844075,200.0,200.0,-200.0,-200.0,-199.27261313630493,58.88233300326283,14.667208214957896,200.0,200.0,200.0,200.0,-3.6851655892207873
338,0.6287884,-1.0934911,0.41901755,-0.41508815,-0.2901021,-0.8622892,1.0,0.0,0.0,-0.059562597,-0.50728613,0.09308314,-0.19042993,-0.35185295,-0.49666354,0.54622346,0.2896718,-0.4709329,0.6278938,0.26773518,0.2456288,0.23631504,0.1421953,0.3605568,-0.32998937,-0.61415285,-0.64582646,0.021608556,0.045741014,-0.010740139,0.9917537,0.5165334,0.5541924,0.83283305,0.911771,-2.757,-4.289034,-0.38609624,-0.6658922,0.3649519,0.31584436,-0.59079564,1.372511,0.10678419,-0.066128455,200.0,200.0,-200.0,-200.0,200.0,60.518563174172186,-200.0,200.0,200.0,200.0,-42.461984418978034,-200.0
339,0.49753752,-0.4995148,0.29458573,-0.4450661,-0.30283508,-0.84273785,1.0,0.0,0.0,0.01827076,-0.4734113,0.16097987,-0.2742877,-0.3860163,-0.56279767,0.51641864,0.3032697,-0.4902776,0.8411988,0.26794225,0.24654788,0.52086383,0.1932242,0.33449087,-0.5007366,-0.0015663678,-0.2314949,-0.24852085,0.07212343,-0.14891602,1.0954849,-0.31691578,-0.44118938,0.55399907,1.2026349,-2.5428038,-4.639323,-0.7953942,-0.30375722,1.5621063,-0.31488484,-1.3390684,1.5713813,0.5031949,-0.3334044,200.0,200.0,-200.0,-200.0,6.043018589307003,26.85824513178204,-73.33814352755729,-44.775648779460944,-66.95758909291126,6.654030245709237,-33.67756535567668,-200.0
340,0.39831984,0.17625034,-0.42211103,-0.44739914,-0.32086474,-0.83479327,1.0,0.0,0.0,0.15855405,-0.43799695,0.21914428,-0.38808835,-0.4809758,-0.51772,0.5337097,0.2722276,-0.57415324,1.0680646,0.3027687,0.081273556,0.749,0.17853725,0.23701468,-0.67428935,-0.666648,0.44369555,0.36046922,-0.37642053,-0.6365008,1.1250595,0.4227255,-0.8866915,0.3658479,1.6574304,-2.1287053,-4.2330847,-1.0801939,0.04229995,1.6875985,-0.46825153,-0.46188176,1.3885119,1.0040743,-0.6805193,75.98719372102471,200.0,-200.0,-200.0,24.837864656571924,-1.9476422113548892,200.0,-200.0,-200.0,-83.52741157338278,-4.662423408801033,53.29263503444065
341,0.16474707,0.2690397,-0.70188254,-0.43255067,-0.34042037,-0.83487356,1.0,0.0,0.0,0.23868208,-0.39668044,0.24739003,-0.56209683,-0.6696417,-0.35455787,0.649045,0.12610355,-0.67546827,1.2634255,0.48456654,-0.15601069,0.2318672,0.2487547,0.10973159,-1.033898,-0.89088696,0.8565386,0.77520484,-1.0938725,-0.37418288,0.8543893,1.1116365,-1.1368922,0.55781716,1.5506431,-2.6518047,-3.6308105,-1.2710131,-0.072948076,0.61881274,0.21793775,0.66322446,1.3177876,0.5571026,0.2147235,11.592159388281772,200.0,-200.0,-200.0,70.64597808270616,-60.05537721420444,200.0,-200.0,200.0,-200.0,-52.88231901512995,87.06117354132107
342,-0.52497685,0.1559075,-0.3957652,-0.41840497,-0.3419702,-0.8414236,1.0,0.0,0.0,0.31016818,-0.32899144,0.29193336,-0.8076996,-0.8850228,-0.24745932,0.75781727,-0.0352703,-0.70221514,1.4088427,0.6011942,-0.28517458,0.40244243,0.39924714,0.2943603,-1.4132267,-0.8878073,0.3868496,0.36265498,-0.51138157,0.048357647,0.63838553,0.15059428,-0.23913518,0.847299,-0.08255221,-2.811298,-1.6518419,-1.122719,-1.0862486,-0.52928764,0.7854122,0.51251316,1.6727853,-0.36505827,1.2484431,118.7110518277612,200.0,-200.0,-200.0,162.3681849121782,-47.4097907706377,-200.0,200.0,200.0,-200.0,-200.0,200.0
343,-1.0136094,0.14774875,-0.27487805,-0.40904948,-0.32005927,-0.8545411,1.0,0.0,0.0,0.44291273,-0.25410214,0.35503218,-1.0968916,-0.97829026,-0.27861387,0.78541225,-0.04319756,-0.65252346,1.5251805,0.52507323,-0.23061083,0.82756484,0.33951202,0.22017264,-1.2979652,-0.30263367,-0.59903324,-0.06163894,0.37909627,0.41256052,0.5327086,-0.81237406,0.6992878,0.010765003,-0.4738688,-2.852506,-1.2489941,-0.9688349,-0.3449953,0.3352427,-0.41563517,0.15039141,1.7706653,0.8235184,0.7741092,14.932080481398089,11.212315944713794,-200.0,186.54256526466884,16.634978111909504,-200.0,-200.0,200.0,200.0,-200.0,-200.0,200.0
344,-0.9845918,0.46992213,0.29720068,-0.3980877,-0.28543654,-0.8718097,1.0,0.0,0.0,0.53753334,-0.19812196,0.33507916,-1.2914318,-0.98035496,-0.31729543,0.7357135,-0.047310878,-0.53313726,1.6233734,0.46989185,0.0131352525,0.19070104,0.25419948,-0.35846615,-0.673432,0.036739442,-0.05930518,-0.39220306,-0.3324344,0.7445782,0.44484797,0.168191,1.56427,-0.6001316,0.68278235,-1.6977398,-1.9058814,-0.6847472,0.6198676,1.5672952,-2.3551424,-0.01130949,1.5688415,1.1396725,-0.96167356,-200.0,-200.0,-200.0,200.0,-13.431944160045006,6.827406274942604,-200.0,-200.0,200.0,-144.16367107868666,200.0,32.62419324053735
345,-1.4428399,0.5650177,0.16905016,-0.38232082,-0.23893279,-0.892604,1.0,0.0,0.0,0.46281195,-0.0807411,0.2529642,-1.4652655,-0.8976715,-0.22167157,0.7451466,-0.2088931,-0.36279386,1.6962899,0.61265934,0.21698198,-0.8066751,0.9393406,-0.4697276,-0.889413,0.47320014,0.9218551,0.43224096,-1.1489066,0.84773237,0.32106197,1.0866001,0.56265026,0.51131666,-0.57265705,-1.1708524,0.60785294,-0.1366331,-0.1928325,0.25815958,-0.8454447,0.5713664,-0.04772137,-0.4333578,0.050002076,-200.0,200.0,-200.0,0.3875260797245801,-45.37359145658513,200.0,200.0,-200.0,-121.98316613301063,-200.0,33.05397378174371,-200.0
346,-1.3855394,0.83711785,0.5367638,-0.3593494,-0.18152292,-0.91537833,1.0,0.0,0.0,0.41531572,0.053787854,0.119176686,-1.5393022,-0.7014249,-0.14447823,0.79991025,-0.4137484,-0.1507433,1.7546214,0.72581184,0.21893275,0.17284282,0.38875696,-0.8808897,0.041088086,1.2083567,-0.028943647,0.12488105,-0.86870223,1.2195758,0.26408514,0.13743405,-0.3374907,1.3199112,-1.4727718,-0.9032061,2.2780533,0.6375469,-1.285029,-1.3508908,1.564705,-0.502589,-1.2277602,-0.83918595,1.7995219,85.0689035348322,-200.0,-200.0,200.0,-53.12853921810961,-135.5796253470129,-200.0,5.8957984248791035,200.0,-200.0,-200.0,-34.111659459463624
347,-1.4235342,1.0346284,0.1838131,-0.32572672,-0.124138206,-0.9372789,1.0,0.0,0.0,0.5419646,0.031125652,-0.12055153,-1.4362311,-0.3538503,-0.25889486,0.73287755,-0.4927188,0.024551988,1.8043422,0.6512831,0.26091865,0.94796747,-0.5704854,-1.4385562,0.90406114,2.0740693,-1.0132078,-0.72116727,-0.06833531,0.572919,0.23196797,-0.7904784,0.66418445,0.6062966,-1.6612242,0.07903546,2.071319,1.3637886,-1.603863,-0.6337804,0.8414412,-1.0957745,-2.2003605,-0.72214824,1.8073593,200.0,-200.0,-200.0,200.0,-9.571607242339724,-200.0,-200.0,200.0,-200.0,-200.0,-200.0,200.0
348,-0.9293354,0.7679888,0.2525961,-0.2927554,-0.07769675,-0.95302546,1.0,0.0,0.0,0.6939324,-0.12813649,-0.40236968,-1.2232145,0.15383273,-0.5628648,0.48677287,-0.44718778,0.075703144,1.8376404,0.3907532,0.50550425,0.6189007,-0.98462975,-1.364333,1.1835393,2.61811,-1.9275259,-1.6453794,0.45156103,0.01131688,0.11214769,-1.7245102,1.6792558,-0.26669943,-0.46939343,0.4213832,1.0527791,-0.02708178,-0.8033887,0.16771944,-0.62750787,0.020784333,-1.9152651,-0.26849198,0.94911325,-200.0,-200.0,200.0,200.0,-175.5159087907573,-200.0,-200.0,200.0,-200.0,-200.0,-200.0,200.0
349,-0.59770143,0.29203194,0.12785874,-0.27414942,-0.04733645,-0.9605214,1.0,0.0,0.0,0.7516555,-0.2531201,-0.67026407,-0.96544915,0.571195,-0.83495665,0.22088154,-0.42787015,0.079838514,1.8454748,0.14764994,0.7317464,0.113467336,-0.4464941,-1.319726,1.3525922,1.6467956,-0.8988212,-1.0932311,-0.18735458,0.014676021,-0.026260588,-0.90806687,0.68556094,0.1896281,0.6909038,-0.20883287,0.5386021,-1.1773546,0.37243578,1.1468996,-1.2481248,0.76349264,-2.0927927,0.1761078,0.37679687,-200.0,20.111021753370608,200.0,200.0,-200.0,200.0,200.0,-200.0,-134.5810462515924,-200.0,82.80273781871028,-200.0
350,-0.33615956,-0.45751765,0.4906847,-0.2794945,-0.026509503,-0.9597813,1.0,0.0,0.0,0.7353866,-0.25807074,-0.92772907,-0.68590736,0.79120135,-0.9053834,0.08855994,-0.53582674,0.16044694,1.8145629,0.075882554,0.75878334,-0.20371377,0.3005217,-1.2526667,1.4227313,0.65151656,0.090964966,-0.297173,-0.82639426,0.74506056,-0.26108548,0.09013751,-0.31302455,0.3585222,0.22843587,-1.5324179,0.8568156,-0.6549002,0.15219805,-0.16520105,0.6252468,-0.09831847,-2.7846975,0.4729977,1.027489,-200.0,200.0,200.0,200.0,-200.0,200.0,200.0,-200.0,200.0,-200.0,200.0,-200.0
351,-0.19548139,-0.83765167,0.77394766,-0.30550063,-0.009495729,-0.9521445,1.0,0.0,0.0,0.680567,-0.13466592,-1.1752436,-0.39809763,0.81200784,-0.7795076,-0.011205441,-0.6507057,0.26873797,1.7378055,0.18051451,0.80006635,-0.2770672,0.76032215,-1.2037705,1.4262556,-0.34256265,1.0713161,-0.4880056,-0.3991371,0.42895183,-0.47300807,0.6365011,0.4797217,0.47827157,-0.25953352,-1.9927785,-0.35745442,-0.19156599,-0.21910933,-1.3780301,0.7028032,-1.7886204,-2.4569623,-0.07184581,0.7408509,-200.0,-6.644409541599657,200.0,200.0,-200.0,200.0,175.8883368652272,200.0,-200.0,-200.0,-46.23082989329862,-3.9287716455338
352,-0.38202628,-0.6593149,1.1549233,-0.33318973,0.014118595,-0.9427541,1.0,0.0,0.0,0.6273095,-0.0405325,-1.4098411,-0.16321874,0.6399182,-0.5856282,-0.23277764,-0.67062896,0.2681228,1.6295367,0.20186496,0.80783814,-0.25743052,0.24295484,-1.1461939,0.96225137,-1.2837243,0.8080843,-1.6238765,0.16762872,-0.3688056,-0.5968141,-0.3261749,-0.1395778,1.0039042,0.42552924,-1.2293924,0.66807294,-0.29693592,0.44581065,-0.7841355,0.32273412,-1.2742676,-2.8765104,-0.808728,-0.2895933,-49.71920342748467,-200.0,-55.90788007866104,-200.0,-200.0,-78.28327669680425,-200.0,200.0,-200.0,-200.0,-200.0,-1.8713430555641253
353,-0.60257006,-0.8988292,-0.099382326,-0.36366948,0.03975335,-0.93067944,1.0,0.0,0.0,0.62270474,0.060004093,-1.6375632,0.025204062,0.3358572,-0.32336915,-0.51975876,-0.5831188,0.16717166,1.4997958,0.032895625,0.67158484,0.1900808,0.6816511,-1.1375886,0.90710276,-1.3841888,1.6076599,-1.2610794,0.6688222,-0.59724987,-0.6885256,-1.2652763,-1.132409,0.962434,0.70426494,-1.315637,2.054672,0.37691832,0.32071182,0.52332294,-0.19482864,-1.3487793,-4.582307,-0.11500067,1.0833222,200.0,97.91484088489403,200.0,200.0,120.92531661928842,-12.509445734909377,200.0,200.0,-200.0,-200.0,-200.0,-200.0
354,-0.3717809,-0.8345237,-0.8130131,-0.39734107,0.05009246,-0.9163028,1.0,0.0,0.0,0.71645653,0.23685183,-1.8687339,0.19441402,0.1645518,-0.09275404,-0.69491667,-0.45188478,0.041335642,1.345982,-0.10622555,0.54671144,0.6321609,0.9357762,-1.1772963,0.80094874,-0.4247713,0.90813917,-0.5359575,0.54693073,-0.635633,-0.8389104,-0.22795175,-0.20475344,1.157259,0.6264209,-0.35803825,2.686976,1.0678737,-0.33317724,-0.32827002,0.28016,-1.9322071,-6.289984,-0.5117194,2.2376497,-98.36408377857549,17.2591260648951,200.0,200.0,200.0,-83.50407518397583,200.0,-42.81277768043651,-200.0,-200.0,200.0,200.0
355,-0.060848974,-0.34806362,-1.3400003,-0.42096344,0.037883244,-0.9062862,1.0,0.0,0.0,0.87578464,0.37413704,-2.1135612,0.34177244,0.18461937,-0.016370835,-0.7309389,-0.31018978,-0.086477995,1.1619989,-0.22109693,0.6079718,0.8242227,0.49011293,-1.2382635,0.68108696,0.5285137,-0.041279964,0.11012038,0.78997225,-0.6178271,-1.0065622,-0.61737263,0.72508067,1.338289,0.46073097,1.1680543,3.5247474,0.9795997,-0.21096382,-0.92230713,1.0624017,-1.873921,-6.8883023,-1.2039906,2.640206,-200.0,-4.245265691458258,200.0,200.0,200.0,-200.0,200.0,200.0,-200.0,-200.0,34.04899495751897,200.0
356,0.2185607,0.41662258,-1.3436925,-0.41999087,0.011063609,-0.90746087,1.0,0.0,0.0,1.0352612,0.4161274,-2.3586347,0.46325672,0.38717622,-0.074445896,-0.7334674,-0.1346214,-0.21132773,0.9298929,-0.4449635,0.8492841,0.7154274,0.042955857,-1.1886569,0.5541765,1.2499443,-0.29150522,-0.0994777,0.90497655,-0.58909494,-1.3118563,-1.5055529,1.6059955,1.6132693,0.76166004,2.399942,3.7930546,1.0413735,-0.2996072,-1.134455,1.6287436,-1.9041601,-6.636299,-1.0420247,2.8576844,-104.1153442859204,24.322030743493485,200.0,200.0,-34.374365352506175,18.654055933905568,-200.0,200.0,-200.0,-200.0,-132.8793420116897,200.0
357,0.5543689,1.0839702,-1.291924,-0.39097923,-0.025676237,-0.92004126,1.0,0.0,0.0,1.2127922,0.4407859,-2.602255,0.5673088,0.6113981,-0.14990833,-0.77111244,0.047990564,-0.3044483,0.62041295,-0.6578315,1.2723159,0.9129407,0.13658524,-1.2071275,0.5052013,0.935149,-0.32264346,-0.29108605,0.9162534,-0.3316952,-1.7513361,-0.8348956,2.5417428,1.7704948,0.90274066,3.7694714,4.0393267,0.81200504,-0.5614844,-0.81657845,2.4680936,-1.5499417,-5.544903,-0.78178877,2.8391697,-92.65352341447067,200.0,200.0,200.0,-78.3078248526989,25.559230790626884,-200.0,200.0,-200.0,-200.0,69.8768989945213,200.0
358,0.95852137,1.7272184,-1.3074781,-0.33455,-0.074825324,-0.9394027,1.0,0.0,0.0,1.4075242,0.46395597,-2.8389204,0.6700765,0.70360506,-0.27487332,-0.7885674,0.23070645,-0.3336584,0.21431017,-0.7282638,1.7963299,0.8700628,0.08300926,-1.1192836,0.5208473,0.23848069,-0.6145232,-0.023642441,0.90406257,0.020038929,-2.2693796,-0.1247764,2.2944896,1.4174025,0.3934092,4.809515,4.3311386,1.2303932,-1.8585168,-0.70778257,3.8803961,-0.9520612,-4.3474503,-0.56324434,3.2106884,-145.85222534252864,200.0,200.0,200.0,-27.989269126582144,41.624206339919056,-27.896056800397865,200.0,-200.0,-200.0,24.650049996238096,-200.0
359,1.044803,2.2094758,-1.5782232,-0.25205052,-0.1301473,-0.95892245,1.0,0.0,0.0,1.5317558,0.44116572,-3.030471,0.7727958,0.8348847,-0.5001751,-0.7838657,0.46140653,-0.33785564,-0.15778363,-0.6024707,2.338889,0.41156647,-0.18577988,-0.82745165,0.51662767,0.8205598,-1.5459484,0.09263042,1.3194364,-0.022334708,-1.6263764,0.8978726,2.5162845,0.8575702,-0.21880229,5.009508,3.9112074,1.5736892,-3.1092763,-0.73484033,4.8324566,-0.4842738,-2.802716,-0.45683262,3.2099311,-200.0,80.16227173511881,200.0,200.0,2.116247111164853,-200.0,103.26588668290549,200.0,-200.0,-200.0,-200.0,-200.0
360,1.349659,2.7515545,-1.2153726,-0.14548756,-0.1884516,-0.9712463,1.0,0.0,0.0,1.5422082,0.3777531,-3.1636503,0.87748706,1.0633763,-0.9148023,-0.7545184,0.73505014,-0.30321234,-0.5526928,-0.52200526,2.7377615,-0.24913457,-0.39815566,-0.5441415,0.540922,1.1078908,-2.5080547,0.15419407,1.4159498,0.36635706,-2.2892225,0.14469129,1.5686977,0.87082016,-0.69211274,4.9007263,3.3036423,1.4637098,-3.9761972,-0.10023673,4.7036786,0.18361248,-1.7005349,-0.1741775,2.1594741,-200.0,-200.0,200.0,200.0,-86.80348714050274,-200.0,-110.46661163335723,200.0,-200.0,-200.0,-25.33003030278104,-200.0
361,1.400123,2.5465553,-1.1641604,-0.031370904,-0.24533603,-0.96893036,1.0,0.0,0.0,1.4281623,0.2803894,-3.2497203,0.99435246,1.2083464,-1.523168,-0.7099931,1.0196731,-0.17179894,-1.0610774,-0.4254431,2.9446976,-0.8501131,-0.545752,-0.36012027,0.6227283,0.55691516,-3.4814339,0.31295455,1.3914553,0.7829973,-2.6538122,0.5209822,0.59474206,0.67070633,-0.8271882,4.604483,2.2879992,1.2413446,-4.115851,-0.18159719,5.105024,0.81958354,0.040233985,-0.024535395,2.505687,-200.0,-200.0,200.0,200.0,-48.730681925759654,-200.0,200.0,200.0,-45.334657531981634,200.0,-18.338275794776337,-200.0
