step,obs_0,obs_1,obs_2,obs_3,obs_4,obs_5,obs_6,obs_7,obs_8,obs_9,obs_10,obs_11,obs_12,obs_13,obs_14,obs_15,obs_16,obs_17,obs_18,obs_19,obs_20,obs_21,obs_22,obs_23,obs_24,obs_25,obs_26,obs_27,obs_28,obs_29,obs_30,obs_31,obs_32,obs_33,obs_34,obs_35,obs_36,obs_37,obs_38,obs_39,obs_40,obs_41,obs_42,obs_43,obs_44,torque_0,torque_1,torque_2,torque_3,torque_4,torque_5,torque_6,torque_7,torque_8,torque_9,torque_10,torque_11,dof_pos_0,dof_pos_1,dof_pos_2,dof_pos_3,dof_pos_4,dof_pos_5,dof_pos_6,dof_pos_7,dof_pos_8,dof_pos_9,dof_pos_10,dof_pos_11,dof_vel_0,dof_vel_1,dof_vel_2,dof_vel_3,dof_vel_4,dof_vel_5,dof_vel_6,dof_vel_7,dof_vel_8,dof_vel_9,dof_vel_10,dof_vel_11
0,0.0,0.0,0.0,0.0,0.0,0.0,0.0,0.0,0.0,0.0,0.0,0.0,0.0,0.0,0.0,0.0,0.0,0.0,0.0,0.0,0.0,0.0,0.0,0.0,0.0,0.0,0.0,0.0,0.0,0.0,0.0,0.0,0.0,0.0,0.0,0.0,0.0,0.0,0.0,0.0,0.0,0.0,0.0,0.0,0.0,0.0,0.0,0.0,0.0,0.0,0.0,0.0,0.0,0.0,0.0,0.0,0.0,0.0,0.0,-0.8,1.6,-0.8,0.0,0.0,0.0,-0.8,1.6,-0.8,0.0,0.0,0.0,0.0,0.0,0.0,0.0,0.0,0.0,0.0,0.0,0.0,0.0
1,-4.236729e-06,-0.007948077,-1.6194454e-06,5.07107e-10,2.075827e-20,-1.0,1.0,0.0,0.0,-8.5621316e-08,-4.7636032e-08,-0.00014179945,0.00036466122,-0.00019103289,7.663264e-07,1.4361774e-08,3.0844507e-08,-0.00014168024,0.000364542,-0.00019103289,-3.4388776e-08,-4.2810657e-06,-2.3818018e-06,-0.007089533,0.018232439,-0.009552402,3.8316324e-05,7.180887e-07,1.5422255e-06,-0.007085928,0.018227074,-0.009551685,-1.7194388e-06,0.063118465,-0.33331612,0.6195747,-0.31397992,-1.1507593,0.08157993,-0.07831994,0.7041561,-0.19644365,0.49323922,-1.0955786,0.08636641,3.84750130436434e-16,-9.130233181599585e-16,2.4278254961984658e-06,7.5100796692595395e-06,1.6622490051076966e-06,2.167010487741222e-16,2.1397136408921143e-16,-6.625507892921531e-16,2.4278254961984658e-06,7.5100796692595395e-06,1.6622490051076966e-06,-7.920026883640448e-17,-8.5621316e-08,-4.7636032e-08,-0.8001418,1.6003647,-0.80019104,7.663264e-07,1.4361774e-08,3.0844507e-08,-0.8001417,1.6003646,-0.80019104,-3.4388776e-08,-8.5621316e-05,-4.7636033e-05,-0.14179066,0.36464876,-0.19104804,0.00076632644,1.43617735e-05,3.084451e-05,-0.14171857,0.36454147,-0.1910337,-3.4388777e-05
2,-0.18693848,-0.12538591,0.13490282,-0.0028553563,0.0041299765,-0.9999874,1.0,0.0,0.0,0.020883426,0.002907211,0.0068175793,0.01806748,-0.084766924,0.047989283,-0.023817968,0.012799791,-0.017099202,0.037816048,-0.1081993,0.06380082,0.12856577,0.033225875,0.078810014,0.12677325,-0.7706784,0.3025031,-0.108208016,0.11157483,-0.14088455,0.31938553,-0.97386116,0.4390936,-0.021345252,-0.41330275,0.172686,-0.25467044,-1.887205,-0.17602125,0.3333403,0.31023556,-0.6727686,0.6265784,-1.5610511,-0.11509938,186.27883660032455,200.0,-109.41721172625219,200.0,-200.0,-200.0,-200.0,-200.0,200.0,-200.0,-200.0,-200.0,0.020883426,0.002907211,-0.79318243,1.6180675,-0.88476694,0.047989283,-0.023817968,0.012799791,-0.8170992,1.6378161,-0.9081993,0.06380082,2.5713153,0.66451746,1.5762002,2.535465,-15.413568,6.050062,-2.1641603,2.2314966,-2.8176908,6.3877106,-19.477222,8.781872
3,-0.37382308,-0.07852694,0.03958686,-0.007581101,0.015629118,-0.99984914,1.0,0.0,0.0,0.012585126,0.017927587,0.03715849,0.032562375,-0.33481604,0.013932062,0.0028328355,0.046364535,-0.06463045,0.13153541,-0.39284962,0.05104748,-0.08229145,0.09864699,0.19298737,0.035708018,-1.639128,-0.39014837,0.34043556,0.21494055,-0.32881618,0.58092296,-1.7363175,-0.33950958,-0.30738592,-0.7570185,0.3410345,-0.5453662,-0.5084432,-0.9070734,0.6122617,-0.26345423,0.6503814,-0.40474617,0.020401707,0.11191235,200.0,200.0,-200.0,200.0,-200.0,-14.172528859593854,10.10689130492166,-200.0,93.22500680621769,-200.0,-200.0,-15.244204833112235,0.012585126,0.017927587,-0.7628415,1.6325624,-1.134816,0.013932062,0.0028328355,0.046364535,-0.86463046,1.7315354,-1.1928496,0.05104748,-1.6458288,1.9729397,3.8597472,0.7141603,-32.78256,-7.8029675,6.808711,4.298811,-6.5763235,11.618459,-34.72635,-6.790191
4,0.15221,-0.7311115,-0.09922331,-0.02256309,0.019552605,-0.9995542,1.0,0.0,0.0,-0.06697998,0.023384392,0.100018084,0.044230938,-0.5578998,-0.13210407,0.123921715,0.058707967,-0.09034824,0.2083782,-0.6351132,0.06187142,-0.59985775,-0.055478364,0.3921071,0.060819175,-0.7279908,-1.0337476,0.8249528,-0.052632928,0.035208978,0.23338942,-0.7827842,0.24836417,0.013947358,-0.62938255,-0.98893934,-0.9473855,0.7758523,-0.31519648,-0.18023391,-0.03651192,-0.18561108,-0.51734066,0.5660461,0.21758848,200.0,-200.0,200.0,-200.0,200.0,117.52630631652156,-200.0,-200.0,119.0791811040068,-200.0,200.0,-200.0,-0.06697998,0.023384392,-0.6999819,1.644231,-1.3578998,-0.13210407,0.123921715,0.058707967,-0.89034826,1.8083782,-1.4351132,0.06187142,-11.997155,-1.1095673,7.842142,1.2163835,-14.559816,-20.674952,16.499056,-1.0526586,0.7041795,4.6677885,-15.655684,4.9672832
5,0.53732866,-0.15667312,-0.074600935,-0.04115976,0.0037108704,-0.9991457,1.0,0.0,0.0,-0.13572805,-0.011635868,0.14821911,0.049146652,-0.6001968,-0.25304154,0.23832564,0.033995587,-0.097851574,0.23657525,-0.6838234,0.113270566,-0.15367179,-0.23510583,0.11020946,0.031224553,0.19095416,-0.5015351,0.36148438,-0.17289469,-0.072713844,0.060252067,0.19561686,0.22622946,1.1412928,0.86686236,-0.7622741,-1.6618178,1.0400859,0.73220026,-1.2521068,1.1208904,-1.0693086,-0.55117434,0.34615108,0.1540846,-200.0,5.249384751711062,-119.04304649678645,-200.0,200.0,-42.02388507038984,200.0,-200.0,-200.0,-200.0,200.0,-162.51157745991628,-0.13572805,-0.011635868,-0.6517809,1.6491467,-1.4001968,-0.25304154,0.23832564,0.033995587,-0.8978516,1.8365753,-1.4838234,0.113270566,-3.0734355,-4.7021165,2.204189,0.62449104,3.8190832,-10.030703,7.229687,-3.4578936,-1.4542768,1.2050413,3.912337,4.524589
6,-0.07683,0.48446938,-0.05843165,-0.033359423,-0.0043361215,-0.999434,1.0,0.0,0.0,-0.10845426,-0.026575109,0.1503275,0.041693687,-0.45707613,-0.24386036,0.2578176,0.028396975,-0.13989347,0.23561358,-0.5369726,0.13003564,0.37524658,0.053967144,-0.06315598,-0.10336017,1.1525933,0.48678023,-0.117668785,0.09169355,-0.32526278,-0.06202128,1.1756777,0.045744073,-0.40624112,0.47094342,0.6724985,-0.9004827,0.3767751,0.7608005,-0.16416597,0.047879495,1.1167096,0.22576818,-0.23765583,-0.12450784,-200.0,200.0,-200.0,-200.0,200.0,1.8522198669796452,200.0,200.0,-200.0,-200.0,200.0,200.0,-0.10845426,-0.026575109,-0.6496725,1.6416937,-1.2570761,-0.24386036,0.2578176,0.028396975,-0.9398935,1.8356136,-1.3369726,0.13003564,7.5049314,1.0793428,-1.2631196,-2.0672033,23.051865,9.735604,-2.3533757,1.833871,-6.5052557,-1.2404256,23.513552,0.9148814
7,-0.1642675,-0.058805645,0.7283142,-0.026110196,0.0019159463,-0.9996572,1.0,0.0,0.0,-0.09001054,-0.011952875,0.17870975,-0.016212344,-0.18511784,-0.04302667,0.1779761,0.058908008,-0.17779976,0.21971953,-0.37491947,0.06752092,-0.14030735,0.07872145,0.3136377,-0.4454978,1.2239642,1.4274601,-0.6075921,0.17278856,-0.07547823,-0.08492054,0.3895132,-0.40871856,-0.1681137,-0.41052923,0.26755738,0.06931062,-1.1385065,0.3138766,0.2366667,-0.23780447,1.1900594,0.60222465,-1.0137149,-0.17444947,-133.13805376184996,-187.70767999249952,200.0,93.57644052146385,-195.54283941136094,18.5926133593577,-200.0,200.0,200.0,-200.0,-101.35687586783001,200.0,-0.09001054,-0.011952875,-0.62129027,1.5837877,-0.98511785,-0.04302667,0.1779761,0.058908008,-0.9777998,1.8197196,-1.1749195,0.06752092,-2.806147,1.5744289,6.272754,-8.909956,24.479284,28.549202,-12.151842,3.4557712,-1.5095646,-1.6984107,7.7902637,-8.174371
8,0.4103013,-0.5161052,0.29280758,-0.036503363,-0.0038820445,-0.999326,1.0,0.0,0.0,-0.12088347,-0.03832581,0.20743692,-0.026623726,-0.16862512,0.14648275,0.11231095,0.06025153,-0.17285693,0.21418667,-0.40553612,-0.036271367,-0.13274412,-0.28549826,0.11389873,0.15972163,-0.6115089,1.1090304,-0.098138295,-0.13118377,0.12163099,0.025437785,-0.5970042,-0.41404858,0.4936884,0.25700328,-1.1386735,-0.07129167,-0.47627938,-0.0015200526,1.222357,0.14201531,-0.38724104,0.33558133,-0.201342,0.059352964,200.0,-200.0,200.0,200.0,-200.0,200.0,70.61718327837791,-200.0,128.96631540278602,200.0,-200.0,200.0,-0.12088347,-0.03832581,-0.5925631,1.5733763,-0.9686251,0.14648275,0.11231095,0.06025153,-0.97285694,1.8141867,-1.2055361,-0.036271367,-2.6548822,-5.709965,2.2779746,3.1944325,-12.230178,22.180607,-1.9627658,-2.6236753,2.4326198,0.5087557,-11.9400835,-8.280972
9,-0.2762942,0.06610282,-0.45333904,-0.04380672,-0.005118721,-0.9990269,1.0,0.0,0.0,-0.082832016,-0.05702828,0.21060824,-0.0013648272,-0.32503408,0.26076016,0.15308315,0.05478809,-0.18986231,0.24280226,-0.41906506,-0.023975765,0.45099503,0.061518557,-0.05585537,0.09051945,-0.7775017,0.13090283,0.4462315,0.056494266,-0.22451834,0.2001257,0.27270433,0.27775916,-0.31414002,0.75167066,-0.13347436,-1.9808022,-0.45260334,-0.6419929,-0.3705927,1.1703271,-0.44934645,0.31049174,-0.12762497,0.8995814,200.0,110.64476720507488,-3.4932428354518947,-200.0,-31.040690337726005,-200.0,200.0,200.0,-200.0,-200.0,200.0,-200.0,-0.082832016,-0.05702828,-0.58939177,1.5986352,-1.1250341,0.26076016,0.15308315,0.05478809,-0.9898623,1.8428023,-1.2190651,-0.023975765,9.0199,1.2303711,-1.1171074,1.810389,-15.550034,2.6180565,8.92463,1.1298853,-4.490367,4.002514,5.454087,5.5551834
10,-0.85017186,0.49993345,0.16926861,-0.030801341,0.018743562,-0.9993498,1.0,0.0,0.0,-0.053119645,-0.020610832,0.18564826,0.0014888048,-0.435826,0.1758724,0.18342473,0.09618965,-0.25970918,0.28089142,-0.32535344,0.13516685,-0.094543435,0.27667114,-0.1698205,-0.05956903,-0.16595757,-0.8764958,-0.087790065,0.3343325,-0.40441296,0.14254163,0.4320213,1.2192054,-0.48247457,-1.6046623,0.49757445,0.10107778,-4.258752e-05,0.33570704,-0.9499229,-1.3060368,1.255185,-0.46250695,-0.04945252,0.011499248,-200.0,200.0,3.8030465174929873,-91.07327850022305,-36.64095867131101,200.0,-200.0,200.0,-200.0,-200.0,200.0,-200.0,-0.053119645,-0.020610832,-0.61435175,1.6014888,-1.235826,0.1758724,0.18342473,0.09618965,-1.0597092,1.8808914,-1.1253535,0.13516685,-1.8908687,5.533423,-3.39641,-1.1913806,-3.3191514,-17.529915,-1.7558012,6.68665,-8.088259,2.8508327,8.640426,24.384108
11,-0.058578514,-0.043117616,0.9176192,-0.021844987,0.035654366,-0.9991254,1.0,0.0,0.0,-0.13707992,-0.004334017,0.16906655,0.0039339066,-0.36536974,0.10762094,0.10790426,0.14184721,-0.2948467,0.2786857,-0.23209637,0.2732588,-0.6574836,-0.07580157,-0.008859843,0.062111914,0.7214849,0.09762498,-0.6151123,0.14377044,0.016093595,-0.12903748,0.39860758,0.25849947,0.6329379,-0.63299286,0.23838045,-0.25318742,-0.96355015,0.9037,0.075076,-0.2836816,0.9985649,-0.33968884,-0.37218153,-0.81940484,-200.0,-200.0,200.0,-200.0,-34.48485244858148,-200.0,-90.52257370331483,-200.0,200.0,142.25221081737604,71.11650906990792,200.0,-0.13707992,-0.004334017,-0.63093346,1.6039339,-1.1653697,0.10762094,0.10790426,0.14184721,-1.0948467,1.8786857,-1.0320964,0.2732588,-13.149672,-1.5160315,-0.17719686,1.2422383,14.429698,1.9524996,-12.302246,2.8754086,0.32187188,-2.5807495,7.9721513,5.1699896
12,0.45916024,-0.4522735,0.25930804,-0.031675357,0.027214412,-0.9991276,1.0,0.0,0.0,-0.20836124,-0.044548463,0.18847716,-0.007834911,-0.3261301,0.23514906,0.04064792,0.13760257,-0.2559108,0.22312403,-0.24622864,0.22220851,-0.10874655,-0.3170086,0.11188578,0.054097433,-0.15492025,0.95366365,-0.11199697,-0.1599372,0.33601376,-0.40529594,-0.2671487,-0.6755821,1.162471,0.58869207,-0.9171489,-0.8207944,-1.2277813,0.42099524,1.2422785,0.35505396,-0.81412864,0.41567883,-0.7004307,-0.246941,200.0,-200.0,200.0,-200.0,6.695866467210067,-200.0,200.0,-200.0,-49.5018128948539,-200.0,-200.0,200.0,-0.20836124,-0.044548463,-0.61152285,1.5921651,-1.1261301,0.23514906,0.04064792,0.13760257,-1.0559108,1.823124,-1.0462286,0.22220851,-2.174931,-6.3401723,2.2377155,1.0819486,-3.098405,19.073273,-2.2399395,-3.198744,6.7202754,-8.105919,-5.3429737,-13.5116415
13,-0.2595345,0.15606731,-0.5068782,-0.03635648,0.02431993,-0.9990429,1.0,0.0,0.0,-0.16864812,-0.067501985,0.19638193,0.0015254021,-0.4516613,0.33321464,0.07729884,0.13065511,-0.23012441,0.17078197,-0.37795,0.04327575,0.4495964,0.046299357,-0.018087158,0.06518093,-0.99686736,0.4250481,0.42613506,0.061884373,-0.04081051,-0.14241754,-0.9137484,-0.9765302,-0.5816061,0.610735,-0.091712594,-0.24122025,-0.48875487,-0.43216315,-0.57157964,0.5442527,-0.061245028,1.3456588,-0.36077964,0.7903162,200.0,200.0,-200.0,200.0,-200.0,-200.0,200.0,200.0,-200.0,-200.0,-200.0,200.0,-0.16864812,-0.067501985,-0.6036181,1.6015254,-1.2516613,0.33321464,0.07729884,0.13065511,-1.0301244,1.770782,-1.17795,0.04327575,8.991928,0.9259871,-0.36174315,1.3036186,-19.937347,8.500962,8.522701,1.2376875,-0.8162102,-2.8483505,-18.274967,-19.530603
14,-0.74233586,0.13586982,-0.14296377,-0.030926568,0.04491286,-0.9985121,1.0,0.0,0.0,-0.13745797,-0.038796153,0.19282681,0.00032544136,-0.5640618,0.3077503,0.09639945,0.17735828,-0.23343438,0.15453887,-0.46384746,-0.048677787,-0.084703214,0.22428858,-0.01567234,-0.05379029,-0.16889192,-0.5808246,-0.17945178,0.37786624,0.010765601,-0.02946431,-0.0105072,-0.035994127,-0.5765631,-1.507109,0.15967132,-0.30153102,-0.14329185,-0.26974005,-0.60582656,-1.2532395,1.1240089,-0.11599005,0.9288619,0.93154365,-200.0,200.0,200.0,200.0,200.0,200.0,-200.0,200.0,-200.0,-200.0,200.0,-200.0,-0.13745797,-0.038796153,-0.6071732,1.6003255,-1.3640618,0.3077503,0.09639945,0.17735828,-1.0334344,1.7545389,-1.2638475,-0.048677787,-1.6940643,4.4857717,-0.31344676,-1.0758058,-3.3778384,-11.616492,-3.5890355,7.557325,0.21531202,-0.5892862,-0.210144,-0.71988255
15,-0.044960372,-0.038005963,0.432968,-0.028700454,0.05931099,-0.9978269,1.0,0.0,0.0,-0.22378333,-0.02654592,0.19522,-0.023306966,-0.49416894,0.1286182,0.0011754055,0.2270549,-0.19361109,0.11332166,-0.36078936,0.0523323,-0.6773023,-0.071718186,0.014654725,-0.14844747,0.68972224,-0.8750863,-0.72357076,0.1401944,0.35525805,-0.3464917,0.9470162,0.9473495,0.56007403,-0.47309554,-0.3384214,-0.015006885,-0.9959445,0.9461559,0.31414497,-0.47793013,-0.8228302,-0.60201675,-1.0246717,-0.40679663,-200.0,-200.0,200.0,-153.4701197096382,200.0,200.0,-85.56014134001077,-200.0,-87.04060612791031,-200.0,62.97448584027927,76.61125168267279,-0.22378333,-0.02654592,-0.60478,1.576693,-1.294169,0.1286182,0.0011754055,0.2270549,-0.9936111,1.7133217,-1.1607894,0.0523323,-13.546046,-1.4343637,0.2930945,-2.9689493,13.794444,-17.501726,-14.4714155,2.803888,7.1051607,-6.929834,18.940323,18.94699
16,0.6209325,0.39141053,-0.20594642,-0.019249396,0.046979297,-0.9987104,1.0,0.0,0.0,-0.2991937,-0.0593719,0.15995651,-0.01811266,-0.45220643,0.075724356,-0.07139145,0.21623793,-0.16057062,0.052871704,-0.27671796,0.12393858,-0.13110058,-0.24859138,-0.29168722,0.09829218,-0.1896676,0.22714381,-0.06921512,-0.20219724,-0.08793266,-0.0577767,-0.013758904,-0.23285304,0.94255745,0.44641837,1.412459,0.6205078,-0.48281413,0.7476013,0.65382,-0.07734101,0.04481403,0.56220514,-0.5857043,-0.5200824,200.0,-200.0,-200.0,-200.0,-200.0,-200.0,200.0,-200.0,-200.0,-198.76359280262923,-200.0,200.0,-0.2991937,-0.0593719,-0.6400435,1.5818874,-1.2522064,0.075724356,-0.07139145,0.21623793,-0.96057063,1.6528717,-1.076718,0.12393858,-2.6220117,-4.9718275,-5.833744,1.9658436,-3.793352,4.5428762,-1.3843024,-4.043945,-1.7586532,-1.155534,-0.27517807,-4.6570606
17,0.46572962,-0.20167491,-0.92971766,-0.017577056,0.025189659,-0.99952817,1.0,0.0,0.0,-0.2553203,-0.10216152,0.121963024,0.015172362,-0.46521097,0.22477345,-0.024665717,0.16503608,-0.16440815,0.059577823,-0.35920542,-0.022643724,0.50507253,-0.18763463,-0.09825305,0.22254904,-0.04158419,1.075759,0.48756266,-0.30231416,0.039934408,0.10592879,-0.49392292,-1.0295414,-0.11496406,0.5171456,1.0207078,-1.0765574,0.061308175,-0.43543494,-0.4399237,1.1983261,-0.07880126,0.23817542,-0.5159405,0.4129975,200.0,-200.0,200.0,200.0,38.35076480810119,-6.635132893568652,200.0,200.0,200.0,200.0,6.678825048354938,23.6998723018296,-0.2553203,-0.10216152,-0.678037,1.6151724,-1.265211,0.22477345,-0.024665717,0.16503608,-0.96440816,1.6595778,-1.1592054,-0.022643724,10.10145,-3.7526927,-1.965061,4.4509807,-0.83168375,21.51518,9.751253,-6.0462832,0.7986881,2.1185758,-9.878458,-20.590826
18,-0.20461877,-0.55011547,-0.32295182,-0.034550883,0.020742342,-0.99918765,1.0,0.0,0.0,-0.19445516,-0.11350791,0.14110208,0.023041248,-0.36992472,0.3308291,0.007837556,0.14268705,-0.14219093,0.097486734,-0.4162739,-0.12462228,0.20801826,0.059203178,0.24528702,-0.11019355,0.8535677,0.08668908,-0.0920564,0.038390394,0.15335046,0.23956242,-0.21809891,-0.0844089,-1.1317971,0.03706986,-0.7031582,-1.023138,-0.8185426,-0.9232812,-0.595976,0.5021668,-0.9157763,-0.42439833,0.32763374,1.1157473,-200.0,200.0,-12.94375166656647,58.51804184773047,20.077586953928716,200.0,-54.64953018491781,200.0,200.0,-200.0,80.6941490673388,-200.0,-0.19445516,-0.11350791,-0.65889794,1.6230413,-1.1699247,0.3308291,0.007837556,0.14268705,-0.94219095,1.6974868,-1.2162739,-0.12462228,4.160365,1.1840636,4.9057403,-2.203871,17.071354,1.7337815,-1.841128,0.76780784,3.067009,4.7912483,-4.361978,-1.6881781
19,-0.58776283,0.14783852,0.45190087,-0.040673926,0.038413253,-0.9984338,1.0,0.0,0.0,-0.21642171,-0.080859825,0.16615188,-0.004797697,-0.30400962,0.2304103,-0.067776054,0.17561652,-0.13155824,0.12843692,-0.35141104,-0.03800465,-0.36468968,0.2156683,0.016246488,-0.10666789,-0.086663805,-1.0168526,-0.61228913,0.25710854,-0.017540064,0.085519366,0.7693805,0.8563051,0.022079254,-0.8274424,-0.2283638,-0.231748,-1.029654,-0.028277762,0.88262945,-0.5165366,-0.24372682,-0.9967529,-0.18327641,0.008048363,-200.0,200.0,-200.0,-200.0,200.0,200.0,-200.0,39.16872347840231,-200.0,-200.0,-200.0,-200.0,-0.21642171,-0.080859825,-0.63384813,1.5952023,-1.1040096,0.2304103,-0.067776054,0.17561652,-0.93155825,1.728437,-1.151411,-0.03800465,-7.2937937,4.313366,0.32492974,-2.1333578,-1.7332761,-20.337051,-12.245783,5.142171,-0.35080126,1.7103872,15.3876095,17.126102
20,0.018581936,0.56384027,-0.19655174,-0.024160389,0.048779964,-0.9985173,1.0,0.0,0.0,-0.23727195,-0.059552368,0.15029305,-0.0114450455,-0.40365356,0.11483479,-0.12167335,0.19458559,-0.15040082,0.12416053,-0.26824766,0.0373537,0.11123266,0.017240653,-0.14688031,0.011773507,-0.8503647,-0.33542237,0.0012701899,-0.039157633,-0.13397047,-0.12170106,0.35539857,0.06892404,0.91632533,-0.7930654,0.9098637,0.58216065,-0.67451555,1.028876,0.2592696,-0.750144,0.20654282,-0.6308903,-1.0039506,-0.7032495,200.0,-200.0,77.67425330815712,-200.0,-200.0,-200.0,200.0,-200.0,-200.0,-200.0,-200.0,59.454433745911956,-0.23727195,-0.059552368,-0.64970696,1.588555,-1.2036536,0.11483479,-0.12167335,0.19458559,-0.9504008,1.7241606,-1.0682477,0.0373537,2.2246532,0.34481305,-2.937606,0.23547015,-17.007294,-6.708447,0.025403798,-0.78315264,-2.6794093,-2.4340212,7.107971,1.3784808
21,0.5449632,-0.09989359,-0.8427512,-0.017417157,0.036250137,-0.999191,1.0,0.0,0.0,-0.15109049,-0.08407088,0.13829446,0.0053424835,-0.5048569,0.15812887,-0.067064546,0.1542351,-0.13932943,0.06951094,-0.30512255,-0.052575298,0.69332314,-0.2367667,0.020584848,0.14366855,-0.37480178,0.66772527,0.50052595,-0.3347306,0.21594758,-0.40257487,-0.6253323,-0.8747026,-0.59395695,0.8357429,0.8754079,-0.16164298,0.004357755,-0.09601788,-0.39369506,1.0400208,0.1634669,0.5322641,-0.26755604,0.10429504,200.0,-200.0,200.0,-200.0,-200.0,-200.0,200.0,-200.0,200.0,200.0,37.71299049468888,200.0,-0.15109049,-0.08407088,-0.66170555,1.6053425,-1.3048569,0.15812887,-0.067064546,0.1542351,-0.93932945,1.669511,-1.1051226,-0.052575298,13.866463,-4.735334,0.41169694,2.873371,-7.4960356,13.354505,10.010519,-6.6946115,4.3189516,-8.051497,-12.506646,-17.494051
22,-0.04992132,-0.7737245,-0.29267877,-0.03691276,0.026741335,-0.9989606,1.0,0.0,0.0,-0.06771048,-0.10643916,0.188856,-0.0036268234,-0.47512192,0.18156953,-0.050091516,0.13766968,-0.08682805,0.045258164,-0.3365788,-0.12789397,0.19169742,-0.0021220564,0.43162498,-0.19669768,0.5770959,-0.3327371,-0.22733434,0.07944029,0.31130657,0.057909396,0.12044474,0.045261502,-1.1638031,0.37711942,-0.74609953,-0.02735205,-0.7285602,-0.76096046,-0.55527,0.50776356,-1.0358421,0.047116347,-0.17117143,0.81273973,-200.0,200.0,200.0,200.0,40.572614925424844,200.0,-200.0,200.0,200.0,-157.63231211102016,200.0,-200.0,-0.06771048,-0.10643916,-0.611144,1.5963732,-1.2751219,0.18156953,-0.050091516,0.13766968,-0.88682806,1.6452582,-1.1365788,-0.12789397,3.8339484,-0.042441126,8.6325,-3.9339535,11.541918,-6.654742,-4.5466866,1.5888057,6.226131,1.1581879,2.4088948,0.90523005
23,-0.5564019,-0.08970426,0.439626,-0.052264575,0.039599694,-0.9978478,1.0,0.0,0.0,-0.092516676,-0.0846009,0.23772454,-0.019606113,-0.46335882,0.006336148,-0.15160273,0.17908944,-0.049167693,0.059093356,-0.2822736,-0.015171947,-0.36967465,0.2020413,0.07599733,0.12812331,-0.32461196,-1.2219125,-0.72355866,0.316966,0.10941837,0.07041081,0.24834886,0.9881269,-0.036685005,-0.6637741,-0.5603521,-0.78126746,-0.93007845,0.35584465,0.9017328,-1.0509938,-0.67154217,-0.9601297,-0.16358095,-0.22035778,-152.14190109203287,200.0,-200.0,-92.83481003566595,-26.24605678053271,200.0,-200.0,200.0,-200.0,35.53963085542699,-200.0,-200.0,-0.092516676,-0.0846009,-0.56227547,1.5803939,-1.2633588,0.006336148,-0.15160273,0.17908944,-0.8491677,1.6590934,-1.0822736,-0.015171947,-7.3934927,4.040826,1.5199466,2.5624661,-6.492239,-24.43825,-14.471173,6.3393197,2.1883674,1.4082161,4.966977,19.762537
24,0.064249106,0.46991202,-0.15534008,-0.04320567,0.048513494,-0.9978876,1.0,0.0,0.0,-0.12168523,-0.06751842,0.23448461,-0.0027897358,-0.59190685,-0.124746546,-0.22186112,0.20940153,-0.05668938,0.06658971,-0.22302121,0.06388403,0.046333626,-0.0073998324,-0.09700852,0.054397352,-0.86649,-0.19129187,-0.05270321,0.02800853,-0.15579851,-0.005092175,0.144617,-0.066822305,0.8495938,-0.55797166,0.8266848,-0.6487937,-0.70591664,0.92191553,0.7310632,-0.63428235,0.15733236,-0.56193095,-0.21990903,-0.7129514,200.0,-200.0,-200.0,-200.0,-43.11258334095314,-200.0,172.01630987855097,-200.0,-200.0,-200.0,-200.0,200.0,-0.12168523,-0.06751842,-0.5655154,1.5972103,-1.3919069,-0.124746546,-0.22186112,0.20940153,-0.8566894,1.6665897,-1.0230212,0.06388403,0.9266725,-0.14799665,-1.9401703,1.087947,-17.3298,-3.8258374,-1.0540642,0.5601706,-3.1159701,-0.101843506,2.89234,-1.336446
25,0.5291018,-0.255973,-0.880585,-0.041417036,0.034987595,-0.9985292,1.0,0.0,0.0,-0.051269602,-0.08869061,0.2564106,-0.018274903,-0.7354054,-0.04599869,-0.18647236,0.18895556,-0.052234292,0.046592236,-0.21803874,-0.05249853,0.5983691,-0.18263657,0.26719567,-0.17815854,-0.44899186,0.8706231,0.3640351,-0.20368937,0.16732647,-0.19271575,0.00054104696,-0.9489274,-0.7176575,0.9680074,0.6738711,-0.57293636,0.21485661,-0.042904735,-0.13415532,0.7708966,0.157896,0.874331,-0.08127145,0.48364434,200.0,-200.0,200.0,-200.0,-5.290978150358061,-200.0,200.0,-200.0,200.0,-200.0,200.0,200.0,-0.051269602,-0.08869061,-0.5435894,1.5817251,-1.5354054,-0.04599869,-0.18647236,0.18895556,-0.8522343,1.6465923,-1.0180387,-0.05249853,11.967382,-3.6527314,5.3439136,-3.5631707,-8.979837,17.412462,7.2807016,-4.073787,3.3465292,-3.854315,0.010820939,-18.978548
26,-0.23262179,-0.8350495,-0.19825116,-0.065963596,0.029484173,-0.99738634,1.0,0.0,0.0,0.013233548,-0.09608123,0.32936123,-0.05436158,-0.749425,0.033065148,-0.1599343,0.1782498,0.0046476126,0.025908828,-0.17654514,-0.13772467,0.10529287,0.07761425,0.4180697,-0.1729701,0.23758836,0.0064957156,0.05057442,0.06153978,0.33158776,-0.0140531035,0.20682323,0.0057391226,-1.2371805,0.4242026,-1.0753906,-0.06160602,-0.13854893,-0.3968848,-0.4789986,0.2496256,-1.2153699,0.27473125,-0.24637489,0.9234544,-3.6383189809844865,200.0,-8.423107888686673,200.0,-16.111090118843038,200.0,-200.0,200.0,200.0,-200.0,200.0,-200.0,0.013233548,-0.09608123,-0.47063878,1.5456384,-1.549425,0.033065148,-0.1599343,0.1782498,-0.7953524,1.6259089,-0.97654516,-0.13772467,2.1058574,1.552285,8.361394,-3.459402,4.751767,0.12991431,1.0114883,1.2307956,6.631755,-0.28106207,4.1364646,0.11478245
27,-0.5132927,-0.22035618,0.5308841,-0.085381195,0.046578236,-0.99525905,1.0,0.0,0.0,-0.02373001,-0.07035634,0.37473363,-0.06446004,-0.6015398,-0.06520909,-0.20108901,0.20627269,0.036215067,0.058095455,-0.19177592,-0.030601615,-0.41453382,0.14876407,0.09382115,0.01725885,0.98289645,-0.7113595,-0.41199848,0.17451991,0.018629465,0.29643703,-0.113425866,0.97187376,0.4647612,-1.3865272,-0.85642165,-0.60154134,-0.8471176,0.116580635,0.07997815,-1.0108417,-0.6662853,-1.2137806,-0.25058812,-0.24381143,-200.0,-76.35018712454755,-200.0,175.69140385592516,2.258730990963855,200.0,-200.0,200.0,-200.0,-1.090940707976884,-31.39631527909171,32.06660533657612,-0.02373001,-0.07035634,-0.42526639,1.53554,-1.4015398,-0.06520909,-0.20108901,0.20627269,-0.76378495,1.6580955,-0.99177593,-0.030601615,-8.290676,2.9752815,1.876423,0.345177,19.657928,-14.22719,-8.239969,3.4903982,0.3725893,5.9287405,-2.2685173,19.437475
28,0.11177169,0.34295717,-0.12592816,-0.08123977,0.05390674,-0.99523574,1.0,0.0,0.0,-0.055053208,-0.063312344,0.37287727,-0.065219045,-0.5119439,-0.09677555,-0.21434727,0.21656714,0.0132472515,0.09712088,-0.21139771,0.060556784,0.065337405,-0.05774333,-0.09843,0.0005946745,0.017992271,0.29549035,0.21485041,-0.049897674,-0.2281482,0.114677005,-0.08167991,0.034040205,0.70733386,-0.0034079514,0.6479676,-0.58166796,0.16326137,0.33841494,0.87351257,0.052024044,-0.11195192,-1.4065449,0.07796066,-0.7327969,200.0,-200.0,-200.0,-200.0,3.5645564253372584,-200.0,200.0,-200.0,-200.0,-200.0,-200.0,200.0,-0.055053208,-0.063312344,-0.42712274,1.534781,-1.3119439,-0.09677555,-0.21434727,0.21656714,-0.78675276,1.6971209,-1.0113977,0.060556784,1.306748,-1.1548666,-1.9686,0.011893489,0.3598454,5.9098067,4.297008,-0.9979535,-4.562964,2.29354,-1.6335982,0.6808041
29,0.13911514,0.013548236,-0.51843476,-0.07568213,0.04814101,-0.9959692,1.0,0.0,0.0,0.029056376,-0.05979448,0.38315475,-0.095798254,-0.4059121,0.033909537,-0.11174445,0.19390385,-0.020641088,0.095187545,-0.14171791,-0.035632346,0.6915471,0.07392418,0.15832965,-0.25948215,0.9453381,0.68479306,0.75901425,-0.16785325,-0.116680674,-0.108315304,0.47634655,-0.9031831,-0.6178076,0.32679233,0.4859374,0.17806141,0.10235034,-0.22773778,-0.86686826,0.1941944,0.5672576,0.37386608,0.1214804,0.7772087,200.0,-133.5235918746442,-58.380682641854236,-200.0,-31.27861751159992,-200.0,200.0,54.37109912046842,200.0,-200.0,200.0,-72.74473547760067,0.029056376,-0.05979448,-0.41684526,1.5042018,-1.2059121,0.033909537,-0.11174445,0.19390385,-0.8206411,1.6951876,-0.9417179,-0.035632346,13.830941,1.4784836,3.1665928,-5.189643,18.906761,13.695861,15.1802845,-3.357065,-2.3336134,-2.166306,9.526931,-18.063662
30,-0.26209438,-0.3554816,0.037249394,-0.08374444,0.05160368,-0.9951502,1.0,0.0,0.0,0.11674937,-0.028368501,0.41593626,-0.12590408,-0.23136562,0.060284752,-0.02654059,0.18026724,-0.023160756,0.092188954,-0.05213505,-0.11203592,0.23099779,0.21394157,0.16007204,-0.053507037,0.73071736,-0.3211701,0.15762624,9.0150075e-05,0.06231289,0.06048522,0.37514275,0.04649071,-0.8266556,-0.558043,-1.198985,0.5413831,-0.90711814,-0.12902373,-0.54190755,0.602832,-0.047596563,0.18356258,-0.6479487,0.6941261,-200.0,40.2103303528219,200.0,200.0,-29.332789457134425,200.0,-200.0,200.0,-15.570356665102508,200.0,-65.77896465369452,-200.0,0.11674937,-0.028368501,-0.38406375,1.474096,-1.0313656,0.060284752,-0.02654059,0.18026724,-0.82316077,1.692189,-0.85213506,-0.11203592,4.6199555,4.2788315,3.2014408,-1.0701407,14.614347,-6.423402,3.1525247,0.0018030015,1.2462578,1.2097044,7.502855,0.9298142
31,-0.23936145,0.10728582,0.46893242,-0.08662775,0.06266536,-0.99426794,1.0,0.0,0.0,0.089587584,-0.011295473,0.40897864,-0.09165084,-0.2063902,-0.003773271,-0.051784057,0.18918003,-0.026411831,0.11755657,-0.08355397,0.00054916344,-0.42917967,-0.02135309,-0.17986473,0.34813568,-0.35903648,-0.27489352,-0.3626033,0.07853948,-0.051558983,0.14951186,-0.592385,0.98472834,0.44564834,-0.86061347,0.023441304,-0.4233212,-1.0857351,0.29772696,-0.07044414,-0.14247316,-0.4696745,-1.2166687,-0.53088784,-0.14934969,-200.0,200.0,3.1986253025102513,-10.675667993686147,-200.0,200.0,-200.0,-200.0,-200.0,200.0,-200.0,24.521173939549158,0.089587584,-0.011295473,-0.39102137,1.5083492,-1.0063902,-0.003773271,-0.051784057,0.18918003,-0.82641184,1.7175566,-0.883554,0.00054916344,-8.583593,-0.4270618,-3.5972946,6.9627132,-7.1807294,-5.4978704,-7.252066,1.5707896,-1.0311797,2.990237,-11.847699,19.694567
32,0.3406836,0.77891403,-0.0521472,-0.06720965,0.06020297,-0.9959209,1.0,0.0,0.0,0.05337119,-0.03491418,0.35191986,-0.032803297,-0.3829512,0.04527643,-0.07146063,0.17914702,-0.06151271,0.12819004,-0.23108023,0.094010495,0.010498437,-0.1989428,-0.3695466,0.24624245,-1.3117751,0.52958876,0.015365496,-0.15365106,-0.26843598,-0.026835714,-0.6507868,0.04055608,0.5423836,0.20264086,0.4931223,-0.44128257,-0.6285167,0.1571761,0.7720364,-0.19256327,0.82892007,-1.4082657,0.83841676,-0.19558269,-2.6935314471790432,-200.0,-200.0,-200.0,52.77794804922701,-200.0,200.0,-200.0,-200.0,-200.0,-200.0,-0.4216003473646879,0.05337119,-0.03491418,-0.44808015,1.5671967,-1.1829512,0.04527643,-0.07146063,0.17914702,-0.8615127,1.7281901,-1.0310802,0.094010495,0.20996873,-3.9788558,-7.3909316,4.924849,-26.235502,10.591775,0.30730993,-3.0730212,-5.3687196,-0.53671426,-13.015736,0.8111216
33,0.3054642,0.12687996,-0.59757155,-0.051282045,0.04664984,-0.99759406,1.0,0.0,0.0,0.12553857,-0.0535217,0.32105938,-0.024725676,-0.5404661,0.09085408,-0.013243133,0.13681841,-0.07704228,0.08839488,-0.25588268,0.02211937,0.65149957,-0.01161345,0.024301948,-0.12275173,-0.3593398,0.14663069,0.52567726,-0.26554626,0.08300694,-0.34059787,0.30744115,-0.46196938,-0.5023303,0.8018669,1.1554008,-0.19658779,0.54027814,-0.56882703,-0.42736357,1.0187308,0.8363445,0.48310262,0.40880883,0.6431649,200.0,-200.0,200.0,-200.0,200.0,22.795608855055946,200.0,200.0,200.0,-200.0,200.0,-15.271637671133732,0.12553857,-0.0535217,-0.47894064,1.5752743,-1.3404661,0.09085408,-0.013243133,0.13681841,-0.8770423,1.6883949,-1.0558827,0.02211937,13.029991,-0.23226899,0.48603895,-2.4550345,-7.1867957,2.9326136,10.513545,-5.310925,1.6601388,-6.8119574,6.148823,-9.2393875
34,-0.26128617,-0.80232817,0.092638575,-0.066695504,0.045214754,-0.9967484,1.0,0.0,0.0,0.2030005,-0.0315797,0.3590592,-0.05840218,-0.5133396,0.02446599,0.0013336495,0.13424888,-0.047033966,0.08501184,-0.08880323,0.029579997,0.13400497,0.23370759,0.22097643,-0.005832111,0.48448187,-0.591592,-0.20778404,0.11299151,0.28525168,0.045548927,1.0537555,0.46036813,-1.0085522,-0.87741584,-0.909017,1.0477957,-0.8387723,0.19945173,-0.73231757,0.06901891,-0.59696686,0.47183877,-0.28569874,0.49963215,-200.0,200.0,200.0,200.0,-35.4077609277731,200.0,-200.0,200.0,200.0,-200.0,200.0,-200.0,0.2030005,-0.0315797,-0.4409408,1.5415978,-1.3133396,0.02446599,0.0013336495,0.13424888,-0.847034,1.6850119,-0.88880324,0.029579997,2.6800992,4.674152,4.4195285,-0.116642214,9.689637,-11.8318405,-4.1556807,2.2598302,5.7050333,0.9109785,21.07511,9.207362
35,0.21538341,-0.11718265,0.6546677,-0.08279967,0.04571914,-0.99551696,1.0,0.0,0.0,0.16035137,-0.026695127,0.36396527,-0.017891169,-0.5209773,0.012136433,-0.091548905,0.1332664,-0.027970374,0.12553489,0.016277969,0.17691633,-0.4940279,-0.14028165,-0.1356757,0.37137726,-0.46567115,0.33381712,-0.6794092,-0.07563648,-0.06460743,0.33451143,0.09300315,0.7001115,0.6177888,-1.1115888,-0.30483612,-1.7957846,-0.9605999,-0.03094861,0.48708713,0.23324883,-1.3368974,-1.3322103,-0.9838593,-0.4285666,-200.0,-67.03645240159805,-200.0,200.0,-200.0,-55.74144373254717,-200.0,-200.0,-200.0,200.0,-200.0,104.92100732186344,0.16035137,-0.026695127,-0.43603474,1.5821089,-1.3209773,0.012136433,-0.091548905,0.1332664,-0.8279704,1.7255349,-0.78372204,0.17691633,-9.880558,-2.8056328,-2.7135139,7.427545,-9.313423,6.6763425,-13.588183,-1.5127295,-1.2921485,6.6902285,1.8600628,14.00223
36,0.18394563,0.6323868,-0.077483885,-0.07066335,0.038876772,-0.9967423,1.0,0.0,0.0,0.10835109,-0.055444986,0.30995008,0.04268062,-0.6613074,0.01099303,-0.16439529,0.12965484,-0.06685823,0.17713809,-0.069099665,0.20981935,-0.066677086,-0.15002216,-0.38444635,0.24774645,-0.6519506,-0.082956485,-0.110203646,0.032562833,-0.29892322,0.19475557,-0.85322636,-0.27323052,0.15699801,1.1303653,0.76091844,-1.0590806,0.11162947,-0.47034183,1.1972003,0.81303644,0.79284966,-0.9979136,0.114480816,0.25537038,200.0,186.4948083922452,-200.0,-200.0,-200.0,-200.0,200.0,-200.0,-200.0,-200.0,54.25122203484989,-2.351284646607425,0.10835109,-0.055444986,-0.49004993,1.6426806,-1.4613074,0.01099303,-0.16439529,0.12965484,-0.86685824,1.7771381,-0.8690997,0.20981935,-1.3335416,-3.0004432,-7.6889267,4.954929,-13.039012,-1.6591297,-2.204073,0.6512567,-5.978464,3.8951113,-17.064528,-5.4646106
37,-0.46674743,0.031197503,-0.33356258,-0.058974553,0.045119476,-0.9972393,1.0,0.0,0.0,0.123845235,-0.047914304,0.27099323,0.050961256,-0.6875562,-0.103218205,-0.1371195,0.1581943,-0.0895955,0.18483865,-0.13385952,0.21634695,0.11519124,0.1747155,-0.040627986,-0.12636971,0.29463646,-0.7854779,0.3259986,0.23551078,0.031498905,-0.08756559,0.108843245,0.084922984,-0.6000112,-0.8846504,0.89195037,-0.39070493,0.16558863,0.18722083,-0.18441176,-0.9389369,-0.0057383813,-0.6329245,0.63844275,0.54502124,200.0,200.0,200.0,-200.0,200.0,-6.076010010745918,-43.11719051741862,200.0,200.0,-200.0,200.0,34.66194681729428,0.123845235,-0.047914304,-0.5290068,1.6509613,-1.4875562,-0.103218205,-0.1371195,0.1581943,-0.8895955,1.7848387,-0.9338595,0.21634695,2.303825,3.4943101,-0.8125597,-2.5273943,5.8927293,-15.709558,6.519972,4.7102156,0.6299781,-1.7513118,2.1768649,1.6984596
38,0.11611755,-0.37984657,0.5062618,-0.06825993,0.051304735,-0.99634755,1.0,0.0,0.0,0.08157433,-0.048833996,0.28358787,0.034425735,-0.536311,-0.13460816,-0.12639248,0.17612565,-0.056087375,0.13740253,-0.004390955,0.30840367,-0.47233936,-0.15978338,0.14240174,-0.10324594,1.1468123,0.32271144,-0.089487486,-0.027115693,0.22725053,-0.34315687,1.0912054,0.518567,0.16970101,-0.3174012,-0.81557524,0.3828054,-1.1619986,0.9734634,-0.6591672,0.077681266,-0.86525345,-0.07166762,-0.7560388,-0.45360234,-42.32027201906739,-200.0,-112.89806303805227,-200.0,200.0,-43.03866833771252,-200.0,-200.0,200.0,-200.0,200.0,200.0,0.08157433,-0.048833996,-0.51641214,1.6344258,-1.336311,-0.13460816,-0.12639248,0.17612565,-0.8560874,1.7374026,-0.80439097,0.30840367,-9.446787,-3.1956675,2.8480349,-2.0649188,22.936247,6.454229,-1.7897497,-0.5423139,4.5450106,-6.8631372,21.824106,10.37134
39,0.64250225,0.27443805,0.4221299,-0.06821187,0.034676097,-0.99706805,1.0,0.0,0.0,0.03309489,-0.10364995,0.27279294,0.048495412,-0.41124326,0.040765937,-0.19434348,0.14869335,-0.05603695,0.13159704,-0.03133124,0.25098744,-0.052035708,-0.33592588,-0.21212704,0.21377647,0.19775419,1.3294319,-0.5382044,-0.1539986,-0.09131343,0.011481228,-0.5889477,-0.7798497,0.8128964,0.5026666,-0.2895947,-0.6231389,-1.7073088,-0.55721855,0.8577634,0.021161206,0.042899158,-0.15439048,-0.6577568,-0.6006876,-200.0,8.257709036333779,-200.0,-200.0,-200.0,-200.0,200.0,-116.194831766623,-200.0,200.0,-200.0,200.0,0.03309489,-0.10364995,-0.5272071,1.6484954,-1.2112433,0.040765937,-0.19434348,0.14869335,-0.85603696,1.7315971,-0.83133125,0.25098744,-1.0407141,-6.7185173,-4.242541,4.2755294,3.9550836,26.588636,-10.764087,-3.079972,-1.8262686,0.22962455,-11.7789545,-15.596993
40,0.4329979,0.2852773,-0.57840204,-0.057573963,0.013083962,-0.9982555,1.0,0.0,0.0,0.08653735,-0.14872906,0.23456174,0.07287705,-0.47630268,0.19938116,-0.24986824,0.123570174,-0.055315793,0.12045443,-0.19811058,0.02574338,0.5232506,-0.13742816,-0.17597942,0.049812224,-0.75366205,0.35417187,-0.062217165,-0.098481655,0.07359115,-0.12494939,-0.96395415,-1.3273183,-0.57157004,1.042267,1.093701,-0.75664735,-0.31520236,-1.1840005,0.87056273,0.87088037,0.58158654,0.5236328,0.13789941,1.3997382,200.0,-105.82868094770205,137.00827202853284,-200.0,29.707392937443842,42.429564626365845,200.0,200.0,-200.0,-200.0,-200.0,-200.0,0.08653735,-0.14872906,-0.5654383,1.6728771,-1.2763027,0.19938116,-0.24986824,0.123570174,-0.8553158,1.7204545,-0.9981106,0.02574338,10.465012,-2.7485633,-3.5195882,0.99624443,-15.073241,7.0834374,-1.2443433,-1.9696331,1.471823,-2.4989877,-19.279083,-26.546366
41,-0.33078507,-0.34294814,-0.44949216,-0.059999447,0.011600178,-0.998131,1.0,0.0,0.0,0.14811255,-0.14611225,0.23330122,0.046048045,-0.5223357,0.15994874,-0.21675818,0.12505363,-0.022617519,0.10983884,-0.28650218,-0.13253653,0.1308372,0.14108129,0.12802301,-0.28357318,0.19772251,-0.6478534,0.3538662,0.09653452,0.23764336,0.008090448,-0.014036573,-0.35257903,-1.3028274,-0.3320938,-0.03702027,-0.15626238,0.12877478,-0.16986334,0.10322821,-0.004456006,-0.98262274,0.04720124,0.010861358,0.96559167,200.0,200.0,200.0,200.0,200.0,200.0,-200.0,200.0,200.0,-200.0,200.0,-200.0,0.14811255,-0.14611225,-0.5666988,1.6460481,-1.3223357,0.15994874,-0.21675818,0.12505363,-0.82261753,1.7098389,-1.0865022,-0.13253653,2.616744,2.8216257,2.5604603,-5.6714635,3.9544501,-12.9570675,7.0773234,1.9306904,4.752867,0.16180895,-0.28073144,-7.0515804
42,0.20622072,0.19160578,-0.110794306,-0.06250597,0.012178936,-0.9979703,1.0,0.0,0.0,0.11343971,-0.1525499,0.22151315,0.034706593,-0.36649495,0.057477523,-0.11491763,0.12037497,-0.0046016574,0.10281265,-0.20851451,-0.09245924,-0.43335924,-0.17518571,-0.1941349,0.0504948,1.0664796,-0.47582826,0.5084846,-0.11886074,-0.021951403,-0.05503704,0.47871295,0.64878225,0.28997618,-0.83895713,-0.16736685,0.57824093,-0.816044,0.4018291,-0.5493459,-0.11424006,-0.4907647,-0.609266,-0.6311514,-0.0005509481,-65.91873858399885,-155.56792130417125,-200.0,-60.4056088908429,-36.996792799735886,200.0,-200.0,-200.0,-200.0,-200.0,-43.76060615812821,16.134312575227057,0.11343971,-0.1525499,-0.57848686,1.6347066,-1.166495,0.057477523,-0.11491763,0.12037497,-0.80460167,1.7028127,-1.0085145,-0.09245924,-8.667185,-3.503714,-3.882698,1.009896,21.32959,-9.516565,10.169692,-2.3772147,-0.43902805,-1.1007408,9.574259,12.975645
43,0.92883015,0.81183,-0.29279286,-0.04118637,-0.012922673,-0.9990679,1.0,0.0,0.0,0.071066625,-0.21723948,0.14803821,0.07953274,-0.2581752,0.07289682,-0.06945178,0.07685681,-0.029792488,0.09855628,-0.20822448,-0.047672864,-0.033545673,-0.44297138,-0.5026099,0.35805938,0.11166618,0.5302984,0.0048441025,-0.30357596,-0.20392159,0.015285082,-0.3640591,0.07370194,0.7340076,1.7562175,1.2606486,-0.45872748,-0.70306206,-0.13468227,-0.42580485,1.1586941,0.57927597,-0.55744874,0.11116549,-0.6726476,-200.0,-108.4267257919505,-200.0,-200.0,-200.0,15.282265841914707,200.0,-200.0,-175.10958963455846,200.0,-200.0,200.0,0.071066625,-0.21723948,-0.6519618,1.6795328,-1.0581752,0.07289682,-0.06945178,0.07685681,-0.8297925,1.6985563,-1.0082245,-0.047672864,-0.67091346,-8.859427,-10.052197,7.1611876,2.2333236,10.605968,0.09688205,-6.0715194,-4.0784316,0.30570164,-7.281182,1.4740388
44,0.38471895,0.14491563,-0.25594136,-0.022254832,-0.03848063,-0.9990115,1.0,0.0,0.0,0.12708388,-0.27380708,0.10598868,0.11279535,-0.33996576,0.07352813,-0.12664334,0.044668302,-0.038830638,0.08596718,-0.17758399,-0.13908859,0.5444081,-0.15022546,0.047648154,0.015179308,-0.7410602,-0.38527533,-0.50380003,-0.06569193,0.003231217,0.015599337,0.5315335,-0.82189864,-0.4559067,1.3460823,1.3208472,-0.68716854,0.07392359,-0.65599144,0.16288082,0.7808974,0.33184153,-0.017324872,0.67259717,0.1017446,-156.3808424831709,200.0,200.0,-200.0,121.96972459365554,-200.0,200.0,200.0,200.0,-200.0,-29.848325417286333,-90.17040067669285,0.12708388,-0.27380708,-0.69401133,1.7127954,-1.1399658,0.07352813,-0.12664334,0.044668302,-0.83883065,1.6859672,-0.977584,-0.13908859,10.888162,-3.0045092,0.95296305,0.30358616,-14.821203,-7.705507,-10.076,-1.3138386,0.06462434,0.31198674,10.63067,-16.437973
45,-0.17437509,-0.44418755,-0.09464849,-0.027310548,-0.04188457,-0.99874914,1.0,0.0,0.0,0.19483718,-0.27229306,0.14433748,0.078268886,-0.38292867,-0.10718632,-0.18122129,0.04476622,-0.013239145,0.07502568,-0.0077739954,-0.19366032,0.17343469,0.13043849,0.30658683,-0.33825612,0.21526869,-1.1670398,-0.14055301,-0.00017347572,0.07954402,0.094431244,0.39545974,0.22989659,-1.0330938,0.5280002,-0.40230915,-0.5141743,-0.26742935,0.20085618,1.3433663,-0.36576495,-0.6310004,0.09878998,-0.6509247,0.16233,200.0,200.0,200.0,-200.0,200.0,200.0,-200.0,200.0,200.0,-200.0,200.0,37.740710333182506,0.19483718,-0.27229306,-0.65566254,1.6782689,-1.1829287,-0.10718632,-0.18122129,0.04476622,-0.81323916,1.6750257,-0.807774,-0.19366032,3.4686937,2.60877,6.1317363,-6.7651224,4.3053737,-23.340794,-2.8110602,-0.0034695144,1.5908804,1.8886249,7.909195,4.597932
46,-0.2610849,-0.0014234772,0.052831627,-0.03798799,-0.03215394,-0.99876076,1.0,0.0,0.0,0.17260464,-0.24462743,0.16156995,0.05315292,-0.33836657,-0.20644444,-0.15164469,0.03713435,-0.017233849,0.09542,-0.033467412,-0.08435552,-0.3191534,0.119652905,-0.051461976,-0.0637987,0.17648031,-0.049417462,0.37809074,-0.06365361,-0.104238965,0.08715289,-0.55622745,0.5323505,0.05122692,-1.3032562,-0.59965295,0.52469033,-0.970242,0.52601635,-0.32393748,0.38297418,-0.012828033,-0.6851347,-0.8153719,0.071407944,200.0,-200.0,-200.0,-194.02758342839334,-200.0,-26.822594050349608,-200.0,200.0,-200.0,-200.0,-36.637657100517345,200.0,0.17260464,-0.24462743,-0.63843006,1.653153,-1.1383666,-0.20644444,-0.15164469,0.03713435,-0.81723386,1.69542,-0.8334674,-0.08435552,-6.3830676,2.393058,-1.0292395,-1.275974,3.529606,-0.9883492,7.561815,-1.2730721,-2.0847793,1.7430577,-11.124549,10.64701
47,-0.15461884,0.29029295,-0.023755802,-0.032077294,-0.023926986,-0.999199,1.0,0.0,0.0,0.119802386,-0.23260185,0.12712383,0.07328594,-0.4077658,-0.10595075,-0.13268691,0.0345656,-0.028018355,0.08616209,-0.24068087,-0.02816136,-0.21641181,0.010671816,-0.27687657,0.23325889,-0.77467775,0.9539736,-0.13641714,0.028476452,-0.029673094,-0.15325361,-1.2290024,0.20925425,0.5236193,0.039412696,1.1507643,-0.14532079,-1.4269409,-0.22355202,-0.4048702,0.85495776,0.028673586,-0.5426924,-0.3959512,-0.2265397,-200.0,200.0,62.413749592792556,-200.0,59.063493011443825,-11.050596701610885,80.8579841192867,-200.0,-200.0,200.0,-200.0,200.0,0.119802386,-0.23260185,-0.6728762,1.673286,-1.2077658,-0.10595075,-0.13268691,0.0345656,-0.82801837,1.6861621,-1.0406809,-0.02816136,-4.328236,0.2134363,-5.5375314,4.665178,-15.493555,19.079472,-2.7283425,0.56952906,-0.5934619,-3.0650723,-24.580048,4.185085
48,-0.6966604,-0.052829046,0.013669449,-0.02860737,-0.005992403,-0.99957275,1.0,0.0,0.0,0.14010733,-0.19792263,0.11971265,0.08228886,-0.6663998,-0.022347093,-0.2034717,0.06629364,-0.008830011,0.0459069,-0.37071663,-0.07579809,0.3669872,0.3056973,0.13963822,-0.11179044,-1.5974541,-0.021231655,-0.4050026,0.22715752,0.15186647,-0.082363345,-0.119158365,-0.3701461,-0.44468516,-0.970784,0.5593803,0.4828021,0.19993277,-0.7504333,0.86671096,-0.9879134,-0.14631358,-0.74098665,0.00017373823,0.2231552,-13.269263753732332,200.0,-58.34596918215239,-200.0,136.073838213032,87.15989865495249,200.0,200.0,200.0,-200.0,20.28923888541317,-200.0,0.14010733,-0.19792263,-0.68028736,1.6822889,-1.4663998,-0.022347093,-0.2034717,0.06629364,-0.80883,1.6459069,-1.1707166,-0.07579809,7.339744,6.113946,2.7927642,-2.2358088,-31.949081,-0.4246331,-8.100052,4.5431504,3.0373292,-1.6472669,-2.3831673,-7.4029217
49,0.0439786,-0.117711976,0.22307332,-0.032088432,0.0059290794,-0.99946743,1.0,0.0,0.0,0.161314,-0.1675072,0.1430201,0.073406816,-0.88043386,-0.13334937,-0.22791982,0.073094904,0.0064131618,0.030743003,-0.29232615,-0.047693245,-0.10848124,0.022655949,0.10455958,0.015151289,-0.6381268,-0.9908105,0.083969764,-0.102034144,0.014377055,-0.05701015,0.64288396,0.51117325,-0.56369346,-0.8711653,-0.033119958,0.21413456,0.100705996,0.43793586,0.62091154,-0.10239517,-0.45175463,-0.55782735,-0.6399754,-0.27840373,200.0,-200.0,-200.0,-200.0,-38.82493060633374,92.7016371325413,-200.0,-200.0,200.0,200.0,200.0,-200.0,0.161314,-0.1675072,-0.6569799,1.6734068,-1.6804339,-0.13334937,-0.22791982,0.073094904,-0.79358685,1.630743,-1.0923262,-0.047693245,-2.1696248,0.45311898,2.0911915,0.30302578,-12.762535,-19.81621,1.6793952,-2.0406828,0.2875411,-1.140203,12.857679,10.223465
50,0.5829845,0.46622515,0.15054783,-0.023265688,-0.008621868,-0.99969214,1.0,0.0,0.0,0.07761481,-0.19808228,0.11573988,0.10461581,-0.89940053,-0.22383313,-0.15811756,0.032339413,-0.013466239,0.009720445,-0.26335412,-0.051487632,-0.6648632,-0.2722802,-0.30474326,0.21860388,0.3454578,-0.012156635,0.55735683,-0.27607724,-0.16923684,-0.14614868,-0.26190367,-0.41839743,0.3203402,0.8135337,0.20217212,-0.76494473,-0.41066372,0.74705255,0.0879779,1.1389931,0.4021974,0.030264623,-0.27670822,-0.5533927,200.0,-19.91364639556599,-200.0,-200.0,-200.0,-106.03271236785787,-200.0,-200.0,-32.57227087654968,12.008333257647053,200.0,200.0,0.07761481,-0.19808228,-0.68426013,1.7046158,-1.6994005,-0.22383313,-0.15811756,0.032339413,-0.81346625,1.6097205,-1.0633541,-0.051487632,-13.297264,-5.4456034,-6.094865,4.3720775,6.909156,-0.24313268,11.147137,-5.5215445,-3.3847368,-2.9229736,-5.2380733,-8.367949
51,-0.07414694,-0.15594174,-0.11720948,-0.019336103,-0.01726961,-0.9996639,1.0,0.0,0.0,0.016203681,-0.2192054,0.10322523,0.11529136,-0.75745684,-0.11985801,-0.06798218,0.016494751,-0.022738695,0.01384294,-0.27011448,-0.19105339,-0.026019296,0.018014206,0.13503791,-0.08044924,0.74982274,0.955719,0.3780342,0.045198202,0.07136178,0.01892676,-0.00755639,-0.79668057,0.68077147,0.27813658,1.3361509,-0.43897504,-0.7654803,-0.48357603,-0.85039943,0.673331,0.4844761,0.41359878,0.034077175,0.37423334,-66.11020759026479,200.0,200.0,3.3125183453397398,14.388830868701685,73.39368226415775,200.0,200.0,106.47607353295906,-200.0,-53.4452897046034,200.0,0.016203681,-0.2192054,-0.6967748,1.7152914,-1.5574569,-0.11985801,-0.06798218,0.016494751,-0.8227387,1.613843,-1.0701145,-0.19105339,-0.5203859,0.3602841,2.7007582,-1.6089847,14.996454,19.11438,7.560684,0.90396404,1.4272356,0.37853518,-0.1511278,-15.933611
52,-0.7194888,-0.8204133,-0.04377572,-0.03998824,-8.244852e-05,-0.99920017,1.0,0.0,0.0,0.07445477,-0.17963459,0.18543935,0.063940406,-0.7116963,-0.03616805,-0.047935862,0.05653632,0.011518657,0.03477311,-0.19187212,-0.24621543,0.5504154,0.35880062,0.62568754,-0.4053413,-0.092912786,-0.020433335,-0.13026701,0.32096994,0.26599774,0.17139377,0.48444486,0.15050104,-0.43105835,-0.95704484,-1.3696803,-0.0048274845,-0.9428617,-0.90566695,-0.062306188,-0.93715006,-1.2327732,-0.37717357,-0.2810657,0.4885069,-200.0,200.0,200.0,200.0,-29.214167206453226,200.0,200.0,200.0,200.0,-200.0,-39.53816059362714,-200.0,0.07445477,-0.17963459,-0.61456066,1.6639404,-1.5116963,-0.03616805,-0.047935862,0.05653632,-0.78848135,1.6347731,-0.99187213,-0.24621543,11.008307,7.176012,12.51375,-8.106826,-1.8582557,-0.40866667,-2.6053402,6.419399,5.319955,3.4278753,9.688897,3.0100207
53,-0.04852451,-0.14605267,0.12836775,-0.058034945,0.013860746,-0.9982183,1.0,0.0,0.0,0.11368004,-0.14037058,0.25801957,0.013558149,-0.78136474,-0.14754423,-0.057008404,0.08909401,0.04403776,0.051758885,-0.18746448,-0.10669842,-0.09590363,0.04830679,0.16492426,-0.13459094,-0.34780702,-0.99564946,-0.0123865185,0.039362125,0.06954607,0.015440987,-0.18810587,1.1404008,-0.39965215,-1.0454489,-0.4182021,-0.33301532,-0.4307801,0.3147752,0.10380022,-0.42457154,-0.83847976,-1.2930895,-0.58349663,-0.5878519,4.786908580074341,-200.0,-200.0,-200.0,-8.882451881558211,190.13857294901527,-200.0,-200.0,-200.0,114.37655163606709,24.669652564081275,-200.0,0.11368004,-0.14037058,-0.54198045,1.6135582,-1.5813648,-0.14754423,-0.057008404,0.08909401,-0.75596225,1.6517589,-0.9874645,-0.10669842,-1.9180726,0.96613574,3.2984853,-2.6918187,-6.9561405,-19.912989,-0.24773036,0.7872425,1.3909215,0.30881974,-3.7621174,22.808014
54,0.5248581,0.5239983,0.22287127,-0.04896554,0.0037580559,-0.9987934,1.0,0.0,0.0,0.026557004,-0.16918458,0.25910288,-0.02651894,-0.7451759,-0.24010779,-0.018989472,0.07242485,0.03594148,0.03457308,-0.2990678,0.017471531,-0.7264902,-0.29374257,-0.13127884,-0.25534976,0.5857661,-0.027054561,0.2524824,-0.18882178,-0.12397643,-0.16940431,-0.61307955,0.19237743,0.3832631,0.83969194,0.7755479,-0.4160269,0.36292422,0.7999655,0.09467523,0.90499514,0.5781279,0.6431516,0.2622928,-0.42970693,1.8631434140740168,-200.0,-200.0,-200.0,41.962327376023836,-200.0,-200.0,-200.0,-200.0,-200.0,129.07237728704274,200.0,0.026557004,-0.16918458,-0.54089713,1.5734811,-1.5451759,-0.24010779,-0.018989472,0.07242485,-0.76405853,1.6345731,-1.0990678,0.017471531,-14.529804,-5.874851,-2.6255767,-5.106995,11.715322,-0.5410912,5.0496483,-3.7764356,-2.4795287,-3.3880863,-12.261591,3.8475487
55,-0.19687869,-0.23518945,0.13309917,-0.043299217,-0.0019641013,-0.9990602,1.0,0.0,0.0,-0.045349773,-0.19166838,0.27900273,-0.1068275,-0.52759343,-0.13857892,0.02177805,0.06528702,0.03406322,0.016824603,-0.31681472,-0.052706085,0.0029700336,-0.019588001,0.16406606,-0.23153582,1.3325536,0.9545557,0.15961719,0.10316905,0.0959005,-0.025393521,0.3406457,-0.7454987,1.0721558,0.11801921,1.0468178,0.79319155,0.07553159,-0.29923382,-0.3796848,0.29662332,-0.054216858,0.28778496,-0.0328606,0.13406399,-23.12838770630492,200.0,200.0,200.0,200.0,-77.73086668819826,200.0,200.0,200.0,-78.39960655691141,200.0,200.0,-0.045349773,-0.19166838,-0.5209973,1.4931725,-1.3275934,-0.13857892,0.02177805,0.06528702,-0.7659368,1.6168246,-1.1168147,-0.052706085,0.05940067,-0.39176002,3.2813213,-4.6307163,26.651072,19.091114,3.1923437,2.063381,1.91801,-0.50787044,6.812914,-14.909974
56,-0.76948696,-0.2997518,0.4521212,-0.053391464,0.020081677,-0.9983717,1.0,0.0,0.0,0.023672268,-0.15712152,0.32646415,-0.13762188,-0.31748575,-0.053799856,0.0011364185,0.113623746,0.032253146,0.05008781,-0.22235852,-0.09763145,0.62218386,0.32685715,0.2893886,-0.08862519,0.8581144,-0.009601941,-0.3160729,0.33333543,-0.06569957,0.31184623,0.4160293,0.2036128,-0.36646864,-0.9058214,-1.2229273,0.047246292,-1.3730961,-0.8730223,-0.0044425726,-1.2047169,-0.8329893,-0.96486515,-0.4361306,0.3012183,-200.0,59.92031542914526,-116.08150303545294,200.0,-38.25063139916506,200.0,200.0,200.0,200.0,200.0,-75.35167058488935,-200.0,0.023672268,-0.15712152,-0.47353587,1.4623781,-1.1174858,-0.053799856,0.0011364185,0.113623746,-0.76774687,1.6500878,-1.0223585,-0.09763145,12.443677,6.5371428,5.7877717,-1.7725039,17.162289,-0.19203882,-6.321458,6.6667085,-1.3139914,6.2369246,8.320586,4.072256
57,-0.11959147,0.38257504,0.48729387,-0.049946,0.037473023,-0.99804866,1.0,0.0,0.0,0.07511487,-0.12644354,0.32910347,-0.116570115,-0.25095993,-0.1632265,-0.015363849,0.14943932,-0.0045969486,0.09581125,-0.2393995,0.018112615,-0.044000264,-0.00015182585,-0.18899678,0.2502497,-0.097886205,-0.98745483,0.013075568,0.0594001,-0.28541413,0.16077857,-0.39112303,0.6202418,-0.34588403,-0.93031037,0.73682743,-0.42233443,-0.72373205,-0.06713575,0.34800255,-0.6632301,0.7762766,-1.4821016,-0.3598929,-0.39879635,17.301061998377186,-200.0,-200.0,-200.0,-31.161790641898563,-52.66950970611936,-200.0,-200.0,-200.0,111.46817751687269,-200.0,-200.0,0.07511487,-0.12644354,-0.47089654,1.4834299,-1.05096,-0.1632265,-0.015363849,0.14943932,-0.80459696,1.6958113,-1.0393995,0.018112615,-0.8800053,-0.003036517,-3.7799356,5.0049944,-1.9577241,-19.749096,0.26151136,1.188002,-5.7082825,3.2155714,-7.82246,12.404836
58,0.46529484,-0.23662724,0.48080578,-0.047488037,0.030255891,-0.9984135,1.0,0.0,0.0,0.010255705,-0.1618188,0.32901308,-0.10719824,-0.36602098,-0.25452906,0.03238092,0.13152404,-0.025167704,0.09086025,-0.28378648,0.038780726,-0.5522489,-0.3245204,0.14193474,-0.12059746,-0.76734465,-0.02188284,0.42546335,-0.21088591,0.055036414,-0.17373948,-0.16906941,-0.3195525,0.61645967,1.2322041,-0.16842388,-0.5524579,-0.3010249,0.6239065,0.08048305,0.6409313,0.5691834,-0.30396533,0.48198783,-0.0926669,200.0,-200.0,200.0,-200.0,17.875231826397282,-200.0,-200.0,-200.0,200.0,-200.0,37.92520754841712,200.0,0.010255705,-0.1618188,-0.47098693,1.4928018,-1.166021,-0.25452906,0.03238092,0.13152404,-0.8251677,1.6908603,-1.0837865,0.038780726,-11.044977,-6.490408,2.8386948,-2.4119492,-15.346893,-0.4376568,8.509267,-4.217718,1.1007283,-3.4747894,-3.3813882,-6.3910503
59,-0.034973998,-0.20104817,0.16430774,-0.05588336,0.023370279,-0.99816376,1.0,0.0,0.0,-0.0409255,-0.19733872,0.3617996,-0.15021431,-0.4117548,-0.15209009,0.069690295,0.11755904,0.012566268,0.022714734,-0.21210426,-0.008606315,-0.009380958,-0.054328866,0.19037925,-0.29103976,0.17488728,0.9486915,0.06509047,0.039624386,0.28603724,-0.48276493,0.78946614,-0.19032653,0.95038617,0.5772094,-0.8725084,0.19862516,0.34436774,-0.22416377,-0.8502686,0.31609818,-0.8707545,0.45493603,-0.024977693,0.6675411,-54.02827559184783,200.0,200.0,-200.0,200.0,23.249915407364853,200.0,200.0,-200.0,-200.0,107.23348831964017,200.0,-0.0409255,-0.19733872,-0.4382004,1.4497857,-1.2117548,-0.15209009,0.069690295,0.11755904,-0.78743374,1.6227148,-1.0121043,-0.008606315,-0.18761915,-1.0865773,3.8075848,-5.820795,3.4977455,18.97383,1.3018093,0.7924877,5.7207446,-9.655298,15.789323,-3.8065305
60,-0.58958584,0.43091026,0.13546778,-0.049840275,0.037806615,-0.9980414,1.0,0.0,0.0,0.01348317,-0.17099285,0.36419725,-0.16584921,-0.268256,-0.068943955,0.035687562,0.15132403,0.03241539,-0.035986066,-0.13373715,0.056891635,0.50305516,0.2719029,-0.14229837,0.09637094,1.1608738,-0.019823473,-0.36101046,0.264276,-0.04846701,-0.13732201,0.2429597,0.7524535,-0.23908976,-0.7845702,0.54547226,1.0642568,-1.3768204,-0.42406595,-0.03438773,-1.2785032,0.8236851,0.5913605,-0.05624158,0.3266177,-200.0,93.4130721108229,-200.0,200.0,-28.110050279912315,200.0,200.0,200.0,-200.0,200.0,200.0,-200.0,0.01348317,-0.17099285,-0.43580276,1.4341508,-1.068256,-0.068943955,0.035687562,0.15132403,-0.7675846,1.564014,-0.93373716,0.056891635,10.061103,5.4380574,-2.8459673,1.9274188,23.217474,-0.39646944,-7.220209,5.2855196,-0.9693402,-2.7464402,4.859194,15.049069
61,0.02371887,-0.27831367,0.1870505,-0.047790222,0.048321847,-0.9976879,1.0,0.0,0.0,0.05520292,-0.15231387,0.34773085,-0.13100779,-0.14448106,-0.15887499,-0.0049574203,0.17488754,0.037880063,-0.038568616,-0.10519755,0.14977582,-0.03184679,-0.05241176,-0.017850442,0.2387425,0.17458545,-0.5716166,-0.123821996,-0.017704342,0.07218372,0.12313749,0.10720309,0.3713373,-0.15790036,-0.0023281127,0.2676226,-0.75684685,-1.5790042,0.041085333,0.3757496,-0.2944099,0.49874252,-1.0722878,-0.024833689,-0.64054406,67.51065142598534,-200.0,200.0,200.0,-13.624306124009337,-1.7521545129202991,-200.0,-200.0,200.0,200.0,-200.0,35.69506184577665,0.05520292,-0.15231387,-0.45226917,1.4689922,-0.9444811,-0.15887499,-0.0049574203,0.17488754,-0.76211995,1.5614314,-0.90519756,0.14977582,-0.63693583,-1.0482352,-0.3570088,4.77485,3.4917088,-11.432332,-2.47644,-0.35408682,1.4436744,2.4627497,2.1440618,7.426746
62,0.029422406,-0.3761366,-0.16349478,-0.06103569,0.047528718,-0.9970033,1.0,0.0,0.0,0.010200353,-0.1655666,0.3466477,-0.10543609,-0.21456844,-0.17048422,0.015554607,0.16914235,0.064380646,-0.037418246,-0.07375449,0.11985035,-0.2893284,-0.067060806,0.008124736,0.04251765,-0.7793732,0.3508523,0.27529904,-0.022845607,0.18129377,-0.06525625,0.13269873,-0.57156694,0.30709422,0.29946524,-1.1459041,-0.34663194,-0.9092135,0.55083275,0.13716751,0.35986444,-1.5786227,-0.8666516,-0.23499002,-0.09918946,200.0,-200.0,200.0,-200.0,-200.0,-200.0,-65.40750004230438,200.0,-163.4883885656997,-200.0,-200.0,163.11135258796287,0.010200353,-0.1655666,-0.4533523,1.4945639,-1.0145684,-0.17048422,0.015554607,0.16914235,-0.73561937,1.5625818,-0.8737545,0.11985035,-5.7865677,-1.3412161,0.16249472,0.850353,-15.587464,7.017046,5.505981,-0.45691213,3.6258755,-1.305125,2.6539745,-11.431338
63,-0.533776,0.24815547,-0.43161872,-0.0630339,0.05805545,-0.9963214,1.0,0.0,0.0,0.013183961,-0.14514643,0.3380811,-0.113568306,-0.43122512,0.002222197,0.06551309,0.19668965,0.07659876,-0.03962195,-0.10909873,0.039015856,0.25849196,0.23809175,-0.0873151,-0.11512562,-1.0386523,1.1520231,0.22508495,0.23047994,-0.030486092,0.0099816695,-0.23977052,-0.34044445,0.7162274,-0.6384656,1.1689092,0.3502487,-0.35361242,-0.14232141,-0.9528888,-0.4776504,0.20925245,0.047144048,-0.1505351,0.54985106,-77.8631541585606,118.61824332814896,-200.0,-200.0,-14.879944376891899,63.22502995045943,200.0,200.0,-200.0,-200.0,82.6210800623287,-16.98587804878389,0.013183961,-0.14514643,-0.46191892,1.4864317,-1.2312251,0.002222197,0.06551309,0.19668965,-0.72340125,1.5603781,-0.90909874,0.039015856,5.169839,4.761835,-1.7463019,-2.3025124,-20.773046,23.04046,4.501699,4.6095986,-0.60972184,0.19963339,-4.79541,-6.808889
64,0.15935163,-0.26050854,-0.45345923,-0.06686562,0.06294658,-0.99577445,1.0,0.0,0.0,0.117796704,-0.117614225,0.3401362,-0.11879897,-0.53368825,0.12861884,0.048290268,0.2139085,0.102466464,-0.02854085,-0.12623787,0.07786756,0.73382336,0.061803054,0.073334925,0.054089792,-0.08154013,0.2061305,-0.3285155,-0.040066555,0.23245838,0.09248875,-0.05365038,0.6321699,-0.42795566,-0.45323244,-0.28002355,0.33368856,-0.26829046,-0.6008632,0.0067779645,-0.9911858,-0.28378114,-0.8451658,0.64490783,0.17455119,-200.0,-200.0,5.98514545472284,70.85973338859253,6.180207992553036,200.0,200.0,-200.0,200.0,200.0,200.0,-200.0,0.117796704,-0.117614225,-0.4598638,1.481201,-1.3336883,0.12861884,0.048290268,0.2139085,-0.69753355,1.5714592,-0.9262379,0.07786756,14.676467,1.2360611,1.4666984,1.0817958,-1.6308026,4.12261,-6.5703096,-0.8013311,4.6491675,1.849775,-1.0730076,12.643398
65,0.7623463,0.4600547,-0.39871994,-0.062589094,0.042200502,-0.9971468,1.0,0.0,0.0,0.19318406,-0.14399906,0.30421224,-0.06778586,-0.46724313,0.0618371,0.023998616,0.17883454,0.11706436,-0.026493192,-0.028105497,0.12695855,0.0796215,-0.29639745,-0.37716195,0.40913802,0.43420768,-0.77563906,-0.043116525,-0.28377816,-0.0470036,-0.056860108,0.9362731,0.11209098,-1.3800069,1.0590037,0.24885535,-1.3055991,-0.3740044,-0.11033937,0.6363692,1.3435577,-0.7553329,-0.093626104,-0.50758946,-0.058182366,14.20449951948087,-200.0,-200.0,-200.0,200.0,-19.72300825568469,-200.0,-200.0,-200.0,200.0,-32.96882526180593,-200.0,0.19318406,-0.14399906,-0.49578777,1.5322142,-1.2672431,0.0618371,0.023998616,0.17883454,-0.68293566,1.5735068,-0.8281055,0.12695855,1.59243,-5.927949,-7.543239,8.18276,8.684154,-15.512781,-0.8623305,-5.675563,-0.940072,-1.1372021,18.725462,2.2418196
66,0.13638723,0.5620799,-0.025955139,-0.04127225,0.02466943,-0.9988433,1.0,0.0,0.0,0.15939517,-0.18167044,0.23183542,-0.02294588,-0.39208668,-0.09861499,0.07998056,0.15855557,0.07049632,-0.01078856,-0.044041634,0.07509889,-0.35854647,-0.08567352,-0.3215712,0.066870876,0.13446157,-0.61171263,0.530435,0.0046174424,-0.29386923,0.04562317,-0.56100285,-0.28851,0.6752508,0.9206268,1.4575934,-0.48153263,-0.21986084,-0.2816518,-0.3965243,0.32284483,1.2842096,0.44046044,0.91496754,-0.11579632,200.0,200.0,-200.0,-200.0,-200.0,21.677403717421896,-200.0,200.0,200.0,-200.0,-183.84830953338627,200.0,0.15939517,-0.18167044,-0.5681646,1.5770541,-1.1920867,-0.09861499,0.07998056,0.15855557,-0.7295037,1.5892115,-0.84404165,0.07509889,-7.170929,-1.7134703,-6.4314237,1.3374175,2.6892314,-12.234252,10.6087,0.092348844,-5.8773847,0.91246337,-11.220057,-5.7702
67,-0.385102,-0.15855962,0.054138165,-0.034729898,0.031495735,-0.9989003,1.0,0.0,0.0,0.15587159,-0.16377494,0.22070348,-0.045359135,-0.336466,-0.16636553,0.1233241,0.18548255,0.039443076,0.012701392,-0.05159223,0.009409513,0.25787178,0.2153972,0.16286872,-0.2588956,0.2523048,-0.25278398,-0.039816618,0.23344937,-0.040178277,0.17339759,0.3898612,-0.28045157,0.41115823,-0.4127168,0.09844677,-0.43990093,-0.1558332,0.5161648,-1.050643,-0.32555574,-0.18515222,0.29990727,0.35511214,0.5028487,-200.0,68.18026109378621,200.0,200.0,200.0,31.45924812492609,200.0,200.0,200.0,-200.0,-19.550887563210694,23.546166868162345,0.15587159,-0.16377494,-0.5792965,1.5546409,-1.136466,-0.16636553,0.1233241,0.18548255,-0.76055694,1.6127014,-0.85159224,0.009409513,5.1574354,4.307944,3.2573745,-5.177912,5.046096,-5.0556793,-0.79633236,4.6689873,-0.8035655,3.4679515,7.797224,-5.609031
68,0.08258605,0.4457778,0.3437561,-0.02778037,0.037159793,-0.9989231,1.0,0.0,0.0,0.23337047,-0.14767635,0.22168481,-0.05995381,-0.26018494,-0.08397268,0.06845834,0.20758507,0.004100561,0.07249868,0.087497294,0.060733777,0.37089017,-0.04698358,-0.08089179,-0.036092576,0.27763,0.89500904,-0.4695904,0.00823319,-0.27453876,0.37587997,0.6084906,0.6953444,-0.39504313,-0.6080535,0.18661232,0.115397915,-0.3745681,0.21678092,0.636923,-0.8462285,-0.38244277,-0.84145266,-0.95393384,-0.11057239,-200.0,-200.0,-133.9808374311309,107.94540026285034,-93.5295158281217,200.0,-14.385861973289934,-200.0,-180.50261219878317,-200.0,-97.84710675932737,200.0,0.23337047,-0.14767635,-0.5783152,1.5400462,-1.060185,-0.08397268,0.06845834,0.20758507,-0.79589945,1.6724987,-0.7125027,0.060733777,7.4178033,-0.93967164,-1.6178358,-0.72185147,5.5526,17.90018,-9.391808,0.16466379,-5.490775,7.5175996,12.169811,13.906887
69,0.7282077,0.69091547,0.50240284,-0.0030575374,0.020064346,-0.999794,1.0,0.0,0.0,0.24826433,-0.19050919,0.18913674,-0.044195652,-0.2811615,0.026567271,0.03380743,0.18064897,-0.07091904,0.132635,0.10536194,0.09732397,-0.15681645,-0.34620032,-0.20514016,0.14969963,-0.20443296,0.41709787,0.06111985,-0.2629053,-0.4438017,0.23898923,-0.33590087,-0.23557034,-0.33235705,2.2035284,1.5913532,-0.83696157,0.27442592,-0.7155255,0.7565096,0.7539659,0.83593607,-0.3629236,-0.5632014,-0.26946184,200.0,-200.0,-200.0,-200.0,-200.0,-200.0,-200.0,-200.0,186.09193814232407,186.85837318860445,14.924283576879901,-38.846166900816854,0.24826433,-0.19050919,-0.61086327,1.5558044,-1.0811615,0.026567271,0.03380743,0.18064897,-0.87091905,1.732635,-0.6946381,0.09732397,-3.136329,-6.924006,-4.102803,2.9939926,-4.0886593,8.341957,1.222397,-5.2581058,-8.876034,4.7797847,-6.718017,-4.7114067
70,0.15385294,-0.057530243,0.6258212,0.008710877,0.003290591,-0.99995667,1.0,0.0,0.0,0.17596225,-0.23064065,0.16961378,-0.03328824,-0.21325237,0.012431035,0.08556082,0.1496869,-0.119698524,0.14881408,-0.060334623,-0.013046226,-0.5196035,-0.08878089,-0.043075714,0.042144474,0.77408266,-0.43566608,0.42509708,-0.07123088,-0.07833235,-0.048364595,-1.0655043,-0.5595347,0.33525085,1.1657708,0.6812927,-0.60124165,1.1610371,-0.31541896,0.06308418,0.6190628,0.15196037,-0.0058669895,-0.3225249,0.4248644,200.0,200.0,200.0,-200.0,33.342375242589014,46.181832967512264,-200.0,200.0,200.0,-200.0,200.0,-200.0,0.17596225,-0.23064065,-0.63038623,1.5667118,-1.0132524,0.012431035,0.08556082,0.1496869,-0.91969854,1.7488141,-0.86033463,-0.013046226,-10.39207,-1.7756177,-0.8615143,0.8428894,15.481653,-8.713322,8.501942,-1.4246175,-1.5666469,-0.9672919,-21.310085,-11.190695
71,-0.4475474,-0.7563521,0.62946826,-0.005736483,0.008167111,-0.9999502,1.0,0.0,0.0,0.14039125,-0.21384314,0.18591899,-0.009642363,-0.09803587,-0.07919404,0.1175656,0.16786376,-0.08975339,0.11027396,-0.21372658,-0.022111211,0.08732589,0.21588357,0.16605882,0.18796521,0.28621754,-0.4585618,-0.035561692,0.22836004,0.32111785,-0.26614988,-0.8780584,0.37702534,0.793935,-0.5436133,-0.7735545,0.0938787,-0.37747186,0.5551393,-0.3647579,-0.5002423,-0.16972452,0.53600305,0.23642276,0.24959749,-163.4883911722167,200.0,200.0,-7.068313092899018,-200.0,200.0,200.0,200.0,200.0,-200.0,200.0,-35.78835979200471,0.14039125,-0.21384314,-0.614081,1.5903577,-0.8980359,-0.07919404,0.1175656,0.16786376,-0.8897534,1.710274,-1.0137266,-0.022111211,1.7465178,4.3176713,3.3211765,3.7593043,5.7243505,-9.171236,-0.7112338,4.5672007,6.422357,-5.3229976,-17.561167,7.5405064
72,0.073382236,-0.065999106,0.5820464,-0.02346958,0.016798615,-0.9995834,1.0,0.0,0.0,0.19813532,-0.19615108,0.19725937,0.039490223,-0.1397273,-0.059666686,0.06762112,0.18994032,-0.059459805,0.0860734,-0.28130335,0.073043756,0.45251033,-0.017595196,-0.0222105,0.26533034,-0.4853625,0.55206084,-0.42708084,0.018733092,0.014079252,0.0009898033,0.10478707,0.39523366,-0.10109981,-0.9979369,-0.5679186,-1.3204864,-1.2363688,0.4067488,0.049711943,-0.7713112,-1.1110917,-0.15647388,-0.22513656,-0.47115126,-200.0,-200.0,-200.0,200.0,200.0,-50.814559166840525,200.0,-200.0,-200.0,-149.19533167490818,-14.586435629942798,200.0,0.19813532,-0.19615108,-0.60274065,1.6394902,-0.9397273,-0.059666686,0.06762112,0.18994032,-0.8594598,1.6860734,-1.0813034,0.073043756,9.050206,-0.35190392,-0.44421,5.306607,-9.70725,11.041217,-8.541616,0.37466183,0.28158504,0.019796066,2.0957413,7.904673
73,0.58144224,0.66416484,0.55236477,-0.009563719,0.0034678981,-0.99994826,1.0,0.0,0.0,0.22028816,-0.23621179,0.16312796,0.07682812,-0.3414454,0.09153481,0.03601309,0.16673592,-0.08769202,0.07413876,-0.25832897,0.046656933,-0.17690454,-0.35025555,-0.29129088,0.11642238,-1.4370567,0.68677133,-0.02616097,-0.20925091,-0.25745562,-0.048237607,0.10955677,-0.58412063,-0.59625137,1.4611653,0.84092516,-0.99758095,-0.41569614,-0.9637064,1.2546245,0.9304381,1.4110318,0.48703545,0.10874953,0.40932417,74.41611386931746,-200.0,-200.0,-200.0,-63.55891075521481,-200.0,-200.0,-200.0,-200.0,-200.0,-200.0,-57.3514223497923,0.22028816,-0.23621179,-0.63687205,1.6768281,-1.1414454,0.09153481,0.03601309,0.16673592,-0.88769203,1.6741388,-1.058329,0.046656933,-3.538091,-7.0051107,-5.8258176,2.3284476,-28.741133,13.735427,-0.5232194,-4.185018,-5.149112,-0.96475214,2.1911354,-11.682412
74,-0.048261937,-0.09148974,0.5802491,0.00025180206,-0.005927731,-0.9999824,1.0,0.0,0.0,0.14313406,-0.27278408,0.13352096,0.06406617,-0.52411515,0.118561484,0.07272094,0.14395925,-0.1222471,0.07891774,-0.1586507,0.03652858,-0.5555761,-0.044075917,-0.03226861,-0.20533185,-0.48582602,-0.31540346,0.35569835,-0.03636096,-0.101166405,0.08657404,0.5748517,0.38624296,0.2831543,0.88515943,0.7252118,-0.45246208,0.71640754,-0.45272917,-0.08869956,0.2593145,0.17851724,0.41563967,-0.13598764,0.7672913,200.0,200.0,200.0,200.0,-37.13771515535882,200.0,-200.0,200.0,200.0,-200.0,200.0,-200.0,0.14313406,-0.27278408,-0.66647905,1.6640662,-1.3241152,0.118561484,0.07272094,0.14395925,-0.9222471,1.6789178,-0.9586507,0.03652858,-11.111522,-0.88151836,-0.6453722,-4.106637,-9.71652,-6.308069,7.113967,-0.72721916,-2.023328,1.7314808,11.497033,7.7248588
75,-0.58019525,-0.91158295,0.7241504,-0.01982761,0.00756013,-0.9997748,1.0,0.0,0.0,0.09827378,-0.24882902,0.17783022,0.009588838,-0.51523656,-0.022084951,0.08298903,0.16879156,-0.11082196,0.11181784,-0.1301601,0.21254438,0.04278809,0.27699015,0.33971354,-0.014744254,0.49767238,-0.6503393,-0.2026739,0.2587488,0.2102032,0.21995425,-0.012062497,1.1572852,1.4349463,-1.1545048,-1.0680575,0.16076784,-0.9149759,0.2649325,-0.72996324,-0.6021686,-0.6322008,-0.03789074,-0.8721551,-0.452391,-200.0,200.0,200.0,200.0,-3.4624536739418232,-11.259948010124617,200.0,200.0,200.0,-200.0,200.0,-200.0,0.09827378,-0.24882902,-0.6221698,1.6095889,-1.3152366,-0.022084951,0.08298903,0.16879156,-0.910822,1.7118179,-0.9301601,0.21254438,0.85576177,5.5398026,6.7942705,-0.29488507,9.953447,-13.006786,-4.053478,5.174976,4.204064,4.399085,-0.24124995,23.145704
76,0.06278974,-0.16979809,0.6961856,-0.039467458,0.017518641,-0.99906725,1.0,0.0,0.0,0.14688286,-0.22068223,0.21366262,0.037918568,-0.5198527,-0.041229773,-0.00010003323,0.19651248,-0.08112663,0.14145601,-0.23655587,0.33775192,0.4050475,0.030874094,0.06266928,0.23804429,-0.44986317,0.3578065,-0.5872173,0.03774087,0.09578334,0.091587715,-0.9577371,0.19206797,0.00035943696,-0.9596387,-0.6563191,-1.6647729,-0.69045305,0.28792387,0.4622088,-0.53885496,-0.92645633,-1.3236995,0.026219836,-0.9783994,-200.0,-200.0,-200.0,-200.0,-200.0,-200.0,200.0,-200.0,-200.0,30.597013168161,-200.0,200.0,0.14688286,-0.22068223,-0.5863374,1.6379186,-1.3198527,-0.041229773,-0.00010003323,0.19651248,-0.88112664,1.741456,-1.0365559,0.33775192,8.10095,0.6174819,1.2533855,4.7608857,-8.997263,7.15613,-11.744345,0.7548174,1.9156667,1.8317543,-19.154741,3.8413594
77,0.5895028,0.522175,0.627147,-0.030647466,0.004508122,-0.99952006,1.0,0.0,0.0,0.1578618,-0.25030482,0.19199318,0.06982458,-0.58027786,0.06609324,-0.05554562,0.17469119,-0.0965938,0.14086413,-0.31972986,0.27391148,-0.22490911,-0.29400387,-0.24853496,0.09363945,-0.23960292,0.48416638,-0.023252621,-0.22687355,-0.21667492,-0.08247026,0.027034495,-0.7380962,-0.6420706,1.2180461,0.5634374,-1.3842471,-0.071943656,-0.69787574,1.6791999,0.50340664,1.20026,0.5780687,0.7392503,0.7504246,200.0,-200.0,-200.0,-200.0,200.0,-200.0,-151.76079869698304,-200.0,-200.0,-200.0,20.33624993549398,-41.03725646868634,0.1578618,-0.25030482,-0.60800683,1.6698246,-1.3802779,0.06609324,-0.05554562,0.17469119,-0.8965938,1.7408642,-1.1197299,0.27391148,-4.4981823,-5.8800774,-4.9706993,1.8727889,-4.7920585,9.683328,-0.46505243,-4.537471,-4.3334985,-1.6494052,0.5406899,-14.761923
78,-0.09065753,-0.18542399,0.6858868,-0.025446791,-0.003494171,-0.9996701,1.0,0.0,0.0,0.072378844,-0.27652463,0.17079425,0.053722143,-0.5241218,0.052560408,-0.019187244,0.14948875,-0.12229842,0.1376189,-0.20962995,0.23242673,-0.59234107,0.0010938374,0.012221682,-0.22163227,0.7067024,-0.51943535,0.35087812,-0.042827975,-0.058317762,0.040607523,0.9784193,0.2274497,0.7982533,0.6653589,0.43672898,-0.28974152,0.26828498,-0.5116792,-0.47934872,0.7687436,0.18727666,0.5740816,-0.1966125,0.9715078,200.0,200.0,200.0,200.0,200.0,200.0,-200.0,200.0,200.0,-200.0,200.0,-200.0,0.072378844,-0.27652463,-0.62920576,1.6537222,-1.3241218,0.052560408,-0.019187244,0.14948875,-0.92229843,1.7376189,-1.00963,0.23242673,-11.846821,0.021876749,0.24443364,-4.4326453,14.1340475,-10.388706,7.0175624,-0.8565595,-1.1663553,0.8121504,19.568386,4.548994
79,-0.7569125,-0.9733018,0.8335555,-0.049838178,0.015611537,-0.9986353,1.0,0.0,0.0,0.021134352,-0.24181344,0.21016115,0.021063209,-0.30278486,-0.1070499,-0.010491234,0.1763739,-0.09813905,0.1605097,-0.11462581,0.3689058,0.015503369,0.31648877,0.31931305,-0.05675755,1.2172638,-0.8354656,-0.2110105,0.28262323,0.27504033,0.17114636,0.078608006,0.96496373,1.1412623,-1.4102576,-1.3046961,0.07887931,-1.2805191,0.2702291,-0.3968367,-1.340005,-0.57117516,-0.5997872,-0.84523165,-0.591166,-200.0,200.0,200.0,200.0,-200.0,200.0,200.0,200.0,194.27987758440878,-200.0,-56.01503871936984,1.6103083487628282,0.021134352,-0.24181344,-0.58983886,1.6210632,-1.1027849,-0.1070499,-0.010491234,0.1763739,-0.89813906,1.7605097,-0.9146258,0.3689058,0.3100674,6.3297753,6.386261,-1.135151,24.345276,-16.709312,-4.22021,5.6524644,5.5008063,3.4229271,1.5721601,19.299274
80,-0.07859433,-0.28496233,0.75158346,-0.07257364,0.03286719,-0.99682134,1.0,0.0,0.0,0.06268785,-0.20480439,0.24418002,0.03301406,-0.16411948,-0.16266395,-0.09398916,0.20720278,-0.05580491,0.18079746,-0.20302445,0.4558232,0.36685535,0.0798358,0.06059568,0.12574556,0.26456642,0.17753293,-0.5487605,0.04399619,0.15425985,0.04619362,-0.8685953,0.0022398066,0.25324446,-1.0417807,-1.0801837,-1.396943,-1.0260257,0.08640749,0.31831056,-0.23316383,-1.366962,-1.1971322,-0.29452723,-0.97945166,-88.87190830563884,-200.0,-200.0,-200.0,-200.0,-200.0,200.0,-200.0,-200.0,-19.018796043309038,-200.0,200.0,0.06268785,-0.20480439,-0.55582,1.6330141,-0.9641195,-0.16266395,-0.09398916,0.20720278,-0.8558049,1.7807975,-1.0030245,0.4558232,7.3371067,1.596716,1.2119136,2.5149112,5.2913284,3.5506585,-10.975209,0.87992376,3.0851967,0.92387235,-17.371906,0.04479613
81,0.4964113,0.36566943,0.3395943,-0.06906713,0.024935784,-0.9973003,1.0,0.0,0.0,0.12443029,-0.22054681,0.23291558,0.04559374,-0.21568877,-0.08342798,-0.13885657,0.18835616,-0.058372915,0.17221868,-0.27449316,0.3540931,0.25374395,-0.21287672,-0.14688379,0.00815848,-0.6852136,0.3720225,0.04130397,-0.20245245,-0.14740995,-0.11750789,-0.060127556,-0.9271213,-0.67117834,0.50370616,0.94335574,-0.66859,-0.6953562,-0.49108174,1.7202988,0.14432552,0.6118382,0.33926663,0.4887399,0.57169855,200.0,-200.0,-200.0,-200.0,37.308620951195245,-200.0,2.0655607774276064,-200.0,-200.0,-200.0,-200.0,-32.88955574825252,0.12443029,-0.22054681,-0.56708443,1.6455938,-1.0156888,-0.08342798,-0.13885657,0.18835616,-0.8583729,1.7722187,-1.0744932,0.3540931,5.0748787,-4.2575345,-2.9376757,0.1631696,-13.704272,7.44045,0.82607937,-4.049049,-2.9481988,-2.3501577,-1.2025511,-18.542425
82,-0.047795378,-0.39079526,0.5671588,-0.070089206,0.018489493,-0.99736935,1.0,0.0,0.0,0.13928704,-0.23756781,0.24107033,0.035814643,-0.36555701,-0.10390669,-0.08817394,0.15997076,-0.06876016,0.16052341,-0.18494791,0.27609304,-0.048531752,0.027718937,0.1979085,0.039331563,-0.63824457,-0.4050594,0.42595005,-0.09818788,0.03516279,-0.0069632456,0.7358526,0.051439106,0.027202671,0.85178417,-0.61396635,-0.46463007,-0.15240367,-0.40466714,-0.46704215,0.94154674,-0.16115427,0.7376826,-0.6131259,0.9120958,200.0,81.17460971684375,200.0,200.0,-120.57243912767649,200.0,-200.0,200.0,200.0,-200.0,-48.47234023705357,-200.0,0.13928704,-0.23756781,-0.5589297,1.6358147,-1.165557,-0.10390669,-0.08817394,0.15997076,-0.86876017,1.7605234,-0.9849479,0.27609304,-0.970635,0.55437875,3.95817,0.7866312,-12.764892,-8.101188,8.519001,-1.9637575,0.70325583,-0.13926491,14.7170515,1.0287821
83,-0.7261508,0.04783674,1.0379233,-0.074114814,0.037873097,-0.9965303,1.0,0.0,0.0,0.10035196,-0.2069299,0.25853342,0.041891217,-0.3780257,-0.20731539,-0.054754157,0.17425534,-0.08717072,0.1876738,-0.1436544,0.38523197,-0.236358,0.25562987,0.023840649,0.017148035,0.28899392,-0.4841182,-0.052092124,0.21091452,-0.16388482,0.23876798,-0.2300169,0.78926975,0.6456256,-1.4665529,-1.0160558,-0.22563277,-0.20892946,0.32057396,-0.6891366,-0.95836127,-0.06023903,-0.9348073,-0.29705215,-0.13382027,-200.0,200.0,167.44015687419542,200.0,-200.0,-200.0,200.0,200.0,-200.0,-200.0,-72.41118023286481,200.0,0.10035196,-0.2069299,-0.5414666,1.6418912,-1.1780257,-0.20731539,-0.054754157,0.17425534,-0.88717073,1.7876738,-0.9436544,0.38523197,-4.72716,5.112597,0.47681296,0.3429607,5.779878,-9.6823635,-1.0418425,4.2182903,-3.2776964,4.7753596,-4.600338,15.785395
84,-0.06649688,0.22600986,0.7607637,-0.06738197,0.054802768,-0.996221,1.0,0.0,0.0,0.0950308,-0.18268707,0.26572168,0.03561616,-0.31860048,-0.19307694,-0.11908204,0.19334128,-0.09442079,0.20483124,-0.1967814,0.43704107,0.1435333,0.013213734,0.033731926,-0.06498247,0.25270674,0.5295398,-0.53451645,0.0014056844,0.03887585,-0.027437925,-0.1317756,-0.17414944,0.6864135,-0.6702966,0.69250035,0.21186279,-0.85557914,-0.18193433,0.4137318,-0.39097476,0.9736267,-1.5069808,0.09605079,-0.58344895,-200.0,-200.0,57.27127275669153,-200.0,200.0,-200.0,200.0,-200.0,-200.0,-200.0,-34.693369136491015,200.0,0.0950308,-0.18268707,-0.53427833,1.6356162,-1.1186005,-0.19307694,-0.11908204,0.19334128,-0.8944208,1.8048313,-0.9967814,0.43704107,2.870666,0.2642747,0.6746385,-1.2996494,5.0541344,10.590796,-10.690329,0.028113687,0.777517,-0.5487585,-2.6355119,-3.4829886
85,0.62217474,-0.43141645,-0.1563958,-0.07185588,0.043319296,-0.99647385,1.0,0.0,0.0,0.18573831,-0.19755043,0.30273518,0.036126256,-0.37593788,-0.16828683,-0.18206866,0.16538332,-0.06210679,0.18406987,-0.13337803,0.30452514,0.7139342,-0.13998035,0.32235527,0.056969464,-0.72690594,-0.01778016,-0.1671878,-0.22952078,0.23256075,-0.102187805,0.4864237,-1.040646,-0.5822854,0.8630728,-0.7036218,0.40526015,-0.48022878,-0.3764926,1.2835122,0.23203132,-0.44615912,-0.12814248,0.30543977,0.19516835,200.0,-200.0,200.0,-200.0,-15.995622122818531,-200.0,200.0,-200.0,200.0,200.0,-200.0,-13.013426634586935,0.18573831,-0.19755043,-0.49726483,1.6361263,-1.1759379,-0.16828683,-0.18206866,0.16538332,-0.8621068,1.7840699,-0.93337804,0.30452514,14.278684,-2.7996068,6.4471054,1.1393893,-14.538118,-0.3556032,-3.343756,-4.5904155,4.651215,-2.043756,9.728474,-20.81292
86,0.08853038,0.1997936,-0.15209779,-0.07607341,0.030460374,-0.99663687,1.0,0.0,0.0,0.27715746,-0.20827962,0.31544444,0.078480005,-0.4324301,-0.23051995,-0.16447939,0.14959835,-0.055763304,0.17829132,-0.010053813,0.16396716,0.25244483,-0.0044782646,-0.14950924,0.33411863,-0.10565535,-0.3244236,0.28075212,0.00869792,-0.16281612,0.16559473,0.3615262,-0.48344904,-1.2384176,0.39084437,-0.7608639,-1.2198843,-0.26917708,0.030761749,-0.09268743,0.6867946,-0.10745104,-0.19503576,-0.33578265,0.66656476,200.0,182.12538790439038,-200.0,-200.0,200.0,200.0,-200.0,200.0,-200.0,200.0,14.331011259316014,32.46193690548762,0.27715746,-0.20827962,-0.48455557,1.67848,-1.2324301,-0.23051995,-0.16447939,0.14959835,-0.8557633,1.7782913,-0.8100538,0.16396716,5.048897,-0.08956529,-2.9901845,6.6823726,-2.113107,-6.488472,5.615042,0.17395839,-3.2563224,3.3118944,7.2305236,-9.668981
87,-0.58789325,0.4253557,0.28677735,-0.062749356,0.041610166,-0.9971615,1.0,0.0,0.0,0.27235696,-0.1908257,0.26567465,0.12719548,-0.38855857,-0.19727068,-0.13428722,0.18174592,-0.07703185,0.18749857,-0.042713583,0.17214978,-0.24846923,0.16697016,-0.3343748,0.16950133,0.26256973,0.45630622,0.10276487,0.2834266,-0.08312912,-0.0491139,-0.5537373,0.47204146,-0.034440335,-0.77489173,1.0732234,-0.693277,-0.28385723,-0.25188875,-0.32132322,-0.8969783,0.895376,-1.2224314,0.24540244,0.55358315,-22.35217941961487,200.0,22.546748278166504,-200.0,-104.2210211764617,200.0,-200.0,200.0,-200.0,-200.0,-22.894232365237684,26.95450770611376,0.27235696,-0.1908257,-0.53432536,1.7271955,-1.1885586,-0.19727068,-0.13428722,0.18174592,-0.87703186,1.7874986,-0.8427136,0.17214978,-4.9693847,3.3394032,-6.6874957,3.3900266,5.2513943,9.126124,2.0552974,5.668532,-1.6625824,-0.982278,-11.074745,9.440829
88,0.12288799,-0.26769108,0.81237185,-0.060217462,0.0509879,-0.9968822,1.0,0.0,0.0,0.17710099,-0.1853101,0.2469213,0.12338531,-0.34729546,-0.19608253,-0.16378495,0.1902964,-0.07087797,0.19461739,-0.045939326,0.28820187,-0.62589186,-0.09294947,0.09599935,-0.17284335,0.300746,-0.24761383,-0.36955306,-0.14798562,0.08159948,0.09191889,0.066811144,0.64244014,0.44150922,-0.47730425,-0.03640006,0.5713175,-1.1122334,-0.19635418,0.09328827,-0.8173469,-0.47769365,-0.494251,0.5315633,-0.27873233,-200.0,-200.0,200.0,-200.0,200.0,200.0,-200.0,-200.0,200.0,-200.0,148.11905289963835,-128.87389912573244,0.17710099,-0.1853101,-0.5530787,1.7233853,-1.1472955,-0.19608253,-0.16378495,0.1902964,-0.870878,1.7946174,-0.84593934,0.28820187,-12.517838,-1.8589894,1.919987,-3.456867,6.0149198,-4.9522767,-7.391061,-2.9597123,1.6319896,1.8383778,1.3362229,12.848803
89,0.79765254,0.3797491,0.024127876,-0.05589796,0.032258075,-0.99791527,1.0,0.0,0.0,0.09756403,-0.2331054,0.22833776,0.12376988,-0.39202803,-0.19959864,-0.16653515,0.14635919,-0.098436415,0.2208023,0.019652545,0.3249827,-0.21517797,-0.34926084,-0.25037286,0.14214422,-0.6526477,0.01456059,0.2718746,-0.28091446,-0.3093866,0.1620967,0.5425112,-0.18932347,0.80722725,0.9973511,-0.60924083,-0.70682,-0.15371822,-0.059681892,1.1650621,1.4247361,-0.5450676,-0.96876717,-0.18425079,-0.11962981,200.0,-200.0,-200.0,-200.0,200.0,-200.0,200.0,-175.18325878607703,-200.0,200.0,-200.0,-7.811937463947871,0.09756403,-0.2331054,-0.57166225,1.7237699,-1.192028,-0.19959864,-0.16653515,0.14635919,-0.8984364,1.8208023,-0.78034747,0.3249827,-4.3035593,-6.9852166,-5.007457,2.8428843,-13.052954,0.29121178,5.437492,-5.618289,-6.187732,3.2419338,10.8502245,-3.7864692
90,0.1304603,1.0783435,-0.6451756,-0.025590744,0.014169038,-0.9995721,1.0,0.0,0.0,0.10977501,-0.26900002,0.15658236,0.13772118,-0.414043,-0.15660009,-0.051322255,0.11611778,-0.18040305,0.24021888,0.024825573,0.20406882,0.2810137,-0.043570533,-0.4418436,0.0076068104,0.3339205,0.20988186,0.82552093,-0.06366073,-0.4957377,0.043854665,-0.36539194,-0.70001453,-0.4517975,0.9398549,1.7431315,-0.14321122,0.3940798,-0.27955493,-0.9939757,0.29979345,1.1085585,0.2565112,-0.128149,0.4826641,200.0,200.0,-200.0,-200.0,-124.88428995543632,47.67570147828167,200.0,200.0,-200.0,-200.0,200.0,-16.286739617137926,0.10977501,-0.26900002,-0.64341766,1.7377212,-1.214043,-0.15660009,-0.051322255,0.11611778,-0.98040307,1.8402189,-0.77517444,0.20406882,5.6202736,-0.87141067,-8.836872,0.1521362,6.67841,4.197637,16.510418,-1.2732146,-9.914754,0.87709326,-7.307839,-14.00029
91,-0.42215142,0.41123724,0.14913402,0.002822873,0.02130141,-0.9997691,1.0,0.0,0.0,0.11849999,-0.25118354,0.10449433,0.10147309,-0.24292225,-0.18578853,0.04706531,0.1273934,-0.24533921,0.2416842,-0.029263258,0.1669842,-0.14858632,0.19677931,-0.10939586,-0.3330908,1.2556969,-0.21102951,0.21948755,0.17243664,-0.19249555,-0.014524496,-0.21942449,0.23589507,-0.34475505,-0.18878756,1.4910312,0.2294056,-0.14617932,-0.20903936,-1.1159134,-0.018673174,1.2951032,0.15545657,0.034615763,0.5398085,-200.0,200.0,200.0,39.864012368496574,22.35604463823981,200.0,-200.0,200.0,200.0,-200.0,130.79300983325675,22.19645464311202,0.11849999,-0.25118354,-0.6955057,1.7014731,-1.0429223,-0.18578853,0.04706531,0.1273934,-1.0453392,1.8416842,-0.82926327,0.1669842,-2.9717262,3.9355862,-2.1879172,-6.661816,25.113937,-4.22059,4.389751,3.4487326,-3.849911,-0.2904899,-4.3884897,4.717901
92,-0.022151971,-0.18825978,0.97171193,0.0070705363,0.028390596,-0.9995719,1.0,0.0,0.0,0.040478997,-0.23610936,0.09873146,0.09308636,-0.1658563,-0.19334069,0.034403495,0.14361982,-0.24820405,0.21916842,-0.016052485,0.2790757,-0.59403276,0.012579984,0.042087164,0.106018364,0.042454883,-0.035839923,-0.29700616,0.02815098,0.12658842,-0.15512745,0.10719657,0.5698254,0.5601617,-1.0026671,-0.23112182,1.3401979,-1.3900427,0.31077328,0.40318328,-0.9858374,0.24837285,-0.30399644,-0.19868632,-0.27978426,-200.0,-200.0,200.0,17.096068226184713,-5.352116915812829,-48.09305331917733,-200.0,73.6582472855285,200.0,179.74205796962917,-6.633691503356914,2.482816051304738,0.040478997,-0.23610936,-0.70126855,1.6930864,-0.9658563,-0.19334069,0.034403495,0.14361982,-1.0482041,1.8191684,-0.8160525,0.2790757,-11.880655,0.25159967,0.8417433,2.1203673,0.84909767,-0.7167984,-5.940123,0.5630196,2.5317683,-3.102549,2.1439314,11.396508
93,0.68778574,-0.21580137,-0.20302737,0.0007869061,0.014498883,-0.99989456,1.0,0.0,0.0,-0.02442671,-0.26526642,0.089527965,0.14699185,-0.2624969,-0.09301596,0.029264068,0.119008966,-0.20756382,0.17304528,-0.057923436,0.29103002,-0.09648725,-0.28448746,-0.10619676,0.39621565,-0.91251534,0.8360297,0.11906558,-0.16793753,0.21165363,-0.061210282,-0.18585646,-0.34373778,1.0924433,1.0444895,-0.43082294,-1.7751561,-0.90744376,-0.2663466,0.6530231,1.4470603,-0.94619876,0.10460398,-0.1298557,-0.48121345,200.0,-200.0,200.0,-200.0,-172.22796556266798,-200.0,200.0,-200.0,-200.0,200.0,-200.0,16.06664807712764,-0.02442671,-0.26526642,-0.71047205,1.7469919,-1.0624969,-0.09301596,0.029264068,0.119008966,-1.0075638,1.7730453,-0.85792345,0.29103002,-1.9297448,-5.6897492,-2.1239352,7.924313,-18.250307,16.720594,2.3813117,-3.3587506,4.2330728,-1.2242056,-3.7171292,-6.8747554
94,-0.024545379,0.43525752,-1.0075547,0.006577673,0.0025602581,-0.9999751,1.0,0.0,0.0,0.006701925,-0.2864545,0.052069902,0.21162283,-0.47537404,-0.033778455,0.11222376,0.11226557,-0.1961236,0.16106606,-0.082906425,0.11659932,0.35979053,0.041991886,-0.25773546,0.26523626,-0.94052714,-0.14579932,0.65819156,0.07167061,-0.0708175,-0.05629123,-0.09861137,-1.2276009,-0.33265182,0.44516566,1.0357585,-1.0013889,0.14851727,-0.9139098,-0.5710817,-0.102650605,0.46444997,-0.08567428,0.070660435,0.612712,200.0,200.0,-200.0,-58.192733388806154,5.316745383157524,-34.82475513582176,200.0,200.0,-200.0,-200.0,78.56556846011608,-200.0,0.006701925,-0.2864545,-0.7479301,1.8116229,-1.275374,-0.033778455,0.11222376,0.11226557,-0.9961236,1.7610661,-0.88290644,0.11659932,7.1958103,0.83983773,-5.154709,5.304725,-18.810543,-2.9159863,13.163831,1.4334121,-1.41635,-1.1258246,-1.9722273,-24.552017
95,0.13768193,-0.15523347,-0.15743622,0.011713207,0.00085217645,-0.99993104,1.0,0.0,0.0,0.026213191,-0.27234188,0.033646226,0.22909236,-0.5590089,-0.1740045,0.18872209,0.1193476,-0.17497545,0.12263441,-0.03929174,-0.02459156,-0.11538135,0.08870631,0.0540271,-0.05793616,0.00876017,-1.1559869,0.150836,0.016812094,0.19237787,-0.15792607,0.28181365,-0.36300662,-0.44472277,-0.13846597,0.5805368,-0.6100912,-0.07180469,0.04322608,-1.3417356,-0.29772434,-0.13954389,0.15418556,0.56112736,0.8180404,-200.0,-200.0,200.0,-200.0,-78.35758949800507,200.0,-200.0,200.0,200.0,-200.0,200.0,-200.0,0.026213191,-0.27234188,-0.7663538,1.8290924,-1.3590089,-0.1740045,0.18872209,0.1193476,-0.97497547,1.7226344,-0.83929175,-0.02459156,-2.307627,1.7741262,1.080542,-1.1587232,0.1752034,-23.119738,3.01672,0.33624187,3.8475573,-3.1585214,5.636273,-7.2601323
96,0.19940573,-0.31477922,0.9665346,0.0037349055,-0.0042548194,-0.99998397,1.0,0.0,0.0,-0.048461728,-0.25339425,0.06610978,0.1863085,-0.45765477,-0.3014223,0.16939057,0.11466128,-0.15526551,0.12101483,0.080887675,-0.0037090797,-0.5901453,0.079017214,0.26412535,-0.3541281,0.7983326,-0.2128206,-0.29414254,-0.077088915,-0.0210855,0.16981311,0.45599166,0.34314588,0.8417792,0.33712664,-0.49205348,-0.62236744,-0.5453862,0.5427511,0.38705736,0.9120057,-0.77613914,1.4745785,-0.359964,0.5437226,-200.0,-200.0,47.3417879748621,-86.55178693206358,200.0,200.0,-200.0,148.56157507386536,200.0,-200.0,6.918789816462663,200.0,-0.048461728,-0.25339425,-0.73389024,1.7863085,-1.2576548,-0.3014223,0.16939057,0.11466128,-0.9552655,1.7210149,-0.71911234,-0.0037090797,-11.802906,1.5803442,5.282507,-7.082562,15.966651,-4.256412,-5.8828506,-1.5417783,-0.42171,3.3962622,9.119833,6.8629174
97,-0.5845751,0.26057705,0.13975239,0.0023140635,0.004335928,-0.9999879,1.0,0.0,0.0,-0.111372486,-0.20556763,0.10875869,0.10318673,-0.40253156,-0.23805544,0.1738274,0.12157496,-0.2027492,0.18699849,0.06518841,0.14866626,-0.08229811,0.37308103,0.17560129,-0.46877438,-0.15178904,0.7508419,0.27351648,0.13046804,-0.41564327,0.45599088,-0.5161429,0.85231715,1.0893811,-0.87608176,-0.12616475,-0.32883424,0.23279624,0.083855286,0.43058228,-0.8332798,0.66366357,-0.95766777,-0.7635086,-0.48150495,200.0,200.0,-200.0,200.0,-200.0,-56.93995536329544,200.0,200.0,-200.0,-200.0,-200.0,200.0,-0.111372486,-0.20556763,-0.6912413,1.7031868,-1.2025316,-0.23805544,0.1738274,0.12157496,-1.0027492,1.7869985,-0.7348116,0.14866626,-1.6459621,7.4616203,3.5120256,-9.375487,-3.0357807,15.016838,5.4703293,2.6093607,-8.312865,9.119818,-10.322858,17.046343
98,0.052748498,0.28736368,-0.31493583,0.012946319,0.014068571,-0.9998172,1.0,0.0,0.0,-0.052866973,-0.17724381,0.12917769,0.042179585,-0.32143193,-0.12652773,0.25443158,0.11580088,-0.25819165,0.24430168,-0.14015812,0.21516559,0.56929845,-0.032040924,0.03967027,-0.18295807,0.85589105,0.4762237,0.4096695,-0.14984903,-0.15406388,0.15005994,-1.3118,-0.09634392,0.41036743,-0.68663573,0.56347674,0.538279,0.13833062,-0.4072364,-0.8578573,0.48561803,0.5297837,-0.44885814,-0.76790977,-0.26627937,-48.743867746138676,-200.0,200.0,-200.0,23.73196823784133,-200.0,200.0,-200.0,-200.0,-200.0,200.0,-53.37110469383339,-0.052866973,-0.17724381,-0.6708223,1.6421796,-1.121432,-0.12652773,0.25443158,0.11580088,-1.0581917,1.8443017,-0.9401581,0.21516559,11.385969,-0.6408185,0.7934054,-3.6591613,17.11782,9.524474,8.19339,-2.9969804,-3.0812776,3.0011988,-26.236,-1.9268783
99,0.30051047,-0.34379184,-0.077857874,0.01033807,0.0069570676,-0.99992234,1.0,0.0,0.0,0.09374336,-0.19380909,0.16677684,0.018337846,-0.16396701,-0.13453645,0.26988113,0.10798924,-0.24239618,0.2477355,-0.35817713,0.09761401,0.7202932,-0.11937521,0.2971482,-0.06787013,0.6587968,-0.46387225,-0.2035831,0.040081635,0.26305902,-0.094891086,-0.89919204,-0.78435576,-0.83896637,1.5459844,0.19436589,0.3557924,-0.5897923,-0.38763028,-0.18686152,1.0794609,0.08239937,-0.9243558,0.4927594,0.60257775,-200.0,200.0,200.0,-200.0,82.79770638261971,42.550953424570366,-78.8877390767044,-200.0,200.0,200.0,-56.44683497214726,-191.60782256920123,0.09374336,-0.19380909,-0.6332232,1.6183379,-0.963967,-0.13453645,0.26988113,0.10798924,-1.0423962,1.8477355,-1.1581771,0.09761401,14.405864,-2.387504,5.9429636,-1.3574027,13.175936,-9.277445,-4.071662,0.8016327,5.2611804,-1.8978217,-17.98384,-15.687115
100,-0.12641507,-0.4518366,0.3443553,-0.005712595,0.004036778,-0.99997556,1.0,0.0,0.0,0.17891009,-0.18957926,0.19614941,0.053084135,-0.19802976,-0.21813521,0.16642343,0.14390723,-0.16830277,0.19989061,-0.43295187,0.044530336,0.18848248,0.1092596,0.06714016,0.27972707,-0.60438484,-0.37677372,-0.7223042,0.27704078,0.45189333,-0.3446971,0.057708073,0.1605196,-0.8533175,0.16160285,-1.1488681,-0.21597128,-0.72760475,0.8135749,0.79040796,-1.1240988,-0.6776203,-0.29637533,0.8563952,0.17685905,-30.263342223975883,200.0,79.7996185072505,-200.0,200.0,200.0,-200.0,200.0,-86.69991750699845,200.0,-200.0,38.63454145027873,0.17891009,-0.18957926,-0.6038506,1.6530842,-0.99802977,-0.21813521,0.16642343,0.14390723,-0.9683028,1.7998906,-1.2329519,0.044530336,3.7696495,2.1851919,1.3428032,5.594541,-12.087696,-7.5354743,-14.446084,5.5408154,9.037867,-6.8939414,1.1541615,3.210392
101,-0.29913804,0.1961837,0.463777,-0.009348562,0.013259583,-0.9998684,1.0,0.0,0.0,0.16058043,-0.16428465,0.18033063,0.09255457,-0.35958236,-0.19094989,0.08527957,0.17944282,-0.10752487,0.11229169,-0.31278986,0.0933524,-0.31764573,0.13819127,-0.19655864,0.12965785,-0.7966896,0.55577344,-0.1408084,0.11311167,0.17665832,-0.51771605,1.0445443,0.19199501,-0.08329802,-1.0084195,0.79094166,-1.3285487,-0.84322715,-0.26901004,0.8525963,-0.052790664,-0.061293278,0.64338607,-0.6878127,0.54725623,200.0,-200.0,-200.0,-200.0,200.0,-25.777273605645775,-200.0,200.0,-200.0,-200.0,58.82398354421923,200.0,0.16058043,-0.16428465,-0.6196694,1.6925546,-1.1595824,-0.19094989,0.08527957,0.17944282,-0.9075249,1.7122917,-1.1127899,0.0933524,-6.3529143,2.7638252,-3.9311728,2.5931568,-15.933792,11.115468,-2.816168,2.2622333,3.5331664,-10.354321,20.890886,3.8399
102,0.23429205,-0.13801716,0.22685336,-0.007119417,0.013904205,-0.999878,1.0,0.0,0.0,0.07963548,-0.16026017,0.16991222,0.087069035,-0.5272855,-0.17684272,0.11577852,0.16726823,-0.09003216,0.057611942,-0.20279568,0.21342629,-0.35059515,-0.07680866,0.08779285,-0.15394826,-0.63928443,-0.11187571,0.3857252,-0.19352885,0.01913706,0.016930444,0.16797112,0.6613683,1.0870295,-0.5643215,0.39661944,0.5952151,-0.5045513,-0.26298478,-0.07926266,-0.1997422,-0.031231616,1.1861641,-0.05675871,0.20433155,200.0,-200.0,50.25692263579096,200.0,-200.0,-200.0,200.0,-200.0,200.0,-200.0,200.0,167.75377679705025,0.07963548,-0.16026017,-0.6300878,1.687069,-1.3272855,-0.17684272,0.11577852,0.16726823,-0.8900322,1.657612,-1.0027957,0.21342629,-7.011903,-1.5361732,1.755857,-3.0789652,-12.785688,-2.2375143,7.714504,-3.8705769,0.3827412,0.33860886,3.3594222,13.227366
103,0.8975897,-0.45196182,0.3369567,-0.02055427,-0.010138214,-0.9997373,1.0,0.0,0.0,0.064843014,-0.20081119,0.2068026,0.074563384,-0.5581178,-0.20433298,0.1388225,0.11014549,-0.0713402,0.08400905,-0.15441614,0.24748623,0.15199614,-0.3004551,0.2562218,0.013856562,0.09980879,-0.11906747,-0.09668847,-0.36803022,0.12554425,0.22977832,0.21346925,-0.08082392,0.6272593,1.150487,-0.79217875,-1.4477812,0.12707423,-0.21513107,-0.42653793,1.6857244,-0.7582782,-0.73027605,-0.22540106,0.1739189,-200.0,-200.0,-39.29309452385988,200.0,-18.573687423355068,-17.988789221537118,200.0,-200.0,146.89710264444562,200.0,21.141119539255016,2.0915866833920944,0.064843014,-0.20081119,-0.5931974,1.6745634,-1.3581178,-0.20433298,0.1388225,0.11014549,-0.8713402,1.6840091,-0.95441616,0.24748623,3.0399227,-6.009102,5.124436,0.27713123,1.9961758,-2.3813493,-1.9337695,-7.3606043,2.510885,4.5955663,4.269385,-1.6164784
104,0.27867663,0.16929851,0.32885927,-0.025168698,-0.032064315,-0.9991689,1.0,0.0,0.0,0.14495774,-0.2258192,0.24690884,0.062129498,-0.43011588,-0.20971568,0.071425624,0.06605132,-0.065140545,0.11458492,-0.16920805,0.22213839,0.602736,0.01978497,0.15249644,-0.122109056,1.0711707,-0.012408887,-0.5085563,-0.10020738,-0.056112964,0.09279855,-0.116809845,-0.11114241,-0.4939575,0.74400216,-0.09372866,-0.6259099,0.8585013,0.18576795,0.72923213,0.3295213,0.12595028,-0.63536656,-0.064065106,0.19264516,-67.08119911470897,200.0,-200.0,-200.0,3.6718388850840427,16.12519282524832,200.0,200.0,-200.0,-200.0,170.70112267586308,1.880261447068932,0.14495774,-0.2258192,-0.55309117,1.6621295,-1.2301159,-0.20971568,0.071425624,0.06605132,-0.86514056,1.714585,-0.96920806,0.22213839,12.05472,0.3956994,3.0499287,-2.442181,21.423412,-0.24817774,-10.171125,-2.0041475,-1.1222593,1.855971,-2.336197,-2.2228482
105,-0.3552534,0.12364216,0.12059689,-0.01975092,-0.029216353,-0.99937797,1.0,0.0,0.0,0.21373871,-0.20233424,0.26198578,0.017995954,-0.10886514,-0.1203395,0.020156942,0.07046465,-0.05892861,0.10123944,-0.14081699,0.21127748,0.1317882,0.19717655,0.012123156,-0.30882356,1.9874566,0.6424051,-0.05053748,0.12344402,0.10937872,-0.19575045,0.16471106,-0.03985453,-0.4194302,0.39758128,0.542805,0.39264566,0.1881433,0.2807753,1.0087184,-0.04893627,0.7260727,0.37472525,0.015361657,0.23211828,200.0,200.0,200.0,-200.0,-10.913527995226588,2.8226207926577658,-200.0,200.0,-200.0,-200.0,55.82263794840469,-16.72807203619527,0.21373871,-0.20233424,-0.53801423,1.617996,-0.90886515,-0.1203395,0.020156942,0.07046465,-0.8589286,1.7012395,-0.940817,0.21127748,2.635764,3.9435308,0.24246313,-6.176471,39.74913,12.848102,-1.0107496,2.4688804,2.1875744,-3.9150088,3.2942212,-0.7970906
106,-0.39516482,-0.65638065,0.20485066,-0.032393105,-0.013506645,-0.9993839,1.0,0.0,0.0,0.2009848,-0.1807003,0.26202685,0.021155596,0.118255734,0.048877172,0.062832065,0.085270494,-0.016195238,0.075638056,-0.08328432,0.21859649,-0.22034445,0.08015325,0.031406377,0.1803206,0.83357155,0.8696763,0.42608467,0.041064225,0.29499602,-0.067871824,0.11983142,0.018361133,0.13990581,-1.0797279,0.102034286,1.7800846,-1.1324358,0.17539662,-0.3405403,-1.017641,0.0075796507,0.032481916,-0.25266397,-0.0005138293,200.0,-200.0,200.0,200.0,-200.0,-46.77579058160514,-200.0,200.0,200.0,200.0,-200.0,-200.0,0.2009848,-0.1807003,-0.53797317,1.6211556,-0.6817443,0.048877172,0.062832065,0.085270494,-0.81619525,1.6756381,-0.88328433,0.21859649,-4.406889,1.6030649,0.6281275,3.6064122,16.67143,17.393526,8.521693,0.8212845,5.8999205,-1.3574364,2.3966284,0.36722264
107,0.22468115,-0.03720426,0.27404258,-0.043628536,-0.010832303,-0.9989891,1.0,0.0,0.0,0.16579418,-0.19400494,0.23339093,0.093814135,0.17800397,0.12606983,0.09766184,0.071739614,0.018672168,0.0668807,-0.12646496,0.15717167,-0.13260157,-0.18534455,-0.25150952,0.4958129,-0.14124571,0.12537354,-0.035958834,-0.17207056,0.10189489,-0.035090063,-0.27067387,-0.34276116,0.9480674,-0.16170731,-1.0916498,-1.5884703,-1.1078776,-0.685354,-0.28491485,0.95044345,-1.4987983,-1.1588714,-0.34664416,-0.0009592399,-200.0,-200.0,-130.46437813718836,-34.76574929955278,16.971302509329405,26.73811897300527,86.1956892111296,-200.0,-35.87986145466181,200.0,-200.0,-38.12631594580155,0.16579418,-0.19400494,-0.5666091,1.6938142,-0.62199605,0.12606983,0.09766184,0.071739614,-0.78132784,1.6668807,-0.926465,0.15717167,-2.6520314,-3.7068908,-5.0301905,9.916258,-2.8249142,2.5074708,-0.71917665,-3.4414113,2.0378978,-0.70180124,-5.4134774,-6.855223
108,-0.29727685,0.5781565,0.26122096,-0.031922165,-0.006823083,-0.9994671,1.0,0.0,0.0,0.18373017,-0.20080796,0.16957313,0.17855227,0.04614967,0.045204617,0.041177265,0.06394959,0.020522952,0.046090603,-0.19915152,0.101072505,0.26017866,0.05693811,-0.37927857,0.36537683,-1.0827354,-0.8361908,-0.48736602,0.060248923,-0.06712391,-0.16249216,-0.31773075,-0.23053825,-0.07683977,0.5961801,1.1419761,-0.30950862,-0.5817131,-0.36732218,0.114310235,0.25078115,1.3614835,-0.10396256,0.94995356,0.34603047,-200.0,200.0,-200.0,-200.0,23.606354346407784,27.35728543398224,200.0,37.15705134590879,-200.0,-200.0,-200.0,-200.0,0.18373017,-0.20080796,-0.6304269,1.7785523,-0.75385034,0.045204617,0.041177265,0.06394959,-0.77947706,1.6460906,-0.9991515,0.101072505,5.2035728,1.1387622,-7.5855713,7.3075366,-21.654707,-16.723816,-9.74732,1.2049785,-1.3424783,-3.2498431,-6.3546147,-4.610765
109,-0.8172492,-0.20678915,0.40162703,-0.02450843,0.017827569,-0.9995406,1.0,0.0,0.0,0.19789031,-0.1634442,0.12932247,0.21457422,-0.16812527,-0.09872477,-0.0052719982,0.097726375,0.0355435,0.0018461943,-0.15795678,0.1445847,-0.08495431,0.28976858,-0.034417327,0.028357109,-0.9060814,-0.59668106,0.011469941,0.21964581,0.05423413,-0.022330826,0.6153693,0.23763143,-0.67686653,-1.0551428,0.38494563,-0.075964406,-0.51915234,0.71220016,1.1707567,-1.4351096,0.19774798,-1.1256392,0.4391256,-0.22329322,200.0,81.47696097379384,200.0,66.6727969195988,200.0,-17.086717795159814,-200.0,200.0,200.0,-200.0,81.91804763371681,61.31318560387808,0.19789031,-0.1634442,-0.67067754,1.8145742,-0.9681253,-0.09872477,-0.0052719982,0.097726375,-0.7644565,1.6018462,-0.9579568,0.1445847,-1.6990861,5.7953715,-0.68834656,0.5671422,-18.121628,-11.933621,0.22939882,4.392916,1.0846826,-0.4466165,12.307386,4.7526283
110,-0.12321531,-0.6225288,0.4932951,-0.04016534,0.03589869,-0.998548,1.0,0.0,0.0,0.1326203,-0.14049591,0.15634704,0.18702698,-0.30720836,-0.11153445,0.0432075,0.11849372,0.06890935,-0.022705793,0.016127884,0.093685955,-0.5345149,-0.044034686,0.26134375,-0.27818552,-0.5399227,0.37227973,0.45334396,0.06369766,0.15129493,0.01791749,0.38898993,-0.6210689,1.0079104,-0.97272843,-0.1905648,0.06702314,-0.28542572,0.62800825,-0.66310364,-0.27017432,-1.1490674,-0.4735844,-0.60315627,-0.91561663,200.0,-200.0,125.0823839321391,-200.0,200.0,-85.85010810211145,-200.0,-200.0,200.0,-200.0,181.16791280735407,200.0,0.1326203,-0.14049591,-0.643653,1.787027,-1.1072084,-0.11153445,0.0432075,0.11849372,-0.73109066,1.5772942,-0.7838721,0.093685955,-10.690298,-0.8806937,5.226875,-5.56371,-10.798454,7.4455943,9.066879,1.2739532,3.0258987,0.35834977,7.7797985,-12.421377
111,0.5092444,0.108021945,0.3999588,-0.050788872,0.028534705,-0.9983017,1.0,0.0,0.0,0.06710256,-0.17992577,0.17892528,0.14028776,-0.34195322,0.06833386,0.0828798,0.10811748,0.086163044,-0.03545463,-0.009573936,-0.13713476,-0.16212605,-0.31240258,-0.020973723,-0.17197528,0.10593271,1.1853904,-0.0102921855,-0.1572213,0.036520224,-0.13186495,-0.5526406,-1.558913,0.8712262,0.5290922,-0.79068106,-0.35282874,-0.25448215,-0.22145465,-0.3016305,0.4224952,-0.29659092,0.006831683,0.20781064,0.65971124,-200.0,-200.0,-200.0,-200.0,-200.0,-118.79815728288236,200.0,-200.0,-200.0,30.441084697084165,25.28609636406108,-29.685631037427584,0.06710256,-0.17992577,-0.62107474,1.7402878,-1.1419532,0.06833386,0.0828798,0.10811748,-0.71383697,1.5645454,-0.80957395,-0.13713476,-3.242521,-6.248051,-0.41947445,-3.4395056,2.1186543,23.707806,-0.2058437,-3.1444259,0.7304045,-2.637299,-11.052813,-31.178259
112,-0.17331429,0.71037984,0.40529668,-0.033021294,0.024108266,-0.99916387,1.0,0.0,0.0,0.08041911,-0.20536776,0.16120273,0.092193365,-0.31223792,0.19866733,0.034117624,0.10414728,0.056966007,-0.034464717,-0.013417423,-0.3449121,0.2541527,0.01309483,-0.13870604,-0.29807678,0.13043934,0.2150036,-0.43538484,0.09786322,-0.28001586,0.08202675,0.39129487,-0.61365646,-0.3886106,0.8499239,1.2338068,0.63822496,-0.7651871,-1.1527375,0.6186331,0.28692618,0.7122699,0.9734003,0.15847246,1.5633961,-200.0,200.0,-200.0,15.420838518436668,131.79048225062525,200.0,200.0,200.0,-200.0,-200.0,-15.20884448942094,-200.0,0.08041911,-0.20536776,-0.6387973,1.6921934,-1.1122379,0.19866733,0.034117624,0.10414728,-0.743034,1.5655353,-0.81341743,-0.3449121,5.0830536,0.2618966,-2.7741208,-5.9615355,2.6087868,4.3000717,-8.707697,1.9572643,-5.600317,1.640535,7.825897,-12.273129
113,-0.67666996,-0.00644544,0.46992823,-0.019811232,0.043528363,-0.99885577,1.0,0.0,0.0,0.0902913,-0.178106,0.15183681,0.044718027,-0.39191145,0.13006906,-0.0015850229,0.14567348,0.016667128,0.0015904903,0.046038985,-0.35915524,-0.12252267,0.22889452,0.025454044,-0.18626659,-0.75422937,-0.7991831,0.028318485,0.26640698,-0.13922161,0.2571468,0.24121082,0.37539625,-0.3255126,-0.9181538,0.62648106,0.69517624,-0.68480647,-0.12616445,0.46570367,-1.367236,0.76763254,-0.7151341,-0.19496186,0.068454884,200.0,34.67698946839687,200.0,200.0,-17.3557183783619,200.0,-200.0,200.0,200.0,200.0,-46.3110831676654,-200.0,0.0902913,-0.178106,-0.6481632,1.644718,-1.1919115,0.13006906,-0.0015850229,0.14567348,-0.7833329,1.6015905,-0.753961,-0.35915524,-2.4504533,4.5778904,0.5090809,-3.7253315,-15.084587,-15.983661,0.5663697,5.32814,-2.7844322,5.142936,4.8242164,7.507925
114,0.0122222705,-0.612055,0.44725809,-0.03230631,0.055847242,-0.9979165,1.0,0.0,0.0,0.017058684,-0.16497421,0.1712451,0.01970315,-0.49624294,0.035459466,0.05228822,0.166247,0.023355067,0.018370867,0.0009852052,-0.22549245,-0.5666009,-0.07043497,0.15364522,-0.07226413,-0.41596338,-0.35404173,0.4616767,-0.019933244,0.17508787,-0.059541233,-0.41616532,0.6465947,0.85099775,-0.6255066,-0.7672693,-0.10228231,-0.5059498,0.8400209,-0.5801739,-0.12655106,-0.91314316,-1.131171,-0.42029655,-0.4845317,200.0,-200.0,200.0,-200.0,14.357588855684128,-59.006598269783126,-182.37809615831247,-200.0,200.0,200.0,40.6762677369623,32.91729796692118,0.017058684,-0.16497421,-0.6287549,1.6197032,-1.296243,0.035459466,0.05228822,0.166247,-0.77664495,1.6183709,-0.7990148,-0.22549245,-11.332018,-1.4086994,3.0729043,-1.4452826,-8.319267,-7.0808344,9.233534,-0.39866486,3.5017574,-1.1908246,-8.323306,12.931893
115,0.63786715,0.09012854,0.43608242,-0.040405765,0.042414572,-0.99828273,1.0,0.0,0.0,-0.05309168,-0.20702195,0.1794467,-0.0007318258,-0.5105303,0.075536534,0.09678576,0.13952932,0.04781276,-0.011777997,-0.13191503,-0.20402022,-0.17665373,-0.31715214,-0.05373286,-0.11463877,0.01145505,0.6537754,0.023482753,-0.2345285,0.07842904,-0.22784702,-0.62446946,-0.33366674,0.91327333,0.76875347,-0.32544073,-0.48498,-0.58340746,0.4932178,-0.44094968,0.44242832,-0.60831106,-0.23552606,-0.07377816,-0.29115456,-200.0,-200.0,-200.0,-200.0,48.408191032051946,-200.0,200.0,-200.0,-200.0,-94.30346308863591,-0.8165483115396555,200.0,-0.05309168,-0.20702195,-0.6205533,1.5992682,-1.3105303,0.075536534,0.09678576,0.13952932,-0.75218725,1.588222,-0.93191504,-0.20402022,-3.5330744,-6.343043,-1.0746572,-2.2927754,0.22910099,13.075507,0.46965504,-4.69057,1.5685809,-4.5569406,-12.489388,-6.6733346
116,0.03443639,0.71087027,0.4035664,-0.021478495,0.030615965,-0.9993004,1.0,0.0,0.0,-0.040408406,-0.23962116,0.16000712,-0.041279912,-0.5327943,0.21697193,0.05473332,0.119114034,0.041559458,-0.062055826,-0.15187931,-0.23611133,0.25749943,-0.04140039,-0.1144702,-0.27406108,-0.10750921,0.6037708,-0.35865888,-0.0020769916,-0.16328114,-0.027717952,0.33252448,-0.040273346,-0.3180643,0.8780176,1.3304397,0.5895367,-0.44959724,-0.8610954,0.51991,0.4745311,0.9627463,1.2254492,-0.1418884,0.78111863,-200.0,200.0,-200.0,-57.30490328988492,19.246649599437887,18.77010896590933,200.0,200.0,-200.0,-200.0,6.67559733423451,-53.38940730803802,-0.040408406,-0.23962116,-0.6399929,1.5587201,-1.3327943,0.21697193,0.05473332,0.119114034,-0.75844055,1.5379442,-0.9518793,-0.23611133,5.149988,-0.8280078,-2.289404,-5.4812217,-2.1501842,12.075416,-7.1731777,-0.04153983,-3.2656229,-0.554359,6.6504893,-0.8054669
117,-0.597659,0.0046466803,0.43384737,-0.008010472,0.043352697,-0.9990277,1.0,0.0,0.0,-0.031361446,-0.2222545,0.15106529,-0.08183622,-0.5098148,0.22654353,0.033068966,0.1425518,0.02259016,-0.047064543,-0.14084524,-0.13655396,-0.13138592,0.19773203,0.01190521,-0.14271343,0.12900965,-0.40683627,0.0936822,0.21004839,-0.041808397,0.15602094,-0.006455055,0.9376158,-0.2881565,-0.6938975,0.6432225,0.6822661,-0.6015241,-0.5248178,0.6906836,-1.0573858,0.325101,-0.769049,-0.16981654,-0.053109087,200.0,200.0,200.0,200.0,3.8944471622262,200.0,-200.0,200.0,200.0,200.0,-8.465706501382897,-200.0,-0.031361446,-0.2222545,-0.6489347,1.5181638,-1.3098148,0.22654353,0.033068966,0.1425518,-0.77740985,1.5529355,-0.94084525,-0.13655396,-2.6277184,3.9546406,0.2381042,-2.8542686,2.580193,-8.136725,1.873644,4.200968,-0.83616793,3.1204188,-0.1291011,18.752316
118,0.0658498,-0.6320471,0.32004207,-0.020949896,0.052745547,-0.99838823,1.0,0.0,0.0,-0.09589707,-0.21022615,0.16589987,-0.09649873,-0.5349273,0.043376215,0.10002583,0.15704569,0.050228894,-0.053435206,-0.15031981,-0.051578544,-0.3777078,-0.056840785,0.13353537,-0.015649995,-0.1472356,-1.1930732,0.5396588,-0.028893996,0.28874847,-0.18372999,-0.044318467,0.05268652,1.1460539,-0.5143079,-0.57744735,0.20125483,-1.3412734,0.43961197,-0.60190773,-0.3976573,-0.6415479,-1.0516462,-0.29626912,-0.8176625,200.0,-200.0,200.0,-200.0,5.513951892550217,-98.60214322517389,-15.668422067628683,-200.0,200.0,200.0,13.803908895317477,20.366419499743643,-0.09589707,-0.21022615,-0.63410014,1.5035013,-1.3349273,0.043376215,0.10002583,0.15704569,-0.7497711,1.5465648,-0.9503198,-0.051578544,-7.554156,-1.1368157,2.6707075,-0.31299987,-2.944712,-23.861464,10.793176,-0.5778799,5.7749696,-3.6745996,-0.88636935,1.0537304
119,0.7765025,-0.03838744,0.093833424,-0.032369025,0.034398597,-0.99888384,1.0,0.0,0.0,-0.123018816,-0.2511703,0.15793759,-0.06311071,-0.6608744,-0.08483057,0.14086768,0.14120777,0.089551985,-0.06757784,-0.19720662,-0.1428893,0.06344398,-0.31606257,-0.17274271,0.3109816,-0.966644,-0.18966593,-0.090228215,-0.111025624,0.096686065,0.1038849,-0.18493065,-0.7350334,0.42536464,1.058806,-0.26325256,-0.67235774,-0.70899975,0.93501604,-0.45587957,0.5382393,-0.9503824,-0.12613696,-0.22041515,0.14585847,-200.0,-200.0,-200.0,-200.0,-3.7787842278393953,-200.0,200.0,-200.0,-200.0,200.0,-200.0,200.0,-0.123018816,-0.2511703,-0.6420624,1.5368893,-1.4608744,-0.08483057,0.14086768,0.14120777,-0.710448,1.5324222,-0.9972066,-0.1428893,1.2688797,-6.3212514,-3.4548542,6.219632,-19.33288,-3.7933185,-1.8045642,-2.2205124,1.9337213,2.077698,-3.698613,-14.700667
120,0.17333475,0.6570706,0.06580919,-0.018515997,0.01663016,-0.99969023,1.0,0.0,0.0,-0.063535206,-0.2882842,0.116990924,-0.018070817,-0.79268175,-0.016507851,0.07702367,0.14133279,0.08944863,-0.059767127,-0.20484143,-0.18663211,0.48380503,-0.08531983,-0.23445156,0.15929915,-0.2923359,0.77619797,-0.5057613,0.09792053,-0.08072232,-0.00033823206,-0.021328136,0.20393364,-0.54277885,1.4252039,1.4554416,-1.1062149,0.4437744,-0.69906807,0.79837805,0.18037271,0.5903796,-0.21317983,0.010697817,0.7240161,-200.0,200.0,-200.0,-138.20541022824884,-17.147798253354104,200.0,200.0,200.0,-200.0,-200.0,200.0,200.0,-0.063535206,-0.2882842,-0.6830091,1.5819292,-1.5926818,-0.016507851,0.07702367,0.14133279,-0.7105514,1.5402329,-1.0048414,-0.18663211,9.676101,-1.7063966,-4.689031,3.185983,-5.846718,15.523959,-10.115227,1.9584106,-1.6144463,-0.006764641,-0.42656273,4.078673
121,-0.032367423,-0.052789573,0.1411443,-0.006472288,0.014578862,-0.9998728,1.0,0.0,0.0,-0.0126894275,-0.29190648,0.101747036,-0.025849462,-0.74771315,0.028355664,0.03440904,0.15980688,0.09776336,-0.075981975,-0.13379711,-0.060853716,0.064806245,0.042275444,0.06977738,-0.20239912,0.6485566,-0.22697861,0.08596724,0.035443068,0.051766124,0.05087045,0.50041306,0.7466666,-0.47348574,0.018805448,0.7654152,-0.29987592,-0.1749173,-0.6315408,0.9918874,-1.2258434,0.2055244,0.28661305,0.72399884,0.18165287,200.0,-47.82011899840133,200.0,-200.0,-200.0,200.0,-200.0,200.0,200.0,-200.0,200.0,-200.0,-0.0126894275,-0.29190648,-0.698253,1.5741506,-1.5477132,0.028355664,0.03440904,0.15980688,-0.70223665,1.524018,-0.9337971,-0.060853716,1.2961249,0.8455089,1.3955475,-4.047982,12.971131,-4.5395722,1.7193449,0.70886135,1.0353224,1.017409,10.008261,14.933332
122,-0.028730871,-0.61843884,0.273091,-0.020875162,0.01671037,-0.99964243,1.0,0.0,0.0,-0.046788145,-0.27425906,0.14053428,-0.09751034,-0.56419915,-0.12746689,0.101971075,0.16249329,0.10762155,-0.045250773,0.037979424,0.05466992,-0.3714438,0.1117965,0.30340713,-0.5002432,1.1068602,-1.2317046,0.5665187,-0.0134127755,-0.07640033,0.36404604,0.6248733,0.34672502,0.61894274,0.3038104,-0.6310504,-0.24384385,-1.0281532,0.051086485,-0.4984867,0.8484358,-1.1588117,0.105835535,-1.2781825,-0.43528455,200.0,-200.0,190.22141006300131,200.0,200.0,200.0,-200.0,200.0,200.0,-200.0,200.0,-200.0,-0.046788145,-0.27425906,-0.65946573,1.5024897,-1.3641992,-0.12746689,0.101971075,0.16249329,-0.69237846,1.5547493,-0.7620206,0.05466992,-7.428876,2.23593,6.0681424,-10.004864,22.137203,-24.63409,11.330375,-0.2682555,-1.5280066,7.2809205,12.497465,6.9345
123,-0.7373798,-0.06948642,0.39271137,-0.035119686,0.035099734,-0.99876654,1.0,0.0,0.0,-0.06129304,-0.23009828,0.16188222,-0.09806836,-0.4642194,-0.21994987,0.16542403,0.19307455,0.075163424,0.030863285,0.058431804,0.014539715,0.13941453,0.3204162,0.086058885,-0.03465681,0.090693094,-0.029098272,0.1264157,0.26543316,-0.2419952,0.3551105,-0.32333902,-0.62668335,0.4986114,-1.0464928,-0.94922286,-0.3907358,-0.6984325,0.43066478,-0.61676043,-1.424413,0.13448241,-1.3013984,-0.036359496,-0.24022588,-200.0,200.0,-200.0,-200.0,-200.0,-200.0,200.0,200.0,-200.0,-200.0,-200.0,200.0,-0.06129304,-0.23009828,-0.6381178,1.5019317,-1.2642194,-0.21994987,0.16542403,0.19307455,-0.7248366,1.6308633,-0.7415682,0.014539715,2.7882905,6.4083242,1.7211777,-0.6931362,1.8138618,-0.58196545,2.5283139,5.3086634,-4.839904,7.10221,-6.46678,-12.533667
124,-0.040148977,0.05611586,0.11239277,-0.035190113,0.049369965,-0.9981604,1.0,0.0,0.0,0.014442596,-0.19689807,0.18167794,-0.11653268,-0.5270578,-0.122837625,0.1309735,0.21500659,0.06224072,0.06521058,0.02432841,-0.076154664,0.5730254,0.044321574,0.101176694,-0.1430185,-0.38140893,0.85331815,-0.41247606,-0.017539384,0.069396876,0.03225774,-0.10612371,-0.33894524,0.071305886,-0.92660433,0.8696894,-0.13680817,-0.8855254,-0.3988007,-0.05506985,-0.11275547,0.31588364,-0.94868284,-0.44704324,0.33118546,-200.0,-200.0,100.77788799464459,-200.0,-36.72148184807013,-7.139181781562058,200.0,-200.0,-200.0,-200.0,48.66293417171977,200.0,0.014442596,-0.19689807,-0.6183221,1.4834673,-1.3270578,-0.122837625,0.1309735,0.21500659,-0.7377593,1.6652106,-0.7756716,-0.076154664,11.460508,0.88643146,2.0235338,-2.86037,-7.6281786,17.066362,-8.249521,-0.35078767,1.3879374,0.6451548,-2.1224742,-6.778905
125,0.6614346,-0.4803645,0.21394219,-0.045192376,0.035783377,-0.9983372,1.0,0.0,0.0,0.10280917,-0.21412677,0.22200292,-0.14222968,-0.6435177,-0.058138255,0.055815667,0.17943339,0.11503363,0.03892815,-0.09077495,-0.034364905,0.24772654,-0.18994193,0.26208198,-0.10898357,-0.5295083,-0.10945201,-0.30175254,-0.3122232,0.3850871,-0.26389793,-0.76006824,0.65880555,-1.1692694,1.0616094,-0.18737261,0.23611064,0.04641901,-0.87380993,1.1592968,0.53001386,-0.9811858,0.16391566,-0.16237773,0.5686742,83.69536045623536,-200.0,49.44365963868029,-200.0,34.60244821625861,197.87309515041045,-200.0,-200.0,200.0,121.22230168247673,46.89523516858338,-200.0,0.10280917,-0.21412677,-0.5779971,1.4577703,-1.4435177,-0.058138255,0.055815667,0.17943339,-0.6849664,1.6389282,-0.89077497,-0.034364905,4.9545307,-3.7988384,5.2416396,-2.1796713,-10.590165,-2.1890402,-6.035051,-6.244464,7.7017417,-5.2779584,-15.2013645,13.176111
126,-0.004126334,0.054904815,0.23394878,-0.052443705,0.024453701,-0.99832445,1.0,0.0,0.0,0.08875204,-0.22717656,0.21886963,-0.12494421,-0.6405596,-0.19045116,0.060802404,0.14717284,0.1393283,0.021872282,-0.18771279,0.14939126,-0.3304737,0.03470599,-0.24804533,0.24454568,0.45971772,-1.1127822,0.28644785,-0.030947972,-0.09034917,0.06526438,-0.092139564,0.91007006,0.15392746,0.38687977,-0.4303716,-0.6728559,0.045864746,0.26805624,0.20259817,0.9508357,-0.11763865,0.4811387,0.16474693,-0.16926119,200.0,200.0,-200.0,200.0,200.0,-68.4469826311232,-200.0,200.0,-200.0,200.0,200.0,-200.0,0.08875204,-0.22717656,-0.5811304,1.4750558,-1.4405596,-0.19045116,0.060802404,0.14717284,-0.6606717,1.6218723,-0.9877128,0.14939126,-6.6094737,0.69411975,-4.9609065,4.8909135,9.194354,-22.255644,5.7289567,-0.6189594,-1.8069834,1.3052876,-1.8427912,18.2014
127,-0.7329846,0.566376,0.01609898,-0.037628733,0.041017625,-0.9984496,1.0,0.0,0.0,0.07450499,-0.19068334,0.15786713,-0.09059441,-0.45579737,-0.30708897,0.116147585,0.17135441,0.08044964,0.0687021,-0.110866666,0.22124833,0.094901055,0.2960244,-0.34149596,0.106920235,1.0805057,-0.15097556,0.23240052,0.2412102,-0.42486444,0.3547407,0.58502406,-0.09281705,0.68829,-1.4937906,1.4047247,-0.26469588,-0.9949235,0.29397473,-0.80332273,-0.8706209,0.039537873,-1.4881247,-0.4964125,-0.8660726,-64.09023599319272,200.0,-6.385590618305002,200.0,-21.327265026989153,-200.0,86.48135255646272,200.0,-200.0,-200.0,-63.341758780991086,200.0,0.07450499,-0.19068334,-0.6421329,1.5094056,-1.2557974,-0.30708897,0.116147585,0.17135441,-0.7195504,1.6687021,-0.9108667,0.22124833,1.8980211,5.920488,-6.829919,2.1384046,21.610115,-3.019511,4.6480103,4.824204,-8.497289,7.0948143,11.700481,-1.856341
128,-0.091224805,0.15001112,0.061832197,-0.025362635,0.05606817,-0.99810475,1.0,0.0,0.0,0.15677851,-0.16114277,0.13929456,-0.10667193,-0.34772223,-0.22726925,0.099166416,0.19338813,0.045938253,0.10485721,-0.100584626,0.09552596,0.6683419,0.02476806,0.08943151,-0.21963902,0.098460846,0.84982616,-0.3340778,0.0062175416,0.0004977858,0.05706593,-0.38308126,-1.0670656,-0.26521122,-0.77906907,0.9503528,-0.06963019,-0.9638422,-0.26460105,-0.63728917,-0.26571152,0.6495936,-1.4015384,-0.47014156,-0.107113175,-200.0,-200.0,15.587451735538771,-200.0,-200.0,-200.0,200.0,-200.0,200.0,-129.6628994533067,-200.0,200.0,0.15677851,-0.16114277,-0.66070545,1.4933281,-1.1477222,-0.22726925,0.099166416,0.19338813,-0.75406176,1.7048572,-0.90058464,0.09552596,13.3668375,0.49536118,1.7886301,-4.3927803,1.969217,16.996523,-6.6815557,0.12435083,0.009955716,1.1413186,-7.661625,-21.341312
129,0.68385243,-0.44296396,0.64380574,-0.031622265,0.042994402,-0.99857473,1.0,0.0,0.0,0.23485433,-0.1805825,0.17645234,-0.11833477,-0.422211,-0.15227178,-0.03483804,0.15864347,0.093251824,0.08302307,-0.23201591,-0.022007797,0.1590939,-0.18803391,0.27939832,-0.010805392,-0.80087817,-0.047668647,-0.8598841,-0.32985705,0.39851093,-0.2511986,-0.6387113,-0.28148606,-1.2550473,0.7817558,-0.021875601,0.86355656,0.026392385,-0.9697896,1.1100283,0.5586212,-0.7357812,-0.37745452,-0.08570769,1.0207616,200.0,-200.0,200.0,-200.0,200.0,200.0,-200.0,-200.0,200.0,113.70180422617037,-200.0,-200.0,0.23485433,-0.1805825,-0.6235477,1.4816653,-1.222211,-0.15227178,-0.03483804,0.15864347,-0.7067482,1.6830231,-1.0320159,-0.022007797,3.181878,-3.760678,5.5879664,-0.21610783,-16.017563,-0.95337296,-17.197681,-6.597141,7.9702187,-5.0239716,-12.774225,-5.629721
130,0.11922795,0.09959503,0.6853215,-0.0368246,0.029252892,-0.9988935,1.0,0.0,0.0,0.20351991,-0.19600435,0.17959285,-0.087984085,-0.47390407,-0.27220967,-0.14170025,0.11881886,0.13884372,0.020623803,-0.25224787,0.029639076,-0.4152091,0.0067228065,-0.20710924,0.28379902,0.18511535,-1.050631,-0.26878056,-0.08130887,0.10562475,-0.36047307,0.29725382,0.6995899,0.05071082,0.7762429,-0.43358105,-1.1047797,0.233303,-0.08887133,1.3363044,0.89280534,-0.03867412,0.1270827,0.24359305,-0.034004964,200.0,200.0,-200.0,-200.0,95.88558415289626,200.0,-200.0,200.0,-200.0,200.0,200.0,-200.0,0.20351991,-0.19600435,-0.62040716,1.5120159,-1.2739041,-0.27220967,-0.14170025,0.11881886,-0.6611563,1.6206238,-1.0522479,0.029639076,-8.304182,0.13445613,-4.1421847,5.67598,3.702307,-21.01262,-5.3756113,-1.6261774,2.112495,-7.209461,5.945076,13.991798
131,-0.6036521,0.69764775,0.2780692,-0.018589785,0.040938526,-0.9989887,1.0,0.0,0.0,0.14353594,-0.16909832,0.11537796,-0.046653867,-0.32989007,-0.3774695,-0.12977639,0.13951488,0.1166445,-0.01745975,-0.111982405,0.06504857,-0.23017533,0.24445069,-0.40763068,0.1414831,1.1199538,-0.09834293,0.32743844,0.24348044,-0.27401578,-0.057757672,0.7711657,-0.17370842,0.56975424,-1.1710604,1.5738338,0.10589193,-0.97376764,0.7212477,-0.18545021,-0.8903594,0.20159039,-0.10897907,0.33621752,-0.7248261,200.0,200.0,-77.11396053515983,200.0,-56.94881054006123,-61.16488299873359,48.310671214591196,200.0,-200.0,-200.0,102.44109510282442,200.0,0.14353594,-0.16909832,-0.68462205,1.5533462,-1.1298901,-0.3774695,-0.12977639,0.13951488,-0.6833555,1.5825403,-0.9119824,0.06504857,-4.6035066,4.889014,-8.152614,2.8296618,22.399075,-1.9668586,6.548769,4.869609,-5.4803157,-1.1551534,15.423314,-3.4741685
132,0.024470381,0.07255637,0.13866305,-0.004117282,0.051027864,-0.99868876,1.0,0.0,0.0,0.16246305,-0.1469027,0.070661545,-0.010884166,-0.21386188,-0.2854647,-0.12258293,0.1581845,0.101015866,-0.0474993,0.040570974,-0.07724481,0.36167264,-0.0018390183,-0.075460605,0.19262819,0.13777697,0.91616535,-0.11872786,-0.017821223,0.06459408,-0.19085178,0.64399886,-1.1489047,0.15660813,-0.3773743,1.0325093,-0.25572342,-1.3806354,-0.2500948,-0.6271694,-0.42407236,0.5260805,-0.2814578,-0.51368505,-0.4025201,-24.074454692737348,-200.0,164.12719327379114,56.858503694090075,-54.785173409214394,-200.0,200.0,-200.0,200.0,49.0547746532113,-200.0,200.0,0.16246305,-0.1469027,-0.72933847,1.5891159,-1.0138619,-0.2854647,-0.12258293,0.1581845,-0.69898415,1.5525007,-0.75942904,-0.07724481,7.233453,-0.036780365,-1.509212,3.8525639,2.7555394,18.323307,-2.3745573,-0.35642445,1.2918817,-3.8170354,12.879977,-22.978094
133,0.7015872,-0.50043696,0.6612421,-0.012936692,0.034560774,-0.99931884,1.0,0.0,0.0,0.18359661,-0.1693496,0.09894866,-0.010150433,-0.29430038,-0.20900968,-0.20119089,0.14401644,0.1414972,-0.0628798,-0.044475198,-0.19993024,-0.020023061,-0.19712663,0.32136297,-0.14366895,-0.84377855,-0.02041451,-0.62694895,-0.20270972,0.3746458,-0.21659505,-0.7626669,-0.4220297,-0.8393237,0.65713316,-0.34518564,-0.58248836,-0.8733758,-1.0053355,1.1365795,0.34928003,-1.0878568,0.68866175,-0.38554293,0.5422528,-200.0,-200.0,200.0,-200.0,-200.0,-1.7302550327752328,-45.13785392299807,-200.0,200.0,-200.0,-200.0,-120.4301951428524,0.18359661,-0.1693496,-0.70105135,1.5898496,-1.0943004,-0.20900968,-0.20119089,0.14401644,-0.6585028,1.5371202,-0.8444752,-0.19993024,-0.4004612,-3.9425325,6.4272594,-2.873379,-16.87557,-0.4082902,-12.538979,-4.0541945,7.4929156,-4.331901,-15.253337,-8.440594
134,0.008944022,0.06093714,0.84086114,-0.018777175,0.022156296,-0.9995782,1.0,0.0,0.0,0.11546746,-0.18196245,0.1306532,-0.049973726,-0.4826898,-0.32151678,-0.2598225,0.13328905,0.16797566,-0.06702292,-0.16260815,-0.17475507,-0.57350844,0.052958906,0.0074838446,0.073387794,-0.6094235,-0.8721711,-0.026628027,0.07651355,-0.042767446,0.14302488,-0.48417616,0.5746271,0.09228477,0.85395366,-0.22581623,-0.7746924,0.10316928,0.111465305,1.0633215,0.69820327,-0.044476513,0.85792655,-0.24250402,0.43990144,200.0,200.0,-200.0,200.0,38.83443669304927,200.0,-200.0,200.0,-200.0,-200.0,72.66983037381169,-200.0,0.11546746,-0.18196245,-0.6693468,1.5500263,-1.2826898,-0.32151678,-0.2598225,0.13328905,-0.63202435,1.5329771,-0.96260816,-0.17475507,-11.470169,1.0591781,0.14967689,1.4677558,-12.18847,-17.443422,-0.5325605,1.530271,-0.8553489,2.8604975,-9.683523,11.492541
135,-0.70483744,0.63219047,0.26154765,-0.0016136502,0.037558727,-0.99929315,1.0,0.0,0.0,0.061525263,-0.14881295,0.11227673,-0.035921574,-0.49292976,-0.39117804,-0.1932482,0.18261841,0.11557543,-0.0044323206,-0.19883496,0.01114209,-0.02562922,0.25596178,-0.16988127,0.069945216,0.37226462,0.05654807,0.60701865,0.3820083,-0.4068589,0.42346296,-0.084677644,0.93264526,1.0929235,-1.5333866,1.1964767,-0.47890335,0.12442748,0.19914807,0.13000739,-1.2630183,0.34060666,-0.90740067,-0.16350894,-0.5283424,200.0,200.0,200.0,200.0,-16.09708686085142,-74.50152519096127,130.08353544917478,200.0,-200.0,-200.0,200.0,200.0,0.061525263,-0.14881295,-0.6877233,1.5640785,-1.2929298,-0.39117804,-0.1932482,0.18261841,-0.6844246,1.5955677,-0.99883497,0.01114209,-0.5125844,5.1192355,-3.3976252,1.3989043,7.4452925,1.1309614,12.140373,7.6401663,-8.137177,8.469259,-1.6935529,18.652905
136,-0.16663425,-0.020461284,-0.08948184,0.009025953,0.05421799,-0.9984883,1.0,0.0,0.0,0.12535651,-0.12467494,0.11735082,-0.043518662,-0.33393854,-0.2736077,-0.08078291,0.2309434,0.073883235,0.039512277,-0.18783718,0.09210347,0.5852703,0.017693019,0.19392417,-0.14532246,0.9690858,0.9654507,0.44636104,0.13132046,-0.02545534,0.06372188,0.03399023,-0.029247195,-0.068686604,0.02777091,0.8715737,-0.45316052,0.38390994,-0.27971315,-0.8061494,-0.74927676,0.67044497,-1.1972573,-0.22637384,-0.89255536,-200.0,-200.0,200.0,-200.0,30.168978066515532,-200.0,200.0,-200.0,200.0,-200.0,-37.219356799818456,47.65444761259539,0.12535651,-0.12467494,-0.6826492,1.5564814,-1.1339386,-0.2736077,-0.08078291,0.2309434,-0.7261168,1.6395123,-0.9878372,0.09210347,11.705405,0.35386035,3.8784833,-2.906449,19.381716,19.309013,8.92722,2.626409,-0.5091068,1.2744375,0.6798046,-0.5849439
137,-0.11070414,-0.7675633,0.5928705,-0.00730399,0.05974782,-0.99818677,1.0,0.0,0.0,0.18305065,-0.10870152,0.18086737,-0.0855397,-0.10251516,-0.17847586,-0.06546953,0.24901088,0.1238246,0.01601839,-0.19953984,-0.020798843,0.04395306,0.124760926,0.4064505,-0.22687148,1.0459396,0.100683205,-0.23052938,0.050389737,0.48234168,-0.27026606,-0.059712697,-1.0030836,-1.0390286,0.35643712,-0.71711105,0.7326028,0.2410988,-0.33359644,-0.19024232,-0.13550445,-0.6460521,0.48353326,-0.039871402,0.39928696,-200.0,-200.0,200.0,-200.0,6.0163192089142115,-200.0,-200.0,160.41684039576614,200.0,-200.0,-74.30891612847438,-200.0,0.18305065,-0.10870152,-0.61913264,1.5144603,-0.9025152,-0.17847586,-0.06546953,0.24901088,-0.6761754,1.6160184,-0.99953985,-0.020798843,0.8790612,2.4952185,8.12901,-4.5374293,20.91879,2.013664,-4.6105876,1.0077947,9.646833,-5.405321,-1.1942539,-20.061672
138,-0.15761097,-0.25662813,0.9313236,-0.025124196,0.066542774,-0.9974672,1.0,0.0,0.0,0.12780267,-0.08189472,0.1936481,-0.041886926,-0.016383052,-0.21616745,-0.10762265,0.25338706,0.17860532,-0.0054119825,-0.15440786,-0.11156603,-0.5196519,0.13792954,-0.13286789,0.41663143,0.49575314,-0.26232356,-0.15717255,-0.00295438,0.09086556,0.03945364,0.227896,-0.0027354104,0.32135305,-1.0196106,-0.6382856,0.20011808,-0.5822809,0.24186523,0.63538414,-0.7889127,-0.41777846,-0.7071777,0.4198196,0.31278473,-13.88714652054773,-200.0,-200.0,200.0,21.561954114557096,200.0,-200.0,200.0,-200.0,200.0,76.48720243325016,27.23727904869145,0.12780267,-0.08189472,-0.6063519,1.5581131,-0.81638306,-0.21616745,-0.10762265,0.25338706,-0.6213947,1.594588,-0.9544079,-0.11156603,-10.393038,2.758591,-2.6573577,8.332628,9.915063,-5.246471,-3.1434507,-0.059087597,1.8173112,0.7890728,4.55792,-0.054708205
139,0.44758332,0.40757567,0.22988074,-0.019394144,0.059905242,-0.99801564,1.0,0.0,0.0,0.07950695,-0.08210551,0.14106244,0.051117897,-0.022110045,-0.15777332,-0.067013934,0.22946973,0.16423285,-0.015385509,-0.01104486,-0.013089687,-0.016056405,-0.11206106,-0.35935897,0.4628683,-0.45603785,0.7382013,0.4923997,-0.21488033,-0.19177921,-0.1272042,0.9237402,0.7021759,1.0697926,-0.46220973,0.7224459,-1.6033845,-1.5300792,-0.43850598,0.24091108,1.2022533,0.13299155,-0.48156482,0.1155436,0.061764985,200.0,-200.0,-200.0,-200.0,-44.507408033403294,-35.7977803463458,200.0,-200.0,-200.0,-152.61049596707022,-200.0,183.12354413682783,0.07950695,-0.08210551,-0.6589376,1.6511179,-0.82211006,-0.15777332,-0.067013934,0.22946973,-0.63576716,1.5846145,-0.8110449,-0.013089687,-0.3211281,-2.2412212,-7.187179,9.257366,-9.120757,14.764026,9.847994,-4.2976065,-3.8355842,-2.5440838,18.474804,14.043518
140,0.49831405,0.03152044,-0.08839805,-0.011459009,0.040173143,-0.99912703,1.0,0.0,0.0,0.13165873,-0.10899831,0.109824955,0.10527742,-0.22016853,-0.11378468,0.036499012,0.19905008,0.13670349,0.0058379173,0.029124022,0.034589306,0.48452002,-0.14454363,0.012236944,0.12506686,-1.428157,-0.20403643,0.5084075,-0.13129662,-0.036846075,0.0443495,0.21222857,0.07889913,0.02094621,0.37314042,0.33701435,-0.6111012,-0.8146621,-1.2536854,-0.92327714,0.83939195,0.9951807,1.2038853,0.93045866,-0.23018444,-112.24668725882509,200.0,59.73230993328338,-200.0,189.20865593090275,60.885940709206,200.0,-200.0,200.0,-200.0,-200.0,-200.0,0.13165873,-0.10899831,-0.69017506,1.7052774,-1.0201685,-0.11378468,0.036499012,0.19905008,-0.6632965,1.605838,-0.770876,0.034589306,9.6904,-2.8908725,0.24473889,2.5013373,-28.563139,-4.0807285,10.168149,-2.6259322,-0.7369215,0.88698995,4.244571,1.5779825
141,-0.086712256,-0.6100687,0.6299001,-0.024535444,0.033329293,-0.99914324,1.0,0.0,0.0,0.17375262,-0.106776245,0.15070254,0.09476721,-0.45190018,-0.2662469,0.06931688,0.20175496,0.14969975,0.035809398,0.14573449,-0.03669424,-0.017150199,0.13752012,0.3328484,-0.19044188,-0.91622585,-1.2187195,-0.10913252,0.12566209,0.1329027,0.23625505,0.8751459,-0.4416325,-0.83110523,0.110964924,-0.5658129,-1.2356957,-0.22334148,-0.42134282,-0.26886556,0.38498724,-0.4497594,-0.3838917,0.25059056,0.43670064,-200.0,200.0,200.0,200.0,200.0,50.80450686603001,-200.0,200.0,75.66333530380791,-200.0,200.0,-200.0,0.17375262,-0.106776245,-0.6492975,1.6947672,-1.2519002,-0.2662469,0.06931688,0.20175496,-0.65030026,1.6358094,-0.6542655,-0.03669424,-0.343004,2.7504022,6.656968,-3.8088374,-18.324516,-24.37439,-2.1826503,2.5132418,2.6580539,4.725101,17.502918,-8.83265
142,-0.58782655,0.01160526,1.4137676,-0.03384133,0.050923668,-0.998129,1.0,0.0,0.0,0.10957719,-0.0622128,0.19405276,0.03736663,-0.5274064,-0.4068224,0.0027022562,0.24609919,0.15987831,0.071003795,0.22247046,-0.020742241,-0.56898314,0.25850195,0.12882517,-0.3618568,0.06292628,-0.27956188,-0.48418543,0.26876292,-0.019631328,0.12406305,0.08877903,0.5102321,0.34622815,-1.3173751,-0.3997889,-0.6159472,0.44772434,0.8527373,0.1145193,-1.2790542,-0.49580225,0.12901509,-0.7147532,0.3086125,-92.98500741901393,25.672147840015157,-200.0,-200.0,-50.60225086650938,200.0,-200.0,99.85270714720542,-200.0,-200.0,200.0,200.0,0.10957719,-0.0622128,-0.60594726,1.6373667,-1.3274064,-0.4068224,0.0027022562,0.24609919,-0.6401217,1.6710038,-0.57752955,-0.020742241,-11.3796625,5.1700387,2.5765033,-7.237136,1.2585255,-5.5912375,-9.683708,5.3752584,-0.39262655,2.481261,1.7755806,10.204641
143,-0.048435334,0.70824254,0.7215615,-0.015425294,0.06380648,-0.9978431,1.0,0.0,0.0,0.051318873,-0.036305692,0.19788307,-0.045855403,-0.40672094,-0.3536008,-0.026432035,0.27875432,0.11913985,0.09836602,0.13492197,0.09200312,-0.058722515,0.027126223,-0.07273511,-0.46359497,1.045866,0.71286684,0.13250381,0.07398389,-0.35586533,0.13567632,-0.8680276,0.48247504,1.2401963,-0.53872055,1.2257099,0.20750149,1.224846,0.33878183,0.8671582,-0.73243695,0.40244463,-0.37560862,-0.623224,-0.64705956,200.0,-200.0,-200.0,-70.89766841334021,-200.0,-50.77710491314008,200.0,-200.0,-200.0,-200.0,200.0,200.0,0.051318873,-0.036305692,-0.60211694,1.5541446,-1.206721,-0.3536008,-0.026432035,0.27875432,-0.68086016,1.698366,-0.66507804,0.09200312,-1.1744503,0.54252446,-1.4547021,-9.271899,20.91732,14.257337,2.6500762,1.4796778,-7.1173067,2.7135265,-17.360552,9.649501
144,0.5861443,0.028399685,-0.039571654,-0.0018956629,0.05214136,-0.9986379,1.0,0.0,0.0,0.1094084,-0.06086336,0.18697476,-0.09191644,-0.10179669,-0.13977288,0.044794943,0.26629925,0.08869219,0.09150481,-0.10190678,0.08481512,0.5613503,-0.2339444,-0.005143558,-0.10517322,1.9331955,1.0514824,0.5442158,-0.17322317,0.009521604,-0.1752349,-1.1369718,-0.46083808,0.003284289,1.0695685,1.3827708,0.6485952,1.0799242,0.33778694,-0.20205934,0.4244582,0.8126919,0.68538505,-0.14061727,0.13843939,200.0,-200.0,200.0,-200.0,94.27718143747734,-200.0,200.0,-200.0,200.0,200.0,200.0,-93.64734221237677,0.1094084,-0.06086336,-0.61302525,1.5080836,-0.9017967,-0.13977288,0.044794943,0.26629925,-0.7113078,1.6915048,-0.9019068,0.08481512,11.227005,-4.678888,-0.10287116,-2.1034644,38.66391,21.029648,10.8843155,-3.4644632,0.19043207,-3.504698,-22.739437,-9.216762
145,-0.0069213333,-0.7212581,0.58339643,-0.016727565,0.042882357,-0.9989401,1.0,0.0,0.0,0.16299404,-0.083014034,0.17112267,-0.031054616,0.15562892,0.05112253,0.08597709,0.25895727,0.12436342,0.06853914,-0.22946817,0.0762981,0.037964113,-0.0074289204,-0.04721366,0.4475019,1.2265079,0.8355738,-0.079883054,0.06867544,0.3056231,-0.053477198,-0.23485337,0.09850197,-0.37664258,1.1539303,-0.75158376,-0.0726551,-0.027628377,0.09138945,-0.21302591,0.71539164,-0.42055595,0.31573218,0.26664934,0.4223502,-200.0,200.0,200.0,200.0,200.0,50.40814576951085,-200.0,200.0,200.0,200.0,200.0,-200.0,0.16299404,-0.083014034,-0.62887734,1.5689454,-0.6443711,0.05112253,0.08597709,0.25895727,-0.6756366,1.6685392,-1.0294682,0.0762981,0.75928223,-0.1485784,-0.9442732,8.950038,24.530157,16.711475,-1.597661,1.3735088,6.112462,-1.069544,-4.6970673,1.9700395
146,-0.7235407,-0.12459877,1.3694661,-0.030629672,0.06008442,-0.9977232,1.0,0.0,0.0,0.10583046,-0.05865039,0.14267284,0.04186237,0.29717427,0.11171036,0.025299633,0.2987281,0.14634109,0.09131932,-0.16845083,0.17075941,-0.54044694,0.22668603,-0.22067642,0.30196595,0.28362104,-0.02560148,-0.43627983,0.31316093,-0.054926213,0.24742703,0.7467774,0.5394932,0.29286027,-1.6656852,-0.1247063,-1.209107,-1.3704002,-0.71668375,0.08423273,-0.92487884,-0.85529554,-1.0148388,-0.6010577,0.010541625,-66.18217085744885,200.0,-200.0,200.0,200.0,-33.334148635738984,-200.0,200.0,-200.0,-200.0,-200.0,-38.848057881291396,0.10583046,-0.05865039,-0.6573272,1.6418624,-0.50282574,0.11171036,0.025299633,0.2987281,-0.6536589,1.6913193,-0.96845084,0.17075941,-10.808939,4.5337205,-4.4135284,6.039319,5.6724205,-0.5120296,-8.725596,6.2632184,-1.0985242,4.9485407,14.935548,10.789864
147,-0.17437325,0.5101331,0.73939025,-0.01774223,0.07798685,-0.9967965,1.0,0.0,0.0,0.049162935,-0.035334665,0.07978141,0.0902797,0.25026113,0.0033921576,0.00598605,0.34072173,0.10518032,0.12351775,-0.12372321,0.17808874,-0.07442742,0.025689904,-0.3690864,0.18054466,-0.659863,-0.9632374,0.13358591,0.11691978,-0.31652516,0.093797505,-0.20412986,-0.30886713,1.1779215,-0.84644884,0.6430275,-0.3356629,-0.8413824,-0.47174194,0.5880772,-0.761523,0.44730642,-0.98735785,-0.3763146,-0.35905454,57.45797930291354,-200.0,-200.0,-200.0,-200.0,-69.53820264054377,200.0,-200.0,-60.106166147877445,-200.0,-200.0,-200.0,0.049162935,-0.035334665,-0.7202186,1.6902797,-0.5497389,0.0033921576,0.00598605,0.34072173,-0.6948197,1.7235178,-0.9237232,0.17808874,-1.4885483,0.51379806,-7.381728,3.610893,-13.19726,-19.264748,2.6717184,2.3383956,-6.330503,1.8759501,-4.0825973,-6.1773424
148,0.35865366,-0.06487992,-0.0815156,-0.009326512,0.073431216,-0.9972567,1.0,0.0,0.0,0.09593785,-0.05536645,0.047439814,0.09435511,0.012324452,-0.15984347,0.07735955,0.33910945,0.078665674,0.106354,-0.204902,0.0322514,0.48989892,-0.20683728,0.013722059,-0.11179868,-1.62366,-0.67552346,0.54582804,-0.11214673,0.015701994,-0.23552425,-0.3755755,-0.8378219,-0.26895532,0.23030981,0.6846846,-0.55238897,-0.488405,0.44566858,-0.567364,0.11359853,0.46778116,0.7297919,0.091414966,0.23579901,200.0,-200.0,200.0,-200.0,33.45905687441666,48.388657458255466,200.0,-200.0,200.0,-200.0,-200.0,53.893136079949954,0.09593785,-0.05536645,-0.7525602,1.6943551,-0.78767556,-0.15984347,0.07735955,0.33910945,-0.72133434,1.706354,-1.004902,0.0322514,9.797978,-4.1367455,0.27444118,-2.2359736,-32.473198,-13.510469,10.916561,-2.2429345,0.3140399,-4.710485,-7.51151,-16.756437
149,0.37013248,-0.674824,0.60016555,-0.024452353,0.058946352,-0.99796164,1.0,0.0,0.0,0.13905554,-0.08995952,0.09220487,0.03742802,-0.20647568,-0.19247459,0.110167556,0.3070411,0.11831224,0.07077539,-0.17621988,-0.028351154,-0.0084636165,-0.13921489,0.38991252,-0.42642626,-0.6766858,0.25694013,-0.14792864,-0.19534299,0.34318647,-0.13139844,0.5140671,0.13449144,-0.6797873,1.1237541,-0.7085454,-0.79492515,0.32222468,0.25395358,-0.3799892,0.37458566,-0.84187376,0.93205076,-0.053646095,0.8027306,-200.0,-200.0,200.0,200.0,77.95640689425915,200.0,-200.0,200.0,200.0,-200.0,164.4488925631748,200.0,0.13905554,-0.08995952,-0.70779514,1.637428,-1.0064757,-0.19247459,0.110167556,0.3070411,-0.6816878,1.6707754,-0.9762199,-0.028351154,-0.16927232,-2.7842977,7.79825,-8.528525,-13.533716,5.1388025,-2.9585729,-3.9068596,6.8637295,-2.6279688,10.281342,2.6898289
150,-0.3261718,-0.08624901,1.4253159,-0.036269516,0.06105969,-0.9974749,1.0,0.0,0.0,0.07291311,-0.092908315,0.14789861,-0.06643033,-0.2332272,-0.06628035,0.036278192,0.2918134,0.14992458,0.07870257,-0.12820947,0.10249299,-0.6034426,0.08638449,0.1896803,-0.59789586,0.3107631,0.6870586,-0.5502929,0.017591374,0.004251688,0.17973168,0.16639857,1.079015,0.29916984,-0.30229834,-0.4240612,0.6536566,0.548597,0.17915946,0.31811684,-0.34219623,-0.5495966,0.0710688,-0.7132169,0.18282285,-200.0,167.73092731974492,-200.0,200.0,-18.345673428757493,200.0,-200.0,200.0,-200.0,-200.0,200.0,-43.991198317519206,0.07291311,-0.092908315,-0.6521014,1.5335697,-1.0332272,-0.06628035,0.036278192,0.2918134,-0.65007544,1.6787026,-0.9282095,0.10249299,-12.068852,1.7276897,3.7936058,-11.957917,6.215262,13.741173,-11.005858,0.35182747,0.08503375,3.5946336,3.3279712,21.5803
151,0.31710225,0.5377643,0.7501041,-0.02502589,0.062339418,-0.9977412,1.0,0.0,0.0,0.007985384,-0.1011974,0.14434236,-0.14687383,-0.062210143,0.024786118,-0.004783788,0.27239656,0.11917752,0.10363293,-0.19960988,0.21540748,-0.08170306,-0.1359758,-0.1998416,-0.12912641,1.326914,0.45823127,0.07169302,-0.18948841,-0.2785637,0.08478162,-0.7861958,0.14389949,1.1571097,-0.74255127,0.8052889,0.8688622,-0.04780315,-0.041687846,0.833937,-0.7389989,0.5275074,-1.4201031,-0.5975044,-0.7339896,200.0,-200.0,-200.0,-155.70858536173262,-200.0,-200.0,200.0,-200.0,-200.0,200.0,79.53480278440838,-38.3234733187893,0.007985384,-0.1011974,-0.65565765,1.4531262,-0.86221015,0.024786118,-0.004783788,0.27239656,-0.6808225,1.703633,-0.9996099,0.21540748,-1.6340611,-2.7195158,-3.996832,-2.5825284,26.538279,9.164625,1.4338603,-3.7897682,-5.5712743,1.6956323,-15.723916,2.8779895
152,0.90489864,-0.08038895,-0.002448497,-0.013993404,0.039420158,-0.9991247,1.0,0.0,0.0,0.06536282,-0.14875112,0.12209177,-0.12693787,0.07885188,0.05199293,0.055463795,0.2101198,0.10439259,0.08464432,-0.34986633,0.14072117,0.5947334,-0.31670982,-0.033128653,0.31787592,-0.017218344,-0.12166766,0.49455562,-0.4059014,0.09940985,-0.24645722,-0.5269281,-0.79718286,0.05507318,1.4826304,1.0775776,-0.030994281,-0.21576692,-0.05957444,-0.14004394,1.3785155,0.5768676,0.6280374,0.29480338,0.27835032,200.0,-200.0,200.0,-200.0,18.921813303792533,-200.0,200.0,-200.0,200.0,200.0,-200.0,-130.80839643016884,0.06536282,-0.14875112,-0.67790824,1.4730622,-0.72114813,0.05199293,0.055463795,0.2101198,-0.6956074,1.6846443,-1.1498663,0.14072117,11.894668,-6.334196,-0.66257304,6.357518,-0.34436688,-2.4333532,9.891112,-8.118028,1.988197,-4.9291444,-10.538562,-15.943657
153,0.3432888,-0.764886,0.72548604,-0.031928822,0.012458806,-0.9994125,1.0,0.0,0.0,0.12860756,-0.18301594,0.15356326,-0.08639395,-0.000692904,0.014019247,0.088947274,0.15447925,0.15425259,0.048092246,-0.3495689,0.084372915,0.096739836,-0.052141245,0.29444546,0.1258575,-0.468587,-0.16796604,-0.09627508,-0.17718108,0.35731956,-0.12665688,0.43241355,0.1408221,-0.48026723,0.7553503,-1.1986201,-1.213209,-0.72111696,-0.39986905,-0.31438613,0.62340486,-0.74834436,0.13922888,0.30595627,0.6874982,-200.0,200.0,200.0,200.0,200.0,200.0,-200.0,200.0,200.0,-24.456330431855477,35.985128667642016,21.225107197671917,0.12860756,-0.18301594,-0.64643675,1.5136061,-0.8006929,0.014019247,0.088947274,0.15447925,-0.6457474,1.6480923,-1.1495689,0.084372915,1.9347967,-1.0428249,5.888909,2.51715,-9.37174,-3.3593206,-1.9255016,-3.5436215,7.1463914,-2.5331376,8.648271,2.816442
154,-0.36917713,-0.1627243,1.488915,-0.04896957,0.016487367,-0.9986642,1.0,0.0,0.0,0.07598264,-0.16634305,0.188348,-0.07867646,-0.1885938,-0.10180693,0.020954913,0.14276522,0.1844545,0.055125237,-0.1714446,0.21313412,-0.55017287,0.18237804,0.07569683,-0.037265614,-1.1340135,-0.65373975,-0.5378836,0.03772449,-0.0020597775,0.13857025,1.0313545,0.9669992,0.1895526,-0.6563154,-0.5727622,-0.47831726,-0.3090484,0.24820533,0.31047183,-0.110234536,-0.19319917,-0.004952483,-0.44082713,-0.238835,-198.3628833568411,200.0,-200.0,51.15909545556407,-65.08045902221045,32.87555287303894,-200.0,200.0,-200.0,-200.0,49.03602365364986,54.727819872570535,0.07598264,-0.16634305,-0.611652,1.5213236,-0.9885938,-0.10180693,0.020954913,0.14276522,-0.6155455,1.6551253,-0.9714446,0.21313412,-11.003457,3.6475608,1.5139366,-0.7453123,-22.68027,-13.074795,-10.757671,0.75448984,-0.04119555,2.771405,20.62709,19.339983
155,0.19676381,0.50160754,0.79016906,-0.0393187,0.020748457,-0.9990113,1.0,0.0,0.0,0.021123063,-0.15661712,0.18473011,-0.09394312,-0.3024909,-0.118644066,-0.02535828,0.12993173,0.16176409,0.066019416,-0.06967229,0.3034839,-0.021850625,-0.05822863,-0.09805181,0.0072247917,-0.062319655,0.43831912,0.012405022,-0.14533311,-0.2033753,-0.0041320035,0.08052289,0.030727033,1.090147,-1.0205847,0.4678376,-0.42807776,-0.010493472,0.3233545,0.69226867,-0.39592817,0.17956403,-0.65294445,-0.787039,-0.67574686,200.0,-200.0,-200.0,-147.90119916327438,-200.0,-200.0,200.0,-200.0,-200.0,-200.0,98.9664736834337,200.0,0.021123063,-0.15661712,-0.6152699,1.5060569,-1.1024909,-0.118644066,-0.02535828,0.12993173,-0.6382359,1.6660194,-0.8696723,0.3034839,-0.4370125,-1.1645726,-1.9610362,0.14449583,-1.2463931,8.766382,0.24810043,-2.9066622,-4.067506,-0.08264007,1.6104578,0.61454064
156,0.7704346,0.047952008,0.13892801,-0.03098279,0.0038446928,-0.99951255,1.0,0.0,0.0,0.08279336,-0.18972407,0.20471811,-0.11770666,-0.2305699,0.026766386,0.027683966,0.07796337,0.16122735,0.028882027,-0.1603393,0.20671244,0.5586068,-0.2360091,0.22818926,-0.17978875,0.47713146,0.70667046,0.48414612,-0.34753135,0.12378315,-0.3169368,-0.8856126,-0.9058304,-0.23139787,1.4587752,1.2105422,-0.15717453,0.8887671,-0.7926377,0.18867594,1.283311,0.8237479,1.1250165,0.6457745,0.4535342,200.0,-200.0,-60.00413755236855,-200.0,-200.0,-200.0,200.0,-200.0,200.0,-200.0,-30.585822209580726,-109.83682414341138,0.08279336,-0.18972407,-0.5952819,1.4822934,-1.0305699,0.026766386,0.027683966,0.07796337,-0.63877267,1.628882,-0.9603393,0.20671244,11.172136,-4.720182,4.563785,-3.595775,9.542629,14.1334095,9.682922,-6.950627,2.475663,-6.3387356,-17.712252,-18.116608
157,0.14421622,-0.7056932,0.54124564,-0.041847102,-0.01628282,-0.9989913,1.0,0.0,0.0,0.14488314,-0.20720465,0.26746207,-0.14695859,-0.061875105,0.06585298,0.12236837,0.036872186,0.20975935,-0.020617127,-0.23209614,0.13043155,0.08047322,0.03501323,0.20532835,0.13758342,0.2306265,0.062543705,0.50245094,-0.06452922,0.34392527,-0.20056923,0.07214061,0.04974265,-0.48120248,0.5581822,-0.91920847,0.45770782,0.80987585,-0.029526234,-0.37805277,0.6815415,-0.69416904,0.25656313,0.018959155,0.84257287,170.71701062632363,200.0,200.0,200.0,200.0,200.0,-200.0,200.0,200.0,147.4385558461546,200.0,-200.0,0.14488314,-0.20720465,-0.53253794,1.4530414,-0.8618751,0.06585298,0.12236837,0.036872186,-0.59024066,1.5793829,-1.0320961,0.13043155,1.6094644,0.7002646,4.106567,2.7516685,4.6125298,1.250874,10.049019,-1.2905843,6.878505,-4.0113845,1.4428122,0.994853
158,-0.5735414,-0.16505176,1.2565938,-0.061617658,-0.00463333,-0.9980891,1.0,0.0,0.0,0.09436533,-0.17705242,0.2526334,-0.0705384,0.051058948,0.039480522,0.17042556,0.049770538,0.23202348,-0.019168973,-0.16201031,0.2438295,-0.5254776,0.23246966,-0.2901576,0.54911965,0.8925744,-0.15161458,0.02688661,0.15721734,-0.082945354,0.17914972,0.39293224,0.9898033,0.7385301,-1.2865477,-0.82824665,-0.7311879,-1.0260658,-0.2211546,-0.8451222,0.21454,-0.06485744,-0.54821205,-0.11546586,0.03697838,-200.0,200.0,-200.0,200.0,-28.054647265441872,200.0,-200.0,200.0,-200.0,200.0,200.0,11.605789063424282,0.09436533,-0.17705242,-0.5473666,1.5294616,-0.74894106,0.039480522,0.17042556,0.049770538,-0.56797653,1.580831,-0.9620103,0.2438295,-10.509551,4.649393,-5.8031516,10.982393,17.851488,-3.0322914,0.5377322,3.1443467,-1.658907,3.5829942,7.8586445,19.796066
159,-0.52955294,0.5053678,1.1754152,-0.05305957,0.020440742,-0.9983821,1.0,0.0,0.0,0.028927553,-0.13307364,0.18409479,0.022951126,0.12581187,-0.036608595,0.12822257,0.07876649,0.19844508,0.0021506548,-0.12569737,0.3316762,-0.15923938,0.20300595,-0.39463195,0.4048595,-0.05060643,-0.39157334,-0.4052051,0.13534848,-0.23270515,0.047883984,0.03396733,-0.010678698,1.0924826,-1.1298219,0.56166655,-0.8633192,-1.2570791,-0.7772267,0.09112455,-0.24838725,0.064250916,-1.4447228,-0.42882398,-0.59164983,-200.0,140.59365370184443,-200.0,-200.0,-19.364736073542055,-200.0,200.0,-200.0,-200.0,-200.0,-200.0,20.557848500414536,0.028927553,-0.13307364,-0.6159052,1.6229511,-0.67418814,-0.036608595,0.12822257,0.07876649,-0.60155493,1.6021507,-0.9256974,0.3316762,-3.1847875,4.060119,-7.8926387,8.09719,-1.0121286,-7.8314667,-8.104102,2.7069695,-4.654103,0.9576797,0.6793466,-0.21357396
160,0.0421905,0.37624377,0.7277133,-0.035193305,0.030486437,-0.99891543,1.0,0.0,0.0,0.05323307,-0.113958314,0.1359886,0.071020484,0.009416401,-0.21395263,0.09427836,0.08675784,0.16963279,-0.015000939,-0.20146805,0.22633055,0.34809598,0.0014851077,-0.11773657,0.10781576,-1.0165232,-1.1728394,-0.049008097,-0.04722749,-0.08750187,-0.19003507,-0.48728395,-0.95180637,0.43057883,-0.54458374,0.53285617,-0.010867104,-0.77397937,-0.13988636,0.5853238,-0.48572108,1.3012359,0.010436349,1.1338218,0.019813366,53.541452550187444,-200.0,-116.36017237756334,-200.0,28.463817694853958,-200.0,200.0,-200.0,200.0,-200.0,-200.0,4.757195977651236,0.05323307,-0.113958314,-0.6640114,1.6710205,-0.7905836,-0.21395263,0.09427836,0.08675784,-0.6303672,1.5849991,-1.0014681,0.22633055,6.9619193,0.029702153,-2.3547313,2.156315,-20.330465,-23.456787,-0.9801619,-0.9445498,-1.7500373,-3.8007014,-9.745679,-19.036127
161,0.6130839,-0.20639382,0.24502684,-0.032643724,0.017336411,-0.9993167,1.0,0.0,0.0,0.16742758,-0.13937521,0.15529454,0.06646335,-0.2429983,-0.33920193,0.13805762,0.05509474,0.17388904,-0.044783115,-0.1931169,0.1317191,0.6163189,-0.23519902,0.2564281,-0.107526556,-1.1607126,-0.184503,0.4165004,-0.24364841,0.11251364,-0.101095535,0.48853064,-0.24579425,-0.3969341,0.7659107,-0.2184598,-0.82018846,-0.51698357,0.7076813,0.2776463,0.92340094,0.46615025,0.8525962,0.9687855,0.6544518,200.0,-200.0,200.0,102.47933163247592,200.0,30.231969378581766,-77.43569629864908,-200.0,200.0,-65.26072667966875,100.01379431107102,200.0,0.16742758,-0.13937521,-0.6447055,1.6664634,-1.0429983,-0.33920193,0.13805762,0.05509474,-0.626111,1.5552169,-0.9931169,0.1317191,12.326377,-4.7039804,5.128562,-2.150531,-23.214252,-3.69006,8.330008,-4.872968,2.2502728,-2.0219107,9.770613,-4.915885
162,0.06744982,-0.33887237,0.6074788,-0.04322538,0.006475765,-0.99904436,1.0,0.0,0.0,0.23504297,-0.16200012,0.2034967,0.027842522,-0.4401973,-0.2738372,0.22289655,0.03504648,0.18566406,-0.032658935,-0.049399078,0.17584494,0.091936134,-0.030053897,0.22968541,-0.27227238,-0.5620717,0.7464187,0.266748,0.003884997,-0.08239718,0.33890766,0.39338854,0.4775242,-0.6678488,0.4139556,-0.69266206,-0.28927213,-0.14188753,-0.201731,-0.7451032,0.6314789,-0.35874906,0.18467182,0.020987948,0.42163172,-196.43589383383932,200.0,200.0,200.0,200.0,200.0,-200.0,200.0,-200.0,-200.0,200.0,200.0,0.23504297,-0.16200012,-0.5965033,1.6278425,-1.2401973,-0.2738372,0.22289655,0.03504648,-0.61433595,1.5673411,-0.8493991,0.17584494,1.8387227,-0.6010779,4.593708,-5.4454474,-11.241433,14.928374,5.33496,0.07769994,-1.6479435,6.778153,7.8677707,9.550484
163,-0.67232335,0.16714528,1.3167278,-0.045312885,0.02229936,-0.9987239,1.0,0.0,0.0,0.1875604,-0.14263168,0.22344887,-0.044557452,-0.44477695,-0.22154155,0.21989693,0.06004164,0.13483477,0.05035281,-0.02073878,0.25939184,-0.50425273,0.1927221,-0.006375463,-0.41962513,0.41868114,0.043668345,-0.24185379,0.221204,-0.374154,0.42031184,0.083180584,0.33552182,0.43901595,-0.99590135,-0.20157047,-0.3419304,0.31071955,-0.50513935,-0.10091816,-0.77819425,0.032481674,-1.2290623,-0.9180342,-0.28324372,-200.0,200.0,-200.0,-139.58001026363354,11.111512092706334,-1.2366922954125243,-200.0,200.0,-200.0,-92.90299678577037,200.0,-11.101000904552457,0.1875604,-0.14263168,-0.57655114,1.5554426,-1.244777,-0.22154155,0.21989693,0.06004164,-0.66516525,1.6503528,-0.8207388,0.25939184,-10.085054,3.854442,-0.12750927,-8.392503,8.373623,0.8733669,-4.8370757,4.42408,-7.48308,8.406237,1.6636117,6.7104363
164,-0.06310541,0.3673472,0.9571535,-0.034469653,0.037915755,-0.99868625,1.0,0.0,0.0,0.13833897,-0.12381007,0.20535314,-0.053866744,-0.23681885,-0.26572156,0.12855244,0.07861155,0.08633745,0.09984207,-0.11041391,0.21990001,-0.06309075,0.003700683,-0.124855794,-0.06244108,1.1890858,-0.47056046,-0.5015534,-0.011579256,-0.17211813,0.118213795,-0.883197,-0.62901264,1.089335,-0.8639973,0.6634764,1.2675786,-0.48409343,-0.01629977,0.31360906,-0.19612002,1.2004086,-1.5600023,-0.4577495,-0.1707026,31.496360703481344,-200.0,69.96351704438598,-200.0,-200.0,-200.0,200.0,-200.0,-200.0,-200.0,-78.78043771489115,-30.353783937459127,0.13833897,-0.12381007,-0.5946469,1.5461333,-1.0368189,-0.26572156,0.12855244,0.07861155,-0.71366256,1.6998421,-0.9104139,0.21990001,-1.261815,0.07401366,-2.4971159,-1.2488216,23.781717,-9.411209,-10.031068,-0.2315851,-3.4423625,2.364276,-17.66394,-12.580253
165,0.6868413,-0.1907656,0.22288778,-0.031317312,0.02461691,-0.9992063,1.0,0.0,0.0,0.19226965,-0.15001872,0.20653307,-0.04918289,-0.10722482,-0.25005254,0.08298986,0.04907997,0.09344387,0.08695042,-0.2337262,0.088629626,0.5417029,-0.23541756,0.121527456,0.09447767,0.2046728,0.45920968,0.00094208337,-0.26557967,0.20639281,-0.21478482,-0.49294883,-0.5587202,0.033427827,0.9408682,0.19210543,-0.29322886,-1.0403582,-0.15126863,0.8210489,0.7241275,0.37921375,-0.77778786,1.0025829,0.6558881,200.0,-200.0,200.0,-200.0,46.960520120943954,41.651412852101885,200.0,-200.0,200.0,200.0,-200.0,60.28915990486877,0.19226965,-0.15001872,-0.59346694,1.5508171,-0.90722483,-0.25005254,0.08298986,0.04907997,-0.70655614,1.6869504,-1.0337262,0.088629626,10.834058,-4.708351,2.4305491,1.8895533,4.093456,9.184194,0.018841667,-5.311593,4.1278563,-4.2956963,-9.858976,-11.174403
166,0.11164533,-0.2853003,0.033060018,-0.041482702,0.009885257,-0.9990903,1.0,0.0,0.0,0.24489161,-0.17328303,0.22997606,-0.052273273,-0.17099774,-0.2122952,0.14334136,0.024178958,0.15557647,0.010106802,-0.22694665,0.084620744,0.035706602,-0.026934294,0.093643256,-0.102097176,-0.74740595,0.1244054,0.5535075,-0.002604278,0.38065705,-0.5167822,0.46630335,0.42093942,-0.9324366,0.5119836,-0.95298654,0.046275616,-0.7854061,-0.32080057,-0.22636877,0.7130895,-0.747452,0.92106336,0.3496428,0.37314248,200.0,200.0,91.2377304156156,-200.0,200.0,200.0,-200.0,200.0,-174.10505339702496,-200.0,-200.0,-3.2609341691761387,0.24489161,-0.17328303,-0.57002395,1.5477268,-0.97099775,-0.2122952,0.14334136,0.024178958,-0.64442354,1.6101068,-1.0269467,0.084620744,0.714132,-0.53868586,1.8728651,-2.0419436,-14.948118,2.488108,11.07015,-0.05208556,7.613141,-10.335644,9.326067,8.418788
167,-0.4913333,0.08885253,0.72303104,-0.043868978,0.020326553,-0.9988305,1.0,0.0,0.0,0.18849862,-0.15734872,0.2082851,-0.03645897,-0.3659926,-0.24136674,0.19727144,0.04831206,0.16703618,-0.017182946,-0.08076632,0.16593,-0.53722686,0.15785524,-0.24006127,0.17806724,-0.9070088,-0.17649718,0.011888276,0.16982812,-0.3016908,0.39261875,0.4910216,0.22970934,0.7040384,-1.1880506,0.58197737,0.3640687,-0.39183414,0.02202946,-1.1789151,-0.43870756,0.3400334,0.48052675,0.14286643,-0.06867751,-200.0,200.0,-200.0,200.0,200.0,200.0,-200.0,200.0,-200.0,1.8914711539084124,64.44333351225475,14.989695634647177,0.18849862,-0.15734872,-0.5917149,1.563541,-1.1659926,-0.24136674,0.19727144,0.04831206,-0.63296384,1.5828171,-0.88076633,0.16593,-10.744537,3.1571047,-4.801225,3.5613446,-18.140177,-3.5299435,0.23776552,3.3965623,-6.033816,7.852375,9.820432,4.594187
168,0.20246595,-0.44873333,0.7079803,-0.05119212,0.025870154,-0.9983537,1.0,0.0,0.0,0.14089231,-0.14935158,0.18674815,0.018789172,-0.44247156,-0.18354936,0.13701963,0.05427324,0.1332202,0.07086527,-0.006367326,0.11955158,0.0004840231,-0.057243574,-0.0019658979,0.35381934,0.02564837,0.4489676,-0.5485565,-0.091744564,-0.058441367,0.47880912,0.3182934,-0.40415367,0.95921516,-0.68228006,-0.04622064,-0.8863861,-0.08856167,0.042399682,0.39881265,0.04874284,-0.044500086,-1.9322758,-0.5901214,-0.06584858,-200.0,-200.0,200.0,200.0,-17.782562385666665,20.08517451177056,200.0,-200.0,200.0,200.0,146.60149257606435,-30.94189673156899,0.14089231,-0.14935158,-0.61325186,1.6187892,-1.2424716,-0.18354936,0.13701963,0.05427324,-0.6667798,1.6708653,-0.80636734,0.11955158,0.009680462,-1.1448715,-0.039317954,7.076387,0.5129674,8.979352,-10.971129,-1.8348912,-1.1688273,9.576182,6.3658676,-8.083074
169,0.2709302,0.20108102,-0.08954538,-0.054067355,0.016900886,-0.99839425,1.0,0.0,0.0,0.19082345,-0.17064409,0.16644186,0.07434988,-0.3515466,-0.10466278,0.09380756,0.036229935,0.103000104,0.15004003,-0.046917975,0.055379122,0.45090476,-0.15059547,-0.17148231,0.21550198,0.5712961,0.32824206,0.051307477,-0.08109834,-0.20994747,0.3231441,-0.63019264,-0.2626417,-0.64276797,0.6221748,-0.7544684,-1.5803726,-0.43250656,-0.7270491,0.9177868,1.2481155,-0.9564588,-1.1851007,-0.6476226,0.7063776,200.0,105.47764478655253,-101.61192461456125,-200.0,-200.0,21.099685314701162,200.0,-200.0,-200.0,-200.0,-39.95801647773476,-35.18446199127379,0.19082345,-0.17064409,-0.63355815,1.6743499,-1.1515466,-0.10466278,0.09380756,0.036229935,-0.6969999,1.75004,-0.846918,0.055379122,9.018095,-3.0119092,-3.429646,4.3100395,11.425921,6.5648413,1.0261495,-1.6219667,-4.1989493,6.462882,-12.603852,-5.252834
170,-0.43386936,0.74729663,-0.07999961,-0.033858016,0.021314181,-0.99919933,1.0,0.0,0.0,0.22098783,-0.17769569,0.104494214,0.097625375,-0.3352546,-0.15071337,0.16353792,0.04876019,0.03679949,0.2031163,-0.23332363,0.110906936,-0.09529322,0.067807704,-0.4278055,0.03341819,-0.18803513,-0.687777,0.5910236,0.16829367,-0.4400812,0.21340708,-0.8989102,0.71856564,-0.8762144,-0.07450512,1.8276379,-0.16331156,-0.22489084,-0.43090728,-0.5043726,-0.46350598,1.0324157,-0.50239706,0.033401348,0.9482337,200.0,200.0,-200.0,-200.0,70.33369867272006,200.0,-200.0,200.0,-200.0,-200.0,-24.05872644105588,-200.0,0.22098783,-0.17769569,-0.6955058,1.6976254,-1.1352546,-0.15071337,0.16353792,0.04876019,-0.7632005,1.8031163,-1.0333236,0.110906936,-1.9058642,1.3561541,-8.55611,0.6683638,-3.7607026,-13.755539,11.820473,3.3658733,-8.801624,4.2681417,-17.978205,14.371313
171,-0.15000595,0.18034291,0.67780596,-0.016409127,0.033014733,-0.99932015,1.0,0.0,0.0,0.14817755,-0.16286609,0.058199584,0.06791639,-0.3094018,-0.2504975,0.22011885,0.060336106,-0.013076603,0.20887208,-0.3075493,0.34561098,-0.59046024,0.075713,-0.071102165,-0.2945621,0.1800298,-0.40169683,0.026248861,-0.018112237,-0.08899748,-0.11964734,0.06054262,1.3008327,0.5793813,-0.8450675,0.6615365,0.5346183,-0.338821,0.38145193,-0.95224315,-0.2443648,0.7376416,-0.9395446,0.20979759,-0.63150555,-200.0,-200.0,200.0,-200.0,200.0,-82.55041474070345,-200.0,103.35853707267884,200.0,-200.0,-10.087738015999378,42.532425620275944,0.14817755,-0.16286609,-0.7418004,1.6679164,-1.1094018,-0.2504975,0.22011885,0.060336106,-0.8130766,1.8088721,-1.1075493,0.34561098,-11.809204,1.51426,-1.4220433,-5.891242,3.600596,-8.0339365,0.5249772,-0.36224473,-1.7799497,-2.3929467,1.2108524,26.016655
172,0.6374957,-0.34792882,0.7224723,-0.019718999,0.02201831,-0.9995631,1.0,0.0,0.0,0.09123731,-0.18061619,0.07421273,0.025444627,-0.31559616,-0.21873,0.16736826,0.030004174,0.013769925,0.15210259,-0.1949172,0.49971408,-0.03071338,-0.22663637,0.20077322,-0.1455253,-0.05319366,0.6171166,-0.5000788,-0.2595321,0.3144556,-0.41973144,0.84497195,0.337028,1.0486575,0.31658468,-0.052517693,0.21317326,-1.1593409,0.40317312,0.6524655,0.7769179,-0.57018995,-0.06119477,-0.77443635,-1.1720344,-200.0,-200.0,200.0,-200.0,-3.9851615439072248,-200.0,200.0,-200.0,200.0,200.0,6.445592052076066,200.0,0.09123731,-0.18061619,-0.7257873,1.6254447,-1.1155962,-0.21873,0.16736826,0.030004174,-0.7862301,1.7521026,-0.9949172,0.49971408,-0.6142676,-4.5327272,4.0154643,-2.910506,-1.0638732,12.342331,-10.001575,-5.190642,6.2891116,-8.394629,16.899439,6.7405596
173,-0.059780583,0.16066186,0.026308572,-0.02259834,0.012233609,-0.9996698,1.0,0.0,0.0,0.14477547,-0.19785367,0.08202475,0.044999838,-0.41877574,-0.024880504,0.12851189,0.009155726,0.045268834,0.083054185,-0.1317687,0.45932472,0.49772865,0.029632572,-0.09359717,0.22271669,-0.94433707,0.93188715,0.058421522,0.022567654,0.03159977,-0.277687,-0.1176186,-0.64292264,-0.9010423,0.7213133,-0.39631805,-0.2984081,-0.54319,-0.529039,0.73716706,0.40124425,-0.26150373,0.8984094,-0.34219345,-0.3054438,200.0,200.0,-200.0,-7.937846280741553,-200.0,-200.0,200.0,200.0,-200.0,145.14995279854892,-200.0,-76.34298542297893,0.14477547,-0.19785367,-0.71797526,1.6449999,-1.2187757,-0.024880504,0.12851189,0.009155726,-0.7547312,1.6830542,-0.9317687,0.45932472,9.954573,0.5926514,-1.8719435,4.454334,-18.886742,18.637743,1.1684304,0.45135307,0.63199544,-5.55374,-2.352372,-12.858453
174,-0.82537156,0.5963215,-0.15266341,-0.006647931,0.031233069,-0.99949,1.0,0.0,0.0,0.18322946,-0.16132471,0.030680597,0.072363615,-0.5044896,0.05003572,0.18319927,0.05109172,0.006677985,0.094498515,-0.19690132,0.24553809,-0.05679362,0.31467244,-0.38305873,0.0650044,-0.106792346,-0.080376334,0.47739312,0.33965343,-0.37732354,0.25935152,-0.3250543,-1.1756091,-0.511387,-1.1205565,1.2814347,-0.27656555,0.11363359,-0.7104417,-0.10253847,-0.8527082,0.91418713,-0.52248263,0.26098198,0.9062725,200.0,200.0,-200.0,200.0,43.83769205040244,50.23834876113892,-200.0,200.0,-200.0,-200.0,51.039044863967035,-200.0,0.18322946,-0.16132471,-0.7693194,1.6723636,-1.3044896,0.05003572,0.18319927,0.05109172,-0.793322,1.6944985,-0.99690133,0.24553809,-1.1358724,6.2934484,-7.6611743,1.3000879,-2.1358469,-1.6075267,9.547862,6.7930684,-7.5464706,5.1870303,-6.5010858,-23.512182
175,-0.084603556,0.07690705,0.61454844,0.0073052673,0.047451712,-0.9988468,1.0,0.0,0.0,0.115063965,-0.12068918,-0.012828529,0.0653801,-0.4179446,-0.062482815,0.2165099,0.086700894,-0.029069722,0.10499096,-0.1555931,0.1186735,-0.5793201,0.13648836,-0.14394845,0.11907118,0.92423517,-0.7870602,-0.09174246,0.061470535,0.0070432923,-0.11295792,0.64076394,-0.1915395,0.030190071,-0.8977231,0.99210835,0.32753003,-0.52380055,0.3546268,-0.92814547,-0.40987375,0.30715343,-0.9905649,-0.13124858,0.226722,-200.0,-200.0,200.0,-200.0,200.0,200.0,-200.0,-200.0,200.0,-200.0,200.0,-200.0,0.115063965,-0.12068918,-0.81282854,1.6653801,-1.2179446,-0.062482815,0.2165099,0.086700894,-0.82906973,1.704991,-0.9555931,0.1186735,-11.586401,2.7297673,-2.878969,2.3814235,18.484703,-15.741204,-1.8348492,1.2294106,0.14086585,-2.2591584,12.815278,-3.8307898
176,0.74860203,-0.57047325,0.74050003,1.9329815e-05,0.035286352,-0.99937725,1.0,0.0,0.0,0.04283805,-0.13228588,-0.010790408,0.10392928,-0.3411557,-0.10909007,0.14287229,0.070843115,0.0010359883,0.08953512,-0.11473143,0.13785557,-0.1837975,-0.22143567,0.1403292,0.24791601,-0.058293343,0.22109294,-0.58593893,-0.20470016,0.24445646,-0.01913243,-0.031019483,0.1417148,1.3879366,-0.13275513,0.09686814,-0.8200856,-1.382087,0.18542412,0.8646491,0.85965925,-0.9656311,0.58013356,-0.5460207,-0.09352901,-200.0,-200.0,200.0,-200.0,-23.632806421216344,43.954332594862365,200.0,-200.0,200.0,200.0,-200.0,200.0,0.04283805,-0.13228588,-0.8107904,1.7039293,-1.1411557,-0.10909007,0.14287229,0.070843115,-0.798964,1.6895351,-0.91473144,0.13785557,-3.6759498,-4.4287133,2.806584,4.95832,-1.1658669,4.421859,-11.718779,-4.094003,4.889129,-0.3826486,-0.62038964,2.8342957
177,0.06347342,-0.30502543,0.16261496,-0.020139454,0.018038748,-0.99963444,1.0,0.0,0.0,0.06882726,-0.15227354,0.029123545,0.12752402,-0.4593994,-0.019267917,0.08724758,0.05709093,0.01786071,0.12005329,-0.21537167,0.083223015,0.3745635,0.004011774,0.20859304,0.02812318,-1.0250328,0.4455901,-0.021380646,0.039321035,-0.0572441,0.28981528,-0.70230764,-0.3820965,-0.49577916,0.8210428,-0.5916385,-1.6498474,-0.25445187,-0.67253935,0.9698332,0.82248765,-0.12722205,-0.20123142,-0.2739332,-0.037853964,200.0,200.0,-200.0,200.0,26.752260702910235,25.210683011724882,200.0,55.51995614499355,-66.44701640365415,-200.0,-200.0,-34.37869634328035,0.06882726,-0.15227354,-0.77087647,1.727524,-1.2593994,-0.019267917,0.08724758,0.05709093,-0.7821393,1.7200533,-1.0153717,0.083223015,7.4912696,0.08023548,4.1718607,0.5624636,-20.500654,8.911802,-0.4276129,0.7864207,-1.144882,5.796305,-14.046152,-7.64193
178,-0.5659296,0.15211114,0.071750335,-0.020825587,0.029545976,-0.99934644,1.0,0.0,0.0,0.084099844,-0.119312525,0.04277301,0.11374688,-0.55648226,-0.041640464,0.139582,0.09018992,-0.016066134,0.16136515,-0.26253647,0.03926161,-0.16275796,0.2911278,-0.025522957,-0.1486182,-0.044117745,-0.56751037,0.48957035,0.26666257,-0.2320536,0.12476464,-0.031463146,-0.16885315,-0.867486,-1.273085,0.056686733,-0.28663954,0.61471057,-0.368493,0.15386991,-1.0200623,-0.38207275,-0.49073792,-0.25023246,0.7219511,200.0,200.0,-8.924309321951768,-200.0,15.176405773858814,15.345180015376087,-200.0,200.0,-200.0,-200.0,200.0,-200.0,0.084099844,-0.119312525,-0.757227,1.7137469,-1.3564823,-0.041640464,0.139582,0.09018992,-0.81606615,1.7613652,-1.0625365,0.03926161,-3.2551591,5.822556,-0.5104591,-2.9723642,-0.8823549,-11.350207,9.791407,5.333251,-4.641072,2.495293,-0.6292629,-3.377063
179,-0.054942995,0.3161829,1.0153759,-0.009440203,0.041170444,-0.99910754,1.0,0.0,0.0,-0.007820725,-0.08737412,0.027080655,0.10951066,-0.45823056,-0.1456789,0.1879773,0.112124994,-0.06891811,0.16623044,-0.2579437,0.113858856,-0.70720077,0.058815308,-0.109259866,0.035541724,0.8905923,-0.4651691,0.08990767,-0.017796673,-0.2713767,-0.059769433,0.020245783,0.8183814,1.0952002,-0.7999236,0.91959435,-0.043578573,-0.87279904,0.63798165,-1.0928923,0.101306945,0.7192312,0.023187943,-1.0512179,-0.37270263,-60.42782855260914,-200.0,-200.0,-200.0,-3.4750556847025216,200.0,-200.0,-200.0,164.20024423584522,-200.0,200.0,16.01313405179326,-0.007820725,-0.08737412,-0.77291936,1.7095107,-1.2582306,-0.1456789,0.1879773,0.112124994,-0.8689181,1.7662305,-1.0579437,0.113858856,-14.144015,1.1763061,-2.1851974,0.71083444,17.811846,-9.303382,1.7981533,-0.35593346,-5.4275336,-1.1953887,0.40491566,16.367628
180,0.30875468,-0.3595057,0.94960237,-0.009800794,0.035707295,-0.99931425,1.0,0.0,0.0,-0.09331412,-0.09789162,0.04430169,0.101148844,-0.3916598,-0.1161802,0.14200148,0.10785388,-0.07261133,0.15079081,-0.3397351,0.15611583,-0.19814402,-0.14415419,0.26233009,-0.110952996,-0.093221344,0.65732116,-0.50181204,-0.01720671,0.18880607,-0.041381802,-0.71639824,-0.3095257,1.3425493,-0.08006582,-0.56169254,-0.9347926,-1.0016619,0.103779495,0.6631412,0.31549188,0.8008825,0.2114785,0.05124732,-0.7374073,-200.0,3.3193691171384803,200.0,-200.0,-200.0,-200.0,200.0,-200.0,200.0,-200.0,-200.0,200.0,-0.09331412,-0.09789162,-0.7556983,1.7011489,-1.1916598,-0.1161802,0.14200148,0.10785388,-0.87261134,1.7507908,-1.1397351,0.15611583,-3.9628804,-2.8830838,5.2466016,-2.21906,-1.8644269,13.146423,-10.036241,-0.34413418,3.7761214,-0.827636,-14.327965,-6.1905136
181,-0.14483637,-0.417004,-0.05384941,-0.024939515,0.034349676,-0.99909866,1.0,0.0,0.0,-0.071649,-0.10254586,0.09922898,0.08235717,-0.50124687,-0.014596595,0.096165195,0.12755775,-0.03154397,0.14896011,-0.37860364,-0.012233598,0.35989025,0.063347034,0.28365573,-0.08013995,-0.92206794,0.32763216,-0.007607045,0.18542674,0.22456697,0.010009371,0.23293613,-1.2752683,-0.5519652,0.7732647,-0.80573183,-0.6565462,0.38196892,-0.27975896,1.0046531,0.20465156,-1.3828698,0.17371085,0.06742179,0.48016152,200.0,200.0,200.0,117.42085975246752,200.0,-200.0,200.0,0.8270109466201916,-200.0,-200.0,-199.32336145940792,-120.52520693056016,-0.071649,-0.10254586,-0.70077103,1.6823572,-1.3012469,-0.014596595,0.096165195,0.12755775,-0.831544,1.7489601,-1.1786036,-0.012233598,7.197805,1.2669406,5.673115,-1.6027989,-18.441359,6.5526433,-0.1521409,3.7085347,4.491339,0.20018741,4.6587224,-25.505365
182,-0.45778134,0.197849,0.044419847,-0.028123742,0.047554534,-0.99847263,1.0,0.0,0.0,-0.054193005,-0.06773943,0.12719488,0.074658036,-0.56403285,-0.040185515,0.1551555,0.1670347,-0.028410256,0.15810847,-0.24853498,-0.15714702,-0.11996263,0.23264647,0.013719402,-0.00038283315,0.15550728,-0.46465307,0.54514813,0.19051608,-0.15381093,0.061787408,0.6963659,-0.27125636,-0.48920733,-1.2615368,0.5053196,-0.26886314,0.30356365,0.10336651,-0.27231288,-1.6868347,0.35507274,-0.8141226,-0.03129775,0.8281646,200.0,-111.84540733974517,-200.0,-25.245649294401318,-67.5692662828817,200.0,-200.0,200.0,-200.0,-200.0,200.0,-69.61105889868799,-0.054193005,-0.06773943,-0.67280513,1.6746581,-1.3640329,-0.040185515,0.1551555,0.1670347,-0.82841027,1.7581085,-1.048535,-0.15714702,-2.3992527,4.6529293,0.27438805,-0.007656663,3.1101456,-9.293061,10.902963,3.8103216,-3.0762186,1.2357482,13.927318,-5.425127
183,0.16404946,-0.41396344,0.79111403,-0.032638103,0.052570757,-0.9980837,1.0,0.0,0.0,-0.1377398,-0.05919676,0.16237754,0.052007318,-0.43296045,-0.032843843,0.19828734,0.17829421,-0.009986758,0.1357348,-0.16858858,-0.10415579,-0.647061,-0.11732107,0.30280286,-0.20471917,1.0674003,0.28856882,-0.05289228,-0.046601932,0.29913092,-0.2549539,0.2996356,0.70341164,1.0894037,-0.4746615,-0.07085012,-0.59194124,0.21674462,0.33703995,-1.0632347,0.78698707,-0.044758204,0.37785017,-0.25716823,0.006804548,-200.0,-200.0,200.0,-200.0,-26.64353138823293,200.0,-116.31037097875424,-200.0,200.0,-200.0,200.0,0.03841091355207027,-0.1377398,-0.05919676,-0.6376225,1.6520073,-1.2329605,-0.032843843,0.19828734,0.17829421,-0.80998677,1.7357348,-0.9685886,-0.10415579,-12.941219,-2.3464212,6.056057,-4.0943832,21.348007,5.7713766,-1.0578456,-0.93203866,5.9826183,-5.0990777,5.9927115,14.068233
184,0.07837107,0.049873527,0.80299735,-0.037009563,0.04933903,-0.99809617,1.0,0.0,0.0,-0.22054864,-0.08502825,0.20462996,0.0026057959,-0.21205312,0.085065044,0.13917686,0.17885108,0.022261918,0.11613107,-0.18410873,-0.016810821,-0.24276863,-0.12134465,0.12631308,-0.23305038,0.94394225,0.60130376,-0.49678516,0.042361945,0.06268484,0.026936317,-0.24160479,0.18818606,1.1561003,0.5267081,-1.012387,0.6566437,0.6166241,0.37912288,0.6104099,-0.2683958,-0.9952147,0.022296034,0.20189665,-0.4899957,-200.0,200.0,-128.38397579724204,200.0,-162.32502398849147,61.23899910389981,200.0,-200.0,-200.0,-200.0,-86.97415416853391,-95.62813222429065,-0.22054864,-0.08502825,-0.59537005,1.6026058,-1.0120531,0.085065044,0.13917686,0.17885108,-0.7777381,1.7161311,-0.98410875,-0.016810821,-4.8553724,-2.426893,2.5262613,-4.6610074,18.878845,12.026075,-9.935703,0.8472389,1.2536968,0.53872633,-4.8320956,3.7637212
185,0.104502305,0.793034,0.088091396,-0.017559208,0.046129707,-0.99878114,1.0,0.0,0.0,-0.20478638,-0.094101004,0.16272521,0.044820905,-0.06928241,0.22827154,0.108473286,0.17762534,0.002465427,0.10666168,-0.131652,-0.07799711,0.33392265,-0.013751159,-0.46149746,0.50237644,0.703419,0.8846716,0.12852533,-0.04851624,-0.23576017,-0.09546002,0.61411124,-0.677296,0.055305287,0.054302875,1.6303025,0.38523954,1.0140636,-0.10985416,0.5647622,-0.5258666,1.5480334,-0.6004219,0.029042056,0.1081255,200.0,-200.0,-200.0,-175.87144556859258,200.0,-200.0,200.0,200.0,-200.0,200.0,200.0,200.0,-0.20478638,-0.094101004,-0.6372748,1.6448209,-0.8692824,0.22827154,0.108473286,0.17762534,-0.7975346,1.7066617,-0.931652,-0.07799711,6.678453,-0.2750232,-9.229949,10.047528,14.06838,17.693432,2.5705066,-0.97032475,-4.7152033,-1.9092004,12.282225,-13.545919
186,0.16794015,0.2658121,-0.2647444,0.0012363592,0.04234998,-0.99910206,1.0,0.0,0.0,-0.110733375,-0.09312708,0.09106398,0.14297736,0.14720148,0.29231066,0.18786593,0.1605047,-0.0149024725,0.06740558,-0.0041020513,-0.11133126,0.44594917,0.008451279,-0.26283276,0.44890124,1.41913,-0.13294792,0.5907643,-0.065993905,-0.019603454,-0.05536734,-0.055039525,0.10786492,0.22523002,0.07333997,0.2543173,-1.080529,-0.48874378,-0.9066206,-0.6418843,0.6533543,1.4412793,0.43212003,1.4813195,1.1473143,200.0,-200.0,200.0,-200.0,-200.0,200.0,-137.1077725031123,200.0,200.0,41.96290645958504,200.0,-200.0,-0.110733375,-0.09312708,-0.70893604,1.7429774,-0.65279853,0.29231066,0.18786593,0.1605047,-0.8149025,1.6674056,-0.80410206,-0.11133126,8.918983,0.16902559,-5.256655,8.9780245,28.382599,-2.6589584,11.815286,-1.3198781,-0.39206907,-1.1073468,-1.1007905,2.1572983
187,-0.2889274,-0.4352832,0.0643247,-0.002668219,0.04650749,-0.99891436,1.0,0.0,0.0,-0.011428469,-0.06508675,0.087105334,0.19937682,0.32498378,0.15881057,0.24523209,0.17227463,-0.010434985,0.089369416,0.017805994,-0.020882526,0.4776713,0.22368328,0.16323476,0.1546066,0.4569707,-1.10484,0.03501463,0.14764117,0.058145523,0.23566349,0.24222401,0.7458638,-0.29352838,-0.39676502,-0.32596102,-0.22779796,-1.270667,-0.19026786,-0.76663864,0.6847414,0.56278723,0.10315699,0.7254385,0.14285123,-200.0,200.0,200.0,200.0,200.0,200.0,-200.0,-147.35054450525513,116.81775686831682,-200.0,-200.0,-200.0,-0.011428469,-0.06508675,-0.7128947,1.7993768,-0.47501624,0.15881057,0.24523209,0.17227463,-0.810435,1.6893694,-0.782194,-0.020882526,9.553426,4.4736657,3.2646952,3.0921319,9.139414,-22.0968,0.7002926,2.9528232,1.1629105,4.7132697,4.84448,14.917275
188,-0.119221695,-0.4611936,0.48669645,-0.02016852,0.054311976,-0.9983203,1.0,0.0,0.0,0.02189618,-0.035969842,0.11838573,0.21606791,0.3132485,-0.04157294,0.18602148,0.20195264,0.0116202235,0.12916863,0.09612805,0.086816,-0.07912522,0.07188644,0.15641133,0.023229789,-0.4814043,-0.72314525,-0.5645579,0.15014033,0.16231495,0.14271496,0.49238673,0.21924727,0.3578127,-1.1606275,-1.0927461,-0.4948058,-1.9578744,0.17505768,0.12994252,-0.42942563,-0.8974635,-1.1581972,-0.25729978,-0.55571926,-200.0,200.0,200.0,-200.0,200.0,-200.0,-200.0,-200.0,-200.0,-200.0,-200.0,200.0,0.02189618,-0.035969842,-0.6816143,1.8160679,-0.48675153,-0.04157294,0.18602148,0.20195264,-0.7883798,1.7291687,-0.70387197,0.086816,-1.5825043,1.4377289,3.1282265,0.46459576,-9.628086,-14.462905,-11.291158,3.0028067,3.246299,2.8542993,9.847734,4.3849454
189,0.3868789,0.2648972,-0.1266574,-0.022259865,0.048188332,-0.9985902,1.0,0.0,0.0,0.05868293,-0.045884006,0.123574555,0.2123524,0.11360085,-0.07466065,0.12520654,0.2035279,0.021642506,0.14219093,0.09078097,0.027223911,0.40139875,-0.15297924,-0.076305054,-0.054228045,-1.4212908,0.29002258,-0.06883482,-0.10199113,-0.050784837,0.0010595721,-0.45201644,-0.7198845,0.24853948,0.16073743,0.34713575,-0.8799961,-0.9396355,0.05384122,1.1610184,0.44175726,0.33383802,0.13108557,0.122584395,0.33345762,113.5398743533531,-200.0,-200.0,-200.0,-200.0,-200.0,200.0,-200.0,-200.0,-200.0,-200.0,200.0,0.05868293,-0.045884006,-0.67642546,1.8123524,-0.68639916,-0.07466065,0.12520654,0.2035279,-0.7783575,1.742191,-0.70921904,0.027223911,8.027975,-3.0595849,-1.526101,-1.0845609,-28.425816,5.8004518,-1.3766963,-2.0398226,-1.0156968,0.021191442,-9.040329,-14.39769
190,-0.24218322,-0.44829866,-0.31905952,-0.027898522,0.046442803,-0.9985313,1.0,0.0,0.0,0.13363612,-0.045874752,0.15362221,0.1654824,-0.2243275,-0.030725218,0.16138275,0.2127754,0.03412801,0.1321243,0.0812546,-0.009217721,0.325267,0.12636288,0.31489033,-0.3835803,-1.561407,0.177942,0.38306627,0.16854082,0.14571881,-0.074710235,0.08232107,0.25769135,-1.0288601,0.6019543,0.45742327,-0.14298728,0.18211071,-0.4872267,-0.1762298,0.59148014,-0.28376874,0.6175467,0.5165982,1.1283114,200.0,200.0,200.0,66.38262876098544,3.5034140436118832,200.0,-95.66917541294302,200.0,113.60711288934186,-200.0,132.68539492520176,-9.492222583626756,0.13363612,-0.045874752,-0.6463778,1.7654824,-1.0243275,-0.030725218,0.16138275,0.2127754,-0.765872,1.7321243,-0.7187454,-0.009217721,6.5053396,2.5272574,6.2978063,-7.671606,-31.22814,3.5588398,7.661325,3.3708162,2.9143763,-1.4942046,1.6464213,5.1538267
191,-0.9098465,-0.48841408,0.7401609,-0.047039412,0.07144246,-0.9963349,1.0,0.0,0.0,0.14015701,0.008351672,0.23194665,0.06474626,-0.4311809,-0.104826,0.18661262,0.27536514,0.03950852,0.14771175,0.18920267,0.14623737,-0.20670219,0.37497124,0.40679127,-0.5360954,-0.60171175,-0.7636077,-0.078478746,0.4254417,-0.07724238,0.20530562,0.7016694,1.2015473,0.12946185,-1.7156042,-0.7193107,0.6746231,0.0055563897,0.23065995,-1.2626951,-1.6884693,-0.78496206,-0.06856463,0.18552433,0.20578414,-200.0,200.0,-200.0,200.0,-36.855650633478945,200.0,-200.0,200.0,56.50071028436628,102.0849650667692,200.0,-67.66847309636626,0.14015701,0.008351672,-0.56805336,1.6647463,-1.2311809,-0.104826,0.18661262,0.27536514,-0.7604915,1.7477118,-0.61079735,0.14623737,-4.1340437,7.4994245,8.135825,-10.721908,-12.034235,-15.272153,-1.569575,8.508834,-1.5448476,4.1061125,14.033388,24.030945
192,-0.27646995,0.30179957,0.9340366,-0.046220593,0.095562935,-0.9943497,1.0,0.0,0.0,0.12416694,0.05286262,0.2673697,-0.0066150427,-0.4431159,-0.1468798,0.12649609,0.33022338,0.012904823,0.17819309,0.2317788,0.2793182,-0.031110173,0.09504263,-0.012508151,-0.20051423,0.3836592,0.24045439,-0.4809706,0.1524056,-0.18051687,0.11228471,-0.07182361,0.22724895,0.81114054,-1.1835691,0.011066277,-0.33695006,0.41940373,0.49980882,0.12720014,-0.7719087,-0.059991572,-0.89002115,-0.96702176,-0.8872434,-200.0,-200.0,-200.0,-200.0,-39.66205916316822,-200.0,45.786808489911124,-200.0,-200.0,200.0,200.0,200.0,0.12416694,0.05286262,-0.5326303,1.593385,-1.2431159,-0.1468798,0.12649609,0.33022338,-0.7870952,1.7781931,-0.5682212,0.2793182,-0.62220347,1.9008526,-0.25016302,-4.0102844,7.673184,4.8090878,-9.619411,3.048112,-3.6103373,2.2456942,-1.4364722,4.544979
193,0.24466035,0.6207876,0.046992708,-0.025256095,0.09576905,-0.9950831,1.0,0.0,0.0,0.17972541,0.048886206,0.24920303,-0.059577346,-0.25888044,0.0055716797,0.08562133,0.33742937,-0.022614539,0.17431092,0.11178768,0.22202425,0.52993965,-0.11646771,-0.143172,-0.32369947,1.338601,1.0459021,-0.0063702934,-0.061741024,-0.1624633,-0.13074474,-1.0328425,-0.7081931,-0.07080327,0.6438725,1.1883535,0.32829922,0.8707458,0.39770448,0.92686874,-0.121786825,0.82605743,0.6272198,-0.12732722,0.36031172,118.36300869408525,-200.0,88.87806211675041,-200.0,-200.0,-200.0,200.0,-200.0,-200.0,-200.0,141.94405359864254,-23.609703227270984,0.17972541,0.048886206,-0.550797,1.5404227,-1.0588804,0.0055716797,0.08562133,0.33742937,-0.82261455,1.774311,-0.68821234,0.22202425,10.598793,-2.329354,-2.8634398,-6.4739895,26.772018,20.918043,-0.12740587,-1.2348205,-3.2492661,-2.6148949,-20.65685,-14.163862
194,0.2948755,-0.10603192,-0.05362561,-0.016002329,0.08404793,-0.99633324,1.0,0.0,0.0,0.23487717,0.02847716,0.23661244,-0.09109008,0.039142013,0.13732737,0.12533635,0.31162858,-0.04250723,0.15833175,-0.0072131753,0.19134754,0.0882109,-0.055413593,-0.16760263,0.3223421,0.5604912,0.37392196,0.37231696,-0.17973584,-0.030730328,-0.049130704,-0.54644006,0.3005962,-0.7081799,0.8872464,1.0522188,0.895225,0.28381073,0.28143144,-0.21292038,0.14680594,0.4930395,0.5915182,0.3108373,0.7640866,200.0,-200.0,200.0,200.0,-200.0,200.0,-200.0,200.0,200.0,200.0,200.0,200.0,0.23487717,0.02847716,-0.5633876,1.50891,-0.760858,0.13732737,0.12533635,0.31162858,-0.84250724,1.7583318,-0.8072132,0.19134754,1.7642181,-1.1082718,-3.3520525,6.4468417,11.209824,7.478439,7.446339,-3.5947168,-0.61460656,-0.98261404,-10.928801,6.0119243
195,0.31840867,-0.8073708,0.62049073,-0.034631684,0.07178794,-0.9968185,1.0,0.0,0.0,0.19431014,0.023715176,0.22897846,-0.012635231,0.13322544,0.19523513,0.12843257,0.27502257,-0.013464749,0.16295016,-0.011928141,0.33628395,-0.43615675,0.001544112,0.071153454,0.44635007,0.34906948,0.19942921,-0.27755538,-0.17857766,0.28373608,0.0812603,0.40466318,0.8904912,0.7097661,-1.0719903,-1.1952881,-1.3098704,-1.0166347,-0.559994,-0.6103114,1.0555497,-0.9457253,-0.21143329,-0.13095833,-0.035806574,-200.0,-84.86895975956409,200.0,200.0,200.0,-2.339354098019612,-200.0,200.0,200.0,200.0,-70.24678203183157,-45.452877666949945,0.19431014,0.023715176,-0.57102156,1.5873648,-0.6667746,0.19523513,0.12843257,0.27502257,-0.81346476,1.7629502,-0.81192815,0.33628395,-8.723135,0.03088224,1.423069,8.927001,6.9813895,3.9885843,-5.5511074,-3.5715532,5.6747217,1.625206,8.093264,17.809824
196,0.21141435,-0.121717826,0.64141625,-0.050092995,0.06276971,-0.9967701,1.0,0.0,0.0,0.1520102,0.022744155,0.22230142,0.061850905,0.099089324,0.13237073,0.031957116,0.24910142,0.02984339,0.16677582,-0.020548165,0.40373313,-0.03287718,-0.0060744276,-0.122178964,0.315652,-0.59602326,-0.73431486,-0.65119535,-0.091318995,0.15506946,-0.030953094,-0.22613852,-0.11470113,0.96677303,-0.6724782,-0.453783,-1.1622387,-1.0446573,-0.63055587,0.38160193,0.90358317,-0.5608796,-1.1036878,-0.5329719,-0.3276582,-200.0,200.0,-200.0,-200.0,-2.0718787382565154,-200.0,200.0,-200.0,-200.0,-200.0,-200.0,-200.0,0.1520102,0.022744155,-0.5776986,1.6618509,-0.7009107,0.13237073,0.031957116,0.24910142,-0.7701566,1.7667758,-0.8205482,0.40373313,-0.6575436,-0.12148855,-2.4435792,6.3130403,-11.9204645,-14.686296,-13.023907,-1.8263799,3.1013892,-0.6190619,-4.5227704,-2.2940226
197,0.09839106,0.59268767,-0.04619923,-0.038856205,0.057316884,-0.9975996,1.0,0.0,0.0,0.19758415,0.019389933,0.17256665,0.11121285,-0.123781264,-0.091654345,-0.027471751,0.24489625,0.028122127,0.14618123,-0.15432417,0.27462038,0.4498704,-0.04004083,-0.3526113,0.18578471,-1.537935,-1.1614574,-0.008647343,0.04090019,-0.14253643,-0.16760813,-0.81036645,-1.0803907,-0.13461904,-0.33588848,0.477451,-0.96841836,-0.5786518,-0.0056076646,1.1514715,0.12794277,0.587289,0.68283,0.76718223,0.47366413,200.0,200.0,-200.0,-200.0,43.75205354135687,-200.0,200.0,-200.0,-200.0,-200.0,-200.0,78.84388723284042,0.19758415,0.019389933,-0.62743336,1.7112129,-0.9237813,-0.091654345,-0.027471751,0.24489625,-0.7718779,1.7461812,-0.9543242,0.27462038,8.997408,-0.80081654,-7.052226,3.7156942,-30.7587,-23.229149,-0.17294686,0.8180038,-2.8507285,-3.3521626,-16.207329,-21.607813
198,0.5307369,0.003098988,-0.14950517,-0.028455243,0.042850804,-0.9986762,1.0,0.0,0.0,0.2338267,-0.018622367,0.1440441,0.116698265,-0.3260618,-0.21800624,0.012919253,0.2257426,0.012428522,0.120236754,-0.21192878,0.16866605,-0.03703903,-0.28835404,0.021274563,-0.10010228,-0.60498965,-0.19755213,0.37616274,-0.18493733,-0.025893781,-0.093916,0.13936351,-0.08178308,-0.9105476,0.29797116,0.99376297,-0.96846557,0.470465,0.7130656,-0.14521345,0.29400143,0.57307154,0.457785,0.48031336,0.84914476,200.0,-32.51020738727817,200.0,200.0,200.0,200.0,-200.0,-200.0,200.0,-200.0,143.91845188091827,200.0,0.2338267,-0.018622367,-0.6559559,1.7166983,-1.1260618,-0.21800624,0.012919253,0.2257426,-0.7875715,1.7202368,-1.0119288,0.16866605,-0.7407806,-5.767081,0.42549124,-2.0020456,-12.0997925,-3.9510427,7.5232544,-3.6987464,-0.5178756,-1.87832,2.78727,-1.6356616
199,-0.05043796,-0.73932815,0.61260766,-0.044269223,0.034953214,-0.99840796,1.0,0.0,0.0,0.17374279,-0.049217686,0.18886769,0.060299754,-0.3419668,-0.15435854,0.018454967,0.2152236,0.038904846,0.11463916,-0.07947588,0.2552459,-0.5150818,-0.052337494,0.39090312,-0.4323494,0.35069498,0.74049145,-0.255622,0.04884524,0.25833282,0.022795489,1.0760512,0.8542015,0.81371033,1.1264768,-0.9618677,-0.25001818,0.35424137,0.29093507,-0.5690952,1.0842891,-1.3236778,1.0418631,-0.35046387,0.27731663,-200.0,160.65157161940274,200.0,200.0,165.00897230975045,200.0,-200.0,200.0,200.0,-200.0,200.0,200.0,0.17374279,-0.049217686,-0.6111323,1.6602998,-1.1419668,-0.15435854,0.018454967,0.2152236,-0.76109517,1.7146392,-0.8794759,0.2552459,-10.301637,-1.0467498,7.8180623,-8.646988,7.0139,14.809829,-5.11244,0.97690475,5.166656,0.45590976,21.521025,17.08403
200,-0.73479253,-0.12597759,0.7506794,-0.05946548,0.053875152,-0.99677545,1.0,0.0,0.0,0.12613933,-0.028943786,0.24224061,-0.031899333,-0.17044824,-0.0027788468,-0.07682737,0.25652075,0.06182313,0.15366662,0.029872417,0.31659997,-0.008717435,0.23099446,0.15213272,-0.4495537,1.112483,0.64360666,-0.651183,0.3318324,0.0033449095,0.3373061,0.112919144,-0.05779173,0.7356486,-1.345744,-0.18339257,0.27858347,-0.16709574,0.064296395,0.28907335,-1.9328989,-0.3192385,-1.4074676,-0.71276075,-0.39966196,-200.0,200.0,-200.0,200.0,-200.0,-54.39564152719534,200.0,200.0,-200.0,2.8576199391196724,-33.076558049675896,-58.074170339101215,0.12613933,-0.028943786,-0.5577594,1.5681007,-0.97044826,-0.0027788468,-0.07682737,0.25652075,-0.7381769,1.7536666,-0.7701276,0.31659997,-0.1743487,4.6198893,3.0426543,-8.991074,22.24966,12.872133,-13.02366,6.636648,0.06689819,6.7461224,2.2583828,-1.1558346
201,-0.060143646,0.557876,-0.0057025277,-0.04847225,0.0691186,-0.99643016,1.0,0.0,0.0,0.1785444,-0.009825917,0.22999084,-0.08262813,-0.053671062,0.041720964,-0.1378564,0.2991801,0.032262743,0.20811534,-0.051943302,0.20255637,0.49024025,-0.024372008,-0.2331738,-0.08844416,0.15092956,0.060739197,-0.019879246,0.11956813,-0.28463337,0.21923919,-0.8364207,-0.9892279,-0.089711376,-0.4916364,0.35838774,0.46665627,-0.24605013,-0.31635502,1.1908904,-0.27830833,0.09164515,-1.0126646,-0.4352168,-0.052367665,200.0,-200.0,-200.0,-200.0,-200.0,-200.0,200.0,-200.0,-200.0,200.0,-200.0,-19.583915659110204,0.1785444,-0.009825917,-0.5700092,1.5173719,-0.8536711,0.041720964,-0.1378564,0.2991801,-0.76773727,1.8081154,-0.8519433,0.20255637,9.804805,-0.48744014,-4.663476,-1.7688831,3.018591,1.2147839,-0.39758492,2.3913627,-5.692667,4.3847837,-16.728415,-19.784557
202,0.6225645,-0.02717077,-0.21046072,-0.03955878,0.056450352,-0.9976214,1.0,0.0,0.0,0.21717256,-0.044620104,0.20600867,-0.08423293,-0.100667596,-0.040118735,-0.1006087,0.28760833,0.002408266,0.22021699,-0.18571848,0.09725109,-0.04343466,-0.2898949,-0.03592292,0.05450032,-0.3188528,-0.59079987,0.35275915,-0.2035241,-0.038588714,-0.065151595,-0.5479087,-0.3227204,-1.0641496,1.3257467,1.6579859,-0.40345168,-0.27094764,0.4642327,-0.3463245,-0.091663934,0.2820883,0.18502265,0.322379,1.0439574,200.0,-200.0,174.45246825467797,-200.0,51.14480515693435,27.978119275546703,-200.0,-200.0,200.0,200.0,25.798771612644657,27.836757054471718,0.21717256,-0.044620104,-0.59399134,1.5157671,-0.9006676,-0.040118735,-0.1006087,0.28760833,-0.79759175,1.820217,-0.9857185,0.09725109,-0.8686932,-5.7978983,-0.71845835,1.0900064,-6.377056,-11.815997,7.055183,-4.070482,-0.77177423,-1.3030318,-10.958175,-6.454408
203,0.62938553,-0.76080894,0.5080341,-0.0563707,0.031673837,-0.99790734,1.0,0.0,0.0,0.15392713,-0.09717497,0.24326903,-0.11332643,-0.1594382,-0.05470712,-0.100171536,0.23302889,0.038810194,0.19932878,-0.18988347,0.1399672,-0.5367306,-0.2471563,0.362105,-0.30992398,-0.2459224,0.35098833,-0.28204206,-0.3295626,0.3471936,-0.12354069,0.4097887,0.65213853,0.63404596,1.0674363,-1.2127266,-0.9767404,0.3745448,0.437852,0.14352566,1.0353972,-1.1859939,0.73257226,0.058144577,0.3455219,-200.0,-200.0,186.20848483703736,87.87000306286119,200.0,200.0,-200.0,200.0,200.0,-200.0,23.79858665434554,200.0,0.15392713,-0.09717497,-0.556731,1.4866736,-0.9594382,-0.05470712,-0.100171536,0.23302889,-0.7611898,1.7993288,-0.9898835,0.1399672,-10.7346115,-4.943126,7.2421002,-6.198479,-4.918448,7.0197663,-5.640841,-6.591252,6.943872,-2.4708138,8.195774,13.04277
204,-0.1171927,-0.1954337,0.081545725,-0.07495618,0.024140114,-0.9968946,1.0,0.0,0.0,0.123295404,-0.11873096,0.28983206,-0.1454835,-0.07903439,0.10544428,-0.086854324,0.2034779,0.062459946,0.20170939,-0.03886801,0.30975512,0.1141863,0.018638248,0.14705321,-0.19499783,0.70677,1.0145937,0.35479763,0.00247344,-0.071675025,0.12593506,0.9407606,0.990265,0.25332573,0.1962368,-0.67406017,0.18521695,0.41337538,0.3932899,0.3453712,-0.007856809,-0.844699,-0.20472783,-0.49987358,0.028856046,200.0,200.0,-200.0,200.0,200.0,147.87660207606035,200.0,200.0,-200.0,-200.0,200.0,200.0,0.123295404,-0.11873096,-0.51016796,1.4545165,-0.8790344,0.10544428,-0.086854324,0.2034779,-0.73754007,1.8017094,-0.838868,0.30975512,2.283726,0.37276495,2.9410641,-3.8999565,14.1354,20.291874,7.0959525,0.0494688,-1.4335005,2.5187013,18.815212,19.8053
205,-0.12177661,0.3838661,-0.37080052,-0.070464134,0.028624011,-0.9971035,1.0,0.0,0.0,0.16783735,-0.11681022,0.2596137,-0.092255116,-0.005061388,0.2400124,0.039930243,0.19979517,0.02270776,0.21403766,0.04486245,0.40548512,0.33887628,0.025907187,-0.36114928,0.5074022,0.5463523,0.5220756,0.8338849,-0.051685393,-0.30537418,0.017938297,-0.00812436,0.058632888,0.026815737,-0.644494,0.229744,0.18984042,-0.92246336,-0.29953024,-0.55520886,-0.70729595,0.5967761,-0.8936174,-1.4377595,-0.5887563,200.0,-200.0,-200.0,-200.0,-200.0,-200.0,195.7242647539671,200.0,-200.0,200.0,200.0,200.0,0.16783735,-0.11681022,-0.5403863,1.5077449,-0.8050614,0.2400124,0.039930243,0.19979517,-0.77729225,1.8140377,-0.75513756,0.40548512,6.7775254,0.5181437,-7.2229857,10.148044,10.927046,10.441512,16.677698,-1.0337079,-6.1074834,0.35876593,-0.1624872,1.1726577
206,0.618409,-0.11937928,0.20045038,-0.06678978,0.01733453,-0.99761647,1.0,0.0,0.0,0.1712968,-0.14314489,0.21789032,-0.0032858849,-0.0037498474,0.23685715,0.1364686,0.15533304,0.013789535,0.18821633,-0.06288189,0.31046477,-0.21914604,-0.2620035,-0.097425684,0.40826973,-0.4349694,-0.4555489,0.20055865,-0.34838384,0.16830425,-0.25563735,-0.97314566,-0.91211,-0.5670507,0.75190914,0.6395945,-1.0278472,-0.66740835,-1.0663563,-1.3104326,1.1652089,0.31985027,-0.21980974,0.22539525,0.56551623,-200.0,-200.0,200.0,-200.0,-200.0,-200.0,-114.33034334417684,-200.0,139.72802074403012,-14.704239090203714,-200.0,-200.0,0.1712968,-0.14314489,-0.5821097,1.5967141,-0.80374986,0.23685715,0.1364686,0.15533304,-0.7862105,1.7882164,-0.8628819,0.31046477,-4.3829207,-5.2400703,-1.9485136,8.165395,-8.699388,-9.110978,4.011173,-6.9676766,3.3660848,-5.1127467,-19.462914,-18.242199
207,0.08677121,-0.7454891,1.0441315,-0.08630315,0.005852269,-0.99625176,1.0,0.0,0.0,0.07604173,-0.17211671,0.24015284,0.03716612,-0.18252677,0.035585687,0.11493921,0.11255495,0.08981049,0.10290635,-0.15054852,0.23225005,-0.6867813,-0.054449547,0.26573402,0.030995935,-1.0442383,-1.4570702,-0.35214168,-0.10694522,0.5031871,-0.5448629,0.00015001585,0.0355053,1.0576793,0.6091583,-1.3335915,-0.83719707,-0.2208576,0.2637623,0.36691916,0.5452417,-0.81816244,0.3082223,0.8465654,0.74883354,-200.0,200.0,-9.606737139160998,-139.4778952457898,200.0,200.0,-200.0,200.0,200.0,-200.0,61.53781368732268,-200.0,0.07604173,-0.17211671,-0.5598472,1.6371661,-0.9825268,0.035585687,0.11493921,0.11255495,-0.7101895,1.7029064,-0.9505485,0.23225005,-13.735625,-1.0889909,5.31468,0.6199187,-20.884766,-29.141403,-7.0428333,-2.1389043,10.063743,-10.897258,0.003000317,0.71010596
208,-0.68566,-0.14664741,0.44914883,-0.10271761,0.022285637,-0.9944609,1.0,0.0,0.0,0.00025573984,-0.14982185,0.2764451,0.029067516,-0.28273124,-0.14813922,0.11493827,0.122948155,0.14273655,0.024632096,-0.043257535,0.3416686,-0.12615345,0.25832352,0.113481,-0.09311868,-0.056680817,-0.47928903,0.28890812,0.18357614,0.06592419,-0.26208606,0.9746733,0.8462397,0.65223,-0.8163202,-0.7684211,-0.28537554,0.036935,1.3603444,-0.2663831,-0.5162917,-0.8386048,0.26283008,0.39136893,-0.20755899,200.0,200.0,-200.0,200.0,200.0,2.6542484801502724,200.0,200.0,-200.0,-200.0,200.0,200.0,0.00025573984,-0.14982185,-0.5235549,1.6290675,-1.0827312,-0.14813922,0.11493827,0.122948155,-0.65726346,1.6246321,-0.84325755,0.3416686,-2.523069,5.16647,2.26962,-1.8623736,-1.1336163,-9.58578,5.7781625,3.6715226,1.3184837,-5.241721,19.493465,16.924793
209,-0.10264682,0.51897275,0.44143367,-0.093629375,0.03813075,-0.9948767,1.0,0.0,0.0,0.01499702,-0.12133803,0.27982914,-0.00049459934,-0.20358366,-0.1334515,0.11746828,0.13672538,0.0999583,0.061380744,0.057174683,0.3878542,0.24027371,0.051969178,-0.06640969,-0.18821192,0.693731,0.52598155,-0.2037679,-0.029045481,-0.3796515,0.36655623,0.64136064,-0.22046164,0.96895945,-1.0737363,0.2968832,0.436418,-0.9766064,0.2657341,-0.94699585,-0.53088045,0.90814155,-0.22002223,-0.27178115,-0.5567869,-200.0,-200.0,-200.0,114.78680161888644,200.0,-200.0,200.0,-200.0,-200.0,-200.0,200.0,200.0,0.01499702,-0.12133803,-0.52017087,1.5995054,-1.0035837,-0.1334515,0.11746828,0.13672538,-0.7000417,1.6613808,-0.7428253,0.3878542,4.8054743,1.0393835,-1.3281938,-3.7642384,13.87462,10.51963,-4.075358,-0.5809096,-7.5930295,7.3311243,12.827212,-4.4092326
210,0.6716316,0.1761776,0.21013354,-0.08065736,0.026362587,-0.9963932,1.0,0.0,0.0,0.11362816,-0.1377945,0.27995473,-0.016232252,-0.17233002,-0.006952993,0.016129335,0.10148267,0.067626655,0.10215962,0.07884711,0.2366567,0.69469124,-0.18827435,0.046741586,0.021917881,-0.2818989,0.6025507,-0.74941415,-0.29832444,-0.00702851,0.07190541,-0.32793948,-1.1946291,-0.36192268,0.91662425,0.74458826,-0.13855812,0.4167993,-0.8555428,0.7648619,1.2891428,0.28764635,-1.2137009,-0.5017599,0.2539821,-200.0,-200.0,200.0,-200.0,-200.0,-200.0,200.0,-200.0,-0.820928329220429,200.0,-200.0,-58.023269394063504,0.11362816,-0.1377945,-0.5200453,1.5837678,-0.97233003,-0.006952993,0.016129335,0.10148267,-0.73237336,1.7021596,-0.7211529,0.2366567,13.893825,-3.765487,0.9348317,0.43835762,-5.6379776,12.051014,-14.988283,-5.966489,-0.1405702,1.4381082,-6.5587893,-23.892582
211,0.1140562,-0.49254215,0.32989177,-0.08861227,0.012962551,-0.9959819,1.0,0.0,0.0,0.2102174,-0.14861527,0.32639334,-0.046319366,-0.12293005,0.0024829418,-0.081130385,0.06634848,0.100841165,0.08396113,-0.07686919,0.10651671,0.31209776,0.058311906,0.34317458,-0.24170075,0.6786079,-0.40645838,-0.26830226,-0.083141975,0.30473623,-0.21727204,-0.91513246,-0.20638518,-1.2499633,0.35281643,-0.25580874,-0.27831972,-0.1097451,-0.3415226,1.3515927,0.10191158,-0.368307,0.22852015,0.12471492,0.98984563,200.0,200.0,106.09474697871548,-200.0,55.981791825835444,200.0,-200.0,200.0,200.0,35.646242732724005,200.0,-200.0,0.2102174,-0.14861527,-0.47360668,1.5536807,-0.92293006,0.0024829418,-0.081130385,0.06634848,-0.69915885,1.6839612,-0.8768692,0.10651671,6.2419553,1.1662381,6.8634915,-4.834015,13.572158,-8.129168,-5.366045,-1.6628394,6.094724,-4.345441,-18.302649,-4.1277037
212,-0.5060888,0.026781721,0.5299525,-0.09652982,0.025112035,-0.99501324,1.0,0.0,0.0,0.22795434,-0.10639208,0.3522391,-0.05463147,-0.124643445,-0.09155312,-0.07683099,0.07640417,0.12013775,0.07062137,-0.15258002,0.17413938,-0.1012219,0.26857054,-0.015534679,0.056616385,-0.0777441,-0.5157414,0.25572118,0.13056432,-0.07677253,0.059037384,0.060578804,0.78597265,-0.17500897,-0.88490945,-1.2844944,0.9063119,-0.6936721,0.34753552,-0.018545747,0.19143802,-0.5815135,-0.1401296,0.10182404,-0.16649348,200.0,-42.09843174747687,-200.0,200.0,200.0,200.0,-200.0,200.0,-200.0,-200.0,123.21453655553927,1.5751008324524491,0.22795434,-0.10639208,-0.4477609,1.5453686,-0.92464346,-0.09155312,-0.07683099,0.07640417,-0.67986226,1.6706214,-0.95258003,0.17413938,-2.024438,5.371411,-0.3106936,1.1323277,-1.5548819,-10.314828,5.1144238,2.6112862,-1.5354507,1.1807476,1.2115761,15.719453
213,-0.27270794,0.78140676,0.8033092,-0.077932045,0.042774893,-0.99604064,1.0,0.0,0.0,0.14166506,-0.08376155,0.3042216,-0.0067908764,-0.24297899,-0.087796144,-0.05000823,0.09993959,0.07624006,0.06950593,-0.07763308,0.22308826,-0.6409524,0.0056619747,-0.42106572,0.3879312,-0.9211885,0.45895568,0.08601969,0.10502052,-0.33043945,-0.058822002,0.3956296,-0.19667262,0.77567744,-0.9426399,1.2400067,-0.3311104,-0.8529052,0.06872793,-0.7604704,-0.19584921,1.1245526,-1.0407233,-0.010819325,-0.49736384,-21.970765215066095,78.23863396182178,-200.0,-200.0,-36.28978924058424,-200.0,-35.68612215976566,-200.0,-200.0,200.0,-30.42827566370056,200.0,0.14166506,-0.08376155,-0.4957784,1.5932091,-1.042979,-0.087796144,-0.05000823,0.09993959,-0.72375995,1.669506,-0.8776331,0.22308826,-12.819048,0.11323949,-8.421314,7.7586236,-18.423769,9.179113,1.7203937,2.1004105,-6.608789,-1.17644,7.912592,-3.9334524
214,0.43970335,0.105934225,0.61120874,-0.05971531,0.04000758,-0.9974134,1.0,0.0,0.0,0.06197379,-0.09941006,0.26902378,0.03412187,-0.44783765,-0.03031317,-0.101892784,0.09671398,0.055914998,0.038998842,-0.044286966,0.0768459,-0.19207266,-0.16206563,0.022865092,0.056143355,-0.8890466,0.2245858,-0.5775152,-0.08347776,0.06866864,-0.15043084,0.09240281,-1.1367614,0.86027366,-0.052482318,0.10017283,-0.43403596,-0.23260719,-0.44299746,0.2825684,-0.24694958,1.0862951,0.0944126,0.9176241,0.16081384,-200.0,-200.0,200.0,-200.0,-31.903928033945704,-112.98035953212093,200.0,-200.0,200.0,-200.0,81.18579133517972,-27.527221093294457,0.06197379,-0.09941006,-0.53097624,1.6341219,-1.2478377,-0.03031317,-0.101892784,0.09671398,-0.744085,1.6389989,-0.844287,0.0768459,-3.841453,-3.2413125,0.45730186,1.1228671,-17.780931,4.491716,-11.550303,-1.6695551,1.3733728,-3.0086167,1.8480562,-22.735228
215,0.4549416,0.01946853,-0.23195553,-0.05718639,0.022554865,-0.9981087,1.0,0.0,0.0,0.085016415,-0.118160576,0.2743715,0.03137064,-0.5173871,-0.08768468,-0.1485142,0.07936501,0.0590477,0.034491777,0.008627951,-0.047679693,0.3679472,-0.039731324,0.035169225,-0.07300901,0.09528563,-0.54306436,0.06300307,-0.0813946,-0.044065837,0.09122584,0.29157674,-0.22060128,-0.20920849,1.2644451,-0.34418398,-0.8821556,-0.18609202,-0.24784917,1.503932,0.80396706,-0.32913685,0.9251594,0.45085895,1.0074146,200.0,-200.0,200.0,-14.998509551458199,200.0,200.0,200.0,200.0,-200.0,-200.0,200.0,200.0,0.085016415,-0.118160576,-0.5256285,1.6313707,-1.3173871,-0.08768468,-0.1485142,0.07936501,-0.7409523,1.6344918,-0.79137206,-0.047679693,7.358944,-0.7946265,0.7033845,-1.46018,1.9057126,-10.861287,1.2600614,-1.6278919,-0.8813167,1.8245168,5.831535,-4.4120255
216,-0.27793518,0.63549906,-0.119569756,-0.04284407,0.019989345,-0.99888176,1.0,0.0,0.0,0.106603965,-0.10526167,0.25332618,0.0014997721,-0.41382676,-0.19428931,-0.076939106,0.08822807,-0.0028516054,0.097703576,0.11548954,-0.003321539,-0.10826017,0.15601575,-0.21846879,-0.21627977,0.8813281,-0.7679357,0.5913721,0.13572614,-0.52322304,0.4931,0.7718075,0.57983315,-0.7337941,-0.6591469,0.9363141,-0.40732598,0.15825455,0.48936772,-0.77310014,-0.12591514,0.2573953,-0.36886442,-0.80372375,0.26466748,200.0,200.0,-200.0,200.0,200.0,200.0,-200.0,200.0,-200.0,-200.0,200.0,-165.17307697822926,0.106603965,-0.10526167,-0.54667383,1.6014998,-1.2138268,-0.19428931,-0.076939106,0.08822807,-0.8028516,1.6977036,-0.68451047,-0.003321539,-2.1652033,3.120315,-4.3693757,-4.3255954,17.626562,-15.358713,11.827441,2.7145226,-10.46446,9.8619995,15.43615,11.5966625
217,0.34235576,-0.10278403,0.721714,-0.0345493,0.018358214,-0.9992344,1.0,0.0,0.0,0.03147971,-0.10958507,0.2302832,-0.008224487,-0.22747773,-0.21694605,-0.025574539,0.08461554,-0.058403194,0.15924251,0.16362691,0.12660214,-0.59393364,-0.17782713,0.025412662,-0.096741244,0.8540582,0.3274778,-0.011421929,-0.13648719,-0.08655601,0.16399845,-0.19374417,0.5824191,0.85075015,-0.045219455,1.1327486,0.45150524,0.6745037,0.4413776,-0.66892105,-0.09867567,0.5842426,-1.1260501,-1.2664877,-0.5385541,-200.0,-200.0,200.0,-200.0,-200.0,-200.0,-200.0,-200.0,200.0,-200.0,-87.43955975742824,200.0,0.03147971,-0.10958507,-0.5697168,1.5917755,-1.0274777,-0.21694605,-0.025574539,0.08461554,-0.8584032,1.7592425,-0.6363731,0.12660214,-11.878673,-3.5565426,0.5082532,-1.9348248,17.081163,6.5495563,-0.22843859,-2.7297437,-1.7311201,3.279969,-3.8748834,11.648382
218,0.40268895,-0.7620838,0.7479151,-0.052951317,0.0043955194,-0.9985874,1.0,0.0,0.0,-0.023830965,-0.14305186,0.24293584,0.018023849,-0.063638985,-0.04955253,-0.081399366,0.05189444,-0.029314697,0.16272461,0.018502116,0.13586085,-0.010612666,-0.14822482,0.12754199,0.2597096,0.95042926,1.2151475,-0.49884954,-0.18580686,0.3263649,-0.10175029,-1.1613864,-0.3930026,0.9264144,0.89682406,-1.2126116,-0.36785987,-0.10729836,-0.41333517,0.8480439,1.2293648,-0.95636034,-0.27696332,-0.46181002,-0.16683513,-200.0,-200.0,200.0,-200.0,-200.0,-200.0,200.0,183.50226625137788,200.0,200.0,200.0,200.0,-0.023830965,-0.14305186,-0.5570642,1.6180239,-0.863639,-0.04955253,-0.081399366,0.05189444,-0.8293147,1.7627246,-0.7814979,0.13586085,-0.21225332,-2.9644961,2.5508397,5.194192,19.008585,24.30295,-9.976991,-3.716137,6.527298,-2.0350058,-23.227726,-7.8600516
219,-0.1970114,-0.044408258,0.09237245,-0.06755089,0.002521807,-0.9977127,1.0,0.0,0.0,0.031760022,-0.13488808,0.25106293,0.054263473,0.028561592,0.0867352,-0.11893229,0.041962806,0.011858404,0.12791085,-0.17322022,0.041990682,0.51162314,0.19479857,-0.039102525,0.1232503,0.04338549,0.24559699,0.069121815,0.065810554,0.11195127,-0.2329986,-0.6482883,-0.45353714,-0.5918025,-0.8830281,-0.54894334,-0.95534843,-1.3372772,-0.8518183,0.97726077,-0.043485887,-0.7577216,-0.34346077,0.06701171,0.37513968,200.0,200.0,-200.0,-200.0,91.6734593254032,34.73877397014331,200.0,200.0,-200.0,-200.0,-200.0,-200.0,0.031760022,-0.13488808,-0.5489371,1.6542635,-0.7714384,0.0867352,-0.11893229,0.041962806,-0.7881416,1.7279109,-0.9732202,0.041990682,10.232463,3.8959715,-0.7820505,2.4650059,0.8677098,4.9119396,1.3824363,1.316211,2.2390254,-4.6599717,-12.965766,-9.070743
220,0.25560647,0.6192694,0.046157423,-0.05507888,-0.0005996082,-0.9984818,1.0,0.0,0.0,0.066319756,-0.13051035,0.21395564,0.06736636,-0.06681013,0.027223866,-0.048198488,0.029370703,0.01048094,0.06067431,-0.1938628,0.062283866,-0.10287191,-0.10027174,-0.30271712,0.01357162,-0.90272635,-0.7417559,0.58690333,-0.15025513,-0.09927016,-0.41958594,0.342771,0.55003065,-0.40561432,-0.40040192,0.858363,0.26315683,-0.9664097,-0.1352694,-0.4864151,0.62386084,0.83632064,1.2382796,-0.28184918,0.46567973,200.0,-18.267848895725052,-200.0,-200.0,200.0,194.69819693789418,-200.0,-200.0,-200.0,-200.0,-200.0,-200.0,0.066319756,-0.13051035,-0.5860444,1.6673664,-0.86681014,0.027223866,-0.048198488,0.029370703,-0.7895191,1.6606743,-0.9938628,0.062283866,-2.0574381,-2.0054348,-6.0543423,0.2714324,-18.054527,-14.835117,11.738067,-3.0051024,-1.9854032,-8.391719,6.8554196,11.000613
221,0.323923,-0.12952316,0.4867578,-0.046764378,-0.012130447,-0.9988323,1.0,0.0,0.0,-0.00862851,-0.16467568,0.17584932,0.082143664,-0.34363288,-0.05145628,-0.0070583075,0.008268581,0.009061217,0.035469174,-0.19402069,0.19882295,-0.51293916,-0.20765212,-0.09685963,0.11874987,-1.592895,-0.33837578,-0.09353429,-0.05351893,0.06454178,0.08480279,-0.12328322,0.70959777,0.62976074,0.4341327,0.54959494,-0.24080618,-0.5339458,0.32607865,-0.5216656,1.0288471,0.1027686,0.7450099,-0.6989689,-0.6007824,-200.0,200.0,200.0,200.0,149.50590206346234,-200.0,200.0,-58.61256073241913,200.0,152.54710692975456,200.0,200.0,-0.00862851,-0.16467568,-0.6241507,1.6821437,-1.1436329,-0.05145628,-0.0070583075,0.008268581,-0.7909388,1.6354692,-0.9940207,0.19882295,-10.258783,-4.1530423,-1.9371926,2.3749974,-31.8579,-6.767515,-1.8706858,-1.0703785,1.2908356,1.6960558,-2.4656644,14.191955
222,-0.3789849,-0.5473722,0.665438,-0.062356718,-0.008560842,-0.9980172,1.0,0.0,0.0,-0.045227665,-0.17212649,0.20171434,0.07111776,-0.5571855,-0.011536576,-0.0831734,0.030911535,0.032575965,0.0756222,-0.31560498,0.22889386,0.0868543,0.10598866,0.30891302,-0.19509976,-0.63940614,0.6209279,-0.6160014,0.24303114,0.14719269,0.30103,-0.81629115,-0.30701292,0.48747787,-0.26939395,-0.40132183,-1.07995,0.35030687,0.2046072,0.564146,-0.15389094,-0.69593424,-0.664997,-0.31711677,-0.16117692,-200.0,200.0,4.08924321474592,200.0,33.29603946615248,-200.0,200.0,200.0,200.0,-200.0,200.0,155.23889301658915,-0.045227665,-0.17212649,-0.5982857,1.6711178,-1.3571855,-0.011536576,-0.0831734,0.030911535,-0.76742405,1.6756222,-1.115605,0.22889386,1.737086,2.1197731,6.1782603,-3.901995,-12.788123,12.418557,-12.320028,4.860623,2.9438536,6.0206003,-16.325823,-6.1402583
223,0.22317421,0.08334386,-0.098940015,-0.07035172,-0.006269537,-0.99750257,1.0,0.0,0.0,0.019308278,-0.17193496,0.24058539,0.020531774,-0.5775078,0.06697922,-0.14503628,0.05126538,0.044333518,0.11511052,-0.37272352,0.11025857,0.5204972,-0.08190601,0.10930097,-0.29999322,0.33852208,0.30714715,-0.052848767,-0.0057639177,-0.024174096,0.1145378,0.079397105,-0.5831914,-0.6643908,-0.91489977,-0.4832683,-0.43309236,0.0938835,-0.39027065,1.5873785,-1.0796444,-0.65362966,-0.84550714,0.019570103,0.4180032,200.0,-200.0,-200.0,-200.0,70.85880856838011,40.38325761484805,200.0,-132.31990026607858,-200.0,-200.0,200.0,-33.527450728976476,0.019308278,-0.17193496,-0.5594146,1.6205318,-1.3775078,0.06697922,-0.14503628,0.05126538,-0.7556665,1.7151105,-1.1727235,0.11025857,10.409944,-1.6381202,2.1860194,-5.999864,6.7704415,6.142943,-1.0569754,-0.115278356,-0.4834819,2.290756,1.587942,-11.663828
224,0.79202497,0.5888367,-0.1619137,-0.054038707,-0.028680928,-0.99812686,1.0,0.0,0.0,0.04806033,-0.2191694,0.22599077,-0.03621769,-0.4023264,0.040634938,-0.09918291,0.021730756,0.016819954,0.117605686,-0.26346487,0.10527971,-0.23690824,-0.2869727,-0.3278306,0.034306943,1.3348533,-0.1635072,0.45676595,-0.2640935,-0.19276236,-0.07455298,0.86059,0.43229935,-0.8890184,1.7159891,1.2914865,-0.08398728,0.23552175,0.09750602,-0.04459043,1.3308665,0.43698534,0.9126153,-0.61408514,0.48389655,200.0,-200.0,-200.0,-200.0,200.0,200.0,-200.0,-200.0,-200.0,-200.0,200.0,-200.0,0.04806033,-0.2191694,-0.57400924,1.5637823,-1.2023264,0.040634938,-0.09918291,0.021730756,-0.78318006,1.7176057,-1.0634649,0.10527971,-4.738165,-5.739454,-6.556612,0.68613887,26.697065,-3.2701437,9.135319,-5.2818694,-3.8552473,-1.4910597,17.2118,8.645987
225,0.13354144,-0.07170451,0.54255146,-0.045279466,-0.04534205,-0.99794483,1.0,0.0,0.0,-0.043204278,-0.24939127,0.18870974,-0.047353983,-0.15435028,0.05472801,-0.03500632,-0.0055377865,0.0033490062,0.11977327,-0.19996381,0.23034942,-0.6297824,-0.05176989,-0.06663368,-0.106271446,1.183568,0.19331127,0.11138528,-0.023161799,0.02429871,0.08189276,-0.12727877,0.7903045,1.2232977,0.5528455,1.2446225,-0.12094046,0.44869697,-0.19266951,-0.3291751,0.45553064,0.26368144,-0.009328805,-0.56967944,-0.7848662,-200.0,200.0,200.0,200.0,-200.0,200.0,-200.0,200.0,200.0,-80.90238153609475,200.0,99.21251215316904,-0.043204278,-0.24939127,-0.6112903,1.552646,-0.9543503,0.05472801,-0.03500632,-0.0055377865,-0.796651,1.7197733,-0.9999638,0.23034942,-12.595648,-1.0353978,-1.3326735,-2.125429,23.67136,3.8662255,2.2277055,-0.46323597,0.4859742,1.6378552,-2.5455754,15.806089
226,-0.5454613,-0.5795955,0.5778611,-0.06123445,-0.035095092,-0.9975062,1.0,0.0,0.0,-0.10094854,-0.2299273,0.20071042,-0.037181854,-0.033028424,0.042740863,-0.06535113,0.022200966,0.046857834,0.10695696,-0.30319017,0.27794683,-0.02828206,0.2203515,0.15001944,0.11709398,0.36766815,-0.28320214,-0.34194678,0.26875654,0.34266979,-0.15486877,-0.58819443,-0.21335748,0.8014965,-0.56220126,-0.9526543,0.09996928,-0.27033013,0.19663745,0.30295694,-0.21166909,-1.221085,-0.37821507,-0.48428485,-0.7884518,-200.0,200.0,133.35174309956767,-101.26730503622605,60.507212644840706,-200.0,200.0,200.0,200.0,-200.0,200.0,-200.0,-0.10094854,-0.2299273,-0.5992896,1.5628182,-0.83302844,0.042740863,-0.06535113,0.022200966,-0.7531422,1.706957,-1.1031902,0.27794683,-0.56564116,4.40703,3.0003886,2.3418796,7.353363,-5.6640425,-6.8389354,5.3751307,6.8533955,-3.0973752,-11.763888,-4.2671494
227,0.12729521,0.03770786,-0.22295038,-0.07093971,-0.02781598,-0.99709266,1.0,0.0,0.0,-0.057128202,-0.21028833,0.19847059,0.0077449083,-0.059725225,0.072223686,-0.0745467,0.048253804,0.09626329,0.058168292,-0.36924845,0.13222662,0.41501662,8.094406e-05,-0.1274706,0.2692373,-0.4249223,0.2737993,0.20024848,0.024416871,0.1677989,-0.32012638,-0.24868469,-1.150836,0.07796905,-0.9283613,0.22126049,-0.91211027,-1.4072514,0.12401375,0.6794597,-0.86488587,-0.8598593,-0.3288785,0.10206356,-0.05133114,200.0,-200.0,-200.0,-200.0,20.02172814140215,-200.0,200.0,-200.0,-200.0,-70.72027886666541,-22.37660182273362,-21.34818820829912,-0.057128202,-0.21028833,-0.6015294,1.6077449,-0.85972524,0.072223686,-0.0745467,0.048253804,-0.7037367,1.6581683,-1.1692485,0.13222662,8.300332,0.0016188812,-2.549412,5.384746,-8.4984455,5.475986,4.0049696,0.48833743,3.355978,-6.4025273,-4.973694,-23.01672
228,0.7047035,0.14949013,-0.17651352,-0.06752269,-0.046116553,-0.99665135,1.0,0.0,0.0,-0.0018649742,-0.23901057,0.18646818,0.029695392,-0.25171274,0.09312724,0.021019509,0.025310345,0.1256845,-0.026982665,-0.31013054,0.012501327,0.20238315,-0.25884473,-0.013386077,-0.0149147585,-1.3973624,0.07079143,0.7100651,-0.22711925,0.13183048,-0.50332284,0.7416617,-0.18599346,-0.40564188,1.2122175,0.69984555,-0.93968844,-0.4178515,-0.7413913,-0.22828774,1.5810722,0.50827426,1.5323601,-0.024600843,0.95226884,200.0,-200.0,-200.0,-132.3963035909635,200.0,106.3746958772262,-46.98229169702577,-200.0,90.72328808727636,-200.0,-200.0,-9.452373397015904,-0.0018649742,-0.23901057,-0.6135318,1.6296954,-1.0517128,0.09312724,0.021019509,0.025310345,-0.6743155,1.5730174,-1.1101305,0.012501327,4.0476627,-5.1768947,-0.26772153,-0.29829517,-27.947247,1.4158286,14.201303,-4.542385,2.6366096,-10.066457,14.833234,-3.7198691
229,0.120726265,-0.60396636,0.52003276,-0.07818665,-0.060566273,-0.9950973,1.0,0.0,0.0,-0.010424009,-0.26549542,0.22431332,-0.011884332,-0.45310527,-0.0032140468,0.09433944,0.010733702,0.16458684,-0.083649874,-0.19133532,0.07044503,-0.24097598,-0.03409596,0.35596073,-0.3682178,-0.7434043,-0.9333895,0.07708015,0.059317768,0.22193734,-0.07136329,0.45976478,0.6657002,0.17096409,0.49257085,-0.4397948,-0.25945145,0.040895015,-0.13918126,-1.0468853,0.3341556,-0.36653146,1.2784495,-0.4151235,0.15347347,-200.0,200.0,200.0,200.0,-200.0,200.0,-200.0,200.0,200.0,-200.0,200.0,-200.0,-0.010424009,-0.26549542,-0.5756867,1.5881157,-1.2531053,-0.0032140468,0.09433944,0.010733702,-0.63541317,1.5163502,-0.99133533,0.07044503,-4.8195195,-0.6819192,7.1192145,-7.3643556,-14.868086,-18.66779,1.541603,1.1863554,4.438747,-1.4272658,9.195295,13.314004
230,-0.57728916,0.030899556,0.5085811,-0.08958783,-0.04822384,-0.99481076,1.0,0.0,0.0,-0.007467541,-0.23931475,0.2789334,-0.083550096,-0.4935643,-0.08864401,0.0569576,0.049884997,0.16625428,-0.05735588,-0.20260209,0.116777666,0.22415178,0.26996443,0.19380341,-0.3283076,0.24074414,-0.129298,-0.39616105,0.30312216,-0.16002186,0.29593346,-0.40789485,0.07542331,0.38329917,-0.5046701,-1.052052,-1.0768178,0.28831458,0.5524759,0.062050655,-0.7907421,-1.0109447,-0.074036844,-0.4163936,-0.26253864,-200.0,200.0,-200.0,200.0,-62.60358167162576,-5.513760834246057,185.33246121762534,200.0,-200.0,-27.692293130426606,200.0,44.56201779832374,-0.007467541,-0.23931475,-0.5210666,1.5164499,-1.2935643,-0.08864401,0.0569576,0.049884997,-0.63374573,1.5426441,-1.0026021,0.116777666,4.4830356,5.399288,3.876068,-6.566152,4.8148828,-2.58596,-7.9232206,6.0624433,-3.200437,5.918669,-8.157897,1.5084661
231,-0.025169147,0.64561975,-0.05616105,-0.076036386,-0.036494385,-0.99643695,1.0,0.0,0.0,0.07454069,-0.20488848,0.28076512,-0.1176064,-0.34961206,0.017541943,0.03165304,0.08987,0.12147027,-0.01834333,-0.27572614,0.041768875,0.5111356,0.063150324,-0.09701926,-0.19228186,1.0227089,0.87291205,0.041677926,0.104060315,-0.29811132,0.11468624,-0.28012636,-0.595562,-0.2551939,-0.5466135,1.1255502,-0.1739846,-0.33224463,0.2420184,0.84480447,-0.75859797,1.0529447,-0.39523917,-0.30693415,-0.093710996,34.89902279973923,-200.0,-200.0,-200.0,-20.58700373519912,-67.94380978523782,157.52383902274676,-200.0,-200.0,-200.0,200.0,200.0,0.07454069,-0.20488848,-0.5192349,1.4823936,-1.1496121,0.017541943,0.03165304,0.08987,-0.67852974,1.5816567,-1.0757262,0.041768875,10.222712,1.2630064,-1.9403852,-3.845637,20.454178,17.45824,0.8335585,2.0812063,-5.9622264,2.2937248,-5.602527,-11.91124
232,0.6621231,0.026145136,-0.07089572,-0.063943304,-0.050654948,-0.9966671,1.0,0.0,0.0,0.120902285,-0.22319752,0.27834016,-0.14761126,-0.24772078,0.11391369,0.090214506,0.08073556,0.10159922,-0.034639,-0.2918933,-0.02362388,0.009110942,-0.21164723,0.06038924,-0.108762205,0.1007669,0.30907866,0.4986034,-0.1694665,0.06871753,-0.24039434,-0.034138706,-0.17339176,-0.59180915,1.8213347,0.61009413,-0.50204045,0.096683726,-0.25156236,-0.18592364,0.8365252,0.16946205,0.86381435,-0.23623662,0.57212424,200.0,-200.0,200.0,-200.0,3.2916714293285168,57.67011466342339,-200.0,-200.0,200.0,58.403534202053905,-200.0,-57.262121629381454,0.120902285,-0.22319752,-0.52165985,1.4523888,-1.0477208,0.11391369,0.090214506,0.08073556,-0.6984008,1.565361,-1.0918933,-0.02362388,0.18221883,-4.2329445,1.2077848,-2.175244,2.015338,6.181573,9.972068,-3.38933,1.3743505,-4.8078866,-0.68277407,-3.4678352
233,-0.014115408,-0.5208662,0.93743336,-0.076247744,-0.061120838,-0.9952138,1.0,0.0,0.0,0.07096723,-0.23859276,0.30589485,-0.17158294,-0.15582901,0.09614591,0.12709914,0.07440383,0.12136841,-0.05777502,-0.2737432,0.045688998,-0.44545302,0.017032376,0.1855359,-0.11109934,0.5479147,-0.42160448,-0.0739369,0.08393148,0.107948534,-0.008567932,0.08113825,0.7720511,0.41491508,0.80367583,-0.6280393,-0.53253895,0.47249722,0.21091117,-0.5380037,0.4072396,-0.5808511,1.1048701,-0.36858693,0.24658981,-200.0,200.0,-7.222675778931546,200.0,-5.516131267127022,200.0,-200.0,200.0,200.0,-200.0,-29.838507735973735,-200.0,0.07096723,-0.23859276,-0.49410516,1.4284171,-0.955829,0.09614591,0.12709914,0.07440383,-0.6786316,1.542225,-1.0737432,0.045688998,-8.9090605,0.34064752,3.7107177,-2.2219868,10.958293,-8.43209,-1.4787381,1.6786296,2.1589706,-0.17135863,1.6227651,15.441022
234,-0.75615686,0.07555511,0.94796515,-0.08594533,-0.04091194,-0.9954595,1.0,0.0,0.0,0.033959627,-0.20761497,0.32839286,-0.19222236,-0.00040882826,0.11806243,0.06126041,0.12068694,0.10476655,-0.02271223,-0.3065737,0.13332225,0.011948419,0.2248481,-0.006209774,0.051471002,0.45033312,0.4309588,-0.5294178,0.34187472,-0.22452103,0.31233022,-0.20691709,0.3938755,0.86590004,-1.0658393,-0.9060319,-1.2912898,-0.61603755,0.53582406,0.27413553,-1.2372752,-0.1656077,-0.23167118,-0.30748636,-0.8114331,-200.0,-49.00474597115601,-200.0,200.0,200.0,-200.0,200.0,200.0,-200.0,-200.0,-21.809346805080736,-200.0,0.033959627,-0.20761497,-0.47160715,1.4077777,-0.80040884,0.11806243,0.06126041,0.12068694,-0.69523346,1.5772878,-1.1065737,0.13332225,0.23896837,4.496962,-0.12419548,1.02942,9.006662,8.619176,-10.588356,6.8374944,-4.4904203,6.2466044,-4.138342,7.87751
235,-0.18994962,0.6976035,0.17839196,-0.06935172,-0.021516167,-0.9973602,1.0,0.0,0.0,0.08410043,-0.18493001,0.31193995,-0.19563234,-0.014727771,0.25269958,0.021962348,0.1664239,0.043847263,0.016441941,-0.3098461,0.108759575,0.44584414,0.01997598,-0.13665555,-0.073200904,-0.49895573,0.62489784,0.07637687,0.13070394,-0.3658788,0.0957671,0.006824203,-0.5456336,0.15986879,-0.40030286,1.0987979,-0.4543053,-0.7501753,-0.3589011,0.97207314,-0.7042896,0.9659408,-0.6805431,-0.33818746,0.09076735,200.0,-200.0,-77.69096732084569,-200.0,-2.4101171251600384,-200.0,200.0,-200.0,-200.0,-200.0,-200.0,-59.73203875019374,0.08410043,-0.18493001,-0.48806006,1.4043677,-0.8147278,0.25269958,0.021962348,0.1664239,-0.75615275,1.616442,-1.1098461,0.108759575,8.9168825,0.3995196,-2.733111,-1.4640181,-9.979115,12.497956,1.5275373,2.6140788,-7.3175755,1.915342,0.13648406,-10.912672
236,0.41081572,0.062481087,0.03806762,-0.055018447,-0.02704512,-0.998119,1.0,0.0,0.0,0.12725154,-0.20860583,0.32022,-0.23585534,-0.20571321,0.2683489,0.087439515,0.15890156,0.0079699755,-0.0042414665,-0.3202693,0.08449303,0.09405235,-0.19710314,0.17221881,-0.1685267,-1.0716838,-0.3884063,0.5368697,-0.1708553,-0.012241923,-0.26316926,-0.033072386,0.01543233,-0.77443415,1.3269659,0.3938809,-0.36769667,0.1344436,-0.057020485,-0.4204172,0.2881876,0.67750996,0.99103767,-0.39256573,0.48834038,200.0,-200.0,200.0,-200.0,130.17177121927938,-15.769732130554825,-196.52249862944024,-38.262058123726206,200.0,-190.05709960148252,200.0,-200.0,0.12725154,-0.20860583,-0.47978002,1.3641447,-1.0057132,0.2683489,0.087439515,0.15890156,-0.79203004,1.5957586,-1.1202693,0.08449303,1.881047,-3.9420629,3.4443762,-3.370534,-21.433674,-7.768126,10.737394,-3.417106,-0.24483846,-5.263385,-0.6614477,0.3086466
237,-0.16850048,-0.46930617,0.64561903,-0.0633241,-0.030115245,-0.9975385,1.0,0.0,0.0,0.08567342,-0.22468938,0.3615869,-0.2724886,-0.30689698,0.16690005,0.12617569,0.15332898,0.025675714,-0.04047513,-0.36200696,0.17486545,-0.46181569,0.026483092,0.23596346,-0.13175093,-0.017552827,-0.39812955,-0.09130781,0.09662717,0.1813638,-0.11786437,-0.35478872,0.7946626,0.3448286,0.64536667,-0.9682762,-0.5806565,0.2727393,0.29407376,-0.35839313,0.4648535,-0.5949817,1.0137644,-0.31370503,0.3951961,-200.0,200.0,200.0,200.0,-87.75316825744284,200.0,-200.0,200.0,83.25130573639494,-200.0,200.0,-200.0,0.08567342,-0.22468938,-0.4384131,1.3275114,-1.106897,0.16690005,0.12617569,0.15332898,-0.7743243,1.5595249,-1.162007,0.17486545,-9.236314,0.52966183,4.7192693,-2.6350183,-0.35105652,-7.9625907,-1.8261563,1.9325434,3.6272762,-2.3572874,-7.095774,15.893251
238,-0.8493339,0.13291292,0.69688433,-0.0695885,-0.0063727982,-0.99755543,1.0,0.0,0.0,0.04963359,-0.18872441,0.4016819,-0.3147701,-0.20305938,0.17934401,0.05720373,0.20403545,0.026772559,-0.027896404,-0.36032718,0.276157,0.051187288,0.31341237,0.16728507,-0.2775391,0.9274937,0.24350317,-0.54721934,0.38133618,-0.12427725,0.20907281,0.10367822,0.2796199,0.86554754,-1.1648204,-0.32847893,-0.38282228,-0.45758426,0.6059027,0.113768324,-1.7416428,0.18066142,-0.2972952,0.06800523,-0.602119,-200.0,184.11464019011441,-200.0,200.0,-7.995169622808888,-66.71038728873867,200.0,200.0,-200.0,-200.0,121.6166625236192,-7.07959225623631,0.04963359,-0.18872441,-0.3983181,1.2852299,-1.0030594,0.17934401,0.05720373,0.20403545,-0.77322745,1.5721036,-1.1603272,0.276157,1.0237458,6.268247,3.3457012,-5.5507817,18.549873,4.8700633,-10.9443865,7.6267233,-2.485545,4.181456,2.0735643,5.5923977
239,-0.2136909,0.1882348,-0.32015455,-0.06290858,0.013604637,-0.99792653,1.0,0.0,0.0,0.114665575,-0.14885452,0.41605356,-0.3363284,-0.11841214,0.30689865,0.003573267,0.25324768,0.022876084,-0.023265004,-0.25189573,0.2285905,0.5436371,0.11372441,0.016109882,-0.010631545,0.017262824,0.6667126,-0.04492328,0.13531286,0.0622106,-0.13076381,0.6725256,-0.66133827,0.20428476,-0.5724564,0.73523897,0.2633525,-0.05886574,0.058689833,0.99253196,-0.7504227,0.36770758,-0.8348301,-0.9515093,-0.36548138,200.0,-200.0,200.0,-200.0,-14.465049061297577,-200.0,200.0,-200.0,-200.0,-80.41603761647976,-200.0,-77.06567104209466,0.114665575,-0.14885452,-0.38394645,1.2636716,-0.91841215,0.30689865,0.003573267,0.25324768,-0.7771239,1.576735,-1.0518957,0.2285905,10.872742,2.2744882,0.32219762,-0.2126309,0.34525648,13.334251,-0.8984656,2.706257,1.244212,-2.615276,13.450512,-13.226766
240,0.46659747,-0.38501754,-0.5368403,-0.068339854,0.0062468983,-0.9976425,1.0,0.0,0.0,0.16872694,-0.15764248,0.42824215,-0.32120788,-0.09995729,0.3318438,0.04077989,0.24984786,0.06772846,-0.08545816,-0.22551543,0.04207624,0.12153556,-0.16299541,0.1086693,0.1470732,0.086224094,-0.3168238,0.3859805,-0.14239085,0.35935333,-0.4650674,-0.30933926,-0.88138276,-0.9422441,1.0197022,0.0064211376,-0.18801178,-0.30374914,-0.074051276,-0.67823386,0.31952444,-0.564293,0.8177679,-0.21997915,0.64042616,200.0,-200.0,200.0,-200.0,-200.0,66.78439447416736,-61.827084114746626,-200.0,200.0,200.0,-4.202538747211335,-200.0,0.16872694,-0.15764248,-0.37175786,1.2787921,-0.8999573,0.3318438,0.04077989,0.24984786,-0.73227155,1.5145419,-1.0255154,0.04207624,2.4307113,-3.2599082,2.173386,2.9414637,1.7244818,-6.336476,7.7196097,-2.847817,7.1870666,-9.301348,-6.186785,-17.627655
241,-0.13656697,0.15841787,0.20750606,-0.07185239,0.0010012062,-0.99741477,1.0,0.0,0.0,0.12886205,-0.17561913,0.4135101,-0.2735784,-0.15308821,0.2064313,0.066160165,0.24793883,0.1037336,-0.1405791,-0.2305054,-0.02999295,-0.45919237,-0.038547516,-0.20499955,0.26310727,-0.32393107,-0.6177394,-0.087403625,0.078984424,0.032887224,-0.11656483,0.025176207,0.06861572,0.2795922,0.5423899,-0.9125472,-0.81172794,-0.87025297,0.3150269,-0.43170315,0.43796298,-0.3582122,0.5304896,0.082187004,0.9050021,-200.0,82.84514467038446,-200.0,200.0,-3.3803695814365042,200.0,-200.0,200.0,-200.0,-81.71321909687416,21.338626538004007,56.94233234764863,0.12886205,-0.17561913,-0.3864899,1.3264216,-0.9530882,0.2064313,0.066160165,0.24793883,-0.6962664,1.4594209,-1.0305054,-0.02999295,-9.183847,-0.7709503,-4.099991,5.2621455,-6.478621,-12.354788,-1.7480725,1.5796884,0.65774447,-2.3312967,0.5035241,1.3723143
242,-0.7117233,0.7574914,0.33715257,-0.052415423,0.020923687,-0.9984061,1.0,0.0,0.0,0.09596594,-0.15006822,0.36603045,-0.23656344,-0.31910402,0.18773797,0.003376483,0.2893396,0.07833868,-0.12593949,-0.14655697,0.08792268,0.07454032,0.2451942,-0.26835233,0.12006291,-1.1409596,0.24250972,-0.49135423,0.2954739,-0.24463959,0.22328568,0.4994115,1.0176704,0.69501936,-0.972046,1.5895511,-0.19157873,-1.0000118,0.21262941,0.1599475,-1.7365062,0.9236897,-0.19920105,-0.052928574,0.04023678,-200.0,29.308353983323002,-200.0,200.0,-39.01978066189986,200.0,200.0,200.0,-200.0,-200.0,-10.989328683213898,43.61631961848448,0.09596594,-0.15006822,-0.43396956,1.3634366,-1.119104,0.18773797,0.003376483,0.2893396,-0.7216613,1.4740605,-0.946557,0.08792268,1.4908063,4.903884,-5.3670464,2.4012582,-22.819191,4.8501945,-9.827085,5.9094777,-4.8927917,4.4657135,9.98823,20.353407
243,-0.09490694,0.18403041,-0.4020717,-0.03475326,0.035670124,-0.99875915,1.0,0.0,0.0,0.17505328,-0.11889858,0.3447721,-0.22575164,-0.55097336,0.20018919,-0.04303861,0.32323915,0.066156805,-0.11919856,-0.10734296,0.18771197,0.66014975,0.0823433,0.015239215,0.021295376,-0.9851552,0.03284897,-0.026765427,0.059187453,0.06838285,-0.09495844,0.11727556,0.07482583,-0.12684056,-0.2565491,0.0776415,-0.7175047,-0.57691485,-0.11455409,0.81956655,-0.7770661,0.61271864,-0.76356614,-0.06413532,-0.7612574,200.0,-200.0,200.0,-89.34276900072112,-9.94092876233043,-200.0,200.0,-200.0,200.0,43.89005822594916,90.22698447545406,-8.489827676260663,0.17505328,-0.11889858,-0.4552279,1.3742484,-1.3509734,0.20018919,-0.04303861,0.32323915,-0.7338432,1.4808015,-0.907343,0.18771197,13.202994,1.6468661,0.3047843,0.42590752,-19.703104,0.6569794,-0.53530854,1.1837491,1.3676571,-1.8991687,2.3455112,1.4965166
244,0.3642088,0.27717596,-0.81416976,-0.026213402,0.02802895,-0.99926335,1.0,0.0,0.0,0.23769331,-0.13283175,0.338795,-0.23885787,-0.64046997,0.12178405,-0.0022382718,0.31186783,0.09177959,-0.18015385,-0.09223002,0.09921709,0.03503469,-0.18271473,-0.06445899,-0.14042024,-0.008241291,-0.51025283,0.39620224,-0.14347127,0.17952983,-0.48265514,0.05972883,-0.86619234,-1.4275949,0.648809,0.5916817,-0.45353407,0.09153108,0.31847945,-0.3635354,0.43255416,-0.4657894,1.3772845,-0.03952343,0.645007,200.0,-200.0,200.0,-200.0,-3.6726562881688167,-200.0,-200.0,-92.3405037852794,-200.0,-200.0,200.0,32.3518486292279,0.23769331,-0.13283175,-0.461205,1.3611422,-1.44047,0.12178405,-0.0022382718,0.31186783,-0.7082204,1.4198462,-0.89223003,0.09921709,0.7006938,-3.6542945,-1.2891798,-2.8084047,-0.16482581,-10.205056,7.9240446,-2.8694253,3.5905964,-9.653103,1.1945766,-17.323847
245,-0.21192358,0.15666032,0.24769033,-0.017942144,0.02612443,-0.99949765,1.0,0.0,0.0,0.18887335,-0.14906305,0.34325126,-0.3004613,-0.5381858,0.12281789,0.022419835,0.3074349,0.113678515,-0.23768783,-0.07436687,0.030141633,-0.47237483,0.0012758033,0.0666494,-0.3802968,0.9393652,0.36543998,-0.10229408,0.07544507,0.047280654,-0.11696706,0.078464486,0.081280716,0.21947533,0.6476055,1.3067937,0.20957153,-0.4344908,0.13155574,-1.1304587,0.15465418,0.27042446,1.4250832,-0.12730412,0.8967098,-200.0,199.29269546296788,-200.0,200.0,-9.03008843462571,200.0,-200.0,200.0,200.0,53.68209555238974,200.0,74.28097792626323,0.18887335,-0.14906305,-0.45674875,1.2995387,-1.3381858,0.12281789,0.022419835,0.3074349,-0.6863215,1.3623122,-0.8743669,0.030141633,-9.447496,0.025516067,1.3329879,-7.605936,18.787304,7.3087997,-2.0458815,1.5089014,0.9456131,-2.3393412,1.5692897,1.6256143
246,-0.110092066,-0.40179816,0.43297803,-0.024857989,0.032391757,-0.9991661,1.0,0.0,0.0,0.1634175,-0.13601422,0.38462257,-0.35747373,-0.45437008,0.13430111,-0.06483712,0.31491384,0.15337479,-0.23582494,-0.089977026,0.1535942,0.09055185,0.10932715,0.29597282,-0.20618036,0.073732905,-0.0069600265,-0.6907709,-0.0049971677,0.27350524,0.13266253,-0.08102825,1.0558666,0.6426041,-0.6357267,-0.47028092,0.99014,-0.63495094,0.1261995,0.48631305,-1.8021299,-0.31135926,-0.7119402,-0.10950542,-0.30275336,-200.0,-200.0,-20.196481628976386,200.0,6.922291239020552,200.0,47.484199998792775,200.0,200.0,200.0,-61.833480252559085,0.022854555956575595,0.1634175,-0.13601422,-0.41537744,1.2425263,-1.2543701,0.13430111,-0.06483712,0.31491384,-0.6466252,1.3641751,-0.88997704,0.1535942,1.8110371,2.186543,5.9194565,-4.123607,1.4746581,-0.13920052,-13.815418,-0.099943355,5.4701047,2.6532507,-1.620565,21.11733
247,0.49518344,0.2658701,-0.2610427,-0.026184216,0.023609366,-0.9993783,1.0,0.0,0.0,0.2358634,-0.13554324,0.40331033,-0.3500768,-0.5028115,0.1323142,-0.122118175,0.28881484,0.17127824,-0.22767818,-0.09687692,0.2616182,0.5825225,-0.0888525,-0.070907526,0.23930757,-0.28217822,-0.008710507,0.040834583,-0.22150634,-0.060072728,-0.034662973,-0.024644589,0.11865576,-0.5360881,0.78505355,0.15914749,-1.9028559,0.15520476,0.11220753,1.1494842,1.0822201,-0.45341146,-0.079210095,-0.39369303,-0.6908815,200.0,-200.0,-200.0,-200.0,-0.5191031431148758,-200.0,200.0,-200.0,-200.0,200.0,17.231248439708168,-3.4752653916056975,0.2358634,-0.13554324,-0.39668968,1.2499232,-1.3028115,0.1323142,-0.122118175,0.28881484,-0.6287218,1.3723218,-0.89687693,0.2616182,11.65045,-1.77705,-1.4181505,4.7861514,-5.643564,-0.17421015,0.81669164,-4.4301267,-1.2014545,-0.6932595,-0.49289176,2.3731153
248,-0.26291284,0.78527135,-0.15602297,-0.003979646,0.020261008,-0.9997868,1.0,0.0,0.0,0.29073295,-0.13783038,0.36341003,-0.32127404,-0.4519444,0.12507194,-0.044386644,0.274109,0.107393146,-0.20043075,-0.17691702,0.17736483,0.025250489,0.05425911,-0.30216813,0.057101607,0.69283074,-0.03368372,0.66978186,0.032748282,-0.51363033,0.23285706,-0.46707964,-0.8622225,-0.9274758,0.41580954,1.4298251,-0.78497934,0.40187353,0.16053206,-0.3211025,-0.13211688,1.058444,0.80519146,0.2456805,0.89128304,200.0,200.0,-200.0,30.428028359014377,31.706263258934428,-200.0,-200.0,200.0,-136.81185866471156,-200.0,200.0,7.993813973225851,0.29073295,-0.13783038,-0.43659,1.278726,-1.2519444,0.12507194,-0.044386644,0.274109,-0.69260687,1.3995693,-0.976917,0.17736483,0.5050098,1.0851822,-6.0433626,1.1420321,13.856615,-0.6736744,13.395637,0.65496564,-10.272607,4.657141,-9.341593,-17.24445
249,-0.23176685,-0.029723331,0.63244355,0.010227198,0.029938731,-0.99949944,1.0,0.0,0.0,0.246464,-0.123888336,0.33630762,-0.33167148,-0.22296876,0.13463111,0.013551955,0.26945707,0.038788974,-0.13922608,-0.16465259,0.11216801,-0.39479366,0.0646685,-0.050899368,-0.020637412,1.3197414,0.04627352,-0.018259648,-0.055176664,-0.19662039,0.3611406,0.49260917,0.11393187,0.31746274,-0.5196841,0.9198159,0.3336531,0.40626442,0.3212417,-0.85158885,-0.5453189,0.9430586,-0.70292246,-0.43767512,0.5414045,-200.0,-200.0,200.0,200.0,200.0,200.0,-200.0,200.0,200.0,-200.0,-41.63761168835299,3.623349971253859,0.246464,-0.123888336,-0.4636924,1.2683285,-1.0229688,0.13463111,0.013551955,0.26945707,-0.76121104,1.460774,-0.9646526,0.11216801,-7.895873,1.29337,-1.0179874,-0.41274822,26.394827,0.92547035,-0.36519295,-1.1035333,-3.9324076,7.222812,9.852183,2.2786374
250,0.53514975,-0.5466347,0.632114,-0.0013620767,0.022119917,-0.99975437,1.0,0.0,0.0,0.22645383,-0.13203515,0.35133907,-0.31760776,-0.0050679445,0.1925889,-0.054141942,0.23075789,0.053971827,-0.10341418,-0.17298496,0.22049697,0.10941005,-0.122967355,0.1780879,0.14399895,0.8964783,0.28604195,-0.60131663,-0.31073442,0.2895486,0.030343557,-0.46405837,0.68941724,1.2325181,0.10464738,-0.8473906,-0.03381659,-0.8343603,-0.33177006,0.8553453,0.83595455,-0.37907425,-1.3713992,-0.89646983,-0.3577488,-200.0,-200.0,200.0,-200.0,-163.58726002167037,-37.87406303462251,104.25586838598217,-200.0,200.0,200.0,-77.21273897725496,-29.512551737345973,0.22645383,-0.13203515,-0.44866094,1.2823923,-0.80506796,0.1925889,-0.054141942,0.23075789,-0.7460282,1.4965858,-0.97298497,0.22049697,2.188201,-2.459347,3.561758,2.879979,17.929565,5.720839,-12.026332,-6.2146883,5.790972,0.6068711,-9.281167,13.788344
251,-0.11965671,0.047846712,0.073621914,-0.010036303,0.015261127,-0.99983317,1.0,0.0,0.0,0.3152897,-0.121888936,0.34002322,-0.23387778,-0.006116748,0.12979317,-0.101047985,0.19418779,0.084215224,-0.114493966,-0.3489172,0.2515427,0.6970091,0.17861444,-0.18269832,0.4802041,-0.47535953,-0.75887597,0.062930696,-0.06882921,0.047679093,-0.12205775,-1.1214418,-0.28195587,-0.91808695,0.51206225,-0.22907944,-0.7407935,-1.2129211,0.106060535,1.1729046,0.651909,-0.007820863,-0.049822204,0.19286828,-0.37124956,200.0,200.0,-200.0,-200.0,-33.791493028528976,-200.0,200.0,200.0,-200.0,-59.63376143069701,-200.0,-200.0,0.3152897,-0.121888936,-0.4599768,1.3661222,-0.80611676,0.12979317,-0.101047985,0.19418779,-0.7157848,1.485506,-1.1489172,0.2515427,13.940182,3.5722888,-3.6539664,9.604082,-9.507191,-15.177519,1.258614,-1.3765842,0.9535818,-2.441155,-22.428837,-5.6391172
252,-0.8997044,0.30693713,0.07868514,-0.00053795206,0.037223436,-0.9993068,1.0,0.0,0.0,0.3997314,-0.07015993,0.2808085,-0.15762854,-0.2050466,0.0766498,-0.029145665,0.21009417,0.057105005,-0.1122967,-0.46570522,0.0963697,0.20650601,0.3314378,-0.36596456,0.2931616,-1.420815,0.032088324,0.58648694,0.19068125,-0.22894326,0.06469845,-0.1471347,-0.9965445,-0.8669468,-1.7396318,0.84686667,-0.2270729,-0.8276596,0.11698691,-0.23525743,-0.15896028,1.2190942,-0.4286514,0.42726892,0.5811184,200.0,200.0,76.7794174601546,66.39292287743626,200.0,40.34194674440266,-200.0,200.0,-200.0,-200.0,-200.0,47.54299426199776,0.3997314,-0.07015993,-0.5191915,1.4423715,-1.0050466,0.0766498,-0.029145665,0.21009417,-0.742895,1.4877033,-1.2657052,0.0963697,4.1301203,6.628756,-7.319291,5.8632317,-28.4163,0.6417665,11.729738,3.8136249,-4.578865,1.293969,-2.942694,-19.93089
253,-0.12849747,-0.18519457,0.52076286,0.0024672733,0.05605877,-0.9984244,1.0,0.0,0.0,0.376129,-0.03139049,0.25146657,-0.14107668,-0.4234169,0.08985726,0.005775346,0.23081166,0.043296456,-0.11063194,-0.3980258,0.008214874,-0.38479424,0.08304583,0.040477306,-0.07388297,-0.88857126,0.060000997,-0.17923611,0.05909407,0.017373012,0.054683834,0.6868261,0.0029272642,0.111080594,-0.95426327,0.5786123,-0.054633737,0.7229985,0.1835078,-0.554061,-1.0295542,0.5922009,-0.8038053,0.22419782,0.091110684,-200.0,-200.0,200.0,-200.0,200.0,200.0,-200.0,-200.0,200.0,-128.73000154124315,83.5134945304103,-5.775848901529237,0.376129,-0.03139049,-0.54853344,1.4589233,-1.2234169,0.08985726,0.005775346,0.23081166,-0.75670356,1.4893681,-1.1980258,0.008214874,-7.6958847,1.6609167,0.8095461,-1.4776593,-17.771425,1.20002,-3.5847223,1.1818814,0.34746024,1.0936767,13.736522,0.058545284
254,0.68775624,-0.758529,0.90425074,-0.016220259,0.04355968,-0.9989191,1.0,0.0,0.0,0.26630747,-0.043790985,0.28348505,-0.14162362,-0.4956053,0.12488443,-0.09491047,0.21055649,0.07450837,-0.10910368,-0.22176045,0.03859596,-0.7264781,-0.18961535,0.2582379,0.043184463,0.07092779,0.12904443,-0.770067,-0.24072154,0.27059755,-0.045561884,1.2146171,0.30532858,0.58664906,0.16585572,-0.45951957,-0.52871466,-0.44526368,0.107571065,0.73468965,1.0156244,-1.0563549,0.58076084,-1.0791014,0.13249183,-200.0,-200.0,200.0,-200.0,200.0,127.77297925479155,-200.0,-200.0,200.0,138.6769358468327,200.0,-13.362377244278704,0.26630747,-0.043790985,-0.51651496,1.4583764,-1.2956053,0.12488443,-0.09491047,0.21055649,-0.72549164,1.4908963,-1.0217605,0.03859596,-14.529562,-3.792307,5.1647577,0.86368924,1.4185557,2.5808885,-15.40134,-4.8144307,5.4119506,-0.91123766,24.292343,6.1065717
255,-0.091890894,-0.20736365,0.38043812,-0.033961575,0.034146,-0.9988397,1.0,0.0,0.0,0.18815143,-0.052607454,0.3132251,-0.14964247,-0.47835082,0.12155639,-0.17673755,0.19079857,0.082277596,-0.082075715,-0.08443242,0.071496755,-0.11636311,0.084229216,0.06291089,-0.105864756,0.07455634,-0.02958307,-0.114844136,0.023591105,-0.14286971,0.2839933,0.25341827,0.13297777,0.51752937,0.28716227,-0.9391732,-1.4330655,-0.5079025,0.08401841,0.7913488,0.32528815,-0.2268512,-0.0044417307,-0.5438921,-0.24459282,200.0,200.0,-200.0,200.0,-200.0,-11.426888031166143,200.0,200.0,-200.0,-200.0,-8.610063719606927,1.4695994682061269,0.18815143,-0.052607454,-0.48677492,1.4503576,-1.2783508,0.12155639,-0.17673755,0.19079857,-0.7177224,1.5179243,-0.88443244,0.071496755,-2.3272622,1.6845843,1.2582178,-2.117295,1.4911268,-0.5916614,-2.2968826,0.47182208,-2.8573942,5.679866,5.068365,2.6595554
256,-0.62610734,0.34943873,-0.09401738,-0.028484909,0.05093544,-0.99829566,1.0,0.0,0.0,0.23079164,-0.0082941055,0.30434817,-0.17684722,-0.47938246,0.10508506,-0.12891997,0.22097018,0.027557075,-0.034186363,-0.13851953,0.0044499272,0.45016637,0.30791703,-0.14182362,0.06448202,0.083126806,-0.13941133,0.53089756,0.21186607,-0.3720296,0.19642602,-0.69856715,-0.5261592,-0.22190598,-1.2716702,0.6447218,-0.039445505,-0.5512381,0.51399314,-0.03976187,-0.85482496,0.27522844,-0.30541176,-1.0345591,0.2682507,200.0,12.67407850635044,-174.91590618198205,-139.9410375500274,-200.0,16.88799619958968,199.8555173323628,200.0,-200.0,-200.0,-200.0,139.77146966559522,0.23079164,-0.0082941055,-0.49565184,1.4231528,-1.2793825,0.10508506,-0.12891997,0.22097018,-0.77244294,1.5658137,-0.93851954,0.0044499272,9.003327,6.1583405,-2.8364723,1.2896403,1.6625361,-2.7882266,10.61795,4.2373214,-7.440592,3.9285202,-13.971343,-10.523185
257,0.113919735,-0.19882756,0.3390608,-0.026463097,0.059681546,-0.99786663,1.0,0.0,0.0,0.25303796,0.019971956,0.29949486,-0.15212429,-0.5050352,0.17546976,-0.07883926,0.22900414,-0.0030730367,-0.030416965,-0.3757667,0.0055669653,-0.1673116,0.011045666,0.08797662,0.14358912,-0.12530445,0.61599696,0.07911387,-0.09429324,0.020735187,-0.13052216,-1.3799086,0.4240739,-0.4806648,-0.62130636,0.42514482,-0.44788235,-0.672065,-0.08333573,-0.9803393,0.032386884,1.0608072,0.047760747,0.53210557,0.3473892,-8.609447523214882,-200.0,200.0,-200.0,11.092074116566664,200.0,-200.0,-200.0,200.0,88.03775665860815,52.09874636530108,166.78101208850103,0.25303796,0.019971956,-0.50050515,1.4478757,-1.3050352,0.17546976,-0.07883926,0.22900414,-0.80307305,1.569583,-1.1757667,0.0055669653,-3.346232,0.22091332,1.7595323,2.8717823,-2.506089,12.319939,1.5822774,-1.8858647,0.41470373,-2.610443,-27.598171,8.481478
258,0.68717045,-0.8176709,0.8068881,-0.045972936,0.043052066,-0.9980145,1.0,0.0,0.0,0.15112732,-0.00913802,0.358892,-0.1505518,-0.6050865,0.18589984,-0.1394653,0.18779851,0.025981188,-0.02163589,-0.53193885,0.14228106,-0.7948889,-0.2877805,0.4689525,-0.09631323,-0.9015751,-0.41287228,-0.60138416,-0.31077358,0.25524285,0.12301345,-0.3172843,0.9775492,0.7366309,-0.1221059,-1.3719677,-0.8774316,-0.42469585,-0.48315498,0.5943946,1.2567266,-0.39967093,0.24518394,0.7282032,0.29004782,-200.0,-200.0,200.0,148.4413195373029,200.0,200.0,-200.0,-200.0,168.50635827697212,-200.0,-200.0,-200.0,0.15112732,-0.00913802,-0.44110802,1.4494482,-1.4050865,0.18589984,-0.1394653,0.18779851,-0.7740188,1.5783641,-1.3319389,0.14228106,-15.897778,-5.75561,9.37905,-1.9262645,-18.031502,-8.257445,-12.027683,-6.2154713,5.104857,2.460269,-6.3456855,19.550983
259,0.19313712,-0.28909528,0.22859739,-0.06591743,0.028604932,-0.997415,1.0,0.0,0.0,0.04913704,-0.042741474,0.4191166,-0.16067457,-0.67978364,0.021992538,-0.19129246,0.14689207,0.032296598,0.032280445,-0.48674732,0.2801176,-0.33216068,-0.044979915,0.12610035,0.15623125,0.0502652,-0.9276007,0.015800726,-0.12028699,-0.122953355,0.36609003,0.669861,0.3824972,0.44982228,0.6084003,-0.88572806,-0.88668835,0.8150124,0.6891831,0.81661695,0.4244832,-0.6660112,-0.9168435,0.30264437,-0.15141085,200.0,200.0,-200.0,90.45815117635448,200.0,-200.0,200.0,-98.22877520528756,-200.0,-200.0,200.0,-161.22182129246085,0.04913704,-0.042741474,-0.38088343,1.4393255,-1.4797837,0.021992538,-0.19129246,0.14689207,-0.7677034,1.6322805,-1.2867473,0.2801176,-6.6432137,-0.8995983,2.522007,3.124625,1.005304,-18.552013,0.3160145,-2.4057398,-2.459067,7.3218007,13.397221,7.649944
260,-0.4141951,0.42220807,-0.27401307,-0.06176274,0.03400274,-0.9975115,1.0,0.0,0.0,0.054635752,-0.014930245,0.4212758,-0.14695787,-0.5626623,-0.056223385,-0.12266273,0.15246929,-0.01806587,0.08929789,-0.26354414,0.24993822,0.32286474,0.29479113,-0.08709114,-0.0028285822,1.0242878,0.04804842,0.60708326,0.1448072,-0.35833654,0.21894844,1.2172854,-0.5868118,0.14693865,-0.67374724,0.09310597,-0.85657495,0.853951,0.68654597,-0.20544402,0.12805161,0.6126972,-1.5357811,-0.46191606,-0.12097249,200.0,200.0,-200.0,-200.0,-66.98881048860972,-200.0,200.0,200.0,-200.0,-200.0,200.0,200.0,0.054635752,-0.014930245,-0.37872422,1.4530421,-1.3626623,-0.056223385,-0.12266273,0.15246929,-0.8180659,1.6892979,-1.0635442,0.24993822,6.4572945,5.8958225,-1.7418228,-0.056571644,20.485756,0.96096843,12.1416645,2.896144,-7.166731,4.3789687,24.345707,-11.736236
261,0.06998333,0.46097112,-0.15207794,-0.044688743,0.038918518,-0.9982426,1.0,0.0,0.0,0.0959263,0.013278333,0.40301776,-0.16482711,-0.26940292,0.061742574,-0.06284406,0.16117823,-0.060691655,0.09656143,-0.12727344,0.11232048,0.121895134,0.026190272,-0.0918655,-0.16388641,1.8116255,1.0337325,0.051823843,-0.023061229,-0.09148537,-0.110575594,0.24299799,-0.5278763,-0.23111592,-0.35775456,0.9464472,0.5646254,0.46864527,0.6925124,-1.1063653,-0.39335454,1.015467,-0.38060582,-0.53791416,0.2571931,-200.0,-54.25229648221209,200.0,-200.0,-200.0,76.34900610689306,-31.051960828810635,-200.0,-200.0,-200.0,200.0,200.0,0.0959263,0.013278333,-0.39698225,1.4351729,-1.0694029,0.061742574,-0.06284406,0.16117823,-0.86069167,1.6965615,-0.92727345,0.11232048,2.4379027,0.52380544,-1.83731,-3.2777283,36.23251,20.67465,1.0364769,-0.46122456,-1.8297074,-2.2115119,4.8599596,-10.557526
262,0.74726427,-0.26490942,0.52806747,-0.041961145,0.024745898,-0.99881274,1.0,0.0,0.0,0.06388138,-0.030209934,0.36156768,-0.08241606,-0.09192699,0.25645205,-0.117520586,0.12655583,-0.02766633,0.037927628,-0.18571234,0.11023476,-0.42602012,-0.39596978,-0.19545119,0.6109568,0.6173863,1.0550969,-0.53556246,-0.29139906,0.35171103,-0.44199178,-0.73032755,0.3174618,0.06035634,1.170256,0.47175694,0.842266,0.108435884,-0.10842228,0.77378005,0.9495157,0.36092684,0.53706545,-0.012613187,0.5629536,-200.0,-200.0,200.0,-200.0,-200.0,75.53333922291606,-200.0,-200.0,200.0,112.53873756040957,-200.0,-200.0,0.06388138,-0.030209934,-0.43843234,1.517584,-0.891927,0.25645205,-0.117520586,0.12655583,-0.82766634,1.6379277,-0.98571235,0.11023476,-8.520402,-7.9193954,-3.9090235,12.219135,12.347726,21.101936,-10.711248,-5.827981,7.0342207,-8.839835,-14.606551,6.3492355
263,0.124760635,-1.0045499,-0.06748221,-0.07067788,0.005797842,-0.99748236,1.0,0.0,0.0,0.028657766,-0.07483114,0.34667018,0.046179295,0.047358453,0.35878286,-0.17052253,0.084900804,0.036478102,0.022552133,-0.21440381,0.22328566,0.03232893,-0.07177137,0.028772851,0.67487514,0.4066511,0.06805467,-0.036256913,-0.13433479,0.33887526,0.11864652,0.311419,0.6997707,0.73737687,0.00043671206,-1.0137303,-1.7295582,-1.3085984,-0.6391088,0.18418173,1.0429659,-1.3119317,-0.7479936,0.48535883,-0.5974993,200.0,200.0,200.0,200.0,199.25667802209767,13.047992856897963,62.21236186173838,200.0,200.0,200.0,-200.0,-200.0,0.028657766,-0.07483114,-0.45332983,1.6461793,-0.75264156,0.35878286,-0.17052253,0.084900804,-0.7635219,1.6225522,-1.0144038,0.22328566,0.6465786,-1.4354273,0.57545704,13.497502,8.133022,1.3610934,-0.72513825,-2.6866958,6.7775054,2.3729303,6.22838,13.995414
264,-0.2461504,-0.29218394,-0.6512882,-0.09504941,0.009071057,-0.99543124,1.0,0.0,0.0,0.091212004,-0.05635592,0.33100584,0.16684783,0.02457118,0.2673198,-0.117316306,0.08481565,0.081783056,0.029651523,-0.0484038,0.25635508,0.5114425,0.18537006,-0.17458868,0.55247146,-0.5392208,-0.88422346,0.451673,0.09522688,0.13657323,-0.032235824,1.1239486,-0.27330202,0.07121799,-0.75205237,-0.7571632,-1.8185396,-0.91317296,-0.47763035,-0.24856128,0.4288185,-0.7701542,-1.5499971,-0.21131675,-0.22434357,200.0,200.0,-200.0,-200.0,-18.430088572589284,-200.0,200.0,-50.912899725015635,-200.0,-200.0,-200.0,-200.0,0.091212004,-0.05635592,-0.46899417,1.7668478,-0.77542883,0.2673198,-0.117316306,0.08481565,-0.71821696,1.6296515,-0.8484038,0.25635508,10.228849,3.707401,-3.4917736,11.049429,-10.784416,-17.68447,9.03346,1.9045374,2.7314644,-0.64471644,22.478971,-5.46604
265,-0.23476133,0.4222554,-0.03181836,-0.09124584,0.017523263,-0.9956742,1.0,0.0,0.0,0.124978386,-0.043176033,0.27282542,0.26326597,-0.179111,0.015958933,-0.08499172,0.11772886,0.08619511,0.020602345,0.050449073,0.10579782,-0.06079327,-0.028692171,-0.3856396,0.41917357,-1.2878786,-1.2751076,-0.06605239,0.21864875,-0.07736605,-0.013926578,-0.095805295,-0.86778796,-0.15851939,-0.5141018,0.39633313,-1.0606933,-0.6376575,-0.19542333,-0.60019034,0.17307228,0.20418875,-0.6669313,0.14980887,0.211844,-200.0,200.0,-200.0,-200.0,-200.0,200.0,-81.3361588805258,-200.0,-200.0,-200.0,-200.0,200.0,0.124978386,-0.043176033,-0.5271746,1.863266,-0.979111,0.015958933,-0.08499172,0.11772886,-0.7138049,1.6206024,-0.74955094,0.10579782,-1.2158654,-0.5738434,-7.712792,8.3834715,-25.757572,-25.502151,-1.3210478,4.372975,-1.5473208,-0.27853155,-1.9161059,-17.355759
266,0.1550731,-0.13127029,0.65535676,-0.08717152,0.01877158,-0.99601644,1.0,0.0,0.0,0.056010704,-0.08097071,0.2378546,0.3102523,-0.3803206,-0.17662185,-0.16528161,0.13645826,0.103924036,0.0011577606,0.057224154,0.010481131,-0.5431521,-0.2995114,-0.016023729,0.08711021,-1.1272801,-0.99986506,-0.6640551,0.0023797604,0.15544413,-0.08918218,-0.0073939054,-0.23707151,0.19953161,-0.13494483,0.5004621,-0.87382615,-0.4785486,0.72840106,0.801429,-0.65732867,0.42819822,-0.50997156,0.8971216,0.59774745,-200.0,36.56185772871262,73.50908574813752,-200.0,184.55204091883814,200.0,-200.0,-200.0,200.0,-200.0,-200.0,-115.31596402964401,0.056010704,-0.08097071,-0.5621454,1.9102523,-1.1803206,-0.17662185,-0.16528161,0.13645826,-0.696076,1.6011578,-0.74277586,0.010481131,-10.863042,-5.9902277,-0.32047457,1.7422041,-22.5456,-19.997301,-13.281102,0.047595207,3.1088827,-1.7836436,-0.14787811,-4.7414303
267,0.30620208,-0.790837,0.05840134,-0.1047914,0.0118711805,-0.9944234,1.0,0.0,0.0,0.015712872,-0.12973773,0.27725375,0.29312897,-0.51441365,-0.26839364,-0.24222207,0.11560468,0.15345865,-0.01450789,0.054525375,0.030400198,0.076550774,-0.20124088,0.34960625,-0.2141768,-0.36747965,-0.017269729,-0.15254912,-0.18899538,0.30264574,-0.06695946,-0.00690796,0.37998736,0.8768569,1.2321446,-1.0651741,-0.8444769,-0.01912275,0.74672604,1.1663593,0.70635647,-1.1207503,0.43238837,0.3996552,0.024962679,200.0,-200.0,200.0,-200.0,200.0,200.0,200.0,200.0,150.34082488013814,-200.0,200.0,200.0,0.015712872,-0.12973773,-0.52274626,1.893129,-1.3144137,-0.26839364,-0.24222207,0.11560468,-0.64654136,1.5854921,-0.74547464,0.030400198,1.5310154,-4.0248175,6.992125,-4.283536,-7.349593,-0.34539458,-3.0509822,-3.7799075,6.0529146,-1.3391893,-0.1381592,7.599747
268,-0.31510782,-0.116817065,-0.48114026,-0.12463774,0.010813008,-0.9921434,1.0,0.0,0.0,0.09167429,-0.12779874,0.32225716,0.24168408,-0.48149115,-0.16473754,-0.20409597,0.11149102,0.16787565,0.010120511,0.12809348,0.056875262,0.6285947,0.18230194,0.12203628,-0.2915308,0.5233452,0.9572722,0.4687532,0.1278492,-0.1041638,0.2679975,0.547451,-0.04878041,-0.4231878,-0.61369926,-1.0011327,-0.079671085,-0.29385287,0.27352405,-0.18855022,0.23812762,-0.77989924,-0.33018076,-0.1387646,-0.10614336,200.0,200.0,-200.0,200.0,-200.0,12.487347790782124,200.0,200.0,-200.0,-200.0,7.4212217890981265,200.0,0.09167429,-0.12779874,-0.47774285,1.8416841,-1.2814912,-0.16473754,-0.20409597,0.11149102,-0.63212436,1.6101205,-0.67190653,0.056875262,12.571894,3.6460388,2.4407256,-5.8306155,10.466903,19.145443,9.375064,2.5569842,-2.083276,5.35995,10.94902,-0.9756082
269,-0.16300525,0.5866198,0.14394839,-0.11408764,0.01957832,-0.9932777,1.0,0.0,0.0,0.14353782,-0.12293222,0.31896704,0.16952062,-0.41384262,-0.0124306865,-0.16299652,0.1383011,0.12652433,0.049283385,0.13401663,0.005294814,-0.04162767,-0.10705959,-0.13032943,-0.40565792,0.26643878,0.6234994,0.032105826,0.13047378,-0.29377288,0.13700585,-0.3942653,-0.24719083,-0.548163,-0.5328692,0.53462183,-0.25061506,-0.94258666,-0.72734797,-0.65054435,-0.38331017,0.10842845,-0.9467338,-0.8157647,0.1390647,-104.48271565935879,73.33540991287867,-200.0,-200.0,-200.0,25.28669693606588,-200.0,-200.0,-200.0,-113.96553616152528,-27.57377967808901,-53.85800966136094,0.14353782,-0.12293222,-0.48103297,1.7695206,-1.2138426,-0.0124306865,-0.16299652,0.1383011,-0.6734757,1.6492834,-0.6659834,0.005294814,-0.8325534,-2.1411917,-2.6065886,-8.113158,5.3287754,12.469988,0.6421165,2.6094754,-5.8754573,2.740117,-7.885306,-4.9438167
270,0.48558682,0.056713168,0.8148556,-0.103158645,0.014334728,-0.9945616,1.0,0.0,0.0,0.06740793,-0.17876713,0.3341966,0.053044677,-0.46848887,0.0045845406,-0.22300178,0.13001065,0.1082291,0.04327309,-0.05082041,0.032541204,-0.6618276,-0.4209337,0.19594276,-0.6863157,-0.7149937,-0.35401595,-0.5692494,-0.17449711,0.031402424,-0.14800613,-1.3556489,0.22985788,-0.08932964,1.1507641,0.7050173,1.2887453,-0.5354711,-0.62799585,0.6927263,-0.053320553,0.5017838,0.51691204,-0.08740444,0.51908183,-200.0,-200.0,-10.668967942609076,-200.0,-200.0,-14.326086945284061,-200.0,-200.0,200.0,39.75387794098583,-200.0,-200.0,0.06740793,-0.17876713,-0.4658034,1.6530447,-1.2684889,0.0045845406,-0.22300178,0.13001065,-0.6917709,1.6432731,-0.8508204,0.032541204,-13.236552,-8.4186735,3.9188552,-13.726314,-14.299874,-7.080319,-11.384988,-3.489942,0.6280485,-2.9601226,-27.112978,4.5971575
271,0.29592487,-0.66353685,0.29026538,-0.11691387,0.00031127184,-0.993142,1.0,0.0,0.0,-0.00036374695,-0.23540497,0.3992553,-0.073951125,-0.5193643,-0.16011433,-0.28236791,0.08899121,0.13235027,0.027607918,-0.21760541,0.16576956,-0.15881,-0.18640198,0.42849952,-0.592773,-0.0449859,-1.0031146,-0.080393866,-0.2100729,0.19122164,-0.017128948,-0.40692934,0.7684274,1.0412695,1.0991712,-1.2399046,-0.2221249,0.11511402,-0.060487896,1.1302116,0.70538765,-0.8822533,-0.26252446,0.53027993,0.64387953,200.0,-80.5772470614425,200.0,200.0,200.0,-56.59657930656476,-1.9660197623870488,200.0,200.0,200.0,19.927826555014242,51.76201628674232,-0.00036374695,-0.23540497,-0.4007447,1.5260489,-1.3193643,-0.16011433,-0.28236791,0.08899121,-0.66764975,1.627608,-1.0176054,0.16576956,-3.1762,-3.7280395,8.56999,-11.85546,-0.899718,-20.06229,-1.6078773,-4.201458,3.8244328,-0.34257895,-8.138587,15.368547
272,-0.159999,0.1281382,-0.3596138,-0.12586029,-0.0019320026,-0.9920461,1.0,0.0,0.0,0.03355231,-0.23855764,0.44484478,-0.15353656,-0.4193067,-0.25274187,-0.22851613,0.07842391,0.14496481,0.011671901,-0.19074208,0.32822645,0.44059655,0.12528144,0.070780054,-0.24359801,0.94614834,-0.021090956,0.5513233,0.07772475,-0.041296303,-0.12940535,0.5770248,0.6923441,-0.32016343,-0.55587554,-1.1845961,0.5984753,-0.22471868,0.530383,-0.07575934,0.18264717,-0.7155702,-0.489555,0.354392,0.0968925,200.0,200.0,-200.0,-200.0,200.0,-63.04177515880053,200.0,200.0,-200.0,126.1299126086439,200.0,200.0,0.03355231,-0.23855764,-0.35515523,1.4464635,-1.2193067,-0.25274187,-0.22851613,0.07842391,-0.6550352,1.6116719,-0.9907421,0.32822645,8.811931,2.5056286,1.415601,-4.87196,18.922966,-0.42181912,11.026465,1.5544949,-0.82592607,-2.5881069,11.540496,13.846883
273,0.06464209,0.83755934,0.044419188,-0.10522732,-0.0009614074,-0.9944477,1.0,0.0,0.0,0.042299658,-0.24615446,0.402478,-0.16409242,-0.3247115,-0.14940882,-0.16103812,0.094805524,0.111282825,-0.027201414,-0.018405318,0.3579871,-0.2779009,-0.16498825,-0.44770476,0.10295707,0.23034672,0.95580095,0.22916062,0.07960542,-0.26660484,-0.24965493,0.8181896,-0.29362738,-0.35688627,0.15318389,1.0865551,-0.06728618,-1.6774069,-0.4312505,-0.8347519,-0.25131825,0.91369617,-0.19857505,-0.80569166,-0.51054716,-65.08009633337397,97.69082512084839,-200.0,-200.0,-73.14396422576453,-200.0,-200.0,-200.0,-200.0,200.0,-38.63634869267284,200.0,0.042299658,-0.24615446,-0.397522,1.4359076,-1.1247115,-0.14940882,-0.16103812,0.094805524,-0.6887172,1.5727986,-0.81840533,0.3579871,-5.5580177,-3.2997649,-8.954095,2.0591414,4.6069345,19.116018,4.5832124,1.5921085,-5.3320966,-4.9930987,16.363792,-5.8725476
274,0.079933286,0.14386348,0.7073564,-0.087110445,-0.0024545973,-0.9961956,1.0,0.0,0.0,-0.053872943,-0.2724978,0.33869106,-0.14817953,-0.3864537,-0.06812863,-0.1837113,0.10150839,0.095608056,-0.08834958,0.03757006,0.19209673,-0.58168525,-0.096290104,-0.20534466,0.06945331,-0.7496721,-0.040964715,-0.3906572,0.008003757,0.06298047,-0.31719282,-0.16218635,-1.2691324,0.3971784,0.65081936,1.0575492,0.37766075,-0.5173598,-0.5549766,-0.015019134,-0.5614766,0.3684952,0.3180158,-0.86786616,0.10493361,-200.0,-200.0,200.0,86.12083339544392,-200.0,-200.0,-46.87065679861621,200.0,200.0,93.98389302468325,-200.0,-200.0,-0.053872943,-0.2724978,-0.46130896,1.4518205,-1.1864537,-0.06812863,-0.1837113,0.10150839,-0.70439196,1.5116504,-0.76242995,0.19209673,-11.633704,-1.925802,-4.106893,1.3890661,-14.993443,-0.8192943,-7.8131437,0.16007514,1.2596095,-6.3438563,-3.243727,-25.382647
275,-0.033662923,-0.58711916,-0.0477941,-0.09787518,-0.0024545155,-0.9951957,1.0,0.0,0.0,-0.08397576,-0.27172732,0.33224848,-0.116740465,-0.4643368,-0.17010564,-0.21776211,0.100633375,0.124346614,-0.09843767,-0.07561034,0.044008568,0.19956331,0.08498864,0.11048978,0.228122,-0.18405311,-0.7574862,0.04791487,-0.031552758,0.21583323,0.08857871,-0.9607339,-0.29820293,0.7508397,0.20489147,-0.6749129,-0.4944873,-0.3257231,0.31822088,0.93744135,0.045903333,-1.1963737,-0.31820965,-0.37062293,0.65485054,200.0,-200.0,200.0,200.0,-200.0,200.0,200.0,200.0,200.0,200.0,135.93626570403217,-81.64002437822569,-0.08397576,-0.27172732,-0.46775153,1.4832596,-1.2643368,-0.17010564,-0.21776211,0.100633375,-0.6756534,1.5015624,-0.87561035,0.044008568,3.9912663,1.6997727,2.2097955,4.56244,-3.681062,-15.149724,0.9582974,-0.6310552,4.3166647,1.7715741,-19.214678,-5.9640584
276,-0.10809198,0.016989319,-0.8051638,-0.10771154,-0.0013681935,-0.9941813,1.0,0.0,0.0,0.016099237,-0.23612452,0.34142867,-0.08463228,-0.43093032,-0.21511893,-0.14800386,0.10155336,0.14449793,-0.07685959,-0.18754202,0.08830708,0.74963206,0.2496827,-0.008484107,0.10528175,0.23122437,0.21075042,0.58688414,0.034562785,0.010947839,0.15088172,-0.5539938,0.6365101,-0.67370677,-0.7100341,-0.38113004,-1.3000923,-0.6782012,0.40160462,-0.20914502,0.4646832,-0.5508993,-0.743256,0.21664496,0.12068742,200.0,-108.7834176788608,-200.0,-200.0,-200.0,200.0,200.0,200.0,-200.0,-200.0,-19.485746904703404,200.0,0.016099237,-0.23612452,-0.45857134,1.5153677,-1.2309303,-0.21511893,-0.14800386,0.10155336,-0.6555021,1.5231404,-0.98754203,0.08830708,14.992641,4.993654,-0.16968215,2.105635,4.6244874,4.2150083,11.737682,0.6912557,0.21895678,3.0176344,-11.079876,12.730202
277,-0.07184166,0.7074415,-0.20127966,-0.092071325,-7.256814e-06,-0.9957524,1.0,0.0,0.0,0.08547995,-0.20980203,0.30696315,-0.081689954,-0.47726434,-0.072188325,-0.08367507,0.11695117,0.12566817,-0.061954618,-0.18815017,0.14739664,0.01886121,0.039383546,-0.30010796,-0.062676184,-0.42398658,0.992768,0.08991516,0.109573364,-0.17982417,0.007382743,0.44337487,-0.027689848,-0.9326891,-0.2308192,1.0390711,-0.40308052,-0.37783676,-0.39363113,-0.79602367,0.4115704,0.15665837,-0.53291845,-0.15988089,-0.046361625,-200.0,200.0,-200.0,-200.0,200.0,-57.93199711905123,-200.0,-200.0,-200.0,-200.0,11.781147023829135,-11.84500117474147,0.08547995,-0.20980203,-0.49303687,1.5183101,-1.2772644,-0.072188325,-0.08367507,0.11695117,-0.67433184,1.5380454,-0.9881502,0.14739664,0.3772242,0.7876709,-6.002159,-1.2535236,-8.479732,19.85536,1.7983031,2.1914673,-3.5964835,0.14765486,8.867497,-0.55379695
278,-0.21038006,0.11613783,0.73989403,-0.07741958,0.005085848,-0.9969856,1.0,0.0,0.0,0.031788234,-0.20255212,0.28335714,-0.13093626,-0.46976274,0.02164468,-0.126064,0.1426921,0.1216411,-0.07218182,-0.15633732,0.076270714,-0.39492115,0.010259517,0.0059187594,-0.07142708,0.3706444,0.1808095,-0.4578463,0.14096235,0.08516352,-0.06987088,0.016948484,-0.32827672,0.27114928,-0.05305278,1.4448587,0.39292258,-0.36606568,-0.7149414,0.5841637,-0.896313,0.052263524,1.118039,-0.7799016,0.16633913,-200.0,200.0,18.100338773451966,-200.0,-30.944908271086646,89.89059783116676,-200.0,-95.02973465793374,200.0,-122.71245049985737,1.290093806154431,-200.0,0.031788234,-0.20255212,-0.51664287,1.4690638,-1.2697628,0.02164468,-0.126064,0.1426921,-0.6783589,1.5278182,-0.95633733,0.076270714,-7.8984227,0.20519033,0.11837518,-1.4285415,7.4128876,3.61619,-9.156926,2.819247,1.7032703,-1.3974175,0.33896968,-6.5655346
279,-0.22693786,-0.045271665,0.36508584,-0.07493316,0.015777115,-0.99706376,1.0,0.0,0.0,0.028557492,-0.18461762,0.29779297,-0.12583196,-0.4044407,-0.049102917,-0.150575,0.16312392,0.11818677,-0.050714612,-0.2509405,0.103725724,0.2911637,0.15320852,0.13062215,0.10275767,0.17594713,-0.7900982,0.14631326,0.06910151,-0.091748945,0.24410188,-0.8141039,0.39813134,0.7801257,-0.12884954,-1.2596451,-0.959701,-1.0355316,-0.32077506,0.88734734,-0.34542516,-0.7396269,-0.8309557,0.12118625,0.018226169,200.0,-200.0,-138.49192222719387,200.0,-200.0,153.9455523115756,200.0,200.0,200.0,200.0,-180.443936571284,-200.0,0.028557492,-0.18461762,-0.50220704,1.4741681,-1.2044407,-0.049102917,-0.150575,0.16312392,-0.68181324,1.5492854,-1.0509405,0.103725724,5.823274,3.0641704,2.612443,2.0551534,3.5189426,-15.801964,2.9262652,1.3820302,-1.8349789,4.8820376,-16.282078,7.9626265
280,0.10715387,0.5703195,-0.3054754,-0.06314423,0.017592467,-0.99784935,1.0,0.0,0.0,0.13929988,-0.1629513,0.3089324,-0.11782956,-0.4732589,-0.14566228,-0.052451078,0.16029547,0.07358682,-0.021620631,-0.30546266,0.09980335,0.76759756,0.09374324,-0.015244298,0.058344867,-0.7412254,-0.30499682,0.77560014,-0.087615184,-0.32416376,0.06710943,0.17098378,-0.16435532,-0.8677493,-0.598829,1.0179951,-0.618606,0.029860914,0.5649766,-0.64594346,-0.13488358,1.2776121,-0.20707181,0.140385,-0.07003456,200.0,-200.0,-200.0,-200.0,200.0,-3.1168145104487337,200.0,-13.154608966311883,-200.0,-200.0,-200.0,32.951025411834394,0.13929988,-0.1629513,-0.49106762,1.4821705,-1.2732589,-0.14566228,-0.052451078,0.16029547,-0.7264132,1.5783794,-1.1054627,0.09980335,15.351951,1.8748648,-0.30488595,1.1668973,-14.824508,-6.099936,15.512002,-1.7523036,-6.483275,1.3421885,3.4196754,-3.2871065
281,0.7807496,-0.019360734,0.36819407,-0.053559694,-0.0012362567,-0.9985639,1.0,0.0,0.0,0.22827819,-0.1752172,0.33913618,-0.12996924,-0.517371,-0.0873427,0.031509895,0.111863025,0.058435977,-0.046587944,-0.19629055,0.03031457,0.18375264,-0.18983701,0.2818279,-0.15915816,0.1817836,0.76555854,0.13755892,-0.35925132,0.121280864,-0.27035108,0.70877254,-0.2265139,-0.8178638,1.1321919,-0.032410156,-0.9064983,0.628542,0.1193153,-0.8051889,1.2016197,0.48026466,0.5813426,0.25004768,0.90841573,-200.0,-170.74231454187765,200.0,-86.26294878967576,-15.1248602150132,32.93142109677029,-200.0,-200.0,200.0,-200.0,200.0,200.0,0.22827819,-0.1752172,-0.46086383,1.4700308,-1.317371,-0.0873427,0.031509895,0.111863025,-0.74156404,1.5534121,-0.99629056,0.03031457,3.675053,-3.79674,5.636558,-3.1831632,3.635672,15.311171,2.7511785,-7.185026,2.4256172,-5.4070215,14.17545,-4.530278
282,0.11163014,-0.22088009,0.8354057,-0.059432488,-0.016518721,-0.99809563,1.0,0.0,0.0,0.2050738,-0.19361158,0.37870184,-0.15834689,-0.3829766,0.0008209527,-0.009511949,0.07376338,0.08348739,-0.07061684,-0.038077235,0.08445283,-0.3560402,-0.019841557,0.14355762,-0.16298546,1.0935457,0.49467754,-0.4718481,-0.06526839,0.12842798,-0.022025952,0.8885107,0.683306,0.21429726,0.36747327,-0.6689338,0.36568224,0.15114214,-0.11998154,0.5614525,0.39389843,0.058626775,1.1145597,0.026842033,0.299012,-200.0,200.0,200.0,200.0,200.0,200.0,-200.0,200.0,-200.0,-200.0,200.0,200.0,0.2050738,-0.19361158,-0.42129818,1.4416531,-1.1829766,0.0008209527,-0.009511949,0.07376338,-0.7165126,1.5293832,-0.83807725,0.08445283,-7.120804,-0.39683115,2.8711524,-3.2597091,21.870913,9.893551,-9.436962,-1.3053678,2.5685596,-0.44051903,17.770214,13.66612
283,-0.58405846,0.124765635,0.18449697,-0.059640065,-0.00445478,-0.99821,1.0,0.0,0.0,0.18807365,-0.16273256,0.37187994,-0.14946842,-0.20010608,0.0010313886,-0.03912917,0.09000966,0.07863456,-0.038808465,0.035268843,0.16322798,0.047922146,0.28292486,-0.1755524,0.20876406,0.77166873,-0.25023234,0.10770326,0.20068109,-0.11434331,0.28655133,0.0147197265,0.29680815,0.96465856,-0.88908595,-0.18026267,-0.3640225,-1.2134017,-0.39721164,0.36930633,-0.542064,-0.057871792,-1.2677615,-0.7660007,-0.84976065,200.0,200.0,54.4388368396298,200.0,-63.362083031723195,-26.76251077283422,18.9158266078977,200.0,-200.0,200.0,-71.78883173229167,-6.467402203560226,0.18807365,-0.16273256,-0.42812008,1.4505316,-1.0001061,0.0010313886,-0.03912917,0.09000966,-0.72136545,1.5611916,-0.76473117,0.16322798,0.95844287,5.658497,-3.5110478,4.175281,15.433374,-5.004647,2.1540651,4.013622,-2.2868662,5.731026,0.29439452,5.936163
284,-0.05626205,0.6626657,-0.6395432,-0.042220704,0.0066182837,-0.9990864,1.0,0.0,0.0,0.24312526,-0.1281131,0.32423767,-0.12192452,-0.1501764,-0.115987085,0.044806276,0.10650601,0.044742286,-0.0053316355,-0.06669712,0.11937326,0.4696199,0.07551589,-0.2789335,0.07964464,-0.17678373,-0.6057803,0.6311021,-0.020114252,-0.19036998,0.06178545,-0.93993396,-0.64371824,-0.11104723,-0.29737616,1.1263591,-0.053640768,-0.78174555,0.0030412823,-0.68029374,-0.09684828,0.5408558,-0.71019566,0.33662158,0.03917283,64.7023051619035,-200.0,-21.89575365646502,-200.0,-200.0,-200.0,200.0,-200.0,-200.0,-200.0,-200.0,42.525673988714516,0.24312526,-0.1281131,-0.47576234,1.4780755,-0.9501764,-0.115987085,0.044806276,0.10650601,-0.7552577,1.5946684,-0.86669713,0.11937326,9.392398,1.5103177,-5.5786695,1.5928928,-3.5356743,-12.115606,12.622042,-0.40228504,-3.8073995,1.235709,-18.79868,-12.874365
285,0.61686844,0.13684359,0.054366678,-0.026973892,-0.007970559,-0.99960434,1.0,0.0,0.0,0.27646533,-0.14914298,0.29630727,-0.10511422,-0.2846381,-0.13099808,0.10552074,0.07167613,0.04943627,-0.03142917,-0.14823729,0.070497334,-0.06470492,-0.2078344,-0.020196449,0.11817571,-0.87330246,0.22400866,0.031061305,-0.2558987,0.20085339,-0.28793797,0.026455462,-0.09162262,-0.7334479,0.62196267,0.9033875,-0.25880408,0.2939909,0.4728334,-0.9314142,1.0376207,0.38775432,0.01691769,0.8139559,1.0166794,-200.0,168.89857054824887,200.0,-200.0,200.0,200.0,-200.0,104.46066672347536,200.0,-185.1520002698095,200.0,-200.0,0.27646533,-0.14914298,-0.50369275,1.4948858,-1.0846381,-0.13099808,0.10552074,0.07167613,-0.75056374,1.5685709,-0.9482373,0.070497334,-1.2940984,-4.1566877,-0.40392897,2.3635142,-17.46605,4.480173,0.6212261,-5.1179743,4.017068,-5.758759,0.52910924,-1.8324524
286,0.11229655,-0.6916647,0.84344333,-0.04138598,-0.021790884,-0.9989056,1.0,0.0,0.0,0.2196159,-0.16961794,0.33493313,-0.11725092,-0.3498718,0.0022962294,0.038297143,0.053059526,0.091952205,-0.041473508,-0.040680587,0.14360425,-0.46620128,-0.016140576,0.34551716,-0.19682391,0.117280416,0.92932075,-0.6039319,0.0031320706,0.28672552,0.0037283623,0.91904753,0.78149056,0.6141634,0.30088267,-0.3873947,-0.40450764,-0.5246669,-0.4097518,0.58716404,0.5869797,-0.28787014,1.3418319,0.66317314,0.18427458,-200.0,200.0,70.20045838140265,139.61673240048623,89.13144344756233,200.0,-200.0,200.0,200.0,-122.18066244295179,200.0,90.3096708997856,0.2196159,-0.16961794,-0.46506688,1.4827491,-1.1498718,0.0022962294,0.038297143,0.053059526,-0.7080478,1.5585265,-0.8406806,0.14360425,-9.324025,-0.3228115,6.910343,-3.9364781,2.3456082,18.586414,-12.078638,0.06264141,5.7345104,0.07456724,18.38095,15.629811
287,-0.6272667,-0.18741561,0.44202778,-0.05779471,-0.011633929,-0.9982607,1.0,0.0,0.0,0.20096508,-0.14167084,0.38961676,-0.14429712,-0.4043072,0.09117362,-0.014578606,0.07416037,0.0769245,0.028206587,0.10884309,0.21763304,0.17279617,0.30413437,0.19468278,-0.08463338,-0.331991,0.08997815,0.0056921756,0.22186771,-0.2881343,0.5388796,0.9610545,0.23837219,0.6529584,-1.0904969,-0.8556404,-0.4280606,-0.15910299,-0.14653376,0.32274473,-0.75330424,-0.98337495,-1.1045535,-1.1039592,-0.48047563,200.0,200.0,-200.0,200.0,200.0,-46.71947982733682,200.0,200.0,-200.0,-200.0,158.81457963128474,-200.0,0.20096508,-0.14167084,-0.41038325,1.4557029,-1.2043072,0.09117362,-0.014578606,0.07416037,-0.7230755,1.6282066,-0.6911569,0.21763304,3.4559236,6.0826874,3.8936555,-1.6926676,-6.6398196,1.799563,0.11384351,4.437354,-5.7626863,10.777591,19.22109,4.7674437
288,-0.12675434,0.46880415,-0.21958978,-0.051782224,0.004942509,-0.9986462,1.0,0.0,0.0,0.271257,-0.09737704,0.3978929,-0.1501615,-0.36976248,0.043703217,0.04378232,0.09566667,0.0007840991,0.115950584,0.19711584,0.1623415,0.45069948,0.14079006,-0.07907661,0.010176175,0.40903193,-0.3566751,0.45213896,0.0055500926,-0.459617,0.36209175,0.017126432,-0.7002565,-0.30801922,-0.6310496,0.7489012,-0.41703188,0.48950088,0.1521579,-0.28779513,-0.4189435,0.81054914,-1.3293068,-0.85351485,-0.2821187,173.26081284324368,-200.0,-200.0,-200.0,-200.0,-200.0,200.0,-200.0,-200.0,-200.0,62.808036934647305,-34.92279594369535,0.271257,-0.09737704,-0.40210712,1.4498385,-1.1697625,0.043703217,0.04378232,0.09566667,-0.7992159,1.7159506,-0.6028842,0.1623415,9.013989,2.8158011,-1.5815321,0.2035235,8.180638,-7.1335015,9.042779,0.11100185,-9.19234,7.2418346,0.3425286,-14.005131
289,0.58397603,-0.08278646,0.45093206,-0.04477284,-0.0030053998,-0.9989927,1.0,0.0,0.0,0.2924993,-0.10513371,0.41979328,-0.18035519,-0.19776338,0.06017576,0.06948624,0.065044515,-0.044919252,0.15220773,0.09471434,0.013903127,-0.18146473,-0.18225227,0.25182268,-0.2563067,1.2146429,0.2231791,-0.129172,-0.27855903,-0.038036857,0.032536402,-0.94597286,-0.64180183,-0.47110426,0.6666699,0.6778412,-0.36165372,1.1085701,0.4353647,-0.7837996,1.056913,0.29627004,-0.26363137,-0.62386096,1.129379,-200.0,-200.0,200.0,-200.0,-200.0,47.14144156684108,-200.0,-200.0,200.0,-200.0,200.0,-33.93132246531735,0.2924993,-0.10513371,-0.38020673,1.4196448,-0.9977634,0.06017576,0.06948624,0.065044515,-0.84491926,1.7522078,-0.70528567,0.013903127,-3.6292946,-3.6450453,5.0364537,-5.126134,24.292856,4.463582,-2.5834398,-5.5711803,-0.7607371,0.65072805,-18.919456,-12.836037
290,0.015912648,-0.82371056,1.2936152,-0.06297038,-0.014189002,-0.99791455,1.0,0.0,0.0,0.21124692,-0.12379026,0.46493173,-0.18974757,-0.13927436,0.1516947,-0.018278494,0.035850335,-0.005932629,0.122519135,-0.17010057,-0.011018577,-0.60224956,-0.048181888,0.28104085,-0.06435192,0.15367256,0.5090937,-0.69164574,-0.046361566,0.3602628,-0.28951192,-1.3349681,0.2991919,0.4584273,0.470286,-1.2001083,0.70412755,0.4974038,0.09403697,1.1644171,0.48313197,-0.4620674,-0.36341834,0.0188274,0.62381464,-200.0,200.0,200.0,-200.0,200.0,200.0,-200.0,200.0,178.02005285276078,-200.0,200.0,83.55608207723986,0.21124692,-0.12379026,-0.3350683,1.4102525,-0.9392744,0.1516947,-0.018278494,0.035850335,-0.80593264,1.7225192,-0.9701006,-0.011018577,-12.0449915,-0.96363777,5.6208167,-1.2870383,3.0734513,10.181873,-13.832914,-0.9272313,7.205256,-5.7902384,-26.699362,5.9838376
291,-0.5635372,-0.14427733,0.6400629,-0.08490705,0.0013601708,-0.99638796,1.0,0.0,0.0,0.15960617,-0.09753411,0.47387883,-0.1586448,-0.027210772,0.16498591,-0.09302041,0.050094366,0.041983783,0.052931428,-0.3282805,0.12700836,0.022891909,0.28350866,-0.14712296,0.32649478,0.8287474,-0.1410785,-0.11046978,0.1722233,0.14177541,-0.39494094,-0.34701312,0.93425333,0.6298505,-1.1127288,-1.1386005,-0.43313342,-0.88123626,-0.008893073,0.32614875,-0.27802363,-0.7224724,-0.83510935,0.44014814,-0.14992797,200.0,200.0,-200.0,-200.0,200.0,200.0,200.0,200.0,-200.0,200.0,200.0,-11.873169471118501,0.15960617,-0.09753411,-0.32612118,1.4413552,-0.8272108,0.16498591,-0.09302041,0.050094366,-0.7580162,1.6529315,-1.1282805,0.12700836,0.45783818,5.670173,-2.9424593,6.529896,16.574947,-2.82157,-2.2093956,3.4444659,2.8355083,-7.898819,-6.9402623,18.685066
292,-0.013502136,0.54785043,-0.087647386,-0.07550467,0.0123689715,-0.9970687,1.0,0.0,0.0,0.20711638,-0.061944585,0.4248923,-0.10410011,0.034257352,0.10935983,-0.052069753,0.05998998,0.049764514,-0.04836738,-0.28928643,0.21047376,0.41784316,0.085280396,-0.32524976,0.23052652,-0.118718244,-0.2506136,0.4240876,-0.054310508,-0.041312017,-0.599456,0.63888204,-0.006765175,0.01793333,-0.7391309,1.0699582,0.02944912,-1.181619,-0.0738326,-0.178322,-0.31173214,0.6699244,-0.06403207,-0.46569583,-0.5974213,-1.6621369329943718,-200.0,-200.0,-200.0,200.0,-200.0,200.0,-200.0,-200.0,-200.0,-200.0,14.772342899792307,0.20711638,-0.061944585,-0.3751077,1.4958999,-0.76574266,0.10935983,-0.052069753,0.05998998,-0.7502355,1.5516326,-1.0892864,0.21047376,8.356863,1.7056079,-6.5049953,4.6105304,-2.3743649,-5.012272,8.481752,-1.0862101,-0.8262403,-11.9891205,12.77764,-0.1353035
293,0.66531277,-0.15622869,0.23342802,-0.070662476,-0.0028427397,-0.99749625,1.0,0.0,0.0,0.22709103,-0.08635506,0.39815515,-0.06564963,-0.09753424,0.047549676,-0.05858319,0.04124527,0.056875587,-0.07961714,-0.22315997,0.090146475,-0.1684906,-0.27445993,0.0030843373,0.16036017,-1.1014342,-0.26737484,-0.22321057,-0.19119766,0.13199995,-0.13003363,-0.11217596,-1.0383985,-0.4619142,0.17130683,0.35591108,-0.30861664,-0.93336123,-0.0976218,-0.2635392,0.887926,0.022337373,1.1976917,-0.7385559,-0.072996356,-42.850273919741596,-200.0,200.0,163.0906956892697,-200.0,-200.0,-200.0,-200.0,200.0,29.772220695817083,-200.0,25.41094497799719,0.22709103,-0.08635506,-0.40184486,1.5343504,-0.89753425,0.047549676,-0.05858319,0.04124527,-0.7431244,1.5203829,-1.02316,0.090146475,-3.369812,-5.4891987,0.061686747,3.2072034,-22.028685,-5.3474965,-4.4642115,-3.8239532,2.6399992,-2.6006725,-2.243519,-20.76797
294,-0.07539961,0.0042331275,0.7950739,-0.07248305,-0.011494217,-0.9973034,1.0,0.0,0.0,0.14346094,-0.120810375,0.39383116,-0.05793333,-0.3666584,-0.003175985,-0.12524574,0.032027643,0.057459354,-0.070907,-0.34306043,-0.014840632,-0.6165945,-0.084124275,-0.031125499,-0.066416755,-1.2363253,-0.21289936,-0.3274933,0.069200926,-0.07074893,0.17251669,-0.8360386,-0.1663078,0.26348472,0.6931717,-0.9675793,-1.2854714,-0.26021594,0.009195,0.9321906,0.7448757,-0.25348157,-0.3109169,-0.004829446,1.1027734,46.635237818013024,200.0,-14.30093341161843,200.0,22.668397983530895,82.37852009987806,-200.0,200.0,-45.73077394223757,-200.0,104.41748192278396,24.76983194291273,0.14346094,-0.120810375,-0.40616885,1.5420667,-1.1666584,-0.003175985,-0.12524574,0.032027643,-0.74254066,1.529093,-1.1430604,-0.014840632,-12.331889,-1.6824855,-0.62250996,-1.328335,-24.726505,-4.257987,-6.549866,1.3840184,-1.4149786,3.4503338,-16.720772,-3.3261561
295,-0.68557143,0.7012072,0.24504763,-0.05722819,0.0062458245,-0.99834156,1.0,0.0,0.0,0.085066736,-0.09983472,0.3665886,-0.08718324,-0.50579244,-0.0030559746,-0.12535161,0.069497,0.023150384,-0.05186963,-0.40229946,0.05877632,-0.024924094,0.25954875,-0.21931846,-0.21417998,-0.25401175,0.02671324,0.26864985,0.28023073,-0.2613885,0.028757526,0.1450419,0.8051936,0.5430261,-1.5423937,0.9600888,0.8089804,0.29234487,0.16489808,0.562471,-0.8332476,0.8395034,-0.2911592,-0.085534185,0.42885104,200.0,200.0,-200.0,-200.0,200.0,200.0,200.0,200.0,-200.0,-200.0,200.0,-1.985455578132722,0.085066736,-0.09983472,-0.43341142,1.5128168,-1.3057925,-0.0030559746,-0.12535161,0.069497,-0.7768496,1.5481304,-1.2022995,0.05877632,-0.49848187,5.1909747,-4.386369,-4.2835994,-5.080235,0.5342648,5.372997,5.6046147,-5.2277703,0.5751505,2.900838,16.103872
296,-0.011662174,0.0946114,-0.49018738,-0.042768855,0.018588824,-0.99891204,1.0,0.0,0.0,0.1398074,-0.06887955,0.34197164,-0.11507726,-0.4509868,0.049351275,-0.0106105255,0.08858276,0.0057116747,-0.08421886,-0.30962402,0.18871292,0.5132793,0.0701053,-0.050240587,-0.07387593,0.7056155,0.25858304,0.82473564,-0.05419722,0.060194995,-0.30853993,0.4842135,0.53318816,0.28276843,-0.28374234,0.71851116,-0.06222152,-0.8170601,0.1237388,-0.86806417,-0.38099557,0.6713629,-0.046764024,-0.3333609,-0.6939213,200.0,-200.0,200.0,-145.01686629274246,-35.32101278962597,-54.947867232964654,200.0,-200.0,200.0,200.0,200.0,-27.640293410527107,0.1398074,-0.06887955,-0.45802838,1.4849228,-1.2509868,0.049351275,-0.0106105255,0.08858276,-0.79428834,1.5157812,-1.109624,0.18871292,10.265586,1.4021059,-1.0048118,-1.4775184,14.11231,5.171661,16.494713,-1.0839443,1.2038999,-6.1707983,9.68427,10.663763
297,0.6822587,-0.50708926,-0.14486302,-0.052668158,0.0032321138,-0.99860686,1.0,0.0,0.0,0.20264865,-0.08605706,0.357786,-0.11855757,-0.41777903,0.07770213,0.091343,0.05750891,0.04276532,-0.13049388,-0.29860526,0.18793976,0.26562396,-0.18725125,0.19699228,0.012874166,-0.27568445,0.076406054,0.25847697,-0.22764789,0.29056653,-0.17783813,-0.06006064,-0.44344708,-0.9533144,0.39679855,-0.68755543,0.045463637,-1.2587476,0.057809755,-0.8184958,1.0467323,-0.594176,0.966438,-0.6747184,0.1285999,-200.0,-200.0,200.0,200.0,175.45949386552053,-200.0,-200.0,-85.93718545803011,200.0,98.37420200521896,-200.0,-193.01551590615605,0.20264865,-0.08605706,-0.442214,1.4814425,-1.217779,0.07770213,0.091343,0.05750891,-0.7572347,1.4695061,-1.0986053,0.18793976,5.312479,-3.7450252,3.9398456,0.2574833,-5.5136886,1.5281211,5.1695395,-4.5529575,5.8113303,-3.5567627,-1.2012128,-8.868941
298,-0.000631068,0.009828956,0.5187985,-0.061558843,-0.008759524,-0.998065,1.0,0.0,0.0,0.19958828,-0.10574572,0.35813904,-0.08364439,-0.57746404,0.07276452,0.08093289,0.04284778,0.059277773,-0.12375474,-0.3948447,0.134772,-0.24604945,-0.02573284,-0.1430438,0.26226476,-1.2264776,-0.03931769,-0.30731577,0.049442902,-0.093586445,0.20529024,-0.59961027,-0.03377094,-0.18409166,-0.016615387,-0.7206344,-1.3017782,-0.43411726,-0.24009684,0.08965294,0.7109421,-0.20442945,-0.03763979,-0.12332869,0.67778945,-200.0,200.0,-200.0,200.0,34.17107812054178,32.82306490666326,-200.0,200.0,-200.0,16.558725611371727,-200.0,9.487833220068577,0.19958828,-0.10574572,-0.44186097,1.5163556,-1.377464,0.07276452,0.08093289,0.04284778,-0.74072224,1.4762453,-1.1948447,0.134772,-4.920989,-0.5146568,-2.8608758,5.245295,-24.529552,-0.78635377,-6.146315,0.98885804,-1.8717289,4.105805,-11.992205,-0.6754188
299,-0.6074593,0.57712907,0.5804727,-0.048789825,0.007298305,-0.9987824,1.0,0.0,0.0,0.10184713,-0.092300326,0.3042275,-0.0487417,-0.71552104,-0.012838584,0.06594584,0.073630214,0.010572374,-0.08161032,-0.406807,0.23367588,-0.602863,0.13826941,-0.35759982,0.10524907,-0.2520255,-0.49406323,0.026450103,0.22909217,-0.3483513,0.18862133,0.38114664,0.87861365,0.23543856,-1.1210393,0.94306666,-0.6572793,0.06745021,-0.28894654,0.98101276,-0.24602494,0.82634157,-0.36244413,-0.10486946,0.45044503,30.16128517196004,200.0,-112.22102301140421,-103.15303921099562,200.0,84.78102984612121,6.971424389517779,34.73646750258439,-200.0,-200.0,200.0,38.22760787142505,0.10184713,-0.092300326,-0.4957725,1.5512583,-1.515521,-0.012838584,0.06594584,0.073630214,-0.78942764,1.5183897,-1.206807,0.23367588,-12.0572605,2.7653883,-7.151996,2.1049814,-5.04051,-9.881265,0.5290021,4.5818434,-6.9670258,3.7724266,7.622933,17.572273
300,0.000658118,0.017364156,-0.055801958,-0.03785676,0.018402986,-0.9991137,1.0,0.0,0.0,0.03918982,-0.0803335,0.27517742,-0.06388259,-0.6620937,-0.10641031,0.1320795,0.08887368,-0.018062592,-0.08555269,-0.3068964,0.3259322,-0.07446111,-0.013976018,0.022385424,-0.22361813,0.6920221,-0.3932607,0.58177215,-0.051025804,0.02703914,-0.18612324,0.43829584,0.2843416,1.2722284,-0.69143164,0.6221697,0.21458463,-0.71558076,0.37051448,-0.4925682,-0.5623901,0.5944968,-0.98080355,-0.40166426,-0.8059472,200.0,-200.0,200.0,-200.0,-35.27325859373235,-39.01726001581318,200.0,-200.0,200.0,-200.0,200.0,29.44556667042849,0.03918982,-0.0803335,-0.5248226,1.5361174,-1.4620937,-0.10641031,0.1320795,0.08887368,-0.8180626,1.5144473,-1.1068964,0.3259322,-1.4892222,-0.27952036,0.4477085,-4.4723625,13.840442,-7.8652134,11.635443,-1.020516,0.5407828,-3.7224646,8.765917,5.686832
301,0.884995,-0.5496827,-0.20231193,-0.049972102,-0.0012889743,-0.9987498,1.0,0.0,0.0,0.0803987,-0.11233241,0.30509076,-0.09386933,-0.6262805,-0.07406341,0.17535669,0.07212432,0.025875807,-0.11223781,-0.30565983,0.28228894,0.4372191,-0.27385652,0.25869623,-0.0898275,-0.24248882,0.6157729,-0.075900935,-0.11808504,0.37487507,-0.12994646,-0.21756318,-0.6274662,-0.52506644,1.1848702,-0.806454,-0.3154099,-0.97536606,0.418848,-0.68269414,1.315459,-0.9260102,0.91071576,-0.6363242,0.3442442,-200.0,-200.0,200.0,-200.0,23.132716992952936,-200.0,200.0,-200.0,200.0,200.0,-194.222986434772,200.0,0.0803987,-0.11233241,-0.49490926,1.5061307,-1.4262805,-0.07406341,0.17535669,0.07212432,-0.7741242,1.4877622,-1.1056598,0.28228894,8.744382,-5.4771304,5.1739244,-1.7965499,-4.8497763,12.315457,-1.5180187,-2.3617008,7.4975014,-2.5989292,-4.3512635,-12.549324
302,0.14464575,-0.015346106,0.47795206,-0.060276233,-0.019996902,-0.9979814,1.0,0.0,0.0,0.1068843,-0.14399935,0.3395584,-0.12903368,-0.72754186,0.06928344,0.0988417,0.075654134,0.05916667,-0.10125208,-0.40090507,0.24839541,-0.12057989,-0.069246344,0.086547166,-0.23916295,-0.53540677,0.74962896,-0.6325998,0.12948634,-0.0027404232,0.21026583,-0.50492793,0.16074015,-1.043028,0.5758473,-0.43320352,-1.3603894,0.24615969,-0.3970082,0.5123196,-0.120308034,-0.45232746,0.012819596,-0.10178704,0.41954526,-200.0,200.0,-200.0,200.0,31.09486236623792,66.22697489608382,-200.0,200.0,-200.0,-153.13888440667745,36.62596089305123,-45.40253432625707,0.1068843,-0.14399935,-0.46044162,1.4709663,-1.5275419,0.06928344,0.0988417,0.075654134,-0.74083334,1.498748,-1.2009051,0.24839541,-2.4115977,-1.3849269,1.7309433,-4.783259,-10.708136,14.9925785,-12.651996,2.5897267,-0.054808464,4.2053165,-10.098558,3.214803
303,0.01464608,0.6148108,0.5544807,-0.0475831,-0.021389468,-0.9986382,1.0,0.0,0.0,0.0237766,-0.15389484,0.32935607,-0.19291437,-0.72789806,0.10899056,0.036975846,0.09322249,0.025060415,-0.05522144,-0.39364773,0.3057595,-0.66355115,-0.027347445,-0.16302949,-0.3876873,0.4351152,-0.251785,-0.045683544,0.054939236,-0.30397376,0.22448273,0.47832194,0.25646496,0.24299824,0.28746578,0.69700533,-0.43646723,0.3712473,-0.08510554,1.4654793,-0.5518077,0.5616694,0.42092752,-0.5513419,0.23711464,200.0,-200.0,-200.0,-83.69993802868072,200.0,-29.400992108046893,-200.0,200.0,-200.0,-200.0,200.0,-200.0,0.0237766,-0.15389484,-0.47064394,1.4070857,-1.5278981,0.10899056,0.036975846,0.09322249,-0.7749396,1.5447786,-1.1936477,0.3057595,-13.271023,-0.5469489,-3.2605898,-7.753746,8.702304,-5.0357,-0.91367084,1.0987847,-6.0794754,4.4896545,9.566439,5.129299
304,-0.18415299,-0.19747828,0.17050189,-0.041933674,-0.016746832,-0.99898005,1.0,0.0,0.0,-0.015835876,-0.14212437,0.31879795,-0.20080686,-0.54372925,0.05501142,0.08676402,0.10140291,-0.010227084,0.0027948618,-0.39950603,0.29369453,0.1231331,0.13083427,0.06314418,0.02311617,1.2779502,-0.27438828,0.4964769,0.02553372,-0.08152404,0.34178767,-0.30992487,-0.11706734,1.0827004,0.03756163,1.241988,0.27258188,0.48307574,0.5388206,-0.6028984,-0.0977295,0.20327829,-0.22568014,-0.86505085,-0.08236713,200.0,-200.0,200.0,200.0,-14.406435945587305,3.043634196842845,200.0,200.0,200.0,-200.0,200.0,-11.99483867694454,-0.015835876,-0.14212437,-0.48120207,1.3991932,-1.3437293,0.05501142,0.08676402,0.10140291,-0.8102271,1.6027949,-1.199506,0.29369453,2.462662,2.6166852,1.2628835,0.4623234,25.559004,-5.4877653,9.929538,0.5106744,-1.6304806,6.835753,-6.1984973,-2.3413467
305,0.06570657,-0.7338797,0.28540447,-0.062101014,-0.013641372,-0.99797666,1.0,0.0,0.0,0.07933402,-0.107354626,0.35462075,-0.18316638,-0.22300082,0.10818332,0.12936716,0.10327255,0.018393636,0.038179755,-0.529514,0.1993454,0.7508684,0.21146832,0.26671258,0.13822696,1.5358338,0.7115048,-0.016860548,-0.02169727,0.31625518,0.044690747,-0.7232207,-0.5962406,-0.021808954,-0.7887813,-1.6846724,-1.2036917,-0.0012851804,0.3102957,-0.1053117,0.0115752,-0.46038774,-1.2361844,0.21751373,-0.16194525,-200.0,-200.0,97.71817884715176,-200.0,43.66498805797107,19.489684356982025,200.0,96.14672031979222,200.0,200.0,-123.14464658735687,200.0,0.07933402,-0.107354626,-0.44537926,1.4168336,-1.0230008,0.10818332,0.12936716,0.10327255,-0.7816064,1.6381798,-1.329514,0.1993454,15.017367,4.2293663,5.3342514,2.764539,30.716677,14.230096,-0.33721095,-0.4339454,6.3251038,0.8938149,-14.464414,-11.924811
306,0.43066362,-0.026182726,0.81205064,-0.07619012,-0.023753226,-0.9968103,1.0,0.0,0.0,0.14869599,-0.0912695,0.38406408,-0.17210448,-0.020435035,0.18502662,0.073927686,0.07911434,0.061812818,0.02799344,-0.5661803,0.07660979,0.032733504,-0.03271951,0.056382723,-0.00918963,0.58547604,0.27408445,-0.39687118,-0.18159054,0.123130076,-0.126651,0.25734332,-0.5213489,-1.0294263,-0.20022032,-0.47811845,-0.7613104,-0.38836938,0.31345293,0.5509612,1.047751,-0.37084553,0.07730199,-0.032212146,0.35345927,200.0,200.0,-200.0,-200.0,200.0,45.3581495002943,-200.0,-200.0,-200.0,-200.0,-200.0,-25.769785799069666,0.14869599,-0.0912695,-0.41593593,1.4278955,-0.82043505,0.18502662,0.073927686,0.07911434,-0.7381872,1.6279935,-1.3661803,0.07660979,0.65467006,-0.6543902,1.1276544,-0.18379259,11.70952,5.481689,-7.9374237,-3.6318107,2.4626014,-2.53302,5.1468663,-10.426978
307,0.11327543,0.5764799,0.7619782,-0.06501606,-0.03218154,-0.9973652,1.0,0.0,0.0,0.08383156,-0.110513166,0.36998168,-0.16935396,-0.03147334,0.22600502,0.053688653,0.05421262,0.043049395,0.028940678,-0.4240219,0.07918087,-0.5990324,-0.12199073,-0.17468295,-0.006010486,-0.5328438,0.18601662,0.13814905,-0.07226116,-0.2490493,0.07845402,0.83738565,0.45070505,0.53845394,0.34451768,0.30847293,0.0142740905,0.38810432,0.282527,1.1717585,0.68912786,0.8179109,0.5136912,-0.41915402,0.22386137,200.0,200.0,-200.0,32.44792691176902,-36.34864738149258,200.0,-200.0,-63.50336462648528,-200.0,-200.0,-200.0,-9.734790722988095,0.08383156,-0.110513166,-0.43001834,1.4306461,-0.83147335,0.22600502,0.053688653,0.05421262,-0.7569506,1.6289407,-1.2240219,0.07918087,-11.980648,-2.4398146,-3.4936588,-0.120209716,-10.656877,3.7203324,2.762981,-1.4452232,-4.980986,1.5690804,16.747713,9.014101
308,-0.46829408,0.09299209,-0.010168022,-0.05296335,-0.023119412,-0.9983288,1.0,0.0,0.0,0.03851616,-0.09663248,0.3412166,-0.14765656,-0.03235686,0.2466669,0.14060545,0.065092325,0.007028103,0.063969254,-0.36312824,0.1314727,0.07924888,0.21789661,-0.111319385,0.1934193,0.42797667,0.078469045,0.6762096,0.16033153,-0.13170192,0.25402397,-0.07433628,0.2006867,0.90379333,-0.4000306,1.0442208,0.051785395,0.7352253,-0.15043163,-0.71340954,0.0151594505,0.5999888,-0.5705026,-0.5277159,-0.04710176,200.0,200.0,200.0,200.0,-82.18989466629355,-16.94478251704149,200.0,200.0,50.172722341622844,152.37399907651474,200.0,-7.022649749114478,0.03851616,-0.09663248,-0.45878342,1.4523435,-0.83235687,0.2466669,0.14060545,0.065092325,-0.7929719,1.6639693,-1.1631283,0.1314727,1.5849776,4.357932,-2.2263877,3.8683858,8.559533,1.5693809,13.524192,3.2066305,-2.6340382,5.080479,-1.4867257,4.013734
309,0.25144976,-0.4750487,-0.05121722,-0.061735824,-0.020929517,-0.99787307,1.0,0.0,0.0,0.10484538,-0.07014911,0.33336928,-0.09006095,0.10693008,0.16995315,0.2174911,0.07626761,0.028134704,0.07880688,-0.43570322,0.07579329,0.53480834,0.08067509,0.03430729,0.3255884,0.8343434,-0.64137477,0.14891265,-0.021100266,0.30433017,-0.07856919,-0.2976497,-0.3953202,0.40638202,-0.81732476,-1.0072193,-0.08332272,-0.12632498,0.06375447,-0.89262986,-0.13559128,-0.14153686,-0.98296255,-0.14212385,-0.38974637,-200.0,-141.04306757057242,200.0,-200.0,200.0,200.0,200.0,-200.0,200.0,-29.5515670687916,200.0,-52.83248028302205,0.10484538,-0.07014911,-0.46663073,1.5099391,-0.69306993,0.16995315,0.2174911,0.07626761,-0.7718653,1.6788069,-1.2357032,0.07579329,10.696167,1.6135017,0.6861458,6.511768,16.686867,-12.827495,2.978253,-0.4220053,6.086603,-1.5713837,-5.952994,-7.906404
310,0.7405584,0.30967438,0.23231192,-0.0635569,-0.041968815,-0.99709535,1.0,0.0,0.0,0.20776953,-0.07966955,0.32132253,-0.03696251,0.17017156,0.12028613,0.19176605,0.045268364,0.06983495,0.04366958,-0.39224452,-0.06763136,0.42383024,-0.16667607,-0.13380742,0.21785031,-0.10775244,-0.12342717,-0.35974133,-0.26402855,0.12294268,-0.2564085,0.51593494,-0.7012887,-0.43895411,0.21438557,-0.58389866,-1.2067767,-1.1478573,-0.038578033,0.31978202,1.7651869,-0.5897825,-0.2702292,-0.031539865,0.556947,-200.0,-128.90259801130952,-200.0,-200.0,12.480741911924383,55.51328780610777,-33.514708962211614,-200.0,-200.0,-200.0,-200.0,12.672753469089855,0.20776953,-0.07966955,-0.47867748,1.5630375,-0.62982845,0.12028613,0.19176605,0.045268364,-0.73016506,1.6436696,-1.1922445,-0.06763136,8.476604,-3.3335214,-2.6761484,4.357006,-2.1550488,-2.4685433,-7.1948266,-5.280571,2.4588535,-5.12817,10.318699,-14.025774
311,-0.015303744,0.82060003,0.33333844,-0.0406146,-0.05436515,-0.9976948,1.0,0.0,0.0,0.24341708,-0.09457448,0.27491337,-0.010950565,0.044993877,0.06722616,0.17775926,0.01871126,0.06937021,-0.020989895,-0.27045673,-0.10081099,-0.021983655,0.0011647119,-0.31994268,0.05635211,-1.0503606,-0.23972908,0.16094981,-0.029605929,-0.0953433,-0.37057707,0.52635306,0.27209803,0.032719605,0.23590094,0.86809987,-0.13328014,-0.62807494,-0.526114,0.73573095,0.88871795,1.2701234,1.2126735,0.76298845,0.9716083,175.8640435640965,200.0,-200.0,-149.31767227249225,-49.998600365481366,200.0,-200.0,200.0,-200.0,-200.0,-200.0,28.66304799470771,0.24341708,-0.09457448,-0.52508664,1.5890495,-0.75500613,0.06722616,0.17775926,0.01871126,-0.7306298,1.5790101,-1.0704567,-0.10081099,-0.4396731,0.023294238,-6.398854,1.1270422,-21.007212,-4.7945814,3.2189963,-0.59211856,-1.906866,-7.411541,10.5270605,5.4419603
312,-0.59373593,-0.0072914297,0.3454235,-0.026701998,-0.040320646,-0.99882996,1.0,0.0,0.0,0.20040248,-0.06539635,0.2511847,-0.034459352,-0.18165237,-0.08098482,0.26697645,0.03639371,0.068009496,-0.07940328,-0.06055391,0.061235096,-0.29730546,0.26631865,0.035193123,-0.21987021,-0.97907394,-0.9537865,0.68462026,0.1846616,0.05393542,-0.22782905,1.4762917,1.2508044,0.06319559,-1.1937813,0.67204636,-0.060502663,-0.7060098,-0.037525177,-0.5046747,0.4310104,1.1152062,0.87449193,0.4802304,0.47671416,200.0,200.0,200.0,200.0,200.0,200.0,-50.186061976689416,200.0,200.0,-0.6110517068971149,88.7903119592172,46.03674428306192,0.20040248,-0.06539635,-0.5488153,1.5655407,-0.9816524,-0.08098482,0.26697645,0.03639371,-0.7319905,1.5205967,-0.8605539,0.061235096,-5.9461093,5.3263726,0.7038624,-4.397404,-19.581478,-19.07573,13.692405,3.6932318,1.0787084,-4.556581,29.525833,25.016088
313,-0.31713715,-0.69619185,0.5514012,-0.04263254,-0.021515451,-0.9988591,1.0,0.0,0.0,0.14486714,-0.024877628,0.28660244,-0.07043421,-0.37014335,-0.16178249,0.33676776,0.074564874,0.08417964,-0.08314383,0.08286643,0.1957339,-0.25884858,0.13996494,0.30619344,-0.17889453,-1.0186642,0.045732714,0.06696218,0.14792956,0.039230905,0.26407447,0.13497606,0.42205897,1.3863448,-1.2900217,-0.5766415,0.08626206,-0.4277382,0.14997551,-1.2858983,0.39826545,-0.680913,0.5645393,-0.42322677,-0.22712138,-200.0,200.0,200.0,200.0,200.0,200.0,127.08368825087078,-200.0,200.0,5.948910527602713,-200.0,200.0,0.14486714,-0.024877628,-0.5133976,1.5295658,-1.1701434,-0.16178249,0.33676776,0.074564874,-0.7158204,1.5168562,-0.7171336,0.1957339,-5.1769714,2.7992988,6.123869,-3.5778906,-20.373283,0.91465425,1.3392437,2.9585912,0.7846181,5.2814894,2.699521,8.441179
314,-0.3935423,-0.1172376,0.41543078,-0.058087025,-0.006134474,-0.9982927,1.0,0.0,0.0,0.14194685,0.00084706425,0.30481166,-0.06574881,-0.46544927,-0.07518399,0.29564857,0.11181691,0.057656407,0.009377003,0.003894329,0.16773058,0.18018447,0.12665227,-0.089054294,0.18648352,-0.033018343,0.49608508,-0.4218073,0.2174346,-0.26563305,0.6186288,-0.80829716,-0.59987485,0.1928448,-0.56232196,-0.6010986,-1.3085535,0.06333099,-0.18243125,0.26489455,-0.17209354,-0.38615188,-1.3111277,-0.2941094,-0.18109825,-200.0,200.0,-200.0,200.0,-150.9678250557281,-200.0,200.0,-200.0,-200.0,157.06818186870473,200.0,-43.91993008323914,0.14194685,0.00084706425,-0.49518836,1.5342512,-1.2654493,-0.07518399,0.29564857,0.11181691,-0.7423436,1.609377,-0.7961057,0.16773058,3.6036894,2.5330453,-1.7810858,3.7296703,-0.66036683,9.921701,-8.436146,4.348692,-5.3126607,12.372576,-16.165943,-11.997497
315,0.0234204,0.67546767,0.22174156,-0.045379926,0.0011843698,-0.9989691,1.0,0.0,0.0,0.16045643,-2.6866248e-05,0.26065332,-0.0412606,-0.36622638,-0.07248629,0.26482534,0.12823923,-0.017407596,0.11113334,-0.101897895,0.04991667,0.05495594,-0.11128616,-0.32365277,0.068311095,0.8659297,-0.2220522,-0.017139202,-0.034110516,-0.46574625,0.42299557,-0.41593504,-0.49910274,-0.55064815,-0.3686029,0.7765113,-1.31594,-0.43531185,-0.46978202,0.85939986,-0.5667749,0.5509927,-0.8633991,0.22590493,0.5883909,30.324733563379947,-200.0,-200.0,-200.0,33.406413882822505,38.2136130050327,7.138301763553287,-200.0,-200.0,-200.0,56.583212725029966,-10.337013257500246,0.16045643,-2.6866248e-05,-0.5393467,1.5587394,-1.1662264,-0.07248629,0.26482534,0.12823923,-0.8174076,1.7111334,-0.9018979,0.04991667,1.0991188,-2.2257233,-6.4730554,1.3662219,17.318594,-4.441044,-0.34278405,-0.6822103,-9.314925,8.459911,-8.318701,-9.982055
316,0.6562985,0.10056821,0.23000376,-0.0297319,-0.013639233,-0.99946487,1.0,0.0,0.0,0.1054501,-0.048902,0.23489714,-0.04995978,-0.29284614,-0.17534211,0.31136224,0.09009165,-0.07141435,0.15656173,-0.07923913,0.061789613,-0.59499854,-0.28393838,-0.013607459,0.12971352,0.10220312,-0.32725015,0.4368722,-0.31310487,-0.08377745,0.07089372,0.53869563,0.51699233,0.4493136,1.5363978,1.4493811,-0.14432459,1.0380353,0.5517386,-0.33629942,1.1758896,0.31020588,-0.29279175,-0.43183157,0.69417095,200.0,-200.0,200.0,-200.0,180.00007188145872,200.0,-200.0,-200.0,200.0,-200.0,-200.0,-200.0,0.1054501,-0.048902,-0.5651029,1.5500402,-1.0928462,-0.17534211,0.31136224,0.09009165,-0.87141436,1.7565618,-0.87923914,0.061789613,-11.899971,-5.678767,-0.27214918,2.5942705,2.0440624,-6.545003,8.737444,-6.2620974,-1.6755489,1.4178743,10.773912,10.339847
317,0.2194349,-0.62353367,0.344756,-0.042019613,-0.02956819,-0.99867916,1.0,0.0,0.0,0.051380336,-0.07857567,0.27505946,-0.060358047,-0.1672942,-0.13191502,0.3441047,0.06053786,-0.042084754,0.14058197,-0.07850671,0.24358894,0.00024257098,-0.0386262,0.37462005,-0.17209022,1.0592946,0.6586679,-0.06135716,-0.009442077,0.32289505,-0.20184438,-0.4343968,0.96919423,1.0911105,0.27604276,-0.6876959,-0.6493936,1.2178748,0.1308474,-0.57668436,0.80900186,-0.68830204,-0.07435163,-0.37693956,-0.1482738,-200.0,200.0,200.0,-200.0,-200.0,-63.39922996794178,200.0,200.0,200.0,-21.542421712907412,200.0,200.0,0.051380336,-0.07857567,-0.52494055,1.539642,-0.9672942,-0.13191502,0.3441047,0.06053786,-0.84208477,1.740582,-0.8785067,0.24358894,0.0048514195,-0.772524,7.4924006,-3.4418044,21.185892,13.173358,-1.2271432,-0.18884154,6.457901,-4.0368876,-8.687936,19.383884
318,-0.5917744,-0.13393715,0.30683172,-0.056777686,-0.019237177,-0.9982015,1.0,0.0,0.0,0.09882532,-0.059530187,0.29636902,-0.044975877,-0.07778096,-0.023018995,0.28146815,0.0915677,0.0013087392,0.090115786,-0.20885295,0.32646498,0.4507769,0.2250657,-0.02746071,0.1327896,0.4823854,0.46624276,-0.52368325,0.28033882,0.11676828,-0.24803889,-0.6279915,-0.039745755,-0.2982809,-0.08595362,-0.87806606,0.3005327,0.6293029,1.0622808,0.24142574,-0.54640836,0.0008213632,0.19211495,-0.07750464,-0.5710621,-200.0,200.0,-200.0,-92.74540649504502,200.0,-200.0,200.0,200.0,-200.0,-200.0,200.0,-200.0,0.09882532,-0.059530187,-0.503631,1.5550241,-0.877781,-0.023018995,0.28146815,0.0915677,-0.7986913,1.6901158,-1.008853,0.32646498,9.015538,4.5013137,-0.5492142,2.6557918,9.647708,9.324855,-10.473665,5.606776,2.3353655,-4.9607778,-12.55983,-0.7949151
319,-0.19032261,0.28008792,0.20343004,-0.05196496,-0.004419362,-0.9986391,1.0,0.0,0.0,0.12989256,-0.047764506,0.24268883,0.033030987,0.05960244,0.16410421,0.21079005,0.123165354,0.00016969442,0.06464887,-0.22949082,0.21362174,-0.0664021,-0.06612011,-0.44149905,0.58096766,0.79223585,1.2672421,-0.16960591,0.069929965,-0.08935347,-0.043110963,0.2704745,-0.9917826,-0.3733326,-1.2325109,0.75376827,-0.43110883,-1.7259418,-0.30285856,0.4831305,-1.0469898,0.49017125,-0.17673087,0.09903073,0.6547765,200.0,-200.0,72.4592556709478,200.0,83.56718062679303,-200.0,-200.0,-35.98086163742601,-200.0,-4.223631443400336,200.0,200.0,0.12989256,-0.047764506,-0.5573112,1.633031,-0.7403976,0.16410421,0.21079005,0.123165354,-0.7998303,1.6646489,-1.0294908,0.21362174,-1.3280419,-1.3224022,-8.829981,11.619353,15.844717,25.344841,-3.3921182,1.3985993,-1.7870694,-0.8622193,5.4094896,-19.835651
320,0.44569346,-0.26163936,0.22587964,-0.0524984,-0.010487015,-0.9985659,1.0,0.0,0.0,0.058049254,-0.093778685,0.19313389,0.11428714,0.11178279,0.30973428,0.22749946,0.10715631,0.020455837,0.01772368,-0.12643266,0.12710236,-0.59287953,-0.36464247,-0.10096224,0.27244407,-0.17359874,0.28803745,0.292565,-0.19852844,0.25639367,-0.3673441,0.48984456,0.02442233,0.48621163,0.9462822,0.13381033,-1.4127245,-0.8126616,-1.1522969,0.22511138,1.0749761,-0.33313134,-0.19046018,0.012037685,0.7851696,200.0,-200.0,200.0,-56.797761811280225,-39.58759534415907,200.0,-200.0,-200.0,200.0,-200.0,-200.0,-200.0,0.058049254,-0.093778685,-0.6068661,1.7142872,-0.6882172,0.30973428,0.22749946,0.10715631,-0.7795442,1.6177237,-0.92643267,0.12710236,-11.857591,-7.2928495,-2.0192447,5.448881,-3.4719746,5.760749,5.8513,-3.9705687,5.1278734,-7.3468823,9.796891,0.4884466
321,-0.14708987,-0.08371238,0.06847443,-0.060232904,-0.01578987,-0.99805945,1.0,0.0,0.0,-0.0030805455,-0.13235795,0.17962319,0.14493835,-0.028106034,0.26180968,0.24311796,0.10733427,0.03794104,0.011374235,-0.068655014,0.21300855,-0.082393594,-0.037454654,-0.04225559,0.059073318,-1.1301287,-0.67128307,0.0255799,0.08764979,0.0003627897,0.043262348,0.20590262,0.75762486,1.0551,0.35431194,-0.7306643,0.14028941,-0.89861065,0.1670813,-1.4418931,0.32652172,-0.5674245,0.6172771,-0.07264135,-0.14574453,-61.69886364134669,200.0,-200.0,-200.0,-46.666460758406856,200.0,200.0,200.0,-45.46247657588532,-200.0,-200.0,-200.0,-0.0030805455,-0.13235795,-0.6203768,1.7449384,-0.82810605,0.26180968,0.24311796,0.10733427,-0.762059,1.6113743,-0.868655,0.21300855,-1.6478719,-0.74909306,-0.8451118,1.1814663,-22.602575,-13.425661,0.511598,1.7529958,0.007255794,0.86524695,4.1180525,15.152497
322,-0.7734177,0.5010382,0.068652526,-0.050959878,0.004746022,-0.9986894,1.0,0.0,0.0,0.033324465,-0.10490643,0.15103483,0.15794146,-0.29670256,0.16299428,0.19804293,0.15338804,-0.00020706654,0.05687344,-0.05962825,0.2525086,0.40499043,0.25702193,-0.23239899,0.056275707,-1.3043829,-0.08402766,-0.42508578,0.33620322,-0.33735123,0.37179202,-0.02484286,-0.2586798,-0.27908257,-0.90462303,0.7769594,-0.8463943,-0.61053973,0.16971132,0.4336676,-0.9553686,0.7391101,-0.52563614,-0.123148926,-0.2414318,-200.0,43.00341294835471,-200.0,200.0,-2.5080546187346044,-200.0,200.0,200.0,-200.0,-91.49833163354293,97.50865124456345,173.70178602718966,0.033324465,-0.10490643,-0.6489652,1.7579415,-1.0967026,0.16299428,0.19804293,0.15338804,-0.8002071,1.6568735,-0.85962826,0.2525086,8.099809,5.1404386,-4.6479797,1.1255141,-26.087658,-1.6805532,-8.501716,6.7240644,-6.7470245,7.43584,-0.4968572,-5.173596
323,-0.15222865,-0.04670381,0.072185054,-0.04294691,0.022092475,-0.99883306,1.0,0.0,0.0,0.061919916,-0.08878543,0.13691545,0.13480937,-0.4532928,0.16378507,0.15899338,0.19654408,-0.027233481,0.09310663,-0.08015013,0.118881896,-0.075205766,-0.051876564,0.068856046,-0.2530967,-0.3926154,0.013333914,-0.008082783,0.10306602,0.018108508,0.027081063,-0.09540223,-0.76908547,-0.40337947,-0.42855236,0.37397924,-0.3856821,0.06046605,0.2977169,0.70352143,-1.0265796,0.4658968,-1.0696781,0.22371176,0.06982248,200.0,-200.0,200.0,-200.0,9.575938734408098,42.579263206883184,-200.0,-200.0,200.0,-200.0,118.02786186671591,-1.2573516055546783,0.061919916,-0.08878543,-0.66308457,1.7348094,-1.2532928,0.16378507,0.15899338,0.19654408,-0.8272335,1.6931067,-0.88015014,0.118881896,-1.5041152,-1.0375313,1.3771209,-5.061934,-7.852308,0.26667827,-0.16165565,2.0613203,0.36217013,0.54162127,-1.9080446,-15.381709
324,0.46948248,-0.5689707,0.05140109,-0.056787226,0.014736139,-0.99827754,1.0,0.0,0.0,-0.0072191074,-0.13080032,0.1828512,0.049883127,-0.42686707,0.20537381,0.20458242,0.18692133,0.010551691,0.060230255,-0.010386467,0.06689132,-0.57536733,-0.34225115,0.33115366,-0.5618893,0.5633788,0.2023026,0.42166835,-0.16181774,0.3299587,-0.3207377,0.501254,0.00155166,0.33789885,0.9339445,-0.58083326,0.4368438,-0.19085659,0.10697386,-0.4789232,0.8792625,-1.3924762,1.3078535,-0.55264163,0.7992672,200.0,-200.0,200.0,-200.0,-25.731652237125786,16.34231611409684,-200.0,-200.0,77.12147542811931,-200.0,200.0,-17.91124970678402,-0.0072191074,-0.13080032,-0.6171488,1.6498832,-1.2268671,0.20537381,0.20458242,0.18692133,-0.7894483,1.6602303,-0.8103865,0.06689132,-11.507346,-6.8450227,6.623073,-11.237785,11.267576,4.046052,8.433367,-3.2363548,6.599174,-6.414754,10.025081,0.0310332
325,-0.14706306,-0.004291098,0.04940727,-0.06723572,0.009621599,-0.99769074,1.0,0.0,0.0,-0.071091324,-0.16584314,0.21382439,-0.028132796,-0.34330815,0.18224317,0.24626355,0.1810175,0.041057885,0.034309626,-0.016285956,0.17020614,-0.10380806,-0.037700232,0.021474047,-0.24301279,0.33743304,-0.16415472,0.031688664,0.06880689,0.00063979597,0.028648788,-0.46420494,0.9372627,0.7283219,0.49463353,-0.84506875,0.1356539,-0.645603,-0.2744502,-0.61872864,-0.5486227,-0.4477996,-0.15519392,-0.32843488,-0.016114302,-200.0,200.0,-200.0,200.0,-200.0,200.0,200.0,200.0,-200.0,200.0,-33.93905107669593,12.882936441799046,-0.071091324,-0.16584314,-0.5861756,1.5718672,-1.1433082,0.18224317,0.24626355,0.1810175,-0.7589421,1.6343096,-0.81628597,0.17020614,-2.0761611,-0.75400466,0.4294809,-4.8602557,6.7486606,-3.2830944,0.63377327,1.3761377,0.01279592,0.57297575,-9.284099,18.745255
326,-0.11202737,0.7070095,0.062902644,-0.053510487,0.014482755,-0.99846226,1.0,0.0,0.0,-0.04062129,-0.15859607,0.18103552,-0.030556202,-0.370125,0.06386458,0.20623657,0.18616906,0.023989797,0.031674623,-0.12747973,0.2497048,0.37094024,0.093061015,-0.30490822,0.23110445,-0.32978266,-0.676734,-0.41705376,0.008051407,-0.15225834,0.095906004,-0.4373332,-0.09516042,-0.09662504,-0.40455768,1.4527738,0.158487,-0.37787664,0.3968505,-0.11435038,-0.50085294,0.72127914,0.31056207,-0.304451,-0.6980851,-200.0,-200.0,-200.0,-200.0,200.0,-200.0,200.0,200.0,-200.0,-97.45685312328379,138.56397584041065,200.0,-0.04062129,-0.15859607,-0.6189645,1.5694438,-1.170125,0.06386458,0.20623657,0.18616906,-0.7760102,1.6316746,-0.92747974,0.2497048,7.4188046,1.8612202,-6.098164,4.622089,-6.595653,-13.534679,-8.341075,0.16102813,-3.0451667,1.91812,-8.746664,-1.9032084
327,0.530752,0.062216505,0.33772948,-0.036269534,0.0053709927,-0.9993276,1.0,0.0,0.0,-0.0138070425,-0.17601751,0.13895798,0.018902183,-0.38862938,0.036207158,0.09414477,0.16624187,0.018219471,0.06518042,-0.20293611,0.124322124,-0.054513056,-0.22380547,-0.1224308,0.2413938,0.015922325,0.30210516,-0.53202266,-0.19960079,0.048635386,0.2193822,-0.23235278,-1.0571816,-0.30575863,0.6046113,0.5390182,-1.1249559,-0.20878224,-0.067402445,0.9170446,0.37052798,0.27828792,-0.87571526,0.6508915,0.33033618,111.18827446550517,-200.0,200.0,200.0,34.71593881076362,-200.0,-143.74793398424438,-200.0,200.0,44.723133207181576,8.96397377699687,200.0,-0.0138070425,-0.17601751,-0.66104203,1.6189022,-1.1886294,0.036207158,0.09414477,0.16624187,-0.78178054,1.6651804,-1.0029361,0.124322124,-1.0902611,-4.4761095,-2.448616,4.827876,0.3184465,6.042103,-10.640452,-3.9920156,0.9727077,4.387644,-4.6470556,-21.143631
328,-0.092947625,-0.5725738,0.36018938,-0.048070095,-0.0016903803,-0.99884254,1.0,0.0,0.0,-0.067907065,-0.19388029,0.15108055,0.026899695,-0.3352719,0.017685536,0.037564155,0.14930078,0.057872415,0.0730952,-0.14409643,0.020348731,-0.40711227,0.01494301,0.21525553,-0.123473845,0.27277017,-0.18900824,-0.07448292,0.014479629,0.3228924,-0.10381073,0.72596854,-0.08048041,0.4634476,0.7715041,0.264918,-0.7777298,0.3235246,-0.62795246,0.82663876,0.85195345,-1.0276942,-0.15893182,-0.0044723097,1.07028,200.0,200.0,155.8795364115366,-200.0,200.0,200.0,-96.8398136486972,200.0,200.0,-200.0,-19.698614305039712,17.26643917876848,-0.067907065,-0.19388029,-0.64891946,1.6268997,-1.1352719,0.017685536,0.037564155,0.14930078,-0.7421276,1.6730952,-0.94409645,0.020348731,-8.142245,0.2988602,4.3051105,-2.469477,5.4554033,-3.7801647,-1.4896584,0.28959256,6.457848,-2.0762146,14.51937,-1.6096082
329,-0.77964437,-0.38030985,-0.10768668,-0.0655125,0.018071597,-0.9976881,1.0,0.0,0.0,-0.09083454,-0.15416518,0.18913132,0.0038261414,-0.18554604,-0.09576779,0.09364361,0.18187205,0.10347444,0.04366243,-0.02987349,0.105812065,0.11877637,0.3458988,0.1538322,-0.05949601,0.9865133,-0.7029614,0.55267125,0.24646123,0.06894948,0.094370775,-0.11218162,0.58165896,0.99103266,-1.302285,-0.7618125,0.56302434,-0.50675523,0.45983192,-0.7421318,-1.6262254,-0.41431937,0.096685894,-0.21426089,0.010691695,200.0,200.0,-200.0,-188.312794126448,-200.0,200.0,200.0,200.0,12.555785309457775,-200.0,138.7981940489401,-200.0,-0.09083454,-0.15416518,-0.6108687,1.6038262,-0.98554605,-0.09576779,0.09364361,0.18187205,-0.6965256,1.6436625,-0.8298735,0.105812065,2.3755274,6.917976,3.076644,-1.1899202,19.730267,-14.059227,11.053425,4.9292245,1.3789897,1.8874155,-2.2436323,11.633179
330,-0.12284175,0.28856912,-0.13548079,-0.0663577,0.034323584,-0.9972054,1.0,0.0,0.0,-0.022454038,-0.11056409,0.17940539,0.031820655,-0.096275926,-0.12446734,0.15406421,0.20240726,0.09510809,0.072245836,-0.09194708,0.1212509,0.52544457,0.10933454,-0.21958499,0.3074293,-0.004576905,0.3149729,0.102447055,-0.024293676,-0.11704379,0.15452442,-0.27014968,-0.2163426,0.46268904,-0.78107935,-0.0913689,-0.66339546,-0.839234,0.10915284,-0.760426,0.23913208,-0.36187008,-1.463974,-0.49299344,-0.60434717,-200.0,-200.0,-200.0,-99.94864633720456,32.46083792601121,-26.383154084278203,200.0,-200.0,-200.0,200.0,-200.0,200.0,-0.022454038,-0.11056409,-0.6205946,1.6318207,-0.89627594,-0.12446734,0.15406421,0.20240726,-0.7048919,1.6722459,-0.8919471,0.1212509,10.508891,2.1866908,-4.3917,6.1485863,-0.0915381,6.299458,2.0489411,-0.48587352,-2.3408759,3.0904882,-5.402993,-4.326852
331,-0.04624399,0.89536625,0.018539095,-0.041159738,0.037149105,-0.9984617,1.0,0.0,0.0,0.11552336,-0.10117445,0.11935961,0.078594446,-0.20134813,-0.04531962,0.12853351,0.19663846,0.0608204,0.089181185,-0.21109658,-0.030937556,0.72257864,-0.022556307,-0.35145175,0.16196623,-0.9527387,0.34084398,-0.32557133,-0.02341384,-0.2189571,0.022456558,-0.60909563,-1.156677,-0.84336746,0.15391198,1.0633558,-0.66065484,-0.6612418,-0.8756186,0.3601604,0.2892808,0.8449147,-0.35120773,1.1585338,1.0072234,-200.0,109.60426782956651,-200.0,-200.0,44.595192571129814,-75.75972499491127,-12.491488911363376,-200.0,-90.12394777919087,-200.0,-200.0,-33.50156901263961,0.11552336,-0.10117445,-0.6806404,1.6785945,-1.0013481,-0.04531962,0.12853351,0.19663846,-0.7391796,1.6891812,-1.0110966,-0.030937556,14.451572,-0.45112613,-7.029035,3.2393246,-19.054773,6.8168793,-6.5114264,-0.4682768,-4.379142,0.44913116,-12.181912,-23.13354
332,-0.4669069,0.19284083,0.03437862,-0.02088854,0.04940156,-0.99856055,1.0,0.0,0.0,0.21241355,-0.08500453,0.08769065,0.0714879,-0.36106902,-0.08908864,0.11237026,0.21406792,0.04918784,0.057475448,-0.2276203,-0.15451618,0.28722253,0.16687423,-0.0057592997,-0.19443785,-0.6596356,-0.6761398,0.11823733,0.14293359,0.07412981,-0.3066537,0.34846494,-0.17553447,-1.0396401,-0.0963192,1.0261645,0.11244409,0.18794481,-0.18102834,0.9647415,-0.7082814,0.9572886,-0.48722607,0.90047824,0.93151605,200.0,20.82108035575959,200.0,-200.0,200.0,200.0,-200.0,200.0,200.0,-200.0,61.53774524868493,-200.0,0.21241355,-0.08500453,-0.71230936,1.6714879,-1.161069,-0.08908864,0.11237026,0.21406792,-0.7508122,1.6574755,-1.0276203,-0.15451618,5.7444506,3.3374846,-0.11518599,-3.8887568,-13.192712,-13.522795,2.3647466,2.858672,1.4825962,-6.133074,6.9692984,-3.5106895
333,0.30130234,-0.5295315,-0.18804315,-0.029794557,0.051175036,-0.9982452,1.0,0.0,0.0,0.22187483,-0.07521369,0.10922128,0.05138707,-0.3821178,-0.16331173,0.16180798,0.22847532,0.06671345,0.036044,-0.064397454,-0.12773497,-0.1604209,-0.03688638,0.20025955,-0.007809415,0.36867628,-0.06734822,0.35360536,-0.04595733,0.037132658,0.20853005,0.4643031,0.10185613,-0.12097999,-0.9429697,-0.012529951,1.1560507,-0.83493286,1.1080647,-0.943384,-0.5067639,-0.9180367,0.9731588,-0.51507527,-0.097327866,200.0,-200.0,200.0,-200.0,200.0,200.0,-200.0,-40.68826910422696,200.0,118.99717874508342,200.0,54.545221346288926,0.22187483,-0.07521369,-0.69077873,1.6513871,-1.1821178,-0.16331173,0.16180798,0.22847532,-0.73328656,1.636044,-0.86439747,-0.12773497,-3.208418,-0.7377276,4.005191,-0.1561883,7.3735256,-1.3469644,7.072107,-0.9191466,0.74265313,4.170601,9.286062,2.0371225
334,0.86124647,0.17347416,0.4014185,-0.03459467,0.027024174,-0.999036,1.0,0.0,0.0,0.13291182,-0.11846821,0.1063264,0.0876348,-0.4134981,-0.068624295,0.17767768,0.1905555,0.04080981,0.113358736,-0.077465355,-0.11637044,-0.56309056,-0.35554087,-0.17965712,0.32694647,-0.5868353,0.919463,-0.13720118,-0.31222925,-0.25610554,0.5268167,-0.49877334,0.04294337,0.29288155,1.0800334,-0.59704924,-2.2041597,-0.27594316,-0.78081155,0.25889456,1.2993876,-0.45652053,-1.386201,-0.7629329,0.2595279,-200.0,-200.0,-200.0,200.0,-200.0,-5.099227782207755,34.66293028669065,-200.0,-94.6999932186263,200.0,-200.0,200.0,0.13291182,-0.11846821,-0.6936736,1.6876348,-1.2134981,-0.068624295,0.17767768,0.1905555,-0.7591902,1.7133588,-0.87746537,-0.11637044,-11.261811,-7.1108174,-3.5931423,6.5389295,-11.736707,18.38926,-2.7440233,-6.2445846,-5.122111,10.536334,-9.975467,0.85886735
335,0.13645582,0.7319185,-0.035067134,-0.015533377,0.008867229,-0.99984,1.0,0.0,0.0,0.07462276,-0.15520036,0.048989356,0.13409519,-0.42529887,0.0075955237,0.19812782,0.15416057,-0.03512478,0.20364094,-0.26513892,-0.021266561,-0.082757086,-0.042174753,-0.36267433,0.15807118,0.28681788,-0.059219964,0.16948313,-0.07424067,-0.47269088,0.38978556,-1.0676064,0.59979504,0.539393,1.2398247,1.6389581,-1.1404122,0.7593862,-0.8132448,0.41757476,0.594493,0.26645356,-0.72620463,-0.18667932,0.58407533,-41.11175412649288,200.0,-200.0,-200.0,60.835476910643365,-32.488518938282255,200.0,200.0,-200.0,-200.0,48.61364156822788,-200.0,0.07462276,-0.15520036,-0.75101066,1.7340952,-1.2252989,0.0075955237,0.19812782,0.15416057,-0.8351248,1.803641,-1.0651389,-0.021266561,-1.6551417,-0.843495,-7.253486,3.1614234,5.7363577,-1.1843992,3.3896625,-1.4848133,-9.453817,7.795711,-21.352129,11.9959
336,-0.42883864,0.021060253,-0.5200896,-0.0019828503,0.01602847,-0.9998696,1.0,0.0,0.0,0.12360149,-0.1323884,0.023195326,0.12938774,-0.26266724,-0.1117184,0.26270193,0.16818565,-0.09285772,0.2485646,-0.37351233,0.16416624,0.50276756,0.23479651,0.06132402,-0.17395799,1.2452265,-1.0360645,0.33705935,0.20090237,-0.13122411,0.093938164,-0.11217692,0.9098873,-0.08096022,-0.688177,1.3502676,-0.08518638,0.6409897,0.29025722,-0.39957976,-0.17938095,0.79373944,-0.71871656,0.40839398,-0.35700104,-22.19188487055328,200.0,200.0,-200.0,200.0,-69.72972771319189,200.0,200.0,200.0,-200.0,200.0,-200.0,0.12360149,-0.1323884,-0.7768047,1.7293878,-1.0626673,-0.1117184,0.26270193,0.16818565,-0.89285773,1.8485646,-1.1735123,0.16416624,10.055351,4.69593,1.2264804,-3.4791598,24.90453,-20.721289,6.7411866,4.0180473,-2.6244822,1.8787632,-2.2435384,18.197746
337,0.23968142,-0.4368154,0.14368251,-0.0094799055,0.018350216,-0.9997867,1.0,0.0,0.0,0.16897453,-0.11619054,0.05342871,0.096167564,-0.029485404,-0.18977976,0.26205367,0.18360868,-0.07276642,0.23293078,-0.2921366,0.23990719,-0.0009834025,-0.032256287,0.106844164,0.09706064,0.40482965,0.3146291,-0.27847245,-0.013512996,0.297943,-0.22819212,0.7627916,-0.055819757,-0.41924292,0.08235946,-0.44585198,0.041049853,-0.38208514,1.3693434,-0.43132,-0.32863572,-0.66073036,-0.27254507,-0.5104294,-0.7381946,-200.0,-200.0,200.0,-200.0,24.093751232453087,-200.0,-200.0,-200.0,200.0,-200.0,200.0,200.0,0.16897453,-0.11619054,-0.7465713,1.6961676,-0.8294854,-0.18977976,0.26205367,0.18360868,-0.87276644,1.8329308,-1.0921366,0.23990719,-0.01966805,-0.6451257,2.1368833,1.9412129,8.096593,6.292582,-5.569449,-0.27025992,5.95886,-4.5638423,15.255831,-1.1163951
338,0.180794,0.26512626,0.9256383,-0.012888081,0.009750226,-0.9998694,1.0,0.0,0.0,0.10347815,-0.118363865,0.050482213,0.102749586,-0.05288148,-0.023999996,0.15444036,0.17135169,-0.0337736,0.17337966,-0.24386603,0.122701585,-0.59387535,0.005942959,-0.11889912,-0.0060089747,-0.5435285,1.25028,-0.75385636,-0.093524285,0.11129101,-0.3560462,-0.1852267,-1.0199344,0.17839798,0.2164959,0.21692316,-1.3718818,-0.8373709,-0.65978694,0.76102394,0.87738657,-0.5847318,1.0529011,-0.7953789,0.38261476,-200.0,-200.0,-200.0,-200.0,-200.0,-200.0,-200.0,200.0,-200.0,-124.29529400678163,-200.0,200.0,0.10347815,-0.118363865,-0.7495178,1.7027496,-0.8528815,-0.023999996,0.15444036,0.17135169,-0.8337736,1.7733797,-1.043866,0.122701585,-11.877506,0.11885918,-2.3779824,-0.1201795,-10.870569,25.0056,-15.077127,-1.8704857,2.2258203,-7.120924,-3.7045338,-20.398687
339,-0.62497896,0.2009079,0.53631026,-0.0035955722,0.02039416,-0.99978554,1.0,0.0,0.0,0.04669386,-0.08059869,0.055178344,0.06788051,-0.25862402,0.11934318,0.07006727,0.18507195,-0.038152516,0.13185263,-0.37714356,0.026035383,-0.0302714,0.33357948,0.13514985,-0.3193421,-1.2366618,0.28004363,-0.14760862,0.19601336,-0.13075435,-0.08441489,-0.8853081,-0.04428389,0.49927655,-1.0652274,1.3453634,0.7100332,0.1739748,-0.64275336,1.0651759,-0.7592506,0.7859159,0.8867859,0.5652616,1.0920267,200.0,200.0,-200.0,200.0,28.95932382058527,200.0,200.0,200.0,200.0,-200.0,55.603174124644966,-200.0,0.04669386,-0.08059869,-0.74482167,1.6678805,-1.058624,0.11934318,0.07006727,0.18507195,-0.8381525,1.7318527,-1.1771436,0.026035383,-0.605428,6.6715894,2.702997,-6.3868423,-24.733236,5.6008725,-2.9521723,3.920267,-2.615087,-1.6882979,-17.706161,-0.88567775
340,-0.018615933,-0.46867794,-0.19827086,-0.0101520065,0.03219479,-0.99943006,1.0,0.0,0.0,0.10290242,-0.038763,0.099913836,0.021024942,-0.40119928,0.07125833,0.09527177,0.19300269,-0.045832932,0.12825966,-0.44946975,0.1277837,0.53307384,0.11544837,0.28990278,-0.15871724,-0.2835228,-0.6664452,0.34895012,-0.089754105,0.035907675,0.038195547,0.06677922,0.96062845,0.23896593,-1.2564743,-1.0121509,-0.25969872,-0.21919875,-0.16100642,-0.082005784,0.072598375,-0.012866471,0.06436192,-0.22487147,-0.058622427,200.0,-200.0,200.0,200.0,200.0,200.0,200.0,-200.0,200.0,200.0,200.0,-200.0,0.10290242,-0.038763,-0.7000862,1.621025,-1.2011993,0.07125833,0.09527177,0.19300269,-0.84583294,1.7282597,-1.2494698,0.1277837,10.661477,2.3089674,5.7980556,-3.1743448,-5.670456,-13.328903,6.9790025,-1.7950821,0.7181535,0.7639109,1.3355844,19.212568
341,0.36654294,-0.11225135,0.13145414,-0.021448573,0.023272311,-0.9994991,1.0,0.0,0.0,0.17932686,-0.028355107,0.13481826,0.0032116175,-0.36667448,-0.0010768032,0.10691277,0.16173595,-0.03264284,0.11994958,-0.38450724,0.21226467,0.16062316,0.016052134,0.07999259,-0.010425719,0.33670303,-0.29913783,-0.1843599,-0.18868944,0.06554671,-0.081300005,0.34793183,-0.020922942,-1.0734992,0.26408002,-0.26160803,-1.1124016,-0.30639172,0.9105134,-0.4166249,1.011494,-0.7079802,-0.015857868,-0.31228805,-0.5847317,-200.0,-1.4193746998904544,-27.172149625968927,-38.12938259611309,-27.749957811217882,-200.0,-58.51513526211505,-200.0,-200.0,-200.0,-33.100707552589085,-29.23188616996117,0.17932686,-0.028355107,-0.66518176,1.6032116,-1.1666745,-0.0010768032,0.10691277,0.16173595,-0.83264285,1.7199496,-1.1845073,0.21226467,3.2124631,0.3210427,1.5998518,-0.20851438,6.7340603,-5.9827566,-3.6871977,-3.7737887,1.3109341,-1.626,6.9586363,-0.41845885
342,-0.28152937,0.47918496,0.9176113,-0.012597879,0.023395438,-0.9996469,1.0,0.0,0.0,0.15475291,-0.004205953,0.13304752,-0.013289332,-0.3406145,0.045224223,0.013208867,0.15765586,-0.04121697,0.09634328,-0.35569352,0.09776078,-0.3525978,0.20387045,-0.08216461,-0.14287241,0.0873566,0.6623563,-0.7027429,0.12601349,-0.13402793,-0.13670838,0.09934739,-1.0242954,0.10564368,-0.62044996,0.76064485,-0.5879259,0.018391803,0.5171515,0.9929436,0.14188558,0.58971703,1.2735586,-0.50987357,0.18429187,-200.0,200.0,-200.0,-95.74927148249878,-13.239652530657068,-200.0,-200.0,200.0,-200.0,-200.0,-15.217380230339927,200.0,0.15475291,-0.004205953,-0.6669525,1.5867107,-1.1406145,0.045224223,0.013208867,0.15765586,-0.841217,1.6963433,-1.1556935,0.09776078,-7.0519557,4.077409,-1.6432921,-2.857448,1.747132,13.247126,-14.054857,2.5202696,-2.6805584,-2.7341676,1.9869478,-20.485909
343,0.0260853,-0.23229055,0.58785236,-0.008866492,0.027246716,-0.99958944,1.0,0.0,0.0,0.13332437,0.0013359864,0.14046293,-0.013137937,-0.23050362,0.19003047,-0.076660894,0.16196327,-0.04418212,0.07891297,-0.40449125,0.0027747268,-0.068573155,-0.0460165,0.14712892,-0.032308888,0.76116765,0.9036937,-0.24543373,-0.054653037,0.06628422,-0.042317066,-0.46125776,-0.027374903,0.11798071,-0.6246818,0.7842533,0.28717744,-0.38721156,0.37417242,1.2188911,-0.53861934,0.28619152,0.15646002,-0.43645382,0.6225334,200.0,-43.85455573729063,200.0,200.0,-200.0,200.0,-60.653950922968214,-200.0,200.0,-200.0,200.0,200.0,0.13332437,0.0013359864,-0.6595371,1.5868621,-1.0305036,0.19003047,-0.076660894,0.16196327,-0.84418213,1.678913,-1.2044913,0.0027747268,-1.3714631,-0.92033,2.9425786,-0.64617777,15.223352,18.073874,-4.9086747,-1.0930607,1.3256843,-0.8463413,-9.225155,-0.54749805
344,0.6292585,-0.8978837,0.115121365,-0.032565106,0.01319639,-0.9993825,1.0,0.0,0.0,0.12510963,-0.030135637,0.19187862,-0.0004608631,-0.18690145,0.2780567,-0.07162317,0.11553372,-0.013410926,0.07980585,-0.44950396,0.10789908,-0.016935773,-0.25414118,0.34855023,0.13755749,-0.22649942,0.2186098,0.25012276,-0.3728275,0.23506807,0.030831827,0.011068933,0.97386926,0.11028332,0.6826872,-1.3459216,-0.8056844,-1.465796,-0.7449969,0.52294147,1.4725407,-0.74507755,0.2722801,-0.16862698,0.06602418,200.0,-200.0,200.0,126.54063862386033,27.028161431889686,190.0767271056784,5.079703306899386,-200.0,200.0,200.0,-200.0,-33.04875292402218,0.12510963,-0.030135637,-0.6081214,1.5995392,-0.98690146,0.2780567,-0.07162317,0.11553372,-0.81341094,1.6798059,-1.249504,0.10789908,-0.33871546,-5.0828233,6.9710045,2.75115,-4.5299883,4.3721957,5.002455,-7.45655,4.701361,0.6166365,0.22137865,19.477385
345,-0.12705691,-0.29016984,-0.13385198,-0.055035662,0.004642156,-0.9984736,1.0,0.0,0.0,0.12332184,-0.05081674,0.24085718,0.0108373165,-0.33681756,0.21308394,0.038156778,0.07637202,-0.006367743,0.11695778,-0.3726321,0.19481352,-0.006240339,0.02096712,0.15891086,-0.009200664,-1.1778579,-0.7696304,0.7873291,-0.05332134,-0.116211176,0.2881231,0.44639942,-0.005658995,-0.14202836,-0.45647785,-0.99602634,-0.9368632,-0.05892606,0.036534995,-0.7018292,0.58388865,-0.42549708,-0.69486564,0.25018847,-0.17535338,200.0,200.0,-200.0,49.07399687487856,-36.4696934263589,-200.0,-19.66327083550992,200.0,-200.0,-200.0,-200.0,-200.0,0.12332184,-0.05081674,-0.5591428,1.6108373,-1.1368176,0.21308394,0.038156778,0.07637202,-0.80636775,1.7169578,-1.1726321,0.19481352,-0.12480678,0.4193424,3.1782172,-0.18401328,-23.557158,-15.392608,15.746581,-1.0664268,-2.3242235,5.7624617,8.927988,-0.11317989
346,-0.16753983,0.3848753,0.37236258,-0.051546324,0.010964477,-0.99861044,1.0,0.0,0.0,0.061534952,-0.062309433,0.24939388,-0.007864594,-0.46414715,0.13919058,0.13422568,0.07632601,-0.052042723,0.15867949,-0.19688308,0.102670215,-0.456899,-0.10181194,-0.05162725,-0.15835986,-0.19480124,-0.22226658,0.24148527,0.032587584,-0.31304535,0.1413848,0.9725625,-0.60480255,0.2894711,-0.2061412,-0.092646345,-0.24176393,0.5449661,0.557441,-1.458604,0.38332632,0.38395813,-0.75589955,-0.30633837,0.49257952,-200.0,200.0,-200.0,-200.0,-71.89287382988255,41.519062628933625,25.769250306253696,-200.0,-200.0,-200.0,200.0,20.321311350219617,0.061534952,-0.062309433,-0.55060613,1.5921354,-1.2641472,0.13919058,0.13422568,0.07632601,-0.85204273,1.7586795,-0.9968831,0.102670215,-9.1379795,-2.0362387,-1.032545,-3.167197,-3.8960247,-4.4453316,4.829705,0.65175164,-6.260907,2.8276958,19.45125,-12.096051
347,-0.09139872,0.3200422,0.077389635,-0.03661269,0.016490178,-0.9991935,1.0,0.0,0.0,0.01319902,-0.0821934,0.23338479,-0.03610289,-0.39116353,0.2008453,0.12881407,0.090327136,-0.08415347,0.15366542,-0.10965222,0.08475181,-0.1182719,-0.07364763,-0.14403136,0.042443726,0.85176784,0.6774249,-0.24739218,0.107411884,-0.019759491,-0.1596751,-0.0024458969,0.3313945,0.904323,-0.0316242,0.870423,0.78168875,-0.046579376,0.079415925,0.06428419,-0.28687915,0.5181298,-0.13088608,-0.9082065,0.35794088,-200.0,200.0,200.0,-200.0,-200.0,200.0,200.0,-179.2734926198246,-200.0,-200.0,200.0,123.91062553766608,0.01319902,-0.0821934,-0.5666152,1.5638971,-1.1911635,0.2008453,0.12881407,0.090327136,-0.8841535,1.7536654,-0.90965223,0.08475181,-2.365438,-1.4729526,-2.8806272,0.8488745,17.035357,13.548498,-4.9478436,2.1482377,-0.39518982,-3.1935022,-0.048917938,6.6278896
348,0.10354324,-0.25912285,-0.28744325,-0.036507495,0.015916085,-0.9992066,1.0,0.0,0.0,0.054851066,-0.08905724,0.22710043,-0.014477372,-0.26995796,0.22981933,0.10205247,0.099018596,-0.046829045,0.09285021,-0.21750444,0.17639965,0.470453,-0.006443924,0.06304766,0.16475272,0.48592058,-0.25393352,-0.08709519,-0.007159634,0.3504353,-0.406427,-0.9794968,0.40197834,-0.08181887,0.5266055,0.01767366,-0.31169316,-1.5603055,-0.46405402,0.03166025,-0.35719088,-0.08788264,0.031824492,0.3084991,-0.20651326,14.054167186707929,-200.0,200.0,-73.19706913321465,-200.0,-40.18342468764814,200.0,126.97371158751078,200.0,200.0,-41.15935483280623,-110.45994843656018,0.054851066,-0.08905724,-0.5728996,1.5855227,-1.069958,0.22981933,0.10205247,0.099018596,-0.84682906,1.6928502,-1.0175045,0.17639965,9.40906,-0.12887847,1.2609532,3.2950544,9.718411,-5.07867,-1.7419039,-0.14319268,7.0087056,-8.12854,-19.589935,8.039567
349,0.023612829,0.2885666,0.0869451,-0.03427105,0.0139591945,-0.9993151,1.0,0.0,0.0,0.08980166,-0.08458462,0.2203567,0.0055829287,-0.27738792,0.07663923,0.06767789,0.09801662,-0.01838851,0.05331266,-0.2943737,0.15183754,-0.061994623,0.03394934,-0.10288681,0.04103514,-0.4650393,-1.0452465,-0.30066413,0.011034146,0.0045833006,-0.022173481,0.14022501,-0.5188727,-0.93655235,-0.545294,-0.8395342,-0.23900355,-1.4063147,0.4514097,-0.082932845,0.43588254,-0.47454008,0.54566795,0.5636383,-0.00067623705,-95.14545515906875,-200.0,-137.737419523446,-44.70803082609321,200.0,-200.0,-200.0,200.0,-200.0,-200.0,-200.0,-158.6689854586557,0.08980166,-0.08458462,-0.5796433,1.605583,-1.0773879,0.07663923,0.06767789,0.09801662,-0.8183885,1.6533127,-1.0943737,0.15183754,-1.2398925,0.67898685,-2.0577362,0.82070285,-9.300786,-20.904928,-6.0132823,0.22068292,0.091666006,-0.4434696,2.8045,-10.377453
350,-0.09712198,0.9096896,0.30372584,-0.008925419,0.016063552,-0.99983114,1.0,0.0,0.0,0.013090086,-0.088418074,0.17704254,0.0004324913,-0.4753477,-0.025184855,0.011027593,0.10993656,-0.061011016,0.079588175,-0.15842676,0.07692314,-0.6461959,-0.049917296,-0.31073445,-0.08203142,-1.4195977,-0.06940653,-0.23778844,0.09805485,-0.3903946,0.2520872,1.1207383,-0.18416847,0.51217854,0.041961554,1.5836676,-0.37538344,-0.2900505,0.17976937,0.93581736,0.38656628,0.70350635,-0.24939245,0.21472853,0.36463854,50.98127030375957,200.0,-200.0,200.0,200.0,38.44276079113902,-200.0,-200.0,-200.0,-200.0,-200.0,200.0,0.013090086,-0.088418074,-0.62295747,1.6004325,-1.2753477,-0.025184855,0.011027593,0.10993656,-0.861011,1.6795882,-0.9584268,0.07692314,-12.923918,-0.9983459,-6.214689,-1.6406283,-28.391954,-1.3881307,-4.755769,1.9610969,-7.807892,5.0417438,22.414764,-3.6833694
351,-0.6918448,0.27726462,-0.19001932,0.0133072175,0.033976737,-0.99933404,1.0,0.0,0.0,-0.033919998,-0.06636497,0.16026646,-0.015466213,-0.6256704,0.036830463,0.017144784,0.1526276,-0.098660946,0.09750593,-0.018375754,0.13456091,0.0768623,0.2093303,0.09618134,-0.13418064,-0.25166902,0.3426359,0.24270482,0.29444435,-0.031087501,-0.044008788,0.51076317,0.48771673,0.66285884,-0.7332751,1.2194762,0.54073596,0.5565971,0.1682768,-0.08198652,-0.9272554,0.55099106,-0.4858462,-0.3254621,-0.15594351,200.0,200.0,200.0,-200.0,-47.94379632064033,-16.032963844710366,200.0,33.21230827736653,200.0,-200.0,200.0,-52.87490805971106,-0.033919998,-0.06636497,-0.63973355,1.5845338,-1.4256704,0.036830463,0.017144784,0.1526276,-0.89866096,1.697506,-0.81837577,0.13456091,1.5372459,4.186606,1.9236268,-2.6836126,-5.0333805,6.852718,4.8540964,5.888887,-0.62175,-0.88017577,10.215263,9.754334
352,0.040210113,-0.3348862,-0.27705044,0.010481113,0.045588486,-0.9989053,1.0,0.0,0.0,0.035567813,-0.051528346,0.19810075,-0.025903583,-0.57039696,0.08447298,0.012426588,0.188162,-0.054787397,0.05765629,-0.023045003,0.12544565,0.57192624,-0.024855388,0.26371154,0.014782955,0.70849484,0.19040969,-0.17297682,0.07225012,0.4212114,-0.3268175,-0.46050045,-0.4787468,0.15919796,-0.42149886,-0.36823148,0.05509202,-0.2630456,0.21262653,-0.8765504,-0.93624246,-0.12548459,0.20447487,0.51734006,-0.36174437,-35.88863894301724,-200.0,200.0,-200.0,-200.0,-197.9926170960494,200.0,-200.0,200.0,200.0,200.0,-23.528587102740033,0.035567813,-0.051528346,-0.60189927,1.5740964,-1.370397,0.08447298,0.012426588,0.188162,-0.8547874,1.6576563,-0.823045,0.12544565,11.438524,-0.49710777,5.2742305,0.2956591,14.169896,3.8081937,-3.4595363,1.4450024,8.424228,-6.5363503,-9.210009,-9.574936
353,0.65219784,0.28257996,0.20517635,0.010724161,0.030199245,-0.9994864,1.0,0.0,0.0,0.09244119,-0.08637525,0.21826065,0.00014972687,-0.46216875,0.12794992,-0.074811295,0.17739616,-0.008042455,0.02215898,-0.007822216,-0.027018528,0.14090852,-0.29616082,-0.010175114,0.1837952,0.43931317,0.18821467,-0.6406734,-0.15382384,0.07594216,-0.055739786,0.5147988,-0.72938025,-1.3425777,1.4803249,-0.21016674,-0.87466836,-0.432728,0.08261013,0.9534494,0.7549786,0.054529477,0.28209606,0.8403879,0.70140195,-200.0,-200.0,-200.0,200.0,200.0,60.40312599085462,-18.757063100986414,-200.0,-200.0,-60.53941091939264,-42.84313083267358,-19.08201997387897,0.09244119,-0.08637525,-0.58173937,1.6001498,-1.2621688,0.12794992,-0.074811295,0.17739616,-0.80804247,1.622159,-0.8078222,-0.027018528,2.8181705,-5.9232163,-0.20350227,3.675904,8.786263,3.7642934,-12.813468,-3.0764766,1.5188432,-1.1147957,10.295977,-14.5876045
354,-0.02630992,0.3067389,0.08140447,0.021867055,0.018543115,-0.9995889,1.0,0.0,0.0,0.06753373,-0.12126976,0.21083969,0.016922235,-0.4389344,0.11673274,-0.14125061,0.18366705,-0.03280741,0.061453223,0.07417846,-0.08903856,-0.33551165,-0.07451325,-0.067410685,0.00686266,0.018292233,-0.07852999,-0.12601744,0.117953055,-0.20593302,0.31970763,0.5380492,0.0022503848,0.58097154,0.877824,0.8690019,-0.8332992,0.06760956,-0.5981827,1.1570748,-0.31583127,1.0339606,0.33989826,1.2080232,0.5033634,200.0,200.0,200.0,159.8166026776617,200.0,200.0,-200.0,200.0,-200.0,-200.0,-6.935524819816408,7.401328875855583,0.06753373,-0.12126976,-0.5891603,1.6169223,-1.2389344,0.11673274,-0.14125061,0.18366705,-0.8328074,1.6614532,-0.72582155,-0.08903856,-6.7102327,-1.490265,-1.3482137,0.1372532,0.36584467,-1.5705998,-2.5203488,2.359061,-4.1186604,6.3941526,10.760984,0.045007695
355,-0.10652783,-0.41544917,-0.48711574,0.019053632,0.021995736,-0.9995765,1.0,0.0,0.0,0.069728404,-0.11715346,0.24431431,-0.017884493,-0.34234732,0.0035498485,-0.107588306,0.18903029,-0.06772727,0.14567018,0.21588641,-0.009658268,0.2957647,0.09572594,0.3617318,-0.3310005,0.7629692,-0.89369506,0.41249546,-0.046196073,-0.13822529,0.45098743,0.8220779,0.6971339,0.271438,-0.34247443,0.36730894,-0.17262293,0.9566326,0.42344508,-0.39123064,-0.74022764,-0.91428006,-1.0494471,-0.40528738,-0.24497113,200.0,-200.0,200.0,-42.31075010250464,200.0,200.0,200.0,200.0,200.0,-200.0,167.4183377727503,-200.0,0.069728404,-0.11715346,-0.5556857,1.5821155,-1.1423473,0.0035498485,-0.107588306,0.18903029,-0.8677273,1.7456702,-0.5841136,-0.009658268,5.915294,1.9145187,7.234636,-6.62001,15.259383,-17.873901,8.249909,-0.92392147,-2.7645056,9.019749,16.441557,13.9426775
356,0.468733,-0.077460274,-0.081496805,0.009831221,0.012823466,-0.99986947,1.0,0.0,0.0,0.13624905,-0.122920364,0.2911452,-0.051837683,-0.19207299,-0.037520144,-0.073015735,0.15692773,-0.09964073,0.21837342,0.27696276,0.022750568,0.24568568,-0.13468434,0.06278666,0.09079137,0.26130685,0.46416926,-0.028720442,-0.24957888,-0.17656092,0.28429732,-0.11709242,-0.27587295,-0.35084295,0.46242815,-0.15899481,0.16902928,1.4480039,0.54788065,-0.25861704,0.91993207,-0.43946925,-1.1286607,-1.4729702,0.095872335,-200.0,-200.0,-200.0,-200.0,-200.0,-200.0,-200.0,-200.0,11.534258360708321,-200.0,200.0,200.0,0.13624905,-0.122920364,-0.5088548,1.5481623,-0.992073,-0.037520144,-0.073015735,0.15692773,-0.89964074,1.8183734,-0.52303725,0.022750568,4.9137135,-2.6936867,1.2557331,1.8158273,5.2261367,9.283385,-0.5744088,-4.9915776,-3.5312183,5.6859465,-2.3418484,-5.517459
357,-0.08354073,0.56804174,0.5888861,0.02100435,0.0059495033,-0.9997617,1.0,0.0,0.0,0.12656686,-0.13812691,0.2556473,-0.00017368793,-0.053052068,0.12128316,-0.11967548,0.13814417,-0.15684038,0.26489472,0.15022123,0.031101355,-0.2928799,-0.0289139,-0.36738503,0.36504224,1.0198032,0.9132352,-0.38221774,0.045874707,-0.374495,0.18596458,-1.056356,0.13173245,-0.38786316,0.6661391,0.7796465,-0.54934853,0.27706534,-0.229545,0.7656101,0.18177858,0.1494923,-0.4823262,-0.7698841,0.6787893,-200.0,200.0,-200.0,-200.0,-200.0,-0.907851141202741,-200.0,200.0,-200.0,6.220153485162257,200.0,-47.52975333563711,0.12656686,-0.13812691,-0.5443527,1.5998263,-0.8530521,0.12128316,-0.11967548,0.13814417,-0.9568404,1.8648947,-0.6497788,0.031101355,-5.857598,-0.578278,-7.3477006,7.3008447,20.396063,18.264704,-7.6443543,0.9174941,-7.4899,3.7192917,-21.12712,2.6346488
358,-0.45635036,-0.040135883,0.71304953,0.030376919,0.01676209,-0.99939793,1.0,0.0,0.0,0.025024945,-0.12714335,0.21407622,0.04295671,0.0631004,0.17734216,-0.15047841,0.15092501,-0.19402552,0.27150607,-0.13246787,0.16530539,-0.685672,0.13085145,-0.06309434,0.07675017,0.4454778,-0.19850947,0.03079058,0.06835558,-0.03992135,-0.096094154,-1.3886087,1.045689,0.4467454,-0.73985845,0.9968574,0.13787942,-0.37108392,-0.47982374,0.6474848,-0.98379445,1.4246354,-0.73852783,0.094542526,0.39499643,200.0,-2.8285969992530227,200.0,-200.0,111.55570061324147,49.208729965137536,-200.0,200.0,200.0,-200.0,-22.718214470962096,-200.0,0.025024945,-0.12714335,-0.5859238,1.6429567,-0.7368996,0.17734216,-0.15047841,0.15092501,-0.9940255,1.8715061,-0.9324679,0.16530539,-13.713439,2.617029,-1.2618867,1.5350033,8.909556,-3.9701893,0.6158116,1.3671116,-0.798427,-1.921883,-27.772173,20.913778
359,0.13714059,-0.66774905,-0.009222203,0.015335644,0.021559758,-0.99964994,1.0,0.0,0.0,-0.054713827,-0.121968135,0.23235035,0.060896754,0.043628335,0.036300648,-0.09098431,0.1285987,-0.1675744,0.22160661,-0.30477244,0.2775497,-0.16535863,-0.06460192,0.21597734,0.089008085,-0.5413558,-1.046571,0.52246684,-0.2539949,0.28077093,-0.37449273,-0.43053308,0.2786287,1.5641928,-0.6136977,-1.2600578,0.26119018,-0.74258924,0.14374857,-0.42380476,0.50353533,-0.39258945,-0.19684488,0.46897295,-0.30192104,200.0,-200.0,200.0,-200.0,200.0,-56.121155309562596,200.0,-200.0,200.0,66.57033495162514,-200.0,-46.51845370066121,-0.054713827,-0.121968135,-0.56764966,1.6608968,-0.7563717,0.036300648,-0.09098431,0.1285987,-0.9675744,1.8216066,-1.1047724,0.2775497,-3.3071725,-1.2920384,4.3195467,1.7801617,-10.827115,-20.93142,10.449337,-5.0798984,5.6154184,-7.489855,-8.6106615,5.572574
360,0.30709505,0.039424367,-0.09646975,0.004215561,0.012095662,-0.999918,1.0,0.0,0.0,-0.045048147,-0.1434107,0.23918283,0.10918701,-0.16141617,-0.06153298,-0.038673304,0.09499824,-0.12921059,0.13217688,-0.28168505,0.22247763,0.21887057,-0.13727684,-0.09644609,0.3237873,-1.2352428,-0.03335363,0.04131313,-0.10327192,0.11845725,-0.509707,0.56187606,-0.7283325,0.04071746,0.5986696,-0.59473443,-0.75671095,-0.8960974,0.8442037,-0.47226286,0.92666364,-0.31116864,0.030257933,0.64731336,-0.074493654,-200.0,200.0,-200.0,-182.37503625344783,200.0,-200.0,200.0,-200.0,-200.0,2.5144029125660836,48.705577188696225,200.0,-0.045048147,-0.1434107,-0.5608172,1.709187,-0.9614162,-0.06153298,-0.038673304,0.09499824,-0.9292106,1.7321769,-1.0816851,0.22247763,4.3774114,-2.7455368,-1.9289217,6.475746,-24.704857,-0.6670726,0.8262626,-2.0654383,2.369145,-10.1941395,11.237521,-14.56665
361,-0.32828897,0.6598517,0.310671,0.019645441,0.0137960585,-0.9997118,1.0,0.0,0.0,-0.0126289325,-0.14466038,0.2014898,0.1601373,-0.4104448,0.036795273,-0.08554924,0.1115586,-0.14213741,0.0590744,-0.06294227,0.11648435,0.12579584,0.099634536,-0.26979813,0.19749326,-1.0589204,0.92169905,-0.4590439,0.24391273,-0.20399547,-0.24756663,1.4599631,-0.4273201,-0.08181053,-0.5594512,0.7758479,-0.46679807,-0.85159636,-0.66117895,0.3851714,-0.53009135,1.1876466,1.095548,-0.030638495,0.65938663,-200.0,200.0,-167.78054653029216,200.0,38.299458272565744,46.95122308805736,-20.56396112299764,200.0,-200.0,-200.0,90.78661626877556,200.0,-0.0126289325,-0.14466038,-0.5985102,1.7601373,-1.2104448,0.036795273,-0.08554924,0.1115586,-0.9421374,1.6590744,-0.8629423,0.11648435,2.5159168,1.9926907,-5.395962,3.949865,-21.178408,18.43398,-9.180878,4.8782544,-4.0799093,-4.9513326,29.19926,-8.546402
362,0.15451525,-0.10165537,0.1603625,0.029677983,0.017023431,-0.99941456,1.0,0.0,0.0,-0.024546446,-0.15349711,0.18595177,0.16751194,-0.56628317,0.11423939,-0.12496925,0.1252129,-0.16624248,0.053846598,0.11776847,0.12170956,-0.16405495,-0.15728462,0.08267035,-0.09412075,-0.6291933,-0.047364086,0.007823695,-0.071668394,-0.08741298,0.2499969,0.18067674,0.3525928,0.24536252,-0.3123363,0.252725,-0.6718692,-0.61871547,-0.62822735,0.95923036,-0.61341417,1.0773807,0.38661015,-0.18959303,0.39286047,200.0,-200.0,200.0,200.0,-200.0,200.0,-126.41691364992496,-200.0,200.0,-200.0,60.97019176132744,-200.0,-0.024546446,-0.15349711,-0.61404824,1.767512,-1.3662832,0.11423939,-0.12496925,0.1252129,-0.9662425,1.6538466,-0.68223155,0.12170956,-3.2810988,-3.1456923,1.6534071,-1.8824149,-12.583866,-0.9472817,0.1564739,-1.4333678,-1.7482597,4.999938,3.613535,7.0518556
363,0.44892243,-0.3999039,-0.7466219,0.017284878,0.0038540333,-0.9998432,1.0,0.0,0.0,-0.0021589005,-0.19247563,0.2207163,0.12969875,-0.6056883,0.0001314551,-0.06092304,0.082482375,-0.16991395,0.1166867,0.055936456,0.20961408,0.3330328,-0.21657978,0.2246368,-0.25729355,-0.03134456,-1.0005678,0.5795095,-0.31732002,0.03260001,0.3625307,-0.5252779,0.40701094,0.4071861,1.3444241,-0.697907,-0.5102991,0.23603235,-0.10184695,-0.14818369,1.4869275,-1.1384012,-0.9642404,-0.3400115,0.47136393,200.0,-200.0,200.0,200.0,20.721766054191903,-41.2824768953422,200.0,-33.69375117056535,-144.4742642942316,-200.0,9.954076554012481,-200.0,-0.0021589005,-0.19247563,-0.5792837,1.7296988,-1.4056883,0.0001314551,-0.06092304,0.082482375,-0.96991396,1.7166867,-0.74406356,0.20961408,6.6606555,-4.3315954,4.492736,-5.1458707,-0.62689114,-20.011356,11.59019,-6.3464003,0.65200025,7.250614,-10.505558,8.140219
364,-0.09515445,0.30932707,-0.5804938,0.017249368,-0.002013602,-0.9998492,1.0,0.0,0.0,0.10762145,-0.20454569,0.2504512,0.06319344,-0.503751,-0.093876585,0.0035195015,0.05592486,-0.1792466,0.17307031,-0.07477623,0.2971268,0.62605935,0.050725695,0.076525375,-0.39667717,0.95262235,-0.07632995,0.100419104,0.015500401,-0.12724583,0.21728948,-0.574139,0.3740009,-1.1646821,-0.18363792,1.0072558,0.6662255,0.8986943,0.48401278,-0.6603888,0.17250478,0.021996673,-1.3390919,0.16073494,0.6124123,-200.0,200.0,-200.0,-200.0,45.101450582709845,-26.506847664591817,-8.951818711597411,200.0,-200.0,-200.0,200.0,108.45340289162377,0.10762145,-0.20454569,-0.5495488,1.6631935,-1.303751,-0.093876585,0.0035195015,0.05592486,-0.9792466,1.7730703,-0.87477624,0.2971268,12.521187,1.0145139,1.5305074,-7.933543,19.052446,-1.5265989,2.008382,0.31000802,-2.5449166,4.3457894,-11.4827795,7.480018
365,-0.100803114,-0.27443352,0.18489614,0.016771892,0.0027809928,-0.99985546,1.0,0.0,0.0,0.18356672,-0.1977384,0.28233308,-0.008152604,-0.20795757,-0.0027674097,-0.04391328,0.074946694,-0.16775584,0.18732452,-0.083009005,0.40056792,0.17739941,0.01820272,0.22597289,-0.3259896,1.9081458,0.89007825,-0.51113135,0.13814235,0.21210162,-0.047012523,0.39558744,0.46015665,-0.518484,0.9277887,0.9935755,1.4467431,0.2586277,-0.15258503,0.43257254,0.10152467,-0.036344234,-1.1864192,-0.18783142,0.011798672,-200.0,67.51347369894822,200.0,-200.0,200.0,-37.28032299560158,-200.0,6.90211096799581,200.0,200.0,200.0,200.0,0.18356672,-0.1977384,-0.51766694,1.5918474,-1.0079576,-0.0027674097,-0.04391328,0.074946694,-0.96775585,1.7873245,-0.883009,0.40056792,3.5479882,0.3640544,4.519458,-6.519792,38.162914,17.801565,-10.222627,2.762847,4.2420325,-0.94025046,7.911749,9.203133
366,-0.31638286,-0.6465463,0.43432698,-0.0023524524,0.011434455,-0.9999319,1.0,0.0,0.0,0.18000622,-0.1825816,0.31670392,-0.020567536,-0.0074882507,0.10925099,-0.09664921,0.097489364,-0.107317984,0.1582644,-0.09827298,0.39016944,-0.17899118,0.12142962,0.11822595,0.1541062,0.5158052,0.29148218,-0.060058177,0.0983304,0.3675856,-0.22906105,-0.28419268,-0.42836753,-0.13382766,-0.498767,-0.7041308,0.69308525,-0.90228367,-0.27604347,0.8730906,-1.1185971,-0.4294749,-0.3778203,0.090717606,-0.2862384,200.0,-200.0,-200.0,-200.0,200.0,-93.8948826940341,-200.0,200.0,200.0,200.0,-200.0,-200.0,0.18000622,-0.1825816,-0.4832961,1.5794325,-0.80748826,0.10925099,-0.09664921,0.097489364,-0.907318,1.7582644,-0.898273,0.39016944,-3.5798237,2.4285924,2.364519,3.082124,10.316104,5.8296432,-1.2011635,1.966608,7.3517118,-4.581221,-5.6838536,-8.56735
367,0.28489625,0.051712424,0.105074376,-0.0126822265,0.0111171715,-0.9998578,1.0,0.0,0.0,0.09567356,-0.19751512,0.29143262,0.047386527,-0.010662258,0.059927706,-0.04826932,0.08861401,-0.063934445,0.09517443,-0.06415582,0.22389273,-0.52128845,-0.21773289,-0.322343,0.49148178,-0.45096967,-0.64370847,0.49900556,-0.16345878,0.10624049,-0.38557726,0.33550343,-1.0633041,0.66151345,-0.38976058,-0.6706132,-0.7435326,-1.6633762,-0.1260961,-0.2824778,0.82875913,-0.71323836,-0.20691666,0.26264754,0.2359181,200.0,-200.0,-200.0,-200.0,-18.82994706663891,9.142967663383615,41.985465520174444,-200.0,-200.0,200.0,-200.0,-103.33446727950059,0.09567356,-0.19751512,-0.5085674,1.6473866,-0.81066227,0.059927706,-0.04826932,0.08861401,-0.86393446,1.6951745,-0.8641558,0.22389273,-10.425769,-4.3546576,-6.44686,9.829636,-9.019393,-12.874169,9.980111,-3.2691755,2.1248097,-7.711545,6.710068,-21.26608
368,0.31639674,0.6676593,-0.10982725,0.0031690842,-0.0010519914,-0.9999944,1.0,0.0,0.0,0.030196445,-0.24192211,0.21129334,0.13161111,-0.20485085,-0.017670063,-0.013728744,0.076596014,-0.0706709,0.05224836,0.03585112,0.098999254,-0.16788916,-0.21122868,-0.45836258,0.3562473,-1.3964574,-0.3781826,-0.117916666,0.030829802,-0.19403218,0.062911294,0.25934395,-0.37023628,0.76476437,0.9323775,1.2166924,-0.6999124,-0.71871465,0.0359976,-0.5723898,0.5077574,0.93457174,0.5888273,0.33513242,0.39215663,-200.0,200.0,-200.0,-200.0,-200.0,200.0,200.0,169.42234472128473,-200.0,-200.0,-200.0,200.0,0.030196445,-0.24192211,-0.5887067,1.7316111,-1.0048509,-0.017670063,-0.013728744,0.076596014,-0.8706709,1.6522484,-0.7641489,0.098999254,-3.3577833,-4.2245736,-9.167252,7.124946,-27.929148,-7.5636516,-2.3583333,0.61659604,-3.8806434,1.2582258,5.1868787,-7.4047256
369,-0.27301174,0.002126231,-0.015672967,0.0151455095,-0.0009830889,-0.99988484,1.0,0.0,0.0,0.064542025,-0.24915002,0.17655188,0.16798913,-0.42099732,-0.015782576,-0.09290588,0.10844973,-0.0947268,0.093411565,0.10950047,0.10499635,0.4488511,0.11035259,0.05490982,0.04649214,-0.82344705,0.111467935,-0.58528066,0.2682421,-0.03900313,0.3066016,0.4035526,0.3877394,-0.37296498,0.21440813,0.58866596,-0.7319561,-0.21716742,-0.02223745,0.5353693,-0.60901207,0.3123908,-0.6603245,0.46642882,0.09226273,-200.0,200.0,200.0,200.0,120.13880971336664,200.0,200.0,200.0,200.0,-200.0,200.0,-5.7874204367966655,0.064542025,-0.24915002,-0.62344813,1.7679892,-1.2209973,-0.015782576,-0.09290588,0.10844973,-0.8947268,1.6934116,-0.69049954,0.10499635,8.977022,2.2070518,1.0981964,0.92984277,-16.46894,2.2293587,-11.705613,5.364842,-0.78006256,6.132032,8.071052,7.7547874
370,-0.28042856,-0.6671889,0.21295482,0.0007253655,0.0100005595,-0.99994975,1.0,0.0,0.0,0.11549986,-0.21909083,0.22104377,0.13979816,-0.48090404,-0.016503986,-0.15930527,0.14095293,-0.0778572,0.13448203,0.20183998,0.11374749,0.09713141,0.18410721,0.36415046,-0.29586765,0.12872648,-0.017291045,-0.12350191,0.0824977,0.1761213,0.12227496,0.407885,-0.058276504,-0.68499386,-0.5827639,-0.48747697,-0.94028515,-0.5535192,0.011598051,1.0612845,-1.0924118,-0.63494873,-0.69641304,-0.4261971,-0.21157739,200.0,-200.0,200.0,-200.0,138.30498763735727,-1.6078408684601087,-200.0,200.0,200.0,-200.0,200.0,3.4656244232303806,0.11549986,-0.21909083,-0.57895625,1.7397982,-1.280904,-0.016503986,-0.15930527,0.14095293,-0.8778572,1.734482,-0.59816,0.11374749,1.9426281,3.6821442,7.283009,-5.917353,2.5745296,-0.34582087,-2.4700382,1.649954,3.522426,2.4454992,8.1577,-1.1655301
371,0.28542325,-0.024103986,0.14550816,-0.011670979,0.008829627,-0.9998929,1.0,0.0,0.0,0.065762535,-0.22243412,0.26079857,0.06568909,-0.50015014,-0.008201639,-0.12543152,0.13033871,-0.06999898,0.1413219,0.17971927,0.02705341,-0.5368428,-0.17955336,0.059543747,-0.43162122,-0.11354642,0.04171051,0.4132743,-0.16930573,-0.06918422,-0.03732837,-0.5342154,-0.50712675,0.46164206,-0.27634928,-0.69757557,0.49129266,0.043245032,-0.0021186173,-0.17238751,0.7436,-0.89014643,0.29746032,-0.9763749,0.056882553,200.0,-200.0,-200.0,-200.0,-200.0,27.184935000352652,-200.0,-200.0,-200.0,-200.0,6.637817203199333,-2.0258460994087244,0.065762535,-0.22243412,-0.53920144,1.6656891,-1.3001502,-0.008201639,-0.12543152,0.13033871,-0.869999,1.7413219,-0.62028074,0.02705341,-10.736856,-3.591067,1.1908749,-8.632424,-2.2709284,0.8342102,8.265486,-3.3861146,-1.3836844,-0.74656737,-10.684307,-10.142535
372,0.010465811,0.6238456,0.05672348,0.0015582959,0.0043074875,-0.9999895,1.0,0.0,0.0,0.0032462776,-0.23919737,0.23542023,0.017202377,-0.4143327,-0.0051014666,-0.08820019,0.11905487,-0.11630708,0.16681015,-0.033630967,0.0109324,-0.13115603,-0.02408884,-0.27566126,-0.08727055,0.86205214,0.010793421,-0.006956427,0.03202616,-0.35821554,0.23061684,-1.500348,0.08486448,0.71106493,0.7239856,1.2633395,0.08214645,0.02946353,-0.37218675,-0.37289125,0.5121004,0.73308194,0.11634756,-0.14896765,0.95655143,-200.0,200.0,-200.0,54.32029862806334,-200.0,12.35865013239001,200.0,-41.467880853158555,-200.0,200.0,173.41473616292467,-4.750937982453778,0.0032462776,-0.23919737,-0.5645798,1.6172024,-1.2143327,-0.0051014666,-0.08820019,0.11905487,-0.9163071,1.7668102,-0.833631,0.0109324,-2.6231205,-0.48177677,-5.513225,-1.745411,17.241043,0.21586843,-0.13912854,0.6405232,-7.164311,4.6123366,-30.006958,1.6972896
373,-0.49308604,0.077328116,0.108291425,0.014518123,0.014686916,-0.99978673,1.0,0.0,0.0,0.04644386,-0.21045896,0.21514618,0.009298205,-0.26169652,-0.0932688,-0.14452906,0.1550755,-0.14565784,0.18481553,-0.22746164,0.13115408,0.50551903,0.27603784,0.034432735,-0.007511417,0.6351614,-0.59622544,-0.45100117,0.29934955,0.027865386,-0.014318399,-0.5349855,1.0264677,-0.1548838,-0.7279137,1.0508673,0.6722695,-0.20842145,0.0659326,0.42280525,-1.0223378,0.5245737,-0.8520128,0.6309434,-0.026474006,-38.03040206426385,200.0,200.0,-142.38594199638575,200.0,200.0,200.0,200.0,200.0,158.6772873059221,-55.01883569584504,30.415055918383132,0.04644386,-0.21045896,-0.5848538,1.6092982,-1.0616965,-0.0932688,-0.14452906,0.1550755,-0.94565785,1.7848155,-1.0274616,0.13115408,10.11038,5.5207567,0.68865466,-0.15022834,12.703228,-11.924509,-9.020023,5.986991,0.5573077,-0.28636798,-10.699709,20.529354
374,0.13079353,-0.5465049,0.0972773,0.003951676,0.020621654,-0.9997795,1.0,0.0,0.0,0.09944557,-0.18763423,0.23390412,0.020044088,-0.22238833,-0.10646306,-0.19100004,0.1783023,-0.10913086,0.15089238,-0.22883683,0.23367324,0.06654293,-0.015849069,0.14808343,0.10391265,0.030932529,0.3150447,-0.054008782,-0.03450073,0.2987392,-0.29662016,0.424079,0.09220328,-0.33915254,-0.039594274,-0.59859335,-0.79042023,-1.337867,0.72394335,0.58856374,-0.41431433,-0.23879918,-0.15603027,0.13627861,-0.7946763,200.0,-200.0,200.0,-200.0,200.0,-200.0,-200.0,-200.0,200.0,200.0,-7.232555032059107,82.58857108246832,0.09944557,-0.18763423,-0.5660959,1.6200441,-1.0223883,-0.10646306,-0.19100004,0.1783023,-0.9091309,1.7508924,-1.0288368,0.23367324,1.3308586,-0.31698138,2.9616687,2.078253,0.61865056,6.300894,-1.0801756,-0.69001454,5.974784,-5.932403,8.48158,1.8440657
375,0.06982138,0.035407744,0.18569444,-0.0050228955,0.016620558,-0.99984926,1.0,0.0,0.0,0.05780103,-0.19188258,0.23820692,0.025137067,-0.32089525,0.05946454,-0.13727428,0.16330056,-0.08017933,0.07824206,-0.09887183,0.14971733,-0.43309054,-0.023513602,-0.08286514,-0.038945995,-0.9202124,1.2516193,0.5343587,-0.10855954,0.019528536,-0.39457723,0.5303184,-0.8393403,0.17038345,0.240771,-0.44471183,-0.37462634,-0.8762995,-0.27385005,0.065341726,0.8016322,-0.84781104,1.1618752,-0.57920504,0.28301802,200.0,-200.0,-200.0,-95.35844627564006,-71.21652228231716,-200.0,-200.0,200.0,-200.0,-200.0,-200.0,200.0,0.05780103,-0.19188258,-0.5617931,1.6251371,-1.1208953,0.05946454,-0.13727428,0.16330056,-0.88017935,1.6782421,-0.89887184,0.14971733,-8.661811,-0.47027203,-1.6573029,-0.7789199,-18.404247,25.032387,10.687174,-2.1711907,0.3905707,-7.8915443,10.606367,-16.786806
376,-0.56993,0.61762375,-0.064688124,0.0074386755,0.025811426,-0.99963915,1.0,0.0,0.0,0.021778485,-0.16046101,0.20907629,0.003995061,-0.5092533,0.20307627,-0.055292796,0.1723435,-0.10786754,0.039920807,-0.0916962,0.08297853,0.039660998,0.29787382,-0.19233583,-0.16376995,-0.8001009,0.28083107,0.2928664,0.18765193,-0.28234038,0.100853264,-0.26703608,0.040941406,1.150116,-1.1574403,0.9510836,0.14171706,-0.5054401,-0.6825721,-1.3993798,-0.35056496,1.3604765,1.021888,-0.22054465,0.95345634,-40.975229472119736,200.0,-200.0,200.0,-200.0,200.0,200.0,200.0,-200.0,-200.0,68.30395458837256,-200.0,0.021778485,-0.16046101,-0.5909237,1.6039951,-1.3092533,0.20307627,-0.055292796,0.1723435,-0.90786755,1.6399208,-0.8916962,0.08297853,0.7932199,5.957476,-3.8467166,-3.275399,-16.002018,5.6166215,5.857328,3.7530386,-5.6468077,2.0170653,-5.3407216,0.8188281
377,0.09918072,-0.09549899,-0.106997535,0.018730873,0.036322363,-0.9991646,1.0,0.0,0.0,0.0858931,-0.12485356,0.19753903,-0.010833502,-0.5749658,0.15489824,-0.051845886,0.18535516,-0.13480139,0.07618165,-0.13679194,0.19845833,0.5477411,0.08103834,0.04680062,0.00504131,0.048766274,-0.6675865,-0.20830949,-0.033841547,-0.009560695,0.24695884,-0.17423458,1.0162088,-0.3040522,-0.4557759,0.5342084,-0.09316852,-0.11588845,0.12279105,0.19378644,-0.5545676,0.3751994,-0.6757001,0.08185125,-0.15858111,-200.0,-200.0,200.0,200.0,-3.682811049478204,200.0,200.0,-200.0,200.0,200.0,177.43331589311805,-200.0,0.0858931,-0.12485356,-0.602461,1.5891665,-1.3749658,0.15489824,-0.051845886,0.18535516,-0.9348014,1.6761817,-0.93679196,0.19845833,10.954823,1.6207668,0.9360124,0.100826204,0.97532547,-13.35173,-4.1661897,-0.6768309,-0.19121389,4.9391766,-3.4846916,20.324175
378,0.7098804,-0.6612897,-0.113876686,0.0022560833,0.019283617,-0.99981153,1.0,0.0,0.0,0.14215118,-0.13760526,0.23545498,-0.032831192,-0.4695992,0.11505795,-0.047351453,0.1433207,-0.10604131,0.08985257,-0.08827478,0.29903612,0.06180459,-0.1829624,0.29494068,-0.16793533,0.7472016,0.008619099,0.21435483,-0.35137394,0.27572194,-0.074764214,0.36413783,0.08346533,-0.6944767,0.89204746,-0.40566587,-1.3869171,-0.18235247,0.64296746,0.58378094,1.1933405,-0.8962339,-0.181561,-0.23212023,-0.59574306,200.0,-200.0,200.0,-200.0,-19.57866827180311,-200.0,-200.0,-200.0,200.0,32.58041180473015,-21.873117986452826,13.882936758633308,0.14215118,-0.13760526,-0.56454504,1.5671688,-1.2695992,0.11505795,-0.047351453,0.1433207,-0.9060413,1.6898526,-0.8882748,0.29903612,1.2360917,-3.659248,5.8988132,-3.3587065,14.944033,0.17238197,4.2870965,-7.0274787,5.5144386,-1.4952843,7.2827563,1.6693065
379,0.034995127,-0.13621013,0.015613234,-0.012094022,0.005875871,-0.9999096,1.0,0.0,0.0,0.11744595,-0.16155456,0.2615801,-0.05070603,-0.33663243,0.2067991,0.038221534,0.110567875,-0.075874686,0.08054459,-0.10081953,0.21307555,-0.25064522,-0.087864414,-0.03206133,0.037921477,0.85445946,0.60893434,0.58871,-0.0098410165,0.04825243,-0.00529398,-0.35325915,-0.8498969,-0.023960086,0.35834867,-0.49477515,0.3398707,0.3828159,0.410912,-0.12052506,0.4956062,-0.3085465,0.4524641,-0.71129143,0.35551614,200.0,200.0,-200.0,-200.0,-200.0,-200.0,-200.0,200.0,-200.0,-200.0,200.0,200.0,0.11744595,-0.16155456,-0.5384199,1.549294,-1.1366324,0.2067991,0.038221534,0.110567875,-0.8758747,1.6805446,-0.90081954,0.21307555,-5.012904,-1.7572882,-0.6412266,0.7584295,17.08919,12.178687,11.7741995,-0.19682033,0.9650486,-0.1058796,-7.0651827,-16.997938
380,-0.57937235,0.40099695,0.28806153,-0.005550276,0.01812877,-0.99982023,1.0,0.0,0.0,0.06661801,-0.15253189,0.21573788,-0.0065842867,-0.13481742,0.29623547,0.10482459,0.13994864,-0.10413134,0.11540866,-0.2532912,0.14576933,-0.22694914,0.16106465,-0.38169536,0.36660317,1.1135932,0.2540741,0.12553929,0.27183107,-0.29553565,0.31459287,-0.96684074,0.08389826,0.5472266,-0.29438052,0.43158802,-0.3306476,-0.7836358,-0.4823062,-1.0602149,-0.47243974,0.26073933,-0.5428324,-0.18561606,0.56874955,-200.0,200.0,-156.33320397706194,200.0,25.377349396953832,200.0,46.06947519650433,200.0,-200.0,200.0,-63.665369694705305,-33.061414905888114,0.06661801,-0.15253189,-0.58426213,1.5934157,-0.93481743,0.29623547,0.10482459,0.13994864,-0.90413135,1.7154087,-1.0532912,0.14576933,-4.538983,3.221293,-7.6339073,7.332063,22.271864,5.081482,2.5107858,5.436621,-5.910713,6.2918572,-19.336815,1.6779652
381,0.11917056,-0.13206,0.33904892,-0.0009757025,0.026002014,-0.9996614,1.0,0.0,0.0,0.07280938,-0.13789661,0.17911273,0.061682105,-0.09255648,0.23416762,0.07527014,0.16967659,-0.11447328,0.14044607,-0.34721547,0.24495159,0.23403032,-0.018571325,0.0120762745,0.20480011,-0.22776718,-0.72847843,-0.3759807,0.049386006,0.147844,-0.018633127,-0.037355766,0.677241,0.3216033,-0.81876814,0.8600278,-0.5595275,-1.0239961,-0.34949237,0.10508083,-1.1064212,1.2564236,-1.011757,0.6908171,-0.15343651,-200.0,-200.0,200.0,-200.0,200.0,-2.79907258981666,200.0,-200.0,200.0,-200.0,-200.0,-200.0,0.07280938,-0.13789661,-0.6208873,1.6616821,-0.8925565,0.23416762,0.07527014,0.16967659,-0.9144733,1.7404461,-1.1472155,0.24495159,4.6806064,-0.3714265,0.24152549,4.096002,-4.5553436,-14.569569,-7.519614,0.9877201,2.95688,-0.37266254,-0.7471153,13.544821
382,0.7736721,-0.73894197,-0.110280186,-0.019843167,0.007060968,-0.99977815,1.0,0.0,0.0,0.1560054,-0.1625231,0.22915733,0.068436265,-0.2383272,0.041155953,0.05020302,0.14589101,-0.063985646,0.12717628,-0.25862294,0.26427153,0.42925772,-0.22070105,0.4395778,-0.11292535,-1.0885948,-0.8706547,0.022791585,-0.23861754,0.35279557,-0.13037987,0.848339,-0.3470189,-0.1614483,1.2013628,-1.2326669,-1.0143627,-0.6510298,0.69061923,0.68045187,1.4311749,-0.7907795,0.5549001,0.21068351,-0.30017737,103.66627668301096,-200.0,200.0,-200.0,200.0,-200.0,-104.10105881303537,-200.0,200.0,-200.0,-200.0,107.253677914636,0.1560054,-0.1625231,-0.5708427,1.6684363,-1.0383272,0.041155953,0.05020302,0.14589101,-0.86398566,1.7271763,-1.058623,0.26427153,8.585155,-4.414021,8.791555,-2.258507,-21.771896,-17.413094,0.4558317,-4.772351,7.055911,-2.6075974,16.96678,-6.9403777
383,-0.03225185,-0.21450846,-0.06412026,-0.03765415,-0.0064171203,-0.9992702,1.0,0.0,0.0,0.1913596,-0.18220785,0.28894174,0.029922605,-0.38558608,-0.029972335,0.11059194,0.1300684,-0.039269328,0.1319933,-0.097628474,0.1083001,-0.032138526,-0.0077835866,0.17870794,-0.2537946,-0.5786335,0.06619678,0.53214943,0.05066334,-0.06190711,0.15246955,0.6766868,-0.8827264,-0.93792427,0.044627193,-0.6381138,-0.61859024,0.33798414,0.5463823,-0.24788982,-0.14289531,-0.2121245,-0.11444921,-0.1671105,0.58140725,200.0,200.0,-200.0,200.0,-62.24902782264701,59.57840219243212,-200.0,200.0,-200.0,-200.0,50.25060459206804,200.0,0.1913596,-0.18220785,-0.5110583,1.6299226,-1.1855861,-0.029972335,0.11059194,0.1300684,-0.83926934,1.7319933,-0.8976285,0.1083001,-0.6427705,-0.15567173,3.5741587,-5.075892,-11.57267,1.3239355,10.642988,1.0132668,-1.2381421,3.0493908,13.533736,-17.654528
384,-0.121855766,0.38728386,0.9306421,-0.03451186,-0.0031134123,-0.9993994,1.0,0.0,0.0,0.13835688,-0.1887008,0.3029495,-0.01516521,-0.37468797,0.08982869,0.16510051,0.13158214,-0.06960845,0.14652872,-0.06589061,0.040225487,-0.44008204,-0.054130584,-0.016884275,-0.17319816,0.59237266,0.9399854,0.0597331,-0.033244986,-0.22102311,0.0064984965,-0.2661132,0.10266908,0.9273731,-0.010467824,0.022270951,0.05573933,0.8698697,-0.105640024,-1.0161654,0.15429035,-0.18484035,-0.18061048,-0.8080393,0.81808025,-200.0,-200.0,-200.0,-200.0,-200.0,200.0,-200.0,200.0,-200.0,-200.0,200.0,17.84481675620725,0.13835688,-0.1887008,-0.49705052,1.5848348,-1.174688,0.08982869,0.16510051,0.13158214,-0.86960846,1.7465287,-0.8658906,0.040225487,-8.8016405,-1.0826117,-0.3376855,-3.4639633,11.847453,18.799707,1.194662,-0.6648997,-4.420462,0.12996992,-5.3222637,2.0533817
385,-0.38631636,0.6674346,0.7257766,-0.013653893,0.0075928257,-0.9998779,1.0,0.0,0.0,0.104452364,-0.17387904,0.2706884,-0.0054386854,-0.18258435,0.17421088,0.1294914,0.13759415,-0.107251406,0.13366175,-0.2187503,0.16038695,0.05917382,0.15670274,-0.34580663,0.4119408,0.6866836,0.06377102,-0.37863967,0.06434917,-0.20669435,0.19005118,-0.92022127,0.7980497,0.5208393,0.004311476,0.7967405,0.8816647,0.45791745,-0.4965302,0.6712727,-0.40428784,1.9209902,-0.1472047,0.19123818,0.02766215,-200.0,39.14082472239255,-170.45832178099917,-200.0,-200.0,200.0,200.0,200.0,-200.0,153.946166043053,200.0,-200.0,0.104452364,-0.17387904,-0.5293116,1.5945613,-0.98258436,0.17421088,0.1294914,0.13759415,-0.9072514,1.7336618,-1.0187503,0.16038695,1.1834763,3.1340547,-6.9161325,8.238816,13.733671,1.2754203,-7.5727935,1.2869833,-4.133887,3.8010235,-18.404425,15.960994
386,-0.14184596,0.033952843,0.09615126,0.0018154122,0.020408122,-0.9997901,1.0,0.0,0.0,0.18292286,-0.13172969,0.21553922,0.10032821,-0.0049887896,0.09595828,0.10806177,0.1406512,-0.11386931,0.15036917,-0.2920106,0.21571387,0.5604738,0.2081311,-0.21703695,0.6092607,0.81739295,-0.65460235,0.09653642,-0.03974648,0.09918531,0.007961095,0.073243156,-0.13695022,0.1891817,-0.8209968,0.06296776,-0.942276,-0.54659575,0.010781929,0.1654182,-0.26288483,1.6131828,-1.981298,1.1294532,-0.19335279,200.0,-200.0,200.0,-200.0,200.0,-200.0,-200.0,-197.60831743881647,200.0,200.0,-200.0,65.18186542476178,0.18292286,-0.13172969,-0.5844608,1.7003282,-0.8049888,0.09595828,0.10806177,0.1406512,-0.9138693,1.7503692,-1.0920106,0.21571387,11.2094755,4.162622,-4.340739,12.185213,16.347858,-13.092047,1.9307283,-0.79492956,1.9837062,0.1592219,1.4648631,-2.7390044
387,0.5090121,0.012899729,-0.037155632,0.0024927326,0.01221453,-0.9999223,1.0,0.0,0.0,0.2522112,-0.12523404,0.1775546,0.20204926,0.054382563,-0.0051833945,0.12731872,0.11073494,-0.075024545,0.12866914,-0.17373085,0.11839961,0.18704876,-0.11157572,-0.16774015,0.43368837,-0.12917596,-0.46012804,0.09533644,-0.24457692,0.27486694,-0.22159691,1.0174681,-0.70558614,-0.3931955,-0.38180512,-0.5546534,-0.754014,-1.2101264,0.037801176,-0.29428822,0.9947651,0.27813515,0.06408898,1.1757506,0.4575437,-39.481414459607834,-200.0,200.0,-200.0,200.0,-200.0,-109.6442070991876,-200.0,-200.0,-200.0,-200.0,-4.7743349311631516,0.2522112,-0.12523404,-0.6224454,1.8020493,-0.74561745,-0.0051833945,0.12731872,0.11073494,-0.87502456,1.7286692,-0.97373086,0.11839961,3.7409751,-2.2315145,-3.3548028,8.673767,-2.5835192,-9.20256,1.9067287,-4.891538,5.497339,-4.431938,20.349361,-14.111723
388,0.5731992,0.04014447,0.49860185,0.003672453,-0.007354333,-0.9999662,1.0,0.0,0.0,0.22326611,-0.1675667,0.13846052,0.27291346,-0.07522136,-0.01570422,0.09384759,0.0803837,-0.04391122,0.11036825,-0.010800779,0.06549073,-0.4190944,-0.27304325,-0.22115783,0.27885488,-1.0725101,0.08338339,-0.36885318,-0.08503307,0.0030285127,0.050274264,0.31995097,0.009998758,0.31890082,0.4009866,0.16937621,-0.82700056,-0.9703047,-0.59198487,0.43838418,1.3511537,0.2939228,0.48255634,1.0708057,0.6796693,-200.0,200.0,200.0,-137.13733486558954,200.0,200.0,-200.0,113.93699822121181,-200.0,-200.0,-200.0,-189.98443713828422,0.22326611,-0.1675667,-0.6615395,1.8729135,-0.8752214,-0.01570422,0.09384759,0.0803837,-0.84391123,1.7103683,-0.8108008,0.06549073,-8.381888,-5.460865,-4.4231567,5.5770974,-21.450203,1.6676677,-7.3770633,-1.7006613,0.060570255,1.0054853,6.3990192,0.19997516
389,-0.027114758,-0.59820706,-0.16237305,-0.009287645,-0.019523015,-0.9997663,1.0,0.0,0.0,0.20400666,-0.18030116,0.13308817,0.30034733,-0.36757272,-0.10553984,0.0772714,0.079841174,-0.03950882,0.15275896,0.09069449,0.14446554,0.1659054,0.10674546,0.12440773,0.024914308,-1.8318694,-0.8863182,0.15449467,0.071470074,0.037147667,0.33617714,0.6751673,0.7186741,0.36962658,-0.20138858,-0.017836254,-1.0631552,-0.78154355,-0.4598731,0.4279346,0.23389027,-0.33026844,0.09645892,-0.36548647,0.038682766,200.0,200.0,200.0,200.0,200.0,200.0,200.0,200.0,81.25794221585592,-200.0,-200.0,-200.0,0.20400666,-0.18030116,-0.66691184,1.9003474,-1.1675727,-0.10553984,0.0772714,0.079841174,-0.83950883,1.752759,-0.7093055,0.14446554,3.3181078,2.1349092,2.4881546,0.49828616,-36.637386,-17.726364,3.0898933,1.4294014,0.7429533,6.7235427,13.503346,14.373483
390,-0.19824746,0.06550025,-0.62931705,-0.018204715,-0.014621286,-0.99972737,1.0,0.0,0.0,0.2531172,-0.16305123,0.12965798,0.29059422,-0.699215,-0.2356421,0.15659665,0.10700799,-0.05700487,0.21045506,0.12148523,0.18183279,0.23799264,0.049384326,-0.14178374,-0.11039298,-1.236197,-0.4914547,0.579897,0.17919433,-0.19106683,0.23659639,-0.27125558,-0.22365025,-0.3677572,-0.8109181,-0.62001127,-1.1922206,0.28671914,0.6008725,-0.7183096,0.042707123,-0.80440074,-0.93073916,-0.6600758,0.008626901,200.0,200.0,-200.0,-200.0,-200.0,-139.01656950483863,0.8223290593574859,-129.22535904717398,-185.55859941515274,-200.0,200.0,45.95217869580739,0.2531172,-0.16305123,-0.670342,1.8905942,-1.499215,-0.2356421,0.15659665,0.10700799,-0.8570049,1.8104551,-0.6785148,0.18183279,4.759853,0.9876865,-2.8356748,-2.2078595,-24.72394,-9.829094,11.5979395,3.5838866,-3.8213365,4.731928,-5.4251113,-4.473005
391,0.25813872,0.86263007,0.039148495,0.0020771315,-0.01741296,-0.9998462,1.0,0.0,0.0,0.23022795,-0.19147155,0.07038945,0.25403845,-0.8391966,-0.22732307,0.21881756,0.11387078,-0.116631806,0.24163163,-0.03591895,0.12395584,-0.40935135,-0.273838,-0.42763755,-0.24544759,-0.26139843,0.47875372,0.09407224,-0.07465427,-0.38004962,0.08827992,-1.2011805,-0.2530954,-0.5447275,0.96372586,1.8269949,-0.4183573,0.68532795,0.2875005,-0.8637175,0.10335053,0.26704046,0.1164018,-0.33252215,0.28741482,-200.0,-90.08948292201796,-200.0,-200.0,-179.24763122274885,22.65426400572059,-200.0,-200.0,-200.0,-200.0,200.0,200.0,0.23022795,-0.19147155,-0.72961056,1.8540385,-1.6391966,-0.22732307,0.21881756,0.11387078,-0.9166318,1.8416317,-0.83591896,0.12395584,-8.187027,-5.47676,-8.552751,-4.9089518,-5.2279687,9.575074,1.8814447,-1.4930854,-7.600992,1.7655983,-24.02361,-5.061908
392,0.13962048,0.21983746,0.84627813,0.021767695,-0.025076805,-0.99944854,1.0,0.0,0.0,0.0949569,-0.2209644,0.02098614,0.1695826,-0.78724915,-0.06983619,0.17550102,0.11085157,-0.15182686,0.22741544,-0.17416918,0.15577702,-0.9008693,-0.04816932,-0.101690434,-0.564857,0.6866933,0.7717576,-0.4714592,0.032591946,-0.018529696,-0.17633408,-0.36755115,0.28070003,0.7927234,0.75074077,1.3938009,0.59383625,-0.06732951,-0.47006312,0.25852644,0.5414146,0.76921135,0.35911864,0.28217727,0.26102132,-200.0,-36.40151847565776,200.0,-69.05329977393083,68.49311446368802,-13.649020430140865,-200.0,200.0,200.0,-200.0,200.0,-57.05100852615226,0.0949569,-0.2209644,-0.7790139,1.7695826,-1.5872492,-0.06983619,0.17550102,0.11085157,-0.9518269,1.8274155,-0.9741692,0.15577702,-18.017385,-0.96338636,-2.0338087,-11.29714,13.733866,15.435152,-9.429184,0.6518389,-0.3705939,-3.5266817,-7.3510227,5.6140003
393,-0.47669885,-0.5299905,0.121784404,0.013342135,-0.017792357,-0.9997527,1.0,0.0,0.0,-0.014300869,-0.19647501,0.034457088,0.07079589,-0.57299334,-0.02323747,0.13239925,0.14759438,-0.13655251,0.20939755,-0.14353102,0.19289137,-0.2546684,0.24558632,0.21141838,-0.43846527,1.0980002,-0.20851524,-0.0071919905,0.3054808,0.15016955,-0.021044258,0.57898355,0.1466824,0.7035438,-0.45885965,-0.5467153,-0.05688131,-1.4966787,0.33821756,0.45469552,-0.887801,-0.48791143,0.9390151,-0.07807944,-0.5078104,200.0,200.0,200.0,200.0,200.0,-11.051654459700558,200.0,200.0,200.0,200.0,-83.69376443962415,-200.0,-0.014300869,-0.19647501,-0.7655429,1.6707959,-1.3729934,-0.02323747,0.13239925,0.14759438,-0.9365525,1.8093976,-0.94353104,0.19289137,-5.093368,4.9117265,4.2283673,-8.769305,21.960003,-4.170305,-0.1438398,6.1096163,3.003391,-0.42088515,11.579671,2.9336479
394,0.00015705559,0.0763778,-0.4980141,0.0058639264,-0.009356286,-0.999939,1.0,0.0,0.0,-0.009205674,-0.17552261,0.044894755,0.014334083,-0.4561295,0.041714042,0.19442217,0.17909582,-0.14833206,0.23479974,-0.105719864,0.11830252,0.27633685,-0.010423973,-0.07116654,-0.0813676,0.2230982,0.69518477,0.51498413,0.042201973,-0.22741054,0.24599245,0.06465482,-0.7990972,0.33469138,-0.6171758,-0.2977112,-1.2604874,-1.2620196,0.5587832,-0.19522859,-0.6428984,-0.8195945,-0.25156173,-1.4800509,-0.43991038,42.96461342096535,-200.0,-200.0,200.0,-11.58662451999249,-200.0,200.0,-200.0,-200.0,66.45943600362614,-200.0,4.469126591925601,-0.009205674,-0.17552261,-0.75510526,1.6143341,-1.2561295,0.041714042,0.19442217,0.17909582,-0.9483321,1.8347998,-0.9057199,0.11830252,5.5267367,-0.20847946,-1.4233308,-1.6273519,4.461964,13.903695,10.299683,0.84403944,-4.5482106,4.919849,1.2930963,-15.981943
395,0.5236837,0.82501596,-0.23724058,0.025936116,-0.020733077,-0.9994486,1.0,0.0,0.0,0.07752139,-0.20780854,0.01467514,-0.00056016445,-0.5057979,0.22794567,0.25445113,0.15959911,-0.20706183,0.26761234,-0.19629902,-0.07969417,0.46846604,-0.2873588,-0.23002692,0.05913452,-0.5600541,0.70919317,0.12395439,-0.22291051,-0.34235775,0.093553565,-0.876948,-0.8034935,-0.6593188,1.6562,1.3681786,-0.6080455,-0.48226553,-0.29472253,-0.72548014,1.0187602,0.6457613,0.11401715,-0.20006414,0.7997756,-200.0,-200.0,-200.0,-200.0,-200.0,100.62426675882648,67.75268875008385,-200.0,-200.0,-200.0,-200.0,-41.27770556417795,0.07752139,-0.20780854,-0.7853249,1.5994399,-1.3057979,0.22794567,0.25445113,0.15959911,-1.0070618,1.8676124,-0.996299,-0.07969417,9.369321,-5.7471757,-4.6005383,1.1826904,-11.201082,14.183864,2.4790878,-4.45821,-6.847155,1.8710713,-17.53896,-16.06987
396,0.122763306,0.15719594,0.4631861,0.04419274,-0.03295096,-0.9984795,1.0,0.0,0.0,0.11149918,-0.23822917,0.0036326647,-0.009919167,-0.5417879,0.2531287,0.21241325,0.14793703,-0.23402303,0.25610113,-0.3089319,-0.13743871,-0.07544657,-0.027701387,0.07130398,-0.11151093,0.11162622,-0.344458,-0.48413482,0.08032235,0.029693594,-0.16925009,-0.17037891,0.13281955,-0.33072728,1.3896081,1.4606372,-0.3966239,0.5065482,-0.75247765,0.41134578,0.25161466,0.4856544,0.27212504,0.27698374,0.42677155,-200.0,200.0,200.0,-143.2933208591267,200.0,200.0,-200.0,200.0,200.0,-200.0,24.60112962247419,-200.0,0.11149918,-0.23822917,-0.79636735,1.5900809,-1.3417879,0.2531287,0.21241325,0.14793703,-1.034023,1.8561012,-1.1089319,-0.13743871,-1.5089314,-0.55402774,1.4260795,-2.2302186,2.2325244,-6.88916,-9.682696,1.6064469,0.5938719,-3.3850017,-3.4075782,2.656391
397,-0.3147319,-0.63434833,0.45114902,0.032326933,-0.028244125,-0.9990782,1.0,0.0,0.0,0.045794457,-0.21031956,0.027125418,-0.016517878,-0.41889673,0.10413642,0.15897173,0.17782891,-0.20486063,0.2246077,-0.23816568,-0.019191654,-0.527999,0.22952662,0.1469395,0.015064979,0.9945715,-1.0824522,-0.08186939,0.1743657,0.2263227,-0.12338872,0.7816475,0.8986142,0.0814297,-0.06441522,-0.50466335,-0.4196362,-0.71558625,1.2003728,1.004614,-0.8751333,-0.6136658,1.4179208,-0.57666475,-0.52513945,200.0,-16.16543134669311,200.0,200.0,200.0,60.69529683080077,-200.0,200.0,200.0,-200.0,200.0,-200.0,0.045794457,-0.21031956,-0.7728746,1.5834821,-1.2188967,0.10413642,0.15897173,0.17782891,-1.0048606,1.8246077,-1.0381657,-0.019191654,-10.559979,4.5905323,2.93879,0.30129957,19.89143,-21.649044,-1.6373879,3.487314,4.526454,-2.4677744,15.63295,17.972284
398,-0.3193784,0.021307716,-0.24522133,0.021374302,-0.015523455,-0.999651,1.0,0.0,0.0,-0.004876392,-0.17171551,0.043873727,-0.023481846,-0.32145733,-0.0023271379,0.21418951,0.19434263,-0.20459789,0.22645938,-0.18764055,0.05744452,-0.019566325,0.1673353,0.02629309,-0.05796727,0.082454525,-0.075567804,0.5680976,0.0043457127,-0.18591043,0.12053424,-0.18052371,-0.038948756,1.1540815,-1.2359906,-0.23943554,-1.5457016,-1.1661611,0.75883484,-0.4257915,-0.5379273,-0.5461496,-0.6276408,-1.2298266,-0.8697521,200.0,-200.0,-200.0,200.0,-200.0,-200.0,200.0,48.90923589927931,-200.0,-200.0,-200.0,200.0,-0.004876392,-0.17171551,-0.7561263,1.5765182,-1.1214573,-0.0023271379,0.21418951,0.19434263,-1.0045979,1.8264594,-0.98764056,0.05744452,-0.3913265,3.346706,0.5258618,-1.1593454,1.6490905,-1.511356,11.361952,0.08691425,-3.7182086,2.4106848,-3.610474,-0.7789751
399,0.18530777,0.8187993,-0.111307286,0.03964992,-0.013872364,-0.9991173,1.0,0.0,0.0,0.040930066,-0.168646,0.034270167,-0.043820262,-0.40476233,0.09732996,0.28725177,0.16947448,-0.2545194,0.23400342,-0.3244633,-0.05431214,0.43194124,-0.11173387,-0.10893165,-0.14188124,-0.8269491,0.9690957,0.20084845,-0.2325484,-0.30068246,-0.035601985,-0.97137594,-0.88139546,-0.35956144,0.56444675,1.1648474,-0.0105970055,-0.3452571,0.19570497,-0.96244603,1.0137948,0.62830806,0.43707448,-0.3954746,0.4066172,-200.0,-200.0,-200.0,-200.0,115.28208953035414,57.54509463843988,200.0,-200.0,-200.0,-200.0,-200.0,200.0,0.040930066,-0.168646,-0.76572984,1.5561798,-1.2047623,0.09732996,0.28725177,0.16947448,-1.0545194,1.8340034,-1.1244633,-0.05431214,8.638824,-2.2346773,-2.178633,-2.8376248,-16.538982,19.381914,4.0169687,-4.650968,-6.013649,-0.71203965,-19.427519,-17.627909
400,-0.19020396,0.021792488,0.53494877,0.05475935,-0.013464286,-0.9984088,1.0,0.0,0.0,0.06977146,-0.16715644,0.03127247,-0.057648182,-0.46468276,0.1822541,0.25820836,0.16006996,-0.2890932,0.24302363,-0.41446048,-0.12691727,-0.09068725,0.107431255,0.06467786,-0.010253458,0.13996154,0.050930597,-0.42653498,0.11024828,-0.07021764,0.114604525,-0.043075815,0.061883368,-0.34763023,0.5283132,1.2878574,0.26868725,0.24428342,-0.79326403,0.05731459,0.3770452,0.80854607,0.30925214,0.30093935,0.83539987,-200.0,200.0,200.0,200.0,150.70092121572287,200.0,-200.0,200.0,200.0,108.53566243452573,199.98383073927073,-48.9104976122633,0.06977146,-0.16715644,-0.76872754,1.5423518,-1.2646828,0.1822541,0.25820836,0.16006996,-1.0890932,1.8430237,-1.2144605,-0.12691727,-1.813745,2.1486251,1.2935572,-0.20506915,2.7992308,1.0186119,-8.5307,2.2049656,-1.4043528,2.2920904,-0.8615163,1.2376673
401,-0.5966214,-0.69813603,0.67644393,0.03922351,0.0017386078,-0.99922895,1.0,0.0,0.0,-0.0020666013,-0.119319044,0.060427487,-0.045525074,-0.33148402,0.081258684,0.1693461,0.20554252,-0.27634043,0.26490748,-0.31812721,-0.009161488,-0.57143825,0.3364198,0.21806037,0.11017474,1.0938069,-0.9607571,-0.34582558,0.28686753,0.1677671,0.087979324,0.91120064,1.0241647,0.45450988,-1.1128219,-0.87853366,-1.0412651,-0.98267186,0.5208295,1.2352421,-1.1648837,-0.46422252,-0.22160453,-0.5987843,-0.7252962,128.5659590184443,76.06524240431366,200.0,-1.3636745982057334,200.0,200.0,-188.52208276408408,200.0,200.0,200.0,194.20506278979144,-200.0,-0.0020666013,-0.119319044,-0.7395725,1.554475,-1.131484,0.081258684,0.1693461,0.20554252,-1.0763404,1.8649075,-1.1181272,-0.009161488,-11.428765,6.728396,4.3612075,2.2034948,21.876137,-19.215141,-6.9165115,5.7373505,3.355342,1.7595865,18.224012,20.483294
402,-0.16672345,0.0575571,0.058599424,0.028301455,0.01586707,-0.9994735,1.0,0.0,0.0,-0.058091708,-0.07893355,0.087923884,-0.040842652,-0.21732384,-0.0003002985,0.17041408,0.22560622,-0.27044147,0.2643993,-0.24028939,0.092489295,-0.03916805,0.102625966,0.06040866,-0.0399909,0.1431251,0.045444056,0.29392037,-0.05122277,-0.08790716,-0.07289158,-0.038400497,0.086908884,1.1179876,-0.89472586,0.040338937,-1.1598312,-0.6519475,0.7451122,-0.081521586,-0.2094683,-0.58034325,-0.68139607,-1.2756276,-0.98649067,200.0,-200.0,-200.0,-200.0,-200.0,-200.0,200.0,-200.0,-200.0,-200.0,-200.0,200.0,-0.058091708,-0.07893355,-0.7120761,1.5591574,-1.0173239,-0.0003002985,0.17041408,0.22560622,-1.0704415,1.8643993,-1.0402894,0.092489295,-0.78336096,2.0525193,1.2081732,-0.7998179,2.8625019,0.9088811,5.8784075,-1.0244554,-1.7581432,-1.4578315,-0.76800996,1.7381777
403,0.37082407,0.68759775,0.28344306,0.04487471,0.0103424955,-0.9989391,1.0,0.0,0.0,-0.014476315,-0.08560709,0.08910918,-0.066869736,-0.29166704,0.12004384,0.19161789,0.19219108,-0.2968399,0.23279536,-0.35190004,0.003888989,0.43152428,-0.14806144,-0.024206718,-0.21304081,-0.7218892,1.056649,-0.049016636,-0.25662872,-0.16140348,-0.23387054,-0.98321754,-0.8764643,-0.21388125,0.41045126,1.0628793,0.34350914,-0.040828362,0.4389699,-0.619355,0.92061013,0.64589727,1.2355607,-0.7766441,0.30517024,-200.0,-200.0,-200.0,-200.0,-200.0,-200.0,200.0,-200.0,-78.74171629771598,-200.0,-52.36889664203704,200.0,-0.014476315,-0.08560709,-0.7108908,1.5331303,-1.091667,0.12004384,0.19161789,0.19219108,-1.0968399,1.8327954,-1.1519,0.003888989,8.630486,-2.9612288,-0.48413435,-4.260816,-14.437783,21.132978,-0.9803327,-5.1325746,-3.2280695,-4.6774106,-19.66435,-17.529285
404,-0.028854461,-0.112858556,0.91655576,0.054642804,0.0028839766,-0.9985018,1.0,0.0,0.0,0.007982368,-0.09496501,0.10300648,-0.0632689,-0.30920082,0.25539297,0.11080852,0.18074487,-0.2987755,0.2024709,-0.5556142,-0.06760593,-0.13773029,0.04251958,0.14778134,0.14807151,0.38956216,0.415657,-0.6943223,0.10636228,0.1095887,-0.07907012,-1.1267287,0.06851523,-0.49410105,0.88862616,0.7926044,-0.06230396,0.42768192,-0.4873655,0.56145346,0.4144806,0.8601328,0.53726846,0.4110997,0.79931027,-200.0,200.0,200.0,200.0,-200.0,200.0,-200.0,200.0,200.0,200.0,200.0,-69.30352096875714,0.007982368,-0.09496501,-0.6969935,1.5367311,-1.1092008,0.25539297,0.11080852,0.18074487,-1.0987755,1.8024709,-1.3556142,-0.06760593,-2.7546058,0.8503916,2.9556267,2.9614303,7.791243,8.31314,-13.886446,2.1272457,2.191774,-1.5814024,-22.534573,1.3703047
405,-0.6682156,-0.792957,0.77836454,0.035162844,0.017239457,-0.9992329,1.0,0.0,0.0,-0.070111044,-0.057804976,0.16689533,-0.058640003,-0.13079041,0.2278466,0.007903171,0.2220151,-0.26148254,0.20422935,-0.67561466,0.052397367,-0.59922665,0.27379453,0.45558,-0.049610056,1.1716846,-0.5928834,-0.35846543,0.25755408,0.24809967,0.08102516,-0.1686214,1.036963,0.47964254,-1.0661948,-1.1190088,-0.8547903,-0.8633911,0.329687,1.43614,-1.0841105,0.005839374,-0.19733417,0.14946564,-0.41049218,200.0,-130.05392706799478,200.0,200.0,200.0,200.0,-200.0,200.0,200.0,29.749670030345232,-17.45227269265206,-200.0,-0.070111044,-0.057804976,-0.6331047,1.54136,-0.9307904,0.2278466,0.007903171,0.2220151,-1.0614825,1.8042294,-1.4756147,0.052397367,-11.984532,5.4758906,9.1116,-0.9922011,23.433693,-11.857668,-7.1693087,5.1510816,4.961993,1.6205032,-3.3724282,20.73926
406,-0.13240458,-0.6542507,-0.086952455,0.006062984,0.031837605,-0.99947464,1.0,0.0,0.0,-0.12859303,-0.032665167,0.24919546,-0.076140404,-0.038912773,0.20807654,-0.0071629244,0.23860058,-0.19857764,0.18698192,-0.6053733,0.1558339,-0.03980994,0.021089286,0.32616776,-0.07371418,-0.25407895,0.21866687,0.17007826,-0.054334033,0.3326388,-0.2143317,0.7793526,0.09291204,1.3207017,-0.93210286,-0.7021113,0.16097991,0.2838856,0.963881,-0.28611523,-0.24050778,-1.142484,-1.0096486,-0.7402821,-1.0277317,200.0,-200.0,91.73669170782216,-200.0,200.0,-200.0,200.0,-200.0,-200.0,-200.0,-200.0,72.00755535859139,-0.12859303,-0.032665167,-0.55080456,1.5238596,-0.8389128,0.20807654,-0.0071629244,0.23860058,-0.99857765,1.7869819,-1.4053733,0.1558339,-0.7961987,0.4217857,6.523355,-1.4742836,-5.0815787,4.3733373,3.4015653,-1.0866807,6.652776,-4.286634,15.587052,1.8582407
407,0.62538487,-0.017372876,-0.04348591,-0.0062294793,0.02026138,-0.9997753,1.0,0.0,0.0,-0.09101595,-0.057772186,0.26477098,-0.043041825,-0.0116150975,0.33538514,-0.010630277,0.20416084,-0.14360613,0.12699616,-0.554408,0.06870292,0.37621027,-0.2348676,-0.12137226,0.34473732,0.40581164,0.9006526,-0.17537823,-0.2676787,0.22773723,-0.3745334,-0.1741386,-0.8687689,-0.22621386,0.39617777,0.0032491572,0.1527857,-0.09643793,0.26784337,-0.15149687,0.88934,-0.15629871,0.2900613,-0.15988296,0.3528892,-200.0,-200.0,-200.0,-200.0,-200.0,-200.0,200.0,-200.0,-200.0,112.67674171717164,200.0,200.0,-0.09101595,-0.057772186,-0.535229,1.5569582,-0.8116151,0.33538514,-0.010630277,0.20416084,-0.94360614,1.7269962,-1.354408,0.06870292,7.524205,-4.697352,-2.4274452,6.8947463,8.116233,18.013052,-3.5075645,-5.3535743,4.5547447,-7.4906683,-3.482772,-17.375378
408,0.009693698,0.41893202,0.22238584,0.0035066586,0.008284357,-0.9999595,1.0,0.0,0.0,-0.070790745,-0.083171315,0.21867055,0.036282897,-0.014274538,0.4094632,-0.060494065,0.17956662,-0.1318211,0.0794363,-0.4851336,-0.0001929015,-0.11818848,-0.030193044,-0.29734454,0.37995657,-0.16890894,-0.078884386,-0.22935331,-0.00992423,-0.06290583,-0.1320193,0.6665684,0.08650934,-0.24262756,0.25141692,0.19887288,-0.5927202,-1.5293494,-1.1675864,0.77010274,0.81907946,0.44291827,0.40036467,0.04996282,0.9409636,44.03616093791027,200.0,-6.488404532431602,200.0,21.16531473692794,200.0,-200.0,200.0,-154.488476040024,-141.51674838027262,-0.815876907427139,-200.0,-0.070790745,-0.083171315,-0.58132946,1.6362829,-0.81427455,0.4094632,-0.060494065,0.17956662,-0.9318211,1.6794363,-1.2851336,-0.0001929015,-2.3637695,-0.60386086,-5.946891,7.5991316,-3.3781786,-1.5776877,-4.587066,-0.1984846,-1.2581166,-2.6403859,13.3313675,1.7301867
409,-0.751219,-0.06588088,-0.043173708,0.008150393,0.024761721,-0.99966013,1.0,0.0,0.0,-0.11650264,-0.05858434,0.19836777,0.078516126,-0.15479505,0.28462455,-0.06347097,0.20041028,-0.13175035,0.06893194,-0.31145233,0.12331725,-0.24125145,0.25429657,0.026522327,0.0914149,-1.137116,-1.068536,0.16869365,0.19736798,0.04026176,0.008070867,0.785583,1.0516405,0.73673177,-1.3216585,0.4592916,-0.34643024,-1.3748857,-0.2910798,0.040811792,-0.6676194,1.0051907,-0.17088962,-0.085048415,-0.019004263,200.0,200.0,200.0,200.0,-64.409556045062,200.0,-15.833267326548565,200.0,-2.085720003520697,-200.0,-200.0,-200.0,-0.11650264,-0.05858434,-0.60163224,1.6785161,-0.95479506,0.28462455,-0.06347097,0.20041028,-0.93175036,1.668932,-1.1114523,0.12331725,-4.825029,5.0859313,0.5304465,1.828298,-22.74232,-21.37072,3.373873,3.9473596,0.8052352,0.16141732,15.71166,21.03281
410,-0.19770011,-0.6729026,-0.37514612,-0.008690536,0.0428469,-0.9990438,1.0,0.0,0.0,-0.11328679,-0.030273164,0.24633479,0.061412334,-0.4834358,0.08835435,-0.02793443,0.21610607,-0.079564154,0.035567045,-0.22532791,0.22898683,0.22462225,0.049194276,0.39002168,-0.22686625,-1.8936379,-0.82185584,0.15115993,-0.013337627,0.43778497,-0.3056391,0.30595192,0.09944195,0.7564223,-0.8504571,-1.0013808,-0.0139243305,-0.91342634,0.83646965,-0.86840516,-0.24877381,-0.80757916,-0.6826672,-0.03570617,-0.92025405,-200.0,-200.0,200.0,-146.3810157023873,-27.079512806828177,-200.0,200.0,-200.0,75.86023742477721,-200.0,67.02446716913892,65.61938016437068,-0.11328679,-0.030273164,-0.5536652,1.6614124,-1.2834358,0.08835435,-0.02793443,0.21610607,-0.87956417,1.6355671,-1.0253279,0.22898683,4.492445,0.9838855,7.8004336,-4.537325,-37.872757,-16.437117,3.0231986,-0.26675254,8.755699,-6.1127815,6.119038,1.988839
411,0.5886676,-0.10034781,-0.49332952,-0.024909146,0.032480527,-0.9991619,1.0,0.0,0.0,-0.02023149,-0.045704935,0.29352677,0.028058052,-0.8195136,0.034362525,-0.059164397,0.20858394,-0.031258643,0.017158628,-0.14064628,0.14321911,0.6546828,-0.17303912,0.09581407,-0.09234073,-1.2946628,0.18075798,-0.350764,-0.12253618,0.17431164,-0.10922716,0.28410834,-0.86312944,-0.73654246,0.1795156,-0.01733822,-0.16371815,0.06290378,0.7109045,-0.09691831,0.39317653,-0.43777147,0.675298,0.5233357,0.36031666,-200.0,-200.0,-200.0,-200.0,-110.15288031064443,-200.0,200.0,-200.0,-200.0,19.872826586751813,200.0,200.0,-0.02023149,-0.045704935,-0.50647324,1.6280581,-1.6195136,0.034362525,-0.059164397,0.20858394,-0.83125865,1.6171587,-0.9406463,0.14321911,13.093656,-3.4607825,1.9162813,-1.8468145,-25.893257,3.6151597,-7.0152802,-2.4507236,3.4862328,-2.1845431,5.6821666,-17.262589
412,-0.13787715,0.514194,-0.2338126,-0.015667547,0.0245256,-0.99957645,1.0,0.0,0.0,0.061998058,-0.059184477,0.29192555,-0.0035024881,-0.9716725,0.17324658,-0.09929736,0.21074605,-0.045250714,0.026268363,0.017523646,0.07651757,0.2104429,0.015184077,-0.1072517,-0.20153426,-0.32467148,1.0709147,-0.03494733,0.12158357,-0.2667517,0.17264609,1.0645516,0.101535045,-1.378113,1.0323371,0.5567364,-1.4064474,0.400254,-0.52837217,1.0537771,0.78474593,0.21229815,0.5411946,-0.35183045,0.95102674,58.18148848577637,200.0,-200.0,200.0,-19.368262152124544,200.0,-200.0,200.0,-200.0,-132.82014461170058,200.0,87.10246151591514,0.061998058,-0.059184477,-0.50807446,1.5964975,-1.7716725,0.17324658,-0.09929736,0.21074605,-0.8452507,1.6262684,-0.78247637,0.07651757,4.208858,0.30368155,-2.1450338,-4.030685,-6.493429,21.418295,-0.69894654,2.4316714,-5.335034,3.4529216,21.29103,2.030701
413,-0.9103131,-0.2888892,-0.13507503,-0.010918281,0.04664721,-0.9988518,1.0,0.0,0.0,0.057628036,-0.028770069,0.30790216,-0.07240069,-0.9393081,0.2740818,-0.0643343,0.25799587,-0.08129221,0.07534468,0.120895684,0.20364839,-0.2205187,0.2553559,0.10696732,-0.009461134,0.30516315,-0.100740746,0.33411372,0.3291555,-0.084635705,0.29508895,0.06805837,1.0730363,0.26032245,-1.1752933,1.1429752,0.61416954,0.1785758,-0.039703533,-0.010718986,-1.9323481,0.5943454,-0.45283884,-0.8390661,0.1362099,200.0,200.0,200.0,200.0,-200.0,200.0,-200.0,200.0,200.0,-200.0,200.0,-200.0,0.057628036,-0.028770069,-0.49209785,1.5275993,-1.7393081,0.2740818,-0.0643343,0.25799587,-0.8812922,1.6753447,-0.6791043,0.20364839,-4.4103737,5.1071177,2.1393464,-0.18922266,6.103263,-2.0148149,6.6822743,6.58311,-1.6927141,5.9017787,1.3611674,21.460726
414,-0.17624046,-0.8864258,-0.44771966,-0.03643056,0.066714,-0.99710685,1.0,0.0,0.0,0.06333153,0.0006333511,0.3475103,-0.056907654,-0.7718596,0.18493964,-0.02400387,0.29864877,-0.05109793,0.104080796,0.027846754,0.32483068,0.22688237,0.058756508,0.26666585,0.14402758,1.2719171,-0.48342973,0.051530015,0.09959212,0.3587688,0.024502818,-0.9015395,0.17638557,0.9744024,-0.93819815,-1.4852139,-0.5145327,-0.73467785,-0.023221523,-0.8061504,-0.41690338,-1.2806954,-1.4083967,-0.12880458,-0.93995273,-40.564652514295275,-200.0,200.0,-200.0,-200.0,-200.0,200.0,-200.0,200.0,200.0,200.0,33.26737050634188,0.06333153,0.0006333511,-0.4524897,1.5430924,-1.5718596,0.18493964,-0.02400387,0.29864877,-0.85109794,1.7040808,-0.77215326,0.32483068,4.5376472,1.1751301,5.333317,2.8805513,25.438341,-9.668594,1.0306003,1.9918424,7.175376,0.49005634,-18.03079,3.5277114
415,0.43593472,-0.1859893,-0.40272802,-0.057572734,0.059398696,-0.99657273,1.0,0.0,0.0,0.15159683,-0.005041564,0.3821517,-0.042210817,-0.6234557,0.113135226,-0.05420619,0.2944343,0.008293092,0.091388345,-0.054337084,0.25382587,0.61336434,-0.0988417,0.10254635,0.019969178,0.30964258,-0.29034913,-0.3179405,-0.12313719,0.2445704,-0.13135092,-0.16668399,-0.7900442,-0.8063536,0.47248253,-0.65596056,-1.3030826,-0.41753298,0.94674313,0.20404468,0.02850204,-0.8866445,-0.89125293,0.76621866,0.00073384494,-200.0,-200.0,-200.0,-200.0,26.304649880788617,-200.0,200.0,-200.0,-200.0,-200.0,-200.0,18.744164811927078,0.15159683,-0.005041564,-0.41784832,1.5577892,-1.4234557,0.113135226,-0.05420619,0.2944343,-0.7917069,1.6913884,-0.8543371,0.25382587,12.267286,-1.9768339,2.050927,0.39938354,6.1928515,-5.8069825,-6.35881,-2.4627438,4.891408,-2.6270185,-3.3336797,-15.800883
416,0.31498095,0.37958434,-0.17837958,-0.05310048,0.043947797,-0.99762166,1.0,0.0,0.0,0.23263222,-0.026106453,0.38804615,-0.05493927,-0.55357033,0.15941536,-0.049646724,0.26326135,0.01870811,0.04447055,0.021113455,0.162118,0.23436184,-0.116201915,-0.032530796,-0.1330851,0.29990947,0.65814227,0.29787192,-0.17711022,-0.09454156,-0.31891772,0.82291645,-0.3429088,-1.2162242,0.4863681,0.6100331,-0.40441668,0.8160149,0.6275089,0.3638233,0.43944243,0.6037722,1.2453046,0.73730326,1.2980471,200.0,-200.0,-200.0,-200.0,200.0,22.001872092689098,-200.0,200.0,-200.0,-200.0,-28.737904528872264,200.0,0.23263222,-0.026106453,-0.41195387,1.5450608,-1.3535703,0.15941536,-0.049646724,0.26326135,-0.7812919,1.6444706,-0.77888656,0.162118,4.687237,-2.3240383,-0.65061593,-2.661702,5.9981894,13.162846,5.9574385,-3.5422044,-1.8908311,-6.3783545,16.458328,-6.8581758
417,-0.26311165,-0.52444065,0.10122318,-0.05507478,0.042363785,-0.9975831,1.0,0.0,0.0,0.24647918,-0.031346843,0.40713125,-0.084117174,-0.40010017,0.35601807,0.045049652,0.26739973,-0.006658554,0.08973229,0.10679543,0.16959314,-0.04348791,0.045149677,0.16637641,-0.06411873,1.1305994,1.0940757,0.62433374,0.10003734,-0.1040067,0.3366792,0.61202043,0.3830423,0.21775725,0.19909108,0.03617883,0.44960463,-0.21694075,0.07411041,-0.5810581,0.37552544,0.4526739,1.6682441,-0.13499297,0.47397614,200.0,200.0,200.0,200.0,200.0,200.0,-200.0,200.0,200.0,-200.0,200.0,200.0,0.24647918,-0.031346843,-0.39286876,1.5158828,-1.2001002,0.35601807,0.045049652,0.26739973,-0.80665857,1.6897323,-0.6932046,0.16959314,-0.8697582,0.9029935,3.3275282,-1.2823745,22.611986,21.881514,12.486674,2.0007467,-2.080134,6.7335835,12.240408,7.660846
418,-0.5115338,-0.57960063,0.20148586,-0.07906713,0.059990138,-0.9950626,1.0,0.0,0.0,0.2414079,-0.0037383006,0.42063397,-0.060290217,-0.27828246,0.4643904,0.10274828,0.30440328,-0.009948432,0.1735667,0.12009746,0.2669103,-0.017213527,0.2107882,-0.015250518,0.270627,0.20450965,0.08947644,0.010798302,0.24799626,0.06275304,0.48405573,-0.380093,0.44396248,0.5715154,-1.3666407,-1.5314021,-0.7028067,-0.24295984,-0.32426244,-0.7358076,-0.9912944,-1.3818597,-2.0671103,-0.69961286,-0.48059443,-200.0,161.06350235852273,200.0,200.0,-200.0,-32.56480712188579,-30.034701307028566,200.0,-200.0,200.0,-140.64049471517356,-200.0,0.2414079,-0.0037383006,-0.37936604,1.5397098,-1.0782825,0.4643904,0.10274828,0.30440328,-0.80994844,1.7735667,-0.67990255,0.2669103,-0.34427053,4.215764,-0.30501035,5.41254,4.090193,1.7895287,0.21596603,4.959925,1.2550607,9.681114,-7.60186,8.87925
419,-0.0009808092,0.19389443,0.2321785,-0.08454845,0.06984319,-0.99396855,1.0,0.0,0.0,0.27503416,0.02058326,0.3961335,-0.016402006,-0.2635525,0.3796329,0.06439994,0.32858297,-0.0060715675,0.25602555,-0.05852616,0.24888264,0.32129586,0.04555539,-0.21230714,0.17814325,0.04852381,-0.84363234,-0.3543511,0.011833897,-0.019617572,0.3567941,-1.27576,-0.52676576,-0.14699966,-0.5716953,0.40242186,-0.8868255,-0.64715797,-0.12930077,0.21901323,-0.25227246,-0.3063789,-1.5690752,0.34781733,-0.20146084,-200.0,-200.0,-200.0,-200.0,-106.04205784596684,-200.0,200.0,-200.0,-200.0,-200.0,-7.569670563037704,-200.0,0.27503416,0.02058326,-0.4038665,1.583598,-1.0635525,0.3796329,0.06439994,0.32858297,-0.8060716,1.8560256,-0.8585262,0.24888264,6.425917,0.9111078,-4.246143,3.562865,0.9704762,-16.872646,-7.087022,0.23667793,-0.39235145,7.1358814,-25.515202,-10.5353155
420,0.5237606,0.37098062,0.45526716,-0.07277108,0.059432324,-0.9955763,1.0,0.0,0.0,0.27325216,-0.011482858,0.37772882,-0.013482451,-0.34950954,0.20659989,0.054256845,0.30301425,-0.0360142,0.30895996,-0.20463735,0.10431681,-0.2743095,-0.32672927,-0.022482133,-0.11152021,-0.6338367,-0.7344999,0.19913505,-0.24904211,-0.2640166,0.18919265,-0.28455892,-0.6567578,-0.84133315,0.53189915,0.59300786,-0.7828922,0.88458824,1.0078589,0.8156222,0.20658818,0.21652117,-1.2189012,0.7477121,0.5914056,192.10889945545864,-200.0,-200.0,-200.0,200.0,46.319079446683645,-200.0,-200.0,80.26388980676512,-200.0,24.63165207992631,65.01090046759305,0.27325216,-0.011482858,-0.4222712,1.5865176,-1.1495095,0.20659989,0.054256845,0.30301425,-0.8360142,1.90896,-1.0046374,0.10431681,-5.48619,-6.5345855,-0.44964266,-2.2304041,-12.676733,-14.689998,3.982701,-4.980842,-5.280332,3.783853,-5.6911783,-13.135155
421,0.16510248,-0.34772244,0.5400425,-0.07333005,0.047957197,-0.996154,1.0,0.0,0.0,0.17889984,-0.06168209,0.41237107,-0.08015251,-0.37094527,0.16417919,0.13513602,0.26532683,-0.054344535,0.3142836,-0.15564203,0.082254484,-0.63179797,-0.20130017,0.31649157,-0.50740623,0.32505292,0.2150481,0.5761602,-0.13511406,0.04207512,-0.10450405,0.67852426,0.33763263,0.63770944,1.0612292,0.5724761,0.32575458,2.15802,0.66607535,-0.17806979,0.9103107,-0.15275022,0.06825348,-0.34600186,1.1048458,200.0,24.92985917915091,200.0,-200.0,200.0,200.0,-200.0,200.0,81.99969790744865,-200.0,200.0,200.0,0.17889984,-0.06168209,-0.38762894,1.5198475,-1.1709453,0.16417919,0.13513602,0.26532683,-0.85434455,1.9142836,-0.95564204,0.082254484,-12.635959,-4.0260034,6.3298316,-10.148125,6.501058,4.300962,11.523204,-2.702281,0.84150237,-2.090081,13.570485,6.7526526
422,-0.39264655,-0.35515365,0.9466378,-0.085363664,0.055501807,-0.9948028,1.0,0.0,0.0,0.11837214,-0.065323204,0.44775626,-0.10673547,-0.22370762,0.2687637,0.21095167,0.2662111,-0.04561889,0.2840681,-0.12354702,0.24594879,-0.0492062,0.12679726,0.039583497,0.2737339,0.4800024,0.57701075,0.21818855,0.12115639,0.04449984,-0.1933664,-0.26445246,1.0873091,1.0229316,-0.9172674,-1.2745923,1.5725384,0.7435998,0.061322898,-1.0337554,-1.0961008,-0.9353572,-0.45129263,-0.68957514,-0.38938525,-200.0,200.0,-200.0,-200.0,-200.0,200.0,200.0,200.0,120.37715982968624,200.0,200.0,42.488162453502355,0.11837214,-0.065323204,-0.35224375,1.4932646,-1.0237076,0.2687637,0.21095167,0.2662111,-0.8456189,1.8840681,-0.923547,0.24594879,-0.984124,2.5359452,0.7916699,5.474678,9.600048,11.540215,4.363771,2.4231277,0.88999677,-3.8673277,-5.289049,21.746181
423,0.23168087,0.46515918,0.8484484,-0.079504244,0.060522392,-0.99499553,1.0,0.0,0.0,0.14340435,-0.05857936,0.4088314,-0.009109139,-0.046112776,0.2811697,0.2145577,0.25821003,-0.050368726,0.23497033,-0.26120037,0.35666803,0.26665473,-0.052834608,-0.3772882,0.64759994,1.0358353,-0.27039653,-0.14688386,-0.16931103,-0.07886856,-0.2908074,-0.82345897,0.11779108,0.18340743,-0.537632,-0.36233658,-1.1396474,-0.63696754,-0.43280146,-0.23867214,0.40855834,1.1124319,-0.4479947,0.34315008,-0.2959129,-200.0,-200.0,-200.0,-200.0,200.0,-200.0,200.0,-200.0,-200.0,200.0,-200.0,17.662970087137467,0.14340435,-0.05857936,-0.39116862,1.5908909,-0.8461128,0.2811697,0.2145577,0.25821003,-0.85036874,1.8349704,-1.0612004,0.35666803,5.3330946,-1.0566921,-7.545764,12.951999,20.716705,-5.4079304,-2.9376771,-3.3862207,-1.5773711,-5.816148,-16.46918,2.3558216
424,0.26813987,0.49023923,0.75986767,-0.058535922,0.05286039,-0.9968848,1.0,0.0,0.0,0.15825029,-0.08853678,0.3353464,0.10180068,0.057320297,0.12274048,0.1188507,0.23869233,-0.031732798,0.14478695,-0.31988186,0.26979372,0.014880011,-0.21010552,-0.36582115,0.4826768,0.09295569,-1.1367251,-0.6618794,-0.037975002,0.22068258,-0.5865662,0.13922016,-0.8834915,0.10787428,0.3445429,-0.18888514,-0.578942,-1.3741945,-0.07033128,0.12989253,1.1510566,1.1431963,0.7022893,0.97625315,0.47995412,200.0,200.0,200.0,-200.0,200.0,-200.0,39.32985004733841,-200.0,-200.0,-200.0,-200.0,-36.30447153086334,0.15825029,-0.08853678,-0.4646536,1.7018007,-0.7426797,0.12274048,0.1188507,0.23869233,-0.8317328,1.744787,-1.1198819,0.26979372,0.2976002,-4.2021103,-7.316423,9.653536,1.8591138,-22.7345,-13.237588,-0.7595,4.4136515,-11.731324,2.7844033,-17.66983
425,-0.3999731,0.26323083,0.25300696,-0.042803753,0.057854272,-0.997407,1.0,0.0,0.0,0.15372147,-0.1071552,0.2645803,0.1807028,-0.027702093,-0.0009300788,0.033115007,0.25924182,-0.010334551,0.08163214,-0.19221699,0.17653975,-0.036524937,0.010412008,-0.34664175,0.32586664,-0.84924936,-0.2195199,-0.23296657,0.21272807,-0.003051572,-0.04923802,1.0419048,-0.14570494,-0.26973975,-0.49103394,0.25082046,-0.2544657,-1.2975198,0.27208382,1.2336737,-1.3810519,0.79930836,-0.30314305,1.2761849,0.49529034,200.0,200.0,200.0,200.0,200.0,200.0,-59.33979855605637,200.0,-200.0,-200.0,-200.0,135.53605600389625,0.15372147,-0.1071552,-0.5354197,1.7807028,-0.8277021,-0.0009300788,0.033115007,0.25924182,-0.81033456,1.6816322,-0.992217,0.17653975,-0.73049873,0.20824015,-6.932835,6.5173326,-16.984987,-4.390398,-4.6593313,4.2545614,-0.06103144,-0.98476034,20.838095,-2.9140987
426,0.24818085,-0.2557081,0.17135194,-0.04236033,0.06147333,-0.9972094,1.0,0.0,0.0,0.095928594,-0.14331529,0.22856772,0.21305478,-0.28087455,0.05282862,0.03059292,0.26818147,-0.004243195,0.07328141,0.02952671,0.22152174,-0.43311715,-0.32443064,-0.057366956,0.021672225,-1.429819,0.50837547,0.15852162,-0.09656501,-0.0591588,0.1964067,0.5134161,0.29776478,0.13632175,0.019085098,0.3814321,-0.8957416,-0.020383969,0.42165244,-0.12423533,-0.21110722,-0.54748267,-0.5326198,-0.5712602,-0.067076184,200.0,-200.0,200.0,-200.0,200.0,75.71233152779678,136.55465394554153,-118.2970988751739,200.0,-200.0,200.0,-200.0,0.095928594,-0.14331529,-0.5714323,1.8130548,-1.0808746,0.05282862,0.03059292,0.26818147,-0.8042432,1.6732814,-0.7704733,0.22152174,-8.662343,-6.4886127,-1.1473391,0.43344447,-28.596378,10.167509,3.1704323,-1.9313002,-1.1831759,3.928134,10.268322,5.9552956
427,0.26041338,-0.2392943,0.64134127,-0.052767493,0.05116324,-0.9972953,1.0,0.0,0.0,0.061391298,-0.18844473,0.24563807,0.18336809,-0.46152753,0.18517303,0.019376665,0.24389352,-0.008044481,0.09869456,0.028437316,0.17991981,0.04416743,-0.1404086,0.19455038,-0.2787691,-0.47285566,0.5248466,-0.19899803,-0.1458079,-0.00061746815,0.068693206,-0.4300929,-0.5030226,0.646397,1.4415839,-0.5240111,-0.4137172,0.29478866,-0.12641916,-0.32800305,0.5372941,-0.24418908,-0.6741116,-0.36849445,0.31597427,-112.29881750950761,-200.0,-200.0,-200.0,-200.0,-18.29005170976035,148.33043978323522,200.0,102.65386723195655,-200.0,200.0,-58.800208723665094,0.061391298,-0.18844473,-0.55436194,1.7833681,-1.2615275,0.18517303,0.019376665,0.24389352,-0.8080445,1.6986946,-0.7715627,0.17991981,0.8833486,-2.808172,3.8910074,-5.5753818,-9.457113,10.496932,-3.9799607,-2.9161582,-0.0123493625,1.373864,-8.601858,-10.0604515
428,-0.34213123,0.41065595,0.69541377,-0.04669351,0.055405416,-0.9973715,1.0,0.0,0.0,0.11752745,-0.177154,0.2683463,0.113527775,-0.44784313,0.18375812,-0.057300743,0.24286985,-0.021039665,0.09730089,-0.09887648,0.1775924,0.48235974,0.20923398,0.04291801,-0.40715495,0.5120027,-0.44225216,-0.4916284,0.118412815,-0.12329173,-0.072211616,-0.58319,0.2718503,-0.52994907,-0.51618105,-0.65911466,0.5937167,-0.0955513,-0.38641068,1.0110042,-0.6755033,0.33879483,0.05364976,0.68952227,0.85120195,-74.96701583790713,200.0,-200.0,-200.0,44.92327488249725,27.359672039619113,200.0,200.0,-200.0,-200.0,200.0,-200.0,0.11752745,-0.177154,-0.5316537,1.7135278,-1.2478431,0.18375812,-0.057300743,0.24286985,-0.8210397,1.6973009,-0.8988765,0.1775924,9.647195,4.1846795,0.85836023,-8.143099,10.240054,-8.845043,-9.832568,2.3682563,-2.4658346,-1.4442323,-11.6638,5.4370055
429,0.22127876,0.44095153,0.24579613,-0.028613104,0.057321325,-0.99794567,1.0,0.0,0.0,0.15186594,-0.1763508,0.24461085,0.06437421,-0.32609206,0.01681925,-0.10696819,0.23842107,-0.045271635,0.072865844,-0.11055225,0.34245348,-0.08198181,-0.15702137,-0.2453883,-0.115198724,0.6341936,-0.8782441,-0.04888765,-0.14117749,-0.12244659,-0.16722767,0.37099096,1.2716384,-0.37420362,-0.07570726,1.1758438,0.75921947,-0.90764815,0.56582713,0.47494584,-0.26418772,1.1059765,0.23224431,0.13405852,-0.047066994,200.0,-200.0,200.0,-51.113318044665235,200.0,200.0,-200.0,-200.0,-200.0,200.0,200.0,69.31697289377576,0.15186594,-0.1763508,-0.55538917,1.6643742,-1.1260921,0.01681925,-0.10696819,0.23842107,-0.84527165,1.6728659,-0.91055226,0.34245348,-1.6396362,-3.1404274,-4.907766,-2.3039744,12.683871,-17.564882,-0.97775304,-2.8235497,-2.4489317,-3.3445532,7.4198194,25.432768
430,0.1948799,-0.30977428,0.28310886,-0.02697479,0.049277257,-0.99842083,1.0,0.0,0.0,0.09999608,-0.2021461,0.2163673,0.05333531,-0.30767065,-0.055129323,-0.07327159,0.19888599,-0.05542934,0.05584383,-0.03281164,0.492254,-0.40478012,-0.105736054,-0.06111672,-0.002022258,-0.35175914,0.064946614,0.35075244,-0.24427462,0.0114333285,-0.014542905,0.3590145,0.32093787,0.26962686,1.3221401,0.060522545,-0.14461613,-1.2040273,0.4476685,0.2572115,0.7171675,-0.13132696,-0.81179315,0.03399711,-1.0224632,200.0,-200.0,200.0,200.0,-25.8812029703264,-200.0,-200.0,200.0,200.0,200.0,-200.0,200.0,0.09999608,-0.2021461,-0.5836327,1.6533353,-1.1076707,-0.055129323,-0.07327159,0.19888599,-0.85542935,1.6558439,-0.83281165,0.492254,-8.095602,-2.114721,-1.2223344,-0.04044516,-7.0351825,1.2989322,7.0150485,-4.8854923,0.22866657,-0.2908581,7.18029,6.4187574
431,-0.44045988,0.19351861,-0.14327216,-0.027292259,0.055704545,-0.99807423,1.0,0.0,0.0,0.07659488,-0.19113535,0.19399637,0.03645003,-0.4825191,0.057787154,0.032011323,0.1792654,-0.06515229,0.03535056,-0.0052525997,0.44922495,0.11206514,0.18472473,-0.12583365,-0.16437168,-1.3029615,0.820512,0.528835,0.02487763,-0.06885524,-0.17984428,0.0903076,-0.6580469,0.68077266,-0.83543366,-0.5076671,0.1899545,-0.4459504,-0.09364639,-1.0308397,0.03795245,-0.6723231,-0.56813216,-0.8300733,-0.2151444,-71.9750109082521,200.0,-67.61003005403855,-200.0,-12.505004535359419,-200.0,200.0,200.0,-145.70090608696339,-200.0,-200.0,-15.569020529458271,0.07659488,-0.19113535,-0.60600364,1.63645,-1.2825191,0.057787154,0.032011323,0.1792654,-0.8651523,1.6353506,-0.8052526,0.44922495,2.2413027,3.6944947,-2.5166728,-3.2874336,-26.059229,16.41024,10.576699,0.4975526,-1.3771048,-3.5968854,1.806152,-13.160938
432,0.2441145,0.86440086,-0.31065458,-0.005255411,0.05801713,-0.99830174,1.0,0.0,0.0,0.14104746,-0.18371873,0.13191384,0.037785888,-0.6342649,0.11747368,0.085120656,0.16876824,-0.094043314,0.009399772,-0.07358736,0.2417714,0.49922916,-0.096288115,-0.45602584,0.1464257,-0.31250975,-0.12932009,0.028696856,-0.09526753,-0.20935372,-0.037483476,-0.65333575,-1.0150303,-0.109741874,-0.26610062,1.5736489,1.1352986,-0.20674641,-0.1851269,-0.7442224,-0.62948817,0.67819834,-0.17972732,-0.15756266,0.46673715,-200.0,-184.92338272169945,-200.0,-200.0,-200.0,121.10727458501833,200.0,-200.0,-200.0,193.86103698373972,200.0,-200.0,0.14104746,-0.18371873,-0.6680862,1.6377859,-1.4342649,0.11747368,0.085120656,0.16876824,-0.8940433,1.6093998,-0.87358737,0.2417714,9.984583,-1.9257623,-9.120517,2.9285138,-6.2501945,-2.5864017,0.5739371,-1.9053504,-4.187074,-0.7496695,-13.066714,-20.300604
433,0.78121746,0.22181077,0.3622243,0.0157166,0.03577543,-0.9992363,1.0,0.0,0.0,0.18516073,-0.22289236,0.060190737,0.07801604,-0.59477204,0.016951568,0.017567469,0.14126237,-0.09661567,-0.0064759254,-0.11654508,0.14666647,0.00025830627,-0.2490162,-0.27408344,0.24544989,0.5516383,-0.5314884,-0.6334608,-0.16413587,0.12691571,-0.08057899,-0.05959787,-0.053587403,-0.7577372,1.8985441,1.1797718,-0.49620718,0.25468218,-0.5226594,0.23214193,1.0841016,0.35395303,-0.11247755,0.17100957,0.8573354,-200.0,-200.0,200.0,-200.0,-37.89896453988284,200.0,-200.0,150.52236802886205,200.0,200.0,200.0,200.0,0.18516073,-0.22289236,-0.7398093,1.6780161,-1.394772,0.016951568,0.017567469,0.14126237,-0.8966157,1.5935241,-0.9165451,0.14666647,0.0051661255,-4.980324,-5.4816685,4.9089975,11.032765,-10.629768,-12.669216,-3.2827175,2.538314,-1.6115798,-1.1919574,-1.071748
434,0.2085473,-0.48098913,0.4376515,0.009312448,0.016710637,-0.999817,1.0,0.0,0.0,0.14096756,-0.23973218,0.036418736,0.08852661,-0.39241987,-0.15604326,-0.057872668,0.1166898,-0.06052369,-0.023151755,-0.05229628,0.22035174,-0.39583606,0.046811484,0.008555963,-0.10319989,1.2745097,-0.8257554,-0.1609402,-0.09238396,0.2296758,-0.06833503,0.44984266,0.7072105,0.33663177,0.432171,0.43050933,-0.78464454,-1.2499672,0.071088985,1.0563911,0.034095384,-0.9167353,0.04914958,0.015653094,-0.41877252,200.0,200.0,200.0,-111.89241161133711,24.954628102149798,200.0,-200.0,200.0,200.0,-200.0,133.6829482039327,108.69340038984103,0.14096756,-0.23973218,-0.7635813,1.6885266,-1.1924199,-0.15604326,-0.057872668,0.1166898,-0.8605237,1.5768483,-0.8522963,0.22035174,-7.916721,0.93622965,0.17111924,-2.0639977,25.490192,-16.515108,-3.218804,-1.8476791,4.593516,-1.3667005,8.996853,14.144209
435,-0.12850158,-0.52428436,0.081764296,-0.010953399,0.015776224,-0.9998155,1.0,0.0,0.0,0.13125236,-0.2163067,0.073484,0.036012173,-0.24536365,-0.21457957,-0.023808131,0.10054498,-0.0337227,-0.010658383,-0.010401309,0.25658014,0.23583627,0.17677006,0.3260309,-0.3966425,0.2948529,0.14384568,0.43737584,-0.06113676,0.07157134,0.13115327,0.067876846,-0.2485921,0.37453485,-0.7774449,-0.38021415,-0.62016225,-2.148775,0.31034288,-0.03198816,0.39535347,-0.44305128,0.25969532,-0.9770775,-0.39152768,200.0,-69.2311071556962,-200.0,3.031255975681546,-22.975887237513206,-200.0,200.0,200.0,200.0,-200.0,-200.0,200.0,0.13125236,-0.2163067,-0.726516,1.6360122,-1.0453637,-0.21457957,-0.023808131,0.10054498,-0.8337227,1.5893416,-0.8104013,0.25658014,4.7167253,3.535401,6.520618,-7.93285,5.897058,2.8769135,8.747517,-1.2227352,1.4314269,2.6230652,1.3575369,-4.971842
436,-0.21841905,0.15649551,0.13417622,-0.017048482,0.022901502,-0.99959236,1.0,0.0,0.0,0.20162445,-0.19145995,0.122078955,-0.05686605,-0.29095143,-0.08692854,0.008954149,0.10730754,-0.053793013,0.04806125,-0.102553606,0.101694174,0.35186365,0.08172488,0.16231716,-0.5285764,-0.6561357,0.848975,-0.018503835,0.09922635,-0.23682447,0.3940026,-0.89219636,-1.0464531,-0.4148354,-0.4273043,-0.5792169,-5.5894256e-05,-0.62252367,-0.24964282,-0.45286041,0.43545207,-0.39433196,-0.16461638,-0.556806,0.36166352,-85.47764425022184,200.0,-200.0,57.21943896267504,-200.0,29.75429204886882,-1.264534245262496,-200.0,-200.0,-200.0,-200.0,-37.927341938005725,0.20162445,-0.19145995,-0.67792106,1.543134,-1.0909514,-0.08692854,0.008954149,0.10730754,-0.853793,1.6480613,-0.9025536,0.101694174,7.037273,1.6344976,3.2463431,-10.5715275,-13.122713,16.9795,-0.37007672,1.9845269,-4.7364893,7.8800516,-17.843927,-20.929062
437,-0.13461278,0.76441365,0.8147682,0.004179605,0.029962616,-0.9995423,1.0,0.0,0.0,0.20488837,-0.18724172,0.10509658,-0.10690236,-0.40329677,-0.007849401,-0.051965848,0.1372586,-0.119520724,0.110441804,-0.2720104,-0.0038393817,-0.23986089,-0.01899645,-0.28383976,0.06506928,-0.45651156,0.08075138,-0.5091964,0.1988965,-0.37932938,0.23525976,-0.7610152,-0.102192454,-0.695252,-0.14711247,1.0859265,0.67158157,-0.6056409,-0.6542165,0.5478142,-0.23745668,0.6022926,-0.57446516,0.23648323,1.266206,-200.0,200.0,-200.0,-200.0,200.0,200.0,-200.0,-200.0,-200.0,180.54990201396225,2.5872633146399835,-200.0,0.20488837,-0.18724172,-0.69490343,1.4930977,-1.2032968,-0.007849401,-0.051965848,0.1372586,-0.91952074,1.7104418,-1.0720104,-0.0038393817,-4.797218,-0.37992898,-5.676795,1.3013855,-9.130231,1.6150277,-10.183928,3.9779298,-7.5865874,4.705195,-15.220304,-2.043849
438,0.1522032,0.104237646,0.8954866,0.021250624,0.02847156,-0.99936867,1.0,0.0,0.0,0.10626659,-0.18668525,0.06105417,-0.07991159,-0.47446865,-0.10115848,-0.10068823,0.15054826,-0.16278589,0.12494457,-0.31903154,0.08711508,-0.69909185,0.018833289,-0.16880803,0.19175954,-0.29021385,-0.91327065,-0.030101338,-0.05492725,-0.08893628,-0.05745242,0.1944006,0.91033345,0.5422282,0.64383703,0.8696954,-0.5075433,-0.7096329,0.08271712,1.1955904,-0.6983879,1.0578816,-0.02215179,-0.02919949,0.14251247,200.0,-200.0,200.0,-200.0,200.0,200.0,-200.0,63.63483328173274,200.0,200.0,28.969998087373654,-200.0,0.10626659,-0.18668525,-0.73894584,1.5200884,-1.2744687,-0.10115848,-0.10068823,0.15054826,-0.9627859,1.7249446,-1.1190315,0.08711508,-13.981837,0.37666577,-3.3761606,3.8351908,-5.804277,-18.265413,-0.60202676,-1.098545,-1.7787255,-1.1490484,3.8880117,18.206669
439,0.036097758,-0.49894604,0.27842632,0.012848424,0.024272583,-0.9996228,1.0,0.0,0.0,0.035726864,-0.17676209,0.0762586,-0.07972324,-0.5534181,-0.1774879,-0.046388343,0.12617747,-0.14738262,0.08840358,-0.22951454,0.16679126,-0.06970198,0.073455535,0.27435294,-0.15158348,-0.34559783,0.052847262,0.5233618,-0.16898409,0.20439647,-0.24408999,0.433744,0.013777676,1.0046372,-0.70573366,-0.30001923,-1.0586821,-0.48728776,0.8844123,-0.5240269,0.918406,-0.7512712,0.2765809,-0.86138344,-0.47992304,200.0,-200.0,200.0,5.779968893922415,-33.37145890604671,-113.59327308003708,200.0,200.0,200.0,-200.0,34.047194401706406,200.0,0.035726864,-0.17676209,-0.7237414,1.5202768,-1.3534181,-0.1774879,-0.046388343,0.12617747,-0.9473826,1.6884036,-1.0295146,0.16679126,-1.3940395,1.4691106,5.4870586,-3.0316696,-6.911957,1.0569452,10.467236,-3.3796816,4.0879292,-4.8817997,8.67488,0.27555352
440,-0.039039332,0.11692085,0.2221137,0.0060145124,0.024289006,-0.9996869,1.0,0.0,0.0,0.078509204,-0.17343187,0.11604351,-0.10261786,-0.54341155,-0.0484056,0.003005517,0.116538085,-0.13629031,0.071101665,-0.24770206,0.060817856,0.43277255,-0.020889143,0.14186786,-0.13948224,0.120229796,1.1084999,0.019332467,0.04341347,-0.07250259,0.042271446,-0.52059174,-0.9639819,-0.15212144,-0.26364565,-0.5315328,0.019072637,-1.3042377,0.09185839,-0.46147728,0.22083172,-0.012557689,0.6688211,-0.92553264,0.24678648,-200.0,200.0,-200.0,200.0,-200.0,-200.0,200.0,-200.0,-200.0,-200.0,-4.56262124625529,200.0,0.078509204,-0.17343187,-0.6839565,1.4973822,-1.3434116,-0.0484056,0.003005517,0.116538085,-0.9362903,1.6711017,-1.0477021,0.060817856,8.655451,-0.41778284,2.837357,-2.7896447,2.4045959,22.169996,0.38664934,0.86826944,-1.4500518,0.8454289,-10.411835,-19.279638
441,0.096179314,0.06637483,0.53431475,0.010421631,0.022955997,-0.9996821,1.0,0.0,0.0,0.09662822,-0.18398342,0.116937876,-0.09381676,-0.62368494,0.13982797,-0.05996795,0.13486268,-0.1425134,0.09542596,-0.42937452,-0.027937956,-0.19647221,-0.072659135,-0.099491276,0.17142019,-0.8280944,0.51877177,-0.58157647,0.12142748,0.0031336278,0.18452226,-1.0661379,-0.014766066,-0.85172504,0.6989903,0.76143974,-0.5316766,-0.99796224,-1.2101423,0.7146047,-0.05419027,0.68834484,-0.045205206,0.0904699,1.041684,-200.0,60.63602253256424,200.0,200.0,57.775823818655454,200.0,-200.0,-93.36845696140911,-200.0,81.05223578349108,-200.0,-200.0,0.09662822,-0.18398342,-0.68306214,1.5061833,-1.423685,0.13982797,-0.05996795,0.13486268,-0.9425134,1.695426,-1.2293745,-0.027937956,-3.929444,-1.4531827,-1.9898255,3.4284036,-16.561888,10.375435,-11.631529,2.4285495,0.062672555,3.690445,-21.322758,-0.29532132
442,0.058046903,-0.5436183,0.60654587,0.00018120866,0.01961322,-0.9998076,1.0,0.0,0.0,0.00485736,-0.18633029,0.1305511,-0.100399375,-0.7550648,0.13364466,-0.12143019,0.13698095,-0.10919565,0.09808874,-0.53795606,0.08030681,-0.67431355,0.032561805,0.20649302,-0.20088,-0.5374491,-0.48020607,-0.08367704,-0.07689585,0.29816544,-0.12714784,-0.1158299,0.9958207,0.32568517,-0.45121396,-0.3805249,-0.5215817,0.03869839,-0.42697987,1.6268133,-0.44391707,-0.79547024,-0.25969097,-0.14895953,0.14662066,200.0,-200.0,200.0,-195.87105747060377,200.0,200.0,-200.0,200.0,200.0,-200.0,53.64322834615052,-200.0,0.00485736,-0.18633029,-0.6694489,1.4996006,-1.5550648,0.13364466,-0.12143019,0.13698095,-0.90919566,1.6980888,-1.3379561,0.08030681,-13.486271,0.65123606,4.1298604,-4.0176,-10.748982,-9.604121,-1.6735407,-1.5379169,5.963309,-2.5429568,-2.316598,19.916414
443,0.56629914,0.030091995,0.015799217,-0.008741868,0.0063212393,-0.9999418,1.0,0.0,0.0,-0.072534196,-0.19831496,0.14707994,-0.10070157,-0.7470563,0.0011212574,-0.06870317,0.09435425,-0.072252154,0.051982284,-0.46328968,0.2060019,-0.16958003,-0.12423866,-0.033601534,0.1353937,0.47900772,-0.7878804,0.5469248,-0.32336465,0.10393476,-0.3082328,0.65133923,0.2865375,0.9293746,0.07511434,-0.24083363,-0.4581629,-0.50756705,1.0038323,-0.4147979,1.1690358,-0.65768623,0.74717724,-0.8786663,-0.22876337,200.0,-200.0,-200.0,-200.0,9.305916243589763,-200.0,200.0,-200.0,-200.0,-200.0,200.0,-126.49956076497813,-0.072534196,-0.19831496,-0.65292007,1.4992985,-1.5470563,0.0011212574,-0.06870317,0.09435425,-0.87225217,1.6519823,-1.2632897,0.2060019,-3.3916004,-2.4847732,-0.6720307,2.7078738,9.580154,-15.757608,10.938497,-6.467293,2.078695,-6.164656,13.026785,5.7307496
444,-0.082955845,0.68554795,-0.05594511,0.0070699123,-0.0021664295,-0.99997264,1.0,0.0,0.0,-0.05636904,-0.19660927,0.1283961,-0.084352136,-0.664715,-0.04698392,-0.011961057,0.06818567,-0.08344585,0.024591923,-0.43725306,0.15220766,0.2887154,0.113175176,-0.14431399,0.048282187,0.34165618,0.2059172,0.064355664,0.025058463,-0.19723329,0.004414338,-0.2967969,-0.70962644,-0.1819264,0.16978914,0.9855566,-0.6052631,-0.7574643,-0.13524744,-0.63612694,0.7058932,1.0101138,0.16747713,-0.44573864,-0.07239751,-200.0,200.0,-200.0,200.0,-200.0,-164.84956298053203,200.0,200.0,-200.0,-200.0,-26.41857045858535,200.0,-0.05636904,-0.19660927,-0.6716039,1.5156479,-1.464715,-0.04698392,-0.011961057,0.06818567,-0.88344586,1.624592,-1.2372531,0.15220766,5.7743077,2.2635036,-2.8862798,0.96564376,6.8331237,4.118344,1.2871132,0.50116926,-3.9446657,0.08828676,-5.9359374,-14.192529
445,-0.7273439,0.014268813,0.7274194,0.019665988,0.015055683,-0.9996932,1.0,0.0,0.0,-0.043689374,-0.15346912,0.13772881,-0.08345258,-0.6747994,-0.06642735,-0.06814775,0.10767809,-0.100189686,0.040913224,-0.446217,0.068545595,-0.123044826,0.28965995,0.1827123,-0.04223467,-0.20120764,-0.16145258,-0.5665216,0.34161484,0.026534421,0.1323831,-0.002201149,-0.31628808,-0.6523069,-0.9174962,1.0493335,0.3035903,-0.42365885,-0.15579927,0.4882567,-0.850517,0.6010259,-0.06027574,0.04247906,0.52991235,-200.0,200.0,200.0,133.28619486260163,3.8289498714405568,36.0629067913917,-200.0,200.0,200.0,-200.0,25.968845783944886,19.89160038940406,-0.043689374,-0.15346912,-0.6622712,1.5165474,-1.4747994,-0.06642735,-0.06814775,0.10767809,-0.9001897,1.6409132,-1.246217,0.068545595,-2.4608965,5.793199,3.654246,-0.8446934,-4.0241528,-3.2290516,-11.330431,6.832297,0.5306884,2.6476617,-0.04402298,-6.325762
446,-0.13587171,-0.64425135,0.7693655,0.006814072,0.030342307,-0.99951637,1.0,0.0,0.0,-0.12093204,-0.124455325,0.18659669,-0.07787979,-0.6241867,-0.09683281,-0.12980582,0.13519439,-0.060415387,0.03501022,-0.3461153,0.11628156,-0.6041538,0.015076183,0.3033334,0.08337596,0.42639542,-0.12795514,-0.09858932,-0.023224154,0.32378277,-0.1396355,0.8013415,0.69285226,0.8260254,-0.98245025,-0.9579417,-0.5734955,-0.5092487,0.15422687,1.4396056,-0.82298416,-0.37325868,-1.1249456,-0.33163464,-0.29988274,200.0,-200.0,200.0,-74.38038269713499,12.191467681829295,200.0,-200.0,-200.0,200.0,200.0,-17.05033612653483,10.33579753383195,-0.12093204,-0.124455325,-0.6134033,1.5221202,-1.4241867,-0.09683281,-0.12980582,0.13519439,-0.8604154,1.6350102,-1.1461153,0.11628156,-12.0830765,0.30152366,6.066668,1.6675192,8.527908,-2.5591028,-1.9717864,-0.46448308,6.475655,-2.79271,16.026829,13.857045
447,0.46930513,-0.039538447,0.11203948,-0.0050491365,0.02263368,-0.99973106,1.0,0.0,0.0,-0.1875513,-0.14783555,0.22851175,-0.07623565,-0.5810109,-0.036788963,-0.07984914,0.10310784,-0.016048312,-0.013903141,-0.28803033,0.15161847,-0.11855799,-0.20854202,0.12617904,-0.04938444,0.15951401,0.41733065,0.5339884,-0.27215445,0.14831124,-0.32931897,-0.052555323,-0.2457761,1.1405371,0.5709707,-0.5331438,-0.83977234,-0.6116086,0.25477493,-0.39271718,1.0754954,-0.41996703,0.41819212,0.2574057,-0.5496611,200.0,-200.0,-200.0,-200.0,-67.52392259169991,-200.0,200.0,-200.0,-200.0,-200.0,-16.94955676356713,-31.242650929620993,-0.1875513,-0.14783555,-0.57148826,1.5237644,-1.3810109,-0.036788963,-0.07984914,0.10310784,-0.8160483,1.5860969,-1.0880303,0.15161847,-2.3711598,-4.1708403,2.5235808,-0.9876888,3.1902802,8.346613,10.679769,-5.443089,2.966225,-6.586379,-1.0511065,-4.915522
448,-0.08516714,0.60283804,-0.045543317,0.006646112,0.015394337,-0.9998594,1.0,0.0,0.0,-0.15458043,-0.15878952,0.24545705,-0.100960255,-0.5836783,0.06207138,-0.047966752,0.101454996,-0.03444141,0.003993869,-0.18148816,-0.002791956,0.38591173,0.08309087,0.04291529,-0.18066965,-0.05817427,0.42074838,-0.058027394,0.13430737,-0.24903639,0.22831874,0.88239115,-1.1293135,-0.25630447,0.037956033,0.7294405,0.16360758,-0.30700976,-0.6265328,-1.0135387,0.16746232,1.1889094,0.8687662,0.38269496,0.7810923,-200.0,200.0,-200.0,200.0,61.745506044928334,-25.762305838994052,200.0,200.0,-200.0,-200.0,1.584530196483854,-36.32961915688895,-0.15458043,-0.15878952,-0.55454296,1.4990398,-1.3836783,0.06207138,-0.047966752,0.101454996,-0.8344414,1.6039939,-0.98148817,-0.002791956,7.7182345,1.6618174,0.85830575,-3.613393,-1.1634854,8.414968,-1.1605479,2.6861475,-4.9807277,4.566375,17.647823,-22.58627
449,-0.31755862,-0.08045328,0.65267396,0.01632869,0.024190662,-0.999574,1.0,0.0,0.0,-0.1309838,-0.13281037,0.2675264,-0.117036104,-0.5076459,0.039959244,-0.12133986,0.13833015,-0.060838103,0.06616902,0.020041466,-0.12269163,-0.11028439,0.16163991,0.14984576,0.04353975,0.5391564,-0.5119745,-0.6185595,0.21123587,-0.021453982,0.37827954,1.0126266,-0.16592334,-0.39402947,-0.17738703,1.1495979,-0.7691284,1.0803365,0.10347059,0.7625635,-0.94685376,0.06650177,-1.1153716,-0.22483145,0.26732388,-200.0,-200.0,200.0,200.0,-200.0,200.0,-179.62791111069862,13.681159187002493,200.0,200.0,-200.0,-200.0,-0.1309838,-0.13281037,-0.5324736,1.4829639,-1.3076459,0.039959244,-0.12133986,0.13833015,-0.8608381,1.666169,-0.77995855,-0.12269163,-2.2056878,3.2327983,2.9969153,0.870795,10.783128,-10.23949,-12.371189,4.224717,-0.42907962,7.565591,20.252533,-3.3184667
450,0.035673115,-0.62297577,0.7368408,0.00065222546,0.027875502,-0.9996112,1.0,0.0,0.0,-0.2013757,-0.13021529,0.32704616,-0.14241707,-0.2974599,0.032642614,-0.19302377,0.1468017,-0.03151089,0.1090523,0.11647785,-0.056473076,-0.49280778,-0.094415896,0.39256015,-0.23848365,1.468476,0.1702864,-0.13665234,-0.07560108,0.23615281,0.10119553,0.051065482,0.651095,0.9593042,-0.44544688,-0.71546525,-0.38051194,1.0250508,0.3862256,1.0964459,-0.4547234,-0.5000278,-1.0385109,-0.932106,-0.38220564,200.0,-200.0,13.110371926936779,-200.0,-200.0,200.0,-200.0,-100.76319685874807,200.0,-200.0,200.0,-5.656205199113572,-0.2013757,-0.13021529,-0.47295386,1.457583,-1.0974599,0.032642614,-0.19302377,0.1468017,-0.8315109,1.7090523,-0.68352216,-0.056473076,-9.856155,-1.888318,7.851203,-4.769673,29.36952,3.405728,-2.7330468,-1.5120215,4.7230563,2.0239105,1.0213096,13.021899
451,0.603191,-0.16357592,0.041595086,-0.013522574,0.013735534,-0.9998142,1.0,0.0,0.0,-0.2479955,-0.16722609,0.35854986,-0.14625776,-0.10298836,0.14144927,-0.15518107,0.106570795,-0.00077569485,0.10807145,0.022921622,-0.029287647,-0.024411332,-0.23011146,-0.0625264,0.24655521,0.42900538,0.5132355,0.45321247,-0.2979167,0.10293277,-0.09859532,-0.89187664,-0.28590497,0.75100636,0.9238088,0.02475271,0.9450653,1.5064071,0.107604295,0.45025837,0.70836306,-0.52450484,-0.7789369,-0.68009025,-0.26423526,200.0,-200.0,-200.0,-200.0,-200.0,-200.0,200.0,-200.0,-200.0,-200.0,200.0,-200.0,-0.2479955,-0.16722609,-0.44145015,1.4537423,-0.9029884,0.14144927,-0.15518107,0.106570795,-0.8007757,1.7080715,-0.7770784,-0.029287647,-0.48822662,-4.602229,-1.2505279,4.931104,8.580108,10.26471,9.064249,-5.958334,2.0586555,-1.9719064,-17.837532,-5.718099
452,0.13663416,0.65315247,-0.6349621,-0.0018926153,-0.00050151075,-0.9999981,1.0,0.0,0.0,-0.18902194,-0.17413206,0.30098626,-0.051221967,0.06293374,0.1657795,-0.0013888126,0.071561076,-0.002955079,0.0764786,-0.19710565,-0.112272814,0.5413015,0.11722267,-0.4646832,0.641371,1.1888355,-0.21072817,0.965903,-0.084798984,-0.1021145,-0.20355068,-1.346084,-0.58075583,0.15872666,0.25370434,0.5258934,-1.028964,0.124053404,-0.57358694,-0.44729495,1.1047075,0.8705339,-0.00094714016,0.2504379,0.8551166,58.12591727985205,200.0,-200.0,-200.0,-200.0,-200.0,200.0,200.0,-200.0,200.0,200.0,-130.8665565180051,-0.18902194,-0.17413206,-0.49901375,1.548778,-0.73706627,0.1657795,-0.0013888126,0.071561076,-0.8029551,1.6764786,-0.99710566,-0.112272814,10.82603,2.3444533,-9.293664,12.82742,23.77671,-4.2145634,19.31806,-1.6959797,-2.04229,-4.0710135,-26.92168,-11.615116
453,-0.5086797,-0.020463692,-0.18869135,0.009913992,0.008664843,-0.99991333,1.0,0.0,0.0,-0.07140304,-0.1233,0.25536054,0.039023876,0.21237046,0.029796893,0.13414955,0.08152913,0.0037759542,0.0340873,-0.36080593,-0.12561008,0.55117863,0.36072704,-0.037760828,0.2932562,0.34731564,-0.96124184,0.43155414,0.1702186,0.12248484,-0.18293087,-0.38880047,0.35628748,-0.46736658,-1.0981461,0.4724796,-0.3816524,-0.5769597,-0.22712022,-1.2628556,0.33112913,1.7458271,-0.09933531,1.0479611,0.5372386,-200.0,200.0,200.0,200.0,200.0,200.0,-89.0448554061133,200.0,200.0,-200.0,-200.0,-200.0,-0.07140304,-0.1233,-0.54463947,1.6390239,-0.58762956,0.029796893,0.13414955,0.08152913,-0.79622406,1.6340873,-1.160806,-0.12561008,11.023572,7.214541,-0.75521654,5.8651237,6.946313,-19.224836,8.631083,3.404372,2.4496968,-3.6586173,-7.776009,7.1257496
454,-0.39480117,-0.86809635,0.531292,-0.0045186346,0.025938476,-0.99965334,1.0,0.0,0.0,-0.024949389,-0.06954215,0.29150623,0.060409427,0.1759122,-0.08262656,0.15744795,0.12144881,0.054843128,-0.0021369457,-0.33688515,0.030407492,-0.04061352,0.1800031,0.3912837,-0.052255433,-0.6164682,-0.5726605,-0.05921458,0.15202172,0.23406957,0.07119594,0.4787787,0.8368665,0.0065050484,-0.68994504,-1.3539892,0.10367997,-1.5348511,0.46324846,-0.19656523,0.0100848,0.1125032,-0.22964856,1.1233118,-0.051197946,-200.0,187.90178411556974,200.0,-188.60357386790173,200.0,200.0,-200.0,-200.0,200.0,-200.0,-200.0,-200.0,-0.024949389,-0.06954215,-0.5084938,1.6604095,-0.6240878,-0.08262656,0.15744795,0.12144881,-0.7451569,1.5978631,-1.1368852,0.030407492,-0.8122704,3.6000621,7.8256736,-1.0451087,-12.329364,-11.45321,-1.1842916,3.0404344,4.6813912,1.4239187,9.575574,16.73733
455,0.25279322,-0.26404664,0.57262444,-0.029344661,0.028729338,-0.9991564,1.0,0.0,0.0,-0.026357243,-0.06311618,0.3378585,0.07123709,-0.053278327,-0.08732068,0.09198907,0.12227159,0.09658134,-0.009206414,-0.13633335,0.09656116,0.018486727,-0.07921576,0.10479891,0.11202671,-1.5769745,0.4248394,-0.45597973,-0.108961955,0.15812801,-0.116774164,1.3384526,-0.10448166,0.8109133,-0.92231315,-0.7603076,-0.5815066,-0.9568256,0.1607814,-0.40596247,0.13272336,-0.9168103,-0.8904126,0.12758578,-0.11166709,200.0,-69.10568587381869,-200.0,-200.0,-47.51704971991512,-200.0,56.44066505657819,-200.0,-200.0,-34.194944802159014,-200.0,200.0,-0.026357243,-0.06311618,-0.4621415,1.6712371,-0.85327834,-0.08732068,0.09198907,0.12227159,-0.7034187,1.5907936,-0.93633336,0.09656116,0.36973453,-1.5843151,2.0959783,2.240534,-31.53949,8.496788,-9.119595,-2.179239,3.16256,-2.3354833,26.76905,-2.0896332
456,0.4948126,0.373816,0.49708712,-0.026984815,0.016781835,-0.99949497,1.0,0.0,0.0,0.013189071,-0.08445528,0.34080446,0.07932651,-0.38737231,0.010559241,-0.04195373,0.10878662,0.104210496,-0.02261424,0.009112954,0.0066475766,0.3457757,-0.14277132,-0.059473198,-0.020120991,-1.6783434,0.39032125,-0.7651241,-0.01588503,-0.09267507,0.027015438,0.44171572,-0.6985446,-0.13490856,0.80202127,0.15350889,-0.65953964,-0.39475602,-0.6328969,1.2263886,0.99923176,1.2815301,1.0323161,1.2820569,0.6052744,-14.57716334914528,71.32648073710851,-200.0,-200.0,200.0,-200.0,200.0,-200.0,-200.0,-200.0,-200.0,-139.60677772133926,0.013189071,-0.08445528,-0.45919555,1.6793265,-1.1873723,0.010559241,-0.04195373,0.10878662,-0.6957895,1.5773858,-0.79088706,0.0066475766,6.9155135,-2.8554263,-1.189464,-0.40241984,-33.566868,7.806425,-15.302482,-0.31770062,-1.8535013,0.5403088,8.834314,-13.970892
457,-0.20525596,0.35405955,0.37803486,-0.010731885,0.010652177,-0.9998857,1.0,0.0,0.0,0.037018683,-0.09212917,0.32451558,0.056200027,-0.619304,-0.02307921,-0.13883379,0.13403277,0.06922585,0.016919732,0.13659048,-0.048619255,-0.069178924,0.05139042,-0.102893904,-0.19341692,-0.7303463,-0.62389326,-0.262287,0.22350863,-0.2339081,0.32565895,0.812575,0.04272268,-0.6909437,-0.36432195,0.21877526,-1.1307046,-0.049375273,-0.6008942,1.2321992,-0.498337,0.835064,-0.20038497,0.6312665,0.6605433,200.0,200.0,200.0,200.0,200.0,200.0,-200.0,200.0,-149.16653028095885,-200.0,200.0,-200.0,0.037018683,-0.09212917,-0.47548443,1.6562,-1.419304,-0.02307921,-0.13883379,0.13403277,-0.73077416,1.6169198,-0.66340953,-0.048619255,-1.3835784,1.0278084,-2.057878,-3.8683383,-14.606926,-12.477865,-5.2457395,4.4701724,-4.678162,6.513179,16.2515,0.85445356
458,0.4019705,0.17998865,0.13411468,-0.0005301844,0.0055729616,-0.9999843,1.0,0.0,0.0,-0.04063948,-0.120155,0.3064326,-0.0047985315,-0.6586186,-0.20521192,-0.13905539,0.14042485,0.025226533,0.06757033,0.2818479,0.028989606,-0.65303296,-0.2905081,-0.098985784,-0.3921786,0.2402424,-0.86463994,0.21383274,-0.124368325,-0.20591676,0.18492393,0.6072917,0.69240105,0.6189207,0.06042144,0.95530915,-0.14657773,1.1144949,0.6778691,0.16555203,-0.29445282,-0.39584395,-0.030202344,-0.6399739,0.0333473,200.0,-200.0,200.0,-200.0,10.214829285156497,200.0,-200.0,-200.0,-182.82687910538274,-200.0,200.0,73.8084711582693,-0.04063948,-0.120155,-0.4935674,1.5952015,-1.4586186,-0.20521192,-0.13905539,0.14042485,-0.7747735,1.6675704,-0.5181521,0.028989606,-13.060658,-5.8101616,-1.9797157,-7.8435717,4.804848,-17.292799,4.2766547,-2.4873664,-4.1183352,3.6984787,12.145834,13.848021
459,0.44203815,0.20144013,-0.01819526,0.006834636,-0.011496108,-0.99991053,1.0,0.0,0.0,-0.0988867,-0.15873094,0.2930172,-0.07535374,-0.50486535,-0.26998773,-0.05588597,0.10599363,-0.018063843,0.0929625,0.29958433,0.07103503,0.0051847035,-0.122549586,-0.031535197,-0.31526944,1.20157,0.11896374,0.48599035,-0.21298932,-0.21823592,0.0818355,-0.3349157,-0.05949831,1.0975908,0.7827694,1.2109884,0.6172146,1.5983171,0.2114275,-0.10648957,1.0032525,0.12810534,0.072115146,-0.81854165,-0.019051798,-22.691896820164743,-200.0,-200.0,-200.0,-200.0,-31.71894539197089,200.0,200.0,200.0,170.2228308906317,200.0,200.0,-0.0988867,-0.15873094,-0.5069828,1.5246463,-1.3048654,-0.26998773,-0.05588597,0.10599363,-0.81806386,1.6929625,-0.5004157,0.07103503,0.10369407,-2.4509916,-0.6307039,-6.3053885,24.0314,2.3792748,9.719807,-4.259786,-4.3647184,1.6367099,-6.6983137,-1.1899662
460,-0.08142409,-0.3731659,0.051371183,0.002493977,-0.017568849,-0.9998425,1.0,0.0,0.0,-0.024872473,-0.1522216,0.31712708,-0.12716532,-0.15869492,-0.15096736,-0.016212156,0.09071149,-0.022150159,0.09641051,0.12572175,0.040426984,0.6660115,0.16613886,0.24078026,-0.21626127,2.162204,0.779315,-0.033758547,0.038728446,0.13065432,-0.021724587,-1.3085526,-0.13936031,-0.0338353,0.08574185,0.4617577,0.48288107,0.73545617,0.09268516,-0.50741476,-0.049135886,0.041796487,0.0633884,-0.56426275,0.33333638,-199.6636467124333,200.0,200.0,-34.4009004115824,-200.0,20.759102068129238,200.0,200.0,200.0,200.0,200.0,-41.33394046687556,-0.024872473,-0.1522216,-0.48287293,1.4728347,-0.95869493,-0.15096736,-0.016212156,0.09071149,-0.8221502,1.6964105,-0.67427826,0.040426984,13.3202305,3.322777,4.815605,-4.3252254,43.24408,15.5863,-0.67517096,0.7745689,2.6130865,-0.43449172,-26.171053,-2.7872062
461,-0.10520639,-0.5911959,0.8654455,-0.017601613,-0.012925147,-0.9997615,1.0,0.0,0.0,0.053742472,-0.12642692,0.33362052,-0.089963675,0.06395072,-0.055666838,-0.07851123,0.091702946,0.011316597,0.08826995,-0.10955137,0.09957718,0.19612661,0.13097423,0.052167572,0.32851282,1.08087,0.32510146,-0.54730594,-0.030684343,0.17243986,-0.030025864,-0.9846021,0.47895685,-0.47517994,-0.44730717,-0.996656,0.5705572,-0.20113994,-0.18347931,0.9299077,-0.09749117,-0.23724031,-0.4851783,0.1838448,0.17971632,-200.0,-200.0,-105.02185423647047,-17.85000339904608,71.82687069307065,16.286815043767263,-200.0,200.0,200.0,200.0,200.0,-32.091345900550834,0.053742472,-0.12642692,-0.4663795,1.5100363,-0.7360493,-0.055666838,-0.07851123,0.091702946,-0.7886834,1.68827,-0.9095514,0.09957718,3.922532,2.6194847,1.0433514,6.570256,21.6174,6.502029,-10.946118,-0.61368686,3.4487972,-0.6005173,-19.692041,9.579137
462,0.50801814,0.07121101,0.7226319,-0.027163772,-0.021997564,-0.99938893,1.0,0.0,0.0,0.02448501,-0.13958345,0.294478,0.013202429,0.17330933,-0.07594816,-0.13124327,0.05855737,0.016540349,0.06489849,-0.1975894,0.13592352,-0.41453692,-0.22562115,-0.39827925,0.6641165,0.1091216,-0.23315544,-0.031328227,-0.25947687,-0.09066994,-0.18871056,0.00462301,0.1038928,0.312215,-0.8284157,-0.4940265,-1.4182281,-2.1276028,-0.7851504,0.882353,0.88106745,-0.2790554,-0.46048534,-0.21941002,-0.23098421,200.0,-79.00995977245606,-200.0,-200.0,200.0,-18.09078506019756,-200.0,-200.0,-200.0,200.0,-200.0,14.32979396041523,0.02448501,-0.13958345,-0.505522,1.6132025,-0.6266907,-0.07594816,-0.13124327,0.05855737,-0.78345966,1.6648985,-0.9975894,0.13592352,-8.290738,-4.512423,-7.9655848,13.28233,2.182432,-4.663109,-0.62656456,-5.189537,-1.8133987,-3.774211,0.09246019,2.077856
463,0.5276694,0.78502786,-0.044450164,-0.008976837,-0.042538896,-0.9990545,1.0,0.0,0.0,-0.016397687,-0.1856076,0.1914007,0.13184297,0.09153962,-0.2253611,-0.07840861,0.013252539,-0.018956602,0.008975148,-0.2036547,0.05877623,-0.033464994,-0.23568995,-0.6099912,0.532963,-0.8328557,-1.1198825,0.50334543,-0.21609373,-0.23904112,-0.35658845,-0.028886128,-0.6140548,0.8233235,0.77806044,1.0033765,-1.1847636,-0.76525587,-0.32782373,-0.07309057,1.4971647,1.1082553,0.94980067,0.21103482,0.30692732,200.0,200.0,-200.0,-200.0,-2.427447923996958,18.309717458343357,200.0,-200.0,-200.0,-200.0,-200.0,-80.84237952757553,-0.016397687,-0.1856076,-0.6085993,1.731843,-0.7084604,-0.2253611,-0.07840861,0.013252539,-0.8189566,1.6089752,-1.0036547,0.05877623,-0.66929984,-4.713799,-12.199823,10.659259,-16.657114,-22.397648,10.066909,-4.3218746,-4.7808223,-7.131769,-0.57772255,-12.2810955
464,-0.13975975,0.13099581,0.040875398,0.00815183,-0.048830446,-0.9987738,1.0,0.0,0.0,0.04240001,-0.19941047,0.12563157,0.20411158,-0.15846741,-0.34153807,-0.033079214,-0.0032377625,-0.044221163,-0.04619336,-0.113155365,0.03926795,0.563741,0.061721038,-0.10212406,0.22687773,-1.3140589,-0.14197052,0.019225515,0.03828154,-0.041764196,-0.20566463,0.6810791,0.32613882,-0.18607752,-0.23936668,1.1733319,-0.93972164,-0.2307281,0.4274365,-0.69187635,0.18278101,0.83140457,0.76911,0.03360664,0.14780131,-131.53367141394463,200.0,200.0,200.0,-14.436215587304105,200.0,200.0,200.0,200.0,-200.0,93.30633374689432,200.0,0.04240001,-0.19941047,-0.67436844,1.8041116,-0.9584674,-0.34153807,-0.033079214,-0.0032377625,-0.8442212,1.5538067,-0.9131554,0.03926795,11.27482,1.2344208,-2.0424812,4.5375547,-26.281178,-2.8394103,0.3845103,0.76563084,-0.8352839,-4.1132927,13.621582,6.522776
465,-0.2542915,-0.52855635,0.7550829,-0.0020037561,-0.040856984,-0.999163,1.0,0.0,0.0,0.10335132,-0.19398922,0.14141846,0.21754873,-0.3156008,-0.264543,-0.09932658,0.021062521,-0.032041788,-0.07196736,-0.051783025,0.07731784,0.093307875,0.008407148,0.22674997,-0.062331136,-0.35475007,0.8165056,-0.61858803,0.18317273,0.14466035,-0.065361805,0.1846255,0.14667659,-0.4055467,-0.45837864,-0.6445502,-0.4903769,-0.9959558,-0.07316297,0.868118,0.016205676,-0.24125147,0.4786064,-0.9864197,-0.26957276,-200.0,158.07817112663503,200.0,200.0,-15.938305510422538,-6.145038040083648,-200.0,-102.80618657414348,200.0,-200.0,200.0,200.0,0.10335132,-0.19398922,-0.65858155,1.8175488,-1.1156008,-0.264543,-0.09932658,0.021062521,-0.8320418,1.5280327,-0.85178304,0.07731784,1.8661575,0.16814294,4.5349994,-1.2466227,-7.095001,16.330112,-12.37176,3.6634545,2.893207,-1.3072361,3.6925101,2.9335315
466,0.0699953,0.0632061,0.64394116,-0.011085188,-0.038114034,-0.9992119,1.0,0.0,0.0,0.05500874,-0.2210163,0.15420657,0.19400215,-0.4840594,-0.18434381,-0.16504028,0.036520652,-0.04082483,-0.05271268,-0.12071729,0.01014457,-0.51659715,-0.24632421,-0.076908536,-0.16465676,-1.0811661,0.24367753,-0.09243025,0.00771671,-0.20239332,0.22683036,-0.7777426,-0.58158463,0.2285144,-0.5329941,-0.38477919,-0.9773688,-1.1891904,-0.5615059,1.4508971,-0.62803113,-0.69962984,-0.15054852,-0.89603806,0.37073132,200.0,-62.14246800309412,-200.0,200.0,-200.0,2.0921479777159675,-200.0,-200.0,-200.0,-200.0,29.689251128139404,-24.114794071412632,0.05500874,-0.2210163,-0.64579344,1.7940022,-1.2840594,-0.18434381,-0.16504028,0.036520652,-0.84082484,1.5472873,-0.9207173,0.01014457,-10.331943,-4.926484,-1.5381707,-3.2931352,-21.623323,4.8735504,-1.8486049,0.1543342,-4.0478663,4.5366073,-15.5548525,-11.631692
467,0.63114876,0.7034679,-0.12227835,0.0050754133,-0.053763844,-0.99854076,1.0,0.0,0.0,-0.008270402,-0.29063082,0.11660457,0.14608121,-0.7200989,-0.2382782,-0.11373181,0.003319265,-0.09678018,-0.029922724,-0.35170168,0.004659054,-0.1510061,-0.41396362,-0.2778093,-0.3080305,-1.0233558,-0.634243,0.53953046,-0.31487823,-0.33817366,0.02020156,-1.1781003,0.42466816,0.6340527,1.544764,0.9243246,-0.12915796,0.15993448,-0.2033551,0.19817497,0.9858369,1.1053327,0.9152851,-0.21060526,1.120662,200.0,-200.0,-200.0,-200.0,85.7271232695075,200.0,200.0,-97.09446286079452,-200.0,-200.0,87.95394540401571,-70.41931397540748,-0.008270402,-0.29063082,-0.68339545,1.7460812,-1.5200989,-0.2382782,-0.11373181,0.003319265,-0.8967802,1.5700773,-1.1517017,0.004659054,-3.020122,-8.279272,-5.5561857,-6.1606097,-20.467115,-12.68486,10.790608,-6.2975645,-6.763473,0.4040312,-23.562006,8.493363
468,-0.0537213,0.07623911,-0.37078932,0.020289315,-0.06333204,-0.9977862,1.0,0.0,0.0,0.034850296,-0.33930075,0.11561358,0.061119437,-0.81958145,-0.26631024,-0.0065206704,-0.038400717,-0.14308935,-0.0061053038,-0.4823435,0.19417025,0.5216424,-0.11623454,0.21231274,-0.46355745,-0.06446568,0.120747924,0.475772,-0.10209447,-0.15758705,0.20395528,-0.22411583,1.3743429,-0.06424466,0.724309,0.96356934,-0.03956972,-0.1584429,0.11499144,-0.49318177,0.8848817,0.59248817,0.7878788,0.19991297,0.24195197,-65.04403932638587,200.0,200.0,200.0,200.0,200.0,200.0,200.0,200.0,64.27951412213554,200.0,19.331477695709196,0.034850296,-0.33930075,-0.68438643,1.6611195,-1.6195815,-0.26631024,-0.0065206704,-0.038400717,-0.94308937,1.5938947,-1.2823435,0.19417025,10.432848,-2.3246908,4.246255,-9.271149,-1.2893136,2.4149585,9.51544,-2.0418894,-3.151741,4.0791054,-4.4823165,27.486858
469,-0.56512225,-0.65634125,0.39287347,0.0072905924,-0.049832486,-0.99873096,1.0,0.0,0.0,0.09750486,-0.33816642,0.17564428,-0.017028928,-0.72638124,-0.1628576,0.020760499,-0.0210191,-0.16174132,0.05580318,-0.42197758,0.35798174,0.14036168,0.110708654,0.36342093,-0.3313658,0.8990966,0.59764427,-0.140137,0.24295409,-0.035755463,0.39404267,0.7330738,0.3639784,-0.79813826,-0.52763325,-0.89968085,0.60482335,-1.1116455,-0.77151513,-0.039033182,-0.04771129,-0.06841636,-1.1981561,-0.088797815,-0.15613708,-200.0,200.0,200.0,200.0,200.0,-200.0,-200.0,200.0,200.0,200.0,200.0,-38.84971429350128,0.09750486,-0.33816642,-0.62435573,1.5829711,-1.5263813,-0.1628576,0.020760499,-0.0210191,-0.9617413,1.6558032,-1.2219776,0.35798174,2.8072336,2.214173,7.268419,-6.627316,17.981932,11.952886,-2.80274,4.8590817,-0.7151092,7.880853,14.661475,7.2795677
470,0.09562998,-0.5001966,0.43173876,-0.016832517,-0.04227545,-0.9989642,1.0,0.0,0.0,0.048014257,-0.3475489,0.20426375,-0.054187298,-0.65050846,-0.1502912,-0.00072087836,-0.0012675357,-0.15076882,0.1001668,-0.30613393,0.3266766,-0.5665555,-0.17251842,-0.050541926,-0.062547654,-0.046293985,-0.37502438,-0.09156203,-0.004295513,0.10361115,0.09608962,0.47444102,-0.58392495,0.39825124,-0.8816513,-0.64165294,-0.95555234,-1.4088613,-0.5958761,0.51356095,-0.6364822,-0.3863878,-1.6874193,-0.7058049,-0.19181916,13.224443119228965,-107.43970013831307,72.25563321849648,-200.0,-41.309128054872986,-200.0,-200.0,-200.0,-200.0,200.0,-200.0,-200.0,0.048014257,-0.3475489,-0.59573627,1.5458127,-1.4505085,-0.1502912,-0.00072087836,-0.0012675357,-0.9507688,1.7001668,-1.1061339,0.3266766,-11.33111,-3.4503684,-1.0108385,-1.2509531,-0.9258797,-7.5004873,-1.8312407,-0.08591026,2.072223,1.9217923,9.48882,-11.678499
471,0.65252554,0.19551553,-0.3493018,-0.02154404,-0.058299497,-0.99806666,1.0,0.0,0.0,-0.024906838,-0.40322468,0.1771599,-0.08444595,-0.7654167,-0.28622383,0.045271873,-0.03549731,-0.14420092,0.099675536,-0.31599826,0.1618562,-0.19962417,-0.3632892,-0.20316397,-0.22913106,-1.0071796,-0.67048454,0.49379364,-0.31479725,-0.015853437,-0.08477651,-0.47635475,-0.76393884,0.32511154,1.9024614,-0.2629695,-0.3889894,-0.34019065,0.31342512,0.24308519,1.0989022,-0.5181501,0.11791933,-0.58726895,0.5016553,200.0,-200.0,-200.0,-200.0,-200.0,57.55386187227066,200.0,-200.0,-200.0,-200.0,-200.0,51.0401280413098,-0.024906838,-0.40322468,-0.6228401,1.5155541,-1.5654167,-0.28622383,0.045271873,-0.03549731,-0.94420093,1.6996756,-1.1159983,0.1618562,-3.9924834,-7.2657843,-4.063279,-4.582621,-20.14359,-13.409691,9.875873,-6.2959447,-0.31706873,-1.6955302,-9.527095,-15.278777
472,-0.010060784,0.8246005,-0.7348708,0.0015403681,-0.070050664,-0.99754226,1.0,0.0,0.0,-0.023317326,-0.44676125,0.12829179,-0.14454186,-0.8597055,-0.3148028,0.12112645,-0.069365986,-0.18062311,0.100218296,-0.40811378,0.1129666,0.17422351,-0.10769828,-0.27220958,-0.35596374,-0.032614943,0.28799167,0.2982068,-0.0551006,-0.31935975,0.05174808,-0.38845837,0.18170923,0.1292283,0.6812789,1.3630579,0.7510577,-0.18138684,-0.11967367,-0.67925245,0.9565745,0.776768,0.906405,0.07029543,0.96349806,-58.0335176368562,200.0,-200.0,-6.7188806005535895,31.33928234668963,200.0,200.0,200.0,-200.0,-156.36117342727385,200.0,200.0,-0.023317326,-0.44676125,-0.6717082,1.4554582,-1.6597055,-0.3148028,0.12112645,-0.069365986,-0.9806231,1.7002183,-1.2081138,0.1129666,3.4844701,-2.1539655,-5.4441915,-7.1192746,-0.6522988,5.7598333,5.964136,-1.102012,-6.387195,1.0349616,-7.7691674,3.6341846
473,-0.562395,0.0400192,-0.14283448,0.0181085,-0.056632116,-0.9982309,1.0,0.0,0.0,0.04835414,-0.4480209,0.10132289,-0.12520242,-0.76561624,-0.24498546,0.12322031,-0.042847272,-0.22997981,0.12922406,-0.38085943,0.25283828,0.29292378,0.08510118,-0.062449392,0.21564737,0.9014493,0.2724541,-0.23371232,0.28435573,-0.1892352,0.22055428,0.56640697,1.1225106,-0.45773438,-0.5215174,0.7287802,0.8647377,-1.64708,-0.73371124,-0.57962835,0.004505791,0.8962815,-0.15899512,-0.017426426,0.36161372,-200.0,200.0,200.0,200.0,200.0,200.0,-142.75966327817002,200.0,200.0,200.0,200.0,-23.39907397140678,0.04835414,-0.4480209,-0.6986771,1.4747976,-1.5656163,-0.24498546,0.12322031,-0.042847272,-1.0299798,1.7292241,-1.1808594,0.25283828,5.858475,1.7020235,-1.2489878,4.3129473,18.028986,5.4490824,-4.6742463,5.6871142,-3.7847037,4.4110856,11.328139,22.45021
474,0.078694865,-0.4940909,0.77902013,0.007438279,-0.04979644,-0.9987317,1.0,0.0,0.0,0.059967753,-0.4540616,0.100549996,-0.072628975,-0.6922881,-0.29599714,0.02034731,-0.003293842,-0.2284767,0.14017701,-0.25803834,0.37161946,-0.13296087,-0.09922474,0.049035624,0.30081952,-0.071202524,-0.6892502,-0.74860454,0.14075223,0.16643405,-0.07298826,0.5250673,0.16076891,-0.515744,-0.18017545,-0.50096905,-0.9019566,-1.3060172,0.20311394,0.6794932,-0.4500668,0.016445275,-2.5023363,-0.36228597,-0.8290926,-200.0,-130.11571080262763,200.0,-200.0,-45.40488547219246,-200.0,-200.0,-50.8857250214466,200.0,200.0,-200.0,-200.0,0.059967753,-0.4540616,-0.69945,1.527371,-1.4922881,-0.29599714,0.02034731,-0.003293842,-1.0284767,1.740177,-1.0580384,0.37161946,-2.6592174,-1.9844948,0.9807125,6.0163903,-1.4240505,-13.785003,-14.972091,2.8150444,3.328681,-1.4597651,10.501347,3.2153783
475,0.11073067,-0.40129468,0.5124877,-0.012288516,-0.053566918,-0.99848866,1.0,0.0,0.0,-0.045783397,-0.46830574,0.07678163,-0.036038518,-0.81191415,-0.33097637,-0.06829561,0.0021177754,-0.17344356,0.093553424,-0.25226957,0.30142182,-0.85165924,-0.045553576,-0.2705662,0.09032139,-0.98387575,0.24653526,-0.19392371,-0.058410294,0.33718693,-0.36025736,-0.2241971,-0.76960605,-0.13643727,1.5865953,-0.14823075,-0.64781016,-0.40134108,0.47625354,1.6605028,0.2208842,-1.0030338,-0.72307336,-1.2482432,-0.30988798,200.0,-200.0,63.315562067324436,-200.0,-9.97415998528163,-200.0,-192.8876928796626,200.0,-200.0,-200.0,-84.67965654853458,200.0,-0.045783397,-0.46830574,-0.7232184,1.5639615,-1.6119142,-0.33097637,-0.06829561,0.0021177754,-0.97344357,1.6935534,-1.0522696,0.30142182,-17.033184,-0.91107154,-5.411324,1.8064278,-19.677515,4.930705,-3.8784742,-1.1682059,6.7437387,-7.205147,-4.483942,-15.392121
476,-0.40497863,0.11120618,-0.40234074,-0.01590449,-0.045945037,-0.9988173,1.0,0.0,0.0,-0.16903532,-0.45046696,0.017911017,-0.034044504,-0.90183586,-0.17635405,-0.065453574,0.024689345,-0.13013512,0.047459126,-0.38376135,0.09816581,-0.42074156,0.19416463,-0.28205743,-0.06778321,-0.013978253,1.2038201,0.13901813,0.28619626,0.092260905,0.04282146,-0.93396187,-0.9079341,1.094252,-0.48948243,0.8438336,0.5195424,1.0236982,0.38929024,0.18561669,0.13363665,-1.3186599,-0.8183603,-0.89586806,0.2670966,200.0,165.507927619187,-200.0,-200.0,-200.0,153.64651923735926,200.0,200.0,-53.78999149486475,-200.0,200.0,200.0,-0.16903532,-0.45046696,-0.782089,1.5659555,-1.7018359,-0.17635405,-0.065453574,0.024689345,-0.93013513,1.6474591,-1.1837614,0.09816581,-8.414831,3.8832927,-5.6411486,-1.3556641,-0.27956507,24.076403,2.7803626,5.723925,1.8452181,0.85642916,-18.679237,-18.158682
477,-0.14917865,0.09245421,-0.52893996,-0.010979155,-0.03572016,-0.9993015,1.0,0.0,0.0,-0.16662964,-0.4312834,-0.0083960295,-0.029733896,-0.79749197,0.019280203,0.0021843095,0.06555879,-0.11730516,0.06011045,-0.55546695,0.01585904,0.35314843,0.008464495,-0.010855683,0.093143106,0.95841926,0.8156212,0.38243577,0.15300672,0.037887808,0.089686684,-0.7215496,-0.028308457,-0.11624316,-0.820261,1.2812682,0.64457256,-1.3049625,-0.64546907,0.044145927,-1.091579,-0.2800644,-0.69898754,0.044731043,0.632139,1.5488540429416844,-18.10650082998214,-200.0,-200.0,43.364504101880584,200.0,200.0,-140.7290328517463,200.0,200.0,200.0,-78.6940348804111,-0.16662964,-0.4312834,-0.80839604,1.5702661,-1.597492,0.019280203,0.0021843095,0.06555879,-0.9173052,1.6601105,-1.355467,0.01585904,7.0629683,0.16928989,-0.21711366,1.8628621,19.168385,16.312424,7.648715,3.0601344,0.7577562,1.7937336,-14.430991,-0.56616914
478,0.47032955,0.03953134,0.33910546,-0.008586194,-0.043489397,-0.999017,1.0,0.0,0.0,-0.12918735,-0.454373,-0.009969354,-0.0007894039,-0.7129516,0.07679998,0.051567264,0.06488454,-0.11806035,0.087163925,-0.58411235,0.096858494,0.10905085,-0.22048159,0.017275775,0.18952857,-0.015501971,-0.14381279,0.13611703,-0.1406167,-0.04611345,0.17078602,0.30486473,0.7536101,-0.6786584,1.7483176,-0.17525147,-1.139705,-1.5145941,-0.98175466,-0.21133205,0.67202157,0.021741245,-0.47044268,0.018299421,0.11876949,-200.0,-200.0,-200.0,-200.0,200.0,200.0,-90.90158340927319,-200.0,200.0,200.0,-200.0,-200.0,-0.12918735,-0.454373,-0.80996937,1.5992106,-1.5129516,0.07679998,0.051567264,0.06488454,-0.91806036,1.687164,-1.3841124,0.096858494,2.181017,-4.4096317,0.3455155,3.7905712,-0.31003943,-2.8762558,2.7223403,-2.812334,-0.922269,3.4157205,6.0972943,15.072201
479,0.16578254,0.0056980895,0.64307064,-0.008349698,-0.055556938,-0.9984206,1.0,0.0,0.0,-0.19482194,-0.47088298,-0.03242123,0.014469743,-0.82212573,-0.06272007,0.019602042,0.062287807,-0.12199563,0.10732937,-0.44399267,0.15207373,-0.6721765,0.033629447,-0.20501554,-0.023016345,-0.98190385,-1.1503175,-0.38819343,0.09157425,0.015094267,0.035390534,0.935801,-0.07042973,0.008145547,1.0246279,0.56243056,-0.5382914,-0.093426004,0.2222089,0.2360967,-0.02993127,0.4580337,-0.1768187,-0.39082074,-0.7744899,-123.73347911919564,200.0,200.0,-200.0,20.228074180380077,-25.720794404878625,-200.0,200.0,-102.64634319398965,-200.0,-200.0,-200.0,-0.19482194,-0.47088298,-0.83242124,1.6144698,-1.6221257,-0.06272007,0.019602042,0.062287807,-0.92199564,1.7073294,-1.2439927,0.15207373,-13.443529,0.67258894,-4.100311,-0.46032688,-19.638077,-23.00635,-7.7638683,1.831485,0.30188534,0.70781064,18.71602,-1.4085945
480,0.09360719,-0.52400154,0.05318795,-0.020213366,-0.060674127,-0.99795294,1.0,0.0,0.0,-0.24716434,-0.4669139,-0.017401814,0.0056060553,-0.91720253,-0.17447625,0.00032005564,0.07475894,-0.0910328,0.098079085,-0.37240952,0.036675017,0.087470464,-0.00087757857,0.27484947,0.039509963,-0.117005624,-0.04778199,0.11895634,0.05893867,0.28385577,-0.10482973,-0.06073312,-0.87105286,0.6570117,0.051490817,0.6034641,-0.30679005,0.38996446,1.1112379,0.73638314,-0.33125308,-1.3211596,-0.17270915,-1.7075386,0.15430546,200.0,-200.0,200.0,-200.0,-147.05884902976064,75.05501747112612,200.0,200.0,200.0,-200.0,200.0,200.0,-0.24716434,-0.4669139,-0.8174018,1.6056061,-1.7172025,-0.17447625,0.00032005564,0.07475894,-0.8910328,1.6980791,-1.1724095,0.036675017,1.7494092,-0.017551571,5.4969893,0.7901993,-2.3401124,-0.9556398,2.3791268,1.1787734,5.677115,-2.0965946,-1.2146624,-17.421057
481,-0.012092991,-0.45063463,-0.3428714,-0.039022036,-0.062133394,-0.99730474,1.0,0.0,0.0,-0.14693365,-0.46919665,0.061204612,0.0072695017,-0.8855626,-0.09284809,0.08022214,0.08498257,-0.0427413,0.08588338,-0.47635144,-0.031409897,0.84244055,-0.0002605299,0.5034648,-0.026369927,0.4142417,0.7963204,0.63373065,0.040555786,0.21132217,-0.026192421,-0.88722783,0.07412604,-0.45152178,0.58254576,-0.642596,-1.4096913,-0.9813186,-0.6054746,-0.032790884,-0.07424524,-0.07281588,0.36408347,0.28957543,0.68675923,200.0,-200.0,-200.0,-200.0,-200.0,200.0,200.0,200.0,200.0,-200.0,200.0,200.0,-0.14693365,-0.46919665,-0.7387954,1.6072695,-1.6855626,-0.09284809,0.08022214,0.08498257,-0.8427413,1.6858834,-1.2763515,-0.031409897,16.84881,-0.0052105975,10.069296,-0.5273985,8.284834,15.926408,12.674613,0.8111157,4.2264433,-0.5238484,-17.744556,1.4825208
482,0.010116479,0.02298207,0.26199815,-0.04595617,-0.06236401,-0.99699485,1.0,0.0,0.0,-0.06265304,-0.4578173,0.11614865,0.0018138885,-0.8919477,-0.03846796,0.15454404,0.08585006,-0.033752978,0.107129455,-0.54558045,0.091528155,0.09421414,0.0827373,0.108990565,0.002875317,-0.1758478,-0.13923329,0.15065269,-0.030470608,-0.06913243,0.2057174,0.094599366,1.0569137,-1.0858213,0.2886837,-1.1303627,-0.9590623,-0.23593313,-0.6788864,-0.77507275,-0.30554575,-0.3017857,-0.47544813,0.17505783,0.0048040077,-200.0,-200.0,-31.632248326590073,200.0,200.0,200.0,-200.0,200.0,-200.0,-200.0,-7.297875164742351,-200.0,-0.06265304,-0.4578173,-0.68385136,1.6018139,-1.6919477,-0.03846796,0.15454404,0.08585006,-0.833753,1.7071295,-1.3455805,0.091528155,1.8842828,1.6547459,2.1798112,0.057506338,-3.5169559,-2.7846658,3.0130537,-0.60941213,-1.3826486,4.114348,1.8919873,21.138273
483,0.057347916,0.69563335,0.97349864,-0.031809837,-0.06258136,-0.9975328,1.0,0.0,0.0,-0.123368986,-0.43422702,0.08789301,0.019396901,-0.82029384,-0.15873991,0.1291766,0.07179381,-0.069217324,0.13018167,-0.41858476,0.19699144,-0.6407446,0.1555051,-0.37134367,0.14825429,0.7368838,-0.9869464,-0.3514375,-0.1016642,-0.26516804,0.03954472,1.0779766,0.094156966,0.57298994,0.00963426,1.2485234,-0.6506863,0.4207046,-0.08708386,0.32412565,0.44742855,1.0265008,0.064638175,-0.5068685,-0.879357,-200.0,-200.0,-200.0,-200.0,200.0,-200.0,-200.0,200.0,-200.0,-200.0,200.0,-176.3974175633101,-0.123368986,-0.43422702,-0.712107,1.6193969,-1.6202939,-0.15873991,0.1291766,0.07179381,-0.86921734,1.7301817,-1.2185848,0.19699144,-12.814892,3.1101022,-7.426873,2.9650857,14.737677,-19.738928,-7.02875,-2.033284,-5.303361,0.7908944,21.559532,1.8831393
484,-0.5876484,0.11574559,0.37398162,-0.01833335,-0.050406963,-0.9985605,1.0,0.0,0.0,-0.16325165,-0.38412547,0.066670835,0.034738183,-0.5920456,-0.2573401,0.11175549,0.08108958,-0.08837104,0.11700392,-0.31139928,0.10806705,0.15331016,0.3305181,0.11521951,-0.0017585902,1.5040659,-0.08022984,0.12900163,0.16696458,0.028213203,-0.11698874,0.09252415,-0.8861188,0.85241365,-0.94670516,0.9572627,-0.4142076,-0.24097873,0.09402788,0.40839946,-0.06367918,0.44310543,0.03080783,0.18458231,-0.31402707,200.0,200.0,200.0,0.5303020522506898,-200.0,-200.0,200.0,200.0,200.0,-200.0,200.0,200.0,-0.16325165,-0.38412547,-0.7333292,1.6347382,-1.3920456,-0.2573401,0.11175549,0.08108958,-0.88837105,1.717004,-1.1113993,0.10806705,3.066203,6.610362,2.3043902,-0.035171803,30.081318,-1.6045969,2.5800326,3.3392916,0.56426406,-2.3397748,1.850483,-17.722376
485,-0.019961225,-0.5205376,-0.0524606,-0.027713683,-0.03900392,-0.9988547,1.0,0.0,0.0,-0.05692579,-0.3461188,0.14296299,0.0042892694,-0.40249163,-0.17707327,0.1867048,0.08668181,-0.051287115,0.080847025,-0.19635987,-0.037420634,0.82665473,0.09231254,0.5845747,-0.24398552,0.48514056,0.5997481,0.47261354,-0.069521025,0.31693548,-0.20772485,0.8042142,-0.59998703,-0.054443948,-0.7340892,-0.8446732,-0.020341843,-1.374273,0.041877687,-0.19563721,-0.6117769,-0.14962688,0.1916439,-0.15028407,0.52853703,-11.651532552283982,-200.0,200.0,96.93764371357538,-21.841560489186918,48.51607277475273,200.0,-200.0,200.0,-200.0,-200.0,-41.02151646912,-0.05692579,-0.3461188,-0.657037,1.6042893,-1.2024916,-0.17707327,0.1867048,0.08668181,-0.8512871,1.680847,-0.9963599,-0.037420634,16.533094,1.8462508,11.691494,-4.87971,9.702811,11.994962,9.4522705,-1.3904204,6.3387094,-4.154497,16.084284,-11.999741
486,0.53346634,0.12791282,0.53918135,-0.03502357,-0.050385185,-0.99811554,1.0,0.0,0.0,0.03393605,-0.35046372,0.20517379,-0.017413378,-0.41077334,-0.09878677,0.22817379,0.046890784,-0.021482825,0.07063532,-0.0973317,-0.049174137,0.12534939,-0.13348264,0.09844844,-0.027270991,-0.47249594,0.3077031,-0.014642897,-0.31095618,0.0109551605,0.0766944,0.10145005,0.38346615,-0.87609667,1.0781605,-0.56697094,-0.28242314,-0.24114734,-0.45466417,-0.41380823,1.5426997,-0.38184002,0.3062979,-0.18070039,0.65350074,-200.0,-200.0,-200.0,195.9199832200249,-200.0,200.0,-200.0,-200.0,-200.0,33.533864599164964,-200.0,-27.881893698505053,0.03393605,-0.35046372,-0.5948262,1.5825866,-1.2107733,-0.09878677,0.22817379,0.046890784,-0.82148284,1.6706353,-0.8973317,-0.049174137,2.5069876,-2.6696527,1.9689687,-0.5454198,-9.449919,6.154062,-0.29285794,-6.2191234,0.2191032,1.533888,2.029001,7.669323
487,-0.16730337,0.61390114,1.2133404,-0.021309603,-0.055036027,-0.9982569,1.0,0.0,0.0,-0.0137526775,-0.34994835,0.18993163,-0.01722157,-0.39512283,-0.13528307,0.16689739,0.012149345,-0.059482574,0.11579394,-0.12482643,0.11052176,-0.5313811,0.11552782,-0.21567419,0.056228455,0.36089697,-0.5563235,-0.5485424,-0.056419134,-0.35212055,0.32346532,-0.12185241,1.0773108,0.33641967,0.022472475,1.0737729,-0.4741941,0.5373589,-0.56312025,0.59942204,0.26213136,1.007196,-0.3584649,-0.12985677,-0.15811178,-200.0,200.0,-200.0,86.43407466285555,13.026580116557213,93.88234364390132,-200.0,200.0,-200.0,-200.0,-35.63960512668541,-183.99850621480977,-0.0137526775,-0.34994835,-0.6100684,1.5827785,-1.1951228,-0.13528307,0.16689739,0.012149345,-0.8594826,1.715794,-0.92482644,0.11052176,-10.627622,2.3105564,-4.3134837,1.124569,7.2179394,-11.126471,-10.970847,-1.1283827,-7.042411,6.469306,-2.4370482,21.546215
488,-0.72865945,-0.0108738225,0.63836956,-0.012380664,-0.035682905,-0.9992865,1.0,0.0,0.0,-0.04043865,-0.2945354,0.20124102,-0.031443477,-0.21726888,-0.2752141,0.11221755,0.030121636,-0.09018129,0.14935207,-0.12874168,0.21879283,0.19539861,0.40171224,0.27149698,-0.18995047,1.3163602,-0.6172655,-0.051787067,0.20631568,0.008874387,0.045666255,-0.010424268,0.103273295,1.2052388,-1.1928512,0.6533936,0.4858505,0.6321902,0.03261991,0.60952896,-0.075135194,1.0388515,-1.4819276,-0.08283747,-0.7256099,200.0,200.0,200.0,-200.0,-2.972089121553445,-200.0,200.0,200.0,200.0,-200.0,200.0,52.87011393102307,-0.04043865,-0.2945354,-0.598759,1.5685565,-1.0172689,-0.2752141,0.11221755,0.030121636,-0.8901813,1.7493521,-0.9287417,0.21879283,3.907972,8.034245,5.4299397,-3.7990093,26.327204,-12.34531,-1.0357413,4.1263137,0.17748773,0.9133251,-0.20848536,2.065466
489,-0.07993008,-0.6349582,-0.075400464,-0.027072435,-0.020163449,-0.9994301,1.0,0.0,0.0,0.06334852,-0.24690714,0.24485624,-0.009482145,-0.04224056,-0.27795735,0.1601178,0.04440566,-0.04320711,0.12366593,-0.111323476,0.13668706,0.78351754,0.1258848,0.22380741,0.28750792,0.7999316,0.46836743,0.4769875,-0.034385778,0.41825184,-0.2694516,0.028092278,-0.83124506,0.17739034,-0.74754524,-0.72126687,0.96607226,-0.21682818,0.6555188,-0.35582203,-0.54098165,0.030241456,-0.27488133,0.2850834,-0.3090122,200.0,-200.0,200.0,-200.0,58.105019806904856,-200.0,200.0,-200.0,200.0,200.0,200.0,200.0,0.06334852,-0.24690714,-0.5551438,1.5905179,-0.8422406,-0.27795735,0.1601178,0.04440566,-0.8432071,1.723666,-0.9113235,0.13668706,15.67035,2.517696,4.476148,5.7501583,15.9986315,9.367349,9.53975,-0.68771553,8.365037,-5.3890314,0.56184554,-16.6249
490,0.5525303,0.08038147,0.43578756,-0.037898697,-0.031144205,-0.99879616,1.0,0.0,0.0,0.15688524,-0.25695252,0.2410695,0.08191562,0.0110244155,-0.076265424,0.19966733,0.011203317,0.024288237,0.050866008,-0.02180171,-0.014190225,0.18780059,-0.21110539,-0.22149503,0.5889542,-0.17071019,1.4341484,-0.036955934,-0.27928215,0.24946456,-0.43065006,0.6417142,-0.6417393,-0.66708696,0.13957402,-1.0896302,-1.1563476,-1.6954707,-0.5031624,-0.300493,1.2128488,-0.7035121,0.10279567,0.22254722,0.59505284,-200.0,-200.0,-200.0,-200.0,0.5490342035835738,51.736082527498866,-200.0,-200.0,-200.0,200.0,-200.0,168.29783429435997,0.15688524,-0.25695252,-0.5589305,1.6819156,-0.7889756,-0.076265424,0.19966733,0.011203317,-0.7757118,1.650866,-0.8218017,-0.014190225,3.7560117,-4.222108,-4.4299006,11.779084,-3.4142036,28.682968,-0.73911864,-5.585643,4.989291,-8.613001,12.834284,-12.834785
491,-0.21245627,0.5785192,1.1115639,-0.024974003,-0.035192862,-0.99906844,1.0,0.0,0.0,0.12652388,-0.27469057,0.16948998,0.18432677,-0.12735128,0.09881174,0.1336919,-0.015520427,0.02981025,-0.00035572052,0.065163374,-0.03894824,-0.4305689,0.018732792,-0.4771348,0.45316574,-1.1182506,0.41871578,-0.5725389,-0.0125675425,-0.15763734,-0.10923053,0.34531102,0.3000653,0.36290237,0.2808111,0.8510938,-0.93381965,-0.5112729,-1.24087,0.46795756,0.3801277,1.2841237,1.2633864,0.52205986,0.2877496,-200.0,200.0,-200.0,200.0,-32.01472578806522,200.0,-200.0,200.0,-200.0,-200.0,-200.0,-200.0,0.12652388,-0.27469057,-0.63051003,1.7843268,-0.9273513,0.09881174,0.1336919,-0.015520427,-0.77018976,1.5996443,-0.73483664,-0.03894824,-8.611378,0.3746558,-9.542696,9.063314,-22.365011,8.374315,-11.450778,-0.25135085,-3.152747,-2.1846106,6.9062204,6.001306
492,-0.7578858,-0.16104662,0.6060612,-0.019085163,-0.014461859,-0.99971324,1.0,0.0,0.0,0.111060575,-0.23158878,0.12753755,0.24167633,-0.28367275,0.076405436,0.086996965,0.013828513,-0.0011900663,0.032465577,0.13351822,0.062185384,0.20899312,0.37643644,-0.00013258644,0.15428361,-0.5422439,-0.5470013,0.029165838,0.2536393,-0.13927893,0.34010616,0.41865802,0.46665058,0.50974804,-1.4859754,0.57193,-0.55071276,-0.166043,-0.18576562,0.6424124,-0.58206284,0.6470709,-0.92361885,0.36869282,0.06039203,200.0,200.0,200.0,200.0,200.0,-89.56223780950853,200.0,200.0,200.0,-200.0,200.0,-200.0,0.111060575,-0.23158878,-0.67246246,1.8416764,-1.0836728,0.076405436,0.086996965,0.013828513,-0.8011901,1.6324656,-0.6664818,0.062185384,4.1798625,7.5287285,-0.002651729,3.0856721,-10.844878,-10.940026,0.58331674,5.072786,-2.7855785,6.802123,8.37316,9.333012
493,-0.039896443,-0.7159379,0.034834135,-0.037892178,0.0004922229,-0.9992817,1.0,0.0,0.0,0.20845954,-0.18036778,0.16902667,0.24063313,-0.2908674,-0.026163463,0.15099044,0.036281034,0.009922266,0.06700432,0.20997894,0.084875666,0.6371326,0.15995203,0.368936,-0.13380492,0.26783818,-0.5274914,0.55174935,0.01361977,0.2167203,0.04671539,0.27991524,-0.042515192,0.17611998,-1.0371104,-0.9569883,-0.5820133,-0.6579583,0.23331775,-0.5752853,-0.19907513,-0.35263735,-0.70737606,-0.06197337,-0.5341485,200.0,-200.0,200.0,-200.0,4.86009845431056,-21.44381125553654,42.94102681455922,-200.0,200.0,-200.0,42.90405720927512,137.25791986594254,0.20845954,-0.18036778,-0.63097334,1.8406332,-1.0908674,-0.026163463,0.15099044,0.036281034,-0.79007775,1.6670043,-0.5900211,0.084875666,12.742652,3.1990404,7.37872,-2.6760983,5.3567634,-10.549828,11.0349865,0.2723954,4.334406,0.9343078,5.5983047,-0.8503038
494,0.47414824,0.09325367,0.63781595,-0.048926596,-0.008851237,-0.99876314,1.0,0.0,0.0,0.27176866,-0.18643968,0.21464503,0.20128822,-0.3402689,-0.025044471,0.20019223,0.015954234,0.03360212,0.059042454,0.16901821,-0.030311083,0.026731446,-0.1982013,0.114834785,-0.2509441,-0.61845326,0.4359173,-0.007327854,-0.20421354,0.03611241,-0.1138758,-0.47062632,-0.9831559,-0.86255777,-0.069912195,-1.0700834,-0.0747274,-0.8730421,0.4050461,-0.7276871,1.0529072,-0.501113,0.44984335,-0.12390763,0.45323005,-200.0,-200.0,-200.0,-200.0,-13.969858381669667,-125.20994121456715,-200.0,-200.0,-200.0,-200.0,-77.56035528042469,189.94740757133223,0.27176866,-0.18643968,-0.585355,1.8012882,-1.1402689,-0.025044471,0.20019223,0.015954234,-0.7663979,1.6590425,-0.6309818,-0.030311083,0.5346289,-3.964026,2.2966957,-5.018882,-12.369065,8.718346,-0.14655708,-4.084271,0.72224814,-2.277516,-9.412526,-19.663118
495,-0.31925333,0.5605027,1.3747016,-0.035536084,-0.008273023,-0.99933416,1.0,0.0,0.0,0.21635848,-0.20163822,0.21110857,0.13773954,-0.5111081,0.11066064,0.14135239,0.004435291,-0.0031970143,0.071472764,0.06959617,-0.12329063,-0.53361624,0.027450433,-0.1402664,-0.35369474,-0.78699857,0.6350178,-0.52953166,0.066898465,-0.36710945,0.20586844,-0.4233679,-0.040163893,0.13489218,0.48751792,0.76274747,-0.03994292,-0.24348988,-0.59808075,0.7988772,0.7216303,1.0457966,0.7809773,0.08458132,1.0636276,-200.0,200.0,-200.0,200.0,37.76824071936596,200.0,-200.0,200.0,-200.0,-88.04906942196845,64.42443035258975,-47.00211661612116,0.21635848,-0.20163822,-0.58889145,1.7377396,-1.3111081,0.11066064,0.14135239,0.004435291,-0.803197,1.6714728,-0.73040384,-0.12329063,-10.672325,0.54900867,-2.8053281,-7.0738945,-15.739971,12.700356,-10.590632,1.3379693,-7.342189,4.1173687,-8.467358,-0.80327785
496,-0.88882416,-0.19613846,0.90010434,-0.029704574,0.01816589,-0.99939364,1.0,0.0,0.0,0.17166243,-0.15597658,0.21854168,0.063343406,-0.5631922,0.13030429,0.0963524,0.04443609,-0.05442977,0.12934172,0.05885881,-0.023737105,-0.0649245,0.37433776,0.15581088,-0.36316872,0.17063415,-0.3452842,0.010803545,0.3033888,-0.16818264,0.35986334,0.047807336,0.9375882,0.5480392,-1.5619262,0.1561038,0.9438687,0.4964059,-0.36580208,0.7752943,-0.9601566,1.1809071,-1.2208927,0.0663868,0.46252188,200.0,200.0,200.0,200.0,5.578546601311629,200.0,5.31083701400631,200.0,200.0,147.06543767882562,200.0,-200.0,0.17166243,-0.15597658,-0.58145833,1.6633434,-1.3631922,0.13030429,0.0963524,0.04443609,-0.8544298,1.7293417,-0.7411412,-0.023737105,-1.29849,7.4867554,3.1162174,-7.2633743,3.412683,-6.905684,0.21607089,6.067776,-3.3636527,7.1972666,0.9561467,18.751764
497,-0.19644313,-0.114706054,-0.14067554,-0.034859605,0.038958482,-0.9986326,1.0,0.0,0.0,0.21130769,-0.10795912,0.22606546,0.024650216,-0.42007262,-0.013000675,0.15946805,0.0736995,-0.06681967,0.16675329,0.061887562,0.1448819,0.42255792,0.1279896,-0.045714222,-0.05963802,1.1601892,-0.7593308,0.55992836,0.018665288,0.030062322,0.050616145,0.009281408,0.70356894,0.80245924,-1.2791533,-0.8128911,0.05039966,-0.86886656,-0.01327607,-0.763578,-0.44148424,-0.46112552,-1.2453883,-0.46796155,-0.93815243,200.0,-200.0,200.0,-200.0,-0.3399713372929103,-70.59093870268919,200.0,-200.0,-110.10752641690536,200.0,200.0,51.743783989794565,0.21130769,-0.10795912,-0.57393456,1.6246502,-1.2200726,-0.013000675,0.15946805,0.0736995,-0.8668197,1.7667533,-0.73811245,0.1448819,8.451159,2.559792,-0.9142844,-1.1927603,23.203783,-15.186616,11.198567,0.37330574,0.6012464,1.0123229,0.18562816,14.071379
498,0.33584973,0.7149001,-0.16995516,-0.021705884,0.034427885,-0.99917144,1.0,0.0,0.0,0.34027913,-0.114147134,0.18764043,0.031044245,-0.29237014,-0.059181288,0.22258925,0.0524779,-0.079254866,0.16283071,-0.03832233,0.17838885,0.8176547,-0.1710077,-0.2914169,0.07939812,0.21192332,0.0825757,0.11444714,-0.20769592,-0.13742746,-0.080592096,-0.85856503,-0.2708525,-1.1050793,0.73400116,0.94119555,0.16561167,-0.7253862,0.32994416,-0.6467381,0.803815,0.6059586,-0.3388319,-0.06823326,-0.12160296,-200.0,-200.0,-200.0,-200.0,-62.93432527578284,-200.0,170.4994965009315,-200.0,-200.0,-31.453134947171613,-200.0,30.75245823525593,0.34027913,-0.114147134,-0.6123596,1.6310443,-1.0923702,-0.059181288,0.22258925,0.0524779,-0.8792549,1.7628307,-0.83832234,0.17838885,16.353094,-3.4201539,-5.828338,1.5879623,4.2384663,1.6515139,2.2889428,-4.1539183,-2.7485492,-1.6118419,-17.1713,-5.41705
499,0.06172332,-0.06066138,0.61553127,-0.009811499,0.027313711,-0.9995788,1.0,0.0,0.0,0.45375413,-0.13225678,0.15823084,0.051758766,-0.35688645,0.040892612,0.17941852,0.038917515,-0.0678426,0.11744809,-0.10559571,0.08105611,0.3586994,-0.004834344,-0.03601196,0.11220073,-0.71880525,0.61584145,-0.48329177,0.038946494,0.21713416,-0.34852177,0.03224536,-0.4496393,-1.1319387,0.6137796,0.96034354,0.46533257,-0.36442965,-0.33557177,0.2816661,0.58380866,0.70080143,-0.33975738,0.5760083,0.6565441,-200.0,200.0,200.0,-200.0,83.96215968814212,45.04100287340185,-200.0,200.0,200.0,120.10810530471662,-93.98151139432048,-32.18347288894131,0.45375413,-0.13225678,-0.6417692,1.6517588,-1.1568865,0.040892612,0.17941852,0.038917515,-0.8678426,1.7174481,-0.9055957,0.08105611,7.173988,-0.096686885,-0.7202392,2.2440145,-14.376104,12.316829,-9.665835,0.7789299,4.3426833,-6.970435,0.6449072,-8.992785
500,-0.27024978,-0.86688644,0.68987775,-0.029234516,0.03252706,-0.9990432,1.0,0.0,0.0,0.48021215,-0.10427181,0.1642192,0.083940744,-0.40188617,0.052835766,0.13161936,0.061488822,0.014960229,0.017053008,0.0068268776,0.09863577,-0.05492673,0.26139233,0.08596724,0.19979736,0.05787871,-0.3949764,-0.03545053,0.17300993,0.57264143,-0.62937707,0.9959507,0.52797973,-0.5918102,-1.2665218,-0.43258652,-0.41636467,-0.40826017,-0.50835764,0.9541505,-0.7715757,-1.2598449,0.20773157,-0.8241418,-0.009893186,200.0,200.0,200.0,-134.13139127877923,200.0,200.0,-200.0,200.0,200.0,200.0,34.8357711409486,-200.0,0.48021215,-0.10427181,-0.6357808,1.6839408,-1.2018862,0.052835766,0.13161936,0.061488822,-0.7850398,1.617053,-0.79317313,0.09863577,-1.0985346,5.227846,1.7193449,3.9959471,1.1575742,-7.899528,-0.7090106,3.4601986,11.452828,-12.587542,19.919014,10.559594
