step,obs_0,obs_1,obs_2,obs_3,obs_4,obs_5,obs_6,obs_7,obs_8,obs_9,obs_10,obs_11,obs_12,obs_13,obs_14,obs_15,obs_16,obs_17,obs_18,obs_19,obs_20,obs_21,obs_22,obs_23,obs_24,obs_25,obs_26,obs_27,obs_28,obs_29,obs_30,obs_31,obs_32,obs_33,obs_34,obs_35,obs_36,obs_37,obs_38,obs_39,obs_40,obs_41,obs_42,obs_43,obs_44,torque_0,torque_1,torque_2,torque_3,torque_4,torque_5,torque_6,torque_7,torque_8,torque_9,torque_10,torque_11
0,0.0,0.0,0.0,0.0,0.0,0.0,0.0,0.0,0.0,0.0,0.0,0.0,0.0,0.0,0.0,0.0,0.0,0.0,0.0,0.0,0.0,0.0,0.0,0.0,0.0,0.0,0.0,0.0,0.0,0.0,0.0,0.0,0.0,0.0,0.0,0.0,0.0,0.0,0.0,0.0,0.0,0.0,0.0,0.0,0.0,0.0,0.0,0.0,0.0,0.0,0.0,0.0,0.0,0.0,0.0,0.0,0.0
0,0.0,0.0,0.0,0.0,0.0,-1.0,1.0,0.0,0.0,7.3368655e-16,-1.7811991e-16,-0.00056636333,0.0012165308,-0.008499324,1.2304617e-16,6.948549e-16,-1.6616677e-16,0.00035369396,-0.0012334585,0.012701869,1.1534523e-15,2.3181005e-14,-3.4466328e-15,-0.031629678,0.06483086,-0.23673849,3.3708178e-15,2.2012499e-14,-2.744529e-15,0.009590915,-0.03288022,0.39690405,3.1920223e-14,0.026037693,0.17850569,-1.1929803,-0.11543497,-2.659664,1.6658429,-0.14675932,1.1027536,-1.5938357,-0.4598938,-3.1214411,0.6065278,5.717819603738509e-11,-8.07268640514504e-12,-228.35077282745075,423.1055313632681,-271.0417932677635,2.678168617358365e-12,5.5912737217142886e-11,5.919591235999292e-14,80.64024586208585,-171.82432243587266,500.0,3.397549191886235e-11
1,0.0,0.0,0.0,0.0,0.0,-1.0,1.0,0.0,0.0,0.011529087,0.000404915,-0.0092125535,-0.0003951788,0.005215347,0.058184247,0.0011286774,0.00937476,-0.011919558,-0.00083982944,-0.039736748,0.017248807,0.19738534,-0.015659822,-0.020407451,-0.07061095,0.26516718,0.49209586,-0.099649236,0.061919786,-0.12487211,0.06085484,-0.059708145,0.27434486,1.3391008,-0.010226265,-0.4454745,-0.23172474,-2.2496917,-0.14425182,0.82902336,2.1544576,-3.4230242,-0.081273675,-3.3349044,2.5968843,500.0,-216.26828339458245,351.7032953060884,-500.0,500.0,500.0,-500.0,87.67679370111847,-473.2079747259987,500.0,500.0,500.0
2,0.0,0.0,0.0,0.0,0.0,-1.0,1.0,0.0,0.0,0.020478547,0.0011839085,-0.014696181,-0.0040609837,-0.0010078549,0.08227184,0.004517613,0.028805124,-0.040885687,-0.0019881725,-0.1060189,0.012114879,-0.048131965,0.0087758945,-0.0537949,0.03672796,-0.2254986,0.39032957,0.11183294,0.09076119,-0.115872756,-0.07544303,-0.52184427,-0.21727705,0.5008992,0.2203141,-2.27637,1.0157377,-3.8737538,-0.57733643,0.3672973,2.8025901,-1.0553137,-1.8453825,-2.0135896,-0.66673136,-500.0,101.17034383086425,-328.27935864858546,500.0,-500.0,500.0,500.0,-121.26293171803468,342.5839326723435,-500.0,-500.0,-500.0
3,0.0,0.0,0.0,0.0,0.0,-1.0,1.0,0.0,0.0,0.037907317,0.0026193154,-0.0364213,0.010524631,-0.020903528,0.094286755,-0.008581197,0.05550135,-0.05041951,-0.026638865,-0.13306224,0.024186637,0.18195203,-0.0018832622,-0.15529327,0.13234916,0.097068116,-0.14196716,-0.1715278,0.1490914,0.0066875494,-0.1883422,0.08057226,0.25037318,0.44993174,-0.1173435,-1.1791674,1.4288249,-3.528383,-1.0466317,-0.0565912,3.0366774,-1.2739619,-3.1922731,-3.3974407,1.488473,500.0,-109.45902419552847,-500.0,500.0,500.0,-500.0,-500.0,161.40201357705791,431.8884160489262,-500.0,500.0,500.0
4,0.0,0.0,0.0,0.0,0.0,-1.0,1.0,0.0,0.0,0.047591142,0.0020838764,-0.047950625,0.017759442,-0.061753273,0.1240689,-0.01168048,0.08208936,-0.060965538,-0.05079508,-0.17347443,0.016634608,-0.047659818,0.0074624494,0.0016436666,-0.022040205,-0.40446877,0.34017247,0.09700497,0.112801395,-0.09719177,-0.060476433,-0.39203462,-0.22799997,1.9197775,0.021536842,0.64869595,-0.053583674,-1.8049171,0.19527766,1.941788,2.8350496,-1.6540427,-2.0798488,-2.0863094,-0.8040296,-500.0,140.71463543900393,500.0,-500.0,-500.0,500.0,500.0,-231.56251881447747,-500.0,500.0,-500.0,-500.0
5,0.0,0.0,0.0,0.0,0.0,-1.0,1.0,0.0,0.0,0.065453656,0.0015746556,-0.041040838,0.014378667,-0.08697969,0.13449039,0.0077672745,0.105259866,-0.07413733,-0.07493305,-0.1941256,0.028724615,0.18470593,-0.012947801,0.052018013,-0.04085184,0.065193556,-0.13820587,0.22037883,0.07747563,-0.05617829,-0.1719229,0.09040593,0.26232636,1.0712502,-0.19823425,-1.477901,0.5041276,-3.7702644,-0.6835209,-0.7043309,3.2325687,-0.86709356,-1.0748484,-0.45319825,0.7902874,500.0,-142.2406232245007,92.55572894890986,-210.67786317810678,500.0,-500.0,500.0,-354.3556683003669,200.31079081520465,-452.4562087333499,500.0,500.0
6,0.0,0.0,0.0,0.0,0.0,-1.0,1.0,0.0,0.0,0.06868214,0.000567615,-0.049874663,0.023595095,-0.12876928,0.16423342,0.0081736725,0.13426755,-0.08248818,-0.08888185,-0.23617429,0.01973547,-0.08571213,0.0037127247,-0.065832175,0.04600578,-0.39484912,0.3399472,-0.1351586,0.18724973,0.028983561,-0.1430234,-0.40807685,-0.24743846,2.331465,-0.56466126,0.58114135,-0.2612768,-1.8252258,-0.08633798,0.96367,2.6697853,-1.4218054,-1.2418892,-0.12067515,-1.079271,-500.0,133.152144793265,-140.69921964890585,141.4166735629343,-500.0,500.0,-500.0,490.299396180725,500.0,-500.0,-500.0,-500.0
7,0.0,0.0,0.0,0.0,0.0,-1.0,1.0,0.0,0.0,0.08284477,-0.0052880724,-0.045055747,0.014780164,-0.15238494,0.17628667,0.025088299,0.1550944,-0.093872726,-0.09998536,-0.24658126,0.031989913,0.16825156,-0.042125538,0.046828542,-0.05193184,0.06929453,-0.13010703,0.2263548,0.05243438,-0.11932655,0.00969439,0.15990835,0.2652772,1.472975,-0.60651827,-1.3542613,0.016239382,-2.4915519,-1.0795087,-0.8280884,3.2029586,-1.111134,0.2391697,1.0735383,0.61399937,500.0,-147.02766866059736,155.71485585234157,-177.63337786603418,500.0,-500.0,500.0,-500.0,-500.0,500.0,500.0,500.0
8,0.0,0.0,0.0,0.0,0.0,-1.0,1.0,0.0,0.0,0.08740863,-0.010342231,-0.05288613,0.019491911,-0.1935144,0.189493,0.021102477,0.18192929,-0.10288608,-0.09565854,-0.27183682,0.023614407,-0.0745718,-0.013694716,-0.055671394,0.013748285,-0.39183077,0.25707865,-0.16542494,0.18321674,0.025140604,-0.037810616,-0.31390536,-0.24466193,2.4067256,-0.7850243,0.39253378,-0.7410414,-1.5866737,-0.78282285,1.0603757,2.629167,-1.4654633,-1.0438769,0.56489825,-1.2282764,-500.0,150.4379075548561,-126.99063522644889,85.64509545830833,-500.0,500.0,-500.0,500.0,500.0,-500.0,-500.0,-500.0
9,0.0,0.0,0.0,0.0,0.0,-1.0,1.0,0.0,0.0,0.103304274,-0.018187933,-0.048341155,0.005409956,-0.21602958,0.18443365,0.035634313,0.20074038,-0.1112901,-0.102672696,-0.27516776,0.03634933,0.17898105,-0.052313056,0.055954475,-0.1013925,0.07547026,-0.2154897,0.21867621,0.040867608,-0.11001922,0.024467345,0.18058652,0.2671075,1.9222567,-0.7048036,-1.2566262,-0.40687338,-1.7425349,-0.98340094,-0.3552488,3.072987,-1.3204676,0.35860518,1.577456,0.44785225,500.0,-157.29085541251922,261.2498200704281,-354.8553939677213,500.0,-500.0,500.0,-500.0,-500.0,500.0,500.0,500.0
10,0.0,0.0,0.0,0.0,0.0,-1.0,1.0,0.0,0.0,0.10772859,-0.023783661,-0.056505382,0.0055755377,-0.2560082,0.1978407,0.03519177,0.22373298,-0.11911577,-0.09937978,-0.2917127,0.028943129,-0.08047779,-0.0136114685,-0.088778965,0.053205814,-0.38597926,0.25635147,-0.14275031,0.16318083,0.04032003,-0.06327523,-0.27890265,-0.23888417,2.4636579,-0.7541493,0.30121928,-0.95176655,-1.2366545,-0.3673928,1.3955973,2.509438,-1.1360857,-1.1811955,1.2479453,-1.3485154,-500.0,170.1031396498272,-406.6828898786221,500.0,-500.0,500.0,-500.0,500.0,500.0,-500.0,-500.0,-500.0
11,0.0,0.0,0.0,0.0,0.0,-1.0,1.0,0.0,0.0,0.16539456,-0.03978618,-0.049003005,-0.010802507,-0.27848607,0.19464213,0.05108424,0.23975906,-0.12613553,-0.107530236,-0.28846484,0.042289376,0.713336,-0.1647005,0.11114844,-0.15159385,0.071932994,-0.18822347,0.22356121,0.026795987,-0.103882454,0.0131062595,0.2130016,0.26941475,2.5083647,-0.5742756,-1.0255523,0.3455828,-0.5595256,-0.7662139,0.49711418,2.9949014,-1.4229171,-0.4121928,1.5222061,0.16164178,500.0,-320.1748720800964,260.85870255758994,-468.87721305065133,500.0,-500.0,500.0,-500.0,-500.0,500.0,500.0,500.0
12,0.0,0.0,0.0,0.0,0.0,-1.0,1.0,0.0,0.0,0.18781315,-0.046262976,-0.053587854,-0.006314397,-0.30785125,0.20784253,0.052823406,0.25978228,-0.13149565,-0.10816133,-0.30463833,0.0355704,-0.086475804,-0.0018072171,0.0038412362,-0.040967476,-0.34040222,0.25435826,-0.13297741,0.14965433,0.05093021,-0.07020398,-0.27673402,-0.23513393,3.4349852,-0.40601528,0.70256495,-1.4836977,-0.5291368,-1.0147127,3.3523936,1.9621773,-1.449732,-1.5868294,0.9711383,-1.7610945,-500.0,162.58838664680167,418.0264200734514,-500.0,-500.0,500.0,-500.0,500.0,500.0,-500.0,-500.0,-500.0
13,0.0,0.0,0.0,0.0,0.0,-1.0,1.0,0.0,0.0,0.21393803,-0.050048877,-0.04298395,-0.026441336,-0.3188154,0.20131369,0.074688464,0.27009127,-0.13716471,-0.12165117,-0.30101138,0.050122004,0.24691144,-0.029837275,0.09150982,-0.16196474,0.13625966,-0.2232552,0.25950906,-0.007333929,-0.107489206,-0.0031203507,0.21487331,0.2757725,2.197871,-0.56846595,-1.4007381,1.1503679,-0.5635817,-0.57421756,0.32260203,3.0061193,-0.603,-0.17893161,3.4575515,0.23929566,500.0,-182.99206929789915,435.40866105492904,-500.0,500.0,-500.0,500.0,-500.0,-500.0,500.0,500.0,500.0
14,0.0,0.0,0.0,0.0,0.0,-1.0,1.0,0.0,0.0,0.23175181,-0.052754913,-0.05213052,-0.016836166,-0.3469215,0.21316837,0.07071594,0.2890784,-0.13819885,-0.12136006,-0.26308435,0.043769374,-0.008360153,-0.00011397529,-0.016359393,-0.009724067,-0.3351778,0.25160047,-0.17973597,0.1530917,0.078049704,-0.06324979,0.38004455,-0.23447335,2.707089,-0.7472131,0.7215183,-0.017683648,0.48040438,-0.6003021,3.0540118,2.1001756,-1.1783608,-2.1345963,1.1512177,-1.9034468,-500.0,182.24837408878736,411.5063425120269,-500.0,-500.0,500.0,-500.0,500.0,500.0,-500.0,500.0,-500.0
15,0.0,0.0,0.0,0.0,0.0,-1.0,1.0,0.0,0.0,0.2650746,-0.058799066,-0.044084847,-0.01985228,-0.35614806,0.20639844,0.09319566,0.297548,-0.1422903,-0.13795924,-0.2433086,0.058496796,0.27432817,-0.044959877,0.08765098,-0.071325175,0.14494897,-0.22356188,0.27722064,-0.02055175,-0.09863437,-0.035133485,-0.091267236,0.2767237,2.6408587,-0.45949543,-0.09866504,0.24297413,1.510559,-1.2907405,2.150064,2.1430643,-2.5902765,-0.0018064259,0.07881445,0.23088175,500.0,-193.29449850714474,320.22012813419144,-420.256644344462,500.0,-500.0,500.0,-500.0,-500.0,500.0,-500.0,500.0
16,0.0,0.0,0.0,0.0,0.0,-1.0,1.0,0.0,0.0,0.30379394,-0.06233433,-0.043484807,-0.012601733,-0.32381052,0.21813573,0.113790244,0.30658513,-0.15996546,-0.1324848,-0.20283204,0.053305373,-0.017580891,0.016499614,-0.05724175,0.09687911,0.40736088,0.24389434,-0.044978257,0.09925094,-0.019024547,-0.018651055,0.39446703,-0.22790352,2.3976529,-0.9720869,-0.07575141,-0.5413475,0.25694633,-0.010034323,0.7338343,2.50087,0.46972853,-0.5178294,3.7408035,-1.8577856,-500.0,-96.70304960882717,-396.91895115900167,475.62435367121344,500.0,500.0,-500.0,500.0,500.0,-27.128977826041762,500.0,-500.0
17,0.0,0.0,0.0,0.0,0.0,-1.0,1.0,0.0,0.0,0.3352981,-0.06933334,-0.038379014,-0.018409729,-0.30110914,0.21208419,0.11357968,0.32037234,-0.15724862,-0.13180304,-0.18507588,0.067027465,0.25912508,-0.05280107,0.07167003,-0.095189534,-0.081830904,-0.2180353,0.13127397,0.013029165,-0.060145225,0.0860303,-0.10573349,0.27059266,1.1886598,-0.7678305,-0.42900473,0.2511749,0.92815804,-2.4139647,1.9367566,2.3523054,-1.8244807,-1.2770889,0.124438286,0.34341076,500.0,-194.22813014703894,468.45762461078016,-500.0,-500.0,-500.0,500.0,-500.0,-500.0,384.737027294785,-500.0,500.0
18,0.0,0.0,0.0,0.0,0.0,-1.0,1.0,0.0,0.0,0.33520958,-0.0728971,-0.042588294,-0.013920426,-0.25791115,0.22447766,0.11982766,0.33168513,-0.15774077,-0.1400441,-0.14611721,0.0616415,-0.093139805,-0.0063421763,-0.06632916,0.08165244,0.4131252,0.2517747,-0.09144481,0.10428444,0.07307286,-0.13011281,0.3903699,-0.22782333,2.2158806,-1.0003822,0.23759617,-1.2266613,-0.37208128,-0.26812473,1.816827,2.0502722,-1.3342676,-0.9008988,1.2266407,-2.2316728,-500.0,214.87867911220522,-500.0,500.0,500.0,500.0,-500.0,500.0,500.0,-500.0,500.0,-500.0
19,0.0,0.0,0.0,0.0,0.0,-1.0,1.0,0.0,0.0,0.34984607,-0.08035658,-0.036863685,-0.025580168,-0.234155,0.21894942,0.14602247,0.33507273,-0.16813815,-0.14460242,-0.12585324,0.07664825,0.17820035,-0.052375525,0.07372689,-0.11659292,-0.07656753,-0.2163658,0.2806972,-0.042839702,-0.1324126,0.03904856,-0.09146947,0.2770624,0.8899598,-1.0152043,-0.5695558,-0.5470945,-0.1518234,-2.706002,1.8212147,2.459572,-1.779672,-0.015892167,0.10749906,0.514817,500.0,-186.48167806670207,500.0,-500.0,-500.0,-500.0,500.0,-500.0,-500.0,500.0,-500.0,500.0
20,0.0,0.0,0.0,0.0,0.0,-1.0,1.0,0.0,0.0,0.35229498,-0.08619043,-0.040090263,-0.028393984,-0.18963379,0.20756118,0.15537955,0.34414127,-0.17666817,-0.13887691,-0.08667618,0.07127682,-0.09563796,-0.01470194,-0.06756845,0.04476963,0.420533,0.13217159,-0.10439237,0.10377344,0.042601403,-0.037880797,0.38889572,-0.22871351,2.0348132,-0.7017504,0.083627716,-1.9978327,-1.9393766,-0.15915832,0.6171321,2.4351768,-1.0014132,-0.85419476,0.7279232,-2.8008156,-500.0,185.4574031726042,-500.0,500.0,500.0,500.0,-500.0,500.0,500.0,-500.0,500.0,-500.0
21,0.0,0.0,0.0,0.0,0.0,-1.0,1.0,0.0,0.0,0.36181533,-0.09062473,-0.03412968,-0.048159957,-0.2232421,0.17675108,0.18021426,0.3465255,-0.1865263,-0.14213026,-0.0664835,0.08629021,0.1517249,-0.03641882,0.07917046,-0.16462992,-0.4369208,-0.34327003,0.27350107,-0.049312726,-0.12840635,0.039574828,-0.09226454,0.27705866,0.96036583,-0.88348114,-0.79066515,-1.332836,-1.4939926,-2.4265919,1.5496453,2.8891,-2.1474972,-0.019927401,-0.5685839,0.40996647,500.0,-197.0188427793335,500.0,-500.0,-500.0,-500.0,500.0,-493.0868917173019,-500.0,500.0,-500.0,500.0
22,0.0,0.0,0.0,0.0,0.0,-1.0,1.0,0.0,0.0,0.3590988,-0.09462701,-0.040077746,-0.05517447,-0.25052828,0.16510223,0.18364139,0.35824135,-0.1920703,-0.1367203,-0.027411222,0.08017403,-0.124590255,-0.0038852796,-0.08549361,0.029335022,0.062094647,0.131206,-0.13978519,0.12302971,0.061244544,-0.039178804,0.38890275,-0.23338841,2.4432392,-0.5061909,0.28486526,-2.5362453,-2.985025,0.49235347,0.16115935,2.4291506,-1.4633981,-0.50361055,-0.2484613,-3.187594,-500.0,205.51692550855194,-500.0,500.0,500.0,500.0,-500.0,500.0,500.0,-500.0,500.0,-500.0
23,0.0,0.0,0.0,0.0,0.0,-1.0,1.0,0.0,0.0,0.3648014,-0.097069494,-0.035376012,-0.07823849,-0.2975089,0.13377808,0.20121175,0.36395702,-0.2022919,-0.13187027,-0.007560253,0.09422836,0.1390608,-0.028766215,0.075361,-0.17366812,-0.4317939,-0.34659895,0.23903354,-0.034827713,-0.13271584,0.0795471,-0.09454155,0.27262577,1.3208272,-0.4972431,-0.5124774,-2.550921,-2.0415125,-3.057673,1.455892,3.1536324,-2.6765885,1.1534891,-1.0398675,-0.0036717057,500.0,-226.7543356212937,500.0,-500.0,-500.0,-500.0,500.0,-500.0,-500.0,500.0,-500.0,500.0
24,0.0,0.0,0.0,0.0,0.0,-1.0,1.0,0.0,0.0,0.35802674,-0.09705735,-0.0376665,-0.09343052,-0.32408255,0.121258505,0.20189904,0.3774119,-0.2103712,-0.11813998,0.019893646,0.08738908,-0.14805678,0.01986196,-0.06475723,-0.0144525645,0.06579824,0.12717788,-0.15196213,0.13216043,0.05549202,-0.008284025,0.3316791,-0.23687223,1.8096094,-0.1395825,-0.26946855,-2.6990917,-3.8222146,1.5578681,-1.1496575,2.5338447,-1.0963615,0.09849213,-0.5707564,-3.2310271,-500.0,238.0142105762168,-500.0,500.0,500.0,500.0,-500.0,500.0,500.0,-500.0,500.0,-500.0
25,0.0,0.0,0.0,0.0,0.0,-1.0,1.0,0.0,0.0,0.3587511,-0.09582023,-0.034464538,-0.11684561,-0.36989468,0.08898914,0.21730527,0.38454607,-0.2216062,-0.109345555,0.028265357,0.10082527,0.11720141,-0.0141958995,0.07130151,-0.18679084,-0.42582828,-0.35113344,0.22852603,-0.02882191,-0.14007096,0.09813968,-0.1523207,0.2696779,1.0419828,-0.23177879,-0.71573126,-1.985313,-1.2870078,-2.6811428,0.8517361,3.375028,-2.3540268,0.81621367,-1.2314308,-0.055435658,500.0,-269.6839633173132,500.0,-500.0,-500.0,-500.0,500.0,-500.0,-500.0,500.0,-500.0,500.0
26,0.0,0.0,0.0,0.0,0.0,-1.0,1.0,0.0,0.0,0.3477858,-0.09297313,-0.0389539,-0.13144982,-0.3950581,0.07596163,0.21433863,0.3994697,-0.22407097,-0.10263479,0.055781662,0.09360212,-0.17084035,0.03686768,-0.07620391,-0.0073722634,0.07310568,0.12518902,-0.17013016,0.13925059,0.08123036,-0.03082863,0.33189335,-0.2388017,1.775183,0.26366448,-0.3479367,-1.6591192,-2.8853126,2.404756,-1.2602221,2.507011,-0.7507114,-0.59477115,-1.144161,-3.3057346,-500.0,280.2645181289017,-500.0,500.0,500.0,500.0,-500.0,500.0,500.0,-500.0,500.0,-500.0
27,0.0,0.0,0.0,0.0,0.0,-1.0,1.0,0.0,0.0,0.34283814,-0.088468,-0.038877904,-0.15215027,-0.43947726,0.10091588,0.22686043,0.40752193,-0.22826916,-0.10524309,0.064421,0.1067901,0.090488784,-3.6308127e-05,0.05324601,-0.16920207,-0.41914278,-0.065384924,0.21529262,-0.025132194,-0.10807606,0.04075943,-0.15133941,0.2685292,1.2078235,0.13174577,-0.2583928,-0.68897074,0.10980463,-2.1954234,1.5616399,3.012326,-1.8846596,-0.107715145,-1.4948959,-0.072360426,500.0,-319.59492567963764,500.0,-500.0,-500.0,-500.0,500.0,-500.0,-500.0,500.0,-500.0,500.0
28,0.0,0.0,0.0,0.0,0.0,-1.0,1.0,0.0,0.0,0.3302593,-0.0814019,-0.04539281,-0.15468621,-0.43781477,0.028210511,0.22315422,0.4213937,-0.22610575,-0.10534036,0.09197384,0.09966929,-0.18308245,0.073203735,-0.064678185,0.05029265,-0.24730341,-0.56503123,-0.17206511,0.1316369,0.10665009,-0.064592175,0.33237776,-0.23780783,2.126836,0.668074,-0.45061088,-0.11904957,-1.8932698,0.8815024,0.03206558,2.8384752,-1.0482637,-1.129884,-2.7161546,-3.4380589,-500.0,496.67237204608693,-500.0,500.0,-500.0,-500.0,-500.0,500.0,500.0,-500.0,500.0,-500.0
29,0.0,0.0,0.0,0.0,0.0,-1.0,1.0,0.0,0.0,0.3263575,-0.07430831,-0.04718995,-0.15640569,-0.4304449,0.05217091,0.23553924,0.42796776,-0.2270419,-0.110788226,0.050188243,0.1051658,0.09152015,0.014545332,0.040591054,-0.08160808,0.22624312,-0.0713577,0.21527104,-0.032600056,-0.0988848,0.023084214,-0.08281751,0.23009251,2.2524357,0.47338092,0.7600472,-0.89318883,0.5387664,1.8592726,-0.11763625,2.4635875,-1.7158701,0.61915433,-1.7459857,-0.6448163,500.0,-346.3233220902373,500.0,-500.0,500.0,-500.0,500.0,-500.0,-500.0,500.0,500.0,500.0
30,0.0,0.0,0.0,0.0,0.0,-1.0,1.0,0.0,0.0,0.32015717,-0.065740325,-0.04092139,-0.16187215,-0.44393367,0.09522829,0.23027562,0.4407522,-0.22691625,-0.100290656,0.04335195,0.09014272,-0.14931749,0.071277134,-0.007694082,0.03495408,-0.257115,0.40460464,-0.18032353,0.12598127,0.102454,-0.0031888231,-0.22760944,-0.27733204,1.1937213,1.0744828,-0.6248478,0.047562815,-2.247874,1.3071847,-0.17157005,2.1274483,0.65070105,-2.8498278,-0.5768951,-3.5684047,-500.0,338.78107056879674,-500.0,500.0,-500.0,500.0,-500.0,500.0,500.0,-500.0,-500.0,-500.0
31,0.0,0.0,0.0,0.0,0.0,-1.0,1.0,0.0,0.0,0.31579408,-0.05395629,-0.045166492,-0.15380466,-0.43613428,0.11775066,0.2353628,0.44718635,-0.21451312,-0.12289786,0.0567739,0.0959682,0.08188638,0.035332188,-0.06472668,0.11068674,0.23931883,-0.07890574,0.18140851,-0.03405132,-0.04066873,-0.053969003,0.26050326,0.2320135,1.1858227,0.22825481,-0.9445579,2.7091393,1.9368896,0.45348635,-0.078442916,2.4439938,-2.3638859,-0.9151596,-2.7564971,-0.40349287,500.0,-321.6449337540598,-431.44077909678936,500.0,500.0,-500.0,500.0,-500.0,-500.0,500.0,500.0,500.0
32,0.0,0.0,0.0,0.0,0.0,-1.0,1.0,0.0,0.0,0.3122794,-0.047881857,-0.055540025,-0.12361026,-0.44049913,0.16103269,0.23559076,0.4557296,-0.21696979,-0.12571299,0.052855015,0.08159544,-0.12687294,0.05405454,-0.085572,0.2105768,-0.18784668,0.4062572,-0.16660373,0.10829904,0.1097839,-0.108359255,-0.20994106,-0.2740775,2.1694517,0.48957753,1.5431991,0.92819726,0.8578961,-0.8581021,3.3845036,1.8503101,-0.9282063,-2.501247,-1.6979921,-2.1733103,-500.0,322.59208308539615,-500.0,500.0,-500.0,500.0,-500.0,500.0,500.0,-472.57044062165045,-500.0,-500.0
33,0.0,0.0,0.0,0.0,0.0,-1.0,1.0,0.0,0.0,0.32224116,-0.04299729,-0.044351578,-0.11263549,-0.42425925,0.17665395,0.25005615,0.45739046,-0.21977776,-0.14488423,0.06953651,0.087744765,0.17635919,-0.011799882,0.08234328,0.06471332,0.26766697,0.3648177,0.228258,-0.058248192,-0.117776334,-0.03726393,0.27681473,0.23329826,1.6808816,0.15281142,-0.4237042,1.2950755,0.46081722,-0.9999567,0.6192219,2.480439,-2.0034864,-0.65592223,-2.608775,-1.1426935,500.0,-445.92281952467215,140.88266773048508,95.70892257380501,500.0,500.0,500.0,-500.0,-500.0,500.0,500.0,500.0
34,0.0,0.0,0.0,0.0,0.0,-1.0,1.0,0.0,0.0,0.3226918,-0.03754665,-0.043824315,-0.08897424,-0.4253947,0.18806231,0.24647503,0.4652534,-0.22062045,-0.14660919,0.065867305,0.07341658,-0.11842846,0.058017313,-0.057016697,0.18386292,-0.18927689,-0.1600139,-0.17410658,0.10275395,0.1083295,-0.079704694,-0.21103637,-0.2736916,1.9679348,0.2696867,0.6055769,1.3628623,-0.39432,-2.6120076,2.9938636,2.465708,-1.3968115,-2.0251997,-2.0227616,-1.0436891,-500.0,397.0889605548567,-500.0,500.0,-500.0,-500.0,-500.0,500.0,500.0,-500.0,-500.0,-500.0
35,0.0,0.0,0.0,0.0,0.0,-1.0,1.0,0.0,0.0,0.3346651,-0.034634434,-0.03603995,-0.0785979,-0.40747815,0.18113357,0.25990057,0.46520576,-0.22420746,-0.16020823,0.08232355,0.07963343,0.16635084,-0.0027144235,0.083247714,-0.014058642,0.27851054,-0.22437678,0.22400168,-0.06837525,-0.12356377,-0.008385075,0.27557865,0.23366724,1.8055083,-0.8183258,0.41608655,-0.47284797,0.24989879,-0.39966473,-0.84138334,2.5650892,-2.209533,0.2399476,-2.4783542,-1.4640683,500.0,-247.8431893550653,438.2499635304364,-479.24424826441714,500.0,-500.0,500.0,-500.0,-500.0,500.0,500.0,500.0
36,0.0,0.0,0.0,0.0,0.0,-1.0,1.0,0.0,0.0,0.34558964,-0.03941485,-0.030092478,-0.07475734,-0.40738064,0.1963082,0.25475684,0.47173324,-0.22726423,-0.15236473,0.07822412,0.06533613,-0.048128344,-0.010766737,-0.01673109,0.087013505,-0.18694179,0.26674277,-0.1844468,0.09809525,0.08989486,-0.010581912,-0.21416752,-0.27392945,2.3199215,0.4035437,0.97339964,-1.0974514,-0.9155555,-0.21083924,0.73029923,2.328866,-0.64227235,-0.61163217,-0.52544755,-1.8582594,-500.0,214.8876383239599,-474.8049365840416,500.0,-500.0,500.0,-500.0,500.0,500.0,-193.4332767221245,-500.0,-500.0
37,0.0,0.0,0.0,0.0,0.0,-1.0,1.0,0.0,0.0,0.356508,-0.035660226,-0.017368972,-0.08565688,-0.38801843,0.18993483,0.2663144,0.47035685,-0.23478132,-0.15238118,0.094056785,0.071514644,0.15443708,0.007452944,0.099975675,-0.12248198,0.2881079,-0.22244422,0.21468969,-0.075875625,-0.14308597,0.057482064,0.2724307,0.23362122,1.6981232,-0.34638435,-0.5336914,-0.8328726,-0.8418646,-1.3098415,-0.6101779,2.8806934,-2.4309745,0.43612495,-2.672795,-0.55825406,500.0,-207.26516146417072,439.1299072936063,-500.0,500.0,-500.0,500.0,-500.0,-500.0,500.0,500.0,500.0
38,0.0,0.0,0.0,0.0,0.0,-1.0,1.0,0.0,0.0,0.36067924,-0.03606208,-0.01952058,-0.08514929,-0.38488418,0.2043059,0.25920743,0.4762758,-0.23579556,-0.14423418,0.08995974,0.057200026,-0.08517846,0.010073745,-0.066738464,0.0680717,-0.16906624,0.26284045,-0.19562027,0.09755209,0.10904538,-0.026642546,-0.2130579,-0.27427077,1.9914705,0.56163573,0.89018965,-1.3761603,-1.4005495,0.062410742,0.56197876,2.504593,-0.77406573,-0.8780637,-0.43640786,-1.4605905,-500.0,186.9102138869635,-476.7935897120461,500.0,-500.0,500.0,-500.0,500.0,500.0,-500.0,-500.0,-500.0
39,0.0,0.0,0.0,0.0,0.0,-1.0,1.0,0.0,0.0,0.36854887,-0.030763008,-0.011287272,-0.09911239,-0.36350018,0.19775246,0.2684489,0.4746007,-0.2397148,-0.14727116,0.1060012,0.06333114,0.14379376,0.01442498,0.09398515,-0.13755582,0.29366216,-0.2236373,0.20310314,-0.07771249,-0.12532757,0.041679032,0.27339575,0.23351438,1.5553784,-0.26729554,-0.6303729,-1.2535475,-1.218861,-1.8006288,-0.21702586,3.067388,-2.466401,0.368197,-2.9210076,-0.34208933,500.0,-195.01336162199266,444.75590385844345,-500.0,500.0,-500.0,500.0,-500.0,-500.0,500.0,500.0,500.0
40,0.0,0.0,0.0,0.0,0.0,-1.0,1.0,0.0,0.0,0.3716424,-0.030520948,-0.014410853,-0.10208583,-0.35926288,0.21206927,0.256958,0.48179743,-0.23618883,-0.14191663,0.09900093,0.048639357,-0.08989372,0.0130206,-0.07198674,0.050241936,-0.1633221,0.2626209,-0.22014724,0.10573415,0.13456674,-0.041849863,-0.25059846,-0.27669117,1.8130091,0.69014215,0.7141834,-1.4818641,-1.7134962,0.36514023,0.3070013,2.554623,-0.72363824,-0.9388298,-0.35026634,-0.990348,-500.0,187.20248800271463,-472.5799096790011,500.0,-500.0,500.0,-500.0,500.0,500.0,-478.9295851619744,-500.0,-500.0
41,0.0,0.0,0.0,0.0,0.0,-1.0,1.0,0.0,0.0,0.37760252,-0.024239965,-0.007905722,-0.1189971,-0.33660442,0.20535749,0.2612271,0.48180613,-0.2357369,-0.14670765,0.10747504,0.05430171,0.13322152,0.01896726,0.08315765,-0.15466934,0.3008772,-0.22427228,0.17882808,-0.06882624,-0.10369369,0.030850528,0.23564021,0.23129594,1.3341953,-0.2650668,-0.81329536,-1.2560493,-1.3392823,-1.896339,-0.1894577,3.1027296,-2.4539456,0.2252094,-3.0196054,-0.072235525,500.0,-202.67910043154762,434.03690962001804,-492.50053855690106,500.0,-500.0,500.0,-500.0,-500.0,500.0,500.0,500.0
42,0.0,0.0,0.0,0.0,0.0,-1.0,1.0,0.0,0.0,0.38056886,-0.024119219,-0.013221741,-0.12318385,-0.33114845,0.21975566,0.25177437,0.48892024,-0.23510724,-0.13864422,0.09643346,0.039114878,-0.089416586,0.0129782455,-0.08077341,0.044571605,-0.15777068,0.26292583,-0.21234405,0.1058534,0.11646519,-0.016487522,-0.24822474,-0.27950254,1.6174436,0.694051,0.5406546,-1.4267207,-1.7891241,0.62123775,0.28066325,2.5646198,-0.62014014,-1.3096558,-0.3279906,-0.54079956,-500.0,200.60120095060478,-467.67913146978015,500.0,-500.0,500.0,-500.0,500.0,500.0,-500.0,-500.0,-500.0
43,0.0,0.0,0.0,0.0,0.0,-1.0,1.0,0.0,0.0,0.38605613,-0.01810368,-0.009034932,-0.13906217,-0.3074755,0.21306373,0.2585632,0.48882475,-0.23529202,-0.14680219,0.10576153,0.04426019,0.13160503,0.016166527,0.07484896,-0.14791088,0.30478302,-0.22416651,0.19228892,-0.06933797,-0.106718235,0.01070075,0.24003993,0.22876886,1.1990285,-0.135706,-0.96312773,-0.9619136,-1.4030973,-2.0059633,0.102379456,3.1107435,-2.359419,-0.24153377,-3.0910547,0.2449581,500.0,-218.47351232361297,434.8599853797208,-500.0,500.0,-500.0,500.0,-500.0,-500.0,500.0,500.0,500.0
44,0.0,0.0,0.0,0.0,0.0,-1.0,1.0,0.0,0.0,0.38819706,-0.017052406,-0.016221106,-0.13942742,-0.30148262,0.22699681,0.24984041,0.49592766,-0.2323224,-0.1450758,0.09547895,0.028678594,-0.09307032,0.019656165,-0.08209208,0.061152846,-0.15703496,0.26009306,-0.20821396,0.10506152,0.13133411,-0.053796597,-0.2441701,-0.28135288,1.6275532,0.8380523,0.53310144,-0.7740864,-1.44031,0.8575237,0.7033558,2.525692,-0.40315843,-1.9962649,-0.19671011,-0.012477636,-500.0,220.70832447920668,-295.52886958216095,444.7955313150636,-500.0,500.0,-500.0,500.0,500.0,-500.0,-500.0,-500.0
45,0.0,0.0,0.0,0.0,0.0,-1.0,1.0,0.0,0.0,0.39212993,-0.009922823,-0.013073444,-0.14866805,-0.2778589,0.21964885,0.2575452,0.49569684,-0.23056048,-0.15906715,0.10553956,0.033436168,0.12354638,0.020260245,0.06294854,-0.093739375,0.30376327,-0.22789113,0.19767295,-0.070158385,-0.09907377,-0.016464854,0.24365094,0.22686048,1.3040943,-0.028935477,-0.8393395,-0.24991062,-1.051497,-2.0267918,0.65413153,2.9162421,-2.4007735,-0.9544428,-3.208658,0.49161148,500.0,-237.2493827945146,336.3652490219509,-386.88978743594845,500.0,-500.0,500.0,-500.0,-500.0,500.0,500.0,500.0
46,0.0,0.0,0.0,0.0,0.0,-1.0,1.0,0.0,0.0,0.39388135,-0.008110692,-0.020047545,-0.13950157,-0.27270728,0.23287112,0.25490355,0.50066054,-0.2288267,-0.16359258,0.09633553,0.017722355,-0.09356125,0.024232773,-0.078283906,0.11591133,-0.16297486,0.25606835,-0.17837851,0.09450485,0.12572412,-0.0844204,-0.23885922,-0.28191078,1.7875047,0.754846,0.6530502,-0.25815454,-0.83110857,1.1901935,1.0525194,2.3678117,-0.19573773,-2.2153454,-0.12913173,0.36592937,-500.0,232.82386839400533,-431.20241630186706,500.0,-500.0,500.0,-500.0,500.0,500.0,-500.0,-500.0,-500.0
47,0.0,0.0,0.0,0.0,0.0,-1.0,1.0,0.0,0.0,0.39900312,-0.0019263604,-0.014662206,-0.14294767,-0.2500599,0.22545001,0.26838073,0.4982482,-0.23080629,-0.17795432,0.10720116,0.022329627,0.12821811,0.014912798,0.0782697,-0.0867369,0.30034414,-0.227037,0.22678888,-0.082207285,-0.121691465,-0.010429384,0.2473949,0.22608545,1.469521,-0.110560104,-0.6786744,0.31286225,-0.8265455,-1.9872688,0.81642306,2.693303,-2.4519053,-1.4342847,-3.1572604,0.81394553,500.0,-239.77888538722692,400.255801861191,-500.0,500.0,-500.0,500.0,-500.0,-500.0,500.0,500.0,500.0
48,0.0,0.0,0.0,0.0,0.0,-1.0,1.0,0.0,0.0,0.40225396,-0.0012806759,-0.01954776,-0.13111842,-0.24550027,0.23876667,0.26629615,0.50152075,-0.22686034,-0.18621802,0.09837496,0.006784955,-0.084445536,0.017677227,-0.06862601,0.12729238,-0.16545767,0.25649175,-0.17145382,0.0836166,0.135077,-0.10313652,-0.23704289,-0.28021142,2.0418792,0.6088743,0.7471713,-0.093247555,-0.4130242,1.5047432,1.0165309,2.2587235,0.026048407,-2.0786133,0.08355421,0.71736544,-500.0,225.75664434092508,-310.6862483907531,500.0,-500.0,500.0,-500.0,500.0,500.0,-500.0,-500.0,-500.0
49,0.0,0.0,0.0,0.0,0.0,-1.0,1.0,0.0,0.0,0.40927738,0.0033090438,-0.012753725,-0.13312936,-0.2230596,0.23165454,0.28077433,0.4967322,-0.22984594,-0.1974169,0.10930544,0.011695991,0.13604556,0.007957847,0.080843635,-0.0797069,0.30066264,-0.22526157,0.23327819,-0.09564974,-0.12363464,-0.0026462448,0.24817057,0.22765045,1.6029048,-0.36113787,-0.5321146,0.19061515,-0.8076652,-2.0481434,0.76396525,2.5087001,-2.5213814,-1.3840448,-2.9239488,1.1334862,500.0,-226.42823889051408,378.21630613574155,-500.0,500.0,-500.0,500.0,-500.0,-500.0,500.0,500.0,500.0
50,0.0,0.0,0.0,0.0,0.0,-1.0,1.0,0.0,0.0,0.42513388,-0.0001295802,-0.016265988,-0.12165046,-0.21857423,0.24590181,0.28029317,0.49764982,-0.22647303,-0.20453882,0.10070133,-0.0035323033,0.17391358,-0.033500846,-0.06120806,0.12251829,-0.16657719,0.26668578,-0.16547607,0.0744064,0.13302143,-0.09830313,-0.23593853,-0.2788559,2.2017815,0.4074881,0.7051544,-0.47238973,-0.44899535,1.7418061,0.67076933,2.212797,0.0715134,-1.5694147,0.2001118,1.0122035,-19.57354352228613,210.59755851790996,-403.28129039986436,500.0,-500.0,500.0,-500.0,500.0,500.0,-500.0,-500.0,-500.0
51,0.0,0.0,0.0,0.0,0.0,-1.0,1.0,0.0,0.0,0.42204553,0.004865405,-0.0088682175,-0.12615764,-0.19557106,0.23891878,0.2954522,0.4908356,-0.23242325,-0.20805049,0.111569524,0.0016288444,-0.13256797,0.055688746,0.08033183,-0.09252029,0.3057421,-0.23435657,0.23663488,-0.10697178,-0.13798384,0.036637362,0.24787252,0.22892332,1.9077556,-0.5727734,-0.33007675,-1.1711247,-1.5530088,-2.512361,1.1546074,2.4353685,-2.5836918,-0.75833493,-2.6913533,1.4238347,-500.0,364.6901189860614,395.0113570213498,-500.0,500.0,-500.0,500.0,-500.0,-500.0,500.0,500.0,500.0
52,0.0,0.0,0.0,0.0,0.0,-1.0,1.0,0.0,0.0,0.43848485,-8.590881e-05,-0.009617627,-0.12621391,-0.1900568,0.2521638,0.29289082,0.49098155,-0.22843581,-0.21144521,0.10289389,-0.013450135,0.20918301,-0.063115574,-0.054356057,0.056352586,-0.15875581,0.23194435,-0.17610018,0.07191225,0.13550586,-0.08017834,-0.23631437,-0.27821073,1.9579611,0.23293783,0.20295103,0.16417345,-0.9664757,2.5693583,-0.5297892,2.5645278,0.66053,-1.7059374,0.5952969,1.1489869,500.0,-360.7557028738678,-448.7391476636748,500.0,-500.0,452.8919735641034,-500.0,500.0,500.0,-500.0,-500.0,-500.0
53,0.0,0.0,0.0,0.0,0.0,-1.0,1.0,0.0,0.0,0.43900183,0.001891591,-0.007921457,-0.12656271,-0.16573799,0.2367387,0.30347994,0.48537827,-0.2299357,-0.21720636,0.11398023,-0.008571535,-0.12126219,0.046670273,0.054311693,-0.06744279,0.31109992,-0.27868766,0.21071243,-0.09912051,-0.11386927,0.026092296,0.24899843,0.22712941,1.901324,-0.6692704,-0.18829952,-1.2877584,-1.6036417,-2.6345258,1.6313688,2.4676487,-2.7214856,-1.0237142,-3.0214593,1.9666067,-500.0,365.71151528672283,398.1315922468267,-500.0,500.0,-500.0,500.0,-483.92822417134283,-500.0,500.0,500.0,500.0
54,0.0,0.0,0.0,0.0,0.0,-1.0,1.0,0.0,0.0,0.45671168,-0.0041592885,-0.008924067,-0.1275047,-0.1597938,0.24293756,0.30330035,0.48569936,-0.22940856,-0.21806991,0.1061123,-0.024157183,0.21338668,-0.067948036,-0.046444938,0.057773627,-0.16021076,0.23285984,-0.16626637,0.07498702,0.11848674,-0.067902535,-0.23227315,-0.28109846,2.025669,0.12044288,0.30199128,-0.33381256,-0.80449724,3.1965768,-0.77330244,2.4231544,0.7954459,-1.1963125,0.901679,1.3565502,500.0,-358.6943358654344,-430.35042457242855,500.0,-500.0,500.0,-500.0,500.0,500.0,-500.0,-500.0,-500.0
55,0.0,0.0,0.0,0.0,0.0,-1.0,1.0,0.0,0.0,0.4583784,-0.0031601647,-0.0053915977,-0.13370728,-0.13497806,0.22790006,0.3115193,0.4809108,-0.23172289,-0.21852207,0.117352486,-0.01958251,-0.11516499,0.041777674,0.057884406,-0.08909076,0.31409523,-0.27712104,0.20162117,-0.097673856,-0.11858054,0.052759398,0.2497528,0.22612679,1.8756576,-0.7333643,-0.36993212,-1.4650574,-2.075593,-2.4910164,1.4020662,2.454349,-2.5302002,-1.1800607,-2.82896,2.4110527,-500.0,365.1926125963999,391.49673474804024,-500.0,500.0,-500.0,500.0,-500.0,-500.0,500.0,500.0,500.0
56,0.0,0.0,0.0,0.0,0.0,-1.0,1.0,0.0,0.0,0.47666562,-0.009774386,-0.007510543,-0.13594306,-0.12828743,0.23425627,0.30728754,0.48145375,-0.2251144,-0.22486365,0.10966623,-0.035139147,0.21501818,-0.07012163,-0.05479712,0.04621614,-0.1547823,0.23380505,-0.18293016,0.07412473,0.14625797,-0.095144376,-0.23130934,-0.28069344,1.9675236,0.16728999,0.16603799,-0.32861605,-1.0167398,3.5848954,-0.80042446,2.3119173,0.7679424,-1.3984594,0.9006707,1.874597,500.0,-358.38292938167655,-427.520271282801,500.0,-500.0,500.0,-500.0,500.0,490.60443920677426,-500.0,-500.0,-500.0
57,0.0,0.0,0.0,0.0,0.0,-1.0,1.0,0.0,0.0,0.47787347,-0.008425153,-0.0059661865,-0.14133549,-0.1028021,0.21901982,0.31886157,0.4741539,-0.22786623,-0.22731948,0.12147212,-0.030292531,-0.119141854,0.045608174,0.050138917,-0.08909103,0.31730542,-0.27865168,0.21839562,-0.11029384,-0.12008122,0.04328361,0.25259545,0.22754681,1.7655079,-0.80623937,-0.42728686,-1.5758204,-2.252276,-2.547846,1.6568168,2.3944662,-2.5260825,-1.2827411,-2.8091972,2.7326288,-500.0,372.3941334872513,381.2951522157557,-500.0,500.0,-500.0,500.0,-500.0,-500.0,500.0,500.0,500.0
58,0.0,0.0,0.0,0.0,0.0,-1.0,1.0,0.0,0.0,0.49623585,-0.015210294,-0.008810401,-0.14428604,-0.09557581,0.22536613,0.3158804,0.4739612,-0.22119755,-0.23522592,0.114403784,-0.045949165,0.21730697,-0.0733911,-0.056501854,0.04435922,-0.15290867,0.23436561,-0.17568836,0.071956635,0.1427559,-0.10080037,-0.22791968,-0.28170875,1.9129847,0.1719587,0.05760248,-0.22938672,-0.9206085,4.208526,-0.90888464,2.2128263,0.96297014,-1.4539099,1.1328623,2.3367977,500.0,-368.0342322602705,-416.9983652385365,500.0,-500.0,500.0,-500.0,500.0,477.2335648576128,-500.0,-500.0,-500.0
59,0.0,0.0,0.0,0.0,0.0,-1.0,1.0,0.0,0.0,0.49727216,-0.013819413,-0.008344829,-0.14825857,-0.06982058,0.20999044,0.32889694,0.4661614,-0.22441202,-0.23861182,0.1268912,-0.04128805,-0.12158876,0.04776251,0.044156287,-0.08491199,0.31922644,-0.2797868,0.22558294,-0.11316805,-0.121552765,0.039362635,0.2560128,0.22667554,1.7273182,-0.8449743,-0.49751824,-1.457898,-2.3461447,-2.485549,1.7810451,2.3384376,-2.453021,-1.5411437,-2.8131673,3.141677,-500.0,382.6161078618869,369.7589580538441,-500.0,500.0,-500.0,500.0,-500.0,-500.0,500.0,500.0,500.0
60,0.0,0.0,0.0,0.0,0.0,-1.0,1.0,0.0,0.0,0.5155408,-0.020652737,-0.011997521,-0.14952302,-0.062432766,0.21621035,0.32640997,0.4656969,-0.21724373,-0.24816847,0.120432556,-0.057109494,0.21773997,-0.075127065,-0.058371622,0.051955786,-0.15261474,0.23416404,-0.17307316,0.071335696,0.14380477,-0.109219275,-0.22480805,-0.2826676,1.9064301,0.13597609,0.03869386,-0.080782436,-0.69664764,4.6874013,-0.8953219,2.1112242,1.1156955,-1.5077581,1.2887144,2.7573915,500.0,-379.1734291864467,-406.5557478367132,500.0,-500.0,500.0,-500.0,500.0,479.54968973634277,-500.0,-500.0,-500.0
61,0.0,0.0,0.0,0.0,0.0,-1.0,1.0,0.0,0.0,0.5167489,-0.019536102,-0.011860371,-0.15178394,-0.03671986,0.21429263,0.33791494,0.45837805,-0.21812636,-0.2540884,0.1334287,-0.05267908,-0.121496454,0.047890507,0.04274438,-0.07618459,0.3188969,-0.21281159,0.21819456,-0.111076295,-0.10924112,0.027599728,0.25856155,0.22557612,1.7017806,-0.93603146,-0.5673618,-1.4077352,-2.4216146,-2.386168,1.8338724,2.2624962,-2.3917532,-1.6755782,-2.7721522,3.5764594,-500.0,396.197785680288,359.611250758451,-500.0,500.0,-500.0,500.0,-500.0,-500.0,500.0,500.0,500.0
62,0.0,0.0,0.0,0.0,0.0,-1.0,1.0,0.0,0.0,0.53478926,-0.026622577,-0.015637398,-0.1525209,-0.035351396,0.2209277,0.3362533,0.4573595,-0.21114916,-0.2646395,0.12763923,-0.04185529,0.2101624,-0.07726256,-0.060029466,0.057053614,-0.2286403,0.192852,-0.16901074,0.06806662,0.14332467,-0.116378285,-0.22157407,-0.14902525,1.8642846,0.01709105,-0.06319703,0.036596514,-0.8143945,4.1695395,-0.67924273,2.1535327,0.9372034,-1.474066,1.0340114,3.1674676,479.60413286612095,-400.08505915229875,-405.5148464547642,500.0,-500.0,500.0,-500.0,500.0,469.7189389895997,-500.0,-500.0,-500.0
63,0.0,0.0,0.0,0.0,0.0,-1.0,1.0,0.0,0.0,0.53512055,-0.026430508,-0.016311288,-0.15350354,-0.024775982,0.23900592,0.35053667,0.44862324,-0.21373683,-0.27064514,0.1413855,-0.010700685,-0.12605105,0.04415011,0.03699712,-0.06945931,0.24355423,-0.11272247,0.2296175,-0.1170434,-0.11580547,0.027994467,0.26222897,0.3585203,1.7892442,-0.98759294,-0.40888715,-1.6014296,-2.7826314,-2.5977592,1.8529617,2.2883728,-2.5640237,-1.2404375,-2.9153621,2.6209555,-500.0,407.4346686600385,345.02131503476676,-500.0,500.0,-500.0,500.0,-481.2345637338578,-500.0,500.0,500.0,500.0
64,0.0,0.0,0.0,0.0,0.0,-1.0,1.0,0.0,0.0,0.5496678,-0.032954697,-0.01924336,-0.15533555,-0.032495618,0.16187145,0.34924895,0.44827476,-0.2109887,-0.273741,0.13280517,-0.0002946622,0.13980924,-0.055834986,-0.053797025,0.059561472,-0.23002458,-0.57554775,-0.17400514,0.07538911,0.12663321,-0.082211405,-0.23981483,-0.15117049,1.9412763,0.31170154,0.035896704,-0.5727478,-2.206238,1.8093947,-0.5631589,2.4039145,0.1268888,-0.91840816,0.27418214,1.1043396,375.4904645687094,-242.1535983450038,-400.4016437518836,500.0,-500.0,-500.0,-500.0,500.0,500.0,-500.0,-500.0,-500.0
65,0.0,0.0,0.0,0.0,0.0,-1.0,1.0,0.0,0.0,0.53661203,-0.030185815,-0.017917871,-0.16326463,-0.02130872,0.17933066,0.36058787,0.44210404,-0.21586269,-0.27270067,0.14288646,0.030083613,-0.19710527,0.06072886,0.04143458,-0.09791956,0.24688105,-0.11728497,0.21431342,-0.10467511,-0.12620364,0.06328196,0.24384263,0.35431066,2.1270552,-1.0258311,-0.13111608,-3.966285,-3.8697565,2.0536768,-0.9232936,2.049955,-1.485718,0.08010207,-1.3010702,1.1919848,-500.0,425.8628248976956,334.86745152182993,-500.0,500.0,-500.0,500.0,-483.7698106454745,-500.0,500.0,500.0,500.0
66,0.0,0.0,0.0,0.0,0.0,-1.0,1.0,0.0,0.0,0.5415766,-0.036863625,-0.011892319,-0.19466603,-0.03995645,0.21931353,0.35362926,0.44349107,-0.21573204,-0.26159024,0.1329605,0.04019561,0.16633801,-0.08480217,0.06447356,-0.22405756,-0.30091333,0.40817472,-0.19419433,0.07886601,0.111897066,-0.016259568,-0.24218576,-0.15144633,2.1162124,0.5469185,-0.88293016,-0.28378156,-4.074766,0.8626782,-1.0388476,2.49466,-0.08841695,-1.595578,-0.5571306,0.358778,500.0,-455.21800097811604,438.66649094848117,-500.0,-500.0,500.0,-500.0,500.0,500.0,-500.0,-500.0,-500.0
67,0.0,0.0,0.0,0.0,0.0,-1.0,1.0,0.0,0.0,0.5247506,-0.032811973,-0.02137065,-0.19742298,-0.04246986,0.23622641,0.361081,0.43826964,-0.21655744,-0.26292527,0.14322245,0.07038103,-0.22687006,0.07663544,-0.0036780962,-0.08368339,0.17729203,-0.12104066,0.1916598,-0.09807034,-0.11193551,0.06877014,0.24387078,0.3527839,1.4288247,-0.60821486,-0.7288941,-1.7980263,-4.4777656,-3.3498867,1.6909735,2.874854,-3.083002,-0.27452937,-3.1840541,0.5157616,-500.0,476.86431398834213,343.24914195364187,-500.0,500.0,-500.0,500.0,-483.9833347013358,-500.0,500.0,500.0,500.0
68,0.0,0.0,0.0,0.0,0.0,-1.0,1.0,0.0,0.0,0.52634054,-0.035524026,-0.028030694,-0.20195913,-0.06461984,0.15774332,0.35669187,0.44315493,-0.21895331,-0.256868,0.13198465,0.07885345,0.13576837,-0.05259904,-0.067553185,0.04629376,-0.30285913,-0.579775,-0.19224425,0.10661882,0.10317343,-0.043302815,-0.2727281,-0.16152701,1.3730109,0.9929662,0.04094048,-1.3159941,-3.5934987,0.49188676,-0.4701593,2.5336332,-0.60541236,-0.64466107,0.23135835,-1.6700879,500.0,-303.27965420339524,-404.6590173700264,500.0,-500.0,-500.0,-500.0,500.0,500.0,-500.0,-500.0,-500.0
69,0.0,0.0,0.0,0.0,0.0,-1.0,1.0,0.0,0.0,0.5058887,-0.027619038,-0.027032614,-0.21558428,-0.06844419,0.1736276,0.36601028,0.44187653,-0.22877795,-0.2485466,0.13544357,0.10725885,-0.25193405,0.10027963,0.045746446,-0.13324344,0.1706447,-0.12723689,0.20564155,-0.082020536,-0.1508237,0.097812556,0.21065572,0.3442398,2.1299138,-0.2774738,-0.20117699,-3.974364,-5.0599523,1.5411941,-1.2070967,2.407209,-1.7722623,0.35595718,-1.4608674,-1.6257889,-500.0,500.0,351.0355351806074,-500.0,500.0,-500.0,500.0,-500.0,-500.0,500.0,500.0,500.0
70,0.0,0.0,0.0,0.0,0.0,-1.0,1.0,0.0,0.0,0.5030702,-0.027309094,-0.022903144,-0.24715674,-0.089264095,0.21117055,0.35845777,0.44750825,-0.23030084,-0.2388891,0.11929971,0.11547677,0.1348591,-0.05447441,0.064935684,-0.25233752,-0.29457447,0.3960084,-0.19670145,0.10061776,0.100969605,-0.016567811,-0.2734986,-0.16039218,1.4438231,1.3364842,-1.1191523,-0.5388466,-5.0620065,-0.015516132,-1.1976223,2.7121496,-0.5831392,-1.6853828,-0.58315116,-2.2013483,500.0,-500.0,292.58158576434323,-500.0,-500.0,500.0,-500.0,500.0,500.0,-500.0,-500.0,-500.0
71,0.0,0.0,0.0,0.0,0.0,-1.0,1.0,0.0,0.0,0.47735214,-0.015772466,-0.03397584,-0.25156283,-0.090067804,0.2259897,0.3680665,0.44528317,-0.23206562,-0.24600935,0.12349796,0.09988075,-0.27866527,0.118915394,-0.006374158,-0.09513413,0.18506292,-0.13067178,0.20697479,-0.08711665,-0.11175581,0.022429902,0.21429479,0.12417092,1.4444604,-0.15902887,-1.0904691,-1.559961,-4.54207,-2.8833535,1.215731,3.2741933,-2.7758114,-0.041510243,-2.93185,-1.4277345,-500.0,500.0,395.50941108463405,-500.0,500.0,-500.0,500.0,-500.0,-500.0,500.0,500.0,500.0
72,0.0,0.0,0.0,0.0,0.0,-1.0,1.0,0.0,0.0,0.47717375,-0.014411083,-0.04465282,-0.25052178,-0.1108641,0.14574802,0.36405736,0.4530288,-0.23803276,-0.23608887,0.108725905,0.06258472,0.14626722,-0.04468095,-0.08933222,0.07512678,-0.29585218,-0.5872551,-0.18839593,0.12293887,0.054225087,0.04017102,-0.26795503,-0.39157015,0.99725115,1.2778882,-0.22263502,-0.38434663,-3.1913486,-0.014829963,0.072561875,2.9336896,-0.42214167,-1.9808848,0.4541672,-1.722393,500.0,-403.8373656290326,-470.09945208959783,500.0,-500.0,-500.0,-500.0,500.0,500.0,173.5657312990275,-500.0,-500.0
73,0.0,0.0,0.0,0.0,0.0,-1.0,1.0,0.0,0.0,0.456414,-0.004195688,-0.047001064,-0.254058,-0.114135444,0.16055995,0.36856705,0.45668858,-0.23871738,-0.24448204,0.113901615,0.045089997,-0.256143,0.113476895,0.04128797,-0.082104124,0.17009488,-0.13112396,0.17932427,-0.057722986,-0.12065126,0.047902253,0.21786578,0.11475738,2.214789,0.15158965,-0.24055557,-2.7124336,-3.3250084,2.0564046,-0.5606495,2.3972373,-1.2948151,-0.9899907,-1.1489217,-0.7698627,-500.0,500.0,370.0098302303192,-466.9176146031307,500.0,-500.0,500.0,-500.0,-500.0,486.2546469963167,500.0,500.0
74,0.0,0.0,0.0,0.0,0.0,-1.0,1.0,0.0,0.0,0.45668608,-0.0017703365,-0.046889186,-0.2646395,-0.13615042,0.19635762,0.3562703,0.46727797,-0.23024863,-0.25292838,0.09951931,0.0074332147,0.14783816,-0.04215542,-0.04804664,0.02948421,-0.30023447,0.3810061,-0.22268029,0.12668605,0.15277587,-0.103720486,-0.2651114,-0.3904655,1.2297459,1.2953815,-0.9993461,1.2804857,-3.1187236,0.71408033,0.11167176,2.5121255,-0.1595719,-3.6729252,-0.3906861,0.8275677,500.0,-500.0,-489.5010847053087,500.0,-500.0,500.0,-500.0,500.0,500.0,-491.4333353948632,-500.0,-500.0
75,0.0,0.0,0.0,0.0,0.0,-1.0,1.0,0.0,0.0,0.43809772,0.009663467,-0.0586316,-0.24606621,-0.13924873,0.2100958,0.36192867,0.4687069,-0.2220884,-0.27918184,0.105474174,-0.0097843,-0.23617807,0.1131434,-0.094475344,0.16047454,0.18001497,-0.13733675,0.189127,-0.0698966,-0.071346216,-0.060166206,0.22287591,0.11670589,1.7399788,-0.1711682,-0.5922122,0.57000244,-1.4298718,-2.3311415,1.9834517,2.5862463,-2.8852997,-1.5537615,-3.2154152,1.6391995,-500.0,500.0,-500.0,500.0,500.0,-500.0,500.0,-500.0,-500.0,500.0,500.0,500.0
76,0.0,0.0,0.0,0.0,0.0,-1.0,1.0,0.0,0.0,0.44403896,0.009329,-0.060990334,-0.24005592,-0.16244465,0.18525639,0.37424704,0.46940842,-0.23407918,-0.2790122,0.09312761,-0.013628477,0.17411901,-0.054144453,0.036807206,-0.048982214,-0.3125163,-0.3076342,-0.10823443,0.08455599,0.062455744,-0.07893717,-0.25431275,-0.22258054,1.6717973,0.34525752,0.54159594,1.1142056,0.3266325,2.0358844,0.9300685,2.3432908,0.7256068,-2.6470876,0.90706974,1.7034601,500.0,-449.20562346686455,500.0,-500.0,-500.0,-500.0,-500.0,500.0,500.0,-500.0,-500.0,-500.0
77,0.0,0.0,0.0,0.0,0.0,-1.0,1.0,0.0,0.0,0.43607405,0.013211303,-0.056929946,-0.2251358,-0.16925746,0.17872883,0.3747877,0.4726368,-0.22803289,-0.29422832,0.09888911,0.0020313354,-0.16810109,0.058234747,0.09125967,-0.012540668,0.15097122,0.15651433,0.16853553,-0.06485463,-0.063985944,-0.051057965,0.22362855,0.2808244,2.8248014,-0.47749662,-0.1389337,-0.4511098,-1.2286022,0.7884476,0.5070323,2.102805,-0.9086428,-2.4507246,-1.4360728,1.5646894,-500.0,434.47134564353087,494.16742283830683,-500.0,500.0,500.0,500.0,-500.0,-500.0,-32.37062134395694,500.0,500.0
78,0.0,0.0,0.0,0.0,0.0,-1.0,1.0,0.0,0.0,0.44831297,0.008001628,-0.05385524,-0.21192837,-0.19464064,0.1545492,0.3577917,0.48314926,-0.21400696,-0.30564427,0.084938824,-0.0024533009,0.1920984,-0.06579635,-0.040645625,0.13720748,-0.31293923,-0.30976436,-0.24903798,0.12804031,0.18693984,-0.12551975,-0.2628667,-0.22435716,2.2236843,-0.048187718,0.0003927499,2.1082122,-0.6210437,-0.5440676,1.2873477,2.1167648,-0.42199874,-2.7236178,-0.52831024,1.122337,500.0,-399.3082808080645,-500.0,500.0,-500.0,-500.0,-500.0,500.0,500.0,-500.0,-500.0,-500.0
79,0.0,0.0,0.0,0.0,0.0,-1.0,1.0,0.0,0.0,0.4459056,0.008074155,-0.05195242,-0.18980718,-0.20126635,0.14839129,0.357003,0.4850275,-0.20946544,-0.31290126,0.0904969,0.013458108,-0.13156715,0.033295993,0.059809424,0.026754959,0.15743683,0.15894045,0.1604061,-0.06900649,-0.088221386,0.023608034,0.22157465,0.282083,3.0950253,-1.2992209,0.6058974,-1.518057,-0.43012428,1.7440535,-0.23762856,1.7336651,-1.4940751,-0.3435203,-0.95658034,1.1444503,-500.0,382.74628350879675,452.89130115348985,-500.0,500.0,500.0,500.0,-500.0,-500.0,500.0,500.0,500.0
80,0.0,0.0,0.0,0.0,0.0,-1.0,1.0,0.0,0.0,0.4675758,-0.0037712108,-0.039933324,-0.19471717,-0.22614783,0.12605754,0.3373143,0.4944593,-0.2012127,-0.305094,0.07597828,0.00920233,0.23922646,-0.098786555,0.09794041,-0.09201207,-0.31871817,-0.29718134,-0.263504,0.12048682,0.15993334,-0.028925765,-0.2657575,-0.22317767,2.3006785,-0.26782894,-0.3491156,0.85846364,-1.0382233,0.0019192398,0.091621175,2.1662083,-0.078700796,-1.4065506,0.12993258,0.78048384,500.0,-352.1378280478923,450.9665391066533,-500.0,-500.0,-500.0,-500.0,500.0,500.0,-500.0,-500.0,-500.0
81,0.0,0.0,0.0,0.0,0.0,-1.0,1.0,0.0,0.0,0.4704211,-0.0069492185,-0.04062426,-0.18042958,-0.23004526,0.120885804,0.335539,0.49482015,-0.1963917,-0.30886388,0.08151841,0.025365245,-0.111225285,0.020680314,0.019347968,0.016622918,0.1745676,0.16195755,0.15622337,-0.07426395,-0.08851173,0.040647324,0.22149947,0.2832626,2.971325,-1.5119178,0.30735332,-1.7335514,-0.7073362,2.2838774,-0.47853446,1.6182635,-1.5970974,-0.37199667,-0.74286157,1.1813885,-500.0,337.6152570217852,102.44624819958271,-339.85759147806766,500.0,500.0,500.0,-500.0,-500.0,500.0,500.0,500.0
82,0.0,0.0,0.0,0.0,0.0,-1.0,1.0,0.0,0.0,0.49450037,-0.020250887,-0.03218943,-0.18853581,-0.25250202,0.09906366,0.3161944,0.50192964,-0.18580192,-0.30372202,0.06729603,0.021396035,0.24966219,-0.10414437,0.08547529,-0.10778697,-0.3076985,-0.29504153,-0.26124972,0.10585537,0.17811303,-0.055102855,-0.26380932,-0.22158039,2.4740334,-0.24419592,-0.082691416,0.47275624,-1.0407557,-0.07513142,0.7297096,2.057898,-0.4533279,-1.462002,-0.08558971,0.37328613,500.0,-329.014254092405,456.88673350216425,-500.0,-500.0,-500.0,-500.0,500.0,500.0,-500.0,-500.0,-500.0
83,0.0,0.0,0.0,0.0,0.0,-1.0,1.0,0.0,0.0,0.49730226,-0.023222378,-0.03398502,-0.17675555,-0.25484604,0.0939378,0.31389183,0.5005505,-0.18258744,-0.30079913,0.07280439,0.037823245,-0.116654135,0.024015507,-0.055124383,0.13346423,0.18512781,0.16000995,0.15395258,-0.080227956,-0.09741929,0.07353625,0.22135952,0.28452078,2.9692023,-1.515194,0.3532431,-2.027868,-0.55343723,2.5158813,-0.22645263,1.5107951,-1.3544806,-0.25357977,-0.25127655,0.56183493,-500.0,326.3286340122524,-500.0,500.0,500.0,500.0,500.0,-500.0,-500.0,500.0,500.0,500.0
84,0.0,0.0,0.0,0.0,0.0,-1.0,1.0,0.0,0.0,0.52017033,-0.035695307,-0.026704669,-0.1863178,-0.27585214,0.07197376,0.29357868,0.5057242,-0.17088658,-0.29405415,0.05869478,0.034119103,0.23835202,-0.0985555,0.001957532,0.0064905784,-0.2927951,-0.29716352,-0.2675448,0.09348463,0.17895392,-0.033755716,-0.26370168,-0.22027174,2.468613,-0.17425083,-0.15510331,0.61803603,-0.879606,0.15013304,0.8741832,1.9305573,-0.7459198,-1.489718,-0.31742615,0.033501744,500.0,-311.3778407319381,-199.91416759918712,369.4250268572432,-500.0,-500.0,-500.0,500.0,500.0,-500.0,-500.0,-500.0
85,0.0,0.0,0.0,0.0,0.0,-1.0,1.0,0.0,0.0,0.5211582,-0.037598953,-0.030645251,-0.17599177,-0.27655834,0.06663336,0.2913748,0.50235534,-0.16264904,-0.29970896,0.064656794,0.05087832,-0.12788405,0.029863138,-0.063861124,0.113196984,0.19397102,0.15915965,0.15465271,-0.08696447,-0.0729553,0.030792622,0.22364794,0.28611052,2.9454062,-1.50377,0.44604975,-1.889798,-0.21096611,2.44783,0.138501,1.4677484,-1.4525242,-0.31904593,-0.29018778,0.021467686,-500.0,320.67043293057685,-500.0,500.0,500.0,500.0,500.0,-500.0,-500.0,500.0,500.0,500.0
86,0.0,0.0,0.0,0.0,0.0,-1.0,1.0,0.0,0.0,0.54306316,-0.04929682,-0.022732139,-0.18730891,-0.29664904,0.044489253,0.2775532,0.50321406,-0.1554851,-0.29037392,0.051081955,0.047533438,0.24133122,-0.09664537,0.088424034,-0.1294889,-0.29589686,-0.29664615,-0.23578303,0.06959718,0.1528145,-0.012879229,-0.26136896,-0.218514,2.3534334,-0.17162667,-0.11326794,0.57549465,-0.6294012,0.5602259,1.0150774,1.8204379,-0.7413838,-1.3001304,-0.17819232,-0.34992254,500.0,-317.52415346113287,500.0,-500.0,-500.0,-500.0,-500.0,500.0,500.0,-500.0,-500.0,-500.0
87,0.0,0.0,0.0,0.0,0.0,-1.0,1.0,0.0,0.0,0.544176,-0.05075524,-0.024825275,-0.17723048,-0.29704052,0.03909877,0.28175613,0.4959588,-0.1523233,-0.29215288,0.05750549,0.06464,-0.118758895,0.030313943,0.0101329265,0.011834606,0.18828012,0.15937614,0.18557286,-0.103779376,-0.10007705,0.056877833,0.22574003,0.28769934,2.8254445,-1.4265769,0.28182894,-1.6009005,-0.07258248,2.8446379,0.19227977,1.3257861,-1.2446256,-0.4929935,-0.029213727,-0.28216177,-500.0,311.91432650483455,85.07667197348812,-286.12371877356907,500.0,500.0,500.0,-500.0,-500.0,500.0,500.0,500.0
88,0.0,0.0,0.0,0.0,0.0,-1.0,1.0,0.0,0.0,0.56497556,-0.06157327,-0.015732229,-0.18713152,-0.31685823,0.06530161,0.26768848,0.49488246,-0.14196289,-0.2872088,0.0442214,0.06155455,0.23294528,-0.08897205,0.09252523,-0.11578393,-0.29460946,-0.055475574,-0.2356555,0.057483077,0.17054169,-0.04269222,-0.25964656,-0.21703485,2.187963,-0.03678392,-0.19210218,1.1362495,-0.48938608,0.98291767,1.0594181,1.6278464,-0.7465552,-1.5587583,-0.20940775,-0.7783313,500.0,-311.4367975823694,453.4774846926093,-500.0,-500.0,-500.0,-500.0,500.0,500.0,-500.0,-500.0,-500.0
89,0.0,0.0,0.0,0.0,0.0,-1.0,1.0,0.0,0.0,0.56410336,-0.061426025,-0.0181458,-0.17379737,-0.3168314,0.10795878,0.27149493,0.48598713,-0.13576937,-0.2926861,0.050925493,0.078947805,-0.12596832,0.03709797,0.024248429,-0.0053595337,0.18952146,0.40023357,0.18385689,-0.10976081,-0.08042117,0.030717654,0.22746053,0.28911182,2.3205013,-1.1853051,0.16175409,-0.60578316,0.09078145,1.0932884,1.0917698,1.4305701,-2.3990452,-0.26154384,-1.0233021,-0.685338,-500.0,289.6916525431791,273.92046406127264,-500.0,500.0,500.0,500.0,-500.0,-500.0,500.0,500.0,500.0
90,0.0,0.0,0.0,0.0,0.0,-1.0,1.0,0.0,0.0,0.58131343,-0.06934621,-0.015077412,-0.17055094,-0.3358913,0.1332511,0.28082845,0.47698313,-0.14312303,-0.28217793,0.039350986,0.07620394,0.20341766,-0.07110443,-0.015025954,0.08295189,-0.28472868,-0.062315088,-0.13140817,0.023325162,0.048250392,0.06983178,-0.25411412,-0.21727537,1.5625677,-0.17205094,-0.20105194,0.7878624,-0.934088,-1.434648,1.996523,2.0833683,-1.5043532,-0.8626312,-0.7791929,-1.1080182,500.0,-281.3359437540904,-223.21532434779766,500.0,-500.0,-500.0,-500.0,500.0,500.0,365.2537653372456,-500.0,-500.0
91,0.0,0.0,0.0,0.0,0.0,-1.0,1.0,0.0,0.0,0.5808351,-0.06853486,-0.017677069,-0.15700138,-0.33527225,0.08616874,0.29571545,0.46843204,-0.14968264,-0.28017938,0.04768008,0.09204671,-0.13207075,0.046679746,-0.023886787,0.0698884,0.19693205,-0.4389883,0.23813896,-0.10761886,-0.11949655,0.019575005,0.23698421,0.2810031,2.0381372,-1.0262511,0.20315458,-1.0577202,-0.87396,0.15679553,0.72521424,2.0272357,-2.5400867,-0.029684145,-1.5720704,-1.5519807,-500.0,431.75968235996345,-106.09850327166859,-72.96100788977446,500.0,-500.0,500.0,-474.14598975152387,-500.0,-130.0158595741614,500.0,500.0
92,0.0,0.0,0.0,0.0,0.0,-1.0,1.0,0.0,0.0,0.5981686,-0.07530798,-0.009156525,-0.16135657,-0.35437983,0.060510017,0.3004887,0.4653927,-0.15765876,-0.2675184,0.036996484,0.087069325,0.22229584,-0.07732031,0.0918745,-0.088178545,-0.29133233,0.0759185,-0.14790986,0.054458525,0.029838262,0.0987698,-0.24961984,-0.22906426,2.051967,0.07699229,0.77285266,-0.74732465,-0.37892222,3.8627565,-0.38310236,1.7127784,0.3477279,-0.10075237,1.1604128,-2.202353,500.0,-441.6300914148294,454.79374920474226,-500.0,-500.0,500.0,-500.0,500.0,467.6331274644401,482.6750379500564,-500.0,-500.0
93,0.0,0.0,0.0,0.0,0.0,-1.0,1.0,0.0,0.0,0.5954418,-0.07348685,-0.0056599975,-0.16093254,-0.35330075,0.12967183,0.2942463,0.46404156,-0.15213472,-0.26224446,0.044259846,0.10155001,-0.1451615,0.044316802,-0.030814407,0.062344875,0.20337203,0.5315435,0.12843117,-0.07226808,-0.08906211,0.10899688,0.22942519,0.27406147,2.1817265,-0.48115504,-0.4626931,0.008196212,-0.3645358,0.96234834,0.66407394,1.6000931,-2.2864103,-0.3285503,-1.1615672,-1.4713169,-500.0,270.53052788299897,-500.0,500.0,500.0,500.0,500.0,-500.0,-500.0,500.0,500.0,500.0
94,0.0,0.0,0.0,0.0,0.0,-1.0,1.0,0.0,0.0,0.6048012,-0.07539095,-0.0075104833,-0.15208197,-0.37031037,0.11985485,0.2892341,0.4628773,-0.15004271,-0.25587523,0.033281565,0.09628647,0.17875654,-0.04882395,0.045591723,-0.028733227,-0.2820339,0.17606048,-0.18657236,0.055891037,0.12526685,-0.03987133,-0.24802087,-0.22768834,1.2340536,-0.1355382,-0.07778053,0.8661448,-1.0499266,-2.2029219,2.8036265,2.246647,-2.251774,-0.9531189,-1.6413319,-1.4044632,500.0,-411.713163325527,500.0,-500.0,-500.0,500.0,-500.0,500.0,500.0,-500.0,-500.0,-500.0
95,0.0,0.0,0.0,0.0,0.0,-1.0,1.0,0.0,0.0,0.6004735,-0.07271086,-0.01248908,-0.13984549,-0.36743683,0.09375039,0.29689243,0.45742548,-0.15430284,-0.24942863,0.04206395,0.11071091,-0.14729606,0.048036538,-0.07253531,0.12199693,0.21218736,-0.33292505,0.19819616,-0.08879212,-0.12885378,0.0921753,0.23827977,0.27316138,1.4177141,-1.0171734,0.05110939,-1.086144,-0.96356106,-0.44089702,0.9914135,2.0663328,-2.8088124,0.6290797,-1.504077,-1.9086145,-500.0,399.1728292922999,-500.0,500.0,500.0,-500.0,500.0,-450.55035161188255,-500.0,500.0,500.0,500.0
96,0.0,0.0,0.0,0.0,0.0,-1.0,1.0,0.0,0.0,0.5593937,-0.0737801,-0.009969115,-0.14747083,-0.38413018,0.08930418,0.29694596,0.45640242,-0.1587699,-0.23833787,0.03219062,0.104645945,-0.23248413,-0.049716424,0.060591113,-0.123397246,-0.28038234,0.18705237,-0.16559188,0.06049223,0.095552996,-0.02107516,-0.24226478,-0.232512,1.4814249,0.10047604,0.64839184,-1.1432649,-0.91911817,2.3873253,0.09745866,1.8965154,-0.50037706,0.03792308,0.39046115,-2.9609528,500.0,-500.0,500.0,-500.0,-500.0,500.0,-500.0,500.0,500.0,-472.457866860025,-500.0,-500.0
97,0.0,0.0,0.0,0.0,0.0,-1.0,1.0,0.0,0.0,0.5552815,-0.075464234,-0.0043575764,-0.15580297,-0.3813377,0.06465952,0.31193164,0.44897252,-0.17081648,-0.22580636,0.041929364,0.1187555,0.08244995,-0.002864965,-0.0056419806,0.022961525,0.21210408,-0.32218683,0.23454571,-0.10255039,-0.16306776,0.11803167,0.2426629,0.27258778,1.3091483,-0.39990342,-0.99980396,0.17134687,-0.96338665,0.4953579,-0.4081865,2.4264321,-2.1531296,-0.36220428,-1.7438469,-1.8770081,500.0,-176.85888936911647,-416.20243719990293,500.0,500.0,-500.0,500.0,-500.0,-500.0,500.0,500.0,500.0
98,0.0,0.0,0.0,0.0,0.0,-1.0,1.0,0.0,0.0,0.54221433,-0.07481956,-0.013732672,-0.14561439,-0.39546686,0.05884107,0.30482563,0.45126352,-0.16811913,-0.22138667,0.032508075,0.11194109,-0.17776541,0.020985488,-0.094548985,0.11762992,-0.25898072,0.16216564,-0.20340161,0.07932637,0.12588032,-0.04203644,-0.24036717,-0.23677078,2.0422173,0.48356557,1.222654,-0.7273244,-0.5452738,2.0846744,1.2330493,1.473397,-0.80012476,-0.7485467,-0.07135254,-3.20084,-500.0,244.50935903405087,-500.0,500.0,-500.0,500.0,-500.0,500.0,500.0,-500.0,-500.0,-500.0
99,0.0,0.0,0.0,0.0,0.0,-1.0,1.0,0.0,0.0,0.5375212,-0.069245495,-0.004568219,-0.15251482,-0.39330012,0.032001633,0.31196144,0.44751948,-0.17343318,-0.21381867,0.042640984,0.12520939,0.097475484,0.012078663,0.121311545,-0.114531234,0.19378008,-0.3260995,0.19463873,-0.08370349,-0.12868775,0.09262554,0.24461482,0.26838863,1.7338918,-0.34641623,-0.53601444,0.08073924,-0.43473303,0.4190574,0.27161235,2.17745,-2.308691,-0.11161144,-1.6364839,-2.3095632,500.0,-229.36148101298147,500.0,-500.0,500.0,-500.0,500.0,-500.0,-500.0,500.0,500.0,500.0
100,0.0,0.0,0.0,0.0,0.0,-1.0,1.0,0.0,0.0,0.5274723,-0.06795662,-0.0049661994,-0.14590847,-0.40895325,0.026022427,0.3044667,0.44886905,-0.16777015,-0.21383214,0.033654273,0.118472606,-0.15706365,0.019096298,0.018048095,-0.04526486,-0.2694905,0.1629381,-0.19191365,0.06670848,0.13258496,-0.061664402,-0.23795448,-0.23505619,1.8578293,0.43130612,0.8412144,-0.84428346,-0.7467768,3.0882676,0.41120324,1.262124,-0.36366355,-0.50521505,0.2764917,-3.1605825,-500.0,202.3719835869653,145.6770140045947,-500.0,-500.0,500.0,-500.0,500.0,478.7826805466241,-500.0,-500.0,-500.0
101,0.0,0.0,0.0,0.0,0.0,-1.0,1.0,0.0,0.0,0.5225812,-0.06312872,0.0014395714,-0.14800537,-0.40583545,0.06973889,0.3137053,0.44281968,-0.17178053,-0.20977628,0.04424596,0.132072,0.0725976,0.013432525,0.0010524044,0.057017125,0.21251492,0.025008446,0.20467697,-0.094631806,-0.1213298,0.074843876,0.24689649,0.27001724,1.6200593,-0.31393653,-0.7490324,0.6297885,-0.11767471,1.0556715,-0.06259762,2.0243218,-2.1896746,-0.28516325,-1.6399639,-2.213358,500.0,-202.3264322828773,-444.2209779479316,500.0,500.0,-500.0,500.0,-500.0,-500.0,500.0,500.0,500.0
102,0.0,0.0,0.0,0.0,0.0,-1.0,1.0,0.0,0.0,0.5105994,-0.061569292,-0.006430328,-0.13148224,-0.4197101,0.06378659,0.307764,0.44233692,-0.16550004,-0.21156299,0.035690784,0.12551877,-0.16592366,0.01992621,-0.08740956,0.15400063,-0.25738645,0.16256163,-0.18396807,0.058166888,0.13240089,-0.066538416,-0.23572731,-0.23449485,1.9320135,0.23998334,0.9018247,0.02989576,-0.8591473,-0.3083419,2.3470821,1.7368109,-1.6571934,-0.85232127,-1.3191195,-3.0417747,-500.0,217.73994432448998,-500.0,500.0,-500.0,500.0,-500.0,500.0,452.1140159327331,-486.35626495299135,-500.0,-500.0
103,0.0,0.0,0.0,0.0,0.0,-1.0,1.0,0.0,0.0,0.5089763,-0.05835789,0.000672698,-0.13021266,-0.41646868,0.0378206,0.31844017,0.43474498,-0.16921997,-0.20851421,0.04672557,0.1392198,0.10653329,0.0013809148,0.0980123,-0.06598014,0.20141605,-0.32129905,0.21129882,-0.10183104,-0.11857672,0.069769934,0.24910568,0.2704856,1.708657,-0.5991169,-0.17115627,-0.18924609,-0.6096332,0.2705194,0.097472504,2.1748257,-2.4640002,0.34582296,-1.6835299,-2.652978,500.0,-209.85364165587126,500.0,-500.0,500.0,-500.0,500.0,-500.0,-500.0,500.0,500.0,500.0
104,0.0,0.0,0.0,0.0,0.0,-1.0,1.0,0.0,0.0,0.5025448,-0.06013821,0.0007764697,-0.12011659,-0.43126696,0.032953925,0.31344345,0.43519187,-0.16903728,-0.20019078,0.038710713,0.13181496,-0.14344423,0.0032477602,-0.054966845,0.11708589,-0.25939897,0.16799347,-0.19195117,0.06992062,0.11567036,-0.03355237,-0.2328481,-0.23985146,2.0292242,0.38877583,0.97281957,-1.2738327,-1.0727415,2.5890644,0.33803457,1.358953,-0.6074199,0.050073963,-0.046446502,-3.59978,-500.0,191.446792384701,-500.0,500.0,-500.0,500.0,-500.0,500.0,500.0,-500.0,-500.0,-500.0
105,0.0,0.0,0.0,0.0,0.0,-1.0,1.0,0.0,0.0,0.4988409,-0.05576296,0.010494113,-0.12920332,-0.4271596,0.016296986,0.32183468,0.43076903,-0.17552888,-0.19054389,0.050314486,0.11223898,0.08351143,0.011670965,0.068460345,-0.07085272,0.21260028,-0.27576882,0.1988568,-0.08563359,-0.13110697,0.10203347,0.2519359,0.10440725,1.7847316,-0.37035173,-0.6027223,0.27017948,-0.4759183,0.860214,-0.37414664,2.2119968,-2.4104702,0.15420912,-1.8787847,-2.4944077,500.0,-185.75139185824423,141.88636363099283,-150.0522770528909,500.0,-500.0,500.0,-500.0,-500.0,500.0,500.0,500.0
106,0.0,0.0,0.0,0.0,0.0,-1.0,1.0,0.0,0.0,0.48795888,-0.055537157,0.004737556,-0.11689627,-0.4400403,0.020492667,0.31496972,0.43252286,-0.17179972,-0.1875931,0.042909503,0.0723055,-0.16165964,0.012331781,-0.07819859,0.13201788,-0.25173876,0.21340811,-0.18988359,0.07092912,0.11927644,-0.04448975,-0.22981738,-0.40243354,1.9721856,0.40181613,1.0381329,-1.086578,-0.50290656,2.710493,0.77911246,1.3623252,-0.6427177,-0.39590886,0.13223183,-2.2507024,-500.0,183.38064841739248,-500.0,500.0,-500.0,500.0,-500.0,500.0,473.5263939422483,-500.0,-500.0,-500.0
107,0.0,0.0,0.0,0.0,0.0,-1.0,1.0,0.0,0.0,0.48354745,-0.050966885,0.012276709,-0.12341046,-0.43503028,0.0039214017,0.32397404,0.42773208,-0.17742044,-0.1803695,0.05512613,0.052587856,0.07695281,0.013139108,0.006790407,0.03612261,0.22165585,-0.2756133,0.20133738,-0.08699053,-0.12597732,0.08983307,0.25503713,0.104237236,1.8637817,-0.30434376,-0.59023,0.5985104,0.37086844,0.95025706,-0.22110532,1.9041605,-2.3328946,-0.41737267,-1.7003672,-0.85293436,500.0,-169.1282667160434,-372.26692078002753,500.0,500.0,-500.0,500.0,-500.0,-500.0,500.0,500.0,500.0
108,0.0,0.0,0.0,0.0,0.0,-1.0,1.0,0.0,0.0,0.47216862,-0.050392907,0.005867839,-0.11001301,-0.4472173,0.008124775,0.3193773,0.4276633,-0.17316073,-0.1802733,0.04827869,0.012818044,-0.16294627,0.013725537,-0.077755556,0.13345549,-0.24870928,0.21349697,-0.17424673,0.057840247,0.12081756,-0.060215026,-0.22723477,-0.40118662,2.148087,0.114873186,1.0395211,-0.36281863,0.5119169,3.9735527,0.9136471,1.1792059,-0.17009582,-0.9416175,0.32422847,-0.078739166,-500.0,175.1116763114409,-500.0,500.0,-500.0,500.0,-500.0,500.0,464.7963715377954,-500.0,-500.0,-500.0
109,0.0,0.0,0.0,0.0,0.0,-1.0,1.0,0.0,0.0,0.47118428,-0.048917536,0.014312506,-0.11324453,-0.44216174,0.05766758,0.33137283,0.42036647,-0.17803425,-0.17656028,0.061043143,-0.006495558,0.104068734,-0.0024811071,0.10223867,-0.09035955,0.21088965,0.055757422,0.21570563,-0.09925921,-0.121016696,0.07253193,0.257843,0.106738925,2.1214688,-0.40010178,-0.47773677,1.3922237,1.421834,1.5348717,0.0515293,1.5224725,-2.1267776,-1.2286463,-1.5792596,1.0208777,500.0,-165.60927507212955,440.6058242919131,-500.0,500.0,-500.0,500.0,-500.0,-500.0,500.0,500.0,500.0
110,0.0,0.0,0.0,0.0,0.0,-1.0,1.0,0.0,0.0,0.4625377,-0.049206156,0.011453211,-0.09605479,-0.45507556,0.04848671,0.32856154,0.41815636,-0.17195475,-0.18068957,0.05466193,-0.045928717,-0.1388853,0.0049575693,0.020241471,0.015128739,-0.26014552,0.14743003,-0.16493806,0.04706275,0.12879042,-0.08196956,-0.22497347,-0.3999279,2.0624294,-0.2793293,0.63841885,0.79555917,0.7090633,1.1816164,2.348219,1.4890385,-0.90866166,-1.6803005,-0.6867869,2.2434406,-500.0,140.61860128751294,435.1471171731744,-500.0,-500.0,500.0,-500.0,500.0,482.6135661449814,-500.0,-500.0,-500.0
111,0.0,0.0,0.0,0.0,0.0,-1.0,1.0,0.0,0.0,0.4655177,-0.050761834,0.015918791,-0.08680761,-0.44937867,0.02011908,0.34120938,0.4095178,-0.17132592,-0.18819559,0.06820804,-0.045930393,0.11174923,-0.017469829,-0.013588505,0.10788121,0.22712441,-0.33400786,0.20487511,-0.08943298,-0.086916216,0.017290741,0.2620215,-0.2619661,2.0766082,-0.995353,-0.3882168,1.0278578,1.7227647,1.8559872,-0.21732102,1.5277028,-1.9405584,-0.78304195,-1.20032,2.979209,500.0,-137.78031384202822,-462.04091793958196,500.0,500.0,-500.0,500.0,-481.67660083569433,-500.0,500.0,500.0,-500.0
112,0.0,0.0,0.0,0.0,0.0,-1.0,1.0,0.0,0.0,0.46168283,-0.05722975,0.013361275,-0.07249844,-0.46121258,0.012662663,0.34139505,0.40704304,-0.1689958,-0.19023049,0.06286508,-0.040181126,-0.113945775,-0.02603595,0.02221669,0.0051914128,-0.25553364,0.15535711,-0.15533033,0.042573534,0.11653177,-0.08178443,-0.21966577,0.2319682,2.5516825,-0.7521074,1.112459,-0.278367,2.1632338,4.21771,1.3659949,1.1907455,-0.17932321,-0.76756513,0.34881562,3.529934,-500.0,124.67618125197504,415.9967926246828,-500.0,-500.0,500.0,-500.0,500.0,500.0,-500.0,-500.0,500.0
113,0.0,0.0,0.0,0.0,0.0,-1.0,1.0,0.0,0.0,0.4695232,-0.06406383,0.024716258,-0.07743168,-0.416344,0.10206803,0.35545105,0.39927888,-0.17347991,-0.19017327,0.07720572,-0.044938322,0.15204155,-0.05212028,0.10592493,-0.10026006,0.46209422,0.64378333,0.22021495,-0.09285132,-0.11430635,0.055161666,0.26592588,-0.2110062,2.4037485,-0.8842814,-0.40394998,1.4108821,1.1210406,2.195248,-0.58035856,1.3467569,-1.3782328,-0.3801774,-0.7336233,1.2971476,500.0,-272.05681020455637,500.0,-500.0,500.0,496.31394967364145,500.0,-500.0,-500.0,500.0,500.0,-500.0
114,0.0,0.0,0.0,0.0,0.0,-1.0,1.0,0.0,0.0,0.4644951,-0.068702824,0.021813095,-0.06123793,-0.3792569,0.09301873,0.3538016,0.39622948,-0.16933888,-0.19193137,0.07213533,-0.030976973,-0.1183511,-0.020408941,0.017268624,0.014143877,-0.009662931,0.14843275,-0.15856965,0.036149453,0.118934646,-0.07335092,-0.21857257,0.25691614,1.5467836,-0.7845826,-0.064033255,1.15514,0.79584193,-2.1631746,3.3128424,1.9340353,-1.681115,-1.4720055,-1.3870986,4.199601,-500.0,94.13366109753622,391.1736177745857,-500.0,-500.0,500.0,-500.0,500.0,500.0,-500.0,-500.0,500.0
115,0.0,0.0,0.0,0.0,0.0,-1.0,1.0,0.0,0.0,0.46949494,-0.07422037,0.019091487,-0.044617295,-0.32245606,0.06473325,0.36017078,0.39332777,-0.1698783,-0.19351363,0.08716059,-0.019283498,0.117749326,-0.03360175,-0.04401615,0.13815114,0.48129806,-0.33393082,0.1790678,-0.06414966,-0.09646569,0.051127728,0.26970446,-0.13005774,1.4143043,-1.4660833,-0.12395106,0.04375253,0.10337436,0.9561708,-0.7792086,1.915631,-1.4403504,0.95025676,-0.93694156,0.9238855,500.0,-89.10570435412478,-404.6957227857666,500.0,500.0,-500.0,500.0,-472.2822371959134,-500.0,500.0,500.0,-500.0
116,0.0,0.0,0.0,0.0,0.0,-1.0,1.0,0.0,0.0,0.4669527,-0.08457896,0.020142734,-0.042437196,-0.28406447,0.057372984,0.34893164,0.3963537,-0.17069775,-0.17625034,0.08196348,0.010928451,-0.10918216,-0.04842434,0.027812589,-0.05146533,-0.0008644142,0.15599461,-0.20521048,0.06522547,0.09268561,0.023931501,-0.2191916,0.3384386,2.449378,-0.55327964,0.54877836,-0.79123133,0.60725594,4.062035,0.5314431,1.6619544,-0.24670137,-0.084387735,-0.091898024,2.8622918,-500.0,76.5981794413733,353.56211936168427,-500.0,-500.0,500.0,-500.0,500.0,500.0,-500.0,-500.0,500.0
117,0.0,0.0,0.0,0.0,0.0,-1.0,1.0,0.0,0.0,0.4695003,-0.08871973,0.024162412,-0.047848105,-0.22591645,0.1173337,0.3537499,0.39307496,-0.17281306,-0.17097759,0.097028434,0.02243153,0.10966072,-0.032270107,-0.008542092,0.027381891,0.48725644,0.49736124,0.17189635,-0.068818755,-0.10311369,0.08593585,0.26904306,-0.13008957,1.6131842,-0.8821759,-0.620401,-0.52884674,-1.9825299,0.28213206,-0.5198742,1.8057008,-1.5501248,-0.0062729297,-1.2733319,-0.43307674,500.0,-216.83668222206987,-346.82585297389033,500.0,500.0,500.0,500.0,-500.0,-500.0,500.0,500.0,-500.0
118,0.0,0.0,0.0,0.0,0.0,-1.0,1.0,0.0,0.0,0.45672783,-0.09258552,0.019350052,-0.0510329,-0.26208133,0.1416605,0.34257737,0.39482844,-0.16429287,-0.17212987,0.09289944,0.052497625,-0.16151609,-0.016543135,-0.014613332,-0.07130247,0.014392686,0.3920591,-0.20695369,0.05941189,0.13854091,-0.0649337,-0.21379304,0.33748126,1.4772313,-0.5619542,-0.58516234,-0.15053156,-1.6272948,-2.22436,2.2535758,2.403174,-2.226992,-0.52715254,-1.965724,2.263259,-500.0,79.4941942893214,180.423404563784,-500.0,500.0,500.0,-500.0,500.0,500.0,-487.2193979399242,-500.0,500.0
119,0.0,0.0,0.0,0.0,0.0,-1.0,1.0,0.0,0.0,0.45111352,-0.09485613,0.012153685,-0.050567627,-0.3041914,0.08874422,0.3471056,0.39644927,-0.1698106,-0.1660788,0.10957742,0.061900165,0.08107879,-0.033389535,-0.045919675,0.050528344,-0.40365157,-0.05805056,0.17605303,-0.03550438,-0.12590608,0.079890005,0.27982414,-0.14357086,0.856537,-1.0858884,-0.25871265,-1.3233035,-2.6256065,-1.9119946,0.42710078,2.5601275,-2.581496,0.44691303,-2.6673198,-1.5602639,500.0,-250.5309655756186,-117.44578808464667,500.0,-500.0,500.0,500.0,-430.802559772742,-500.0,500.0,500.0,-500.0
120,0.0,0.0,0.0,0.0,0.0,-1.0,1.0,0.0,0.0,0.43917987,-0.100166015,0.010661423,-0.06295407,-0.32712978,0.018819734,0.33957598,0.4051119,-0.17487931,-0.15446913,0.10670531,0.0889004,-0.1681218,-0.008051991,0.0009949675,-0.115979925,0.07941541,-0.5485117,-0.19107945,0.09627114,0.07504019,-0.006178394,-0.21368729,0.32183656,2.4647813,0.16993321,0.59317636,-3.3634436,-3.9356208,-0.39328417,-0.2733798,2.9898956,-3.0985963,2.2446718,-2.637687,0.5767229,-500.0,247.03773868786158,132.42434357925646,-500.0,500.0,-500.0,-500.0,500.0,500.0,-500.0,-500.0,500.0
121,0.0,0.0,0.0,0.0,0.0,-1.0,1.0,0.0,0.0,0.43669468,-0.09745368,0.020614564,-0.09770262,-0.3693958,0.023469172,0.3430382,0.4129145,-0.19368291,-0.12641239,0.12194109,0.09566778,0.12026483,0.011597486,0.106241524,-0.24219206,-0.40776396,-0.1955632,0.16556162,-0.01002784,-0.18957649,0.19587564,0.27020434,-0.15498279,1.2989578,-0.40299535,-0.7500871,-3.892551,-4.4178324,5.0701756,-4.197919,2.6696386,1.2055634,1.2360739,-0.19618064,-2.243268,500.0,-80.16318772690903,489.82643399510016,-500.0,-500.0,-500.0,500.0,-480.37420283150243,-500.0,500.0,500.0,-500.0
122,0.0,0.0,0.0,0.0,0.0,-1.0,1.0,0.0,0.0,0.42552996,-0.0960433,0.017783463,-0.12614024,-0.3892135,0.058245648,0.2932803,0.43129084,-0.18104738,-0.11008382,0.11737239,0.070500575,-0.18180503,0.017686768,-0.08670237,-0.08234887,0.105586424,0.38498327,-0.051412787,-0.0022304584,-0.048388045,0.14842136,-0.21851523,0.0845921,2.6834557,0.4234066,-0.15231822,-1.3127053,-1.0433931,0.34786063,-1.7910798,3.2025104,-2.604751,1.6890602,-2.4354641,0.32657492,-500.0,123.47922258408367,-500.0,500.0,500.0,500.0,500.0,-500.0,-500.0,500.0,-500.0,500.0
123,0.0,0.0,0.0,0.0,0.0,-1.0,1.0,0.0,0.0,0.4384157,-0.09073572,0.012524486,-0.13460577,-0.42873973,0.07571186,0.26580757,0.44284588,-0.18606156,-0.09306824,0.13480872,0.0264304,0.18794176,0.020557983,-0.02868945,0.016293922,-0.3923677,-0.10783986,-0.3002495,0.12078859,0.08308425,0.007428871,0.2828671,-0.42518383,0.58362156,0.24965675,-1.1526498,-1.6073455,-3.372618,-1.2039585,-0.59018785,3.2547472,-1.0625169,-0.9698336,-2.5603876,-1.5963998,500.0,-142.67939117482797,-68.82738997598503,500.0,-500.0,-500.0,-500.0,500.0,500.0,-500.0,500.0,-500.0
124,0.0,0.0,0.0,0.0,0.0,-1.0,1.0,0.0,0.0,0.42554817,-0.08239681,0.002584219,-0.14619613,-0.44769853,0.07815255,0.25288022,0.44988006,-0.18688035,-0.09845376,0.11907178,0.0023471392,-0.1813892,0.050483044,-0.034643386,-0.11903306,0.09797431,0.20659661,0.086965285,-0.020910902,-0.09824948,0.033935584,-0.29285762,0.08276652,1.6003486,-0.35748637,-0.11782025,-0.5921792,0.3881033,0.25002685,-0.8161086,2.8462973,-3.157274,1.6281935,-2.5601833,3.3748221,-500.0,155.72710342222243,194.6004019775678,-500.0,500.0,500.0,500.0,-480.7096162470905,-500.0,500.0,-500.0,500.0
125,0.0,0.0,0.0,0.0,0.0,-1.0,1.0,0.0,0.0,0.4335227,-0.083192214,-0.0004172325,-0.15051842,-0.4473502,0.063440606,0.24319208,0.45858485,-0.20691913,-0.077506304,0.119515896,0.07442488,0.16773762,-0.02572727,0.054834045,-0.10084241,0.18635213,-0.26339176,-0.20772119,0.09991207,0.009483288,0.024336062,0.19826095,0.5457007,0.50872016,0.50696135,-1.0723101,0.43919906,-2.1264732,0.7159996,-0.59214664,3.1763835,0.32630634,-3.7973843,-1.9992023,-0.1928612,500.0,-222.1849663181534,500.0,-500.0,500.0,-500.0,-500.0,500.0,500.0,-500.0,500.0,500.0
126,0.0,0.0,0.0,0.0,0.0,-1.0,1.0,0.0,0.0,0.4230875,-0.075282775,-0.0118204355,-0.13816285,-0.4656884,0.06579601,0.22054856,0.47204968,-0.19002444,-0.10962701,0.10133028,0.049057856,-0.17230509,0.06521563,-0.102248155,0.12913172,-0.2803875,0.20061818,0.05881393,0.00030421925,-0.024080567,-0.09865697,-0.28536114,0.07770329,1.2466348,0.55403244,0.5056095,1.8948336,0.26780844,1.148321,1.973235,1.973532,-1.4550548,-2.0066142,-2.7596843,-1.7481042,-500.0,232.17503110303284,-318.3314369176022,417.88477942179145,-500.0,500.0,500.0,-500.0,-500.0,500.0,-500.0,500.0
127,0.0,0.0,0.0,0.0,0.0,-1.0,1.0,0.0,0.0,0.42915383,-0.0682428,-0.012181282,-0.12070727,-0.4676202,0.04855151,0.22624291,0.4739456,-0.19599915,-0.124372125,0.102486014,0.005939243,0.15735166,0.01679906,0.077886544,0.0110734515,0.17163028,-0.27724418,-0.14120051,0.068063885,0.05853504,-0.09290504,0.1990699,-0.41850552,1.6953689,0.45769477,-0.35677522,2.7982938,0.11479926,0.47956648,0.7782949,2.610804,-1.4334583,-2.8259926,-3.3257973,-0.25570428,500.0,-221.18774195893417,500.0,-470.62227376987903,500.0,-500.0,-500.0,500.0,500.0,178.09313799527126,500.0,-500.0
128,0.0,0.0,0.0,0.0,0.0,-1.0,1.0,0.0,0.0,0.4273044,-0.059918802,-0.016332686,-0.08699167,-0.48909146,0.05048762,0.24186918,0.47224092,-0.20440048,-0.14418137,0.0848304,-0.017576449,-0.115364365,0.05713261,-0.05672887,0.22748446,-0.29669532,0.20101026,0.23247972,-0.07050767,-0.14588629,-0.026797017,-0.28363383,0.085411176,1.3380228,-0.38602555,0.89572716,0.39544663,1.5780835,2.3331485,1.6002533,1.7590728,-1.3391516,-1.0478039,-1.1823254,2.9978046,-500.0,202.64092051707632,-285.3669341074965,396.09244926352653,-500.0,500.0,500.0,-487.4224570707736,-500.0,500.0,-500.0,500.0
129,0.0,0.0,0.0,0.0,0.0,-1.0,1.0,0.0,0.0,0.44300193,-0.060520466,-0.007009208,-0.07678294,-0.46309334,0.035668276,0.24030823,0.47404215,-0.21009547,-0.15003777,0.08559871,0.055612296,0.16926883,-0.021632247,0.0060361917,0.118850745,0.2689936,-0.26389468,-0.16171664,0.062016588,0.078162126,-0.10175766,0.19881065,0.5535256,2.231391,-0.24298476,-0.3643173,3.0592067,0.6799078,1.6202426,-0.585973,2.279023,-0.59840906,-2.7316532,-1.7822206,0.9206604,479.41246175693306,-196.346974652673,-445.721741711594,500.0,500.0,-500.0,-500.0,500.0,500.0,-500.0,500.0,500.0
130,0.0,0.0,0.0,0.0,0.0,-1.0,1.0,0.0,0.0,0.44529122,-0.05984415,-0.0116814375,-0.04171896,-0.46686143,0.040068872,0.25285313,0.4721007,-0.21537012,-0.17074311,0.06783903,0.032637525,-0.095303945,0.01716354,-0.061561804,0.23076716,-0.20752798,0.21306036,0.22168791,-0.07760728,-0.12945062,-0.037811097,-0.28370127,0.089030735,2.5614974,-0.618366,1.5887206,0.7450962,1.050525,2.1602154,1.3137333,1.2964342,-1.2712917,-0.118132785,-1.6304944,-0.8415288,-500.0,165.94861081101305,-500.0,500.0,-500.0,500.0,500.0,-500.0,-500.0,500.0,-500.0,500.0
131,0.0,0.0,0.0,0.0,0.0,-1.0,1.0,0.0,0.0,0.4632144,-0.06373965,0.0024876595,-0.034576535,-0.4530725,0.02654981,0.24675031,0.47636372,-0.22244006,-0.16583979,0.06807941,-0.010462051,0.18758388,-0.029681886,0.041302588,0.09393689,0.26650023,-0.25900126,-0.19038297,0.0869319,0.07099081,-0.041219737,0.19554448,-0.41821846,2.4123745,-0.5809077,-0.1829599,1.3639692,0.06680775,1.2873586,-0.9064883,2.2156355,-0.39086473,-1.1204468,-0.48859805,-0.06196809,500.0,-134.15334323076667,-428.6577001015323,500.0,500.0,-500.0,-500.0,500.0,500.0,-500.0,500.0,-500.0
132,0.0,0.0,0.0,0.0,0.0,-1.0,1.0,0.0,0.0,0.46623227,-0.06624837,0.0016655922,-0.01767075,-0.45529228,0.03218726,0.25636104,0.4730343,-0.23082882,-0.17259312,0.04940951,-0.03317962,-0.09130368,-0.0038782812,-0.0407312,0.12403063,-0.19908163,0.21980345,0.20769198,-0.087103285,-0.14165711,0.023284696,-0.28761202,0.08975181,1.7910786,-1.3916656,0.7358091,-0.99957275,1.823663,2.7152038,0.65884244,1.3726275,-1.4211607,0.2742052,-0.029111922,3.6579242,-500.0,109.20688217891774,-268.3859730300418,300.34872121502065,-500.0,500.0,500.0,-500.0,-500.0,500.0,-500.0,500.0
133,0.0,0.0,0.0,0.0,0.0,-1.0,1.0,0.0,0.0,0.48339885,-0.07674029,0.010497451,-0.024729371,-0.4378962,0.020992713,0.24930072,0.47354022,-0.23590165,-0.1673683,0.049366713,0.041021198,0.18057078,-0.06370448,0.020130046,-0.0020313368,0.2855441,-0.2464345,-0.18929665,0.060761303,0.084705554,-0.054229148,0.19471285,0.55876833,2.3156395,-1.0182514,-0.57502055,0.89113605,0.0024359226,1.7497314,-1.0834299,2.1118064,-0.09511508,-1.5067341,0.09587997,1.3763341,500.0,-109.95429353305195,-138.61025187512445,266.2630182919416,500.0,-500.0,-500.0,500.0,500.0,-500.0,500.0,500.0
134,0.0,0.0,0.0,0.0,0.0,-1.0,1.0,0.0,0.0,0.48569736,-0.083647005,0.002968192,-0.009112,-0.43759137,0.028157903,0.25582883,0.46865743,-0.23912317,-0.1779387,0.0305143,0.05066676,-0.09554925,-0.023475705,-0.07687303,0.13137518,-0.18787983,0.22646408,0.19234334,-0.09749163,-0.11646652,0.0064243726,-0.28856137,0.2911015,2.7224936,-1.103515,1.3110403,-0.71929175,0.39480233,2.4500608,1.0882901,1.1708348,-1.194428,0.26805386,-0.7198468,-0.6384029,-500.0,113.89251075544342,-500.0,500.0,-500.0,500.0,500.0,-500.0,-500.0,500.0,-500.0,500.0
135,0.0,0.0,0.0,0.0,0.0,-1.0,1.0,0.0,0.0,0.5022577,-0.09158435,0.013421655,-0.016631484,-0.41994053,0.016397301,0.24368547,0.47067198,-0.24219114,-0.16745245,0.029989123,0.047972318,0.17949788,-0.04501951,0.03086088,0.018887257,0.28408986,-0.2509658,-0.22048502,0.07925301,0.08804007,-0.007817311,0.19130264,-0.21560538,2.5972016,-0.81245303,-0.22404484,0.25265726,-0.8369534,0.77369297,-0.7472443,2.1658359,-0.4428358,-0.6924417,0.16404027,-1.2733673,500.0,-82.83120844494567,-365.37829129619206,500.0,500.0,-500.0,-500.0,500.0,500.0,-500.0,500.0,-500.0
136,0.0,0.0,0.0,0.0,0.0,-1.0,1.0,0.0,0.0,0.50262296,-0.09572683,0.010603607,-0.010882974,-0.41939396,0.02291487,0.24886426,0.46421018,-0.24719995,-0.16956174,0.010662913,0.06573515,-0.10744146,-0.011615016,-0.060689963,0.08748832,-0.1858261,0.22357011,0.18438874,-0.10512221,-0.12468576,0.049259376,-0.29084337,0.2911566,1.9031705,-1.4979217,0.8515167,-2.5360816,0.53546,2.0886068,0.64626586,1.3048956,-1.6356924,1.1929494,0.24603665,0.87552816,-500.0,97.34764818129798,-500.0,500.0,-500.0,500.0,500.0,-500.0,-500.0,500.0,-500.0,500.0
137,0.0,0.0,0.0,0.0,0.0,-1.0,1.0,0.0,0.0,0.5159704,-0.10622225,0.019493163,-0.030403614,-0.39948338,0.012144624,0.23540339,0.46487185,-0.25205344,-0.1508025,0.0097209215,0.063051485,0.1550061,-0.060925107,0.009167943,-0.039909776,0.2992184,-0.24496613,-0.22541344,0.072505854,0.08002053,0.028340159,0.18933131,-0.21537201,2.0433762,-0.86118436,-0.8628706,-0.011208557,-1.5806675,0.93771267,-1.2517589,2.1889365,-0.33949566,-0.6090082,0.54778534,-1.9688781,500.0,-84.78408367814814,-340.81700969022785,500.0,500.0,-500.0,-500.0,500.0,500.0,-500.0,500.0,-500.0
138,0.0,0.0,0.0,0.0,0.0,-1.0,1.0,0.0,0.0,0.5111476,-0.110694565,0.009417653,-0.0242877,-0.39657885,0.018952712,0.23833217,0.45727727,-0.2555793,-0.15025675,-0.00991267,0.0808359,-0.13435923,-0.01020322,-0.09300621,0.0843926,-0.17526622,0.22432056,0.17171143,-0.11068902,-0.11659988,0.06419047,-0.2923211,0.2910664,1.5823271,-1.398411,0.73461753,-2.6617568,0.070139885,1.542402,1.2369164,1.4093603,-1.8366885,0.4804239,0.1291101,0.43038982,-500.0,108.44832661786677,-500.0,500.0,-500.0,500.0,500.0,-500.0,-500.0,500.0,-500.0,500.0
139,0.0,0.0,0.0,0.0,0.0,-1.0,1.0,0.0,0.0,0.52107185,-0.11990127,0.016048849,-0.04673648,-0.37517768,0.007974029,0.22365785,0.45648482,-0.2552219,-0.13851893,-0.010829926,0.07828045,0.14166965,-0.054738708,0.0065938346,-0.05677546,0.30487224,-0.24617243,-0.23054278,0.06495967,0.10419124,-0.005702119,0.18925598,-0.21452598,2.029715,-0.6769109,-0.9040817,0.01283703,-1.6815958,0.8174138,-0.5825827,2.14901,-0.40170836,-1.1913829,0.49731892,-2.4711385,500.0,-94.02787744534663,-313.5168495006768,500.0,500.0,-500.0,-500.0,500.0,500.0,-500.0,500.0,-500.0
140,0.0,0.0,0.0,0.0,0.0,-1.0,1.0,0.0,0.0,0.51223725,-0.12199373,0.0040308237,-0.04194951,-0.37119573,0.014303421,0.22514023,0.44803596,-0.2545771,-0.1430186,-0.030431747,0.096062586,-0.15631719,0.0037935867,-0.10375825,0.07787977,-0.17018135,0.22176123,0.15778387,-0.110133946,-0.09374061,0.043377034,-0.29211947,0.29001975,1.4634342,-1.2727574,0.7153473,-2.5233736,-0.021924853,1.3149469,1.5594133,1.3143948,-1.8724633,0.27588394,0.15174425,-0.23949942,-500.0,128.49661267538264,-500.0,500.0,-500.0,500.0,500.0,-474.90831036618334,-500.0,500.0,-500.0,500.0
141,0.0,0.0,0.0,0.0,0.0,-1.0,1.0,0.0,0.0,0.5204189,-0.12959428,0.010194898,-0.06548631,-0.34896988,0.0030352476,0.20797962,0.44718182,-0.25012952,-0.13547266,-0.031302035,0.09330484,0.13621588,-0.048598927,0.008636031,-0.06289403,0.3080911,-0.24739528,-0.24185479,0.06368654,0.12518017,-0.031727713,0.1895172,-0.21530719,1.936399,-0.5612867,-1.0398748,0.15133795,-1.722651,0.9297012,-0.18572693,2.0801272,-0.35765553,-1.5386935,0.56709534,-2.8281202,500.0,-115.24667052520596,-294.1673040080188,500.0,500.0,-500.0,-500.0,500.0,500.0,-500.0,500.0,-500.0
142,0.0,0.0,0.0,0.0,0.0,-1.0,1.0,0.0,0.0,0.5095627,-0.13000813,-0.0019432306,-0.06167209,-0.34440523,0.009141172,0.20677817,0.43877566,-0.24632138,-0.1416601,-0.05097133,0.11088825,-0.16828462,0.014098746,-0.105700076,0.07391785,-0.1674664,0.2206008,0.14410916,-0.1092127,-0.07985335,0.041997764,-0.29250494,0.28885874,1.3296518,-1.1773459,0.66563153,-2.2430575,-0.006794095,1.047922,1.8001653,1.2364504,-1.922838,0.047614496,0.1911661,-0.85914993,-500.0,153.43420392546517,-500.0,500.0,-500.0,500.0,500.0,-482.62643455293363,-500.0,500.0,-500.0,500.0
143,0.0,0.0,0.0,0.0,0.0,-1.0,1.0,0.0,0.0,0.5179983,-0.13652495,0.003410697,-0.081225276,-0.32181436,-0.0022462502,0.19354044,0.4355926,-0.24286026,-0.13687992,-0.051329434,0.10810184,0.14168352,-0.044727452,0.008756526,-0.041981418,0.30876026,-0.2478954,-0.22161415,0.05118057,0.11912618,-0.046768464,0.19195001,-0.21524814,1.84566,-0.4828527,-1.162272,0.35651633,-1.6726456,1.1378838,0.15670063,1.9815843,-0.33272982,-1.8220694,0.66710216,-3.1049237,500.0,-137.47760153364837,-276.9541322435145,500.0,500.0,-500.0,-500.0,500.0,500.0,-500.0,500.0,-500.0
144,0.0,0.0,0.0,0.0,0.0,-1.0,1.0,0.0,0.0,0.5074697,-0.13574748,-0.009135723,-0.07298446,-0.31718177,0.003786709,0.19367962,0.42726046,-0.23879582,-0.14594507,-0.07049185,0.10266532,-0.16799435,0.021659626,-0.10876298,0.09668948,-0.16734926,0.22016786,0.15284082,-0.10988044,-0.07789629,0.02765215,-0.28974435,0.17409945,1.2789779,-1.0274067,0.65692556,-1.8815111,0.06089461,0.8674787,1.9661375,1.1579341,-1.9063126,-0.13811441,0.2190935,-1.4666044,-500.0,177.32575472242428,-500.0,500.0,-500.0,500.0,500.0,-482.34495487193317,-500.0,500.0,-500.0,500.0
145,0.0,0.0,0.0,0.0,0.0,-1.0,1.0,0.0,0.0,0.5165927,-0.14077455,-0.0037220716,-0.08833444,-0.29453844,-0.007843204,0.18320927,0.42347375,-0.23583633,-0.14446414,-0.0702185,0.076959416,0.14660549,-0.03815913,0.010712997,-0.020762192,0.30848965,-0.24910049,-0.20697336,0.047679216,0.11691427,-0.0684162,0.19498365,-0.32996917,1.7362926,-0.48037195,-1.2055392,0.34580287,-1.4032459,1.2619678,0.24351455,1.9091899,-0.27920234,-1.9452697,1.0825002,-2.74724,500.0,-153.21772767855492,-265.4533338303946,500.0,500.0,-500.0,-500.0,500.0,500.0,-500.0,500.0,-500.0
146,0.0,0.0,0.0,0.0,0.0,-1.0,1.0,0.0,0.0,0.5077519,-0.13956557,-0.015997708,-0.075701475,-0.29002684,-0.0016764721,0.18531328,0.41487148,-0.2311551,-0.15828776,-0.088736236,0.07109723,-0.15962335,0.024218118,-0.10790693,0.11891159,-0.16818392,0.22096482,0.16219248,-0.110424034,-0.06870417,-0.0055919406,-0.28594035,0.1721779,1.1506102,-1.1306936,0.38724655,-1.640758,0.5757328,1.4311471,1.776265,1.0833389,-1.6570383,-0.36534232,0.73947793,-0.082178205,-500.0,193.75529633447482,-500.0,500.0,-500.0,500.0,500.0,-484.17819641767454,-500.0,500.0,-500.0,500.0
147,0.0,0.0,0.0,0.0,0.0,-1.0,1.0,0.0,0.0,0.5176094,-0.14520442,-0.0119431615,-0.087488055,-0.26686794,-0.012892965,0.17557842,0.41135335,-0.22865051,-0.15784538,-0.08790648,0.044923615,0.14627363,-0.043204404,-0.00022147968,-0.00314442,0.31207427,-0.24648094,-0.20351247,0.04920476,0.111060016,-0.06918307,0.1973853,-0.33256587,1.8072867,-0.5421145,-1.1545244,0.81008804,-0.77652097,1.3163565,0.24845947,1.7443211,-0.2507192,-2.1514108,1.6529691,-2.0552778,497.35677403580627,-171.2631414586881,-253.38188211665533,500.0,500.0,-500.0,-500.0,500.0,500.0,-500.0,500.0,-500.0
148,0.0,0.0,0.0,0.0,0.0,-1.0,1.0,0.0,0.0,0.50811183,-0.14437789,-0.026630819,-0.07134676,-0.2617126,-0.006315955,0.18036757,0.40151316,-0.22537285,-0.1718278,-0.10592115,0.038823817,-0.16356723,0.023646152,-0.12050331,0.13627608,-0.16521868,0.2228523,0.17469586,-0.116403155,-0.075677685,-0.0013643358,-0.28323594,0.17108135,1.2008148,-1.3131782,0.2573262,-1.4582672,1.190479,2.1234763,1.7163205,0.9407735,-1.3871937,-0.38920146,1.2125905,1.0488484,-500.0,208.960947197239,-500.0,500.0,-500.0,500.0,500.0,-486.1729629204285,-500.0,500.0,-500.0,500.0
149,0.0,0.0,0.0,0.0,0.0,-1.0,1.0,0.0,0.0,0.51801026,-0.15125,-0.02359593,-0.081798196,-0.23788851,-0.016917849,0.16715051,0.39890134,-0.21958047,-0.17310238,-0.10506743,0.012360868,0.13692622,-0.050411034,-0.004862409,0.0024419602,0.3149523,-0.24309444,-0.21995778,0.053480227,0.12990037,-0.088358484,0.19742577,-0.3341062,1.8677311,-0.6212528,-1.1449788,0.9997686,-0.30573845,1.3322426,0.24294092,1.6085052,-0.08396055,-2.372704,2.2473319,-1.3164505,467.02808809748285,-182.43698459540724,-241.37086412373222,500.0,500.0,-500.0,-500.0,500.0,500.0,-500.0,500.0,-500.0
150,0.0,0.0,0.0,0.0,0.0,-1.0,1.0,0.0,0.0,0.50615466,-0.15093303,-0.038880587,-0.06518459,-0.23233336,-0.00986187,0.17068383,0.3884311,-0.21244842,-0.1916101,-0.12305015,0.0062310146,-0.17602886,0.022778342,-0.12374951,0.13798636,-0.16356462,0.22499755,0.1696823,-0.11978388,-0.052354123,-0.0302652,-0.28263927,0.17124502,1.2083967,-1.5391347,0.04722549,-1.3588128,1.7764118,2.7271478,1.4500477,0.83995116,-1.1895169,-0.24283071,1.7233474,2.206018,-500.0,226.93985995635018,-500.0,500.0,-500.0,500.0,500.0,-483.41188270938426,-500.0,500.0,-500.0,500.0
151,0.0,0.0,0.0,0.0,0.0,-1.0,1.0,0.0,0.0,0.5152267,-0.15947774,-0.037084937,-0.07381272,-0.20790595,-0.019690325,0.1605295,0.38369375,-0.21040267,-0.18758106,-0.12181538,-0.02011679,0.14814937,-0.06391079,-0.008341175,0.0118517475,0.31779343,-0.23801921,-0.20385173,0.04236051,0.11171695,-0.068336524,0.1992249,-0.33382377,1.8834267,-0.8295841,-1.1621482,1.0057267,0.09257698,1.3817114,0.11993225,1.490605,0.053775534,-2.2649112,2.9291372,-0.45497036,500.0,-198.80730848632209,-220.99109327196518,500.0,500.0,-500.0,-500.0,500.0,500.0,-500.0,500.0,-500.0
152,0.0,0.0,0.0,0.0,0.0,-1.0,1.0,0.0,0.0,0.5054755,-0.16103612,-0.052285552,-0.05643606,-0.20202953,-0.011790808,0.16503827,0.37259215,-0.20626825,-0.20180416,-0.097556055,-0.02650927,-0.16786169,0.016159615,-0.12455567,0.1413761,-0.1622514,0.2286228,0.17251404,-0.12188869,-0.0681326,-0.00028345585,-0.071655475,0.17012589,1.2948933,-1.6854603,-0.14605622,-1.2875676,2.1715298,3.4033809,1.1966034,0.783679,-0.9246036,-0.26531652,2.1100516,3.2877965,-500.0,248.49038409339178,-500.0,500.0,-500.0,500.0,500.0,-484.9217834815917,-500.0,500.0,-500.0,500.0
153,0.0,0.0,0.0,0.0,0.0,-1.0,1.0,0.0,0.0,0.51499575,-0.17077906,-0.051295877,-0.06450474,-0.17690432,-0.021006962,0.15205313,0.36761037,-0.20115739,-0.20139098,-0.05443698,-0.002859369,0.1478568,-0.07047359,-0.012080553,0.011985962,0.32155496,-0.2349025,-0.21829426,0.042176154,0.123683,-0.08368897,0.4090688,-0.14194356,2.0073185,-1.0079565,-0.8367857,0.5097344,0.37565255,1.1474552,0.79675907,1.313915,-0.49207497,-2.1912806,1.6643536,0.84786725,500.0,-218.2333153653846,-188.0773605647521,500.0,500.0,-500.0,-500.0,500.0,500.0,-500.0,500.0,-500.0
154,0.0,0.0,0.0,0.0,0.0,-1.0,1.0,0.0,0.0,0.507804,-0.1736288,-0.059402347,-0.05943203,-0.17088085,-0.012488428,0.15496106,0.35558736,-0.19424403,-0.21750915,-0.030105472,0.029392784,-0.15740296,0.011662798,-0.09236533,0.083125226,-0.16176723,0.23140247,0.16418295,-0.1254075,-0.047233608,-0.020795552,-0.07165412,0.36301848,1.3385243,-1.4248348,0.3993411,-1.730179,1.5024291,2.993325,1.5524396,0.7250854,-1.2858582,0.7889451,1.0664804,2.347671,-500.0,268.2408459677069,-500.0,500.0,-500.0,500.0,500.0,-485.87783617228774,-500.0,500.0,-500.0,500.0
155,0.0,0.0,0.0,0.0,0.0,-1.0,1.0,0.0,0.0,0.5183556,-0.18163487,-0.052043796,-0.07545602,-0.14599055,-0.021958249,0.14758432,0.34824944,-0.19800693,-0.20499432,0.013419092,0.041393626,0.17511426,-0.06253291,0.100439206,-0.15446632,0.31621423,-0.23647712,-0.18882512,0.028467173,0.07508103,-0.019768422,0.41165653,-0.14188679,1.9137292,-0.680073,-0.7529397,-0.07922997,-1.2354488,0.50113094,0.30140984,1.5425285,-0.59825695,-1.1976018,0.65191036,-1.4629632,500.0,-274.0583676159651,500.0,-500.0,500.0,-500.0,-500.0,500.0,500.0,-500.0,500.0,-500.0
156,0.0,0.0,0.0,0.0,0.0,-1.0,1.0,0.0,0.0,0.5084008,-0.18095043,-0.05906409,-0.07167637,-0.1399588,-0.014089785,0.1478187,0.3396082,-0.19597173,-0.21133411,0.038384438,0.072521284,-0.17568721,0.030648325,-0.09485848,0.08585261,-0.16138475,0.22784542,0.15087448,-0.10935415,-0.07133094,0.032097735,-0.06926199,0.35751924,1.1181946,-0.8040527,0.26889646,-2.1836889,-0.4590323,2.791211,1.262442,1.1782061,-1.5110123,0.91562176,0.14431739,1.4407994,-500.0,261.5437765489269,-436.3447266180423,329.50382825381564,-500.0,500.0,500.0,-482.00080057463657,-500.0,500.0,-500.0,500.0
157,0.0,0.0,0.0,0.0,0.0,-1.0,1.0,0.0,0.0,0.5112033,-0.18267186,-0.052149713,-0.09104931,-0.11441553,-0.025023324,0.13447243,0.33656618,-0.20017892,-0.19417048,0.08206731,0.08318492,0.1287421,-0.030571112,0.075320564,-0.13613157,0.3209644,-0.24401449,-0.2171866,0.049194433,0.06972224,0.0056005376,0.41315037,-0.14855973,1.5481426,-0.32372308,-0.75523293,-0.711221,-3.0560346,-0.17975983,0.0971853,1.905369,-1.2169431,-0.68678147,-0.9210862,-2.6600118,500.0,-274.0797986847427,312.0859004773056,-113.17174899826944,500.0,-500.0,-500.0,500.0,500.0,-500.0,500.0,-500.0
158,0.0,0.0,0.0,0.0,0.0,-1.0,1.0,0.0,0.0,0.49532002,-0.17766175,-0.057642043,-0.093423605,-0.13686389,-0.018009698,0.12857614,0.33304444,-0.19773078,-0.19515812,0.042702794,0.06921565,-0.20146783,0.050101664,-0.08449723,0.055003494,-0.34056616,0.22472039,0.12182739,-0.08525091,-0.06783687,0.0593174,-0.46204925,0.16126236,0.7452871,-0.231634,0.10932197,-2.8122237,-2.1694024,2.3482022,0.9030946,1.845317,-1.9285319,1.4971273,-0.52204597,0.42086637,-500.0,287.3540239355845,-500.0,500.0,-500.0,500.0,500.0,-500.0,-500.0,500.0,-500.0,500.0
159,0.0,0.0,0.0,0.0,0.0,-1.0,1.0,0.0,0.0,0.48907024,-0.17393261,-0.05167687,-0.117554784,-0.14670044,-0.030045118,0.11330136,0.33427286,-0.20403618,-0.17409885,0.0084738135,0.040409293,0.08615489,-0.006884683,0.08722405,-0.19845645,0.14460053,-0.24896581,-0.22849385,0.0718807,0.069621734,0.0025103851,0.023693016,-0.34640613,0.6949244,-0.53153944,-1.9745145,-0.70520866,-4.4302397,0.87607014,-1.6044848,2.0259116,-0.46026063,-0.9455792,-0.22873324,-2.239564,500.0,-326.4888194603275,500.0,-500.0,500.0,-500.0,-500.0,500.0,500.0,-500.0,500.0,-500.0
160,0.0,0.0,0.0,0.0,0.0,-1.0,1.0,0.0,0.0,0.46597442,-0.17011759,-0.06591153,-0.1193037,-0.17361766,-0.021967866,0.10974636,0.33124104,-0.20480865,-0.17484677,-0.018651128,0.03138602,-0.23049195,0.038924854,-0.06958151,-0.06986739,-0.32411826,0.23181961,0.12936692,-0.079878114,-0.087405875,0.06962804,-0.3295993,0.1570359,0.3753631,-1.024379,-0.44231856,-2.73697,-1.9027328,2.5502748,0.30717576,1.7653959,-1.2551906,-0.709213,0.32311845,1.7304038,-500.0,244.9482367525333,-7.127574457920673,-500.0,-500.0,500.0,500.0,-488.2682981839736,-500.0,500.0,-500.0,500.0
161,0.0,0.0,0.0,0.0,0.0,-1.0,1.0,0.0,0.0,0.4619129,-0.1742461,-0.06298536,-0.15040863,-0.18083584,-0.031197047,0.090426125,0.3345139,-0.19674814,-0.18153489,-0.026542008,0.0021479663,0.11063782,-0.05339215,0.069736786,-0.21350591,0.15573364,-0.23405743,-0.24744773,0.08028067,0.12555616,-0.10236286,0.15379843,-0.3484242,1.2283249,-0.3444488,-1.5855,0.585317,-2.6916857,0.8581438,0.005889427,1.9787571,-0.6602168,-2.7046313,-0.39497322,-1.3469582,500.0,-378.9645127663169,500.0,-428.597369754625,500.0,-500.0,-500.0,500.0,500.0,-500.0,500.0,-500.0
162,0.0,0.0,0.0,0.0,0.0,-1.0,1.0,0.0,0.0,0.44114223,-0.17055646,-0.07941127,-0.14315021,-0.20758098,-0.022451432,0.0881167,0.3308739,-0.18907356,-0.20185888,-0.052894115,-0.0069485097,-0.21609373,0.054890227,-0.11622373,0.09496168,-0.33000132,0.23152259,0.13781652,-0.08158943,-0.043374874,-0.03635752,-0.32455707,0.15649398,0.66818583,-1.0314112,0.033962414,-1.6292545,0.12840855,2.7677732,1.9912215,1.32617,-1.0223504,-1.426294,0.89908,2.8393745,-500.0,408.46563794919405,-232.26296110736234,149.88329335886783,-500.0,500.0,500.0,-499.11590592919435,-500.0,500.0,-500.0,500.0
163,0.0,0.0,0.0,0.0,0.0,-1.0,1.0,0.0,0.0,0.4467364,-0.1746801,-0.07477516,-0.15673065,-0.21688908,-0.03155277,0.07547363,0.33066618,-0.18369365,-0.21182251,-0.059723675,0.035746165,0.1679084,-0.05919782,0.088730745,-0.13806462,0.14394192,-0.23315156,-0.21429694,0.06302896,0.11918298,-0.13535737,0.15926033,0.0117387995,1.6823915,-0.40254927,-1.396219,2.0441496,-0.42771745,1.3109137,0.48671997,1.7078422,-0.38527775,-3.337982,0.4934215,-0.6242788,500.0,-429.63002141026107,500.0,-500.0,500.0,-500.0,-500.0,500.0,500.0,-500.0,500.0,-500.0
164,0.0,0.0,0.0,0.0,0.0,-1.0,1.0,0.0,0.0,0.43604043,-0.17147829,-0.08756322,-0.13601935,-0.24554974,-0.02257223,0.075798415,0.32712346,-0.17454672,-0.23936975,-0.08525306,-0.013318371,-0.16475324,0.052636873,-0.07290764,0.110512055,-0.33956313,0.23253535,0.14749555,-0.07416786,-0.032323077,-0.07401582,-0.32021138,-0.41618642,1.4224584,-1.1120172,0.63674915,-0.49704722,1.1287425,2.4162722,2.047257,0.9456887,-1.1282237,-0.7610403,0.9128898,0.38555184,-500.0,425.0159608381056,-83.31914130407455,-162.10507535691227,-500.0,500.0,500.0,-485.36692270228525,-500.0,500.0,-500.0,-500.0
165,0.0,0.0,0.0,0.0,0.0,-1.0,1.0,0.0,0.0,0.4510506,-0.17629288,-0.0788061,-0.13915336,-0.23245925,-0.03147983,0.066980615,0.32652867,-0.17635077,-0.23937869,-0.09119153,-0.014763128,0.21389969,-0.06264293,0.110171534,-0.09053018,0.2863785,-0.23204198,-0.19446515,0.053489204,0.08914452,-0.09827959,0.16333044,0.21220806,1.9077647,-0.85916674,-1.25128,1.1516064,0.9152229,1.9431009,0.1999407,1.4915044,-0.3415401,-2.2777038,1.837244,1.0612276,500.0,-435.0191336024445,500.0,-500.0,500.0,-500.0,-500.0,500.0,500.0,-500.0,500.0,500.0
166,0.0,0.0,0.0,0.0,0.0,-1.0,1.0,0.0,0.0,0.4473197,-0.17600846,-0.08594203,-0.12330389,-0.2311235,-0.021555493,0.07125747,0.32079285,-0.17754889,-0.24924731,-0.1160686,-0.029106038,-0.13548683,0.028474128,-0.031130562,0.019878663,-0.18468638,0.23977558,0.16902582,-0.087180756,-0.08314734,0.012823382,-0.3166029,-0.26032767,1.6615411,-1.3592758,0.073104456,-0.11898386,2.0298595,4.0812387,0.33191654,0.91497195,0.036218867,-0.0039293943,2.432224,2.0035229,-500.0,340.833432377333,25.4202015777758,-500.0,-500.0,500.0,500.0,-491.5925568492545,-500.0,500.0,-500.0,-500.0
167,0.0,0.0,0.0,0.0,0.0,-1.0,1.0,0.0,0.0,0.4511682,-0.18171391,-0.08320367,-0.120087504,-0.21105987,0.006710929,0.04618716,0.32466513,-0.17191076,-0.24270988,-0.07327837,-0.024709776,-0.11546119,0.014560011,0.013850505,-0.039646816,0.29395172,-0.060330834,-0.28842875,0.076913,0.1232602,-0.037511062,0.46698162,0.21083973,1.5913159,-0.98865414,-1.3492477,1.289689,0.8346367,1.8513986,0.16415717,1.3906825,0.07283376,-2.7683816,2.4121735,1.2535969,-500.0,500.0,-36.96584482984355,-500.0,500.0,-500.0,-500.0,460.36427934323007,500.0,-264.93484430578775,500.0,500.0
168,0.0,0.0,0.0,0.0,0.0,-1.0,1.0,0.0,0.0,0.45201275,-0.18574814,-0.09210408,-0.1022104,-0.20881087,0.054105032,0.04377456,0.31875157,-0.16485173,-0.25863755,-0.036058962,-0.03882516,0.1366144,-0.06284835,-0.014054501,0.09768933,-0.1843582,0.4392117,0.14683694,-0.0905301,-0.049197655,-0.01685302,-0.0053319247,-0.2584757,0.61726713,-1.4431767,0.023510471,0.54412615,2.4478798,1.4911183,1.697028,0.9472662,-1.6266166,-0.7205111,1.0873969,2.9163713,500.0,-500.0,266.8662399990003,278.3737045787502,-500.0,500.0,500.0,-486.727114031462,-500.0,187.00441544832051,-500.0,-500.0
169,0.0,0.0,0.0,0.0,0.0,-1.0,1.0,0.0,0.0,0.4534143,-0.19066083,-0.09083307,-0.09500456,-0.18865114,0.08248063,0.040784154,0.3134977,-0.16970211,-0.25738847,0.021845758,-0.033804007,-0.124170534,0.018731425,-0.06427308,0.119309954,0.2960843,-0.061362382,-0.16244309,0.030897984,0.071885616,-0.09729772,0.48438692,0.21226852,1.6328686,-1.1167969,-0.366341,-0.1863245,0.9522668,-0.8709756,2.1168141,1.5097249,-1.9083483,-0.6922795,-0.13897473,2.2097583,-500.0,500.0,-500.0,271.7846190794977,500.0,-500.0,-500.0,500.0,500.0,-428.1886518355682,500.0,500.0
170,0.0,0.0,0.0,0.0,0.0,-1.0,1.0,0.0,0.0,0.4654776,-0.19608626,-0.083194494,-0.09269142,-0.18808144,0.069748,0.04260696,0.30912217,-0.17541957,-0.25699377,0.041658282,-0.049100064,0.19552583,-0.069316156,0.107618175,-0.056691915,-0.19256143,0.18191364,0.15626885,-0.08085742,-0.11202761,0.06489246,0.36670285,-0.26416442,0.9397229,-0.948663,0.4348538,0.15227938,1.6560018,1.1554091,1.916026,1.7921022,-1.0275269,-0.082509175,0.45647842,2.6108131,500.0,-500.0,500.0,-500.0,-500.0,500.0,500.0,-500.0,-500.0,500.0,500.0,-500.0
171,0.0,0.0,0.0,0.0,0.0,-1.0,1.0,0.0,0.0,0.46341556,-0.19634932,-0.080242276,-0.08752966,-0.16772825,0.044983998,0.027866295,0.31214967,-0.17805457,-0.2488848,0.056327045,-0.0461143,-0.14605759,0.04201738,-0.047191467,0.08049138,0.29788446,-0.32732865,-0.2219442,0.077367954,0.07473718,-0.02890467,-0.1202225,0.2007196,1.8022277,-0.6284733,-0.039653882,-0.79736924,-0.11622,-0.67799985,2.439428,1.7668371,-2.2249165,-0.2765593,-1.0213134,3.912189,-500.0,500.0,-500.0,500.0,500.0,-500.0,-500.0,500.0,500.0,-500.0,-500.0,500.0
172,0.0,0.0,0.0,0.0,0.0,-1.0,1.0,0.0,0.0,0.47124818,-0.19731835,-0.069717586,-0.09124422,-0.16676944,0.03958051,0.035990763,0.3072787,-0.18959767,-0.23712218,0.09059626,-0.03466087,0.17200007,-0.043169923,0.12078144,-0.08427708,-0.190485,0.17531912,0.19675861,-0.09179088,-0.14060904,0.117592335,0.36548015,0.25977182,0.81901574,-1.33962,-0.8562484,-1.0680028,0.08127332,5.4063115,-2.3892512,2.149222,1.9297261,1.074471,2.3673437,1.7551459,500.0,-497.7489172238569,500.0,-500.0,-500.0,500.0,500.0,-500.0,-500.0,500.0,500.0,500.0
173,0.0,0.0,0.0,0.0,0.0,-1.0,1.0,0.0,0.0,0.4646634,-0.2003765,-0.069692254,-0.092434645,-0.14426506,0.13230431,-0.0033478173,0.32142457,-0.17610586,-0.22290552,0.10184926,-0.04483534,-0.17416595,0.008193037,-0.07833899,0.043686856,0.31403574,0.6536135,-0.4258429,0.15879963,0.18925887,0.046106104,-0.14804375,-0.25551373,2.3379986,-0.2672683,-0.013185009,1.5421104,-0.09090179,-0.032516062,1.68334,1.7078819,-2.4093733,-2.1860988,-2.2128022,3.381083,-500.0,263.0268340835809,-500.0,500.0,500.0,500.0,-500.0,435.9070552142672,500.0,-90.42152038764186,-500.0,-500.0
174,0.0,0.0,0.0,0.0,0.0,-1.0,1.0,0.0,0.0,0.46862438,-0.19775833,-0.06874108,-0.0764395,-0.14309436,0.12572385,0.01583155,0.3184004,-0.17518687,-0.23115289,0.071573734,-0.035189345,0.17383467,-0.02431111,0.07160538,0.062661685,-0.19544111,0.16883306,0.019919762,0.039621226,-0.027145002,-0.012447561,0.054957878,0.23028608,-0.91565466,-1.6104126,-1.0845354,-1.7728437,-0.14076424,-3.391648,0.78155154,2.1253214,-2.2508163,1.2175804,-1.3022178,2.4667888,500.0,-443.5107021858486,465.71687648351735,89.4704300320144,-500.0,500.0,-500.0,500.0,-247.49778927105456,151.8336693141032,500.0,500.0
175,0.0,0.0,0.0,0.0,0.0,-1.0,1.0,0.0,0.0,0.44291806,-0.20112643,-0.07067311,-0.08650434,-0.11927456,0.1028499,0.019542139,0.32839096,-0.1911313,-0.21349049,0.024555206,-0.04797247,-0.009134631,-0.06397895,-0.019281099,-0.04531027,0.32135642,-0.29634103,0.17128515,-0.011697501,-0.15905568,0.15063316,-0.4286231,-0.25071523,0.37436795,-1.4940242,-0.89372253,-2.2945533,-2.9226751,-0.0365974,-0.7848866,2.5427077,-2.2220335,1.3273586,-1.337101,2.3824353,500.0,-364.98345729223286,4.822455592961205,216.1721838584815,500.0,-500.0,500.0,-500.0,-500.0,500.0,-500.0,-500.0
176,0.0,0.0,0.0,0.0,0.0,-1.0,1.0,0.0,0.0,0.41016316,-0.20675272,-0.07587546,-0.10735476,-0.13041598,0.10063655,0.009363201,0.34298196,-0.19928771,-0.20077777,-0.0031818151,-0.041905563,-0.25974473,-0.0036922116,-0.020144468,-0.15422915,-0.2706798,0.17926604,-0.19845124,0.12988003,0.044952046,-0.0068567335,0.054810103,0.21770597,-0.009947851,-0.9853585,-2.2008169,-2.189459,-2.996218,4.894365,-2.137792,2.7795687,1.9227421,-1.0515784,1.9399016,2.74619,-500.0,273.8992704101148,89.99869466682674,-500.0,-500.0,500.0,-500.0,500.0,500.0,-500.0,500.0,500.0
177,0.0,0.0,0.0,0.0,0.0,-1.0,1.0,0.0,0.0,0.38142034,-0.20988984,-0.091324866,-0.12181616,-0.12415081,0.18581457,-0.01739124,0.35956898,-0.18337047,-0.20517826,0.048931897,-0.054821845,-0.016748816,-0.053026583,-0.04035223,-0.11091814,0.22723682,0.6285851,0.010522647,0.01599378,0.0037973882,0.036977064,0.45232993,-0.24912691,0.65146697,-0.7630348,-0.91030586,1.2480284,-0.098261595,-0.9775225,0.3950783,2.8533,-2.0850313,-2.753239,-2.2554722,2.4512281,500.0,-500.0,287.3564984872621,38.27201330360322,500.0,500.0,500.0,-500.0,-500.0,118.29962082136626,500.0,-500.0
178,0.0,0.0,0.0,0.0,0.0,-1.0,1.0,0.0,0.0,0.3732423,-0.20938462,-0.1058014,-0.10862017,-0.14022553,0.17157167,-0.003433989,0.36594456,-0.18691087,-0.21849155,0.008411884,-0.048618298,-0.14953205,0.045184486,-0.12179177,0.16634671,-0.27979988,0.11168609,0.26810426,-0.044559926,-0.14144377,-0.0064844484,-0.0024760151,0.23361723,-0.20591928,-0.6203971,-0.3244602,-0.11214658,-0.24258101,-4.027631,4.269462,2.601957,-2.1244442,-0.6325575,-1.4942136,4.5101075,-500.0,474.7879629067056,-353.67479323739246,500.0,-500.0,500.0,500.0,-395.6854406993966,-500.0,388.5176947319384,500.0,500.0
179,0.0,0.0,0.0,0.0,0.0,-1.0,1.0,0.0,0.0,0.38303033,-0.20920186,-0.10344535,-0.10763049,-0.13901019,0.13757324,0.002948092,0.3757862,-0.19430363,-0.22121596,-0.050905585,-0.027426025,0.18158847,-0.033014234,0.07782333,-0.061243843,0.19726467,-0.3574142,-0.12258033,0.11611849,0.065860406,-0.09364467,-0.49040064,-0.1602053,1.023992,-0.45754838,-0.18176119,-0.1924595,-1.0778527,-0.4680588,0.8859158,2.7878568,-0.7002365,-2.2300262,-1.0507753,0.99701875,500.0,-450.01345262852305,500.0,-500.0,500.0,-500.0,-500.0,500.0,500.0,-473.982470675248,-500.0,-500.0
180,0.0,0.0,0.0,0.0,0.0,-1.0,1.0,0.0,0.0,0.37897784,-0.20377348,-0.1049729,-0.10307908,-0.15708232,0.12198456,0.025632411,0.37785625,-0.20376545,-0.23444521,-0.07469535,0.0013170608,-0.14876327,0.062485732,-0.06316616,0.07891208,-0.28206468,0.1097129,0.26818034,-0.060931433,-0.13938688,-0.008467869,0.09562103,0.34593588,0.8446112,-1.2254598,-1.1972594,-1.3845173,-0.6205957,3.320647,-1.7341145,2.434453,1.218302,0.41051182,3.4160173,1.505119,-500.0,432.69664468132675,-500.0,500.0,-500.0,500.0,500.0,-493.49629572535207,-500.0,500.0,500.0,500.0
181,0.0,0.0,0.0,0.0,0.0,-1.0,1.0,0.0,0.0,0.38595018,-0.20646812,-0.10281217,-0.112513185,-0.15405512,0.17073739,-0.0021171423,0.39729214,-0.1953944,-0.22466147,-0.0014382005,0.009381201,0.17062436,-0.06684723,0.06505468,-0.116701044,0.21014933,0.45006537,-0.34974533,0.16720174,0.14545481,0.06775858,0.54907507,-0.15833563,2.1071792,-0.5924387,-0.3769992,1.8876321,-0.19647527,-0.6113291,1.2072393,2.5704362,-1.6195989,-3.2311773,-1.3783665,0.27214152,500.0,-500.0,493.9887760349953,-500.0,500.0,500.0,-500.0,163.1202790929073,500.0,328.29088912389494,500.0,-500.0
182,0.0,0.0,0.0,0.0,0.0,-1.0,1.0,0.0,0.0,0.3855135,-0.20434394,-0.11063403,-0.093468666,-0.17180192,0.16708043,0.017512577,0.39931723,-0.19729173,-0.24154103,-0.022123873,0.03797447,-0.10063847,0.051645514,-0.055182505,0.14285974,-0.28909537,0.17490534,0.33973527,-0.076924,-0.12017441,-0.14902453,0.1061181,0.34363815,-0.38728613,-0.8919065,-0.10345529,-1.4732096,-0.21800172,-3.5429916,2.9172873,1.8801706,-2.7552705,1.6018233,-0.9678052,2.5869436,-500.0,495.7990765181146,-225.3319077717426,132.6692880761998,-500.0,500.0,500.0,-500.0,-500.0,-500.0,500.0,500.0
183,0.0,0.0,0.0,0.0,0.0,-1.0,1.0,0.0,0.0,0.36808115,-0.20358908,-0.10414064,-0.1026988,-0.17114031,0.14751372,0.03924864,0.40329197,-0.22176105,-0.22615755,-0.060317934,0.04585847,0.0372069,-0.04214521,0.04606599,-0.04445411,0.19956599,-0.2825931,-0.07542872,0.09916528,-0.0105012525,0.026161805,-0.38778815,-0.16278711,1.1727414,-0.5761101,-0.18249546,-1.0241252,-2.0121567,-1.4270931,0.3168724,3.010993,-0.77719873,-0.6407254,0.076413095,-1.8522611,500.0,-435.8500985345777,154.76307291178438,169.20168894900291,500.0,-500.0,-500.0,500.0,500.0,-437.0890028717133,-500.0,-500.0
184,0.0,0.0,0.0,0.0,0.0,-1.0,1.0,0.0,0.0,0.337606,-0.19989923,-0.10279322,-0.11071408,-0.18892735,0.1470392,0.043033715,0.41371852,-0.22669822,-0.22367156,-0.080946326,0.07257513,-0.2804253,0.05589779,-0.05016289,0.020185346,-0.28041217,0.18452454,0.17702144,-0.022524575,-0.11650679,0.05752429,0.0918532,0.33536553,0.62231314,-1.1581067,-1.2954661,-2.1119359,-1.8937421,2.20658,-1.992892,2.7388742,0.8694711,0.39631554,2.9775565,-0.42175943,-500.0,439.8095946408778,-500.0,500.0,-500.0,500.0,500.0,-500.0,-500.0,98.99281811909734,500.0,500.0
185,0.0,0.0,0.0,0.0,0.0,-1.0,1.0,0.0,0.0,0.31778392,-0.20314981,-0.10230589,-0.12686563,-0.18515724,0.12926592,0.012737716,0.43565154,-0.21652669,-0.21201384,-0.0067567825,0.07907856,0.03556077,-0.061919834,0.05558137,-0.14826152,0.21353233,-0.27283585,-0.32412598,0.17882983,0.1585222,0.0067181215,0.562186,-0.16810368,1.8898739,-0.4100983,-0.64640146,1.1923534,-0.8009641,-0.6893518,0.48015493,2.996532,-1.6259809,-2.3248124,-1.5891564,-1.6508753,500.0,-476.34786203701333,498.89731823374973,-500.0,500.0,-500.0,-500.0,500.0,500.0,-500.0,500.0,-500.0
186,0.0,0.0,0.0,0.0,0.0,-1.0,1.0,0.0,0.0,0.3187942,-0.2022167,-0.109613955,-0.11332834,-0.20116097,0.12828612,0.027531104,0.43845263,-0.21912783,-0.22341251,-0.02664709,0.10686619,-0.12827063,0.06307555,-0.066752195,0.11112385,-0.27732384,0.17619915,0.2680053,-0.06891119,-0.121987894,-0.038342237,0.09880892,0.34112582,0.61537737,-0.57252455,0.7536597,-2.5939212,-0.24175864,-1.1828371,2.4339685,1.9030972,-2.3755004,1.3877424,0.18007213,-0.014003456,-500.0,500.0,-256.8859328775379,96.88948960925666,-500.0,500.0,500.0,-472.03054745401494,-500.0,44.137248477197545,500.0,500.0
187,0.0,0.0,0.0,0.0,0.0,-1.0,1.0,0.0,0.0,0.33190963,-0.20116621,-0.09638417,-0.13120008,-0.19857734,0.10785734,0.030282028,0.446545,-0.2319364,-0.20147729,-0.06629205,0.114002265,0.16937539,-0.025608817,0.052741636,-0.041038822,0.20966975,-0.29174814,-0.14435777,0.11089858,0.043888796,0.04462455,-0.39214903,-0.16531919,1.5400792,-0.23839317,-0.8007592,-1.0182663,-3.11513,-1.1337963,0.08183636,3.1713037,-0.8185514,-0.60112023,-0.6361665,-3.1269193,500.0,-422.0431378658484,-74.17053471885367,500.0,500.0,-500.0,-500.0,500.0,500.0,-500.0,-500.0,-500.0
188,0.0,0.0,0.0,0.0,0.0,-1.0,1.0,0.0,0.0,0.32328457,-0.193775,-0.09795421,-0.13608384,-0.21361667,0.10574971,0.043049395,0.45070934,-0.2399469,-0.19874406,-0.08611292,0.09473398,-0.17558864,0.07389882,-0.06648252,0.036268182,-0.2659094,0.17747937,0.21225694,-0.040918015,-0.14948411,0.09516361,0.09522964,-0.28626364,0.9692248,-1.2131857,-0.8431585,-2.701332,-2.0148532,1.6073138,-1.1226413,2.3746052,0.123625025,0.43844756,2.5427163,-1.9302315,-500.0,447.9791909328853,-500.0,500.0,-500.0,500.0,500.0,-470.5837530534171,-500.0,500.0,500.0,-500.0
189,0.0,0.0,0.0,0.0,0.0,-1.0,1.0,0.0,0.0,0.33225977,-0.1968861,-0.09266424,-0.1560967,-0.20804328,0.087093405,0.0324615,0.46346614,-0.23718733,-0.1947614,-0.011253536,0.09393785,0.18458967,-0.067854546,0.07723543,-0.16524456,0.22290795,-0.27642915,-0.21636239,0.12846099,0.121095054,-0.04382473,0.5676166,0.18431674,2.1136105,-0.060303554,-1.0078205,-0.3214933,-1.4100738,-0.7173606,0.6174098,3.0263028,-1.7757154,-1.5211126,-1.1215544,-1.3368851,500.0,-500.0,483.9348812840169,-500.0,500.0,-500.0,-500.0,500.0,500.0,-458.6754306705093,500.0,500.0
190,0.0,0.0,0.0,0.0,0.0,-1.0,1.0,0.0,0.0,0.3203161,-0.19076319,-0.10271621,-0.15253878,-0.22131568,0.08580796,0.039067876,0.4683872,-0.23463088,-0.20363176,-0.032653928,0.07440266,-0.20393355,0.08442745,-0.11617976,0.108421855,-0.25956258,0.17720558,0.18966946,-0.04065341,-0.092792846,0.014476791,0.08764007,-0.28640398,1.4487375,-0.21384858,1.0287106,-2.429447,-0.72801816,0.49878892,2.2800767,1.7049448,-1.8488622,0.5922125,0.6315754,-1.0541296,-500.0,500.0,-500.0,500.0,-500.0,500.0,500.0,-500.0,-500.0,500.0,500.0,-500.0
191,0.0,0.0,0.0,0.0,0.0,-1.0,1.0,0.0,0.0,0.32853866,-0.18752025,-0.091127515,-0.17144239,-0.21729332,0.06528923,0.03444536,0.47499302,-0.23480552,-0.191679,-0.07198149,0.07423618,0.17603691,-0.019596472,0.06432042,-0.03257503,0.21047428,-0.2929034,-0.17692208,0.09337783,0.11771952,-0.02549552,-0.367228,0.18808304,1.6164851,0.23898555,-1.1580812,-1.1391953,-2.5033965,-0.9418808,0.76174426,2.8494205,-1.0248303,-1.1930889,-0.6259889,-1.3921435,500.0,-420.8669976472652,143.53613069613937,496.28557529371665,500.0,-500.0,-500.0,500.0,500.0,-431.492449432752,-470.64700868226964,500.0
192,0.0,0.0,0.0,0.0,0.0,-1.0,1.0,0.0,0.0,0.31430298,-0.17605048,-0.09558076,-0.17127931,-0.23123759,0.06266433,0.04518109,0.47526708,-0.23516494,-0.19609368,-0.08660364,0.05515103,-0.21121953,0.098630525,-0.0869345,0.07014237,-0.2593052,0.1750043,0.20573182,-0.060513575,-0.107903734,0.04108509,0.12170928,-0.28467804,1.2146692,-0.741086,-1.0841604,-0.78265536,-0.90659785,3.4551463,-1.2045356,1.676698,1.2225058,-0.83630824,3.134281,-1.4893352,-500.0,473.78479133338857,-500.0,500.0,-500.0,500.0,500.0,-490.82359522170754,-500.0,500.0,500.0,-500.0
193,0.0,0.0,0.0,0.0,0.0,-1.0,1.0,0.0,0.0,0.32109293,-0.1758502,-0.09447163,-0.17683983,-0.22541541,0.11163808,0.036346406,0.48185328,-0.2241103,-0.20464349,-0.0063846707,0.054891028,0.17866565,-0.04930998,0.06060778,-0.090154,0.22164772,0.06022308,-0.20268722,0.09201453,0.16182089,-0.10521691,0.58860314,0.18742777,2.6690483,0.15196492,-0.6029798,2.3489504,1.007555,0.37324116,1.7969183,2.2030709,-1.7251956,-3.6909292,-1.3370144,0.2752303,500.0,-500.0,458.23749513469124,-500.0,500.0,-500.0,-500.0,500.0,500.0,-500.0,500.0,500.0
194,0.0,0.0,0.0,0.0,0.0,-1.0,1.0,0.0,0.0,0.32916376,-0.1681309,-0.11088741,-0.13787603,-0.20083827,0.044970255,0.065849096,0.47523162,-0.2272777,-0.2301594,-0.021647394,0.035813842,0.2608698,0.028870717,-0.13111787,0.37826243,0.70241207,-0.39833844,0.32130507,-0.09732128,-0.123537876,-0.10091557,0.12140719,-0.28560385,1.5234145,-0.612978,1.2608849,-0.8996461,0.85401857,-1.696216,3.6291835,1.267427,-2.1826978,0.40390462,-0.5653989,0.38497782,500.0,418.63889672302645,-97.79364407043323,500.0,500.0,30.852497580844545,500.0,-500.0,-500.0,73.72713553694257,500.0,-500.0
195,0.0,0.0,0.0,0.0,0.0,-1.0,1.0,0.0,0.0,0.34881583,-0.16545007,-0.09581238,-0.1369729,-0.19865692,0.026756803,0.078210644,0.47569704,-0.23786932,-0.22107673,-0.05678004,0.034884434,0.262266,-0.0475542,0.1756589,-0.12782782,0.20051251,0.11499714,-0.09555931,0.06542953,0.05892647,-0.020265592,-0.36936796,0.1837679,1.7290926,-0.88319397,-0.6158156,-0.887274,2.4262586,7.445824,-1.6936792,1.8283937,3.2272964,0.7793124,4.5359616,0.52650726,500.0,-500.0,465.92073125536035,-500.0,500.0,500.0,-500.0,500.0,500.0,-500.0,-500.0,500.0
196,0.0,0.0,0.0,0.0,0.0,-1.0,1.0,0.0,0.0,0.3542729,-0.16455583,-0.091832876,-0.13611996,-0.19256234,0.10697089,0.043337636,0.4850199,-0.21513265,-0.20853078,0.00045323372,0.015670398,-0.11551439,0.034350604,-0.059532512,0.06914733,-0.15400138,0.59155977,-0.36864778,0.10643808,0.24154547,0.0607554,0.08204105,-0.29336706,0.9409501,-0.028938279,-1.8275688,1.1272093,-0.66320217,1.7932278,-1.951387,1.2043189,1.2868447,-2.1054049,1.9600832,-1.8081657,-500.0,369.95930403603126,-500.0,500.0,-500.0,500.0,-411.21327162455543,117.7452276140798,500.0,117.37316031957823,-500.0,-500.0
197,0.0,0.0,0.0,0.0,0.0,-1.0,1.0,0.0,0.0,0.35341048,-0.15900865,-0.10565364,-0.117721915,-0.16434735,0.100698605,0.026528683,0.48041555,-0.18530291,-0.21923494,0.010473967,0.018151829,0.1186492,-0.016943604,-0.07806064,0.14075534,0.3356717,0.18546046,0.081769235,-0.09474881,0.033522498,0.011548531,0.24436565,0.21537809,1.0666798,-0.99245787,-0.4100808,0.6439154,2.0335484,-0.63639474,0.44507396,1.7357936,-3.9059699,-0.33169618,-1.5768812,2.229403,500.0,-500.0,-20.026515788392658,469.51928884220575,500.0,500.0,500.0,-500.0,-500.0,500.0,500.0,500.0
198,0.0,0.0,0.0,0.0,0.0,-1.0,1.0,0.0,0.0,0.36037326,-0.15978433,-0.10614675,-0.11140239,-0.15706867,0.079830766,0.030501956,0.47485375,-0.19174737,-0.20531845,0.0058017373,-0.00039992426,-0.076021664,0.037483834,0.015260202,-0.016246723,-0.15919782,-0.30558088,-0.09642927,0.038155183,-0.036150545,0.09044895,-0.20070611,-0.29935235,1.2883344,-1.0149536,0.47379124,-1.9954423,0.48154593,0.31819198,1.6237829,1.5086324,-0.6917027,0.15528624,0.28802967,0.2950933,-500.0,500.0,96.91136805905276,-500.0,-500.0,-500.0,-440.3160715542947,269.61081553843945,-500.0,23.262329653534124,-500.0,-500.0
199,0.0,0.0,0.0,0.0,0.0,-1.0,1.0,0.0,0.0,0.38223296,-0.16503794,-0.09037137,-0.1309861,-0.13066077,0.07946764,0.025254745,0.4730109,-0.19437313,-0.19941425,0.022123158,-0.00025653862,0.24112725,-0.06966125,0.13363014,-0.16354595,0.32471877,0.20092027,0.13116704,-0.07566994,-0.1304463,0.113325275,0.274787,0.20352824,0.33078414,-0.8461726,-2.042958,-1.7908119,-2.45751,3.8703759,-2.1219583,1.9623315,0.5591953,-1.4946938,1.3555002,1.9616483,500.0,-500.0,459.941319083736,-500.0,500.0,500.0,500.0,-500.0,-500.0,500.0,500.0,500.0
200,0.0,0.0,0.0,0.0,0.0,-1.0,1.0,0.0,0.0,0.3653548,-0.1622741,-0.09780532,-0.1369853,-0.1263578,0.1105652,0.0044753393,0.47661272,-0.18176574,-0.20839846,0.019428134,-0.020247791,-0.25518844,0.056973685,-0.13014558,0.04649246,-0.20876138,-0.04556499,-0.26439774,0.080945544,0.17726973,-0.1130386,-0.20689376,-0.3023969,1.376771,-0.24203186,-0.54235965,1.3705553,-0.531283,-0.598559,2.978909,1.8589122,-1.3657646,-3.853358,-1.0287738,2.2359476,-500.0,358.9557818378687,-500.0,500.0,-500.0,-500.0,-500.0,500.0,500.0,-500.0,-500.0,-500.0
201,0.0,0.0,0.0,0.0,0.0,-1.0,1.0,0.0,0.0,0.35315856,-0.15937257,-0.106901884,-0.12238932,-0.11432177,0.11772472,0.03481825,0.46692216,-0.18655837,-0.23807871,0.03803271,-0.020744795,-0.12694974,0.034697924,-0.016648514,0.06407592,0.24287434,-0.17515922,0.31784847,-0.10224632,-0.09897541,-0.16759627,0.2897026,0.1946832,1.2312024,-1.3510611,-0.29288858,-1.0606683,0.28514075,0.326601,0.98434854,2.0790582,-1.8407524,-1.7708291,-1.28895,1.7416607,-41.61460106932069,-361.1360657083113,395.7745218646338,98.78155616787865,500.0,-500.0,500.0,-500.0,-500.0,-332.1884515764518,500.0,500.0
202,0.0,0.0,0.0,0.0,0.0,-1.0,1.0,0.0,0.0,0.36498517,-0.16639762,-0.09654969,-0.12641919,-0.12325871,0.14382128,0.04821057,0.4662275,-0.19121188,-0.24851847,0.036614776,-0.042471033,0.19270249,-0.082068674,0.11094584,-0.08449498,-0.238726,0.33443993,-0.094103895,0.062661,0.09328433,-0.12791364,-0.20021228,-0.3110486,2.185913,-0.34617352,0.30050993,1.2682158,0.98741436,3.0399709,1.3242698,2.3398352,1.1422832,-2.4871898,1.1771142,2.6463385,500.0,-500.0,462.67513440762144,-500.0,-500.0,500.0,-500.0,500.0,500.0,-500.0,-500.0,-500.0
203,0.0,0.0,0.0,0.0,0.0,-1.0,1.0,0.0,0.0,0.36060354,-0.16459566,-0.09656149,-0.11002791,-0.11342478,0.14803968,0.05420176,0.46673828,-0.18526393,-0.26580667,0.0535841,-0.04474952,-0.15816353,0.06319557,-0.057258543,0.156184,0.24193625,-0.18586423,0.19175746,-0.06820996,-0.07874469,-0.024169626,0.27882665,0.19172384,1.959959,-1.0051298,-0.37536836,0.13401362,0.09325242,-0.98232245,1.550618,1.7933004,-2.0744767,-1.4482214,-1.3166115,2.759019,-500.0,500.0,-500.0,500.0,500.0,-500.0,500.0,-500.0,-500.0,500.0,500.0,500.0
204,0.0,0.0,0.0,0.0,0.0,-1.0,1.0,0.0,0.0,0.37111846,-0.16768305,-0.08738661,-0.1037302,-0.12311715,0.17274065,0.057176463,0.46869636,-0.18610942,-0.2687887,0.05162555,-0.056662887,0.18688278,-0.063067414,0.10443866,-0.034117915,-0.24201015,0.3287177,-0.14854763,0.07800776,0.10663829,-0.07530295,-0.20350865,-0.26203528,2.0776386,-0.87846756,0.65965974,0.34474865,1.3750465,2.961921,0.85788655,2.1606119,0.6124092,-1.1329986,0.9461805,3.0697722,500.0,-500.0,458.00511565108025,-500.0,-500.0,500.0,-500.0,500.0,500.0,-500.0,-500.0,-500.0
205,0.0,0.0,0.0,0.0,0.0,-1.0,1.0,0.0,0.0,0.36855358,-0.16714783,-0.08382094,-0.09376037,-0.112719,0.17726907,0.07181136,0.46430534,-0.19289905,-0.2686448,0.068890154,-0.048247516,-0.14534962,0.045163732,-0.039918583,0.10553435,0.2480021,-0.18152305,0.23537879,-0.09398617,-0.14069633,0.05911208,0.28034723,0.24521108,1.8131998,-1.301673,-0.57401365,-0.83292466,-0.3484329,-0.9886663,0.5042937,1.8331574,-2.1171424,-0.08120413,-0.9037075,3.0791945,-500.0,498.61005955962406,-500.0,500.0,500.0,-500.0,500.0,-500.0,-500.0,500.0,500.0,500.0
206,0.0,0.0,0.0,0.0,0.0,-1.0,1.0,0.0,0.0,0.3764223,-0.17293121,-0.07596189,-0.098085165,-0.11992961,0.20313092,0.068260096,0.46672934,-0.19487882,-0.2574681,0.066224694,-0.05987541,0.16967864,-0.07663297,0.09270743,-0.08784189,-0.22810526,0.33557424,-0.17969051,0.080817014,0.10353821,-0.012179504,-0.20661174,-0.2606903,1.9943831,-0.7822821,0.32034838,0.01312653,0.2097168,2.3604329,0.6085863,2.5559325,0.49137104,-1.4181114,0.70332795,3.02421,500.0,-500.0,484.1741478141719,-500.0,-500.0,500.0,-500.0,500.0,500.0,-500.0,-500.0,-500.0
207,0.0,0.0,0.0,0.0,0.0,-1.0,1.0,0.0,0.0,0.3674238,-0.17314912,-0.07642144,-0.096549034,-0.1068086,0.20819329,0.077029094,0.46299347,-0.19671959,-0.25769687,0.083333015,-0.051400494,-0.18375646,0.04511192,-0.06329388,0.066642724,0.26153198,-0.18045251,0.20394221,-0.08998111,-0.12183475,0.07298297,0.27883062,0.2456858,1.5863097,-1.2850435,-0.48215628,-1.4167588,-1.0272841,-1.7803458,0.8645585,2.0600662,-2.5199912,-0.258185,-1.6955299,3.0891466,-500.0,500.0,-500.0,500.0,500.0,-500.0,500.0,-500.0,-500.0,500.0,500.0,500.0
208,0.0,0.0,0.0,0.0,0.0,-1.0,1.0,0.0,0.0,0.3731908,-0.17907405,-0.06899196,-0.1054852,-0.11277944,0.22849621,0.07412903,0.46389177,-0.19553602,-0.2523774,0.08113098,-0.06286631,0.16510287,-0.07535101,0.0979976,-0.10912138,-0.22397618,0.2895886,-0.17609061,0.07285761,0.11824443,-0.0399923,-0.20424941,-0.2599804,1.5596565,-0.6738558,0.2132063,-0.78332067,-0.6709318,1.7658352,0.6481821,2.8332038,0.20274399,-1.1634355,0.51572007,3.1612468,500.0,-500.0,465.66910611921173,-500.0,-500.0,500.0,-500.0,500.0,500.0,-500.0,-500.0,-500.0
209,0.0,0.0,0.0,0.0,0.0,-1.0,1.0,0.0,0.0,0.36196548,-0.1782977,-0.06783295,-0.11048508,-0.09877241,0.22413869,0.07969857,0.46259937,-0.19659126,-0.25156987,0.098821044,-0.055086467,-0.1978287,0.051389854,-0.055258352,0.03156417,0.26602358,-0.22800055,0.18719332,-0.0764528,-0.11008054,0.061482042,0.28227744,0.24201496,1.3609356,-1.2482058,-0.63418037,-1.8055512,-1.8771533,-2.2261448,0.70696557,2.269205,-2.5861099,-0.17491527,-2.0562322,3.1338081,-500.0,500.0,-500.0,500.0,500.0,-500.0,500.0,-485.213291119867,-500.0,500.0,500.0,500.0
210,0.0,0.0,0.0,0.0,0.0,-1.0,1.0,0.0,0.0,0.3645028,-0.1833921,-0.061921418,-0.121724606,-0.103598654,0.24068497,0.079263955,0.46415436,-0.1984843,-0.24529088,0.09762889,-0.06717242,0.15215147,-0.07256479,0.09118448,-0.11892267,-0.21845435,0.28874052,-0.16267407,0.075577036,0.10605631,-0.043437555,-0.19874476,-0.2632512,1.2450125,-0.51837575,0.055892125,-0.9563885,-1.2491198,1.9170262,0.41848034,3.0013776,0.1287465,-1.2028356,0.5576903,3.430729,500.0,-500.0,462.7990280586935,-500.0,-500.0,500.0,-500.0,500.0,500.0,-500.0,-500.0,-500.0
211,0.0,0.0,0.0,0.0,0.0,-1.0,1.0,0.0,0.0,0.34936008,-0.18128891,-0.06257981,-0.1284852,-0.088493526,0.2359358,0.08575676,0.46468514,-0.20125586,-0.24515557,0.11640924,-0.06026029,-0.22043954,0.0597969,-0.06549906,0.023567233,0.27148944,-0.23038235,0.19328083,-0.0685728,-0.119273975,0.05755449,0.2875992,0.23803234,1.1894801,-1.058306,-0.75570923,-1.6473604,-2.2729511,-2.524078,0.7696323,2.4629374,-2.6044896,-0.4102762,-2.5596912,3.331036,-500.0,500.0,-500.0,500.0,500.0,-500.0,500.0,-498.35144528191813,-500.0,500.0,500.0,500.0
212,0.0,0.0,0.0,0.0,0.0,-1.0,1.0,0.0,0.0,0.3480576,-0.18450469,-0.057925463,-0.14141715,-0.09237707,0.25191253,0.08290088,0.4690684,-0.2027176,-0.23892033,0.10991979,-0.073238224,0.13399045,-0.06295404,0.08601064,-0.12795478,-0.21388319,0.28567404,-0.1755351,0.0901134,0.10511996,-0.034412242,-0.23309214,-0.2677753,1.129302,-0.27525568,0.08483814,-0.540238,-1.2331672,1.8444048,0.59829086,3.1623929,0.17222534,-1.6736186,0.53144795,3.7244406,500.0,-500.0,461.61486618855827,-500.0,-500.0,500.0,-500.0,500.0,500.0,-500.0,-500.0,-500.0
213,0.0,0.0,0.0,0.0,0.0,-1.0,1.0,0.0,0.0,0.32921755,-0.18021704,-0.06297356,-0.14180648,-0.07664323,0.24625865,0.08941347,0.4705529,-0.20350915,-0.2446897,0.12212497,-0.043902777,-0.23908904,0.0718426,-0.09066529,0.065139495,0.27411222,-0.23534317,0.18972102,-0.06211707,-0.11354896,0.039279897,0.25417817,0.3785969,1.0865029,-0.8911891,-0.841408,-1.3415431,-2.2539926,-2.6126847,0.87272334,2.539431,-2.5375125,-0.69214284,-2.918716,3.4663067,-500.0,500.0,-500.0,500.0,500.0,-500.0,500.0,-491.32423130501195,-500.0,500.0,500.0,500.0
214,0.0,0.0,0.0,0.0,0.0,-1.0,1.0,0.0,0.0,0.3268653,-0.18172713,-0.06012082,-0.14940643,-0.080384195,0.2610442,0.0865194,0.4760309,-0.20461494,-0.24118674,0.11504179,-0.02874935,0.13286366,-0.05563299,0.08224044,-0.10648234,-0.21381147,0.27534017,-0.1759994,0.09588983,0.108596765,-0.04967631,-0.22829325,-0.12682642,1.3748306,-0.12517713,0.3754059,-0.13000289,-0.9049375,1.6531346,0.5896362,3.0590014,0.4193716,-1.9216359,0.36681837,2.2674112,500.0,-500.0,490.57025698270036,-500.0,-500.0,494.7364495288059,-500.0,500.0,500.0,-500.0,-500.0,-500.0
215,0.0,0.0,0.0,0.0,0.0,-1.0,1.0,0.0,0.0,0.30944535,-0.17622647,-0.063412845,-0.14772522,-0.064949274,0.25344872,0.09598011,0.47629133,-0.20632213,-0.24921036,0.1280163,0.006246157,-0.22739796,0.077772535,-0.07363426,0.06830957,0.27157915,-0.2449272,0.20701773,-0.06998661,-0.120118454,0.027798945,0.25785062,0.37786755,1.2262603,-0.70364904,-0.66267514,-1.1131301,-2.1725643,-2.8365192,1.0317295,2.5700421,-2.679256,-0.49518523,-3.0201485,1.9655907,-500.0,500.0,-500.0,500.0,500.0,-500.0,500.0,-492.3006070344194,-500.0,500.0,500.0,500.0
216,0.0,0.0,0.0,0.0,0.0,-1.0,1.0,0.0,0.0,0.30837816,-0.17615306,-0.058066785,-0.1541394,-0.06909585,0.2639084,0.09654193,0.48029658,-0.20819479,-0.24866164,0.120979965,0.021261556,0.13516648,-0.04665624,0.089262374,-0.09641695,-0.21519852,0.24926122,-0.15806888,0.089036584,0.11011696,-0.075289905,-0.23293595,-0.12711503,1.5733736,0.09547998,0.4561503,-0.3226724,-1.2206149,1.0195547,0.2752569,3.1261349,0.20257531,-1.3278358,0.27804285,0.31356108,500.0,-500.0,456.96404640366904,-500.0,-500.0,500.0,-500.0,500.0,500.0,-500.0,-500.0,-500.0
217,0.0,0.0,0.0,0.0,0.0,-1.0,1.0,0.0,0.0,0.28927293,-0.16852142,-0.059709966,-0.15438712,-0.053421497,0.25119135,0.106610164,0.4810732,-0.21556264,-0.24660206,0.13245636,0.055732027,-0.24084726,0.08813552,-0.07146577,0.062662914,0.27404132,-0.27043217,0.21214132,-0.06952217,-0.14471923,0.06601493,0.250756,0.37501153,1.3248878,-0.66071975,-0.6382133,-1.7045984,-3.045058,-2.9852448,0.59366584,2.7688515,-2.7504606,0.11825155,-2.9655259,0.66218746,-500.0,500.0,-500.0,500.0,500.0,-500.0,500.0,-500.0,-500.0,500.0,500.0,500.0
218,0.0,0.0,0.0,0.0,0.0,-1.0,1.0,0.0,0.0,0.2867528,-0.16768968,-0.054191828,-0.16242635,-0.05692935,0.25955275,0.098686375,0.48874286,-0.21709186,-0.23535216,0.123975575,0.06996397,0.1288799,-0.04528359,0.087283805,-0.104539886,-0.21137574,0.24819294,-0.20127772,0.1082403,0.108268395,-0.010271069,-0.23501447,-0.13071917,1.4931796,0.33114147,0.23283263,-0.8602643,-2.1341038,0.7821926,-0.48727262,3.3044891,0.049071297,-0.7763654,0.44262165,-1.4300443,500.0,-500.0,439.8809859764075,-500.0,-500.0,500.0,-500.0,500.0,500.0,-500.0,-500.0,-500.0
219,0.0,0.0,0.0,0.0,0.0,-1.0,1.0,0.0,0.0,0.2648004,-0.15860404,-0.055483997,-0.1656816,-0.040465713,0.24634402,0.104928724,0.49046522,-0.22046238,-0.23562932,0.13565636,0.09494197,-0.25811794,0.097691186,-0.06675761,0.04305173,0.27807346,-0.2733243,0.19046979,-0.06304649,-0.12634592,0.057615012,0.25150162,0.32693717,1.2138948,-0.583988,-0.916204,-2.3370924,-3.8818843,-2.8040583,0.009619426,2.946312,-2.8284159,0.83607936,-2.9013298,-0.44663537,-500.0,500.0,-500.0,500.0,500.0,-500.0,500.0,-490.51119126263984,-500.0,500.0,500.0,500.0
220,0.0,0.0,0.0,0.0,0.0,-1.0,1.0,0.0,0.0,0.2557696,-0.15647183,-0.052045524,-0.17965972,-0.08309734,0.25453177,0.10064739,0.4966454,-0.22704858,-0.21816587,0.12754023,0.099593185,0.09572282,-0.042490583,0.07057792,-0.13414748,-0.45692357,0.24833138,-0.18735856,0.10222217,0.064896144,0.0687763,-0.23552068,-0.1793712,1.1232941,0.5076206,-0.1385531,-1.2790592,-2.9063911,0.40569714,-0.8386539,3.4378533,-0.24302508,-0.50653136,0.39224494,-2.409565,500.0,-500.0,465.0190159301701,-500.0,-500.0,500.0,-500.0,500.0,500.0,70.70411345740524,-500.0,-500.0
221,0.0,0.0,0.0,0.0,0.0,-1.0,1.0,0.0,0.0,0.22903267,-0.14655186,-0.056041062,-0.18840837,-0.11567283,0.2413652,0.099914394,0.50198,-0.22735018,-0.21585357,0.13914269,0.10212257,-0.2767017,0.10417002,-0.078653574,0.01822818,0.033448983,-0.27299398,0.1609653,-0.04733218,-0.09971062,0.036454603,0.25236496,0.2152648,1.4676645,-0.28677702,-1.1135099,-2.2773204,-3.7055774,-2.2104514,-0.62859344,3.1921806,-2.8208263,1.5813121,-3.0496047,-1.0258733,-500.0,500.0,-500.0,500.0,500.0,-500.0,500.0,-500.0,-500.0,-26.5501811712725,500.0,500.0
222,0.0,0.0,0.0,0.0,0.0,-1.0,1.0,0.0,0.0,0.23455802,-0.1450564,-0.055134654,-0.20135248,-0.16672683,0.2490439,0.098457396,0.50856394,-0.23995274,-0.1907531,0.13135141,0.08435561,0.17947036,-0.04095783,0.0592341,-0.13292263,-0.44832608,0.24277274,-0.17746776,0.10620085,0.027094427,0.13257486,-0.23515181,-0.29227322,0.8505155,0.75640154,-0.036253378,-2.2636602,-3.7939467,-1.2562902,-0.9266475,3.937012,-1.2935958,-0.18835045,-0.75537777,-1.8262938,500.0,-500.0,390.2605271567516,-500.0,-500.0,500.0,-500.0,500.0,500.0,293.9718803528359,-500.0,-500.0
223,0.0,0.0,0.0,0.0,0.0,-1.0,1.0,0.0,0.0,0.22075996,-0.1334027,-0.06112802,-0.2098844,-0.19744247,0.23478971,0.10007559,0.5165689,-0.24574405,-0.18441844,0.14391375,0.08524958,-0.22056268,0.11535507,-0.0869223,0.018651007,0.043200053,-0.2777378,0.16898376,-0.032804754,-0.14108877,0.08766155,0.2557114,0.20706372,1.2468833,-0.13147734,-1.4350772,-2.8641906,-4.232586,-2.316899,-1.3891338,3.5900207,-2.3934078,2.0555158,-2.959234,-0.65345585,-500.0,500.0,-500.0,500.0,500.0,-500.0,500.0,-500.0,-500.0,500.0,500.0,500.0
224,0.0,0.0,0.0,0.0,0.0,-1.0,1.0,0.0,0.0,0.22049254,-0.12794086,-0.06355709,-0.22692466,-0.24644214,0.24145953,0.082566865,0.53175586,-0.2497502,-0.15684116,0.13579524,0.06560189,0.14337815,-0.028034234,0.042170577,-0.15458332,-0.4392263,0.23882759,-0.25327322,0.14581206,0.08141927,0.12258529,-0.23564763,-0.30123407,0.52315617,1.129996,-0.35162765,-1.7347544,-3.1930227,-0.89718187,-1.4357481,4.2912006,-1.0135838,-0.35471466,-0.9426476,-0.789248,500.0,-500.0,456.0497760371794,-500.0,-500.0,500.0,-500.0,500.0,500.0,93.78699829975585,-500.0,-500.0
225,0.0,0.0,0.0,0.0,0.0,-1.0,1.0,0.0,0.0,0.19989058,-0.113337815,-0.07205099,-0.2389673,-0.27522534,0.22679567,0.07913257,0.54157734,-0.251064,-0.15186095,0.1484034,0.06584873,-0.2526489,0.13173687,-0.09883319,0.008766766,0.053418644,-0.27868158,0.13888416,-0.018634554,-0.1214327,0.08543608,0.25557777,0.20339179,1.0448145,-0.056006417,-1.4063113,-1.981018,-2.242929,-1.8714885,-1.0908514,3.5557466,-2.0463881,1.686559,-3.0136158,0.11520764,-500.0,500.0,-489.49438851034824,500.0,500.0,-500.0,500.0,-486.30409263873617,-500.0,500.0,500.0,500.0
226,0.0,0.0,0.0,0.0,0.0,-1.0,1.0,0.0,0.0,0.19856526,-0.107277736,-0.0748238,-0.25734162,-0.3230999,0.23322788,0.056071058,0.55872005,-0.24736339,-0.13123262,0.14060116,0.045537114,0.14373264,-0.029549632,0.041696,-0.16214785,-0.43506256,0.23687077,-0.275359,0.15071823,0.14858878,0.024973424,-0.23044403,-0.30401248,0.46993005,1.3309155,-0.21679913,-0.2939103,-1.3206687,-0.5470998,-0.6156646,4.2402306,-0.42095137,-1.8160527,-1.3418725,0.054255962,500.0,-500.0,453.1925982836309,-500.0,-500.0,500.0,-500.0,500.0,500.0,-494.0797841786107,-500.0,-500.0
227,0.0,0.0,0.0,0.0,0.0,-1.0,1.0,0.0,0.0,0.18328002,-0.09288592,-0.0824396,-0.25365043,-0.34680015,0.21772064,0.051931467,0.56749654,-0.23908669,-0.14370048,0.15413225,0.04576367,-0.2003268,0.12967935,-0.023865072,0.022348044,0.11300387,-0.2821044,0.13459074,-0.020048363,-0.075990014,-0.0028068547,0.2601004,0.20316823,1.2221909,0.40519255,-1.0244771,-0.23555997,0.052384377,-1.3164631,-0.06702532,3.1182723,-1.7188109,0.24437879,-3.3707826,0.5899482,-500.0,500.0,51.90218917768608,-44.326372819163396,500.0,-500.0,500.0,-466.97383087353353,-500.0,500.0,500.0,500.0
228,0.0,0.0,0.0,0.0,0.0,-1.0,1.0,0.0,0.0,0.18397836,-0.084037356,-0.08818722,-0.24410069,-0.36387843,0.22206436,0.032627154,0.58193845,-0.23097473,-0.13511539,0.123303294,0.025476575,0.13345924,-0.0090379445,-0.05428032,0.10956998,-0.27469587,0.22234432,-0.26653162,0.13716823,0.1473605,0.03686472,-0.3795512,-0.30463588,0.97498363,1.4443587,0.31078273,2.1885703,0.4484241,0.47808567,1.2216913,3.5147238,0.11368595,-4.070083,-1.8457849,0.31615245,500.0,-500.0,-232.45314319557565,500.0,-500.0,500.0,-500.0,500.0,500.0,154.47206479142085,-500.0,-500.0
229,0.0,0.0,0.0,0.0,0.0,-1.0,1.0,0.0,0.0,0.17383212,-0.0684887,-0.09308261,-0.2162031,-0.36382836,0.20483741,0.034282725,0.5872611,-0.2172212,-0.16533363,0.108003795,0.025843713,-0.17855403,0.1328023,-0.04686566,0.21067746,0.19033517,-0.29140142,0.17542009,-0.04124751,-0.04558533,-0.11887219,0.117683485,0.20510995,1.7654972,0.72712696,-0.4374013,1.6594404,1.4643816,-0.74340713,0.6749234,2.431033,-1.8058345,-1.6127125,-4.0163293,0.53833497,-500.0,500.0,-142.81878308019833,500.0,500.0,-500.0,500.0,-500.0,-500.0,500.0,500.0,500.0
230,0.0,0.0,0.0,0.0,0.0,-1.0,1.0,0.0,0.0,0.17935891,-0.05808523,-0.08750206,-0.19517624,-0.37358683,0.2074808,0.042294465,0.59054583,-0.21987861,-0.17339551,0.073533535,0.0066481587,0.16108851,0.0016729072,0.075860135,0.03594851,-0.24467607,0.2160892,-0.1310595,0.0812838,0.1005348,-0.06038334,-0.36710703,-0.29880622,1.6422085,0.5733479,0.8740667,3.2495215,2.1336656,1.8096141,1.3043036,2.5787714,0.8291966,-4.4854174,-0.8764499,0.09905547,500.0,-500.0,435.0997603552931,-500.0,-500.0,500.0,-500.0,500.0,500.0,70.35089390915772,-500.0,-500.0
231,0.0,0.0,0.0,0.0,0.0,-1.0,1.0,0.0,0.0,0.17945866,-0.04627988,-0.082567036,-0.15644324,-0.36540848,0.1899396,0.053365413,0.5900863,-0.2081222,-0.21150804,0.05888748,0.0075125853,-0.115938,0.102231406,0.0019093807,0.26718733,0.23201339,-0.2910696,0.22298811,-0.071443714,-0.064589046,-0.13952687,0.12047309,0.20717524,2.3259168,0.07484712,-0.23008727,2.4502714,2.1565511,0.12076917,0.41685432,1.9153609,-1.7651306,-1.7967968,-2.7591484,1.5562574,-500.0,500.0,-195.4191743337559,389.3474036811631,500.0,-500.0,500.0,-500.0,-500.0,500.0,500.0,500.0
232,0.0,0.0,0.0,0.0,0.0,-1.0,1.0,0.0,0.0,0.19762616,-0.042806163,-0.07467109,-0.124067664,-0.3757848,0.1936775,0.059519824,0.5914302,-0.20762211,-0.22110283,0.024496734,-0.011541173,0.22429775,-0.031936925,0.07487764,0.096047305,-0.24496925,0.22377992,-0.14197235,0.07365014,0.119504824,-0.07330694,-0.3666212,-0.297704,2.5168219,-0.4780674,1.1531411,3.1877196,3.4913595,2.485857,0.28650278,2.1657193,1.0316895,-2.3855348,0.60970634,0.9130492,500.0,-500.0,419.36609222991115,-500.0,-500.0,500.0,-500.0,500.0,500.0,-12.687356159600142,-500.0,-500.0
233,0.0,0.0,0.0,0.0,0.0,-1.0,1.0,0.0,0.0,0.21514158,-0.042722594,-0.063809276,-0.09097898,-0.355722,0.17915334,0.071667954,0.588194,-0.20596617,-0.23681676,0.00921303,-0.010506719,-0.026313564,0.03566629,0.023461048,0.22813343,-0.16943178,-0.27447784,0.22945523,-0.0869261,-0.115867175,-0.026443843,0.11766545,0.20782273,2.9550571,-0.9113364,0.15456273,1.3920479,2.6137908,0.7262293,-0.21676217,1.4981079,-1.7291403,-0.6434059,-1.0915298,1.9361463,-500.0,447.40135573297346,-495.8016124241186,500.0,-500.0,-500.0,500.0,-500.0,-500.0,500.0,500.0,500.0
234,0.0,0.0,0.0,0.0,0.0,-1.0,1.0,0.0,0.0,0.24753204,-0.049887326,-0.05483812,-0.07143617,-0.32926506,0.18655306,0.065439336,0.590517,-0.20085174,-0.23406208,-0.026193857,-0.02939706,0.27980623,-0.07569269,0.025938962,0.0914739,0.33333734,0.24128132,-0.20462255,0.07946136,0.14232148,-0.010723446,-0.3718846,-0.29665622,3.4120026,-1.0536888,0.9416964,1.2713884,2.4808276,2.5901763,-0.7190788,1.9590725,-0.062195793,-1.1246352,0.82642585,1.694108,500.0,-457.24019441122033,-126.43402556317665,-6.169415711550869,500.0,500.0,-500.0,500.0,500.0,10.637020032024935,-500.0,-500.0
235,0.0,0.0,0.0,0.0,0.0,-1.0,1.0,0.0,0.0,0.27248397,-0.056481306,-0.04261422,-0.05959332,-0.3217078,0.17507263,0.07663242,0.58474,-0.20455319,-0.23371315,-0.0419358,-0.027960142,0.01777517,-0.0030299416,0.09901728,-0.0066459286,-0.15809175,-0.2562255,0.22277641,-0.09883699,-0.14806913,0.069582134,0.1153654,0.20981506,2.223961,-2.075909,-0.32196277,-1.386011,1.6436031,-0.61979914,-0.7213161,1.9390773,-0.6242338,1.2913375,1.8008308,2.4401736,-500.0,369.6539745167169,381.6873670532776,-500.0,-500.0,-500.0,500.0,-500.0,-500.0,500.0,500.0,500.0
236,0.0,0.0,0.0,0.0,0.0,-1.0,1.0,0.0,0.0,0.30172804,-0.072616994,-0.033581436,-0.06960356,-0.29079753,0.18676749,0.067202926,0.58589923,-0.2056964,-0.2126168,-0.01360333,-0.04663321,0.26070273,-0.124069095,0.048701417,-0.118254565,0.35754222,0.2659734,-0.21738426,0.07208208,0.11676452,0.06303193,-0.052686032,-0.29571864,2.6457853,-1.1721113,-0.16000508,-0.2108492,0.556622,3.8135216,-1.6180936,1.8556368,0.15976761,-1.4035424,1.6140065,2.3024988,500.0,-404.7624350937255,20.02593009951981,-500.0,500.0,500.0,-500.0,500.0,500.0,-119.47140566587109,-500.0,-500.0
237,0.0,0.0,0.0,0.0,0.0,-1.0,1.0,0.0,0.0,0.3118813,-0.081721865,-0.03668791,-0.07164645,-0.27668434,0.17714345,0.07794385,0.5781342,-0.20607549,-0.21872222,0.03510171,-0.04506357,-0.077930234,-0.004774831,-0.054272722,0.049652614,-0.120989464,-0.25385222,0.22065966,-0.108069174,-0.12575729,0.026003709,0.43736777,0.21089943,1.6244452,-1.7730608,-0.18539013,-2.053237,0.5063916,-1.369885,1.646891,1.9620832,-1.6835425,-0.80394644,-0.14872342,3.3906727,-500.0,393.59178345859675,-500.0,500.0,-500.0,-500.0,500.0,-500.0,-500.0,500.0,500.0,500.0
238,0.0,0.0,0.0,0.0,0.0,-1.0,1.0,0.0,0.0,0.35414386,-0.10254519,-0.02260691,-0.10564065,-0.24297339,0.1519366,0.07060864,0.5758165,-0.19736862,-0.21878767,0.040621698,-0.029122416,-0.12699728,-0.047210347,-0.06117918,-0.02304498,0.37425596,0.24833086,-0.20406096,0.053266305,0.1726068,-0.06280084,-0.19495572,-0.12265118,2.842738,-0.43947077,0.6313743,-0.8607518,0.5266712,2.490065,0.62542963,2.266303,-0.58106005,-1.3290147,0.38583976,3.5496488,-500.0,282.0252449575737,-500.0,500.0,500.0,500.0,-500.0,500.0,500.0,-500.0,-500.0,-500.0
239,0.0,0.0,0.0,0.0,0.0,-1.0,1.0,0.0,0.0,0.3655082,-0.1058774,-0.018375099,-0.11527896,-0.2290048,0.14083344,0.08031356,0.5657186,-0.19754213,-0.22002316,0.059948385,0.007232982,0.17945671,-0.025035474,0.08823736,-0.11764542,-0.12922168,-0.24803376,0.2137008,-0.11775631,-0.12117572,0.047633633,0.2903734,0.38444188,1.7021979,-1.5485569,-0.61671126,-1.0359403,-0.10787821,-0.91681266,0.7150926,2.3256485,-0.57907957,-1.0378487,-0.17029184,1.8346175,500.0,-211.60261763016248,500.0,-500.0,-500.0,-500.0,500.0,-488.46758703699123,-500.0,500.0,500.0,500.0
240,0.0,0.0,0.0,0.0,0.0,-1.0,1.0,0.0,0.0,0.3754386,-0.114836596,-0.02114749,-0.11510086,-0.19470352,0.15079653,0.07127262,0.5626465,-0.18282026,-0.22890258,0.060082257,0.023209915,-0.06301833,-0.03054289,-0.07336299,0.067913964,0.37008354,0.24041198,-0.21683393,0.05137862,0.19944073,-0.0997256,-0.192635,-0.122819416,2.876777,-0.31945562,0.6334001,-0.8909603,-0.8234997,2.8521628,0.703359,1.8127403,-1.0704062,-1.1606817,-0.43925565,1.2300173,-500.0,229.74982307674497,-500.0,500.0,500.0,500.0,-500.0,500.0,500.0,-461.3353939388336,-500.0,-500.0
241,0.0,0.0,0.0,0.0,0.0,-1.0,1.0,0.0,0.0,0.38684174,-0.115549184,-0.015571058,-0.12634909,-0.18014437,0.1390035,0.07781272,0.5526797,-0.17898,-0.23271418,0.079651475,0.059458196,0.16752979,-0.016708948,0.0877243,-0.12551813,-0.12382716,-0.24959622,0.19891654,-0.116369985,-0.10015162,0.034851458,0.29141876,0.38379267,1.6349902,-1.514784,-0.42852372,-1.7393825,-0.8863412,-1.6000665,0.53014773,2.2787528,-1.3510195,0.2309076,-0.50503546,0.5745129,500.0,-236.3500187576065,500.0,-475.93736057020266,-500.0,-500.0,500.0,-500.0,-500.0,500.0,500.0,500.0
242,0.0,0.0,0.0,0.0,0.0,-1.0,1.0,0.0,0.0,0.39543074,-0.12365635,-0.016482651,-0.13112581,-0.14503056,0.14893976,0.063876376,0.54974115,-0.1695149,-0.22169542,0.07911837,0.07520181,-0.072142385,-0.026300048,-0.06484955,0.038631257,0.37430677,0.2403978,-0.23996,0.04974785,0.175519,-0.0106296865,-0.19540605,-0.123935975,2.3706226,-0.04234813,0.46685028,-2.3018534,-2.48068,2.2795625,-0.16382907,1.9562083,-1.4949768,0.27278545,-0.48380983,-0.73939705,-500.0,224.93314596248786,-500.0,500.0,500.0,500.0,-500.0,500.0,500.0,-500.0,-500.0,-500.0
243,0.0,0.0,0.0,0.0,0.0,-1.0,1.0,0.0,0.0,0.40127614,-0.12145868,-0.008876443,-0.1516155,-0.17331308,0.13662429,0.06549891,0.54005057,-0.16972387,-0.20791876,0.098086834,0.11114761,0.13887279,-0.0024087739,0.1013906,-0.18111907,-0.3926351,-0.25212967,0.17262267,-0.11229457,-0.11728739,0.12120111,0.28825763,0.38208243,0.8228503,-1.1664367,-1.4048715,-2.5839539,-3.3402426,-1.1095663,-0.56314445,2.4390678,-1.433646,0.8062466,-1.0982974,-0.70174396,500.0,-245.3627301250594,500.0,-500.0,-500.0,-500.0,500.0,-500.0,-500.0,500.0,500.0,500.0
244,0.0,0.0,0.0,0.0,0.0,-1.0,1.0,0.0,0.0,0.3966483,-0.1253503,-0.01616764,-0.16434729,-0.18992966,0.14585698,0.044796094,0.53924,-0.15579289,-0.19695199,0.09772813,0.12609072,-0.15683202,-0.0043115695,-0.11987815,0.0027345906,0.12183513,0.237841,-0.27705273,0.059951432,0.19588928,-0.0062046354,-0.19438916,-0.12859352,2.145557,0.2019843,0.08392049,-2.187764,-3.84544,0.9162886,-0.4571749,2.3921533,-2.9058433,1.2415556,-1.9975457,-1.9546942,-500.0,198.43196442958993,-500.0,438.9783112716485,500.0,500.0,-500.0,500.0,500.0,-500.0,-500.0,-500.0
245,0.0,0.0,0.0,0.0,0.0,-1.0,1.0,0.0,0.0,0.39048472,-0.12087063,-0.01806587,-0.18746829,-0.22562271,0.1333391,0.055959184,0.5323443,-0.16852182,-0.17494762,0.11810464,0.07393496,0.09257945,0.0041157342,0.0618198,-0.18764502,-0.37779343,-0.25330856,0.22621429,-0.08620161,-0.18946312,0.1645621,0.29710582,-0.061265595,0.18586276,-0.86330926,-1.2569162,-3.9380395,-4.7215643,-2.0455236,-0.0627303,3.0033743,-2.0910025,1.2791405,-1.8053017,-2.1332188,500.0,-278.7303790594295,500.0,-500.0,-500.0,-500.0,500.0,-436.30956010426587,-500.0,500.0,500.0,500.0
246,0.0,0.0,0.0,0.0,0.0,-1.0,1.0,0.0,0.0,0.37966052,-0.12188676,-0.024600506,-0.2119118,-0.24012333,0.14232157,0.045013852,0.5374012,-0.1668669,-0.15995622,0.11978197,0.0016028703,-0.18233888,0.01688756,-0.10445168,-0.053682905,0.12959929,0.23603824,-0.22914422,0.09032407,0.13385062,0.015100312,-0.18419302,-0.56040883,1.1844279,0.8654386,-0.60126215,-2.5722864,-3.941426,1.2242731,-2.0705063,3.267901,-2.360208,1.8193752,-1.4937334,1.5558606,-500.0,285.98543642762365,-500.0,500.0,500.0,500.0,-500.0,500.0,500.0,-500.0,-500.0,-500.0
247,0.0,0.0,0.0,0.0,0.0,-1.0,1.0,0.0,0.0,0.3646417,-0.111860774,-0.030722916,-0.23834026,-0.2733255,0.1287701,0.040388536,0.54146546,-0.17371559,-0.13426232,0.14060944,0.027168892,0.068461105,0.025583575,0.030683706,-0.19969128,-0.36252072,-0.2588197,0.11618284,-0.017894283,-0.14081942,0.18809418,0.29718193,-0.062428545,-0.8835214,-0.46290308,-2.3514552,-3.1665564,-2.863199,-1.8907081,-0.97266495,3.5223274,-1.2389458,-0.022045989,-1.8270864,3.2359653,500.0,-281.0573176691686,500.0,-444.5948997420302,-500.0,-500.0,500.0,-458.41065727804664,-500.0,500.0,500.0,-500.0
248,0.0,0.0,0.0,0.0,0.0,-1.0,1.0,0.0,0.0,0.35331747,-0.10881639,-0.047696292,-0.25230014,-0.2848478,0.13680299,0.01785616,0.5534381,-0.16106963,-0.13009906,0.1433962,0.07032551,-0.1850848,0.04462589,-0.15464827,0.0043758764,0.14408249,0.23097888,-0.2699357,0.11064979,0.17823748,-0.034721624,-0.17776158,0.40117708,1.2849711,0.61538815,-0.67672527,-0.74423313,-0.7555082,1.4884382,-0.8806422,3.296438,-1.9030111,0.5124254,-1.9093208,2.697331,-500.0,395.4245056153122,-500.0,500.0,500.0,500.0,-500.0,500.0,500.0,-270.26210944214404,-500.0,500.0
249,0.0,0.0,0.0,0.0,0.0,-1.0,1.0,0.0,0.0,0.3497225,-0.10180568,-0.059499323,-0.25545478,-0.31783992,0.12353242,0.011934335,0.5606023,-0.16037846,-0.120901704,0.16582882,0.0943311,0.1239061,0.0005221323,0.030930916,-0.1015445,-0.36903694,-0.2568458,0.12812702,-0.011968395,-0.11130967,0.096881896,0.30525205,-0.06762892,0.44673532,0.54112554,-1.430378,0.19102177,-0.6296847,-1.0259103,1.635558,3.0141742,-0.36583793,-2.345141,-2.6804795,-1.7655495,500.0,-432.4765913549924,500.0,-500.0,-500.0,-500.0,500.0,-500.0,-500.0,500.0,500.0,-500.0
250,0.0,0.0,0.0,0.0,0.0,-1.0,1.0,0.0,0.0,0.3359216,-0.09011935,-0.07580596,-0.24101174,-0.33216733,0.12854141,-0.0029818479,0.57143044,-0.141738,-0.13755214,0.10885024,0.040882975,-0.19891164,0.09934164,-0.1412776,0.15594989,0.12651083,0.21334231,-0.2310705,0.103072934,0.18286447,-0.07510358,-0.55721873,-0.47039515,1.6963241,1.2394537,0.07928701,0.83450747,0.23777962,0.27628177,1.1090807,2.920777,-1.9348303,-0.85626733,-2.6933076,0.5648599,-500.0,486.7520431682309,-500.0,500.0,500.0,500.0,-500.0,500.0,500.0,298.13456021221816,-500.0,-500.0
251,0.0,0.0,0.0,0.0,0.0,-1.0,1.0,0.0,0.0,0.33332655,-0.077694714,-0.078302026,-0.23168635,-0.36150366,0.113213114,0.00061973295,0.57432544,-0.14090526,-0.1379863,0.055379868,0.058397576,0.13019638,0.022611415,0.047389865,0.032278493,-0.2823022,-0.26775464,0.18418105,-0.04180206,-0.11658529,0.047614515,-0.07362901,0.35394508,-0.1653293,-0.19895749,-1.8591089,-0.039600752,-0.47793412,-0.31141374,0.42028463,2.9747648,-0.36579382,-2.846776,-2.5291321,-0.3376608,500.0,-431.9911221189369,500.0,-10.90432556431324,-410.47754230288547,-500.0,500.0,-500.0,-500.0,500.0,500.0,500.0
252,0.0,0.0,0.0,0.0,0.0,-1.0,1.0,0.0,0.0,0.32618847,-0.072042,-0.08755982,-0.2163459,-0.35611767,0.11972166,-0.010097191,0.58065635,-0.12069827,-0.16163683,-0.016646504,0.0685763,-0.16706815,0.058601856,-0.12146737,0.15118293,0.23143677,0.2247387,-0.21985446,0.081557594,0.22543274,-0.17137913,-0.55379647,-0.15135786,2.05682,0.8440317,-0.40631825,3.5598006,0.6920707,2.89368,0.33829075,2.5040536,-1.1388199,-3.6218596,-2.956635,-0.4164102,-500.0,414.45743066747474,-500.0,500.0,500.0,500.0,-500.0,500.0,500.0,-272.49323445293646,-500.0,-500.0
253,0.0,0.0,0.0,0.0,0.0,-1.0,1.0,0.0,0.0,0.3246452,-0.064279996,-0.098275185,-0.17653441,-0.3718701,0.10532304,0.00630614,0.5783089,-0.11561906,-0.18958747,-0.068360806,0.09941665,0.12198742,0.004436185,-0.025572304,0.2453943,-0.28180575,-0.26453775,0.25998142,-0.068691656,-0.1072933,-0.08338073,-0.063582465,0.35648158,0.5808392,-0.55338675,-0.2546134,1.6919087,1.3899517,-0.55464184,1.5121927,2.3289685,-1.0458007,-2.944614,-1.1508794,-1.1761811,500.0,-416.60922216297604,127.79546024455145,500.0,-500.0,-500.0,500.0,-500.0,-500.0,500.0,500.0,500.0
254,0.0,0.0,0.0,0.0,0.0,-1.0,1.0,0.0,0.0,0.33044505,-0.064668685,-0.09441966,-0.15132356,-0.37028652,0.112455405,0.0066843,0.57996064,-0.10355902,-0.21365428,-0.08195186,0.110065304,-0.086532585,0.029105976,0.03502148,0.06656391,0.20199159,0.22703369,-0.16733943,0.0594693,0.18487577,-0.1851031,0.12561348,-0.1480258,2.9162261,-0.11079167,0.26516694,3.219951,1.6435742,2.7989635,0.8177059,2.0777462,-0.7834991,-3.6188872,-0.5880869,-1.909356,-500.0,405.5087270747458,237.69069070381076,-500.0,500.0,500.0,-500.0,500.0,500.0,-500.0,500.0,-500.0
255,0.0,0.0,0.0,0.0,0.0,-1.0,1.0,0.0,0.0,0.34456137,-0.06508006,-0.089922786,-0.115823984,-0.38050348,0.09956926,0.023548773,0.5760036,-0.1012249,-0.235569,-0.11485314,0.103014976,0.1901039,-0.03239378,0.05573405,0.16657743,-0.24892886,-0.2546012,0.253857,-0.07572285,-0.10703009,-0.05370484,-0.35778096,0.16635981,1.3509057,-0.9160173,0.5080213,1.5157424,2.356053,-0.4824787,1.7871622,1.630955,-2.070782,-0.46619287,-0.11463171,-0.67128325,500.0,-411.2569938811222,201.57154616083363,24.480763973602507,-500.0,-500.0,500.0,-500.0,-500.0,500.0,-500.0,500.0
256,0.0,0.0,0.0,0.0,0.0,-1.0,1.0,0.0,0.0,0.35453555,-0.06915865,-0.07939875,-0.09538317,-0.36241597,0.107691616,0.03445527,0.5728923,-0.10878354,-0.23117983,-0.12820327,0.07593884,-0.06916084,0.0030002554,0.06852568,0.044334102,0.29491827,0.23294292,-0.11973009,0.038324546,0.073368445,-0.0078644445,0.12615182,-0.33729717,2.0492377,-1.274507,-0.5070311,1.6048363,1.535984,3.1095905,-0.7405566,2.1665642,0.48367918,-1.6815364,2.7701082,-1.5144804,-500.0,256.465086931982,228.55985831240622,-500.0,500.0,500.0,-500.0,500.0,500.0,1.0615285442452205,500.0,-500.0
257,0.0,0.0,0.0,0.0,0.0,-1.0,1.0,0.0,0.0,0.37350082,-0.079476655,-0.07817131,-0.070614934,-0.35867387,0.098066315,0.05079916,0.56651354,-0.11302161,-0.23935258,-0.06813991,0.068756804,0.19660914,-0.077417806,0.0035713823,0.117895894,-0.16975543,-0.2372384,0.25502703,-0.09076222,-0.12478878,-0.03477769,0.49565172,0.16639192,1.2069354,-1.3389784,-0.008734152,1.2430664,2.6490808,-0.24868616,0.95010567,1.642681,-2.0422094,-1.042773,0.9016754,0.6455789,500.0,-329.8286957303676,-49.652914632093875,155.2668357301834,-500.0,-500.0,500.0,-500.0,-500.0,-142.57067508140688,500.0,500.0
258,0.0,0.0,0.0,0.0,0.0,-1.0,1.0,0.0,0.0,0.3804234,-0.08814344,-0.07433355,-0.059565663,-0.33464426,0.1079311,0.05095567,0.56450546,-0.109907866,-0.24213791,-0.029794395,0.04135533,-0.0774514,-0.021370823,0.035928827,-0.000934214,0.31300387,0.24050505,-0.16529271,0.043358948,0.14975552,-0.09340485,-0.018404195,-0.33866727,3.4421134,-0.65850234,1.4378409,-0.052014254,2.1703832,1.741914,2.3068283,1.4718854,-1.3891287,-0.40733698,0.5137033,-0.4598447,-500.0,239.68433785577213,188.81505909300887,-500.0,500.0,500.0,-500.0,500.0,500.0,-416.7889508676996,-500.0,-500.0
259,0.0,0.0,0.0,0.0,0.0,-1.0,1.0,0.0,0.0,0.39309117,-0.09275496,-0.055838764,-0.06334257,-0.33181947,0.09716172,0.06691266,0.55613875,-0.120010614,-0.23466885,0.021838605,0.034248564,0.17478089,-0.041709717,0.1514951,-0.089726985,-0.18346058,-0.24379873,0.24502765,-0.0994653,-0.17520192,0.10412747,0.44286567,0.16701704,1.4076574,-1.6372032,-0.63060117,-0.9308738,0.97111773,-0.290225,-0.17268388,2.0615401,-0.7255417,1.3091861,1.8069639,1.2775487,500.0,-285.7655027265141,500.0,-450.46728078034715,-500.0,-500.0,500.0,-500.0,-500.0,500.0,500.0,500.0
260,0.0,0.0,0.0,0.0,0.0,-1.0,1.0,0.0,0.0,0.39592913,-0.10277755,-0.052020848,-0.06422281,-0.3056987,0.10787466,0.06356227,0.5530962,-0.123047054,-0.2167728,0.0518921,0.006881463,-0.11448087,-0.034942977,-0.021994242,-0.04293195,0.33720857,0.2466121,-0.18331245,0.0396165,0.11576486,0.014085292,-0.04238246,-0.33941674,2.7681692,-0.5992286,0.49191678,-0.20689836,0.31138313,2.7887747,0.53066707,1.9351153,-1.7659152,-0.5285317,-0.54368037,1.3656125,-500.0,193.4302039924445,-346.4267909564835,-295.46045729519045,500.0,500.0,-500.0,500.0,500.0,-500.0,-500.0,-500.0
261,0.0,0.0,0.0,0.0,0.0,-1.0,1.0,0.0,0.0,0.40135273,-0.10660704,-0.04703158,-0.06431246,-0.29897398,0.097196795,0.07826529,0.5433919,-0.12846595,-0.21242738,0.022073507,-0.00011723487,0.13534293,-0.03258335,0.042332478,0.023487462,-0.16369438,-0.24605958,0.234351,-0.103812516,-0.14666921,0.08512398,0.05409656,0.16742735,0.9917535,-1.537966,-0.3420015,-1.9520944,-0.1165818,-1.0977,1.3841745,2.3397207,-1.589672,-0.53288674,-0.7811775,2.0954876,500.0,-223.4934746453889,131.0392689994564,272.0702615871162,-500.0,-500.0,500.0,-474.0578027288764,-500.0,500.0,500.0,500.0
262,0.0,0.0,0.0,0.0,0.0,-1.0,1.0,0.0,0.0,0.398099,-0.115380965,-0.04492116,-0.07717812,-0.27046996,0.10785835,0.07044006,0.54238784,-0.118229985,-0.21413422,-0.025085747,-0.028217465,-0.13391362,-0.028118644,-0.054867428,-0.0026108264,0.34354335,0.24441305,-0.21397448,0.05538685,0.17893243,-0.07179197,-0.42939353,-0.34454992,2.316249,-0.8061818,0.059873953,-0.943336,-0.63774014,3.9187555,-0.6749023,2.1490207,-0.5863511,-1.0550162,0.2579263,1.3078476,-500.0,231.01338201414796,-500.0,500.0,500.0,500.0,-500.0,500.0,500.0,-500.0,-500.0,-500.0
263,0.0,0.0,0.0,0.0,0.0,-1.0,1.0,0.0,0.0,0.39861447,-0.12028809,-0.04290682,-0.089482665,-0.26080853,0.0979491,0.07699952,0.536272,-0.11769909,-0.2123375,-0.034496605,-0.036216572,0.11436621,-0.042209763,0.06752841,-0.12940416,-0.14793994,-0.23949836,0.19727562,-0.087149195,-0.11403191,0.06353565,0.1701517,0.16308859,0.8507995,-1.5837187,-1.4413899,-1.2676382,-0.38966298,-0.16575006,-0.33437255,2.2436213,-0.5413216,-0.5249863,1.3827591,2.3710427,500.0,-260.4187890573787,500.0,-500.0,-500.0,-500.0,500.0,-500.0,-500.0,500.0,500.0,500.0
264,0.0,0.0,0.0,0.0,0.0,-1.0,1.0,0.0,0.0,0.3907155,-0.12911582,-0.051869035,-0.09240615,-0.2298029,0.10885705,0.06502016,0.53559464,-0.10355848,-0.21697998,-0.058646142,-0.03987374,-0.15906937,-0.025156775,-0.10948443,0.048880033,0.35481665,0.24500184,-0.23057596,0.05208363,0.19203568,-0.07899771,-0.31484923,-0.2214752,2.3376484,-1.0279586,-0.109977975,-0.22540632,0.27909446,3.8364863,0.61586684,1.9116869,-0.97525394,-2.1848235,0.19386405,3.4416342,-500.0,257.4010754635558,-500.0,500.0,500.0,500.0,-500.0,500.0,500.0,-457.88466818741074,-500.0,-500.0
265,0.0,0.0,0.0,0.0,0.0,-1.0,1.0,0.0,0.0,0.39223763,-0.13594961,-0.05411172,-0.098371506,-0.2189923,0.09962251,0.07280886,0.5282547,-0.09644729,-0.23069131,-0.06271654,-0.023242608,0.13318543,-0.05464014,0.059025805,-0.09108707,-0.14572172,-0.23628354,0.20689431,-0.092152975,-0.08463836,-0.008507619,0.17448041,0.28610942,1.1082723,-1.7929443,-0.85428846,-0.80655044,0.6733229,-0.4884741,0.7910098,2.0724165,-0.7707491,-0.7597854,1.4003634,2.0334496,500.0,-263.45386264416163,500.0,-500.0,-500.0,-500.0,500.0,-500.0,-500.0,500.0,500.0,500.0
266,0.0,0.0,0.0,0.0,0.0,-1.0,1.0,0.0,0.0,0.39101917,-0.1464266,-0.058464527,-0.0984447,-0.18885612,0.110977165,0.061218206,0.5265313,-0.08379024,-0.23219311,-0.086487055,-0.026921501,-0.12344394,-0.029834673,-0.07827745,0.05843521,0.34797773,0.24630907,-0.22659409,0.04464588,0.1900272,-0.08062266,-0.31276768,-0.22141321,2.4661694,-0.9999659,-0.054980025,-0.20584801,0.35311413,3.987923,1.0967053,1.6223454,-0.64488316,-2.151596,0.9485881,2.221932,-500.0,299.7631974017439,-500.0,500.0,500.0,500.0,-500.0,500.0,500.0,-500.0,-500.0,-500.0
267,0.0,0.0,0.0,0.0,0.0,-1.0,1.0,0.0,0.0,0.3932505,-0.15219244,-0.057973325,-0.105023146,-0.17802203,0.10156267,0.0668295,0.5189379,-0.074593544,-0.24637139,-0.09030807,-0.010381992,0.12812361,-0.050739795,0.060994722,-0.09352337,-0.14165288,-0.2364494,0.19237117,-0.09071846,-0.06977911,-0.012401755,0.17578605,0.2853541,1.1890838,-1.7137687,-1.1085489,-0.50850445,0.52349806,-0.38370422,0.24553008,2.0086975,-0.77615815,-0.16503419,2.160207,1.8386222,500.0,-309.7441620833349,500.0,-487.5692055298182,-500.0,-500.0,500.0,-500.0,-500.0,500.0,500.0,500.0
268,0.0,0.0,0.0,0.0,0.0,-1.0,1.0,0.0,0.0,0.38935834,-0.16115129,-0.06397861,-0.10422742,-0.1469543,0.11271487,0.05288697,0.51691794,-0.06466466,-0.23825645,-0.113353014,-0.014252327,-0.13932094,-0.02104332,-0.09005539,0.06410221,0.3525315,0.24510956,-0.24360116,0.042068016,0.15360264,0.021587072,-0.31045955,-0.22246444,2.369821,-1.1644983,-0.11995171,-0.39068964,0.15953422,3.6198163,1.2249666,1.5671077,-0.8801587,-1.949775,1.1044569,1.6813678,-500.0,315.4370068479884,-500.0,500.0,500.0,500.0,-500.0,500.0,500.0,96.0351348275239,-500.0,-500.0
269,0.0,0.0,0.0,0.0,0.0,-1.0,1.0,0.0,0.0,0.3915982,-0.16783889,-0.06406504,-0.111591935,-0.1351136,0.10380616,0.07072611,0.506568,-0.06555021,-0.24824679,-0.11560702,0.0021174531,0.13070877,-0.05783656,0.060813703,-0.10006993,-0.13612825,-0.23331304,0.27291536,-0.10429218,-0.10093539,-0.060070243,0.18571009,0.28341833,1.0914321,-1.6409127,-1.4090652,-0.5568831,-0.08115196,-0.2479527,0.19804259,2.0444846,-0.6921735,-0.089210525,2.511306,1.4831095,500.0,-333.4517708242199,500.0,-480.57961904386246,-500.0,-500.0,500.0,-460.4310031395445,-500.0,-264.58689100220494,500.0,500.0
270,0.0,0.0,0.0,0.0,0.0,-1.0,1.0,0.0,0.0,0.38429618,-0.17547317,-0.07218993,-0.11109328,-0.10288322,0.11488203,0.06672069,0.50473595,-0.0617584,-0.2444328,-0.11214417,-0.0028532872,-0.15965028,-0.011962635,-0.103574626,0.06320917,0.35810816,0.24430655,-0.1949272,0.047283772,0.14688389,-0.05710238,-0.17674501,-0.22895944,2.4125946,-0.934325,-0.14334907,-0.24690768,-0.17260075,3.3684435,1.5131513,1.6800148,-0.7800632,-2.2921495,1.2681284,1.2397625,-500.0,338.8047341405951,-500.0,500.0,500.0,500.0,-500.0,500.0,500.0,-458.84406286718524,-500.0,-500.0
271,0.0,0.0,0.0,0.0,0.0,-1.0,1.0,0.0,0.0,0.3832577,-0.17967935,-0.0736112,-0.1171298,-0.090341926,0.10549648,0.078358024,0.49840194,-0.06016016,-0.25377166,-0.08877629,0.01211817,0.12207136,-0.047127765,0.061448444,-0.09176632,-0.13403438,-0.23575385,0.21976781,-0.082457796,-0.11100712,0.028550206,0.31146204,0.27728692,1.0384858,-1.6411679,-1.105999,-0.5428058,-0.07621145,-0.7318673,1.0151342,2.1836803,-0.9655738,-0.68436253,1.4989381,1.3650419,500.0,-342.239412599948,500.0,-500.0,-500.0,-500.0,500.0,-500.0,-500.0,500.0,500.0,500.0
272,0.0,0.0,0.0,0.0,0.0,-1.0,1.0,0.0,0.0,0.37811583,-0.18675488,-0.07866019,-0.11764538,-0.058199346,0.116563916,0.06768699,0.49906567,-0.052852392,-0.24898458,-0.085068226,0.006316047,-0.14932169,-0.0071693542,-0.086963885,0.05559218,0.35695282,0.24390054,-0.2243198,0.055693995,0.15752646,-0.042535443,-0.17550424,-0.2323271,2.2128253,-0.77706337,0.034339324,-0.77685165,-0.71270084,3.0947695,1.6455966,1.6871144,-1.2522439,-1.5083556,0.7656564,1.1714457,-500.0,362.828374640825,-500.0,500.0,500.0,500.0,-500.0,500.0,500.0,-500.0,-500.0,-500.0
273,0.0,0.0,0.0,0.0,0.0,-1.0,1.0,0.0,0.0,0.37597665,-0.18893243,-0.0774132,-0.1271652,-0.045336902,0.10685183,0.07576365,0.4941724,-0.050256312,-0.25585127,-0.06128025,0.020717058,0.112598956,-0.03872478,0.07243548,-0.11434837,-0.13036743,-0.23673205,0.20622078,-0.07491334,-0.100771904,0.024326991,0.31384864,0.27461645,0.9804522,-1.5561086,-1.483955,-0.8067463,-1.2048784,-0.47563562,0.54582614,2.283686,-0.7960023,-0.21683003,1.2334094,1.2082658,500.0,-384.7540472056137,500.0,-500.0,-500.0,-500.0,500.0,-500.0,-500.0,500.0,500.0,500.0
274,0.0,0.0,0.0,0.0,0.0,-1.0,1.0,0.0,0.0,0.36684287,-0.19447424,-0.08488786,-0.12808084,-0.012012482,0.11783501,0.0624512,0.49600628,-0.041073024,-0.25205028,-0.05711788,0.01428291,-0.17191817,0.0010751266,-0.10452306,0.057775468,0.36305574,0.2435875,-0.23696278,0.06059159,0.17164095,-0.05980062,-0.17280976,-0.23579891,1.9719262,-0.6641964,-0.10260691,-0.99279916,-1.6390979,2.6350892,1.4269583,1.8903401,-1.6239586,-1.3154293,0.2573846,1.226626,-500.0,384.87165683925826,-500.0,500.0,500.0,500.0,-500.0,500.0,500.0,-500.0,-500.0,-500.0
275,0.0,0.0,0.0,0.0,0.0,-1.0,1.0,0.0,0.0,0.36132112,-0.19538905,-0.08513361,-0.13868165,-0.005142629,0.10811472,0.06978709,0.4921887,-0.04342276,-0.24799025,-0.03290099,0.028046535,0.099053524,-0.034696277,0.0684297,-0.12171836,-0.16917942,-0.23646043,0.20621525,-0.068774305,-0.12721324,0.07752564,0.31607017,0.27163514,0.79041594,-1.5967218,-1.6005806,-1.0502218,-2.0201182,-0.38554963,0.64987093,2.4253502,-0.8660742,-0.34254012,0.46520913,1.1046412,500.0,-415.08620584249405,500.0,-500.0,-500.0,-500.0,500.0,-500.0,-500.0,500.0,500.0,500.0
276,0.0,0.0,0.0,0.0,0.0,-1.0,1.0,0.0,0.0,0.35102773,-0.20084517,-0.09322637,-0.14108169,0.020299733,0.11942186,0.0570956,0.49541372,-0.032752216,-0.24969447,-0.027869046,0.020796807,-0.17958532,0.003937417,-0.10871317,0.050627,0.32338807,0.24498153,-0.23660238,0.067769356,0.1740311,-0.07340973,-0.1685313,-0.24041136,1.8111795,-0.3689319,-0.24175803,-1.1523386,-2.5974605,2.2401714,1.2670169,2.1097405,-1.9138238,-1.229368,-0.3074596,1.236975,-500.0,418.7761077535505,-500.0,500.0,500.0,500.0,-500.0,500.0,500.0,-495.2054200619895,-500.0,-500.0
277,0.0,0.0,0.0,0.0,0.0,-1.0,1.0,0.0,0.0,0.34044012,-0.1989861,-0.09447378,-0.15303409,-0.0038807988,0.109337404,0.06880182,0.49297467,-0.038447082,-0.24656034,-0.0025741458,0.033672586,0.07560018,-0.023173066,0.064924754,-0.1287176,-0.35337374,-0.23814149,0.23106681,-0.05913747,-0.14338078,0.0651196,0.32187575,0.26665166,0.4972238,-1.5195363,-1.66371,-1.3165913,-2.924181,-0.6028615,0.88314855,2.5830593,-1.0478216,-0.67740506,-0.25314182,1.0275389,500.0,-457.70159567549797,500.0,-500.0,-500.0,-500.0,500.0,-466.415356768366,-500.0,500.0,500.0,500.0
278,0.0,0.0,0.0,0.0,0.0,-1.0,1.0,0.0,0.0,0.32791182,-0.2031414,-0.10266602,-0.15689015,-0.015315294,0.120695025,0.06126671,0.49784082,-0.030505538,-0.2520175,0.0037087798,0.025384296,-0.19248226,0.013354625,-0.10986886,0.044083953,0.13925624,0.24527131,-0.21109544,0.075670324,0.15971546,-0.089707635,-0.16214198,-0.24570039,2.1142764,-0.0014487356,-0.19817115,-1.1328729,-3.1278164,1.7474915,0.83625156,2.4736538,-2.3050537,-0.6496436,-1.1847456,1.1523329,-500.0,465.5759734689281,-500.0,500.0,500.0,500.0,-500.0,500.0,500.0,-500.0,-500.0,-500.0
279,0.0,0.0,0.0,0.0,0.0,-1.0,1.0,0.0,0.0,0.33536762,-0.20036459,-0.10034406,-0.16992533,-0.046253145,0.1098168,0.07781768,0.4979112,-0.04265791,-0.24491751,0.030109286,0.036952842,0.1781858,-0.010771147,0.083285235,-0.13018,-0.350018,-0.24627927,0.25024936,-0.04275329,-0.18215752,0.102080904,0.32684058,0.2589845,0.28983837,-1.2223265,-1.4486232,-2.0880377,-3.7518916,-1.8893286,1.1061472,2.992814,-1.5434458,-0.8835727,-0.89802164,0.791791,500.0,-429.1273849097847,500.0,-486.61561337035005,-500.0,-500.0,500.0,-447.77190195217474,-500.0,500.0,500.0,500.0
280,0.0,0.0,0.0,0.0,0.0,-1.0,1.0,0.0,0.0,0.33201703,-0.20004946,-0.106132805,-0.1775223,-0.05658388,0.11966894,0.07372428,0.50641537,-0.04166454,-0.24398255,0.037489474,0.027032316,-0.1559064,0.033034835,-0.097758874,0.015865305,0.14637436,0.23988564,-0.1944889,0.09512148,0.12745138,-0.060215462,-0.15631144,-0.25407112,1.9439242,0.4323821,-0.33169383,-1.5697125,-3.6494489,2.3108292,-0.31474376,2.7202575,-2.2154195,0.26930878,-1.1092978,1.1247439,-500.0,425.25494304630365,-500.0,500.0,500.0,500.0,-500.0,500.0,500.0,-500.0,-500.0,-500.0
281,0.0,0.0,0.0,0.0,0.0,-1.0,1.0,0.0,0.0,0.32257384,-0.19124131,-0.108058214,-0.19483328,-0.08577967,0.10803893,0.08257986,0.51124865,-0.053164363,-0.2302736,0.06408602,0.037019286,0.09421449,0.003931626,0.057239737,-0.14592862,-0.34104595,-0.24614282,0.2055912,-0.023576064,-0.17404826,0.13463108,0.32639116,0.25283426,-0.19449775,-0.8534486,-2.0252285,-2.462321,-4.0966206,-2.1944592,0.4922756,3.3306968,-1.5326039,-0.6974378,-1.3065727,0.96101886,500.0,-475.3118325641524,500.0,-448.7170862079144,-500.0,-500.0,500.0,-500.0,-500.0,500.0,500.0,500.0
282,0.0,0.0,0.0,0.0,0.0,-1.0,1.0,0.0,0.0,0.3116742,-0.18786755,-0.11822224,-0.20407903,-0.09402311,0.117706284,0.07152535,0.522803,-0.047229707,-0.23098993,0.071758986,0.026079023,-0.19455276,0.057157494,-0.12537031,0.015675124,0.158215,0.23761189,-0.22673355,0.10872332,0.15763521,-0.0778627,-0.15421051,-0.25897238,1.5171173,0.57523954,-0.5509788,-1.2182859,-3.074371,2.4423995,-0.72612154,3.0579581,-2.141568,0.4875876,-1.3390408,1.6937104,-500.0,430.6431829185288,-500.0,500.0,500.0,500.0,-500.0,500.0,500.0,-500.0,-500.0,-500.0
283,0.0,0.0,0.0,0.0,0.0,-1.0,1.0,0.0,0.0,0.3023225,-0.1789918,-0.12355149,-0.2162441,-0.1220842,0.10633274,0.07917705,0.5293673,-0.05861956,-0.21703863,0.09880763,0.03524315,0.09835031,-0.000576487,0.0517217,-0.12920325,-0.33825806,-0.245018,0.20770195,-0.016057534,-0.1783323,0.1292695,0.32890055,0.24907155,-0.30134445,-0.613042,-2.0046716,-2.3169053,-2.8851142,-2.3318694,0.6998458,3.415997,-1.3581123,-1.184008,-1.6538146,1.089125,500.0,-482.7175880917497,500.0,-500.0,-500.0,-500.0,500.0,-500.0,-500.0,500.0,500.0,500.0
284,0.0,0.0,0.0,0.0,0.0,-1.0,1.0,0.0,0.0,0.29055357,-0.17320433,-0.13355541,-0.22230506,-0.13000298,0.11560439,0.06991129,0.54142964,-0.052129567,-0.2217325,0.10595417,0.023726374,-0.19864897,0.074893616,-0.12068806,0.033173624,0.15932645,0.23521605,-0.21733911,0.10965838,0.15852092,-0.08769264,-0.16646053,-0.26168576,1.5704982,0.83347607,-0.51572245,-0.44446966,-2.12155,2.6488905,-0.52746594,3.2003772,-1.8325188,-0.15125479,-1.6319437,2.0113964,-500.0,449.3501356710443,-500.0,500.0,500.0,500.0,-500.0,500.0,500.0,-500.0,-500.0,-500.0
285,0.0,0.0,0.0,0.0,0.0,-1.0,1.0,0.0,0.0,0.28368098,-0.16325562,-0.13845205,-0.22530758,-0.15858865,0.10386956,0.07411526,0.5492754,-0.059695184,-0.21128201,0.13013703,0.03227126,0.10947614,0.0016781867,0.055680998,-0.09210233,-0.34114859,-0.24699941,0.18316105,-0.007891863,-0.16036832,0.11995906,0.3135115,0.24591823,-0.096612945,-0.29008543,-1.6835048,-1.3831522,-1.7175434,-2.2739654,1.2566946,3.437416,-1.2121098,-2.1269813,-2.2069354,1.0401127,500.0,-500.0,500.0,-500.0,-500.0,-500.0,500.0,-500.0,-500.0,500.0,500.0,500.0
286,0.0,0.0,0.0,0.0,0.0,-1.0,1.0,0.0,0.0,0.2736449,-0.15463798,-0.1460517,-0.22285128,-0.16754359,0.112254046,0.069298305,0.5605234,-0.0527035,-0.2222544,0.110973656,0.02047711,-0.1859266,0.09259525,-0.10117674,0.07871209,0.1525448,0.2301441,-0.18283167,0.104322664,0.113827825,-0.031573698,-0.3225954,-0.26388332,1.8947988,0.9872693,-0.28280985,0.45135817,-1.2998576,2.9592788,-0.02516805,3.0969927,-1.6602594,-0.89505553,-2.2354672,2.1311903,-500.0,484.11534553404044,-500.0,500.0,500.0,500.0,-500.0,500.0,500.0,395.0235238311003,-500.0,-500.0
287,0.0,0.0,0.0,0.0,0.0,-1.0,1.0,0.0,0.0,0.27128875,-0.14411533,-0.1474958,-0.2174412,-0.19733346,0.100059345,0.08326158,0.5668669,-0.062094867,-0.22180235,0.10485381,0.02872596,0.12788692,0.0036267345,0.06876713,-0.051450927,-0.3469195,-0.24932659,0.23534153,-0.016654685,-0.16729723,0.05520566,0.16281813,0.24442767,0.1413022,-0.12019433,-1.6135643,-0.31547514,-1.4137689,-1.4472666,1.0796992,3.3076277,-0.84029543,-2.9971128,-2.6648219,0.59890383,500.0,-500.0,500.0,-500.0,-500.0,-500.0,500.0,-500.0,-500.0,500.0,500.0,500.0
288,0.0,0.0,0.0,0.0,0.0,-1.0,1.0,0.0,0.0,0.24629769,-0.12863412,-0.1579982,-0.20216739,-0.28332418,0.068682544,0.08149204,0.57698876,-0.05171311,-0.24406719,0.080169916,0.016758766,-0.07991133,0.059685566,-0.023334583,0.02313217,-0.4255402,-0.73556817,-0.17676334,0.096713625,0.1872808,-0.1896878,-0.31575093,-0.2627485,2.5586076,0.95850825,0.024452701,1.6029941,-0.70838284,3.4338121,0.2973562,2.9285896,-1.1886754,-2.3009784,-2.6406553,1.7704521,500.0,-500.0,500.0,-500.0,500.0,-500.0,-500.0,500.0,500.0,-500.0,-500.0,-500.0
289,0.0,0.0,0.0,0.0,0.0,-1.0,1.0,0.0,0.0,0.25732988,-0.12124327,-0.15536946,-0.18291378,-0.28397483,0.05646746,0.09473723,0.58184963,-0.055395484,-0.25413346,0.07461405,0.025052588,0.18474834,-0.00094642275,0.09111192,0.017019121,0.21866205,-0.25244412,0.23227628,-0.024977012,-0.14812903,0.018956179,0.16526091,0.24431951,2.9881716,-0.54370403,0.28401017,-0.5217711,1.2409346,3.7281814,-1.4795984,2.4059083,-0.3723284,-1.8967859,-1.7320132,0.6614527,500.0,-458.6729253762559,500.0,-500.0,500.0,-500.0,500.0,-500.0,-500.0,500.0,500.0,500.0
290,0.0,0.0,0.0,0.0,0.0,-1.0,1.0,0.0,0.0,0.2677399,-0.11701806,-0.14685279,-0.17520833,-0.29647022,0.06497363,0.095320635,0.5870794,-0.048259616,-0.26987958,0.04973972,0.01414872,-0.077160545,0.066342995,-0.0159913,0.11604359,-0.25145644,0.23176388,-0.16513416,0.07123793,0.16657487,-0.14359784,-0.31745672,-0.256463,2.0198212,0.33658648,-0.09322132,2.070159,0.3468604,4.02386,0.6783408,2.2604084,0.9016142,-3.4079416,0.081127286,1.1065431,-500.0,477.925703443003,-500.0,500.0,-500.0,500.0,-500.0,500.0,500.0,-500.0,-500.0,-500.0
291,0.0,0.0,0.0,0.0,0.0,-1.0,1.0,0.0,0.0,0.28715488,-0.11307344,-0.14172131,-0.15018737,-0.2902183,0.06609138,0.11472443,0.58565986,-0.048338532,-0.29365933,0.044762194,0.023822127,0.22882724,-0.022701642,0.08991731,0.045818187,0.22017281,-0.18281315,0.26741958,-0.058726784,-0.12718055,-0.062646896,0.16899024,0.25109544,1.9119874,-0.3755896,-0.5279844,2.4179099,2.8100815,1.0677269,-0.20703648,1.8929545,-2.250438,-1.3964804,-2.2396874,1.1278042,500.0,-500.0,500.0,-500.0,500.0,-500.0,500.0,-500.0,-500.0,500.0,500.0,500.0
292,0.0,0.0,0.0,0.0,0.0,-1.0,1.0,0.0,0.0,0.30013442,-0.108624496,-0.14031976,-0.12071335,-0.24782664,0.08718301,0.1296708,0.5838853,-0.05723822,-0.2939391,0.020189404,0.0140277585,-0.05795157,0.06159267,-0.04272395,0.21054521,0.022350868,0.29467684,-0.10289035,0.040972475,0.06793313,-0.013564939,-0.31792364,-0.25146836,2.5382571,-0.47663713,0.89191604,1.3741263,2.2569604,4.282429,0.9905952,1.9156053,1.0010618,-1.7640475,1.112071,1.023015,-500.0,454.561664769138,-500.0,500.0,-500.0,500.0,-500.0,500.0,500.0,154.84048109730162,-500.0,-500.0
293,0.0,0.0,0.0,0.0,0.0,-1.0,1.0,0.0,0.0,0.33146223,-0.11038473,-0.12526774,-0.108379245,-0.18698508,0.09030694,0.14004207,0.5804208,-0.057013452,-0.30186033,0.014175653,0.024073165,0.28780308,-0.04829263,0.13689831,-0.018847622,0.49461982,-0.17097728,0.23507796,-0.073660046,-0.08690216,-0.08393594,0.16647638,0.25299653,1.5466977,-1.0876629,-0.6930682,1.2592227,1.3199327,0.36760238,-0.43341756,2.0020595,-1.3927878,-0.99441504,-0.49732536,1.0097578,500.0,-500.0,500.0,-500.0,500.0,-500.0,500.0,-500.0,-500.0,-500.0,500.0,500.0
294,0.0,0.0,0.0,0.0,0.0,-1.0,1.0,0.0,0.0,0.3364367,-0.11261194,-0.12434161,-0.086352944,-0.14310974,0.11459348,0.14237836,0.5790596,-0.057006538,-0.30042803,-0.0110916495,0.014081878,-0.0887297,0.013574327,-0.058528494,0.17711167,0.03242767,0.3123161,-0.16312172,0.04392193,0.120262444,-0.0275253,-0.3208184,-0.2521285,2.4153152,-0.86201024,0.16251461,0.93412304,1.6627064,5.170092,-0.153022,1.8205484,1.1219956,-0.55217135,1.5485282,1.0149968,-500.0,459.82312664642694,-500.0,500.0,-500.0,500.0,-500.0,500.0,500.0,-60.564064812085306,-500.0,-500.0
295,0.0,0.0,0.0,0.0,0.0,-1.0,1.0,0.0,0.0,0.35396928,-0.118410654,-0.11668807,-0.07639849,-0.079481125,0.1204045,0.16072173,0.57169336,-0.070703566,-0.28858495,-0.017003655,0.02438562,0.20832482,-0.060847577,0.094849624,-0.02411367,0.5100384,-0.158194,0.26108477,-0.09124238,-0.19331132,0.11677082,0.16471736,0.25392666,1.4786052,-1.3748485,-0.6931385,-0.0985507,0.2529384,-0.41202888,-0.2915411,1.9941825,-1.8316853,-0.9222956,-0.09195763,0.9284471,500.0,-430.570852467795,500.0,-500.0,500.0,-500.0,500.0,-500.0,-500.0,500.0,500.0,500.0
296,0.0,0.0,0.0,0.0,0.0,-1.0,1.0,0.0,0.0,0.36083165,-0.12491112,-0.11468524,-0.068499565,-0.0782339,0.14648256,0.16181684,0.568604,-0.0698939,-0.2852267,-0.042130828,0.014635349,-0.09305214,-0.0036217496,-0.058177747,0.09386839,0.1602566,0.31927425,-0.16440217,0.03559038,0.1345667,-0.049731623,-0.3193107,-0.25050685,2.2102199,-0.7501621,-0.49308288,0.44952193,0.584043,5.535976,-0.707982,2.0746233,1.2144551,-0.665568,1.807369,0.93643016,-500.0,354.51527971571915,-500.0,500.0,500.0,500.0,-500.0,500.0,500.0,-500.0,-500.0,-500.0
297,0.0,0.0,0.0,0.0,0.0,-1.0,1.0,0.0,0.0,0.3706702,-0.12907596,-0.110132575,-0.068772435,-0.10469717,0.15258582,0.17803714,0.56035525,-0.07934487,-0.2778505,-0.04766518,0.02497334,0.16691266,-0.050273474,0.077407256,-0.059417736,-0.32763913,-0.15726392,0.2455657,-0.093662575,-0.16806923,0.0945276,0.16685396,0.2533401,1.3049717,-1.4980443,-0.714241,-0.7192502,-0.40898824,-1.4147924,0.28800777,2.230771,-1.7986419,-1.3953313,0.03498578,0.7696167,500.0,-391.8568933617562,500.0,-465.439776443918,-500.0,-500.0,500.0,-472.2751797221405,-500.0,500.0,500.0,500.0
298,0.0,0.0,0.0,0.0,0.0,-1.0,1.0,0.0,0.0,0.37518457,-0.13662873,-0.1104995,-0.066720724,-0.11061889,0.173759,0.17402847,0.55866927,-0.07284325,-0.27917528,-0.072404146,0.014719563,-0.09708626,-0.008849311,-0.060199905,0.0692647,0.16790935,0.2754292,-0.19440012,0.046796087,0.16388404,-0.073476784,-0.31753826,-0.2538881,2.8089213,-0.92304575,0.12814595,-1.8774701,-1.947887,1.9962069,0.34222975,2.3213058,-1.5166025,-0.41011766,0.09735584,0.663388,-500.0,376.2714684908806,-500.0,500.0,500.0,500.0,-500.0,500.0,500.0,-500.0,-500.0,-500.0
299,0.0,0.0,0.0,0.0,0.0,-1.0,1.0,0.0,0.0,0.38428324,-0.14194849,-0.10111916,-0.084240675,-0.13520521,0.17147602,0.1830133,0.5531732,-0.07630938,-0.27456057,-0.07755154,0.024218066,0.16353106,-0.056210555,0.105379246,-0.15577371,-0.3176839,-0.19888382,0.20827846,-0.079258814,-0.13780107,0.083330296,0.16895461,0.24902165,1.2574787,-1.786521,-1.3712082,-2.317538,-2.4265203,-1.7112578,-0.48599964,2.7388449,-1.1941683,0.9723244,2.0804398,1.1250451,500.0,-390.76695955384764,500.0,-500.0,-500.0,-500.0,500.0,-470.84499037973876,-500.0,500.0,500.0,500.0
300,0.0,0.0,0.0,0.0,0.0,-1.0,1.0,0.0,0.0,0.38263065,-0.15113108,-0.10500169,-0.09717703,-0.13728148,0.19017516,0.16724141,0.55612075,-0.07206994,-0.25527704,-0.10124534,0.012641301,-0.14881729,-0.017287431,-0.09299668,-0.028305281,0.19417806,0.28344795,-0.2562977,0.07142583,0.15328836,0.030423377,-0.31245762,-0.26137856,2.4293387,-0.99622333,-0.4070689,-2.133951,-2.8924747,1.6042845,-0.23858558,2.465722,-1.7598124,-0.12692447,0.29825467,0.53619546,-500.0,322.3006483881701,-500.0,269.6640960180288,500.0,500.0,-500.0,500.0,500.0,-500.0,-500.0,-500.0
301,0.0,0.0,0.0,0.0,0.0,-1.0,1.0,0.0,0.0,0.38084495,-0.15685317,-0.10635626,-0.12226939,-0.15716445,0.18881734,0.16894974,0.55359566,-0.0718829,-0.24878097,-0.104977906,0.021149555,0.11679556,-0.06222703,0.05225521,-0.1834603,-0.29518497,-0.19432227,0.17610191,-0.06548421,-0.1210318,0.090735756,0.1762434,0.24490137,0.54539883,-1.5350782,-1.7535655,-2.997401,-3.0755057,-2.1798906,0.61982006,2.8031845,-1.2884846,-0.31110653,1.5057373,1.0106103,500.0,-440.38222999640334,500.0,-459.1779074336629,-500.0,-500.0,500.0,-500.0,-500.0,500.0,500.0,500.0
302,0.0,0.0,0.0,0.0,0.0,-1.0,1.0,0.0,0.0,0.3313756,-0.16071995,-0.11905694,-0.14191735,-0.15682328,0.20387234,0.15008114,0.55781233,-0.056212842,-0.25006652,-0.12794584,0.008906301,0.0010541024,-0.10790284,-0.065521605,-0.04294706,0.19845858,0.28446588,-0.27011186,0.07430355,0.20853713,-0.0699991,-0.30902487,-0.264502,2.1565475,-0.58579516,-0.7009794,-1.271615,-2.3474467,1.1237575,0.89629465,2.6997721,-1.6741815,-1.0720245,0.12020546,0.54356587,500.0,112.56644318195731,-500.0,500.0,500.0,500.0,-500.0,500.0,499.0115156466069,-491.61581276945964,-500.0,-500.0
303,0.0,0.0,0.0,0.0,0.0,-1.0,1.0,0.0,0.0,0.33139887,-0.16796367,-0.123180985,-0.15462267,-0.17690533,0.19817501,0.15281439,0.55681854,-0.057330668,-0.24374592,-0.13080633,0.016527532,0.09893196,-0.050799787,0.045403894,-0.13760841,-0.29700717,-0.22158335,0.1809662,-0.050062478,-0.13085371,0.09235567,0.18136565,0.23875506,0.90979797,-1.3414404,-1.2731878,-1.8943595,-1.8545076,-2.2598486,2.2727017,2.6424563,-1.3096503,-1.4997965,1.3306885,0.5426389,500.0,-449.19463281029596,500.0,-462.5577187273415,-500.0,-500.0,500.0,-445.75497918554663,-500.0,500.0,500.0,500.0
304,0.0,0.0,0.0,0.0,0.0,-1.0,1.0,0.0,0.0,0.3200205,-0.17136532,-0.13017076,-0.16501212,-0.17726767,0.21135247,0.13905999,0.56083596,-0.043193102,-0.25019336,-0.15276164,0.003706351,-0.18953185,0.02699901,-0.093396924,0.005340913,0.19511534,0.25300193,-0.2374606,0.066847354,0.20160142,-0.10456808,-0.30407566,-0.26619592,2.4745858,-0.23743127,-0.57326037,0.05576644,-1.1452062,1.4134125,1.6769634,2.6206727,-1.3117088,-2.3163614,0.104978085,0.2782793,-500.0,500.0,-500.0,500.0,500.0,500.0,-500.0,500.0,500.0,-500.0,-500.0,-500.0
305,0.0,0.0,0.0,0.0,0.0,-1.0,1.0,0.0,0.0,0.32796127,-0.17225341,-0.13182223,-0.16096747,-0.19935435,0.20269357,0.1446598,0.5596607,-0.039877355,-0.25804675,-0.15475863,0.010946432,0.18570873,-0.039730053,0.05969683,-0.015238618,-0.31126684,-0.23488759,0.19302772,-0.05035941,-0.106266335,0.020346748,0.1855457,0.2372121,0.66483843,-1.0673673,-1.1116406,-0.75721085,-0.4883077,-2.145681,1.9907836,2.6832933,-1.1768112,-1.837883,1.4973097,0.48009622,500.0,-441.7044648743814,494.5681461654208,-49.98377508359033,-500.0,-500.0,500.0,-456.4654769172471,-500.0,500.0,500.0,500.0
306,0.0,0.0,0.0,0.0,0.0,-1.0,1.0,0.0,0.0,0.32985827,-0.17206965,-0.13358092,-0.16019678,-0.20159346,0.21357568,0.13238959,0.56384337,-0.022789717,-0.27357912,-0.17593658,-0.0023570105,-0.12352003,0.042817768,-0.075415716,0.069808766,0.18702064,0.2421555,-0.22367607,0.065894715,0.20746844,-0.14098623,-0.29990742,-0.26868224,2.8170855,-0.40802288,-0.20520847,1.1567773,0.15664649,1.6624238,1.9192102,2.2562675,-1.4970622,-2.6254313,0.16553742,0.30675614,-500.0,484.0154271074865,-500.0,500.0,500.0,500.0,-500.0,500.0,457.00427450971176,-500.0,-500.0,-500.0
307,0.0,0.0,0.0,0.0,0.0,-1.0,1.0,0.0,0.0,0.3459654,-0.17330545,-0.13358289,-0.14382315,-0.22478455,0.20412235,0.14364083,0.56157476,-0.023090422,-0.28212965,-0.17703241,0.0046791444,0.21670543,-0.04555968,0.070961975,0.02326911,-0.31467584,-0.23589864,0.23130701,-0.060239382,-0.13088357,0.018718643,0.19027637,0.23744197,0.8823862,-1.2677426,-0.7652513,-0.25322583,0.5413389,-1.8658122,1.5771855,2.3988123,-1.2462268,-0.85029364,2.5954363,0.76538706,500.0,-473.1190478708184,500.0,-500.0,-500.0,-500.0,500.0,-500.0,-500.0,500.0,500.0,500.0
308,0.0,0.0,0.0,0.0,0.0,-1.0,1.0,0.0,0.0,0.35431904,-0.17512664,-0.13337159,-0.13664985,-0.22744662,0.21507052,0.13636534,0.56345636,-0.01822269,-0.2796595,-0.1492365,-0.008439177,-0.08885087,0.030374764,-0.06590842,0.10207652,0.18512492,0.24274488,-0.20610948,0.05437506,0.15621549,-0.060374577,-0.05535325,-0.26762703,2.980495,-0.73996305,-0.11874209,1.1961468,0.7162671,1.808576,1.7094862,2.1146102,-1.3975995,-2.3883586,0.67306954,0.48391354,-500.0,480.6292770436447,-500.0,500.0,500.0,500.0,-500.0,500.0,500.0,-500.0,-500.0,-500.0
309,0.0,0.0,0.0,0.0,0.0,-1.0,1.0,0.0,0.0,0.37365732,-0.17852083,-0.13164264,-0.123114586,-0.24975985,0.20633373,0.15154786,0.5589569,-0.021601021,-0.2880634,-0.10142994,-0.0011863486,0.228647,-0.05695168,0.07773907,-0.002453136,-0.30819255,-0.23088501,0.2472631,-0.07063003,-0.14989987,0.033404987,0.4340448,0.23872702,0.9263531,-1.3421276,-0.44590724,-0.44152847,1.2260281,-1.9324905,1.9118145,2.0881302,-1.9995618,-0.63625956,1.2945321,1.3978117,500.0,-500.0,500.0,-500.0,-500.0,-500.0,500.0,-500.0,-500.0,500.0,500.0,500.0
310,0.0,0.0,0.0,0.0,0.0,-1.0,1.0,0.0,0.0,0.3824997,-0.18137683,-0.12805468,-0.122327685,-0.25169855,0.21788783,0.14806873,0.5584098,-0.020194113,-0.2825824,-0.07316011,-0.014017033,-0.08625334,0.024267571,-0.04554973,0.06611243,0.18818344,0.24568032,-0.18523312,0.041091792,0.13663663,-0.04343075,-0.052522458,-0.26608348,2.8834372,-0.6135541,0.17696132,-0.0029888377,0.1875583,1.2152529,1.9617337,2.336361,-1.8518541,-1.0234776,-0.19830978,1.2892827,-500.0,481.41941804862705,-500.0,500.0,500.0,500.0,-500.0,500.0,500.0,-500.0,-500.0,-500.0
311,0.0,0.0,0.0,0.0,0.0,-1.0,1.0,0.0,0.0,0.39710742,-0.18281531,-0.12019348,-0.12547171,-0.2729507,0.20946711,0.15767923,0.55496037,-0.027457595,-0.2743175,-0.025242686,-0.0071776053,0.20410994,-0.046261366,0.10472577,-0.0808407,-0.3025655,-0.22933717,0.20953274,-0.06072211,-0.1549452,0.099006586,0.43377247,0.23589006,0.9147611,-1.2236567,-0.62349135,-1.362425,0.24865514,-2.2675822,1.401941,2.3874807,-1.9507606,-0.4355061,0.16849357,1.6206577,500.0,-500.0,500.0,-490.38152979181496,-500.0,-500.0,500.0,-461.6188055511563,-500.0,500.0,499.6506044516948,500.0
312,0.0,0.0,0.0,0.0,0.0,-1.0,1.0,0.0,0.0,0.4029412,-0.18473414,-0.11769271,-0.12666714,-0.2736091,0.22112867,0.14806545,0.5567837,-0.019607425,-0.2745105,0.0034074783,-0.020881852,-0.102881365,0.028242169,-0.053970177,0.05641182,0.19536613,0.24625228,-0.21883439,0.05473105,0.1679964,-0.06721837,-0.05019656,-0.2715227,2.4783468,-0.37958086,-0.060971305,-0.63171095,-0.7834184,1.0291401,1.1459466,2.7246118,-2.2396553,-0.22600229,-1.2851412,2.0357208,-500.0,472.64238223451525,-500.0,500.0,500.0,500.0,-500.0,500.0,500.0,-500.0,-500.0,-500.0
313,0.0,0.0,0.0,0.0,0.0,-1.0,1.0,0.0,0.0,0.4122325,-0.18359841,-0.11006284,-0.1357032,-0.29344672,0.21254644,0.16050588,0.55621517,-0.03019315,-0.26398313,0.0041697025,-0.015385675,0.17743194,-0.032416154,0.104669586,-0.11270215,-0.29561645,-0.23027979,0.23107517,-0.041791078,-0.17676109,0.12067455,-0.18935451,0.2277874,0.7857939,-1.116208,-0.7899622,-2.417915,-0.31271362,-2.696851,0.9034047,2.6732588,-2.2406573,-0.38542435,-1.1948776,1.9182518,500.0,-500.0,500.0,-500.0,-500.0,-500.0,500.0,-417.4985072371544,-500.0,500.0,-500.0,500.0
314,0.0,0.0,0.0,0.0,0.0,-1.0,1.0,0.0,0.0,0.41125938,-0.18403599,-0.10839343,-0.14786458,-0.29195148,0.21887457,0.15574966,0.5611556,-0.02859217,-0.26051068,0.024486661,-0.030653093,-0.13874294,0.03344149,-0.06406626,0.0065526576,0.2073572,0.20119639,-0.19374312,0.069321536,0.13142924,-0.05117177,0.29563296,-0.27922487,1.8008988,-0.6640326,-0.9639436,-1.0062336,-1.7993696,2.3099782,-1.6498717,3.0811,-0.6797637,-0.96507126,-0.62084556,1.1651739,-500.0,452.59093781503856,-500.0,500.0,500.0,500.0,-500.0,500.0,500.0,-500.0,500.0,-500.0
315,0.0,0.0,0.0,0.0,0.0,-1.0,1.0,0.0,0.0,0.4172234,-0.18539298,-0.108994246,-0.15416396,-0.30902964,0.20178685,0.16197862,0.5648039,-0.03469658,-0.25266922,0.025427222,-0.026674539,0.16405563,-0.047272682,0.064643584,-0.10010171,-0.28189817,-0.2726747,0.19289917,-0.024386084,-0.14463086,0.09851401,-0.18941359,0.22185254,0.6158179,-0.58512276,-0.8137138,-0.5528853,1.5850211,-2.669024,2.0261886,2.6859004,-2.635648,-1.499326,-1.3687818,3.73182,500.0,-500.0,500.0,-500.0,-500.0,-500.0,500.0,-461.27079529178667,-500.0,500.0,-500.0,500.0
316,0.0,0.0,0.0,0.0,0.0,-1.0,1.0,0.0,0.0,0.40957457,-0.18207835,-0.114551306,-0.15624738,-0.30611283,0.20337825,0.16794376,0.5690464,-0.034950912,-0.26245713,0.046985984,-0.003603735,-0.17296042,0.059537806,-0.09047085,0.052234676,0.21227887,0.19514713,-0.13839011,0.067373164,0.12855436,-0.1331337,0.3027638,-0.08796415,1.9601216,-0.51107645,-0.36608887,-0.45727518,-0.37096882,2.6398802,-0.2941005,2.750911,-0.35335177,-2.1020787,-0.9480605,0.9417574,-500.0,500.0,-500.0,500.0,500.0,500.0,-500.0,500.0,500.0,-500.0,500.0,-500.0
317,0.0,0.0,0.0,0.0,0.0,-1.0,1.0,0.0,0.0,0.415131,-0.18232056,-0.11373174,-0.16335869,-0.32260758,0.18607636,0.1890957,0.5692742,-0.043800116,-0.27132714,0.049262166,0.039345186,0.16273937,-0.043078493,0.06944515,-0.09942962,-0.27901813,-0.27406442,0.2719521,-0.04619974,-0.16166596,0.014991591,-0.18302757,0.41681772,0.8701667,-0.30606812,-0.31703442,0.47823068,1.7339772,-2.7624028,3.0347342,2.4907713,-2.4615333,-1.920459,-1.8431046,2.1846023,500.0,-500.0,500.0,-471.02683232869987,-500.0,-500.0,500.0,-477.84236688630585,-500.0,500.0,-500.0,500.0
318,0.0,0.0,0.0,0.0,0.0,-1.0,1.0,0.0,0.0,0.40900156,-0.17740257,-0.12140125,-0.15239024,-0.31967336,0.18685074,0.19394882,0.5733087,-0.040002167,-0.288195,0.07102251,0.062077317,-0.16078149,0.07052989,-0.09364683,0.119807005,0.21030648,0.19008183,-0.1436183,0.06597125,0.14029534,-0.1477934,0.30330205,-0.08822947,2.1908548,-0.10835408,0.021797016,0.07105694,-0.46214986,2.484131,-0.05716883,2.7519,-0.06607683,-2.13107,-0.8017281,-1.5024995,-500.0,500.0,-500.0,500.0,500.0,500.0,-500.0,500.0,482.50583331551866,-478.01153558275456,500.0,-500.0
319,0.0,0.0,0.0,0.0,0.0,-1.0,1.0,0.0,0.0,0.41561842,-0.17427483,-0.118765354,-0.150702,-0.33682317,0.16823383,0.21410607,0.5733937,-0.046893656,-0.29960692,0.07333994,0.052844163,0.16729526,-0.025881087,0.08159295,-0.062423404,-0.28265604,-0.2806953,0.2719909,-0.05228734,-0.15547825,0.0033016,-0.18301326,0.21157563,0.9724782,-0.2149631,0.10897674,0.42000446,1.3028728,-2.7150831,2.7628763,2.328244,-2.7884717,-0.86689353,-2.0030317,0.2796402,500.0,-500.0,500.0,-500.0,-500.0,-500.0,500.0,-496.53163215137755,-500.0,500.0,-500.0,500.0
320,0.0,0.0,0.0,0.0,0.0,-1.0,1.0,0.0,0.0,0.409388,-0.16669077,-0.12117314,-0.14342785,-0.33403236,0.1683606,0.22701597,0.5750654,-0.057868898,-0.29632175,0.094990134,0.034612257,-0.16183306,0.07926749,-0.07135665,0.09719789,0.21169558,0.18854928,-0.10794691,0.057612818,0.07037676,-0.0484025,0.30280846,-0.29335138,2.0628967,-0.39402616,0.008525148,-1.0480762,-0.9880886,2.6926796,-0.957441,2.9135857,-0.07756962,-0.9338219,-0.4810288,-1.1470447,-500.0,485.97529669257415,-500.0,500.0,500.0,500.0,-500.0,500.0,500.0,-500.0,500.0,-500.0
321,0.0,0.0,0.0,0.0,0.0,-1.0,1.0,0.0,0.0,0.41912973,-0.16490892,-0.113988936,-0.14789164,-0.35071355,0.15024574,0.21627423,0.58154416,-0.06016034,-0.28534746,0.09740418,0.03506645,0.18559103,-0.03518762,0.10345876,-0.09545547,-0.2801285,-0.27740285,0.11804732,-0.021324513,-0.13302833,0.11504455,-0.1827554,0.20518611,1.0014026,-0.25975382,-0.32969213,-0.058867,1.1745071,-2.6322675,1.8938904,2.7833552,-2.4648788,-1.1158296,-1.7408478,1.9607944,500.0,-500.0,500.0,-500.0,-500.0,-500.0,500.0,-500.0,-500.0,500.0,-500.0,500.0
322,0.0,0.0,0.0,0.0,0.0,-1.0,1.0,0.0,0.0,0.41658077,-0.1592491,-0.1131627,-0.143978,-0.34735113,0.15096533,0.20529106,0.5877923,-0.057522416,-0.28857887,0.1202656,0.016043108,-0.14494939,0.07013564,-0.056718864,0.08493174,0.21471334,0.19123094,-0.2250415,0.07999558,0.14687902,-0.09896966,0.3097068,-0.2974213,2.151361,-0.56299865,0.015100136,-1.0532925,-0.820699,2.9732556,-1.2734303,2.7991114,-0.5335224,-0.6770307,-1.2625322,-0.6771097,-500.0,500.0,-500.0,500.0,500.0,500.0,-500.0,500.0,500.0,-500.0,500.0,-500.0
323,0.0,0.0,0.0,0.0,0.0,-1.0,1.0,0.0,0.0,0.43022475,-0.15946694,-0.10466528,-0.14774549,-0.36342114,0.13340303,0.21089967,0.5880689,-0.06675446,-0.28508782,0.12351364,0.017386882,0.2055813,-0.044627704,0.10766404,-0.08821162,-0.27709267,-0.27465174,0.19829798,-0.05168925,-0.1712724,0.08428187,-0.17906131,0.20964389,1.0025301,-0.4370755,-0.36102873,-0.42544135,1.3096983,-2.1655858,1.487704,2.5950136,-2.5426621,-0.92676187,-1.7218308,2.8396153,500.0,-500.0,500.0,-500.0,-500.0,-500.0,500.0,-500.0,-500.0,500.0,-500.0,500.0
324,0.0,0.0,0.0,0.0,0.0,-1.0,1.0,0.0,0.0,0.43069646,-0.15555076,-0.10136402,-0.14698672,-0.3593418,0.13472436,0.1989555,0.59257257,-0.062291563,-0.2890334,0.14618552,-0.0014275507,-0.13058643,0.059917968,-0.043728385,0.06530581,0.21873172,0.1945825,-0.2318418,0.07224808,0.15174614,-0.0891449,0.30839545,-0.29665345,2.2637925,-0.3969481,0.07665856,-0.7740506,-0.8741057,3.565516,-1.5908089,2.8001595,-0.16858627,-1.0855092,-1.1498933,-0.09254408,-500.0,484.36210589603866,-500.0,500.0,500.0,500.0,-500.0,500.0,500.0,-500.0,500.0,-500.0
325,0.0,0.0,0.0,0.0,0.0,-1.0,1.0,0.0,0.0,0.4439131,-0.15525652,-0.090847075,-0.15490532,-0.37462312,0.13040039,0.2037215,0.5911152,-0.06873381,-0.2887187,0.14932585,0.000124974,0.1976881,-0.0366673,0.11664804,-0.10964397,-0.27321574,-0.20946002,0.19297737,-0.059510555,-0.15445185,0.062361278,-0.17950684,0.21054192,1.1715281,-0.43298304,-0.27758408,0.042028047,1.6839362,-1.6566783,1.5955521,2.3928742,-2.5217297,-1.1518892,-1.8647733,3.494216,500.0,-492.9282383483703,500.0,-500.0,-500.0,-500.0,500.0,-480.6598592495674,-500.0,500.0,-500.0,500.0
326,0.0,0.0,0.0,0.0,0.0,-1.0,1.0,0.0,0.0,0.4442284,-0.15137614,-0.09205067,-0.1445862,-0.36942345,0.14484443,0.19502157,0.5927282,-0.064454556,-0.29562616,0.17210913,0.009137619,-0.12737031,0.056130268,-0.071785785,0.12865156,0.224558,0.26040384,-0.2159065,0.05839936,0.1512657,-0.10432189,0.3091478,-0.1574927,2.3823633,-0.41460383,0.1441011,-0.42464826,-0.5792792,3.2934692,-1.2548306,2.7111292,-0.27342975,-1.2911834,-1.5471544,0.5772195,-500.0,465.5605743861031,-500.0,500.0,500.0,500.0,-500.0,500.0,500.0,-500.0,500.0,-500.0
327,0.0,0.0,0.0,0.0,0.0,-1.0,1.0,0.0,0.0,0.45778364,-0.15118873,-0.0862025,-0.1424253,-0.38359517,0.14059418,0.20073721,0.5899215,-0.069952786,-0.2980975,0.17535323,0.038094264,0.19750522,-0.03522584,0.09378617,-0.061993945,-0.2677774,-0.20905642,0.1962517,-0.0658026,-0.14908032,0.048866913,-0.17921433,0.34699747,1.3165107,-0.38846523,0.055355385,0.36877677,1.6224813,-2.14983,2.0310254,2.2414489,-2.8336723,-1.0638223,-2.3250859,2.5664744,500.0,-462.5296286031985,500.0,-500.0,-500.0,-500.0,500.0,-474.50958439058115,-500.0,500.0,-500.0,500.0
328,0.0,0.0,0.0,0.0,0.0,-1.0,1.0,0.0,0.0,0.458785,-0.14723802,-0.08476472,-0.13617551,-0.3777333,0.15523003,0.20244661,0.58874786,-0.07477844,-0.29928255,0.1555574,0.04707382,-0.1211075,0.05436861,-0.051183302,0.09614342,0.2274351,0.26155743,-0.16418324,0.045882583,0.10558929,-0.07570377,0.09617805,-0.15732025,2.4563558,-0.36414373,0.35655373,-0.8055233,-0.87615204,2.7852902,-1.3418554,2.7078166,-0.3969859,-0.5443003,-1.7058868,-0.8983773,-500.0,435.21988355839153,-500.0,500.0,500.0,500.0,-500.0,500.0,500.0,-500.0,500.0,-500.0
329,0.0,0.0,0.0,0.0,0.0,-1.0,1.0,0.0,0.0,0.4728537,-0.14659707,-0.07625222,-0.13779616,-0.39132172,0.15109833,0.21509127,0.5852598,-0.08758801,-0.29584527,0.11625272,0.075357474,0.19779763,-0.030283606,0.10471355,-0.07752764,-0.26489794,-0.20872171,0.22985461,-0.07111393,-0.1843691,0.07792596,-0.3915497,0.3429367,1.2248765,-0.6595901,-0.041107103,-0.5590513,0.26621628,-2.4100852,1.366239,2.916244,-2.5674431,-0.81122124,-2.531396,0.9935897,500.0,-430.0996660569173,500.0,-500.0,-500.0,-500.0,500.0,-474.56834657862635,-500.0,500.0,-500.0,500.0
330,0.0,0.0,0.0,0.0,0.0,-1.0,1.0,0.0,0.0,0.47844115,-0.14544857,-0.071642816,-0.13549173,-0.384839,0.16663644,0.20651905,0.58886784,-0.08426994,-0.3009529,0.09645337,0.08289818,-0.096233845,0.037044205,-0.033680145,0.07173926,0.2308263,0.26658258,-0.22136846,0.0759308,0.14893171,-0.09455241,0.09581902,-0.16491123,2.056011,-0.7133019,-0.12193029,-0.95684016,-1.4672766,2.6373272,-2.209999,3.0472808,-0.1056983,-0.59849465,-0.5839762,-1.9989816,-500.0,396.7893038283448,-500.0,500.0,500.0,500.0,-500.0,500.0,500.0,-500.0,500.0,-500.0
331,0.0,0.0,0.0,0.0,0.0,-1.0,1.0,0.0,0.0,0.49662632,-0.14803733,-0.062042058,-0.13969767,-0.3974051,0.16362779,0.21068358,0.5885948,-0.09234023,-0.29589188,0.056978166,0.10691474,0.21457882,-0.04366884,0.10509292,-0.08570401,-0.25908095,-0.20325099,0.18961526,-0.057555314,-0.16515444,0.09259059,-0.39225468,0.32147324,1.0174644,-0.91252303,0.03236921,-0.62837476,0.4317431,-2.2073007,1.29065,2.8417847,-2.9068294,-0.07316758,-1.9601598,-0.09712097,500.0,-396.2277854943058,460.9885204617088,-500.0,-500.0,-500.0,500.0,-481.7649408510047,-500.0,500.0,-500.0,500.0
332,0.0,0.0,0.0,0.0,0.0,-1.0,1.0,0.0,0.0,0.49737978,-0.14891346,-0.058223367,-0.13934076,-0.38978404,0.18023169,0.20177594,0.5921515,-0.09423244,-0.28908956,0.036920965,0.11077903,-0.124002874,0.022037439,-0.036781814,0.060312815,0.23626296,0.27302584,-0.21749492,0.072594635,0.12021488,-0.034318827,0.09412397,-0.18192632,1.8230549,-0.99466085,-0.29919052,-1.2252358,-1.4796605,1.9547764,-1.6417818,2.9309762,-0.34696466,-0.4133691,0.08871037,-2.8967857,-500.0,366.4238317984292,-500.0,500.0,500.0,500.0,-500.0,500.0,500.0,-500.0,500.0,-500.0
333,0.0,0.0,0.0,0.0,0.0,-1.0,1.0,0.0,0.0,0.5090005,-0.15398638,-0.050819695,-0.14424396,-0.40101868,0.17851111,0.20775849,0.59145004,-0.10615176,-0.27783763,-0.0025748014,0.06623898,0.18151994,-0.05455599,0.095184855,-0.089738905,-0.25254166,-0.19690274,0.20183623,-0.062496047,-0.18266068,0.115018345,-0.3916273,-0.020616533,0.9371801,-0.9655961,-0.12906258,-0.89077604,0.16534257,-2.0595477,1.2606153,2.9129617,-2.8393927,0.08087842,-1.5650036,-0.893847,500.0,-370.38126693425863,464.4067844423965,-500.0,-500.0,-500.0,500.0,-500.0,-500.0,500.0,-500.0,500.0
334,0.0,0.0,0.0,0.0,0.0,-1.0,1.0,0.0,0.0,0.5079231,-0.15594362,-0.048540413,-0.14460135,-0.3920701,0.19571479,0.19633663,0.59511936,-0.103943646,-0.27498746,-0.022663772,0.026342828,-0.12932697,0.01892616,-0.044800602,0.056934923,0.24295025,0.2747912,-0.23188686,0.074877836,0.13877597,-0.047044232,0.093250856,-0.40148923,1.5938704,-0.9864297,-0.63159406,-1.332955,-1.3238206,1.8990806,-1.3272033,2.9353137,-0.19019796,-1.030965,0.8453708,-1.2988654,-500.0,355.0270583706439,-500.0,500.0,500.0,500.0,-500.0,500.0,500.0,-468.24624783835634,500.0,-500.0
335,0.0,0.0,0.0,0.0,0.0,-1.0,1.0,0.0,0.0,0.5158288,-0.1605276,-0.044373512,-0.1502502,-0.40156537,0.19423695,0.20033042,0.5931012,-0.11260033,-0.26673567,-0.055280507,0.006529039,0.16246976,-0.05183773,0.07921579,-0.09510665,-0.24359345,-0.19547725,0.18842293,-0.06726285,-0.16457503,0.100089036,-0.3567014,0.1028034,0.83696663,-1.1747785,-0.42194158,-0.38589057,1.4427955,-1.9276065,1.413773,2.6350765,-2.7299702,-0.76660514,-0.7170083,1.7823752,500.0,-360.6515562286023,470.37469260283467,-500.0,-500.0,-500.0,500.0,-478.5092941066379,-500.0,500.0,-500.0,500.0
336,0.0,0.0,0.0,0.0,0.0,-1.0,1.0,0.0,0.0,0.5133893,-0.16417284,-0.045431674,-0.1510371,-0.39081472,0.21223117,0.18742462,0.5947494,-0.1074785,-0.26687765,-0.06850517,0.034853097,-0.13629533,0.009915727,-0.06423497,0.0591473,0.25203645,0.27869183,-0.23159452,0.06238838,0.14995094,-0.06591543,0.12762536,-0.059822332,1.7875271,-1.0222771,-0.48220664,-0.18543378,0.27515602,2.2259147,-0.34077877,2.4340842,0.098123,-2.1907544,1.5354698,-0.28706294,-500.0,353.6713396304675,-500.0,500.0,500.0,500.0,-500.0,500.0,477.13337821045616,-500.0,500.0,-500.0
337,0.0,0.0,0.0,0.0,0.0,-1.0,1.0,0.0,0.0,0.52209365,-0.16917874,-0.04187578,-0.15454006,-0.39943784,0.21091664,0.19439034,0.58937687,-0.10797924,-0.27990282,-0.07576984,0.061160725,0.16901962,-0.052570827,0.08214643,-0.08724408,-0.24021319,-0.19509886,0.2063668,-0.08640798,-0.12682746,-0.0024280555,-0.22989272,0.33334142,0.9659145,-1.1075538,0.009709612,0.41752395,1.8310983,-1.8114266,2.3678195,2.139083,-2.7576993,-0.97253823,-0.5992466,0.3285436,500.0,-358.721980618025,500.0,-500.0,-500.0,-500.0,500.0,-500.0,-500.0,500.0,-500.0,500.0
338,0.0,0.0,0.0,0.0,0.0,-1.0,1.0,0.0,0.0,0.51990324,-0.17194004,-0.04711777,-0.14337516,-0.3879214,0.22837964,0.20124793,0.5847214,-0.11667049,-0.280097,-0.062977254,0.06746986,-0.1350302,0.014650697,-0.08905597,0.12710981,0.25579557,0.27549043,-0.13912947,0.035326872,0.09488391,-0.08964709,0.2580379,-0.17008984,2.0359237,-0.933208,-0.023047492,0.024996854,0.4422369,1.0800731,0.56622183,2.3526492,-0.399512,-1.7056673,1.3218157,-2.1067886,-500.0,353.53656307849724,-500.0,500.0,500.0,500.0,-500.0,500.0,500.0,-500.0,500.0,-500.0
339,0.0,0.0,0.0,0.0,0.0,-1.0,1.0,0.0,0.0,0.5286624,-0.17575142,-0.045807302,-0.13878536,-0.39588612,0.22655573,0.2202564,0.57642883,-0.13187623,-0.28011072,-0.06939983,0.093233615,0.16887823,-0.046075623,0.07130215,-0.045829732,-0.236896,-0.1975384,0.26243612,-0.102250956,-0.19492227,0.059095856,-0.22568052,0.32974118,1.0287173,-0.9901345,0.1614153,0.25660983,1.475414,-2.5146291,3.0196295,2.2401376,-2.8107514,-0.76992875,-0.6066368,0.03485751,500.0,-353.7922890164126,500.0,-500.0,-500.0,-500.0,500.0,-478.9726173006928,-500.0,500.0,-500.0,500.0
340,0.0,0.0,0.0,0.0,0.0,-1.0,1.0,0.0,0.0,0.52606934,-0.17685181,-0.048876345,-0.13027823,-0.38382775,0.19807795,0.22048898,0.5738682,-0.13417679,-0.28430915,-0.05653584,0.09879957,-0.13539295,0.020675568,-0.073332936,0.100142084,0.258431,0.04676796,-0.1709917,0.047847774,0.1154706,-0.088873476,0.25797188,-0.173107,1.9153738,-0.90264344,-0.03789006,-0.47518638,-0.1537888,0.6283463,0.13811679,2.6554193,-0.37126046,-1.2537179,1.2515864,-3.006237,-500.0,340.40609484007865,-500.0,500.0,500.0,500.0,-500.0,500.0,500.0,-500.0,500.0,-500.0
341,0.0,0.0,0.0,0.0,0.0,-1.0,1.0,0.0,0.0,0.53565735,-0.18006933,-0.04417658,-0.13086665,-0.39124018,0.1513277,0.23139489,0.56931156,-0.14413798,-0.28379595,-0.06297994,0.05316763,0.1729803,-0.042707395,0.08879786,-0.071651064,-0.23395856,-0.40967265,0.22593077,-0.088990055,-0.16977054,0.06182232,-0.22577694,1.2742263e-05,1.0760365,-1.1859425,0.3051573,-0.90865993,0.82874465,-2.074198,2.387988,2.3003337,-2.7953234,0.009572816,-0.2923463,-1.07545,500.0,-342.8591990235892,500.0,-500.0,-500.0,-483.59181437679564,500.0,-500.0,-500.0,500.0,-500.0,500.0
342,0.0,0.0,0.0,0.0,0.0,-1.0,1.0,0.0,0.0,0.53625214,-0.18305822,-0.043480814,-0.1278534,-0.37861902,0.12679403,0.22271387,0.5706855,-0.14758271,-0.27251458,-0.0504328,-0.007418671,-0.119678296,0.01067899,-0.055334248,0.07279717,0.26107094,0.06683425,-0.21407795,0.06886573,0.11039781,-0.016892921,0.25639674,-0.5047086,1.888968,-1.1384723,-0.32158923,-1.6259304,-0.06537199,3.5111063,-0.8352779,2.241419,0.5615418,-0.9380357,3.100616,-1.030651,-500.0,327.2797560374297,-500.0,500.0,500.0,500.0,-500.0,500.0,500.0,-500.0,500.0,-500.0
343,0.0,0.0,0.0,0.0,0.0,-1.0,1.0,0.0,0.0,0.5470656,-0.18903881,-0.03496492,-0.13778079,-0.385163,0.20009938,0.23257549,0.5641515,-0.15623742,-0.2711414,-0.056929052,-0.045380943,0.18262403,-0.06623685,0.10552426,-0.11999066,-0.22851376,0.5690345,0.21965575,-0.099576645,-0.16184552,0.066479236,-0.22594567,0.02991932,1.0911181,-1.3775992,-0.43393773,-0.17384216,2.2408068,-0.58374715,1.4585487,1.9185802,-2.2953603,-1.3134898,0.54028845,3.1615815,500.0,-487.6560610030359,481.9822647832262,-500.0,-500.0,500.0,500.0,-500.0,-500.0,500.0,-500.0,500.0
344,0.0,0.0,0.0,0.0,0.0,-1.0,1.0,0.0,0.0,0.54581296,-0.1926734,-0.03821379,-0.13125336,-0.37116474,0.17574234,0.2263067,0.56053466,-0.1515975,-0.2783792,-0.044050097,0.01696492,-0.1250704,0.0021831992,-0.08307996,0.105466366,0.2684816,0.06836931,-0.19839762,0.036862314,0.14595221,-0.105228566,0.25807196,0.49999616,1.7382672,-0.7754804,-0.7828817,1.1117095,0.37628984,-1.2190205,1.6032463,2.2689145,-1.2864478,-2.018579,0.09809083,1.4344074,-500.0,314.01983869267497,-500.0,500.0,500.0,500.0,-500.0,500.0,500.0,-500.0,500.0,500.0
345,0.0,0.0,0.0,0.0,0.0,-1.0,1.0,0.0,0.0,0.55216575,-0.19432583,-0.04110241,-0.11881101,-0.37639827,0.13104421,0.23201536,0.5535689,-0.15504026,-0.28118885,-0.05040735,0.047582127,0.15397517,-0.031043416,0.051890146,-0.005900331,-0.2228862,-0.41290426,0.19187786,-0.09161288,-0.13148598,0.046672236,-0.22521172,-0.05139575,1.2499766,-1.3968272,0.6461213,0.32321104,1.4367249,-0.9925114,2.438147,1.7087182,-2.2898943,-0.16379924,-0.032033145,-0.19857925,500.0,-321.32778243541327,500.0,-500.0,-500.0,-500.0,500.0,-479.2499486057573,-500.0,500.0,-500.0,-500.0
346,0.0,0.0,0.0,0.0,0.0,-1.0,1.0,0.0,0.0,0.55718297,-0.19883716,-0.038511217,-0.112228036,-0.36288565,0.10682432,0.21874437,0.5529164,-0.15268439,-0.27325344,-0.037668943,0.058515888,-0.1007633,0.0012588571,-0.04776738,0.08954254,0.2653577,0.06870234,-0.23153396,0.051314063,0.136658,-0.038738493,0.25774512,0.24326761,2.0919867,-1.351754,0.12398858,-1.8287681,0.5332043,3.069479,-0.23052548,1.8279256,0.16906188,-0.7174377,2.7924585,-1.1498631,-500.0,292.60331433493735,-500.0,500.0,500.0,500.0,-500.0,500.0,500.0,-500.0,500.0,500.0
347,0.0,0.0,0.0,0.0,0.0,-1.0,1.0,0.0,0.0,0.5579316,-0.2039867,-0.027795076,-0.12727273,-0.3683532,0.18031254,0.22207351,0.54555535,-0.15976155,-0.2629385,-0.044171393,0.050520748,-0.11021868,-0.021736696,0.07344674,-0.1541131,-0.22243309,0.5646672,0.18145823,-0.09521471,-0.14908025,0.111518584,-0.22604445,-0.22876783,1.388154,-1.152478,0.050123945,-0.43714964,0.6716634,-0.69547045,1.3818266,1.7141814,-2.3771245,-0.17365827,0.14746583,-0.45237345,-90.6230717155132,-465.4340200879001,500.0,-500.0,-500.0,500.0,500.0,-500.0,-500.0,500.0,-500.0,-500.0
348,0.0,0.0,0.0,0.0,0.0,-1.0,1.0,0.0,0.0,0.5584941,-0.20838106,-0.025220454,-0.129282,-0.35342056,0.15634254,0.208684,0.5428863,-0.15347868,-0.26134586,-0.031220436,0.061311267,0.15452272,-0.061247278,0.086303286,-0.07516389,0.2629084,0.08332456,-0.23193903,0.040848557,0.15069258,-0.060961105,0.258643,0.24240087,1.3014983,-0.5384651,-1.0527414,0.06921599,-1.3311625,-1.3853635,1.1599996,2.6702042,-1.700854,-1.2794877,-0.65064716,-0.73016334,500.0,-432.79902108998795,500.0,-245.2043048194348,500.0,500.0,-500.0,500.0,500.0,-500.0,500.0,500.0
349,0.0,0.0,0.0,0.0,0.0,-1.0,1.0,0.0,0.0,0.53949445,-0.20486529,-0.031923175,-0.1220665,-0.35709506,0.11090113,0.20128994,0.54077005,-0.15221024,-0.25536656,-0.037474096,0.05163224,-0.24070995,0.059521783,-0.0991939,0.099654876,-0.20767926,-0.43119654,0.12239715,-0.06452162,-0.10394448,0.08998727,-0.22479537,-0.23781066,0.72412634,-1.4221458,0.35178864,-1.0976105,-0.21108812,-1.185089,2.1648781,1.7800754,-2.7813885,0.7172754,-0.20617229,-0.5607462,-500.0,440.4835124822065,-500.0,500.0,-500.0,-500.0,500.0,-473.11059489608476,-500.0,500.0,-500.0,-500.0
350,0.0,0.0,0.0,0.0,0.0,-1.0,1.0,0.0,0.0,0.5416129,-0.21012498,-0.02480036,-0.13262141,-0.3420251,0.08726394,0.20147651,0.5360534,-0.16365331,-0.23835528,-0.023207605,0.061193895,0.16220711,-0.07329093,0.11029257,-0.1337487,0.26519224,0.08721947,-0.16325644,0.029888062,0.059182573,0.02019709,0.26527622,0.23615368,1.2260048,-1.4236901,-0.4351129,-2.1656845,-0.6503773,2.919074,-1.1383917,2.4083335,0.09297441,-0.76252407,2.092248,-0.97609055,500.0,-474.2524286771454,500.0,-500.0,500.0,500.0,-500.0,500.0,500.0,-500.0,500.0,500.0
351,0.0,0.0,0.0,0.0,0.0,-1.0,1.0,0.0,0.0,0.5282798,-0.21431457,-0.024483323,-0.141855,-0.34512025,0.14390802,0.19723277,0.5346609,-0.16387916,-0.23578382,-0.028428018,0.05034223,-0.2053056,0.0029523838,-0.06575364,0.009193193,-0.20310743,0.4730291,0.14094274,-0.06391836,-0.11372254,0.077045664,-0.21985792,-0.24289179,1.3667619,-0.7719215,-0.10242824,-0.45326766,-0.39514953,-0.5348654,1.8827742,1.6355085,-2.1685681,-0.7796019,-0.3185082,-0.46376973,-500.0,259.9076984688973,-500.0,500.0,-500.0,500.0,500.0,-500.0,-500.0,500.0,-500.0,-500.0
352,0.0,0.0,0.0,0.0,0.0,-1.0,1.0,0.0,0.0,0.5218815,-0.21499789,-0.026377201,-0.14139426,-0.32881373,0.10494436,0.18488222,0.5341297,-0.15771413,-0.23865306,-0.013961017,0.058832645,0.10880349,-0.04088081,0.05972249,-0.070060864,0.2716188,0.011236827,-0.22504273,0.050423533,0.1476532,-0.082351014,0.26634133,0.2307109,1.3699224,-0.425546,-0.89258844,0.24954256,-1.2249264,-1.4712836,1.5730009,2.7926645,-1.8150744,-1.8364865,-1.2633531,-0.7580191,500.0,-464.60922761182957,500.0,-500.0,500.0,500.0,-500.0,500.0,500.0,-500.0,500.0,500.0
353,0.0,0.0,0.0,0.0,0.0,-1.0,1.0,0.0,0.0,0.4999733,-0.20953193,-0.033342183,-0.13646317,-0.3316285,0.045752145,0.18137544,0.53359467,-0.15648699,-0.24154007,-0.01843381,0.046907946,-0.24909322,0.06820888,-0.09511317,0.0847941,-0.20462728,-0.4990283,0.14293483,-0.05497532,-0.10583901,0.047825422,-0.21571903,-0.24929786,0.81763893,-1.1890264,0.49481905,-1.1486436,-0.18235457,0.13427582,2.0128632,1.5967295,-2.2395687,0.503106,-0.08598703,-0.54822016,-500.0,460.06070171018695,-500.0,500.0,-500.0,-500.0,500.0,-463.85936547311974,-500.0,500.0,-500.0,-500.0
354,0.0,0.0,0.0,0.0,0.0,-1.0,1.0,0.0,0.0,0.50049037,-0.21332131,-0.027510822,-0.1444223,-0.31582302,0.07151123,0.17588006,0.5315993,-0.16336608,-0.22725892,-0.0033795834,0.05453317,0.15078203,-0.06343188,0.100919686,-0.11407711,0.26917836,0.41197452,-0.18938741,0.042470917,0.084417425,-0.003200064,0.26963052,0.22639386,1.3866414,-1.0954442,-0.5586465,-1.6403486,-0.5552864,4.4594936,-1.468438,2.2401946,0.7760787,-1.5918708,2.184477,-0.5110617,500.0,-475.45511847000165,500.0,-500.0,500.0,500.0,-500.0,500.0,500.0,-500.0,500.0,500.0
355,0.0,0.0,0.0,0.0,0.0,-1.0,1.0,0.0,0.0,0.48620534,-0.21369506,-0.02851361,-0.14712524,-0.31866592,0.09301104,0.16820468,0.52998674,-0.1566869,-0.23326135,-0.007876277,0.042589564,-0.21130739,0.03553755,-0.069013245,0.048482526,-0.20405774,-0.094808504,0.12335169,-0.0639875,-0.07760103,0.032395195,-0.21620779,-0.24805133,1.2313044,-0.5594071,-0.18191169,0.49863645,0.12946361,-0.95548093,2.219374,1.5969756,-2.3687928,-1.0518475,-0.8074458,0.10181633,-500.0,458.53490839380873,-500.0,500.0,-500.0,-500.0,500.0,-500.0,-500.0,217.7049419234924,-500.0,-500.0
356,0.0,0.0,0.0,0.0,0.0,-1.0,1.0,0.0,0.0,0.48294133,-0.21291472,-0.02979374,-0.1392796,-0.30259782,0.0912597,0.17541997,0.52336824,-0.16384482,-0.23458958,0.0083884,0.05022074,0.12161317,-0.031579547,0.06490519,-0.038394712,0.27057233,0.193189,-0.13081655,0.022986418,0.08401995,-0.07969564,0.2757108,0.2255518,1.3963287,-0.933712,-0.18930171,-0.6479851,-0.20295238,1.4887207,0.5040969,2.2434583,-0.8850939,-1.7736318,0.14263695,-0.8338935,500.0,-472.5829277737171,500.0,-500.0,500.0,500.0,-500.0,500.0,500.0,-500.0,500.0,500.0
357,0.0,0.0,0.0,0.0,0.0,-1.0,1.0,0.0,0.0,0.4702816,-0.21135563,-0.030484676,-0.13689768,-0.30569857,0.07020077,0.18807647,0.5178929,-0.17257082,-0.23822331,0.0056254864,0.03729136,-0.19614296,0.042677563,-0.061541826,0.069890685,-0.20622917,-0.3070231,0.22150342,-0.08316259,-0.15005322,0.041364882,-0.20766787,-0.25354978,1.1403941,-0.8525145,0.11773111,-0.3407716,-0.22819144,-1.208809,2.364068,1.6414888,-2.2424536,-0.18021663,-0.6661339,0.052131772,-500.0,456.74968586488114,-500.0,500.0,-500.0,-500.0,500.0,-484.0820452009844,-500.0,500.0,-500.0,-500.0
358,0.0,0.0,0.0,0.0,0.0,-1.0,1.0,0.0,0.0,0.47139987,-0.21317245,-0.023423135,-0.14342976,-0.28969353,0.06930159,0.1815325,0.5182137,-0.17616647,-0.23006523,0.021726668,0.042869765,0.1425861,-0.04524169,0.09913095,-0.09806246,0.27092656,0.19766073,-0.19401889,0.056400906,0.09743173,-0.030960623,0.2748508,0.21594253,1.5023,-0.7786033,-0.21964715,-1.1967623,-0.6234331,3.671259,-0.9799204,2.3165407,0.3302511,-1.7347615,1.4457071,-0.54902846,500.0,-465.0566534410027,500.0,-480.3226586366436,500.0,500.0,-500.0,500.0,500.0,-500.0,500.0,500.0
359,0.0,0.0,0.0,0.0,0.0,-1.0,1.0,0.0,0.0,0.4579692,-0.21082424,-0.021866918,-0.14529431,-0.29266113,0.09081397,0.18894139,0.5133264,-0.18008816,-0.23518646,0.01896739,0.029374871,-0.20519443,0.048997153,-0.053149965,0.05080126,-0.20535827,-0.09518653,0.19388276,-0.0811741,-0.13218158,0.050691385,-0.20827317,-0.25624487,1.3306277,-0.74957204,0.030153409,-0.039259575,-0.17397726,-0.86492026,2.1528268,1.4790835,-2.2778194,-0.69684327,-0.8286959,0.41135487,-500.0,443.0504299331819,-500.0,500.0,-500.0,-500.0,500.0,-482.5500481180849,-500.0,500.0,-500.0,-500.0
360,0.0,0.0,0.0,0.0,0.0,-1.0,1.0,0.0,0.0,0.4583272,-0.2113967,-0.01810956,-0.1437341,-0.27643675,0.100767314,0.17860974,0.51389754,-0.17460251,-0.23989809,0.03540218,0.034490597,0.13896495,-0.03888162,0.08411335,-0.061535973,0.27210292,0.2523801,-0.21326922,0.05841998,0.14098063,-0.09208065,0.27645263,0.21352653,1.4527425,-0.74124026,-0.32028824,-0.7429241,-0.87500024,1.7884804,-0.14567645,2.4019177,-0.51198685,-1.8352629,0.24126416,-0.3231333,500.0,-452.0138731449687,500.0,-500.0,500.0,500.0,-500.0,500.0,500.0,-500.0,500.0,500.0
361,0.0,0.0,0.0,0.0,0.0,-1.0,1.0,0.0,0.0,0.42556763,-0.20521802,-0.02711773,-0.13497257,-0.27367383,0.12880583,0.1602794,0.5157422,-0.16412902,-0.25097215,0.032251,0.015054735,0.13493994,-0.02264606,-0.0064047175,0.073322155,-0.0903196,-0.23911166,-0.32556427,0.08853101,0.20325549,-0.12675503,-0.072053745,0.007192304,1.0706774,-0.98343945,0.114442244,-0.49130902,-0.29059863,-1.5608426,2.2277963,1.6009244,-2.5554187,0.06869997,-0.9141687,0.72391987,500.0,59.2064676898631,-500.0,500.0,-500.0,-500.0,-500.0,500.0,500.0,-356.13739836296696,-500.0,500.0
362,0.0,0.0,0.0,0.0,0.0,-1.0,1.0,0.0,0.0,0.42483917,-0.20567627,-0.024947643,-0.13849199,-0.2340284,0.13888535,0.18282898,0.50481766,-0.1851548,-0.24142182,0.017617345,0.030419586,-0.11598503,0.018382173,0.0022783072,-0.060008395,0.39319775,0.2413775,0.30067834,-0.12240463,-0.19983746,0.040255643,0.122241996,0.27709076,1.4860516,-1.7616913,0.18912591,-2.7927725,-0.6374819,1.3826703,-0.31133524,1.726814,-1.7031546,1.2157943,0.25900954,0.14017278,-500.0,254.14222712877626,-99.07421810323825,-479.59487849273734,500.0,500.0,500.0,-500.0,-500.0,-248.62391574483001,500.0,500.0
363,0.0,0.0,0.0,0.0,0.0,-1.0,1.0,0.0,0.0,0.4391706,-0.21434788,-0.01211381,-0.16242433,-0.21286672,0.13220681,0.187521,0.50145036,-0.19974291,-0.2215265,-0.017211258,0.02496468,0.20110586,-0.07302863,0.12846957,-0.18217884,-0.088954315,-0.21990271,-0.14369883,0.05023256,0.04567508,0.038636506,-0.36822572,-0.22935331,1.5538654,0.17576052,-1.2405727,1.3604366,-1.5568104,-0.4024929,0.39989704,2.7461305,0.5690609,-2.6105545,0.27774507,-0.22730696,500.0,-304.5410582170426,452.5193046308658,-500.0,-500.0,-500.0,-500.0,500.0,500.0,-253.89618878281703,-500.0,-500.0
364,0.0,0.0,0.0,0.0,0.0,-1.0,1.0,0.0,0.0,0.42263553,-0.20753233,-0.02571392,-0.14814591,-0.18030542,0.14023165,0.1692781,0.5072002,-0.18103564,-0.23819876,-0.033450484,0.037700355,-0.21291904,0.07759631,-0.10558646,0.09721438,0.32605684,0.22318482,0.07369747,-0.04107413,-0.012465194,-0.041929357,0.113489844,0.2659835,1.8099071,-1.2925048,-0.043538913,-1.1332844,-0.745821,0.97848856,0.873538,1.836942,-1.6833795,-1.5963995,-0.26593238,0.25837448,-500.0,326.7417538042081,-272.5956985523394,-123.85794973914994,500.0,500.0,500.0,-500.0,-500.0,105.1607823051994,500.0,500.0
365,0.0,0.0,0.0,0.0,0.0,-1.0,1.0,0.0,0.0,0.43063384,-0.20997111,-0.021296263,-0.15444803,-0.17367691,0.13155797,0.17565343,0.50353295,-0.1850248,-0.24379408,-0.067135155,0.031753816,0.18431424,-0.051768895,0.09713886,-0.10603575,-0.16223913,-0.22704242,-0.13546978,0.047952443,0.08691439,-0.063002765,-0.3632051,-0.23170821,1.6377751,-0.66953695,-0.22469254,0.24887094,-0.5262475,-1.2950648,1.730699,2.2072723,-0.83129674,-1.4151716,0.2951476,-0.40731573,500.0,-319.8082832566147,500.0,-500.0,-500.0,-500.0,-500.0,500.0,500.0,-3.442333785449648,-500.0,-500.0
366,0.0,0.0,0.0,0.0,0.0,-1.0,1.0,0.0,0.0,0.42472407,-0.20796266,-0.028750181,-0.14201772,-0.1474219,0.14099564,0.19414876,0.49484465,-0.19769728,-0.24368072,-0.0812605,0.045511637,-0.15782844,0.038447354,-0.10872453,0.13871181,0.3273569,0.23425439,0.2528412,-0.11254414,-0.17311935,0.057685006,0.12420648,0.270344,1.8838209,-1.4131885,-0.43137944,-1.9283547,-0.6364505,1.8553592,0.12612958,1.6159751,-0.7311144,-0.6094716,2.4292815,-0.25169048,-500.0,295.83937042868,-500.0,500.0,500.0,500.0,500.0,-484.0890321122383,-500.0,500.0,500.0,500.0
367,0.0,0.0,0.0,0.0,0.0,-1.0,1.0,0.0,0.0,0.4302598,-0.21273056,-0.026670039,-0.15179908,-0.13903028,0.13337173,0.19482437,0.4927182,-0.1995458,-0.24693167,-0.06926817,0.039121922,0.124369994,-0.052150913,0.004161456,-0.015150878,-0.14769517,-0.22602955,-0.16146386,0.058185168,0.10307425,-0.08439996,0.25325528,-0.23338068,2.4611106,-0.2759155,-0.69507754,1.5966562,-0.51968956,-0.7898027,1.3185875,2.2355144,-0.18142022,-2.8958452,0.3739944,-0.77245605,500.0,-323.2659822613054,83.98464814204698,404.05858856036855,-500.0,-500.0,-500.0,500.0,500.0,-500.0,500.0,-500.0
368,0.0,0.0,0.0,0.0,0.0,-1.0,1.0,0.0,0.0,0.41570148,-0.20830826,-0.042918503,-0.1323111,-0.11119151,0.14228055,0.21116257,0.48363468,-0.20285982,-0.26267874,-0.07621735,0.052786537,-0.19704054,0.059343483,-0.13396822,0.15321246,0.3324711,0.22919452,0.24082892,-0.1161351,-0.1266831,-0.001504816,-0.22831534,0.26945788,2.3026748,-1.3478572,0.8537383,-2.066968,-0.04714465,-0.08895296,2.4994564,1.4934404,-2.5266573,0.10154401,0.24024975,0.42706192,-500.0,332.9875993144591,-500.0,500.0,500.0,500.0,500.0,-487.52568240513955,-500.0,500.0,-500.0,500.0
369,0.0,0.0,0.0,0.0,0.0,-1.0,1.0,0.0,0.0,0.4280769,-0.21246748,-0.03290236,-0.14546847,-0.10372794,0.13438755,0.21062148,0.4811623,-0.20946318,-0.2528944,-0.06418276,0.046037126,0.18346943,-0.051252414,0.05958885,-0.022326795,-0.15751064,-0.22777441,-0.1661884,0.05831061,0.079615414,-0.024768041,0.2537085,-0.23521276,1.8776436,-0.47581077,-1.5817852,0.6658331,-0.9942579,0.7369331,-1.8517884,2.4759173,2.132867,-0.44372705,3.614074,-1.6894572,500.0,-292.29533954934476,56.287552883864635,500.0,-500.0,-500.0,-500.0,500.0,500.0,-283.16534668323845,500.0,-500.0
370,0.0,0.0,0.0,0.0,0.0,-1.0,1.0,0.0,0.0,0.4177251,-0.20867951,-0.043943524,-0.1306684,-0.076054156,0.14352418,0.16670412,0.49124244,-0.18698996,-0.24353456,-0.070111096,0.0582207,-0.18454854,0.04990325,-0.12156073,0.13237795,0.33470297,0.23240955,-0.05197339,-0.0277696,-0.0023052539,0.12531307,-0.21019128,0.26336297,2.2073808,-1.4155912,0.353853,-0.9896568,0.25278336,-0.23287913,1.6870857,1.4842985,-3.0539238,-0.7447132,-0.10173732,0.96779305,-500.0,306.1475760620108,-500.0,500.0,500.0,500.0,500.0,-500.0,-500.0,500.0,-500.0,500.0
371,0.0,0.0,0.0,0.0,0.0,-1.0,1.0,0.0,0.0,0.4311712,-0.21392004,-0.037671328,-0.13546407,-0.06810522,0.13594106,0.19410782,0.4778358,-0.20130605,-0.23632336,-0.052433014,0.05201456,0.2067937,-0.058755316,0.10238885,-0.08211504,-0.15632193,-0.22379847,0.2903109,-0.12398791,-0.1854121,0.1112585,0.28335053,-0.22118019,1.6335961,-0.9701966,-1.132605,-1.017171,-1.2680314,0.09796977,-1.282045,2.0260012,0.5820205,0.7648693,2.5228922,-1.6913419,500.0,-320.38213752219775,500.0,-500.0,-500.0,-500.0,500.0,-492.9364685971707,-500.0,500.0,500.0,-500.0
372,0.0,0.0,0.0,0.0,0.0,-1.0,1.0,0.0,0.0,0.42435735,-0.21367458,-0.04228258,-0.13419497,-0.03945756,0.14652473,0.15864973,0.4848389,-0.18321478,-0.22685444,-0.05499047,0.06361498,-0.17310198,0.026704391,-0.09697071,0.059545398,0.34195468,0.24143063,-0.373342,0.095060736,0.22691016,-0.022102421,-0.20775174,0.24811912,2.4113803,-0.29261923,-0.0414633,-2.109351,-2.071339,0.13218206,1.2629827,1.8709484,-2.159147,-0.8414333,0.16493315,0.8334733,-500.0,267.66983876696395,-500.0,500.0,500.0,500.0,-500.0,500.0,500.0,-500.0,-500.0,500.0
373,0.0,0.0,0.0,0.0,0.0,-1.0,1.0,0.0,0.0,0.41967362,-0.2096981,-0.03728205,-0.15417278,-0.031683326,0.13698874,0.16191332,0.48055,-0.18872172,-0.22256434,-0.035235643,0.05592011,0.09961637,-0.0037184835,0.09990006,-0.18118136,-0.17457986,-0.23561631,-0.1529699,0.057412077,0.041760337,0.012460898,0.2966909,-0.24456255,1.230175,-1.0617085,-1.482903,-1.3202181,-2.6633143,-0.4376016,-0.94369864,1.9730119,-0.46491528,1.2996919,1.7107987,-1.5543544,500.0,-325.8112430785893,500.0,-498.212074540215,-500.0,-500.0,-500.0,500.0,500.0,327.2888413730333,500.0,-500.0
374,0.0,0.0,0.0,0.0,0.0,-1.0,1.0,0.0,0.0,0.40240502,-0.20916691,-0.048615515,-0.15763462,-0.010984778,0.14810202,0.17057374,0.47440824,-0.20504957,-0.20189106,-0.034657538,0.06740148,-0.22076836,0.024678899,-0.14245865,0.06233799,0.30182627,0.24525853,0.20426269,-0.099909626,-0.18559404,0.16710714,-0.19097458,0.2594651,1.081184,-0.86952853,-0.60312665,-3.2841656,-3.2528965,0.012484401,0.6095038,2.0824065,-2.8934634,0.5528025,0.04505539,1.148292,-500.0,290.44494632461397,-500.0,464.2001701154879,500.0,500.0,500.0,-500.0,-500.0,500.0,-500.0,500.0
375,0.0,0.0,0.0,0.0,0.0,-1.0,1.0,0.0,0.0,0.392615,-0.21061341,-0.049185634,-0.18395352,-0.044855595,0.14080845,0.16278242,0.47415578,-0.20965523,-0.1885643,-0.014747024,0.058795128,0.07721715,-0.037638284,0.05097839,-0.17210548,-0.40948072,-0.2239822,-0.20006147,0.0646958,0.084156506,0.00033510113,0.29332832,-0.24478295,1.1296662,0.55257916,-2.1497648,0.14401087,-3.8465838,0.39974144,-1.1367377,2.3679597,1.237779,-2.671888,0.9657952,-2.5431561,500.0,-386.1338185393405,452.4695627194304,-43.85763620557714,-500.0,-500.0,-500.0,500.0,500.0,-500.0,500.0,-500.0
376,0.0,0.0,0.0,0.0,0.0,-1.0,1.0,0.0,0.0,0.37620366,-0.20035914,-0.06834096,-0.17773461,-0.06827533,0.14897014,0.14331861,0.4761358,-0.18839216,-0.20667505,-0.015115142,0.06973355,-0.16607052,0.10254865,-0.099481076,-0.012013956,0.079067886,0.22283188,0.061483204,-0.05793683,-0.0050092954,-0.007779491,-0.19627658,0.25648212,2.1538403,-0.6602518,0.0009950548,-0.7421309,-1.1620522,-0.94048023,2.1212006,2.2182386,-3.4650583,-0.39161894,-1.2365935,1.0593503,-500.0,399.6850747533648,51.173931905110976,-500.0,500.0,500.0,500.0,-500.0,-500.0,367.8593500663253,-500.0,500.0
377,0.0,0.0,0.0,0.0,0.0,-1.0,1.0,0.0,0.0,0.4010154,-0.19886936,-0.06804621,-0.18091023,-0.11287588,0.1389965,0.15964888,0.47279036,-0.20338434,-0.19943392,0.006065786,0.059706636,0.2758719,-0.036651008,0.07674235,-0.07831028,-0.4200995,-0.23529139,0.2549611,-0.07818286,-0.18515013,0.07417229,0.302538,-0.23901056,1.0028098,-0.075593814,-0.9793277,-1.5819167,-2.9915347,-0.714802,0.31033552,2.2907312,-0.024798527,-1.6711291,0.7816785,-2.6622229,500.0,-438.77484569674897,500.0,-500.0,-500.0,-500.0,500.0,-466.2167862946991,-500.0,500.0,500.0,-500.0
378,0.0,0.0,0.0,0.0,0.0,-1.0,1.0,0.0,0.0,0.39724278,-0.18997812,-0.073731184,-0.18440998,-0.1376245,0.14734054,0.16211627,0.474798,-0.20339781,-0.21019697,0.00870043,0.06826171,-0.16431032,0.080135584,-0.09492633,0.043076765,0.07304055,0.23008244,-0.14608067,0.068221025,0.11561836,-0.12641646,-0.17994042,0.23088913,2.792111,0.62516904,-0.10787295,-1.279229,-2.632792,-0.27486697,1.2107939,2.5470047,-2.5636208,-0.68215096,-1.1405495,0.7405715,-500.0,429.7559282308172,-500.0,500.0,500.0,500.0,-500.0,500.0,500.0,-500.0,-500.0,500.0
379,0.0,0.0,0.0,0.0,0.0,-1.0,1.0,0.0,0.0,0.39557993,-0.1783613,-0.07342118,-0.19693637,-0.18161559,0.13557562,0.17404343,0.47375557,-0.21511501,-0.20515442,0.03056097,0.057160977,0.12499293,0.021225575,0.06992188,-0.13350032,-0.41548663,-0.24623458,0.21382716,-0.06616092,-0.16962035,0.09753477,0.30291593,-0.24402718,0.8032187,-0.43941927,-0.9413638,-1.3178179,-3.1938338,-1.818669,0.38120818,2.831439,-0.7309325,-1.2507588,-0.15746784,-2.2817197,500.0,-476.77968706762556,500.0,-500.0,-500.0,-500.0,500.0,-500.0,-500.0,500.0,500.0,-500.0
380,0.0,0.0,0.0,0.0,0.0,-1.0,1.0,0.0,0.0,0.39453536,-0.17290018,-0.07634777,-0.20466363,-0.20555383,0.1451453,0.16697091,0.48026383,-0.2117477,-0.21109235,0.033416033,0.06438058,-0.13499759,0.062256526,-0.07814201,0.025669543,0.07787634,0.23658279,-0.19607244,0.094408594,0.13358513,-0.10179751,-0.178569,0.22364369,2.5074666,0.6722634,-0.02733861,-1.445883,-2.421498,0.31264535,0.5566929,2.7903337,-2.378992,-0.18008675,-1.1626818,0.9916086,-500.0,467.9575596753994,-500.0,500.0,500.0,500.0,-500.0,500.0,500.0,-500.0,-500.0,500.0
381,0.0,0.0,0.0,0.0,0.0,-1.0,1.0,0.0,0.0,0.3936913,-0.16199452,-0.07411748,-0.22059202,-0.24873048,0.13378187,0.1731787,0.48102203,-0.22209805,-0.20063055,0.05540639,0.05248801,0.12793681,0.017185723,0.07289165,-0.14084113,-0.41192147,-0.24517262,0.18522558,-0.057679594,-0.16382942,0.1250494,0.3033077,-0.24786885,0.7849729,-0.32138908,-1.0262972,-1.2193395,-3.0304327,-1.7574145,0.33658326,2.9431837,-0.8335078,-1.3291558,-0.8537413,-2.2302365,500.0,-500.0,500.0,-442.06061831807153,-500.0,-500.0,500.0,-500.0,-500.0,500.0,500.0,-500.0
382,0.0,0.0,0.0,0.0,0.0,-1.0,1.0,0.0,0.0,0.39151743,-0.15570062,-0.07883346,-0.22494316,-0.27166468,0.14325944,0.16224143,0.4883102,-0.21529275,-0.20739067,0.05863273,0.05915187,-0.14133869,0.06914086,-0.08614474,0.047036428,0.08316437,0.23614727,-0.21587384,0.098426335,0.14942925,-0.09977897,-0.17677088,0.22072922,2.4971938,0.800591,0.061171845,-0.9814079,-1.8294303,0.46586046,0.4583438,2.851238,-2.2329578,-0.2454076,-1.4435441,1.3404521,-500.0,481.9539650725798,-500.0,500.0,500.0,500.0,-500.0,500.0,500.0,-500.0,-500.0,500.0
383,0.0,0.0,0.0,0.0,0.0,-1.0,1.0,0.0,0.0,0.39104548,-0.14472212,-0.077858984,-0.23617268,-0.31414157,0.13190903,0.16469368,0.48976073,-0.22197157,-0.19853604,0.08095789,0.046740614,0.13475259,0.014394024,0.072422795,-0.12680028,-0.40983388,-0.24520285,0.1669237,-0.054074176,-0.14554931,0.11426859,0.30483815,-0.25029013,0.8779435,-0.1564108,-0.84467494,-0.6410452,-2.0549808,-1.5459694,0.6604626,3.0007193,-0.84236836,-1.6282712,-1.4746308,-2.0861297,500.0,-497.8897577215894,500.0,-500.0,-500.0,-500.0,500.0,-500.0,-500.0,500.0,500.0,-500.0
384,0.0,0.0,0.0,0.0,0.0,-1.0,1.0,0.0,0.0,0.38939577,-0.13730472,-0.08365041,-0.23313725,-0.33665138,0.1410062,0.15039065,0.49737227,-0.21154577,-0.20685577,0.08455551,0.05292642,-0.13925816,0.07734818,-0.09134194,0.09048423,0.08556696,0.23412676,-0.23342173,0.09923466,0.16625902,-0.10113962,-0.17500226,0.21818967,2.576726,0.90301466,0.20750262,-0.36005726,-1.0241745,0.5582545,0.6581594,2.8126764,-2.0174778,-0.51862526,-1.8020225,1.6038423,-500.0,485.5506443708456,-500.0,500.0,500.0,500.0,-500.0,500.0,500.0,-500.0,-500.0,500.0
385,0.0,0.0,0.0,0.0,0.0,-1.0,1.0,0.0,0.0,0.39211655,-0.12639865,-0.08153862,-0.23749769,-0.3792352,0.12944165,0.14987996,0.49901378,-0.21348315,-0.20274389,0.10733366,0.040094905,0.1518052,0.013359271,0.08023458,-0.094770364,-0.41182706,-0.24682601,0.1532173,-0.052375186,-0.12105652,0.084949695,0.30711463,-0.25218794,1.0617244,-0.10243039,-0.5577538,0.072137095,-0.900923,-1.2809967,0.88722503,2.9828243,-0.98048973,-1.7411122,-2.0288546,-1.8089665,500.0,-483.8830057949647,500.0,-500.0,-500.0,-500.0,500.0,-500.0,-500.0,500.0,500.0,-500.0
386,0.0,0.0,0.0,0.0,0.0,-1.0,1.0,0.0,0.0,0.39448768,-0.11908855,-0.08513504,-0.22771132,-0.40200847,0.13826941,0.13293941,0.5064005,-0.19805884,-0.21640897,0.110795915,0.0458801,-0.11762084,0.0768052,-0.077919655,0.12484717,0.08468764,0.2330282,-0.24686325,0.09664386,0.19765933,-0.13926259,-0.17999133,0.21605161,2.6868105,0.9018223,0.36557198,0.1458008,-0.23884988,0.7760556,0.6908617,2.71059,-1.8948557,-0.5629108,-2.2211936,1.8921863,-500.0,481.8510508327927,-500.0,500.0,500.0,500.0,-500.0,500.0,500.0,-460.8317606118719,-500.0,500.0
387,0.0,0.0,0.0,0.0,0.0,-1.0,1.0,0.0,0.0,0.40159914,-0.108725265,-0.080873966,-0.22730672,-0.3795393,0.12659335,0.13717753,0.505796,-0.20318598,-0.21125138,0.1264081,0.032771055,0.16936368,0.011823713,0.08766679,-0.07405212,-0.086062044,-0.24728692,0.18191557,-0.06181076,-0.15060431,0.10794643,0.27098376,-0.2539893,1.2595688,-0.27251863,-0.25094593,0.49451956,0.12539387,-0.9926785,0.7263676,2.8823326,-1.21625,-1.3858497,-2.2495847,-1.4671069,500.0,-492.583224358881,500.0,-500.0,-500.0,-500.0,500.0,-465.87863747346336,-500.0,500.0,500.0,-500.0
388,0.0,0.0,0.0,0.0,0.0,-1.0,1.0,0.0,0.0,0.41089517,-0.10396772,-0.08179909,-0.2141875,-0.33720082,0.13582943,0.12454549,0.5118903,-0.19242662,-0.22107637,0.12341082,0.037966117,-0.078820504,0.061358392,-0.061487753,0.13953911,0.40982795,0.23518072,-0.2264719,0.09030972,0.1779737,-0.12573758,-0.20691879,0.21285307,1.8898194,0.822207,0.45766824,0.23570022,-0.04230094,1.3569008,1.4408253,2.6169415,-1.0860893,-1.6601841,-1.3530717,2.3602915,-500.0,473.9094931362189,-500.0,500.0,500.0,500.0,-500.0,500.0,500.0,-498.4618815496167,-500.0,500.0
389,0.0,0.0,0.0,0.0,0.0,-1.0,1.0,0.0,0.0,0.42171642,-0.09441957,-0.075223625,-0.21126592,-0.3146134,0.124287896,0.12661359,0.51208454,-0.18963242,-0.2298472,0.14007467,0.024200689,0.18149279,0.010898026,0.093726955,-0.062784664,-0.08403797,-0.24618314,0.16889882,-0.058240067,-0.09627755,0.011143555,0.27677464,-0.25658947,0.8013524,-0.56220454,-0.50794095,0.870202,-0.01672101,-1.2212352,0.8039838,2.690597,-0.69171804,-1.6426365,-1.7636132,-1.0731941,500.0,-500.0,500.0,-500.0,-500.0,-500.0,500.0,-500.0,-500.0,500.0,500.0,-500.0
390,0.0,0.0,0.0,0.0,0.0,-1.0,1.0,0.0,0.0,0.4148342,-0.09109543,-0.08021951,-0.19043744,-0.27157193,0.13493858,0.112364836,0.51716816,-0.17453206,-0.24480343,0.13757414,0.02917515,-0.1635439,0.038852457,-0.08300893,0.18150936,0.41307017,0.24621025,-0.2321153,0.08077844,0.19043694,-0.13156293,-0.20536445,0.21248804,1.831866,0.40479517,0.45031786,0.2292392,0.043509007,1.6722201,1.5910512,2.3795972,-1.4728009,-1.5070845,-1.5020671,2.9392018,-500.0,415.16100784788733,-500.0,500.0,500.0,500.0,-500.0,500.0,500.0,-467.2388068772193,-500.0,500.0
391,0.0,0.0,0.0,0.0,0.0,-1.0,1.0,0.0,0.0,0.40980455,-0.08595209,-0.072472334,-0.1869787,-0.24884194,0.1257372,0.11340164,0.5157924,-0.17089766,-0.25161278,0.15439123,0.015338247,0.097619094,-0.007127681,0.10499594,-0.068461284,-0.08368946,-0.23469904,0.16452052,-0.0649043,-0.09495993,0.0254366,0.27729675,-0.25690424,0.9906886,-0.9625617,-0.5098943,0.86675036,0.016306162,-1.1748782,0.44642764,2.6535292,-0.6926967,-0.92809284,-1.509259,-0.6390634,500.0,-457.04648478456926,500.0,-500.0,-500.0,-500.0,500.0,-500.0,-500.0,500.0,500.0,-500.0
392,0.0,0.0,0.0,0.0,0.0,-1.0,1.0,0.0,0.0,0.40795776,-0.089354105,-0.07407951,-0.16907954,-0.20545453,0.1382772,0.09601218,0.52003396,-0.1596247,-0.25180352,0.15144217,0.020078795,-0.12757055,0.012275932,-0.061021257,0.15135214,0.4151939,0.2521451,-0.24988997,0.07632118,0.17605467,-0.065557964,-0.20715272,0.21086203,1.733118,0.14495422,0.43297178,-0.024760328,-0.3234434,1.9701655,1.2582806,2.4081204,-1.5825796,-1.4830409,-1.5037796,3.62535,-500.0,424.7809641153303,-500.0,500.0,500.0,500.0,-500.0,500.0,500.0,-500.0,-500.0,500.0
393,0.0,0.0,0.0,0.0,0.0,-1.0,1.0,0.0,0.0,0.40607935,-0.08661452,-0.067311406,-0.1640923,-0.18164068,0.12969603,0.094765015,0.51728153,-0.15652943,-0.25231135,0.16820532,0.037975144,0.1083678,-0.014977296,0.09303326,-0.05026271,-0.07717126,-0.23173141,0.15343729,-0.06990008,-0.096558675,0.053366866,0.27709183,-0.098320484,1.1493168,-1.1208847,-0.6023992,0.3670676,-0.5192547,-1.1224908,0.14450257,2.5607445,-0.85729533,-0.35814586,-1.647258,-0.27771991,500.0,-405.74371230060945,500.0,-500.0,-500.0,-500.0,500.0,-500.0,-500.0,500.0,500.0,-500.0
394,0.0,0.0,0.0,0.0,0.0,-1.0,1.0,0.0,0.0,0.40555796,-0.09179287,-0.06823254,-0.14988196,-0.13710886,0.14285773,0.07388372,0.5207177,-0.14507002,-0.24653637,0.1652261,0.07421166,-0.119252324,0.0002956134,-0.062651604,0.13989918,0.4208157,0.25511304,-0.2687699,0.07094356,0.17784001,-0.035686914,-0.20708938,0.36828575,1.7109674,0.073408976,0.42845285,-0.90462714,-1.534097,1.6627483,0.89827955,2.4816303,-1.9523058,-0.7493646,-1.8327229,2.4280844,-500.0,374.6096715527239,-500.0,500.0,500.0,500.0,-500.0,500.0,500.0,-500.0,-500.0,500.0
395,0.0,0.0,0.0,0.0,0.0,-1.0,1.0,0.0,0.0,0.4030659,-0.089494474,-0.058983862,-0.15429199,-0.15781379,0.13468257,0.070850424,0.5183486,-0.14530498,-0.23728943,0.18208206,0.091321416,0.10108403,-0.014161395,0.0997667,-0.09034499,-0.35641137,-0.2298028,0.14193311,-0.06059848,-0.11383019,0.10176661,0.27794054,-0.10395109,1.3650233,-0.91115975,-0.8969853,-0.121215604,-1.929941,-0.58830583,-0.48329407,2.548766,-0.872224,0.25279066,-2.0284963,-1.8307542,500.0,-368.70829270942795,500.0,-500.0,-500.0,-500.0,500.0,-453.9802445469177,-500.0,500.0,500.0,-500.0
396,0.0,0.0,0.0,0.0,0.0,-1.0,1.0,0.0,0.0,0.39671114,-0.09268413,-0.06263393,-0.14411092,-0.16869515,0.14759628,0.050516456,0.52185684,-0.13402867,-0.23209953,0.17978007,0.095998935,-0.14925148,0.008639707,-0.07917868,0.12042906,0.14455852,0.25403687,-0.26609048,0.0741928,0.17637564,-0.03678966,-0.20375991,-0.17876433,2.0521677,0.29771805,0.37387156,-2.0110862,-2.9485564,0.0028950274,0.063573554,2.9665098,-3.036894,0.9428451,-2.9183953,0.7494386,-500.0,347.4972981052818,-500.0,500.0,500.0,500.0,-500.0,500.0,500.0,-500.0,-500.0,-500.0
397,0.0,0.0,0.0,0.0,0.0,-1.0,1.0,0.0,0.0,0.39206275,-0.08863374,-0.055794418,-0.1563747,-0.19841075,0.13917658,0.060380552,0.52030015,-0.14969575,-0.21137154,0.14352334,0.11945978,0.10220543,-0.000973627,0.009161255,0.0028974626,-0.33944276,-0.23534718,0.21901396,-0.056235988,-0.19287638,0.13615519,0.015036413,0.31578404,0.34319568,-1.1091075,-1.0284332,-3.5890353,-4.4534183,-2.3144107,-1.0197613,3.3814328,-2.0993783,1.1554588,-2.4797747,-1.4167062,500.0,-208.78881956589674,-245.69058557309927,500.0,-500.0,-500.0,500.0,-435.3052195639513,-500.0,176.00751725662928,500.0,500.0
398,0.0,0.0,0.0,0.0,0.0,-1.0,1.0,0.0,0.0,0.38825902,-0.093049556,-0.05791396,-0.17950082,-0.20421427,0.15311836,0.049094155,0.5300209,-0.15261328,-0.19587922,0.08848429,0.12104038,-0.14481899,0.0016105598,-0.085446335,-0.049644165,0.1752187,0.2605561,-0.22831507,0.11178472,0.10934166,0.016189024,-0.46791926,-0.19525228,1.5383242,0.35281813,-0.5255469,-3.0313833,-5.021821,1.4804785,-2.9683766,3.529386,-1.9511242,1.6787974,-2.1653028,-2.0352058,-500.0,319.39484524585896,-500.0,500.0,500.0,500.0,-500.0,500.0,500.0,-500.0,-500.0,-500.0
399,0.0,0.0,0.0,0.0,0.0,-1.0,1.0,0.0,0.0,0.37755695,-0.088202424,-0.05941266,-0.21120727,-0.22791535,0.14533077,0.049341198,0.5360989,-0.1659255,-0.17100298,0.05268413,0.14217705,0.067170165,-0.005309629,0.048716914,-0.22958179,-0.31444928,-0.22775526,0.16180375,-0.02851828,-0.1825366,0.182662,0.014370506,0.30746508,-0.41034585,-0.6932794,-2.5151985,-3.1912434,-4.583848,-1.7016832,-1.4841402,3.8413858,-0.85459995,0.08125101,-1.2827833,-1.718196,500.0,-420.34685610048297,500.0,-484.0374804431749,-500.0,-500.0,500.0,-487.8104123465042,-500.0,500.0,500.0,500.0
400,0.0,0.0,0.0,0.0,0.0,-1.0,1.0,0.0,0.0,0.3631953,-0.08854,-0.076263726,-0.22803307,-0.22919601,0.15880568,0.030092817,0.54987645,-0.16005957,-0.16351843,-0.0019035935,0.14274599,-0.20150876,0.032148506,-0.15690717,-0.0075265216,0.19622855,0.25714666,-0.26737612,0.13030332,0.15410243,-0.019566722,-0.46626243,-0.1998795,1.3929718,0.40993488,-1.003759,-1.2977387,-3.0450385,1.0475253,-1.1272404,3.5736508,-1.7510989,0.17735063,-2.0262616,-2.5435667,-500.0,429.3125272053419,-500.0,500.0,500.0,500.0,-500.0,500.0,500.0,-500.0,-500.0,-500.0
401,0.0,0.0,0.0,0.0,0.0,-1.0,1.0,0.0,0.0,0.3430899,-0.082347386,-0.0885461,-0.23940921,-0.2515152,0.15115131,0.025390979,0.558213,-0.16369241,-0.1522057,-0.036972046,0.15196404,-0.21689041,0.08063527,-0.005791305,-0.12023157,-0.31472835,-0.2396354,0.13993777,-0.017410073,-0.13480036,0.10686773,0.018854225,0.24801457,-0.1464159,-0.45555097,-2.102349,-1.9180337,-2.4536757,-1.4690012,0.6549572,3.5820913,-0.41458178,-1.8035817,-0.90947884,-2.4384165,-500.0,500.0,389.4295906652001,-386.1111541017186,-500.0,-500.0,500.0,-500.0,-500.0,500.0,500.0,500.0
402,0.0,0.0,0.0,0.0,0.0,-1.0,1.0,0.0,0.0,0.33786944,-0.08247527,-0.10460371,-0.24063098,-0.25399953,0.16395722,0.005924027,0.5707768,-0.14724547,-0.1649648,-0.090830386,0.14149947,0.099307716,-0.053509247,-0.12125569,0.059739143,0.18778883,0.26561394,-0.26368383,0.11713959,0.20496336,-0.11508055,-0.4633548,-0.25374737,1.4545527,0.5941148,-1.2942995,1.3483377,-1.1652708,1.435198,0.25276577,3.611246,-0.91595244,-2.7516847,-2.2395566,-3.1054559,500.0,-500.0,-403.1946403114548,500.0,500.0,500.0,-500.0,500.0,500.0,-243.96069411095266,-500.0,-500.0
403,0.0,0.0,0.0,0.0,0.0,-1.0,1.0,0.0,0.0,0.321035,-0.075546905,-0.12214035,-0.22104979,-0.27802485,0.15544905,0.0038782943,0.57661504,-0.1374883,-0.1846652,-0.124850154,0.15141945,-0.21386795,0.093335405,-0.108161025,0.16567972,-0.31791252,-0.24729715,0.15132572,-0.025717048,-0.07386263,-0.03836417,0.024582386,0.25027838,0.8265539,-0.4073454,-0.6660223,-0.44459692,-0.59110117,-1.437175,2.9525156,2.715699,-1.0809178,-3.1036382,-0.6591928,-2.6799912,-500.0,500.0,-243.17973156959314,500.0,-500.0,-500.0,500.0,-476.7390855241406,-500.0,500.0,500.0,500.0
404,0.0,0.0,0.0,0.0,0.0,-1.0,1.0,0.0,0.0,0.3229338,-0.07544781,-0.12134719,-0.22119951,-0.28511518,0.16731983,0.02736446,0.5782561,-0.13625765,-0.21295893,-0.1446734,0.14168362,0.14757876,-0.056066316,0.0601986,-0.08624522,0.15461057,0.2623835,-0.05736797,0.06772415,0.13867156,-0.2040048,-0.2930964,-0.25066185,2.292343,0.2626927,-0.6679832,2.8146923,0.19543934,1.6942686,1.5927225,3.0613685,-0.6899426,-4.155933,-0.9818748,-3.1332808,500.0,-500.0,462.00592378788417,-500.0,500.0,500.0,-500.0,500.0,500.0,-500.0,-500.0,-500.0
405,0.0,0.0,0.0,0.0,0.0,-1.0,1.0,0.0,0.0,0.31557554,-0.070988186,-0.129592,-0.18922043,-0.31277138,0.15829061,0.061029736,0.5775898,-0.14048183,-0.24312758,-0.14470208,0.1510731,-0.15404691,0.0738618,-0.056334313,0.23596752,-0.33764705,-0.24900618,0.33250153,-0.062659375,-0.14315881,-0.09663897,0.19488312,0.24719957,1.2404042,-0.5498214,-0.14103155,0.77932155,0.5511608,-1.137761,2.8201208,2.360913,-0.9788861,-2.659591,0.5174925,-2.5516534,-500.0,500.0,-81.10236347124423,359.69335380335974,-500.0,-500.0,500.0,-477.995511696168,-500.0,500.0,500.0,500.0
406,0.0,0.0,0.0,0.0,0.0,-1.0,1.0,0.0,0.0,0.32483873,-0.072657615,-0.12180501,-0.17578793,-0.32177645,0.16960661,0.07450433,0.5827556,-0.13721555,-0.2626133,-0.16421658,0.13993365,0.17715196,-0.06079715,0.08337366,-0.01011351,0.14861621,0.25966895,-0.10196369,0.084470525,0.15009232,-0.16821572,-0.29175454,-0.25600365,3.045065,-0.17859267,0.2469318,3.130175,1.2121115,1.5073096,1.6405011,2.671826,-0.8089453,-3.5361724,-0.20367974,-2.9653306,500.0,-500.0,445.098060761991,-500.0,500.0,500.0,-500.0,500.0,500.0,-500.0,-500.0,-500.0
407,0.0,0.0,0.0,0.0,0.0,-1.0,1.0,0.0,0.0,0.32472515,-0.07022672,-0.11902237,-0.14315772,-0.29962724,0.16039652,0.105318174,0.5803862,-0.14368236,-0.28267038,-0.16403776,0.14905897,-0.10783577,0.056438208,0.06685979,0.103591084,-0.090871,-0.2465517,0.32446244,-0.07746251,-0.15891026,-0.04358464,0.19599202,0.24636653,1.5667567,-1.2814505,-0.055747315,0.35027716,1.0733898,-1.0496396,1.3295429,2.1901376,-0.86222714,-0.23493041,2.4625988,-1.7891378,-500.0,500.0,266.22927476494885,-392.1108645740021,-500.0,-500.0,500.0,-500.0,-500.0,500.0,500.0,500.0
408,0.0,0.0,0.0,0.0,0.0,-1.0,1.0,0.0,0.0,0.34332022,-0.078049436,-0.10921472,-0.13208961,-0.25673813,0.17324886,0.11442972,0.58442205,-0.14960682,-0.27498543,-0.16416466,0.13751553,0.23139465,-0.09554252,0.083485246,-0.009522437,0.40886465,0.26997393,-0.1236869,0.08194196,0.10794907,-0.040054325,-0.19483371,-0.25777477,2.1265671,-0.9463632,-0.013650462,2.10938,0.9936621,1.7324532,0.6996875,2.5373745,0.08872782,-2.2399235,1.7146082,-2.8242173,500.0,-500.0,439.27824090823606,-500.0,500.0,500.0,-500.0,500.0,500.0,-500.0,-500.0,-500.0
409,0.0,0.0,0.0,0.0,0.0,-1.0,1.0,0.0,0.0,0.35150486,-0.082915865,-0.107925236,-0.10690057,-0.23239559,0.16608894,0.14321393,0.58015746,-0.15799534,-0.2868873,-0.14450222,0.1465682,-0.08535022,0.021505458,-0.034891233,0.19243905,-0.070064045,-0.23942606,0.3145055,-0.08922877,-0.1679563,-0.0039638425,0.29324025,0.24604867,1.4450285,-1.5760248,-0.19939248,-0.9714409,0.7101333,-1.4134578,0.6210988,2.1347365,-0.9639254,0.6612758,2.2220385,-1.6414484,-500.0,500.0,-500.0,500.0,-500.0,-500.0,500.0,-500.0,-500.0,500.0,500.0,500.0
410,0.0,0.0,0.0,0.0,0.0,-1.0,1.0,0.0,0.0,0.37231302,-0.09433563,-0.09998989,-0.10652101,-0.18669438,0.18048903,0.15016092,0.5827297,-0.16626358,-0.26906455,-0.14451158,0.1349366,0.21307646,-0.10305432,-0.0149649745,0.059584823,0.43283436,0.27512786,-0.13570331,0.07730468,0.0909415,0.024059726,-0.1941933,-0.25850725,2.5898027,-0.8767936,0.2970922,0.20133743,0.07027149,1.0760629,0.8354362,2.4923587,-0.43632436,-1.3999257,1.569448,-3.0543752,500.0,-500.0,-358.34142381594654,453.43266784216803,500.0,500.0,-500.0,500.0,500.0,-500.0,-500.0,-500.0
411,0.0,0.0,0.0,0.0,0.0,-1.0,1.0,0.0,0.0,0.3782227,-0.09922331,-0.09311873,-0.10678446,-0.15988755,0.17425293,0.17699969,0.576758,-0.17588472,-0.27336693,-0.12468928,0.14391786,-0.091940716,0.023377493,0.064872876,-0.05841304,-0.062108207,-0.23373687,0.31161815,-0.101624586,-0.14803497,-0.031782188,0.2944696,0.2468249,1.8793012,-1.6936804,-0.5512027,-2.2106295,-0.50401616,-1.5631324,0.49765337,2.378555,-0.7644654,1.0822324,1.9522054,-1.8778478,-500.0,500.0,280.8228450277481,-500.0,-500.0,-500.0,500.0,-500.0,-500.0,-249.14579160048999,500.0,500.0
412,0.0,0.0,0.0,0.0,0.0,-1.0,1.0,0.0,0.0,0.39375874,-0.11070579,-0.08772129,-0.122570515,-0.11465579,0.18959403,0.18275295,0.5776749,-0.18364084,-0.25267005,-0.124604225,0.13227735,0.21044354,-0.11015426,0.06431667,-0.14847569,0.3457177,0.28356484,-0.13988613,0.07026913,0.09445503,0.033181988,-0.19346194,-0.25851822,2.1805162,-0.6081643,-0.1555125,-0.9167683,-1.6482451,1.1494927,0.08235271,2.6259065,-0.3285737,-1.1620386,1.6407304,-3.075029,500.0,-500.0,458.6416261190664,-500.0,401.9386412473185,500.0,-500.0,500.0,500.0,-500.0,-500.0,-500.0
413,0.0,0.0,0.0,0.0,0.0,-1.0,1.0,0.0,0.0,0.38945055,-0.1135199,-0.09026545,-0.1298573,-0.103411734,0.18335938,0.20833817,0.56989735,-0.19217926,-0.25502336,-0.10459739,0.1412891,-0.16523218,0.041277464,-0.059083797,0.026733687,-0.13671398,-0.23834005,0.30276203,-0.11135592,-0.1444587,-0.01266314,0.29533803,0.24694422,1.6582327,-1.3503828,-0.93066853,-2.7890537,-2.2289972,-1.4642411,0.8173559,2.2871225,-1.1153791,0.27464876,1.1356318,-2.190187,-500.0,500.0,-500.0,500.0,-500.0,-500.0,500.0,-499.9618540443822,-500.0,-182.72189043152753,500.0,500.0
414,0.0,0.0,0.0,0.0,0.0,-1.0,1.0,0.0,0.0,0.39633805,-0.1215165,-0.08869976,-0.15121722,-0.07924509,0.19799599,0.21443653,0.5687222,-0.19451976,-0.24413979,-0.10427594,0.12986146,0.16809084,-0.091497734,0.049631108,-0.17639278,0.31663206,0.27918455,-0.13640033,0.060550597,0.12142884,-0.020064872,-0.19223131,-0.2576016,2.2740097,-0.112133965,-0.050708815,-1.6995682,-2.457273,0.29412213,0.5625803,2.591061,-0.9735354,-1.1978694,1.235717,-3.0053444,500.0,-500.0,461.80222513955596,-500.0,500.0,500.0,-500.0,500.0,500.0,-373.0456660259148,-500.0,-500.0
415,0.0,0.0,0.0,0.0,0.0,-1.0,1.0,0.0,0.0,0.38381687,-0.11966569,-0.0915606,-0.16552472,-0.074626446,0.19074282,0.23666027,0.56083935,-0.1999631,-0.24639893,-0.084082484,0.13860759,-0.208624,0.06812229,-0.059694458,-0.0067877793,-0.17088972,-0.2437682,0.27296636,-0.10687204,-0.14914538,0.051247615,0.2954427,0.2441448,1.542628,-1.0969926,-1.3109589,-3.0164404,-3.3009453,-1.4714745,0.7325517,2.3854818,-0.9589597,0.0937597,0.84136635,-2.3791318,-500.0,500.0,-500.0,500.0,-500.0,-500.0,500.0,-482.7511706217777,-500.0,500.0,500.0,500.0
416,0.0,0.0,0.0,0.0,0.0,-1.0,1.0,0.0,0.0,0.38360482,-0.12400597,-0.09338111,-0.18617105,-0.10583031,0.20440994,0.23913486,0.5601905,-0.19716811,-0.24004924,-0.08344638,0.12695588,0.14000638,-0.07825682,0.034907997,-0.17135575,0.03895746,0.27457276,-0.15339707,0.06341401,0.14670627,-0.04579305,-0.19035271,-0.2586808,2.1116774,0.22204424,-0.27598876,-1.6295753,-3.0953355,0.20735058,0.43650216,2.611617,-1.2648962,-1.3514526,0.7051243,-2.8716068,500.0,-500.0,460.8482921271428,-500.0,500.0,500.0,-500.0,500.0,500.0,-500.0,-500.0,-500.0
417,0.0,0.0,0.0,0.0,0.0,-1.0,1.0,0.0,0.0,0.3656197,-0.11904929,-0.09876597,-0.19867444,-0.15691179,0.19641747,0.25742486,0.55291116,-0.19831175,-0.24438787,-0.06292391,0.13547744,-0.236254,0.08604017,-0.07047123,0.0017454559,-0.44904882,-0.2466326,0.25351053,-0.10375208,-0.123629406,0.033750508,0.2970927,0.24327457,1.565963,-0.7031926,-0.9829971,-2.771576,-3.8174834,-2.2586603,1.9411782,2.5551693,-1.5955234,-0.9069948,0.02028799,-2.5226974,-500.0,500.0,-500.0,500.0,-500.0,-500.0,500.0,-481.4728339203274,-500.0,500.0,500.0,500.0
418,0.0,0.0,0.0,0.0,0.0,-1.0,1.0,0.0,0.0,0.36311567,-0.119895406,-0.09827179,-0.21786618,-0.1888107,0.20891173,0.25684616,0.55261743,-0.18875927,-0.247056,-0.0618394,0.12373497,0.13009585,-0.060023524,0.053431105,-0.16540872,0.032720424,0.2669152,-0.1699823,0.06511367,0.17416577,-0.07761246,-0.18825614,-0.25948116,2.9093308,0.44601393,-0.16992222,-1.1484622,-2.9186468,0.30596292,0.40325677,2.972228,-1.6347377,-0.81803286,-0.39356315,-2.8344207,500.0,-500.0,460.2816348148653,-500.0,500.0,500.0,-500.0,500.0,500.0,-500.0,-500.0,-500.0
419,0.0,0.0,0.0,0.0,0.0,-1.0,1.0,0.0,0.0,0.3566408,-0.11421766,-0.10152614,-0.22378457,-0.24065894,0.19975096,0.26560545,0.54966134,-0.18638664,-0.24562109,-0.041116655,0.13123167,-0.15026145,0.09297751,-0.055462725,0.036267377,-0.45259315,-0.25434765,0.20701483,-0.08167245,-0.1060734,0.06251833,0.297951,0.23847313,1.6606961,-0.5250159,-0.79206383,-2.451503,-3.4648247,-2.1912947,1.9173195,2.671979,-1.4963009,-0.8710572,-0.2974106,-2.6139388,-500.0,500.0,-500.0,500.0,-500.0,-500.0,500.0,-475.85726497765535,-500.0,500.0,500.0,500.0
420,0.0,0.0,0.0,0.0,0.0,-1.0,1.0,0.0,0.0,0.37005484,-0.11350545,-0.09915644,-0.23540878,-0.2733385,0.2102785,0.25680637,0.5529543,-0.16981024,-0.25215435,-0.03962046,0.11866345,0.20827328,-0.052625623,0.062340688,-0.12855665,0.028076654,0.256144,-0.21206494,0.080741026,0.20720558,-0.09155988,-0.18621619,-0.26387274,3.095808,0.50288045,-0.19710408,-0.48998752,-2.3896918,0.38691723,0.49868792,3.052341,-1.8383518,-0.713392,-1.1921201,-2.6725492,500.0,-500.0,461.1519232006354,-500.0,500.0,500.0,-500.0,500.0,500.0,-471.8916440613316,-500.0,-500.0
421,0.0,0.0,0.0,0.0,0.0,-1.0,1.0,0.0,0.0,0.3677881,-0.10558086,-0.103091896,-0.23445761,-0.32529134,0.19974732,0.26434666,0.55099404,-0.16810113,-0.2480377,-0.018330812,0.12554868,-0.15137744,0.09722537,-0.06363656,0.071867265,-0.45142695,-0.25679064,0.2015022,-0.07145998,-0.11461859,0.08321045,0.30096278,0.23460472,1.6847059,-0.52068055,-0.43153846,-1.9353243,-2.4972644,-1.9451157,2.1781802,2.6563997,-1.6943922,-0.7159399,-0.7649218,-2.4582005,-500.0,500.0,-500.0,500.0,-500.0,-500.0,500.0,-478.2306660514057,-500.0,500.0,500.0,500.0
422,0.0,0.0,0.0,0.0,0.0,-1.0,1.0,0.0,0.0,0.3831057,-0.10498591,-0.09892243,-0.24299335,-0.3584872,0.20976408,0.25437942,0.55552083,-0.15303922,-0.25070965,-0.016183615,0.11216221,0.22014795,-0.054401603,0.07584436,-0.11925198,0.023996122,0.2532418,-0.21747568,0.08396526,0.20211427,-0.07761447,-0.18267421,-0.26805216,3.037754,0.57370615,-0.22110347,0.06318531,-1.6993649,0.31838784,0.55651295,3.2061377,-1.8031858,-0.6580355,-1.7570698,-2.5286145,500.0,-500.0,500.0,-500.0,500.0,500.0,-500.0,500.0,500.0,-500.0,-500.0,-500.0
423,0.0,0.0,0.0,0.0,0.0,-1.0,1.0,0.0,0.0,0.3830759,-0.096917614,-0.10264045,-0.2335211,-0.38634068,0.19856107,0.2597891,0.55571806,-0.1502772,-0.24718261,0.0058109164,0.11816297,-0.14004357,0.09880022,-0.062394656,0.12021655,-0.3307328,-0.2602162,0.19075684,-0.05777802,-0.1077135,0.075773485,0.30437085,0.23039272,1.5362108,-0.40919507,-0.28917855,-1.3332744,-1.4591147,-1.6740069,2.1567154,2.7171657,-1.7352295,-0.6561544,-1.2581222,-2.2091165,-500.0,500.0,-500.0,500.0,-500.0,-500.0,500.0,-472.2557498723576,-500.0,500.0,500.0,500.0
424,0.0,0.0,0.0,0.0,0.0,-1.0,1.0,0.0,0.0,0.39991543,-0.0956377,-0.09702736,-0.23623121,-0.39557654,0.20784274,0.24847633,0.56186545,-0.13446164,-0.25090027,0.008725941,0.10388952,0.22547174,-0.049718145,0.08129207,-0.092058346,0.14382994,0.24950552,-0.22058609,0.087991446,0.2031586,-0.08095618,-0.17849207,-0.27261898,2.7403655,0.594723,-0.07146226,0.6170312,-0.9217434,0.32192534,0.7670857,3.150859,-1.6910312,-0.8590472,-2.0235534,-2.4423304,500.0,-500.0,469.73802187956215,-500.0,500.0,500.0,-500.0,500.0,493.25947944114273,-500.0,-500.0,-500.0
425,0.0,0.0,0.0,0.0,0.0,-1.0,1.0,0.0,0.0,0.40198952,-0.08737145,-0.098869264,-0.22134829,-0.4239586,0.19606474,0.25383976,0.5622831,-0.13078249,-0.24949765,0.031339467,0.1094784,-0.12729739,0.09778153,-0.051611997,0.14695378,-0.33295068,-0.26277307,0.19171816,-0.054838933,-0.10393702,0.064248115,0.30719897,0.22878996,1.207893,-0.5043547,-0.14350133,-1.3276709,-0.9270009,-1.8019495,2.0183384,2.6421204,-1.7820448,-0.5392328,-1.4086349,-1.8236798,-500.0,500.0,-500.0,500.0,-500.0,-500.0,500.0,-458.34486814967954,-500.0,500.0,500.0,500.0
426,0.0,0.0,0.0,0.0,0.0,-1.0,1.0,0.0,0.0,0.42152882,-0.087048545,-0.09066522,-0.225739,-0.4332326,0.20539269,0.2454899,0.5674327,-0.11861664,-0.24978387,0.03487611,0.09481802,0.23813081,-0.055732127,0.083527304,-0.09745208,0.14567858,0.25074592,-0.21003126,0.08158188,0.18923067,-0.0651583,-0.17540278,-0.27481928,2.5860643,0.49299836,-0.06617515,0.8821589,-0.5310875,0.51293796,0.4406482,3.1153002,-1.8679259,-0.52999675,-2.343369,-2.1573052,500.0,-500.0,452.49518394159514,-500.0,500.0,500.0,-500.0,500.0,500.0,-500.0,-500.0,-500.0
427,0.0,0.0,0.0,0.0,0.0,-1.0,1.0,0.0,0.0,0.42631605,-0.08005013,-0.09104222,-0.21121275,-0.46133322,0.19373104,0.25193757,0.5679876,-0.11721766,-0.24545932,0.057261467,0.099890284,-0.112768486,0.09080745,-0.035889227,0.13554458,-0.33226368,-0.26227245,0.19826356,-0.051727016,-0.116871215,0.078884356,0.30334383,0.22636767,1.104478,-0.544499,-0.07841097,-1.418724,-0.72070193,-1.8443159,1.9716392,2.711047,-1.881252,-0.35337785,-1.7315357,-1.4222119,-500.0,500.0,-500.0,500.0,-500.0,-500.0,500.0,-449.0394001191471,-500.0,500.0,500.0,500.0
428,0.0,0.0,0.0,0.0,0.0,-1.0,1.0,0.0,0.0,0.44683638,-0.080441386,-0.0819903,-0.2150917,-0.47037858,0.20315792,0.24279179,0.57357615,-0.10420263,-0.2465601,0.060055196,0.08468951,0.23893039,-0.058383238,0.08206835,-0.088837914,0.14715515,0.251623,-0.21315491,0.08101001,0.19141994,-0.06448695,-0.17904203,-0.27776247,2.428759,0.4985447,-0.08825396,0.89987695,-0.37847614,0.6114819,0.13051175,3.1888647,-1.9365525,-0.2512875,-2.5944479,-1.8249389,500.0,-500.0,456.92073124363384,-500.0,500.0,500.0,-500.0,500.0,492.68405501252437,-480.7622158810357,-500.0,-500.0
429,0.0,0.0,0.0,0.0,0.0,-1.0,1.0,0.0,0.0,0.45033622,-0.073545635,-0.08293468,-0.1994338,-0.4978457,0.1915304,0.25031978,0.57504606,-0.10504311,-0.2391001,0.05789864,0.08900634,-0.120772935,0.08964014,-0.04007767,0.14213078,-0.32830474,-0.2622573,0.20189965,-0.043458764,-0.12881665,0.09621381,0.18312834,0.22238603,1.0057648,-0.62734,-0.073285565,-1.4256549,-0.3963362,-1.8139898,1.7992297,2.769788,-2.0093327,-0.12224968,-1.9845026,-0.98908114,-500.0,500.0,-500.0,500.0,-500.0,-500.0,500.0,-459.7268921597619,-500.0,500.0,500.0,500.0
430,0.0,0.0,0.0,0.0,0.0,-1.0,1.0,0.0,0.0,0.46498883,-0.07416444,-0.0744825,-0.20495331,-0.50616735,0.2014356,0.24132375,0.581739,-0.093037605,-0.23825717,0.036669493,0.07297438,0.19911678,-0.061966922,0.07790467,-0.09989212,0.15063278,0.25586763,-0.21058977,0.083854176,0.18640018,-0.055387434,-0.29916352,-0.2819276,2.1874287,0.27591133,-0.24289475,0.9429351,-0.19328904,0.9139432,-0.43437436,3.3604944,-1.720462,-0.387872,-2.6711252,-1.6859027,500.0,-500.0,481.185141824594,-500.0,500.0,500.0,-500.0,500.0,498.2341690341384,-488.6307241769847,-500.0,-500.0
431,0.0,0.0,0.0,0.0,0.0,-1.0,1.0,0.0,0.0,0.46179593,-0.06921159,-0.07768321,-0.18760872,-0.5326403,0.19074512,0.2453767,0.5853923,-0.09108287,-0.23257732,0.03503102,0.07641347,-0.1476612,0.076403536,-0.0411156,0.1463784,-0.3250084,-0.25736806,0.18714194,-0.0314062,-0.116587475,0.08508128,0.18595646,0.21834543,0.96985894,-0.74430037,-0.20897745,-1.0570081,0.27324212,-1.4738637,1.5841545,2.7661405,-1.7520393,-0.45748362,-1.723793,-0.8572173,-500.0,500.0,-187.39014263840926,330.68071240767256,-500.0,-500.0,500.0,-439.1156818337777,-500.0,500.0,500.0,500.0
432,0.0,0.0,0.0,0.0,0.0,-1.0,1.0,0.0,0.0,0.47679555,-0.07243982,-0.070871174,-0.1895256,-0.5071911,0.20132859,0.23401512,0.59359574,-0.07676107,-0.23378396,0.014358044,0.059568677,0.21373251,-0.07024958,0.06866637,-0.07870268,0.360897,0.25747097,-0.21847442,0.08772587,0.19689648,-0.066303216,-0.2962637,-0.28594226,2.29684,0.1439059,-0.15176319,1.6618944,0.824702,1.0790818,-0.15654106,3.1734653,-1.8102394,-0.8263382,-2.6273935,-1.2631263,500.0,-500.0,449.11414979136225,-500.0,500.0,500.0,-500.0,500.0,465.5605905530326,-500.0,-500.0,-500.0
433,0.0,0.0,0.0,0.0,0.0,-1.0,1.0,0.0,0.0,0.4771131,-0.069037594,-0.07324755,-0.16889143,-0.49219936,0.190708,0.24114959,0.5959685,-0.07576716,-0.23028398,0.013343811,0.062926516,-0.12446071,0.067823075,0.009714483,0.08713986,-0.12332821,-0.2562952,0.20254493,-0.036299683,-0.12179428,0.07293571,0.18907489,0.21834841,0.62243736,-1.0161062,0.0033765882,-1.4121555,0.27863204,-1.7753531,1.6757294,2.510491,-1.5960985,-0.5605757,-1.1179098,-0.5295616,-500.0,500.0,87.1861803721734,-115.01189277329127,-500.0,-500.0,500.0,-458.48941824166855,-500.0,500.0,500.0,500.0
434,0.0,0.0,0.0,0.0,0.0,-1.0,1.0,0.0,0.0,0.4816918,-0.07285381,-0.065065205,-0.17484844,-0.4579112,0.20212716,0.23252149,0.6016944,-0.06148219,-0.23415267,-0.006848812,0.046337184,0.13002127,-0.07793558,0.07392475,-0.09965615,0.36410722,0.2654936,-0.21307603,0.07475413,0.20073059,-0.0734518,-0.29456812,-0.28489387,1.8562841,-0.025307879,-0.28847015,1.589938,0.57230663,1.4779074,0.087440565,2.979949,-1.2981255,-1.548006,-1.8263144,-1.094715,500.0,-500.0,500.0,-500.0,500.0,500.0,-500.0,500.0,500.0,-456.08119811692086,-500.0,-500.0
435,0.0,0.0,0.0,0.0,0.0,-1.0,1.0,0.0,0.0,0.46448714,-0.070976935,-0.067317426,-0.15880263,-0.44223517,0.19289204,0.2393859,0.6025314,-0.057215452,-0.23616731,-0.0074517727,0.049872432,-0.2108569,0.059007663,0.040100228,0.0025600402,-0.12200236,-0.24839762,0.19831394,-0.041720085,-0.10342649,0.044117134,0.1910901,0.21937184,0.40832633,-1.0583663,-0.22740941,-0.993682,0.42038977,-1.7573174,1.7160709,2.3420167,-1.821866,-0.7128956,-0.939714,-0.09543264,-500.0,500.0,384.15714610845583,-500.0,-500.0,-500.0,500.0,-466.1347131595535,-500.0,500.0,500.0,500.0
436,0.0,0.0,0.0,0.0,0.0,-1.0,1.0,0.0,0.0,0.46326023,-0.07726603,-0.06286746,-0.16335094,-0.40642363,0.20535,0.24316448,0.6035933,-0.05442953,-0.23297715,-0.026945949,0.033847515,0.13308583,-0.085043654,0.06580301,-0.10888582,0.37166178,0.2684776,-0.1502297,0.050214835,0.14710788,-0.047094684,-0.29091823,-0.28206113,1.7643783,-0.20030306,-0.26909262,1.6612474,0.52371955,1.8180101,0.2717046,2.8543344,-1.1905057,-1.9811473,-1.522785,-0.62788814,500.0,-500.0,330.23899044310554,-500.0,500.0,500.0,-500.0,500.0,500.0,-500.0,-500.0,-500.0
437,0.0,0.0,0.0,0.0,0.0,-1.0,1.0,0.0,0.0,0.44784638,-0.07709015,-0.06623566,-0.14671385,-0.38993078,0.19642286,0.259922,0.6027531,-0.055053234,-0.23996985,-0.026488781,0.037165493,-0.19641174,0.049532846,0.03884785,0.0114960605,-0.11960874,-0.24748121,0.24351552,-0.047382277,-0.13226525,0.034145333,0.19615775,0.21757932,0.44311917,-1.0743252,-0.30506223,-0.8291284,0.16428256,-1.828242,2.0535526,2.3438742,-1.682369,-1.217962,-0.8125533,0.24070403,-500.0,500.0,368.74631524055656,-500.0,-500.0,-500.0,500.0,-455.08018845224615,-500.0,500.0,500.0,500.0
438,0.0,0.0,0.0,0.0,0.0,-1.0,1.0,0.0,0.0,0.44698152,-0.083808206,-0.062823415,-0.14882112,-0.3534034,0.20885262,0.25871527,0.6058863,-0.04286021,-0.25019562,-0.04538119,0.020328425,0.13444726,-0.08517996,0.06295231,-0.09024261,0.37463775,0.26803452,-0.17675008,0.060309894,0.19192657,-0.10718459,-0.28826484,-0.2861432,1.9331095,-0.19288407,-0.10877876,1.7649969,0.35118604,2.1464896,0.5877604,2.695675,-1.0223703,-2.3946416,-1.0149188,-0.22565383,500.0,-500.0,495.15062364511135,-500.0,500.0,500.0,-500.0,500.0,500.0,-464.5365412372478,-500.0,-500.0
439,0.0,0.0,0.0,0.0,0.0,-1.0,1.0,0.0,0.0,0.4321039,-0.08348853,-0.06528807,-0.13087392,-0.33682746,0.1996189,0.2736038,0.6041816,-0.039871514,-0.26138902,-0.044590175,0.023645816,-0.1917469,0.050201397,0.044382297,0.018053856,-0.11939403,-0.24948655,0.23978114,-0.053627312,-0.11146896,-0.0002693467,0.19836478,0.21828897,0.5823466,-1.318384,-0.36429578,-1.0449167,0.30465007,-1.8312484,1.8003983,2.15833,-1.8082113,-0.49553528,-0.21690744,0.62371373,-500.0,500.0,344.26953328047614,-500.0,-500.0,-500.0,500.0,-468.57363435607556,-500.0,500.0,500.0,500.0
440,0.0,0.0,0.0,0.0,0.0,-1.0,1.0,0.0,0.0,0.43254155,-0.09149573,-0.060762703,-0.13530147,-0.2996952,0.21233375,0.28063765,0.60381985,-0.040393114,-0.25581884,-0.06310552,0.007152397,0.14245068,-0.09402024,0.061082404,-0.09108189,0.37928042,0.270606,-0.14185698,0.0438609,0.111064486,0.018369885,-0.28770134,-0.28483677,1.8653709,-0.5795784,-0.23805134,1.1819148,0.024191141,2.5249171,0.11137889,2.6054778,-0.92007273,-2.0418406,-0.33695644,0.31321418,500.0,-500.0,454.1276289126048,-500.0,500.0,500.0,-500.0,500.0,500.0,122.49421060977642,-500.0,-500.0
441,0.0,0.0,0.0,0.0,0.0,-1.0,1.0,0.0,0.0,0.41942793,-0.09397077,-0.06493759,-0.12036836,-0.28187662,0.20381884,0.30285376,0.60035574,-0.043116868,-0.26574016,-0.061699867,0.010168746,-0.19839352,0.036744665,-0.05842575,0.14467509,-0.10464998,-0.2491873,0.27767083,-0.06207314,-0.12844394,-0.020206299,0.20192428,0.21617933,0.73265743,-1.3966165,-0.67608047,-1.1523684,-0.25581598,-1.663181,1.7066954,2.2209697,-1.6804612,-0.8028214,-0.055271506,1.041317,-500.0,500.0,-500.0,500.0,-500.0,-500.0,500.0,-455.2278157680263,-500.0,39.90926344840375,500.0,500.0
442,0.0,0.0,0.0,0.0,0.0,-1.0,1.0,0.0,0.0,0.41959828,-0.10309134,-0.062317908,-0.12608826,-0.24356431,0.21680866,0.3041762,0.60198206,-0.037670612,-0.26485133,-0.08001214,-0.007311344,0.12193536,-0.09350437,0.026654262,-0.08283379,0.39112046,0.2714064,-0.1631127,0.05283732,0.16275196,-0.064269915,-0.28548166,-0.28943273,2.1873868,-0.5868397,-0.036697134,1.0060619,0.01731658,2.2417326,0.7112183,2.622104,-0.8797907,-2.4345734,0.039854825,0.6788552,500.0,-500.0,112.23251295792201,-275.521250093294,500.0,500.0,-500.0,500.0,500.0,-320.13546275710604,-500.0,-500.0
443,0.0,0.0,0.0,0.0,0.0,-1.0,1.0,0.0,0.0,0.40638676,-0.105689615,-0.066413105,-0.11308515,-0.22525829,0.20824108,0.3217916,0.59932643,-0.037179887,-0.27455986,-0.0784744,-0.0048948242,-0.18547633,0.03539246,-0.026657958,0.104236536,-0.107865684,-0.24938217,0.25065333,-0.057826508,-0.12994729,0.02585399,0.20205282,0.213563,0.915483,-1.6026723,-0.8440609,-1.5445585,-0.31855488,-1.684145,1.7066878,2.2573647,-1.5049374,-0.4333808,0.28800827,1.3516706,-500.0,500.0,-86.39776470634808,191.11485408811734,-500.0,-500.0,500.0,-464.93856449465,-500.0,500.0,500.0,500.0
444,0.0,0.0,0.0,0.0,0.0,-1.0,1.0,0.0,0.0,0.40562356,-0.115577474,-0.066424906,-0.1187675,-0.18572128,0.2214648,0.31868866,0.60157627,-0.02881527,-0.27308035,-0.096557856,-0.022803087,0.10772244,-0.098334454,-0.050006814,0.029208515,0.4011149,0.27069166,-0.18489783,0.055304743,0.17930295,-0.06653285,-0.2842832,-0.29147682,2.0738244,-0.82621527,-0.33678663,0.45967504,-0.59209156,2.6526508,0.19857939,2.5650582,-0.8266851,-2.2206817,0.47614056,1.451926,500.0,-500.0,-301.9857107175692,458.49702412209535,500.0,500.0,-500.0,500.0,500.0,-455.01360303903084,-500.0,-500.0
445,0.0,0.0,0.0,0.0,0.0,-1.0,1.0,0.0,0.0,0.39304844,-0.119821414,-0.07147658,-0.10875976,-0.16640228,0.21343984,0.33340365,0.5987219,-0.024833858,-0.28530633,-0.09473491,-0.020580366,-0.19608225,0.029282806,-0.075542994,0.14143209,-0.09869435,-0.2482347,0.23816262,-0.05836953,-0.10850612,0.0020853165,0.20386623,0.21272469,1.0126435,-1.7962977,-0.9911743,-1.7092851,-0.46956432,-1.7762685,1.6878537,2.2847908,-1.662386,-0.40164903,0.27754712,1.6841519,-500.0,500.0,-358.26798344708965,500.0,-500.0,-500.0,500.0,-464.6246530997729,-500.0,500.0,500.0,500.0
446,0.0,0.0,0.0,0.0,0.0,-1.0,1.0,0.0,0.0,0.39284497,-0.13110757,-0.071931124,-0.1163286,-0.12600213,0.22710532,0.33696818,0.5988789,-0.024464726,-0.2763307,-0.112179875,-0.038469125,0.10677399,-0.104510404,-0.042585243,0.0027495099,0.4051214,0.27316248,-0.16624597,0.047106035,0.09630352,0.08500588,-0.28319657,-0.2915754,2.1170008,-0.9703264,-0.42562997,-0.08266308,-0.78529763,2.7729785,0.33322248,2.557066,-0.708435,-2.1077528,0.927146,2.093083,500.0,-500.0,-256.1815473018088,363.29272148171265,500.0,500.0,-500.0,500.0,500.0,498.80304629525665,-500.0,-500.0
447,0.0,0.0,0.0,0.0,0.0,-1.0,1.0,0.0,0.0,0.3795283,-0.13628267,-0.076070905,-0.1147238,-0.105498075,0.21962735,0.3567195,0.59552085,-0.025457501,-0.28572583,-0.10972208,-0.036811627,-0.20437768,0.02619271,-0.064556174,0.070779964,-0.09192694,-0.2449522,0.25961152,-0.058572035,-0.13286738,0.020774713,0.20714353,0.20931633,1.1530467,-1.7885334,-1.464064,-1.5442054,-1.0681995,-1.4325923,1.4269503,2.3936648,-1.3033253,-0.86798644,0.37297994,2.2244473,-500.0,500.0,-500.0,500.0,-500.0,-500.0,500.0,-450.70150302110966,-500.0,500.0,500.0,500.0
448,0.0,0.0,0.0,0.0,0.0,-1.0,1.0,0.0,0.0,0.37590957,-0.1472737,-0.07968092,-0.124397755,-0.06564087,0.23335549,0.35507098,0.5974243,-0.018615603,-0.28322446,-0.1268158,-0.05550894,0.117306195,-0.10703563,0.026492983,-0.11840339,0.38864836,0.276136,-0.17817937,0.05300769,0.17032732,-0.059266336,-0.2796468,-0.29550815,2.1742558,-0.87693906,-0.47671682,0.08339999,-0.978384,2.7355988,0.8177608,2.579619,-0.60147524,-2.7965975,0.9151996,2.844747,500.0,-500.0,500.0,-500.0,500.0,500.0,-500.0,500.0,500.0,-500.0,-500.0,-500.0
449,0.0,0.0,0.0,0.0,0.0,-1.0,1.0,0.0,0.0,0.35865533,-0.15126924,-0.08869779,-0.12074196,-0.047424078,0.22553486,0.37123638,0.59473985,-0.013472915,-0.30033314,-0.12398982,-0.054348316,-0.22210827,0.034162205,-0.08706625,0.08107983,-0.10505511,-0.24703693,0.24453509,-0.05603535,-0.10162892,-0.02215567,0.20914388,0.20716026,1.1632627,-1.8293512,-1.5666909,-1.4809872,-1.1841286,-1.3319896,1.3610703,2.325293,-1.0347294,-0.65752393,0.7938525,2.583005,-500.0,500.0,-500.0,500.0,-500.0,-500.0,500.0,-445.26152551617645,-500.0,500.0,500.0,500.0
450,0.0,0.0,0.0,0.0,0.0,-1.0,1.0,0.0,0.0,0.3550562,-0.16179524,-0.092413485,-0.12933946,-0.011880219,0.23895888,0.36514917,0.59718746,-0.0055623055,-0.2933699,-0.14088327,-0.073454075,0.119921245,-0.106474996,0.029790888,-0.112448476,0.36366397,0.2746129,-0.21379383,0.056987185,0.13242683,0.075761355,-0.2802287,-0.29725692,2.186441,-0.9774413,-0.6324181,0.055013157,-1.0842304,2.8585863,0.8819214,2.5284173,-0.5397868,-3.0025444,1.0384986,3.5592318,500.0,-500.0,476.8807007445239,-500.0,500.0,500.0,-500.0,500.0,500.0,500.0,-500.0,-500.0
451,0.0,0.0,0.0,0.0,0.0,-1.0,1.0,0.0,0.0,0.33724234,-0.16590168,-0.10249871,-0.12650692,0.0017821193,0.23114468,0.37866646,0.593867,0.0025950074,-0.3125397,-0.13785803,-0.020010784,-0.2262192,0.03341772,-0.09738778,0.07626391,-0.12726025,-0.24634886,0.22784798,-0.05566734,-0.083090864,-0.036076497,0.21038194,0.5333805,1.0646987,-1.8323629,-1.8058617,-1.42904,-1.491289,-1.196876,1.2376859,2.2474241,-0.9910192,-0.7919974,0.9695315,3.0421648,-500.0,500.0,-500.0,500.0,-500.0,-500.0,500.0,-430.3467571308404,-500.0,500.0,500.0,500.0
452,0.0,0.0,0.0,0.0,0.0,-1.0,1.0,0.0,0.0,0.33258733,-0.17607988,-0.10780674,-0.13392651,0.0303967,0.24435598,0.3779863,0.5943532,0.0068122745,-0.30577922,-0.1540659,0.026284667,0.115326345,-0.10465349,0.026319195,-0.10639483,0.32097507,0.2729389,-0.18797109,0.046338964,0.11576178,0.07222935,-0.27659556,0.02918988,2.4683468,-0.81454563,-0.37206662,0.20946321,-1.530026,2.2362452,1.057423,2.4226754,-0.6073933,-2.7979908,0.9008097,0.9219538,500.0,-500.0,477.7876279677747,-500.0,500.0,500.0,-500.0,500.0,500.0,500.0,-500.0,-500.0
453,0.0,0.0,0.0,0.0,0.0,-1.0,1.0,0.0,0.0,0.3212048,-0.17956348,-0.11474961,-0.12939715,0.034302354,0.23595352,0.3956937,0.59141564,0.011464179,-0.32401216,-0.15042698,0.017836537,-0.1830285,0.0419334,-0.0762952,0.08294863,-0.17765068,-0.25092372,0.25567845,-0.057486564,-0.10527649,-0.028740996,0.21339376,0.15907381,1.8156517,-1.3826458,-1.343952,-1.1317123,-2.1395783,-1.4357146,1.046191,2.233827,-1.1674521,-0.26530674,1.1479385,-0.35122508,-500.0,500.0,-500.0,500.0,-500.0,-500.0,500.0,-471.81547002326084,-500.0,500.0,500.0,500.0
454,0.0,0.0,0.0,0.0,0.0,-1.0,1.0,0.0,0.0,0.32311615,-0.18577583,-0.11508924,-0.13344872,0.057676136,0.24741323,0.39384544,0.59260064,0.015579879,-0.31509268,-0.16624933,-0.010917081,0.14471091,-0.080616735,0.05519691,-0.089355305,0.31161538,0.26270214,-0.1822803,0.047224578,0.14901881,-0.0074636354,-0.27381697,-0.34544215,2.421589,-0.7913778,-0.5603357,-1.0944043,-2.533616,1.2542232,0.8161174,2.701674,-1.2149425,-1.8276975,1.0582707,1.1345042,500.0,-500.0,476.36920550833435,-500.0,500.0,500.0,-500.0,500.0,500.0,-159.32509751988005,-500.0,-500.0
455,0.0,0.0,0.0,0.0,0.0,-1.0,1.0,0.0,0.0,0.30966386,-0.18617985,-0.120707214,-0.13298094,0.039227188,0.23814566,0.41196555,0.591131,0.013542712,-0.3204795,-0.16201526,-0.020409636,-0.20596163,0.048713423,-0.08425377,0.06314524,-0.31414047,-0.25176054,0.25541097,-0.044145476,-0.14201249,0.04341001,0.21678923,0.15227982,1.8166759,-1.6586437,-1.9928323,-1.4069468,-2.9764845,-1.2084217,0.37107944,2.5807834,-0.8805231,0.21658228,1.688968,1.489873,-500.0,500.0,-500.0,500.0,-500.0,-500.0,500.0,-411.04583545850153,-500.0,500.0,500.0,500.0
456,0.0,0.0,0.0,0.0,0.0,-1.0,1.0,0.0,0.0,0.30627477,-0.19335507,-0.1263951,-0.14017737,0.036385298,0.25012946,0.40853575,0.595099,0.016489208,-0.3082366,-0.17721057,-0.05048011,0.123684265,-0.09281725,0.027588928,-0.106573835,0.18144393,0.2668799,-0.18397133,0.059566718,0.1606978,-0.037488412,-0.27042633,-0.35224658,2.529559,-0.8884431,-0.6111242,-1.0113269,-2.7429473,1.2693657,0.4386264,2.845835,-1.5123558,-1.9655759,0.61524993,2.566709,500.0,-500.0,486.07942957261696,-500.0,500.0,500.0,-500.0,500.0,500.0,-500.0,-500.0,-500.0
457,0.0,0.0,0.0,0.0,0.0,-1.0,1.0,0.0,0.0,0.28949222,-0.19512078,-0.1346187,-0.14682686,0.01423651,0.2416588,0.42710668,0.59496224,0.0127303,-0.31191397,-0.1722756,-0.0031956094,-0.22631954,0.04648539,-0.09934919,0.027358655,-0.30401108,-0.24792385,0.25626457,-0.036566954,-0.15269053,0.056667447,0.220439,0.50821435,1.5573941,-1.5710468,-1.7847903,-1.8616031,-3.1364102,-1.9103292,1.5716356,2.5860581,-1.042661,-0.94676304,1.5311294,2.318286,-500.0,500.0,-500.0,500.0,-500.0,-500.0,500.0,-407.46128995680226,-500.0,500.0,500.0,500.0
458,0.0,0.0,0.0,0.0,0.0,-1.0,1.0,0.0,0.0,0.3114416,-0.21260849,-0.13720614,-0.1554426,0.012283325,0.2554162,0.42703328,0.5994357,0.020798564,-0.31698394,-0.18658876,0.03811542,0.3235608,-0.18668154,-0.0106913615,-0.03201099,0.19380254,0.28118306,-0.1715253,0.062615715,0.17599225,-0.09440877,-0.26608476,0.0054684305,2.7882984,-0.4229623,-0.47407508,-0.3603336,-2.413446,1.4576496,0.7594292,2.72778,-0.8586474,-2.3666897,0.8057092,0.16678953,199.3296081743483,-385.41183285961455,-500.0,-500.0,500.0,500.0,-500.0,500.0,500.0,-500.0,-500.0,-500.0
459,0.0,0.0,0.0,0.0,0.0,-1.0,1.0,0.0,0.0,0.31274173,-0.2173497,-0.14143324,-0.15794861,-0.010410607,0.2466138,0.4427338,0.60070413,0.020087123,-0.32341194,-0.18115711,0.034041326,-0.15751861,0.061225127,-0.029439954,-0.010431185,-0.31419387,-0.25508556,0.2391202,-0.02504882,-0.12905164,0.028988022,0.22266543,-0.25626013,2.2561107,-1.0818691,-1.0075253,-1.5636514,-2.3936033,-2.2655735,2.5068498,2.3700275,-1.5156412,-0.81399274,1.1134202,-0.87632954,-500.0,500.0,-34.46495912597625,-197.96096087447168,-500.0,-500.0,500.0,-391.13219327233725,-500.0,500.0,500.0,-500.0
460,0.0,0.0,0.0,0.0,0.0,-1.0,1.0,0.0,0.0,0.31587037,-0.2188768,-0.1393593,-0.16674328,-0.014454305,0.2562609,0.44307524,0.6021427,0.024069488,-0.3183992,-0.19504994,0.040384926,0.15671527,-0.06068116,0.07852974,-0.11610269,0.17269756,0.25246626,-0.1607438,0.036406685,0.15381324,-0.04942406,-0.26386055,0.22146487,2.3571208,-0.52391875,-0.8217549,-1.9326965,-2.9784698,0.15174434,0.98188245,3.0845754,-1.5830534,-1.0078859,1.0748327,0.8567827,500.0,-500.0,500.0,-500.0,500.0,500.0,-500.0,408.6271442162273,500.0,-500.0,-500.0,500.0
461,0.0,0.0,0.0,0.0,0.0,-1.0,1.0,0.0,0.0,0.30485606,-0.21450274,-0.14197022,-0.17150939,-0.037808776,0.24533658,0.45083025,0.6061035,0.021467745,-0.30951238,-0.18909019,0.025860308,-0.19657344,0.07743236,-0.074091084,0.038017508,-0.30962524,-0.25925717,0.1935187,-0.0070503056,-0.13554491,0.10515811,0.22542536,-0.263927,2.176311,-0.77035236,-1.6632031,-0.292465,-3.437471,-1.4018596,0.95203984,2.4983523,-0.79540974,-0.65488005,2.4957514,-1.1712108,-500.0,500.0,-500.0,500.0,-500.0,-500.0,500.0,-369.74126167908645,-500.0,500.0,500.0,-500.0
462,0.0,0.0,0.0,0.0,0.0,-1.0,1.0,0.0,0.0,0.3029604,-0.21370827,-0.14930785,-0.16555476,-0.0414927,0.25401214,0.4467269,0.6086519,0.030955851,-0.30976462,-0.2023961,0.03130221,0.13150276,-0.050230183,0.03130498,-0.043440748,0.17431884,0.24749811,-0.1814114,0.03907595,0.17900655,-0.07071987,-0.2610167,0.21726099,2.5316925,-0.5717154,-0.69963706,-0.9837706,-1.7527814,-0.22972521,1.4382085,3.0799365,-2.1639338,-1.3520361,0.32500315,1.43506,500.0,-500.0,500.0,-500.0,500.0,500.0,-500.0,383.16233066975093,500.0,-500.0,-500.0,500.0
463,0.0,0.0,0.0,0.0,0.0,-1.0,1.0,0.0,0.0,0.2889582,-0.20739844,-0.15354687,-0.16903245,-0.064507484,0.24260342,0.4648892,0.6117305,0.022678077,-0.3049606,-0.19520164,0.016070446,-0.21108083,0.08860933,-0.08113964,0.04435168,-0.3076925,-0.26152942,0.25790444,-0.007424815,-0.17048688,0.07521785,0.23251231,-0.26883635,2.0696855,-0.92930305,-1.3359373,-0.44413188,-2.5096228,-1.5428782,1.4086665,2.4525216,-0.7888458,-0.7005701,2.541418,-1.1095623,-500.0,500.0,-500.0,500.0,-500.0,-500.0,500.0,-329.13950518643094,-500.0,500.0,500.0,-500.0
464,0.0,0.0,0.0,0.0,0.0,-1.0,1.0,0.0,0.0,0.28955394,-0.20680591,-0.15400565,-0.17278647,-0.0683493,0.2513801,0.47372994,0.613645,0.024239361,-0.3088733,-0.2071088,0.02061523,0.1458375,-0.054112423,0.06476458,-0.09107127,0.17325142,0.24812381,-0.11795729,0.036398318,0.13777034,-0.0826516,-0.2540594,0.21273981,2.6011467,-0.3346796,-0.75038743,-0.50404894,-1.3737032,0.14668086,1.4322621,3.209998,-1.6865,-2.0241885,0.44585484,1.8729398,500.0,-500.0,500.0,-500.0,500.0,500.0,-500.0,385.0524799998356,500.0,-500.0,-500.0,500.0
465,0.0,0.0,0.0,0.0,0.0,-1.0,1.0,0.0,0.0,0.27644205,-0.20035444,-0.15890342,-0.17244732,-0.0914495,0.23968303,0.4900455,0.61832696,0.019678056,-0.31039846,-0.19915915,0.00422675,-0.20640758,0.09031875,-0.083555125,0.06365624,-0.30788076,-0.2628094,0.23670387,-0.0030605635,-0.14710698,0.052821178,0.23544204,-0.2732817,2.064193,-0.78634953,-1.208573,-0.17837468,-2.1268878,-1.5663513,1.3783002,2.4924436,-0.68005824,-1.2023015,2.4521246,-1.0561508,-500.0,500.0,-500.0,500.0,-500.0,-500.0,500.0,-364.1897568438639,-500.0,500.0,500.0,-500.0
466,0.0,0.0,0.0,0.0,0.0,-1.0,1.0,0.0,0.0,0.27757537,-0.19919148,-0.1581378,-0.17587614,-0.09544653,0.24810879,0.4956168,0.6205242,0.025650918,-0.31893635,-0.21050113,0.008102698,0.14612369,-0.050670113,0.06956748,-0.08961896,0.17224656,0.24589406,-0.1348671,0.03801175,0.16058992,-0.1049204,-0.25127718,0.20946935,2.8375998,-0.41304898,-0.607549,-0.14206305,-0.66149926,0.5471879,1.5369123,3.0498085,-1.5439117,-2.2076735,0.56836206,2.1613889,500.0,-500.0,500.0,-500.0,500.0,500.0,-500.0,394.02118216270156,500.0,-500.0,-500.0,500.0
467,0.0,0.0,0.0,0.0,0.0,-1.0,1.0,0.0,0.0,0.26465362,-0.1918299,-0.16229105,-0.17400229,-0.11869848,0.23597896,0.51055264,0.62369543,0.022779644,-0.3213526,-0.20200759,-0.00842899,-0.2048424,0.0953769,-0.08093895,0.07666831,-0.30849943,-0.2649667,0.2327853,-0.012604246,-0.14108746,0.048747685,0.23817897,-0.2734622,2.099045,-0.87837136,-1.0322876,-0.08435204,-1.5720385,-1.501943,1.408448,2.3741984,-0.6522014,-1.0650849,2.655919,-0.8106038,-500.0,500.0,-500.0,500.0,-500.0,-500.0,500.0,-373.29012750714736,-500.0,500.0,500.0,-500.0
468,0.0,0.0,0.0,0.0,0.0,-1.0,1.0,0.0,0.0,0.26746407,-0.19098403,-0.15965593,-0.17808819,-0.122808695,0.24426644,0.5141157,0.6245164,0.028939724,-0.32642758,-0.21281523,-0.004701769,0.15708973,-0.054781716,0.0740572,-0.08336361,0.17127208,0.2451675,-0.14482276,0.03135065,0.16540544,-0.09514338,-0.24861598,0.20862995,3.0034344,-0.50951886,-0.5619596,0.13286647,-0.12359595,1.0469229,1.3659931,2.891924,-1.3565757,-2.3589673,0.7354285,2.5400524,500.0,-500.0,500.0,-448.74364593031805,500.0,500.0,-500.0,397.94079374827976,500.0,-500.0,-500.0,500.0
469,0.0,0.0,0.0,0.0,0.0,-1.0,1.0,0.0,0.0,0.25693724,-0.18436496,-0.1635561,-0.17267668,-0.14621675,0.2319735,0.52810407,0.6259825,0.028086305,-0.33084023,-0.20378047,-0.021301392,-0.1923886,0.09176308,-0.07819091,0.09336992,-0.30901033,-0.26561037,0.22836106,-0.02092534,-0.13164262,0.03922918,0.24092613,-0.27378473,2.1584423,-0.9194784,-0.8671628,0.035886742,-1.0832975,-1.4134697,1.4481313,2.2174861,-0.70686376,-1.0602204,2.7174318,-0.554066,-500.0,500.0,-500.0,500.0,-500.0,-500.0,500.0,-371.21744765886126,-500.0,500.0,500.0,-500.0
470,0.0,0.0,0.0,0.0,0.0,-1.0,1.0,0.0,0.0,0.26192698,-0.1842201,-0.15986335,-0.17542267,-0.15045875,0.2401357,0.52983767,0.6252264,0.03399986,-0.33160877,-0.21405321,-0.017629102,0.1671845,-0.05810317,0.079748295,-0.0800124,0.17046854,0.24449782,-0.15367128,0.022819381,0.16432223,-0.07391509,-0.24597256,0.20840788,3.1901057,-0.61825013,-0.48117465,0.3567308,0.408211,1.5000904,1.2584809,2.7153163,-1.2064153,-2.4174035,0.90128213,2.8962164,500.0,-500.0,500.0,-467.3010607936287,500.0,500.0,-500.0,393.55516166715825,500.0,-500.0,-500.0,500.0
471,0.0,0.0,0.0,0.0,0.0,-1.0,1.0,0.0,0.0,0.25367942,-0.17833899,-0.16355413,-0.1665206,-0.17398411,0.22766893,0.54424924,0.6247906,0.037043095,-0.3440261,-0.20445663,-0.03427108,-0.18023486,0.08764541,-0.07765406,0.11405337,-0.30939856,-0.26645687,0.23282067,-0.029391794,-0.11479876,0.0011096274,0.24395953,-0.2742537,2.2146156,-0.9732013,-0.74625,0.13120958,-0.65359116,-1.2855638,1.4243985,2.0654569,-0.7484256,-0.98408115,2.8046944,-0.26946402,-500.0,500.0,-500.0,500.0,-500.0,-500.0,500.0,-352.3749450840845,-500.0,500.0,500.0,-500.0
472,0.0,0.0,0.0,0.0,0.0,-1.0,1.0,0.0,0.0,0.26103997,-0.17901564,-0.15991563,-0.16534936,-0.17836457,0.23565899,0.5451358,0.62265754,0.04282701,-0.34244335,-0.21415728,-0.030699844,0.17825207,-0.061666142,0.08111661,-0.06604482,0.1696549,0.24374942,-0.15705398,0.015002811,0.16464029,-0.066016234,-0.24317952,0.20799926,3.3831668,-0.7691004,-0.3620866,0.5626973,0.97002697,1.8742683,1.1532993,2.56359,-1.1001071,-2.4037423,1.0629673,3.2595105,500.0,-500.0,500.0,-500.0,500.0,500.0,-500.0,383.79618942638456,500.0,-500.0,-500.0,500.0
473,0.0,0.0,0.0,0.0,0.0,-1.0,1.0,0.0,0.0,0.3208639,-0.19673677,-0.15264106,-0.15120411,-0.08635646,0.33571637,0.5214094,0.62587076,0.073055506,-0.37646842,-0.16380173,0.010265623,0.34456462,-0.08420317,0.029299969,0.08596461,0.65690947,0.6605214,0.032102536,-0.03040882,0.019223941,-0.1423831,0.2624155,0.7544169,2.316897,-1.1040038,-0.59360814,0.13385734,-0.18507862,-1.180803,1.2740182,1.963204,-0.8147218,-0.60313314,2.980322,0.0821538,-500.0,500.0,-500.0,-500.0,-500.0,-500.0,500.0,-500.0,-500.0,500.0,-500.0,445.4219189697326
474,0.0,0.0,0.0,0.0,0.0,-1.0,1.0,0.0,0.0,0.34399566,-0.1954354,-0.15176427,-0.14464474,-0.08931428,0.32994756,0.5312737,0.62107706,0.05435449,-0.37051237,-0.16749716,0.024625652,-0.005085944,0.04308859,-0.004195837,-0.017146366,0.1826697,0.16332458,-0.1181103,0.006595321,0.059851475,-0.07671882,-0.21260105,0.2603905,2.1507146,-1.074917,-1.0243707,1.3862737,-0.34290636,-1.994876,1.0941974,2.2011523,-0.7746979,-0.6747514,0.21923703,-0.003944397,-500.0,449.31362926785664,-86.57127034903733,-500.0,500.0,500.0,-500.0,395.45635122334755,500.0,-500.0,-500.0,500.0
475,0.0,0.0,0.0,0.0,0.0,-1.0,1.0,0.0,0.0,0.3757585,-0.19961008,-0.15629357,-0.124559045,-0.11139703,0.3052433,0.55253017,0.61604196,0.029172719,-0.36605144,-0.15136701,0.018798945,0.29294834,-0.067228466,-0.009053955,0.14924906,-0.30748543,-0.31374314,0.2657435,-0.05620156,-0.25558808,0.090251386,0.27601513,-0.22000909,1.6594006,-1.4396391,-0.924436,0.0013247505,-1.5424131,-2.1802483,1.0821557,3.1487784,-1.4370434,-1.1022074,0.8491203,-0.52595204,500.0,-500.0,133.80640454871104,500.0,-500.0,-500.0,500.0,-376.7160947156865,-500.0,500.0,500.0,-500.0
476,0.0,0.0,0.0,0.0,0.0,-1.0,1.0,0.0,0.0,0.374027,-0.20023674,-0.16064984,-0.11746371,-0.11379647,0.30122802,0.54526514,0.6212434,0.024618924,-0.36892557,-0.15433729,0.029624747,-0.1537963,0.029604763,-0.09588126,0.11298298,0.18413386,0.16950624,-0.22708896,0.075288415,0.1270054,-0.084835894,-0.20882769,0.23907717,3.2116265,-0.5698564,0.1392674,-1.8854623,-1.7207193,-0.9496504,1.6217958,3.2703238,-2.1610897,-0.49292699,0.3257162,1.0068185,-500.0,500.0,-500.0,438.749513245182,500.0,500.0,-500.0,490.24240670588017,500.0,-500.0,-500.0,500.0
477,0.0,0.0,0.0,0.0,0.0,-1.0,1.0,0.0,0.0,0.3763334,-0.20144531,-0.15171301,-0.13125992,-0.13580018,0.2784598,0.5469118,0.62688863,0.008798599,-0.35943377,-0.13754565,0.02015455,0.14339739,-0.048782866,0.08333051,-0.069928445,-0.30674607,-0.3029775,0.1739564,-0.008789264,-0.21489494,0.11891299,0.27914298,-0.23697816,1.8125834,-1.4588733,-1.323874,-1.0477372,-2.9641056,-2.2410464,-0.52350694,3.6436296,-0.75147426,0.72698784,2.2009916,-0.62924993,500.0,-500.0,351.3624075208972,187.29984517835214,-500.0,-500.0,500.0,-450.6404542713538,-500.0,500.0,500.0,-500.0
478,0.0,0.0,0.0,0.0,0.0,-1.0,1.0,0.0,0.0,0.37100065,-0.2037689,-0.15434277,-0.12956965,-0.13745832,0.27533117,0.5242431,0.63881564,0.0018389821,-0.3355701,-0.14007193,0.028682536,-0.16345103,0.031650644,-0.08263262,0.06624135,0.1901019,0.17157505,-0.28943467,0.10015007,0.10934543,0.049012847,-0.20653884,0.23023716,2.8952677,-0.66110396,-0.22976844,-2.1982398,-2.3971648,-0.32549402,0.30290705,3.4864745,-2.2923112,-0.01247074,0.20043385,1.8044254,-500.0,464.1331995474866,-500.0,500.0,500.0,500.0,-500.0,479.71771698158693,500.0,-500.0,-500.0,500.0
479,0.0,0.0,0.0,0.0,0.0,-1.0,1.0,0.0,0.0,0.37127852,-0.20556238,-0.1454882,-0.14995039,-0.15788543,0.25311217,0.52033865,0.64610326,-0.010420382,-0.32536018,-0.122695446,0.018292641,0.13607807,-0.05348764,0.118792675,-0.17991136,-0.29760015,-0.29717168,0.14891057,-0.00219019,-0.19565944,0.11057138,0.28195906,-0.24103145,1.3904035,-1.2651249,-1.5107943,-1.6865438,-3.48378,-1.9517189,-0.5078779,3.3697772,-0.9763528,0.17690335,1.7271802,-0.71585786,500.0,-500.0,500.0,-500.0,-500.0,-500.0,500.0,-458.2981936938988,-500.0,500.0,500.0,-500.0
480,0.0,0.0,0.0,0.0,0.0,-1.0,1.0,0.0,0.0,0.35709977,-0.20531826,-0.14992929,-0.15920997,-0.1570692,0.25033563,0.49951237,0.6555819,-0.010488927,-0.31687367,-0.12457663,0.026972113,-0.20994322,0.044835575,-0.09240331,0.0074933353,0.20321178,0.17431769,-0.27417132,0.08318685,0.14174737,-0.025648583,-0.20327976,0.23216486,2.6333027,-0.39528668,-0.5373869,-2.1416404,-2.5926695,0.22977242,0.12024386,3.4357908,-2.1775913,-0.09276737,0.14022541,2.2824855,-500.0,467.713732884003,-500.0,500.0,500.0,500.0,-500.0,474.30650030994826,500.0,-500.0,-500.0,500.0
481,0.0,0.0,0.0,0.0,0.0,-1.0,1.0,0.0,0.0,0.3569769,-0.20583068,-0.14710122,-0.17797065,-0.17512637,0.22788614,0.49397328,0.66147417,-0.022009075,-0.30426967,-0.106726706,0.01645556,0.14018081,-0.04602548,0.08571633,-0.16218978,-0.28599542,-0.30028415,0.1389262,-0.007966051,-0.19242756,0.12126368,0.28417823,-0.24189363,1.2401822,-1.0017269,-1.4959891,-1.3771714,-3.042396,-1.7673608,0.07350339,3.2506218,-0.70342463,-1.0854026,1.1446292,-0.9416553,500.0,-500.0,500.0,-500.0,-500.0,-500.0,500.0,-456.80658389918045,-500.0,500.0,500.0,-500.0
482,0.0,0.0,0.0,0.0,0.0,-1.0,1.0,0.0,0.0,0.34612134,-0.20286797,-0.1553095,-0.18109775,-0.17298388,0.22413816,0.47291416,0.66913295,-0.018006563,-0.30231476,-0.10803026,0.025080785,-0.19161858,0.063523114,-0.113088384,0.05752039,0.2079374,0.16814215,-0.27555475,0.0740079,0.1645122,-0.05933028,-0.20024002,0.23173164,2.733792,-0.09963928,-0.43988508,-1.3553935,-1.7054769,0.74282956,0.7630991,3.2767994,-1.8819491,-0.93322515,0.075665295,2.5148468,-500.0,495.5837823706966,-500.0,500.0,500.0,500.0,-500.0,473.8123803188346,500.0,-500.0,-500.0,500.0
483,0.0,0.0,0.0,0.0,0.0,-1.0,1.0,0.0,0.0,0.34373918,-0.20036258,-0.15645736,-0.1915735,-0.19028842,0.20080177,0.46745822,0.6729532,-0.025579512,-0.29676712,-0.089623034,0.01457956,0.127017,-0.036901753,0.06669635,-0.12318971,-0.28249195,-0.3037037,0.13917378,-0.017970216,-0.17388934,0.08542391,0.286815,-0.24179414,1.3152848,-0.8575783,-1.1594014,-0.7452245,-2.038079,-1.5748641,0.78274786,2.966597,-0.6573361,-1.8279614,0.7335034,-1.1565703,500.0,-500.0,500.0,-500.0,-500.0,-500.0,500.0,-450.7088776807866,-500.0,500.0,500.0,-500.0
484,0.0,0.0,0.0,0.0,0.0,-1.0,1.0,0.0,0.0,0.33272523,-0.19577448,-0.16397005,-0.19235897,-0.18778807,0.1967045,0.44802737,0.6774213,-0.01769042,-0.30353117,-0.09034687,0.02350507,-0.19237415,0.07472842,-0.10412073,0.06293305,0.20933579,0.1665785,-0.2672691,0.05753963,0.18576115,-0.104691245,-0.19719233,0.23325913,2.88378,0.07610442,-0.2813785,-0.6343764,-0.93512654,1.3840703,1.279708,3.015802,-1.4588244,-1.7206298,0.103269994,2.5967975,-500.0,497.38189943793185,-500.0,500.0,500.0,500.0,-500.0,471.71744609744087,500.0,-500.0,-500.0,500.0
485,0.0,0.0,0.0,0.0,0.0,-1.0,1.0,0.0,0.0,0.3324738,-0.19262941,-0.16368783,-0.20006335,-0.20490581,0.1730633,0.44386795,0.67831796,-0.021134853,-0.30708933,-0.07136649,0.013234697,0.1401577,-0.035957087,0.072242774,-0.10458342,-0.28198797,-0.30573687,0.14549924,-0.03208304,-0.15408023,0.040232997,0.28956416,-0.24073656,1.4468998,-0.8079683,-0.8843645,-0.09241106,-1.1505603,-1.2555906,1.1418664,2.7176552,-0.6270955,-2.2208786,0.48996562,-1.1939365,500.0,-500.0,500.0,-500.0,-500.0,-500.0,500.0,-446.1164844972458,-500.0,500.0,500.0,-500.0
486,0.0,0.0,0.0,0.0,0.0,-1.0,1.0,0.0,0.0,0.32440636,-0.18754207,-0.17217314,-0.19168806,-0.2023192,0.16855763,0.42486346,0.6801332,-0.010213792,-0.3192109,-0.071558535,0.022318985,-0.17728232,0.07843271,-0.1109814,0.11565211,0.20976888,0.16464297,-0.266314,0.04422329,0.20018767,-0.12742941,-0.19449097,0.23405173,3.093039,0.08161415,-0.09451209,-0.09053185,-0.22371554,2.0745776,1.5538154,2.7148364,-1.1404277,-2.1055255,0.22675532,2.6415572,-500.0,500.0,-500.0,500.0,500.0,500.0,-500.0,470.95047440147164,500.0,-500.0,-500.0,500.0
487,0.0,0.0,0.0,0.0,0.0,-1.0,1.0,0.0,0.0,0.3336526,-0.18132077,-0.17495674,-0.17838573,-0.14315844,0.25927302,0.4298938,0.6763912,-0.011829436,-0.34534144,-0.060538232,0.1289071,-0.00044793953,0.08281409,0.042046882,-0.0016476136,0.2860866,0.637381,0.3746714,-0.076246716,-0.26577786,-0.09508454,-0.18012035,0.7301308,1.6590096,-0.9529023,-0.59142655,0.26149794,-0.362746,-0.9467379,1.0815254,2.4784453,-0.7763628,-1.9472461,0.43872195,-1.0957078,-500.0,176.46216852922333,500.0,-500.0,-500.0,-500.0,500.0,141.08360799943577,-500.0,500.0,-500.0,-500.0
488,0.0,0.0,0.0,0.0,0.0,-1.0,1.0,0.0,0.0,0.35278192,-0.17962845,-0.17249602,-0.16323876,-0.14324808,0.25364837,0.4365643,0.67729664,-0.026730001,-0.35019493,-0.039302647,0.13604128,0.23830295,-0.060577977,0.029251395,0.08698154,-0.19291787,0.17647094,-0.16672325,0.046373993,0.03706341,0.013936198,0.29822105,0.22375284,1.9639027,-0.27764332,-1.5084183,4.074314,-1.0685418,-1.8495144,0.93538606,3.7266376,1.0294151,-3.804619,0.84407336,-3.045251,500.0,-500.0,70.87389025724232,354.88166373273475,-500.0,500.0,-500.0,500.0,500.0,425.38031306000113,500.0,500.0
489,0.0,0.0,0.0,0.0,0.0,-1.0,1.0,0.0,0.0,0.36039484,-0.17419888,-0.18883246,-0.11629081,-0.12339723,0.22741242,0.41023454,0.68695986,-0.006236613,-0.37493932,-0.038455665,0.12231833,-0.09427328,0.08493814,-0.14173809,0.30221277,0.29445153,-0.33552894,0.058906596,-0.00024255835,-0.011825393,-0.13543889,-0.18797429,-0.25599638,2.2475398,-0.30482745,0.68648195,1.2072651,0.24329013,-2.2103994,3.1224961,1.8863759,-3.9818952,-0.1547047,-2.1849658,-2.027432,-500.0,500.0,-500.0,500.0,500.0,-500.0,500.0,-500.0,-500.0,-265.825175799474,-500.0,-500.0
490,0.0,0.0,0.0,0.0,0.0,-1.0,1.0,0.0,0.0,0.39158028,-0.176358,-0.1762994,-0.10380173,-0.1248554,0.22231825,0.43661448,0.6789327,-0.0378201,-0.36405122,-0.01785314,0.130492,0.31062755,-0.069217786,0.13037409,0.030692643,-0.20791154,0.17747042,0.32820833,-0.09872319,-0.26239413,-0.0023241572,0.29902706,0.24413009,1.3159566,-1.6543683,-0.26836824,-1.8673549,0.6332822,2.1474874,-0.9856198,3.1557424,1.3467215,1.6583171,3.4811192,-2.3016062,500.0,-500.0,500.0,-27.563957153047227,-500.0,500.0,500.0,-500.0,-500.0,-481.85030819005146,500.0,500.0
491,0.0,0.0,0.0,0.0,0.0,-1.0,1.0,0.0,0.0,0.3943285,-0.17874569,-0.16686594,-0.11411071,-0.103726745,0.20058538,0.39710757,0.68456626,-0.02587539,-0.33755648,-0.019605994,0.11727456,0.14650147,-0.08969011,0.021541981,-0.008825199,0.30672178,-0.28790045,-0.049198743,-0.020199787,-0.018972002,0.13778064,-0.20704778,-0.25280294,2.832683,-0.098178014,-0.36995965,0.5566844,-2.2435694,-1.9770049,1.3074012,3.1756241,-1.9095516,-1.8890113,-1.3712921,-2.1125517,500.0,-500.0,-124.17299092703286,383.8804773742961,500.0,-500.0,500.0,-500.0,-500.0,-243.254056802474,-500.0,-500.0
492,0.0,0.0,0.0,0.0,0.0,-1.0,1.0,0.0,0.0,0.38627917,-0.17555596,-0.16959238,-0.10641062,-0.10132855,0.196752,0.41111824,0.6820103,-0.032450974,-0.34399462,-0.0013284087,0.1236346,-0.16984396,0.08039286,-0.06908036,0.1051807,-0.18074548,0.16131237,0.2314261,-0.053435516,-0.1680683,0.026734551,0.2853913,0.23037186,2.065325,-1.2176086,-0.25812697,-3.3575635,-1.7452946,2.2505522,-0.081144735,2.5533423,-0.6293403,0.86415166,0.51676893,-2.2633061,-500.0,500.0,-500.0,500.0,-500.0,500.0,500.0,-422.0741545150455,-500.0,500.0,500.0,500.0
493,0.0,0.0,0.0,0.0,0.0,-1.0,1.0,0.0,0.0,0.39483473,-0.1787798,-0.15800798,-0.13258111,-0.07756609,0.17544992,0.39988554,0.6855817,-0.035407364,-0.3206458,-0.0031670928,0.10899818,0.16748236,-0.070272155,0.11099774,-0.23542367,0.3189326,-0.28850114,-0.24731456,0.06694751,0.09765041,0.15364179,-0.20510112,-0.27593458,2.1532257,-0.2996741,-0.8117029,-0.8501164,-3.4339633,-2.7350798,0.5066159,3.9823868,-2.158478,-0.7790041,-1.5311809,-1.4728955,500.0,-500.0,340.7096578015834,-500.0,500.0,-500.0,-500.0,500.0,500.0,397.7197840895417,-500.0,-500.0
494,0.0,0.0,0.0,0.0,0.0,-1.0,1.0,0.0,0.0,0.38369238,-0.17474653,-0.16080683,-0.14001727,-0.13718736,0.17212157,0.39928544,0.6907146,-0.039250016,-0.31235707,0.0151157975,0.11259082,-0.17490613,0.068466686,0.0037707963,-0.0908962,-0.53833026,0.1709349,0.15774064,-0.013179662,-0.15943518,0.10994416,0.2851116,0.21632405,1.9836222,-1.381205,-0.82595575,-4.3327723,-3.457975,3.0559344,-0.5486728,2.6176548,-0.5698476,1.3603699,0.21166664,-1.6299237,-500.0,500.0,90.29442812349319,-500.0,-449.8678257433771,500.0,500.0,-409.91411185998277,-500.0,500.0,500.0,500.0
495,0.0,0.0,0.0,0.0,0.0,-1.0,1.0,0.0,0.0,0.38615274,-0.1794727,-0.15379852,-0.17561746,-0.18413723,0.15195033,0.3851703,0.69498104,-0.039830983,-0.28927505,0.01352042,0.09716531,0.15471117,-0.08356151,0.08413001,-0.24358287,-0.03946751,-0.28444415,-0.23524658,0.060061645,0.15100737,0.025942108,-0.20040607,-0.2765862,2.2968707,-0.092133746,-1.1117017,-1.124298,-3.5411181,-1.6929218,-1.1657518,4.1427655,-2.6780503,0.85234475,-2.212352,-0.5511377,500.0,-500.0,500.0,-500.0,500.0,-500.0,-500.0,467.2730882054792,500.0,-498.70885967315894,-500.0,-500.0
496,0.0,0.0,0.0,0.0,0.0,-1.0,1.0,0.0,0.0,0.38737062,-0.18028013,-0.15831923,-0.18479514,-0.25028902,0.14952822,0.3788473,0.70197153,-0.046293676,-0.26616907,0.0317263,0.099623464,0.228549,-0.054988544,0.05799022,-0.10021348,-0.5284011,0.18196826,0.14112106,-0.0033955749,-0.17877291,0.17447627,0.28525475,0.21105337,1.7940445,-1.3450134,-0.57468385,-4.4792256,-4.0760055,1.34528,-0.17651944,2.935412,-0.97711205,0.4351237,-0.107616425,-1.3614091,400.25713509098995,500.0,96.56713218825266,-500.0,-500.0,500.0,500.0,-372.13546502239956,-500.0,500.0,500.0,500.0
497,0.0,0.0,0.0,0.0,0.0,-1.0,1.0,0.0,0.0,0.39313546,-0.17827564,-0.15400147,-0.22093129,-0.29552644,0.12701458,0.36321977,0.7077703,-0.04234928,-0.25067413,0.030822754,0.083253175,-0.11434696,0.06774261,-0.043753855,-0.123012595,-0.027176088,-0.31416366,-0.24776874,0.067450605,0.16584589,0.01580172,-0.19741915,-0.28226155,2.6729403,0.3132701,-1.1251673,-0.805271,-2.6976006,-1.2126017,-0.43274307,3.7017686,-2.4686325,1.2315497,-1.9624398,-0.39493096,-500.0,500.0,-500.0,500.0,500.0,-500.0,-500.0,482.27260556036344,500.0,-500.0,-500.0,-500.0
498,0.0,0.0,0.0,0.0,0.0,-1.0,1.0,0.0,0.0,0.40471414,-0.17609514,-0.16100061,-0.22532845,-0.35720176,0.12269577,0.35978648,0.71174705,-0.049042583,-0.23010218,0.0493958,0.08612081,0.20601666,-0.052121025,0.043247346,-0.10244127,-0.50656915,0.17998974,0.14859141,-0.020292757,-0.17236388,0.1564471,0.28630027,0.21492913,1.2762766,-1.0607116,-1.2064185,-3.442239,-2.135531,1.6982282,-0.92572427,3.3487213,-0.34132093,-0.32659844,-0.6229422,-0.641852,500.0,-500.0,500.0,-500.0,-500.0,500.0,500.0,-443.4904207252001,-500.0,500.0,500.0,500.0
499,0.0,0.0,0.0,0.0,0.0,-1.0,1.0,0.0,0.0,0.404265,-0.1705372,-0.16557813,-0.24774063,-0.35151523,0.099229716,0.3393803,0.7191903,-0.035788894,-0.22671533,0.04913956,0.06889154,-0.14567213,0.09025278,-0.09250739,-0.041807394,0.28620306,-0.31854165,-0.27581143,0.07701308,0.2172554,-0.04673766,-0.19390702,-0.2879419,2.7904358,0.63718057,-0.7442724,0.8992187,-0.22924042,-0.5331782,0.397091,3.4631052,-1.9778924,-0.11085059,-2.296691,0.009672999,-500.0,500.0,-500.0,500.0,500.0,-500.0,-500.0,500.0,500.0,-500.0,-500.0,-500.0
