step,obs_0,obs_1,obs_2,obs_3,obs_4,obs_5,obs_6,obs_7,obs_8,obs_9,obs_10,obs_11,obs_12,obs_13,obs_14,obs_15,obs_16,obs_17,obs_18,obs_19,obs_20,obs_21,obs_22,obs_23,obs_24,obs_25,obs_26,obs_27,obs_28,obs_29,obs_30,obs_31,obs_32,obs_33,obs_34,obs_35,obs_36,obs_37,obs_38,obs_39,obs_40,obs_41,obs_42,obs_43,obs_44,torque_0,torque_1,torque_2,torque_3,torque_4,torque_5,torque_6,torque_7,torque_8,torque_9,torque_10,torque_11,dof_pos_0,dof_pos_1,dof_pos_2,dof_pos_3,dof_pos_4,dof_pos_5,dof_pos_6,dof_pos_7,dof_pos_8,dof_pos_9,dof_pos_10,dof_pos_11,dof_vel_0,dof_vel_1,dof_vel_2,dof_vel_3,dof_vel_4,dof_vel_5,dof_vel_6,dof_vel_7,dof_vel_8,dof_vel_9,dof_vel_10,dof_vel_11
0,0.0,0.0,0.0,0.0,0.0,0.0,0.0,0.0,0.0,0.0,0.0,0.0,0.0,0.0,0.0,0.0,0.0,0.0,0.0,0.0,0.0,0.0,0.0,0.0,0.0,0.0,0.0,0.0,0.0,0.0,0.0,0.0,0.0,0.0,0.0,0.0,0.0,0.0,0.0,0.0,0.0,0.0,0.0,0.0,0.0,0.0,0.0,0.0,0.0,0.0,0.0,0.0,0.0,0.0,0.0,0.0,0.0,0.0,0.0,-0.8,1.6,-0.8,0.0,0.0,0.0,-0.8,1.6,-0.8,0.0,0.0,0.0,0.0,0.0,0.0,0.0,0.0,0.0,0.0,0.0,0.0,0.0
1,-4.236729e-06,-0.007948077,-1.6194454e-06,5.07107e-10,2.0807677e-20,-1.0,1.0,0.0,0.0,-8.5621316e-08,-4.7636032e-08,-0.00014179945,0.00036466122,-0.00019103289,7.663264e-07,1.4361774e-08,3.0844507e-08,-0.00014168024,0.000364542,-0.00019103289,-3.4388776e-08,-4.2810657e-06,-2.3818018e-06,-0.007089533,0.018232439,-0.009552402,3.8316324e-05,7.180887e-07,1.5422255e-06,-0.007085928,0.018227074,-0.009551685,-1.7194388e-06,0.12061938,0.49567306,-0.5356328,0.6915621,-0.95663244,0.15054838,-0.354795,-0.7263043,0.5592047,0.2519579,-1.0495656,-0.03174166,3.996839085457947e-16,-9.126431015981087e-16,2.4278254961984658e-06,7.5100796692595395e-06,1.6622490051076966e-06,2.184256995542857e-16,2.1725319502952884e-16,-6.610165946398804e-16,2.4278254961984658e-06,7.5100796692595395e-06,1.6622490051076966e-06,-7.931650411561811e-17,-8.5621316e-08,-4.7636032e-08,-0.8001418,1.6003647,-0.80019104,7.663264e-07,1.4361774e-08,3.0844507e-08,-0.8001417,1.6003646,-0.80019104,-3.4388776e-08,-8.5621316e-05,-4.7636033e-05,-0.14179066,0.36464876,-0.19104804,0.00076632644,1.43617735e-05,3.084451e-05,-0.14171857,0.36454147,-0.1910337,-3.4388777e-05
2,0.08265252,-0.09658189,-0.035772998,-0.0022491205,-0.0017389127,-0.99999595,1.0,0.0,0.0,0.029613173,0.0010210606,-0.02040422,0.042415857,-0.10782212,0.049148407,-0.048074726,-0.005364979,0.0015422702,0.024280548,-0.10901809,-0.010316033,0.17056507,0.020388918,-0.17476822,0.36265132,-0.9719497,0.21800962,-0.44368657,-0.05479309,0.020268114,0.19263189,-0.9881796,-0.045504164,-0.06708873,-0.19669856,0.2990293,0.3197811,-0.62386435,-0.111331396,-0.077288195,0.5121273,0.09434242,0.32029152,-0.954461,0.124274045,-200.0,-200.0,200.0,200.0,-200.0,2.3314176161040265,16.519874163671773,200.0,-200.0,200.0,-200.0,-16.840316389938607,0.029613173,0.0010210606,-0.82040423,1.6424159,-0.90782213,0.049148407,-0.048074726,-0.005364979,-0.79845774,1.6242806,-0.9090181,-0.010316033,3.4113014,0.40777835,-3.4953644,7.253026,-19.438993,4.3601923,-8.873732,-1.0958618,0.40536228,3.8526378,-19.763592,-0.9100833
3,0.02295118,-0.57422847,-0.011340688,-0.017584978,-0.0039916886,-0.9998374,1.0,0.0,0.0,0.020887895,0.00524281,-0.034623444,0.120826244,-0.2857383,0.014575749,-0.088571,-0.015080094,0.019082129,0.08183253,-0.3725266,0.02919268,-0.14296328,0.011056275,0.015327252,0.38370776,-0.74354666,-0.2680174,-0.049776707,-0.02984238,0.12419027,0.3604854,-1.2686542,0.20499618,-0.17372218,0.08050236,-0.45037133,-0.18996462,0.28847653,-0.25540626,0.51705647,-0.0801671,-0.6754154,-0.45551825,0.58792096,0.14062667,89.71065318934342,200.0,37.92058658439346,143.07844756959963,104.63019806977013,-15.338372568645411,-46.058067890602416,-200.0,200.0,23.367993558391902,69.87523506592152,14.10631215157656,0.020887895,0.00524281,-0.83462346,1.7208263,-1.0857383,0.014575749,-0.088571,-0.015080094,-0.7809179,1.6818326,-1.1725266,0.02919268,-2.8592653,0.2211255,0.30654505,7.674155,-14.870933,-5.360348,-0.9955341,-0.5968476,2.4838054,7.209708,-25.373085,4.0999236
4,0.010622333,0.11679251,-0.24217324,-0.02533001,-0.0046219444,-0.9996685,1.0,0.0,0.0,-0.03558576,0.01469212,-0.055562615,0.17992723,-0.32581407,-0.07392592,-0.04320417,-0.023267677,0.022734702,0.13666272,-0.5179803,0.06820481,-0.29340294,0.067334265,-0.20811331,0.22540306,0.24382544,-0.3988574,0.4560164,-0.047542024,-0.06889113,0.20776956,-0.28506976,0.1636352,0.37675318,-0.30787814,0.6767612,-0.77820855,0.43066198,0.2198623,-0.21755359,0.31961423,0.040149905,-0.7480042,0.97558236,-0.39771426,200.0,-70.0721609264479,-200.0,-200.0,200.0,-19.390256752058292,12.810399776878,71.09175607209536,-200.0,-200.0,200.0,36.99571934384164,-0.03558576,0.01469212,-0.8555626,1.7799273,-1.1258141,-0.07392592,-0.04320417,-0.023267677,-0.7772653,1.7366627,-1.3179803,0.06820481,-5.8680587,1.3466853,-4.1622663,4.508061,4.8765087,-7.977148,9.120328,-0.9508405,-1.3778226,4.155391,-5.701395,3.272704
5,-0.042646553,-0.1850714,-0.13086346,-0.028200615,-0.004181786,-0.99959356,1.0,0.0,0.0,-0.038487297,0.015229649,-0.06621748,0.1913681,-0.17223513,-0.044550087,-0.00865728,-0.020082688,0.029990971,0.15158951,-0.46888834,-0.008728631,0.20948724,-0.049263764,0.061719794,-0.08131755,1.1762092,0.5244028,-0.059175707,0.06802813,0.09411781,-0.023900537,0.6817402,-0.7787195,0.31945938,0.052173287,-0.17279358,-0.48116192,-0.11722471,0.31621847,-0.9496097,-0.09208828,-0.11273079,-0.87153,-0.17654365,-0.1176351,-200.0,200.0,-61.29104425808384,-200.0,200.0,-66.45120944093435,200.0,-200.0,200.0,-200.0,146.9391685670114,57.49957524080014,-0.038487297,0.015229649,-0.8662175,1.7913681,-0.97223514,-0.044550087,-0.00865728,-0.020082688,-0.77000904,1.7515895,-1.2688884,-0.008728631,4.189745,-0.98527527,1.2343959,-1.626351,23.524183,10.488055,-1.1835141,1.3605626,1.8823563,-0.47801074,13.634805,-15.574389
6,0.013337004,0.45969766,-0.06359389,-0.020655297,-0.0042417664,-0.9997777,1.0,0.0,0.0,0.047792815,0.0044816504,-0.074089766,0.15933323,-0.04122585,0.077059366,-0.0722224,-0.016801836,0.026242971,0.13049173,-0.3658101,-0.07197514,0.5354323,-0.052445274,-0.09890199,-0.23054986,0.22787929,0.52132183,-0.537749,-0.0065461025,-0.10392856,-0.17042337,0.41844007,-0.10790403,-0.33063564,0.1424489,0.4457762,0.13760191,-1.1749524,-0.294688,0.69498366,-0.045130193,0.5064834,0.00022019446,-0.97561634,0.54397583,-200.0,-145.92810388490238,-195.0646990877898,-200.0,-41.457149584612125,22.994131661941054,29.722543775898316,146.22069051182046,-110.12556287251218,-200.0,-200.0,-45.301779594368384,0.047792815,0.0044816504,-0.8740898,1.7593333,-0.84122586,0.077059366,-0.0722224,-0.016801836,-0.77375704,1.7304918,-1.1658101,-0.07197514,10.708646,-1.0489055,-1.9780397,-4.610997,4.5575857,10.426436,-10.75498,-0.13092205,-2.078571,-3.4084673,8.368801,-2.1580806
7,-0.15739463,-0.29440996,-0.04499307,-0.018947568,-0.0010809749,-0.9998199,1.0,0.0,0.0,0.09816,0.014919188,-0.06406999,0.12412107,-0.10463327,0.069225855,-0.11337852,-0.025467757,0.034541488,0.11253035,-0.38304645,0.025717242,0.02036318,0.14330745,0.17148528,-0.13843112,-0.7624981,-0.49656877,0.0631436,-0.07113918,0.16922997,-0.046696994,-0.49671564,0.9840603,-0.85206425,-0.32828963,-0.107308984,0.96193326,-0.6857621,-0.14915591,0.5356851,-0.39874828,0.21374366,0.35796177,-1.0619235,-0.058349457,200.0,27.768915994988085,200.0,-194.58484759966097,-200.0,195.99097617853715,-200.0,134.68035908621795,200.0,167.43782624672534,-200.0,-200.0,0.09816,0.014919188,-0.86407,1.7241211,-0.9046333,0.069225855,-0.11337852,-0.025467757,-0.7654585,1.7125304,-1.1830465,0.025717242,0.40726358,2.866149,3.4297054,-2.7686224,-15.249962,-9.9313755,1.262872,-1.4227835,3.3845994,-0.9339399,-9.934313,19.681206
8,0.5023431,-0.3937519,-0.29948303,-0.03437493,-0.0099938065,-0.999359,1.0,0.0,0.0,0.054996293,0.014811685,-0.047869742,0.1602869,-0.28711468,-0.029292688,-0.05483259,-0.06330002,0.06478447,0.15415657,-0.55112344,0.09729651,-0.40951952,-0.11471733,-0.003127278,0.34145817,-0.86432594,-0.28203192,0.5102117,-0.29075974,0.17924784,0.25073436,-1.06653,-0.06716118,0.097194314,0.29877436,-0.30309507,-0.5360536,0.6766261,0.28465697,-0.2393963,1.5016273,-0.8340785,-0.7495448,0.66162616,-0.52190465,200.0,-200.0,133.85756437484653,175.83032938646247,3.553529844474042,-200.0,-200.0,-200.0,-133.2514355828731,200.0,64.33782942011214,61.22425611694163,0.054996293,0.014811685,-0.84786975,1.7602869,-1.0871147,-0.029292688,-0.05483259,-0.06330002,-0.73521554,1.7541566,-1.3511235,0.09729651,-8.190391,-2.2943466,-0.06254556,6.829163,-17.286518,-5.6406384,10.204234,-5.8151946,3.5849566,5.014687,-21.330599,-1.3432236
9,-0.10130245,0.2917,-0.27931938,-0.034771297,-0.017233422,-0.9992467,1.0,0.0,0.0,0.026213305,0.012814845,-0.07302517,0.20738316,-0.3511805,0.017305117,-0.007051,-0.08980025,0.07445532,0.19273984,-0.6564819,-0.02580467,0.048310183,0.08565273,-0.22200643,0.15008631,0.124432914,0.5448676,0.015040271,-0.012508166,-0.072589025,0.14862834,-0.086590126,-1.0062522,0.8631909,-0.15945141,0.6550825,-0.79803383,0.31222278,0.3965947,-1.1188943,0.5534998,0.20471701,-0.7717411,0.45252424,0.41180727,-200.0,200.0,-200.0,-200.0,200.0,-58.00617401801196,123.26615814184504,200.0,-200.0,-200.0,200.0,21.041054977305976,0.026213305,0.012814845,-0.8730252,1.8073832,-1.1511805,0.017305117,-0.007051,-0.08980025,-0.7255447,1.7927399,-1.4564819,-0.02580467,0.96620363,1.7130547,-4.4401283,3.0017262,2.4886582,10.897351,0.30080542,-0.25016332,-1.4517804,2.9725666,-1.7318025,-20.125042
10,-0.1275285,-0.22531892,-0.23770528,-0.03539175,-0.013035742,-0.9992885,1.0,0.0,0.0,0.090445995,0.018024448,-0.08009046,0.2041235,-0.22186452,0.14614044,-0.04915555,-0.08784924,0.0933159,0.18928218,-0.5695148,-0.123854,0.5395296,-0.016458938,0.103074186,-0.15256047,1.0444363,0.5577676,-0.39991516,0.02332907,0.20169786,-0.14154951,0.86419934,-0.06899341,-0.8092331,-0.3745659,0.09522359,0.077688605,0.022049949,-0.4779539,0.60536677,-0.5189146,-0.21841651,-0.71535325,-0.07662609,0.6886918,-200.0,200.0,45.420822277555175,-200.0,200.0,200.0,200.0,-200.0,200.0,-200.0,125.00565086075096,-58.21451024684973,0.090445995,0.018024448,-0.8800905,1.8041235,-1.0218645,0.14614044,-0.04915555,-0.08784924,-0.7066841,1.7892822,-1.3695148,-0.123854,10.790592,-0.32917875,2.0614836,-3.0512094,20.888725,11.155353,-7.998303,0.46658137,4.033957,-2.8309903,17.283987,-1.3798681
11,0.5155732,-0.291319,-0.106146656,-0.04651553,-0.022467745,-0.99866486,1.0,0.0,0.0,0.1347663,0.0029266053,-0.064293206,0.19906855,-0.10209584,0.13614547,-0.08558481,-0.11563133,0.13511622,0.14725542,-0.4007401,-0.02719746,-0.016795492,-0.15134256,0.13601314,-0.065769196,0.48256022,-0.50136095,0.0018193935,-0.26559713,0.16011024,-0.18243729,0.61118716,0.81559676,-0.37171206,1.0273844,0.11143003,0.35445076,-0.81229144,-0.1898093,0.6383669,1.1999844,0.01278881,-0.06878254,-0.6719793,-0.5134946,200.0,-200.0,-200.0,-200.0,-200.0,-200.0,-200.0,-200.0,93.66939792512,-176.70459858436473,-200.0,-200.0,0.1347663,0.0029266053,-0.8642932,1.7990686,-0.90209585,0.13614547,-0.08558481,-0.11563133,-0.6648838,1.7472554,-1.2007401,-0.02719746,-0.3359098,-3.026851,2.7202625,-1.3153839,9.651204,-10.027219,0.03638787,-5.3119426,3.2022047,-3.6487458,12.223743,16.311935
12,0.08358743,-0.30205542,0.027723059,-0.0587978,-0.033782832,-0.9976981,1.0,0.0,0.0,0.07798812,-0.0013351594,-0.03400421,0.19703722,-0.116001725,0.00888394,-0.044056144,-0.13550869,0.16040474,0.13336241,-0.3765219,0.057496622,-0.49641687,0.07457449,0.15597057,0.038056385,-0.51953876,-0.48026666,0.37856627,0.048617586,0.122407906,0.018499713,-0.23560743,0.10688424,-0.018257141,-0.08564958,-0.53234833,-0.3315659,-0.2845502,0.17755911,-0.35259992,0.58446836,-0.3452064,-0.8138324,-0.7217568,-0.41158882,200.0,200.0,-200.0,-200.0,-200.0,-200.0,-200.0,200.0,143.40778037589683,200.0,-200.0,116.67217166390719,0.07798812,-0.0013351594,-0.8340042,1.7970372,-0.91600174,0.00888394,-0.044056144,-0.13550869,-0.63959527,1.7333624,-1.1765219,0.057496622,-9.928337,1.4914898,3.1194115,0.7611277,-10.390775,-9.605333,7.5713253,0.97235173,2.448158,0.36999425,-4.7121487,2.1376848
13,0.016393967,0.28841877,0.33298647,-0.057576094,-0.035771284,-0.99770004,1.0,0.0,0.0,0.010574099,-0.0029502336,-0.028292656,0.20189762,-0.18197584,0.0069963625,-0.017057449,-0.11768803,0.15865064,0.15351522,-0.47186857,-0.0038287349,-0.245905,-0.06989128,-0.09477877,0.090237,-0.24098687,0.2632034,-0.062345315,0.115156785,-0.113416195,0.14121361,-0.45665035,-0.56743133,0.8856887,-0.17307688,0.37426585,-0.7304418,0.3006088,0.33617055,-0.25692067,0.05904229,0.70192575,-0.4550559,0.29889005,-0.062266607,-200.0,200.0,-200.0,-200.0,-77.35656885634694,-200.0,200.0,-95.87638046487706,-200.0,-200.0,81.99899662133237,160.81479388095696,0.010574099,-0.0029502336,-0.82829267,1.8018976,-0.98197585,0.0069963625,-0.017057449,-0.11768803,-0.6413494,1.7535152,-1.2718686,-0.0038287349,-4.9181,-1.3978256,-1.8955753,1.80474,-4.8197374,5.264068,-1.2469063,2.3031356,-2.268324,2.8242722,-9.133007,-11.348626
14,-0.0005550073,-0.40740228,0.3184091,-0.06039814,-0.035425372,-0.99754554,1.0,0.0,0.0,0.012674443,-0.023303524,-0.016536474,0.20734048,-0.12418491,0.10893328,-0.061364636,-0.093883805,0.17422092,0.15218616,-0.45724922,-0.04735906,0.22204617,-0.12184807,0.20509866,-0.058331024,0.7219929,0.49705157,-0.30230418,0.119205885,0.23147643,-0.11189752,0.5058093,-0.051656254,-0.21735948,0.58562076,-0.55294913,-0.5059394,0.2970516,-0.041218244,0.68885034,-0.7152961,0.013929673,-0.67661846,0.21953446,0.68394417,-113.68717377087859,191.77918540970308,200.0,-200.0,200.0,37.54012005961211,200.0,-185.38399988984375,200.0,-200.0,200.0,-41.99388787292554,0.012674443,-0.023303524,-0.8165365,1.8073405,-0.9241849,0.10893328,-0.061364636,-0.093883805,-0.6257791,1.7521862,-1.2572492,-0.04735906,4.440923,-2.4369614,4.101973,-1.1666205,14.439858,9.941031,-6.0460835,2.3841176,4.6295285,-2.2379503,10.116186,-1.033125
15,0.027563652,0.21884556,0.23001899,-0.06504742,-0.03499804,-0.99726826,1.0,0.0,0.0,0.0138866985,-0.02135172,-0.031476557,0.23139238,-0.04612446,0.08959931,-0.077397734,-0.075363345,0.20245898,0.1124531,-0.27533454,0.053416274,-0.20378199,0.047766674,-0.22085725,0.13758475,0.5592378,-0.33039472,0.103274904,0.0729252,0.06654686,-0.26489472,1.0527844,0.95916504,-0.06546828,0.3714528,-0.08195452,-0.041985232,-0.43085718,-0.057268254,0.3406613,0.099482134,0.41410205,0.14758247,-0.29087046,-0.4669728,200.0,-200.0,-200.0,-200.0,-36.942572097227185,200.0,-200.0,200.0,-200.0,-200.0,181.59025088329759,51.277838059976716,0.0138866985,-0.02135172,-0.83147657,1.8313924,-0.8461245,0.08959931,-0.077397734,-0.075363345,-0.59754103,1.7124531,-1.0753345,0.053416274,-4.0756397,0.9553335,-4.417145,2.751695,11.184755,-6.6078944,2.065498,1.4585041,1.3309371,-5.2978945,21.055689,19.1833
16,-0.50589526,-0.16631344,-0.16624539,-0.066832334,-0.024144169,-0.99747205,1.0,0.0,0.0,-0.018946009,0.015666265,-0.046468616,0.2325387,-0.03972733,0.026959803,0.0150569575,-0.04672601,0.20866984,0.12654269,-0.22996181,0.048675682,-0.1076653,0.29115716,0.0077800364,-0.09249863,-0.39792463,-0.19534165,0.6420407,0.25536722,0.11143643,0.05389163,-0.11709274,-0.5142307,0.53376824,-1.0795215,-0.0066279513,-0.48856914,-0.65438086,0.02928441,-0.3909213,-0.4605502,-0.060996465,-0.21502517,-0.70637155,-0.45320246,51.422219014064694,68.32660128646918,200.0,-19.488962080626678,-20.456744450669362,-200.0,18.43699310515514,200.0,-63.553595208190266,-200.0,-200.0,33.66041840485937,-0.018946009,0.015666265,-0.8464686,1.8325387,-0.83972734,0.026959803,0.0150569575,-0.04672601,-0.5913302,1.7265427,-1.0299618,0.048675682,-2.153306,5.823143,0.15560073,-1.8499726,-7.9584923,-3.906833,12.840815,5.107344,2.2287285,1.0778326,-2.3418548,-10.284615
17,0.004862682,0.11604456,-0.092232175,-0.06751988,-0.015650315,-0.9975952,1.0,0.0,0.0,0.009893309,0.044360396,-0.040934384,0.1912123,-0.2075904,0.025929071,0.08082995,-0.027327515,0.22040439,0.11836648,-0.34546715,-0.109703936,0.349786,0.02484821,0.029383922,-0.30236298,-0.9627943,0.0155430185,0.080488086,-0.04141883,0.018156145,-0.119703166,-0.7657532,-0.7512179,-0.024907336,-0.40943724,-0.13528852,-0.25016063,0.29899907,0.09749366,-0.62779576,0.016209051,-0.12876597,-0.4026999,0.05177471,0.5802807,-200.0,-200.0,-200.0,-200.0,29.580031009559093,64.92407056182583,200.0,-200.0,39.29152536041647,-200.0,60.200746314793946,-8.703819288270019,0.009893309,0.044360396,-0.8409344,1.7912123,-1.0075904,0.025929071,0.08082995,-0.027327515,-0.5795956,1.7183665,-1.1454672,-0.109703936,6.99572,0.4969642,0.58767843,-6.0472593,-19.255886,0.31086037,1.6097617,-0.82837665,0.36312288,-2.3940632,-15.315063,-15.024358
18,0.09071783,0.56509435,0.55075014,-0.053097423,-0.017607277,-0.9984341,1.0,0.0,0.0,0.022180274,0.038896855,-0.050821304,0.16744125,-0.24672097,0.04520676,0.04072476,-0.03839467,0.20260799,0.102876544,-0.3698613,-0.13466914,-0.06619487,-0.064802,-0.10076179,-0.09723959,0.31924757,0.117414884,-0.42052016,-0.0627253,-0.17466831,-0.108316295,0.3467953,0.32563594,-0.6154204,0.7716436,0.76264435,0.7427124,0.4878235,0.42270035,0.40524983,0.3693183,1.0827435,0.80718833,0.2663525,0.56087154,-200.0,200.0,-200.0,-200.0,200.0,200.0,20.697447935019525,-200.0,8.279909517750383,-200.0,200.0,-200.0,0.022180274,0.038896855,-0.8508213,1.7674413,-1.046721,0.04520676,0.04072476,-0.03839467,-0.597392,1.7028766,-1.1698613,-0.13466914,-1.3238974,-1.2960399,-2.015236,-1.9447918,6.384951,2.3482976,-8.410403,-1.2545059,-3.4933662,-2.1663258,6.935906,6.5127187
19,-0.46630648,-0.120689034,0.6257392,-0.046099115,-0.007990152,-0.99890494,1.0,0.0,0.0,-0.044692177,0.05477797,-0.045390904,0.1593337,-0.080852926,0.14662306,0.018389191,-0.017683437,0.18973267,0.09890568,-0.22091287,0.032114968,-0.5576609,0.19870295,0.1384716,0.0044861524,1.1654234,0.5876646,0.13720997,0.23748581,0.022930356,0.049392577,0.99705946,1.1133121,0.36721218,-0.92429525,-0.33078092,-0.21812534,-0.18265046,-0.039248206,0.7288093,-1.039382,0.75806904,-1.0690297,-0.052421242,-0.27761665,200.0,200.0,200.0,200.0,29.697517129026778,-20.408596467250845,-200.0,200.0,200.0,200.0,32.83933320758638,-32.521999277893315,-0.044692177,0.05477797,-0.8453909,1.7593337,-0.88085294,0.14662306,0.018389191,-0.017683437,-0.61026734,1.6989057,-1.0209129,0.032114968,-11.153217,3.9740589,2.769432,0.08972305,23.308468,11.753292,2.7441993,4.7497163,0.4586071,0.9878515,19.941189,22.266243
20,0.23587446,-0.14597312,-0.37794676,-0.05155748,-0.004472517,-0.99866,1.0,0.0,0.0,-0.08866024,0.05997725,-0.03865522,0.16249621,-0.011584401,0.14819562,0.100903034,-0.0031979089,0.20523101,0.09542668,-0.1344111,0.10938666,0.05116737,-0.11206483,-0.032513242,0.0006879483,-0.20769529,-0.27365357,0.62685484,-0.05475838,0.13252318,-0.07797005,0.09070282,-0.18288693,0.600377,-0.07213685,-0.09918473,-0.21760754,-0.36477584,-0.28261915,-0.60652184,0.26137114,-0.5352384,0.52569646,-0.19774127,-0.88749844,149.26261644347733,-200.0,200.0,-200.0,-182.87184577508177,-200.0,200.0,-200.0,-200.0,-200.0,-200.0,200.0,-0.08866024,0.05997725,-0.83865523,1.7624962,-0.8115844,0.14819562,0.100903034,-0.0031979089,-0.594769,1.6954267,-0.9344111,0.10938666,1.0233474,-2.2412965,-0.6502648,0.013758966,-4.153906,-5.473071,12.537097,-1.0951676,2.6504636,-1.559401,1.8140563,-3.6577384
21,-0.07105705,0.24124101,-0.21880575,-0.048331317,-0.008100727,-0.9987985,1.0,0.0,0.0,-0.0255362,0.03988959,-0.05196452,0.14267242,-0.11649394,0.023626946,0.17683846,-0.0018157918,0.1970939,0.1140089,-0.15222669,-0.0390095,0.53684014,-0.09743723,-0.080806054,-0.19103383,-0.5376189,-0.6576032,0.17650026,0.05698919,-0.18306063,0.22962685,-0.09647757,-1.1987069,-0.2309643,0.29504985,0.39027324,-0.34174484,0.030453652,0.36376816,-1.1412643,0.044450253,0.3728758,-0.6833694,-0.40859598,0.5154274,-200.0,200.0,-200.0,200.0,5.027076383327994,-200.0,200.0,-130.96142734933045,-18.02101222708896,-200.0,40.59131367051555,43.31405855430705,-0.0255362,0.03988959,-0.85196453,1.7426724,-0.91649395,0.023626946,0.17683846,-0.0018157918,-0.6029061,1.7140089,-0.9522267,-0.0390095,10.736802,-1.9487447,-1.616121,-3.8206763,-10.7523775,-13.152064,3.5300052,1.1397837,-3.6612127,4.592537,-1.9295514,-23.974136
22,-0.30779627,-0.37344772,0.42110103,-0.05219563,0.00058721716,-0.9986367,1.0,0.0,0.0,0.020708963,0.036395207,-0.021649718,0.068365216,-0.121463716,-0.0047918367,0.15608089,0.013870699,0.19843704,0.12612629,-0.22944862,-0.17395075,-0.020736897,0.04938329,0.3396574,-0.52068406,0.29575682,0.28011647,-0.3366727,0.085671246,0.16158749,-0.07800975,-0.39268893,-0.24576381,-0.5987482,-0.38856673,-0.47624728,0.4359609,0.3394249,0.6266843,0.29413474,-0.8896847,0.1628603,-0.67495626,-0.15007424,1.0714052,-200.0,-21.367714340666296,200.0,-200.0,34.31813332751818,200.0,-200.0,200.0,200.0,-200.0,37.46805737378958,200.0,0.020708963,0.036395207,-0.82164973,1.6683652,-0.9214637,-0.0047918367,0.15608089,0.013870699,-0.601563,1.7261263,-1.0294486,-0.17395075,-0.41473794,0.9876658,6.793148,-10.413681,5.9151363,5.6023293,-6.7334538,1.7134249,3.2317498,-1.5601948,-7.8537784,-4.915276
23,0.4396823,0.17473304,0.4557305,-0.056163408,-0.00247073,-0.9984185,1.0,0.0,0.0,-0.04008202,0.020486163,-0.018628359,0.06521475,0.02157718,0.112638146,0.13523063,-0.00046595707,0.21667147,0.094301105,-0.2255047,-0.11206389,-0.5055403,-0.20213394,-0.15550828,0.12752073,0.70655113,0.9970383,0.08915766,-0.19789118,0.024536425,-0.22428064,0.14841318,0.7634428,0.342874,0.7731794,-0.117382996,1.3133552,-0.34950197,-0.009161479,0.54025406,0.6551521,-0.08232873,0.43259895,0.08982013,-0.13675019,200.0,-200.0,-140.38548604145174,-200.0,19.311350397714904,200.0,-200.0,-200.0,-200.0,200.0,-81.34400707717873,137.28128562906159,-0.04008202,0.020486163,-0.8186284,1.6652148,-0.77842283,0.112638146,0.13523063,-0.00046595707,-0.58332855,1.6943011,-1.0255047,-0.11206389,-10.1108055,-4.042679,-3.1101656,2.5504146,14.131022,19.940765,1.7831532,-3.9578235,0.4907285,-4.485613,2.9682636,15.268856
24,-0.27600828,0.3333541,-0.0095081525,-0.04462872,-0.0042855595,-0.99899447,1.0,0.0,0.0,-0.08513384,0.011073483,-0.06494272,0.11011541,0.054952264,0.20406485,0.21424846,-0.0022465792,0.19084549,0.087854505,-0.13188887,-0.06347969,-0.001686093,0.08184212,-0.25559345,0.29223162,-0.277747,0.015686298,0.61586446,0.13935457,-0.2459632,0.12760107,0.4849902,-0.115044415,0.5717702,-0.15828164,0.57672256,-0.4455739,-0.6588112,-0.8918249,-0.81529564,-0.23044334,0.81343263,-0.9161663,-0.35784352,-0.23160043,89.98653562642062,200.0,-200.0,200.0,-41.07802877276788,-70.92959372326347,200.0,200.0,140.7955609507261,200.0,-200.0,-200.0,-0.08513384,0.011073483,-0.8649427,1.7101154,-0.74504775,0.20406485,0.21424846,-0.0022465792,-0.6091545,1.6878545,-0.9318889,-0.06347969,-0.03372186,1.6368424,-5.111869,5.844632,-5.5549397,0.31372595,12.317289,2.7870913,-4.919264,2.5520215,9.699804,-2.3008883
25,0.29425094,-0.195804,-0.07655776,-0.04320684,-0.005911639,-0.99904865,1.0,0.0,0.0,-0.034571204,-0.003791981,-0.079363704,0.14008546,-0.10481554,0.10470783,0.27951095,-0.004200792,0.18789798,0.07370782,-0.14012551,-0.118076466,0.46074992,-0.19807594,0.08059906,0.031658866,-1.1390737,-0.91781276,0.09291956,-0.12383536,0.17578003,-0.23352997,-0.4143904,-0.25026244,-0.10218289,0.41681236,-0.40523645,-0.5008129,0.32705903,0.07742346,-0.81522405,0.2957905,0.33330664,-0.32489777,-0.49623495,0.3374364,-200.0,-200.0,200.0,-200.0,-74.10405159008104,23.6794836147169,200.0,-142.48968742365517,200.0,-200.0,-28.315897347602913,-200.0,-0.034571204,-0.003791981,-0.8793637,1.7400855,-0.90481555,0.10470783,0.27951095,-0.004200792,-0.61210203,1.6737078,-0.9401255,-0.118076466,9.214998,-3.9615185,1.6119812,0.6331773,-22.781473,-18.356255,1.8583912,-2.4767072,3.5156004,-4.6705995,-8.287807,-5.0052485
26,-0.17514472,-0.026518269,0.42893308,-0.047816187,-0.0072287517,-0.99883,1.0,0.0,0.0,-9.152089e-05,-0.017163962,-0.06455606,0.12653518,-0.22304505,0.02414526,0.24793069,-0.0150580825,0.22660625,0.0010983944,-0.25698835,-0.06499157,-0.06543135,0.041373614,0.055711217,-0.14793481,-0.14449173,0.011236194,-0.3666695,0.002480415,0.19222224,-0.4663294,-0.5226049,0.6882375,-0.6690307,0.26334327,-0.19261621,0.102030456,0.26697534,0.92173433,0.25544065,-0.5400318,0.21912056,-0.1314643,0.5143668,-0.0843201,-200.0,200.0,27.070311534776124,-200.0,45.437013530155355,200.0,-193.38686311240514,200.0,-200.0,-200.0,200.0,180.15759851548296,-9.152089e-05,-0.017163962,-0.8645561,1.7265352,-1.0230451,0.02414526,0.24793069,-0.0150580825,-0.57339376,1.6010984,-1.0569884,-0.06499157,-1.308627,0.82747227,1.1142243,-2.9586961,-2.8898346,0.22472388,-7.3333898,0.049608298,3.8444448,-9.326588,-10.452097,13.76475
27,-0.13292876,0.32231206,0.3017485,-0.03819212,0.00046806195,-0.9992703,1.0,0.0,0.0,-0.067762375,0.0030835865,-0.08402562,0.11164796,-0.1447826,0.12935573,0.21601342,-0.016158966,0.22963482,-0.053830504,-0.25065738,-0.015206904,-0.5572068,0.14531183,-0.1564886,-0.041356742,0.79637307,0.94660103,-0.029167047,-0.0014552831,-0.09356172,-0.073668815,0.5081956,0.030081019,0.56023914,0.12890238,0.21996309,0.8926523,-0.27002144,-0.10969918,0.3854644,-0.42207032,0.48964947,0.3383115,0.072699964,-0.6685676,156.17222349606794,-200.0,49.34852781859166,-61.73993385943844,200.0,-200.0,-200.0,200.0,-73.74877938243407,24.566059344341085,116.73029082437961,200.0,-0.067762375,0.0030835865,-0.88402563,1.711648,-0.9447826,0.12935573,0.21601342,-0.016158966,-0.5703652,1.5461695,-1.0506574,-0.015206904,-11.144135,2.9062366,-3.129772,-0.82713485,15.927461,18.93202,-0.58334094,-0.029105663,-1.8712343,-1.4733763,10.163912,0.6016204
28,0.0063112923,-0.2618618,-0.2787468,-0.038272694,0.0026787156,-0.99926376,1.0,0.0,0.0,-0.12614591,0.029286863,-0.09699118,0.121374965,-0.09420681,0.21124238,0.25381386,-0.017359337,0.23273867,-0.05368769,-0.14701515,-0.11228108,-0.0853633,0.110214405,0.005106649,0.12383226,-0.19328272,-0.029424137,0.26623908,-0.01767858,0.10277674,0.057242163,0.4762201,-0.91397804,0.61026585,-0.68058145,0.0016381848,0.1682983,-0.6144842,-0.90395147,-0.6846712,0.324524,-0.31815276,0.04461056,-0.64380634,0.100622624,7.52039782594079,-200.0,200.0,200.0,-37.6343016015544,-200.0,200.0,87.97344080836996,200.0,200.0,-200.0,-200.0,-0.12614591,0.029286863,-0.8969912,1.721375,-0.8942068,0.21124238,0.25381386,-0.017359337,-0.56726134,1.5463123,-0.94701517,-0.11228108,-1.707266,2.204288,0.102132976,2.4766452,-3.8656545,-0.58848274,5.3247814,-0.3535716,2.0555348,1.1448432,9.524402,-18.27956
29,-0.19525883,-0.2700756,-0.042276997,-0.04948283,0.0070388126,-0.99875015,1.0,0.0,0.0,-0.090540856,0.0461366,-0.084382474,0.13764584,-0.22656828,0.10259491,0.2570419,-0.013515944,0.23800153,-0.022261024,-0.15698457,-0.19127838,0.39401713,0.062043514,0.08657818,0.053895354,-0.83256143,-0.9644298,-0.18501528,0.03950569,-0.025471179,0.20241235,-0.47994033,0.028892199,0.06152693,-0.20654069,-0.18439008,-0.22578615,-0.0919245,-0.03028103,-0.46784124,0.34357947,-0.24679038,-0.7463838,-0.53919923,0.8217221,-200.0,200.0,-200.0,-55.80295010113679,-200.0,200.0,200.0,-200.0,90.30068148483238,4.301344763514514,44.47885276319289,-200.0,-0.090540856,0.0461366,-0.8843825,1.7376459,-1.0265683,0.10259491,0.2570419,-0.013515944,-0.5619985,1.577739,-0.9569846,-0.19127838,7.8803425,1.2408702,1.7315636,1.0779071,-16.651228,-19.288595,-3.7003055,0.7901138,-0.50942355,4.048247,-9.598806,0.57784396
30,-0.21955739,0.29192993,0.4962973,-0.047720123,0.015843475,-0.9987351,1.0,0.0,0.0,-0.029149383,0.051465444,-0.08482772,0.130921,-0.28403026,0.014237328,0.1675326,-0.009242802,0.21368629,0.0039190054,-0.28260428,-0.08221804,0.24300878,-0.005924217,-0.06954391,-0.10684778,0.1572973,-0.11708286,-0.6628326,0.016421298,-0.20141105,0.070432805,-0.55590147,0.9684197,-0.5813209,0.03845843,0.31219986,-0.09285122,0.50572115,0.7695025,0.4838465,-0.5610751,0.64065367,-0.74752563,0.33704674,-0.07903147,-200.0,200.0,-200.0,-200.0,44.244051119261144,200.0,-65.35660268675676,-200.0,-144.52174414164176,-200.0,200.0,49.291923253251355,-0.029149383,0.051465444,-0.88482773,1.730921,-1.0840303,0.014237328,0.1675326,-0.009242802,-0.5863137,1.603919,-1.0826043,-0.08221804,4.8601756,-0.11848433,-1.3908782,-2.1369555,3.145946,-2.3416572,-13.256652,0.32842594,-4.028221,1.4086561,-11.118029,19.368393
31,0.122510366,-0.27736005,0.39727598,-0.0479961,0.017625475,-0.998692,1.0,0.0,0.0,-0.03413338,0.041870575,-0.061048627,0.080741644,-0.14717269,0.09612066,0.08251151,-0.01347005,0.21628875,-0.023443937,-0.2879458,0.008008583,-0.24724482,-0.07169699,0.26352963,-0.34226647,1.1154377,0.8387265,-0.22905858,-0.05719254,0.18653499,-0.30254847,0.4048063,0.02789152,0.046874873,0.52103746,-0.45528314,0.78505015,-0.801124,-0.07281194,0.82922906,-0.15926069,0.13997269,-0.35074013,-0.35654104,-0.39379176,200.0,-200.0,200.0,-200.0,200.0,-200.0,-200.0,57.44152058355766,200.0,-31.6240558371224,200.0,200.0,-0.03413338,0.041870575,-0.86104864,1.6807417,-0.9471727,0.09612066,0.08251151,-0.01347005,-0.58371127,1.5765561,-1.0879458,0.008008583,-4.944896,-1.4339397,5.2705927,-6.8453293,22.308754,16.77453,-4.5811715,-1.1438508,3.7306998,-6.050969,8.096126,0.5578304
32,0.23450015,0.2543947,-0.416063,-0.046809617,0.01036044,-0.9988501,1.0,0.0,0.0,-0.033401333,0.031851534,-0.04844123,0.04261875,-0.02988863,0.15506817,0.08530264,-0.022736356,0.23055905,-0.056396008,-0.28153044,-0.05080983,0.13596557,-0.028077437,-0.08961766,-0.061201777,0.15265106,-0.15309836,0.19029085,-0.018730327,-0.037816748,0.03761213,-0.11879748,-0.45932436,0.43834156,-0.10727723,0.079834424,0.7109285,-0.9008069,-0.38480824,-0.094695434,0.32312375,0.13351034,0.94463557,-0.75767785,-0.33951077,200.0,-200.0,-161.77452412075132,-200.0,-48.02626468576943,-200.0,39.68267409950937,200.0,-200.0,200.0,-200.0,-200.0,-0.033401333,0.031851534,-0.84844124,1.6426188,-0.82988864,0.15506817,0.08530264,-0.022736356,-0.56944096,1.543604,-1.0815305,-0.05080983,2.7193112,-0.5615487,-1.7923533,-1.2240355,3.053021,-3.0619671,3.8058171,-0.37460655,-0.75633496,0.75224257,-2.3759496,-9.186487
33,0.10841906,0.007824898,-0.19459862,-0.041306682,0.0032836134,-0.9991411,1.0,0.0,0.0,0.046810668,0.017956743,-0.058989346,0.047581673,-0.10856342,0.028833926,0.071135744,-0.019487722,0.21094608,-0.015411854,-0.38808793,-0.14878117,0.62411094,-0.1035818,-0.009244857,0.09479209,-0.8385898,-0.867006,-0.25322968,0.048115294,-0.12256483,0.3267822,-0.75640625,-0.4157621,-0.56126577,0.10074085,0.67935264,-0.4518969,-0.2550487,0.3447771,-0.6337897,0.2570215,0.2073021,-0.7294683,0.12434302,0.7868774,-112.23808615405068,200.0,-40.900743797320786,200.0,-24.453504171406735,30.48980071335103,200.0,-157.68246860205375,200.0,200.0,-200.0,15.987047593837133,0.046810668,0.017956743,-0.85898936,1.6475817,-0.90856344,0.028833926,0.071135744,-0.019487722,-0.5890539,1.5845882,-1.1880879,-0.14878117,12.482219,-2.071636,-0.18489714,1.8958418,-16.771795,-17.34012,-5.0645933,0.9623059,-2.4512966,6.535644,-15.128125,-8.315242
34,-0.35472816,-0.33147654,0.5581357,-0.04955336,0.010369375,-0.99871767,1.0,0.0,0.0,0.11016719,0.024983995,-0.022913754,0.027665496,-0.18407339,-0.040894855,-0.032225695,0.008159075,0.2087493,0.022468686,-0.4332766,-0.128364,0.069981776,0.12682918,0.31706592,-0.25836593,-0.16424261,0.07853796,-0.70244926,0.19757228,0.06193039,0.089477144,0.21115664,0.5267286,-0.68679756,0.24973284,-0.84419817,-0.34212747,0.2927509,0.80634326,0.9331246,-1.0724382,-0.13009757,-0.94040424,0.1236366,0.40564498,-200.0,200.0,-49.790083343701724,-200.0,200.0,200.0,-200.0,44.978366324979746,200.0,-200.0,28.704745039161992,200.0,0.11016719,0.024983995,-0.82291377,1.6276655,-0.9840734,-0.040894855,-0.032225695,0.008159075,-0.5912507,1.6224687,-1.2332766,-0.128364,1.3996356,2.5365834,6.3413186,-5.1673183,-3.284852,1.5707592,-14.048985,3.9514456,1.2386078,1.7895428,4.2231326,10.534572
35,-0.33951467,0.18896447,0.7164425,-0.04952015,0.025263911,-0.99845356,1.0,0.0,0.0,0.08039516,0.04932616,0.007769048,-0.019321442,-0.11069882,0.04960443,-0.12285764,0.044008862,0.20436442,0.023711085,-0.29394943,0.03880183,-0.23015824,0.05240349,-0.08580151,-0.014641205,0.765287,0.5182321,-0.26201,0.17557402,-0.07802828,-0.06888078,0.8959732,0.8076965,-0.0117924735,-0.4030164,0.1652939,0.6047708,-0.02717577,0.071064465,0.8426189,-1.0136921,0.6760246,-0.009348616,-0.22025287,-0.58885473,200.0,-200.0,-200.0,-200.0,-44.74350240710794,-74.32599883493867,-200.0,200.0,-200.0,-200.0,146.99272510639537,200.0,0.08039516,0.04932616,-0.79223096,1.5806786,-0.91069883,0.04960443,-0.12285764,0.044008862,-0.5956356,1.6237111,-1.0939494,0.03880183,-4.6031647,1.0480698,-1.7160302,-0.2928241,15.305739,10.364642,-5.2402,3.5114803,-1.5605655,-1.3776156,17.919464,16.15393
36,0.27087042,-0.5119842,0.22748393,-0.056747083,0.02614147,-0.9980463,1.0,0.0,0.0,0.046524126,0.03583472,0.010631025,-0.0011113882,-0.05361104,0.07452079,-0.12642893,0.05461998,0.22075367,0.0012395382,-0.2197128,0.096542485,-0.12877049,-0.16983423,0.0940068,0.17611913,0.061602533,-0.0008149717,0.17880319,-0.04455806,0.20067088,-0.12607431,0.027094034,-0.13593523,0.32056296,0.5963935,-0.5098076,0.103721455,-0.88367206,-0.3016495,0.18624024,0.0055416226,-0.5332983,-0.26466525,-1.1664717,-0.3762342,200.0,-200.0,200.0,98.92125655312256,-55.65938832644424,-200.0,14.587695390052161,-200.0,200.0,200.0,-16.487450069785368,-8.854137313462768,0.046524126,0.03583472,-0.789369,1.5988886,-0.85361105,0.07452079,-0.12642893,0.05461998,-0.57924634,1.6012396,-1.0197128,0.096542485,-2.5754097,-3.3966844,1.880136,3.5223827,1.2320507,-0.016299434,3.5760639,-0.8911612,4.0134177,-2.5214863,0.54188067,-2.7187045
37,0.15801015,0.115431376,-0.32535025,-0.063583516,0.017616447,-0.99782103,1.0,0.0,0.0,0.078097686,0.010271378,-0.0005245805,0.0394634,-0.14623916,-0.016864931,-0.04216858,0.055671237,0.24402338,-0.03699422,-0.31882817,-0.02142326,0.37702954,-0.09971906,-0.16506901,0.20574687,-0.8912751,-0.6123977,0.50389075,0.020500945,0.049026437,-0.24766286,-0.9224707,-0.7586082,0.12455916,0.23795836,-0.03899159,-0.5550227,-0.08628182,-0.010788984,-0.2111311,0.40018797,-0.15554288,-0.36490297,-0.19129318,0.051689107,-31.314911696056697,-121.26850302223102,-200.0,-200.0,-200.0,36.95733725106345,162.52493097351424,200.0,-200.0,-71.13699617218262,-200.0,34.445295656089456,0.078097686,0.010271378,-0.8005246,1.6394634,-0.9462392,-0.016864931,-0.04216858,0.055671237,-0.5559766,1.5630058,-1.1188282,-0.02142326,7.540591,-1.9943812,-3.3013802,4.1149373,-17.825502,-12.247953,10.077815,0.4100189,0.9805287,-4.953257,-18.449413,-15.172164
38,-0.454023,0.2697225,0.34627485,-0.055805672,0.024882296,-0.9981316,1.0,0.0,0.0,0.10707218,0.017013336,-0.020752788,0.04654169,-0.2176364,-0.04702725,0.008409979,0.08382521,0.23825282,-0.047822,-0.36383492,-0.049829274,0.022608813,0.14264861,-0.06015217,-0.10099294,0.07972092,0.053543717,0.06111089,0.22473755,-0.09537136,0.047395866,0.2303051,0.11818975,-0.7052476,-0.21959047,0.4566019,-0.095188186,0.03885503,0.49798036,-0.8589321,-1.347444,0.97705084,0.41542387,0.46508253,0.729099,-200.0,200.0,-200.0,-200.0,35.1922867675292,-78.83272688360015,-86.99148130641353,200.0,115.34868399404051,-200.0,200.0,-48.04836513301312,0.10707218,0.017013336,-0.8207528,1.6465417,-1.0176364,-0.04702725,0.008409979,0.08382521,-0.5617472,1.552178,-1.1638349,-0.049829274,0.45217624,2.852972,-1.2030433,-2.0198588,1.5944184,1.0708743,1.2222178,4.494751,-1.9074272,0.9479173,4.606102,2.363795
39,0.11128797,-0.32651705,0.96447533,-0.057041913,0.03220109,-0.9978523,1.0,0.0,0.0,0.05379556,0.022965506,0.003320098,0.009525895,-0.14226967,0.06750275,-0.050073832,0.09492634,0.2399236,-0.028401852,-0.21252531,0.08089747,-0.50787735,-0.06432501,0.2597308,-0.22100209,0.391568,0.890186,-0.58098423,-0.08895021,0.096906215,0.13816771,1.1874194,1.0903982,0.30214736,0.46693122,-0.7452572,0.084395364,-0.0047653764,0.02350571,0.63769466,-0.70515853,0.018064953,-0.49173164,-0.24038088,-0.22060281,-200.0,-200.0,200.0,200.0,200.0,200.0,-200.0,-200.0,200.0,-0.802460632793867,-28.997920089848435,13.014068199421331,0.05379556,0.022965506,-0.7966799,1.6095259,-0.9422697,0.06750275,-0.050073832,0.09492634,-0.5600764,1.5715982,-1.0125253,0.08089747,-10.157547,-1.2865002,5.1946154,-4.4200416,7.83136,17.80372,-11.619684,-1.7790042,1.9381243,2.763354,23.748388,21.807962
40,0.2444344,0.22309497,0.2656517,-0.05721774,0.026391588,-0.99801284,1.0,0.0,0.0,0.0099510215,0.009584197,0.012305796,-0.00039458275,-0.081798315,0.13345133,-0.106027745,0.07391541,0.23508984,-0.0065208673,-0.108410954,0.18857591,0.023592895,-0.07138639,-0.12692092,0.085961975,0.25611869,-0.13414575,-0.034180745,-0.115360536,-0.14255561,0.11301199,-0.12450738,0.06441912,0.556228,0.1566432,0.19995426,0.2553715,-0.46764892,-0.49171647,0.49708992,0.27953017,0.3550421,0.10140191,-0.92681307,-1.0095197,200.0,-200.0,-200.0,-200.0,-200.0,-200.0,200.0,200.0,-200.0,106.96251708525172,-176.263312813727,-179.356776613671,0.0099510215,0.009584197,-0.7876942,1.5996054,-0.8817983,0.13345133,-0.106027745,0.07391541,-0.5649102,1.5934792,-0.90841097,0.18857591,0.4718579,-1.4277278,-2.5384183,1.7192395,5.1223736,-2.682915,-0.6836149,-2.3072107,-2.8511121,2.2602398,-2.4901476,1.2883824
41,-0.3468567,-0.4336644,-0.39234027,-0.06291057,0.029908288,-0.99757093,1.0,0.0,0.0,0.07284338,0.022104636,0.0073616505,0.029456973,-0.13759834,0.0013629164,-0.050891828,0.08425155,0.23604828,0.01896596,-0.2419191,0.09424442,0.5527425,0.16671506,0.052871853,0.19848718,-0.654689,-1.007912,0.5290124,0.18840776,0.12300257,0.12758134,-1.1100316,-0.91051453,-0.3697487,-0.109121636,-0.67841285,-0.12920529,-1.0128803,0.37064934,-0.2960097,-0.8254258,0.16358954,-0.31147677,-0.51592565,0.31770083,200.0,200.0,142.03880935769809,41.67033603891568,-200.0,-200.0,200.0,128.25233064026003,200.0,200.0,-64.29002193798317,-35.70280979563631,0.07284338,0.022104636,-0.79263836,1.629457,-0.93759835,0.0013629164,-0.050891828,0.08425155,-0.56395173,1.618966,-1.0419191,0.09424442,11.05485,3.334301,1.0574371,3.9697435,-13.0937805,-20.15824,10.580248,3.768155,2.4600513,2.5516267,-22.200632,-18.21029
42,0.2654144,0.22453913,0.23870504,-0.065423936,0.030030753,-0.9974056,1.0,0.0,0.0,0.12557557,0.028083246,0.0011995435,0.05620098,-0.36526626,-0.09275567,-0.0068084137,0.0877152,0.23876143,0.026012301,-0.36423403,0.019253096,0.030018464,-0.086062066,-0.09098111,0.07989407,-1.370963,-0.031080613,-0.03288624,-0.12860785,-0.05501761,-0.04495209,-0.3396805,0.06332342,-0.6476404,0.20269963,0.10617974,-0.66352844,0.6048497,0.5275454,-0.42711934,0.21552803,-0.22758317,-0.65998423,0.7689746,0.6527018,-200.0,-200.0,-108.00194438859134,-200.0,45.902789298535765,200.0,-200.0,-200.0,-200.0,-200.0,43.64922491780726,200.0,0.12557557,0.028083246,-0.79880047,1.656201,-1.1652663,-0.09275567,-0.0068084137,0.0877152,-0.5612386,1.6260123,-1.164234,0.019253096,0.6003693,-1.7212414,-1.8196222,1.5978814,-27.41926,-0.62161225,-0.6577248,-2.5721571,-1.1003522,-0.8990418,-6.7936096,1.2664684
43,-0.32841402,0.28868493,1.2032827,-0.054864958,0.034404952,-0.99790084,1.0,0.0,0.0,0.06696026,0.038748465,0.006901264,0.03250456,-0.53470606,0.0047014905,-0.06484145,0.08362174,0.22308469,0.0034649372,-0.32367808,0.13573073,-0.5583121,0.16594253,0.11291027,-0.27400085,-0.41772968,0.91246617,-0.5016698,0.070973285,-0.102513604,-0.16985033,0.647217,0.99027985,0.18671352,0.15039928,-0.00044687517,0.06936917,0.4651711,0.24645719,0.3914458,-0.5922102,1.259158,-0.09972931,0.20917907,-0.46409366,-200.0,200.0,-200.0,-200.0,200.0,157.291502686885,-200.0,192.65591122635695,105.02977632679577,-200.0,200.0,200.0,0.06696026,0.038748465,-0.79309875,1.6325046,-1.3347061,0.0047014905,-0.06484145,0.08362174,-0.5769153,1.603465,-1.1236781,0.13573073,-11.166243,3.3188505,2.2582054,-5.4800167,-8.354593,18.249323,-10.033397,1.4194657,-2.050272,-3.3970065,12.944339,19.805597
44,-0.21352236,-0.15913393,0.33939207,-0.05425144,0.045827497,-0.99747515,1.0,0.0,0.0,0.033136882,0.050060395,0.017125249,0.041059732,-0.5055775,0.110328026,-0.09537739,0.07816678,0.20995402,0.0043138266,-0.1441853,0.16398512,0.097656466,0.050325867,0.0386756,0.09368744,0.5870134,0.5463799,0.049222004,-0.037174206,0.056191977,-0.10931307,1.0795771,-0.28398767,0.43533185,-0.543718,-0.5164823,0.92669415,0.31871492,-0.5158299,0.7108756,-0.65526056,0.4722419,0.49256396,-0.3645161,-0.4305722,200.0,-200.0,200.0,-200.0,200.0,-200.0,200.0,200.0,-32.03222276698248,63.86246055077427,200.0,200.0,0.033136882,0.050060395,-0.78287476,1.6410598,-1.3055775,0.110328026,-0.09537739,0.07816678,-0.590046,1.6043139,-0.9441853,0.16398512,1.9531293,1.0065173,0.77351195,1.8737488,11.740268,10.927598,0.9844401,-0.7434841,1.1238395,-2.1862614,21.591541,-5.6797533
45,0.44560593,-0.21573071,-0.5743018,-0.062651634,0.03864137,-0.99728715,1.0,0.0,0.0,0.11483389,0.030960724,-0.0016621351,0.09752941,-0.28908962,0.11548025,-0.025528545,0.06750794,0.20682204,0.0420233,-0.16278297,0.016343951,0.6216798,-0.204033,-0.1983263,0.43909064,1.2991334,-0.40040204,0.5627736,-0.14302886,0.006272752,0.2403885,-0.40922505,-0.94528025,-0.550659,0.3523383,0.10233832,-0.5915644,-0.29966658,-0.19509658,-0.58396536,0.96616375,-0.45859343,-0.59696597,-0.54181194,-0.19924697,200.0,-200.0,200.0,200.0,-23.681032605807673,32.683506949113394,65.81441450551529,-200.0,-200.0,200.0,-57.644825383594025,-200.0,0.11483389,0.030960724,-0.80166215,1.6975294,-1.0890896,0.11548025,-0.025528545,0.06750794,-0.593178,1.6420233,-0.962783,0.016343951,12.433596,-4.08066,-3.966526,8.781813,25.982668,-8.00804,11.255471,-2.860577,0.12545504,4.80777,-8.184501,-18.905605
46,-0.14517163,-0.2049729,0.4120207,-0.07081926,0.03374519,-0.9969182,1.0,0.0,0.0,0.17328626,0.020568267,-0.011400282,0.1463139,-0.13654691,0.011028853,0.034598462,0.06148657,0.20720655,0.07711899,-0.2846616,-0.081890784,0.030623311,0.07089972,0.06643407,0.08981965,0.32375124,-0.45780975,0.08257381,0.06225092,-0.011312983,0.12336166,-0.55709356,-0.27029,-0.6409128,-0.117243096,-0.33081213,-1.0707657,-0.85718906,0.3847899,-0.49132076,-0.071563676,-0.107024126,-1.093167,0.107862934,1.0129305,-200.0,200.0,-200.0,-200.0,43.684392796814905,41.88193282701624,-200.0,200.0,187.69423739436374,-200.0,-200.0,46.59142815112614,0.17328626,0.020568267,-0.8114003,1.7463139,-0.9365469,0.011028853,0.034598462,0.06148657,-0.59279346,1.677119,-1.0846616,-0.081890784,0.6124662,1.4179943,1.3286813,1.7963929,6.4750247,-9.156195,1.6514761,1.2450184,-0.22625966,2.4672332,-11.1418705,-5.4058
47,0.31737468,0.5261975,1.0790145,-0.06166514,0.03020685,-0.9976397,1.0,0.0,0.0,0.12214304,0.005798546,-0.015975118,0.1526624,-0.17603517,0.026928054,-0.0098829,0.041228667,0.17914599,0.085306644,-0.2875269,-0.029271554,-0.49064013,-0.16573967,-0.09785919,-0.01956451,-0.62382615,0.517771,-0.46639353,-0.19979875,-0.24775238,-0.026051003,0.42985445,0.69764787,0.56674933,0.54700315,-0.011241426,-0.17383686,0.15512581,0.4347059,0.6623428,0.07059978,0.91405636,-0.7200615,0.42777616,-0.30977875,-200.0,-46.00153618306558,-200.0,-200.0,200.0,200.0,-200.0,-99.30236680557954,-200.0,-200.0,-200.0,200.0,0.12214304,0.005798546,-0.8159751,1.7526624,-0.9760352,0.026928054,-0.0098829,0.041228667,-0.620854,1.6853067,-1.0875269,-0.029271554,-9.812802,-3.3147933,-1.9571837,-0.3912902,-12.476522,10.35542,-9.32787,-3.9959748,-4.9550476,-0.52102005,8.597089,13.952957
48,-0.19430715,0.1551557,0.2634701,-0.049195863,0.031134728,-0.9983038,1.0,0.0,0.0,0.0857687,-0.0010742977,-0.014294386,0.11702299,-0.19364649,0.16163403,-0.04086971,0.033769414,0.16494256,0.04505062,-0.10503429,0.0033904796,0.06807821,0.058602523,0.07118248,-0.29518825,0.35183704,0.5964975,0.09707829,0.063180506,0.067131065,-0.3452316,1.1314334,-0.27096575,0.33766186,0.24994911,-0.25007492,0.53404456,0.10416128,-0.3860082,0.56419975,-0.6313077,1.1289716,-0.2724018,-0.35288048,-0.45210367,200.0,29.807975560104218,200.0,-200.0,-41.30983206171118,-200.0,200.0,200.0,-52.24622058491279,-200.0,200.0,-51.800619420729845,0.0857687,-0.0010742977,-0.8142944,1.717023,-0.9936465,0.16163403,-0.04086971,0.033769414,-0.63505745,1.6450506,-0.9050343,0.0033904796,1.3615643,1.1720505,1.4236497,-5.9037647,7.036741,11.929949,1.9415659,1.2636101,1.3426213,-6.9046316,22.628668,-5.419315
49,-0.04068556,0.047813024,-0.5496347,-0.04577489,0.035163295,-0.99833274,1.0,0.0,0.0,0.14371647,0.01463042,-0.019483507,0.085981965,-0.085130155,0.17179775,0.039131187,0.047944326,0.18217903,0.007904291,-0.12422806,-0.078565486,0.3867999,0.09500704,-0.10463466,-0.030770285,0.42766762,-0.39855394,0.639468,0.07796634,0.14529052,-0.19670178,-0.5679879,-0.6488857,-0.23141417,-0.48419517,0.08425582,0.89374834,-0.49036336,-0.16820675,-0.4250637,-0.12269528,0.15198445,1.3683441,-0.895379,-0.22161624,200.0,-200.0,200.0,-200.0,67.1507424588358,-164.1729954199966,24.252332520484117,200.0,-200.0,200.0,-60.38196796200185,-200.0,0.14371647,0.01463042,-0.8194835,1.685982,-0.88513017,0.17179775,0.039131187,0.047944326,-0.617821,1.6079043,-0.9242281,-0.078565486,7.735998,1.9001408,-2.092693,-0.6154057,8.553352,-7.9710784,12.78936,1.5593268,2.9058104,-3.9340355,-11.359758,-12.977715
50,0.59863526,-0.06540715,0.2138972,-0.04721636,0.02238494,-0.99863386,1.0,0.0,0.0,0.15955864,0.009326502,-0.03015232,0.101507664,-0.10878718,0.06335976,0.0875785,0.04051928,0.19368464,0.02777481,-0.31138343,-0.15550828,-0.17414068,-0.1283302,-0.017281352,0.16520989,-0.5653015,-0.50413543,-0.048416603,-0.16093175,0.00042617056,0.25391325,-1.2121559,-0.15021813,-0.55324787,0.2774673,0.24526227,-0.6897487,-0.38990885,0.33023828,-0.9767843,1.0797044,-0.19115463,-0.5365266,0.37332803,0.85833114,-200.0,-200.0,-93.37058210258564,200.0,-6.993331690311379,24.31916945260491,-200.0,-200.0,200.0,200.0,-200.0,41.0412489498749,0.15955864,0.009326502,-0.83015233,1.7015077,-0.9087872,0.06335976,0.0875785,0.04051928,-0.6063154,1.6277748,-1.1113834,-0.15550828,-3.4828136,-2.566604,-0.34562704,3.3041978,-11.306029,-10.082708,-0.96833205,-3.218635,0.008523411,5.0782647,-24.243118,-3.0043626
51,-0.01581993,-0.08711599,1.1863971,-0.050013937,0.013374986,-0.99865896,1.0,0.0,0.0,0.062601365,0.011532517,-0.007959008,0.0957222,-0.2062071,0.06636595,0.02300355,0.029744007,0.18733424,0.06547272,-0.4453917,-0.08190181,-0.7405318,0.12104108,0.21897495,-0.187811,-0.40355584,0.4400142,-0.5477708,0.035716645,-0.060124177,0.13744389,-0.226697,0.79226774,0.74733496,0.40021628,-0.285122,-0.65890443,0.40373683,0.59738815,0.88381344,-0.0916567,0.2633158,-0.9485409,0.5041115,-0.26900452,-200.0,200.0,-200.0,-200.0,200.0,200.0,-200.0,200.0,200.0,-200.0,37.698891809345696,199.78004415261557,0.062601365,0.011532517,-0.807959,1.6957222,-1.0062071,0.06636595,0.02300355,0.029744007,-0.6126658,1.6654727,-1.2453917,-0.08190181,-14.810636,2.4208217,4.379499,-3.7562199,-8.071116,8.800284,-10.955416,0.7143329,-1.2024835,2.7488778,-4.53394,15.845355
52,-0.039376877,-0.0544333,0.38785994,-0.051947124,0.015603284,-0.99852794,1.0,0.0,0.0,-0.016973196,0.032783307,0.024219275,0.053085685,-0.17590654,0.21245973,-0.03078204,0.035724845,0.1946863,0.05897379,-0.38564605,-0.027472056,-0.023438739,0.02369842,0.015154855,-0.013631185,0.63168323,0.545917,-0.05362276,0.027695784,0.10504123,-0.1627514,0.73061645,-0.15246935,0.66667944,-0.3716272,-0.3516393,0.47076324,0.013364345,-0.12320967,0.6318056,-0.79918325,0.1423854,0.67089105,-0.34854302,-0.6549855,200.0,-200.0,42.7826032359695,-200.0,200.0,-200.0,200.0,200.0,-200.0,-200.0,200.0,200.0,-0.016973196,0.032783307,-0.77578074,1.6530857,-0.97590655,0.21245973,-0.03078204,0.035724845,-0.6053137,1.6589738,-1.185646,-0.027472056,-0.46877477,0.4739684,0.3030971,-0.2726237,12.633664,10.918339,-1.0724552,0.5539157,2.1008246,-3.255028,14.612329,-3.049387
53,0.55588955,0.37866303,-0.3792544,-0.04339238,0.0040044314,-0.9990501,1.0,0.0,0.0,0.038677722,0.010217684,-0.015917063,0.09013736,-0.10547745,0.21728387,0.012853834,0.020338064,0.1869294,0.0551337,-0.3364212,-0.15935978,0.52412844,-0.23168413,-0.3568518,0.34467474,0.26239264,-0.40274224,0.44222474,-0.16610594,-0.117983006,0.080879144,-0.011053216,-1.002778,-0.40126163,0.87024313,0.6969357,-0.38187736,-0.6284852,-0.25973073,-0.2701879,1.0516798,0.55211854,0.080515146,-0.5854224,0.2650368,200.0,-200.0,12.503074420424866,200.0,-26.063520677164664,-48.827101552595536,200.0,-200.0,-200.0,200.0,-26.03042677078423,-200.0,0.038677722,0.010217684,-0.8159171,1.6901374,-0.90547746,0.21728387,0.012853834,0.020338064,-0.6130706,1.6551337,-1.1364212,-0.15935978,10.482569,-4.6336827,-7.137036,6.8934946,5.247853,-8.054845,8.844495,-3.3221188,-2.3596601,1.6175828,-0.22106431,-20.055561
54,-0.051416267,-0.2595082,0.32645014,-0.042117782,-0.0047657075,-0.9991013,1.0,0.0,0.0,0.08082242,-0.0047483346,-0.0386402,0.123808265,-0.1599086,0.070764214,0.04736174,0.008837099,0.19432896,0.061796665,-0.40670794,-0.25622147,-0.03709081,0.05593874,0.0794895,0.026203105,-0.71026444,-0.7270846,-0.047198225,0.03353849,0.15067779,0.0055916845,-0.39203802,-0.05969281,-0.74704105,0.23827676,-0.14883988,-0.77420735,-0.33174658,0.6688048,-0.60652846,-0.12689377,-0.2128945,-0.9211944,0.0057365894,1.0294402,-200.0,200.0,200.0,27.51184546035068,33.633217433839434,200.0,-200.0,200.0,200.0,-200.0,-200.0,65.83974354227905,0.08082242,-0.0047483346,-0.8386402,1.7238083,-0.9599086,0.070764214,0.04736174,0.008837099,-0.60567105,1.6617967,-1.206708,-0.25622147,-0.74181616,1.1187748,1.58979,0.5240621,-14.205289,-14.541692,-0.9439645,0.6707698,3.0135555,0.11183369,-7.84076,-1.1938562
55,-0.03507358,0.39469615,0.9721974,-0.037918177,-0.0019168715,-0.999279,1.0,0.0,0.0,0.011672246,0.013356983,-0.041868925,0.11172533,-0.22861773,0.028764015,-0.025833853,-0.0005257877,0.19793981,0.049225926,-0.37709314,-0.16161415,-0.5980007,0.12379459,-0.0807998,-0.13226989,-0.2230387,0.2132572,-0.62689644,-0.10536213,-0.08822452,-0.11989564,0.59062386,0.9087109,0.58853835,-0.04220228,-0.0651061,-0.0047231056,0.46735096,0.5841049,0.84040016,-0.13047205,0.62964404,-0.42614222,0.6509231,-0.35166645,-200.0,-161.2011264821392,-200.0,-200.0,200.0,200.0,-200.0,200.0,-146.53724520055667,-200.0,18.69744165893826,200.0,0.011672246,0.013356983,-0.84186894,1.7117254,-1.0286177,0.028764015,-0.025833853,-0.0005257877,-0.6020602,1.649226,-1.1770931,-0.16161415,-11.960013,2.4758918,-1.615996,-2.6453977,-4.460774,4.265144,-12.537929,-2.1072426,-1.7644904,-2.3979127,11.812477,18.174217
56,0.3146956,0.05325612,0.11118819,-0.029967427,-0.009027282,-0.9995101,1.0,0.0,0.0,-0.042632792,0.013995469,-0.048419952,0.07779956,-0.16625947,0.16920237,-0.09350659,-0.0318464,0.21535242,-0.015240788,-0.15348792,-0.08506772,-0.009232677,-0.06603539,-0.010076702,-0.18282178,0.74942297,0.8918652,-0.09463503,-0.17473519,0.22858603,-0.48709226,1.5498309,-0.048548203,0.48159954,0.36388135,0.15490507,1.0216135,-0.42170823,-0.07333914,0.59820646,0.16907847,0.47805542,0.73711157,-0.81566465,-0.49507555,200.0,-29.7168775826932,200.0,-200.0,200.0,-200.0,200.0,-58.9904319012999,-20.613404928143673,10.078169473291894,200.0,-47.70085262430905,-0.042632792,0.013995469,-0.84841996,1.6777996,-0.9662595,0.16920237,-0.09350659,-0.0318464,-0.5846476,1.5847592,-0.95348793,-0.08506772,-0.18465352,-1.3207078,-0.20153403,-3.6564355,14.98846,17.837303,-1.8927006,-3.4947038,4.5717206,-9.741845,30.996618,-0.9709641
57,-0.2855903,-0.6667249,-0.3724319,-0.045312997,-0.009421675,-0.9989284,1.0,0.0,0.0,0.022593109,0.011460259,-0.034734726,0.08811283,-0.11028814,0.19677138,-0.046530258,-0.022533936,0.2435469,-0.0019397736,-0.21133024,-0.12620935,0.5328961,0.108623624,0.1500058,0.107910626,-0.16567257,-0.30534908,0.5046013,0.19520418,0.24005261,0.14803608,-0.7329323,-0.5336482,-0.017386414,-0.7139261,-0.3702396,0.43973464,-0.88625056,-0.5681114,-0.28632173,-0.11523828,-0.53974843,0.36744905,-0.74449015,-0.03544491,200.0,200.0,200.0,200.0,-200.0,-200.0,200.0,200.0,200.0,200.0,-200.0,-200.0,0.022593109,0.011460259,-0.83473474,1.6881129,-0.91028816,0.19677138,-0.046530258,-0.022533936,-0.5564531,1.5980603,-1.0113302,-0.12620935,10.657922,2.1724725,3.000116,2.1582124,-3.3134513,-6.1069818,10.092026,3.9040835,4.801052,2.9607215,-14.658647,-10.672964
58,0.33736184,-0.031529546,0.31839484,-0.058261953,-0.012239043,-0.9982263,1.0,0.0,0.0,0.06749582,0.010838253,-0.043661892,0.14884686,-0.24909347,0.029454445,-0.013548547,-0.017458972,0.245965,0.06185329,-0.38775235,-0.13497938,-0.02538665,-0.097178854,-0.19843692,0.45385844,-1.1255445,-1.213756,-0.109137654,-0.11137267,-0.17626485,0.45827228,-0.77671546,0.2010082,-0.68154913,0.1097561,-0.0053647426,-0.9071739,0.117374465,0.20041315,-0.6044068,0.6374668,-0.4766016,-0.85550654,0.47898924,0.5385501,-200.0,-114.35085722675926,-200.0,200.0,65.2951353743889,10.905341016339435,-199.28132348811326,-200.0,-200.0,175.13054080235867,-200.0,-58.05519060249594,0.06749582,0.010838253,-0.8436619,1.7488469,-1.0490935,0.029454445,-0.013548547,-0.017458972,-0.554035,1.6618533,-1.1877524,-0.13497938,-0.507733,-1.943577,-3.9687383,9.077168,-22.510891,-24.27512,-2.182753,-2.2274535,-3.525297,9.165445,-15.534308,4.020164
59,-0.20148589,0.044276003,1.281839,-0.058986057,-0.011070973,-0.99819744,1.0,0.0,0.0,0.0008878644,0.018293545,-0.059541583,0.20132625,-0.36888844,-0.10955505,-0.08982279,-0.01960343,0.20194048,0.14063478,-0.43468064,0.0072874757,-0.5817749,0.12754242,0.0027998195,0.119598806,-0.16808875,-0.2689291,-0.6043614,0.06757659,-0.26315174,0.33978978,0.20938313,1.0710608,0.73060936,0.079410836,0.591351,-0.9318062,0.7357045,0.81025076,0.7647701,-0.112381175,0.79930437,-1.0895704,0.2580503,-0.4503039,-200.0,200.0,-200.0,-200.0,200.0,60.390404147188065,-200.0,75.1451216908912,120.05734207814366,-200.0,200.0,200.0,0.0008878644,0.018293545,-0.8595416,1.8013263,-1.1688884,-0.10955505,-0.08982279,-0.01960343,-0.59805954,1.7406348,-1.2346807,0.0072874757,-11.635497,2.5508482,0.05599639,2.391976,-3.361775,-5.378582,-12.087228,1.3515317,-5.2630343,6.7957954,4.1876626,21.421215
60,-0.04353456,-0.6267949,0.4565322,-0.07210124,-0.00501117,-0.9973847,1.0,0.0,0.0,-0.054813445,0.03195616,-0.021547556,0.19404864,-0.29728192,-0.055078898,-0.15778774,-0.015602481,0.19606346,0.16983235,-0.28874367,0.11789999,-0.0308265,0.03275079,0.34174764,-0.1685588,0.78870326,0.714585,-0.12490536,-0.018199021,0.1610301,-0.008452106,1.1023177,0.12982836,0.5594532,-0.47757918,-1.0851746,-0.7349919,0.20860787,0.12091241,1.0613005,-0.3977049,-0.4314952,-0.827087,-0.4137878,-0.723031,200.0,-183.27614653495223,200.0,-200.0,66.48914604707966,-200.0,200.0,58.441328588160864,200.0,-200.0,200.0,200.0,-0.054813445,0.03195616,-0.82154757,1.7940487,-1.0972819,-0.055078898,-0.15778774,-0.015602481,-0.60393655,1.7698324,-1.0887437,0.11789999,-0.61653,0.65501577,6.834953,-3.371176,15.774065,14.291699,-2.4981072,-0.3639804,3.2206018,-0.16904213,22.046352,2.5965672
61,0.6013694,-0.016503902,-0.35906443,-0.08383631,-0.017429885,-0.9963271,1.0,0.0,0.0,-0.0009750175,0.011368354,0.019292414,0.14778447,-0.12570167,0.01679349,-0.133106,-0.039430995,0.21162742,0.15005457,-0.17264253,0.040474966,0.5165169,-0.21587615,0.10058705,-0.27935153,0.7363913,0.2375618,0.32370576,-0.20033954,0.012853888,-0.17272297,0.15428315,-0.81015885,-0.07274861,0.87330323,-0.24461022,-0.18898231,-0.79640454,-0.03255271,-0.020337451,1.0982052,0.013628729,0.39520997,-0.82847655,-0.19123,200.0,-200.0,-200.0,-200.0,-200.0,-200.0,200.0,-200.0,-200.0,-200.0,-69.82176716896095,-31.354837717368753,-0.0009750175,0.011368354,-0.7807076,1.7477845,-0.9257017,0.01679349,-0.133106,-0.039430995,-0.5883726,1.7500546,-0.97264254,0.040474966,10.3303385,-4.317523,2.011741,-5.5870304,14.727826,4.751236,6.474115,-4.0067906,0.25707775,-3.4544592,3.085663,-16.203176
62,-0.07226488,0.63843274,0.1918777,-0.06880169,-0.026855562,-0.9972688,1.0,0.0,0.0,0.044436924,-0.0011101713,0.02235192,0.07604754,-0.08238995,0.00654034,-0.08696925,-0.04974584,0.17322713,0.15169108,-0.24750024,-0.049274758,-0.004332356,0.058080174,-0.04697832,-0.41817552,-0.20912991,-0.09279157,0.17686532,0.06942146,-0.3313713,0.14301063,-0.808962,-0.31592894,-0.95936257,0.2474216,0.42727402,-0.15587911,-0.48895252,0.2735963,-0.35930005,0.09595142,0.5484348,0.22102396,-0.42441475,0.64330536,-44.81032224275734,200.0,-22.74692656035438,200.0,-200.0,34.27844126405529,-200.0,200.0,-200.0,-137.75111597214232,-200.0,14.006389911563815,0.044436924,-0.0011101713,-0.7776481,1.6760476,-0.88238996,0.00654034,-0.08696925,-0.04974584,-0.6267729,1.7516911,-1.0475003,-0.049274758,-0.08664712,1.1616035,-0.93956643,-8.36351,-4.182598,-1.8558314,3.5373065,1.3884292,-6.627426,2.8602126,-16.17924,-6.3185787
63,-0.6146131,-0.1879775,1.2112112,-0.06415307,-0.00864406,-0.99790263,1.0,0.0,0.0,-0.0022130145,0.022131255,0.030038,0.08624542,-0.15629679,0.040182944,-0.10655099,-0.01937833,0.14341104,0.17319787,-0.4127912,-0.008190275,-0.4067195,0.15131089,0.18602397,0.058183413,-0.65313643,0.3761263,-0.3141957,0.19355269,-0.023113377,0.06514367,-0.6296038,0.63534284,0.3316623,-1.1481384,-0.24657734,0.52755404,0.42402673,0.52920943,0.20468453,-1.1310296,0.751734,-0.4386179,0.5787194,0.18487468,-200.0,53.90617782484276,200.0,26.662972079830368,200.0,200.0,-200.0,200.0,200.0,-200.0,-56.514677708552426,137.01004649877274,-0.0022130145,0.022131255,-0.769962,1.6862454,-0.9562968,0.040182944,-0.10655099,-0.01937833,-0.656589,1.7731979,-1.2127912,-0.008190275,-8.13439,3.0262177,3.7204792,1.1636683,-13.062729,7.522526,-6.2839136,3.8710537,-0.46226755,1.3028734,-12.592075,12.706857
64,0.1092516,-0.25873798,0.1804359,-0.07316126,0.0018158638,-0.99731845,1.0,0.0,0.0,-0.018522209,0.018557271,0.041813314,0.13147032,-0.17915922,0.1871558,-0.111923456,-0.008823297,0.16334254,0.1514442,-0.4340927,0.07782698,0.17853422,-0.1478503,-0.045610506,0.36257493,0.32643902,0.75042623,0.20830058,-0.061850615,0.19861035,-0.25066528,0.32112548,0.25837082,0.38107356,0.087063864,-0.6709495,-0.73113096,0.36084002,-0.060214378,0.9370606,-0.060226396,-0.24963588,-1.1071938,0.36307806,-0.3925545,200.0,-200.0,200.0,-200.0,200.0,-59.60216323261403,200.0,-200.0,-200.0,200.0,200.0,-65.4218612737917,-0.018522209,0.018557271,-0.7581867,1.7314703,-0.97915924,0.1871558,-0.111923456,-0.008823297,-0.6366575,1.7514442,-1.2340927,0.07782698,3.5706844,-2.957006,-0.9122101,7.2514987,6.5287805,15.008525,4.1660113,-1.2370123,3.972207,-5.0133057,6.422509,5.167416
65,-0.05211058,0.40035987,-0.5036971,-0.06891846,0.0006830912,-0.9976221,1.0,0.0,0.0,0.07319844,0.0046549956,0.0077703595,0.18618524,-0.028446913,0.23034842,-0.01414611,-0.009108849,0.18311226,0.0872761,-0.26251346,0.02512007,0.6197457,-0.01751167,-0.26896918,0.20604897,0.84784526,-0.2232784,0.71151185,0.03117309,0.019011203,-0.38111165,1.2560925,-0.6888404,-0.35229272,0.38950127,0.19372453,-0.43037722,-0.49592364,-0.6136074,-0.771853,-0.03841284,0.8219279,-0.27056253,-0.30101293,-0.27191517,200.0,-128.2567463652324,-200.0,-200.0,92.56675581383229,-200.0,29.686668514886946,190.16013052964976,-200.0,-200.0,-63.45738224334286,-200.0,0.07319844,0.0046549956,-0.79222965,1.7861853,-0.8284469,0.23034842,-0.01414611,-0.009108849,-0.61688775,1.6872761,-1.0625135,0.02512007,12.394914,-0.35023338,-5.3793836,4.1209793,16.956905,-4.465568,14.230237,0.6234618,0.38022405,-7.622233,25.121851,-13.776808
66,-0.08716519,-0.36419538,-0.06457769,-0.067951344,0.003455473,-0.99768263,1.0,0.0,0.0,0.13729055,0.01613094,0.004461825,0.194273,0.034585,0.07865158,0.050420385,0.0012539641,0.21083695,0.036652803,-0.17912662,-0.05636331,0.08520614,0.11375604,0.19080135,-0.092835896,-0.12016101,-1.0382977,-0.038314413,0.08171502,0.20122448,-0.040311154,-0.15835544,-0.24644926,-0.47563463,-0.78655833,-0.49691692,0.047475394,-0.6940877,0.31345853,-0.6218361,-0.27895737,0.07691813,0.665287,-0.4535684,0.12891987,-200.0,-164.93095117006942,200.0,-200.0,125.33064221693002,116.7424490953282,-200.0,200.0,124.15409672469036,-200.0,-200.0,200.0,0.13729055,0.01613094,-0.7955382,1.794273,-0.765415,0.07865158,0.050420385,0.0012539641,-0.58916306,1.6366528,-0.97912663,-0.05636331,1.7041229,2.2751207,3.816027,-1.856718,-2.4032202,-20.765953,-0.7662883,1.6343004,4.0244894,-0.8062231,-3.1671088,-4.928985
67,0.37995273,0.331947,0.6129186,-0.067957774,-0.0018379692,-0.9976865,1.0,0.0,0.0,0.096600816,0.009912893,0.020410836,0.17166877,-0.09361398,-0.021621136,-0.022843275,-0.014289323,0.20598102,0.0602448,-0.26198775,-0.020117456,-0.44048235,-0.14992993,-0.009732917,-0.11809279,-1.0681535,-0.061889675,-0.63740385,-0.20321095,-0.20278147,0.23978804,-0.41328055,0.31867507,-0.04515993,0.6801676,0.38141963,-0.62690157,0.119010195,0.80869347,0.81190985,1.0037287,0.024102427,-0.58046347,0.18189079,0.39280102,-200.0,-200.0,-97.24149481399391,200.0,27.652486776384762,-15.618942286596337,-200.0,-200.0,-200.0,-135.49869706756957,-200.0,200.0,0.096600816,0.009912893,-0.7795892,1.7716688,-0.893614,-0.021621136,-0.022843275,-0.014289323,-0.594019,1.6602448,-1.0619878,-0.020117456,-8.809647,-2.9985983,-0.19465834,-2.3618557,-21.36307,-1.2377934,-12.748076,-4.064219,-4.0556293,4.7957606,-8.265611,6.3735013
68,-0.2409078,0.25226876,0.4069023,-0.05668479,-0.0021393453,-0.99838984,1.0,0.0,0.0,0.040324114,0.0075702355,0.0398407,0.10889399,-0.2012443,0.07257078,-0.08800325,-0.020143459,0.16972828,0.09206748,-0.23613912,0.10592203,-0.20001252,0.097936355,0.19045438,-0.47700197,-0.10502809,0.904947,-0.0814041,0.11271713,-0.15715432,0.09166465,0.5724235,0.62623847,0.570411,-0.1617366,0.024976153,0.1098624,0.54220307,0.08609753,0.75863874,-0.53453255,0.6596119,-0.9086649,0.060735494,-0.33497518,200.0,200.0,-134.80816222910173,-200.0,200.0,-52.31477305639589,33.65652806949677,200.0,200.0,-200.0,200.0,200.0,0.040324114,0.0075702355,-0.7601593,1.708894,-1.0012443,0.07257078,-0.08800325,-0.020143459,-0.63027173,1.6920675,-1.0361391,0.10592203,-4.0002503,1.958727,3.8090875,-9.540039,-2.1005619,18.09894,-1.6280819,2.2543426,-3.1430864,1.833293,11.44847,12.524769
69,0.40995365,-0.09478913,-0.45861238,-0.054622468,-0.0074829664,-0.99847907,1.0,0.0,0.0,0.06460067,-0.0045017293,0.04565853,0.093617916,-0.10951787,0.13476728,-0.049659524,-0.023326106,0.1753583,0.07206178,-0.106075585,0.12799866,0.37250707,-0.16828682,0.00057279837,0.032704208,0.82919115,-0.030099059,0.4188585,-0.11046147,0.1800616,-0.25494725,0.56877065,-0.3113493,-0.46190774,0.6253597,0.16533491,1.023357,0.23630826,-0.2474718,-0.089824736,0.33484596,0.052048497,0.8872831,-1.0276792,-0.5060215,200.0,-200.0,200.0,-200.0,-200.0,-200.0,200.0,-175.83156929749964,-39.784675385164945,4.253007979013731,200.0,-127.29114906144423,0.06460067,-0.0045017293,-0.7543415,1.6936179,-0.9095179,0.13476728,-0.049659524,-0.023326106,-0.6246417,1.6720618,-0.9060756,0.12799866,7.450141,-3.3657362,0.011455967,0.65408415,16.583822,-0.60198116,8.37717,-2.2092295,3.6012318,-5.0989447,11.375413,-6.226986
70,-0.15760756,-0.13379811,0.5112797,-0.059212442,-0.011913147,-0.9981743,1.0,0.0,0.0,0.076937005,-0.008706814,0.048798203,0.11553991,0.030418992,0.028412567,-0.0149147855,-0.0101777585,0.17964703,0.08922231,-0.16341895,-0.029482873,-0.18345468,0.10750177,0.015120806,0.18639806,0.54534525,-0.77173537,-0.0553745,0.16921264,-0.07692052,0.24401641,-0.7190669,-0.98636144,-0.451121,-0.3144818,-0.120564975,-0.72339845,-0.5328218,0.24933565,-0.81883776,-0.037040815,0.13370728,-0.9027061,-0.23939036,0.30020553,-198.15383415257463,200.0,-165.5314547589315,200.0,-200.0,200.0,-200.0,200.0,200.0,200.0,-200.0,200.0,0.076937005,-0.008706814,-0.7512018,1.7155399,-0.769581,0.028412567,-0.0149147855,-0.0101777585,-0.620353,1.6892223,-0.96341896,-0.029482873,-3.6690936,2.1500354,0.30241612,3.727961,10.906905,-15.434707,-1.10749,3.3842528,-1.5384103,4.880328,-14.381338,-19.727228
71,0.34687552,0.18841185,1.0363073,-0.057337794,-0.015774993,-0.9982302,1.0,0.0,0.0,-0.017780652,-0.016835362,0.04360503,0.14134717,0.03554374,-0.018905703,-0.086095154,-0.006227772,0.16079968,0.10913527,-0.2154097,-0.120617256,-0.70966834,-0.14730561,-0.06005439,0.08157074,-0.39929244,0.20138834,-0.59330463,-0.0737318,-0.09796464,-0.016239023,-0.05922639,-0.024461657,0.72808725,0.37008423,-0.027223725,-0.66072696,-0.08461894,0.7408259,1.2052025,-0.046338007,0.3230352,-0.7200491,0.46195495,0.67754513,-200.0,-6.110515837825517,40.40140224916078,-200.0,17.62594649962645,200.0,-200.0,-200.0,-200.0,-200.0,-200.0,200.0,-0.017780652,-0.016835362,-0.756395,1.7413472,-0.7644563,-0.018905703,-0.086095154,-0.006227772,-0.6392003,1.7091353,-1.0154097,-0.120617256,-14.193366,-2.9461122,-1.2010878,1.6314148,-7.985849,4.0277667,-11.866093,-1.4746361,-1.9592927,-0.32478043,-1.1845278,-0.48923314
72,0.10096139,0.05599526,0.15238528,-0.05368067,-0.02264795,-0.99830127,1.0,0.0,0.0,-0.09478683,-0.03072185,0.038429856,0.13519287,-0.00779289,0.12874189,-0.14002562,-0.011047868,0.1702578,0.07183421,-0.12161994,-0.016241878,-0.120422535,-0.010763113,-0.0014554586,-0.11920055,-0.16346088,1.1736909,-0.0051871394,0.0045059337,0.16145259,-0.32894132,0.9014961,0.970215,0.7738544,0.6566677,-0.26810515,-0.026925333,-0.3546378,-0.15939108,0.63931936,-0.31858838,0.7337739,0.50855136,-0.36795872,-0.10813704,200.0,-69.93026941103187,173.28274764025872,-200.0,200.0,200.0,200.0,200.0,-126.30889979229542,-200.0,10.659382897976855,190.53179256549265,-0.09478683,-0.03072185,-0.76157016,1.7351929,-0.8077929,0.12874189,-0.14002562,-0.011047868,-0.6297422,1.6718342,-0.92161995,-0.016241878,-2.4084506,-0.21526226,-0.02910917,-2.384011,-3.2692175,23.473818,-0.103742786,0.09011867,3.2290518,-6.5788264,18.029922,19.4043
73,0.071722314,0.035073064,-0.8570517,-0.051574234,-0.027094003,-0.99830157,1.0,0.0,0.0,-0.05876502,-0.022552952,0.033305287,0.10318315,-0.1070838,0.2559667,-0.08421769,-0.016308634,0.19637859,0.050391912,-0.12307328,0.03553333,0.4277849,0.08198469,-0.06041647,-0.17194869,-0.5299377,0.19564113,0.51285833,-0.036146976,0.1306852,0.015878135,-0.4661452,-0.22227836,-0.2969208,-0.29897356,0.14478801,0.19120523,-0.31821054,-1.0920092,-0.6263916,0.32662326,-0.45923704,0.76404804,-0.45387262,-0.588142,200.0,-200.0,200.0,200.0,-86.12147187048168,-138.01801662218404,200.0,200.0,-200.0,-96.07582230869792,29.907654906787002,-200.0,-0.05876502,-0.022552952,-0.7666947,1.7031832,-0.9070838,0.2559667,-0.08421769,-0.016308634,-0.6036214,1.6503919,-0.9230733,0.03553333,8.555697,1.6396937,-1.2083294,-3.4389737,-10.598754,3.9128225,10.257166,-0.7229395,2.613704,0.3175627,-9.322904,-4.445567
74,0.0429368,-0.0005317832,0.17227653,-0.050889257,-0.030092573,-0.99825084,1.0,0.0,0.0,-0.03997264,-0.011850712,0.024951398,0.10243702,-0.18562353,0.17932095,-0.043300852,-0.01732466,0.19909877,0.08880103,-0.2570998,-0.10838801,-0.17497209,0.037651762,-0.017210448,0.07656379,-0.32051596,-0.8395244,-0.04393384,0.018536376,-0.08474042,0.33227438,-0.86593944,-1.0367442,-0.69478023,0.01602912,0.76639587,-0.34422696,0.51541513,0.035133466,-0.54905725,0.32338274,0.10852235,-0.5519854,0.27429324,0.5034676,-200.0,200.0,-200.0,200.0,-200.0,-200.0,-200.0,-200.0,200.0,108.7109103063173,78.84990802088043,-200.0,-0.03997264,-0.011850712,-0.7750486,1.702437,-0.98562354,0.17932095,-0.043300852,-0.01732466,-0.60090125,1.688801,-1.0570998,-0.10838801,-3.4994416,0.75303525,-0.34420896,1.5312757,-6.4103193,-16.790487,-0.8786768,0.3707275,-1.6948085,6.6454873,-17.318789,-20.734884
75,-0.24787319,-0.12104767,1.0978738,-0.05455539,-0.023773795,-0.9982277,1.0,0.0,0.0,-0.13520558,0.0026641241,0.051787376,0.080040336,-0.14403993,0.10410383,-0.106450625,-0.00227068,0.186643,0.13519168,-0.3225401,-0.2124424,-0.7285338,0.09149803,0.25791237,-0.2656753,0.6406266,-0.15954648,-0.53749,0.11956125,-0.048806515,0.15552758,0.11382568,-0.09815576,0.7307151,-0.51918423,-0.60607314,-0.60150814,0.6116476,0.7789103,0.83643043,-0.7559137,-0.19090614,-1.2704983,0.4685459,0.75567716,-200.0,200.0,-106.02701137777724,-200.0,200.0,200.0,-200.0,-59.05052976067081,200.0,-200.0,200.0,28.24729961532526,-0.13520558,0.0026641241,-0.74821264,1.6800404,-0.94403994,0.10410383,-0.106450625,-0.00227068,-0.613357,1.7351917,-1.1225401,-0.2124424,-14.570676,1.8299606,5.1582475,-5.313506,12.812531,-3.1909294,-10.7498,2.3912249,-0.97613025,3.1105514,2.2765136,-1.9631151
76,0.36393458,0.35859606,0.44125614,-0.050330494,-0.025301324,-0.9984121,1.0,0.0,0.0,-0.20482957,-0.004787779,0.040290356,0.09127033,-0.03693819,0.12590033,-0.15959843,-0.001813176,0.16272038,0.14512765,-0.19083136,-0.12150958,-0.086880974,-0.12841125,-0.25630417,0.2294112,0.40804216,0.40148497,-0.035298605,-0.09698974,-0.19150212,-0.03899698,1.1042751,0.90739346,0.7776806,0.72237426,0.8218123,0.8768579,0.22513701,0.08879929,0.73085654,0.26755947,0.7866444,0.58119303,-0.3850168,-0.0964956,200.0,-200.0,-200.0,-200.0,200.0,200.0,200.0,-200.0,-200.0,-200.0,200.0,200.0,-0.20482957,-0.004787779,-0.75970966,1.6912704,-0.8369382,0.12590033,-0.15959843,-0.001813176,-0.6372796,1.7451277,-0.9908314,-0.12150958,-1.7376195,-2.568225,-5.1260834,4.588224,8.160843,8.029699,-0.7059721,-1.9397949,-3.8300424,-0.7799396,22.0855,18.14787
77,-0.36282495,-0.19100416,-0.22650093,-0.047969714,-0.023645196,-0.9985689,1.0,0.0,0.0,-0.16222604,-0.0011361707,0.010646582,0.14789474,0.041512728,0.12933502,-0.103195325,0.014104137,0.14979053,0.1550641,-0.07910627,-0.00024785794,0.46036133,0.1366051,-0.05933276,0.32587406,0.39397082,-0.08599481,0.5353038,0.22913043,0.03421879,0.124245815,0.11165302,0.18216829,-0.04309123,-0.39113832,-0.11348761,-0.85338706,-0.6103703,-0.59103316,-0.20856404,-0.5222815,0.049004562,-1.1082388,-1.0575328,-0.48247007,200.0,200.0,200.0,200.0,-200.0,-200.0,200.0,200.0,200.0,200.0,-25.76104104468004,2.9146636342483134,-0.16222604,-0.0011361707,-0.78935343,1.7478948,-0.7584873,0.12933502,-0.103195325,0.014104137,-0.6502095,1.7550641,-0.8791063,-0.00024785794,9.207227,2.732102,-1.1866552,6.517481,7.879416,-1.7198962,10.706075,4.5826087,0.68437576,2.4849162,2.2330604,3.6433659
78,0.29566923,0.19519669,0.23571628,-0.046072967,-0.023863353,-0.998653,1.0,0.0,0.0,-0.11245588,0.00071355223,-0.014287055,0.20021951,0.016076207,0.0058481204,-0.060922936,0.02765299,0.1409517,0.1618185,-0.1608302,-0.0713051,0.15424494,-0.098702714,-0.14853214,0.1996874,-0.5549013,-1.049679,-0.045995142,-0.06558461,-0.07450961,-0.048492905,-0.8357262,-0.77627116,-0.5389669,0.13313104,0.031436678,-1.042447,-0.13582094,0.21063295,-0.3473503,0.36928266,0.17202792,-0.31730974,0.19021615,0.08787228,-200.0,-200.0,-114.71628777834142,-200.0,-200.0,-151.8913677300975,-21.857031915459146,-200.0,-56.95538485813921,-200.0,-200.0,-200.0,-0.11245588,0.00071355223,-0.81428707,1.8002195,-0.7839238,0.0058481204,-0.060922936,0.02765299,-0.6590483,1.7618185,-0.9608302,-0.0713051,3.0848987,-1.9740542,-2.9706428,3.993748,-11.098025,-20.99358,-0.91990286,-1.3116921,-1.4901923,-0.9698581,-16.714523,-15.525423
79,-0.2979594,0.037489515,0.9248789,-0.044637628,-0.021030674,-0.99878186,1.0,0.0,0.0,-0.1378784,0.006765746,-0.010638297,0.20578074,-0.04101622,-0.1009722,-0.12016714,0.037738744,0.14547992,0.12656772,-0.22131675,-0.12321665,-0.34962317,0.13157421,0.10300008,-0.093835264,-0.20597439,-0.11220141,-0.4046827,0.14850537,0.06503527,-0.27043748,0.13539521,0.16693172,0.117893495,0.0015970916,-0.012093653,-0.5788678,0.2035384,1.042453,0.8879547,-0.7043755,0.6794792,-0.26445013,0.5432416,0.8975505,200.0,200.0,-4.213344250623365,-200.0,200.0,200.0,-200.0,146.15722829515062,-5.007859839982757,-200.0,17.929605137482866,200.0,-0.1378784,0.006765746,-0.8106383,1.8057808,-0.84101623,-0.1009722,-0.12016714,0.037738744,-0.6545201,1.7265677,-1.0213168,-0.12321665,-6.9924636,2.6314843,2.0600016,-1.8767053,-4.119488,-2.244028,-8.093654,2.9701073,1.3007053,-5.4087496,2.7079043,3.3386343
80,0.0766184,-0.114951365,-0.029601084,-0.04707211,-0.017522234,-0.9987378,1.0,0.0,0.0,-0.14399461,0.012387929,0.010422051,0.16990459,0.009596407,-0.01341212,-0.14212303,0.04581712,0.18671215,0.034338832,-0.088541865,0.02081846,0.23270749,-0.032951772,0.10402582,-0.24630813,0.41913065,0.88590384,0.13235101,-0.033368092,0.30665562,-0.59833294,1.0958488,1.1736194,0.41107845,0.06512512,-0.84851545,0.3257578,-0.08619213,0.0991698,0.4193592,-0.54473686,0.14208108,1.4176686,-0.09157807,-0.17649221,200.0,-200.0,200.0,-44.284836382567846,200.0,200.0,200.0,0.4517542656687503,-145.34990266021808,-200.0,-23.851285054041966,200.0,-0.14399461,0.012387929,-0.78957796,1.7699046,-0.7904036,-0.01341212,-0.14212303,0.04581712,-0.61328787,1.6343389,-0.8885419,0.02081846,4.6541495,-0.65903544,2.0805163,-4.9261627,8.382613,17.718077,2.64702,-0.66736186,6.1331124,-11.966659,21.916975,23.472387
81,0.2920762,0.3038787,-0.787219,-0.041571945,-0.027921908,-0.99874526,1.0,0.0,0.0,-0.043511994,0.0028305608,-0.006797135,0.15269649,0.0036708117,0.14385699,-0.06645494,0.025462858,0.18827236,0.032660246,-0.07318896,0.06656514,0.67455214,-0.040003974,-0.23631184,0.051093023,-0.1816888,0.5366961,0.5923012,-0.12165796,-0.10820067,0.16003782,-0.03511257,-0.24310528,-0.33768785,0.10161047,0.52294827,0.019677918,-0.49361604,-0.7274835,-0.66184896,0.6657264,0.5018687,0.5530965,-0.37824553,-0.75730866,200.0,-200.0,-3.1060090948538033,200.0,-7.427139028403971,-200.0,200.0,165.3281707972933,-200.0,200.0,-9.897043592072208,-200.0,-0.043511994,0.0028305608,-0.80679715,1.7526965,-0.7963292,0.14385699,-0.06645494,0.025462858,-0.61172765,1.6326603,-0.873189,0.06656514,13.491042,-0.80007946,-4.726237,1.0218605,-3.633776,10.733921,11.846024,-2.433159,-2.1640134,3.2007563,-0.70225143,-4.8621054
82,-0.26275095,-0.3138118,-0.06722069,-0.04231226,-0.026435109,-0.9987547,1.0,0.0,0.0,0.030374547,0.022002349,-0.009266913,0.13301146,-0.12405491,0.14069419,-0.0072788955,0.025873631,0.18806005,0.080183506,-0.15670103,-0.09335998,0.11984637,0.1822113,0.1545542,-0.19376397,-0.79548657,-0.46461064,0.054407693,0.085810795,0.08260026,0.29358315,-0.48454484,-1.2545276,-0.99616367,-0.51597375,-0.056371752,-0.779139,-0.17262353,-0.23318654,-0.82341653,-0.20468849,-0.5916444,-0.92909604,-0.18694979,0.6915938,-200.0,200.0,200.0,200.0,39.28523060200786,-200.0,-200.0,-1.7182785050076461,200.0,-55.24536012921956,45.60920317933153,-200.0,0.030374547,0.022002349,-0.8092669,1.7330115,-0.9240549,0.14069419,-0.0072788955,0.025873631,-0.61193997,1.6801835,-0.95670104,-0.09335998,2.3969274,3.6442258,3.091084,-3.8752794,-15.909731,-9.2922125,1.0881538,1.7162158,1.6520052,5.871663,-9.690897,-25.090551
83,0.3654114,0.32177866,0.59519625,-0.04053312,-0.029200869,-0.9987514,1.0,0.0,0.0,-0.005512807,0.03144973,0.0020878315,0.08038223,-0.18102819,0.01737861,-0.05865828,0.0066994764,0.18072605,0.120122075,-0.17963946,-0.23771845,-0.42286023,-0.06266957,-0.00401314,-0.3251886,0.0027210163,-0.5464466,-0.5122707,-0.24457502,-0.13199788,0.12647972,-0.013691762,-0.28651997,0.45774657,0.26801312,0.26744038,0.11018482,0.7640074,0.44912428,0.7441327,0.51344824,-0.011927776,-0.34049034,0.17843592,0.7898647,-200.0,-200.0,-200.0,-200.0,0.9482114024252937,200.0,-200.0,-200.0,-122.58362017690949,-200.0,30.25871320483997,46.63873242394334,-0.005512807,0.03144973,-0.7979122,1.6803823,-0.9810282,0.01737861,-0.05865828,0.0066994764,-0.61927396,1.7201221,-0.9796395,-0.23771845,-8.457205,-1.2533914,-0.0802628,-6.503772,0.054420326,-10.928932,-10.245414,-4.8915005,-2.6399577,2.5295942,-0.27383524,-5.730399
84,-0.1871136,0.27259737,0.275486,-0.029658452,-0.032070715,-0.9990455,1.0,0.0,0.0,-0.03039166,0.038842063,-0.0022752285,0.030123472,-0.074558854,0.0063849776,-0.096983485,-0.01094378,0.15216076,0.13575447,-0.09179562,-0.18764567,0.15386404,0.085253276,-0.08995961,-0.05970508,0.98871326,0.20676482,0.062386792,0.036650952,-0.13181128,0.038230047,0.585801,0.6902951,0.40616307,-0.05236852,0.46843764,0.85271865,-0.16245212,0.7567189,0.48204547,-0.4067726,0.78056836,-0.010984331,-0.4801826,0.27527943,200.0,200.0,-200.0,-200.0,-38.15362025747993,200.0,200.0,200.0,200.0,200.0,200.0,200.0,-0.03039166,0.038842063,-0.80227524,1.6301235,-0.87455887,0.0063849776,-0.096983485,-0.01094378,-0.64783925,1.7357545,-0.89179564,-0.18764567,3.0772808,1.7050655,-1.7991921,-1.1941016,19.774265,4.1352963,1.2477359,0.73301905,-2.6362255,0.76460093,11.71602,13.805902
85,0.38599026,-0.44026586,-0.42251614,-0.03344503,-0.03698149,-0.9987561,1.0,0.0,0.0,0.05406189,0.024251465,-0.004755199,0.046349525,0.00681895,0.14831115,-0.028861089,-0.029875943,0.17443335,0.11077547,-0.08193439,-0.009389192,0.61811656,-0.19978224,0.04450222,0.22493504,-0.1429805,1.0689081,0.5679384,-0.18650858,0.30204436,-0.23062149,-0.39076972,1.019381,-0.3014629,0.15544772,-0.33222887,-0.15859307,-0.7498537,-0.14701727,-0.17288162,0.4957518,-0.3252628,0.014332131,-1.2027814,-0.57497007,200.0,-200.0,200.0,-69.79616195002558,-200.0,200.0,200.0,-168.21008748814887,200.0,200.0,-200.0,200.0,0.05406189,0.024251465,-0.8047552,1.6463495,-0.79318106,0.14831115,-0.028861089,-0.029875943,-0.62556666,1.7107755,-0.8819344,-0.009389192,12.362331,-3.9956446,0.8900444,4.4987006,-2.8596098,21.37816,11.3587675,-3.7301714,6.0408874,-4.6124296,-7.8153944,20.38762
86,-0.24792539,0.22744486,0.2975117,-0.036080014,-0.038553473,-0.99860495,1.0,0.0,0.0,0.11514648,0.017193573,-0.010555327,0.07382023,-0.1259036,0.25117573,0.027246587,-0.03893722,0.19821352,0.08223665,-0.26541013,0.083039105,0.050385762,0.093360536,-0.09409746,0.06387923,-1.089801,0.060796466,0.04440836,0.060341686,-0.024654299,-0.09497246,-1.3470712,0.0064456626,-0.86296964,-0.13065954,0.09216473,-0.6045658,-0.2455978,-0.97821367,-0.9206503,0.065409705,0.22335732,-0.5843585,0.28774804,-0.4530222,-200.0,200.0,-200.0,-35.91801403401007,-200.0,-200.0,-200.0,200.0,-200.0,-200.0,-200.0,-200.0,0.11514648,0.017193573,-0.81055534,1.6738203,-0.9259036,0.25117573,0.027246587,-0.03893722,-0.6017865,1.6822367,-1.0654101,0.083039105,1.0077152,1.8672107,-1.8819491,1.2775846,-21.796019,1.2159293,0.88816714,1.2068337,-0.49308598,-1.8994492,-26.941423,0.12891325
87,-0.1266345,0.0422788,1.0148511,-0.0335825,-0.030384796,-0.99897397,1.0,0.0,0.0,0.06170338,0.032158434,0.0008226037,0.059407115,-0.23450166,0.1568103,-0.022837805,-0.028408166,0.2088967,0.03344941,-0.4280247,-0.02312805,-0.5384726,0.063141875,0.14338951,-0.14872292,-0.10105127,-0.9092434,-0.49387595,0.045157272,0.08760171,-0.3556431,-0.37562743,-0.8818554,0.39329207,-0.017449342,-0.4634479,0.23015216,0.45977157,0.16291754,0.671165,-0.5563617,0.8216419,-0.17117178,0.9354969,0.12868875,-200.0,142.00365582731843,-53.2642519041957,-200.0,200.0,-31.036020934666794,-200.0,-200.0,58.85863528972379,-200.0,146.51859246310738,-200.0,0.06170338,0.032158434,-0.7991774,1.6594071,-1.0345017,0.1568103,-0.022837805,-0.028408166,-0.5911033,1.6334494,-1.2280247,-0.02312805,-10.769452,1.2628374,2.86779,-2.9744582,-2.0210254,-18.184868,-9.877519,0.90314543,1.7520341,-7.1128616,-7.5125484,-17.637108
88,0.36184126,-0.13517594,-0.027177805,-0.034605965,-0.03572029,-0.9987625,1.0,0.0,0.0,0.020289652,0.020147134,0.0039014816,0.06476116,-0.14695394,0.08315855,-0.06198864,-0.039395116,0.23740655,-0.038303614,-0.40148515,-0.07980146,0.07057115,-0.14746468,-0.06523316,0.16503806,0.87876046,0.04470719,0.020671215,-0.1218733,0.067772254,-0.10013362,0.49249798,0.35688096,0.37919375,0.29325992,-0.005989064,0.33753368,-0.13942589,0.75426334,0.83494204,0.2839101,0.32784784,1.1550449,0.24432701,0.6635081,200.0,-200.0,200.0,-200.0,200.0,200.0,200.0,-86.05955784621969,-200.0,200.0,200.0,159.8963571439912,0.020289652,0.020147134,-0.79609853,1.6647612,-0.94695395,0.08315855,-0.06198864,-0.039395116,-0.56259346,1.5616964,-1.2014852,-0.07980146,1.4114228,-2.9492934,-1.3046632,3.3007612,17.575209,0.8941438,0.41342428,-2.437466,1.355445,-2.0026724,9.849959,7.137619
89,-0.26753342,-0.38740477,-0.5571226,-0.045057707,-0.0367442,-0.9983084,1.0,0.0,0.0,0.09369953,0.01530226,-0.008600175,0.11436057,-0.04859382,0.19903193,0.012820035,-0.03125315,0.2550611,-0.03224516,-0.23304302,0.09525104,0.55769503,0.08147293,-0.058256626,0.31254387,0.07699736,1.0151513,0.6540284,0.18159,0.094775885,0.13745387,1.011083,1.1854618,-0.3964005,-0.16810276,-0.21860754,-0.8935883,-0.8026412,-0.18798427,-0.7152667,-0.25094068,-0.5091405,-1.2524768,-0.75463957,-0.39746907,200.0,200.0,54.11242954429562,200.0,-32.646327212283154,-1.6766153099865733,52.85934388883675,200.0,63.30562192519196,157.69380639094032,-200.0,200.0,0.09369953,0.01530226,-0.8086002,1.7143606,-0.84859383,0.19903193,0.012820035,-0.03125315,-0.5449389,1.5677549,-1.033043,0.09525104,11.1539,1.6294587,-1.1651325,6.2508774,1.5399472,20.303024,13.080568,3.6318,1.8955177,2.7490773,20.22166,23.709234
90,0.34353024,0.314373,-0.0041086585,-0.04442395,-0.040087566,-0.99820817,1.0,0.0,0.0,0.14445144,0.00564862,-0.038446426,0.16549838,-0.13613158,0.29531065,0.069044694,-0.029622989,0.2494567,-0.013234735,-0.15391749,0.21406087,0.0061665643,-0.15731049,-0.20820267,0.202637,-0.83779544,0.04475121,-0.031165926,-0.14938803,-0.12113067,0.1005258,-0.17089458,0.07185069,-0.45892626,0.11118685,0.5032951,-0.628562,-0.31969708,-1.2305472,-0.8345129,0.67125136,-0.12069509,-0.46587098,-0.50623155,-0.5675186,-200.0,-200.0,-200.0,-200.0,-200.0,-200.0,-200.0,-200.0,-175.5760933992392,-200.0,-200.0,-200.0,0.14445144,0.00564862,-0.83844644,1.7654984,-0.9361316,0.29531065,0.069044694,-0.029622989,-0.5505433,1.5867653,-0.9539175,0.21406087,0.123331286,-3.1462097,-4.1640534,4.05274,-16.755909,0.8950242,-0.6233185,-2.9877605,-2.4226134,2.010516,-3.4178915,1.4370137
91,-0.2097621,0.30590713,0.9042166,-0.033133876,-0.04038326,-0.99863476,1.0,0.0,0.0,0.081064045,0.0069994438,-0.05603242,0.16914356,-0.21768266,0.19429009,0.0018678637,-0.036207568,0.21994817,-0.005188465,-0.25593346,0.118047096,-0.5802109,0.13132434,0.013258979,-0.12913178,-0.22914754,-0.9539837,-0.5879355,0.06083981,-0.17242418,-0.013253853,-0.5401946,-0.9315856,0.3727265,-0.028005883,0.078394316,-0.37284997,0.062059447,0.18741983,0.41945827,-0.14331715,1.1776085,-0.50960624,0.24235263,0.0011931397,-200.0,200.0,-200.0,-200.0,38.57738402148891,-200.0,-200.0,104.99867804476733,200.0,-200.0,29.077580402795178,-200.0,0.081064045,0.0069994438,-0.85603243,1.7691436,-1.0176827,0.19429009,0.0018678637,-0.036207568,-0.58005184,1.5948116,-1.0559335,0.118047096,-11.6042185,2.6264865,0.26517957,-2.5826356,-4.5829506,-19.079674,-11.75871,1.2167962,-3.4484837,-0.26507705,-10.803891,-18.631712
92,0.22421841,-0.22643077,-0.0036796127,-0.032574456,-0.040845573,-0.99863434,1.0,0.0,0.0,0.02763491,0.007910265,-0.02257365,0.11421716,-0.1671046,0.114502355,-0.057447586,-0.04095579,0.22606134,-0.04055047,-0.25591344,0.03668376,-0.0028326742,-0.07773346,0.2689128,-0.38171288,0.4837718,0.04929325,-0.08849362,-0.06460761,0.11763028,-0.12287158,0.48309475,-0.105922416,0.43671882,-0.21020998,-0.3589619,0.52633816,-0.034039244,0.54896176,1.0933889,-0.36376905,0.5478897,0.5800816,0.51074827,0.7483527,200.0,-200.0,200.0,-200.0,200.0,46.52903338062775,200.0,-11.498958653203346,-43.18348663931525,-200.0,-9.748357155882957,195.97700373857975,0.02763491,0.007910265,-0.82257366,1.7142172,-0.9671046,0.114502355,-0.057447586,-0.04095579,-0.57393867,1.5594496,-1.0559134,0.03668376,-0.05665348,-1.5546691,5.378256,-7.6342573,9.675436,0.985865,-1.7698724,-1.2921523,2.3526056,-2.4574316,9.661895,-2.1184483
93,0.8144345,-0.28309146,-0.8576688,-0.042706814,-0.064152695,-0.99702585,1.0,0.0,0.0,0.089689076,-0.03630042,0.008005977,0.073794365,-0.05959332,0.21514474,-0.010556856,-0.076313145,0.2470684,-0.039004326,-0.11669952,0.112230204,0.55135345,-0.32863167,0.07465895,-0.05930301,0.43907657,0.7258714,0.51322526,-0.26771086,0.028532997,0.23771082,0.400414,0.6439022,-0.51506776,1.5195991,0.21675543,-0.20000154,-0.13936336,0.34228307,-0.5496769,1.3634706,-0.6469771,0.75655013,-0.9249007,-0.37630138,200.0,-200.0,200.0,200.0,200.0,200.0,200.0,-82.0261567011994,-200.0,200.0,-200.0,69.55622425225135,0.089689076,-0.03630042,-0.79199404,1.6737944,-0.85959333,0.21514474,-0.010556856,-0.076313145,-0.5529316,1.5609957,-0.9166995,0.112230204,11.027069,-6.5726333,1.4931791,-1.1860602,8.781531,14.517427,10.264505,-5.354217,0.57065994,4.754216,8.00828,12.878043
94,0.10061059,-0.3320214,0.20195484,-0.05479266,-0.081610225,-0.99515706,1.0,0.0,0.0,0.13548195,-0.068291605,0.032942593,0.080553174,-0.051965654,0.35569844,0.027460065,-0.10333304,0.2300018,0.04610479,-0.14227116,0.12952971,-0.005718561,-0.040409174,0.16669887,0.04170222,-0.17489286,0.46906087,-0.07346247,-0.02705356,-0.19500689,0.5783589,-0.5601541,-0.36998603,-0.6950588,0.91697824,-0.47424138,-0.8547699,-0.25009912,-0.5899023,-0.72057587,0.28944987,-0.39433056,-0.83616334,-0.5057796,-0.31513214,-200.0,200.0,-200.0,200.0,-200.0,-200.0,-200.0,200.0,52.02098312108228,-200.0,200.0,-200.0,0.13548195,-0.068291605,-0.7670574,1.6805532,-0.85196567,0.35569844,0.027460065,-0.10333304,-0.5699982,1.6461048,-0.9422712,0.12952971,-0.11437122,-0.80818343,3.3339775,0.83404434,-3.497857,9.381217,-1.4692494,-0.5410712,-3.900138,11.567178,-11.203081,-7.3997207
95,-0.47456166,0.2888816,0.9078983,-0.056508914,-0.071495295,-0.99583894,1.0,0.0,0.0,0.07168423,-0.05133286,0.04541993,0.08248341,-0.11983913,0.3312189,-0.04676852,-0.085658364,0.16379899,0.15020597,-0.28398436,-0.018231794,-0.57951975,0.18866216,-0.01782542,-0.02135623,-0.46170804,-0.59879166,-0.61080986,0.19175185,-0.44220135,0.471627,-0.78408587,-0.93088084,0.5986908,-0.6634915,-0.12574483,-0.6864015,0.05522518,-0.004360712,0.7497686,-0.67055666,0.81386733,-0.9359353,0.4756645,0.1721907,-200.0,200.0,-200.0,-200.0,-200.0,-200.0,-200.0,200.0,-200.0,-200.0,-200.0,-200.0,0.07168423,-0.05133286,-0.7545801,1.6824834,-0.91983914,0.3312189,-0.04676852,-0.085658364,-0.636201,1.750206,-1.0839844,-0.018231794,-11.590395,3.773243,-0.35650837,-0.4271246,-9.23416,-11.975833,-12.216197,3.835037,-8.844027,9.43254,-15.681717,-18.617617
96,0.13978854,0.27981073,-0.10642143,-0.045765545,-0.0653527,-0.99681216,1.0,0.0,0.0,0.015680691,-0.041155275,0.038043976,0.068048835,-0.10788369,0.21241577,-0.105108164,-0.07035725,0.10421586,0.204579,-0.33554643,-0.09337663,-0.046744104,-0.053291697,-0.061328966,-0.08900969,0.3552193,-0.47575775,-0.030961616,-0.02905638,-0.18348539,0.11499661,0.17250045,0.07781283,0.41011077,-0.017301157,0.44767305,-0.2679249,0.32851803,0.3618626,0.8741587,0.024188086,0.86461306,-0.70794964,0.44645703,0.94124377,200.0,-200.0,200.0,-200.0,200.0,200.0,200.0,-200.0,-200.0,-200.0,-7.163586847284819,52.33409753415509,0.015680691,-0.041155275,-0.76195604,1.6680489,-0.9078837,0.21241577,-0.105108164,-0.07035725,-0.69578415,1.804579,-1.1355464,-0.09337663,-0.9348821,-1.0658339,-1.2265793,-1.7801937,7.104386,-9.515155,-0.6192323,-0.5811276,-3.6697078,2.2999322,3.4500089,1.5562565
97,-0.2148016,-0.3718135,-0.7890492,-0.04785421,-0.062920615,-0.9968706,1.0,0.0,0.0,0.062255982,-0.034492064,0.0452919,0.061095595,-0.0178383,0.20125224,-0.043735866,-0.055949364,0.115754664,0.1943444,-0.2067557,0.029805815,0.47873375,0.050404515,0.09103205,0.047571328,0.26268548,0.19266479,0.57989323,0.13623242,0.25059065,-0.19687048,0.94585925,1.0590707,-0.54874843,0.63061535,-0.2858335,0.20291275,-0.39067715,0.5382047,-0.39302757,-0.42294437,-0.26768783,0.014088646,-0.9675099,-0.30377457,200.0,54.1572882225078,200.0,-200.0,200.0,200.0,200.0,38.51375708368036,200.0,-200.0,200.0,200.0,0.062255982,-0.034492064,-0.7547081,1.6610956,-0.8178383,0.20125224,-0.043735866,-0.055949364,-0.68424535,1.7943444,-1.0067557,0.029805815,9.574675,1.0080903,1.8206409,0.95142657,5.2537093,3.8532956,11.597864,2.7246482,5.011813,-3.9374094,18.917185,21.181414
98,-0.12748817,0.23426631,-0.15347263,-0.048500776,-0.05750067,-0.99716663,1.0,0.0,0.0,0.09621066,-0.021619068,0.029843152,0.09530103,-0.069634795,0.29393646,0.0046126344,-0.04100712,0.13442755,0.15500224,-0.12230867,0.13412823,-0.08454347,0.08100124,-0.19963335,0.23331447,-0.6285345,0.5177227,-0.034434006,0.02223788,-0.030948436,-0.19704537,-0.005760706,0.081391826,-0.5890927,-0.6248174,0.505205,-0.42001072,-0.15764634,-0.6088515,-1.0315902,0.14469707,-0.05054579,-0.52871007,-0.5296351,-0.77684444,-200.0,-200.0,-200.0,-91.64447888278502,-200.0,-200.0,-200.0,200.0,-200.0,-1.2920351274043753,-72.3295780502358,-24.189020903095525,0.09621066,-0.021619068,-0.77015686,1.695301,-0.8696348,0.29393646,0.0046126344,-0.04100712,-0.66557246,1.7550023,-0.9223087,0.13412823,-1.6908693,1.6200247,-3.992667,4.6662893,-12.570689,10.354454,-0.6886801,0.44475758,-0.6189687,-3.9409075,-0.11521412,1.6278365
99,-0.10985168,0.31299385,0.755437,-0.03819299,-0.052165676,-0.9979078,1.0,0.0,0.0,0.016266426,-0.009372206,0.011701763,0.1077342,-0.11579287,0.29173884,-0.06499153,-0.029655317,0.12258816,0.100002885,-0.21591765,0.03935623,-0.657653,0.044720132,0.0014494901,-0.073672645,-0.09570816,-0.44343024,-0.60838,0.09039607,-0.0797856,-0.34456715,-0.6626872,-0.9276406,0.58308333,0.0048509836,0.013345475,0.14044857,-0.017814383,-0.60249686,0.7668956,0.06871444,0.761599,0.17820306,-0.015871212,0.25581083,-200.0,200.0,-200.0,-200.0,21.50304424388071,-200.0,-200.0,-200.0,200.0,-200.0,14.733677882195806,-200.0,0.016266426,-0.009372206,-0.78829825,1.7077342,-0.9157929,0.29173884,-0.06499153,-0.029655317,-0.67741185,1.7000029,-1.0159177,0.03935623,-13.153059,0.8944026,0.028989801,-1.4734529,-1.9141632,-8.868605,-12.167601,1.8079214,-1.595712,-6.8913426,-13.253743,-18.552813
100,-0.19840275,-0.01512182,-0.019739797,-0.033654165,-0.044740457,-0.9984316,1.0,0.0,0.0,-0.055406958,0.0032099334,0.013496816,0.106310844,-0.08808863,0.09799916,-0.120707355,-0.0039020549,0.123191595,0.04428768,-0.24393898,-0.037354495,-0.11275896,0.06413863,0.021182273,0.03213925,0.15253428,-1.377133,-0.010319964,0.13624738,0.06331442,-0.22338705,0.28763503,0.06258384,0.41675356,-0.53915703,-0.3445138,0.5631264,-0.40590298,0.48151886,0.81429523,-0.99775565,0.3576721,0.71339095,0.015134692,0.7875698,200.0,13.9807165915324,200.0,200.0,200.0,200.0,200.0,-59.47378473095069,-17.566072704007453,43.453169548879785,-11.687733006944484,-149.97315713446255,-0.055406958,0.0032099334,-0.7865032,1.7063109,-0.88808864,0.09799916,-0.120707355,-0.0039020549,-0.6768084,1.6442877,-1.043939,-0.037354495,-2.2551792,1.2827725,0.42364544,0.64278495,3.0506854,-27.54266,-0.20639928,2.7249477,1.2662884,-4.467741,5.7527003,1.2516768
101,0.39023042,-0.09803227,-0.9447931,-0.035253026,-0.050450943,-0.99810416,1.0,0.0,0.0,-0.013471815,-0.014537531,-0.0056619644,0.15020132,-0.15258324,-0.06635185,-0.059835587,-0.0039829304,0.14110702,0.011809945,-0.15920228,0.08618473,0.47174817,-0.21658854,-0.19140808,0.3705658,-0.5340046,-0.36650214,0.56192714,-0.108913675,0.11403229,-0.112148836,0.37627515,1.0716823,-0.27005827,0.67329955,0.5760883,-0.839218,-0.37641615,0.80627906,-0.24361046,0.82227093,-0.11589002,-0.25887728,-0.39063233,-0.15242411,200.0,-200.0,200.0,200.0,-28.567069699396257,200.0,200.0,-200.0,-200.0,200.0,13.690658234082775,200.0,-0.013471815,-0.014537531,-0.805662,1.7502013,-0.95258325,-0.06635185,-0.059835587,-0.0039829304,-0.658893,1.61181,-0.9592023,0.08618473,9.434963,-4.331771,-3.8281617,7.411316,-10.680093,-7.330043,11.238543,-2.1782734,2.2806458,-2.2429767,7.5255027,21.433647
102,-0.2104013,-0.04231932,0.011936638,-0.036839463,-0.05346965,-0.9978897,1.0,0.0,0.0,0.021747326,-0.03161999,-0.018321633,0.18702137,-0.24404556,-0.036387302,-0.010421414,0.0015435189,0.16020268,-0.023056746,-0.18348551,0.18988112,-0.06382924,0.025423152,0.035841636,0.033954497,-0.30183578,0.5725326,-0.010657933,0.13573496,0.07754456,-0.2258402,-0.4156981,0.06625014,-0.6478676,0.07499604,0.080541804,-0.7716139,0.096167654,-0.38039708,-1.2484654,-0.2726241,-0.0048745945,-0.44753098,-0.009945571,-0.5665412,-200.0,200.0,-200.0,-200.0,-25.513685693332263,-200.0,-200.0,200.0,200.0,-200.0,46.370466072718216,200.0,0.021747326,-0.03161999,-0.81832165,1.7870214,-1.0440456,-0.036387302,-0.010421414,0.0015435189,-0.63979733,1.5769433,-0.9834855,0.18988112,-1.2765849,0.508463,0.7168327,0.67908996,-6.0367155,11.450652,-0.21315865,2.714699,1.5508912,-4.5168037,-8.313962,1.3250027
103,-0.13707875,0.072916105,0.76452047,-0.037478592,-0.04594021,-0.9982409,1.0,0.0,0.0,-0.054634485,-0.019245418,0.0043230057,0.16373622,-0.19905943,-0.0330557,-0.082345285,0.01710111,0.16810769,-0.054597616,-0.14171427,0.08376694,-0.64409626,0.08562413,0.16387755,-0.23552139,0.64718944,-0.43791732,-0.64111197,0.035621043,0.008117769,-0.16090962,0.57911444,-0.9441542,0.7323194,-0.22204249,-0.50052565,0.20210713,-0.22180231,-0.50151616,0.72326463,-0.3142225,0.77995086,0.8551162,0.07286632,0.40280595,-200.0,-200.0,-200.0,-200.0,200.0,-200.0,-200.0,195.01571118383026,164.86443996747636,-200.0,200.0,-200.0,-0.054634485,-0.019245418,-0.795677,1.7637362,-0.99905944,-0.0330557,-0.082345285,0.01710111,-0.6318923,1.5454024,-0.9417143,0.08376694,-12.881925,1.7124826,3.277551,-4.7104278,12.943789,-8.758347,-12.822239,0.7124208,0.16235538,-3.2181923,11.582289,-18.883083
104,0.48056912,-0.035855427,-0.1602721,-0.037117057,-0.053172845,-0.9978953,1.0,0.0,0.0,-0.12411491,-0.030222105,0.01605171,0.14729083,-0.14539957,-0.17509015,-0.14662904,0.00021565665,0.17212594,-0.06995356,-0.05231744,0.0041276854,-0.10796856,-0.17258605,-0.026566306,0.04185604,-0.122550204,-0.9459781,-0.038152095,-0.15585832,-0.0104568405,0.07185437,0.1567664,0.021744821,0.35407218,0.29543144,0.37056038,-0.15749276,-0.5077512,0.7673842,0.81791073,0.56441265,0.13197753,0.7246073,-0.38168943,0.5176382,200.0,-200.0,200.0,200.0,200.0,200.0,200.0,-200.0,-200.0,112.0673101507772,-159.56160873203018,-200.0,-0.12411491,-0.030222105,-0.7839483,1.7472908,-0.9453996,-0.17509015,-0.14662904,0.00021565665,-0.6278741,1.5300465,-0.85231745,0.0041276854,-2.1593711,-3.451721,-0.5313261,0.8371208,-2.451004,-18.919561,-0.7630419,-3.1171665,-0.2091368,1.4370873,3.1353278,0.4348964
105,-0.34261978,-0.18382105,-0.59497684,-0.04044776,-0.054837465,-0.9976757,1.0,0.0,0.0,-0.08254477,-0.032647736,0.040801704,0.122232676,-0.2455501,-0.25762007,-0.087887116,0.0022068846,0.16580337,-0.023902655,-0.11831766,0.11175253,0.46896097,0.12028575,0.2468082,-0.26346102,-0.5700421,0.02282929,0.5608997,0.15110715,-0.043909803,0.35104808,-0.55740625,0.8430816,-0.28083253,0.180239,-0.16056027,-1.0826213,0.10959415,0.6351299,-0.24521528,-0.29702517,-0.1618093,-0.88359725,-0.31201506,-0.05316585,200.0,200.0,-28.584755485071113,200.0,15.003129675406512,4.621895714480843,200.0,200.0,200.0,-200.0,42.84305601865765,200.0,-0.08254477,-0.032647736,-0.7591983,1.7222327,-1.0455501,-0.25762007,-0.087887116,0.0022068846,-0.63419664,1.5760974,-0.9183177,0.11175253,9.379219,2.405715,4.936164,-5.2692204,-11.400842,0.4565858,11.217993,3.022143,-0.87819606,7.0209618,-11.148125,16.861631
106,-0.268225,0.48533303,0.039460883,-0.03272096,-0.04332386,-0.9985251,1.0,0.0,0.0,-0.048004434,-0.0045973095,0.06681484,0.053220153,-0.25106436,-0.1503197,-0.042261515,0.024508078,0.13259387,0.029292345,-0.18728387,0.1732903,-0.069829874,0.15358041,0.04092234,-0.41467032,0.41627264,0.95750517,-0.03900233,0.0758744,-0.26333344,0.20001052,-0.268676,-0.12984578,-0.8087886,-0.42522365,0.5599599,-0.21743211,1.0827332,0.3861025,-0.88829714,-1.0538367,0.429569,0.31001794,-0.027382255,-0.5735646,-200.0,-200.0,-200.0,-200.0,20.466701623960148,-200.0,-200.0,200.0,-200.0,-200.0,200.0,200.0,-0.048004434,-0.0045973095,-0.7331852,1.6532202,-1.0510644,-0.1503197,-0.042261515,0.024508078,-0.66740614,1.6292924,-0.9872839,0.1732903,-1.3965975,3.071608,0.81844676,-8.2934065,8.325453,19.150103,-0.7800466,1.517488,-5.266669,4.0002103,-5.37352,-2.5969157
107,0.2131614,-0.40194544,0.88805884,-0.031518962,-0.043352377,-0.9985625,1.0,0.0,0.0,-0.11504062,-0.0046484056,0.09109318,-0.009862065,-0.07568115,0.006402304,-0.11899451,0.013985588,0.10365808,0.07821059,-0.15195161,0.039489962,-0.47133222,-0.16117634,0.030561943,0.038734544,1.1437349,0.4275221,-0.6729324,-0.15730904,-0.02460643,0.27303824,0.47579026,-1.1096587,0.42016882,0.4193123,-0.048737366,0.98309594,0.65137225,0.16077098,0.7458271,0.13305655,0.013710491,0.20306174,-0.20196465,0.10844314,-200.0,-200.0,200.0,200.0,200.0,-200.0,-200.0,-200.0,200.0,-200.0,200.0,200.0,-0.11504062,-0.0046484056,-0.7089068,1.590138,-0.87568116,0.006402304,-0.11899451,0.013985588,-0.69634193,1.6782106,-0.9519516,0.039489962,-9.426644,-3.2235267,0.61123884,0.77469087,22.874699,8.550442,-13.458648,-3.1461806,-0.4921286,5.460765,9.515805,-22.193174
108,-0.36984277,-0.10789392,0.26685923,-0.039406076,-0.038047753,-0.9984986,1.0,0.0,0.0,-0.14316629,-0.0016113551,0.046194017,0.078481555,0.09442443,0.050171327,-0.18660393,0.009686611,0.08131057,0.14383471,-0.13753283,-0.081145704,0.1158237,0.12654924,-0.2899775,0.5422124,1.0551994,0.22690022,-0.07020862,0.08687444,-0.11744317,0.33675864,-0.11915685,-0.16334401,0.42513138,-0.26680672,-0.7405786,-0.6985504,-1.4141501,-0.17294592,0.42490378,-0.17242073,0.03673742,-0.47122508,-0.6195187,0.8650612,200.0,185.41631983274732,-10.113375104382698,-200.0,-26.57548643683461,200.0,200.0,200.0,85.49855270376594,200.0,192.91578249661063,6.937280535564128,-0.14316629,-0.0016113551,-0.753806,1.6784816,-0.7055756,0.050171327,-0.18660393,0.009686611,-0.71868944,1.7438347,-0.93753284,-0.081145704,2.316474,2.5309849,-5.7995496,10.844248,21.103987,4.5380044,-1.4041723,1.7374887,-2.3488634,6.7351727,-2.383137,-3.2668803
109,0.2350182,0.13390207,-0.60670954,-0.038374368,-0.037147745,-0.9985727,1.0,0.0,0.0,-0.062346607,-0.0022995658,-0.02592808,0.17408264,0.20191759,0.0077419197,-0.1398407,-0.0010932131,0.06503838,0.18285036,-0.2550996,-0.0028457865,0.64231366,-0.121754184,-0.41942343,0.42776385,0.11478118,-0.37656558,0.48262325,-0.16625051,-0.056536507,0.079723775,-0.77708954,0.8450829,-0.19139469,-0.14296342,0.94163394,-0.9804767,-0.41540116,-0.14349881,0.2840115,0.3265928,0.24278957,-0.79802346,0.21636754,-0.15799259,200.0,-200.0,2.0304214433735126,-200.0,34.23054687842921,200.0,200.0,-200.0,-200.0,-200.0,-200.0,7.994251730049484,-0.062346607,-0.0022995658,-0.8259281,1.7740827,-0.5980824,0.0077419197,-0.1398407,-0.0010932131,-0.7349616,1.7828504,-1.0550996,-0.0028457865,12.846273,-2.4350836,-8.388469,8.555277,2.2956235,-7.5313115,9.652465,-3.32501,-1.1307302,1.5944755,-15.541791,16.901657
110,0.1468694,-0.42801118,-0.45780712,-0.044507474,-0.04490728,-0.9979992,1.0,0.0,0.0,0.01590919,-0.0305765,-0.066206336,0.22692978,0.11889809,-0.05243805,-0.007496208,-0.019947127,0.0938341,0.16529167,-0.30499274,0.05838149,0.1852004,-0.15178536,-0.02643085,0.13481545,-0.849657,-0.43126136,0.77559185,-0.030643342,0.3033486,-0.22346988,0.18293557,-0.13542654,-0.7689689,0.7068053,0.23123038,-0.7051289,-0.1411087,0.25574702,-0.98433477,0.20718746,-0.4348969,-0.68809986,0.18191594,-0.6932536,200.0,200.0,200.0,-200.0,200.0,-200.0,-200.0,-200.0,200.0,-200.0,-200.0,-200.0,0.01590919,-0.0305765,-0.86620635,1.8269298,-0.6811019,-0.05243805,-0.007496208,-0.019947127,-0.7061659,1.7652917,-1.1049927,0.05838149,3.7040079,-3.035707,-0.528617,2.696309,-16.99314,-8.625227,15.511837,-0.6128668,6.066972,-4.4693975,3.6587112,-2.7085307
111,-0.46485353,-0.41284752,0.50512165,-0.06124646,-0.03733806,-0.99742407,1.0,0.0,0.0,-0.004537733,-0.03247154,-0.04713005,0.21746051,0.020878434,-0.035707064,0.08605913,0.005426311,0.14442706,0.10806465,-0.17710483,-0.07952576,-0.3379538,0.10773313,0.1990528,-0.1935116,-0.35591596,0.50156564,0.21765366,0.24672352,0.21242717,-0.33942696,0.77894104,-1.1430914,0.41861555,-0.24428667,-0.83496094,-0.12308422,0.3544591,0.5646011,-0.5786217,-0.5667208,-0.480861,-0.7516698,-0.39551485,0.17877851,-200.0,191.49972865302007,-200.0,-200.0,-52.71828902893844,-200.0,-200.0,200.0,200.0,-200.0,34.19392957299141,190.74706413946825,-0.004537733,-0.03247154,-0.84713006,1.8174605,-0.7791216,-0.035707064,0.08605913,0.005426311,-0.65557295,1.7080647,-0.97710484,-0.07952576,-6.759076,2.1546626,3.9810557,-3.870232,-7.118319,10.031313,4.353073,4.93447,4.2485433,-6.7885394,15.57882,-22.861828
112,0.091821045,0.3061459,0.46653822,-0.06258201,-0.02966233,-0.99759895,1.0,0.0,0.0,-0.021591358,-0.041767426,-0.032687724,0.16457152,0.058043957,0.14295961,0.075616375,0.020016259,0.1687367,0.021481633,-0.12538695,-0.20165683,0.11636176,-0.16398752,-0.029777193,-0.32393023,0.57883185,0.9254983,-0.274962,-0.067274794,0.05401382,-0.50989133,-0.1678776,-0.1754376,0.5435169,0.39461958,-0.14502694,0.38000724,-0.1685525,-0.21642765,0.08290464,-0.2578591,0.30093974,0.63899994,-0.97806966,0.5207209,-200.0,-200.0,-200.0,-200.0,-200.0,200.0,200.0,-200.0,-200.0,-200.0,77.08087474950844,-79.92137565383575,-0.021591358,-0.041767426,-0.83268774,1.7645715,-0.74195606,0.14295961,0.075616375,0.020016259,-0.6312633,1.6214817,-0.92538697,-0.20165683,2.3272352,-3.2797503,-0.59554386,-6.478605,11.576636,18.509966,-5.49924,-1.3454958,1.0802764,-10.197826,-3.357552,-3.5087519
113,0.09467406,0.1628781,-0.2329342,-0.053148277,-0.033494525,-0.99802476,1.0,0.0,0.0,0.05466448,-0.06794924,-0.0515787,0.13165176,0.068857014,0.21947521,0.06858374,0.0026195461,0.184721,-0.029462814,-0.23519105,-0.11052795,0.53193706,-0.106304266,-0.1319606,-0.038748745,-0.29325476,-0.063999705,0.027295897,-0.107558005,0.0874251,-0.0043272744,-0.8068369,0.8248555,-0.15701818,0.32665986,0.013373206,1.2796376,-1.3910549,-0.4434719,0.22107595,-0.1574875,0.6149641,1.2114946,-0.9737915,-0.04541975,-82.48927667093916,-200.0,58.9164517713119,200.0,-140.28680710310664,-200.0,-65.49949164231646,200.0,54.66364355913811,200.0,9.28181982324088,-200.0,0.05466448,-0.06794924,-0.8515787,1.7316518,-0.731143,0.21947521,0.06858374,0.0026195461,-0.615279,1.5705372,-1.035191,-0.11052795,10.638741,-2.1260853,-2.639212,-0.7749749,-5.865095,-1.279994,0.5459179,-2.15116,1.7485019,-0.08654549,-16.136738,16.49711
114,0.1416015,-0.477954,-0.06854177,-0.06097093,-0.03873213,-0.99738777,1.0,0.0,0.0,0.10510807,-0.076589264,-0.0577873,0.14223135,-0.098879755,0.09490512,0.10529691,-0.020536285,0.22497517,-0.016570449,-0.46377176,-0.044593208,0.016897252,0.015512103,0.037614476,0.13099588,-1.2837075,-1.0537255,0.22268103,-0.12269755,0.28368288,0.119554125,-1.113622,0.02536018,-0.9658039,-0.40091908,0.14657992,-0.6231816,0.16782133,-0.07280419,-0.1944311,0.656204,-0.9815986,-1.1586487,0.6335951,-0.3040643,16.346763400426966,-157.6111337183728,200.0,200.0,93.0271298997618,-47.80042523182426,-200.0,200.0,118.06253335979754,200.0,-200.0,-135.63827126505828,0.10510807,-0.076589264,-0.8577873,1.7422314,-0.89887977,0.09490512,0.10529691,-0.020536285,-0.57502484,1.5834296,-1.2637718,-0.044593208,0.337945,0.31024206,0.75228953,2.6199176,-25.67415,-21.074509,4.4536204,-2.453951,5.6736574,2.3910825,-22.272438,0.5072036
115,0.129246,-0.42621878,0.8697745,-0.077763334,-0.042652056,-0.99605906,1.0,0.0,0.0,0.05491465,-0.0812154,-0.03005761,0.1329521,-0.24995738,-0.010166924,0.08894907,-0.041620176,0.2755437,-0.011025548,-0.57838696,-0.11533133,-0.47440162,-0.055349667,0.21671246,-0.18783072,-0.32399213,-0.16789149,-0.32421327,-0.10135432,0.22196701,-0.04315172,-0.13183628,-0.41664645,0.66421,0.7492858,-0.5620633,-0.18334109,0.46403265,0.979174,0.06950155,0.46741092,-0.65441525,-0.72987187,0.5921569,0.14530268,-200.0,200.0,-200.0,-200.0,200.0,37.5092401142407,-200.0,-200.0,159.4891741954152,-200.0,200.0,71.59074066065062,0.05491465,-0.0812154,-0.8300576,1.7329521,-1.0499574,-0.010166924,0.08894907,-0.041620176,-0.5244563,1.5889745,-1.378387,-0.11533133,-9.488032,-1.1069933,4.334249,-3.7566142,-6.4798427,-3.3578296,-6.4842653,-2.0270865,4.43934,-0.8630344,-2.6367254,-8.332929
116,-0.51269853,0.18976425,0.36173785,-0.083817124,-0.0319697,-0.99596816,1.0,0.0,0.0,0.01684373,-0.06906289,-0.0063144565,0.07446492,-0.20578784,0.06318362,0.07288794,-0.031783633,0.29711103,-0.027069092,-0.49869758,-0.09104392,0.038731012,0.15646653,0.048837986,-0.38073334,0.6667326,0.80454534,0.013150069,0.15815018,-0.014337382,-0.065902516,0.8117792,0.5801236,0.53338397,-0.11364631,-0.3663821,0.71388036,-0.32567084,0.216327,1.0037843,-1.2174996,0.11065631,-0.42988753,-0.05395467,-0.0027932972,-6.117937333186441,200.0,-200.0,-200.0,200.0,200.0,200.0,200.0,-200.0,-200.0,200.0,200.0,0.01684373,-0.06906289,-0.80631447,1.674465,-1.0057878,0.06318362,0.07288794,-0.031783633,-0.502889,1.5729309,-1.2986976,-0.09104392,0.77462023,3.1293306,0.97675973,-7.614667,13.334652,16.090906,0.26300138,3.1630034,-0.28674763,-1.3180503,16.235584,11.602472
117,0.06716795,0.6832362,-0.45663702,-0.06488996,-0.025625048,-0.99756336,1.0,0.0,0.0,0.07756646,-0.06654065,-0.037332773,0.058772206,-0.1571747,0.15053716,0.12200423,-0.02019649,0.27217716,-0.03538239,-0.33440644,-0.019325433,0.50770706,-0.08559047,-0.32011625,0.19467275,-0.085004024,0.18293816,0.4439969,-0.013890283,-0.17623973,-0.06550606,0.7706637,0.21285307,-0.43400398,-0.008063033,0.90147084,0.96851945,-0.29630893,-0.4293349,-0.47777396,-0.38424045,1.0227123,0.31615514,-0.40676707,-0.7139235,200.0,-200.0,-162.06360627112778,-200.0,-200.0,-200.0,200.0,-31.351184629231,-200.0,200.0,-200.0,-83.80749954431806,0.07756646,-0.06654065,-0.8373328,1.6587722,-0.9571747,0.15053716,0.12200423,-0.02019649,-0.52782285,1.5646176,-1.1344064,-0.019325433,10.154141,-1.7118093,-6.4023247,3.8934548,-1.7000804,3.6587632,8.879938,-0.27780566,-3.5247946,-1.3101213,15.413273,4.2570615
118,0.2076222,-0.0049358243,0.16125335,-0.052761964,-0.031252656,-0.9981179,1.0,0.0,0.0,0.1152089,-0.074009374,-0.07970923,0.11579645,-0.21274978,0.07573134,0.13577004,-0.034479447,0.25354385,-0.02032268,-0.2832585,-0.06977053,-0.07094998,0.0029474227,-0.12868762,0.3580404,-0.20845747,-0.8284032,-0.22593518,-0.12468671,-0.019568553,0.16555433,-0.16099666,-0.65446895,-0.56385386,0.5497913,0.5100633,-0.7743578,-0.103490934,-0.058929853,-0.6167821,0.7497906,0.5092692,-0.5809071,0.016678154,0.13183793,-200.0,-200.0,200.0,200.0,-176.91379831358756,-200.0,-200.0,137.49041503794587,200.0,200.0,60.08750300222411,-200.0,0.1152089,-0.074009374,-0.87970924,1.7157965,-1.0127498,0.07573134,0.13577004,-0.034479447,-0.54645616,1.5796773,-1.0832585,-0.06977053,-1.4189996,0.058948454,-2.5737524,7.1608076,-4.1691494,-16.568064,-4.5187035,-2.4937341,-0.39137107,3.3110864,-3.219933,-13.089378
119,-0.30241913,-0.6736765,0.8527781,-0.06853403,-0.027435865,-0.9972715,1.0,0.0,0.0,0.042225588,-0.043047197,-0.061814368,0.15057814,-0.18657291,-0.07186644,0.040888116,-0.04295681,0.28320116,-0.019052863,-0.2249189,-0.094999656,-0.6033712,0.26697037,0.27839333,0.023869315,0.17842954,-0.41969576,-0.66773313,0.016221328,0.28114885,-0.1045661,0.48443756,0.30647457,0.3929581,-0.49077028,-1.1060454,-0.5785504,-0.059296057,0.7993493,0.9154493,-0.7085195,-0.6204383,-0.93458456,0.35285687,0.5771249,-200.0,200.0,200.0,-200.0,36.631993410246366,200.0,-200.0,200.0,200.0,-200.0,-11.375193433136985,200.0,0.042225588,-0.043047197,-0.8618144,1.7505782,-0.9865729,-0.07186644,0.040888116,-0.04295681,-0.51679885,1.5809472,-1.0249189,-0.094999656,-12.067424,5.3394074,5.5678663,0.4773863,3.5685909,-8.393915,-13.354663,0.32442656,5.622977,-2.091322,9.688751,6.1294913
120,0.35770744,-0.03889976,0.07664261,-0.08142238,-0.027595472,-0.9962976,1.0,0.0,0.0,-0.017810388,-0.027360706,-0.027203202,0.13924456,-0.1383726,-0.044892322,-0.04044661,-0.06838732,0.3039137,-0.017839551,-0.14724475,0.07316843,-0.05103123,-0.07609328,0.08404567,-0.1209754,0.21999326,0.5888496,-0.19132195,-0.2240397,-0.07149434,0.18214084,0.08656085,0.962151,0.5438451,0.47399342,-0.20414515,0.09389496,-0.19701217,0.43368,0.7007104,0.76364744,-0.358766,0.42320752,-0.15568739,-0.73868644,200.0,-200.0,-200.0,-200.0,200.0,-200.0,200.0,-200.0,-200.0,-200.0,-200.0,200.0,-0.017810388,-0.027360706,-0.8272032,1.7392446,-0.9383726,-0.044892322,-0.04044661,-0.06838732,-0.4960863,1.5821605,-0.94724476,0.07316843,-1.0206245,-1.5218655,1.6809134,-2.419508,4.399865,11.776992,-3.8264391,-4.480794,-1.4298868,3.6428168,1.731217,19.24302
121,-0.3221429,0.6264228,-0.5249157,-0.06772966,-0.0278269,-0.9973156,1.0,0.0,0.0,0.031144368,-0.015822427,-0.042914927,0.12172639,-0.14955151,0.11560276,-0.015816526,-0.072900236,0.25085217,0.059859037,-0.14821225,0.15842511,0.4825244,0.16693516,-0.21232441,-0.06334337,-0.09968804,0.6958708,0.37629673,0.14002301,-0.419471,0.5534768,-0.0150282895,-0.012567425,-0.43637764,-0.4251275,0.5642969,-0.4444478,-0.34028512,-0.5891935,-0.23106629,-0.33747435,0.90485454,-1.0116036,-0.45938474,-0.4707804,200.0,200.0,-200.0,200.0,0.2569272774544107,-200.0,200.0,200.0,-144.92256141815153,7.546279533934722,3.393734006460477,-63.068416192849554,0.031144368,-0.015822427,-0.84291494,1.7217264,-0.9495515,0.11560276,-0.015816526,-0.072900236,-0.54914784,1.6598591,-0.94821227,0.15842511,9.650488,3.3387032,-4.246488,-1.2668673,-1.9937607,13.917417,7.525934,2.80046,-8.38942,11.069536,-0.30056578,-0.2513485
122,0.3246023,-0.061509904,0.08421639,-0.05721178,-0.029438747,-0.99792796,1.0,0.0,0.0,0.06580108,-0.006244139,-0.046752393,0.10478783,-0.20262915,0.13823193,-0.0065589296,-0.0811131,0.20805424,0.12814176,-0.2396751,0.05239857,-0.09920028,-0.034300514,0.11964654,0.0047295024,-0.20637785,-0.39695635,-0.21543781,-0.19019035,-0.040888067,0.16752164,-0.63208175,-0.7940142,-0.7200362,-0.017865524,0.550567,-0.67510337,0.52471346,-0.45343968,-0.5015708,0.70969945,0.15617815,-0.53798556,-0.17142245,0.36814022,-187.02838015545206,-200.0,200.0,-200.0,200.0,200.0,-200.0,-200.0,200.0,-200.0,200.0,-200.0,0.06580108,-0.006244139,-0.8467524,1.7047879,-1.0026292,0.13823193,-0.0065589296,-0.0811131,-0.59194577,1.7281418,-1.0396751,0.05239857,-1.9840056,-0.68601024,2.3929307,0.094590046,-4.127557,-7.939127,-4.3087564,-3.8038068,-0.8177613,3.3504326,-12.641635,-15.880284
123,0.090832695,-0.25618616,0.8869933,-0.06489537,-0.035511628,-0.99726,1.0,0.0,0.0,-0.0155519545,-0.0013640695,0.0009084344,0.07772148,-0.14064234,-0.026040757,-0.10006708,-0.110059895,0.20352876,0.1400193,-0.26618165,-0.002659682,-0.65043014,0.048484057,0.34073338,-0.2643784,0.723906,-1.0248806,-0.59423566,-0.10321184,-0.0018805517,-0.025790397,0.1448031,0.15190713,0.59585494,0.18361741,-0.9096313,-0.05294213,0.42946345,0.78219724,0.85358155,0.2773505,-0.50063616,-0.63509667,0.1778664,0.8341426,200.0,200.0,-57.79292173471485,-200.0,-126.5401789286287,200.0,-200.0,-130.7588567183534,200.0,-200.0,170.6613997646607,200.0,-0.0155519545,-0.0013640695,-0.7990916,1.6777215,-0.94064236,-0.026040757,-0.10006708,-0.110059895,-0.59647125,1.7400193,-1.0661817,-0.002659682,-13.008602,0.96968114,6.8146677,-5.2875676,14.47812,-20.497612,-11.884713,-2.0642369,-0.037611034,-0.5158079,2.8960621,3.0381424
124,-0.4982703,0.4073914,0.21520916,-0.064164415,-0.026380498,-0.9975906,1.0,0.0,0.0,-0.08808266,0.024947928,0.011089385,0.06753194,0.020181715,-0.093365565,-0.1562684,-0.09504243,0.18991852,0.12455046,-0.1529702,0.13148277,-0.118208446,0.17959407,-0.15224521,0.08832105,0.39673638,0.1640664,-0.022831809,0.21979094,-0.1311304,-0.12906459,0.7680716,0.93591374,0.66583264,-0.78805906,0.15505429,0.80475944,-0.6619819,0.5543722,0.53312075,-0.4587444,0.9060284,0.06855015,-0.3942688,-0.54601675,200.0,200.0,-200.0,-200.0,-200.0,-200.0,200.0,-18.16717218949799,-200.0,-200.0,-100.10973651821712,200.0,-0.08808266,0.024947928,-0.7889106,1.667532,-0.7798183,-0.093365565,-0.1562684,-0.09504243,-0.6100815,1.7245505,-0.9529702,0.13148277,-2.364169,3.5918813,-3.0449042,1.7664211,7.9347277,3.281328,-0.45663616,4.3958187,-2.622608,-2.5812917,15.361432,18.718275
125,0.028126497,-0.34358737,-0.5148301,-0.0627255,-0.016579175,-0.9978931,1.0,0.0,0.0,-0.050174925,0.030354979,-0.00054085255,0.10466683,-0.00983125,0.04761582,-0.105734155,-0.074014746,0.20342457,0.089809775,-0.10768294,0.2150929,0.43749228,-0.0926862,0.018600222,0.26580352,-0.5977227,1.0500554,0.47699594,0.01748026,0.21288276,-0.17366849,-0.21805821,-0.0065195314,-0.21586198,-0.18590371,-0.090299204,-0.39808962,-0.5109123,-0.41439116,-0.30113375,0.06300704,-0.22998473,-0.5440437,-0.26788956,-0.47276798,200.0,-200.0,200.0,126.15758647404672,-200.0,-200.0,200.0,-200.0,200.0,200.0,-200.0,17.51950963603531,-0.050174925,0.030354979,-0.80054086,1.7046669,-0.80983126,0.04761582,-0.105734155,-0.074014746,-0.59657544,1.6898098,-0.90768296,0.2150929,8.7498455,-1.853724,0.37200442,5.31607,-11.954453,21.001106,9.539919,0.34960517,4.257655,-3.4733696,-4.361164,-0.13039063
126,0.10091992,0.25987455,0.2099023,-0.06244436,-0.019814627,-0.9978517,1.0,0.0,0.0,-0.022378646,0.0063205333,-0.00942421,0.1402235,-0.17159665,0.15068068,-0.06945023,-0.06644312,0.21937078,0.04081869,-0.1606732,0.10290598,-0.10781034,-0.14434062,-0.08508616,0.09684481,-0.73795277,0.0786699,-0.061963726,0.050688304,-0.018570745,-0.30727383,-0.22940193,-1.0146966,-0.52088505,0.2471884,-0.13541995,-0.5648479,0.0130111575,-0.836792,-0.6288629,0.37416512,0.1953597,-0.25460005,0.35561103,0.055329878,-200.0,200.0,-200.0,-200.0,15.587384728836355,-200.0,-200.0,-200.0,-87.06157360845278,-200.0,60.413022800024805,-200.0,-0.022378646,0.0063205333,-0.8094242,1.7402235,-0.97159666,0.15068068,-0.06945023,-0.06644312,-0.5806292,1.6408187,-0.9606732,0.10290598,-2.1562068,-2.8868124,-1.7017231,1.9368961,-14.759055,1.573398,-1.2392745,1.013766,-0.3714149,-6.145477,-4.5880384,-20.293932
127,-0.38420647,0.57425123,0.9014222,-0.047703594,-0.013043555,-0.9987764,1.0,0.0,0.0,-0.10558366,0.0079337815,-0.030476987,0.13702714,-0.21056396,0.055548333,-0.12911294,-0.03940628,0.20689511,-0.021890998,-0.1251508,0.005333274,-0.6738164,0.131614,-0.11282916,-0.11395271,0.24961682,-0.9293909,-0.4251457,0.16181387,-0.15377629,-0.0041779066,0.05748249,-0.07962745,0.4432057,-0.5354423,0.07868693,0.3483912,-0.107829586,0.1882201,0.563505,-1.3006812,1.2575525,0.38720983,0.13071436,0.5683705,-200.0,200.0,-34.350291656780826,-200.0,200.0,93.62420133115131,-200.0,200.0,-200.0,-200.0,200.0,-200.0,-0.10558366,0.0079337815,-0.830477,1.7370272,-1.010564,0.055548333,-0.12911294,-0.03940628,-0.5931049,1.578109,-0.9251508,0.005333274,-13.476328,2.6322799,-2.2565832,-2.2790542,4.9923363,-18.587818,-8.502913,3.2362773,-3.0755258,-0.08355813,1.1496497,-1.592549
128,0.12195486,-0.20868173,0.26643366,-0.039032318,-0.0061062737,-0.9992193,1.0,0.0,0.0,-0.1791954,0.002612942,-0.03367418,0.132146,-0.15416098,-0.019140014,-0.15111414,-0.035392772,0.18814266,0.0060122013,-0.084242284,0.06949381,-0.1160442,-0.15983737,0.054487415,0.05013733,0.36880574,0.081665955,0.14158466,-0.09169518,-0.032473113,0.2418522,0.2380921,0.5541976,0.6787203,-0.05308102,0.16704713,0.1262961,-0.13561884,0.49089283,0.79373217,-0.004872516,0.72647977,-0.19715048,0.3586895,-0.051601555,200.0,-200.0,200.0,200.0,-172.4286181582715,-100.14221691939758,200.0,-200.0,160.78340749599505,200.0,-200.0,200.0,-0.1791954,0.002612942,-0.8336742,1.732146,-0.954161,-0.019140014,-0.15111414,-0.035392772,-0.61185735,1.6060122,-0.8842423,0.06949381,-2.320884,-3.1967473,1.0897483,1.0027466,7.3761144,1.6333191,2.8316932,-1.8339037,-0.6494623,4.837044,4.761842,11.083952
129,0.015685184,-0.71758235,-0.4464779,-0.06064035,-0.00928354,-0.9981165,1.0,0.0,0.0,-0.13947771,-0.032224808,0.0065686107,0.12895215,-0.11372572,0.083300784,-0.057313144,-0.03714011,0.21698982,0.03193903,-0.0018587112,0.07691376,0.45536444,-0.1603468,0.28586063,-0.042060655,-0.029988626,0.7232595,0.74059147,0.07665728,0.2657343,0.05711574,0.40728313,-0.23092961,-0.15502977,0.33441263,-1.1880305,-0.5173649,-0.35738537,-0.17892542,-0.81316996,0.076927766,-0.8972387,-1.0319428,-0.915235,-0.5712413,200.0,14.16915327551579,200.0,-200.0,200.0,-79.29064670842735,200.0,117.14181861659864,63.49362851858649,31.12381781195861,-29.85972456159125,200.0,-0.13947771,-0.032224808,-0.7934314,1.7289522,-0.91372573,0.083300784,-0.057313144,-0.03714011,-0.5830102,1.631939,-0.8018587,0.07691376,9.107288,-3.2069361,5.717212,-0.8412131,-0.5997725,14.46519,14.81183,1.5331455,5.3146853,1.1423148,8.145662,-4.6185923
130,-0.30699453,-0.011426157,0.1389628,-0.073638946,-0.002756601,-0.99728113,1.0,0.0,0.0,-0.10854303,-0.03740999,0.046090186,0.102858424,-0.18273461,0.11683051,0.029972175,-0.005759252,0.24270391,0.0327245,-0.02405107,-0.07411525,-0.046295177,0.0692698,0.11814635,-0.2027889,-0.37520018,-0.28492478,0.1923178,0.19073564,0.018563425,-0.041858632,-0.535329,-1.0470937,-0.36054602,-0.20872091,-0.4792591,-0.22693858,-0.19193842,-0.43015295,-0.58045447,-0.24499749,-0.080569215,-0.31087327,-0.22351974,-0.00092097,-200.0,-200.0,-200.0,-200.0,-200.0,19.5498536800917,-74.23007791814939,200.0,-200.0,-200.0,25.129566017033653,-200.0,-0.10854303,-0.03740999,-0.7539098,1.7028584,-0.9827346,0.11683051,0.029972175,-0.005759252,-0.5572961,1.6327245,-0.8240511,-0.07411525,-0.9259035,1.3853959,2.362927,-4.055778,-7.5040035,-5.6984954,3.846356,3.8147128,0.3712685,-0.8371726,-10.706579,-20.941875
131,0.3601911,0.618452,0.6960392,-0.060189664,-0.0037626766,-0.99817985,1.0,0.0,0.0,-0.17565513,-0.047834773,0.04523647,0.049069405,-0.1942311,-0.036334794,0.0044564526,-0.006695621,0.22466958,0.005455494,-0.100863755,-0.17719045,-0.5411255,-0.14519931,-0.10343864,-0.32553342,0.0148054315,-1.0984708,-0.38967973,-0.15966539,-0.17211062,-0.21311131,-0.4929695,-0.080099314,0.3316133,0.47141194,0.60531837,0.3714467,0.4949476,0.41594356,0.27953154,-0.13770725,1.2082692,0.52979547,0.32622844,0.7269202,-200.0,-200.0,-200.0,-200.0,-200.0,200.0,-200.0,-200.0,-200.0,-200.0,5.592165003486471,-200.0,-0.17565513,-0.047834773,-0.75476354,1.6490694,-0.9942311,-0.036334794,0.0044564526,-0.006695621,-0.57533044,1.6054555,-0.90086377,-0.17719045,-10.82251,-2.9039862,-2.0687728,-6.5106683,0.29610863,-21.969416,-7.7935944,-3.1933079,-3.4422123,-4.262226,-9.85939,-1.6019863
132,0.10773265,-0.01819773,0.010755472,-0.04923555,-0.011872769,-0.99871665,1.0,0.0,0.0,-0.220254,-0.065366305,0.04207641,-0.0009288788,-0.08666825,-0.14679289,-0.011826666,-0.028663438,0.21114486,-0.022167325,-0.09496844,-0.08241651,0.009356172,-0.032058615,0.02130379,-0.11518013,0.9684308,-0.02922394,0.17351852,-0.08159804,0.025927294,-0.076243415,0.4566844,0.9276251,0.5332484,0.22121719,0.101274945,1.3163828,-0.14620398,0.86183727,0.4383087,0.019184485,0.5615015,-0.000114664435,0.035955846,0.2018812,200.0,-130.84113031942627,200.0,200.0,200.0,200.0,200.0,200.0,200.0,200.0,200.0,200.0,-0.220254,-0.065366305,-0.7579236,1.5990711,-0.88666826,-0.14679289,-0.011826666,-0.028663438,-0.58885515,1.5778327,-0.89496845,-0.08241651,0.18712343,-0.6411723,0.4260758,-2.3036025,19.368616,-0.5844788,3.4703703,-1.6319609,0.51854587,-1.5248682,9.133688,18.552502
133,-0.28355274,-0.38015977,-0.71056795,-0.05806256,-0.006919862,-0.998289,1.0,0.0,0.0,-0.1530384,-0.055365052,0.055644095,-0.0022892952,-0.00082713366,-0.044980936,0.086459346,-0.018879281,0.23641866,-0.03056562,-0.04723656,0.026172763,0.59733075,0.102264404,0.0854224,0.09058918,-0.011826142,0.9493041,0.69862205,0.12579401,0.19904058,-0.024296632,0.17844142,0.38842276,-0.17589438,-0.15194824,-0.49914405,0.4004047,-1.0232087,-0.28078425,-1.0767962,-0.26581654,-0.44933105,-0.28441578,-0.88736594,-1.0417,50.55665476392255,-33.74280897910215,200.0,86.62720380191757,-12.964350667445075,-40.47285562031857,200.0,200.0,10.537472353030935,200.0,-200.0,200.0,-0.1530384,-0.055365052,-0.7443559,1.5977107,-0.80082715,-0.044980936,0.086459346,-0.018879281,-0.56358135,1.5694344,-0.8472366,0.026172763,11.946614,2.045288,1.7084479,1.8117836,-0.23652282,18.986082,13.972441,2.51588,3.9808114,-0.48593265,3.5688283,7.768455
134,0.43298304,0.24340087,-0.108515576,-0.05977834,-0.013034145,-0.99812657,1.0,0.0,0.0,-0.10055301,-0.059163496,0.028595746,0.05239165,-0.109645545,0.037354134,0.15500808,-0.029907515,0.2580077,-0.050385952,-0.115624726,-0.00406437,-0.010142353,-0.10781958,-0.31184644,0.41836125,-0.9786007,-0.030293355,0.051058244,-0.20298159,0.03457259,-0.15977752,-0.767959,-0.592939,-0.7685173,0.0060025305,0.439986,-0.45094356,0.07051976,-0.76085556,-1.0241344,0.5943681,0.29563808,-0.24763833,0.1697095,0.11863163,-200.0,-200.0,-200.0,-200.0,-200.0,-200.0,-200.0,-97.80233198118631,-200.0,200.0,-200.0,-200.0,-0.10055301,-0.059163496,-0.77140427,1.6523917,-0.90964556,0.037354134,0.15500808,-0.029907515,-0.5419923,1.5496141,-0.91562474,-0.00406437,-0.20284706,-2.1563916,-6.2369285,8.367225,-19.572014,-0.6058671,1.0211649,-4.059632,0.6914518,-3.1955504,-15.3591795,-11.85878
135,-0.06851846,-0.15113893,0.6608513,-0.05840692,-0.017588153,-0.9981379,1.0,0.0,0.0,-0.16365513,-0.054337814,0.0027673244,0.096536994,-0.19961154,-0.075382374,0.112728484,-0.051132888,0.2730543,-0.08721328,-0.15440458,-0.015549638,-0.55948967,0.103288196,0.028636262,0.06393932,-0.018013148,-0.83802396,-0.41053128,-0.042098504,0.070394695,-0.051017392,0.32525674,0.28627425,0.6319544,0.36659807,-0.34999177,-0.33403775,0.06089039,0.51421857,0.30073887,0.061578363,0.3572275,-0.31799638,0.77979046,0.45952544,-200.0,200.0,-98.97856135296769,-200.0,200.0,-200.0,-200.0,-56.283822241937884,200.0,-200.0,200.0,200.0,-0.16365513,-0.054337814,-0.7972327,1.696537,-0.99961156,-0.075382374,0.112728484,-0.051132888,-0.5269457,1.5127867,-0.9544046,-0.015549638,-11.189794,2.065764,0.57272524,1.2787863,-0.36026296,-16.760479,-8.210626,-0.84197,1.4078939,-1.0203478,6.5051346,5.725485
136,-0.41731647,-0.011461544,-0.24642818,-0.061357092,-0.0059297923,-0.99809825,1.0,0.0,0.0,-0.21280888,-0.01597889,0.0071153045,0.08761299,-0.10335165,-0.1364322,0.10054383,-0.042894356,0.27958596,-0.079934955,-0.11271727,0.12187788,0.011665747,0.2529395,0.016710559,-0.133995,0.73585683,0.1306703,0.20681374,0.088296436,0.0038451322,0.12262433,0.009668769,0.7490638,0.5494664,-0.7144605,-0.14207605,0.4045586,-0.37235314,0.65695,0.1394175,-1.1027135,0.2427305,0.08947012,-0.21151122,-0.8520648,155.50102385712967,64.28078484546813,154.45691530275596,-200.0,200.0,-200.0,200.0,200.0,-200.0,-200.0,-200.0,200.0,-0.21280888,-0.01597889,-0.7928847,1.687613,-0.90335166,-0.1364322,0.10054383,-0.042894356,-0.52041405,1.5200651,-0.9127173,0.12187788,0.23331493,5.0587897,0.33421117,-2.6799,14.717136,2.613406,4.136275,1.7659286,0.07690264,2.4524865,0.19337538,14.981276
137,0.20576312,0.16521324,-0.57443446,-0.05614115,-0.004113481,-0.9984144,1.0,0.0,0.0,-0.15177636,0.0036075998,-0.023005128,0.09695506,-0.062506855,0.0015472051,0.12646653,-0.0539745,0.2676131,-0.039734125,-0.14346486,0.16500585,0.54264295,-0.03815327,-0.24692486,0.17757769,-0.23377848,1.1469469,0.03905827,-0.17366272,-0.0711722,0.22822297,-0.14869283,-0.22144185,-0.27487034,-0.24723415,0.6598107,0.34529048,-0.11139563,-0.2347365,-0.8050376,0.562207,-0.052332513,-0.38441616,0.23746592,-0.40005368,-22.13509512332143,-200.0,22.736493078964628,40.132348438610705,12.578661581634123,-200.0,200.0,-200.0,-14.147816644506378,200.0,-200.0,200.0,-0.15177636,0.0036075998,-0.82300514,1.6969551,-0.86250687,0.0015472051,0.12646653,-0.0539745,-0.5323869,1.5602659,-0.9434649,0.16500585,10.852859,-0.76306534,-4.938497,3.5515537,-4.6755695,22.938938,0.7811654,-3.4732544,-1.4234439,4.5644593,-2.9738564,-4.428837
138,0.2493017,0.055504408,0.36512598,-0.052069604,-0.013328269,-0.9985545,1.0,0.0,0.0,-0.10550807,-0.010651466,-0.063185215,0.14372718,-0.08233732,0.123972215,0.072229356,-0.08751228,0.24843544,-0.008587718,-0.07067692,0.022401586,-0.020111077,-0.094851695,-0.16023524,0.27466217,-0.06883229,0.1745922,-0.5229698,-0.16543077,-0.12072157,0.09490629,0.645306,-0.91046304,-0.6173446,0.28305864,0.26056227,-0.5107268,-0.057813182,-0.92820776,-0.17608473,0.3864258,0.29989886,-0.7573933,0.066295296,0.18371594,-200.0,200.0,-200.0,-200.0,-2.2171471879026967,49.78566859136629,-200.0,-200.0,200.0,145.07816269170524,11.364951912111067,-200.0,-0.10550807,-0.010651466,-0.8631852,1.7437272,-0.88233733,0.123972215,0.072229356,-0.08751228,-0.5515646,1.5914123,-0.87067693,0.022401586,-0.40222153,-1.8970339,-3.2047048,5.493243,-1.3766458,3.491844,-10.459395,-3.3086154,-2.4144313,1.8981258,12.906119,-18.20926
139,-0.33482546,-0.34283727,0.7119676,-0.06056047,-0.009537663,-0.99811894,1.0,0.0,0.0,-0.16800065,0.0011450837,-0.053429306,0.16236508,-0.07587612,0.047729313,-0.016714634,-0.09349388,0.25625306,-0.019194126,-0.013026476,-0.053504013,-0.5530457,0.18556839,0.2053248,-0.056170296,0.038288612,-0.83632135,-0.38133258,0.08038851,0.13247168,-0.15319149,0.17738853,0.055102613,0.49527076,-0.27987856,-1.0817654,0.085981905,-0.44604325,0.227164,0.7343966,-0.53562057,-0.0124799535,-0.38126177,-1.0280282,0.3616452,68.16844159910266,200.0,-24.50653439080908,-200.0,-20.271234446505474,200.0,-200.0,200.0,200.0,-200.0,-2.113798433276642,-200.0,-0.16800065,0.0011450837,-0.8534293,1.7623651,-0.8758761,0.047729313,-0.016714634,-0.09349388,-0.54374695,1.5808059,-0.8130265,-0.053504013,-11.060914,3.7113678,4.106496,-1.1234059,0.7657722,-16.726427,-7.6266513,1.6077702,2.6494336,-3.06383,3.5477705,1.1020522
140,0.32600227,0.2513464,-0.030305702,-0.061116613,-0.009780608,-0.9980827,1.0,0.0,0.0,-0.21561463,0.006394025,-0.04363227,0.15169847,-0.16004068,-0.008086698,-0.04173003,-0.10180201,0.2729954,-0.06859505,-0.08154762,0.050858594,0.021456672,-0.0981034,-0.08698011,-0.049400013,-0.6057787,0.17671615,0.07970368,-0.13634841,0.045955256,-0.3280899,-0.768274,0.6749639,0.67686784,0.19675474,-0.0049872887,0.21760488,-0.23238029,0.56195426,0.440019,0.6989811,0.370093,0.55422205,0.17145789,-0.48469427,200.0,-200.0,-200.0,-200.0,-200.0,-45.38513318033779,200.0,-200.0,-200.0,-83.36605601207083,21.92189617891745,200.0,-0.21561463,0.006394025,-0.8436323,1.7516985,-0.9600407,-0.008086698,-0.04173003,-0.10180201,-0.5270046,1.531405,-0.88154763,0.050858594,0.42913342,-1.962068,-1.7396022,-0.9880002,-12.115574,3.534323,1.5940735,-2.726968,0.9191051,-6.5617976,-15.36548,13.499277
141,-0.3747144,-0.039567783,-0.6215024,-0.05804606,-0.008140976,-0.9982807,1.0,0.0,0.0,-0.1510042,0.01101788,-0.049129784,0.15039098,-0.2018035,0.12646352,0.043893836,-0.09099526,0.29164547,-0.10902774,-0.1301812,0.07879981,0.5663991,0.12727445,0.0071883984,0.023309825,-0.072617754,0.918903,0.70579493,0.20963004,0.10328715,-0.08694975,0.18799132,-0.29876164,-0.3747563,-0.3825702,0.09187857,0.19378987,-0.09861887,-0.42839566,-0.7494888,-0.45875955,0.16230959,-0.05158768,0.42722696,-0.38929746,169.68326068111878,200.0,55.05006783402976,200.0,200.0,-200.0,200.0,200.0,86.90879893830484,117.57520177731263,14.478877554644043,-22.731832737661875,-0.1510042,0.01101788,-0.8491298,1.750391,-1.0018035,0.12646352,0.043893836,-0.09099526,-0.50835454,1.4909723,-0.9301812,0.07879981,11.327982,2.545489,0.14376797,0.46619648,-1.452355,18.37806,14.115898,4.1926007,2.065743,-1.738995,3.7598264,-5.9752326
142,0.19334154,-0.12829027,0.2914728,-0.060812693,-0.004658601,-0.9981383,1.0,0.0,0.0,-0.102800235,0.015652362,-0.039842248,0.15676641,-0.13172704,0.20337589,0.11724844,-0.064927146,0.27993244,-0.070251465,-0.07408208,-0.02564611,-0.02417582,-0.06991999,0.089615636,0.037139934,0.52944744,-0.052941192,0.09457464,0.05620728,-0.1397159,0.33812386,0.36812183,-0.55334795,-0.52056044,0.10861889,-0.33656427,-0.28588817,-0.10744492,-0.91154873,-1.1272088,0.26634806,0.34788778,0.09287776,0.2341429,0.1923162,-200.0,-200.0,36.81833178174409,-200.0,200.0,200.0,-200.0,-200.0,129.11416624667237,-0.32726224753476174,-200.0,-200.0,-0.102800235,0.015652362,-0.83984226,1.7567664,-0.93172705,0.20337589,0.11724844,-0.064927146,-0.5200676,1.5297486,-0.8740821,-0.02564611,-0.48351642,-1.3983997,1.7923127,0.7427986,10.588948,-1.0588238,1.8914927,1.1241456,-2.794318,6.762477,7.362437,-11.066958
143,-0.24987453,-0.08870127,0.7098134,-0.0656741,-0.0011478347,-0.99784046,1.0,0.0,0.0,-0.16440079,0.028740114,-0.017849028,0.14832866,-0.07498807,0.081950895,0.087583825,-0.03978299,0.24532408,0.002686143,0.04120642,-0.030484632,-0.45548445,0.14853267,0.124396265,-0.10569624,0.12068852,-1.0551562,-0.33726546,0.18029116,-0.16363999,0.34485763,0.6045857,0.27233762,0.59505254,-0.3486671,-0.15445207,-0.8825077,-0.23297189,0.48507327,0.5553525,-0.4402842,0.17459542,-0.7699142,-0.9440977,0.22226778,-200.0,200.0,200.0,-200.0,-200.0,-92.10469173697828,200.0,-116.37839154996539,-200.0,-200.0,-200.0,-200.0,-0.16440079,0.028740114,-0.81784904,1.7483287,-0.8749881,0.081950895,0.087583825,-0.03978299,-0.55467594,1.6026862,-0.7587936,-0.030484632,-9.109689,2.9706533,2.4879253,-2.1139247,2.4137704,-21.103125,-6.7453094,3.605823,-3.2727997,6.8971524,12.091714,5.446752
144,0.39135262,0.23546422,-0.13204981,-0.06216569,-0.0046010353,-0.9980552,1.0,0.0,0.0,-0.1903966,0.027585264,-0.011951506,0.11533332,-0.11537862,-0.017612848,0.07551255,-0.027049202,0.22396165,0.04127693,0.056864858,0.053768437,0.13760479,-0.12919053,-0.054257043,-0.2153894,-0.25010893,-0.042273644,0.16135092,-0.03172418,-0.069536924,0.07497715,-0.3522107,0.37596962,0.60219854,0.22523032,0.28212997,-0.15202548,0.23827614,0.77684045,0.33638746,0.26334566,0.24806058,0.18030922,-0.61505973,-0.3320609,200.0,-200.0,-25.552516635355616,-200.0,-200.0,-39.82554593466318,200.0,-200.0,-200.0,-200.0,13.996286094264406,200.0,-0.1903966,0.027585264,-0.8119515,1.7153333,-0.91537863,-0.017612848,0.07551255,-0.027049202,-0.57603836,1.641277,-0.74313515,0.053768437,2.7520957,-2.5838106,-1.0851408,-4.307788,-5.002178,-0.8454729,3.2270184,-0.63448364,-1.3907385,1.499543,-7.044214,7.5193925
145,-0.36316112,-0.17197518,-0.58177286,-0.061605122,-0.0040903287,-0.99809223,1.0,0.0,0.0,-0.102379166,0.027287712,0.010807753,0.040472984,-0.062424004,0.08107005,0.1531087,0.00791524,0.2211976,0.07143903,-0.11257273,0.021328488,0.683491,0.09612641,0.22639301,-0.45868856,0.6008021,0.93221664,0.4952298,0.3332694,0.023269627,0.18737239,-1.0694951,-0.6061323,-0.57372826,0.34700865,-0.017267037,-0.029037792,0.19204496,0.19454114,-0.6672613,-0.7905728,-0.059481315,0.14841779,-0.396218,-0.07571043,200.0,200.0,39.24151053019664,41.36983104946435,41.661592703258975,-200.0,200.0,200.0,200.0,46.01527316695672,44.8480849460185,200.0,-0.102379166,0.027287712,-0.78919226,1.640473,-0.862424,0.08107005,0.1531087,0.00791524,-0.5788024,1.671439,-0.91257274,0.021328488,13.66982,1.9225281,4.52786,-9.173771,12.016042,18.644333,9.904596,6.6653876,0.46539253,3.7474477,-21.3899,-12.122646
146,-0.33677167,0.34451386,0.20301476,-0.055956308,0.008400436,-0.9983979,1.0,0.0,0.0,-0.030341797,0.05426763,0.013489544,0.0022901297,0.051630378,0.16373332,0.186575,0.05403,0.19291681,0.11590421,-0.25851554,-0.03884333,0.100825205,0.15931979,-0.14763896,0.06391636,0.8334016,0.20256081,-0.10752002,0.16441745,-0.2599993,0.28035328,-0.8770928,-0.37620944,-0.5046783,-0.70353526,0.30939206,0.4922401,0.35370904,-0.20501012,-0.6848922,-1.376449,0.46818534,-0.10911931,0.24705431,0.31286752,-200.0,-200.0,-200.0,86.72715870352255,-200.0,-101.83989250230178,-200.0,200.0,-72.4606960819656,-57.892483990665156,200.0,77.10792233837677,-0.030341797,0.05426763,-0.78651047,1.6022902,-0.74836963,0.16373332,0.186575,0.05403,-0.6070832,1.7159042,-1.0585155,-0.03884333,2.016504,3.1863956,-2.9527793,1.2783272,16.668032,4.051216,-2.1504004,3.288349,-5.199986,5.6070657,-17.541855,-7.5241885
147,0.41850725,-0.30627233,0.79320896,-0.056081634,0.0065971687,-0.9984044,1.0,0.0,0.0,-0.07511782,0.056358684,-0.010962963,0.064383626,0.15359026,0.08276278,0.10027952,0.049498674,0.18667686,0.13390958,-0.32836562,-0.0075573414,-0.48745987,-0.10783537,-0.03096889,0.3852993,0.69641197,-0.696788,-0.69803864,-0.18376097,0.14987639,-0.05646435,0.08258609,0.59012496,0.33705717,0.017023578,-0.14493228,-0.22063598,-0.28668857,0.10640355,0.47303808,0.35353953,-0.04859548,-0.7021248,0.38716164,0.36876497,-200.0,-200.0,200.0,-200.0,200.0,200.0,-200.0,-200.0,200.0,200.0,200.0,-200.0,-0.07511782,0.056358684,-0.810963,1.6643836,-0.64640975,0.08276278,0.10027952,0.049498674,-0.61332315,1.7339096,-1.1283656,-0.0075573414,-9.749197,-2.1567073,-0.6193778,7.7059855,13.928239,-13.93576,-13.9607725,-3.6752193,2.9975276,-1.129287,1.6517217,11.802499
148,0.05631094,0.24848105,0.18922764,-0.05542584,-0.00061884156,-0.9984626,1.0,0.0,0.0,-0.10634124,0.044358443,-0.034448624,0.12032211,0.18897921,0.0464151,0.028346121,0.03823998,0.19216692,0.10945606,-0.20311016,0.11395753,0.10588815,-0.025744533,-0.16733858,0.18966733,-0.24921647,0.11393457,-0.08638903,0.048641685,-0.054402083,-0.18052556,1.0711564,0.5575205,0.7205308,0.36952746,0.21843846,-0.8144475,-0.40670645,0.43353003,0.65256387,0.490453,0.22528481,-0.5217897,-0.42855084,-0.5850608,200.0,200.0,-200.0,-200.0,200.0,-48.81285795992119,200.0,-22.375585633822674,-67.3285524864664,-200.0,-200.0,25.513975518988246,-0.10634124,0.044358443,-0.83444864,1.7203221,-0.6110208,0.0464151,0.028346121,0.03823998,-0.6078331,1.7094561,-1.0031102,0.11395753,2.117763,-0.5148907,-3.3467715,3.7933466,-4.984329,2.2786913,-1.7277806,0.9728337,-1.0880417,-3.610511,21.423126,11.15041
149,-0.65114903,-0.053070128,-0.4209723,-0.0530358,0.012245384,-0.9985175,1.0,0.0,0.0,-0.026073897,0.064768665,-0.034374237,0.12056005,0.0420956,0.15104866,0.07531085,0.08711056,0.20572472,0.04761362,-0.095201194,0.11897027,0.63561887,0.21608165,0.115191415,-0.15856677,-0.95426226,0.6113248,0.50262636,0.40263748,0.12699388,-0.40251943,0.107351474,-0.4102982,-0.37131172,-0.9398634,-0.3996282,0.21134965,-0.6451325,-0.44894224,-0.46833628,-1.6620866,0.5344108,0.6247831,-1.0857021,-0.11718294,200.0,200.0,-76.13782765599518,-200.0,-200.0,-200.0,200.0,200.0,200.0,-200.0,35.67332229155784,-42.787148764319795,-0.026073897,0.064768665,-0.83437425,1.7205601,-0.7579044,0.15104866,0.07531085,0.08711056,-0.5942753,1.6476136,-0.8952012,0.11897027,12.712378,4.321633,2.3038282,-3.1713355,-19.085245,12.226496,10.052527,8.05275,2.5398774,-8.050388,2.1470294,-8.205964
150,0.072889216,-0.053682603,0.008390954,-0.055774186,0.021703193,-0.9982075,1.0,0.0,0.0,0.04513827,0.08123816,-0.031977415,0.12630594,-0.18390566,0.16505823,0.10701639,0.12764649,0.23783392,-0.019954205,-0.18232167,0.03804258,0.12842555,-0.0243306,-0.05843554,0.15182088,-1.0051183,-0.37123784,-0.12962097,0.04297773,0.1949988,-0.2835878,-0.8798074,-0.34134474,-0.7824506,-0.4478318,0.07923598,-0.21802774,0.2683782,-0.48537982,-0.4764404,-0.59566534,-0.07840248,0.3606395,0.25996348,0.60430115,-200.0,-200.0,200.0,200.0,-200.0,32.14227786484139,-200.0,-200.0,-200.0,43.71318857600227,85.26354641185378,-200.0,0.04513827,0.08123816,-0.8319774,1.726306,-0.9839057,0.16505823,0.10701639,0.12764649,-0.5621661,1.5800458,-0.9823217,0.03804258,2.568511,-0.48661196,-1.1687108,3.0364177,-20.102364,-7.4247565,-2.5924194,0.85955465,3.899976,-5.6717563,-17.596148,-6.8268948
151,0.5392712,0.029458303,0.8654064,-0.05675322,0.009429102,-0.9983437,1.0,0.0,0.0,0.005121361,0.05650983,-0.022366464,0.13063669,-0.27942818,0.0072293845,0.014388012,0.10030335,0.25247037,-0.0048036575,-0.21527737,0.047753178,-0.46656424,-0.20671499,0.10786509,-0.080723934,-0.045898568,-1.015314,-0.7252738,-0.27156553,-0.03915332,0.22811078,0.29770172,0.47056866,0.3429302,1.0360806,0.13625497,-0.81657165,0.31399608,0.17299916,0.6859696,1.3818331,0.4446826,0.29201508,0.6124324,0.3815207,-200.0,-200.0,-200.0,200.0,200.0,200.0,-200.0,-200.0,108.26515448228236,-200.0,200.0,-19.468909051315904,0.005121361,0.05650983,-0.8223665,1.7306367,-1.0794282,0.0072293845,0.014388012,0.10030335,-0.54752964,1.5951964,-1.0152774,0.047753178,-9.3312845,-4.1342998,2.1573017,-1.6144787,-0.9179713,-20.30628,-14.505476,-5.43131,-0.7830664,4.5622153,5.9540343,9.411373
152,-0.19121523,-0.48185986,0.19974916,-0.06696984,0.0056621484,-0.99773896,1.0,0.0,0.0,-0.02631395,0.042543184,0.02656573,0.08069527,-0.18252319,-0.08895217,-0.064164676,0.082652904,0.25270867,0.058323264,-0.071838975,0.16091488,0.097500734,0.036632337,0.35796016,-0.39048132,0.920117,-0.04379194,-0.109360576,0.0490238,-0.030117724,0.47996804,0.69921255,0.55958784,0.39515993,0.056142196,-0.5975955,-0.6619881,0.52804816,0.8701734,0.81077415,-0.43825984,-0.5624354,-0.71823984,-0.6500978,-0.5212803,200.0,200.0,200.0,200.0,200.0,200.0,200.0,200.0,200.0,-200.0,200.0,200.0,-0.02631395,0.042543184,-0.7734343,1.6806953,-0.9825232,-0.08895217,-0.064164676,0.082652904,-0.54729134,1.6583233,-0.871839,0.16091488,1.9500147,0.7326467,7.159203,-7.809626,18.40234,-0.87583876,-2.1872115,0.98047596,-0.60235447,9.59936,13.984251,11.191756
153,0.037175007,0.03557257,-0.5214654,-0.074677914,0.007419104,-0.9971801,1.0,0.0,0.0,0.044621468,0.04339856,0.045423567,0.04598236,0.0032158494,-0.004035857,-0.03262648,0.08501861,0.23253667,0.13616359,-0.03614235,0.16977572,0.433782,-0.04880276,-0.2215607,0.32995966,0.38165197,0.48204857,0.37228596,-0.016733846,-0.15491612,0.3084334,-0.24725871,-0.37681484,-0.30939358,0.03565292,0.1512338,0.40451774,-0.28558362,0.3029434,-0.23225456,0.12901473,0.060886286,-0.23936777,-0.72755194,-0.48620608,200.0,-200.0,-200.0,-200.0,-200.0,-200.0,-200.0,41.55530953234647,-200.0,-200.0,-200.0,200.0,0.044621468,0.04339856,-0.75457644,1.6459824,-0.79678416,-0.004035857,-0.03262648,0.08501861,-0.56746334,1.7361636,-0.83614236,0.16977572,8.67564,-0.9760552,-4.431214,6.599193,7.633039,9.640971,7.4457192,-0.3346769,-3.0983224,6.1686683,-4.945174,-7.536297
154,-0.027322337,-0.035380244,0.40320274,-0.07474633,0.0071225623,-0.9971771,1.0,0.0,0.0,0.065984674,0.037894245,0.01287812,0.12384093,-0.027217627,0.09926937,-0.014376389,0.08373891,0.20459074,0.18608534,-0.18742359,-0.0023333654,-0.16014157,-0.009439617,-0.112303235,0.4306728,-0.51239896,0.44071957,-0.13391422,-0.0015720775,-0.1312043,0.19790787,-1.0998441,-1.0418946,-0.61589986,-0.54004425,0.03758737,-1.1002741,-0.31757346,-0.67987496,-0.6685819,-0.05646026,-0.048615538,-1.1207122,0.02946037,0.40053567,-200.0,92.05064108906043,-160.50202611226408,-200.0,-43.23243017582081,58.62589970293004,-200.0,8.048619845949638,200.0,152.7564906100336,-52.195554603788196,-34.64076283631056,0.065984674,0.037894245,-0.7871219,1.723841,-0.82721764,0.09926937,-0.014376389,0.08373891,-0.5954093,1.7860854,-0.9874236,-0.0023333654,-3.2028315,-0.18879235,-2.2460647,8.613456,-10.247979,8.814391,-2.6782844,-0.03144155,-2.6240861,3.9581573,-21.996881,-20.83789
155,0.4334049,0.13884434,1.2569538,-0.0725118,-0.0004951725,-0.99736744,1.0,0.0,0.0,-0.03141942,0.012581641,0.0067546368,0.18296587,-0.12639296,0.08052522,-0.100919075,0.051797792,0.1682269,0.20734966,-0.29832453,-0.10411135,-0.75017995,-0.21032234,0.012522899,0.18982618,-0.41755024,-0.5307282,-0.66834635,-0.24735606,-0.23777711,0.0353895,-0.10891312,-0.07607261,0.80615914,0.790858,-0.3216322,-0.80161524,0.19741227,-0.101629294,0.99806565,0.6059855,0.7704279,-0.80284303,0.6586444,0.54921883,-200.0,9.539451289773268,-200.0,-200.0,200.0,200.0,-200.0,-200.0,55.48398454149805,-200.0,36.59372845650739,-200.0,-0.03141942,0.012581641,-0.7932454,1.7829659,-0.926393,0.08052522,-0.100919075,0.051797792,-0.6317731,1.8073497,-1.0983245,-0.10411135,-15.003598,-4.2064466,0.25045797,3.7965236,-8.351005,-10.614564,-13.366927,-4.947121,-4.7555423,0.70779,-2.1782625,-1.5214522
156,-0.16384205,0.20397206,0.3316928,-0.06607614,-0.0025460066,-0.9978113,1.0,0.0,0.0,-0.11587498,-0.0025125844,0.0021115541,0.20014441,-0.101104975,0.0149748195,-0.16669612,0.037737515,0.14087665,0.18345547,-0.21484977,-0.0120935915,-0.15818104,0.041673847,-0.048735406,0.0032374174,0.5485039,-0.25564775,-0.04931652,0.065362155,-0.049929973,-0.24647808,0.84824485,0.8989987,0.7023756,-0.04381092,-0.033616293,-0.47091052,0.1799558,0.6059418,0.808341,-0.45628023,0.665401,-0.6053616,-0.25744218,-0.31413186,200.0,200.0,200.0,-200.0,200.0,200.0,200.0,200.0,-200.0,-200.0,141.69991000523476,23.604601594714467,-0.11587498,-0.0025125844,-0.79788846,1.8001444,-0.901105,0.0149748195,-0.16669612,0.037737515,-0.65912336,1.7834555,-1.0148498,-0.0120935915,-3.1636207,0.8334769,-0.9747081,0.06474835,10.9700775,-5.1129546,-0.98633045,1.3072431,-0.9985994,-4.9295616,16.964897,17.979973
157,0.16781527,-0.04242234,-0.632154,-0.0639693,-0.0044847853,-0.9979418,1.0,0.0,0.0,-0.083914846,-0.012209274,0.003047824,0.18130302,-0.0036950707,0.07385061,-0.12310271,0.033701554,0.16622686,0.09720683,-0.15253127,0.0641956,0.42110845,-0.102297105,0.037490588,-0.1708551,0.40611774,0.7422961,0.44004464,-0.07572372,0.26557815,-0.5827733,-0.120708145,-0.041838564,-0.045992203,0.36054665,-0.26115376,0.17743003,-0.64112556,0.20256796,-0.25224406,0.2519688,-0.1577948,0.7920527,-0.8759816,-0.7066592,200.0,-200.0,200.0,-200.0,-183.56232505665093,-200.0,200.0,26.144399303760537,-103.54823797247481,-200.0,-40.08723946480086,200.0,-0.083914846,-0.012209274,-0.7969522,1.781303,-0.8036951,0.07385061,-0.12310271,0.033701554,-0.63377315,1.6972069,-0.9525313,0.0641956,8.422169,-2.045942,0.7498117,-3.417102,8.1223545,14.8459215,8.800893,-1.5144744,5.311563,-11.655466,-2.4141629,-0.83677125
158,-0.3882053,0.65876085,0.014912597,-0.0501479,9.524984e-05,-0.9987418,1.0,0.0,0.0,-0.051492635,-0.0034875944,-0.02264905,0.16824317,-0.0283947,0.1352107,-0.0904865,0.044983663,0.17681211,0.018963218,-0.28215235,-0.055546235,0.035660114,0.16136435,-0.25685495,-0.0032188983,-0.5554801,0.14521769,-0.060007174,0.16429532,-0.11935329,-0.23496485,-1.0791631,-1.0534301,-0.6957294,-0.8525272,0.63499033,0.6919656,-0.3688648,-0.6178337,-0.6668603,-0.48346114,0.6799594,0.31937253,0.08834562,0.06947443,-200.0,200.0,-200.0,200.0,-200.0,-200.0,-35.800952169115604,200.0,-200.0,31.269527058296998,-200.0,-13.620292615410051,-0.051492635,-0.0034875944,-0.82264906,1.7682432,-0.8283947,0.1352107,-0.0904865,0.044983663,-0.6231879,1.6189632,-1.0821524,-0.055546235,0.71320224,3.2272868,-5.137099,-0.06437796,-11.109602,2.9043536,-1.2001435,3.2859063,-2.3870656,-4.699297,-21.583261,-21.068602
159,0.17903405,-0.16418456,0.58574367,-0.043045692,0.0039100633,-0.99906546,1.0,0.0,0.0,-0.10422082,0.005176995,-0.044723153,0.18696272,-0.14481533,0.056646593,-0.16613276,0.05482656,0.175066,0.059304237,-0.32835096,-0.09117099,-0.51662165,-0.05960806,-0.010947054,0.17293504,-0.49550906,-0.8319939,-0.64861584,-0.10121633,0.08236044,0.24830964,0.1988739,0.24608234,0.08528022,-0.0991561,0.1748046,-0.024012808,0.045932904,0.006713637,0.7224228,0.18692721,0.37110046,0.010670558,0.6016495,0.9154918,-200.0,-200.0,200.0,200.0,200.0,165.863436264946,-200.0,-200.0,200.0,200.0,48.931354554830875,-200.0,-0.10422082,0.005176995,-0.84472317,1.7869627,-0.94481534,0.056646593,-0.16613276,0.05482656,-0.624934,1.6593043,-1.128351,-0.09117099,-10.332433,-1.1921612,-0.21894108,3.4587007,-9.910181,-16.639877,-12.972317,-2.0243266,1.6472087,4.9661927,3.977478,4.9216466
160,-0.08382561,-0.5678946,0.0201575,-0.06042837,0.002954525,-0.9981682,1.0,0.0,0.0,-0.14434978,-0.010441017,-0.012491643,0.18615508,-0.14089894,-0.004449071,-0.22895297,0.046482947,0.22593325,0.074837565,-0.18257499,0.06512438,0.05184399,-0.08007504,0.27583978,-0.14340106,0.36086196,0.0073453793,-0.038466167,0.021148562,0.34344897,-0.031623296,1.1659374,1.2212392,0.72394735,0.099963814,-0.62326944,-1.4429985,0.20107032,0.5700563,0.83535403,-0.03585887,-0.91825956,-1.428933,-0.21310312,-0.60293263,200.0,200.0,-32.214012581561974,-114.22138665581504,200.0,200.0,200.0,-98.08188552356083,127.31623423063638,-200.0,52.590011002810115,35.4941080483848,-0.14434978,-0.010441017,-0.81249166,1.7861551,-0.94089895,-0.004449071,-0.22895297,0.046482947,-0.57406676,1.6748376,-0.982575,0.06512438,1.0368798,-1.6015007,5.5167956,-2.868021,7.217239,0.14690758,-0.76932335,0.42297125,6.8689795,-0.6324659,23.318748,24.424784
161,0.0036862576,0.0476966,-0.77186173,-0.06984088,0.0026683935,-0.9975546,1.0,0.0,0.0,-0.072381444,-0.020882338,0.019505143,0.14002764,-0.026611745,0.103053555,-0.17991017,0.046604007,0.25751168,0.08083606,-0.13764048,0.16795652,0.6128882,-0.02346216,0.06699372,-0.29986677,0.6289192,0.9267826,0.4712443,0.007774751,0.040313017,0.03016122,-0.16016665,0.009518067,-0.500218,0.27587843,0.29444194,0.23513445,-0.12840086,-0.039251827,-0.28561658,0.111260355,-0.46451592,0.3436504,-0.53565586,-1.1956226,200.0,-161.02169338736488,-200.0,-200.0,6.720851278277053,-200.0,200.0,200.0,-200.0,-200.0,200.0,86.67057865339393,-0.072381444,-0.020882338,-0.78049487,1.7400277,-0.82661176,0.103053555,-0.17991017,0.046604007,-0.54248834,1.6808361,-0.9376405,0.16795652,12.257764,-0.4692432,1.3398744,-5.997335,12.578383,18.535652,9.424886,0.15549502,0.8062603,0.6032244,-3.203333,0.19036135
162,-0.37618834,0.06340195,0.22170097,-0.06740915,0.010885688,-0.997666,1.0,0.0,0.0,-0.017431708,-0.0040750997,0.035940945,0.11512315,-0.023280025,0.16133969,-0.14582236,0.061344076,0.24364567,0.12446821,-0.25091034,0.05932059,-0.0076211537,0.16369681,0.09052981,0.040016506,-0.44556957,-0.2429631,-0.08054904,0.11034389,-0.1572933,0.35893065,-0.6240383,-0.9934071,-0.9363764,-0.8947043,0.45330384,0.47273856,0.27238268,-0.66274595,-0.557639,-0.5108099,0.24675995,-0.47486198,-0.24358438,0.23329997,-200.0,8.191871559198646,-200.0,163.1155457600433,145.95749842540374,-200.0,-200.0,200.0,200.0,200.0,-200.0,-200.0,-0.017431708,-0.0040750997,-0.76405907,1.7151232,-0.82328004,0.16133969,-0.14582236,0.061344076,-0.55635434,1.7244682,-1.0509104,0.05932059,-0.15242307,3.273936,1.8105961,0.8003301,-8.911391,-4.859262,-1.6109807,2.2068777,-3.1458662,7.1786127,-12.480765,-19.868141
163,0.2952957,-0.45569426,0.8563064,-0.077020794,0.012700733,-0.9969486,1.0,0.0,0.0,-0.08358287,-0.0010632441,0.074002385,0.1374172,-0.008554816,0.0049010655,-0.22534344,0.039289262,0.24077481,0.16571033,-0.28111285,-0.03258729,-0.5961272,-0.118194535,0.25705513,0.1652329,0.48832837,-1.2235732,-0.6261231,-0.28837603,0.059994098,0.10101825,0.072417594,-0.022028828,0.4926849,-0.19949807,-0.78410184,-1.0184917,0.61715215,0.2445361,0.99149305,0.41713113,-0.32921878,-1.4149891,0.2315501,0.70301217,-94.28759130050696,-200.0,-35.28610803165,-200.0,12.426215745279904,200.0,-200.0,-200.0,200.0,200.0,175.70929643832517,-200.0,-0.08358287,-0.0010632441,-0.7259976,1.7374172,-0.8085548,0.0049010655,-0.22534344,0.039289262,-0.5592252,1.7657104,-1.0811129,-0.03258729,-11.922544,-2.3638906,5.141103,3.304658,9.766567,-24.471464,-12.522461,-5.7675204,1.1998819,2.020365,1.4483519,-0.44057655
164,0.31641665,0.19273558,0.19765523,-0.08165484,0.003695466,-0.9966538,1.0,0.0,0.0,-0.14642614,-0.021322642,0.074462414,0.18390048,0.09098822,-0.07642191,-0.27965,0.0019590068,0.22833776,0.16934073,-0.17154127,0.07086975,-0.0858862,-0.09407393,-0.19544725,0.27481702,0.5628235,0.20435858,0.013277769,-0.10497122,-0.15402336,-0.05125897,0.9247023,0.9591589,0.7689126,0.52052224,-0.018357206,-0.09907058,-0.03442297,0.63918364,0.60009164,0.5372763,0.3264424,-0.56101453,-0.035274133,-0.3682756,200.0,200.0,-200.0,-200.0,200.0,200.0,200.0,-200.0,-200.0,-200.0,200.0,200.0,-0.14642614,-0.021322642,-0.7255376,1.7839005,-0.7090118,-0.07642191,-0.27965,0.0019590068,-0.57166225,1.7693408,-0.9715413,0.07086975,-1.717724,-1.8814785,-3.908945,5.4963403,11.25647,4.0871716,0.26555538,-2.0994244,-3.0804672,-1.0251794,18.494045,19.183178
165,-0.28398287,0.10361714,-0.6378655,-0.07596333,0.0031572124,-0.9971056,1.0,0.0,0.0,-0.0972748,-0.0100597795,0.051985383,0.21335721,0.10237771,0.07113745,-0.21329533,0.017549284,0.23216647,0.1336354,-0.0933224,0.15325698,0.518262,0.16831224,-0.069934465,0.0440398,-0.2607619,1.1325605,0.5522651,0.20474486,0.13772307,-0.080069415,-0.15827775,-0.16649131,-0.31142575,-0.35836816,-0.07346947,-0.6708081,-0.77351934,-0.4135465,-0.47951287,-0.6764303,0.43705863,-0.3806675,-0.5876953,-0.8746428,200.0,200.0,83.92395012941911,-200.0,-40.79404857551583,-200.0,200.0,200.0,-68.64977785195036,-200.0,-41.474136232607634,95.51022803292062,-0.0972748,-0.0100597795,-0.7480146,1.8133572,-0.6976223,0.07113745,-0.21329533,0.017549284,-0.56783354,1.7336354,-0.8933224,0.15325698,10.36524,3.3662446,-1.3986893,0.880796,-5.2152376,22.651209,11.045302,4.0948973,2.7544615,-1.6013883,-3.165555,-3.3298264
166,0.33485427,0.07959735,-0.279183,-0.07335464,-0.00037048105,-0.99730587,1.0,0.0,0.0,-0.054227594,-0.006594897,0.039231777,0.2106582,-0.053875864,0.18971919,-0.16883697,0.023005623,0.2777195,0.08359873,-0.2175923,0.011994458,-0.033472504,-0.1034132,-0.0639159,-0.06046143,-1.2071937,0.1522942,-0.05042652,-0.12091561,0.28131983,-0.38669,-0.7921888,-1.1483067,-0.8759519,0.060132176,0.09773267,-0.39158878,-0.032389387,-0.8625399,-0.43361533,0.6119247,-0.23541677,0.5052921,0.6794102,0.45266435,-200.0,-200.0,54.55012232075359,-200.0,39.91304618315792,-200.0,-200.0,-200.0,-165.98397483695913,-200.0,-200.0,-200.0,-0.054227594,-0.006594897,-0.76076823,1.8106582,-0.8538759,0.18971919,-0.16883697,0.023005623,-0.5222805,1.6835988,-1.0175923,0.011994458,-0.6694501,-2.068264,-1.2783179,-1.2092286,-24.143875,3.0458841,-1.0085304,-2.418312,5.6263967,-7.7337995,-15.843777,-22.966133
167,-0.22447184,0.31770933,0.6959594,-0.06567466,0.00071963214,-0.9978408,1.0,0.0,0.0,-0.12449663,0.0014832948,0.041576266,0.16727018,-0.18876362,0.110327385,-0.22578281,0.021463541,0.30333918,0.04075408,-0.26815563,-0.113293685,-0.60921985,0.12837534,0.05453633,-0.33408397,-0.23799114,-0.8433796,-0.40206295,0.08001576,-0.004999859,-0.06896141,0.18872936,-0.19600414,0.2658196,-0.21721818,0.49085468,0.043317165,0.24406137,0.31501573,0.5936083,-0.14879654,0.45761567,0.008739948,1.0931195,0.6067797,-33.86863331110078,200.0,-200.0,200.0,200.0,200.0,-200.0,8.441108966522137,66.8037137552755,-200.0,200.0,-200.0,-0.12449663,0.0014832948,-0.75842375,1.7672702,-0.98876363,0.110327385,-0.22578281,0.021463541,-0.49666083,1.6407541,-1.0681556,-0.113293685,-12.184397,2.5675068,1.0907266,-6.6816792,-4.759823,-16.867592,-8.041259,1.6003152,-0.09999718,-1.3792282,3.7745872,-3.9200826
168,0.29478452,-0.4996496,-0.09309067,-0.07057232,-0.000852111,-0.9975063,1.0,0.0,0.0,-0.18623643,-0.0023345447,0.07653618,0.10486388,-0.13207471,0.052869022,-0.25545013,0.009316135,0.3226377,0.032998443,-0.19503987,-0.035546955,-0.06084316,-0.1453837,0.26625463,-0.28508255,0.6947014,0.16716313,0.053040225,-0.18926089,0.15467747,0.017058939,0.32724756,0.8807163,0.5290758,0.122246325,-0.22748666,0.5024428,0.5421544,0.50488406,0.81716377,-0.33906227,-0.19925547,0.62603736,0.34651327,-0.2895914,200.0,-200.0,200.0,-46.95093005612172,200.0,200.0,200.0,-200.0,200.0,158.82543711552887,161.9098440553937,200.0,-0.18623643,-0.0023345447,-0.72346383,1.7048639,-0.9320747,0.052869022,-0.25545013,0.009316135,-0.4773623,1.6329985,-0.9950399,-0.035546955,-1.2168632,-2.907674,5.325093,-5.7016506,13.894028,3.3432627,1.0608045,-3.7852175,3.0935493,0.34117877,6.544951,17.614326
169,0.39528614,0.09004759,-0.8923147,-0.07753871,-0.017025841,-0.99684393,1.0,0.0,0.0,-0.13609855,-0.025379345,0.06125337,0.1435628,-0.03799188,0.12798275,-0.1969949,-0.022551157,0.3081509,0.08794224,-0.081180334,0.028676141,0.50130576,-0.10355115,-0.29923183,0.42325956,0.5875633,0.46472642,0.4795029,-0.15051313,-0.22431822,0.4183991,0.8056278,-0.10872457,-0.3299235,0.3835463,0.34874478,-0.06722218,0.014857784,-0.39989483,-0.5489022,1.1157525,-0.47609967,-0.45460343,-0.67634463,-0.5316587,200.0,-200.0,-200.0,200.0,-200.0,-200.0,200.0,200.0,-92.58583489171679,-54.40956184155618,200.0,-200.0,-0.13609855,-0.025379345,-0.73874664,1.7435628,-0.8379919,0.12798275,-0.1969949,-0.022551157,-0.49184912,1.6879423,-0.88118035,0.028676141,10.026115,-2.071023,-5.9846363,8.465191,11.751266,9.294528,9.590057,-3.0102625,-4.4863644,8.367982,16.112556,-2.1744914
170,-0.22158378,0.20127597,0.09974805,-0.07107822,-0.020246075,-0.9972653,1.0,0.0,0.0,-0.097792834,-0.01815646,0.025055408,0.19412184,0.022055626,0.10545722,-0.15740933,-0.029540068,0.2597195,0.15996957,-0.02387023,-0.097762056,-0.062320706,0.15900259,-0.07406184,0.10654904,0.007108414,-0.5674822,-0.029639078,0.060322274,-0.26307854,0.31518048,-0.13823003,-0.91733533,-0.40804693,-0.5219454,0.5578915,-1.3887173,-0.4775455,-0.5097146,-0.6584391,-0.08655973,0.25134942,-1.1749684,-0.74395555,0.15819539,-200.0,200.0,-200.0,-200.0,-200.0,18.090021924275675,-200.0,200.0,200.0,-200.0,-41.52264366904568,-200.0,-0.097792834,-0.01815646,-0.7749446,1.7941219,-0.7779444,0.10545722,-0.15740933,-0.029540068,-0.5402805,1.7599696,-0.82387024,-0.097762056,-1.2464141,3.1800518,-1.4812368,2.1309807,0.14216828,-11.349643,-0.59278154,1.2064455,-5.261571,6.3036094,-2.7646005,-18.346706
171,0.06336859,-0.36775228,0.7364484,-0.07724817,-0.017737877,-0.99685407,1.0,0.0,0.0,-0.16758913,-0.008976413,0.054768562,0.18557405,-0.07957029,-0.07952269,-0.22010942,-0.04624768,0.24234712,0.18894565,-0.15818077,-0.17609675,-0.50205946,-0.037208434,0.31271118,-0.1727716,-0.8225179,-0.93199056,-0.5307136,-0.1620994,0.02003031,0.025998885,-1.1060925,0.03599367,0.32706845,-0.14984772,-0.4728032,-0.1991164,0.34127688,0.6622872,0.8903915,0.38985485,-0.3028087,-0.4057563,-0.22559139,0.8875919,-200.0,63.28066418906015,16.356754750305623,-200.0,-200.0,200.0,-6.937817305266435,-200.0,200.0,-200.0,-13.407539109810614,71.0249073242727,-0.16758913,-0.008976413,-0.74523145,1.7855741,-0.8795703,-0.07952269,-0.22010942,-0.04624768,-0.5576529,1.7889457,-0.9581808,-0.17609675,-10.041189,-0.74416864,6.2542233,-3.455432,-16.450357,-18.63981,-10.614272,-3.241988,0.4006062,0.5199777,-22.12185,0.71987337
172,0.17344154,0.29196924,0.11290908,-0.07783769,-0.021538302,-0.99673337,1.0,0.0,0.0,-0.20935789,-0.025269147,0.08987194,0.13531435,-0.13490885,-0.15465537,-0.2603851,-0.061304186,0.22561926,0.17929316,-0.27023643,-0.061111096,0.030961543,-0.10321502,0.06569327,-0.31346533,0.16985525,0.07777863,0.06679798,-0.0022963134,-0.16467957,-0.1097064,-0.1143822,1.015297,0.7242566,0.108349994,0.012929331,-0.05834842,0.5551128,0.73315984,1.0517328,0.36771446,0.16894531,-0.5014902,0.17396265,-0.044283237,200.0,200.0,-200.0,-200.0,200.0,200.0,200.0,-152.42638369553433,-200.0,-200.0,200.0,200.0,-0.20935789,-0.025269147,-0.71012807,1.7353144,-0.93490887,-0.15465537,-0.2603851,-0.061304186,-0.57438076,1.7792932,-1.0702364,-0.061111096,0.61923087,-2.0643003,1.3138653,-6.2693067,3.397105,1.5555725,1.3359596,-0.045926265,-3.2935913,-2.194128,-2.287644,20.30594
173,-0.43313962,0.57957065,-0.67536473,-0.058256537,-0.017037602,-0.99815625,1.0,0.0,0.0,-0.1371964,-0.02298276,0.08119351,0.095668554,-0.06290007,-0.029041836,-0.1807538,-0.025474483,0.20076096,0.13375199,-0.19803917,0.042869173,0.6224106,0.08640374,-0.11270591,-0.09005335,0.33572975,1.0571496,0.6705468,0.32628152,-0.07980515,-0.32949468,0.66261286,0.13085184,-0.7315705,0.038085774,0.696544,0.642527,0.19268714,0.051884733,-0.44565254,-1.0863723,0.8286798,0.45895004,-0.63650024,-0.8814606,200.0,200.0,22.017049222963664,-200.0,200.0,-200.0,200.0,196.61093678884356,-33.43902768958462,-200.0,200.0,200.0,-0.1371964,-0.02298276,-0.7188065,1.6956686,-0.8629001,-0.029041836,-0.1807538,-0.025474483,-0.59923905,1.733752,-0.9980392,0.042869173,12.448212,1.7280748,-2.2541182,-1.801067,6.714595,21.142992,13.410936,6.5256305,-1.596103,-6.5898933,13.252257,2.6170366
174,-0.29267997,-0.15514736,-0.06727769,-0.051340736,-0.0030243995,-0.9986766,1.0,0.0,0.0,-0.07550265,-0.009995363,0.068911076,0.12186742,-0.0002836585,0.08168828,-0.11201844,0.016079558,0.205549,0.079606175,-0.17406446,-0.03891187,0.058711458,0.044482265,0.014688656,0.23480137,0.38198894,0.17620222,0.06828687,0.1168158,0.11352568,-0.21807979,-0.32445288,-0.8503782,-0.6400926,-1.0011634,-0.09259837,0.0050452016,0.43166637,-0.7448684,-0.79163235,-0.681083,0.22155195,0.21913587,0.49715507,0.16323522,-200.0,-200.0,200.0,200.0,-200.0,-200.0,-200.0,48.52442404640655,200.0,200.0,32.62388581401461,-200.0,-0.07550265,-0.009995363,-0.73108894,1.7218674,-0.8002837,0.08168828,-0.11201844,0.016079558,-0.594451,1.6796062,-0.97406447,-0.03891187,1.1742291,0.8896453,0.2937731,4.6960273,7.6397786,3.5240443,1.3657374,2.3363159,2.2705135,-4.3615956,-6.4890575,-17.007565
175,0.25881857,0.07839051,0.461423,-0.051140577,-0.0029538397,-0.9986871,1.0,0.0,0.0,-0.12771793,-0.026981367,0.05816406,0.15932763,0.13467425,0.0092353625,-0.16127779,0.006446077,0.20406836,0.055789113,-0.13279551,-0.101950966,-0.52010685,-0.19387287,-0.096046135,0.150394,0.6533446,-0.8039307,-0.5034011,-0.1815788,-0.078091994,-0.05066665,0.6383535,0.12263151,-0.013925709,0.4924718,-0.22600739,-0.41315243,-0.527257,0.33834586,0.7447539,0.45750117,0.30396992,-0.011119023,0.49148977,0.58452564,-200.0,-200.0,98.15765647228235,200.0,200.0,200.0,-200.0,-200.0,-200.0,-200.0,-59.66928397391143,-200.0,-0.12771793,-0.026981367,-0.74183595,1.7593277,-0.66532576,0.0092353625,-0.16127779,0.006446077,-0.59593165,1.6557891,-0.9327955,-0.101950966,-10.402137,-3.8774574,-1.9209226,3.0078797,13.066892,-16.078613,-10.068022,-3.6315758,-1.5618398,-1.013333,12.76707,2.4526303
176,-0.25155857,0.1618158,-0.40837857,-0.04621073,-0.0012515101,-0.99893093,1.0,0.0,0.0,-0.16542841,-0.03165722,0.033134162,0.18301356,0.13571006,-0.022997195,-0.1890417,-0.0002542863,0.1887334,0.07528043,-0.043818355,0.03137099,0.07882818,0.07997222,-0.12773217,0.047140356,-0.43251926,0.29036552,0.13957156,0.015513,-0.101617984,0.19264258,0.21133904,0.8211388,0.56361175,-0.14561364,0.07520198,0.016572203,-0.7624699,0.55169606,0.17857827,-0.70639056,0.6912437,-0.44395274,-0.13731727,-0.6419521,200.0,200.0,200.0,-200.0,200.0,200.0,200.0,200.0,-200.0,-200.0,-200.0,200.0,-0.16542841,-0.03165722,-0.76686585,1.7830136,-0.66428995,-0.022997195,-0.1890417,-0.0002542863,-0.6112666,1.6752805,-0.84381837,0.03137099,1.5765636,1.5994444,-2.5546434,0.9428071,-8.650385,5.80731,2.7914312,0.31026,-2.0323596,3.8528516,4.226781,16.422775
177,0.2312753,-0.354107,-1.2128353,-0.052653782,-0.0036573051,-0.99860615,1.0,0.0,0.0,-0.08862589,-0.043314718,0.039349735,0.16739309,-0.05640906,0.12956358,-0.11490251,-0.018939214,0.21275032,0.07418847,-0.06528795,0.09197009,0.62931836,-0.15002511,0.12546912,-0.16517624,-1.3791289,0.9132786,0.5315335,-0.17203526,0.28247282,-0.16771547,-0.15618569,-0.12217819,-0.7016947,0.28512955,-0.1258149,-0.43113253,-0.081535265,-0.59209025,-0.5774367,0.6794389,-0.78146905,-0.4293548,-0.072117954,-0.45760345,101.46205500403676,-200.0,200.0,-200.0,10.725890337667238,-200.0,200.0,-75.18653536668504,-34.31055887641921,-157.84885309673055,-169.0936253259706,-59.026378217809906,-0.08862589,-0.043314718,-0.7606503,1.7673931,-0.8564091,0.12956358,-0.11490251,-0.018939214,-0.5872497,1.6741885,-0.86528796,0.09197009,12.586367,-3.000502,2.5093822,-3.3035247,-27.582579,18.265572,10.63067,-3.4407053,5.649456,-3.3543096,-3.1237137,-2.4435637
178,-0.28827867,0.36700022,-0.5193358,-0.05057317,-0.0034961267,-0.99871427,1.0,0.0,0.0,-0.024675544,-0.045225356,0.04360968,0.11382377,-0.2230795,0.20087713,-0.06471515,-0.02837505,0.24249244,0.029347897,-0.06918329,-0.035627294,0.063975334,0.10413909,-0.06454288,-0.35164976,-0.38709247,-0.09747686,0.023700861,0.04628875,0.03845234,-0.2689685,-0.0018098311,-0.8975236,-0.8058332,-0.23907079,0.31729004,0.40213284,0.18724303,-0.4054581,-0.41288817,-0.06541334,-0.051022448,0.024932012,0.33975917,0.036684036,-200.0,200.0,-200.0,-200.0,-3.8617554611730665,27.648536078629036,-200.0,200.0,-200.0,-200.0,200.0,-200.0,-0.024675544,-0.045225356,-0.75639033,1.7138238,-1.0230795,0.20087713,-0.06471515,-0.02837505,-0.5575076,1.6293479,-0.8691833,-0.035627294,1.2795067,2.0827818,-1.2908576,-7.032995,-7.7418494,-1.9495373,0.4740172,0.925775,0.7690468,-5.3793697,-0.036196623,-17.950472
179,0.16223969,0.31182522,0.45451128,-0.03699454,-0.0016990188,-0.999314,1.0,0.0,0.0,-0.07729118,-0.04314472,0.033114076,0.0590868,-0.1960795,0.07408947,-0.118913844,-0.03296172,0.22220886,0.024563909,-0.009042084,-0.07225868,-0.5306365,-0.06254899,-0.044997934,-0.21147285,0.56164426,-1.0724403,-0.513771,-0.08461703,-0.19200818,0.11501787,0.5744509,0.3697653,0.002132453,-0.046279386,0.6516455,1.4096698,0.3320586,0.27504107,0.43501043,-0.1467248,0.6296498,0.72737354,0.27597606,0.12172681,-200.0,-70.89537164299239,-200.0,9.131887118876136,200.0,200.0,-200.0,-200.0,200.0,200.0,200.0,-200.0,-0.07729118,-0.04314472,-0.76688594,1.6590868,-0.9960795,0.07408947,-0.118913844,-0.03296172,-0.57779115,1.6245639,-0.8090421,-0.07225868,-10.612729,-1.2509798,-0.89995867,-4.229457,11.232884,-21.448805,-10.27542,-1.6923406,-3.8401637,2.3003573,11.489018,7.395306
180,0.105946615,-0.37849507,-0.21782734,-0.03981561,-0.007100382,-0.9991818,1.0,0.0,0.0,-0.11890631,-0.056261517,0.043822348,0.031993985,-0.035672545,-0.032118578,-0.16325325,-0.05006468,0.21045113,0.061580658,0.08584869,-0.007813504,0.0583601,-0.06888049,0.13887195,-0.070948355,0.796287,-0.087518886,0.017996274,-0.08836125,0.052275278,0.24182545,0.4103212,0.28975835,0.71948874,-0.012064628,-0.03714334,-0.36567584,-0.40929824,0.5200218,0.44427338,0.6289412,-0.16056487,-0.9655135,-0.74369526,-0.32254854,200.0,-107.90376324596794,200.0,200.0,-31.30341476436473,-31.34613466939868,200.0,86.58427719219802,200.0,200.0,-60.370561700194344,200.0,-0.11890631,-0.056261517,-0.75617766,1.631994,-0.83567256,-0.032118578,-0.16325325,-0.05006468,-0.5895489,1.6615807,-0.7141513,-0.007813504,1.167202,-1.3776097,2.777439,-1.418967,15.92574,-1.7503777,0.35992548,-1.7672249,1.0455055,4.8365088,8.206424,5.795167
181,-0.26789322,0.35617498,-0.89145875,-0.038244486,-0.0036138515,-0.99926186,1.0,0.0,0.0,-0.045066833,-0.053363584,0.052403748,-0.00019001961,0.019660532,0.05815345,-0.09855714,-0.03543779,0.20396549,0.09920764,0.06402403,-0.05284759,0.624987,0.062243026,-0.031466976,-0.23666207,-0.14887269,0.87845355,0.57470435,0.19568804,-0.10340654,0.14387436,-0.5337285,-0.54605,-0.52797925,-0.36558664,0.29931703,0.3970131,-0.20301513,-0.19390486,-0.40520158,-0.08286868,0.12576278,-0.30049866,-0.637555,-0.22800693,200.0,200.0,-200.0,-200.0,-200.0,-28.67848366275655,200.0,29.97848232271354,-162.9090194378915,-200.0,-200.0,160.02575849313268,-0.045066833,-0.053363584,-0.74759626,1.59981,-0.7803395,0.05815345,-0.09855714,-0.03543779,-0.5960345,1.6992077,-0.735976,-0.05284759,12.49974,1.2448605,-0.6293395,-4.7332416,-2.9774537,17.56907,11.494086,3.9137607,-2.0681307,2.8774872,-10.674569,-10.9210005
182,0.3480765,0.087154016,-0.09325867,-0.030241508,-0.008019269,-0.99951047,1.0,0.0,0.0,0.014180603,-0.06626331,0.05344206,-0.023548603,-0.048798442,0.12506549,-0.049155496,-0.032935355,0.1935224,0.106013894,-0.13011193,-0.116876684,0.007314732,-0.13750686,0.017898938,0.03493827,-0.3148247,-0.119540535,-0.016318304,-0.10680957,-0.01768515,-0.053100254,-1.0904024,-0.24781756,-1.0309188,0.20492923,0.805926,0.135315,0.9422936,-0.58039147,-0.65433717,0.14877966,0.29072198,-0.18583444,-0.36838245,0.8378715,-200.0,-16.757797904419633,-115.66347965068903,-200.0,65.22104215245122,26.396060974560555,-200.0,-200.0,200.0,200.0,-16.47640274517073,-200.0,0.014180603,-0.06626331,-0.74655795,1.5764514,-0.84879845,0.12506549,-0.049155496,-0.032935355,-0.6064776,1.7060139,-0.93011194,-0.116876684,0.14629464,-2.750137,0.35797876,0.69876534,-6.296494,-2.3908107,-0.3263661,-2.1361914,-0.35370302,-1.062005,-21.808046,-4.9563513
183,-0.12903489,-0.3807307,0.70604646,-0.03878421,-0.011168593,-0.9991852,1.0,0.0,0.0,-0.04590219,-0.06821271,0.075047135,-0.007393956,-0.0074873567,-0.009746097,-0.10357078,-0.038145084,0.21721148,0.06966758,-0.24747294,-0.06314472,-0.5521306,0.08849173,0.16701497,0.11179737,0.63281316,-1.109771,-0.48789987,0.03970396,0.19216737,-0.26833078,-0.28027695,0.69179016,0.46498373,0.43599892,-0.9019882,0.39403537,0.3294267,0.60318017,0.52080685,-0.35035723,-0.3469685,-0.6904091,-0.019326925,0.16245341,-200.0,200.0,-26.25605401461661,-200.0,54.44614915618385,200.0,-200.0,200.0,200.0,182.45949095163508,200.0,-155.2796160247251,-0.04590219,-0.06821271,-0.7249529,1.5926061,-0.80748737,-0.009746097,-0.10357078,-0.038145084,-0.5827885,1.6696676,-1.047473,-0.06314472,-11.042611,1.7698345,3.3402994,2.2359474,12.656262,-22.19542,-9.7579975,0.79407924,3.8433473,-5.3666153,-5.605539,13.835803
184,0.0044528237,0.23952833,-0.10464556,-0.04048722,-0.008401038,-0.99914473,1.0,0.0,0.0,-0.095303066,-0.049990997,0.06532782,0.0499897,0.10915357,-0.1189768,-0.14920108,-0.034373935,0.23818171,0.002414465,-0.21003836,0.033104625,0.0031040558,0.10356846,-0.22799237,0.42717695,0.48411313,-0.07872511,-0.012567262,0.0045033586,0.03687687,-0.3935391,0.3820208,0.35054383,0.5760763,-0.47445786,0.050663184,0.121944025,-0.8187798,0.5331904,0.5101653,-0.016741727,0.558161,0.09677161,0.5509786,-0.67900956,200.0,-200.0,-200.0,-200.0,32.12548316168329,-145.48294944218816,200.0,200.0,-200.0,200.0,-46.59509707690802,200.0,-0.095303066,-0.049990997,-0.7346722,1.6499897,-0.69084644,-0.1189768,-0.14920108,-0.034373935,-0.5618183,1.6024145,-1.0100384,0.033104625,0.062081113,2.0713692,-4.5598474,8.543539,9.682262,-1.5745021,-0.25134525,0.09006717,0.7375374,-7.870782,7.640416,7.010876
185,0.10148664,-0.21508072,-0.8076284,-0.042002793,-0.011031944,-0.9990566,1.0,0.0,0.0,-0.031461008,-0.041890018,0.052414596,0.109500885,0.100109756,-0.023403687,-0.09040633,-0.030591268,0.26639056,-0.06736338,-0.03228998,-0.0022932098,0.5745703,-0.013630609,0.030347168,0.21139811,-0.4763298,0.9335747,0.5473899,0.028363405,0.20957649,-0.31137818,1.2050368,-0.60773104,-0.2634325,0.5792618,-0.58289045,-0.19671194,-1.0048807,-0.008765719,-0.58100176,0.1439219,0.13354185,0.68869144,0.23728901,-0.13744536,200.0,2.6012672779501926,200.0,200.0,15.358148546327811,-200.0,200.0,-200.0,-17.451698309010055,-193.95824295711427,-200.0,200.0,-0.031461008,-0.041890018,-0.7475854,1.7095009,-0.69989026,-0.023403687,-0.09040633,-0.030591268,-0.53360945,1.5326366,-0.83229,-0.0022932098,11.4914055,-0.27261218,0.60694337,4.227962,-9.526596,18.671494,10.947798,0.5672681,4.1915298,-6.2275634,24.100735,-12.154621
186,-0.45140222,0.28535017,-0.08920617,-0.038184687,-0.003723149,-0.99926376,1.0,0.0,0.0,0.02146866,-0.016329138,0.044326425,0.13293624,-0.09910697,0.10086525,-0.036871478,0.00042980487,0.23234558,-0.010075927,0.03789133,-0.059054304,0.015195051,0.24030057,-0.09026147,0.05415396,-1.4216722,0.2416499,0.03582337,0.23053017,-0.3106533,0.42440042,0.4327897,-0.18514109,-0.67082435,-0.92492753,0.20527531,-0.26183495,-0.37543574,-0.8789096,-0.7762949,-0.7391293,0.64955044,0.06734138,0.24110362,0.26225263,-200.0,100.37670919372138,54.43767884497319,200.0,-40.630088298307726,195.74105494955293,-200.0,200.0,-200.0,-200.0,-200.0,-195.95756290755088,0.02146866,-0.016329138,-0.7556736,1.7329363,-0.899107,0.10086525,-0.036871478,0.00042980487,-0.56765443,1.5899241,-0.7621087,-0.059054304,0.30390102,4.806011,-1.8052293,1.0830792,-28.433443,4.832998,0.7164674,4.6106033,-6.213066,8.4880085,8.655794,-3.7028217
187,0.14089875,-0.30365455,0.48146856,-0.04041963,0.0013900064,-0.9991818,1.0,0.0,0.0,-0.038973738,0.0053809457,0.067578614,0.11258352,-0.27753335,0.042239383,-0.093802206,0.011253464,0.21075511,0.035945415,0.10589546,0.0018396458,-0.5637383,-0.0021435875,0.26114395,-0.21562608,-0.45814005,-0.7303535,-0.54740304,-0.08835169,0.03383186,0.10615339,0.29491895,0.5452437,0.127208,-0.112360105,-0.31638518,-0.9746135,0.48358172,-0.26648757,0.46641552,0.087106615,0.19815776,-0.78462714,-0.10209647,0.37181988,-200.0,-200.0,200.0,-59.84185345069193,-25.45847591658213,-6.933770262623625,-200.0,-200.0,47.99565223769031,-200.0,200.0,-200.0,-0.038973738,0.0053809457,-0.7324214,1.7125835,-1.0775334,0.042239383,-0.093802206,0.011253464,-0.5892449,1.6359454,-0.69410455,0.0018396458,-11.274766,-0.042871747,5.222879,-4.3125215,-9.162801,-14.607069,-10.94806,-1.7670338,0.67663723,2.1230679,5.898379,10.904873
188,0.16788384,0.13630843,-0.26513216,-0.04280836,-0.0044706543,-0.9990733,1.0,0.0,0.0,-0.09068591,-0.0028932313,0.10008925,0.052674174,-0.26053554,-0.065076336,-0.13567042,0.006553206,0.21488029,0.035328984,0.072616756,0.12684838,-0.008689503,-0.065342024,0.085026436,-0.36801803,0.52948815,-0.43396974,0.060100842,0.028499255,0.011357512,-0.09690114,-0.3653398,0.53809273,0.5505198,0.34335726,0.1462765,0.24124299,0.56766087,0.8181839,0.48456687,0.34468877,-0.28440297,0.8741658,-0.58556235,-0.7087515,200.0,143.84368247594972,-46.51720465936427,-200.0,5.280843962024903,-49.51287516126001,200.0,-160.72244388285492,-200.0,-200.0,200.0,32.65181448962181,-0.09068591,-0.0028932313,-0.69991076,1.6526742,-1.0605356,-0.065076336,-0.13567042,0.006553206,-0.5851197,1.635329,-0.72738326,0.12684838,-0.17379005,-1.3068404,1.7005286,-7.3603606,10.589763,-8.679395,1.2020168,0.5699851,0.22715025,-1.9380229,-7.3067956,10.761854
189,-0.47290385,0.37557176,-0.68626255,-0.030972587,0.0019297402,-0.9995184,1.0,0.0,0.0,-0.02827578,0.011291125,0.09973788,-0.0023733377,-0.053973734,-0.044196058,-0.061178856,0.04889959,0.188245,0.05616021,-0.09660983,0.12720835,0.57414454,0.17751949,-0.051745504,-0.20976269,1.306783,0.54555124,0.6290488,0.35971582,-0.25180617,0.26243722,-1.0437737,-0.4378402,-0.55332845,-0.54799765,0.94999903,0.41122136,0.4051165,0.5404229,-0.056167204,-1.2972366,0.7035276,-0.37859386,-0.13650191,-0.22297758,200.0,200.0,-200.0,200.0,48.01012922991288,-200.0,200.0,200.0,135.16319279263934,200.0,-24.969038553954533,200.0,-0.02827578,0.011291125,-0.7002621,1.5976267,-0.85397375,-0.044196058,-0.061178856,0.04889959,-0.611755,1.6561602,-0.89660984,0.12720835,11.482891,3.5503895,-1.0349101,-4.195254,26.135658,10.911024,12.5809765,7.1943164,-5.0361233,5.2487445,-20.875473,-8.7568035
190,0.22488213,-0.33192846,-0.16244385,-0.031829804,0.004961409,-0.99948096,1.0,0.0,0.0,0.025324162,0.012636265,0.10155946,-0.00394845,0.06979805,0.11934257,-0.0015228322,0.08366205,0.17878348,0.06968868,-0.20367259,0.0007786118,0.02099575,-0.12685344,-0.0003040806,0.25116062,0.16335964,0.74049085,0.03689591,0.025697652,0.1320852,-0.09295156,-0.17108314,-0.6759682,-0.6507957,-0.06411944,-0.037650127,0.16567811,0.5744177,0.12710081,-0.7992639,-0.51189536,-0.5377382,-0.13073774,0.014266044,0.33511874,-200.0,-200.0,200.0,-200.0,200.0,200.0,-200.0,-200.0,200.0,200.0,200.0,-200.0,0.025324162,0.012636265,-0.69844055,1.5960516,-0.73020196,0.11934257,-0.0015228322,0.08366205,-0.62121654,1.6696887,-1.0036726,0.0007786118,0.41991496,-2.5370686,-0.006081612,5.0232124,3.2671928,14.809816,0.73791814,0.51395303,2.641704,-1.8590312,-3.4216628,-13.519364
191,0.5641548,0.16505691,0.55614316,-0.03253645,-0.012273958,-0.9993952,1.0,0.0,0.0,-0.032484982,-0.02336701,0.069098115,0.063501954,0.17554122,0.16848645,-0.054282926,0.062255204,0.18420017,0.037746906,-0.15529042,-0.02727385,-0.5423911,-0.20336913,-0.23525281,0.3438963,0.7313253,-0.05878911,-0.5152398,-0.19631493,-0.043633625,-0.20038398,0.35028848,0.29814938,0.27737135,0.97643346,0.12299961,-0.80100375,-0.34563786,-0.45384926,0.54670024,1.0195209,0.37859136,0.042779475,-0.20051527,0.69045967,-200.0,-200.0,-200.0,-154.60355849467697,9.797500498858199,200.0,-200.0,115.86124333152873,2.53822740133171,-135.09416580448308,131.40962017370077,-64.08652256161685,-0.032484982,-0.02336701,-0.7309019,1.663502,-0.6244588,0.16848645,-0.054282926,0.062255204,-0.61579984,1.6377469,-0.95529044,-0.02727385,-10.847822,-4.0673823,-4.705056,6.877926,14.626506,-1.1757822,-10.304795,-3.9262986,-0.8726725,-4.0076795,7.0057697,5.9629874
192,-0.21169843,-0.3628857,-0.09562549,-0.038852513,-0.017410558,-0.9990933,1.0,0.0,0.0,-0.07929321,-0.029424118,0.061579227,0.09873152,0.21566308,0.05094974,-0.091936424,0.05792953,0.1969024,0.010858893,-0.15757227,0.13659486,0.016827783,0.109613694,0.10280476,0.051997244,-0.23189501,-0.9879981,0.08087459,0.11737666,0.14168836,-0.0902226,-0.09621481,1.1459153,0.5784785,0.26090008,-0.6221605,-0.15631631,-0.91772,0.15979281,0.0695651,-0.19607526,0.3336444,0.13995562,-0.4428022,-0.42827734,200.0,200.0,200.0,158.44731271053192,8.629577679636782,14.942031891534043,200.0,200.0,48.09081463151554,-200.0,-200.0,-118.31957357135184,-0.07929321,-0.029424118,-0.7384208,1.6987315,-0.58433694,0.05094974,-0.091936424,0.05792953,-0.6030976,1.6108589,-0.9575723,0.13659486,0.33655566,2.1922739,2.0560951,1.0399449,-4.6379004,-19.759962,1.6174918,2.3475332,2.8337672,-1.804452,-1.9242961,22.918304
193,-0.29833546,-0.23930639,-0.8030406,-0.050348435,-0.00798733,-0.9986998,1.0,0.0,0.0,-0.012378931,0.002309449,0.07508421,0.097896814,0.06572425,-0.039119493,-0.04718356,0.081114456,0.22121066,0.009404898,-0.2414121,0.26047844,0.59092253,0.19814779,0.03552782,-0.051175185,-1.173449,-0.010857169,0.24249482,0.10690518,0.1028335,0.062887006,-0.44136474,0.18451871,-0.44736192,-0.78406817,0.08303074,-0.6089427,-0.1093785,0.44740278,-0.384449,-0.2799136,-0.487957,-0.14253438,0.21350056,-0.74830174,-4.838819509775163,-200.0,122.2245534264117,200.0,38.15896962662089,-200.0,200.0,200.0,-200.0,-200.0,-200.0,200.0,-0.012378931,0.002309449,-0.7249158,1.6978968,-0.73427576,-0.039119493,-0.04718356,0.081114456,-0.57878935,1.6094049,-1.0414121,0.26047844,11.81845,3.9629557,0.71055645,-1.0235037,-23.46898,-0.21714337,4.8498964,2.1381035,2.05667,1.2577401,-8.827294,3.6903741
194,0.30965707,0.12250968,-0.058074884,-0.051971465,-0.010256589,-0.9985959,1.0,0.0,0.0,0.0446949,0.010476467,0.08007121,0.06492686,-0.061180174,0.061084155,-0.0654701,0.071746565,0.2295528,0.0043406487,-0.22077304,0.19061363,0.031911127,-0.084994815,0.023174822,-0.25769326,-0.1996603,0.8024618,-0.36492482,-0.1730496,-0.01203032,-0.0980906,0.5485303,-0.7865336,-0.9427431,0.34233642,0.33060822,-0.2993823,0.31580907,-0.13363938,-0.143811,0.27859187,-0.16545624,0.09213427,0.27714586,0.17542174,-200.0,-200.0,-200.0,-200.0,200.0,-200.0,-200.0,-200.0,-16.05244249241977,-200.0,186.72382352287408,4.4343605291834365,0.0446949,0.010476467,-0.7199288,1.6649269,-0.8611802,0.061084155,-0.0654701,0.071746565,-0.5704472,1.6043407,-1.020773,0.19061363,0.6382225,-1.6998963,0.46349645,-5.153865,-3.993206,16.049236,-7.2984962,-3.4609919,-0.2406064,-1.9618119,10.970605,-15.730672
195,-0.40233842,0.1270612,0.4821187,-0.047064878,-0.008435449,-0.9988562,1.0,0.0,0.0,-0.008625269,0.025154375,0.10393399,-0.01420939,-0.012290716,0.10418032,-0.10423084,0.07113335,0.20173788,0.014654875,-0.061136246,0.13619699,-0.519391,0.20492207,0.08270095,-0.109161556,-0.057264615,-0.52777183,-0.1060599,0.12988041,-0.20641819,0.12983462,0.74185985,0.05410957,0.35905522,0.049322575,-0.07617339,1.2842673,-0.20631598,0.07987006,0.6850389,-0.78443295,0.61878604,0.7547488,-0.59221625,0.32353276,34.070789116818915,200.0,-200.0,29.42260389630971,-65.77494151262476,50.01510134450771,-200.0,200.0,200.0,-25.375741883363162,30.440375948689507,-200.0,-0.008625269,0.025154375,-0.696066,1.5857906,-0.8122907,0.10418032,-0.10423084,0.07113335,-0.59826213,1.6146549,-0.86113626,0.13619699,-10.387819,4.098441,1.654019,-2.183231,-1.1452923,-10.555436,-2.121198,2.597608,-4.1283636,2.5966923,14.837196,1.0821913
196,0.055425067,0.06309776,-0.4936108,-0.04287534,-0.0013666742,-0.99907947,1.0,0.0,0.0,-0.0461291,0.04534769,0.09539503,0.004384756,-0.071519256,0.07967529,-0.069673635,0.075883314,0.1645354,0.05412364,-0.02208662,0.19478352,0.08261963,0.03509931,-0.15380652,0.25472885,-0.29284295,0.0015113966,0.3966161,-0.05494195,-0.16744484,0.25542608,-0.25232914,0.2871857,0.40065074,-0.89450556,0.15445088,-0.78962564,-0.094140306,0.2723912,-0.18532877,0.023766503,0.123824306,-0.82278556,-0.6233262,-0.2996325,200.0,-200.0,200.0,200.0,-200.0,-29.97065731839649,200.0,-37.71500144406634,-200.0,200.0,23.459807925512166,1.2320429057650906,-0.0461291,0.04534769,-0.704605,1.6043848,-0.87151927,0.07967529,-0.069673635,0.075883314,-0.6354646,1.6541237,-0.82208663,0.19478352,1.6523926,0.70198613,-3.0761304,5.094577,-5.8568587,0.030227931,7.932322,-1.0988389,-3.3488967,5.1085215,-5.0465827,5.743714
197,0.26272595,-0.13165136,-0.41536483,-0.046508513,-0.009424255,-0.9988734,1.0,0.0,0.0,0.021952858,0.036729123,0.09175193,0.020675898,-0.084119916,0.13758627,-0.046432465,0.053754177,0.15765142,0.07816875,-0.16933203,0.14293778,0.54866856,-0.093889885,0.06129094,-0.04781735,-0.02248734,0.3030556,-0.105646625,-0.13924892,0.02684394,0.022092687,-0.9603775,-0.70765954,-0.3886117,0.9409173,0.09368468,-0.62741536,0.038670078,-0.22762294,-0.69311976,0.51861453,-0.0666155,-0.1741437,-0.16093965,0.02782445,-200.0,69.65345782235909,-87.74882919709493,-200.0,30.038961090433304,-200.0,200.0,-200.0,78.6727927378772,-200.0,3.329505277362312,-33.32170408651979,0.021952858,0.036729123,-0.7082481,1.6206759,-0.8841199,0.13758627,-0.046432465,0.053754177,-0.6423486,1.6781688,-0.96933204,0.14293778,10.973371,-1.8777976,1.2258188,-0.956347,-0.44974682,6.061112,-2.1129324,-2.7849784,0.5368788,0.44185373,-19.20755,-14.153191
198,-0.3240002,0.3011529,0.40958527,-0.041967165,-0.00703005,-0.99909425,1.0,0.0,0.0,0.06761897,0.049129073,0.09977454,-0.00010406971,-0.05825478,0.08546201,-0.120728545,0.050110705,0.1446681,0.06909418,-0.25389308,0.08108687,-0.035217933,0.20240445,-0.00451245,-0.06795075,0.10198712,-0.66654944,-0.59397024,0.090421095,-0.12919454,-0.102358535,0.012324235,-0.12599462,-0.88290197,-0.16226636,0.0384182,0.2757842,0.17051409,0.35871452,0.73783165,-0.79019403,0.21455455,-0.001225505,0.39469784,0.62731534,-200.0,200.0,-200.0,-200.0,200.0,84.48865537796573,-200.0,200.0,-29.91559539365096,-200.0,200.0,-23.851190473555903,0.06761897,0.049129073,-0.7002255,1.599896,-0.8582548,0.08546201,-0.120728545,0.050110705,-0.6553319,1.6690942,-1.0538931,0.08108687,-0.70435864,4.048089,-0.090249,-1.359015,2.0397425,-13.330989,-11.879405,1.8084219,-2.583891,-2.0471706,0.2464847,-2.5198925
199,0.31490642,-0.0070226924,0.20181285,-0.035514835,-0.007935325,-0.9993377,1.0,0.0,0.0,0.013295032,0.060121115,0.082087874,0.028970838,-0.0050361753,0.04562536,-0.18872216,0.041314974,0.1322962,0.03703296,-0.14617682,0.16683546,-0.47285342,-0.062102955,-0.11109795,0.294321,0.33861434,0.20091024,-0.13306116,-0.15921791,-0.0063557844,-0.1831796,0.9683272,0.871033,0.14570154,0.21173702,0.3304535,0.31471983,-0.2074753,0.6155365,0.8440594,0.040936247,0.7020193,0.5792934,-0.25765938,-0.067177266,200.0,-200.0,181.49693369758424,97.94971416731181,200.0,172.12627555763356,-200.0,-200.0,20.254814092851348,200.0,30.255491697463356,200.0,0.013295032,0.060121115,-0.71791214,1.6289709,-0.8050362,0.04562536,-0.18872216,0.041314974,-0.6677038,1.637033,-0.9461768,0.16683546,-9.457068,-1.2420591,-2.2219589,5.88642,6.772287,4.0182047,-2.6612232,-3.1843581,-0.12711568,-3.6635919,19.366545,17.42066
200,-0.14253442,-0.65998214,-0.48030207,-0.050095346,-0.01033796,-0.99869096,1.0,0.0,0.0,-0.018758107,0.06857936,0.07998806,0.09691191,-0.0344823,0.18381315,-0.15890314,0.030274123,0.15355074,0.03939569,-0.093593776,0.22546276,0.0889614,0.12700649,0.08271529,0.3520245,-0.36680323,0.9166015,0.3773714,0.026437012,0.19654645,0.18776138,-0.29756352,-0.18669452,0.62790304,-0.30318248,-0.6298985,-0.5332501,-0.7792987,-0.6672322,-0.53290033,0.1346657,-0.59789026,-0.5824778,-0.93563724,-0.39590028,200.0,11.13325108869461,200.0,200.0,-86.78443190634334,-200.0,200.0,183.78075281833293,200.0,96.10516548684478,8.618119819839421,-32.07570561251123,-0.018758107,0.06857936,-0.72001195,1.6969119,-0.8344823,0.18381315,-0.15890314,0.030274123,-0.64644927,1.6393957,-0.8935938,0.22546276,1.779228,2.5401297,1.6543057,7.0404897,-7.3360643,18.33203,7.5474277,0.5287402,3.930929,3.7552276,-5.9512706,-3.7338903
201,-0.031495716,0.05184213,-0.46035865,-0.060615234,-0.008034238,-0.9981289,1.0,0.0,0.0,0.050341442,0.087869376,0.07097626,0.15257788,-0.20868713,0.2646605,-0.13421859,0.04122755,0.1736179,0.06158185,-0.25723046,0.08282875,0.55568767,0.06522181,-0.15645327,0.22018659,-1.1809893,-0.015369268,-0.080781676,0.062392246,0.022353502,0.046068735,-1.2446272,-1.008723,-0.5042257,-0.36304444,0.08827769,-0.7922022,-0.052091107,-1.0425003,-0.32472974,0.6162566,-0.34119684,-0.52978027,0.5276545,0.21923916,-200.0,126.57721517346803,-200.0,-200.0,-200.0,15.930656624082303,200.0,-200.0,-200.0,-200.0,-10.84874452396457,-200.0,0.050341442,0.087869376,-0.72902375,1.7525779,-1.0086871,0.2646605,-0.13421859,0.04122755,-0.6263821,1.6615819,-1.0572305,0.08282875,11.113753,1.3044361,-3.1290653,4.403732,-23.619785,-0.30738536,-1.6156335,1.2478449,0.44707003,0.9213747,-24.892544,-20.17446
202,-0.014728808,0.26630193,0.28550002,-0.054653976,-0.0070534125,-0.99848044,1.0,0.0,0.0,0.0931814,0.09217537,0.058184683,0.16578496,-0.33873957,0.15499233,-0.19187492,0.057835564,0.16925323,0.053429842,-0.39747602,-0.014386189,-0.05038179,-0.014494355,-0.010796186,-0.051090088,-0.21559142,-0.9844441,-0.31784773,0.11279482,-0.069075964,-0.1101943,-0.25736228,-0.053978335,-0.7975304,-0.21759482,0.5223309,-0.58921945,0.14936997,-0.25218207,0.3707475,-0.27384993,0.7850319,-0.1810451,0.75620836,0.80121535,56.94789615629537,200.0,-200.0,-200.0,200.0,200.0,-200.0,-200.0,78.90987516212577,-200.0,200.0,-200.0,0.0931814,0.09217537,-0.7418153,1.765785,-1.1387396,0.15499233,-0.19187492,0.057835564,-0.6307468,1.6534299,-1.197476,-0.014386189,-1.0076358,-0.2898871,-0.21592371,-1.0218017,-4.311828,-19.68888,-6.3569546,2.2558963,-1.3815192,-2.203886,-5.1472454,-1.0795667
203,0.52939206,-0.5153157,0.11893256,-0.06071043,-0.018117087,-0.99799097,1.0,0.0,0.0,0.02710946,0.062007282,0.10393441,0.12452209,-0.28041786,0.00053407974,-0.19947758,0.046596132,0.18284583,0.0273062,-0.33578902,0.05304962,-0.5588791,-0.26452464,0.42251465,-0.3361276,0.54841465,-0.7576345,0.19478372,-0.19239077,0.14247759,-0.05866145,0.7681322,0.60221773,-0.011084788,0.6861939,-0.7172202,-0.5948886,0.34845775,0.7200892,1.002903,0.60980445,-0.13905239,0.65914077,0.13006207,0.11488572,200.0,-200.0,200.0,-200.0,200.0,200.0,-200.0,-115.32641987807,120.33807806388143,-200.0,-200.0,200.0,0.02710946,0.062007282,-0.6960656,1.7245221,-1.0804179,0.00053407974,-0.19947758,0.046596132,-0.6171542,1.6273062,-1.135789,0.05304962,-11.177581,-5.2904925,8.450293,-6.7225523,10.968292,-15.15269,3.8956742,-3.8478153,2.8495517,-1.173229,15.362644,12.044354
204,-0.16649304,0.1837434,-0.36011237,-0.06581824,-0.024408061,-0.9975331,1.0,0.0,0.0,-0.019937579,0.03810681,0.15690076,0.038932085,-0.0936259,-0.043700997,-0.09563385,0.04860726,0.17186779,0.052133918,-0.17704833,0.09188583,-0.021395883,0.006921177,0.15688907,-0.5000477,0.9658039,0.21622872,0.7823108,0.1671618,-0.22586511,0.2740307,0.67433745,0.054723013,0.45178202,0.20561792,-0.11672401,-0.2236706,0.30578685,0.65416276,-0.77041113,-0.29856426,0.059562065,-0.057495363,-0.77778184,-0.389083,200.0,200.0,-200.0,200.0,-62.26660187457787,-11.64013450365745,65.33560418485634,200.0,-200.0,-200.0,-78.96992649103584,200.0,-0.019937579,0.03810681,-0.64309925,1.6389321,-0.8936259,-0.043700997,-0.09563385,0.04860726,-0.6281322,1.652134,-0.97704834,0.09188583,-0.42791766,0.13842353,3.1377814,-10.000954,19.316078,4.3245745,15.646215,3.343236,-4.517302,5.4806137,13.486749,1.0944602
205,-0.20679903,0.545736,-0.54293865,-0.05043451,-0.01784237,-0.998568,1.0,0.0,0.0,0.025610752,0.050013814,0.13682073,0.042069793,-0.055211365,-0.005948473,0.004338063,0.070702344,0.12754416,0.08143222,-0.14712548,0.00707321,0.43970203,0.043327574,-0.22239064,0.13898976,0.21010247,0.36650518,0.27386603,0.06361197,-0.21440244,0.047013946,-0.28092232,-0.7281186,-0.35764745,-0.26857108,0.8994894,0.42644665,0.39907885,0.49324834,-0.8355321,-0.73445785,0.68805695,0.3366354,-0.75310457,-0.36978653,-200.0,-200.0,90.18193269302711,-200.0,-200.0,-200.0,200.0,200.0,-200.0,-200.0,200.0,200.0,0.025610752,0.050013814,-0.6631793,1.6420698,-0.8552114,-0.005948473,0.004338063,0.070702344,-0.67245585,1.6814322,-0.9471255,0.00707321,8.794041,0.86655146,-4.4478126,2.7797952,4.2020493,7.3301034,5.47732,1.2722393,-4.2880487,0.9402789,-5.6184464,-14.562371
206,0.41143686,-0.1166378,0.063064545,-0.043170985,-0.02354523,-0.9987902,1.0,0.0,0.0,0.053623423,0.027098102,0.102577746,0.10262501,0.017882466,0.12534878,-0.008676795,0.05213594,0.11063814,0.10180271,-0.30803877,-0.1632151,-0.11266371,-0.23641498,-0.08873325,0.3801342,0.43374753,0.7245709,-0.34016615,-0.21881166,0.014848338,0.1427595,-1.074519,-0.94667685,-0.7491928,0.25842786,0.33563462,-0.57298356,0.36324996,-0.13298541,0.030812155,0.6062962,0.13319594,-0.6277918,0.18323603,0.9391973,-200.0,-200.0,200.0,200.0,200.0,200.0,-200.0,-200.0,200.0,-115.34757078263578,-99.60882285241132,-200.0,0.053623423,0.027098102,-0.69742227,1.702625,-0.78211755,0.12534878,-0.008676795,0.05213594,-0.6893619,1.7018027,-1.1080388,-0.1632151,-2.2532742,-4.7282996,-1.7746649,7.602684,8.674951,14.491417,-6.803323,-4.376233,0.29696676,2.85519,-21.490381,-18.933537
207,-0.23802912,-0.43504906,0.34994954,-0.055483025,-0.025388496,-0.9981368,1.0,0.0,0.0,-0.019633684,0.009487047,0.11119062,0.14814901,0.13081628,0.15290459,-0.0333218,0.03681176,0.12878567,0.106910944,-0.4161921,-0.24583904,-0.57174146,0.032400157,0.14039002,0.115760766,0.61609584,-0.34299424,0.05900399,0.044486687,0.14745277,-0.06229633,-0.10333028,0.022862023,0.40994942,0.22653,-1.0206175,-0.6160481,-0.33483213,-0.06399465,0.7005301,-0.17335244,-0.37111393,-1.06613,0.42371136,0.74873936,151.18942060448768,200.0,19.916895595428752,-200.0,200.0,200.0,-200.0,200.0,200.0,-200.0,200.0,-200.0,-0.019633684,0.009487047,-0.6888094,1.748149,-0.66918373,0.15290459,-0.0333218,0.03681176,-0.67121434,1.706911,-1.2161921,-0.24583904,-11.434829,0.6480031,2.8078003,2.3152153,12.321917,-6.8598847,1.1800798,0.88973373,2.9490554,-1.2459266,-2.0666056,0.45724046
208,-0.24750215,0.24999464,-0.31688213,-0.05793377,-0.015723636,-0.9981966,1.0,0.0,0.0,-0.0703237,0.027292814,0.11506045,0.15862334,0.15033537,0.07929381,0.03983958,0.04028082,0.13520801,0.07935834,-0.32860106,-0.13083017,0.008796921,0.143689,-0.08360378,0.0011623342,-0.32665083,-0.32263097,0.6178848,-0.009771693,-0.06323604,-0.20189996,0.88079613,1.0277729,0.85222846,-0.49736542,-0.13714287,0.1940738,-0.5750072,0.34374797,-0.38724047,-0.14635217,0.5163714,0.0055568367,0.28651538,-0.36486948,200.0,-200.0,-200.0,-200.0,200.0,200.0,200.0,200.0,-200.0,-200.0,-200.0,46.617194706098076,-0.0703237,0.027292814,-0.68493956,1.7586234,-0.64966464,0.07929381,0.03983958,0.04028082,-0.664792,1.6793584,-1.1286011,-0.13083017,0.17593841,2.87378,-1.6720755,0.023246683,-6.533016,-6.452619,12.357697,-0.19543386,-1.2647208,-4.037999,17.615923,20.555458
209,0.35207957,0.26544,-0.6078912,-0.04741742,-0.020970125,-0.998655,1.0,0.0,0.0,-0.014631712,0.02712172,0.081920385,0.17501009,-0.01704961,0.11885726,0.105547465,0.007639477,0.1354298,0.03543067,-0.12465125,-0.03301837,0.49697232,-0.10938209,-0.22136848,0.11971489,-1.1526704,0.47392774,0.095075384,-0.26219594,0.04761703,-0.21629308,0.8949112,0.045899235,-0.544717,0.43670177,0.29923418,-0.19727,-0.2637952,-0.015105228,-1.1639956,0.6613835,0.2996069,0.73269516,-0.370592,-0.52309835,-200.0,-71.57554273077733,200.0,151.2685487325549,-74.97196410991785,-200.0,200.0,-200.0,-200.0,-73.52044589176288,-14.76774423666211,-2.896017246874237,-0.014631712,0.02712172,-0.7180796,1.7750101,-0.8170496,0.11885726,0.105547465,0.007639477,-0.6645702,1.6354307,-0.92465127,-0.03301837,9.939446,-2.1876419,-4.4273696,2.3942978,-23.053408,9.478555,1.9015076,-5.243919,0.9523406,-4.3258615,17.898224,0.91798466
210,-0.3147558,-0.41212097,0.13701355,-0.051496528,-0.020662379,-0.9984594,1.0,0.0,0.0,0.02535848,0.0343118,0.08503997,0.16298795,-0.15297824,0.10762051,0.06536702,-0.01224335,0.16055346,0.012589693,-0.063367546,-0.12814991,-0.04412211,0.1604933,0.2113479,-0.20648967,-0.5759556,-0.45607153,-0.42918158,0.0570887,0.16294454,0.0403974,-0.3148441,-0.79501706,-0.40575266,-0.35522097,-0.27462462,-0.12905678,-0.098244146,-0.33061397,-0.077699244,-0.1510054,-0.0358757,-0.3031657,0.025409788,0.3038081,-200.0,200.0,200.0,200.0,-200.0,-200.0,-200.0,200.0,200.0,-200.0,-200.0,-200.0,0.02535848,0.0343118,-0.71496004,1.762988,-0.95297825,0.10762051,0.06536702,-0.01224335,-0.63944656,1.6125897,-0.86336756,-0.12814991,-0.88244224,3.2098658,4.226958,-4.129793,-11.519113,-9.12143,-8.5836315,1.1417739,3.2588906,0.80794793,-6.296882,-15.900341
211,0.28941604,0.2650234,0.42543894,-0.05306723,-0.020615509,-0.9983781,1.0,0.0,0.0,-0.03860285,0.036438882,0.10339397,0.112410665,-0.17532581,-0.028548103,-0.010993536,-0.024891613,0.16702724,0.014680982,-0.05640745,-0.15686883,-0.5291963,-0.1108003,-0.0061492864,-0.28211054,0.15583116,-0.65923095,-0.44668022,-0.15877613,-0.08065003,-0.0025523407,0.2406029,0.39324918,0.13304839,0.2435829,-0.033878345,0.20964569,0.2019277,0.579191,1.0548409,0.43495518,0.06917675,0.35639018,0.17266124,0.40871394,-167.43997321091453,-200.0,-200.0,-200.0,181.61003182909118,200.0,-200.0,-200.0,-200.0,-200.0,12.684091837243272,55.933931776725785,-0.03860285,0.036438882,-0.69660604,1.7124107,-0.9753258,-0.028548103,-0.010993536,-0.024891613,-0.6329728,1.614681,-0.85640746,-0.15686883,-10.583926,-2.216006,-0.12298573,-5.6422105,3.1166232,-13.184619,-8.933604,-3.1755226,-1.6130006,-0.051046815,4.812058,7.8649836
212,-0.31412506,0.448266,-0.23472677,-0.035802174,-0.018914983,-0.9991799,1.0,0.0,0.0,-0.07789312,0.044769946,0.07131815,0.082533956,-0.07523,-0.052683543,-0.033190947,-0.026757753,0.12835163,0.047186136,0.020231903,-0.004832858,0.074831985,0.15916036,-0.22355513,-0.057553943,0.5919871,0.31978282,0.16101219,0.11335541,-0.2214001,0.2756035,0.33094656,0.883467,0.5080422,-0.291144,0.85369414,0.46902868,-0.10043989,0.67175305,0.009433124,-0.5127306,1.0208199,-0.2612698,-0.53384566,-0.33605728,200.0,200.0,95.90714576370996,200.0,-28.50729367223903,-40.23429868949165,200.0,200.0,-1.8170751263268983,200.0,-28.344952790288858,200.0,-0.07789312,0.044769946,-0.72868186,1.682534,-0.87523,-0.052683543,-0.033190947,-0.026757753,-0.6716484,1.6471862,-0.7797681,-0.004832858,1.4966397,3.183207,-4.4711027,-1.1510788,11.839742,6.395656,3.2202437,2.2671082,-4.428002,5.5120697,6.6189313,17.66934
213,0.36776963,-0.23649298,-0.5877516,-0.03274081,-0.021815475,-0.99922574,1.0,0.0,0.0,-0.008825924,0.04274552,0.045346975,0.087531924,-0.05261767,0.11806764,-0.014739844,-0.033099413,0.13079971,0.065803885,-0.020436764,0.06567265,0.5652037,-0.14665684,-0.053921383,0.09194911,-0.100209735,1.1644938,0.05876133,-0.14978907,0.20398442,-0.054773252,-0.6405589,-0.08066265,-0.35964742,-0.06993128,0.4303495,-0.24327165,-0.09661063,-0.34537062,-0.3288621,0.5453083,-0.4990244,-0.31264687,-0.674371,-0.6199779,-11.431336446682153,-200.0,200.0,-200.0,-200.0,-200.0,200.0,-200.0,200.0,200.0,-3.8121957093619727,-13.944075360341003,-0.008825924,0.04274552,-0.75465304,1.687532,-0.8526177,0.11806764,-0.014739844,-0.033099413,-0.6692003,1.6658039,-0.8204368,0.06567265,11.304074,-2.9331367,-1.0784277,1.8389822,-2.0041947,23.289875,1.1752266,-2.9957812,4.0796885,-1.0954651,-12.811177,-1.613253
214,0.18218084,-0.18273024,0.25454375,-0.040911,-0.032469533,-0.99863505,1.0,0.0,0.0,0.038697213,0.01935175,0.06195599,0.07008481,-0.06818116,0.24317996,-0.06266711,-0.05078256,0.16553313,0.039452076,-0.21776706,-0.061144896,-0.02640911,-0.09379937,0.18888816,-0.23335364,-0.063316576,0.18540637,-0.444935,-0.039890286,0.14589202,-0.19941533,-0.9889663,-1.0743936,-0.7815924,0.34574753,-0.30753586,-0.32727596,-0.42466664,-0.75847155,0.031020846,0.39144987,-0.30779418,-0.04062341,0.06890252,0.31083182,-151.29919292795864,200.0,-200.0,-200.0,74.03546876339328,-173.85881873410187,-200.0,-83.9529670861473,200.0,-200.0,6.715247565861397,-200.0,0.038697213,0.01935175,-0.738044,1.6700848,-0.86818117,0.24317996,-0.06266711,-0.05078256,-0.6344669,1.6394521,-1.0177671,-0.061144896,-0.5281822,-1.8759873,3.7777631,-4.667073,-1.2663314,3.7081273,-8.8987,-0.7978057,2.9178405,-3.9883065,-19.779325,-21.487873
215,-0.4210217,0.44927257,0.3640475,-0.034641217,-0.025787586,-0.99906707,1.0,0.0,0.0,-0.026021633,0.030803554,0.079817295,0.037073374,-0.14432722,0.15957768,-0.09421808,-0.028149784,0.16533291,0.010959625,-0.30744463,-0.16807482,-0.5725404,0.17767738,0.009569026,-0.067398034,-0.49530593,-0.93039864,0.07973441,0.23588589,-0.114399076,-0.10652416,-0.0054826196,-0.09405201,0.32817394,-0.37986332,0.20652863,0.7164616,0.10128608,0.4678353,1.0927856,-0.72889316,0.77667713,0.6108498,0.5125637,0.6803054,200.0,200.0,-200.0,166.33894029326376,200.0,200.0,-200.0,200.0,-200.0,-200.0,-146.6529652549312,-200.0,-0.026021633,0.030803554,-0.7201827,1.6370734,-0.94432724,0.15957768,-0.09421808,-0.028149784,-0.6346671,1.6109596,-1.1074446,-0.16807482,-11.450808,3.5535474,0.19138052,-1.3479607,-9.906118,-18.607973,1.594688,4.7177176,-2.2879815,-2.1304832,-0.10965239,-1.8810402
216,0.09877375,-0.23072791,-0.35106412,-0.032378267,-0.020193987,-0.99927163,1.0,0.0,0.0,-0.08066598,0.03945013,0.09605408,0.043421626,-0.13946551,0.084365934,-0.010110577,-0.008908193,0.16358334,0.017446995,-0.19218224,-0.0718196,-0.026728645,-0.072289184,0.11456146,0.12035862,0.4259433,0.07725884,0.67165893,-0.0035436284,0.07752859,0.08827795,1.0110698,0.9398147,0.14778328,-0.04653491,-0.093249045,-0.6646217,0.2996084,0.22389616,-0.57090765,-0.2858513,0.7282541,-0.36332756,0.5338975,0.23442915,200.0,-200.0,200.0,200.0,200.0,200.0,200.0,-200.0,115.47854233800669,200.0,137.9744390318782,200.0,-0.08066598,0.03945013,-0.70394593,1.6434216,-0.9394655,0.084365934,-0.010110577,-0.008908193,-0.6364167,1.617447,-0.99218225,-0.0718196,-0.5345729,-1.4457836,2.2912292,2.4071724,8.518866,1.5451767,13.433179,-0.07087257,1.5505717,1.765559,20.221395,18.796293
217,0.62498,-0.2385566,-0.46730506,-0.040287785,-0.033620037,-0.99862236,1.0,0.0,0.0,-0.03191413,0.009897811,0.100281,0.07407284,-0.03923899,0.1272235,0.07112228,-0.031203002,0.1864863,0.022101283,-0.018718183,0.033555422,0.3716528,-0.1977911,-0.07269868,0.24189436,0.40104023,0.16973674,0.21267028,-0.19543232,0.05753663,0.11554477,0.2788839,0.3777232,-0.022643328,0.73415047,-0.12221014,-0.4727972,0.245268,0.07819361,-1.0530217,0.7966169,-0.7000056,0.34142822,-0.537578,-0.8864922,-200.0,-200.0,200.0,-200.0,200.0,130.48215530047702,29.680897780950943,51.10451869034662,-200.0,-200.0,200.0,11.829965142386783,-0.03191413,0.009897811,-0.699719,1.6740729,-0.839239,0.1272235,0.07112228,-0.031203002,-0.6135137,1.6221013,-0.8187182,0.033555422,7.433056,-3.955822,-1.4539737,4.8378873,8.020804,3.3947349,4.2534056,-3.9086463,1.1507326,2.3108954,5.577678,7.5544634
218,-0.09761841,0.38774267,0.15987726,-0.036496535,-0.045467768,-0.9982989,1.0,0.0,0.0,-0.00065966364,0.0029745032,0.066989124,0.11351085,0.04937184,0.111717075,0.055109087,-0.043222465,0.15185624,0.081988335,-0.06913936,-0.0023073338,0.01245837,0.08959483,-0.24201365,0.1594915,0.4104987,-0.09207301,-0.31810185,0.054242708,-0.35490954,0.43635494,-0.6859712,-0.6350292,-0.48007375,0.35245454,0.34396762,-0.87602293,-0.29277462,-0.11066482,0.053876247,-4.2632222e-05,0.37710643,-0.80400777,-0.5728015,0.0044116415,-200.0,200.0,-200.0,125.24714318403426,-200.0,-200.0,-78.16587275036366,200.0,-160.07535250575657,-200.0,-18.269267112336365,23.485131433464616,-0.00065966364,0.0029745032,-0.7330109,1.7135109,-0.7506282,0.111717075,0.055109087,-0.043222465,-0.64814377,1.6819884,-0.8691394,-0.0023073338,0.2491674,1.7918966,-4.840273,3.1898298,8.209974,-1.8414601,-6.362037,1.0848541,-7.098191,8.727098,-13.719423,-12.700583
219,-0.31822124,-0.22598533,0.28836498,-0.03497839,-0.035816684,-0.99874604,1.0,0.0,0.0,-0.05141087,0.036955338,0.06476861,0.11036217,0.024870872,0.042181585,0.03060453,-0.020959754,0.12439507,0.1345427,-0.23633891,-0.04270143,-0.47214708,0.21949685,0.183727,-0.15822774,-0.5567842,-0.34176442,0.0015685823,0.13610208,0.03283442,0.12079594,-0.73673546,0.0843438,0.40026823,-0.97100383,-0.2734622,0.15113929,-0.39196843,0.48097283,0.5982275,-1.1344526,0.49309364,-0.510464,0.06354749,0.5697563,55.793847940473185,-85.38969475433858,200.0,-200.0,64.89627266811976,28.54374235125796,-200.0,200.0,200.0,-200.0,-195.56113754827697,36.36460361185465,-0.05141087,0.036955338,-0.7352314,1.7103622,-0.77512914,0.042181585,0.03060453,-0.020959754,-0.67560494,1.7345427,-1.0363389,-0.04270143,-9.442942,4.389937,3.6745398,-3.1645548,-11.135684,-6.8352885,0.031371646,2.7220416,0.6566884,2.4159188,-14.734709,1.6868759
220,0.44894207,-0.24008316,-0.6820088,-0.044004004,-0.040461894,-0.9982116,1.0,0.0,0.0,-0.081676714,0.046010528,0.07729185,0.108202815,-0.11332774,0.085125715,0.09219237,-0.024846654,0.15766084,0.122163296,-0.27842063,0.08277879,0.11290784,-0.09186285,-0.032845214,0.07523613,-0.6063685,0.6697331,0.55658287,-0.13809916,0.28066382,-0.2157621,0.21982796,0.9966715,0.34573197,0.13045578,0.031430814,-0.4004071,0.5863794,0.3564616,-0.03145661,0.7273042,-0.7634107,-0.18507071,0.33066818,-0.17501032,200.0,-200.0,200.0,-200.0,200.0,40.39443665395197,200.0,-200.0,-200.0,26.93464286772152,50.832156214159795,200.0,-0.081676714,0.046010528,-0.72270817,1.7082028,-0.91332775,0.085125715,0.09219237,-0.024846654,-0.64233917,1.7221633,-1.0784206,0.08277879,2.2581568,-1.837257,-0.6569043,1.5047225,-12.127369,13.394662,11.131658,-2.7619832,5.613276,-4.315242,4.3965592,19.93343
221,-0.11268823,0.12878166,-0.5699897,-0.04376752,-0.046379276,-0.9979646,1.0,0.0,0.0,-0.0053392104,0.055813,0.06624293,0.0944792,-0.12691551,0.18127699,0.15255742,-0.026894463,0.19466841,0.06678426,-0.13322264,0.17108154,0.5945446,0.13462953,-0.06781771,-0.18807438,0.37176397,0.38794744,0.09203819,0.074463814,0.115073584,-0.32862088,0.983375,-0.01260359,-0.42487702,-0.04915975,0.234831,-0.29016462,-0.02190318,-0.8500638,-1.4000314,0.14393067,-0.002097182,0.17769621,-0.52622724,-0.29677853,-200.0,200.0,-200.0,-200.0,-27.358175300287485,-200.0,172.82050032549728,33.04771294911261,-6.674381778142944,-200.0,200.0,-38.923964133669585,-0.0053392104,0.055813,-0.7337571,1.6944792,-0.9269155,0.18127699,0.15255742,-0.026894463,-0.6053316,1.6667843,-0.93322265,0.17108154,11.890891,2.6925905,-1.3563541,-3.7614875,7.4352794,7.758949,1.8407638,1.4892763,2.3014717,-6.5724177,19.6675,-0.2520718
222,-0.29652336,0.12746446,0.37326476,-0.038911387,-0.03753323,-0.99853754,1.0,0.0,0.0,0.046339873,0.08149817,0.079550505,0.024694681,-0.08823925,0.15237938,0.110098876,-0.002091073,0.19451904,0.03453672,-0.04231149,0.06576675,-0.01831574,0.12273832,0.1734607,-0.48163477,0.14457177,-0.58034664,-0.45922294,0.15534852,-0.09474414,-0.024253896,0.021251014,-0.77363956,-0.4370367,-0.35450995,0.2841476,0.58608955,-0.33672613,0.34359092,0.48302895,-0.032790728,0.4597721,1.0856546,-0.679764,0.028101835,-200.0,146.79863100573982,-200.0,200.0,-200.0,27.846059951047323,-200.0,-200.0,165.2257907058616,-195.79703563761615,-12.457931901231007,-200.0,0.046339873,0.08149817,-0.7204495,1.6246947,-0.88823926,0.15237938,0.110098876,-0.002091073,-0.60548097,1.6345367,-0.8423115,0.06576675,-0.3663148,2.4547663,3.469214,-9.632695,2.8914351,-11.606933,-9.184459,3.1069703,-1.8948827,-0.48507792,0.42502025,-15.472791
223,0.27198032,-0.51562303,0.31789783,-0.05038873,-0.038584273,-0.9979841,1.0,0.0,0.0,-0.03256543,0.085433856,0.12227857,0.0151981115,-0.12871748,0.12169758,0.06869582,0.008065619,0.20626545,0.03999281,-0.14703935,0.014188783,-0.62397474,-0.101958096,0.27685007,0.05616631,-0.43801957,0.27881193,0.0023624958,-0.016044121,0.14771748,0.07695079,-0.9692945,0.020289658,0.052979216,0.18137945,-0.32732213,0.20939785,0.2237828,0.80711925,0.7068548,-0.4391219,-0.2863825,-0.08414279,-0.09893499,0.5482822,200.0,-77.16761462101617,200.0,200.0,-200.0,21.52440247282283,-200.0,-200.0,65.1055602395345,200.0,7.215342102125703,200.0,-0.03256543,0.085433856,-0.67772144,1.6151981,-0.9287175,0.12169758,0.06869582,0.008065619,-0.59373456,1.6399928,-0.94703937,0.014188783,-12.479494,-2.039162,5.5370016,1.1233262,-8.760391,5.5762386,0.047249913,-0.3208824,2.9543495,1.5390158,-19.38589,0.40579313
224,0.3685995,0.1744949,-0.3667874,-0.05594711,-0.05183985,-0.99708706,1.0,0.0,0.0,-0.088220194,0.067137696,0.12689936,0.055201292,-0.10848433,0.28020316,0.12638345,-0.0034381181,0.21425122,0.042160034,-0.2322858,0.12532164,0.002727038,-0.065008044,-0.16976835,0.28466305,0.5429639,1.0975308,0.5194312,-0.09057646,-0.047940746,-0.0445879,0.017497418,0.8815853,0.5853458,0.3454225,-0.010444638,-0.9878789,0.5311747,-0.33717257,-0.2974373,0.87143457,-0.030061565,-0.09209572,0.38224882,-0.16445357,200.0,-200.0,-200.0,-200.0,200.0,6.238676341634687,200.0,200.0,-200.0,45.860713226251164,200.0,0.0031079640775715234,-0.088220194,0.067137696,-0.67310065,1.6552013,-0.90848434,0.28020316,0.12638345,-0.0034381181,-0.5857488,1.64216,-1.0322858,0.12532164,0.054540757,-1.3001609,-3.395367,5.693261,10.859278,21.950617,10.388623,-1.8115292,-0.9588149,-0.89175797,0.34994835,17.631706
225,-0.36952668,0.48166487,-0.2803041,-0.039470118,-0.051607262,-0.9978872,1.0,0.0,0.0,-0.034406614,0.081880555,0.072996736,0.10603154,0.027020872,0.36774287,0.18051375,0.0021375585,0.18515885,0.023240447,-0.12714726,0.19074109,0.47304392,0.17773154,-0.32612813,0.24023001,0.6467549,-0.13139114,0.06408235,0.1375988,-0.21080498,-0.119905785,0.9180272,-0.12681006,-0.3673708,-0.34406984,0.6090719,-0.26422167,-0.049550027,-0.7753674,-1.1622522,-0.42745906,0.7966745,0.30435854,-0.5694084,-0.47365972,-200.0,200.0,-200.0,-119.28051030438168,200.0,-200.0,200.0,200.0,142.8895902205296,-200.0,200.0,-200.0,-0.034406614,0.081880555,-0.7270033,1.7060316,-0.77297914,0.36774287,0.18051375,0.0021375585,-0.61484116,1.6232405,-0.92714727,0.19074109,9.460878,3.5546308,-6.5225625,4.8046002,12.935098,-2.6278226,1.2816468,2.7519758,-4.2160997,-2.3981156,18.360544,-2.536201
226,0.16816501,-0.101466075,0.3586078,-0.03319752,-0.048490655,-0.9982718,1.0,0.0,0.0,-0.0079355175,0.091137625,0.051462412,0.1295309,0.05330074,0.23503718,0.1251558,0.007908144,0.16604596,0.015009046,-0.065305054,0.06773138,-0.14516053,-0.056210864,0.07518363,0.017560204,-0.19291759,-1.0997683,-0.5540546,-0.0590554,-0.0049357098,0.030832786,-0.20142698,-0.92631763,-0.108683564,-0.29761684,0.06880454,-0.34978446,-0.69111645,0.11515906,0.29473487,0.7874273,0.29889557,0.60375804,-0.5129485,0.46064577,-200.0,-200.0,200.0,200.0,-200.0,-200.0,-200.0,-200.0,200.0,-200.0,-39.84491675422785,-200.0,-0.0079355175,0.091137625,-0.7485376,1.7295309,-0.7466993,0.23503718,0.1251558,0.007908144,-0.63395405,1.6150091,-0.86530507,0.06773138,-2.9032104,-1.1242173,1.5036726,0.35120407,-3.8583517,-21.995365,-11.081092,-1.181108,-0.098714195,0.6166557,-4.0285397,-18.526352
227,0.09025683,-0.27285916,-0.05280868,-0.042147003,-0.05324126,-0.9976918,1.0,0.0,0.0,-0.03681395,0.07222965,0.07819742,0.11561608,-0.089960456,0.12428041,0.078313805,0.00777677,0.17463487,0.033998966,-0.18902242,-0.009804939,-0.12674612,-0.12607591,0.15727255,-0.1328398,-1.1430976,-0.113985896,0.029496029,0.045994934,0.06951371,0.14668082,-0.7056946,0.053009868,0.18861115,0.32109016,-0.46031725,-0.6430482,0.08122924,0.8063792,1.0711492,0.011722207,-0.4120592,-0.40507728,0.13419808,0.7522381,200.0,200.0,184.85916672172254,200.0,53.77459791305546,200.0,-17.303932033187323,-200.0,-168.08598179641422,-200.0,-199.39468940479196,181.836207208802,-0.03681395,0.07222965,-0.7218026,1.7156161,-0.88996047,0.12428041,0.078313805,0.00777677,-0.62536514,1.633999,-0.98902243,-0.009804939,-2.5349224,-2.5215182,3.1454508,-2.656796,-22.861952,-2.279718,0.5899206,0.9198987,1.3902742,2.9336162,-14.113893,1.0601974
228,-0.14730626,0.41829884,-0.62358403,-0.03706265,-0.051811725,-0.9979689,1.0,0.0,0.0,0.0015598243,0.06321805,0.081406355,0.06916082,-0.20958155,0.2091827,0.14642715,0.024004098,0.16516232,0.04842961,-0.22160333,0.110764585,0.38171148,0.007864149,-0.09246671,-0.31268102,-0.15275769,0.86216766,0.5881843,0.09224457,-0.14863665,0.009855968,0.28071406,1.0547311,-0.1914717,0.16307858,0.4935392,-0.5001743,0.6969839,-0.112306066,-0.7117413,-0.6541128,0.56700456,0.13193308,0.40990436,-0.22538415,200.0,-113.31430068576192,-200.0,-200.0,200.0,200.0,23.09480363486125,200.0,-200.0,-200.0,200.0,200.0,0.0015598243,0.06321805,-0.71859366,1.6691608,-1.0095816,0.2091827,0.14642715,0.024004098,-0.6348377,1.6484296,-1.0216033,0.110764585,7.6342297,0.15728298,-1.8493342,-6.25362,-3.0551538,17.243353,11.763685,1.8448914,-2.972733,0.19711936,5.614281,21.094622
229,-0.12189098,-0.26360714,0.088141106,-0.03633967,-0.04636557,-0.9982633,1.0,0.0,0.0,0.004432099,0.07076106,0.09542775,0.046843052,-0.08872378,0.23531677,0.19449878,0.035091136,0.1606037,0.054158926,-0.069551766,0.21409576,-0.25874326,0.056079756,0.23427248,-0.19211285,1.0611929,-0.3453132,-0.041101303,0.022511123,0.070642084,0.037947524,1.0080118,0.075776994,-0.67233586,0.06788595,0.010537962,0.4951932,0.5554627,-0.16622059,-0.74500924,-0.21412048,-0.48162526,0.98385245,-0.97390676,-0.67307454,-200.0,-200.0,200.0,120.50456254887499,-20.0300473018508,-200.0,-200.0,132.8113890190545,200.0,-200.0,200.0,-200.0,0.004432099,0.07076106,-0.70457226,1.6468431,-0.8887238,0.23531677,0.19449878,0.035091136,-0.6393963,1.654159,-0.8695518,0.21409576,-5.174865,1.1215951,4.6854496,-3.842257,21.223856,-6.906264,-0.8220261,0.45022246,1.4128417,0.7589505,20.160236,1.5155399
230,0.23590267,0.1838313,0.8665026,-0.03621133,-0.04821713,-0.99818027,1.0,0.0,0.0,-0.097270794,0.08296043,0.07225722,0.0992049,0.033081234,0.10649061,0.12069968,0.017628143,0.13519996,0.100204706,0.0073304772,0.12072925,-0.75508684,0.009973067,-0.22759831,0.4096799,0.88879186,-0.60928017,-0.6413814,-0.17963083,-0.26679647,0.3816814,-0.09029852,-0.910514,0.80232215,-0.29183638,0.2953398,-0.06960961,0.19769637,0.755086,0.16508038,0.25386697,0.22730556,-0.3572821,-0.5414593,-0.15982497,-200.0,-200.0,-200.0,200.0,-200.0,-200.0,-200.0,-49.38480148351141,78.53148703298231,200.0,200.0,62.59299027369195,-0.097270794,0.08296043,-0.7277428,1.6992049,-0.7669188,0.10649061,0.12069968,0.017628143,-0.66480005,1.7002047,-0.79266953,0.12072925,-15.101737,0.19946134,-4.551966,8.193598,17.775837,-12.185603,-12.827627,-3.5926166,-5.3359294,7.633628,-1.8059703,-18.21028
231,0.15120874,-0.5058299,0.20210347,-0.045417115,-0.05537534,-0.9974321,1.0,0.0,0.0,-0.18901743,0.07557139,0.066698015,0.14692748,0.1159448,0.09478457,0.056176558,-0.0032176024,0.12852424,0.1411128,-0.11754453,0.0077435025,-0.21964192,-0.08871851,0.10981343,0.1297874,0.18267679,0.34754795,-0.070509546,-0.03795541,0.15351655,0.0667894,-1.0587864,-0.6138728,0.9873042,0.18282762,-0.45384315,-0.7912127,-0.55084443,0.38224092,0.77839035,0.27098405,0.010871805,-0.8575448,-0.07427272,0.5440648,200.0,200.0,132.51853119928492,-200.0,-200.0,-200.0,200.0,-200.0,200.0,-200.0,178.124485243655,200.0,-0.18901743,0.07557139,-0.733302,1.7469275,-0.6840552,0.09478457,0.056176558,-0.0032176024,-0.67147577,1.7411128,-0.91754454,0.0077435025,-4.3928385,-1.7743702,2.1962686,2.595748,3.6535358,6.9509587,-1.4101909,-0.7591082,3.0703309,1.335788,-21.175728,-12.277456
232,-0.35809755,0.17925647,-0.4408123,-0.049876306,-0.04966746,-0.9975197,1.0,0.0,0.0,-0.16604853,0.0887544,0.065751135,0.1546812,0.048713088,0.19047578,0.10870977,0.016884627,0.13378859,0.14214087,-0.22041851,-0.0074078348,0.3822063,0.17262197,-0.09993946,-0.033199538,-0.7612577,0.42312437,0.5368619,0.19968522,-0.07750638,-0.04647607,-0.06937087,0.3640365,-0.028095998,-0.37484992,-0.08898372,-0.11386213,-0.13171488,-0.11398379,0.012371872,-0.403525,-0.038506307,0.16987453,0.528263,0.4522195,200.0,200.0,-194.10977231350282,-200.0,200.0,200.0,200.0,39.75511614989313,-200.0,-200.0,-200.0,-40.22301810284483,-0.16604853,0.0887544,-0.7342489,1.7546812,-0.7512869,0.19047578,0.10870977,0.016884627,-0.6662114,1.7421409,-1.0204185,-0.0074078348,7.6441255,3.4524393,-1.9987892,-0.66399074,-15.225154,8.462487,10.737238,3.9937043,-1.5501275,-0.9295214,-1.3874174,7.28073
233,0.15211691,0.5444524,0.026375039,-0.032458324,-0.046816956,-0.998376,1.0,0.0,0.0,-0.11433295,0.10004479,0.029703379,0.13556671,-0.02522856,0.16999985,0.15603557,0.022542128,0.09180945,0.14239502,-0.12657589,0.13155052,0.19069459,-0.043300137,-0.20153514,-0.1571757,-0.23178196,-0.51011974,-0.011971581,-0.09994524,-0.25986943,0.012173544,0.90782195,0.69741255,-0.7804179,0.010617301,0.8742891,-0.5939449,0.24920513,-0.7131963,-1.2006216,0.31845856,0.84407854,0.30124646,-0.17253982,-0.037162032,-200.0,-200.0,-14.51354481288854,42.10186940759586,200.0,-55.75465920817703,-21.373116971633607,-200.0,-42.56519161660677,-200.0,21.186578326772178,-148.64960132621013,-0.11433295,0.10004479,-0.77029663,1.7355667,-0.8252286,0.16999985,0.15603557,0.022542128,-0.70819056,1.742395,-0.9265759,0.13155052,3.8138916,-0.86600274,-4.0307026,-3.143514,-4.635639,-10.2023945,-0.23943162,-1.9989047,-5.1973886,0.24347086,18.156439,13.948251
234,-0.057363085,-0.15879299,0.6677214,-0.026854504,-0.04819892,-0.9984767,1.0,0.0,0.0,-0.14107578,0.09362637,0.03860861,0.07549572,0.01644367,-0.038437262,0.093390785,0.020384727,0.063584566,0.15734732,-0.05389136,0.1592867,-0.38712764,0.06041927,0.20261875,-0.25104758,0.061417896,-1.4417658,-0.5587999,0.06667187,-0.0403776,0.12036004,-0.08210318,-0.31361732,0.44476652,0.19797337,0.02567051,-0.07291506,0.18100472,0.998984,0.6604829,0.10466342,0.40117127,0.20803936,-0.9921808,-0.37689945,-200.0,200.0,200.0,175.07305430765194,-200.0,-187.3648151027238,-200.0,-126.51270702370711,200.0,-200.0,-9.09191315857447,-30.734201564994464,-0.14107578,0.09362637,-0.7613914,1.6754957,-0.78355634,-0.038437262,0.093390785,0.020384727,-0.73641545,1.7573473,-0.8538914,0.1592867,-7.7425528,1.2083853,4.052375,-5.0209513,1.2283579,-28.835316,-11.175999,1.3334373,-0.8075519,2.4072008,-1.6420635,-6.2723465
235,-0.25511536,-0.19447297,-0.2557164,-0.033673104,-0.040382646,-0.9986167,1.0,0.0,0.0,-0.147352,0.12020274,0.05921054,0.062419057,0.039167702,-0.21458367,0.042175546,0.047824822,0.072652996,0.17175901,-0.17869073,0.012094768,0.25477403,0.14358091,0.03346212,0.046773497,0.15223305,-0.3700634,-0.00983329,0.16447459,0.12281513,0.03192479,-1.067558,-0.83572644,0.46639597,-0.3991955,-0.32964465,-0.11564875,0.24077468,1.3525808,0.6624297,-0.9723608,-0.5367812,0.07701914,0.08021125,0.23828654,200.0,-43.06926187522855,200.0,34.027052235729556,-200.0,51.755726213440994,200.0,14.173265287667817,-109.38270148430385,-200.0,185.16193218792918,200.0,-0.147352,0.12020274,-0.7407895,1.6624191,-0.7608323,-0.21458367,0.042175546,0.047824822,-0.727347,1.771759,-0.97869074,0.012094768,5.0954804,2.8716183,0.6692424,0.9354699,3.044661,-7.401268,-0.1966658,3.289492,2.4563026,0.6384958,-21.35116,-16.714529
236,0.25421292,0.46046552,-0.87395,-0.026319155,-0.042224597,-0.9987614,1.0,0.0,0.0,-0.033638645,0.12185935,0.02614969,0.07094097,0.09895301,-0.17393738,0.1007711,0.05399531,0.074792564,0.16189253,-0.283351,-0.04370561,0.82813215,-0.10816502,-0.30396813,0.0063676746,0.3119659,0.66098183,0.5411498,-0.0806978,-0.088324845,-0.100709535,-0.07858418,0.1759544,-0.6037604,0.42973262,1.1195598,-0.4252983,0.2917307,0.37865326,-0.13113001,0.15731452,0.38978916,-0.3367442,0.43182582,0.6240786,200.0,-200.0,-200.0,-177.24025429388846,200.0,200.0,200.0,-200.0,-200.0,-200.0,-25.697963815560513,200.0,-0.033638645,0.12185935,-0.7738503,1.670941,-0.701047,-0.17393738,0.1007711,0.05399531,-0.72520745,1.7618926,-1.083351,-0.04370561,16.562643,-2.1633003,-6.0793624,0.12735349,6.2393184,13.219636,10.822996,-1.6139559,-1.7664969,-2.0141907,-1.5716835,3.519088
237,-0.28287563,-0.19440733,-0.28915465,-0.021200383,-0.04022569,-0.9989657,1.0,0.0,0.0,0.05924058,0.109931834,0.0023915172,0.09093714,0.13189691,-0.024230601,0.1535926,0.06133519,0.09543657,0.10793042,-0.19361204,0.093788184,0.20449717,-0.003886091,0.01144513,0.083266795,0.17729464,0.77548265,0.03086771,0.119808614,0.25982985,-0.4135655,0.88067144,1.0602015,-0.8361371,-0.0019645318,0.20556585,0.06862955,-0.4053859,0.019759566,-1.1945566,-0.37649977,-0.17532492,0.6599426,-1.0052942,-0.2887049,-200.0,91.80800572079484,200.0,-200.0,200.0,78.9789008934049,-200.0,200.0,200.0,-200.0,154.0111543779001,44.91577791872464,0.05924058,0.109931834,-0.7976085,1.6909372,-0.6681031,-0.024230601,0.1535926,0.06133519,-0.70456344,1.7079304,-0.99361205,0.093788184,4.0899434,-0.07772182,0.2289026,1.6653359,3.5458927,15.509653,0.6173542,2.3961723,5.1965966,-8.27131,17.613428,21.20403
238,0.09865455,-0.1159101,0.6082344,-0.027332623,-0.037719145,-0.9989145,1.0,0.0,0.0,0.030520571,0.09282928,0.025288701,0.09444249,0.05991,0.030133376,0.09363322,0.062152963,0.12842047,0.054851294,-0.12266827,0.19798551,-0.42624816,-0.14219745,0.19206376,-0.023126815,-0.8004388,-0.008222955,-0.57171094,-0.080886126,0.08375944,-0.13487373,-0.076129235,0.079143874,0.49698624,-0.07267779,0.022892188,-0.15831003,-0.48401326,-0.91720223,0.16191481,0.34801674,0.15701774,0.044594288,-0.346624,-0.4347674,-200.0,-200.0,-200.0,200.0,-200.0,-200.0,-200.0,-64.40490836115077,191.603257444122,-36.45644609579347,-200.0,-27.617351845886652,0.030520571,0.09282928,-0.7747113,1.6944425,-0.74009,0.030133376,0.09363322,0.062152963,-0.67157954,1.6548513,-0.9226683,0.19798551,-8.524963,-2.8439488,3.8412752,-0.46253628,-16.008776,-0.1644591,-11.434218,-1.6177225,1.6751888,-2.6974745,-1.5225847,1.5828774
239,-0.07227121,0.10836066,-0.17356431,-0.026616221,-0.037828922,-0.9989297,1.0,0.0,0.0,0.0096597895,0.064091966,0.049292624,0.07268858,-0.121450305,-0.07477769,0.041679807,0.062605485,0.1332227,0.038523912,-0.19069314,0.10628067,0.15653159,-0.13555889,0.07913683,-0.1882954,-0.7884172,-0.9487812,-0.004649349,0.072897635,-0.006257403,-0.05452906,-0.34158644,-0.8982584,0.50509334,0.42801636,-0.82203394,-0.03212742,-0.15439065,0.37539148,1.0549127,-0.51887256,0.54641265,0.3665666,-0.037071705,0.03914759,200.0,200.0,49.336707024945525,68.45049434841854,29.77109701571527,-200.0,200.0,-140.59186250547904,-134.9318681018761,-200.0,65.39777794827751,-200.0,0.0096597895,0.064091966,-0.7507074,1.6726886,-0.9214503,-0.07477769,0.041679807,0.062605485,-0.6667773,1.6385239,-0.99069315,0.10628067,3.1306317,-2.7111778,1.5827366,-3.7659078,-15.768344,-18.975624,-0.09298698,1.4579527,-0.12514806,-1.0905812,-6.8317285,-17.965168
240,-0.111780316,0.09256986,-1.0618216,-0.021607488,-0.034747828,-0.9991625,1.0,0.0,0.0,0.10818474,0.042399596,0.04880315,0.042034984,-0.17626679,-0.15745498,0.10106562,0.07168084,0.13242841,0.040780187,-0.17005348,0.03398849,0.7472495,-0.09051221,-0.063110664,-0.120557025,0.028972844,0.023924071,0.5399845,0.026132254,-8.1726255e-05,0.06727918,0.2768962,-0.012651858,-1.0125334,-0.15867586,0.95187336,-0.3271235,0.43843544,0.77915895,-0.53121763,-0.39125454,0.22241274,-0.1382721,0.20079881,0.79473996,200.0,-200.0,200.0,200.0,-3.7869802892200823,50.401061993786385,114.79317647492041,200.0,-200.0,-24.924229656730887,34.666438428975205,200.0,0.10818474,0.042399596,-0.75119686,1.642035,-0.9762668,-0.15745498,0.10106562,0.07168084,-0.6675716,1.6407802,-0.9700535,0.03398849,14.944989,-1.8102442,-1.2622132,-2.4111404,0.57945687,0.4784814,10.79969,0.52264506,-0.0016345251,1.3455836,5.5379243,-0.25303715
241,0.44187826,-0.14707142,-0.3229449,-0.023785997,-0.044162866,-0.99874115,1.0,0.0,0.0,0.19592552,-0.0012617385,0.07434285,-0.014906406,-0.065253496,-0.04592258,0.14465149,0.046393834,0.16154265,0.020010471,-0.056054533,0.1388653,0.18472041,-0.2931453,0.2653107,-0.428421,0.9667234,0.9925254,-0.042177,-0.23953103,0.21732846,-0.21267891,0.56310195,0.9638114,-0.734198,1.2640747,-0.29685584,0.25095588,0.21526362,0.17754635,-0.89602906,0.3861037,-0.62198824,0.22520132,-0.7620928,-0.4331973,-200.0,-200.0,-80.09586652076518,-128.26641469180134,-49.223526824748774,200.0,-200.0,-43.89866179444482,200.0,-200.0,152.50188823870292,200.0,0.19592552,-0.0012617385,-0.72565717,1.5850936,-0.8652535,-0.04592258,0.14465149,0.046393834,-0.63845736,1.6200105,-0.85605454,0.1388653,3.6944082,-5.862906,5.306214,-8.568419,19.334467,19.850508,-0.84353995,-4.7906203,4.346569,-4.253578,11.262038,19.276228
242,-0.20032406,0.25935176,0.42511782,-0.021711575,-0.047977548,-0.9986124,1.0,0.0,0.0,0.16530962,-0.020298256,0.047709048,0.019145131,0.053666472,0.07487931,0.07810124,0.02221736,0.16650206,0.016786337,-0.049386263,0.21984656,-0.40852046,0.031251024,-0.32885805,0.37781847,0.52570546,0.5224962,-0.5712461,-0.01660045,-0.14600398,0.15214221,-0.40038237,-0.05249848,-0.07811687,0.58193296,0.3141409,1.2488661,0.099480495,-0.30416173,0.01979227,-0.45669246,0.6777544,0.042479843,-0.39670354,-0.6210456,-200.0,200.0,-200.0,200.0,-200.0,-200.0,-200.0,200.0,-95.43651202271008,-200.0,-200.0,-200.0,0.16530962,-0.020298256,-0.75229096,1.6191452,-0.74633354,0.07487931,0.07810124,0.02221736,-0.63349795,1.6167864,-0.8493863,0.21984656,-8.170409,0.62502044,-6.577161,7.5563693,10.514109,10.449924,-11.424922,-0.332009,-2.9200795,3.0428443,-8.0076475,-1.0499696
243,-0.076863125,-0.445783,0.07095669,-0.02730497,-0.042903095,-0.99870604,1.0,0.0,0.0,0.08196553,-0.004806141,0.0060614347,0.10933137,0.08261734,0.069276586,-0.00016385378,0.013142559,0.17489052,0.030151963,-0.16371197,0.10580151,-0.37060854,0.11400546,-0.11094191,0.50720143,0.03384678,-0.476675,-0.18792912,-0.06747194,0.18617687,0.0130168125,-0.5126304,-0.99271184,0.51744837,-0.72715306,-0.2329613,-0.637196,-0.897866,-0.5229036,0.6180509,0.018798962,-0.3009934,-0.65682775,-0.011599287,0.016341913,200.0,-200.0,200.0,2.696208627833041,47.712100178647745,-200.0,49.38280091447746,200.0,200.0,200.0,-2.2740263997036436,-200.0,0.08196553,-0.004806141,-0.7939386,1.7093314,-0.71738267,0.069276586,-0.00016385378,0.013142559,-0.6251095,1.630152,-0.963712,0.10580151,-7.4121704,2.2801092,-2.2188382,10.144029,0.6769356,-9.5335,-3.7585824,-1.3494387,3.7235372,0.26033625,-10.252607,-19.854237
244,0.04969661,0.19637047,-0.5881363,-0.029521493,-0.04307713,-0.9986355,1.0,0.0,0.0,0.0669377,0.0045901095,-0.037626147,0.19478726,-0.014454782,-0.10543949,0.027607003,0.0004770576,0.19152951,0.014816642,-0.16489697,0.0007757248,0.1696661,-0.011337142,-0.28480643,0.35150358,-0.9120246,-0.9219289,0.40231475,-0.054744232,0.016038684,-0.14793047,0.2675143,-0.222435,0.2430476,-0.028623402,0.27893397,-0.42994317,-0.2640931,0.2427234,0.24637127,0.77626956,-0.14595914,-0.31826454,0.44394457,0.83597034,200.0,91.11402830035352,-200.0,-200.0,100.65447055451162,200.0,200.0,-200.0,-132.8288920601106,-200.0,-200.0,105.27384763175405,0.0669377,0.0045901095,-0.83762616,1.7947873,-0.8144548,-0.10543949,0.027607003,0.0004770576,-0.6084705,1.6148167,-0.964897,0.0007757248,3.3933218,-0.22674285,-5.6961284,7.0300717,-18.240492,-18.438578,8.046295,-1.0948846,0.3207737,-2.9586093,5.3502855,-4.4487
245,-0.2224061,0.21952821,-0.31053412,-0.020317482,-0.039395604,-0.9990171,1.0,0.0,0.0,0.12168612,0.0047040163,-0.07421923,0.22955978,-0.11436969,-0.18130675,0.10694737,0.0030036604,0.19206315,-0.031006455,-0.012463212,0.061793353,0.27446708,0.008959751,-0.095201,0.035249125,-0.33139533,0.06130422,0.34573114,0.060098052,-0.008736962,-0.29698893,0.9776373,0.735738,-0.65826285,-0.08433832,0.39140067,-0.46871677,0.14045255,0.36973026,-1.2938851,-0.30946267,0.8968719,0.0034506172,0.17069113,0.03974964,-67.19300526676005,200.0,-200.0,-200.0,-45.36038190314218,200.0,-27.79707015130603,-73.52000550852244,200.0,-200.0,35.08608960738235,200.0,0.12168612,0.0047040163,-0.87421924,1.8295598,-0.9143697,-0.18130675,0.10694737,0.0030036604,-0.60793686,1.5689936,-0.8124632,0.061793353,5.4893417,0.17919502,-1.90402,0.7049825,-6.6279063,1.2260844,6.914623,1.201961,-0.17473924,-5.9397783,19.552746,14.71476
246,0.36102405,-0.3516647,0.3115294,-0.02427681,-0.044898946,-0.9986965,1.0,0.0,0.0,0.119980894,-0.018105576,-0.051679194,0.20801532,-0.08330852,-0.074699774,0.098922566,-0.015499431,0.19949621,-0.026816249,0.055145502,0.07347432,-0.24201797,-0.18480219,0.2770513,-0.22302425,0.4889291,0.8296,-0.31499204,-0.18994002,0.12778272,0.023968374,0.39195508,-0.14270258,0.0897049,0.60820657,-0.7078109,0.124781415,-0.20731162,-0.054897107,-0.053211767,0.24383996,0.13985348,0.86930984,-0.3424672,-0.4899443,-200.0,-200.0,200.0,62.29070827241978,200.0,-77.23603749033592,-200.0,-146.39609377890042,200.0,-200.0,200.0,200.0,0.119980894,-0.018105576,-0.8516792,1.8080153,-0.88330853,-0.074699774,0.098922566,-0.015499431,-0.6005038,1.5731838,-0.7448545,0.07347432,-4.840359,-3.6960437,5.541026,-4.460485,9.778582,16.592,-6.299841,-3.7988005,2.5556543,0.4793675,7.8391013,-2.8540516
247,-0.32416865,0.037024032,0.10860266,-0.029150657,-0.04387691,-0.99861157,1.0,0.0,0.0,0.099738985,-0.024347764,-0.025328279,0.17663491,-0.0828985,-0.014257365,0.044184178,-0.023924222,0.19085395,0.016486883,0.026258647,-0.05710013,-0.04389376,0.095655605,0.032853585,-0.117894985,-0.2504566,-0.05353251,-0.21301404,0.08133032,-0.14468166,0.3530521,-0.58541626,-0.9142499,0.23245183,-0.2441789,-0.1411103,-0.13578519,-0.11698091,-0.22815304,0.5172107,-0.37494087,0.19521128,-0.4034648,-0.3051318,0.1103106,23.052641200620172,200.0,21.887479647739298,200.0,-200.0,21.157052303651426,29.679941554460495,200.0,-200.0,17.085607987256324,-13.464114394575262,-61.66187409194541,0.099738985,-0.024347764,-0.8253283,1.7766349,-0.8828985,-0.014257365,0.044184178,-0.023924222,-0.60914606,1.6164869,-0.77374136,-0.05710013,-0.87787515,1.913112,0.65707165,-2.3578997,-5.009132,-1.0706502,-4.2602806,1.6266063,-2.8936331,7.0610423,-11.708325,-18.284998
248,0.27354482,0.2853194,-0.64403707,-0.022234531,-0.044393603,-0.99876666,1.0,0.0,0.0,0.13231975,-0.034236852,-0.028958857,0.14019597,-0.0967899,-0.07771528,0.06173571,-0.03264025,0.1794582,0.050933838,-0.0868929,-0.12908085,0.22665742,-0.17071639,-0.059283465,-0.23665111,-0.039316468,-0.32441062,0.32281896,-0.14771013,-0.0066049616,0.035012618,-0.47621766,0.09343391,-0.21276906,0.39710462,0.5015269,-0.068421945,-0.020609416,0.31629944,0.2845496,0.32949752,0.2319546,-0.20511593,-0.2669922,0.9115413,200.0,-200.0,47.17637837977251,-200.0,41.410355790215874,200.0,-17.681772374006783,-200.0,-175.2987021991106,-200.0,-0.7537206885981362,23.20376956172555,0.13231975,-0.034236852,-0.82895887,1.740196,-0.8967899,-0.07771528,0.06173571,-0.03264025,-0.6205418,1.6509339,-0.8868929,-0.12908085,4.5331483,-3.4143276,-1.1856693,-4.733022,-0.7863293,-6.488212,6.456379,-2.9542027,-0.13209923,0.70025235,-9.524353,1.8686781
249,-0.2220769,-0.11125323,-0.18350708,-0.019653305,-0.044597626,-0.9988117,1.0,0.0,0.0,0.12434273,-0.040865634,-0.011080921,0.06901634,-0.073895395,-0.039419416,0.14402224,-0.03655942,0.20271719,0.03350365,-0.1612199,-0.004323303,-0.26678917,0.0760417,0.1820577,-0.4067246,0.112663865,0.6144555,0.40994787,0.07977814,0.17771706,-0.16940026,-0.31193426,1.055308,-0.6623597,0.27389967,0.07713158,0.739007,0.089717254,0.44292137,-1.0445969,-0.36865127,-0.0018046573,-0.33188862,-0.00322029,-0.12115346,-150.63406870574482,200.0,-110.40511051777457,-200.0,173.03487154582473,200.0,-200.0,200.0,200.0,114.44032619591968,-6.392420096245743,200.0,0.12434273,-0.040865634,-0.81108093,1.6690164,-0.8738954,-0.039419416,0.14402224,-0.03655942,-0.5972828,1.6335037,-0.9612199,-0.004323303,-5.335783,1.520834,3.6411538,-8.134492,2.2532773,12.28911,8.198957,1.5955628,3.554341,-3.388005,-6.238685,21.10616
250,-0.11990596,0.16553117,0.5779361,-0.018165639,-0.037820898,-0.9991194,1.0,0.0,0.0,0.0052015698,-0.0200547,0.010957181,0.008140683,-0.02117765,0.11780795,0.15435016,-0.036041033,0.22215909,-0.013871551,-0.13479239,0.09910144,-0.87041533,0.13396922,0.06433379,-0.22082706,0.24109617,0.70146406,-0.24347262,-0.061110165,0.040830348,-0.2904224,0.28508994,0.07731764,0.7212943,-0.48461527,0.21146989,0.99386376,0.44150788,-0.46981922,-0.29451898,-0.046125926,0.3539465,0.35418433,0.113829836,-0.8074599,-200.0,-200.0,-200.0,-200.0,-16.337666773312833,-200.0,-200.0,200.0,62.30618614034111,200.0,-19.736428489372827,-52.91138025814848,0.0052015698,-0.0200547,-0.78904283,1.6081407,-0.82117766,0.11780795,0.15435016,-0.036041033,-0.5778409,1.5861285,-0.9347924,0.09910144,-17.408306,2.6793842,1.2866758,-4.416541,4.8219233,14.029281,-4.8694525,-1.2222033,0.81660694,-5.8084483,5.701799,1.5463527
251,-0.011159382,-0.4265904,0.59180903,-0.024638465,-0.03626152,-0.9990386,1.0,0.0,0.0,-0.11415835,-0.0085155405,0.040632844,-0.01478982,0.09618783,0.15344253,0.05327741,-0.05211336,0.24625605,-0.056311846,-0.05294794,0.004160925,-0.33207664,0.03148436,0.09955635,0.084766895,0.18511193,-0.29626378,-0.67314726,-0.08288301,0.15892895,-0.13853352,0.36177185,-0.92533606,0.858017,0.3768283,-0.61705273,1.0661756,-0.44088954,-0.12384359,0.33624932,0.25598317,-0.059850983,0.8378626,-0.34393528,0.06545848,-61.540939184030094,99.2520615933633,67.8274790773059,200.0,-28.783674335650005,-200.0,200.0,-200.0,135.37852229596447,200.0,-46.482964947476034,-200.0,-0.11415835,-0.0085155405,-0.75936717,1.5852102,-0.7038122,0.15344253,0.05327741,-0.05211336,-0.55374396,1.5436882,-0.85294795,0.004160925,-6.641533,0.6296872,1.9911269,1.6953379,3.7022383,-5.9252753,-13.462945,-1.6576601,3.1785789,-2.7706702,7.235437,-18.506721
252,-0.6160162,0.23808247,-0.0023313945,-0.02933283,-0.021923682,-0.99932927,1.0,0.0,0.0,-0.1196283,0.025866788,0.020867646,0.035278797,0.026579618,0.06526549,-0.013463469,-0.038942248,0.23805267,-0.038920045,-0.084534466,-0.08731907,0.22473076,0.2857946,-0.2655393,0.38067678,-0.7836287,-0.41249067,-0.055031188,0.19187926,-0.20222154,0.27009675,-0.5094571,-0.018793058,0.024537973,-1.2004875,0.0067211497,-0.27389017,-0.6667943,0.099677935,0.7170418,-0.49074978,0.25606507,-0.38660234,-0.30322096,0.33794025,200.0,200.0,-200.0,200.0,-56.774642942418325,200.0,200.0,200.0,-200.0,200.0,-200.0,34.138679632519825,-0.1196283,0.025866788,-0.77913237,1.6352788,-0.7734204,0.06526549,-0.013463469,-0.038942248,-0.56194735,1.56108,-0.8845345,-0.08731907,4.494615,5.715892,-5.310786,7.6135354,-15.672574,-8.249813,-1.1006237,3.8375852,-4.0444307,5.401935,-10.189142,-0.37586114
253,-0.056846175,-0.12204673,-0.3459754,-0.030111816,-0.009680901,-0.9994997,1.0,0.0,0.0,-0.06887858,0.05497173,-0.0025103688,0.0806582,-0.19096738,0.06109842,0.030189589,-0.02197913,0.2355575,-0.024567723,-0.16117513,0.009111486,0.23162608,0.038054477,-0.039224863,0.11328321,-1.0375452,0.084745996,0.43125197,-0.0010997847,0.086712085,-0.06812004,-0.30942437,0.7055325,-0.42710915,-0.43515807,0.16924731,-0.44636294,0.022159234,-0.13912168,-0.53259075,-0.2760325,0.3686323,-0.63816607,0.49671346,0.3222889,200.0,-200.0,-28.1552649709691,-200.0,26.828043323772192,-31.740692235951542,-43.73423279618103,-200.0,66.7814520841592,-200.0,86.31896182596506,-5.441138101137028,-0.06887858,0.05497173,-0.8025104,1.6806582,-0.9909674,0.06109842,0.030189589,-0.02197913,-0.5644425,1.5754323,-0.96117514,0.009111486,4.6325216,0.76108956,-0.78449726,2.265664,-20.750904,1.6949198,8.625039,-0.021995693,1.7342416,-1.3624008,-6.188487,14.11065
254,0.5309941,-0.42547122,0.3201294,-0.04391357,-0.020427546,-0.99882644,1.0,0.0,0.0,-0.08670561,0.037988022,0.023800552,0.07308769,-0.29303545,0.008265346,0.047830448,-0.05310346,0.27950013,-0.075897455,-0.116184235,0.118457586,-0.34751642,-0.19018155,0.22952802,-0.15506384,-0.07840602,-0.31889984,-0.19901864,-0.28415036,0.2748167,-0.39151105,0.6657446,0.445573,0.0015335232,1.0163702,-0.7976579,-0.3121804,0.33081222,-0.15137689,-0.60610133,1.1253333,-0.48609138,0.31286937,0.1571818,-0.52189875,-200.0,-200.0,-82.74273676837109,-200.0,200.0,-39.6482116192592,-200.0,-200.0,82.58715373799365,-200.0,200.0,22.935818694827162,-0.08670561,0.037988022,-0.77619946,1.6730877,-1.0930355,0.008265346,0.047830448,-0.05310346,-0.5204999,1.5241026,-0.91618425,0.118457586,-6.9503284,-3.803631,4.5905604,-3.1012766,-1.5681204,-6.3779964,-3.980373,-5.6830072,5.4963336,-7.8302207,13.314892,8.91146
255,-0.11813932,0.2532558,0.3743184,-0.046591334,-0.026705576,-0.998557,1.0,0.0,0.0,-0.101378076,0.02821194,0.047724307,0.0221591,-0.20397657,-0.06092195,-0.040881027,-0.075502165,0.27321267,-0.07308447,-0.04388523,0.09406128,0.12310324,0.06784846,0.029756296,-0.32085782,0.7154954,-0.2698571,-0.60029477,0.023179486,-0.27069646,0.2921302,0.3301401,-0.5770969,0.5567317,0.0018557161,-0.18858275,0.523724,-0.35836416,0.34175777,0.44283855,-0.022337466,0.4855438,0.4030798,-0.61683667,-0.51476043,12.997242380083662,200.0,-200.0,200.0,-200.0,-200.0,45.41919780779219,200.0,-200.0,-58.804653863573776,-200.0,200.0,-0.101378076,0.02821194,-0.7522757,1.6221591,-1.0039766,-0.06092195,-0.040881027,-0.075502165,-0.52678734,1.5269156,-0.84388524,0.09406128,2.4620647,1.3569691,0.5951259,-6.417156,14.309908,-5.397142,-12.005895,0.46358973,-5.413929,5.8426037,6.6028023,-11.541937
256,-0.04474075,0.21344602,-0.44173962,-0.03729422,-0.02393901,-0.99901754,1.0,0.0,0.0,-0.008997666,0.030477298,0.029046774,-0.004772067,-0.16622245,-0.005666122,-0.09324826,-0.06259068,0.22865242,0.0016436577,-0.08702743,-0.09006248,0.73732543,-0.033401456,-0.19481102,0.019000892,-0.24259941,0.67746043,0.0138652045,0.087479115,-0.18274702,0.4380814,-0.66214,-0.9193992,-0.48505145,-0.43752772,0.73289317,0.09898926,-0.6401485,0.64135265,0.7465857,-0.18932551,0.40524054,-0.17992802,-0.5722351,0.5001951,200.0,0.4702074489673862,200.0,200.0,-200.0,69.1566495689558,200.0,-34.189731592523046,-200.0,200.0,-200.0,90.41078225241483,-0.008997666,0.030477298,-0.77095324,1.595228,-0.96622247,-0.005666122,-0.09324826,-0.06259068,-0.5713476,1.6016437,-0.88702744,-0.09006248,14.746509,-0.6680291,-3.8962202,0.38001782,-4.8519883,13.549209,0.27730408,1.7495823,-3.6549404,8.761628,-13.2428,-18.387983
257,0.60427696,-0.47390085,-0.4880847,-0.04488571,-0.037774526,-0.9982777,1.0,0.0,0.0,0.07095082,-0.002357129,0.021958828,0.04644537,-0.2713663,0.17846428,-0.039082184,-0.07179099,0.24398887,0.04644561,-0.24826223,-0.16301237,0.17703363,-0.2646236,0.11991749,0.23261268,-0.75979584,0.9840428,0.4823214,-0.13342662,0.26229668,0.056248963,-0.70854324,0.08732877,-0.97016555,0.8094905,0.015326853,-0.65546596,0.24075092,-0.62379766,-0.27953452,0.8704982,-0.6414559,-0.40551662,-0.19803348,1.0442871,200.0,-120.71761207539967,105.47514577544149,-200.0,62.90696695327108,200.0,-200.0,-200.0,200.0,-129.08115696391587,-2.2371971696526316,-54.16238785756718,0.07095082,-0.002357129,-0.7780412,1.6464454,-1.0713663,0.17846428,-0.039082184,-0.07179099,-0.55601114,1.6464456,-1.0482622,-0.16301237,3.5406725,-5.292472,2.3983498,4.6522536,-15.195917,19.680857,9.646428,-2.6685324,5.2459335,1.1249793,-14.170865,1.7465754
258,0.036445133,0.028771833,0.27714676,-0.05209894,-0.04970805,-0.99740404,1.0,0.0,0.0,0.043407317,-0.027478432,0.035668552,0.06915283,-0.31533462,0.26343155,0.0028461826,-0.07759411,0.27190226,0.04721713,-0.28692645,-0.04237436,-0.3918409,-0.014749636,0.027492134,0.02637743,0.21967034,-0.041862763,-0.013433064,0.049912132,0.04128114,-0.03859609,0.15308814,1.0259796,0.17732853,0.3852504,-0.52041304,-1.0170493,0.034448788,-0.3676642,-0.7612546,0.2057689,-0.25171208,-0.7776424,0.26301304,-0.2956495,-200.0,200.0,-200.0,-200.0,62.804049272752835,200.0,-200.0,200.0,-75.5400470894274,-200.0,200.0,-200.0,0.043407317,-0.027478432,-0.76433146,1.6691529,-1.1153346,0.26343155,0.0028461826,-0.07759411,-0.52809775,1.6472172,-1.0869265,-0.04237436,-7.836818,-0.29499272,0.54984266,0.5275486,4.393407,-0.83725524,-0.2686613,0.9982426,0.8256228,-0.77192175,3.0617628,20.519592
259,-0.5767018,0.6937041,0.2737067,-0.037032954,-0.0370668,-0.99862635,1.0,0.0,0.0,0.016508719,-0.002383677,0.020016193,0.057445526,-0.20931,0.1475309,-0.04929085,-0.04497624,0.25354117,0.028402805,-0.16210967,0.051374454,0.07037331,0.24275851,-0.16301687,-0.12376767,0.54008204,-0.99453574,-0.46134406,0.26043403,-0.19021015,-0.14105558,0.89105237,0.012768114,0.43276247,-0.7836324,0.8169933,0.1887758,0.21837054,0.054246344,0.48396522,-1.1049982,1.1816798,0.20657907,0.019563317,-0.8278314,-200.0,200.0,-200.0,-200.0,-5.9307511482735435,-200.0,200.0,200.0,-200.0,-200.0,-49.98959159409554,-147.43542468375108,0.016508719,-0.002383677,-0.7799838,1.6574455,-1.00931,0.1475309,-0.04929085,-0.04497624,-0.54645884,1.6284028,-0.9621097,0.051374454,1.4074662,4.8551702,-3.2603374,-2.4753532,10.8016405,-19.890715,-9.226881,5.2086806,-3.8042028,-2.8211117,17.821047,0.25536227
260,-0.03526328,0.006029657,-0.42154723,-0.02424079,-0.025988117,-0.9993683,1.0,0.0,0.0,0.09345906,0.015937027,0.002871871,0.051558018,-0.06891364,0.057985507,-0.08880738,-0.010802129,0.24686652,0.009603262,-0.076924264,-0.049908683,0.62106127,-0.027659345,-0.018063083,0.05270368,0.6234445,-0.052402206,0.014837407,0.08983441,0.082066104,-0.054276504,0.2126755,-0.93044996,-0.42260242,-0.29538965,0.47902575,0.32019603,-0.060904175,0.72030014,0.6743199,-0.365165,0.7001629,0.84696305,0.26658252,0.22518253,200.0,-200.0,200.0,200.0,-25.71338140488666,-200.0,116.85800620299528,-200.0,200.0,200.0,-50.39363390465235,89.28863686981616,0.09345906,0.015937027,-0.79712814,1.651558,-0.86891365,0.057985507,-0.08880738,-0.010802129,-0.5531335,1.6096033,-0.8769243,-0.049908683,12.421225,-0.5531869,-0.36126167,1.0540736,12.46889,-1.0480441,0.29674813,1.7966881,1.641322,-1.08553,4.25351,-18.609
261,0.63190156,-0.65973914,-0.46687347,-0.038507912,-0.039842766,-0.9984637,1.0,0.0,0.0,0.16761282,-0.014630024,0.020908594,0.0851568,-0.028849304,0.1500173,-0.04096663,-0.021768006,0.26652455,0.03970325,-0.02394718,-0.0975394,0.17572819,-0.2603529,0.151471,0.2849352,-0.18117096,0.84309673,0.42847276,-0.1592866,0.15027027,0.24372657,0.5031145,0.26294178,-1.0093578,0.98061794,-0.43857592,-0.6798395,-0.4315393,0.26074362,-0.14620227,0.7878487,-1.082579,-0.3554564,-0.2899221,0.68746173,200.0,-200.0,200.0,200.0,200.0,200.0,-200.0,-200.0,200.0,200.0,-77.01936185531166,200.0,0.16761282,-0.014630024,-0.7790914,1.6851568,-0.8288493,0.1500173,-0.04096663,-0.021768006,-0.53347546,1.6397033,-0.8239472,-0.0975394,3.5145636,-5.207058,3.02942,5.698704,-3.623419,16.861935,8.569455,-3.185732,3.0054052,4.8745313,10.06229,5.2588353
262,0.027155343,-0.026561728,0.28008896,-0.05069662,-0.051958717,-0.9973616,1.0,0.0,0.0,0.14167917,-0.041214842,0.033969283,0.121631265,-0.1390602,0.28186455,-0.005882399,-0.031723276,0.27379107,0.079843044,-0.027417004,0.058522265,-0.38691908,-0.023221241,-0.014333864,0.101779304,-0.6279573,0.22580409,-0.02916317,0.034818083,-0.06181878,0.16668259,-0.4406503,1.2021002,0.043457486,0.38236916,-0.20080209,-0.98358285,-0.30887118,-0.62154895,-0.6606644,0.17389633,-0.3011278,-0.9520706,-0.4951797,-0.3014409,-200.0,200.0,-200.0,-200.0,-193.51909307715772,196.16701806374022,-200.0,200.0,-200.0,-200.0,39.285755862706196,-200.0,0.14167917,-0.041214842,-0.7660307,1.7216313,-0.9390602,0.28186455,-0.005882399,-0.031723276,-0.52620894,1.6798431,-0.827417,0.058522265,-7.7383814,-0.46442482,-0.28667727,2.035586,-12.559145,4.516082,-0.5832634,0.69636166,-1.2363756,3.3336518,-8.813006,24.042004
263,-0.57898444,0.5945963,0.46350667,-0.038849037,-0.03851082,-0.99850273,1.0,0.0,0.0,0.09387576,-0.017361907,0.010729432,0.12956882,-0.2000243,0.21683972,-0.059725534,-0.00064700685,0.23975319,0.10347617,-0.17227858,0.1877639,-0.16905215,0.23175538,-0.19639169,0.021935878,-0.21277188,-0.79146093,-0.4715107,0.2509986,-0.2558174,0.07412044,-0.6990477,0.1932275,0.49731183,-0.7976125,0.7178865,-0.5251326,0.27204275,-0.1499763,0.6666922,-0.9569589,0.8229786,-0.49035835,0.22304302,-1.1179271,-200.0,126.86995834644787,-200.0,-200.0,53.55840096292752,-200.0,73.57327209808622,200.0,-200.0,-200.0,-13.570027803022612,-200.0,0.09387576,-0.017361907,-0.7892706,1.7295688,-1.0000243,0.21683972,-0.059725534,-0.00064700685,-0.5602468,1.7034762,-0.9722786,0.1877639,-3.381043,4.6351075,-3.9278338,0.43871757,-4.2554374,-15.829219,-9.430214,5.0199714,-5.1163483,1.4824088,-13.980953,3.8645499
264,-0.00056780945,-0.07772714,-0.38123068,-0.029686097,-0.028204419,-0.99916124,1.0,0.0,0.0,0.1158269,0.005972452,0.005782068,0.118064284,-0.12882423,0.089859575,-0.103317104,0.029149948,0.23688,0.07555282,-0.20618004,0.123363756,0.33399796,0.02950885,0.10116768,-0.11274989,0.77535605,-0.52474326,-0.01092065,0.05805978,0.1770054,-0.31314418,0.2629903,-0.74407667,-0.41429675,-0.19640927,0.43656525,-0.1653665,0.25648022,0.50567585,0.7847217,-0.5220706,0.5400562,0.20825417,0.55475575,0.37090275,200.0,-200.0,200.0,-200.0,200.0,-200.0,200.0,-200.0,200.0,-200.0,118.71594636043358,42.854088224199984,0.1158269,0.005972452,-0.79421794,1.7180643,-0.92882425,0.089859575,-0.103317104,0.029149948,-0.56312,1.6755528,-1.00618,0.123363756,6.6799593,0.590177,2.0233536,-2.2549977,15.507121,-10.494865,-0.21841301,1.1611956,3.540108,-6.262883,5.2598057,-14.881533
265,0.54833037,-0.71608734,-0.44985282,-0.044341844,-0.038880326,-0.99825954,1.0,0.0,0.0,0.13261145,-0.0056690527,0.034288764,0.12659085,-0.06888139,0.056886937,-0.061710637,0.017472435,0.28010517,0.0563426,-0.15394443,0.05592256,-0.10060004,-0.14725597,0.1804092,0.11616285,0.07618294,0.13114314,0.39328957,-0.14770424,0.22694157,0.055768847,0.2994471,0.0025004263,-0.50069267,0.92750466,-0.5971603,0.040402528,-0.08948709,0.98549557,-0.10596946,0.8047689,-0.9316608,1.1815473,0.08496921,0.22638217,200.0,-200.0,78.701511839852,200.0,200.0,200.0,-200.0,-156.05848834633122,200.0,-200.0,200.0,200.0,0.13261145,-0.0056690527,-0.76571125,1.7265909,-0.8688814,0.056886937,-0.061710637,0.017472435,-0.51989484,1.6563426,-0.95394444,0.05592256,-2.0120008,-2.9451194,3.6081839,2.323257,1.5236588,2.6228628,7.8657913,-2.9540849,4.538831,1.115377,5.9889417,0.050008524
266,-0.16167636,-0.053245075,0.32263318,-0.061174393,-0.04765744,-0.9969887,1.0,0.0,0.0,0.05441667,-0.014812484,0.04560268,0.14428473,-0.089880705,0.17010623,-0.024391329,0.012311064,0.27585512,0.11298704,-0.05919361,0.12877747,-0.5945539,0.034700535,-0.053281385,0.09018904,-0.11879498,0.8422882,0.004880789,0.07604651,-0.21660955,0.45144016,0.53643435,0.46905518,0.04447665,-0.1627595,-0.1066612,-1.039454,-0.18241881,-0.33399916,-0.7974608,-0.007851347,-0.64465076,-1.2354537,-0.70298797,0.17509213,-200.0,200.0,-200.0,200.0,-200.0,-200.0,-18.64214213884975,200.0,-200.0,-200.0,200.0,82.91549777102182,0.05441667,-0.014812484,-0.75439733,1.7442847,-0.8898807,0.17010623,-0.024391329,0.012311064,-0.5241449,1.7129871,-0.8591936,0.12877747,-11.891078,0.6940107,-1.0656277,1.8037808,-2.3758996,16.845764,0.097615786,1.5209302,-4.332191,9.028803,10.728686,9.3811035
267,0.15191457,0.5187688,0.31451303,-0.050303556,-0.04827459,-0.9975666,1.0,0.0,0.0,-0.016405873,-0.024645323,0.016021848,0.14839196,-0.120188355,0.23603605,-0.07573751,0.0061021727,0.21384072,0.18802607,-0.055785477,0.15413935,-0.15805468,-0.102934256,-0.19996814,-0.05074322,-0.13333821,-0.08919577,-0.4570396,-0.08809488,-0.37824127,0.31401995,-0.40763694,0.041653525,1.003239,0.17970534,0.74640137,-0.6949005,0.11441173,-0.49847707,0.74446905,0.12666723,0.33875322,-0.8273388,-0.65701866,-0.82751745,-200.0,49.89407387836037,-200.0,-200.0,-200.0,-1.2387745940873884,200.0,-187.09580637129596,-59.64046269712986,-200.0,8.88878520303328,-200.0,-0.016405873,-0.024645323,-0.78397816,1.748392,-0.92018837,0.23603605,-0.07573751,0.0061021727,-0.5861593,1.7880261,-0.8557855,0.15413935,-3.1610935,-2.058685,-3.9993627,-1.0148643,-2.6667643,-1.7839154,-9.140792,-1.7618976,-7.564825,6.280399,-8.152739,0.83307046
268,-0.4257808,-0.12621628,-0.43379188,-0.043776616,-0.041072752,-0.9981967,1.0,0.0,0.0,0.005966213,-0.006113861,0.010182977,0.13679409,-0.075341105,0.1055723,-0.10516963,0.026360573,0.18686455,0.21797776,-0.22333938,0.056584008,0.3536249,0.24161771,0.101908684,-0.08651188,0.3298828,-1.1069047,0.09736853,0.22639668,0.05971768,0.01116092,-0.9391041,-0.91996807,-0.43979463,-0.3137321,0.34883043,0.054512758,0.044248044,0.38554192,0.5077817,-0.65678465,0.1520997,-0.5386747,-0.100209534,0.28963873,200.0,45.47662599850088,200.0,-200.0,64.80712625356898,-200.0,200.0,162.5086394465112,200.0,-200.0,76.2846496173841,-200.0,0.005966213,-0.006113861,-0.78981704,1.7367941,-0.8753411,0.1055723,-0.10516963,0.026360573,-0.61313546,1.8179778,-1.0233394,0.056584008,7.0724983,4.832354,2.0381737,-1.7302376,6.597656,-22.138094,1.9473705,4.5279336,1.1943536,0.2232184,-18.782082,-18.39936
269,0.20963863,-0.25153077,-0.29973125,-0.051487267,-0.038691245,-0.99792385,1.0,0.0,0.0,0.026191158,0.011996559,0.03804022,0.118106484,-0.042624116,-0.02418414,-0.04056827,0.045635037,0.2007643,0.19672501,-0.3025747,-0.015696118,-0.10051619,-0.03331801,0.14921658,-0.081403874,0.04402878,-0.2819472,0.50911754,-0.008477583,0.06560339,-0.19435494,0.048683926,0.095229045,-0.45257357,-0.039146483,-0.29183426,-0.33469874,0.531957,1.0596794,0.27334797,0.018163428,-0.70897526,-0.10233812,0.44091654,0.7413142,200.0,-200.0,-161.0036061556068,-200.0,200.0,200.0,-200.0,-200.0,200.0,-42.33707987876923,116.02743463691013,200.0,0.026191158,0.011996559,-0.7619598,1.7181065,-0.8426241,-0.02418414,-0.04056827,0.045635037,-0.5992357,1.796725,-1.1025747,-0.015696118,-2.0103238,-0.66636014,2.9843314,-1.6280775,0.8805756,-5.6389437,10.182351,-0.16955164,1.3120677,-3.8870988,0.9736785,1.9045808
270,0.28776407,0.40583843,0.061352104,-0.04681384,-0.04971125,-0.9976659,1.0,0.0,0.0,-0.046849135,-0.0050284704,0.02923125,0.11890757,-0.013725638,-0.011809592,0.070134,0.036941346,0.18855017,0.14317822,-0.18395919,0.111670636,-0.58921796,-0.111276366,-0.20369184,0.071472876,0.22823246,0.33373192,0.48650718,-0.082104735,-0.15736006,-0.33256575,1.0388018,1.0753535,0.22211006,0.9861358,0.5101872,-0.32128802,0.33633173,0.43143165,-1.0132853,0.40107197,0.52291036,0.67553896,-0.6530053,-0.2898383,-76.99376329333666,17.416829864286647,-200.0,-200.0,200.0,200.0,-200.0,-77.04218406605564,-200.0,-200.0,200.0,200.0,-0.046849135,-0.0050284704,-0.77076876,1.7189076,-0.81372565,-0.011809592,0.070134,0.036941346,-0.61144984,1.7431782,-0.9839592,0.111670636,-11.784359,-2.2255273,-4.073837,1.4294574,4.564649,6.6746383,9.730144,-1.6420947,-3.1472013,-6.6513147,20.776035,21.507069
271,-0.49119857,-0.2399924,0.0583005,-0.044946585,-0.04394506,-0.9980224,1.0,0.0,0.0,-0.111578524,-0.0116854925,0.012411833,0.13482392,0.040604115,0.09609228,0.118608184,0.049079712,0.1827262,0.08903611,-0.084983945,0.21487129,-0.103010036,0.032339256,0.021067051,0.07561432,0.32844064,0.62653327,0.040394355,0.18488644,0.066417836,-0.21540761,0.04941541,0.05767959,0.9214639,-0.39885277,-0.24645522,-0.010680232,-0.1860139,-0.24435776,-0.45738178,-0.5624627,0.06423444,0.18987532,-0.82526684,-0.65504456,-200.0,200.0,200.0,200.0,-200.0,-200.0,200.0,200.0,200.0,-200.0,200.0,59.4794396477655,-0.111578524,-0.0116854925,-0.7875882,1.734824,-0.7593959,0.09609228,0.118608184,0.049079712,-0.6172738,1.6890361,-0.88498396,0.21487129,-2.0602007,0.64678514,0.421341,1.5122863,6.5688124,12.530665,0.8078871,3.6977289,1.3283566,-4.308152,0.9883082,1.1535918
272,-0.0033825852,0.34825423,0.012498382,-0.040547524,-0.03472982,-0.99857384,1.0,0.0,0.0,-0.08396753,-0.026457192,-0.0075594187,0.14219987,0.009943485,0.118721426,0.06827356,0.056402594,0.16422516,0.07572734,-0.18108612,0.11757827,0.33649105,-0.16971499,-0.18370877,0.0029967942,-0.40135422,-0.3071982,-0.49221393,-0.07755567,-0.19090115,0.039134752,-0.9158394,-0.93053925,-0.14652497,0.41427058,0.27857584,0.107777566,-0.34655046,-0.41050047,0.036843102,-0.07021618,0.16322279,-0.02314435,-0.08530441,0.15821019,-200.0,-200.0,-32.133257941038494,200.0,-200.0,-200.0,200.0,-200.0,-200.0,-200.0,-7.881097149757807,-200.0,-0.08396753,-0.026457192,-0.80755943,1.7421999,-0.7900565,0.118721426,0.06827356,0.056402594,-0.63577485,1.6757274,-0.98108613,0.11757827,6.7298207,-3.3942997,-3.6741755,0.059935883,-8.027084,-6.143964,-9.844278,-1.5511134,-3.818023,0.782695,-18.316788,-18.610785
273,-0.03875318,-0.100527115,0.011158948,-0.037294805,-0.034271397,-0.9987165,1.0,0.0,0.0,-0.069033,-0.050426777,-0.014863074,0.12876856,-0.106990576,-0.029455982,0.019128516,0.040383015,0.15169686,0.057391524,-0.2582863,0.043058988,-0.09348331,-0.07411305,0.05711295,-0.104036056,-0.52709436,-0.83128756,-0.061312426,-0.08320177,0.0045604003,-0.14681067,0.048641343,0.08135057,-0.55228513,-0.12274103,0.0766519,0.42346042,-0.39620227,0.6172584,0.8625574,-0.6599019,0.5737419,-0.637438,0.09323099,0.85361576,123.18323451277945,-142.14606140626339,28.79848202278645,-25.082080984912807,200.0,200.0,-85.01186677649902,200.0,200.0,53.15863248936692,48.922632145068974,64.81874040970058,-0.069033,-0.050426777,-0.8148631,1.7287686,-0.9069906,-0.029455982,0.019128516,0.040383015,-0.64830315,1.6573915,-1.0582863,0.043058988,-1.8696661,-1.482261,1.142259,-2.0807211,-10.541887,-16.625751,-1.2262485,-1.6640354,0.091208,-2.9362133,0.97282684,1.6270114
274,0.36906508,-0.57590896,-0.06678396,-0.052256025,-0.042671233,-0.9977216,1.0,0.0,0.0,-0.13747989,-0.08175112,0.002735436,0.1259135,-0.20654863,-0.09030009,0.057667967,0.0045186062,0.18973345,-0.009191036,-0.16666716,0.17089158,-0.5469915,-0.20652297,0.09224085,0.061617583,-0.4173091,0.12457471,0.40554413,-0.23789032,0.34696838,-0.48827696,0.5594527,1.09627,0.35302514,1.1648585,-0.63655865,0.41368565,0.10820158,0.7415488,-0.23852551,0.58196217,-0.6325152,-0.2295904,-0.49324706,-0.74264616,200.0,-200.0,200.0,-200.0,-35.284735080694304,200.0,-200.0,107.66399941719791,57.10959553447337,200.0,39.61769752922527,200.0,-0.13747989,-0.08175112,-0.7972646,1.7259135,-1.0065486,-0.09030009,0.057667967,0.0045186062,-0.61026657,1.590809,-0.9666672,0.17089158,-10.93983,-4.1304593,1.8448169,1.2323517,-8.346182,2.4914942,8.110883,-4.7578063,6.939368,-9.765539,11.189054,21.9254
275,-0.08012654,-0.018225063,-0.27924654,-0.06379007,-0.048339758,-0.9967919,1.0,0.0,0.0,-0.1916442,-0.103245616,-0.012456477,0.16599286,-0.18249369,0.041976135,0.07087486,-0.015965955,0.21961665,-0.032480597,-0.12356645,0.25633198,-0.053865053,-0.013254355,-0.21564448,0.309329,0.5342265,1.1001478,-0.15030402,-0.027254371,0.0424699,-0.04392629,-0.16101156,-0.0741088,0.70568854,0.13072853,0.08638229,0.2594817,-0.04314298,-0.13188574,-0.6906846,-0.40354604,-0.3412829,-0.36071151,-0.71228886,-0.82032996,-200.0,200.0,-200.0,-200.0,-200.0,-200.0,200.0,200.0,-200.0,200.0,135.37249063936804,200.0,-0.1916442,-0.103245616,-0.8124565,1.7659929,-0.9824937,0.041976135,0.07087486,-0.015965955,-0.58038336,1.5675194,-0.92356646,0.25633198,-1.077301,-0.2650871,-4.3128896,6.18658,10.684529,22.002956,-3.0060804,-0.5450874,0.84939796,-0.8785258,-3.2202313,-1.482176
276,-0.16884898,0.062432047,-0.18377635,-0.06215591,-0.04363463,-0.99711215,1.0,0.0,0.0,-0.15142402,-0.09394769,-0.035036564,0.20660257,-0.12984127,0.15501797,-0.024619922,-0.029249966,0.22442389,-0.04533875,-0.24900717,0.12934941,0.40670967,0.093632184,-0.039258074,0.13342816,0.18724494,0.1279187,-0.7468423,-0.09647166,0.009504983,-0.102375664,-1.014879,-1.0828923,-0.15210524,-0.72064096,0.36659655,-0.3461341,-0.50625294,-1.0883176,0.39954728,0.23765735,0.15837201,-0.35805202,0.2730523,0.27554843,-200.0,-200.0,-200.0,-200.0,-200.0,-200.0,200.0,200.0,200.0,-35.0701549441399,-15.095947300586062,-200.0,-0.15142402,-0.09394769,-0.8350366,1.8066026,-0.9298413,0.15501797,-0.024619922,-0.029249966,-0.5755761,1.5546613,-1.0490072,0.12934941,8.134193,1.8726436,-0.78516144,2.6685631,3.7448986,2.558374,-14.936846,-1.9294332,0.19009966,-2.0475132,-20.297579,-21.657845
277,-0.17525879,-0.033903003,0.025918227,-0.062108673,-0.036825877,-0.9973898,1.0,0.0,0.0,-0.11867682,-0.07980032,-0.0191378,0.2020849,-0.19563061,0.07418761,-0.12065373,-0.03774641,0.23058063,-0.070032716,-0.33021992,0.010781003,0.0055023762,0.049953565,0.174078,-0.15271358,-0.6403548,-0.8384091,-0.25531662,-0.006235167,0.042615864,-0.121811226,0.10097065,-0.2113627,-0.9244322,-0.12775935,-0.58516496,0.23319188,-0.39040297,0.54808736,1.3841163,-0.12902394,-0.029547445,0.22569226,0.7383951,0.6546979,200.0,200.0,-183.75773535281303,-200.0,200.0,200.0,-92.06716386095037,-200.0,200.0,-200.0,-14.282229745711334,-200.0,-0.11867682,-0.07980032,-0.8191378,1.8020849,-0.9956306,0.07418761,-0.12065373,-0.03774641,-0.5694194,1.5299673,-1.1302199,0.010781003,0.11004753,0.9990713,3.48156,-3.0542717,-12.8070965,-16.768183,-5.1063323,-0.12470333,0.8523173,-2.4362245,2.019413,-4.227254
278,0.15468805,0.53962094,0.061743718,-0.05105603,-0.03834441,-0.99795943,1.0,0.0,0.0,-0.17108783,-0.08546401,-0.028862298,0.19844401,-0.2673419,0.0125475535,-0.12002118,-0.051223908,0.19753325,-0.05781436,-0.20190603,0.07894901,-0.48146182,-0.060069647,-0.21592294,0.060795248,-0.26690242,0.12444528,0.21864145,-0.09760074,-0.33098635,0.20630085,1.0831813,0.7914205,0.057302214,0.36460626,0.56313056,-0.11329447,0.042852223,0.41061336,-0.26701412,-0.3087868,1.1827058,-0.20259394,0.5162044,-0.61973274,200.0,-66.93034128303928,-170.1176966883022,200.0,200.0,200.0,-200.0,-28.77948010561238,-200.0,23.491089913063142,22.46551550549117,200.0,-0.17108783,-0.08546401,-0.8288623,1.798444,-1.0673419,0.0125475535,-0.12002118,-0.051223908,-0.60246676,1.5421857,-1.001906,0.07894901,-9.629236,-1.2013929,-4.3184586,1.215905,-5.338048,2.4889057,4.372829,-1.9520148,-6.6197267,4.126017,21.663624,15.82841
279,0.1288067,-0.051610366,-0.047744296,-0.04238822,-0.042934086,-0.9981783,1.0,0.0,0.0,-0.21213163,-0.092673205,-0.029509842,0.1768738,-0.21974164,0.1198727,-0.13026184,-0.07758548,0.16909945,-0.052891135,0.026253164,0.12992053,0.013911552,-0.030122524,0.17588724,-0.25409102,0.53657323,0.6289112,-0.1854151,-0.09658475,-0.06610071,0.061919447,0.45792013,-0.1875196,0.7905771,0.19480953,0.13793966,-0.37242198,0.087353215,-0.36754733,-0.25564152,0.18983762,0.49804243,-0.5888453,-0.53578407,-0.5178514,-72.28497590043733,-200.0,200.0,-172.66459460204953,-91.37429329616293,-200.0,200.0,200.0,200.0,-200.0,18.30324508842375,-43.42085699158213,-0.21213163,-0.092673205,-0.82950985,1.7768738,-1.0197417,0.1198727,-0.13026184,-0.07758548,-0.63090056,1.5471089,-0.77374685,0.12992053,0.27823102,-0.6024505,3.5177448,-5.0818205,10.731464,12.578223,-3.708302,-1.931695,-1.3220141,1.2383889,9.158402,-3.7503917
280,-0.45983753,-0.2074452,-0.48934552,-0.04912557,-0.035262033,-0.99816996,1.0,0.0,0.0,-0.15362735,-0.070687264,0.03320062,0.09602189,-0.11457062,0.13856082,-0.1675252,-0.07057549,0.18920034,-0.07358086,0.0107575655,-0.01326121,0.52018625,0.22660469,0.37092003,-0.50948745,0.44598737,-0.34482893,-0.16160588,0.13719533,0.22111928,-0.24113391,-0.51569957,-1.0457538,-0.4478158,-0.47070277,-0.80250454,1.1207787,-0.7746247,-0.24036565,0.32850268,-0.80803925,-0.41545904,0.89672625,-1.0762663,-0.020546135,-12.914251170629484,200.0,200.0,-200.0,-200.0,-13.581586256874516,200.0,200.0,-142.1955139803557,-200.0,-43.065528389423434,-200.0,-0.15362735,-0.070687264,-0.7667994,1.6960219,-0.9145706,0.13856082,-0.1675252,-0.07057549,-0.6107997,1.5264192,-0.78924245,-0.01326121,10.403725,4.5320935,7.418401,-10.189749,8.919747,-6.896579,-3.2321174,2.7439065,4.4223857,-4.822678,-10.313992,-20.915077
281,0.19775842,0.3019021,-0.49552223,-0.045788065,-0.032372188,-0.9984265,1.0,0.0,0.0,-0.10677461,-0.050685946,0.061603427,0.032391906,-0.1312148,0.018666806,-0.14977035,-0.06755868,0.19789809,-0.08640945,-0.19837755,-0.110774964,0.002942798,-0.009298856,-0.039473608,-0.15742354,-0.51654714,-0.5660432,0.29532614,-0.08270364,-0.105111,0.08165422,-1.4778426,-0.031046687,-0.6509331,-0.19535734,0.709821,0.45923236,-0.13022427,0.3847399,0.5349042,0.8403019,0.28702328,0.23819251,0.29439807,0.6740425,200.0,-200.0,-200.0,200.0,-200.0,200.0,-200.0,-200.0,-200.0,200.0,-200.0,48.84094107153578,-0.10677461,-0.050685946,-0.7383966,1.6323919,-0.9312148,0.018666806,-0.14977035,-0.06755868,-0.6021019,1.5135906,-0.99837756,-0.110774964,0.05885596,-0.18597712,-0.78947216,-3.1484706,-10.330943,-11.320864,5.9065228,-1.6540729,-2.10222,1.6330844,-29.55685,-0.6209337
282,0.12642348,-0.34251812,-0.32371178,-0.04762067,-0.039372336,-0.9980892,1.0,0.0,0.0,-0.15609695,-0.060637116,0.071305275,0.015933156,-0.15212065,0.012970115,-0.02796042,-0.07651331,0.1990819,-0.05261743,-0.3888138,-0.009294098,-0.45131388,-0.087183915,0.11568891,-0.017604414,0.039215766,0.4112546,0.86157286,-0.002283388,0.08532805,0.25023118,-0.52051187,0.94732136,-9.5419586e-05,0.4531461,0.025568437,-0.20805958,0.54375213,0.6000401,-0.81733286,0.14101802,-0.24242258,-0.5411915,0.6712538,0.28927988,200.0,200.0,107.66520147574266,200.0,200.0,200.0,-200.0,-195.079107441632,200.0,200.0,8.376031272357977,200.0,-0.15609695,-0.060637116,-0.72869474,1.6159332,-0.95212066,0.012970115,-0.02796042,-0.07651331,-0.6009181,1.5473826,-1.1888138,-0.009294098,-9.026278,-1.7436782,2.3137782,-0.35208827,0.7843153,8.225092,17.231457,-0.04566776,1.706561,5.0046234,-10.410237,18.946426
283,-0.43348795,0.31498846,-0.35887957,-0.045792595,-0.033028655,-0.9984048,1.0,0.0,0.0,-0.19095731,-0.05273878,0.08069384,-0.009361625,-0.035151005,0.17879303,0.08851455,-0.052717865,0.18704456,-0.015172362,-0.38512975,0.102024086,0.0491299,0.15430896,0.010042215,-0.22458926,1.0303544,0.91262734,0.3608178,0.20596509,-0.17889038,0.13570082,0.45952582,0.4039259,0.6815133,-0.290599,0.27266106,-0.32808807,0.44997293,-0.34471872,-1.3515832,-0.6270462,0.21468607,-0.6731444,0.062169746,-0.79591614,-200.0,200.0,-200.0,-200.0,200.0,-31.93052804093645,200.0,200.0,-125.70632801409242,-200.0,200.0,-64.63559795741855,-0.19095731,-0.05273878,-0.7193062,1.5906384,-0.835151,0.17879303,0.08851455,-0.052717865,-0.61295545,1.5848277,-1.1851298,0.102024086,0.98259795,3.086179,0.20084429,-4.491785,20.607086,18.252546,7.216356,4.119302,-3.5778074,2.7140164,9.190516,8.078518
284,0.05987298,-0.15070906,-0.3701933,-0.0446383,-0.027671898,-0.9986199,1.0,0.0,0.0,-0.129137,-0.04838891,0.10388148,-0.04692185,0.06544924,0.23039839,0.10082705,-0.036202975,0.18747514,-0.02914226,-0.24293774,0.07560288,0.53169245,-0.05267637,0.13756888,-0.06586352,0.12353188,-0.3019925,-0.19002596,-0.013148454,0.11645075,-0.2197477,0.6675685,-0.57144195,-0.38348833,0.12200557,0.32039306,1.14829,0.06870754,-0.49807805,-0.19350326,-0.15129514,0.27142715,0.60716,-0.65698487,-0.23432165,-200.0,-200.0,-39.77438924218845,-200.0,-57.77232220540054,-200.0,200.0,-200.0,200.0,-200.0,200.0,-200.0,-0.129137,-0.04838891,-0.69611853,1.5530782,-0.7345508,0.23039839,0.10082705,-0.036202975,-0.61252487,1.5708578,-1.0429378,0.07560288,10.633849,-1.0535274,2.7513776,-1.3172704,2.4706376,-6.0398498,-3.800519,-0.26296908,2.329015,-4.394954,13.35137,-11.428839
285,-0.006906004,-0.4911602,0.19346501,-0.058483846,-0.02902315,-0.9978664,1.0,0.0,0.0,-0.08469558,-0.04892365,0.14248306,-0.04294586,0.06775278,0.062277187,0.01554127,-0.046420697,0.20992106,-0.047824144,-0.21668655,-0.03047096,-0.018121844,0.03978694,0.2263938,0.08823474,-0.002165978,-1.1709492,-0.48235187,-0.069507435,0.10548885,0.015830675,-0.30731925,-0.44197083,-0.6446449,-0.003681779,-0.64904386,-0.058651436,-0.42775798,0.5491679,0.30626667,0.14257924,-0.41244003,-0.14896935,-0.6524081,0.15817419,53.20344627510207,-144.99904445409874,18.965853730836145,200.0,-200.0,36.227861427572634,-200.0,200.0,142.58386960433108,200.0,4.004608412618849,-0.9074631066443999,-0.08469558,-0.04892365,-0.65751696,1.5570542,-0.73224723,0.062277187,0.01554127,-0.046420697,-0.59007895,1.5521759,-1.0166866,-0.03047096,-0.3624369,0.79573876,4.527876,1.7646947,-0.04331956,-23.418983,-9.6470375,-1.3901486,2.109777,0.3166135,-6.146385,-8.8394165
286,-0.2538545,0.18891571,0.23259686,-0.06337773,-0.022347346,-0.9977394,1.0,0.0,0.0,-0.14210999,-0.03389831,0.16402489,-0.03171599,-0.03333795,-0.06711763,-0.021869754,-0.04272943,0.21132398,-0.054920435,-0.3457703,-0.017155096,-0.5078344,0.09280932,0.007889532,0.038572762,-0.81110525,-0.21686725,0.0521715,0.090897806,-0.08176874,-0.065465055,-0.6639034,0.35569417,0.3708095,-0.24928017,-0.1990125,0.07297313,-0.21167006,0.7731463,0.96901625,-0.10192673,0.2563932,-0.39162475,0.18115687,0.29369283,200.0,200.0,-200.0,-129.8280293291749,49.58810925704029,18.212749937005412,-200.0,-25.70062976011033,-200.0,-94.13152319518403,-16.268894199852298,200.0,-0.14210999,-0.03389831,-0.6359751,1.568284,-0.83333796,-0.06711763,-0.021869754,-0.04272943,-0.58867604,1.5450796,-1.1457703,-0.017155096,-10.156687,1.8561864,0.15779063,0.7714552,-16.222105,-4.337345,1.04343,1.8179561,-1.6353749,-1.3093011,-13.278069,7.1138835
287,0.3448867,0.3179684,-0.6455244,-0.05374618,-0.027199509,-0.99818414,1.0,0.0,0.0,-0.18223849,-0.041671123,0.14065123,-0.0012546778,-0.11085093,0.0007456305,0.051859505,-0.048281673,0.2149384,-0.10453725,-0.37307078,0.08579661,0.049364965,-0.12760258,-0.21099852,0.20262311,-0.22017157,0.79378265,0.6281856,-0.09812972,0.07990937,-0.38523087,0.2968598,0.4582947,0.49141577,0.70825225,0.3281531,0.22701032,0.066118106,0.029364392,-1.0268359,-0.50488216,0.89732283,0.5406377,0.45948315,-0.20208734,200.0,-24.886753983585137,17.17528490200216,-200.0,200.0,-43.815987611595745,200.0,-200.0,-200.0,-41.19666204577621,22.204320758845597,200.0,-0.18223849,-0.041671123,-0.6593488,1.5987453,-0.91085094,0.0007456305,0.051859505,-0.048281673,-0.5850616,1.4954628,-1.1730708,0.08579661,0.9872993,-2.5520515,-4.21997,4.052462,-4.4034314,15.875653,12.563711,-1.9625944,1.5981873,-7.704617,5.937196,9.165894
288,0.33752078,-0.32236835,-0.76750857,-0.05450768,-0.04256336,-0.99760574,1.0,0.0,0.0,-0.11515559,-0.06046366,0.121721566,0.050304413,-0.07413632,0.057080206,0.11047858,-0.06809706,0.23308188,-0.13027859,-0.22032613,0.06315065,0.56755346,-0.059437126,0.014936129,0.2815843,0.29802734,-0.03312873,0.035949852,-0.10703456,0.11720359,0.010719302,1.0904595,-0.5120589,-0.17236906,0.47503012,-0.15868662,-0.21957223,0.12242584,-0.67740804,-0.9729782,0.7505428,-0.09111711,0.51965475,0.51766247,-0.19105926,-200.0,-200.0,200.0,200.0,200.0,-76.70062739178303,200.0,200.0,200.0,84.0999994706886,-13.870004301257836,-45.038687790100575,-0.11515559,-0.06046366,-0.67827845,1.6503044,-0.8741363,0.057080206,0.11047858,-0.06809706,-0.56691813,1.4697214,-1.0203261,0.06315065,11.3510685,-1.1887425,0.29872257,5.6316857,5.9605465,-0.6625746,0.718997,-2.140691,2.3440719,0.21438605,21.809189,-10.241178
289,-0.35914132,0.32760167,-0.071622275,-0.05241442,-0.041665643,-0.9977558,1.0,0.0,0.0,-0.064469784,-0.03958168,0.106550455,0.09044862,-0.0069550276,-0.060664203,0.0572818,-0.06755889,0.20392144,-0.087372065,0.02536583,-0.025899641,-0.0006647313,0.2352544,-0.15253922,0.13404654,0.288396,-1.0440487,-0.50996697,0.099762015,-0.35272995,0.38076732,1.0774101,-0.3697524,-0.8509614,-0.28246868,0.30407748,-0.60925674,-0.42900544,0.33949316,-0.026795361,-0.2404114,0.37853825,-0.7669382,-0.56641275,0.19496115,-200.0,200.0,-200.0,200.0,-95.6702539256803,40.68258679187517,-200.0,200.0,-200.0,-200.0,-30.490289349494503,-200.0,-0.064469784,-0.03958168,-0.69344956,1.6904486,-0.80695504,-0.060664203,0.0572818,-0.06755889,-0.5960786,1.512628,-0.7746342,-0.025899641,-0.013294626,4.705088,-3.0507843,2.6809309,5.76792,-20.880974,-10.199339,1.9952402,-7.054599,7.6153464,21.5482,-7.395048
290,0.23953417,-0.3161388,0.033642814,-0.053236704,-0.04066704,-0.9977535,1.0,0.0,0.0,-0.11796643,-0.026152749,0.11680472,0.08598709,-0.05624813,-0.16305348,0.0049054557,-0.07024224,0.18500805,-0.05454588,0.1344536,0.0027803557,-0.49180624,-0.07472082,0.21940279,-0.1489202,-0.67815983,-0.07663106,-0.12867394,-0.11350908,0.107298255,-0.008547599,0.110426046,0.4047031,0.4197586,0.026243865,-0.16777413,-0.08352134,-0.52109975,0.74673045,0.68861324,0.14072028,0.30264214,0.09813826,-0.84396374,0.22604728,74.75407516811553,-200.0,200.0,-200.0,-200.0,-3.15885398160799,-200.0,-200.0,200.0,-200.0,-184.35386733418034,200.0,-0.11796643,-0.026152749,-0.6831953,1.6859871,-0.85624814,-0.16305348,0.0049054557,-0.07024224,-0.61499196,1.5454541,-0.6655464,0.0027803557,-9.836124,-1.4944165,4.388056,-2.9784038,-13.563196,-1.5326213,-2.5734787,-2.2701817,2.145965,-0.17095199,2.208521,8.094062
291,-0.22930782,-0.1673288,-0.7745669,-0.061848808,-0.039570767,-0.9973008,1.0,0.0,0.0,-0.15101558,-0.019218696,0.15279907,0.048101068,-0.21136516,-0.070035316,0.049729474,-0.06518602,0.20426935,-0.03441131,0.04759127,0.07938371,0.09970641,0.10114261,0.13683265,-0.20171566,-0.6727772,0.91059345,0.5098745,0.12735157,0.09402894,0.17047621,-0.8788008,0.321442,0.41377786,0.10161342,-0.20152432,-0.08371416,0.24627303,0.09861507,-0.32140428,-0.028633371,-0.36254245,0.35433024,-0.30031022,-0.34134194,200.0,200.0,107.5803315546282,111.08402582100129,-200.0,-29.274246526575666,200.0,4.549723270808741,-200.0,-69.42849876546742,55.0579024775725,200.0,-0.15101558,-0.019218696,-0.64720094,1.6481011,-1.0113652,-0.070035316,0.049729474,-0.06518602,-0.59573066,1.5655887,-0.75240874,0.07938371,1.9941282,2.0228522,2.736653,-4.034313,-13.4555435,18.211868,10.19749,2.5470314,1.8805788,3.4095242,-17.576015,6.42884
292,-0.29537746,0.4932918,-0.7954925,-0.052788183,-0.030179245,-0.9981496,1.0,0.0,0.0,-0.077557,0.014178179,0.14827728,0.012385488,-0.23760957,0.016755736,0.09154004,-0.04254945,0.17532414,0.034614325,-0.07540685,0.033932194,0.5888422,0.19217123,-0.16144161,-0.15331207,0.3114238,0.19238518,-0.034838196,0.088365264,-0.33012637,0.48433015,-0.49142328,-0.67552394,-0.6115943,-0.7673288,0.9315374,-0.31270006,0.9247778,-0.87713325,-1.0162853,-0.6567848,0.2791881,-0.41688526,0.18467373,0.11571643,-200.0,-62.99461541931538,-200.0,200.0,43.74558965670957,-200.0,200.0,-9.043779832459052,-200.0,-39.0368786288775,200.0,-37.01148770249651,-0.077557,0.014178179,-0.6517227,1.6123855,-1.0376096,0.016755736,0.09154004,-0.04254945,-0.62467587,1.6346143,-0.87540686,0.033932194,11.776844,3.8434246,-3.228832,-3.0662413,6.228476,3.8477035,-0.6967639,1.7673053,-6.602527,9.686603,-9.828465,-13.510478
293,0.33725658,-0.14337902,-0.16291857,-0.046553064,-0.033002384,-0.9983705,1.0,0.0,0.0,-0.027730893,0.020747244,0.1565026,-0.05079913,-0.0698275,-0.05216412,0.023939623,-0.056738425,0.1499691,0.08868277,-0.067925274,0.0032987902,-0.030714212,-0.088300504,0.20997266,-0.4410123,1.2709999,-0.7843558,-0.583714,-0.20846625,0.030773921,0.10011748,0.4485267,0.19957213,-0.6301635,-0.089477554,0.6203832,0.28554964,0.60037833,0.3786198,0.59246576,0.54190797,-0.088488184,-0.3985378,-0.11981559,0.64179915,-200.0,-200.0,200.0,-200.0,144.68408235723376,63.81143365501879,-200.0,-200.0,200.0,-125.45784509902671,200.0,-200.0,-0.027730893,0.020747244,-0.6434974,1.5492009,-0.8698275,-0.05216412,0.023939623,-0.056738425,-0.6500309,1.6886828,-0.8679253,0.0032987902,-0.6142842,-1.76601,4.1994534,-8.820246,25.419998,-15.687117,-11.67428,-4.169325,0.6154784,2.0023496,8.970534,3.9914427
294,0.14537033,-0.1958787,0.06913818,-0.053633936,-0.041279845,-0.99770707,1.0,0.0,0.0,-0.08370389,-0.0012015294,0.158817,-0.031211853,0.017341554,-0.041079685,-0.03883462,-0.08163443,0.1587233,0.0940243,-0.05840361,0.14450571,-0.47851214,-0.13453977,-0.09346687,0.32531145,0.30592763,0.4853273,-0.09962207,-0.065967984,0.054103877,-0.029195607,-0.12914102,1.0765629,0.5228952,0.65066403,-0.3367761,1.2928435,-0.31534904,0.58439046,0.09804326,0.35376996,-0.037413813,0.37856358,-0.5225395,-0.2566728,200.0,200.0,-200.0,-200.0,18.34431212003105,132.12308886934989,-200.0,-56.54353212338327,200.0,200.0,200.0,200.0,-0.08370389,-0.0012015294,-0.641183,1.5687882,-0.78265846,-0.041079685,-0.03883462,-0.08163443,-0.6412767,1.6940243,-0.8584036,0.14450571,-9.570243,-2.6907952,-1.8693373,6.506229,6.1185527,9.706546,-1.9924414,-1.3193597,1.0820775,-0.58391213,-2.5828204,21.531258
295,-0.43655235,0.45333764,-0.44155127,-0.04621177,-0.034695763,-0.9983289,1.0,0.0,0.0,-0.1121685,0.0012985013,0.098495245,0.06730759,-0.025297463,0.1382608,-0.01136675,-0.061957028,0.13063133,0.12887478,-0.17537516,0.25160828,0.11648039,0.13864762,-0.4577118,0.6207778,-0.57091826,0.9663593,0.23521753,0.22259247,-0.29717392,0.32926598,-0.74497855,0.088123664,0.20010504,-0.7698415,0.7735214,-1.1334419,-0.46459848,-0.8343375,-0.17117094,-0.4898737,0.39202857,-1.2409582,0.23433545,-0.7309986,-1.664842444778742,200.0,-80.14975963832984,200.0,39.879971942539896,-200.0,200.0,200.0,-200.0,200.0,-61.200525113463755,-69.41574504110133,-0.1121685,0.0012985013,-0.70150477,1.6673076,-0.8252975,0.1382608,-0.01136675,-0.061957028,-0.6693687,1.7288748,-0.9753752,0.25160828,2.3296077,2.7729523,-9.154236,12.415555,-11.418365,19.327187,4.7043505,4.4518495,-5.943478,6.5853195,-14.89957,1.7624732
296,0.13695295,-0.22010736,-0.48492196,-0.042444166,-0.030562278,-0.9986313,1.0,0.0,0.0,-0.04476141,0.0026244582,0.047528505,0.15831828,-0.17078781,0.22880217,-0.019412428,-0.04599198,0.11236256,0.15488303,-0.2183885,0.16220745,0.46128646,-0.10429937,-0.090040475,0.32583728,-0.6438417,0.030438665,-0.24090627,-0.036405638,0.07852806,-0.030157182,0.21788815,-0.88375664,-0.27820206,0.10765089,0.30311963,-0.87393117,0.20069493,-0.9765717,-0.48827845,-0.012901112,-0.028451197,-0.66857654,0.61170626,0.30339944,-100.53953536777061,-200.0,200.0,-200.0,200.0,-200.0,54.67042672098148,-200.0,200.0,-200.0,57.83534459669943,-200.0,-0.04476141,0.0026244582,-0.7524715,1.7583183,-0.9707878,0.22880217,-0.019412428,-0.04599198,-0.68763745,1.754883,-1.0183885,0.16220745,9.225729,-2.0859873,-1.8008095,6.5167456,-12.876833,0.6087733,-4.8181252,-0.72811276,1.5705612,-0.60314363,4.357763,-17.675133
297,-0.2336543,-0.1866587,0.4205495,-0.050466307,-0.026875181,-0.9983641,1.0,0.0,0.0,-0.015881872,0.0049461904,0.05467868,0.18721282,-0.1936788,0.124545634,-0.12620011,-0.041980524,0.11880785,0.13484108,-0.06568104,0.09039771,-0.111628905,0.0892782,0.1333962,-0.00081070093,0.31808406,-0.97234243,-0.725914,0.0526988,0.004537519,-0.16014066,1.2113036,0.07239458,-0.74723554,-0.19365837,-0.5364276,-0.62477267,0.17517872,0.22194704,0.6538039,0.056407437,-0.16012669,-0.4285357,-0.4297152,0.60036206,-43.65436925934057,13.089929436287605,-200.0,-200.0,200.0,200.0,-200.0,132.0754565998177,200.0,-200.0,200.0,-200.0,-0.015881872,0.0049461904,-0.74532133,1.7872128,-0.9936788,0.124545634,-0.12620011,-0.041980524,-0.68119216,1.7348411,-0.86568105,0.09039771,-2.232578,1.785564,2.667924,-0.016214019,6.361681,-19.446848,-14.51828,1.0539759,0.09075038,-3.2028131,24.226072,1.4478916
298,-0.021305678,0.5177147,0.45692417,-0.042731497,-0.020767773,-0.99887073,1.0,0.0,0.0,-0.08931824,0.0053080246,0.056426823,0.17250896,-0.077090025,0.037275333,-0.21759997,-0.026247282,0.10170549,0.08713651,0.07301736,0.20583884,-0.57650477,-0.0717286,-0.09073065,-0.12799643,0.5559292,0.00141619,-0.24158727,0.09402088,-0.15876232,-0.3067983,0.2696056,0.8347621,0.33726314,0.021780252,0.31419396,0.10193752,-0.49724483,0.6844832,0.67503005,-0.12790842,0.9195323,0.6873386,-0.5381023,-0.5931688,200.0,77.37322622541173,-200.0,-200.0,-200.0,-20.421792198253684,-200.0,-200.0,-200.0,-200.0,-51.82726585572482,200.0,-0.08931824,0.0053080246,-0.7435732,1.772509,-0.87709004,0.037275333,-0.21759997,-0.026247282,-0.6982945,1.6871365,-0.72698265,0.20583884,-11.530095,-1.434572,-1.814613,-2.5599287,11.118584,0.028323798,-4.831745,1.8804176,-3.1752462,-6.135966,5.3921123,16.695242
299,-0.050671834,-0.20351638,-0.3022742,-0.038177688,-0.01990105,-0.9990728,1.0,0.0,0.0,-0.14164466,-0.0073397607,0.07037914,0.13971233,-0.07387853,0.14595115,-0.21458451,-0.0267073,0.09536177,0.076898575,-0.024182022,0.2333299,-0.0031562035,-0.050023355,0.18914281,-0.16710769,-0.42714736,0.9863767,0.24447882,-0.043047916,0.07853078,0.060056735,-0.9771595,-0.3330116,0.4906307,-0.25945556,-0.15037882,0.29472315,-0.4182257,-0.28560606,0.067181915,-0.1909397,0.4319563,0.3424616,-0.19237322,-0.36086902,200.0,-165.4353392358268,200.0,200.0,-179.03849463972426,-200.0,200.0,109.85654011974245,200.0,86.21063912159866,-200.0,200.0,-0.14164466,-0.0073397607,-0.7296209,1.7397124,-0.87387854,0.14595115,-0.21458451,-0.0267073,-0.70463824,1.6768986,-0.82418203,0.2333299,-0.06312407,-1.0004671,3.7828562,-3.3421535,-8.542947,19.727533,4.8895764,-0.86095834,1.5706156,1.2011347,-19.54319,-6.660232
300,0.49050435,-0.3013732,-1.0720215,-0.048108764,-0.031865116,-0.9983337,1.0,0.0,0.0,-0.08615474,-0.04052302,0.08401364,0.14362574,-0.1875813,0.2388987,-0.12869875,-0.058190312,0.116830945,0.09974587,-0.120495915,0.07650153,0.4964342,-0.2502007,-0.025179848,0.16725157,-0.5023665,0.03754597,0.46230203,-0.2360342,0.13015002,0.15775336,-0.18079315,-0.93968594,-0.6205974,0.5976201,-0.014112984,-0.59708816,0.66810256,-0.83484155,-0.27559286,1.3177487,-0.8487985,-0.373231,0.23466131,0.49493876,-58.78601643933422,-52.59968461134454,200.0,200.0,54.23041469888702,52.30882135866557,200.0,-200.0,-200.0,171.39328162039024,42.56070710544515,-200.0,-0.08615474,-0.04052302,-0.7159864,1.7436258,-0.9875813,0.2388987,-0.12869875,-0.058190312,-0.68316907,1.6997459,-0.9204959,0.07650153,9.928684,-5.0040135,-0.50359696,3.3450313,-10.04733,0.7509194,9.24604,-4.720684,2.6030004,3.1550672,-3.6158628,-18.793718
301,-0.038139068,0.27817723,-0.2937899,-0.045421124,-0.041310053,-0.9981134,1.0,0.0,0.0,-0.04830619,-0.063910365,0.06592488,0.15465415,-0.17960453,0.13578714,-0.09358877,-0.081769705,0.11766261,0.118156314,-0.05430633,-0.0079582445,-0.06312881,-0.0051896856,-0.12636165,-0.046278995,0.4815126,-0.9681863,-0.06177741,-0.024472935,-0.09302791,0.042688906,0.6063306,0.00051536964,-0.64499336,0.315027,0.44332498,-0.8084278,0.112547144,0.12505433,-0.88034,0.4335872,0.035059042,-0.8452522,-0.28204024,0.5989686,-200.0,200.0,-200.0,-200.0,-3.615535380972574,200.0,-200.0,200.0,-43.85625605752176,-200.0,200.0,-200.0,-0.04830619,-0.063910365,-0.7340751,1.7546542,-0.97960454,0.13578714,-0.09358877,-0.081769705,-0.6823374,1.7181563,-0.85430634,-0.0079582445,-1.2625761,-0.10379371,-2.527233,-0.9255799,9.630252,-19.363726,-1.2355481,-0.48945868,-1.8605583,0.8537781,12.126611,0.010307393
302,-0.6311812,0.18872273,0.64920074,-0.036975887,-0.02641596,-0.99896693,1.0,0.0,0.0,-0.11659018,-0.040113125,0.07184154,0.10704601,-0.080506265,0.046078134,-0.1638546,-0.063269004,0.10507822,0.110483885,-0.037837744,0.095519505,-0.5717122,0.21817699,0.16109394,-0.39482787,0.42134658,-0.023986353,-0.5893957,0.19109796,-0.03731995,-0.10366755,-0.34516814,0.939905,0.29238647,-1.1014043,0.15842068,1.1708022,0.06538363,0.6448587,0.55465597,-1.0487075,0.5674513,-0.1179073,-0.123159856,-0.5699794,-200.0,200.0,-98.0125356814947,-200.0,-200.0,197.75894863075075,-200.0,200.0,200.0,-200.0,-36.38717001129737,200.0,-0.11659018,-0.040113125,-0.7281585,1.707046,-0.8805063,0.046078134,-0.1638546,-0.063269004,-0.6949218,1.7104839,-0.83783776,0.095519505,-11.434244,4.3635397,3.2218785,-7.8965573,8.426931,-0.47972706,-11.787914,3.8219593,-0.746399,-2.073351,-6.9033628,18.7981
303,0.02331025,-0.37785032,-0.2375108,-0.03952736,-0.015242559,-0.99910223,1.0,0.0,0.0,-0.16990478,-0.036070365,0.092923045,0.08750987,-0.06722945,0.1076435,-0.22713947,-0.056057364,0.13638556,0.071249604,-0.10041773,0.16438659,-0.006068087,-0.1438356,0.04798065,0.1425895,0.0015882588,0.5634146,-0.10139892,-0.10118748,0.29781517,-0.1969283,-0.40278864,-0.2006543,0.39783162,-0.44023687,-0.27222762,0.8681512,0.040474847,-0.3351828,0.6166738,0.01519464,-0.38081384,-0.08714531,0.17024896,-0.28850323,200.0,-200.0,200.0,-200.0,200.0,-200.0,200.0,-200.0,6.212236716667931,200.0,200.0,200.0,-0.16990478,-0.036070365,-0.70707697,1.6875099,-0.86722946,0.1076435,-0.22713947,-0.056057364,-0.66361445,1.6712496,-0.90041775,0.16438659,-0.12136174,-2.876712,0.959613,2.85179,0.031765174,11.268291,-2.0279784,-2.0237496,5.9563036,-3.9385662,-8.055773,-4.013086
304,0.30404696,0.26664564,-0.94259626,-0.041661114,-0.023796454,-0.9988484,1.0,0.0,0.0,-0.116388455,-0.07491345,0.058392346,0.14820278,-0.027526557,0.116326615,-0.18672645,-0.06515186,0.16517729,0.045545936,-0.12444419,0.03660666,0.4875215,-0.23987968,-0.3443778,0.430188,0.15561602,-0.3813438,0.4435381,-0.012823351,0.02865967,-0.078794,0.12709074,-0.98034155,-0.51001024,0.73730654,0.31331185,-0.9342706,-0.32453877,-0.2693634,-0.002059903,0.5319995,0.28663447,-0.65134126,0.49159294,-0.0889287,200.0,177.99024838095033,-200.0,-182.57601711385087,200.0,-200.0,200.0,-200.0,-200.0,200.0,-24.855437881407227,-200.0,-0.116388455,-0.07491345,-0.74160767,1.7482028,-0.82752657,0.116326615,-0.18672645,-0.06515186,-0.6348227,1.645546,-0.9244442,0.03660666,9.75043,-4.7975936,-6.8875556,8.60376,3.1123202,-7.626876,8.870762,-0.256467,0.5731934,-1.57588,2.5418148,-19.60683
305,-0.270958,-0.2720288,-0.47750506,-0.042676177,-0.024584047,-0.99878645,1.0,0.0,0.0,-0.07157101,-0.099144034,0.03605187,0.19355583,-0.089668214,-0.0052334457,-0.10521581,-0.05079782,0.17589927,0.059466362,-0.14286041,-0.079974815,0.018070605,-0.017453803,0.058738858,0.068775475,-0.5004066,-0.5824654,0.403723,0.13794318,0.12832578,0.058885485,0.024904927,-0.14922024,-0.9340177,0.12663762,-0.055475008,-0.61833316,-0.509097,0.6136687,-0.6184409,-0.91458476,0.3631962,-0.33111286,0.69562936,0.49540946,200.0,200.0,116.96025244587128,-200.0,200.0,200.0,-200.0,200.0,200.0,-200.0,19.79818794262212,52.905197638664276,-0.07157101,-0.099144034,-0.76394814,1.7935559,-0.8896682,-0.0052334457,-0.10521581,-0.05079782,-0.62410074,1.6594664,-0.9428604,-0.079974815,0.36141208,-0.34907603,1.1747772,1.3755095,-10.008132,-11.649308,8.07446,2.7588634,2.5665154,1.1777097,0.49809855,-2.9844048
306,-0.1528482,-0.27373776,-0.10690533,-0.0534981,-0.016867913,-0.9984255,1.0,0.0,0.0,-0.12584858,-0.101958424,0.045291007,0.19027948,-0.23730773,-0.018913437,-0.08816712,-0.05059632,0.20184362,0.060804367,-0.1151402,-0.00072746177,-0.5097083,-0.011420308,0.028075537,-0.08777441,-0.6152811,0.35278758,-0.1749218,-0.11161714,0.12721245,-0.04073834,0.23702565,0.8518371,0.22467086,-0.12462352,-0.62709385,-0.20472395,0.22019418,0.5701111,-0.2455239,-0.57381594,-0.40651038,-0.9356174,0.6930799,-0.44234782,-200.0,-200.0,200.0,-200.0,200.0,200.0,-200.0,200.0,-200.0,-200.0,96.15628820226925,200.0,-0.12584858,-0.101958424,-0.754709,1.7902795,-1.0373077,-0.018913437,-0.08816712,-0.05059632,-0.5981564,1.6608044,-0.9151402,-0.00072746177,-10.194165,-0.22840615,0.56151074,-1.7554882,-12.305622,7.0557513,-3.498436,-2.2323427,2.5442488,-0.8147668,4.740513,17.036741
307,0.26412976,0.3238062,-0.5161537,-0.051202446,-0.021149812,-0.99846435,1.0,0.0,0.0,-0.17698814,-0.11560445,0.029153287,0.15770376,-0.251136,0.13753805,-0.13895908,-0.08298874,0.18811202,0.0683049,-0.05832237,0.07321057,-0.0434621,-0.09153365,-0.17202997,-0.22639146,0.37719396,0.9162509,-0.24357343,-0.19077292,-0.20635884,0.06951578,0.43715903,-0.07292025,0.48395163,0.73595697,0.84039265,0.45704263,0.10546805,-0.3165791,0.29761547,0.60078526,0.026244141,-0.40675855,0.019622862,-1.1286277,22.830028498711272,-200.0,-200.0,-200.0,200.0,-200.0,200.0,67.64116204682989,-200.0,-200.0,200.0,-25.864373594942776,-0.17698814,-0.11560445,-0.7708467,1.7577038,-1.051136,0.13753805,-0.13895908,-0.08298874,-0.611888,1.6683049,-0.8583224,0.07321057,-0.869242,-1.8306731,-3.4405994,-4.527829,7.543879,18.325018,-4.8714685,-3.8154583,-4.127177,1.3903155,8.74318,-1.4584049
308,-0.29575112,0.2758287,-0.97903574,-0.03853726,-0.020869097,-0.99903923,1.0,0.0,0.0,-0.12288433,-0.10525609,0.006605625,0.12045872,-0.134619,0.2131429,-0.1254694,-0.08320727,0.15613031,0.08470881,-0.025256395,-0.033882763,0.5262248,0.16198526,-0.064347684,-0.15176159,0.5390199,-0.06255379,0.33139706,0.15545721,-0.11729407,0.119614184,0.028771559,-0.8650365,-0.6203173,-0.72955364,0.35472837,1.0138651,-0.633875,-0.7553033,-0.0699783,-0.38513,0.22604784,-0.31308758,-0.5653215,0.056254808,200.0,200.0,-141.3357063687475,-200.0,59.812197333359634,-200.0,200.0,200.0,200.0,200.0,-76.36020133760098,-200.0,-0.12288433,-0.10525609,-0.7933944,1.7204587,-0.934619,0.2131429,-0.1254694,-0.08320727,-0.6438697,1.6847088,-0.8252564,-0.033882763,10.524496,3.239705,-1.2869537,-3.0352318,10.780397,-1.2510759,6.627941,3.1091442,-2.3458815,2.3922837,0.57543117,-17.30073
309,0.4005234,-0.29813242,-0.44875544,-0.041065127,-0.025261093,-0.9988371,1.0,0.0,0.0,-0.074619174,-0.10330466,0.011626601,0.10615158,-0.13582969,0.09300078,-0.08754955,-0.08784081,0.16757178,0.07565534,-0.12471348,-0.098791085,0.0051491386,-0.10941043,0.08354967,-0.0052789887,-0.45234185,-1.0405208,0.058495928,-0.16824539,0.16238277,-0.16533403,-0.8763108,0.11711096,-0.78198284,-0.15499394,0.34895852,-0.55048895,0.123986736,0.09080932,-0.40312165,0.9637979,-0.52084696,-0.28222257,-0.44223583,0.62094504,-39.49099249191079,-200.0,-22.5730247558147,-200.0,-75.42527730280244,200.0,-200.0,-200.0,200.0,200.0,-200.0,-200.0,-0.074619174,-0.10330466,-0.7883734,1.7061516,-0.9358297,0.09300078,-0.08754955,-0.08784081,-0.6324282,1.6756554,-0.9247135,-0.098791085,0.10298277,-2.1882086,1.6709933,-0.10557977,-9.046837,-20.810415,1.1699185,-3.3649077,3.2476552,-3.3066807,-17.526217,2.342219
310,0.12373841,-0.23974155,0.5165177,-0.05179321,-0.03485644,-0.9980493,1.0,0.0,0.0,-0.12995885,-0.11801071,0.048382223,0.06725013,-0.12167513,-0.008959022,-0.13689983,-0.110146955,0.18973482,0.027284741,-0.2381745,0.028042465,-0.506465,-0.051227223,0.26392335,-0.34959874,0.45836386,-0.07595035,-0.4776888,-0.06544465,0.073406674,-0.3051575,-0.44194585,1.0588145,0.28927365,0.68315977,-0.29479495,0.38270462,0.17090558,0.7828954,0.40471476,0.6422611,-0.2642723,-0.15352665,0.16227943,0.03322083,-107.92810179148086,200.0,-200.0,-200.0,36.028189948583474,200.0,-200.0,-20.96569830052956,200.0,-200.0,97.99167250122883,200.0,-0.12995885,-0.11801071,-0.7516178,1.6672502,-0.92167515,-0.008959022,-0.13689983,-0.110146955,-0.6102652,1.6272848,-1.0381745,0.028042465,-10.1293,-1.0245445,5.2784667,-6.9919744,9.167277,-1.5190068,-9.553776,-1.308893,1.4681334,-6.10315,-8.838917,21.17629
311,-0.3287151,0.4606592,-0.19184475,-0.04581734,-0.029161349,-0.9985241,1.0,0.0,0.0,-0.17095163,-0.10482177,0.06251246,0.027754307,-0.012202859,0.08032824,-0.16886887,-0.09479284,0.17875606,-0.012449145,-0.212318,0.1190234,0.042260446,0.16147237,-0.07834964,-0.07345295,0.5797324,0.7669461,0.13606463,0.1540917,-0.15338907,-0.033756886,0.51643693,-0.1374912,0.456845,-0.4088692,-0.013909568,1.2868035,-1.0338026,-0.1774227,0.49486607,-1.1236435,0.83704627,0.08321279,-0.46743372,-0.8523056,200.0,200.0,-200.0,-200.0,-200.0,-179.36993840433468,200.0,200.0,-200.0,200.0,-200.0,-67.1055538415967,-0.17095163,-0.10482177,-0.73748755,1.6277543,-0.8122029,0.08032824,-0.16886887,-0.09479284,-0.62124395,1.5875509,-1.012318,0.1190234,0.8452089,3.2294471,-1.5669929,-1.469059,11.594648,15.338922,2.7212927,3.081834,-3.0677812,-0.6751377,10.328738,-2.7498238
312,0.17840812,-0.012876947,-1.0236037,-0.037107907,-0.02797106,-0.9989197,1.0,0.0,0.0,-0.105952755,-0.11149547,0.035482764,0.06807792,-0.069526136,0.08275322,-0.08007503,-0.08607258,0.17037559,-0.009034991,-0.21697384,-0.012356112,0.57059157,-0.13858593,-0.116911724,0.31699166,-0.72738177,-0.4128018,0.69340867,-0.044073474,0.05685088,0.050551683,-0.44332907,-1.0814806,-0.6321015,-0.037955508,0.47029132,-0.41484892,-0.17568314,-0.58887386,-0.54024696,0.69101477,0.39736232,0.026472703,0.16125846,0.18470898,200.0,-200.0,200.0,140.43027140162587,-148.3244020859238,-200.0,200.0,-200.0,17.801766004363458,200.0,-200.0,-200.0,-0.105952755,-0.11149547,-0.76451725,1.668078,-0.86952615,0.08275322,-0.08007503,-0.08607258,-0.6296244,1.590965,-1.0169739,-0.012356112,11.411831,-2.7717185,-2.3382344,6.339833,-14.547635,-8.256036,13.868173,-0.8814694,1.1370176,1.0110337,-8.866581,-21.629612
313,-0.3783635,-0.6234591,-0.27328977,-0.050228346,-0.023126183,-0.99846995,1.0,0.0,0.0,-0.049478915,-0.11246261,0.05475223,0.094216466,-0.16219246,-0.082668476,0.004920002,-0.070989035,0.2022233,-4.8041344e-05,-0.19760877,-0.11835743,0.04933184,0.08904997,0.26469627,-0.02132849,-0.12662704,-1.0608604,0.20932484,0.16138898,0.24489807,0.019595506,0.5303522,-0.096900485,-0.89378214,-0.06958915,-0.79233825,-0.8504449,0.17182837,0.72361064,-0.8671101,-0.5699036,-0.56480217,-1.2879709,0.4069444,0.91963595,-200.0,200.0,172.0566877691605,28.849556843870694,200.0,200.0,-200.0,79.04129325501329,200.0,-200.0,181.92009408192544,7.01767281232992,-0.049478915,-0.11246261,-0.7452478,1.6942165,-0.9621925,-0.082668476,0.004920002,-0.070989035,-0.5977767,1.599952,-0.9976088,-0.11835743,0.9866368,1.7809994,5.2939253,-0.4265698,-2.5325408,-21.217207,4.1864967,3.2277794,4.897961,0.3919101,10.607043,-1.9380096
314,-0.04573763,0.027533164,0.31980476,-0.06073694,-0.015443132,-0.99803436,1.0,0.0,0.0,-0.10385044,-0.10753887,0.081653,0.07298732,-0.08464527,-0.19029422,-0.02382161,-0.07070845,0.21518809,0.0031571388,-0.057062805,-0.029225847,-0.5333223,-0.01911393,0.033062417,-0.17676643,0.643528,-0.112568155,-0.44004652,-0.15285467,-0.114836074,0.09365013,0.5036995,0.9034196,0.3479537,0.23742639,-0.2982507,0.5394961,0.045062244,0.7062466,0.04897691,-0.3079473,0.1382176,-0.23935255,0.6114964,-0.7914625,-200.0,-200.0,-200.0,-200.0,-23.087540149852316,200.0,-200.0,95.16458376719194,-200.0,-200.0,-200.0,200.0,-0.10385044,-0.10753887,-0.718347,1.6729873,-0.8846453,-0.19029422,-0.02382161,-0.07070845,-0.5848119,1.6031572,-0.8570628,-0.029225847,-10.666446,-0.3822786,0.6612483,-3.5353284,12.87056,-2.251363,-8.80093,-3.0570931,-2.2967215,1.8730026,10.07399,18.068392
315,0.17742619,0.27518517,-0.5706528,-0.053058486,-0.018486355,-0.9984203,1.0,0.0,0.0,-0.14946261,-0.10897295,0.059608996,0.069821954,-0.02844143,-0.10514084,-0.052174285,-0.09629268,0.18034542,0.030693412,0.0549888,0.086834386,0.021035729,-0.004629003,-0.21676569,0.11165147,0.16438566,0.8658871,0.09991931,-0.11555344,-0.21764441,0.17949204,0.51898026,0.22695163,0.39255583,-0.23039569,0.3004966,1.0319244,-0.9879939,-0.26776373,0.15555952,0.26411325,0.64884794,-0.41990507,-0.39725208,-0.7362283,150.21866234011821,-200.0,130.12203396241517,-200.0,200.0,-200.0,200.0,200.0,-200.0,200.0,-19.52050664717129,200.0,-0.14946261,-0.10897295,-0.740391,1.669822,-0.82844144,-0.10514084,-0.052174285,-0.09629268,-0.6196546,1.6306934,-0.7450112,0.086834386,0.4207146,-0.09258006,-4.335314,2.2330294,3.287713,17.317741,1.9983863,-2.3110688,-4.352888,3.5898407,10.379605,4.5390325
316,0.22129574,-0.40344778,-0.9955708,-0.05620496,-0.028384443,-0.9980157,1.0,0.0,0.0,-0.08327564,-0.11895888,0.044724464,0.10501957,-0.10450387,-0.034943864,0.009741278,-0.10961874,0.18627447,0.034235,0.052009583,0.024676371,0.57571334,-0.081441544,0.04871635,0.22931457,-0.82585144,-0.071190365,0.35606733,-0.02994895,0.21974388,-0.114365414,-0.45144016,-0.75645816,-0.4774232,0.32620555,-0.022824038,-0.56914306,-0.27453774,-0.7046462,-0.79765576,0.28673387,-0.46940023,-0.70790327,-0.5605672,-0.042637255,-55.03946888009864,200.0,200.0,-200.0,-200.0,-200.0,200.0,-149.2957957564408,200.0,200.0,-200.0,-200.0,-0.08327564,-0.11895888,-0.75527555,1.7050196,-0.9045039,-0.034943864,0.009741278,-0.10961874,-0.61372554,1.634235,-0.7479904,0.024676371,11.514266,-1.6288308,0.974327,4.5862913,-16.517029,-1.4238073,7.1213465,-0.598979,4.3948774,-2.2873082,-9.028803,-15.129163
317,-0.32346514,0.14011836,-0.28277603,-0.058779154,-0.026905196,-0.99790835,1.0,0.0,0.0,-0.033397682,-0.10557557,0.038196623,0.12802291,-0.18153298,-0.1602825,0.022876158,-0.09687208,0.20430481,0.00050854683,-0.12035507,-0.032520436,-0.012416481,0.1864732,-0.0755498,0.012472006,-0.20526794,-1.0598421,-0.17788635,0.14253388,-0.006933469,-0.21727696,-0.9477181,-0.042237323,-0.8906854,-0.22519667,0.0036316025,-0.47784582,-0.057767138,0.36560875,0.035442363,-0.1645004,0.07828439,-0.17607267,0.36594072,0.43128505,-200.0,200.0,-200.0,-200.0,61.13309684857643,32.9316159622759,-200.0,200.0,-55.02575286095522,-200.0,23.16930591197621,-146.8050181609574,-0.033397682,-0.10557557,-0.7618034,1.7280229,-0.981533,-0.1602825,0.022876158,-0.09687208,-0.5956952,1.6005086,-0.9203551,-0.032520436,-0.24832961,3.729464,-1.5109961,0.2494401,-4.1053586,-21.196842,-3.5577269,2.8506775,-0.13866937,-4.345539,-18.954361,-0.8447464
318,0.187651,0.38396168,0.0015879911,-0.046866532,-0.02623008,-0.99855673,1.0,0.0,0.0,-0.08982709,-0.09512258,0.019764006,0.10728657,-0.15328693,-0.26563007,0.01243872,-0.091710925,0.1920991,-0.05062127,-0.20110768,0.063667044,-0.5056172,-0.04284658,-0.08729421,-0.1984221,0.20665658,-0.09068332,-0.0050814226,-0.05790594,-0.107657574,-0.26481873,0.039658595,0.7700785,0.07433168,0.40238082,0.48173195,0.6420984,-0.06508969,0.90568817,0.5270913,-0.3951252,0.723796,0.15774196,0.5704624,-0.017906096,55.51848304793995,-104.34232437074493,-133.00616831017174,3.8543473364373995,200.0,-5.17616767327695,-200.0,-200.0,55.09586708536718,-200.0,-14.241098186917213,200.0,-0.08982709,-0.09512258,-0.780236,1.7072866,-0.95328695,-0.26563007,0.01243872,-0.091710925,-0.6079009,1.5493788,-1.0011077,0.063667044,-10.112344,-0.85693157,-1.7458842,-3.968442,4.1331315,-1.8136663,-0.10162845,-1.1581187,-2.1531515,-5.2963743,0.7931719,15.401569
319,0.09773577,-0.27584657,-0.676392,-0.045899577,-0.03248559,-0.99841774,1.0,0.0,0.0,-0.1250278,-0.09761149,0.025731087,0.08424759,-0.11602509,-0.17596756,0.07271301,-0.10367012,0.19472957,-0.06771529,-0.07646257,0.10095957,0.09377296,0.007265303,0.12397309,-0.047633216,0.11443476,0.88905287,0.5560581,-0.053548515,0.11138552,0.024891185,1.0490233,-0.20147453,0.58279604,0.4030488,-0.22817041,0.856048,-0.6353944,-0.042871512,-0.48838398,0.16635464,0.0084043965,0.13238469,-0.47442287,-0.8221058,200.0,-200.0,200.0,200.0,200.0,-79.56228605567978,200.0,200.0,200.0,200.0,-19.157559872838846,200.0,-0.1250278,-0.09761149,-0.7742689,1.6842476,-0.9160251,-0.17596756,0.07271301,-0.10367012,-0.60527045,1.5322847,-0.8764626,0.10095957,1.8754592,0.14530605,2.4794617,-0.9526643,2.288695,17.781057,11.121161,-1.0709703,2.2277102,0.4978237,20.980465,-4.0294905
320,-0.49872053,0.27443716,-0.74570125,-0.042966504,-0.02443015,-0.99877775,1.0,0.0,0.0,-0.05723154,-0.065499015,0.018338561,0.106137395,-0.19836658,-0.096480645,0.12938751,-0.08748856,0.16645962,-0.015394568,0.004404068,-0.0369329,0.54344875,0.27820814,-0.16407281,0.23401259,-0.82486296,0.13080813,0.06826401,0.19031996,-0.32095492,0.43033433,-0.14533629,-1.0759689,-0.5995745,-0.90417415,0.42719722,-0.34479612,-0.27417427,-0.8278457,-1.1658562,-0.34435642,0.39364132,-0.5022854,-0.344271,-0.04726627,-200.0,200.0,-85.15102074639438,200.0,-200.0,-200.0,200.0,200.0,-200.0,200.0,-157.3347424892488,-35.48536544001419,-0.05723154,-0.065499015,-0.78166145,1.7061374,-0.9983666,-0.096480645,0.12938751,-0.08748856,-0.6335404,1.5846055,-0.79559594,-0.0369329,10.868975,5.5641627,-3.2814562,4.6802516,-16.49726,2.6161625,1.3652802,3.806399,-6.4190984,8.606687,-2.9067256,-21.519377
321,0.18323715,-0.31598794,-0.06564786,-0.044757575,-0.02008588,-0.9987959,1.0,0.0,0.0,-0.0105814375,-0.038114198,0.020891905,0.120286465,-0.26417798,-0.17786607,0.08298292,-0.08031877,0.14443511,0.027283669,-0.09577179,-0.14523955,-0.021199372,0.023648862,0.16770126,-0.059262928,-0.04351337,-0.84687036,-0.47669372,-0.09536062,0.053957015,0.03887644,-0.54108274,-0.10444986,-0.6615873,-0.35400456,-0.18405114,-0.7477672,0.43973947,-0.012290842,0.1407404,0.35067767,0.06404639,-0.61827934,-0.14987075,1.3282005,-200.0,-200.0,200.0,-200.0,42.741404452924826,200.0,-200.0,-200.0,200.0,-200.0,39.842100006045825,-200.0,-0.0105814375,-0.038114198,-0.7791081,1.7202865,-1.064178,-0.17786607,0.08298292,-0.08031877,-0.6555649,1.6272837,-0.8957718,-0.14523955,-0.42398742,0.47297722,3.3540251,-1.1852585,-0.87026733,-16.937407,-9.5338745,-1.9072124,1.0791403,0.77752876,-10.821654,-2.0889971
322,0.21679631,0.2534531,-0.08424715,-0.044197477,-0.028074559,-0.99862826,1.0,0.0,0.0,-0.066200815,-0.042665765,0.031028926,0.09211671,-0.1643309,-0.24047858,0.04259077,-0.094115496,0.1404829,0.017834067,-0.12762642,-0.058743436,-0.48890263,-0.05945123,-0.03881486,-0.20691924,0.94387734,0.12302438,0.025143592,-0.04629537,-0.055762608,-0.12621962,-0.047233377,0.8717646,0.18157908,0.7885546,0.06779375,0.36389047,-0.006500393,1.0142187,0.7165452,0.34232372,0.036466733,0.21229611,-0.16472885,-0.295585,200.0,200.0,-103.64958537204049,-200.0,4.69534338334077,200.0,-200.0,-200.0,-200.0,-200.0,200.0,200.0,-0.066200815,-0.042665765,-0.7689711,1.6921167,-0.9643309,-0.24047858,0.04259077,-0.094115496,-0.6595171,1.6178341,-0.92762643,-0.058743436,-9.778052,-1.1890246,-0.7762972,-4.138385,18.877546,2.4604876,0.5028718,-0.9259074,-1.1152521,-2.5243924,-0.9446675,17.435291
323,-0.49400297,0.16780625,-0.6217574,-0.034531098,-0.021586942,-0.9991705,1.0,0.0,0.0,-0.100148074,-0.025270503,0.025017083,0.06807971,-0.07578164,-0.10804318,0.10731816,-0.06957283,0.11547595,0.029534817,-0.14078015,0.008475697,0.09333796,0.1993983,-0.010723092,-0.050354745,0.16311382,1.1031114,0.5747996,0.25836477,-0.16311644,0.19578227,-0.053429157,-0.10256698,0.43934494,-0.50424355,0.39899674,0.7231902,-0.7593108,-0.20047635,-0.7506065,-0.926083,0.7576727,-0.17201138,-0.42055732,-0.5488924,200.0,200.0,-8.522104755869435,200.0,5.3857228102627275,-200.0,200.0,200.0,100.27316856056112,200.0,-37.423201199394015,200.0,-0.100148074,-0.025270503,-0.7749829,1.6680797,-0.87578166,-0.10804318,0.10731816,-0.06957283,-0.68452406,1.6295348,-0.94078016,0.008475697,1.8667592,3.9879658,-0.21446183,-1.0070949,3.2622762,22.062227,11.495992,5.167295,-3.2623286,3.9156454,-1.0685831,-2.0513396
324,0.24356413,-0.46593913,-0.6501605,-0.04156146,-0.018784238,-0.99895936,1.0,0.0,0.0,-0.031038266,-0.017714396,0.04350227,0.07462549,-0.15221202,0.009513456,0.16577764,-0.045298617,0.12524134,0.030144453,-0.22033733,-0.11472694,0.5502518,-0.08923774,0.17595008,0.10260426,-0.8281868,0.16544606,0.062232543,0.007464964,0.22640131,-0.15644231,-0.4373531,-0.90827626,-0.61327404,-0.19934519,-0.37746355,-0.674389,0.26047438,-0.8900372,-0.9360422,0.3615275,-0.64275867,-0.4773968,-0.08682482,0.47000825,-200.0,-200.0,200.0,-200.0,35.78856526561219,5.972760207072611,200.0,-200.0,200.0,200.0,-200.0,-200.0,-0.031038266,-0.017714396,-0.75649774,1.6746255,-0.95221204,0.009513456,0.16577764,-0.045298617,-0.6747587,1.6301445,-1.0203373,-0.11472694,11.005035,-1.7847549,3.5190015,2.0520852,-16.563736,3.308921,1.2446508,0.14929928,4.528026,-3.1288462,-8.747062,-18.165525
325,0.24662848,0.09509179,0.030710656,-0.047155537,-0.029397748,-0.99845487,1.0,0.0,0.0,0.015705409,-0.038796153,0.061760902,0.078062534,-0.20890218,-0.064671755,0.12960915,-0.05105478,0.1409502,0.004874468,-0.19857389,-0.19219871,-0.029107613,-0.120100275,0.025666127,-0.0542045,0.16179651,-0.8103177,-0.3315738,-0.07625315,-0.058455046,-0.0027581023,0.33642,0.043080717,-0.61719793,0.7564374,-0.08229127,-0.38108408,0.11562662,0.33373186,0.4329845,0.258505,0.3484562,0.2949201,0.17235836,0.51549053,-200.0,200.0,-200.0,-200.0,-172.3578831288295,200.0,-200.0,-200.0,-200.0,-200.0,200.0,-200.0,0.015705409,-0.038796153,-0.7382391,1.6780626,-1.0089022,-0.064671755,0.12960915,-0.05105478,-0.6590498,1.6048745,-0.9985739,-0.19219871,-0.58215225,-2.4020054,0.51332253,-1.08409,3.2359302,-16.206354,-6.631476,-1.525063,-1.1691009,-0.055162046,6.7283998,0.86161435
326,-0.37743148,0.057320185,-0.1451894,-0.044209875,-0.025602154,-0.9986942,1.0,0.0,0.0,-0.039434325,-0.036339663,0.06443477,0.050546646,-0.111965835,-0.12388261,0.12839845,-0.038405128,0.12962347,0.022048831,-0.082036614,-0.07548337,-0.47839904,0.12116989,0.010115438,-0.20295666,0.50071466,0.124305956,0.25822845,0.17593841,-0.052557845,0.15637562,0.5503349,1.0260286,0.13645402,0.1655382,-0.0717498,0.3359619,-0.3893416,0.9857998,0.12344092,-0.90686834,0.52646565,-0.2678026,-0.5162654,-0.19337656,200.0,200.0,200.0,200.0,-42.33448976394084,200.0,-200.0,200.0,-200.0,-200.0,-44.919990053220374,200.0,-0.039434325,-0.036339663,-0.73556525,1.6505467,-0.91196585,-0.12388261,0.12839845,-0.038405128,-0.67037654,1.6220489,-0.8820366,-0.07548337,-9.567981,2.4233978,0.20230876,-4.059133,10.014293,2.486119,5.164569,3.518768,-1.0511569,3.1275122,11.006697,20.520573
327,-0.15931515,0.080541916,-0.5514934,-0.04061205,-0.016010609,-0.9990467,1.0,0.0,0.0,-0.07821149,-0.013496335,0.04787022,0.043219566,-0.11734289,0.008589162,0.14316769,-0.016376847,0.140867,0.01960516,-0.079399586,0.02239865,0.044316586,0.107922696,-0.14950775,0.08977918,-0.459568,1.1018896,-0.012033141,0.05955834,0.15780218,-0.14769927,-0.42587423,0.05328072,0.43349105,-0.79826725,0.51610315,0.42787334,0.0685581,-0.33954704,-1.0101401,-0.34130704,-0.33307776,-0.25571543,-0.4865727,-0.8664764,-35.35915159019682,-200.0,200.0,-200.0,-200.0,-200.0,200.0,200.0,-106.86601931222239,200.0,-198.89311113762756,200.0,-0.07821149,-0.013496335,-0.7521298,1.6432196,-0.9173429,0.008589162,0.14316769,-0.016376847,-0.659133,1.6196052,-0.8793996,0.02239865,0.88633174,2.158454,-2.9901547,1.7955836,-9.1913595,22.037792,-0.24066283,1.1911668,3.1560435,-2.9539852,-8.517485,1.0656143
328,0.4207855,-0.033388775,-0.4021575,-0.038660593,-0.023086533,-0.99898565,1.0,0.0,0.0,-0.020581435,-0.017968884,0.018910527,0.07569468,-0.1119017,0.12572286,0.086131975,-0.03432716,0.1666857,0.008152127,-0.2040363,-0.055471417,0.48641798,-0.13219675,-0.12301159,0.2245653,0.30119953,0.1629713,-0.4755574,-0.22036813,0.072100535,0.16801165,-0.5357403,-0.65753865,-0.20765284,0.15653153,0.5598174,0.14269547,-0.0576429,-0.97588634,0.3899448,0.9350257,0.17587438,0.22614421,0.36061865,0.45594445,-200.0,-200.0,-200.0,-200.0,-55.46865746292201,-200.0,200.0,-200.0,200.0,200.0,134.8907501166785,-200.0,-0.020581435,-0.017968884,-0.7810895,1.6756947,-0.9119017,0.12572286,0.086131975,-0.03432716,-0.6333143,1.6081522,-1.0040363,-0.055471417,9.728359,-2.643935,-2.4602318,4.491306,6.02399,3.259426,-9.5111475,-4.4073625,1.4420106,3.3602328,-10.714807,-13.150773
329,-0.23685698,-0.3146164,-0.20034213,-0.046413906,-0.025798788,-0.9985891,1.0,0.0,0.0,0.021036401,-0.010704634,0.018309891,0.106815934,-0.07753748,0.047083013,0.050814766,-0.04943004,0.1787402,0.060765147,-0.20449692,-0.07893397,-0.01919516,0.1736733,0.092799395,0.08056806,0.044415534,-0.848443,0.06384256,0.04829329,0.06010555,0.3170051,0.43589178,0.3245488,-0.8757831,-0.045352206,-0.36528137,-0.97268766,-0.351268,0.37938783,0.40515333,0.13622497,-0.64478123,-1.1833545,-0.057489928,0.43247446,200.0,200.0,-61.80545104349089,34.99563352166524,200.0,200.0,-200.0,197.08418227306439,200.0,-19.775827794192395,-7.979229277070395,-200.0,0.021036401,-0.010704634,-0.7816901,1.706816,-0.8775375,0.047083013,0.050814766,-0.04943004,-0.6212598,1.6607652,-1.0044969,-0.07893397,-0.3839032,3.473466,1.8559879,1.6113611,0.8883107,-16.968859,1.2768512,0.96586573,1.202111,6.3401017,8.717835,6.4909763
330,-0.22404316,0.34894225,-0.15398097,-0.044027288,-0.016966159,-0.9988862,1.0,0.0,0.0,-0.03221885,0.014915774,0.01754558,0.107240796,-0.1467973,-0.015232939,0.118780024,-0.029603569,0.17178005,0.108760476,-0.15076947,0.066505834,-0.46832535,0.09473302,-0.08026875,-0.062010493,-0.43690553,0.1280161,0.52742594,0.14108776,-0.11983242,0.17794912,0.20901875,0.7933526,0.4974725,-0.41298068,0.77473855,-0.22692955,0.56222844,0.6283428,-0.4152292,-0.39277077,0.4813204,-0.79231334,-0.119801044,-0.5872343,86.98084156897124,200.0,-200.0,-200.0,-23.443276895015885,-58.769548288843566,-200.0,-200.0,-200.0,-200.0,24.9806916258475,200.0,-0.03221885,0.014915774,-0.78245443,1.7072408,-0.9467973,-0.015232939,0.118780024,-0.029603569,-0.62821996,1.7087605,-0.9507695,0.066505834,-9.366507,1.8946604,-1.6053749,-1.2402098,-8.738111,2.560322,10.548519,2.821755,-2.3966484,3.5589824,4.180375,15.867052
331,0.3430413,-0.35804188,-0.045333408,-0.044407226,-0.019324759,-0.99882656,1.0,0.0,0.0,-0.06172169,-0.004206868,0.019443095,0.10764086,-0.121714175,0.07558972,0.16355066,-0.02873122,0.19539905,0.10380149,-0.1359024,0.11750308,0.10221751,-0.23981102,0.06108537,0.0714633,0.5730218,0.6095939,-0.025257582,-0.10520909,0.30714852,-0.18684718,0.027469626,-0.18555675,0.51014304,0.51940334,0.062640555,-0.23201361,0.86954206,-0.33433622,-0.9139451,0.5075347,-0.35932028,-0.08786787,-0.12091914,-0.3076205,-200.0,-200.0,69.86440326368245,-200.0,-86.27423776777809,-200.0,200.0,-200.0,200.0,-200.0,200.0,-85.9311348446654,-0.06172169,-0.004206868,-0.7805569,1.7076409,-0.9217142,0.07558972,0.16355066,-0.02873122,-0.60460097,1.7038015,-0.9359024,0.11750308,2.0443501,-4.7962203,1.2217073,1.429266,11.460437,12.191878,-0.5051516,-2.1041818,6.14297,-3.7369435,0.5493925,-3.7111351
332,-0.39782107,-0.16507171,0.111291245,-0.05537457,-0.017848872,-0.9983061,1.0,0.0,0.0,0.012511927,-0.011934575,0.020802557,0.1326102,-0.017082632,0.06438016,0.11013855,-0.02387873,0.23908782,0.06526792,-0.1355843,-0.002714257,0.58602804,0.12394907,-0.02053683,0.13779008,0.52830654,-0.5784568,-0.41989452,0.14293371,0.14514114,-0.012261679,-0.35288045,-0.74074,-0.31462482,0.09179994,-0.44725928,0.33484638,-0.40766495,-0.22268288,0.42897543,-0.5912849,-0.041685663,-0.2873247,-0.08734583,-0.06262173,-200.0,200.0,-200.0,-200.0,17.390167435900494,-200.0,200.0,200.0,81.71483971691873,-200.0,200.0,-200.0,0.012511927,-0.011934575,-0.77919745,1.7326102,-0.81708264,0.06438016,0.11013855,-0.02387873,-0.5609122,1.665268,-0.9355843,-0.002714257,11.720561,2.4789815,-0.4107366,2.7558017,10.566131,-11.569137,-8.39789,2.858674,2.9028227,-0.24523358,-7.0576086,-14.8148
333,-0.12654512,0.471787,0.0490403,-0.048019987,-0.007786507,-0.998816,1.0,0.0,0.0,0.0756195,0.008897402,-0.021208823,0.1836555,-0.016928256,-0.08434074,0.070726134,-0.008728661,0.23952907,0.068605185,-0.16898978,-0.084706016,0.09895638,0.08087789,-0.34330794,0.3107533,-0.4296374,-0.8070799,-0.017108655,0.016722476,-0.12445857,0.04297823,-0.01675445,-0.11920235,-0.6692708,-0.5337923,0.5231052,-0.67862046,-0.55808085,0.6365549,0.7932711,-0.10702881,0.73673475,-0.5549286,0.7609925,0.39593664,200.0,-200.0,-200.0,-200.0,200.0,200.0,-200.0,-18.46323179704808,-200.0,-200.0,-200.0,200.0,0.0756195,0.008897402,-0.82120883,1.7836555,-0.81692827,-0.08434074,0.070726134,-0.008728661,-0.56047094,1.6686052,-0.9689898,-0.084706016,1.9791275,1.6175578,-6.866159,6.2150655,-8.592748,-16.141598,-0.3421731,0.33444953,-2.4891713,0.8595646,-0.335089,-2.384047
334,0.4126641,-0.15100363,-0.018769076,-0.042710375,-0.016040713,-0.9989587,1.0,0.0,0.0,0.047018453,-0.002380075,-0.047226608,0.21624374,-0.17588502,-0.13899274,0.11266983,-0.03060564,0.2447691,0.057403207,-0.14297742,0.0044796322,-0.33797726,-0.14801681,0.040692322,0.037695087,-0.8614871,0.16418791,0.40666062,-0.16997072,0.1501373,-0.12848596,0.2264241,0.7600862,0.05845806,0.82929856,0.005259383,-0.77694285,-0.11067779,0.5318323,-0.24293174,0.3901629,0.65621233,-0.03565105,0.81002784,-0.005202379,200.0,1.3882834435989935,200.0,-200.0,200.0,132.39769016104185,-200.0,-200.0,200.0,-200.0,120.18718961998457,200.0,0.047018453,-0.002380075,-0.8472266,1.8162438,-0.97588503,-0.13899274,0.11266983,-0.03060564,-0.5552309,1.6574032,-0.9429774,0.0044796322,-6.759545,-2.9603362,0.8138464,0.7539017,-17.229742,3.2837582,8.133212,-3.3994143,3.002746,-2.569719,4.528482,15.201723
335,-0.080180414,-0.5665169,-0.0058395085,-0.058129583,-0.021660822,-0.99807405,1.0,0.0,0.0,0.018379582,-0.010423234,-0.014936566,0.19441533,-0.24062258,-0.01131608,0.14698374,-0.04364123,0.28264153,0.047348976,-0.1061632,0.050865952,-0.015451821,0.050234426,0.25742465,-0.22679494,0.1163898,0.9367299,0.0035698812,0.03396694,0.22561859,-0.047912378,0.24341898,-0.17011563,0.45743057,0.033495232,-0.9418017,-0.31588626,0.24417688,0.11276787,-0.72289497,-0.3810162,-0.5216446,-0.18357092,0.23888767,-0.7348477,-200.0,200.0,200.0,-169.6684773927597,200.0,-122.91273161477564,78.16273670630474,200.0,59.84777689176446,-200.0,200.0,200.0,0.018379582,-0.010423234,-0.8149366,1.7944154,-1.0406226,-0.01131608,0.14698374,-0.04364123,-0.5173585,1.647349,-0.9061632,0.050865952,-0.3090364,1.0046885,5.148493,-4.5358987,2.327796,18.734598,0.071397625,0.6793388,4.5123715,-0.95824754,4.8683796,-3.4023128
336,0.10338473,0.10219574,-0.07629344,-0.06599651,-0.022951616,-0.99755585,1.0,0.0,0.0,0.064914085,-0.0051473966,0.013498187,0.13155687,-0.13587946,0.11579974,0.09021617,-0.04821464,0.2902168,0.056601167,-0.046186507,-0.050119825,0.43163735,0.012182997,0.05268072,-0.38489887,0.7036604,0.3255274,-0.5165625,-0.06082485,-0.1002165,0.11980935,0.3298436,-0.73243773,-0.20472434,0.20791018,-0.17916556,0.36384606,-0.33216864,-0.45540166,0.44033965,0.64306056,-0.11803367,0.5226485,-0.29399642,-0.01306748,-200.0,-200.0,-200.0,-200.0,200.0,-200.0,200.0,61.967474794986664,-200.0,-200.0,168.45509333515452,-200.0,0.064914085,-0.0051473966,-0.7865018,1.7315569,-0.93587947,0.11579974,0.09021617,-0.04821464,-0.5097832,1.6566012,-0.8461865,-0.050119825,8.632747,0.24365993,1.0536144,-7.697977,14.073209,6.5105476,-10.33125,-1.216497,-2.00433,2.396187,6.596872,-14.648754
337,-0.46600676,0.67202014,0.051205605,-0.048877377,-0.014322769,-0.9987021,1.0,0.0,0.0,0.09708152,0.024452534,-0.013710082,0.08427656,-0.100906014,0.06889999,0.046285324,-0.023731964,0.23022085,0.123057246,-0.079840004,-0.09105771,-0.062191613,0.25744724,-0.27409527,-0.12142923,-0.25907654,-0.69200027,0.018896043,0.27049896,-0.45656475,0.4967452,-0.4400495,0.13797691,-0.7103266,-0.760129,0.9529591,0.3476379,-0.5684122,0.33808997,0.5849081,-0.74273515,1.0063983,-0.39221328,-0.46541268,0.3675418,200.0,200.0,-200.0,200.0,-10.28293322710465,48.63888796111213,-200.0,142.4446032263793,-90.69610950037423,200.0,-200.0,-200.0,0.09708152,0.024452534,-0.8137101,1.6842766,-0.900906,0.06889999,0.046285324,-0.023731964,-0.56977916,1.7230573,-0.87984,-0.09105771,-1.2438322,5.148945,-5.481905,-2.4285846,-5.1815305,-13.840005,0.37792087,5.4099793,-9.131295,9.934904,-8.80099,2.7595382
338,0.33879086,0.033243373,-0.048665084,-0.035988946,-0.013397763,-0.9992624,1.0,0.0,0.0,0.034224357,0.047270797,-0.04276651,0.077916265,-0.233473,0.03778039,0.097016595,0.0014887338,0.1845491,0.18356502,-0.20486432,0.025272433,-0.5238744,-0.00037431053,-0.047209024,0.04405633,-0.7304497,0.2843109,0.43976387,0.007907471,-0.04426382,0.1473897,-0.5697443,0.74112785,0.45109686,-0.356494,0.81647533,-0.520712,0.40702248,0.30407643,-0.038106006,0.12411183,0.45343274,-0.7703664,0.19836342,-0.14373046,200.0,-200.0,200.0,-200.0,48.65238901715202,-45.408784569494514,-200.0,-200.0,200.0,200.0,57.59411884086364,200.0,0.034224357,0.047270797,-0.8427665,1.6779163,-1.033473,0.03778039,0.097016595,0.0014887338,-0.6154509,1.783565,-1.0048643,0.025272433,-10.477488,-0.0074862107,-0.9441805,0.8811266,-14.608994,5.686218,8.795278,0.1581494,-0.8852764,2.9477937,-11.394886,14.8225565
339,0.30803037,-0.6548006,0.012351669,-0.049746644,-0.026084052,-0.9984212,1.0,0.0,0.0,-0.010669672,0.031316176,-0.016919255,0.06615937,-0.26725775,0.12235193,0.13805102,0.011811711,0.21765357,0.17747986,-0.2130503,0.061999127,0.032635055,-0.1647535,0.24506345,-0.06520836,0.3115585,0.36733618,0.006950827,0.07940822,0.33001328,-0.17307211,0.3930033,-0.27091265,0.63696414,1.1761631,-0.51429814,-0.79016304,0.7529045,0.0071907276,-0.6872001,0.40573108,-1.2608653,0.021774337,0.041689426,-0.5690052,-200.0,152.0566872873908,194.90168408085532,-200.0,200.0,-200.0,200.0,-200.0,200.0,-200.0,200.0,13.026397337077526,-0.010669672,0.031316176,-0.81691927,1.6661594,-1.0672578,0.12235193,0.13805102,0.011811711,-0.58234644,1.7774799,-1.0130503,0.061999127,0.6527011,-3.29507,4.901269,-1.3041672,6.23117,7.3467236,0.13901654,1.5881644,6.6002655,-3.4614422,7.860066,-5.418253
340,-0.39878276,-0.023275517,0.060968354,-0.062083878,-0.022906756,-0.99780804,1.0,0.0,0.0,0.048906527,0.028028874,0.011874318,0.031497,-0.09725082,0.109834574,0.09559023,0.05037172,0.25459176,0.1417296,-0.11191344,-0.085667744,0.517905,0.09989857,0.058536258,-0.26415142,1.2879623,-0.210632,-0.3855997,0.28365,0.07370021,-0.1787671,0.51117176,-0.9904844,-0.3318404,0.15955135,-0.41715202,-0.17211863,-0.60393995,0.08138176,0.23051935,-1.1076123,-0.38645673,-0.07080063,-1.0793952,0.4447375,-200.0,200.0,-200.0,-200.0,200.0,-38.56493870325323,200.0,200.0,-200.0,-200.0,200.0,-4.794008764290368,0.048906527,0.028028874,-0.7881257,1.631497,-0.89725083,0.109834574,0.09559023,0.05037172,-0.54540825,1.7417296,-0.91191345,-0.085667744,10.3581,1.9979714,1.1707251,-5.283028,25.759245,-4.21264,-7.711994,5.673,1.4740041,-3.575342,10.223434,-19.809689
341,-0.27701375,0.62892014,0.023804955,-0.048777696,-0.009516512,-0.99876434,1.0,0.0,0.0,0.09239128,0.051205613,-0.00244385,-0.006750703,0.06792015,0.090955935,0.06641739,0.09868607,0.24810475,0.09612155,-0.11399692,-0.17226723,-0.020080417,0.09228282,-0.191685,-0.054983683,0.2939233,-0.16106337,0.056722146,0.20612924,-0.13949107,-0.24506854,-0.43811947,0.023479609,-0.2817782,-0.5586375,0.99889845,0.5111661,-0.482122,0.6083951,0.46892595,-0.86993766,1.0472491,0.6251819,-0.16032055,0.42605856,200.0,-200.0,-200.0,182.53611697538605,-200.0,200.0,-200.0,-15.346201984949403,-200.0,11.741963304213527,-200.0,53.66718270828741,0.09239128,0.051205613,-0.80244386,1.5932493,-0.73207986,0.090955935,0.06641739,0.09868607,-0.55189526,1.6961216,-0.91399693,-0.17226723,-0.40160835,1.8456563,-3.8337002,-1.0996736,5.8784657,-3.2212675,1.1344429,4.122585,-2.7898214,-4.9013705,-8.762389,0.46959215
342,0.41833046,0.0061020935,-0.022155765,-0.037266687,-0.0137320245,-0.999211,1.0,0.0,0.0,0.036080793,0.044991195,-0.019541383,0.005935669,0.017403722,0.16574317,0.12070214,0.11329384,0.23962253,0.055848837,-0.1549229,-0.05730172,-0.4951338,-0.13392554,-0.0025486609,0.15979157,-0.6989891,0.8118548,0.44487873,-0.03253402,0.03777195,-0.16310051,-0.025948212,0.9735624,0.08835405,0.45019293,0.5866228,0.0019929074,-0.016723946,0.21872967,-0.15659824,0.18597017,0.062006272,0.26541883,0.11599006,0.12598641,200.0,-200.0,200.0,200.0,23.39247737798278,69.82717908519339,-200.0,-200.0,200.0,200.0,-200.0,200.0,0.036080793,0.044991195,-0.8195414,1.6059357,-0.7825963,0.16574317,0.12070214,0.11329384,-0.5603775,1.6558489,-0.9549229,-0.05730172,-9.902676,-2.6785107,-0.050973218,3.1958315,-13.979781,16.237095,8.897574,-0.65068036,0.75543904,-3.26201,-0.51896423,19.471249
343,-0.20761825,0.0140225,0.26972255,-0.037044466,-0.01528747,-0.99919665,1.0,0.0,0.0,-0.01807319,0.043411773,-0.006835282,0.012008071,-0.027290404,0.2269573,0.16070054,0.12859797,0.2243098,0.058205724,-0.08331573,0.036686543,-0.087181285,0.07907454,0.1084698,-0.037767816,0.008334036,0.004893973,-0.007312547,0.13539894,-0.16616,0.156018,0.433362,0.20219937,0.81660694,0.042736247,-0.38850024,-0.71164554,-0.019772813,-0.89176744,-0.81748885,-0.27087522,0.22278094,0.09158002,-0.105323344,-0.4028564,-200.0,-6.620632899740997,-182.79521233423932,200.0,-32.57387231344126,-34.118726293289825,200.0,200.0,200.0,6.196279181140518,22.568707981557964,-40.87684964624732,-0.01807319,0.043411773,-0.8068353,1.6120081,-0.8272904,0.2269573,0.16070054,0.12859797,-0.5756902,1.6582057,-0.88331574,0.036686543,-1.7436256,1.5814908,2.169396,-0.7553563,0.16668072,0.097879454,-0.14625093,2.7079787,-3.3232,3.12036,8.66724,4.0439873
344,0.10122552,0.23773374,0.024667982,-0.032064535,-0.014335217,-0.999383,1.0,0.0,0.0,0.020439913,0.044607535,0.004103899,-0.0086990595,-0.024091005,0.12342093,0.09721524,0.12988792,0.20750076,0.07478368,-0.07436609,-0.03034635,0.4192408,-0.03914163,0.0075506517,-0.15910083,0.014850415,-0.94716626,-0.5675425,-0.08704695,-0.043493666,0.04327146,-0.06570005,-0.7300486,-0.43130302,0.38162017,0.5277171,-0.18618248,0.13750471,0.68974364,0.45580953,-0.53532803,0.53337735,0.8625607,-1.1744208,0.047493193,-200.0,-200.0,77.35878557627585,-14.2441449092221,1.3878446800537034,-88.26718524360126,200.0,25.716805466835506,-200.0,-200.0,-6.05338990859039,-200.0,0.020439913,0.044607535,-0.7958961,1.591301,-0.824091,0.12342093,0.09721524,0.12988792,-0.59249926,1.6747837,-0.8743661,-0.03034635,8.384816,-0.78283256,0.15101303,-3.1820166,0.2970083,-18.943325,-11.35085,-1.740939,-0.8698733,0.86542916,-1.314001,-14.600972
345,0.06582682,-0.4561936,0.025997734,-0.03699785,-0.017694147,-0.9991587,1.0,0.0,0.0,0.051458858,0.04521032,0.034305274,-0.04895556,0.03708309,0.021910634,0.026447829,0.11027292,0.21801138,0.094156384,-0.19650084,-0.066424266,-0.028331393,0.018900756,0.21774049,-0.12299963,0.33013785,-0.25356084,-0.18418573,-0.11069807,0.144253,0.13818981,-1.0557731,0.20847936,-0.5865615,0.14446883,-0.081462316,0.26237044,0.12142654,0.89225656,0.7231035,-0.088146195,-0.72526467,-0.23269778,-0.26838514,0.9124523,200.0,-200.0,200.0,200.0,-200.0,61.94717571364967,-200.0,200.0,200.0,-142.84861683371284,-197.06660225196666,200.0,0.051458858,0.04521032,-0.76569474,1.5510445,-0.7629169,0.021910634,0.026447829,0.11027292,-0.58198863,1.6941564,-0.99650085,-0.066424266,-0.56662786,0.3780151,4.3548098,-2.4599926,6.602757,-5.0712166,-3.6837146,-2.2139614,2.8850598,2.763796,-21.115463,4.169587
346,0.20097724,0.12863398,0.0067635425,-0.041991547,-0.024031993,-0.9988289,1.0,0.0,0.0,-0.009538843,0.04779108,0.037557244,-0.033432245,0.0643571,0.06460443,0.0425582,0.07953956,0.21993625,0.1091032,-0.32860905,0.08277843,-0.5291431,0.020238383,-0.13864666,0.23332134,0.08367449,0.5934894,0.29605278,-0.16606212,-0.090468965,0.023483915,-0.41094884,1.0245988,0.35168597,0.36581516,0.16451834,0.28823808,-0.1001399,0.25810248,-0.05933236,0.46827888,-0.4219724,-0.118951164,0.2985484,-0.22391662,200.0,4.551541520002559,-200.0,-200.0,200.0,-200.0,-200.0,174.39985663163208,-40.728771720294645,200.0,-141.80303263418304,200.0,-0.009538843,0.04779108,-0.76244277,1.5665678,-0.7356429,0.06460443,0.0425582,0.07953956,-0.58006376,1.7091032,-1.1286091,0.08277843,-10.582862,0.40476763,-2.7729332,4.6664267,1.6734898,11.869788,5.921056,-3.3212423,-1.8093793,0.46967828,-8.218977,20.491976
347,-0.3896058,0.10706878,0.26373547,-0.037545476,-0.018885419,-0.9991164,1.0,0.0,0.0,-0.06771939,0.07649146,0.01468271,0.021857738,0.018491387,0.13477345,0.055445813,0.070482075,0.19965672,0.10422826,-0.3022588,0.17697985,-0.09687605,0.24276844,-0.095377006,0.3058392,-0.2630832,0.26993352,-0.11458236,0.057620138,-0.115156606,-0.061852794,0.5760223,0.018995168,0.7772982,-0.9081997,0.5763795,-0.30375656,-0.1167881,-0.6682516,-0.7860339,-0.69916743,0.6509836,-0.7055231,-0.11300258,-0.5847523,-149.3775725855083,200.0,-200.0,-200.0,200.0,-200.0,200.0,200.0,200.0,200.0,25.254675219271718,-24.668736759388707,-0.06771939,0.07649146,-0.7853173,1.6218578,-0.7815086,0.13477345,0.055445813,0.070482075,-0.6003433,1.7042283,-1.1022588,0.17697985,-1.937521,4.8553686,-1.9075401,6.116784,-5.261664,5.39867,-2.2916472,1.1524028,-2.303132,-1.2370559,11.520446,0.37990335
348,0.1264067,-0.5231178,0.116282225,-0.047026623,-0.014426431,-0.9987894,1.0,0.0,0.0,-0.038315356,0.10008498,0.03087604,0.050441742,-0.028260648,0.085997194,-0.029869366,0.052278303,0.2262451,0.052702785,-0.23397464,0.07313719,0.34421334,0.02164988,0.22448324,0.011412462,-0.1944983,-0.6645006,-0.68370223,-0.21817906,0.3289321,-0.4216971,0.26332703,-0.9600641,-0.1801098,-0.2573523,-0.98606575,-0.23131597,-0.06915139,-0.17279994,0.7154529,0.67511487,-0.47742498,0.29895735,-0.36813635,0.46950594,-200.0,-200.0,200.0,-200.0,-22.706266033678077,-200.0,200.0,-200.0,200.0,-200.0,18.217851377868357,-200.0,-0.038315356,0.10008498,-0.769124,1.6504418,-0.82826066,0.085997194,-0.029869366,0.052278303,-0.5737549,1.6527028,-1.0339746,0.07313719,6.8842664,0.43299758,4.4896646,0.22824924,-3.889966,-13.290011,-13.674045,-4.363581,6.578642,-8.433942,5.2665405,-19.201283
349,0.054604754,0.16649139,0.26331872,-0.053086735,-0.017424505,-0.9984379,1.0,0.0,0.0,-0.016595066,0.10250857,0.057123125,0.039161682,-0.04338789,-0.0056417217,-0.105423614,0.024835106,0.24485403,0.0016089678,-0.25947946,-0.010780311,-0.08762323,-0.0024105948,0.053474374,-0.109854236,-0.05138266,-0.36570495,-0.12661977,-0.063156486,-0.09738534,-0.116011314,-0.23106189,0.023041446,-0.5056118,0.06621048,-0.055308957,0.19884545,-0.20385726,0.6270826,0.90296227,0.4511671,0.2242243,0.7819375,0.0649796,0.3298349,200.0,200.0,-200.0,200.0,11.039481175842099,200.0,-200.0,-200.0,-200.0,-200.0,0.1785337478537059,32.88267659999042,-0.016595066,0.10250857,-0.7428769,1.6391617,-0.8433879,-0.0056417217,-0.105423614,0.024835106,-0.555146,1.601609,-1.0594795,-0.010780311,-1.7524647,-0.048211895,1.0694875,-2.1970847,-1.0276532,-7.314099,-2.5323954,-1.2631297,-1.9477068,-2.3202262,-4.6212378,0.4608289
350,-0.06328258,0.21709947,0.19958584,-0.04402979,-0.016655039,-0.99889135,1.0,0.0,0.0,-0.079796456,0.10270687,0.04780811,0.05172801,-0.0933224,0.027332198,-0.06913757,0.028415574,0.21343446,4.887581e-06,-0.2058137,0.07755802,-0.5038491,0.0056812316,-0.09959982,0.1873471,-0.23988795,0.59900206,0.42730054,0.08003564,-0.17434846,0.06822486,0.5540178,0.54574966,0.11298305,-0.288307,0.12212018,-0.059221987,-0.19054326,0.4857089,-0.17220153,-0.83502746,0.7546081,-0.23055431,-0.23195764,-0.061233755,200.0,200.0,190.37634313619645,200.0,15.020015162817458,-37.0333204230717,-200.0,-76.95093391403854,-114.91043453095017,135.10881563246843,19.284221829742876,200.0,-0.079796456,0.10270687,-0.7521919,1.651728,-0.8933224,0.027332198,-0.06913757,0.028415574,-0.58656555,1.6000049,-1.0058137,0.07755802,-10.076982,0.11362463,-1.9919964,3.7469418,-4.797759,11.980041,8.546011,1.6007128,-3.4869692,1.3644972,11.080356,10.914993
351,0.45921078,-0.3231113,0.039980486,-0.048492063,-0.025112113,-0.99850786,1.0,0.0,0.0,-0.12904541,0.07625267,0.05734396,0.05948615,-0.12764847,0.18019314,-0.04509988,0.014356269,0.22429895,-0.027111053,-0.1865176,0.08350433,-0.032151666,-0.24459746,0.13352655,-0.067082755,-0.13699113,0.67663306,-0.12414044,-0.19299375,0.22271934,-0.29994646,-0.093028426,-0.2849987,0.8383185,0.65440917,-0.370275,-0.8814657,-0.076719984,-0.8450734,-0.41274437,1.0337105,-0.10613338,-0.016646817,-0.17503,-0.27272823,-185.02699251682478,-200.0,200.0,-152.0412910149331,-4.700130496559481,-31.547639535314204,200.0,-200.0,14.73441451066914,-193.19237789467314,11.978068717319445,-67.23901283746068,-0.12904541,0.07625267,-0.74265605,1.6594862,-0.9276485,0.18019314,-0.04509988,0.014356269,-0.57570106,1.572889,-0.9865176,0.08350433,-0.6430333,-4.891949,2.6705308,-1.3416551,-2.7398226,13.532661,-2.4828088,-3.8598747,4.4543867,-5.998929,-1.8605685,-5.6999736
352,-0.21547306,0.41052684,0.08673089,-0.045418333,-0.028316034,-0.9985667,1.0,0.0,0.0,-0.07894437,0.060852192,0.06063956,0.027806759,-0.1137926,0.2090486,-0.11867008,0.0027039952,0.22357625,-0.049833894,-0.184098,-0.028826734,0.48326597,0.052177787,-0.07773099,-0.2321976,0.08534456,-0.29146007,-0.5315132,0.055229466,-0.17318718,0.015262744,0.022028685,-0.53836197,-0.27272156,-0.0026949197,0.017061036,0.51559,-0.3859009,-0.16671765,0.44199723,-0.1700403,0.43861327,0.78811884,-0.28001916,0.22802725,-94.23139664451196,200.0,-200.0,73.02537902293116,-3.6094887437383427,51.90995479693407,200.0,200.0,-200.0,-200.0,-10.87222945009026,-200.0,-0.07894437,0.060852192,-0.73936045,1.6278068,-0.9137926,0.2090486,-0.11867008,0.0027039952,-0.57642376,1.5501661,-0.984098,-0.028826734,9.665319,1.0435557,-1.5546198,-4.643952,1.7068912,-5.829201,-10.630264,1.1045893,-3.4637434,0.30525488,0.4405737,-10.767239
353,0.25781682,-0.030294228,-0.07240913,-0.038463756,-0.030931571,-0.99878114,1.0,0.0,0.0,-0.042808853,0.053411465,0.04585415,0.026374102,-0.17720574,0.079551816,-0.17197771,-0.0073530376,0.2020877,-0.03330171,-0.22170621,-0.025615133,-0.06830291,-0.0890268,-0.067008115,0.18024315,-0.42957416,-0.6031861,-0.048258927,-0.13309786,-0.056388564,0.13855138,-0.15816042,0.4507544,-0.9106294,-0.13506056,0.6384246,0.19194503,-0.43130714,0.550214,0.8192881,-0.19547978,0.38377827,-0.04649575,-0.40765977,0.41769287,200.0,-200.0,200.0,200.0,64.90240441044959,152.65663534177673,-200.0,-38.831241818596865,10.023827362056984,200.0,-10.691958707707045,165.31488715719217,-0.042808853,0.053411465,-0.75414586,1.6263741,-0.97720575,0.079551816,-0.17197771,-0.0073530376,-0.5979123,1.5666983,-1.0217062,-0.025615133,-1.3660581,-1.7805359,-1.3401623,3.604863,-8.591483,-12.063721,-0.96517855,-2.661957,-1.1277713,2.7710276,-3.1632082,9.015088
354,0.63458663,-0.71877855,-0.13992232,-0.054955874,-0.051866032,-0.9971408,1.0,0.0,0.0,-0.11018303,0.0110755535,0.059101403,0.067622304,-0.26426464,0.06574411,-0.13006827,-0.0537726,0.22913688,-0.028768063,-0.28110915,0.11576028,-0.54701704,-0.2841803,0.17120518,0.2024713,-0.36847854,0.3652421,0.37472498,-0.2414929,0.2520951,0.07924948,-0.19557309,0.6362945,0.5966887,0.9820746,-0.44782397,-1.1929464,0.28458732,0.15442893,-0.23566821,1.1097237,-0.7313936,-0.7942253,0.10846968,-0.323765,200.0,-29.505939149154074,72.24895770545152,11.789150530792107,25.798715623607904,-61.12072217534592,-200.0,-33.469179314179314,200.0,50.28596013986865,35.80542863965519,200.0,-0.11018303,0.0110755535,-0.7408986,1.6676223,-1.0642647,0.06574411,-0.13006827,-0.0537726,-0.5708631,1.571232,-1.0811092,0.11576028,-10.940341,-5.683606,3.4241035,4.049426,-7.3695707,7.304842,7.4944997,-4.829858,5.041902,1.5849895,-3.9114618,12.725889
355,0.108282365,0.032359805,-0.14886549,-0.06684832,-0.06591856,-0.9955833,1.0,0.0,0.0,-0.16388088,-0.020498108,0.06880736,0.08717108,-0.22911686,0.09940984,-0.10763598,-0.07703218,0.25422156,-0.025219321,-0.21534616,0.13218719,-0.0420413,-0.044240676,-0.04252294,0.015308121,0.62064356,0.12139454,-0.1023811,-0.023182489,0.0137466835,-0.030390566,0.66125816,-0.37138578,0.5562095,0.4170109,-0.054753292,-0.62214047,0.114941075,-0.15595996,-0.5879828,0.43934536,-0.42870796,-0.15277325,-0.38364437,-0.19990917,-200.0,200.0,-200.0,-200.0,28.02886277345749,-200.0,200.0,200.0,-200.0,-200.0,200.0,-12.047970728920049,-0.16388088,-0.020498108,-0.73119265,1.6871711,-1.0291169,0.09940984,-0.10763598,-0.07703218,-0.54577845,1.5747807,-1.0153462,0.13218719,-0.84082603,-0.8848135,-0.8504588,0.30616242,12.41287,2.4278908,-2.047622,-0.46364978,0.27493367,-0.60781133,13.2251625,-7.427716
356,-0.41316265,0.62179506,-0.1657985,-0.05083638,-0.05924148,-0.9969484,1.0,0.0,0.0,-0.1220091,0.0010363986,0.04559797,0.073420405,-0.09724778,0.030094977,-0.1709376,-0.064816296,0.2298848,-0.024304748,-0.185426,3.5225265e-05,0.37244904,0.24408655,-0.17089157,-0.0581366,0.750324,-0.56812185,-0.44240895,0.13372768,-0.20517822,0.04437189,-0.24603617,-0.76452917,-0.2714353,-0.77025217,0.8270594,0.30661827,-0.55913925,0.10569244,0.5828669,-1.0935436,0.8796836,0.17008528,-0.5711093,0.039011482,-2.868154136442854,200.0,-200.0,-200.0,-181.3105012106346,200.0,200.0,200.0,110.44083987388478,-200.0,-200.0,200.0,-0.1220091,0.0010363986,-0.75440204,1.6734204,-0.8972478,0.030094977,-0.1709376,-0.064816296,-0.5701152,1.5756953,-0.985426,3.5225265e-05,7.448981,4.881731,-3.4178312,-1.162732,15.00648,-11.362436,-8.848179,2.6745536,-4.1035643,0.8874378,-4.9207234,-15.290584
357,0.10413424,-0.18677959,-0.15562566,-0.04402971,-0.053941466,-0.9975729,1.0,0.0,0.0,-0.10140388,0.014675769,0.029782116,0.09788346,-0.08717269,-0.004849908,-0.19474123,-0.06514065,0.21941489,0.018646002,-0.29045373,-0.053272076,-0.11672851,-0.06149478,0.009902193,0.2253549,-0.46486774,0.17483592,0.10207944,-0.10945368,0.08193211,0.20777158,-0.59441906,0.14351289,-0.6263909,-0.5121535,0.5619423,0.07206985,-0.048920646,0.771605,0.7777435,0.38473785,0.03835415,0.08359264,0.3989638,0.62735534,200.0,-200.0,200.0,101.6080545371234,15.575816784930907,98.53351057204945,-200.0,-200.0,200.0,200.0,-200.0,103.52391402171035,-0.10140388,0.014675769,-0.7702179,1.6978835,-0.8871727,-0.004849908,-0.19474123,-0.06514065,-0.5805851,1.618646,-1.0904537,-0.053272076,-2.3345702,-1.2298956,0.19804385,4.5070977,-9.297355,3.4967184,2.0415888,-2.1890736,1.6386422,4.1554317,-11.888381,2.8702579
358,0.04173012,-0.19476396,0.24708371,-0.050235257,-0.05680607,-0.9971206,1.0,0.0,0.0,-0.17442633,-0.008275367,0.042977452,0.12275815,-0.11281031,0.12039549,-0.12027369,-0.07191892,0.23151904,0.05719638,-0.30067188,0.08327685,-0.5354716,-0.16370687,0.030432627,0.16807811,-0.1747546,0.7233397,0.5883691,0.035887748,0.051042307,0.17822091,0.39327297,1.1247283,0.55349845,0.397525,-0.41497234,-1.41094,0.12580477,-0.44772774,-0.4623142,0.25376904,-0.20865709,-1.4039638,0.51718,-0.17644846,200.0,200.0,-200.0,-127.14045481320957,200.0,200.0,-200.0,-200.0,200.0,-200.0,200.0,-200.0,-0.17442633,-0.008275367,-0.75702256,1.7227582,-0.9128103,0.12039549,-0.12027369,-0.07191892,-0.56848097,1.6571964,-1.1006719,0.08327685,-10.709433,-3.2741373,0.60865253,3.361562,-3.4950922,14.466793,11.767382,0.71775496,1.0208461,3.5644183,7.8654594,22.494566
359,-0.41204506,0.5254821,0.19607075,-0.04524786,-0.04874794,-0.9977857,1.0,0.0,0.0,-0.22548677,-0.0036863636,0.018978775,0.15549254,-0.09207648,0.15380411,-0.05441044,-0.045399923,0.2067318,0.09185696,-0.14734763,0.1841543,-0.039924785,0.15609877,-0.22522572,0.16478187,0.345113,-0.30063924,0.109616555,0.13925831,-0.35636398,0.360759,0.50425845,-0.21580346,0.6599156,-0.5180511,0.43064153,-0.5987488,0.2912979,-0.49454063,-0.5964508,-1.0784408,0.847051,-0.53613985,-0.087721944,-0.89451665,-200.0,200.0,-200.0,-200.0,200.0,-200.0,200.0,200.0,-200.0,-200.0,200.0,-200.0,-0.22548677,-0.0036863636,-0.78102124,1.7554926,-0.8920765,0.15380411,-0.05441044,-0.045399923,-0.5932682,1.691857,-0.94734764,0.1841543,-0.7984957,3.1219754,-4.504514,3.2956374,6.9022603,-6.0127845,2.192331,2.785166,-7.1272793,7.2151794,10.085169,-4.316069
360,0.065340854,-0.20750935,0.09829481,-0.038636237,-0.040810745,-0.99841964,1.0,0.0,0.0,-0.17945051,0.0101396935,-9.7215176e-05,0.17875886,-0.004598379,0.007966251,-0.08983466,-0.046536036,0.17944694,0.12571311,-0.107883334,0.03653032,0.4397246,-0.023846984,0.037457906,0.039169565,0.4670302,-0.9894268,-0.4108669,-0.13031594,0.045888152,0.0047063846,0.03803846,-1.1212585,-0.06407688,-0.21596862,0.08209578,-0.5268102,0.34769398,0.3864942,0.44982457,0.20898338,0.3690076,-0.4982822,-0.36893362,0.33361104,-200.0,-200.0,200.0,-200.0,6.197135162706147,-200.0,200.0,-200.0,200.0,-200.0,200.0,-99.51132482378478,-0.17945051,0.0101396935,-0.8000972,1.7787589,-0.8045984,0.007966251,-0.08983466,-0.046536036,-0.6205531,1.7257131,-0.90788335,0.03653032,8.794492,-0.47693968,0.7491581,0.7833913,9.340604,-19.788536,-8.217338,-2.606319,0.91776305,0.09412769,0.7607692,-22.425169
361,-0.016973512,-0.58368313,-0.26668403,-0.05524485,-0.041667774,-0.997603,1.0,0.0,0.0,-0.07720427,0.005761795,0.018926263,0.19277608,0.06651056,-0.077974916,-0.105269976,-0.059526563,0.23044086,0.09118211,-0.18746644,-0.07973297,0.499996,-0.05230505,0.09899678,0.073228054,0.31222057,0.07988566,0.18870637,-0.0054681185,0.36494765,-0.29788703,-0.48368698,-0.14000605,-0.53380686,0.25610122,-0.5436615,0.119452804,-0.24946456,1.0027096,0.80406797,0.24627666,-0.8177446,0.44275677,-0.28211135,0.7809985,200.0,200.0,-67.41998720665504,-200.0,199.33796560068458,200.0,-200.0,-200.0,31.754941448710397,-200.0,200.0,200.0,-0.07720427,0.005761795,-0.78107375,1.7927761,-0.73348945,-0.077974916,-0.105269976,-0.059526563,-0.56955916,1.6911821,-0.98746645,-0.07973297,9.99992,-1.046101,1.9799355,1.4645611,6.2444115,1.5977132,3.7741272,-0.10936237,7.298953,-5.9577403,-9.673739,-2.8001208
362,-0.6628419,0.12485818,-0.1142285,-0.06471254,-0.027425187,-0.997527,1.0,0.0,0.0,-0.02447472,0.024818363,0.015748084,0.19674945,0.027270436,0.040913306,-0.009282391,-0.020791613,0.25969923,0.069686055,-0.25512332,0.00069101306,0.072086126,0.2116348,-0.110339604,-0.02458826,-0.5420933,1.015331,0.7212651,0.355373,-0.04745557,0.049396794,-0.07356798,0.8453719,-0.5326903,-0.92569906,-0.24562861,-0.3830786,-0.6993573,-0.1285484,-0.64229095,-0.5741855,-0.088093944,-0.87576216,0.41996467,-0.00042273477,200.0,200.0,-200.0,200.0,34.00720181705185,200.0,-200.0,200.0,-200.0,-139.93738281639168,-59.8415144394404,200.0,-0.02447472,0.024818363,-0.7842519,1.7967495,-0.7727296,0.040913306,-0.009282391,-0.020791613,-0.5403008,1.6696861,-1.0551233,0.00069101306,1.4417225,4.232696,-2.206792,-0.4917652,-10.841866,20.30662,14.425302,7.10746,-0.9491114,0.98793584,-1.4713596,16.907438
363,0.016102927,0.7815038,0.47433254,-0.045595985,-0.014513435,-0.9988545,1.0,0.0,0.0,-0.070673026,0.041154772,-0.02462387,0.18066847,-0.17042214,0.13672319,0.06553105,0.011309876,0.22025526,0.066529036,-0.17205054,0.06065666,-0.47865054,-0.02463912,-0.2779978,-0.13599452,-1.1317652,0.041793074,0.07148293,-0.017139202,-0.32442534,0.14761083,0.37000796,-0.20229502,0.13485973,0.015093431,0.6679489,-0.3251191,0.104394466,-0.992144,-0.9802462,-0.49326926,0.9582046,0.006429784,0.33298737,-0.40352112,-200.0,-200.0,-200.0,-200.0,200.0,-97.30061892517953,-200.0,-200.0,-190.80715123269147,-200.0,60.45626495227498,-200.0,-0.070673026,0.041154772,-0.8246239,1.7806685,-0.97042215,0.13672319,0.06553105,0.011309876,-0.57974476,1.666529,-0.97205055,0.06065666,-9.57301,-0.49278238,-5.5599556,-2.7198904,-22.635303,0.83586144,1.4296585,-0.34278405,-6.488507,2.9522166,7.4001594,-4.0459003
364,0.31888443,0.09880583,0.38550502,-0.028867694,-0.021913765,-0.999343,1.0,0.0,0.0,-0.123216875,0.027480561,-0.04348296,0.12937915,-0.2837445,0.03638637,0.024285758,-0.0045881523,0.18334001,0.086548686,-0.081204236,-0.053340673,-0.14092599,-0.07235035,0.05281454,-0.20575789,0.013359511,-1.0174092,-0.42200896,-0.083895884,-0.0821115,0.11506454,0.30723438,-0.5434355,0.8843242,0.17903599,0.57583874,0.032643747,0.78456,0.3638818,0.47884798,0.71940494,1.0087723,-0.26615584,0.11139852,0.30418658,-200.0,-200.0,200.0,-200.0,200.0,-200.0,200.0,37.60420564666289,200.0,-200.0,200.0,-200.0,-0.123216875,0.027480561,-0.843483,1.7293792,-1.0837445,0.03638637,0.024285758,-0.0045881523,-0.61666,1.6865487,-0.88120425,-0.053340673,-2.8185198,-1.4470071,1.0562907,-4.1151576,0.26719022,-20.348183,-8.440179,-1.6779177,-1.6422299,2.3012908,6.1446877,-10.8687105
365,-0.2895027,-0.5626417,-0.2969071,-0.03707947,-0.022269206,-0.99906415,1.0,0.0,0.0,-0.09450275,0.03596016,-0.005148232,0.08361888,-0.17035878,-0.06631717,0.0075315675,0.008157639,0.20598799,0.0864321,-0.01907307,-0.050413292,0.39300653,0.12591462,0.27400863,-0.21454369,0.9945739,-0.08979835,0.19469237,0.19242142,0.29160592,-0.11859872,0.24857108,0.45789695,-0.30632597,-0.22391747,-0.657483,-0.013812173,0.050181627,1.0123621,0.59934175,-0.81825554,-0.7995062,0.17720501,-0.9208683,0.40798643,200.0,200.0,200.0,-200.0,30.479613165786702,200.0,200.0,183.73120064657815,200.0,99.67785147714946,200.0,200.0,-0.09450275,0.03596016,-0.80514824,1.6836189,-0.9703588,-0.06631717,0.0075315675,0.008157639,-0.594012,1.6864321,-0.8190731,-0.050413292,7.860131,2.5182922,5.4801726,-4.2908735,19.891478,-1.795967,3.8938475,3.8484282,5.832118,-2.3719745,4.9714217,9.157939
366,0.30245477,0.04418965,-0.15829103,-0.0481718,-0.023323784,-0.9985667,1.0,0.0,0.0,-0.062664896,0.033858314,0.015042067,0.06373942,-0.06421971,0.011925248,0.090128206,0.024755344,0.22564954,0.09156549,-0.07555562,0.09584878,-0.015229839,-0.14507627,-0.04082504,0.024495948,0.29123875,0.7067682,0.5355984,-0.0077597806,-0.045188673,0.11852056,-0.7155501,0.68645304,-0.41843036,0.3784086,0.4094923,0.109882146,0.03730242,0.16519287,-0.60349005,0.35642487,-0.3051459,0.09124738,-0.29025882,-0.4818019,-32.04649153602941,-200.0,-200.0,72.10373526035642,-200.0,-65.8684883460835,-200.0,-200.0,-200.0,-161.72194354904647,-73.29797829421071,200.0,-0.062664896,0.033858314,-0.78495795,1.6637394,-0.8642197,0.011925248,0.090128206,0.024755344,-0.5743505,1.6915655,-0.87555563,0.09584878,-0.30459678,-2.9015255,-0.8165008,0.48991895,5.824775,14.135365,10.711967,-0.15519561,-0.9037734,2.3704112,-14.311003,13.729061
367,-0.3089046,0.02131086,0.7338669,-0.047234215,-0.021441936,-0.99865365,1.0,0.0,0.0,-0.13032454,0.0349019,0.023472607,0.06379175,-0.028265417,0.07564816,0.14108196,0.04719928,0.20477569,0.11406553,-0.15512365,0.12214973,-0.55758554,0.121607125,0.10922127,-0.013599865,0.1400542,0.19128314,0.029358527,0.2121009,-0.15132658,0.10383379,-0.29191217,-0.32213795,0.437343,-0.13161935,-0.11270758,-0.5927647,0.41213685,-0.33363003,-0.63685936,-0.98219144,0.40238106,-0.7504928,-0.06918916,-0.50032395,-200.0,200.0,-200.0,-148.1301985757355,23.378607838425523,-200.0,-64.75123805734688,200.0,200.0,102.83154842209274,-9.554825977864596,-13.479735062770033,-0.13032454,0.0349019,-0.7765274,1.6637918,-0.8282654,0.07564816,0.14108196,0.04719928,-0.5952243,1.7140656,-0.95512366,0.12214973,-11.1517105,2.4321425,2.1844254,-0.2719973,2.8010838,3.8256626,0.58717054,4.2420177,-3.0265315,2.0766757,-5.8382435,-6.442759
368,0.35262772,0.01636747,0.41600874,-0.046799302,-0.022533245,-0.99865013,1.0,0.0,0.0,-0.18207476,0.033299096,0.023841858,0.06484866,0.050557017,0.0023259628,0.087846614,0.053356748,0.20349175,0.09550393,-0.14102668,-0.04496711,-0.015857454,-0.09484377,-0.07949443,0.039528128,0.6051858,-0.69578713,-0.50855476,-0.117223024,0.11719137,-0.25408107,0.15470792,-1.2190726,0.81108165,0.42678505,-0.17496891,0.119304866,0.5993428,0.45169893,0.4323523,-0.20245631,0.23262137,0.65728194,-0.07660487,0.24878925,-200.0,-200.0,200.0,-200.0,-4.06815090294387,-200.0,200.0,-200.0,-200.0,-200.0,186.44043076010507,-14.40626660122075,-0.18207476,0.033299096,-0.77615815,1.6648487,-0.749443,0.0023259628,0.087846614,0.053356748,-0.59650826,1.695504,-0.9410267,-0.04496711,-0.31714907,-1.8968753,-1.5898886,0.79056257,12.103716,-13.915743,-10.171095,-2.3444605,2.3438272,-5.081621,3.0941584,-24.38145
369,0.28716648,0.29746953,-0.4230595,-0.0389804,-0.03542832,-0.9986117,1.0,0.0,0.0,-0.12530325,0.013878004,-0.025890052,0.10249114,0.20709455,-0.06105096,0.043250818,0.026640506,0.20698547,0.06673789,-0.11711174,-0.17729375,0.5236535,-0.10766219,-0.3671152,0.2712625,0.90303946,0.049420945,0.012351616,-0.1420322,-0.04092465,-0.060071874,0.18734758,-0.20529187,-0.19336447,0.2901756,0.8285715,-0.17232639,-0.32395,0.97357595,0.5859687,0.55546445,0.28512233,0.4262427,-0.45353258,1.0370938,200.0,-200.0,48.57777035160238,200.0,94.22102971626289,200.0,200.0,200.0,-200.0,54.73001769149999,200.0,200.0,-0.12530325,0.013878004,-0.82589006,1.7024912,-0.59290546,-0.06105096,0.043250818,0.026640506,-0.59301454,1.6667379,-0.91711175,-0.17729375,10.47307,-2.1532438,-7.3423038,5.4252496,18.06079,0.9884189,0.24703233,-2.8406441,-0.818493,-1.2014375,3.7469513,-4.1058373
370,-0.43297732,-0.21011367,-0.32867843,-0.038281865,-0.031568665,-0.9987682,1.0,0.0,0.0,-0.07191846,0.020007994,-0.05618435,0.12573302,0.27842915,0.04895483,0.104937725,0.035706405,0.21254945,0.07273519,-0.17912936,-0.109690264,0.056988258,0.15031485,0.011240645,-0.0017784961,-0.10120302,0.9502727,0.54453784,0.20059839,0.057246048,0.110449806,-0.5383316,0.7820082,-0.53494704,-0.38634783,0.236783,-0.1634382,-1.0443567,-0.28259635,-0.7742308,-0.40086794,0.006379634,-0.73182416,-0.3773431,-0.076906115,200.0,200.0,93.35883246852639,200.0,-64.54091671629698,200.0,-200.0,200.0,200.0,-200.0,-200.0,200.0,-0.07191846,0.020007994,-0.85618436,1.725733,-0.52157086,0.04895483,0.104937725,0.035706405,-0.58745056,1.6727352,-0.9791294,-0.109690264,1.1397651,3.0062969,0.22481291,-0.03556992,-2.0240602,19.005453,10.890757,4.0119677,1.144921,2.208996,-10.766632,15.640163
371,0.07923383,-0.15339729,0.54934174,-0.04560571,-0.025415953,-0.9986361,1.0,0.0,0.0,-0.124924235,0.029801147,-0.03076458,0.09693265,0.15215504,0.1320505,0.14406897,0.04638458,0.22154516,0.075306535,-0.24917108,-0.055268213,-0.5316693,-0.03330579,0.22123721,-0.26184934,-1.0654889,-0.021049904,-0.08600352,-0.0706222,0.041668475,-0.06404453,-0.27591047,-0.026031483,0.39659673,0.25522608,-0.31198415,-0.023874905,0.099262774,-0.69843733,-0.58357596,0.11848326,-0.37752327,-0.18501453,0.22678602,-0.49979362,-200.0,-200.0,-200.0,-200.0,20.77634465697156,-36.280588647031706,-200.0,-200.0,200.0,-200.0,-200.0,-200.0,-0.124924235,0.029801147,-0.8307646,1.6969327,-0.647845,0.1320505,0.14406897,0.04638458,-0.57845485,1.6753066,-1.0491711,-0.055268213,-10.633386,-0.66611576,4.424744,-5.2369866,-21.309778,-0.42099807,-1.7200704,-1.4124439,0.8333695,-1.2808905,-5.5182095,-0.52062964
372,-0.36974186,0.51196635,0.5288125,-0.037876744,-0.016880948,-0.99913985,1.0,0.0,0.0,-0.18082727,0.048499953,-0.017380595,0.050126433,0.04696423,0.02075695,0.08058567,0.048789836,0.20478356,0.052856684,-0.19592053,-0.15971102,-0.0703599,0.18774734,-0.06518092,-0.20268527,-0.0848322,-0.9951479,-0.5103288,0.06407922,-0.18373807,-0.1553292,0.70996636,-0.7312057,0.93562186,-0.36476338,0.25707212,0.71907276,0.30170095,0.35328203,0.59926385,-0.60302657,0.9480547,0.2375101,-0.082476705,0.17264396,-200.0,87.15543602992625,-200.0,-200.0,200.0,36.31381387036788,200.0,200.0,-200.0,54.20642327176006,200.0,-200.0,-0.18082727,0.048499953,-0.8173806,1.6501265,-0.7530358,0.02075695,0.08058567,0.048789836,-0.59521645,1.6528567,-0.99592054,-0.15971102,-1.407198,3.7549467,-1.3036184,-4.053705,-1.696644,-19.902958,-10.206576,1.2815844,-3.6747613,-3.1065838,14.199327,-14.624114
373,0.13738585,-0.20177165,-0.15238166,-0.03307919,-0.013090767,-0.999367,1.0,0.0,0.0,-0.13356891,0.052582603,-0.01949507,0.028168201,0.1092813,-0.066938885,0.033130042,0.043639883,0.19680631,0.032939315,-0.13919318,-0.1944641,0.48697814,-0.11416439,0.039089683,-0.028077275,0.41032496,0.017527884,-0.012037705,-0.107125215,0.07067785,-0.052163895,0.12358477,0.2825675,-0.2612794,0.054543704,0.079887606,0.74156517,-0.44339085,0.8858561,0.57774335,-0.02957286,0.4289468,0.7211362,-0.6591592,0.6297261,200.0,-200.0,200.0,200.0,-13.796374022281725,200.0,200.0,-200.0,200.0,200.0,-22.219974944555304,200.0,-0.13356891,0.052582603,-0.8194951,1.6281682,-0.6907187,-0.066938885,0.033130042,0.043639883,-0.6031937,1.6329393,-0.9391932,-0.1944641,9.739563,-2.2832878,0.78179365,-0.5615455,8.206499,0.35055766,-0.2407541,-2.1425042,1.4135569,-1.0432779,2.4716954,5.65135
374,0.112850875,-0.6729802,-0.2080859,-0.052237377,-0.018240577,-0.9984681,1.0,0.0,0.0,-0.08998426,0.036315758,0.0029618144,0.045819163,0.08251935,0.040531434,0.08362113,0.025978519,0.22794199,0.03831649,-0.22273475,-0.02762015,0.0036666733,-0.058233716,0.14722972,0.19069132,-0.5776002,0.96257144,0.47216597,-0.06344263,0.2179526,0.088769555,-0.83653015,1.2760212,-0.5069343,0.308779,-0.7311479,-0.17515022,-0.85094744,-0.21494891,-0.6273589,0.3495701,-0.8946669,-0.47723895,-0.8470516,-0.23840645,200.0,-44.221350901176166,200.0,200.0,-139.3178481769064,179.8864541830926,-200.0,95.30446172339995,16.533352641371778,200.0,-200.0,200.0,-0.08998426,0.036315758,-0.7970382,1.6458192,-0.71748066,0.040531434,0.08362113,0.025978519,-0.572058,1.6383165,-1.0227348,-0.02762015,0.073333465,-1.1646743,2.9445944,3.8138263,-11.552004,19.251429,9.443319,-1.2688526,4.3590517,1.7753911,-16.730602,25.520424
375,-0.43407983,0.009974154,0.47384012,-0.06416943,-0.010354043,-0.9978853,1.0,0.0,0.0,-0.15009037,0.05528396,0.021721065,0.064278245,-0.13544285,0.12195821,0.12360155,0.034850456,0.24556369,0.044626594,-0.42700058,0.11652081,-0.54790574,0.22017072,0.05602929,0.011088553,-1.4544113,-0.046114344,-0.021072403,0.124697365,-0.02636644,-0.012581264,-0.9149888,0.26750436,0.46407005,-0.73705167,-0.12247258,-0.48326692,0.048532486,-0.61401737,-0.49994975,-0.46463728,-0.30307922,-0.6029076,0.49320376,-0.80310655,-200.0,200.0,-200.0,-200.0,76.75391158393722,-200.0,-200.0,200.0,-200.0,-200.0,-62.47965768047925,-200.0,-0.15009037,0.05528396,-0.77827895,1.6642783,-0.93544286,0.12195821,0.12360155,0.034850456,-0.5544363,1.6446266,-1.2270006,0.11652081,-10.958115,4.4034142,1.1205858,0.22177106,-29.088224,-0.92228687,-0.42144805,2.4939473,-0.5273288,-0.25162527,-18.299776,5.350087
376,0.14282835,0.63030565,0.45409557,-0.04950719,-0.0046078805,-0.99876314,1.0,0.0,0.0,-0.20505124,0.077257715,0.0055892467,0.051709294,-0.31771475,0.010080993,0.058818366,0.025781829,0.22269255,0.024257302,-0.50182575,0.06265902,-0.049617257,0.019350063,-0.18328796,-0.13022502,-0.46943316,-0.98065394,-0.5752118,-0.17203033,-0.18028949,-0.17737202,0.06812066,-0.70798427,0.7691578,0.13438655,0.31027696,0.27021354,0.64031047,-0.09474548,0.3147357,-0.0155478865,0.9151472,-0.0676953,0.7216917,0.10366343,-200.0,-200.0,-200.0,-200.0,200.0,-200.0,200.0,-200.0,-97.54456760692906,-200.0,200.0,-200.0,-0.20505124,0.077257715,-0.79441077,1.6517093,-1.1177148,0.010080993,0.058818366,0.025781829,-0.57730746,1.6242573,-1.3018258,0.06265902,-0.9923451,0.38700125,-3.665759,-2.6045003,-9.388663,-19.61308,-11.504236,-3.4406066,-3.60579,-3.5474403,1.3624132,-14.159685
377,-0.077854685,-0.032101158,-0.2468014,-0.038878772,-0.004968491,-0.9992316,1.0,0.0,0.0,-0.15632054,0.08243669,-0.015147567,0.038182974,-0.30666202,-0.08008868,0.007444905,0.008822128,0.2151438,-0.016413689,-0.38337058,0.025594309,0.4804883,0.02560148,-0.043349124,-0.010913171,0.4846004,-0.075306006,0.0016873811,-0.0340275,0.0757442,-0.20483156,1.0215054,0.14278713,-0.33754325,-0.4110099,0.5365462,0.7692587,-0.100413546,1.0450988,0.7943834,-0.11126754,0.5277752,0.30898577,-0.11699098,0.53757113,200.0,-6.868098033518272,200.0,96.12074585776308,200.0,40.300660112006256,200.0,79.58512857732089,200.0,200.0,200.0,85.37413573436702,-0.15632054,0.08243669,-0.8151476,1.638183,-1.106662,-0.08008868,0.007444905,0.008822128,-0.5848562,1.5835863,-1.1833706,0.025594309,9.609766,0.5120296,-0.86698246,-0.21826342,9.692008,-1.5061201,0.03374762,-0.6805499,1.5148839,-4.096631,20.430107,2.8557425
378,0.3890425,-0.7571981,-0.21658865,-0.056162946,-0.013244271,-0.99833375,1.0,0.0,0.0,-0.11516278,0.063731335,-0.0016618967,0.057893872,-0.23483819,0.012657053,0.059363823,-0.0148196565,0.25681716,-0.046318293,-0.27154523,0.15203507,-0.015551901,-0.18122485,0.16131742,0.18249129,0.29018182,0.904143,0.47490343,-0.15534687,0.3171529,-0.1032775,0.33987626,0.8280083,-0.35174143,0.6135892,-0.6261189,-0.2572953,-0.5773642,-0.06649954,-0.4937172,0.8055613,-1.1926534,-0.45024472,-0.98345697,-0.4437003,200.0,-45.915757991282675,200.0,200.0,-36.35662933255412,-42.51845298829983,-200.0,-200.0,200.0,200.0,-22.462568863947524,200.0,-0.11516278,0.063731335,-0.8016619,1.6578939,-1.0348382,0.012657053,0.059363823,-0.0148196565,-0.54318285,1.5536817,-1.0715452,0.15203507,-0.31103802,-3.624497,3.2263484,3.6498256,5.803636,18.082859,9.498069,-3.1069374,6.3430576,-2.0655499,6.7975254,16.560165
379,-0.124754086,-0.10353466,0.3036468,-0.071356185,-0.01704968,-0.99730515,1.0,0.0,0.0,-0.17168973,0.057220567,0.019813538,0.07397568,-0.2805062,0.082727686,0.09541421,-0.024710555,0.29554665,-0.06892598,-0.30047578,0.20477547,-0.4702683,0.08464525,0.07047612,0.00075611094,-0.6444662,-0.101612486,-0.09424741,0.029111011,0.08745704,0.035531934,-0.40701076,-0.24211827,0.3540637,-0.39877337,-0.33596233,-0.28154296,-0.3988666,-0.6582545,-0.7543784,0.033105716,-0.57435995,-0.67907715,-0.62925625,-0.44533733,-200.0,200.0,-200.0,-200.0,-200.0,-200.0,-200.0,200.0,-200.0,-200.0,-200.0,-200.0,-0.17168973,0.057220567,-0.7801865,1.6739757,-1.0805062,0.082727686,0.09541421,-0.024710555,-0.50445336,1.531074,-1.1004758,0.20477547,-9.405366,1.692905,1.4095224,0.015122219,-12.889324,-2.0322497,-1.8849481,0.5822202,1.7491407,0.7106387,-8.140215,-4.8423653
380,-0.003923371,0.48457468,0.30397904,-0.06272698,-0.014130304,-0.9979307,1.0,0.0,0.0,-0.20898473,0.06584096,0.0110942125,0.057919145,-0.34414726,-0.04051202,0.02296789,-0.027403887,0.29464018,-0.07149291,-0.3978986,0.04963923,0.04800374,0.012991214,-0.13513155,-0.14953595,-0.124754146,-1.0379984,-0.57085073,-0.041699704,-0.08414741,-0.053239435,-0.4882319,-1.0655986,0.90234846,0.10923563,0.513132,0.20577587,0.2951374,0.083263434,0.7541974,0.30074114,0.7566441,-0.08661957,0.55422485,0.15045054,-200.0,154.33585652057698,-200.0,-200.0,25.340345814293528,35.67576897627464,200.0,-200.0,-200.0,-200.0,23.363698794698365,-200.0,-0.20898473,0.06584096,-0.7889058,1.6579192,-1.1441473,-0.04051202,0.02296789,-0.027403887,-0.5053598,1.5285071,-1.1978986,0.04963923,0.9600748,0.25982428,-2.702631,-2.990719,-2.4950829,-20.759968,-11.417014,-0.83399403,-1.6829481,-1.0647887,-9.764638,-21.311972
381,-0.37971702,-0.23742388,-0.3222774,-0.05967884,-0.0054031834,-0.998203,1.0,0.0,0.0,-0.1394536,0.073438175,0.005505681,0.038501382,-0.263933,-0.13958578,-0.005411084,-0.013404169,0.3056901,-0.063126564,-0.38221425,-0.045463443,0.5933284,0.05500055,0.04750096,-0.051671904,0.831248,-0.049802814,0.17097226,0.1675557,0.20609681,-0.0049149394,0.517485,-0.020201668,-0.684698,-0.8152625,0.1643877,0.65508044,-0.10840693,1.1255816,0.82521385,-1.1866907,0.042167775,-0.01875867,0.56095374,0.7153296,200.0,200.0,200.0,-58.26020644347185,200.0,200.0,200.0,22.84802996433571,200.0,200.0,200.0,200.0,-0.1394536,0.073438175,-0.79449433,1.6385014,-1.063933,-0.13958578,-0.005411084,-0.013404169,-0.4943099,1.5368735,-1.1822143,-0.045463443,11.866569,1.100011,0.9500192,-1.0334381,16.62496,-0.99605626,3.419445,3.351114,4.1219363,-0.09829879,10.3497,-0.40403336
382,0.23311414,-0.2868735,-0.09442673,-0.070467085,-0.0040326263,-0.99750596,1.0,0.0,0.0,-0.07874046,0.059817635,0.017549157,0.04853487,-0.18901062,-0.04162303,0.072470516,0.0016070537,0.33374944,-0.050976276,-0.1709786,0.06189883,0.06808941,-0.17335661,0.07057776,0.12971424,0.17687021,0.930299,0.56590873,0.002150323,0.096872054,0.089522436,1.4637494,0.99355954,-0.32522976,0.3284948,-0.023087535,-0.27238497,-0.37719637,0.046224676,-0.7222907,0.25180835,-0.23353189,-0.7280759,0.12313771,-0.50962824,200.0,-200.0,-200.0,-18.68325295485907,117.0753714646296,200.0,-200.0,-200.0,200.0,200.0,-20.889028547264473,200.0,-0.07874046,0.059817635,-0.78245085,1.6485349,-0.98901063,-0.04162303,0.072470516,0.0016070537,-0.46625057,1.5490237,-0.9709786,0.06189883,1.3617882,-3.467132,1.4115552,2.5942848,3.537404,18.60598,11.318174,0.043006457,1.9374411,1.7904487,29.274988,19.871191
383,-0.24908063,0.24878347,0.5731359,-0.070598245,-0.0029559329,-0.9975005,1.0,0.0,0.0,-0.12369494,0.050239515,0.029789627,0.048692703,-0.2355681,0.08390582,0.1303268,0.006612663,0.30568925,0.0049266815,-0.047447085,0.08524167,-0.4095764,0.06875366,0.041541193,-0.096857525,-0.51228637,0.3820776,0.07246051,0.07988756,-0.27173826,0.30564237,0.38276908,-0.42235145,0.43056798,-0.30950075,-0.19985837,-0.4925425,-0.3318786,-0.6460998,-0.65724725,-0.5767289,0.31880236,-0.19704689,-0.7834215,-0.73110133,-200.0,200.0,-200.0,-200.0,-133.14292004048212,-200.0,-60.54546013793356,200.0,-156.85632843125472,-200.0,-200.0,-43.865022696558285,-0.12369494,0.050239515,-0.7702104,1.6486927,-1.0355681,0.08390582,0.1303268,0.006612663,-0.49431077,1.6049267,-0.8474471,0.08524167,-8.191527,1.3750732,0.83082384,-1.9371505,-10.245727,7.641552,1.4492102,1.5977513,-5.4347653,6.1128473,7.655381,-8.447029
384,0.4069346,0.25838414,0.326255,-0.06120274,-0.0060233925,-0.9981072,1.0,0.0,0.0,-0.14372617,0.027508005,0.022445083,0.05327809,-0.28233653,0.022087898,0.083733924,-0.015873045,0.27910054,0.027059555,-0.077638686,-0.09467799,0.12944657,-0.23029311,-0.07472881,-0.0246381,-0.11160298,-0.7326208,-0.4753227,-0.2689339,-0.035505448,-0.04800312,-0.5885125,-1.2660322,0.6016159,0.24125123,0.44934016,-0.23500943,0.8642116,-0.0051323688,0.30589038,0.60926163,0.8962955,-0.3444662,-0.15996346,0.6432994,-200.0,-200.0,129.44334054002837,-200.0,-200.0,-114.62921541541368,200.0,-200.0,-200.0,-200.0,19.348597891773338,-200.0,-0.14372617,0.027508005,-0.7775549,1.6532781,-1.0823365,0.022087898,0.083733924,-0.015873045,-0.5208995,1.6270596,-0.8776387,-0.09467799,2.5889313,-4.605862,-1.4945761,-0.492762,-2.2320595,-14.652415,-9.5064535,-5.378678,-0.71010894,-0.9600623,-11.770249,-25.320644
385,-0.21920933,-0.44606626,-0.3827571,-0.06433713,-0.009421762,-0.99788374,1.0,0.0,0.0,-0.0677683,0.012371639,0.04121989,0.035527825,-0.19234973,-0.029595248,0.06518651,-0.025138112,0.31346625,-0.0017726421,-0.14696151,-0.21826816,0.58225787,0.059463233,0.2161821,-0.1352747,0.894361,0.03887117,0.21745606,0.11922983,0.34276232,-0.19999541,-0.30303025,-0.10030403,-0.55698305,0.09724595,-0.39414123,0.83219266,0.08171113,0.84949577,0.6917284,-0.3777057,-0.43693763,-0.0005104691,0.2637373,0.92068905,200.0,200.0,200.0,-200.0,200.0,200.0,200.0,200.0,200.0,-200.0,200.0,32.40541351500613,-0.0677683,0.012371639,-0.7587801,1.6355278,-0.99234974,-0.029595248,0.06518651,-0.025138112,-0.48653376,1.5982274,-0.9469615,-0.21826816,11.645157,1.1892647,4.323642,-2.705494,17.88722,0.7774234,4.349121,2.3845966,6.8552465,-3.9999082,-6.060605,-2.0060806
386,0.01914229,0.2036962,-0.38848686,-0.069576815,-0.0061171125,-0.9975578,1.0,0.0,0.0,-0.0041767773,0.02281391,0.0417341,0.04414749,-0.07780975,0.08249971,0.14984831,-0.012766044,0.33847558,-0.008128047,-0.12686223,-0.12563992,0.102923565,0.03689588,-0.16826294,0.18378071,0.41854915,0.98598796,0.57683176,0.0045266743,-0.041833453,0.07863187,0.39120954,0.9283824,-0.57864,-0.35170597,0.12979855,0.11618999,-0.10719098,0.0063194716,-0.9078817,0.20018934,-0.0012115911,-0.23917812,0.46261686,-0.13955106,200.0,-200.0,-200.0,-35.33368804454406,200.0,200.0,-200.0,108.76612562859518,-200.0,200.0,-159.30129226461997,200.0,-0.0041767773,0.02281391,-0.7582659,1.6441475,-0.87780976,0.08249971,0.14984831,-0.012766044,-0.46152443,1.591872,-0.92686224,-0.12563992,2.0584712,0.73791754,-3.3652587,3.675614,8.370983,19.719759,11.536634,0.09053349,-0.836669,1.5726374,7.8241906,18.567648
387,0.041762058,0.09281435,0.5094104,-0.0638151,-0.0071704052,-0.99793595,1.0,0.0,0.0,-0.04841374,0.025874173,0.030815542,0.06662047,-0.0717845,0.1727001,0.20695177,-0.017971057,0.31199443,0.023936749,-0.036932826,-0.031821717,-0.48670736,-0.0026063265,0.030743122,0.067765705,-0.07738567,0.013261588,0.06386578,-0.022873854,-0.19312394,0.23944616,0.5301731,0.13643245,0.30070043,0.289662,0.41436422,-0.56098354,-0.07612987,-0.98119104,-0.8971465,0.007453561,0.6976316,-0.35214752,0.17430836,-0.5174972,-200.0,200.0,-200.0,-200.0,200.0,-200.0,-200.0,-200.0,185.35027847456576,26.66735158796297,4.362491396466822,-200.0,-0.04841374,0.025874173,-0.76918447,1.6666205,-0.8717845,0.1727001,0.20695177,-0.017971057,-0.48800558,1.6239368,-0.83693284,-0.031821717,-9.734147,-0.052126527,0.61486244,1.3553141,-1.5477134,0.26523176,1.2773156,-0.45747706,-3.8624787,4.7889233,10.603462,2.728649
388,-0.2586629,-0.5469664,0.419218,-0.07435213,-0.00020571316,-0.997232,1.0,0.0,0.0,-0.09537869,0.04207816,0.08047074,0.041909456,-0.07454449,0.0686407,0.17179199,-0.0064382316,0.30851996,0.054204464,0.023942888,-0.08701224,-0.028636033,0.13965312,0.42462087,-0.28419614,-0.0046965135,-0.9572053,-0.38477698,0.10587455,0.11093237,0.10466595,0.19505893,-0.5735614,0.79520756,-0.5389666,-1.2005575,-0.02997895,0.49503583,0.34355438,0.24008232,-0.3259374,-0.15241343,-0.17753263,-0.52303004,-0.16711812,-200.0,-67.86404765390336,200.0,-200.0,97.667639432919,-200.0,200.0,200.0,200.0,-200.0,1.7272969726662701,-200.0,-0.09537869,0.04207816,-0.7195293,1.6419095,-0.8745445,0.0686407,0.17179199,-0.0064382316,-0.49148005,1.6542045,-0.7760571,-0.08701224,-0.57272065,2.7930622,8.492417,-5.683923,-0.09393027,-19.144106,-7.6955395,2.117491,2.2186475,2.093319,3.9011784,-11.471228
389,0.33651286,0.11125158,-0.34477487,-0.08163936,-0.003293058,-0.9966565,1.0,0.0,0.0,-0.038170412,0.04282328,0.11638981,0.011060238,-0.0068587065,-0.021229006,0.14243856,-0.011243649,0.31826958,0.05898094,-0.041063547,-0.14350142,0.5387241,-0.11961802,-0.080307685,0.09426479,0.25812724,-0.125648,0.058976926,-0.1193606,-0.0035693503,-0.047906034,-0.750538,-0.1311015,-0.113253795,0.2528156,-0.1587537,0.42726812,0.22263725,0.6279583,0.4991843,0.4973662,-0.13269934,0.5485085,-0.19847319,0.39154235,200.0,-200.0,-200.0,-200.0,-200.0,-56.73798908826716,200.0,-200.0,-200.0,-75.56801729322471,200.0,200.0,-0.038170412,0.04282328,-0.6836102,1.6110603,-0.8068587,-0.021229006,0.14243856,-0.011243649,-0.48173043,1.658981,-0.84106356,-0.14350142,10.774483,-2.3923604,-1.6061536,1.8852957,5.1625447,-2.51296,1.1795385,-2.387212,-0.07138701,-0.95812064,-15.010759,-2.62203
390,-0.2748202,0.6258226,-0.12397905,-0.06435481,-0.004482482,-0.997917,1.0,0.0,0.0,0.020253737,0.040367227,0.06328595,0.06335282,0.0717445,0.05026949,0.21096107,-0.0014449663,0.27114385,0.090783,-0.11269474,-0.06857647,0.0812444,0.07884045,-0.3819945,0.37662825,0.36764708,0.7187618,0.49438116,0.17164753,-0.41302344,0.32409412,-0.14068441,0.66015875,-0.89015293,-0.14487502,0.9728458,-0.50447905,0.13622953,0.1898469,-0.67933017,-0.2589696,1.038986,-1.1724448,0.26907483,0.28635046,142.41452294747177,200.0,-200.0,200.0,-69.83598114019739,200.0,-200.0,200.0,-99.69565078636577,200.0,-100.23387539325273,200.0,0.020253737,0.040367227,-0.73671407,1.6633528,-0.7282555,0.05026949,0.21096107,-0.0014449663,-0.52885616,1.690783,-0.91269475,-0.06857647,1.624888,1.5768089,-7.6398897,7.532565,7.3529415,14.375236,9.887623,3.4329505,-8.2604685,6.481882,-2.8136883,13.203175
391,0.3830872,0.06168308,0.47710848,-0.051854633,-0.0074636065,-0.99862677,1.0,0.0,0.0,-0.028190743,0.029093338,0.030490935,0.10844934,0.09842235,0.11318445,0.24345498,-0.0050941845,0.2299717,0.11328888,-0.040480375,0.053002346,-0.50118786,-0.1729877,0.0065506804,0.10362996,0.083615355,0.17034267,-0.110795714,-0.16226536,-0.029927824,-0.056914177,0.6422254,0.5089952,0.4735332,0.3134706,0.3080167,-0.7827336,0.21604683,-0.6346339,-0.5929816,0.31673133,0.46309638,-0.62907743,0.02893892,-0.30452728,-200.0,-200.0,200.0,-200.0,4.670788216555479,-43.97943339203573,-200.0,-200.0,200.0,-200.0,-8.719294373889852,-19.782331375728603,-0.028190743,0.029093338,-0.7695091,1.7084494,-0.70157766,0.11318445,0.24345498,-0.0050941845,-0.5700283,1.7132889,-0.8404804,0.053002346,-10.023757,-3.459754,0.1310136,2.0725992,1.6723071,3.4068532,-2.2159142,-3.2453072,-0.59855646,-1.1382835,12.844507,10.179903
392,-0.20848599,-0.59926677,0.42942852,-0.064908035,-0.008906623,-0.9978515,1.0,0.0,0.0,-0.07744091,0.020845285,0.0759806,0.09069812,0.13672513,0.040684503,0.17639852,-0.010663058,0.2633975,0.0700798,0.0030620098,0.04337774,-0.03586221,0.070586324,0.40043506,-0.24366792,0.17452171,-0.7983565,-0.51896507,0.07362809,0.3139263,-0.34462804,0.060987033,-0.50382376,0.7704652,0.09351297,-1.12866,0.57389134,0.03633614,0.17877139,0.14192787,-0.40410912,-0.028012373,0.40773845,-0.48493052,-0.63344234,-200.0,200.0,122.63409107592406,-200.0,-12.611193604765695,-200.0,200.0,200.0,109.41092641345307,-200.0,-15.683364146118691,-200.0,-0.07744091,0.020845285,-0.7240194,1.6906981,-0.6632749,0.040684503,0.17639852,-0.010663058,-0.5366025,1.6700798,-0.796938,0.04337774,-0.7172442,1.4117265,8.008701,-4.8733582,3.4904342,-15.96713,-10.379301,1.4725617,6.278526,-6.8925605,1.2197406,-10.076475
393,-0.03832022,0.113713026,-0.24633239,-0.07309718,-0.0039788443,-0.9973169,1.0,0.0,0.0,-0.020635689,0.03455167,0.10631341,0.07814944,0.11188698,-0.010042925,0.11989079,-0.006278897,0.28789365,0.03726983,-0.08854854,-0.14341092,0.5458259,0.06284951,-0.05593228,0.087324336,-0.16400637,0.1926261,-0.08954902,-0.018749325,-0.037541546,-0.017089242,-0.8024816,-1.048673,-0.13319108,-0.21828742,-0.5672385,0.26789752,-0.41137373,0.5650843,0.7646273,0.3128838,0.023254491,0.71041864,0.37933335,0.21153106,167.98654869576606,-200.0,-200.0,200.0,-42.719734923214446,59.115692546587866,200.0,55.04491456679314,-200.0,200.0,12.321764274256793,200.0,-0.020635689,0.03455167,-0.6936866,1.6781495,-0.68811303,-0.010042925,0.11989079,-0.006278897,-0.51210636,1.6372699,-0.88854855,-0.14341092,10.916517,1.2569901,-1.1186455,1.7464867,-3.2801273,3.8525221,-1.7909803,-0.3749865,-0.7508309,-0.34178483,-16.049631,-20.973461
394,-0.06594318,0.68459576,-0.16905041,-0.055331394,-0.0026729228,-0.99846447,1.0,0.0,0.0,0.037065983,0.035489686,0.058832586,0.12581384,-0.016293943,0.12710959,0.16409811,0.0036166513,0.23727423,0.070311666,-0.14164507,-0.2440808,0.07880897,-0.03744561,-0.35888663,0.31230792,-0.8398445,0.9255101,0.4756515,0.099550016,-0.41158557,0.3016195,0.17342389,-0.057408847,-1.0226173,0.024627626,0.90976316,-0.45526487,-0.03208959,-0.12293761,-0.39189166,-0.10504095,1.0979788,-0.8281949,0.6430542,0.9363813,200.0,200.0,-59.29201684760653,200.0,200.0,200.0,-200.0,-200.0,-200.0,-8.2553639851306,34.06803034907307,-25.40268665696317,0.037065983,0.035489686,-0.7411674,1.7258139,-0.81629395,0.12710959,0.16409811,0.0036166513,-0.5627258,1.6703117,-0.9416451,-0.2440808,1.5761794,-0.74891216,-7.1777325,6.246158,-16.79689,18.510202,9.51303,1.9910003,-8.231711,6.0323896,3.4684777,-1.1481769
395,0.18532078,0.09209127,0.46666944,-0.041034766,-0.0059487717,-0.99914,1.0,0.0,0.0,-0.0112144165,0.022334086,0.030119479,0.15480268,-0.079726994,0.20283511,0.19577567,-0.0018773437,0.19364941,0.09143019,-0.0009048581,-0.1495865,-0.50192344,-0.074634664,0.030385097,0.011176758,0.053578015,-0.06908291,-0.09548029,-0.105852984,-0.059940692,-0.0526622,1.1378909,0.90542316,0.38134062,0.24028273,0.029204037,-1.0223397,0.20535703,-0.7679253,-0.67469597,0.29261422,0.9997417,-0.706992,0.48751068,0.13466331,-200.0,-116.57745251082532,200.0,-200.0,200.0,200.0,-200.0,76.6456915735954,200.0,-200.0,84.48241722921557,-200.0,-0.0112144165,0.022334086,-0.76988053,1.7548027,-0.879727,0.20283511,0.19577567,-0.0018773437,-0.6063506,1.6914302,-0.80090487,-0.1495865,-10.038468,-1.4926932,0.60770196,0.22353517,1.0715603,-1.3816582,-1.9096059,-2.1170597,-1.1988138,-1.053244,22.757818,18.108463
396,-0.29442486,-0.14941007,0.24930115,-0.043890603,-0.0020666309,-0.9990342,1.0,0.0,0.0,-0.057653666,0.033211693,0.051739752,0.13002384,0.00093120337,0.082327105,0.13193972,-0.01638048,0.19108003,0.09574795,0.12384695,-0.013112083,-0.006879615,0.15932049,0.14822875,-0.22281669,0.44590145,-1.0393747,-0.5003676,-0.026114965,-0.005547795,0.09072793,0.45779678,0.48526308,0.6129425,-0.34429115,-0.5560061,0.5377655,0.0048105866,0.36987168,0.019072149,-0.5139592,0.24291465,0.7655429,-0.46431422,-0.9354886,-200.0,200.0,200.0,-200.0,200.0,-200.0,200.0,200.0,-182.8367788520089,-200.0,-32.531991651690646,-200.0,-0.057653666,0.033211693,-0.74826026,1.7300239,-0.7990688,0.082327105,0.13193972,-0.01638048,-0.60892,1.695748,-0.67615306,-0.013112083,-0.1375923,3.1864097,2.964575,-4.4563336,8.918029,-20.787495,-10.007352,-0.5222993,-0.110955894,1.8145586,9.155935,9.705261
397,0.3452865,-0.026208857,-0.51845616,-0.046976767,-0.004683998,-0.998885,1.0,0.0,0.0,0.0020912222,0.034669593,0.049199045,0.12405145,0.01645416,-0.014185105,0.047482684,-0.049919084,0.18840218,0.13069665,0.10662788,-0.021446066,0.56004447,-0.117230915,-0.14572701,0.12854095,-0.022290995,-0.026886076,-0.21152413,-0.26755115,-0.014750234,0.23916231,-0.53196126,-0.46540928,-0.17967322,-0.09581809,0.47629648,0.08817798,-0.43579543,0.5765488,0.4151034,1.1002027,-0.072314076,-0.2685269,-0.22160378,-0.010430392,194.5124264136061,-200.0,122.98854536436531,200.0,-200.0,-200.0,200.0,-200.0,-200.0,200.0,-2.8830590626480763,200.0,0.0020912222,0.034669593,-0.75080097,1.7240515,-0.78354585,-0.014185105,0.047482684,-0.049919084,-0.61159784,1.7306967,-0.69337213,-0.021446066,11.200889,-2.3446183,-2.91454,2.570819,-0.4458199,-0.5377215,-4.2304826,-5.3510227,-0.29500467,4.783246,-10.639225,-9.308186
398,0.20659673,-0.007583545,-0.25957587,-0.047448467,-0.0161437,-0.99874324,1.0,0.0,0.0,0.060650967,0.008034604,0.04352808,0.12398493,-0.086086094,0.086432956,0.058783326,-0.08581733,0.18523574,0.16386962,-0.0039313436,-0.034720164,0.07638963,-0.13824062,0.047287103,-0.07760628,-0.74343276,0.9261505,0.26672426,-0.10095507,-0.012919443,0.109373145,-0.47014102,0.05186348,-0.7317006,0.37696624,0.11491006,-0.7436435,0.042683616,-0.04475113,-0.12996143,0.8816105,-0.3458441,-0.7716902,-0.2713046,0.6508556,200.0,200.0,-200.0,-200.0,36.24777532300453,-0.8023636824171376,-200.0,-74.71727347570658,200.0,-10.325998299548715,25.10033159362399,175.50209165417152,0.060650967,0.008034604,-0.75647193,1.723985,-0.8860861,0.086432956,0.058783326,-0.08581733,-0.6147643,1.7638696,-0.80393136,-0.034720164,1.5277926,-2.7648122,0.945742,-1.5521257,-14.868655,18.52301,5.334485,-2.0191014,-0.25838885,2.1874628,-9.402821,1.0372696
399,-0.40587455,0.24529542,0.595817,-0.04299722,-0.010505852,-0.99902,1.0,0.0,0.0,0.013010256,0.010420269,0.062971056,0.07559931,-0.1275878,0.16088949,0.05667451,-0.08507539,0.16504538,0.17575884,-0.09451437,0.07887613,-0.49546656,0.13344224,0.123399906,-0.36852112,0.23231812,-0.08030102,-0.23627582,0.08999982,-0.1834613,0.017216122,-0.38145173,0.99074394,0.2884734,-0.43445188,0.16679645,0.2035524,0.75099784,-0.60796285,-0.47601885,-0.41727942,0.74954057,-0.6826274,-0.034340017,-0.022898886,-195.7280594118202,200.0,-200.0,-200.0,29.157886907104967,200.0,-200.0,200.0,-10.419113864980503,-200.0,200.0,-200.0,0.013010256,0.010420269,-0.73702896,1.6755993,-0.9275878,0.16088949,0.05667451,-0.08507539,-0.63495463,1.7757589,-0.8945144,0.07887613,-9.909331,2.6688447,2.467998,-7.3704224,4.6463623,-1.6060203,-4.7255163,1.7999964,-3.669226,0.34432244,-7.6290345,19.814878
400,0.2981315,-0.26268744,0.3526867,-0.043898616,-0.009219895,-0.99899346,1.0,0.0,0.0,-0.03194056,0.017571682,0.08287424,0.050343633,-0.044843256,0.036627818,-0.041078962,-0.101079255,0.16301268,0.1408863,-0.09300786,0.16939534,0.009392916,-0.028095514,0.06773341,0.101952605,0.45861313,-1.0708234,-0.6329874,-0.21145856,0.13970411,-0.32990673,0.09059923,0.01570402,0.5549366,-0.008984312,-0.26157153,1.2965842,0.1478085,0.3019832,0.5494182,0.5926349,0.0062858537,0.11133139,-0.2452149,-0.46878847,-200.0,-200.0,200.0,-200.0,58.53849963226732,-200.0,200.0,-200.0,108.0289000926058,200.0,200.0,-200.0,-0.03194056,0.017571682,-0.7171258,1.6503437,-0.84484327,0.036627818,-0.041078962,-0.101079255,-0.6369873,1.7408863,-0.8930079,0.16939534,0.18785833,-0.5619103,1.3546681,2.039052,9.172262,-21.416468,-12.659747,-4.2291713,2.7940822,-6.5981345,1.8119847,0.31408042
401,0.09061512,0.37650874,-0.29921508,-0.04021344,-0.016331557,-0.99905765,1.0,0.0,0.0,0.035216525,0.018134518,0.048225522,0.10741162,0.019326687,-0.06984284,-0.11084878,-0.11959223,0.15697658,0.104566336,-0.13293844,0.0651806,0.59386605,0.01162601,-0.3574328,0.41918275,0.27954593,-0.08124595,-0.11398919,0.003838306,-0.1595975,-0.06243821,-0.24173415,-0.96014357,-0.30082935,0.19676256,0.19790347,-0.58383346,-0.5583642,0.8056924,0.5263958,0.509915,0.559984,-0.3096481,-0.15146106,-0.19795199,200.0,200.0,-173.68939038430665,94.60739336918999,15.979885859104684,-200.0,200.0,-66.53497000110248,-200.0,200.0,-20.951147659713286,200.0,0.035216525,0.018134518,-0.7517745,1.7074116,-0.7806733,-0.06984284,-0.11084878,-0.11959223,-0.64302343,1.7045664,-0.93293846,0.0651806,11.877321,0.2325202,-7.1486564,8.383655,5.5909185,-1.6249189,-2.2797837,0.07676612,-3.1919498,-1.2487642,-4.834683,-19.202871
402,-0.45393544,-0.23697487,-0.19987406,-0.03842225,-0.0077576353,-0.99923146,1.0,0.0,0.0,0.10346386,0.044769023,0.021078408,0.1536684,-0.03145367,0.016852269,-0.07065001,-0.09068444,0.17275399,0.060331225,-0.14285845,-0.040566377,0.13584243,0.22853151,0.04536596,0.08001554,-0.6910254,0.8558852,0.45585617,0.25376415,0.27018273,-0.35387966,-0.020350594,-0.34576815,-1.0162835,-0.8900317,-0.18392222,-0.2789423,-0.7671768,-0.027787022,0.017271396,-0.8415585,0.34568122,-0.11666607,0.1892483,0.9625368,200.0,200.0,200.0,-200.0,3.6527368657601755,34.576668797282025,-200.0,101.67137300426089,200.0,-200.0,-200.0,200.0,0.10346386,0.044769023,-0.7789216,1.7536684,-0.8314537,0.016852269,-0.07065001,-0.09068444,-0.627246,1.6603312,-0.94285846,-0.040566377,2.7168486,4.57063,0.9073192,1.6003108,-13.820507,17.117704,9.117124,5.075283,5.4036546,-7.0775933,-0.40701187,-6.915363
403,0.18598753,-0.069326356,0.15942098,-0.044689275,-0.003411321,-0.9989951,1.0,0.0,0.0,0.07295928,0.06359799,0.031120896,0.15785599,-0.2621668,0.08286706,-0.019310957,-0.08740858,0.21074176,0.022848487,-0.14312613,0.019343946,-0.38754347,-0.021280156,0.046908908,-0.028694574,-1.3582975,-0.103232935,0.07657134,-0.162998,0.1347299,-0.13075516,0.041649908,0.81270677,0.24164283,-0.11126003,-0.4405435,-0.07433632,-0.09135012,-0.67799896,-0.613951,0.29158306,0.061266556,0.3769601,0.8268586,-0.31006253,-200.0,-200.0,-49.91259424827655,-25.370549779609917,200.0,200.0,-200.0,-200.0,-200.0,-200.0,200.0,-200.0,0.07295928,0.06359799,-0.7688791,1.757856,-1.0621668,0.08286706,-0.019310957,-0.08740858,-0.58925825,1.6228485,-0.94312614,0.019343946,-7.7508693,-0.42560312,0.9381781,-0.57389146,-27.165949,-2.0646586,1.5314268,-3.25996,2.694598,-2.615103,0.83299816,16.254135
404,0.05379535,0.5043757,0.17863713,-0.033221375,-0.0074779126,-0.99942005,1.0,0.0,0.0,0.04865678,0.057124425,0.012766421,0.13680995,-0.42535537,-0.039890975,-0.055730052,-0.10638255,0.18243319,0.045637608,-0.07717484,0.091801725,0.102402784,-0.044457544,-0.18070976,-0.16906074,-0.3724841,-1.0311254,-0.38738665,-0.04126164,-0.3307532,0.29423732,0.5425288,-0.004378331,0.42961493,0.32815263,0.41552076,-0.3718891,0.6415608,0.3405041,0.017771576,0.35904437,0.9324876,-0.3700372,0.3507499,-0.65020597,-200.0,200.0,43.761745630468226,200.0,200.0,-200.0,200.0,-200.0,-200.0,-200.0,200.0,-200.0,0.04865678,0.057124425,-0.7872336,1.73681,-1.2253554,-0.039890975,-0.055730052,-0.10638255,-0.6175668,1.6456376,-0.87717485,0.091801725,2.0480556,-0.88915086,-3.6141953,-3.3812146,-7.4496818,-20.622509,-7.747733,-0.82523274,-6.615064,5.884746,10.850575,-0.087566614
405,-0.5567264,-0.2600712,-0.354917,-0.027264973,0.0010482358,-0.9996277,1.0,0.0,0.0,0.12117572,0.07292341,0.010991931,0.077316046,-0.39170986,-0.13249494,-0.07490008,-0.08532463,0.14408004,0.10123265,0.017630994,0.018637555,0.51591676,0.20942242,0.04905629,-0.13758706,0.65377796,0.11662753,0.11804123,0.22844103,-0.05430134,0.2587925,0.3892683,-0.6661901,-0.6613315,-1.0321728,0.12963484,0.43868983,-0.08951257,0.9299499,0.544428,-0.9246945,0.54265726,-0.4971357,-0.7121391,0.07167642,153.41577953387855,200.0,200.0,-200.0,200.0,-200.0,200.0,200.0,200.0,-200.0,200.0,200.0,0.12117572,0.07292341,-0.7890081,1.6773161,-1.1917099,-0.13249494,-0.07490008,-0.08532463,-0.65591997,1.7012327,-0.782369,0.018637555,10.318336,4.1884484,0.98112583,-2.751741,13.075559,2.3325505,2.3608246,4.5688205,-1.0860268,5.1758494,7.785366,-13.323801
406,0.23446913,-0.73713475,-0.5111455,-0.050694767,0.0075644497,-0.99868554,1.0,0.0,0.0,0.17085999,0.08568459,0.038102984,0.071913004,-0.26951855,-0.0013243216,0.0010699844,-0.07012482,0.17701882,0.11626184,-0.0111474395,-0.016592206,0.035691716,-0.059531976,0.1838824,0.077108294,0.41793424,1.0960602,0.59340185,-0.039777253,0.32826146,-0.07224768,-0.5801667,0.16546015,-0.54715526,-0.6817661,-0.56552655,-0.48026595,-0.47072238,-0.24542092,-0.46134055,0.46078908,-1.2267625,-0.47462934,-0.6070285,0.49651602,200.0,-200.0,200.0,-200.0,-200.0,41.90490938677112,-200.0,-200.0,13.061007230277028,200.0,-80.47735396475497,200.0,0.17085999,0.08568459,-0.761897,1.671913,-1.0695186,-0.0013243216,0.0010699844,-0.07012482,-0.6229812,1.7162619,-0.81114745,-0.016592206,0.7138343,-1.1906395,3.6776478,1.5421659,8.358685,21.921202,11.868037,-0.79554504,6.565229,-1.4449534,-11.603333,3.3092031
407,0.21035208,-0.015061655,0.1796303,-0.064088784,-0.0016283485,-0.99794286,1.0,0.0,0.0,0.12010069,0.06572865,0.059455395,0.0708822,-0.285235,0.111084774,0.065626316,-0.07373911,0.2143398,0.08821094,-0.19261259,0.108730055,-0.4938465,-0.13095526,0.039636407,-0.07092662,-0.37016565,0.125659,0.09810441,-0.00894061,0.0681746,-0.19986588,-0.89796525,0.8193309,0.025624119,0.5972717,-0.2060046,-0.36878732,-0.2960478,-0.43608382,-0.7610214,0.538129,-0.508741,-0.3431071,-0.04312527,-0.3031209,-200.0,200.0,-200.0,-200.0,68.30745179474297,-28.400417195601108,-200.0,-200.0,-200.0,-200.0,-26.38688114628485,-200.0,0.12010069,0.06572865,-0.7405446,1.6708822,-1.085235,0.111084774,0.065626316,-0.07373911,-0.5856602,1.688211,-0.9926126,0.108730055,-9.87693,-2.6191053,0.7927281,-1.4185324,-7.4033127,2.51318,1.9620881,-0.1788122,1.363492,-3.9973176,-17.959305,16.386618
408,-0.41912553,0.59249675,0.33164945,-0.05171303,0.0045330985,-0.9986517,1.0,0.0,0.0,0.05547177,0.068740144,0.044843256,0.04565227,-0.29509825,0.025098894,0.032598116,-0.052153282,0.20098418,0.037116528,-0.2635936,0.16153902,-0.18694834,0.13474219,-0.15649597,-0.1924179,0.0058274656,-0.86108446,-0.38168332,0.20717648,-0.17439722,-0.30230317,0.089505784,-0.18940721,0.8312635,-0.3344341,0.3686716,0.4416873,0.11779447,0.1617682,0.32100406,-0.84240276,1.0025573,-0.13657293,0.13152002,-0.67709476,-200.0,200.0,-200.0,-200.0,200.0,-200.0,159.76858644849852,200.0,-200.0,-200.0,-8.20433461643777,-189.2147745655967,0.05547177,0.068740144,-0.75515676,1.6456523,-1.0950983,0.025098894,0.032598116,-0.052153282,-0.59901583,1.6371166,-1.0635936,0.16153902,-3.738967,2.6948438,-3.1299195,-3.848358,0.116549306,-17.22169,-7.633666,4.1435294,-3.4879444,-6.0460634,1.7901156,-3.7881444
409,0.19572106,-0.062072627,-0.39327195,-0.0423749,0.0073017203,-0.9990751,1.0,0.0,0.0,0.07785249,0.06565896,0.02678287,0.025839567,-0.20049185,-0.036193278,0.01240266,-0.031057563,0.20391184,-0.035030603,-0.16123652,0.019911315,0.35731208,-0.13664617,-0.03446877,-0.018071685,0.672977,0.14788331,0.1293819,0.0208192,0.14946628,-0.36912814,0.6279289,-1.132901,-0.38902736,0.2041746,0.19993894,0.8820785,-0.24188899,0.7666696,0.6737335,-0.105066255,0.4524557,0.6329236,-0.4209068,0.25828442,200.0,-200.0,200.0,154.68945720093515,-36.654956111791876,-200.0,200.0,-200.0,200.0,200.0,-22.11344665628053,200.0,0.07785249,0.06565896,-0.77321714,1.6258396,-1.0004919,-0.036193278,0.01240266,-0.031057563,-0.5960882,1.5649694,-0.96123654,0.019911315,7.1462417,-2.7329233,-0.6893754,-0.36143368,13.459539,2.9576662,2.587638,0.416384,2.9893255,-7.3825626,12.558578,-22.658018
410,0.24362668,-0.80004525,-0.44866753,-0.06310728,-0.0022272293,-0.99800426,1.0,0.0,0.0,0.09349835,0.04784996,0.050800085,0.03880906,-0.15159768,0.09656816,0.09617695,-0.024963079,0.23656714,-0.012357235,-0.17408848,-0.0226064,-0.14917667,-0.06131655,0.2082916,0.14334731,-0.1404923,1.0851275,0.6326886,0.030851457,0.25769886,0.1766463,-0.4635775,0.2432603,-0.41501722,-0.07592149,-0.49113667,-0.27080312,-0.76935875,-0.029970743,-0.7487273,0.5069362,-0.9521451,0.093440965,-0.8712449,0.60514784,200.0,-187.5283700505009,200.0,200.0,-97.60409064344856,200.0,-200.0,200.0,111.8167402080723,200.0,-90.85906745054739,200.0,0.09349835,0.04784996,-0.7491999,1.6388091,-0.9515977,0.09656816,0.09617695,-0.024963079,-0.5634329,1.5876428,-0.9740885,-0.0226064,-2.9835334,-1.226331,4.165832,2.866946,-2.8098462,21.702549,12.653771,0.61702913,5.1539774,3.532926,-9.27155,4.865206
411,0.10807477,-0.1504203,0.267272,-0.08049106,-0.009278777,-0.99671215,1.0,0.0,0.0,0.0037467033,0.032381628,0.076841176,0.05246532,-0.2814359,0.2066392,0.16812415,-0.013178143,0.2547474,0.031344533,-0.35911888,0.12418187,-0.69713706,-0.08349869,0.065650724,0.0059918887,-0.99051744,0.113128364,0.13846415,0.07391096,-0.036488015,0.22681773,-1.0947505,1.0030603,0.37003282,-0.09247877,-0.3827476,-0.68125933,-0.18158944,-0.68001723,-0.87167346,-0.07241261,-0.6775992,-0.82942367,0.20370668,-0.3436698,-200.0,200.0,-200.0,-95.21410562209587,54.61348606924457,-8.400339558033124,-200.0,-136.28011721989657,-200.0,-200.0,-44.16284915327037,-200.0,0.0037467033,0.032381628,-0.72315884,1.6524653,-1.0814359,0.2066392,0.16812415,-0.013178143,-0.5452526,1.6313446,-1.1591189,0.12418187,-13.94274,-1.6699737,1.3130144,0.119837776,-19.810349,2.2625673,2.769283,1.4782192,-0.7297603,4.5363545,-21.89501,20.061207
412,0.3180505,0.50317574,0.23259236,-0.072275944,-0.019102637,-0.99720174,1.0,0.0,0.0,-0.08476204,0.0042432267,0.06166756,0.048633337,-0.36387402,0.120908886,0.13654417,-0.020852827,0.22624725,0.05959153,-0.46983188,0.21650511,-0.22961,-0.14665084,-0.18264207,-0.07223264,0.040256288,-0.8616638,-0.39087057,-0.0927047,-0.23717907,0.07884631,-0.11104391,0.017770795,1.0623478,0.98409456,0.6473032,-0.38750854,0.7360938,0.13334788,0.2493034,0.36590183,0.5561909,-0.17068794,0.4505762,-0.9090404,-200.0,73.90983604125354,-200.0,-200.0,200.0,-200.0,200.0,117.51087874153541,-200.0,-200.0,200.0,-200.0,-0.08476204,0.0042432267,-0.73833245,1.6486334,-1.163874,0.120908886,0.13654417,-0.020852827,-0.57375276,1.6595916,-1.2698319,0.21650511,-4.5922,-2.9330168,-3.6528413,-1.4446528,0.8051257,-17.233276,-7.8174114,-1.8540939,-4.7435813,1.5769262,-2.2208781,0.35541588
413,-0.29491565,-0.21648493,-0.45336798,-0.067723684,-0.018990945,-0.99752337,1.0,0.0,0.0,-0.076933116,0.0053517106,0.059278727,0.022320986,-0.24157602,0.024544157,0.12453961,0.0009404714,0.22258145,0.04091251,-0.38744265,0.11346885,0.2880052,0.11726411,0.099440396,-0.16841124,1.0369302,-0.12075049,0.19629282,0.2688364,0.16180092,-0.23754478,0.84008455,-0.95198154,-0.30395007,0.021078363,0.0062075066,0.3034117,-0.3384289,0.95178545,0.37646818,-1.0428703,0.18281773,-0.33070594,0.05789104,0.17365375,169.28757313395033,200.0,200.0,-200.0,200.0,-200.0,200.0,200.0,200.0,-200.0,200.0,200.0,-0.076933116,0.0053517106,-0.7407213,1.622321,-1.041576,0.024544157,0.12453961,0.0009404714,-0.57741857,1.6409125,-1.1874427,0.11346885,5.760104,2.345282,1.9888079,-3.3682249,20.738604,-2.4150097,3.9258564,5.376728,3.2360184,-4.7508955,16.801691,-19.03963
414,0.14965616,0.20176446,-0.22501695,-0.06619093,-0.018953424,-0.99762696,1.0,0.0,0.0,-0.07458643,0.011773745,0.04944563,0.019545197,-0.14041722,0.1060585,0.18959548,0.030541357,0.24273235,-0.023732066,-0.23363227,0.026117248,-0.22145505,-0.01828073,-0.13756841,0.09509393,0.06837603,0.8376851,0.3703817,0.054846596,0.056239318,-0.3872635,0.64287245,0.006809836,-0.054671384,-0.26156884,0.25619307,0.25731692,-0.30651766,0.4155871,-0.5782326,-0.23801576,-0.21068594,0.6812208,-0.92749643,0.33316165,15.835677973097688,-200.0,-180.1478661875824,-200.0,-62.56025227487214,200.0,-200.0,28.032321146692865,32.59088688818946,200.0,-200.0,200.0,-0.07458643,0.011773745,-0.7505544,1.6195452,-0.94041723,0.1060585,0.18959548,0.030541357,-0.55726767,1.576268,-1.0336323,0.026117248,-4.429101,-0.3656146,-2.7513683,1.9018786,1.3675206,16.753702,7.4076343,1.0969319,1.1247864,-7.74527,12.857449,0.13619672
415,0.5620143,0.18700567,0.150799,-0.05838667,-0.034694564,-0.997691,1.0,0.0,0.0,-0.09160188,-0.013964197,0.021006346,0.057515025,-0.1960743,0.22829011,0.20151816,0.008894778,0.23619115,-0.04598093,-0.1934833,0.09985215,0.02723732,-0.2147922,-0.13267015,0.23734108,-0.39377546,0.607155,-0.20006244,-0.22466683,-0.111440144,0.13492803,-0.14632303,0.4212759,0.69253194,0.83700395,0.39573035,-0.21460898,-0.38857162,-0.90088207,-0.52635825,1.1121997,0.7779623,0.49565357,-0.41946423,0.1720464,-200.0,-96.66212997823374,-200.0,200.0,-200.0,-200.0,57.2314722611856,-108.44663242852494,200.0,-81.53532801492065,200.0,-200.0,-0.09160188,-0.013964197,-0.77899367,1.657515,-0.9960743,0.22829011,0.20151816,0.008894778,-0.56380886,1.5540191,-0.9934833,0.09985215,0.5447464,-4.295844,-2.653403,4.7468214,-7.8755093,12.143101,-4.001249,-4.4933367,-2.228803,2.6985605,-2.9264605,8.425518
416,-0.1581753,-0.46949545,0.15938865,-0.06554625,-0.040992126,-0.9970072,1.0,0.0,0.0,-0.033365466,-0.027563088,0.04075426,0.06991351,-0.26305705,0.24319677,0.11295971,-0.006938574,0.22927725,-0.0030267239,-0.26563364,0.12908788,0.50869626,0.06280967,0.28600785,-0.08009988,-0.27687964,-0.36108798,-0.6356883,0.031709187,0.03202002,0.27943328,-0.3390763,0.08624913,-0.26520061,0.13702752,-0.727611,-0.8733662,0.17027743,-0.40929142,0.2941708,-0.114374444,-0.51000166,-0.89919525,-0.1369675,-0.40882292,-200.0,200.0,200.0,200.0,32.0634455890754,-1.256109630129231,200.0,200.0,200.0,-200.0,26.93174044249821,-200.0,-0.033365466,-0.027563088,-0.75924575,1.6699135,-1.0630571,0.24319677,0.11295971,-0.006938574,-0.57072276,1.5969733,-1.0656337,0.12908788,10.173924,1.2561934,5.720157,-1.6019976,-5.5375924,-7.2217593,-12.713766,0.6341837,0.6404004,5.5886655,-6.781526,1.7249825
417,-0.108485244,0.22498287,0.0867506,-0.0691331,-0.035111655,-0.99698937,1.0,0.0,0.0,0.012084642,-0.0036026957,0.07167506,0.037045956,-0.20969349,0.07300295,0.03222368,-0.004948426,0.2138676,0.037489653,-0.24654478,0.043366205,0.002402229,0.142627,0.052554823,-0.2351425,0.70063156,-1.0391228,-0.21614638,-0.0039816787,-0.16540354,0.13906533,0.23741594,-0.8421411,-0.6474212,-0.23415156,-0.15527208,-0.37576798,-0.039900273,0.45776528,1.0327612,-0.3600477,0.2262322,-0.079272985,0.0746845,-0.12451744,200.0,-200.0,-200.0,-200.0,-13.713293266677255,-180.06414092776458,-200.0,145.0183969860324,-200.0,-200.0,173.34913696835895,58.41498844840544,0.012084642,-0.0036026957,-0.72832495,1.637046,-1.0096935,0.07300295,0.03222368,-0.004948426,-0.5861324,1.6374897,-1.0465448,0.043366205,0.048044577,2.85254,1.0510964,-4.70285,14.012631,-20.782455,-4.3229275,-0.07963357,-3.308071,2.7813065,4.7483187,-16.842821
418,0.5345773,0.27234173,-0.0152718825,-0.059319537,-0.04535323,-0.99720824,1.0,0.0,0.0,-0.031701,-0.011061859,0.07024282,0.008499026,-0.11270136,-0.047216475,0.039210048,-0.031083958,0.20086843,0.02823329,-0.13602835,-0.049457677,-0.36821416,-0.19156732,-0.08305745,0.028032362,0.43275166,-0.22243674,0.2324961,-0.22813301,0.0014110025,-0.16148125,0.50432557,-0.23971729,0.25230598,0.5673975,1.1082555,0.3783316,-0.06793134,1.1503043,-0.033978898,0.7122356,0.4079178,0.61753976,-0.5108236,0.59809834,200.0,-200.0,61.8903729973701,-76.48793955435983,-121.52289025503774,163.82410480449258,-200.0,-200.0,-200.0,-200.0,-200.0,200.0,-0.031701,-0.011061859,-0.7297572,1.608499,-0.91270137,-0.047216475,0.039210048,-0.031083958,-0.5991316,1.6282333,-0.93602836,-0.049457677,-7.364283,-3.8313463,-1.6611489,0.56064725,8.655033,-4.4487348,4.649922,-4.56266,0.02822005,-3.2296247,10.086512,-4.794346
419,-0.106127515,-0.40411842,0.034339305,-0.063393414,-0.05258798,-0.9966021,1.0,0.0,0.0,-0.04741861,-0.025343625,0.07818395,0.027179837,-0.089365125,0.016010767,0.0468794,-0.053212747,0.22136211,0.015692353,-0.14415109,0.006345,0.16224149,0.028010467,0.14280464,0.14479445,0.043503806,0.7568154,-0.08067206,-0.011639484,0.18159942,0.018721793,-0.486588,0.7047144,0.40999144,0.25869244,-0.45702103,-0.16355574,0.034905747,0.07245291,-0.70358545,-0.06987871,-0.09877788,-0.32420582,-0.14389722,-0.0013934635,-96.09100799762727,200.0,200.0,200.0,-200.0,200.0,200.0,200.0,200.0,200.0,-1.837588170207738,200.0,-0.04741861,-0.025343625,-0.72181606,1.6271799,-0.88936514,0.016010767,0.0468794,-0.053212747,-0.5786379,1.6156924,-0.9441511,0.006345,3.2448297,0.56020933,2.8560927,2.8958888,0.8700761,15.136307,-1.6134412,-0.23278968,3.6319885,0.37443584,-9.73176,14.094288
420,-0.37191805,0.2673057,-0.017655395,-0.06459631,-0.042504307,-0.9970059,1.0,0.0,0.0,0.036987282,0.00011181312,0.085926116,0.037507772,-0.049028456,0.06998048,-0.027204305,-0.05389246,0.23137546,0.0056034327,-0.1609503,0.045058407,0.63503194,0.20063007,-0.051309872,-0.02184911,0.18869148,0.019239802,-0.60716707,0.004434374,-0.05063616,-0.103804424,0.038728524,-0.0870068,-0.5193142,-0.6840778,-0.0852057,-0.37453634,-0.29093516,-0.4838497,0.47613794,-0.28202945,0.27522692,-0.3759058,0.23816651,-0.68393576,-200.0,-33.94612997531633,-200.0,-200.0,-1.8344687178883916,-21.830938898300147,181.0049941512341,200.0,-200.0,-200.0,-21.02693333917884,-25.798379409181642,0.036987282,0.00011181312,-0.7140739,1.6375078,-0.84902847,0.06998048,-0.027204305,-0.05389246,-0.56862456,1.6056035,-0.9609503,0.045058407,12.700639,4.0126014,-1.0261974,-0.4369822,3.7738297,0.38479602,-12.143341,0.08868748,-1.0127232,-2.0760884,0.77457047,-1.7401359
421,0.30724344,0.41608155,-0.27738017,-0.050284322,-0.042544812,-0.99782836,1.0,0.0,0.0,0.109827094,0.011474511,0.06945437,0.021324277,-0.09871626,-0.032788586,-0.0983897,-0.06787431,0.22990966,-0.03378105,-0.08729428,-0.05215107,0.14287151,-0.061422843,-0.09117795,-0.14447327,-0.40529147,-0.9002102,-0.115416564,-0.053970754,-0.081313744,0.04171306,0.0070219263,-0.40146288,-0.8825998,0.2939608,0.45679617,0.8863272,-0.5579405,0.52708954,0.7262226,0.043829516,0.8889532,1.1958156,-0.07162371,0.14510608,200.0,-200.0,84.89047698487396,-200.0,200.0,-200.0,-200.0,-200.0,-200.0,-200.0,13.688144125718622,-74.92969049231215,0.109827094,0.011474511,-0.73054564,1.6213243,-0.8987163,-0.032788586,-0.0983897,-0.06787431,-0.57009035,1.566219,-0.8872943,-0.05215107,2.8574302,-1.2284569,-1.8235589,-2.8894653,-8.105829,-18.004204,-2.3083313,-1.0794151,-1.6262748,0.8342612,0.14043853,-8.029258
422,-0.18339987,-0.317099,-0.08619225,-0.049881984,-0.043061756,-0.9978264,1.0,0.0,0.0,0.090530604,0.026576761,0.07315016,0.04096687,-0.23715931,-0.085254475,-0.05949865,-0.051663756,0.24046892,-0.0059090853,-0.08250612,-0.0346956,-0.30640617,0.16528532,0.11304082,0.1972904,-0.7172453,0.19171809,0.43709475,0.17305334,0.15520288,0.21314283,0.015961114,0.34800753,-0.34001914,-0.3032326,0.4129925,-0.824411,0.3250183,0.8238331,0.033489015,-0.057274416,-0.42924815,-1.1425694,-0.020876288,0.51378465,200.0,43.680108820594114,200.0,200.0,8.561190977662392,54.25456584542485,-200.0,200.0,200.0,200.0,87.90932053110623,200.0,0.090530604,0.026576761,-0.72684985,1.6409669,-1.0371593,-0.085254475,-0.05949865,-0.051663756,-0.5595311,1.5940909,-0.88250613,-0.0346956,-6.1281233,3.3057063,2.2608163,3.9458082,-14.344906,3.8343616,8.741895,3.4610667,3.1040576,4.2628565,0.31922227,6.9601502
423,0.2351371,-0.28803614,0.43860763,-0.062175583,-0.045338072,-0.9970349,1.0,0.0,0.0,-0.024947155,0.030925797,0.12028426,0.04697275,-0.27506012,0.06068507,-0.01379605,-0.038938858,0.26708448,0.015555501,-0.062160194,0.1185732,-0.6867964,-0.09005754,0.3247987,-0.11058706,0.24320553,1.1736373,0.13546677,0.0011073682,0.12716445,0.025205696,0.09536497,0.85479873,0.5597757,-0.00042065978,-0.61080456,-1.0944775,0.11260219,-0.47551125,-0.6561901,0.21756665,-0.24464378,-0.3253345,0.26710284,-0.39068332,-55.850129526670386,-48.799725792921706,-200.0,-200.0,-12.950969355779222,-59.140081894252376,33.20630894168414,-200.0,200.0,-200.0,200.0,200.0,-0.024947155,0.030925797,-0.67971575,1.6469728,-1.0750601,0.06068507,-0.01379605,-0.038938858,-0.53291553,1.6155555,-0.8621602,0.1185732,-13.735929,-1.8011507,6.495974,-2.2117412,4.8641105,23.472746,2.7093353,0.022147363,2.543289,0.5041139,1.9072994,17.095974
424,0.029482335,0.29859897,0.513051,-0.06189336,-0.048110172,-0.99692255,1.0,0.0,0.0,-0.102687635,0.018709708,0.15442908,0.023926854,-0.12625837,0.17258096,-0.038285114,-0.037217837,0.25998497,0.02847302,0.008097708,0.14692402,-0.16003177,-0.032076757,0.0638757,-0.15208375,1.1606275,0.0915515,-0.32456318,0.013505647,-0.1892795,0.122189,0.44909516,-0.44488236,0.5088151,0.12024802,0.072737195,0.08157411,0.65432066,-0.2948224,0.31767958,-0.4625104,0.45378953,0.73835087,-0.38650525,-0.7329318,-200.0,200.0,-200.0,-200.0,174.76772174424633,-200.0,200.0,-41.23128242545346,-200.0,-200.0,200.0,-200.0,-0.102687635,0.018709708,-0.64557093,1.6239269,-0.9262584,0.17258096,-0.038285114,-0.037217837,-0.54001504,1.628473,-0.7919023,0.14692402,-3.2006352,-0.6415351,1.2775139,-3.041675,23.21255,1.8310299,-6.4912634,0.27011293,-3.78559,2.44378,8.981903,-8.897647
425,-0.028252264,0.09163598,-0.39347786,-0.05280507,-0.04787936,-0.9974564,1.0,0.0,0.0,-0.06146549,0.029958252,0.11992133,0.060846686,0.0055010915,0.068743765,-0.04889609,-0.032441806,0.23375255,0.065414906,-0.0093278885,-0.0419174,0.47455803,0.09388487,-0.20684819,0.24352305,0.79717743,-0.7690239,0.16908342,0.024427762,-0.059669793,0.23110299,-0.43800384,-1.1920797,0.05279445,-0.21572275,0.49391612,0.32778233,0.5282007,0.54219127,0.4451306,0.06622499,0.31115025,-0.01960738,-0.6908342,0.3410643,200.0,-200.0,200.0,200.0,20.316534160261426,200.0,200.0,3.1635437417498338,200.0,-197.20918498997307,200.0,-11.812466843595985,-0.06146549,0.029958252,-0.6800787,1.6608467,-0.7944989,0.068743765,-0.04889609,-0.032441806,-0.56624746,1.6654149,-0.8093279,-0.0419174,9.49116,1.8776973,-4.136964,4.870461,15.943548,-15.380478,3.3816683,0.48855525,-1.1933959,4.62206,-8.7600765,-23.841593
426,0.15077129,-0.34685692,-0.43014184,-0.0598575,-0.0511431,-0.9968959,1.0,0.0,0.0,0.013997105,0.032837752,0.09156674,0.12164664,0.1759103,0.014433954,0.040595718,-0.020724053,0.2584312,0.08147991,-0.1677773,-0.1722293,0.2536557,-0.056834053,-0.068171315,0.30513692,0.7615196,0.16104256,0.61597604,0.076882236,0.21519403,-0.02127746,-0.9964158,-0.2109586,-0.7197824,-0.07690631,-0.19301996,-0.96106136,-0.18756324,0.7631417,-0.14678262,0.26336288,-0.86592114,-1.0146602,0.03188193,0.9854802,200.0,106.9919638270575,-88.61427122579269,-199.8294224879711,-170.29495014332122,200.0,-200.0,-200.0,200.0,122.94424154288964,-55.36090111966632,200.0,0.013997105,0.032837752,-0.7084333,1.7216467,-0.6240897,0.014433954,0.040595718,-0.020724053,-0.5415688,1.6814799,-0.9677773,-0.1722293,5.073114,-1.1366811,-1.3634263,6.1027384,15.2303915,3.220851,12.31952,1.5376447,4.3038807,-0.42554918,-19.928316,-4.219172
427,0.035413485,0.28629047,0.3234715,-0.059628285,-0.055582173,-0.99667203,1.0,0.0,0.0,0.0073435865,0.013444762,0.06294751,0.16783786,0.22459906,0.15336594,0.11430716,-0.002922409,0.27319002,0.06455827,-0.25826448,-0.11149419,-0.26447627,-0.10786313,-0.2050916,0.16810672,-0.18001276,1.1291528,0.16796388,0.10122531,-0.041647088,-0.13346557,-0.008475409,0.7254774,0.046547614,0.14220703,0.06394899,-0.26160297,-0.23273042,-0.04406116,-0.9278757,-0.15604536,0.1136604,-0.5130498,0.31262565,0.15312599,-200.0,200.0,-200.0,-200.0,200.0,200.0,-200.0,-76.9142639738245,-200.0,-200.0,-200.0,200.0,0.0073435865,0.013444762,-0.7370525,1.7678379,-0.57540095,0.15336594,0.11430716,-0.002922409,-0.52681,1.6645583,-1.0582645,-0.11149419,-5.2895255,-2.1572626,-4.101832,3.3621345,-3.6002553,22.583055,3.3592775,2.024506,-0.8329417,-2.6693115,-0.16950817,14.509547
428,-0.060834687,0.40501273,0.5641382,-0.047202766,-0.05382909,-0.9974339,1.0,0.0,0.0,-0.004340389,0.007164353,0.04029733,0.17042363,0.10299021,0.27311623,0.08411545,0.0035905738,0.2592882,0.020929694,-0.15231305,-0.017262982,0.04765536,0.024731504,-0.05488659,-0.109897725,-0.7231951,0.16182922,-0.4137383,-0.02035421,-0.097115755,-0.28757295,0.9253379,0.37147215,0.7079763,-0.038188204,0.07662568,-0.35988432,-0.26616222,-1.0769444,0.15119722,0.051566303,1.4614397,0.3891979,0.4182099,-0.27946186,-200.0,-200.0,-200.0,-200.0,85.10605639276127,-32.3236589956727,65.9718545734672,200.0,110.14223893450192,-200.0,45.490531186747944,-200.0,-0.004340389,0.007164353,-0.7597027,1.7704237,-0.6970098,0.27311623,0.08411545,0.0035905738,-0.5407118,1.6209297,-0.95231307,-0.017262982,0.9531072,0.49463007,-1.0977318,-2.1979544,-14.4639015,3.2365844,-8.274766,-0.4070842,-1.9423151,-5.751459,18.506758,7.429443
429,-0.070230484,0.039413165,-0.19616374,-0.04047575,-0.050361194,-0.99791056,1.0,0.0,0.0,0.06313189,0.010636402,0.050798714,0.12510395,-0.023969114,0.2020267,0.061877854,0.013610384,0.25863355,-0.02707541,0.04050225,-0.04546323,0.5774872,0.0043768813,0.11119207,-0.31066552,-0.5264024,-0.7798537,0.10739986,0.080950074,0.059079833,-0.19794016,0.8212938,-0.46607947,-0.5698656,-0.052841574,-0.48829874,0.26117072,-0.17704085,0.24539429,0.50624037,-0.36987245,0.93143445,1.3677815,-0.17894539,0.1994606,107.63433956191103,-0.32160436785017055,200.0,200.0,-68.47859798848845,-38.14080354502664,200.0,-105.33193150443756,-45.7195891319151,-200.0,44.21115030969662,-200.0,0.06313189,0.010636402,-0.7492013,1.725104,-0.8239691,0.2020267,0.061877854,0.013610384,-0.54136646,1.5729246,-0.75949776,-0.04546323,11.549743,0.087537624,2.2238414,-6.2133102,-10.528048,-15.597074,2.1479971,1.6190015,1.1815966,-3.958803,16.425875,-9.321589
430,0.3751632,0.04359167,-0.440526,-0.038364355,-0.059669245,-0.9974807,1.0,0.0,0.0,0.13071184,-0.011068953,0.052428722,0.09738028,-0.08038777,0.14978133,0.13074222,0.00923764,0.26216507,-0.008347273,0.014705777,-0.038410585,0.13841145,-0.16328162,-0.081169866,0.007464549,-0.2104355,0.13014837,0.53582877,-0.076153964,0.028206447,0.15709077,-0.40329757,0.44651937,-0.9678077,0.39502794,0.4517379,-0.4642752,0.34827578,0.7308551,-0.053951193,0.4334936,-0.016441815,0.30909163,-0.2866883,0.3530921,200.0,-200.0,200.0,200.0,-4.741506538070041,99.17210778307418,-200.0,65.38648700367196,-200.0,200.0,18.24608286103313,122.73880813870126,0.13071184,-0.011068953,-0.7475713,1.6973803,-0.8803878,0.14978133,0.13074222,0.00923764,-0.53783494,1.5916528,-0.78529423,-0.038410585,2.7682288,-3.2656324,-1.6233972,0.14929098,-4.2087097,2.6029673,10.716575,-1.5230793,0.56412894,3.1418154,-8.065951,8.9303875
431,-0.3752346,-0.018340519,0.5997039,-0.038148493,-0.057752017,-0.9976018,1.0,0.0,0.0,0.09872447,-0.012681075,0.059661984,0.061475158,-0.017270565,0.2763257,0.18168685,0.020142851,0.24151987,0.059368014,-0.08910829,0.088121,-0.40580446,0.1189536,0.13912992,-0.33643898,0.7076259,0.93708867,0.022088883,0.16117239,-0.19550213,0.44155523,-0.47235036,0.5713145,0.16611633,0.29563272,-0.20126927,-0.60268843,0.40888005,0.046186678,-1.1186506,-0.7955288,0.04628337,-0.8124309,-0.044098035,-0.3677701,-200.0,200.0,-163.37177744019488,-200.0,200.0,-42.27724689447393,-200.0,200.0,200.0,-200.0,100.68473940219747,13.444032000278753,0.09872447,-0.012681075,-0.740338,1.6614752,-0.8172706,0.2763257,0.18168685,0.020142851,-0.55848014,1.659368,-0.8891083,0.088121,-8.116089,2.379072,2.7825983,-6.7287793,14.152518,18.741774,0.44177765,3.2234478,-3.9100425,8.831104,-9.447007,11.42629
432,-0.47839144,0.51299906,0.47940674,-0.02916409,-0.041185226,-0.99872583,1.0,0.0,0.0,0.061551657,0.013202118,0.045584083,0.058015823,0.055756867,0.30157134,0.12667648,0.03937647,0.18766761,0.12707138,-0.09513837,0.094363965,0.018793464,0.16452526,-0.18785456,0.07727041,0.3775691,-0.31622943,-0.5138695,0.04738495,-0.29453102,0.24740708,0.16024615,-0.41067848,0.59465903,-0.5610387,0.4776687,0.8518319,0.42458338,-0.07793597,0.3502314,-1.0075679,0.6181905,-0.038296655,-0.10914214,-0.48744366,-200.0,-200.0,200.0,-200.0,-200.0,-200.0,200.0,200.0,-154.45951896974304,-200.0,2.4390418951916217,-13.814806393823744,0.061551657,0.013202118,-0.7544159,1.6580158,-0.74424314,0.30157134,0.12667648,0.03937647,-0.6123324,1.7270714,-0.8951384,0.094363965,0.37586927,3.2905052,-3.757091,1.5454082,7.551382,-6.324589,-10.2773905,0.947699,-5.89062,4.9481416,3.204923,-8.21357
433,0.25581324,-0.11107529,-0.30917788,-0.020071074,-0.035053916,-0.99918383,1.0,0.0,0.0,0.12406326,0.019006597,0.017475605,0.096910596,0.17765695,0.1878437,0.07466471,0.02727993,0.17701143,0.13911843,-0.10237539,-0.08729621,0.5074787,-0.090901345,-0.07635837,0.2717986,0.67290205,-0.6471626,-0.051365316,-0.1616625,0.13620679,-0.093935445,-0.023123804,-1.1562299,-0.2636497,-0.20417659,0.22893141,-0.33235478,0.018987134,0.29328924,0.7489645,0.22202043,0.4331167,-0.6290508,-0.17226869,0.46181193,200.0,-200.0,200.0,-200.0,200.0,200.0,8.057640545292315,-200.0,200.0,200.0,-200.0,200.0,0.12406326,0.019006597,-0.7825244,1.6969106,-0.62234306,0.1878437,0.07466471,0.02727993,-0.6229886,1.7391185,-0.9023754,-0.08729621,10.149574,-1.8180269,-1.5271673,5.435972,13.45804,-12.943252,-1.0273063,-3.23325,2.7241359,-1.8787088,-0.46247607,-23.124596
434,0.32137814,-0.5640371,-0.28679013,-0.036153644,-0.048138056,-0.9981862,1.0,0.0,0.0,0.17677988,-0.005964047,0.045408964,0.11861491,0.20637691,0.16359335,0.12422015,0.008164439,0.24180365,0.08492446,-0.124629736,-0.21084015,0.062090464,-0.15604742,0.28392172,-0.02043024,-0.28620514,0.23592973,0.49516043,-0.03094238,0.4344698,-0.39872786,-0.10171473,-0.17728384,-0.6348558,0.83798265,-0.73003995,-0.20682715,-0.6284235,0.7995621,-0.21152723,0.37002492,-0.8252742,0.44034785,0.07233122,0.90944976,200.0,200.0,-22.15457593722698,-200.0,7.213356847609603,200.0,-200.0,-200.0,115.4787558894381,-200.0,-192.2399584824506,64.22576634476349,0.17677988,-0.005964047,-0.75459105,1.7186149,-0.5936231,0.16359335,0.12422015,0.008164439,-0.55819637,1.6849245,-0.92462975,-0.21084015,1.2418092,-3.1209483,5.6784344,-0.4086048,-5.724103,4.7185946,9.903209,-0.6188476,8.689396,-7.974557,-2.0342946,-3.5456767
435,-0.4656354,0.0063148723,0.5702623,-0.04649207,-0.043436494,-0.9979738,1.0,0.0,0.0,0.1328641,-0.009695895,0.0846113,0.09799492,0.045448065,0.3099568,0.17305715,0.027473878,0.27915943,0.043946624,-0.07337761,-0.14184713,-0.45463452,0.09556433,0.1266532,-0.17211819,-1.2289528,1.0178298,0.040447913,0.19080627,-0.01635042,-0.041282024,0.31682816,0.7722557,-0.0153634325,-0.2372228,-0.75228673,0.04655459,-0.11028531,-0.17842889,-0.7030029,-0.38432002,0.15649125,-0.18213089,0.59627944,0.07804115,-200.0,200.0,-200.0,200.0,-24.117680551150727,200.0,-200.0,200.0,-200.0,-200.0,-200.0,-1.6334460678516507,0.1328641,-0.009695895,-0.7153887,1.697995,-0.75455195,0.3099568,0.17305715,0.027473878,-0.5208406,1.6439466,-0.8733776,-0.14184713,-9.09269,1.9112865,2.533064,-3.4423637,-24.579054,20.356594,0.80895823,3.8161254,-0.3270084,-0.8256405,6.336563,15.445114
436,0.13494807,0.68151575,0.59720045,-0.031954404,-0.036936533,-0.9988066,1.0,0.0,0.0,0.06807707,-0.016920354,0.07534826,0.07871187,-0.09241742,0.40910155,0.12072872,0.026535483,0.2588948,0.017290115,0.09343076,-0.055968013,-0.24668264,-0.14177388,-0.18240859,-0.045465942,-0.24732457,0.06757739,-0.5066998,-0.16057442,-0.16328098,-0.21297573,1.1876513,0.40617046,0.48092544,0.376626,0.04750177,-0.25259504,0.5099706,-0.8260382,0.20735961,-0.27631438,1.2245754,0.35558063,0.77943414,-0.4283251,-200.0,-200.0,-200.0,-200.0,200.0,200.0,82.91287877784478,-200.0,-200.0,-11.587604509920794,200.0,-200.0,0.06807707,-0.016920354,-0.72465175,1.6787119,-0.89241743,0.40910155,0.12072872,0.026535483,-0.5411052,1.6172901,-0.70656925,-0.055968013,-4.933653,-2.8354776,-3.6481717,-0.90931886,-4.9464912,1.3515478,-10.133996,-3.2114885,-3.2656195,-4.2595143,23.753025,8.123409
437,0.10313969,0.26338422,-0.22826236,-0.014887292,-0.041361347,-0.99903333,1.0,0.0,0.0,0.07870963,-0.033198174,0.062577605,0.042766094,-0.035263956,0.3164598,0.0698467,0.007327694,0.22808033,0.014895439,0.26714438,-0.06811289,0.29934886,-0.038085725,0.012683227,-0.27856416,0.7172036,-0.8987579,-0.0421342,-0.035555925,-0.18925725,0.21264713,0.5863944,-0.39316398,-0.035307854,0.24568594,0.385631,0.57338035,-0.030293733,0.25653225,0.20411964,0.003149733,1.35983,1.1641155,0.30116045,-0.14873007,200.0,-200.0,200.0,200.0,200.0,-200.0,200.0,200.0,-28.56392131794827,-200.0,200.0,-200.0,0.07870963,-0.033198174,-0.7374224,1.6427661,-0.83526397,0.3164598,0.0698467,0.007327694,-0.5719197,1.6148955,-0.53285563,-0.06811289,5.986977,-0.7617145,0.25366452,-5.571283,14.344072,-17.975157,-0.842684,-0.7111185,-3.7851448,4.2529426,11.727888,-7.8632793
438,-0.08104068,-0.43285817,-0.055870768,-0.019436648,-0.041101687,-0.9989659,1.0,0.0,0.0,0.08706531,-0.025790628,0.0876444,0.0016463995,0.038218617,0.18006934,0.09733322,0.012659874,0.21183014,0.07383287,0.32665306,-0.11907249,-0.15257637,0.08775613,0.2195905,-0.1427821,-0.055025674,-0.2763748,0.19599956,0.057801843,0.009207349,0.3605262,-0.030501554,-0.06866789,-0.47830445,-0.45597035,0.06461213,0.01253232,0.090609625,0.7127619,-0.11193447,-0.14173633,-0.6214719,-0.43702263,-1.1047009,0.3495745,26.535976303849964,-69.48967642237717,200.0,200.0,-47.62946910038424,15.311759502910363,-128.54118908386653,200.0,200.0,200.0,-167.99118300422046,200.0,0.08706531,-0.025790628,-0.7123556,1.6016464,-0.7617814,0.18006934,0.09733322,0.012659874,-0.5881699,1.6738329,-0.47334695,-0.11907249,-3.0515273,1.7551225,4.39181,-2.855642,-1.1005135,-5.527496,3.9199913,1.1560369,0.18414699,7.210524,-0.61003107,-1.3733578
439,0.4687949,0.07615192,0.5043158,-0.024818592,-0.051063817,-0.998387,1.0,0.0,0.0,-0.004887232,-0.042073354,0.09577876,0.010480404,0.03943181,0.21118195,0.07636117,-0.014160391,0.19616866,0.13157952,0.21707666,-0.030556688,-0.6116101,-0.19838044,-0.07248009,0.12723732,0.011327113,0.515607,-0.26333573,-0.24818905,-0.13574223,0.22682412,-0.9709755,0.70295113,0.48190305,0.6655916,0.14759444,-0.23463643,0.5666487,0.17188407,-0.21324962,0.8358876,-0.51490355,-0.2272173,-0.50248027,0.10955313,184.9389100841869,200.0,-200.0,-200.0,-200.0,-200.0,200.0,-200.0,40.73822162012641,-200.0,62.141212293503884,200.0,-0.004887232,-0.042073354,-0.70422125,1.6104804,-0.7605682,0.21118195,0.07636117,-0.014160391,-0.60383135,1.7315795,-0.58292335,-0.030556688,-12.232202,-3.9676087,-1.4496018,2.5447464,0.22654225,10.3121395,-5.2667146,-4.963781,-2.7148445,4.5364823,-19.41951,14.059023
440,-0.23998265,0.1628146,0.5315915,-0.021187495,-0.053665176,-0.99833417,1.0,0.0,0.0,-0.07012862,-0.049148645,0.085255325,0.026585817,0.07405323,0.22369528,-3.9102644e-05,-0.03465938,0.16225398,0.16411436,-0.034058034,0.11905673,-0.08692834,0.0805251,-0.034329336,0.049775776,0.2799835,-0.16895592,-0.40300757,0.030182878,-0.19174527,0.106327474,-1.3301221,0.72227114,0.80814946,0.08321698,0.44527057,-0.28423563,0.43974572,-0.4195516,0.51280504,-0.19136031,0.57918125,-0.6623645,-0.15911801,-0.45435664,200.0,200.0,-200.0,-200.0,200.0,-200.0,200.0,200.0,200.0,-200.0,200.0,49.432444733520384,-0.07012862,-0.049148645,-0.7147447,1.6265858,-0.7259468,0.22369528,-3.9102644e-05,-0.03465938,-0.63774604,1.7641144,-0.83405805,0.11905673,-1.7385668,1.610502,-0.6865867,0.9955155,5.5996695,-3.3791184,-8.060151,0.60365754,-3.8349054,2.1265495,-26.602442,14.445422
441,-0.20171915,-0.4774008,-0.25081125,-0.028763631,-0.043647755,-0.99863285,1.0,0.0,0.0,-0.023436757,-0.021094576,0.10644567,0.021255612,0.14781004,0.08248974,-0.027789349,-0.029394777,0.1726293,0.14793754,-0.33788258,0.16076466,0.49006698,0.16514362,0.23687182,-0.10899617,0.33978328,-0.9704339,0.078463875,0.0025219936,0.2462533,-0.23890169,-1.2802805,-0.21251018,-0.06558258,-0.29231888,-1.0221777,1.0452336,-0.45254517,0.49351674,0.38633052,-0.99106526,-0.2198059,0.37190402,-0.34472436,-0.17928612,200.0,-200.0,200.0,-200.0,200.0,-200.0,200.0,-127.01022527935677,200.0,-200.0,-200.0,200.0,-0.023436757,-0.021094576,-0.69355434,1.6212556,-0.65218997,0.08248974,-0.027789349,-0.029394777,-0.6273707,1.7479376,-1.1378826,0.16076466,9.801339,3.3028724,4.7374363,-2.1799233,6.7956657,-19.408678,1.5692775,0.05043987,4.925066,-4.7780337,-25.605608,-4.2502036
442,0.419856,0.1666261,-0.3229846,-0.033380657,-0.04982719,-0.9981999,1.0,0.0,0.0,0.03143608,-0.017421275,0.108511865,0.04086578,0.10905683,-0.004629275,0.032269955,-0.05145648,0.18138415,0.13046813,-0.50626546,0.06490699,0.054674443,-0.10854514,-0.1713923,0.26762268,-0.63101596,0.0003776286,0.4820025,-0.20733717,-0.12025801,0.03893372,-0.39721665,-0.52065885,-0.64943045,0.34193367,0.2710335,-0.46776602,-0.17775333,0.66926533,0.20759797,1.4357334,-0.18724242,-0.34750718,0.6698962,0.26410654,200.0,-200.0,-200.0,200.0,200.0,28.389271850616183,-200.0,-200.0,-200.0,200.0,-200.0,200.0,0.03143608,-0.017421275,-0.69148815,1.6408658,-0.6909432,-0.004629275,0.032269955,-0.05145648,-0.61861587,1.7304682,-1.3062655,0.06490699,1.0934888,-2.1709027,-3.4278462,5.352453,-12.620319,0.007552572,9.64005,-4.1467433,-2.4051602,0.77867436,-7.944333,-10.413177
443,-0.22566363,0.16956761,0.46266857,-0.026888978,-0.05235573,-0.9982664,1.0,0.0,0.0,-0.013336145,-0.013746357,0.10014588,0.05381739,0.009053111,0.09901634,0.09884532,-0.06963097,0.15075558,0.12633204,-0.47729725,0.06422971,-0.44872615,0.12370602,0.06705197,-0.10073399,-0.4087939,0.9424896,0.25451714,0.009413184,-0.18319283,-0.068995155,0.5877968,0.37034553,0.1419302,0.07422374,0.028745856,-0.62909573,0.22212188,0.0085726315,-1.3119262,0.0989701,0.9741732,-0.7760076,0.33098435,0.48683983,-41.66942903431814,200.0,-200.0,-200.0,200.0,83.16080554004276,-200.0,200.0,200.0,-200.0,36.81895290261264,200.0,-0.013336145,-0.013746357,-0.69985414,1.6538174,-0.7909469,0.09901634,0.09884532,-0.06963097,-0.6492444,1.7263321,-1.2772973,0.06422971,-8.974523,2.4741204,1.3410393,-2.0146797,-8.175878,18.849792,5.0903425,0.18826367,-3.6638565,-1.3799031,11.755936,7.4069104
444,-0.39757046,0.16067976,0.22010116,-0.020931773,-0.03842715,-0.99904215,1.0,0.0,0.0,-0.049162634,0.02109425,0.11475688,0.014361739,0.03047967,0.18273696,0.10814972,-0.058827337,0.13225222,0.07798922,-0.26459235,0.19435136,0.043836165,0.1966404,0.07376919,-0.27329168,0.3958584,-0.008058104,-0.13206705,0.08948535,-0.01020459,-0.38802478,1.2678255,0.63049704,0.58710957,-0.88713604,-0.4099351,0.7679062,0.4980634,-0.40706787,0.1388179,-0.76364017,0.67975914,0.34448618,-0.040906332,-0.7297589,-200.0,200.0,200.0,-200.0,-52.33905319655332,-45.823606643795074,200.0,-80.3371258619889,-200.0,-200.0,10.867914178620765,-200.0,-0.049162634,0.02109425,-0.6852431,1.6143618,-0.76952034,0.18273696,0.10814972,-0.058827337,-0.6677478,1.6779892,-1.0645924,0.19435136,0.8767233,3.932808,1.4753838,-5.4658337,7.917168,-0.16116206,-2.641341,1.789707,-0.20409179,-7.760495,25.35651,12.609941
445,0.26535052,0.15590952,-0.49413392,-0.014349164,-0.037245985,-0.9992031,1.0,0.0,0.0,0.01792038,0.03399456,0.09882778,-0.00015079975,0.1768524,0.08096649,0.1128039,-0.06633842,0.1408903,0.01140523,-0.10030639,0.21508694,0.5662694,-0.049848963,-0.19751118,0.094433546,0.7627269,-0.75776714,0.06371356,-0.14471424,0.07347431,-0.2859098,0.6670868,-0.3302113,-0.2155864,0.17771846,0.35559574,0.7204431,-0.5566649,0.42059773,-0.20989758,0.63949,0.32604146,1.1849185,-0.5835702,-0.5381769,-103.10010491658986,-200.0,200.0,200.0,-200.0,-200.0,174.79025716916465,-200.0,-200.0,200.0,-200.0,200.0,0.01792038,0.03399456,-0.70117223,1.5998492,-0.6231476,0.08096649,0.1128039,-0.06633842,-0.6591097,1.6114053,-0.9003064,0.21508694,11.325388,-0.99697924,-3.9502237,1.8886709,15.254538,-15.155343,1.2742711,-2.8942847,1.4694861,-5.718196,13.341736,-6.604226
446,-0.23569117,-0.5441794,0.23078597,-0.023695512,-0.036569446,-0.99905014,1.0,0.0,0.0,0.07082459,0.04761941,0.08720064,0.041879654,0.20943272,0.029732563,0.06820859,-0.06994832,0.16973609,-0.024903893,-0.07586199,0.04119163,0.02253406,0.15691468,0.054154195,0.2660833,-0.28557825,0.16721962,-0.45041853,0.07305152,0.19519323,-0.09250612,-0.32339832,-1.2064021,-0.61152905,-0.50141746,-0.23106124,-0.3424234,-0.8872758,0.59274423,-0.44814032,0.07376112,-0.34267583,-0.6434396,-0.39091614,0.22157258,-166.76962254122378,200.0,134.62815438410703,200.0,-200.0,-7.212612068927228,-200.0,126.6914235855408,200.0,200.0,-200.0,200.0,0.07082459,0.04761941,-0.7127994,1.6418797,-0.5905673,0.029732563,0.06820859,-0.06994832,-0.6302639,1.5750961,-0.875862,0.04119163,0.45068118,3.1382935,1.0830839,5.321666,-5.711565,3.3443925,-9.00837,1.4610304,3.9038646,-1.8501223,-6.467966,-24.12804
447,-0.22534844,0.16927257,0.80002123,-0.03061527,-0.026420051,-0.999182,1.0,0.0,0.0,0.019250043,0.06783979,0.08273977,0.0799166,0.048623323,0.16254663,-0.07419653,-0.055515192,0.18457985,-0.05980444,-0.17758644,-0.09612866,-0.48187265,0.05490854,-0.08657285,0.12897247,-1.2280107,0.9092647,-0.81307834,0.08606269,-0.018181145,-0.2415351,-0.4613348,-0.25691807,0.35465842,-0.120290354,-0.27828148,0.12862308,-0.3357502,-0.28082734,1.0514628,0.15308365,0.2698142,0.09170969,0.5172337,0.75455505,40.56380653047904,181.77946026053786,-200.0,-200.0,35.7098678620315,200.0,-200.0,-200.0,-200.0,-200.0,-200.0,-24.13956732657823,0.019250043,0.06783979,-0.71726024,1.6799166,-0.7513767,0.16254663,-0.07419653,-0.055515192,-0.61542016,1.5401956,-0.97758645,-0.09612866,-9.637453,1.0981708,-1.731457,2.5794494,-24.560213,18.185293,-16.261566,1.7212539,-0.3636229,-4.830702,-9.226696,-5.1383615
448,-0.31113753,0.2542363,-0.017878069,-0.022403752,-0.015322086,-0.9996316,1.0,0.0,0.0,-0.014674596,0.077774815,0.047249675,0.108469486,-0.117488086,0.24128407,-0.1655011,-0.02711056,0.18366331,-0.091792464,-0.16483271,-0.039661672,0.08856147,0.04457374,-0.24998598,0.13995771,-0.5064655,-0.028166687,-0.16556166,0.1847864,0.0012255198,-0.09402211,0.4933218,0.7226321,0.44959718,-0.18279128,0.062432688,0.30687386,-0.13143972,-0.9532717,0.6010645,-1.054333,0.80981964,0.55234,0.4687426,0.10132387,200.0,192.0030844838323,171.25073057729344,200.0,200.0,200.0,200.0,-200.0,-200.0,-95.7995735800412,99.72807536401831,-200.0,-0.014674596,0.077774815,-0.75275034,1.7084695,-0.9174881,0.24128407,-0.1655011,-0.02711056,-0.6163367,1.5082076,-0.9648327,-0.039661672,1.7712293,0.8914748,-4.9997196,2.7991543,-10.12931,-0.56333375,-3.3112333,3.6957278,0.024510395,-1.8804421,9.866436,14.452642
449,0.26066464,-0.47576553,-0.79046917,-0.02829962,-0.014710848,-0.9994912,1.0,0.0,0.0,0.056105,0.0627967,0.014015615,0.1516124,-0.14029986,0.13160084,-0.14174917,-0.017190723,0.20121288,-0.089375615,-0.011752367,0.023668764,0.5729613,-0.1883685,-0.08591745,0.25868055,0.013167906,-0.9733224,0.31559736,-0.13263163,0.034880437,0.28182605,0.2862922,0.14872889,-0.6162489,0.20850138,0.12371712,-0.4848549,-0.16935255,-0.22014257,-0.2136112,0.29388005,-0.40224382,-0.39624232,-0.17813143,-0.32072863,200.0,-200.0,200.0,200.0,200.0,166.63570261548466,200.0,-200.0,89.6209948896245,200.0,7.961976787377978,-200.0,0.056105,0.0627967,-0.7859844,1.7516124,-0.94029987,0.13160084,-0.14174917,-0.017190723,-0.5987871,1.5106244,-0.8117524,0.023668764,11.459226,-3.76737,-1.718349,5.173611,0.26335812,-19.466448,6.311947,-2.6526325,0.6976087,5.636521,5.725844,2.9745777
450,-0.2935897,-0.3626792,0.059405237,-0.045158636,-0.013412107,-0.9988898,1.0,0.0,0.0,0.10745479,0.052926745,0.02349025,0.16601098,-0.1500166,-0.09218501,-0.13255884,-0.018806955,0.20591778,-0.046257377,-0.039965868,-0.046924725,0.01368457,0.054942127,0.12878074,-0.07219272,-0.041740682,-0.81345147,-0.12898414,0.09256872,0.0025656715,0.16170314,-0.28970072,-0.58364546,-0.6503485,-0.028885737,-0.120242156,-0.8863199,0.021598175,0.6071378,-0.5367795,0.17285834,-0.49245727,-1.0004612,-0.5290232,0.03628159,-54.526964829912615,200.0,-200.0,-200.0,7.741223418567472,21.02120450010409,-200.0,200.0,88.58220484617841,-200.0,2.937217115272169,200.0,0.10745479,0.052926745,-0.77650976,1.766011,-0.9500166,-0.09218501,-0.13255884,-0.018806955,-0.59408224,1.5537426,-0.8399659,-0.046924725,0.2736914,1.0988425,2.5756147,-1.4438545,-0.83481365,-16.26903,-2.5796828,1.8513744,0.05131343,3.2340627,-5.7940145,-11.672909
451,-0.28547406,0.40422463,0.76726174,-0.042926423,-0.0012239125,-0.9990775,1.0,0.0,0.0,0.0546137,0.05182346,0.028088331,0.13588786,-0.10023248,-0.14776787,-0.21388762,0.0052191117,0.18188018,-0.029214025,-0.17689389,-0.06566827,-0.4907658,-0.04187693,-0.060383856,-0.21364252,0.27020738,0.15870808,-0.60418093,0.15945189,-0.21789007,0.020067332,-0.75798935,0.1921684,0.18246484,-0.23136197,0.1438448,0.3907382,-0.09723492,0.65559065,1.030641,-0.7399297,0.35646674,-0.11856876,0.091763824,0.49778998,-89.64680412800726,195.58565558729208,-200.0,-200.0,49.83482622498252,33.678448406053235,-200.0,-126.5567887808888,-200.0,-200.0,-26.18801210241827,200.0,0.0546137,0.05182346,-0.7719117,1.7358879,-0.9002325,-0.14776787,-0.21388762,0.0052191117,-0.61811984,1.570786,-0.9768939,-0.06566827,-9.815316,-0.8375386,-1.2076771,-4.2728505,5.404147,3.1741614,-12.083618,3.1890376,-4.3578014,0.40134665,-15.159787,3.843368
452,0.31411216,-0.3659306,-0.004303339,-0.041526098,-0.0013742603,-0.99913645,1.0,0.0,0.0,0.015526161,0.015489039,0.036065638,0.110033035,-0.09466612,-0.0044782823,-0.27202487,0.0047828713,0.17478251,-0.04221213,-0.21765631,0.062388808,0.052882146,-0.2992282,0.12452517,-0.0592014,-0.008721442,1.1723652,0.018496912,-0.19550638,0.056378435,0.086558215,0.33464798,0.6846852,0.475092,0.7597641,-0.089399226,0.6262904,-0.6616695,-0.036421143,0.80519783,-0.32235187,0.3941848,0.09556399,-0.34005487,-0.064421445,200.0,-200.0,200.0,-200.0,200.0,200.0,200.0,-200.0,108.60121069618134,200.0,3.4342008582306516,200.0,0.015526161,0.015489039,-0.7639344,1.710033,-0.89466614,-0.0044782823,-0.27202487,0.0047828713,-0.6252175,1.5577879,-1.0176563,0.062388808,1.0576429,-5.984564,2.4905033,-1.184028,-0.17442884,23.447304,0.36993822,-3.9101274,1.1275687,1.7311643,6.69296,13.693703
453,0.27788174,-0.46064597,-0.9815364,-0.059516292,-0.015382112,-0.9981088,1.0,0.0,0.0,0.08808977,-0.032911412,0.04251647,0.13080645,-0.20105022,0.13751358,-0.20733632,-0.03593733,0.19860327,-0.016071081,-0.2362352,0.09577746,0.61295825,-0.19593163,-0.03915795,0.23778947,-0.91343117,0.2806923,0.5733167,-0.20552598,0.18193297,0.1468738,-0.22546797,-0.24249671,-0.69092584,0.68953234,-0.35233405,-0.58915347,0.0902556,-0.88968706,-0.48316297,0.94335353,-0.83554304,-0.9431517,-0.65844923,-0.5106285,200.0,-200.0,200.0,83.22604608197136,14.12313994547307,-164.82665564416678,200.0,200.0,-200.0,200.0,-83.91969689629309,-200.0,0.08808977,-0.032911412,-0.75748354,1.7308065,-1.0010502,0.13751358,-0.20733632,-0.03593733,-0.60139674,1.583929,-1.0362352,0.09577746,12.259165,-3.9186325,-0.78315896,4.7557893,-18.268623,5.613846,11.466333,-4.1105194,3.6386592,2.937476,-4.5093594,-4.849934
454,-0.25186715,0.23841278,-0.28131908,-0.061865028,-0.016530901,-0.99794763,1.0,0.0,0.0,0.14768223,-0.047373347,0.012091517,0.15844965,-0.27475804,0.08258009,-0.15254536,-0.04894375,0.21384144,0.0010364056,-0.35588485,-0.05392227,0.038276874,0.030402536,-0.2491521,0.05651016,0.07681931,-0.72879535,0.03213121,0.040222075,-0.020714171,0.036070194,-0.6533334,-0.97799015,-0.84721726,-0.10058001,0.40068918,-0.58971626,0.17727123,0.04769429,-0.79772794,0.22247957,-0.034984194,-0.83310115,0.15170506,0.35057387,-200.0,200.0,-200.0,-200.0,45.606939072501405,43.1615338612271,-200.0,200.0,-200.0,-200.0,200.0,-200.0,0.14768223,-0.047373347,-0.7879085,1.7584497,-1.074758,0.08258009,-0.15254536,-0.04894375,-0.5861586,1.6010364,-1.1558849,-0.05392227,0.76553744,0.6080507,-4.983042,1.1302032,1.5363861,-14.575907,0.6426242,0.80444145,-0.41428342,0.7214039,-13.0666685,-19.559803
455,-0.29096526,0.32803014,0.65008163,-0.05073075,-0.0050045447,-0.99869984,1.0,0.0,0.0,0.09693038,-0.043798424,-0.017011046,0.13440597,-0.16936839,0.0030191576,-0.20499793,-0.03383201,0.19937342,0.016699314,-0.36044437,-0.124295935,-0.49315858,0.010129572,-0.059645563,-0.26316366,0.7077017,-0.121256426,-0.5037872,0.098844506,-0.1118802,0.065671615,0.45859638,0.117731385,-0.089887954,-0.47899646,0.37585363,0.74656636,-0.010418132,0.81285155,1.0124795,-1.0135541,0.5532483,-0.5124263,0.43310934,0.5792182,-200.0,200.0,-200.0,-200.0,200.0,200.0,-200.0,-125.59412183408583,200.0,-200.0,25.10591359910086,200.0,0.09693038,-0.043798424,-0.81701106,1.734406,-0.9693684,0.0030191576,-0.20499793,-0.03383201,-0.6006266,1.6166993,-1.1604444,-0.124295935,-9.863172,0.20259143,-1.1929113,-5.263273,14.154034,-2.4251285,-10.075744,1.9768901,-2.237604,1.3134322,9.171927,2.3546276
456,0.3646558,-0.41408125,0.23131488,-0.053634472,-0.0072284513,-0.9985345,1.0,0.0,0.0,0.008356042,-0.07054523,-0.0046709776,0.09773445,-0.09282082,0.08809609,-0.24948823,-0.04536432,0.21959549,-0.007765174,-0.1891399,0.0026203007,-0.36624056,-0.25656044,0.15614446,-0.12095167,0.26350567,0.8735177,0.009272449,-0.18485053,0.27048543,-0.2632137,1.0743186,0.94235003,0.5652912,0.78895265,-0.3133023,0.6097454,-0.55849177,-0.120887496,0.8157441,0.19360898,-0.20194209,-0.40785068,-0.56983113,-0.43415326,200.0,-200.0,200.0,-200.0,200.0,200.0,200.0,-200.0,200.0,200.0,-174.7024018293284,200.0,0.008356042,-0.07054523,-0.804671,1.6977345,-0.89282084,0.08809609,-0.24948823,-0.04536432,-0.5804045,1.5922348,-0.9891399,0.0026203007,-7.324811,-5.131209,3.122889,-2.4190333,5.2701135,17.470354,0.18544897,-3.6970105,5.4097085,-5.2642736,21.486372,18.847
457,0.014122998,0.22766091,-0.48263735,-0.056678288,-0.015299414,-0.9982753,1.0,0.0,0.0,-0.010168809,-0.10324311,-0.010596633,0.09967005,-0.14509153,0.15454982,-0.1867204,-0.05935004,0.23506087,-0.004666686,-0.20145911,0.033303354,0.1295018,-0.07421051,-0.18752356,0.124459386,-0.6858243,-0.11077547,0.56669515,0.05629602,-0.0028267845,0.05062771,-0.6338073,-0.35447237,0.110677294,0.44315016,0.059736293,0.40610543,-0.39167434,-0.5415926,-0.4919837,-0.32802862,0.20604736,-0.4134856,-0.53169364,-1.0608084,200.0,200.0,-200.0,-200.0,-200.0,-200.0,200.0,200.0,-200.0,200.0,-200.0,-200.0,-0.010168809,-0.10324311,-0.81059664,1.6996701,-0.94509155,0.15454982,-0.1867204,-0.05935004,-0.56493914,1.5953333,-1.0014591,0.033303354,2.5900362,-1.4842101,-3.750471,2.4891877,-13.716485,-2.2155094,11.333902,1.1259204,-0.056535687,1.0125542,-12.676146,-7.0894475
458,0.07618392,-0.10510526,-0.3313182,-0.055526998,-0.018012522,-0.9982947,1.0,0.0,0.0,0.0337955,-0.111316636,-0.032254934,0.13713872,-0.24088031,0.02340352,-0.14887139,-0.053721804,0.24189073,0.027876616,-0.31990772,-0.09943968,0.2819396,-0.013072203,-0.05026724,0.24084087,-0.578988,-1.101455,-0.10177215,-0.012277072,0.0645751,0.19816354,-0.64832217,-0.9893632,-0.5269912,0.025634095,0.38327536,-0.43185246,0.27957904,0.28148308,-0.6820112,0.11711955,0.39835605,-0.59189,0.597795,0.6217054,-200.0,-200.0,-116.40745382430495,-200.0,-200.0,-200.0,174.70486652448102,200.0,179.38718741707405,200.0,-200.0,-200.0,0.0337955,-0.111316636,-0.83225495,1.7371387,-1.0408803,0.02340352,-0.14887139,-0.053721804,-0.5581093,1.6278766,-1.1199077,-0.09943968,5.6387916,-0.26144406,-1.0053447,4.8168173,-11.57976,-22.029099,-2.035443,-0.24554144,1.2915019,3.9632707,-12.966443,-19.787264
459,-0.41838685,-0.5129987,0.48956946,-0.070209965,-0.008798791,-0.99749345,1.0,0.0,0.0,0.0349879,-0.08741201,-0.00627321,0.14807689,-0.25120717,-0.09302602,-0.21766235,-0.04278258,0.28397006,0.038770676,-0.3437019,-0.1935716,-0.22073753,0.19668162,0.25937432,-0.09544524,0.37909815,-0.15465239,-0.5285798,0.09011729,0.2905756,-0.040692892,0.31674868,-0.045750704,-0.6385748,-0.26948947,-0.85661227,-0.82176113,0.1769263,1.1416916,1.0478427,-0.7032552,-1.0418175,-1.3084298,0.5091373,0.6908261,-200.0,200.0,-40.76440198324053,-200.0,200.0,200.0,-200.0,48.6231597142866,200.0,-200.0,200.0,200.0,0.0349879,-0.08741201,-0.8062732,1.7480769,-1.0512072,-0.09302602,-0.21766235,-0.04278258,-0.51602995,1.6387707,-1.1437019,-0.1935716,-4.4147506,3.9336324,5.187486,-1.9089048,7.5819626,-3.0930476,-10.571595,1.8023458,5.8115115,-0.81385785,6.3349733,-0.915014
460,0.3287625,0.024212401,0.26683342,-0.07839893,-0.0054825465,-0.996907,1.0,0.0,0.0,-0.061901204,-0.08289572,0.020932496,0.11462009,-0.10643226,-0.017187903,-0.28121474,-0.055359088,0.3122373,0.02824974,-0.22691184,-0.09527797,-0.636494,-0.12381275,0.04457969,-0.23129594,0.82694167,0.8177023,-0.16562305,-0.2392708,-0.05380444,0.08510211,0.3219367,0.8703877,0.4838616,0.64968574,0.048500236,0.5114093,-0.077233605,0.18037504,0.87845385,0.19156711,-0.22641641,0.31147057,0.52282524,-0.5388537,200.0,-200.0,-200.0,-200.0,200.0,51.90339607180499,98.33391712600132,-200.0,-200.0,-200.0,-200.0,200.0,-0.061901204,-0.08289572,-0.7790675,1.7146201,-0.9064323,-0.017187903,-0.28121474,-0.055359088,-0.48776272,1.6282498,-1.0269119,-0.09527797,-12.729879,-2.476255,0.89159375,-4.625919,16.538834,16.354046,-3.3124611,-4.785416,-1.0760888,1.7020422,6.4387336,17.407753
461,-0.20939676,0.35037294,-0.19772796,-0.06997994,-0.007924093,-0.99751693,1.0,0.0,0.0,-0.13252445,-0.08592979,0.010361671,0.10509908,-0.0448429,0.11287321,-0.25446197,-0.063589185,0.26769465,0.09227657,-0.10674739,-0.016181666,-0.12253679,0.050132096,-0.13872455,0.15766685,-0.19146457,0.70945984,0.37438214,0.11494776,-0.34875557,0.48288688,0.81168264,0.013460687,0.28230932,-0.43704718,0.40519902,0.2799557,-0.41767043,-0.95931315,-0.16514777,-0.24311091,0.5527897,-0.9200213,-0.32480085,-0.3809704,200.0,200.0,-200.0,61.06988713419793,200.0,-200.0,200.0,200.0,65.52908704915295,200.0,-78.52806318467299,188.09272832829456,-0.13252445,-0.08592979,-0.78963834,1.7050991,-0.8448429,0.11287321,-0.25446197,-0.063589185,-0.53230536,1.6922766,-0.9067474,-0.016181666,-2.4507358,1.0026419,-2.7744908,3.1533368,-3.8292913,14.189197,7.487643,2.2989552,-6.9751115,9.657738,16.233652,0.26921374
462,0.32402545,-0.42672652,-0.6029581,-0.07317717,-0.01274314,-0.99723756,1.0,0.0,0.0,-0.09792252,-0.1037343,0.013278186,0.14414203,-0.14971179,0.15134993,-0.17804058,-0.07353743,0.24504614,0.150051,-0.051278412,-0.09306607,0.40488744,-0.19863446,0.15399963,0.19817798,-0.58924234,-0.23014365,0.27208516,-0.19368044,0.07363718,0.13365349,-0.15974912,-0.54164755,-0.089455195,0.2606818,-0.20278184,-1.3756562,0.38624638,-0.64907163,-0.27023575,0.728632,-0.32886827,-1.0021801,-0.70297927,0.10699743,-200.0,-188.52736798553192,200.0,-200.0,-200.0,-111.97153432807545,200.0,-200.0,200.0,82.37643935112126,54.66548118849232,-200.0,-0.09792252,-0.1037343,-0.7867218,1.744142,-0.9497118,0.15134993,-0.17804058,-0.07353743,-0.5549539,1.750051,-0.8512784,-0.09306607,8.097749,-3.9726892,3.0799925,3.9635596,-11.784846,-4.602873,5.4417033,-3.8736086,1.4727435,2.6730697,-3.1949823,-10.832951
463,-0.16422015,0.32328516,-0.061245963,-0.0734872,-0.015893148,-0.9971695,1.0,0.0,0.0,-0.07410818,-0.11362775,0.020131528,0.16431272,-0.15842777,-0.005558796,-0.17167878,-0.091403075,0.23229653,0.16881907,-0.18610322,-0.09897914,-0.023964358,0.07036158,-0.06468903,0.021817153,0.40248218,-1.2354223,-0.125764,0.0025466871,-0.1739365,0.060320504,-1.0405473,0.36040816,-0.6904977,0.045799956,0.17721826,-0.5193749,0.16740422,0.30158937,0.004637342,0.33378184,0.06120161,-0.8355165,-0.313472,0.54286623,-95.38249606136972,200.0,-200.0,-200.0,-63.52608912897108,123.49650662872995,-19.940931574908337,200.0,-200.0,-200.0,200.0,-200.0,-0.07410818,-0.11362775,-0.7798685,1.7643127,-0.9584278,-0.005558796,-0.17167878,-0.091403075,-0.5677035,1.7688191,-0.98610324,-0.09897914,-0.47928715,1.4072315,-1.2937807,0.43634307,8.0496435,-24.708445,-2.51528,0.05093374,-3.47873,1.20641,-20.810946,7.208163
464,-0.6802764,0.32742414,0.29304394,-0.06012587,0.0025862777,-0.9981875,1.0,0.0,0.0,-0.12533893,-0.07738715,0.021855593,0.14768565,-0.08055508,-0.1369046,-0.1468719,-0.057568748,0.20117843,0.16535056,-0.28668517,0.06836154,-0.44810435,0.24592523,0.014668445,-0.022377286,0.026521206,-0.08034714,0.27106342,0.2894501,-0.14299041,-0.09199072,-0.108160414,1.0151956,0.16513148,-1.3145503,0.35743377,0.56549215,0.05633457,0.8518503,0.79496706,-0.9600643,0.947783,-1.1631738,0.61478466,-0.10974148,55.27161804914755,200.0,-142.1451200914761,-200.0,100.40293270917287,-51.505751259435215,-200.0,13.026624362291841,200.0,-200.0,200.0,200.0,-0.12533893,-0.07738715,-0.7781444,1.7476857,-0.8805551,-0.1369046,-0.1468719,-0.057568748,-0.5988216,1.7653506,-1.0866852,0.06836154,-8.962087,4.9185047,0.2933689,-0.4475457,0.5304241,-1.6069429,5.4212685,5.789002,-2.8598082,-1.8398143,-2.1632082,20.303911
465,-0.06970383,-0.4422064,-0.49527508,-0.064144,0.016214777,-0.99780893,1.0,0.0,0.0,-0.1510908,-0.06295346,0.045717716,0.16107821,-0.042129695,-0.039858665,-0.039258398,-0.025550079,0.21814293,0.10870242,-0.20290548,0.16814648,0.13352497,-0.06867048,0.21270113,0.12657683,0.20911744,0.9421717,0.7542376,0.06312374,0.2746569,-0.43826923,0.8511487,0.077421345,0.3627445,-0.040273473,-0.8122937,-0.1668469,0.06268421,-0.26843768,-0.5373912,-0.62867534,0.08203596,-0.32389528,0.78109056,-0.68615836,200.0,-200.0,200.0,-200.0,200.0,-200.0,200.0,-200.0,200.0,200.0,-11.705461364248436,200.0,-0.1510908,-0.06295346,-0.7542823,1.7610782,-0.8421297,-0.039858665,-0.039258398,-0.025550079,-0.5818571,1.7087024,-1.0029055,0.16814648,2.6704993,-1.3734096,4.2540226,2.5315366,4.1823487,18.843433,15.084751,1.2624748,5.493138,-8.765385,17.022974,1.5484269
466,0.2146886,0.23492898,-0.66113114,-0.06731323,0.009441926,-0.9976872,1.0,0.0,0.0,-0.076074496,-0.0760782,0.06771225,0.16904104,-0.0050941706,0.04208127,0.03929657,-0.021340657,0.23926258,0.10745478,-0.1243552,0.028565193,0.56892204,-0.042179685,0.02730006,-0.020015161,0.15420936,-0.024864016,0.15030064,-0.033524416,-0.03104036,0.013580297,0.6036641,-1.1614969,-0.040307738,0.3654207,-0.29249737,0.06700392,-0.43175215,-0.45361933,-1.0222214,0.14420311,0.6512816,0.7524439,0.36711767,-0.5609015,-200.0,-200.0,-200.0,-200.0,200.0,-200.0,200.0,114.90046160018926,-200.0,-200.0,-19.088848964424756,-200.0,-0.076074496,-0.0760782,-0.73228776,1.7690411,-0.8050942,0.04208127,0.03929657,-0.021340657,-0.56073743,1.7074548,-0.9243552,0.028565193,11.378441,-0.8435937,0.5460012,-0.4003032,3.084187,-0.49728033,3.0060127,-0.6704883,-0.6208072,0.27160594,12.073282,-23.229937
467,-0.2883983,0.21930934,-0.17350294,-0.058783635,0.011563469,-0.99820375,1.0,0.0,0.0,-0.02156807,-0.05804824,0.072627604,0.15515184,-0.076233804,-0.06730855,0.019703055,0.007552765,0.2070269,0.16750693,-0.028129816,-0.16490094,0.055908155,0.18387605,0.0053330106,-0.08963044,-0.7069618,-0.818824,-0.31247732,0.20058838,-0.1893907,0.38574144,0.76060605,-0.86260366,-1.2767783,-0.4516818,0.7002458,-0.35884473,0.2572106,0.5610638,0.34861568,-0.5282835,0.016246252,-0.8491548,0.12746292,0.7098202,-200.0,-111.53326709804628,200.0,200.0,112.4553374229522,67.89061799792466,-124.14308781900166,200.0,-200.0,-91.64871821117737,-59.090086409328705,19.93695924840381,-0.02156807,-0.05804824,-0.7273724,1.7551519,-0.8762338,-0.06730855,0.019703055,0.007552765,-0.5929731,1.767507,-0.8281298,-0.16490094,1.1181631,3.677521,0.10666021,-1.7926087,-14.1392355,-16.37648,-6.249546,4.0117674,-3.787814,7.714829,15.212121,-17.252073
468,0.28979346,0.1844957,0.029418686,-0.050446793,0.0102298325,-0.99867433,1.0,0.0,0.0,-0.063254535,-0.05300144,0.09119201,0.10521245,-0.111857295,-0.12439371,0.00032178665,0.025419727,0.17286229,0.22463334,0.04258573,-0.2258764,-0.42746902,-0.10322918,0.1669926,-0.38116357,0.25443503,0.15076217,0.080643706,-0.0057980265,-0.15892272,0.20361248,0.194613,0.15164582,0.479057,0.24381614,0.27146098,-0.5652557,0.7883,0.32599354,0.7324818,-0.0922569,0.06543862,-0.50455654,-0.33493155,0.3788015,200.0,-200.0,-157.7081271103975,-200.0,-28.32625169673176,200.0,-200.0,-200.0,200.0,-200.0,200.0,200.0,-0.063254535,-0.05300144,-0.708808,1.7052125,-0.9118573,-0.12439371,0.00032178665,0.025419727,-0.6271377,1.8246334,-0.7574143,-0.2258764,-8.54938,-2.0645835,3.339852,-7.623271,5.088701,3.0152433,1.6128742,-0.11596053,-3.1784544,4.0722494,3.8922598,3.0329165
469,0.10555909,0.14721368,-0.5083348,-0.044491854,0.0031933468,-0.99900466,1.0,0.0,0.0,-0.08031284,-0.07740636,0.11454171,0.06992519,-0.10564548,0.016395802,0.06797872,0.025729608,0.1467554,0.24745667,-0.018647552,-0.087904245,0.14390278,-0.11545046,0.11615677,-0.20740573,0.08165831,0.7260473,0.5540825,-0.006866568,-0.106776536,0.035126787,-0.5585007,0.9699152,0.11475788,0.54842186,0.49215946,1.0156052,0.9307223,0.05213078,-0.4415235,0.10830705,0.19706309,0.43594587,-0.9880792,0.09170595,200.0,-200.0,98.33526467566193,-200.0,200.0,-200.0,200.0,200.0,84.24022873214577,-200.0,200.0,-135.53566524068674,-0.08031284,-0.07740636,-0.6854583,1.6699252,-0.9056455,0.016395802,0.06797872,0.025729608,-0.6532446,1.8474567,-0.81864756,-0.087904245,2.8780556,-2.309009,2.3231354,-4.1481147,1.6331662,14.520946,11.08165,-0.13733135,-2.1355307,0.70253575,-11.170013,19.398304
470,-0.38407275,-0.41552293,-0.1868581,-0.051475473,0.01057025,-0.9986183,1.0,0.0,0.0,-0.027761562,-0.07585677,0.14463311,0.058024645,-0.05605495,0.10106351,0.12850782,0.045235574,0.14255542,0.2715,-0.21602434,0.071269855,0.28952464,0.097733766,0.16784292,0.062161822,0.39193264,0.01660121,0.07523263,0.15372112,0.039071847,0.17648402,-1.1587147,0.51917356,-0.53223825,-0.4828599,-0.359595,-0.23372546,1.1092072,-0.8251585,-0.8635258,-0.2882427,-0.39984632,-1.0383419,-0.22450888,-0.28852236,-200.0,-14.346726097881714,82.28643375221424,174.62812204204334,-200.0,-200.0,11.041927520745276,200.0,200.0,200.0,200.0,-200.0,-0.027761562,-0.07585677,-0.6553669,1.6580247,-0.85605496,0.10106351,0.12850782,0.045235574,-0.6574446,1.8715,-1.0160244,0.071269855,5.790493,1.9546753,3.3568585,1.2432364,7.8386526,0.3320242,1.5046526,3.0744224,0.7814369,3.5296803,-23.174292,10.3834715
471,0.14907373,0.24637584,0.4403772,-0.053338286,0.014394119,-0.99847275,1.0,0.0,0.0,-0.03665073,-0.071748555,0.13585562,0.08611417,0.04371631,0.027185591,0.079768986,0.040898617,0.12753087,0.28948343,-0.38413292,0.068486825,-0.31414047,-0.026269266,-0.21299462,0.22836176,0.5698115,-0.5799925,-0.50398916,-0.15814967,-0.17494301,0.019345155,-0.41729513,-0.4126009,-0.08660323,0.4066398,0.28315133,0.009132113,0.27020818,0.3413201,0.48074394,0.4182794,0.38562876,-1.0411298,0.5064319,-0.074582115,-200.0,-200.0,-200.0,-200.0,200.0,-108.11448723355375,-200.0,-200.0,-200.0,-200.0,200.0,-200.0,-0.03665073,-0.071748555,-0.6641444,1.6861142,-0.7562837,0.027185591,0.079768986,0.040898617,-0.67246914,1.8894835,-1.1841329,0.068486825,-6.2828093,-0.5253853,-4.2598925,4.567235,11.396231,-11.59985,-10.0797825,-3.1629934,-3.4988601,0.3869031,-8.345902,-8.252018
472,-0.46691358,-0.4175317,0.00617148,-0.05816724,0.022253104,-0.9980588,1.0,0.0,0.0,-0.0602698,-0.052131183,0.13453758,0.10089278,0.15199888,0.020364331,0.038891654,0.047850214,0.13219815,0.26230335,-0.36256796,0.0069356374,-0.03513388,0.19498456,0.16194488,-0.050638568,0.33100045,0.40770373,0.036669992,0.18555383,0.18527251,-0.2620495,0.53748107,-0.19996785,0.46812358,-0.52394027,-0.61830175,0.38190755,-0.3665506,0.45991093,0.6963323,-0.81662726,0.21118179,-1.1452277,0.46957368,0.37133652,200.0,200.0,200.0,-200.0,200.0,57.33754614722511,-9.62898352658933,200.0,180.39057322095982,-164.67855022874468,-157.52403810084422,200.0,-0.0602698,-0.052131183,-0.66546243,1.7008928,-0.64800113,0.020364331,0.038891654,0.047850214,-0.66780186,1.8623034,-1.162568,0.0069356374,-0.7026776,3.899691,3.2388976,-1.0127714,6.620009,8.154075,0.7333998,3.7110767,3.7054503,-5.2409897,10.749621,-3.9993567
473,0.27220157,-0.019678548,-0.89613193,-0.06696516,0.02335081,-0.99748206,1.0,0.0,0.0,-0.010870792,-0.042273346,0.13062406,0.12740397,0.111222625,0.15904385,0.10440966,0.053457078,0.16567808,0.18675399,-0.15357006,0.072374895,0.4715905,-0.066203974,-0.17246503,0.28256226,-0.64163023,0.6628182,0.5636765,-0.09476828,0.15431927,-0.4730595,1.3170127,0.6267404,-0.23248392,0.44560176,-0.29551628,0.3930761,-0.38550204,0.08927388,-0.46790266,0.18930288,-0.25727552,0.4819237,0.0068730116,-0.5095233,200.0,-200.0,-58.40340401434952,-200.0,-32.785412581095216,0.17111953964945315,200.0,-200.0,-200.0,200.0,-200.0,-61.80621478526848,-0.010870792,-0.042273346,-0.66937596,1.727404,-0.6887774,0.15904385,0.10440966,0.053457078,-0.6343219,1.786754,-0.95357007,0.072374895,9.431809,-1.3240795,-3.4493005,5.651245,-12.832604,13.256364,11.273529,-1.8953656,3.0863855,-9.46119,26.340254,12.534807
474,-0.386186,0.5952832,-0.13513839,-0.054472256,0.025509449,-0.9981894,1.0,0.0,0.0,0.023654176,-0.027848618,0.06099844,0.20544183,-0.051906288,0.18488218,0.16330239,0.058666755,0.15256858,0.13055134,0.0038545728,0.08631029,-0.06881022,0.19179714,-0.47520882,0.42708746,-0.7257225,-0.18886314,0.07168631,0.12021488,-0.24792202,-0.1236542,0.35272262,-0.38640556,-0.5224628,-0.30616271,0.7050892,-0.2655077,-0.23960958,-0.93569064,-1.2602476,-0.34115857,0.8791969,-0.24822445,-0.051368237,-0.26353553,-200.0,164.84843799563842,-200.0,200.0,-200.0,-200.0,-200.0,200.0,-200.0,-34.078857378041505,60.53457839065993,-26.706668661040112,0.023654176,-0.027848618,-0.7390016,1.8054419,-0.8519063,0.18488218,0.16330239,0.058666755,-0.64743143,1.7305514,-0.79614544,0.08631029,-1.3762044,3.8359427,-9.504176,8.541749,-14.514449,-3.777263,1.4337262,2.4042976,-4.9584403,-2.473084,7.0544524,-7.728111
475,0.28684276,0.013355524,0.5024206,-0.04310617,0.026460608,-0.99872005,1.0,0.0,0.0,-0.052845884,-0.01786884,0.0063971877,0.2599827,-0.12603772,0.040093996,0.109848,0.05124225,0.15060079,0.06731427,0.0002475381,-0.028044505,-0.6383208,-0.06723622,-0.107174,0.15243651,-0.2514376,-1.162035,-0.54337806,-0.16342416,0.18017538,-0.47891432,-0.11037802,-0.5151734,0.38396466,0.20816688,0.16706891,-0.52533185,0.345039,0.017757297,0.2543831,0.30720836,0.83723474,0.018386051,0.3492661,0.35510948,-200.0,-200.0,200.0,-200.0,5.268891701273759,45.31855420566086,-200.0,-200.0,200.0,-200.0,26.162265239809898,-200.0,-0.052845884,-0.01786884,-0.7936028,1.8599827,-0.9260377,0.040093996,0.109848,0.05124225,-0.6493992,1.6673143,-0.7997525,-0.028044505,-12.766416,-1.3447244,-2.14348,3.0487301,-5.028752,-23.2407,-10.86756,-3.2684832,3.6035075,-9.578286,-2.2075603,-10.303468
476,-0.4685493,-0.59488094,-0.14930166,-0.056646395,0.031830132,-0.9978868,1.0,0.0,0.0,-0.11655135,-0.00013027241,0.02517271,0.25722778,-0.07022953,-0.08481641,0.06623225,0.054833557,0.20452118,-0.016281247,0.0726369,-0.023091204,-0.05750096,0.21336663,0.24275301,-0.14301036,0.7151057,-0.18548606,0.053732075,0.16211756,0.33691725,-0.36450702,0.57985646,0.4663405,0.511428,-0.3770846,-0.8818656,0.11378768,-0.4056909,1.0510268,0.6419,-0.55432343,-0.43344146,0.5446686,0.1866726,0.13015226,200.0,200.0,200.0,200.0,-11.368613400713798,200.0,200.0,200.0,75.74444338323752,-200.0,200.0,200.0,-0.11655135,-0.00013027241,-0.7748273,1.8572278,-0.87022954,-0.08481641,0.06623225,0.054833557,-0.59547883,1.5837188,-0.7273631,-0.023091204,-1.1500192,4.2673326,4.85506,-2.860207,14.3021145,-3.709721,1.0746415,3.242351,6.738345,-7.29014,11.597129,9.32681
477,0.08862624,0.042072456,-0.8311749,-0.067434244,0.036486473,-0.99705637,1.0,0.0,0.0,-0.06962804,0.015441167,0.04230988,0.22725022,-0.031480312,-0.010429385,0.1271587,0.059502,0.22432184,-0.016150355,0.122734845,0.053568307,0.47359142,-0.026550878,-0.053245652,-0.13442807,-0.23400417,0.8283294,0.51450855,-0.07234539,-0.08102154,0.19862084,0.053773668,0.2797172,-0.046272464,0.24480048,-0.12776642,0.18528172,-0.64220804,0.06256699,-0.86344165,-0.031197354,0.040313825,0.18875405,0.30936137,-0.56513566,136.0253596739915,-200.0,-200.0,200.0,-200.0,-200.0,200.0,-200.0,-200.0,73.27764913277554,-200.0,200.0,-0.06962804,0.015441167,-0.75769013,1.8272502,-0.8314803,-0.010429385,0.1271587,0.059502,-0.57567817,1.5838497,-0.67726517,0.053568307,9.471828,-0.53101754,-1.064913,-2.6885612,-4.6800833,16.566587,10.290171,-1.4469078,-1.6204308,3.9724166,1.0754733,5.594344
478,-0.09504021,0.48244405,-0.2230424,-0.05425349,0.035742644,-0.99788725,1.0,0.0,0.0,-0.030284096,0.024944844,0.00830543,0.21085453,-0.1768192,0.051849443,0.1656694,0.040798496,0.17588681,0.04536748,0.18019384,0.0004979067,0.02317433,0.10842297,-0.21815653,-0.063305095,-0.9799933,0.03248253,-0.06455968,-0.10149669,-0.2997588,0.33027315,0.2823921,-0.7124082,-0.9706673,-0.4203093,0.7753652,-0.19084461,0.17548789,-0.97644293,-1.130288,0.3954481,0.5418932,-0.38687915,-0.19897792,-0.051913705,-200.0,-46.08514182372846,14.681506254781823,-34.08044345006368,-24.338550480689662,-200.0,-74.87176271573097,200.0,-66.65557487229526,10.115870136158563,20.58436536286547,-24.154728311343323,-0.030284096,0.024944844,-0.7916946,1.8108546,-0.9768192,0.051849443,0.1656694,0.040798496,-0.6241132,1.6453675,-0.6198062,0.0004979067,0.4634866,2.1684594,-4.3631306,-1.2661018,-19.599865,0.64965063,-1.2911936,-2.0299337,-5.995176,6.605463,5.647842,-14.248163
479,-0.048030846,-0.20872521,0.44127458,-0.049952686,0.03866581,-0.9980028,1.0,0.0,0.0,-0.0878969,0.03841724,0.012035251,0.16445816,-0.26708263,-0.04857732,0.09855564,0.023581926,0.15998393,0.07592511,0.1314159,-0.04960014,-0.54471797,0.03433385,0.21313043,-0.3699366,-0.019554421,-0.9395072,-0.5600828,-0.07203381,0.09783424,0.010589064,-0.63452816,-0.02417021,0.5425003,-0.21913235,-0.21775626,-0.14409679,0.3208841,0.27951178,0.25776976,0.21844171,0.2832671,-0.53666496,-0.3159447,0.6442964,-200.0,200.0,200.0,-200.0,-99.41664805929747,28.775756331100425,-200.0,-200.0,200.0,-200.0,200.0,-200.0,-0.0878969,0.03841724,-0.78796476,1.7644582,-1.0670826,-0.04857732,0.09855564,0.023581926,-0.6400161,1.6759251,-0.6685841,-0.04960014,-10.894359,0.68667704,4.2626085,-7.3987317,-0.39108843,-18.790144,-11.201655,-1.4406761,1.9566847,0.21178128,-12.690563,-0.4834042
480,0.007197433,-0.037740283,-0.3702311,-0.055442788,0.03951465,-0.99767965,1.0,0.0,0.0,-0.1308218,0.034072515,0.041612506,0.07918823,-0.16279697,-0.12523603,0.05525323,0.016561069,0.19344366,0.048662543,-0.017834246,0.05342307,0.055012055,-0.06421388,0.071470216,-0.43848863,0.9375469,0.07187517,0.064715505,-0.0041173804,0.19741695,-0.24768458,-0.6495572,0.95649666,0.48329848,0.06147071,-7.916766e-06,1.2926395,-0.17065234,0.74614614,0.7983373,0.12425713,-0.48853505,0.27469063,0.03520155,-0.0106963925,200.0,200.0,-6.8706036198784375,-200.0,55.133797414880405,200.0,200.0,-200.0,-200.0,-22.67882616774574,134.1756278231345,200.0,-0.1308218,0.034072515,-0.7583875,1.6791883,-0.962797,-0.12523603,0.05525323,0.016561069,-0.60655636,1.6486626,-0.81783426,0.05342307,1.1002411,-1.2842776,1.4294043,-8.769773,18.750938,1.4375033,1.2943101,-0.0823476,3.9483387,-4.9536915,-12.991143,19.129932
481,-0.30691773,0.32199928,-0.8984258,-0.04875404,0.045873065,-0.99775684,1.0,0.0,0.0,-0.056473445,0.034280498,0.029055953,0.017454743,-0.081930876,-0.0019500037,0.12977374,0.03940398,0.19457752,0.036214232,-0.046463847,0.13810931,0.6264373,0.020686138,-0.14264886,-0.21404444,-0.03536017,1.0623653,0.61598665,0.18137623,-0.13498509,0.08876892,0.1537286,-0.01050514,-0.4598418,-0.3491801,0.7130448,0.9539753,-0.632303,-0.3997199,-0.67970026,-0.18473548,0.29998723,-0.69912255,0.052601308,-0.5460549,200.0,5.896467320992059,-200.0,200.0,31.276639678292213,-200.0,200.0,33.91109710953923,65.68453258747131,200.0,-200.0,200.0,-0.056473445,0.034280498,-0.77094406,1.6174548,-0.8819309,-0.0019500037,0.12977374,0.03940398,-0.6054225,1.6362143,-0.84646386,0.13810931,12.528746,0.41372275,-2.852977,-4.2808886,-0.7072033,21.247305,12.319733,3.6275246,-2.6997018,1.7753783,3.074572,-0.2101028
482,0.45907968,-0.1920346,-0.26326975,-0.049784917,0.04011297,-0.99795413,1.0,0.0,0.0,0.003675611,0.008330796,0.02307719,-0.006962061,-0.19477677,0.103039384,0.18297157,0.041665435,0.20949417,0.01855421,-0.012838185,0.028504247,0.033752475,-0.24070993,0.0429465,-0.047038537,-0.9010752,0.08542385,-0.02049615,-0.12556975,0.21337107,-0.21739092,0.14532974,-0.98832196,-0.8229069,0.31970686,-0.013506402,0.17943269,0.19180484,-0.79684186,-1.1245525,0.43847126,-0.44989693,-0.18553685,-0.69150436,0.08340797,-200.0,-200.0,-2.1762583072886343,-200.0,-14.422988931952489,-200.0,-200.0,-200.0,200.0,200.0,-23.329947911309205,-200.0,0.003675611,0.008330796,-0.7769228,1.593038,-0.9947768,0.103039384,0.18297157,0.041665435,-0.59050584,1.6185542,-0.8128382,0.028504247,0.6750495,-4.8141985,0.85892993,-0.9407707,-18.021503,1.708477,-0.409923,-2.5113947,4.2674212,-4.3478184,2.9065948,-19.76644
483,-0.056053832,0.08187262,0.5488215,-0.050298244,0.033279683,-0.9981796,1.0,0.0,0.0,-0.055566188,-0.01059359,0.01123023,0.0056883097,-0.26826376,0.008894599,0.1269688,0.031816613,0.23367405,-0.026957631,-0.08824158,-0.06545198,-0.5672067,0.02878028,-0.11845552,0.1430535,0.06691218,-0.9250994,-0.49688458,0.018606892,0.0514229,-0.21973813,-0.8050357,-0.04499791,0.4680554,0.37445503,0.06387059,0.47810078,0.047531083,0.6141542,0.59381515,-0.21807374,0.31401697,-0.016076677,-0.033675738,0.50602067,-200.0,200.0,-200.0,-102.52715386772374,-200.0,200.0,-200.0,200.0,55.41860094199303,200.0,200.0,-200.0,-0.055566188,-0.01059359,-0.7887698,1.6056883,-1.0682638,0.008894599,0.1269688,0.031816613,-0.56632596,1.5730424,-0.8882416,-0.06545198,-11.344133,0.5756056,-2.3691103,2.86107,1.3382436,-18.501987,-9.937692,0.37213784,1.028458,-4.3947625,-16.100714,-0.89995813
484,-0.12884292,-0.3062212,-0.059770312,-0.05591717,0.037513513,-0.99773043,1.0,0.0,0.0,-0.109246045,-0.0016551992,-0.0028939843,0.049985528,-0.18167347,-0.06936181,0.084064305,0.036266956,0.25072545,-0.051559806,-0.14408392,0.036110282,-0.025648838,0.057402607,-0.0361846,0.28589648,0.49345142,0.045947455,0.017552698,0.023659375,0.1020638,-0.050008833,0.13937402,0.92346257,0.6423835,-0.08702488,-0.20483838,0.26338896,-0.6139975,0.55501795,0.47514093,-0.5827576,-0.22722918,-0.5426976,0.38500035,-0.1528575,200.0,-200.0,31.350727504350075,132.43616076412624,167.68485595662708,110.63528361514102,200.0,200.0,174.38936346829001,200.0,-32.970309093729384,200.0,-0.109246045,-0.0016551992,-0.802894,1.6499856,-0.9816735,-0.06936181,0.084064305,0.036266956,-0.54927456,1.5484402,-0.9440839,0.036110282,-0.51297677,1.1480521,-0.723692,5.7179294,9.869028,0.91894907,0.35105395,0.47318748,2.041276,-1.0001767,2.7874804,18.469252
485,0.34537658,0.28837568,-0.742935,-0.055093836,0.02954015,-0.99804413,1.0,0.0,0.0,-0.051747333,-0.016386652,-0.04443401,0.121662974,-0.18825543,0.049529824,0.14239752,0.021812938,0.25469196,-0.0794543,-0.017136693,0.117344424,0.536334,-0.15317146,-0.30178586,0.36140618,-0.46479893,1.0004944,0.5153212,-0.1296918,-0.0334675,-0.21220095,0.85923207,-0.016452035,-0.30615145,0.63458115,0.61988336,-0.36730245,-0.38970816,-0.14636615,-0.69023305,0.5514475,0.1420492,-0.67824787,-0.028854907,-0.83298117,200.0,-200.0,-200.0,-200.0,-35.66526462144702,-200.0,200.0,-6.957127085913527,-42.13195842883107,-71.43759539836611,-200.0,101.76778632608432,-0.051747333,-0.016386652,-0.844434,1.721663,-0.98825544,0.049529824,0.14239752,0.021812938,-0.54530805,1.5205457,-0.8171367,0.117344424,10.72668,-3.063429,-6.035717,7.2281237,-9.295979,20.009888,10.306423,-2.5938358,-0.66935,-4.244019,17.18464,-0.32904068
486,-0.26074514,0.23402116,0.09443794,-0.04452772,0.02858133,-0.99859923,1.0,0.0,0.0,-0.009061559,-0.014767534,-0.07592893,0.15522325,-0.26237494,0.13877364,0.18264736,0.021598829,0.2439552,-0.10747981,0.025200963,-0.008775197,-0.048194814,0.14558831,-0.037805464,0.014271303,-0.2918738,-0.0066306344,-0.054902237,0.1033889,-0.062489368,-0.11146114,-0.10348946,-1.1245344,-0.3496706,-0.192856,-0.050349463,0.16111937,-0.29454052,-0.92448056,-0.97872204,-0.63163286,0.612079,0.17684542,-0.27132404,0.015723262,-200.0,200.0,-143.07457076078435,-200.0,-13.104466001021336,-200.0,-200.0,200.0,200.0,-200.0,47.45988477936214,-200.0,-0.009061559,-0.014767534,-0.87592894,1.7552233,-1.062375,0.13877364,0.18264736,0.021598829,-0.5560448,1.4925202,-0.77479905,-0.008775197,-0.9638963,2.911766,-0.75610924,0.28542605,-5.8374763,-0.13261269,-1.0980448,2.0677779,-1.2497873,-2.2292228,-2.0697892,-22.490686
487,0.37871012,-0.10619312,0.65674055,-0.04255758,0.025443364,-0.99877,1.0,0.0,0.0,-0.07659718,-0.009741509,-0.07079697,0.16086733,-0.28046435,0.030706005,0.1131794,0.015746733,0.24335444,-0.09095907,-0.0687173,-0.12338648,-0.5264086,-0.07830536,0.0626814,0.039755072,-0.03208383,-0.97561246,-0.61549985,-0.16570406,0.04623014,0.12815367,-0.4438664,-0.1421149,0.23093551,0.42602235,-0.41075474,-0.0700831,-0.014110148,0.27553308,0.676531,0.38065428,0.5774618,0.53241926,0.37040758,0.89529836,-200.0,-200.0,200.0,200.0,36.71280235081696,200.0,-58.89425735244009,-200.0,-13.925629887917786,-35.721360316566034,5.114575498309737,-200.0,-0.07659718,-0.009741509,-0.870797,1.7608674,-1.0804644,0.030706005,0.1131794,0.015746733,-0.5566456,1.509041,-0.8687173,-0.12338648,-10.5281725,-1.5661073,1.2536279,0.79510146,-0.6416766,-19.512249,-12.309997,-3.3140812,0.9246028,2.5630732,-8.877328,-2.8422978
488,-0.27867916,-0.083734624,-0.22726703,-0.046407137,0.025093498,-0.9986074,1.0,0.0,0.0,-0.11910798,-0.0014649949,-0.062123775,0.15201831,-0.20966524,-0.057732232,0.063931026,0.013116341,0.2493515,-0.048856735,-0.053117216,-0.04394222,0.044808254,0.14135678,0.032764565,-0.11074381,0.42879596,-0.0058784653,0.054683663,0.11560178,0.02242013,0.27475747,0.5048557,0.8383922,0.5474395,-0.3534016,0.15718323,-0.8050999,-0.19012685,0.79731745,0.6601399,-0.34619153,-0.25267944,-1.1619138,0.10676578,-0.2868161,200.0,200.0,200.0,200.0,200.0,200.0,200.0,200.0,-200.0,-200.0,-35.37444718940952,200.0,-0.11910798,-0.0014649949,-0.8621238,1.7520183,-1.0096653,-0.057732232,0.063931026,0.013116341,-0.5506485,1.5511433,-0.8531172,-0.04394222,0.8961651,2.8271356,0.65529126,-2.2148762,8.575919,-0.117569305,1.0936732,2.3120356,0.4484026,5.495149,10.097114,16.767843
489,0.16737941,-0.032154236,-0.72447366,-0.049268004,0.025501056,-0.99846,1.0,0.0,0.0,-0.048554763,-0.0019881655,-0.038848817,0.09859216,-0.19229144,0.052289117,0.12530987,0.022699319,0.25859517,-0.015649557,0.005860865,0.020314245,0.6067988,-0.1198458,0.18361841,-0.39930955,0.0039555165,1.0052948,0.5114295,-0.0058133523,0.061598808,0.07961985,0.22682385,-0.10142013,-0.34621775,0.6293026,0.38632488,0.39261872,-0.021221422,-0.16978371,-0.55557466,0.075346306,0.096653305,0.08921093,-0.50917476,-0.8294031,200.0,-200.0,-200.0,-200.0,-26.057700582636556,-200.0,200.0,-200.0,200.0,-200.0,-1.0759797066612897,200.0,-0.048554763,-0.0019881655,-0.8388488,1.6985922,-0.99229145,0.052289117,0.12530987,0.022699319,-0.54140484,1.5843505,-0.79413915,0.020314245,12.135976,-2.396916,3.6723683,-7.986191,0.079110324,20.105896,10.22859,-0.11626705,1.2319762,1.5923969,4.536477,-2.0284026
490,-0.2061597,-0.061901215,0.20354459,-0.05139648,0.027403852,-0.9983023,1.0,0.0,0.0,0.0062548574,0.0010485395,0.0041509867,0.030099034,-0.14192611,0.14198893,0.16476326,0.033758946,0.25419778,0.021639824,-0.054055512,-0.10988509,-0.0013018593,0.11312479,0.23880199,-0.29464856,0.25853783,-0.0072339955,-0.06301876,0.085653245,-0.07075014,0.22975862,-0.7286474,-1.0994462,-0.8544752,-0.29286444,-0.16516103,0.71009547,0.5160569,-0.73575675,-0.8174396,-0.39223897,0.03231747,0.0680861,-0.4595735,0.22272313,-200.0,5.001933712049649,-200.0,-82.08536144501676,-200.0,-200.0,-200.0,200.0,200.0,200.0,-17.108205493492108,-200.0,0.0062548574,0.0010485395,-0.795849,1.630099,-0.9419261,0.14198893,0.16476326,0.033758946,-0.54580224,1.6216398,-0.8540555,-0.10988509,-0.026037185,2.2624958,4.7760396,-5.892971,5.1707563,-0.1446799,-1.2603751,1.7130649,-1.4150028,4.5951724,-14.5729475,-21.988924
491,0.5174805,0.5593643,0.8682941,-0.038991276,0.021092817,-0.9990169,1.0,0.0,0.0,-0.057444744,-0.0014142959,0.009311676,0.0071594715,0.012055516,0.03293821,0.08826692,0.0082924375,0.21748781,0.05995381,-0.19232053,-0.22316667,-0.57771605,-0.11425739,-0.14331366,0.033841297,1.0572057,-0.98572093,-0.6447946,-0.29620776,-0.27389905,0.15279384,-0.5817353,-0.13021609,0.593897,0.28368235,0.6998994,-0.044987652,0.5442896,0.38254857,0.5859991,0.7522639,0.73146904,-0.5776444,0.29387796,0.9211213,-200.0,-200.0,-124.31338839740454,-141.70090121067648,48.79260547804404,200.0,-200.0,-200.0,-200.0,200.0,-13.139985265967425,-200.0,-0.057444744,-0.0014142959,-0.79068834,1.6071595,-0.7879445,0.03293821,0.08826692,0.0082924375,-0.5825122,1.6599538,-0.99232054,-0.22316667,-11.55432,-2.2851477,-2.8662732,0.67682594,21.144114,-19.714418,-12.895891,-5.9241548,-5.4779806,3.0558767,-11.634706,-2.6043217
492,-0.19580023,-0.079020776,0.0880705,-0.030693525,0.015662039,-0.9994061,1.0,0.0,0.0,-0.112045564,-0.0062113036,0.0016804338,0.015376449,0.1450417,-0.039561138,0.029372975,-0.012782024,0.20224714,0.056068182,-0.20290118,-0.14214437,-0.03755837,0.022092896,-0.035647865,0.17557494,0.1783251,0.17978312,-0.0024587405,0.052519888,0.09424748,-0.16437508,0.37964365,0.8429775,0.6906416,-0.020101227,-0.16208334,0.8426944,-0.543311,0.63377684,0.36418235,0.014218554,0.6225325,-0.44025165,0.15388644,0.24372959,200.0,200.0,200.0,-200.0,200.0,200.0,200.0,200.0,200.0,-200.0,200.0,200.0,-0.112045564,-0.0062113036,-0.7983196,1.6153765,-0.6549583,-0.039561138,0.029372975,-0.012782024,-0.59775287,1.6560682,-1.0029012,-0.14214437,-0.75116736,0.4418579,-0.7129573,3.5114987,3.5665019,3.5956624,-0.049174808,1.0503978,1.8849497,-3.2875016,7.592873,16.85955
493,-0.012163842,-0.1779895,-0.8039569,-0.03575254,0.018399617,-0.9991913,1.0,0.0,0.0,-0.0548085,-0.013474943,-0.02515316,0.0835253,0.073826015,0.1037173,0.09080285,-0.002292318,0.24832934,-0.01169312,-0.08753908,-0.0072741974,0.5420565,-0.07207581,-0.19281411,0.46195316,-0.7943959,1.0816854,0.5209278,0.058645397,0.35040182,-0.48348403,0.52566963,0.5515962,-0.301224,0.245933,-0.44693932,0.09941745,-0.868087,-0.24491796,-0.819758,-0.61992884,-0.34964085,-0.18908294,-0.24720941,-0.8969298,70.41563265086836,-22.641670096563516,200.0,-200.0,-43.72843207812008,-52.533363625560696,200.0,50.60584059883978,-95.92697027676778,200.0,-200.0,44.075579155069136,-0.0548085,-0.013474943,-0.8251532,1.6835253,-0.726174,0.1037173,0.09080285,-0.002292318,-0.5516707,1.5883069,-0.8875391,-0.0072741974,10.84113,-1.4415162,-3.8562822,9.239063,-15.887918,21.633707,10.418555,1.172908,7.008036,-9.669681,10.513392,11.031924
494,0.029520202,0.51341677,-0.20258002,-0.027975406,0.017223079,-0.9994602,1.0,0.0,0.0,-0.01287028,-0.01571185,-0.082270384,0.15963995,-0.17930841,0.20849042,0.1259922,-0.015105917,0.27310127,-0.046037674,-0.15155846,0.023930093,-0.06019948,0.041689813,-0.3698766,0.32365915,-1.4424055,0.0681475,-0.113926925,-0.13096467,-0.00016212276,-0.14193031,-0.3719679,-0.27472994,-0.3371553,-0.28227246,0.7937688,-0.33037546,0.059976235,-1.2173791,-0.98999745,0.12606417,0.5624181,0.15066698,0.75767875,-0.14625981,-200.0,-200.0,-200.0,-159.37989023349218,200.0,-200.0,-200.0,200.0,-200.0,-200.0,18.315943845256243,-200.0,-0.01287028,-0.01571185,-0.8822704,1.75964,-0.9793084,0.20849042,0.1259922,-0.015105917,-0.52689874,1.5539623,-0.9515585,0.023930093,-1.2039896,0.83379626,-7.397532,6.4731827,-28.848108,1.3629501,-2.2785385,-2.6192932,-0.0032424552,-2.838606,-7.439358,-5.494599
495,-0.024377704,-0.16077428,0.5116729,-0.022171557,0.017094174,-0.99960804,1.0,0.0,0.0,-0.07535447,-0.007800396,-0.11354834,0.19398022,-0.36220282,0.11652663,0.055102155,-0.025230797,0.28149885,-0.036975026,-0.18408233,-0.039435297,-0.47935048,0.034047566,0.016048579,0.052506704,-0.48384985,-0.89049643,-0.56516427,-0.019754086,0.07828114,0.15266351,0.08121513,-0.22053468,0.2727858,0.34967333,0.24596344,-0.38939524,0.3920614,0.32174104,0.35243964,-0.0065232664,0.33996195,-0.27565444,1.2498319,0.055068944,-200.0,200.0,200.0,200.0,200.0,14.358814486636646,-84.98349157174562,-200.0,200.0,-200.0,200.0,-200.0,-0.07535447,-0.007800396,-0.91354835,1.7939802,-1.1622028,0.11652663,0.055102155,-0.025230797,-0.51850116,1.563025,-0.98408234,-0.039435297,-9.587009,0.6809513,0.32097158,1.0501341,-9.676997,-17.809929,-11.303285,-0.3950817,1.5656228,3.0532703,1.6243025,-4.4106936
496,-0.38595736,-0.40606123,-0.16077389,-0.03481661,0.02681291,-0.999034,1.0,0.0,0.0,-0.1138427,0.012500011,-0.08014256,0.16695786,-0.35396856,0.045309912,-0.000560029,-0.016474305,0.30532357,-0.0117890835,-0.14066905,-0.0123040145,0.04094893,0.14886214,0.27718315,-0.28944483,0.47073942,0.08060884,-0.06473484,0.08322806,0.11951893,0.12829466,0.2808249,0.15178844,0.50220525,-0.55125546,-0.7407941,-0.411056,-0.11741744,0.6424624,0.7149524,-1.0497851,-0.55638224,-0.6516903,0.31155595,-0.36216044,200.0,-51.04484390514096,-44.11470974012245,-200.0,200.0,14.896874308044701,200.0,200.0,200.0,-200.0,200.0,200.0,-0.1138427,0.012500011,-0.88014257,1.7669579,-1.1539686,0.045309912,-0.000560029,-0.016474305,-0.49467644,1.5882109,-0.94066906,-0.0123040145,0.8189786,2.9772427,5.543663,-5.7888966,9.414788,1.6121768,-1.2946968,1.6645612,2.3903785,2.5658932,5.616498,3.0357687
497,0.24863923,0.21713506,-0.9049905,-0.03823693,0.027234577,-0.9988975,1.0,0.0,0.0,-0.04099154,0.009375706,-0.050946116,0.093037486,-0.26039487,0.16486257,0.03676059,-0.010643543,0.2977473,0.023280025,-0.070626915,-0.042022705,0.62266034,-0.14761065,0.044185854,-0.43568107,0.41160104,0.89488536,0.39925924,-0.004873871,-0.15358838,0.20929106,0.40919134,-0.38028607,-0.52345055,0.37202436,0.680383,0.784756,0.1041989,-0.12792993,-0.29262158,0.48871422,0.29077104,0.19538282,0.11918035,-0.48150352,200.0,-200.0,-200.0,-200.0,200.0,-200.0,200.0,-200.0,-200.0,-200.0,-200.0,194.97570704824966,-0.04099154,0.009375706,-0.8509461,1.6930375,-1.0603949,0.16486257,0.03676059,-0.010643543,-0.5022527,1.62328,-0.8706269,-0.042022705,12.453206,-2.952213,0.88371706,-8.713621,8.23202,17.897707,7.9851847,-0.09747741,-3.0717676,4.185821,8.183826,-7.605721
498,-0.29978862,-0.38128605,-0.034168188,-0.043714434,0.028895756,-0.9986261,1.0,0.0,0.0,0.017661395,0.010703153,-0.03399068,0.05834019,-0.1096428,0.21256982,0.062341567,0.009987806,0.28188628,0.07600105,0.0009821653,-0.18520562,0.02101044,0.1360252,0.11731904,0.011189469,0.99739647,-0.28366286,-0.086842336,0.18593295,-0.021130133,0.28933358,0.2640517,-0.6673131,-0.9773994,-0.51419926,-0.040154655,0.46637172,0.038022235,-0.64530146,-0.7863662,-0.5598367,-0.57529783,-0.55859584,-0.8176412,0.39414063,-200.0,200.0,69.2641051027707,-33.56138642561211,-142.0689034225664,200.0,-200.0,200.0,200.0,200.0,200.0,-200.0,0.017661395,0.010703153,-0.8339907,1.6583402,-0.9096428,0.21256982,0.062341567,0.009987806,-0.51811373,1.6760011,-0.79901785,-0.18520562,0.42020878,2.720504,2.3463807,0.22378938,19.94793,-5.673257,-1.7368467,3.718659,-0.42260265,5.7866716,5.281034,-13.346262
499,0.42739797,-0.018189913,0.7118312,-0.049130287,0.025549825,-0.99846554,1.0,0.0,0.0,-0.040666357,0.012006293,-0.03440249,0.091249585,-0.013849258,0.04807458,-0.01981022,0.0029130206,0.26333493,0.12099826,-0.050335288,-0.21263702,-0.5494693,-0.10114851,-0.068376474,0.27353725,0.13850302,-1.2627344,-0.6760816,-0.21234904,-0.14234012,0.17203858,-0.68225867,0.29694754,0.6459181,-0.02779004,0.12023456,-0.57276577,-0.46462506,0.20349622,0.5121213,0.70280343,-0.08486072,-0.42824227,-0.23993641,0.3262157,-200.0,-200.0,-200.0,-200.0,-200.0,200.0,-200.0,-200.0,42.55068171554477,200.0,-59.76874746862546,-200.0,-0.040666357,0.012006293,-0.8344025,1.6912496,-0.8138493,0.04807458,-0.01981022,0.0029130206,-0.5366651,1.7209983,-0.8503353,-0.21263702,-10.989386,-2.0229702,-1.3675295,5.4707446,2.7700603,-25.254688,-13.521631,-4.2469807,-2.8468025,3.4407716,-13.645173,5.9389505
500,0.03666724,0.038739964,0.30226046,-0.048430637,0.01824582,-0.9986599,1.0,0.0,0.0,-0.089438535,-0.0009886033,-0.026467502,0.10856593,-0.091183424,-0.095179275,-0.089620076,-0.007634776,0.23222774,0.14051664,-0.121763825,-0.06568765,0.006525086,-0.037092227,0.12710644,-0.0630176,-0.74835956,-0.26926416,-0.08878585,0.07435639,-0.15871249,0.03552167,-0.25384298,0.847489,0.7002863,0.21823621,0.20479953,-0.6036346,-0.028213821,0.8096061,0.8207604,0.39640427,0.45841128,-0.9245064,0.011977464,-0.18838009,200.0,200.0,-200.0,-200.0,19.06130456182973,-56.91089051045765,200.0,-12.132468610554987,189.30953205677793,-200.0,-55.929295602697835,200.0,-0.089438535,-0.0009886033,-0.8264675,1.708566,-0.89118344,-0.095179275,-0.089620076,-0.007634776,-0.56777227,1.7405167,-0.92176384,-0.06568765,0.13050172,-0.74184453,2.5421288,-1.2603519,-14.967191,-5.385283,-1.7757169,1.4871278,-3.1742496,0.7104334,-5.0768595,16.94978
