step,obs_0,obs_1,obs_2,obs_3,obs_4,obs_5,obs_6,obs_7,obs_8,obs_9,obs_10,obs_11,obs_12,obs_13,obs_14,obs_15,obs_16,obs_17,obs_18,obs_19,obs_20,obs_21,obs_22,obs_23,obs_24,obs_25,obs_26,obs_27,obs_28,obs_29,obs_30,obs_31,obs_32,obs_33,obs_34,obs_35,obs_36,obs_37,obs_38,obs_39,obs_40,obs_41,obs_42,obs_43,obs_44,torque_0,torque_1,torque_2,torque_3,torque_4,torque_5,torque_6,torque_7,torque_8,torque_9,torque_10,torque_11
0,0.0,0.0,0.0,0.0,0.0,0.0,0.0,0.0,0.0,0.0,0.0,0.0,0.0,0.0,0.0,0.0,0.0,0.0,0.0,0.0,0.0,0.0,0.0,0.0,0.0,0.0,0.0,0.0,0.0,0.0,0.0,0.0,0.0,0.0,0.0,0.0,0.0,0.0,0.0,0.0,0.0,0.0,0.0,0.0,0.0,0.0,0.0,0.0,0.0,0.0,0.0,0.0,0.0,0.0,0.0,0.0,0.0
0,0.0,0.0,0.0,0.0,0.0,-1.0,1.0,0.0,0.0,7.3368655e-16,-1.7811991e-16,-0.00056636333,0.0012165308,-0.008499324,1.2304617e-16,5.8629535e-16,-1.3202053e-16,0.00011885166,-0.0007225275,0.0099749565,-5.287702e-16,2.3181005e-14,-3.4466328e-15,-0.031629678,0.06483086,-0.23673849,3.3708178e-15,1.8807535e-14,-1.7766184e-15,-0.001447258,-0.012753519,0.36088672,-1.4883929e-14,0.0,0.0,-0.0,-0.0,-0.0,0.0,-0.0,0.0,-0.0,-0.0,-0.0,0.0,5.717819603738509e-11,-8.07268640514504e-12,-228.35077282745075,423.1055313632681,-271.0417932677635,2.678168617358365e-12,4.967511344442944e-11,-3.4548978355036066e-13,5.560630385666565,-44.605096122417365,500.0,-1.9434092687828255e-11
1,0.0,0.0,0.0,0.0,0.0,-1.0,1.0,0.0,0.0,-1.0518651e-12,2.6812087e-13,0.0011829138,-0.0028971434,0.0024958253,-8.3682705e-12,5.5215695e-13,-5.9450795e-13,-0.00066405535,0.0007020235,0.02374065,2.7029174e-11,-3.1762006e-11,7.698098e-12,0.03774475,-0.07944717,0.24916624,-2.3275551e-10,1.3302493e-11,-1.6348973e-11,-0.035307925,0.06954523,-0.12579887,7.5221296e-10,0.0,0.0,-0.0,-0.0,-0.0,0.0,0.0,0.0,-0.0,-0.0,-0.0,0.0,-6.759779376154585e-08,1.1722447380260196e-08,349.05494268888447,-500.0,500.0,-2.6371896364101604e-07,-1.0849997690360254e-08,-1.6203336600104153e-08,-262.3641469436653,500.0,-500.0,8.576661648513604e-07
2,0.0,0.0,0.0,0.0,0.0,-1.0,1.0,0.0,0.0,1.9487937e-08,-1.0969415e-08,1.1086464e-05,-0.002902031,-0.0057005286,4.544965e-07,-6.129126e-08,3.514807e-08,0.001092732,-0.0031791925,0.056890607,-1.4616548e-06,5.445199e-07,-3.0551539e-07,-0.03499142,0.05305579,-0.23441713,1.2646914e-05,-1.7035469e-06,9.776699e-07,0.038001567,-0.07861805,0.3603258,-4.067316e-05,0.0,0.0,-0.0,0.0,-0.0,0.0,-0.0,0.0,-0.0,-0.0,-0.0,0.0,0.0006486876175296574,-0.000351165804995642,-380.4593104668548,500.0,-500.0,0.014400041186986113,-0.0019142862699260636,0.0011092186709868977,351.11331484974477,-500.0,500.0,-0.04631948698030523
3,0.0,0.0,0.0,0.0,0.0,-1.0,1.0,0.0,0.0,-0.00080248853,0.00036600506,0.001608789,-0.009621263,0.005647421,-0.013683896,0.0017735804,-0.0002800979,-8.7320805e-05,-0.0029320717,0.070792794,0.0007596932,-0.022945097,0.010819965,0.03517047,-0.0876004,0.250627,-0.41161934,0.053883165,-0.012393764,-0.035330296,0.05475774,-0.12454279,0.24266894,0.0,0.0,-0.0,-0.0,-0.0,0.0,0.0,0.0,-0.0,0.0,-0.0,0.0,-32.31844023226511,18.7234594771232,351.067289538493,-469.88668972003205,500.0,-500.0,106.98197132278281,-60.42639330547485,-383.62577022027745,500.0,-500.0,500.0
4,0.0,0.0,0.0,0.0,0.0,-1.0,1.0,0.0,0.0,-0.00041627986,-0.00014792339,0.00022923946,-0.010763764,-0.0024356246,-0.036875017,-0.017760817,0.0008271056,0.0015950799,-0.009654164,0.104292214,-0.010427157,0.10874758,-0.023292681,-0.03549038,0.04975537,-0.234381,0.08611712,-0.20201342,0.02267466,0.03669216,-0.09023699,0.36220044,-0.2566488,0.0,0.0,-0.0,0.0,-0.0,0.0,-0.0,0.0,0.0,-0.0,-0.0,0.0,500.0,-235.8153657871784,-361.730214502656,500.0,-500.0,500.0,-500.0,226.5916002366392,356.01909519946395,-480.80472087798177,500.0,-500.0
5,0.0,0.0,0.0,0.0,0.0,-1.0,1.0,0.0,0.0,-0.010284184,0.0007677767,0.0017107129,-0.017398596,0.008777082,-0.07996362,-0.026635304,-0.00010356713,0.00018954277,-0.010908008,0.11829996,-0.0013540519,-0.15489432,0.023393633,0.03616568,-0.08885684,0.2496603,-0.41673413,0.060840525,-0.023000827,-0.03603865,0.049694482,-0.124941945,0.24676977,0.0,0.0,-0.0,-0.0,-0.0,0.0,0.0,0.0,-0.0,-0.0,-0.0,0.0,-500.0,236.1128788925938,356.07407381004873,-475.7356003972242,500.0,-500.0,500.0,-229.4627342779431,-367.4880155933531,500.0,-500.0,500.0
6,0.0,0.0,0.0,0.0,0.0,-1.0,1.0,0.0,0.0,-0.009585885,-0.00020029958,0.00031387806,-0.01840651,0.00053083897,-0.10279348,-0.04600409,0.00079968665,0.0016850829,-0.017669916,0.15163922,-0.012331161,0.10920469,-0.023837347,-0.035917383,0.051267613,-0.2351344,0.08782186,-0.20209809,0.023013532,0.03670319,-0.08984142,0.36128017,-0.25605652,0.0,0.0,-0.0,0.0,-0.0,0.0,-0.0,0.0,0.0,-0.0,-0.0,0.0,500.0,-237.22138343459756,-366.7927842933043,500.0,-500.0,500.0,-500.0,231.76354746963483,362.10163588580673,-475.35069096235463,500.0,-500.0
7,0.0,0.0,0.0,0.0,0.0,-1.0,1.0,0.0,0.0,-0.01944945,0.0007320539,0.0018099546,-0.024990797,0.011577129,-0.145673,-0.0548212,-0.00014628631,0.0002579689,-0.01874268,0.16534191,-0.003100861,-0.15511587,0.023829225,0.036586195,-0.08948207,0.24879058,-0.4160975,0.06138558,-0.023375755,-0.036574695,0.051301897,-0.12683342,0.24769036,0.0,0.0,-0.0,0.0,-0.0,0.0,-0.0,0.0,-0.0,-0.0,-0.0,0.0,-500.0,240.47168475213644,360.2410467356418,-475.98391591930556,500.0,-500.0,500.0,-233.23231672295267,-372.5952819670402,500.0,-500.0,500.0
8,0.0,0.0,0.0,0.0,0.0,-1.0,1.0,0.0,0.0,-0.018723529,-0.00025123594,0.00039458275,-0.02586639,0.0031707287,-0.16821732,-0.07382175,0.00075761066,0.0017742515,-0.025397658,0.19838983,-0.01392346,0.10957134,-0.024241967,-0.036363583,0.052789252,-0.23589925,0.08976167,-0.19945215,0.0233578,0.037228588,-0.09000131,0.36011025,-0.25541008,0.0,0.0,-0.0,0.0,-0.0,0.0,-0.0,0.0,0.0,-0.0,-0.0,0.0,500.0,-241.38258042614137,-371.31897298274953,500.0,-500.0,500.0,-500.0,236.46654406705522,367.3126206958475,-475.6161155445282,500.0,-500.0
9,0.0,0.0,0.0,0.0,0.0,-1.0,1.0,0.0,0.0,-0.028581245,0.0006987215,0.0019074678,-0.03240776,0.0140557885,-0.21082625,-0.08173617,-0.0002214665,0.00032562017,-0.026297688,0.21174937,-0.0045151412,-0.15530074,0.024233146,0.0370316,-0.090135194,0.2479666,-0.41512033,0.06832941,-0.023857716,-0.03710392,0.05283744,-0.12891175,0.24875505,0.0,0.0,-0.0,0.0,-0.0,0.0,-0.0,0.0,-0.0,-0.0,-0.0,0.0,-500.0,244.49335397198453,364.6235686479118,-476.27473461934983,500.0,-500.0,500.0,-233.39846369914798,-378.0472888228758,500.0,-500.0,500.0
10,0.0,0.0,0.0,0.0,0.0,-1.0,1.0,0.0,0.0,-0.027821092,-0.00030318595,0.00047302246,-0.033156157,0.005492449,-0.23242511,-0.0997768,0.00071048277,0.001862824,-0.03285122,0.24446726,-0.015180504,0.10993898,-0.024619153,-0.036827087,0.054269165,-0.23666485,0.09570729,-0.19597502,0.02375591,0.03775622,-0.090178736,0.35874566,-0.2547586,0.0,0.0,-0.0,0.0,-0.0,0.0,-0.0,0.0,0.0,-0.0,-0.0,0.0,500.0,-245.14354766620988,-376.17468176682854,500.0,-500.0,500.0,-500.0,239.2843021061903,372.4109489492688,-475.93269413370143,500.0,-500.0
11,0.0,0.0,0.0,0.0,0.0,-1.0,1.0,0.0,0.0,-0.03765462,0.0006542945,0.0020026565,-0.039654136,0.016221642,-0.27244124,-0.10658101,-0.0002856889,0.00039303303,-0.033586264,0.25744605,-0.0055949013,-0.15541555,0.024612984,0.037469592,-0.090744875,0.24719036,-0.40249982,0.07265237,-0.02410446,-0.03762508,0.054323055,-0.13117392,0.24970384,0.0,0.0,-0.0,0.0,-0.0,0.0,-0.0,0.0,-0.0,-0.0,-0.0,0.0,-500.0,248.30845791552477,369.1149802467131,-476.39951391459556,500.0,-500.0,500.0,-239.87919363351128,-383.41106389209534,500.0,-500.0,500.0
12,0.0,0.0,0.0,0.0,0.0,-1.0,1.0,0.0,0.0,-0.036853064,-0.00036484835,0.00054705143,-0.040271997,0.0075049996,-0.29130384,-0.12374348,0.00065672875,0.0019510388,-0.040044785,0.28979695,-0.016098406,0.110387616,-0.025027905,-0.03729752,0.055774845,-0.23743756,0.11415338,-0.1903135,0.023938376,0.0382784,-0.09037103,0.3571934,-0.25399938,0.0,0.0,-0.0,0.0,-0.0,0.0,-0.0,0.0,0.0,-0.0,-0.0,0.0,500.0,-247.17999516566877,-380.4518326063098,500.0,-500.0,500.0,-496.1207848154046,242.87138058352352,377.5303744179919,-476.1955810164524,500.0,-500.0
13,0.0,0.0,0.0,0.0,0.0,-1.0,1.0,0.0,0.0,-0.04667775,0.00061718136,0.0020952225,-0.046728015,0.01808399,-0.32923752,-0.12989853,-0.0003399506,0.00045996904,-0.040622234,0.30235904,-0.0063481308,-0.15554129,0.024980476,0.037940137,-0.09133077,0.24645352,-0.39235893,0.07616967,-0.024476755,-0.038151994,0.055759024,-0.13360806,0.2506742,0.0,0.0,-0.0,0.0,-0.0,0.0,-0.0,0.0,-0.0,-0.0,-0.0,0.0,-500.0,251.83656883385046,373.6373953583903,-476.86706578015594,500.0,-500.0,500.0,-242.54381911712414,-388.8163795779629,500.0,-500.0,500.0
14,0.0,0.0,0.0,0.0,0.0,-1.0,1.0,0.0,0.0,-0.045840688,-0.00041467824,0.0006195307,-0.047217607,0.009218037,-0.3459084,-0.14614502,0.00060602365,0.0020382404,-0.046992064,0.33430722,-0.016686723,0.110763155,-0.025371103,-0.037761584,0.057201114,-0.23819938,0.12583266,-0.1863486,0.024424598,0.038793277,-0.090574756,0.35545668,-0.25335607,0.0,0.0,-0.0,0.0,-0.0,0.0,-0.0,0.0,0.0,-0.0,-0.0,0.0,500.0,-250.6084048643976,-385.0943248895544,500.0,-500.0,500.0,-500.0,247.46335282791924,382.6353051504068,-476.43637386023477,500.0,-500.0
15,0.0,0.0,0.0,0.0,0.0,-1.0,1.0,0.0,0.0,-0.031195352,1.590938e-05,0.0021951795,-0.053619742,0.019809783,-0.38126096,-0.15152311,-0.00039355687,0.0005261898,-0.047418594,0.3464177,-0.0067692865,-0.0731906,0.02601379,0.036642622,-0.08957822,0.24649072,-0.38090274,0.0795492,-0.024767747,-0.038671304,0.057143982,-0.13621001,0.25161108,0.0,0.0,-0.0,0.0,-0.0,0.0,-0.0,0.0,-0.0,-0.0,-0.0,0.0,-500.0,236.40694653388363,375.43989379027744,-459.95274608567047,500.0,-500.0,500.0,-247.18579231246937,-394.16153954344725,500.0,-500.0,500.0
16,0.0,0.0,0.0,0.0,0.0,-1.0,1.0,0.0,0.0,-0.013758604,-0.0009961268,0.0007174611,-0.05397308,0.010928154,-0.39626586,-0.1668249,0.0005638205,0.0021246076,-0.053704023,0.37792814,-0.016945092,0.19391416,-0.025572134,-0.038111668,0.05861457,-0.23826209,0.12900594,-0.18307123,0.024799317,0.03930384,-0.09078314,0.35354015,-0.25268817,0.0,0.0,-0.0,0.0,-0.0,0.0,-0.0,0.0,0.0,-0.0,-0.0,0.0,500.0,-254.80147842507006,-386.82450300213065,500.0,-500.0,500.0,-500.0,249.99722077178475,387.6455989690271,-476.6716267633568,500.0,-500.0
17,0.0,0.0,0.0,0.0,0.0,-1.0,1.0,0.0,0.0,-0.0069917166,1.3893142e-05,0.0022937655,-0.060302973,0.021373272,-0.43063575,-0.17141017,-0.00045178315,0.0005915761,-0.05398631,0.3895535,-0.006857114,-0.072924785,0.025532907,0.03868293,-0.09205832,0.24589403,-0.36965686,0.08420451,-0.025124475,-0.039186534,0.058481526,-0.1389715,0.25258085,0.0,0.0,-0.0,0.0,-0.0,0.0,-0.0,0.0,-0.0,-0.0,-0.0,0.0,-500.0,259.0578665045491,381.38991607097415,-477.4900437816143,500.0,-493.11102497705735,500.0,-249.69716744826582,-399.43179137219323,500.0,-500.0,500.0
18,0.0,0.0,0.0,0.0,0.0,-1.0,1.0,0.0,0.0,0.010435694,-0.001027197,0.0007857084,-0.060531855,0.012389004,-0.4433263,-0.18624248,0.00052650826,0.0022098422,-0.06019211,0.42059273,-0.01688179,0.19399542,-0.025892204,-0.0385589,0.059867807,-0.23881881,0.14082389,-0.18014641,0.025112903,0.039812185,-0.0910068,0.35145104,-0.25200713,0.0,0.0,-0.0,0.0,-0.0,0.0,-0.0,0.0,0.0,-0.0,-0.0,0.0,500.0,-257.95785432943654,-393.27692068627516,500.0,-500.0,500.0,-500.0,253.95830759087767,392.67831481610017,-476.9260793155938,500.0,-500.0
19,0.0,0.0,0.0,0.0,0.0,-1.0,1.0,0.0,0.0,0.017154142,2.6188113e-06,0.0023762584,-0.0668056,0.022732496,-0.4760131,-0.19005427,-0.0005104043,0.0006557703,-0.060335636,0.43170086,-0.0066232868,-0.0734038,0.025930261,0.039126065,-0.09250378,0.24542904,-0.36426568,0.089180045,-0.025503635,-0.039695565,0.059773535,-0.14188452,0.25355178,0.0,0.0,-0.0,0.0,-0.0,0.0,-0.0,0.0,-0.0,-0.0,-0.0,0.0,-500.0,262.23963466523804,385.75395940327155,-477.6481858594313,500.0,-496.7600844143202,500.0,-251.34998733892968,-404.644791438471,500.0,-500.0,500.0
20,0.0,0.0,0.0,0.0,0.0,-1.0,1.0,0.0,0.0,0.034554187,-0.001048578,0.00084865093,-0.066910386,0.013642788,-0.4875449,-0.20425174,0.00049218984,0.0022935867,-0.06646526,0.4622364,-0.016496222,0.19405793,-0.026202021,-0.039003994,0.061162006,-0.23939057,0.14686082,-0.17737493,0.02539779,0.040312473,-0.0912276,0.34919247,-0.25132164,0.0,0.0,-0.0,0.0,-0.0,0.0,-0.0,0.0,0.0,-0.0,-0.0,0.0,500.0,-261.1690772965215,-397.8467025560226,500.0,-500.0,500.0,-498.54447027025475,256.5226579903768,397.5922956373852,-477.1709501222823,500.0,-500.0
21,0.0,0.0,0.0,0.0,0.0,-1.0,1.0,0.0,0.0,0.041232005,-9.695663e-06,0.0024557114,-0.07312584,0.02388537,-0.51794225,-0.20745346,-0.00055572245,0.0007187128,-0.06647551,0.47279644,-0.006074981,-0.073877744,0.026308227,0.039543133,-0.092888996,0.24497639,-0.355509,0.09201326,-0.025793104,-0.04019643,0.0610239,-0.14494209,0.2544439,0.0,0.0,-0.0,0.0,-0.0,0.0,-0.0,0.0,-0.0,-0.0,-0.0,0.0,-500.0,265.4040523847262,390.00311643704185,-477.62638420095675,500.0,-500.0,500.0,-255.35526878891397,-409.74157077070527,500.0,-500.0,500.0
22,0.0,0.0,0.0,0.0,0.0,-1.0,1.0,0.0,0.0,0.058604874,-0.0010709309,0.00090903044,-0.07310712,0.014690816,-0.52765334,-0.22107816,0.00045674652,0.0023835301,-0.072528124,0.50209284,-0.015794324,0.19412549,-0.026507346,-0.039434034,0.06241841,-0.23996232,0.15617232,-0.17429759,0.025680615,0.040958766,-0.09163927,0.34092137,-0.25063208,0.0,0.0,-0.0,0.0,-0.0,0.0,-0.0,0.0,0.0,-0.0,-0.0,0.0,500.0,-264.33625900966956,-402.2349181276921,500.0,-500.0,500.0,-497.8743094181588,259.9546346423233,402.4442783423505,-479.1067207440807,500.0,-500.0
23,0.0,0.0,0.0,0.0,0.0,-1.0,1.0,0.0,0.0,0.065232135,-1.4840966e-05,0.0025319457,-0.07926452,0.024833977,-0.5571238,-0.22363493,-0.0006038764,0.00078725815,-0.072408915,0.5109074,-0.0052111675,-0.07430636,0.02661492,0.040006604,-0.09328723,0.24452738,-0.34978545,0.09562709,-0.026123652,-0.040680006,0.062223136,-0.15396145,0.25534394,0.0,0.0,-0.0,0.0,-0.0,0.0,-0.0,0.0,-0.0,-0.0,-0.0,0.0,-500.0,268.625356536288,394.19038451833364,-478.3583524733439,500.0,-500.0,500.0,-258.1129351321374,-414.8219490035652,500.0,-500.0,500.0
24,0.0,0.0,0.0,0.0,0.0,-1.0,1.0,0.0,0.0,0.082577504,-0.0010874856,0.00096708536,-0.079123974,0.015535831,-0.5656314,-0.23666288,0.0004247267,0.0024612546,-0.07839227,0.53917515,-0.014779452,0.19418499,-0.026806507,-0.03985398,0.063639425,-0.2405303,0.16237116,-0.17167233,0.026004681,0.041258074,-0.09162309,0.33832908,-0.24995847,0.0,0.0,-0.0,0.0,-0.0,0.0,-0.0,0.0,0.0,-0.0,-0.0,0.0,500.0,-267.4135509596271,-406.55207868131924,500.0,-500.0,500.0,-497.7447837949776,263.0303526942834,407.0466694732086,-477.5657786600611,500.0,-500.0
25,0.0,0.0,0.0,0.0,0.0,-1.0,1.0,0.0,0.0,0.08916149,-2.2889839e-05,0.0026046038,-0.08521819,0.025580823,-0.59279877,-0.23868233,-0.0006441127,0.00085538626,-0.0781436,0.54636234,-0.0040400373,-0.07475253,0.02692914,0.040345903,-0.09350237,0.2440925,-0.33960268,0.09814278,-0.026414497,-0.0411367,0.063345015,-0.16361849,0.25619218,0.0,0.0,-0.0,0.0,-0.0,0.0,-0.0,0.0,-0.0,-0.0,-0.0,0.0,-500.0,271.49713806537136,398.15059033971113,-477.94143701075643,500.0,-500.0,500.0,-262.00345952308027,-421.14834785323137,500.0,-500.0,500.0
26,0.0,0.0,0.0,0.0,0.0,-1.0,1.0,0.0,0.0,0.106479205,-0.001106509,0.0010229349,-0.08495641,0.01617986,-0.59922105,-0.2512387,0.00039858298,0.0025446415,-0.08405185,0.57276255,-0.013460413,0.19425292,-0.02710556,-0.040253963,0.06482705,-0.24109271,0.17295133,-0.1700568,0.026415786,0.04168535,-0.09176596,0.32919806,-0.24932757,0.0,0.0,-0.0,0.0,-0.0,0.0,-0.0,0.0,0.0,-0.0,-0.0,0.0,500.0,-270.49679030831453,-410.4955117090479,500.0,-500.0,500.0,-499.6137271918018,266.511027692271,411.43282938609224,-477.6722481925661,500.0,-500.0
27,0.0,0.0,0.0,0.0,0.0,-1.0,1.0,0.0,0.0,0.11300766,-2.1035505e-05,0.0026749372,-0.09099138,0.026128292,-0.62577003,-0.2526802,-0.0006849982,0.0009111762,-0.083681226,0.5790713,-0.0025645506,-0.07520049,0.027235651,0.0407577,-0.093790196,0.2436579,-0.33659694,0.100871764,-0.026694471,-0.041577645,0.06452159,-0.16700731,0.25701758,0.0,0.0,-0.0,0.0,-0.0,0.0,-0.0,0.0,0.0,-0.0,-0.0,0.0,-500.0,274.46409742893763,402.01749066041526,-478.4272026874383,500.0,-500.0,500.0,-266.25741995101146,-423.75167190823595,500.0,-500.0,500.0
28,0.0,0.0,0.0,0.0,0.0,-1.0,1.0,0.0,0.0,0.1302975,-0.0011160102,0.0010767579,-0.09061062,0.016626358,-0.6315474,-0.2647594,0.00037261253,0.0026182532,-0.089518905,0.6048564,-0.011839426,0.19431704,-0.027399674,-0.040643234,0.065976895,-0.24164712,0.17631203,-0.16804026,0.026758064,0.04211336,-0.091910556,0.32631907,-0.24867547,0.0,0.0,-0.0,0.0,-0.0,0.0,-0.0,0.0,0.0,-0.0,-0.0,0.0,500.0,-273.5066730606854,-414.49898693598897,500.0,-500.0,500.0,-500.0,269.7648911993606,415.6264569367261,-477.94273892418767,500.0,-500.0
29,0.0,0.0,0.0,0.0,0.0,-1.0,1.0,0.0,0.0,0.13642338,6.273248e-06,0.0027419329,-0.0965817,0.026477039,-0.6567872,-0.2656671,-0.00072536635,0.0009743571,-0.08902502,0.6096852,-0.00079121965,-0.07995973,0.027716955,0.041181292,-0.094134845,0.24320164,-0.32792124,0.10383103,-0.027009463,-0.041991364,0.06556495,-0.17565185,0.25783703,0.0,0.0,-0.0,0.0,-0.0,0.0,-0.0,0.0,0.0,0.0,-0.0,0.0,-500.0,272.12974295605926,406.18661646949585,-479.10633645499524,500.0,-500.0,500.0,-269.3497028028276,-429.5307844614311,500.0,-500.0,500.0
30,0.0,0.0,0.0,0.0,0.0,-1.0,1.0,0.0,0.0,0.15285385,-0.0010963421,0.0011268258,-0.09608483,0.016868591,-0.66078115,-0.277269,0.00034646713,0.0026951432,-0.09478843,0.6337959,-0.0099228425,0.19024919,-0.027693886,-0.041019615,0.0670825,-0.24222863,0.18535154,-0.16551995,0.027006004,0.042501297,-0.092009544,0.31812397,-0.24798997,0.0,0.0,-0.0,0.0,-0.0,0.0,-0.0,0.0,0.0,-0.0,-0.0,0.0,500.0,-276.5671095417701,-418.600874740086,500.0,-500.0,500.0,-498.47343352108203,272.7191487044576,419.5805124217551,-478.04842475009536,500.0,-500.0
31,0.0,0.0,0.0,0.0,0.0,-1.0,1.0,0.0,0.0,0.15820168,3.5432346e-05,0.0028059483,-0.10199547,0.026618838,-0.6849041,-0.2778318,-0.00075928465,0.0010271668,-0.09417808,0.6377534,0.0012693421,-0.0833207,0.027971381,0.041486517,-0.094248176,0.24275434,-0.32462052,0.10622448,-0.027369333,-0.04239297,0.06665818,-0.17920068,0.25863642,0.0,0.0,-0.0,0.0,-0.0,0.0,-0.0,0.0,0.0,0.0,-0.0,0.0,-500.0,276.219804287581,409.64468156435015,-478.67393949453515,500.0,-500.0,500.0,-271.23558472511377,-432.04279046055996,500.0,-500.0,500.0
32,0.0,0.0,0.0,0.0,0.0,-1.0,1.0,0.0,0.0,0.17401758,-0.0010798736,0.0011768341,-0.10138416,0.0169065,-0.68820864,-0.28902903,0.00032427884,0.0027638674,-0.099871874,0.6612078,-0.0077222665,0.18738316,-0.027986238,-0.041381873,0.0681684,-0.24279404,0.18890072,-0.16367109,0.027312506,0.04288643,-0.092110634,0.31500912,-0.24734366,0.0,0.0,-0.0,0.0,-0.0,0.0,-0.0,0.0,0.0,-0.0,-0.0,0.0,500.0,-279.5416343029765,-422.21716875284704,500.0,-500.0,500.0,-498.3140523486802,275.91237638170657,423.3541287885052,-478.3015912280484,500.0,-500.0
33,0.0,0.0,0.0,0.0,0.0,-1.0,1.0,0.0,0.0,0.17847362,6.719718e-05,0.0028692484,-0.10723269,0.026556551,-0.711641,-0.2891988,-0.0007903258,0.0010799766,-0.099146485,0.6644817,0.0036114843,-0.086682476,0.028134039,0.04183119,-0.094393626,0.24230993,-0.3211885,0.10810365,-0.027655805,-0.042770915,0.06766967,-0.18281518,0.2593832,0.0,0.0,-0.0,0.0,-0.0,0.0,-0.0,0.0,0.0,0.0,-0.0,0.0,-500.0,282.6338207542232,412.8460725970955,-478.7378398290674,500.0,-500.0,500.0,-274.94359741270176,-435.907158638331,500.0,-500.0,500.0
34,0.0,0.0,0.0,0.0,0.0,-1.0,1.0,0.0,0.0,0.19357331,-0.0010518378,0.0012258887,-0.10651028,0.016741395,-0.7142181,-0.30004779,0.0003060629,0.0028315187,-0.10476971,0.6871054,-0.0052446187,0.18227677,-0.028005255,-0.041752364,0.069213755,-0.24336405,0.19273496,-0.16259931,0.02770502,0.043241408,-0.09218459,0.31101486,-0.24674919,0.0,0.0,-0.0,0.0,-0.0,0.0,-0.0,0.0,0.0,-0.0,-0.0,0.0,495.6822139703878,-282.387784832821,-425.6885601208951,500.0,-500.0,500.0,-500.0,279.28591037559136,426.96271145055965,-478.4077871133286,500.0,-500.0
35,0.0,0.0,0.0,0.0,0.0,-1.0,1.0,0.0,0.0,0.19750819,8.520057e-05,0.0029341578,-0.11229682,0.026295602,-0.7366723,-0.29978594,-0.0008225787,0.0011342764,-0.10393214,0.6893118,0.0062292973,-0.088965766,0.028399179,0.042200167,-0.09460919,0.24188541,-0.31637597,0.1102302,-0.027930249,-0.043128863,0.068631425,-0.1885934,0.26010808,0.0,0.0,-0.0,0.0,-0.0,0.0,-0.0,0.0,0.0,0.0,-0.0,0.0,-500.0,285.9286938497771,416.20499025456104,-479.26059654491394,500.0,-500.0,500.0,-278.76107257140217,-439.95677005398795,500.0,-500.0,500.0
36,0.0,0.0,0.0,0.0,0.0,-1.0,1.0,0.0,0.0,0.21180786,-0.0010355146,0.0012753606,-0.11146617,0.016379178,-0.73828346,-0.31029037,0.0002871443,0.002897799,-0.1094867,0.71098155,-0.0024947226,0.18030427,-0.02855038,-0.042070977,0.07023703,-0.24390607,0.19755886,-0.16087662,0.027968828,0.04358793,-0.09225554,0.3063885,-0.24611567,0.0,0.0,-0.0,0.0,-0.0,0.0,-0.0,0.0,0.0,-0.0,-0.0,0.0,500.0,-285.4501943209027,-429.02263549280684,500.0,-500.0,500.0,-499.16881259952333,282.24002170514945,430.38787615636534,-478.61837896123177,500.0,-500.0
37,0.0,0.0,0.0,0.0,0.0,-1.0,1.0,0.0,0.0,0.2150677,0.00012004923,0.0029963255,-0.11719251,0.025838494,-0.759822,-0.3097236,-0.0008519224,0.0011842251,-0.10854113,0.7124193,0.0091124615,-0.09335497,0.028738422,0.04251086,-0.09475853,0.24145126,-0.31184104,0.11231178,-0.028261965,-0.043472793,0.06958269,-0.19236998,0.26082683,0.0,0.0,-0.0,0.0,-0.0,0.0,-0.0,0.0,0.0,0.0,-0.0,0.0,-500.0,286.9343827414444,419.5207576508342,-479.2928955859525,500.0,-500.0,500.0,-280.8517537822744,-443.064529922121,500.0,-500.0,500.0
38,0.0,0.0,0.0,0.0,0.0,-1.0,1.0,0.0,0.0,0.22887364,-0.0010191912,0.0013254881,-0.116256595,0.015824914,-0.7605011,-0.31988376,0.00026709776,0.0029617548,-0.11402762,0.7331564,0.00051840226,0.17743453,-0.028807959,-0.042390388,0.07119016,-0.24443395,0.20227373,-0.15869538,0.028156549,0.043905966,-0.09229716,0.30186138,-0.2454646,0.0,0.0,-0.0,0.0,-0.0,0.0,-0.0,0.0,0.0,-0.0,-0.0,0.0,500.0,-288.85121909308066,-432.5081198572671,500.0,-500.0,500.0,-497.10091012938335,285.12483746424124,433.6136722177897,-478.7094197260342,500.0,-500.0
39,0.0,0.0,0.0,0.0,0.0,-1.0,1.0,0.0,0.0,0.23151197,0.00014766079,0.0030579567,-0.12192178,0.025191605,-0.7812871,-0.31893393,-0.00087855925,0.0012344718,-0.11297643,0.7336438,0.012255141,-0.09658204,0.029003698,0.04282173,-0.094892465,0.24103108,-0.30791998,0.11389414,-0.028516,-0.043794036,0.070485435,-0.19725129,0.26149055,0.0,0.0,-0.0,0.0,-0.0,0.0,-0.0,0.0,0.0,0.0,-0.0,0.0,-500.0,289.8078620392096,422.57122496406186,-479.49694120977256,500.0,-499.7540979331384,500.0,-284.89298964609543,-446.3134884075566,500.0,-500.0,500.0
40,0.0,0.0,0.0,0.0,0.0,-1.0,1.0,0.0,0.0,0.24472852,-0.0010023812,0.0013744831,-0.12088251,0.0150823,-0.78116363,-0.32879326,0.00025381963,0.0030225515,-0.11839712,0.75366336,0.0037856519,0.17468259,-0.029081086,-0.042697914,0.07213381,-0.24495046,0.20634484,-0.15823613,0.028601939,0.04421882,-0.09234498,0.29839578,-0.24493413,0.0,0.0,-0.0,0.0,-0.0,0.0,-0.0,0.0,0.0,-0.0,-0.0,0.0,500.0,-291.6598226516102,-435.66983432028115,500.0,-500.0,500.0,-500.0,288.4693606029364,436.68300897989656,-478.9540554908682,500.0,-500.0
41,0.0,0.0,0.0,0.0,0.0,-1.0,1.0,0.0,0.0,0.24671867,0.00018160918,0.0031183958,-0.12648869,0.024358034,-0.801156,-0.327581,-0.000906434,0.0012823939,-0.11724365,0.7534133,0.015648644,-0.100703,0.029339297,0.04311901,-0.095032535,0.2406119,-0.30417627,0.11600907,-0.028847057,-0.044100072,0.071353085,-0.20108035,0.26216432,0.0,0.0,-0.0,0.0,-0.0,0.0,-0.0,0.0,0.0,0.0,-0.0,0.0,-500.0,290.69723947253465,425.6270606167201,-479.656825925145,500.0,-500.0,500.0,-286.58465647281787,-449.4737746783892,500.0,-500.0,500.0
42,0.0,0.0,0.0,0.0,0.0,-1.0,1.0,0.0,0.0,0.2593692,-0.0009907293,0.0014233589,-0.12534761,0.01415509,-0.8002627,-0.33717877,0.0002414136,0.0030816197,-0.12259889,0.77270305,0.0072988947,0.17259824,-0.02937608,-0.04299163,0.073056996,-0.24544854,0.2102346,-0.1571654,0.02886023,0.04450917,-0.0923703,0.2948615,-0.24435101,0.0,0.0,-0.0,0.0,-0.0,0.0,-0.0,0.0,0.0,-0.0,-0.0,0.0,500.0,-293.65400887011066,-438.8488745619827,500.0,-500.0,500.0,-499.24505493505137,290.99902357935065,439.5638938148218,-479.11105009172866,500.0,-500.0
43,0.0,0.0,0.0,0.0,0.0,-1.0,1.0,0.0,0.0,0.26087976,0.00019551361,0.0031788945,-0.13089478,0.023343027,-0.8194846,-0.33567244,-0.00093224226,0.0013291836,-0.121346,0.77170527,0.01928442,-0.10210913,0.029493809,0.04340155,-0.09511292,0.24021852,-0.30033687,0.11782724,-0.02913998,-0.04438841,0.07218852,-0.20495014,0.26279923,0.0,0.0,-0.0,0.0,-0.0,0.0,-0.0,0.0,0.0,0.0,-0.0,0.0,-500.0,296.5931031612187,428.1580229707707,-479.848027113356,500.0,-500.0,500.0,-289.10037914505256,-452.4153235143624,500.0,-500.0,500.0
44,0.0,0.0,0.0,0.0,0.0,-1.0,1.0,0.0,0.0,0.2730917,-0.0009773776,0.0014717579,-0.12965655,0.013050377,-0.8178164,-0.34498912,0.00022876302,0.0031388402,-0.1266371,0.7902543,0.011051828,0.17021681,-0.029622663,-0.04327015,0.07392971,-0.24593256,0.21416087,-0.1562738,0.029186254,0.044781353,-0.09238332,0.2912644,-0.24380676,0.0,0.0,-0.0,0.0,-0.0,0.0,-0.0,0.0,0.0,-0.0,-0.0,0.0,500.0,-296.9293368132823,-441.5241839328474,500.0,-500.0,500.0,-500.0,293.8420201436243,442.2814135566382,-479.2592274324603,500.0,-500.0
45,0.0,0.0,0.0,0.0,0.0,-1.0,1.0,0.0,0.0,0.27415806,0.0002159429,0.003238082,-0.13514507,0.022152781,-0.8362585,-0.34327126,-0.0009493867,0.0013749003,-0.12528801,0.7884996,0.023151988,-0.104604915,0.02976878,0.043672316,-0.095213205,0.23982523,-0.29646465,0.11846345,-0.029363034,-0.044659164,0.072991334,-0.2088548,0.26337227,0.0,0.0,-0.0,0.0,-0.0,0.0,-0.0,0.0,0.0,0.0,-0.0,0.0,-500.0,298.869742505982,430.824020677341,-480.0644537020746,500.0,-500.0,500.0,-293.36081732901584,-455.1795229258988,500.0,-500.0,500.0
46,0.0,0.0,0.0,0.0,0.0,-1.0,1.0,0.0,0.0,0.2859028,-0.00096694595,0.0015194416,-0.13381064,0.011772275,-0.83380324,-0.3523448,0.00021711968,0.0031943321,-0.13051605,0.8062983,0.015034743,0.1679928,-0.02981411,-0.043541368,0.07478739,-0.2464004,0.21811803,-0.15529846,0.029460425,0.045035806,-0.09238299,0.28760996,-0.24326046,0.0,0.0,-0.0,0.0,-0.0,0.0,-0.0,0.0,0.0,-0.0,-0.0,0.0,498.6881518394381,-299.05277295674557,-444.2571123627088,500.0,-500.0,500.0,-500.0,296.66338032163463,444.83654908566336,-479.38759400267463,500.0,-500.0
47,0.0,0.0,0.0,0.0,0.0,-1.0,1.0,0.0,0.0,0.28642362,0.00024660444,0.0032952428,-0.13924277,0.020790517,-0.8514584,-0.3503662,-0.00097314315,0.0014195442,-0.1290735,0.80377847,0.027248787,-0.1083731,0.030108532,0.043926813,-0.09531063,0.239428,-0.29254743,0.12020948,-0.029652596,-0.044913635,0.07376232,-0.21278949,0.26396093,0.0,0.0,-0.0,0.0,-0.0,0.0,-0.0,0.0,0.0,0.0,-0.0,0.0,-500.0,299.1274949162193,433.4925257942461,-480.23766954096203,500.0,-500.0,500.0,-295.5035601387884,-457.7822570945882,500.0,-500.0,500.0
48,0.0,0.0,0.0,0.0,0.0,-1.0,1.0,0.0,0.0,0.29772303,-0.00095826475,0.0015670061,-0.137815,0.010324299,-0.8482051,-0.35927626,0.00020748648,0.0032481551,-0.13423955,0.82081825,0.019239444,0.16645986,-0.030166177,-0.043784264,0.07560051,-0.24684823,0.22214206,-0.15450498,0.029723901,0.045275655,-0.09237331,0.28390357,-0.24272878,0.0,0.0,-0.0,0.0,-0.0,0.0,-0.0,0.0,0.0,-0.0,-0.0,0.0,500.0,-301.63374644075583,-447.0219544442051,500.0,-500.0,500.0,-500.0,299.5362368210836,447.2305288515785,-479.5323281770956,500.0,-500.0
49,0.0,0.0,0.0,0.0,0.0,-1.0,1.0,0.0,0.0,0.29786915,0.0002566666,0.0033522844,-0.14318907,0.01926142,-0.8650617,-0.3570718,-0.0009922042,0.0014631748,-0.13270617,0.81752616,0.031562176,-0.10949339,0.03027285,0.044159632,-0.09534194,0.23905535,-0.28856182,0.12132181,-0.02989617,-0.04515025,0.07450205,-0.21674894,0.26450405,0.0,0.0,-0.0,0.0,-0.0,0.0,-0.0,0.0,0.0,0.0,-0.0,0.0,-500.0,304.4439277560169,435.62186022148273,-480.3656352913119,500.0,-500.0,500.0,-298.70838204907074,-460.20188182735853,500.0,-500.0,500.0
50,0.0,0.0,0.0,0.0,0.0,-1.0,1.0,0.0,0.0,0.30885297,-0.0009518866,0.0016138554,-0.14167094,0.008713424,-0.8610082,-0.3657728,0.00019759634,0.00330019,-0.13781118,0.8337993,0.023659369,0.1647705,-0.030386133,-0.04402042,0.076386474,-0.24727972,0.22616954,-0.15350883,0.029942168,0.045497194,-0.09234777,0.28014973,-0.24219552,0.0,0.0,-0.0,0.0,-0.0,0.0,-0.0,0.0,0.0,-0.0,-0.0,0.0,499.57595043962147,-304.4820777668253,-449.2696300643315,500.0,-500.0,500.0,-499.1529659826624,301.9977915321958,449.4415231761051,-479.65997461434597,500.0,-500.0
51,0.0,0.0,0.0,0.0,0.0,-1.0,1.0,0.0,0.0,0.308582,0.00027553432,0.0034074187,-0.14698851,0.017571151,-0.8770614,-0.363345,-0.0010130692,0.0015057325,-0.13618958,0.8297287,0.036087394,-0.11180001,0.030529812,0.04438072,-0.09538441,0.23867963,-0.28455266,0.1228364,-0.030172778,-0.045370344,0.07521184,-0.2207284,0.26504156,0.0,0.0,-0.0,0.0,-0.0,0.0,-0.0,0.0,0.0,0.0,-0.0,0.0,-500.0,306.97001100844795,437.8142885852745,-480.5098165000188,500.0,-500.0,500.0,-300.74711352026793,-462.4520561000773,500.0,-500.0,500.0
52,0.0,0.0,0.0,0.0,0.0,-1.0,1.0,0.0,0.0,0.31914958,-0.0009407242,0.0016596913,-0.14538252,0.006942749,-0.8721999,-0.37187696,0.00018958651,0.003350556,-0.14123428,0.84522855,0.02828585,0.16277328,-0.030659616,-0.044237733,0.07713502,-0.2476977,0.23023772,-0.152895,0.030211559,0.04570201,-0.092309825,0.276354,-0.24169874,0.0,0.0,-0.0,0.0,-0.0,0.0,-0.0,0.0,0.0,-0.0,-0.0,0.0,500.0,-307.48153249369284,-451.5331967222031,500.0,-500.0,500.0,-499.40256926176687,304.63783119148707,451.4876187316152,-479.7910696022258,500.0,-500.0
53,0.0,0.0,0.0,0.0,0.0,-1.0,1.0,0.0,0.0,0.3185526,0.0002901089,0.0034617782,-0.15064323,0.015723586,-0.8874424,-0.36923915,-0.0010328703,0.0015473366,-0.13952696,0.8403744,0.04081542,-0.11373929,0.030801952,0.044592496,-0.09542513,0.23831232,-0.28051922,0.12425754,-0.030437877,-0.04557285,0.07589128,-0.22472285,0.26555243,0.0,0.0,-0.0,0.0,-0.0,0.0,-0.0,0.0,0.0,0.0,-0.0,0.0,-500.0,308.9990307469985,439.90519564799604,-480.72090581307106,500.0,-500.0,500.0,-302.86983464901954,-464.53034801716274,500.0,-500.0,500.0
54,0.0,0.0,0.0,0.0,0.0,-1.0,1.0,0.0,0.0,0.32877234,-0.0009340894,0.0017049909,-0.14895105,0.0050177574,-0.881768,-0.37758157,0.00018250961,0.0033991933,-0.14451194,0.8550953,0.033111926,0.16117324,-0.030911047,-0.044441633,0.07785951,-0.24809527,0.23432088,-0.15244141,0.030501297,0.04588887,-0.09225627,0.27252105,-0.24122553,0.0,0.0,-0.0,0.0,-0.0,0.0,-0.0,0.0,0.0,-0.0,-0.0,0.0,500.0,-310.1726542820922,-453.6600248698943,500.0,-500.0,500.0,-500.0,307.0830389782449,453.3544899390236,-479.9138420838274,500.0,-500.0
55,0.0,0.0,0.0,0.0,0.0,-1.0,1.0,0.0,0.0,0.32783335,0.0003029845,0.0035145879,-0.1541555,0.013723612,-0.8961954,-0.37475556,-0.0010480881,0.0015879273,-0.14272118,0.84945333,0.045737814,-0.115391254,0.03103087,0.044784818,-0.095432244,0.23795114,-0.2764511,0.12505792,-0.030649984,-0.045757085,0.07654186,-0.2287275,0.26601675,0.0,0.0,-0.0,0.0,-0.0,0.0,-0.0,0.0,0.0,0.0,-0.0,0.0,-500.0,312.25537796464147,441.74481160176526,-480.88068679831645,500.0,-500.0,500.0,-306.2515161925268,-466.4184796067689,500.0,-500.0,500.0
56,0.0,0.0,0.0,0.0,0.0,-1.0,1.0,0.0,0.0,0.33779886,-0.00093741086,0.0017498136,-0.15237808,0.0029434562,-0.88970274,-0.38296154,0.00017589795,0.0034462214,-0.14764702,0.8633906,0.038129427,0.16061391,-0.031182935,-0.044631,0.07857741,-0.2484684,0.23841909,-0.15186426,0.030740721,0.046058472,-0.092188254,0.26865608,-0.24074987,0.0,0.0,-0.0,0.0,-0.0,0.0,-0.0,0.0,0.0,-0.0,-0.0,0.0,499.92038825267764,-311.9865789855011,-455.57684113280607,500.0,-500.0,500.0,-500.0,309.65946991583996,455.05981940172654,-480.02583401610855,500.0,-500.0
57,0.0,0.0,0.0,0.0,0.0,-1.0,1.0,0.0,0.0,0.33648846,0.000320911,0.003565371,-0.15752816,0.0115763545,-0.9033142,-0.37996227,-0.0010642543,0.0016275644,-0.1457752,0.8569577,0.050848126,-0.11762623,0.031290427,0.04495143,-0.09541338,0.23759054,-0.27236196,0.12611817,-0.030888615,-0.045924667,0.07716399,-0.23273766,0.26647168,0.0,0.0,-0.0,0.0,-0.0,0.0,-0.0,0.0,0.0,0.0,-0.0,0.0,-500.0,314.5647666862504,443.47892209960827,-480.9190772101384,500.0,-500.0,500.0,-308.6497944484849,-468.13966152198816,500.0,-500.0,500.0
58,0.0,0.0,0.0,0.0,0.0,-1.0,1.0,0.0,0.0,0.34618402,-0.00093082886,0.0017935038,-0.15566874,0.00072425604,-0.8960011,-0.38802046,0.00016908105,0.00349164,-0.15064216,0.87010765,0.04333129,0.15855609,-0.031278726,-0.044814806,0.07924032,-0.24883163,0.24250472,-0.15114096,0.030943701,0.046211313,-0.09210502,0.26476368,-0.24027577,0.0,0.0,-0.0,0.0,-0.0,0.0,-0.0,0.0,0.0,-0.0,-0.0,0.0,497.74807446867453,-314.4822718086822,-457.42847787494844,500.0,-500.0,500.0,-499.41736493772044,311.9839776224305,456.5869552512456,-480.1385450216817,500.0,-500.0
59,0.0,0.0,0.0,0.0,0.0,-1.0,1.0,0.0,0.0,0.34462628,0.00032906546,0.0036157966,-0.1607629,0.0092868805,-0.9087903,-0.38487986,-0.001079509,0.0016663074,-0.14869142,0.86288136,0.056138318,-0.118881226,0.031535637,0.04512619,-0.09541136,0.2372422,-0.26826677,0.12717992,-0.031139702,-0.04607552,0.077758305,-0.2367485,0.2669092,0.0,0.0,-0.0,0.0,-0.0,0.0,-0.0,0.0,0.0,0.0,-0.0,0.0,-500.0,317.2943358303867,445.0690599339431,-481.21138239904144,500.0,-500.0,500.0,-310.4650852474285,-469.692911857347,500.0,-500.0,500.0
60,0.0,0.0,0.0,0.0,0.0,-1.0,1.0,0.0,0.0,0.3540822,-0.0009332989,0.001836896,-0.15882337,-0.0016340613,-0.9006549,-0.39279443,0.0001629542,0.0035354495,-0.15349996,0.8752412,0.048709594,0.15832959,-0.031687297,-0.044960722,0.07988455,-0.24916601,0.24664943,-0.15052956,0.03115572,0.04634681,-0.09200584,0.26084885,-0.23982058,0.0,0.0,-0.0,0.0,-0.0,0.0,-0.0,0.0,0.0,-0.0,-0.0,0.0,500.0,-317.2874996932046,-459.0396498604292,500.0,-500.0,500.0,-499.09425694553363,314.2585045635711,457.9411047760329,-480.2477869223342,500.0,-500.0
61,0.0,0.0,0.0,0.0,0.0,-1.0,1.0,0.0,0.0,0.35225552,0.0003413925,0.0036640167,-0.16386211,0.006860435,-0.9126224,-0.38951454,-0.0010916471,0.0017041564,-0.15147209,0.86722034,0.061600465,-0.12056291,0.03179149,0.045256652,-0.09535108,0.2368963,-0.2641543,0.12780763,-0.031344127,-0.04620802,0.07832538,-0.24075536,0.26730552,0.0,0.0,-0.0,0.0,-0.0,0.0,-0.0,0.0,0.0,0.0,-0.0,0.0,-500.0,319.68398390621985,446.4874458044536,-481.198131739101,500.0,-500.0,500.0,-313.3580739141267,-471.0575486863906,500.0,-500.0,500.0
62,0.0,0.0,0.0,0.0,0.0,-1.0,1.0,0.0,0.0,0.36146247,-0.0009317676,0.0018790364,-0.16184437,-0.0041269064,-0.9036629,-0.39728925,0.00015901391,0.00357759,-0.15622258,0.87878835,0.05425665,0.15724154,-0.031937744,-0.045103006,0.08049943,-0.24948585,0.25077435,-0.15038908,0.03143738,0.04646392,-0.09188877,0.25691637,-0.23940729,0.0,0.0,-0.0,0.0,-0.0,0.0,-0.0,0.0,0.0,-0.0,-0.0,0.0,500.0,-319.88431478082197,-460.50597722180163,500.0,-500.0,500.0,-500.0,316.5477199072841,459.1220262198845,-480.3450030052514,500.0,-500.0
63,0.0,0.0,0.0,0.0,0.0,-1.0,1.0,0.0,0.0,0.35942134,0.00035076233,0.0037112236,-0.16682756,0.0043019652,-0.9148065,-0.39387006,-0.0011055277,0.0017411113,-0.15411973,0.8699725,0.067228876,-0.12201947,0.032064848,0.04538846,-0.095302716,0.23655747,-0.260044,0.12873794,-0.031565495,-0.04632337,0.07886454,-0.24475348,0.2676896,0.0,0.0,-0.0,0.0,-0.0,0.0,-0.0,0.0,0.0,0.0,-0.0,0.0,-500.0,321.54849661460867,447.8152174808512,-481.3545503650389,500.0,-500.0,500.0,-315.526458635005,-472.25288857497395,500.0,-500.0,500.0
64,0.0,0.0,0.0,0.0,0.0,-1.0,1.0,0.0,0.0,0.36841547,-0.00093291275,0.0019205213,-0.16473329,-0.006748557,-0.90502274,-0.40154397,0.00015317889,0.0036183,-0.15881205,0.8807478,0.059966117,0.15642132,-0.032191172,-0.045229606,0.081088394,-0.24978338,0.25489864,-0.14958483,0.031577848,0.04656538,-0.09175665,0.25297105,-0.23895645,0.0,0.0,-0.0,0.0,-0.0,0.0,-0.0,0.0,0.0,-0.0,-0.0,0.0,500.0,-322.3691888284806,-461.8550158344239,500.0,-500.0,500.0,-498.79393470816103,318.7309166774824,460.13697170799617,-480.44552481854953,500.0,-500.0
65,0.0,0.0,0.0,0.0,0.0,-1.0,1.0,0.0,0.0,0.3661618,0.0003569987,0.003757,-0.16966093,0.0016170144,-0.915342,-0.397968,-0.001119048,0.0017772317,-0.15663588,0.87113756,0.073015474,-0.12304646,0.03229114,0.04550185,-0.09522009,0.23622695,-0.25592467,0.12965254,-0.031777605,-0.046421196,0.079377666,-0.24873836,0.268049,0.0,0.0,-0.0,0.0,-0.0,0.0,-0.0,0.0,0.0,0.0,-0.0,0.0,-500.0,324.8187688647593,448.88527550153844,-481.4764963645324,500.0,-500.0,500.0,-317.7143533381372,-473.26677144317443,500.0,-500.0,500.0
66,0.0,0.0,0.0,0.0,0.0,-1.0,1.0,0.0,0.0,0.37490365,-0.0009336824,0.0019606948,-0.16749156,-0.009493947,-0.90473425,-0.40554032,0.00015086895,0.0036574602,-0.16127026,0.8811202,0.06582937,0.15558146,-0.03245094,-0.045341954,0.081660554,-0.25006106,0.25902316,-0.1496403,0.031864133,0.04664858,-0.09160534,0.24901788,-0.23857522,0.0,0.0,-0.0,0.0,-0.0,0.0,-0.0,0.0,0.0,-0.0,-0.0,0.0,500.0,-324.67391279702133,-462.93494462956494,500.0,-500.0,500.0,-500.0,320.9805241133887,460.97766331053225,-480.5378150226063,500.0,-500.0
67,0.0,0.0,0.0,0.0,0.0,-1.0,1.0,0.0,0.0,0.37240085,0.00037005785,0.003800869,-0.17236447,-0.0011894703,-0.9142306,-0.40187728,-0.0011297275,0.0018125772,-0.15902257,0.87071717,0.07895154,-0.12491139,0.03258476,0.04560051,-0.09513484,0.23589699,-0.2518129,0.13030292,-0.031986207,-0.046502355,0.07986382,-0.25270438,0.26838264,0.0,0.0,-0.0,0.0,-0.0,0.0,-0.0,0.0,0.0,0.0,-0.0,0.0,-500.0,326.05901475440254,449.94958359765417,-481.5853478135916,500.0,-500.0,500.0,-319.7783231396116,-474.118634343794,500.0,-500.0,500.0
68,0.0,0.0,0.0,0.0,0.0,-1.0,1.0,0.0,0.0,0.38100743,-0.0009383023,0.0020008087,-0.17012179,-0.012357056,-0.90279895,-0.4093379,0.00014765844,0.0036950707,-0.16359878,0.87990826,0.0718399,0.15507549,-0.03270382,-0.045437172,0.082191676,-0.25031266,0.2631342,-0.1493575,0.032073434,0.046715003,-0.09143576,0.24506135,-0.23818028,0.0,0.0,-0.0,0.0,-0.0,0.0,-0.0,0.0,0.0,0.0,-0.0,0.0,500.0,-327.15133434387764,-464.06116344353006,500.0,-500.0,500.0,-500.0,322.9522945565662,461.64371782110345,-480.6269030531625,500.0,-500.0
69,0.0,0.0,0.0,0.0,0.0,-1.0,1.0,0.0,0.0,0.3782922,0.00037547437,0.0038434267,-0.17493856,-0.0041107535,-0.9114731,-0.40554577,-0.0011419238,0.0018470883,-0.16128123,0.8687149,0.08503177,-0.1258317,0.03279588,0.04567899,-0.095003694,0.2355804,-0.24769817,0.13114105,-0.032188114,-0.046565812,0.080324136,-0.25664756,0.26869416,0.0,0.0,-0.0,0.0,-0.0,0.0,-0.0,0.0,0.0,0.0,-0.0,0.0,-500.0,329.791292869727,450.67979465874816,-481.6505397313699,500.0,-500.0,500.0,-321.78049750184556,-474.7859500684648,500.0,-500.0,500.0
70,0.0,0.0,0.0,0.0,0.0,-1.0,1.0,0.0,0.0,0.38673624,-0.00093857065,0.0020394325,-0.17262447,-0.015331686,-0.8992215,-0.41291925,0.00014386169,0.0037312508,-0.16579902,0.8771166,0.07799057,0.15379319,-0.03282664,-0.04552639,0.08269941,-0.25054666,0.2672169,-0.14897534,0.032267958,0.046764325,-0.09124755,0.24110647,-0.237794,0.0,0.0,-0.0,0.0,-0.0,0.0,-0.0,0.0,0.0,0.0,-0.0,0.0,498.32292803900566,-329.6728653257936,-464.8518453140615,500.0,-500.0,500.0,-500.0,325.10044607286767,462.1468898210364,-480.71004979570773,500.0,-500.0
71,0.0,0.0,0.0,0.0,0.0,-1.0,1.0,0.0,0.0,0.3838422,0.00038053276,0.003884852,-0.17738533,-0.0071406364,-0.9070748,-0.40902618,-0.0011530326,0.0018808246,-0.16341329,0.86513656,0.09124748,-0.12682924,0.03304335,0.045756847,-0.09488322,0.23527129,-0.24360302,0.13193029,-0.032395802,-0.046612725,0.08075858,-0.26056236,0.2689844,0.0,0.0,-0.0,0.0,-0.0,0.0,-0.0,0.0,0.0,0.0,-0.0,0.0,-500.0,332.43847259409506,451.35867551709885,-481.85580432083253,500.0,-500.0,500.0,-323.3894867617233,-475.291823792356,500.0,-500.0,500.0
72,0.0,0.0,0.0,0.0,0.0,-1.0,1.0,0.0,0.0,0.39213118,-0.0009445681,0.0020775795,-0.17500114,-0.018411398,-0.89400476,-0.41631904,0.00014113044,0.0037660003,-0.16787243,0.8727518,0.08427311,0.15376776,-0.033199765,-0.04558354,0.083183296,-0.25074968,0.2713229,-0.14857799,0.0324204,0.046797678,-0.091040544,0.23715828,-0.23740888,0.0,0.0,-0.0,0.0,-0.0,0.0,-0.0,0.0,0.0,0.0,-0.0,0.0,500.0,-332.4506861224544,-465.5401967771,500.0,-500.0,500.0,-499.30900582469087,326.89107741145824,462.4763294434806,-480.79640404859265,500.0,-500.0
73,0.0,0.0,0.0,0.0,0.0,-1.0,1.0,0.0,0.0,0.38908687,0.00038825546,0.0039244294,-0.1797055,-0.0102722645,-0.90104234,-0.41232628,-0.0011619459,0.0019137859,-0.16541982,0.85998946,0.09759079,-0.12818016,0.033331927,0.04580099,-0.094723575,0.23496957,-0.23952393,0.1324323,-0.03257065,-0.046642154,0.08116826,-0.26444384,0.26923847,0.0,0.0,-0.0,0.0,-0.0,0.0,-0.0,0.0,0.0,0.0,-0.0,0.0,-500.0,333.8427968477492,451.9441907895354,-481.86704354489956,500.0,-500.0,500.0,-325.6980709075219,-475.6144858739524,500.0,-500.0,500.0
74,0.0,0.0,0.0,0.0,0.0,-1.0,1.0,0.0,0.0,0.33911794,0.006161812,0.0018206239,-0.17748189,-0.021962523,-0.88793784,-0.41953918,0.0001390025,0.0037993193,-0.16982007,0.86682236,0.09068016,-0.3130785,0.010857435,-0.04599717,0.08159202,-0.25398636,0.27178347,-0.14838545,0.032612897,0.046813425,-0.09081231,0.23322175,-0.2370529,0.0,0.0,-0.0,0.0,-0.0,0.0,-0.0,0.0,0.0,0.0,-0.0,0.0,500.0,-500.0,-446.7724023969566,500.0,-500.0,500.0,-499.39873146711454,328.7848808137504,462.6405918613874,-480.87168308922077,500.0,-500.0
75,0.0,0.0,0.0,0.0,0.0,-1.0,1.0,0.0,0.0,0.33224484,0.003042774,0.0039924383,-0.1817652,-0.013899803,-0.8930599,-0.41545707,-0.0011712486,0.001946032,-0.1673019,0.8532834,0.10405482,0.09362023,-0.02697792,0.051696368,-0.095737785,0.23614028,-0.22495721,0.13304426,-0.032753676,-0.046655107,0.08155211,-0.26828673,0.2694726,0.0,0.0,-0.0,0.0,-0.0,0.0,-0.0,0.0,0.0,-0.0,-0.0,0.0,500.0,-221.6771372927287,474.5517884806209,-489.9755864374651,500.0,-500.0,500.0,-327.54088940341256,-475.77340342573325,500.0,-500.0,500.0
76,0.0,0.0,0.0,0.0,0.0,-1.0,1.0,0.0,0.0,0.31832153,0.003919683,0.0022716522,-0.17935419,-0.02529049,-0.87839526,-0.42259607,0.00013805117,0.0038312674,-0.17164278,0.85933906,0.09720369,-0.17785175,0.024750292,-0.048433885,0.08334192,-0.2523298,0.27219412,-0.14841329,0.032833207,0.046812672,-0.090563096,0.22930205,-0.23672245,0.0,0.0,-0.0,-0.0,-0.0,0.0,-0.0,0.0,0.0,0.0,-0.0,0.0,-500.0,252.94383936043235,-500.0,500.0,-500.0,500.0,-499.9843481899816,330.6139857870512,462.6382235598312,-480.9438034953448,500.0,-500.0
77,0.0,0.0,0.0,0.0,0.0,-1.0,1.0,0.0,0.0,0.31517312,0.0027987561,0.0043996572,-0.18397105,-0.017067373,-0.8829978,-0.41841066,-0.001181433,0.001977563,-0.16906059,0.84502995,0.110631995,0.09241431,-0.025854459,0.047737084,-0.08965021,0.23670058,-0.21935569,0.13377427,-0.03293249,-0.046651237,0.08191057,-0.272086,0.26968202,0.0,0.0,-0.0,0.0,-0.0,0.0,-0.0,0.0,0.0,-0.0,-0.0,0.0,500.0,-255.72390005333742,469.23680920802633,-451.1293493763504,500.0,-500.0,500.0,-329.26456912616516,-475.75852935717336,500.0,-500.0,500.0
78,0.0,0.0,0.0,0.0,0.0,-1.0,1.0,0.0,0.0,0.30121857,0.0037084955,0.0025211573,-0.1811614,-0.028366506,-0.86727136,-0.42548352,0.00013540177,0.0038618445,-0.1733414,0.8503145,0.103836745,-0.17800383,0.024876993,-0.05022951,0.08735591,-0.25182506,0.2776131,-0.14801542,0.03297098,0.04679587,-0.09029344,0.2254041,-0.23637775,0.0,0.0,-0.0,-0.0,-0.0,0.0,-0.0,0.0,0.0,0.0,-0.0,0.0,-500.0,253.41935815042268,-500.0,500.0,-500.0,500.0,-499.4327832500776,332.3639862395584,462.474503111481,-481.01413468775394,500.0,-500.0
79,0.0,0.0,0.0,0.0,0.0,-1.0,1.0,0.0,0.0,0.29807955,0.0025912405,0.0047141314,-0.1856972,-0.020066082,-0.8708296,-0.42123038,-0.0011886759,0.002008438,-0.17069638,0.83524305,0.1173127,0.09258893,-0.025932807,0.052179933,-0.09650715,0.23698683,-0.21470891,0.13421872,-0.033101816,-0.04663149,0.082244635,-0.27583557,0.2698608,0.0,0.0,-0.0,0.0,-0.0,0.0,-0.0,0.0,0.0,-0.0,-0.0,0.0,500.0,-256.3531615623823,500.0,-500.0,500.0,-500.0,500.0,-331.0458754592796,-475.58991897904826,500.0,-500.0,500.0
80,0.0,0.0,0.0,0.0,0.0,-1.0,1.0,0.0,0.0,0.28411037,0.0035112672,0.0029828548,-0.1831522,-0.03125775,-0.8541093,-0.42823884,0.00013412921,0.0038910508,-0.17491663,0.83976376,0.110569894,-0.1781743,0.02494964,-0.0473926,0.08240117,-0.25124767,0.28212866,-0.14788765,0.033145063,0.046762712,-0.09000138,0.22153361,-0.23606245,0.0,0.0,-0.0,-0.0,-0.0,0.0,-0.0,0.0,0.0,0.0,-0.0,0.0,-500.0,254.2156353294041,-500.0,500.0,-500.0,500.0,-499.5138121324136,334.0763988388954,462.14973164296237,-481.07794241808045,500.0,-500.0
81,0.0,0.0,0.0,0.0,0.0,-1.0,1.0,0.0,0.0,0.28097093,0.0024017831,0.00502944,-0.18736434,-0.022859275,-0.85661024,-0.42391235,-0.0011964346,0.0020385385,-0.1722101,0.8239386,0.124089755,0.09262565,-0.025880594,0.049537405,-0.09207528,0.23749581,-0.20906614,0.13474041,-0.033267114,-0.046595547,0.082553595,-0.2795303,0.2700129,0.0,0.0,-0.0,0.0,-0.0,0.0,-0.0,0.0,0.0,-0.0,-0.0,0.0,500.0,-256.623902944851,472.0339210098044,-470.40588690528114,500.0,-500.0,500.0,-332.7111690279266,-475.2539048447397,500.0,-500.0,500.0
82,0.0,0.0,0.0,0.0,0.0,-1.0,1.0,0.0,0.0,0.26699167,0.003330991,0.0031064153,-0.18444335,-0.033939898,-0.8388448,-0.4308596,0.0001337269,0.003918946,-0.17636895,0.8277038,0.11739488,-0.17826115,0.025013605,-0.050970655,0.089559965,-0.2506593,0.28771165,-0.14792992,0.03334155,0.046713803,-0.08968684,0.21769603,-0.23577178,0.0,0.0,-0.0,-0.0,-0.0,0.0,-0.0,0.0,0.0,0.0,-0.0,0.0,-500.0,253.95228588908472,-492.74451938265315,500.0,-500.0,500.0,-500.0,335.7261532121451,461.66585236824466,-481.138242979216,500.0,-500.0
83,0.0,0.0,0.0,0.0,0.0,-1.0,1.0,0.0,0.0,0.26384965,0.0022259725,0.005328357,-0.18895066,-0.025437236,-0.84035325,-0.42644945,-0.0012048248,0.0020679832,-0.1736021,0.81113493,0.13095464,0.09269739,-0.025897685,0.052383702,-0.09716896,0.23793471,-0.2042981,0.13534966,-0.033427987,-0.0465437,0.08283767,-0.28316453,0.27013713,0.0,0.0,-0.0,0.0,-0.0,0.0,-0.0,0.0,0.0,-0.0,-0.0,0.0,500.0,-256.86347094608914,498.5011135887056,-500.0,500.0,-500.0,500.0,-334.2736406329864,-474.75264686909037,500.0,-500.0,500.0
84,0.0,0.0,0.0,0.0,0.0,-1.0,1.0,0.0,0.0,0.24986269,0.0031616667,0.0034906268,-0.1861099,-0.0364092,-0.82159317,-0.43334615,0.00013193065,0.003945589,-0.17769897,0.814154,0.124303624,-0.17838281,0.02504625,-0.04778115,0.084129915,-0.2500455,0.29207024,-0.14760733,0.033462726,0.046649612,-0.08935065,0.21389662,-0.23547195,0.0,0.0,-0.0,-0.0,-0.0,0.0,-0.0,0.0,0.0,0.0,-0.0,0.0,-500.0,254.59537089531057,-500.0,500.0,-500.0,500.0,-499.47523904432467,337.30634405467316,461.03007739984525,-481.1962735977064,500.0,-500.0
85,0.0,0.0,0.0,0.0,0.0,-1.0,1.0,0.0,0.0,0.24671452,0.0020654073,0.005551696,-0.19033611,-0.027792335,-0.8220667,-0.42887354,-0.0012111904,0.0020967722,-0.17487288,0.7968525,0.13789733,0.09271508,-0.025814015,0.04821241,-0.089713566,0.23845366,-0.19844154,0.13576983,-0.03358045,-0.04647679,0.08309746,-0.2867319,0.27022925,0.0,0.0,-0.0,0.0,-0.0,0.0,-0.0,0.0,0.0,-0.0,-0.0,0.0,500.0,-256.76404187720743,467.9292705769609,-460.21149434463075,500.0,-500.0,500.0,-335.86729744084596,-474.10629877754064,500.0,-500.0,500.0
86,0.0,0.0,0.0,0.0,0.0,-1.0,1.0,0.0,0.0,0.22818114,0.0034134428,0.0036120415,-0.18733144,-0.03867632,-0.8023286,-0.4357155,0.00013144255,0.003970921,-0.17890692,0.7991362,0.13128604,-0.19895124,0.019713731,-0.050156053,0.08836358,-0.24948655,0.29874638,-0.14762922,0.033647668,0.04656979,-0.088990316,0.21014154,-0.23521231,0.0,0.0,-0.0,-0.0,-0.0,0.0,-0.0,0.0,0.0,0.0,-0.0,0.0,-363.6839951375611,80.97362585736072,-493.3180268681985,500.0,-500.0,500.0,-500.0,338.9321290979208,460.2437154869883,-481.24440443161023,500.0,-500.0
87,0.0,0.0,0.0,0.0,0.0,-1.0,1.0,0.0,0.0,0.21979369,0.0022057896,0.0057358146,-0.1916951,-0.029992819,-0.80171317,-0.43118334,-0.0012182689,0.0021249056,-0.17602277,0.7811143,0.14490937,0.06600272,-0.025898827,0.051922113,-0.09604707,0.23860109,-0.19342202,0.13630947,-0.033737447,-0.04639509,0.08333207,-0.29022673,0.2702944,0.0,0.0,-0.0,0.0,-0.0,0.0,-0.0,0.0,0.0,-0.0,-0.0,0.0,500.0,-255.98467527381618,500.0,-500.0,500.0,-500.0,500.0,-337.1105023177243,-473.3062723141197,500.0,-500.0,500.0
88,0.0,0.0,0.0,0.0,0.0,-1.0,1.0,0.0,0.0,0.2004334,0.0031407024,0.003908515,-0.18882477,-0.040772736,-0.78090495,-0.4379806,0.00013078614,0.003995061,-0.17999327,0.7826744,0.13833298,-0.20533171,0.02501618,-0.047609534,0.0841038,-0.24889116,0.30192992,-0.14743944,0.03376675,0.04647642,-0.088608846,0.20643659,-0.23494945,0.0,0.0,-0.0,0.0,-0.0,0.0,-0.0,0.0,0.0,0.0,-0.0,0.0,-500.0,254.23299289494264,-500.0,500.0,-500.0,500.0,-499.5642805647449,340.30462204984383,459.309944815258,-481.29922908308356,500.0,-500.0
89,0.0,0.0,0.0,0.0,0.0,-1.0,1.0,0.0,0.0,0.19192256,0.0020467457,0.0059045553,-0.1928711,-0.031978905,-0.779295,-0.43338653,-0.0012238206,0.0021523833,-0.17705214,0.76394546,0.1519803,0.06595442,-0.025765628,0.048200354,-0.08971619,0.23918886,-0.18777864,0.1366636,-0.03387145,-0.046298664,0.08354315,-0.29364273,0.27032086,0.0,0.0,-0.0,0.0,-0.0,0.0,-0.0,0.0,0.0,-0.0,-0.0,0.0,500.0,-256.2979834472539,468.24283365657357,-464.45936413749416,500.0,-500.0,500.0,-338.8015411577645,-472.35657641537324,500.0,-500.0,500.0
90,0.0,0.0,0.0,0.0,0.0,-1.0,1.0,0.0,0.0,0.17255813,0.0029868623,0.003945291,-0.18972373,-0.042628407,-0.7575008,-0.44014004,0.00013043797,0.004017949,-0.18095839,0.76479506,0.14543438,-0.20535088,0.025010053,-0.0505743,0.089832745,-0.24812523,0.30701637,-0.14736056,0.033907387,0.046368442,-0.08820365,0.20278783,-0.23471375,0.0,0.0,-0.0,0.0,-0.0,0.0,-0.0,0.0,0.0,0.0,-0.0,0.0,-500.0,253.39368526250965,-492.870163096298,500.0,-500.0,500.0,-499.57071217358816,341.7329935817095,458.2373450520774,-481.34456435637185,500.0,-500.0
91,0.0,0.0,0.0,0.0,0.0,-1.0,1.0,0.0,0.0,0.15503445,0.0016945271,0.0051105022,-0.18767834,0.0030997396,-0.71537155,-0.3786454,-0.007369231,-0.00417614,-0.15840387,0.62670815,0.13428381,-0.10190344,0.008490341,-0.04533995,0.097006425,0.36553317,-0.17315747,0.06184995,0.035456594,0.047695242,-0.052919794,-0.2909916,-0.35647866,0.0,0.0,-0.0,0.0,-0.0,0.0,-0.0,0.0,0.0,-0.0,-0.0,0.0,-110.48712720463945,246.4532695734343,-500.0,500.0,500.0,-500.0,-500.0,361.24108083457884,135.579245302488,-500.0,500.0,-500.0
92,0.0,0.0,0.0,0.0,0.0,-1.0,1.0,0.0,0.0,0.1633157,-0.000275732,0.0078002214,-0.18705022,0.017891467,-0.69266856,-0.36437848,-0.0068986514,-0.005607605,-0.15272617,0.6256243,0.122993626,0.15316631,-0.03556704,0.054343756,-0.060774893,-0.120293036,0.30793127,0.191703,-0.032039445,-0.045379158,0.0848808,0.18495375,0.14794144,0.0,-0.0,-0.0,0.0,-0.0,0.0,-0.0,0.0,0.0,0.0,-0.0,0.0,500.0,-355.7686736463954,465.92521729529767,-500.0,-500.0,500.0,500.0,-348.8988573452657,-498.10491672430766,500.0,500.0,500.0
93,0.0,0.0,0.0,0.0,0.0,-1.0,1.0,0.0,0.0,0.15941197,0.0011456509,0.006394863,-0.18136549,0.052469134,-0.6894633,-0.35964832,-0.005315102,-0.003174305,-0.15414381,0.60569304,0.092067845,-0.13426934,0.035136882,-0.04781983,0.08765434,0.36817688,-0.17872001,-0.08847341,0.03454672,0.05067758,-0.06852979,-0.28947306,-0.35652667,0.0,0.0,-0.0,0.0,-0.0,0.0,-0.0,0.0,0.0,0.0,-0.0,0.0,-500.0,351.3888053264707,-500.0,500.0,500.0,-500.0,-500.0,335.9944413880465,466.53118540984684,-500.0,-500.0,-500.0
94,0.0,0.0,0.0,0.0,0.0,-1.0,1.0,0.0,0.0,0.15257585,-0.0001273132,0.0076751113,-0.17421305,0.021493196,-0.54940575,-0.3377036,-0.0070063276,-0.0047459006,-0.15007997,0.6048219,0.081607275,-0.21200256,0.04033908,-0.04391151,0.12360213,-0.3080882,0.30837104,0.2628962,-0.035801068,-0.046019692,0.07856684,0.18580693,0.15035076,0.0,-0.0,-0.0,0.0,-0.0,0.0,-0.0,0.0,0.0,-0.0,-0.0,0.0,-500.0,198.0755824873102,-415.60503851663947,500.0,-500.0,-500.0,500.0,-223.58299630834082,-490.1968033525488,500.0,500.0,500.0
95,0.0,0.0,0.0,0.0,0.0,-1.0,1.0,0.0,0.0,0.18179682,-0.0067409705,0.014079452,-0.17603397,-0.007108867,-0.4279264,-0.3194676,-0.0055189305,-0.002557516,-0.15193737,0.58487034,0.050851785,0.13760002,-0.012120216,-0.017374275,0.047844358,0.121261895,0.79801124,-0.021252548,0.034269217,0.04893627,-0.06766706,-0.29027906,-0.35604998,0.0,0.0,-0.0,0.0,-0.0,0.0,-0.0,0.0,-0.0,0.0,-0.0,0.0,-500.0,500.0,-500.0,500.0,500.0,-500.0,-500.0,333.40557194716126,470.4501367711453,-482.20923833038665,-500.0,-500.0
96,0.0,0.0,0.0,0.0,0.0,-1.0,1.0,0.0,0.0,0.17911713,-0.004468159,0.0151100755,-0.17275691,-0.041381955,-0.40528214,-0.29006514,-0.00660683,-0.004200518,-0.14803421,0.5838951,0.04037272,-0.11091538,0.020910745,0.049848106,-0.05690313,-0.36660004,0.30232576,0.25916263,-0.03183096,-0.04644427,0.07777695,0.18548898,0.15018025,0.0,0.0,-0.0,0.0,-0.0,0.0,-0.0,0.0,-0.0,-0.0,-0.0,0.0,-500.0,188.5566331069078,464.2893550827525,-500.0,-500.0,500.0,500.0,-330.88776542965576,-485.46194343536285,500.0,500.0,500.0
97,0.0,0.0,0.0,0.0,0.0,-1.0,1.0,0.0,0.0,0.18828677,-0.0050547584,0.013178766,-0.16591108,-0.055648625,-0.40103728,-0.27183205,-0.0050670607,-0.002033472,-0.1500597,0.56381416,0.009734688,0.15007094,-0.018438939,-0.049411956,0.09498875,0.12564346,-0.16639686,-0.020805772,0.03396886,0.04918221,-0.06892026,-0.29109338,-0.35555956,0.0,0.0,-0.0,0.0,-0.0,0.0,-0.0,0.0,-0.0,0.0,-0.0,0.0,500.0,-194.45447346589194,-500.0,500.0,500.0,-500.0,-500.0,330.7234485890344,474.4815904673263,-481.67907343230314,-500.0,-500.0
98,0.0,0.0,0.0,0.0,0.0,-1.0,1.0,0.0,0.0,0.18700124,-0.004109973,0.015243292,-0.16656017,-0.08907795,-0.37795198,-0.24235858,-0.006166309,-0.003713727,-0.14630628,0.5627394,-0.0005572349,-0.11073957,0.020025408,0.050254058,-0.06882511,-0.36246368,0.30346337,0.25945815,-0.031729482,-0.04694972,0.07742339,0.1852098,0.1514061,0.0,0.0,-0.0,-0.0,-0.0,0.0,-0.0,0.0,0.0,-0.0,-0.0,0.0,-500.0,193.08810321299507,467.9321282527633,-500.0,-500.0,500.0,500.0,-328.73439312299524,-489.32595496504194,500.0,500.0,500.0
99,0.0,0.0,0.0,0.0,0.0,-1.0,1.0,0.0,0.0,0.19610427,-0.0047082254,0.013340294,-0.16208017,-0.10243356,-0.37360647,-0.22405447,-0.0046533532,-0.0015515089,-0.14851785,0.5425495,-0.03101605,0.14973994,-0.018275399,-0.04948021,0.08335954,0.13047558,-0.1662591,-0.020422453,0.033691335,0.049476992,-0.070249796,-0.29182327,-0.35487998,0.0,0.0,-0.0,0.0,-0.0,0.0,-0.0,0.0,-0.0,0.0,-0.0,0.0,500.0,-191.27743623347442,-500.0,500.0,500.0,-500.0,-500.0,328.9628958363799,478.5439931504965,-481.5817793895762,-500.0,-500.0
100,0.0,0.0,0.0,0.0,0.0,-1.0,1.0,0.0,0.0,0.19474043,-0.0037858277,0.015335739,-0.16477764,-0.13498002,-0.35039192,-0.19451915,-0.005764092,-0.0032675862,-0.14490747,0.5413966,-0.04108638,-0.11127149,0.019882817,0.05028644,-0.078399114,-0.3584598,0.30444714,0.2597293,-0.031653363,-0.047442082,0.07713401,0.18505329,0.15279585,0.0,0.0,-0.0,-0.0,-0.0,0.0,-0.0,0.0,0.0,-0.0,-0.0,0.0,-500.0,192.35576982767017,481.8623357738396,-494.95363963776515,-500.0,500.0,500.0,-326.9210029728147,-493.2176344351535,500.0,500.0,500.0
101,0.0,0.0,0.0,0.0,0.0,-1.0,1.0,0.0,0.0,0.20381092,-0.004403179,0.013203979,-0.16133785,-0.14751935,-0.34591243,-0.17615557,-0.0042750644,-0.0011087656,-0.1473012,0.5211177,-0.071331196,0.14993517,-0.018472109,-0.04957685,0.07793274,0.13452776,-0.16592157,-0.020118162,0.033453863,0.049774382,-0.07158978,-0.29246804,-0.35401922,0.0,0.0,-0.0,0.0,-0.0,0.0,-0.0,0.0,-0.0,0.0,-0.0,0.0,500.0,-191.73634778043586,-500.0,500.0,500.0,-500.0,-500.0,327.5228928004102,482.5507712845816,-481.48926054238177,-500.0,-500.0
102,0.0,0.0,0.0,0.0,0.0,-1.0,1.0,0.0,0.0,0.20242645,-0.0034897304,0.014876008,-0.16386652,-0.17940468,-0.3224843,-0.14656746,-0.0053970385,-0.002858758,-0.1438266,0.5199081,-0.08114622,-0.11163437,0.02000027,0.04925603,-0.07723927,-0.35555467,0.30582112,0.2599765,-0.03160098,-0.047920253,0.07690909,0.185016,0.15434515,0.0,0.0,-0.0,0.0,-0.0,0.0,-0.0,0.0,0.0,-0.0,-0.0,0.0,-500.0,194.31074596209635,481.2777075072136,-477.5758717755427,-500.0,500.0,500.0,-325.42891636956523,-497.05182434137197,500.0,500.0,500.0
103,0.0,0.0,0.0,0.0,0.0,-1.0,1.0,0.0,0.0,0.21151519,-0.0041266,0.012622654,-0.1603316,-0.19129056,-0.31783932,-0.12855661,-0.0039069774,-0.0007029176,-0.1463989,0.4995588,-0.11115099,0.15031493,-0.018716482,-0.053370435,0.084248,0.13815217,-0.16520415,-0.022264963,0.03326686,0.0500652,-0.07291953,-0.29303703,-0.35298997,0.0,0.0,-0.0,0.0,-0.0,0.0,-0.0,0.0,-0.0,-0.0,-0.0,0.0,500.0,-193.88096198453735,-500.0,500.0,500.0,-500.0,-500.0,325.9277474477094,486.4893808764781,-481.25234528584394,-500.0,-500.0
104,0.0,0.0,0.0,0.0,0.0,-1.0,1.0,0.0,0.0,0.210123,-0.0032177207,0.014560699,-0.16341543,-0.22254592,-0.2942562,-0.10120399,-0.0049594315,-0.0024860501,-0.14305437,0.49830458,-0.12070913,-0.11195915,0.020132598,0.05185259,-0.08207588,-0.35267422,0.3068069,0.2492224,-0.0315761,-0.048350487,0.07676344,0.1850277,0.1560246,0.0,0.0,-0.0,0.0,-0.0,0.0,-0.0,0.0,0.0,-0.0,-0.0,0.0,-500.0,196.2766176439507,500.0,-500.0,-500.0,500.0,500.0,-324.8931813789967,-500.0,500.0,500.0,500.0
105,0.0,0.0,0.0,0.0,0.0,-1.0,1.0,0.0,0.0,0.21923639,-0.003874268,0.012359619,-0.15995276,-0.23376817,-0.2894825,-0.08515129,-0.0034939446,-0.0003132224,-0.14578891,0.47788763,-0.15043472,0.15075614,-0.018985724,-0.050686818,0.07951427,0.14159988,-0.16505243,-0.03313094,0.033201173,0.0505608,-0.07439776,-0.29359415,-0.35183156,0.0,0.0,-0.0,0.0,0.0,0.0,-0.0,0.0,-0.0,-0.0,-0.0,0.0,500.0,-195.70482471159062,-500.0,500.0,500.0,-500.0,-500.0,321.87775965181123,489.41634364364893,-482.83784551979767,-500.0,-500.0
106,0.0,0.0,0.0,0.0,0.0,-1.0,1.0,0.0,0.0,0.21783447,-0.002966844,0.014325917,-0.16310263,-0.26435632,-0.2657567,-0.059072405,-0.0045729084,-0.0020542145,-0.14260268,0.47659466,-0.15966944,-0.11235762,0.020305026,0.04838993,-0.07584079,-0.34931695,0.30800498,0.23980103,-0.03145341,-0.047763795,0.07536026,0.18513373,0.15780853,0.0,0.0,-0.0,0.0,-0.0,0.0,-0.0,0.0,0.0,-0.0,-0.0,0.0,-500.0,198.39755175860125,473.10383193970785,-455.65222510475854,-500.0,500.0,500.0,-327.4490047409035,-500.0,500.0,500.0,500.0
107,0.0,0.0,0.0,0.0,0.0,-1.0,1.0,0.0,0.0,0.22697018,-0.003641669,0.012162983,-0.15973008,-0.27487284,-0.26088712,-0.044685908,-0.0031430915,0.00010025501,-0.14531755,0.45609775,-0.18907234,0.15116252,-0.019230915,-0.05173548,0.08128775,0.14542529,-0.16483045,-0.040084522,0.032923754,0.048189092,-0.070218116,-0.29447186,-0.35028446,0.0,0.0,-0.0,0.0,0.0,0.0,-0.0,0.0,-0.0,-0.0,-0.0,0.0,500.0,-197.83203818726702,-500.0,500.0,500.0,-500.0,-500.0,324.7315849515118,472.43907498518433,-455.03757782147954,-500.0,-500.0
108,0.0,0.0,0.0,0.0,0.0,-1.0,1.0,0.0,0.0,0.22556071,-0.0027362553,0.0142021775,-0.16302443,-0.30476135,-0.23705225,-0.019944796,-0.0042608334,-0.0016517043,-0.14188921,0.4547099,-0.19793911,-0.11265631,0.020439034,0.052488625,-0.08336748,-0.3461896,0.3086104,0.23599415,-0.0315372,-0.04938763,0.07989541,0.1846993,0.15994363,0.0,0.0,-0.0,0.0,-0.0,0.0,-0.0,0.0,0.0,-0.0,-0.0,0.0,-500.0,200.3700265144235,500.0,-500.0,-500.0,500.0,500.0,-322.8498577709442,-488.6796272285847,500.0,500.0,500.0
109,0.0,0.0,0.0,0.0,0.0,-1.0,1.0,0.0,0.0,0.23471923,-0.0034285735,0.012251973,-0.1600349,-0.31455344,-0.2321249,-0.007489265,-0.0027867893,0.0006880164,-0.14479005,0.4341331,-0.22701286,0.1515944,-0.019481633,-0.04955943,0.0774646,0.14917429,-0.1649093,-0.05077594,0.03276677,0.052825462,-0.077934094,-0.29475024,-0.34885895,0.0,0.0,-0.0,0.0,0.0,0.0,-0.0,0.0,-0.0,-0.0,-0.0,0.0,500.0,-199.7054583449415,-500.0,500.0,500.0,-500.0,-500.0,322.1460060450325,498.43741384203776,-500.0,-500.0,-500.0
110,0.0,0.0,0.0,0.0,0.0,-1.0,1.0,0.0,0.0,0.23330165,-0.0025238374,0.014203012,-0.16313076,-0.34370548,-0.20820107,0.0158461,-0.003933532,-0.00095403194,-0.14163017,0.4327458,-0.2354872,-0.11301147,0.02060017,0.051960703,-0.08249492,-0.34262052,0.30930668,0.22599308,-0.03102306,-0.04673209,0.07458215,0.18524146,0.16183566,0.0,0.0,-0.0,0.0,-0.0,0.0,-0.0,0.0,0.0,-0.0,-0.0,0.0,-500.0,202.45117387889033,484.17911151841486,-479.9076357796617,-500.0,500.0,493.00032065972096,-321.0952952134879,-500.0,500.0,500.0,500.0
111,0.0,0.0,0.0,0.0,0.0,-1.0,1.0,0.0,0.0,0.24248007,-0.0032318798,0.012205362,-0.16008008,-0.35272294,-0.20323275,0.027329346,-0.0025123178,0.0012444258,-0.1444068,0.41214073,-0.2641532,0.1519785,-0.019708779,-0.052175548,0.08214792,0.15341188,-0.16490574,-0.0559079,0.03267914,0.04950643,-0.073072225,-0.2953101,-0.34691125,0.0,0.0,-0.0,0.0,0.0,0.0,-0.0,0.0,0.0,-0.0,-0.0,0.0,500.0,-201.73624253638465,-500.0,500.0,500.0,-500.0,-500.0,318.87138179915,470.2524948249458,-463.182346970004,-500.0,-500.0
112,0.0,0.0,0.0,0.0,0.0,-1.0,1.0,0.0,0.0,0.24105366,-0.0023278722,0.014273524,-0.16344762,-0.3811087,-0.17926413,0.049196582,-0.003640348,-0.0005533099,-0.14112055,0.41076532,-0.272206,-0.113336824,0.020745495,0.05228361,-0.08323253,-0.33893824,0.30980822,0.21969627,-0.03134369,-0.050252464,0.08007062,0.18538229,0.16443937,0.0,0.0,-0.0,0.0,0.0,0.0,-0.0,0.0,0.0,-0.0,-0.0,0.0,-500.0,204.29762964978363,500.0,-500.0,-500.0,500.0,500.0,-322.70232196101114,-498.88588472458406,500.0,500.0,500.0
113,0.0,0.0,0.0,0.0,0.0,-1.0,1.0,0.0,0.0,0.2502526,-0.0030517634,0.012281477,-0.16041088,-0.38932937,-0.17428435,0.05943516,-0.0022523184,0.0017538667,-0.14426541,0.39018032,-0.30045226,0.15236744,-0.019940848,-0.052854415,0.08349972,0.15763567,-0.16512421,-0.06158055,0.032449767,0.052785892,-0.07978178,-0.2952592,-0.34510008,0.0,0.0,-0.0,0.0,0.0,0.0,-0.0,0.0,0.0,-0.0,-0.0,0.0,500.0,-203.68678855127843,-500.0,500.0,500.0,-500.0,-500.0,319.34333140830074,500.0,-500.0,-500.0,-500.0
114,0.0,0.0,0.0,0.0,0.0,-1.0,1.0,0.0,0.0,0.24881856,-0.002147863,0.014493108,-0.16403365,-0.41693372,-0.15029529,0.08023976,-0.003394365,5.477667e-05,-0.14130974,0.38885865,-0.30805835,-0.11366334,0.020899674,0.05375556,-0.08607954,-0.3352079,0.31012127,0.213226,-0.030945912,-0.04737934,0.07441435,0.18610846,0.16657835,0.0,0.0,-0.0,0.0,0.0,0.0,-0.0,0.0,0.0,-0.0,-0.0,0.0,-500.0,206.26263946601665,500.0,-500.0,-500.0,500.0,493.2943191839634,-319.5300948160492,-500.0,500.0,500.0,500.0
115,0.0,0.0,0.0,0.0,0.0,-1.0,1.0,0.0,0.0,0.25803858,-0.0028867687,0.012703419,-0.16136956,-0.42434925,-0.14533637,0.08927109,-0.0020137639,0.0022274852,-0.14435565,0.36828274,-0.3358466,0.1527664,-0.020169048,-0.049414605,0.07718124,0.16163431,-0.16559654,-0.06742991,0.032327466,0.050034117,-0.075710095,-0.2956351,-0.34276935,0.0,0.0,-0.0,0.0,0.0,0.0,-0.0,0.0,0.0,-0.0,-0.0,0.0,500.0,-205.4478974514844,-500.0,500.0,500.0,-500.0,-500.0,319.22037793888023,475.31325459149264,-464.22722488473096,-500.0,-500.0
116,0.0,0.0,0.0,0.0,0.0,-1.0,1.0,0.0,0.0,0.25659445,-0.0019820346,0.014757872,-0.16473746,-0.45111686,-0.121345066,0.10886517,-0.00315845,0.00038725138,-0.14123821,0.3669978,-0.34296355,-0.11399638,0.021056255,0.054285724,-0.087585166,-0.3312345,0.3103213,0.20649515,-0.030756244,-0.050984938,0.08063244,0.18633531,0.16934769,0.0,0.0,-0.0,0.0,0.0,0.0,-0.0,0.0,0.0,-0.0,-0.0,0.0,-500.0,208.23963654912365,489.65828010436894,-490.18096936247167,-500.0,500.0,490.74782389746304,-318.6179577971772,-500.0,500.0,500.0,500.0
117,0.0,0.0,0.0,0.0,0.0,-1.0,1.0,0.0,0.0,0.26583308,-0.0027350292,0.012945354,-0.16205096,-0.45768374,-0.116424926,0.11665375,-0.0017949701,0.002747476,-0.1447177,0.34646288,-0.37028232,0.15313798,-0.020389805,-0.049601886,0.077778935,0.16600315,-0.1660468,-0.07309182,0.032151762,0.053690583,-0.08292603,-0.29547402,-0.34071302,0.0,0.0,-0.0,0.0,0.0,0.0,-0.0,0.0,0.0,-0.0,-0.0,0.0,500.0,-207.29946893759515,-500.0,500.0,500.0,-500.0,-500.0,319.86879260117297,499.62556461676377,-500.0,-500.0,-500.0
118,0.0,0.0,0.0,0.0,0.0,-1.0,1.0,0.0,0.0,0.2643805,-0.0018293199,0.015080631,-0.16558182,-0.48361403,-0.09246388,0.13525578,-0.0029580477,0.0009407401,-0.14168024,0.34523103,-0.37688813,-0.11431761,0.021210285,0.053839423,-0.08699487,-0.32707912,0.31041887,0.20277028,-0.030994756,-0.04830722,0.07612001,0.18703085,0.17191742,0.0,0.0,-0.0,0.0,0.0,0.0,-0.0,0.0,0.0,-0.0,-0.0,0.0,-500.0,210.10366640601814,484.81150723562274,-482.4405020318908,-500.0,500.0,494.54300608841095,-318.1581554178377,-500.0,500.0,500.0,500.0
119,0.0,0.0,0.0,0.0,0.0,-1.0,1.0,0.0,0.0,0.27363685,-0.002595562,0.013232768,-0.16286385,-0.48930854,-0.08760653,0.14215003,-0.0016005231,0.003259182,-0.14517689,0.32473615,-0.40369532,0.15348826,-0.020597702,-0.051520195,0.08118012,0.17067792,-0.16658509,-0.07826146,0.032126892,0.050465137,-0.07790428,-0.29571733,-0.33800602,0.0,0.0,-0.0,0.0,0.0,0.0,-0.0,0.0,0.0,-0.0,-0.0,0.0,500.0,-209.16019505089542,-500.0,500.0,500.0,-500.0,-500.0,317.807436629609,476.9838928917993,-465.064541836564,-500.0,-500.0
120,0.0,0.0,0.0,0.0,0.0,-1.0,1.0,0.0,0.0,0.21308702,0.0045533055,0.014089882,-0.16055608,-0.47596484,-0.04274815,0.14702125,-0.0035665266,-0.0051475763,-0.12583673,0.2834071,-0.29232085,-0.062277682,-0.018855222,-0.044310432,0.113859795,-0.31362188,-0.3554668,0.09819685,-0.014547258,0.025435587,-0.025175272,0.18421847,0.16617504,0.0,0.0,-0.0,0.0,0.0,0.0,-0.0,0.0,0.0,-0.0,-0.0,0.0,500.0,-303.6695313936779,-380.45272372721774,500.0,-500.0,-500.0,500.0,-256.949432482678,66.71431326374756,-236.0337040312528,500.0,-500.0
121,0.0,0.0,0.0,0.0,0.0,-1.0,1.0,0.0,0.0,0.1968104,0.0032598246,0.015452325,-0.15769732,-0.48164624,-0.05648277,0.13615237,-0.0017933327,-0.006304562,-0.1168319,0.26112115,-0.3181267,0.035182476,-0.035345793,0.03901736,-0.049953073,0.1619665,0.13115127,-0.16486172,0.03287938,-0.03933311,0.10458585,-0.3072395,-0.32771704,0.0,0.0,-0.0,0.0,0.0,0.0,-0.0,0.0,0.0,-0.0,-0.0,0.0,500.0,-348.2995105777191,390.1349190099696,-500.0,500.0,500.0,-500.0,321.47058333691456,-440.71723139920005,500.0,-500.0,-500.0
122,0.0,0.0,0.0,0.0,0.0,-1.0,1.0,0.0,0.0,0.16922581,0.004466738,0.0135733485,-0.1499089,-0.50597006,-0.09017604,0.13679972,-0.0029563461,-0.0040849447,-0.11526394,0.25853986,-0.32387832,-0.2530698,0.033382785,-0.041548852,0.09769077,-0.31063384,-0.3680071,0.114906125,-0.031155808,0.04446241,-0.056169976,0.18326358,0.17033456,0.0,0.0,-0.0,0.0,0.0,0.0,-0.0,0.0,0.0,-0.0,-0.0,0.0,-500.0,344.4265069141298,-419.71395658461904,500.0,-500.0,-500.0,500.0,-320.1892619279378,403.432595187986,-500.0,500.0,500.0
123,0.0,0.0,0.0,0.0,0.0,-1.0,1.0,0.0,0.0,0.1530818,0.0029521182,0.014921844,-0.14954078,-0.5110021,-0.103993446,0.1262113,-0.0015887959,-0.0052319765,-0.108743906,0.23647004,-0.3495048,0.034008253,-0.03469512,0.038873773,-0.061654568,0.16511594,0.13000064,-0.16457255,0.03184272,-0.038990345,0.09135489,-0.30603594,-0.32690686,0.0,0.0,-0.0,0.0,0.0,0.0,-0.0,0.0,0.0,-0.0,-0.0,0.0,500.0,-341.18597173488763,387.7185414353761,-500.0,500.0,500.0,-500.0,314.0687881760606,-434.2104964154474,500.0,-500.0,-500.0
124,0.0,0.0,0.0,0.0,0.0,-1.0,1.0,0.0,0.0,0.12540798,0.0041696155,0.013066232,-0.1443721,-0.5346703,-0.13778344,0.12672372,-0.0027276175,-0.0030789375,-0.10956657,0.23409975,-0.35521346,-0.2531793,0.03318054,-0.041370314,0.083856426,-0.30727217,-0.36804533,0.11380829,-0.030481443,0.04377411,-0.067425124,0.184219,0.17017338,0.0,0.0,-0.0,0.0,0.0,0.0,-0.0,0.0,0.0,-0.0,-0.0,0.0,-500.0,339.6597469597343,-418.39873526637115,500.0,-500.0,-500.0,500.0,-312.84818781224334,398.76711377788746,-500.0,500.0,500.0
125,0.0,0.0,0.0,0.0,0.0,-1.0,1.0,0.0,0.0,0.109187916,0.0026919434,0.014420629,-0.1465379,-0.53905076,-0.15171197,0.11604811,-0.0013881042,-0.0042532682,-0.10553098,0.21225625,-0.38074684,0.033627957,-0.034425765,0.038714264,-0.07327612,0.16832265,0.12911645,-0.16473971,0.031332936,-0.038851853,0.07831408,-0.30478534,-0.32603022,0.0,0.0,-0.0,0.0,0.0,0.0,-0.0,-0.0,0.0,-0.0,-0.0,0.0,500.0,-340.3205618428417,387.9922481179567,-497.05330640445004,500.0,500.0,-500.0,308.600222505174,-430.3212995500763,500.0,-500.0,-500.0
126,0.0,0.0,0.0,0.0,0.0,-1.0,1.0,0.0,0.0,0.08149074,0.0039339634,0.012395561,-0.14301074,-0.56208736,-0.18552369,0.116454236,-0.0025174455,-0.0021515489,-0.108793736,0.2101062,-0.38638976,-0.2532676,0.03335434,-0.04146711,0.07641413,-0.3043556,-0.36766517,0.11320358,-0.03023458,0.043346528,-0.07921691,0.18521945,0.17014311,0.0,0.0,-0.0,0.0,0.0,0.0,-0.0,0.0,0.0,-0.0,-0.0,0.0,-500.0,339.3506590080552,-400.6618520759133,500.0,-500.0,-500.0,500.0,-309.8879996949338,396.3014432589964,-500.0,500.0,500.0
127,0.0,0.0,0.0,0.0,0.0,-1.0,1.0,0.0,0.0,0.06744729,0.0013764759,0.011939704,-0.14368308,-0.56564933,-0.19914708,0.105698325,-0.0011885121,-0.003477633,-0.10677099,0.18844533,-0.41178408,-0.1178349,-0.013801403,-0.0027755962,-0.028898537,0.17750637,0.12625743,-0.1650914,0.0312378,-0.038984224,0.06939231,-0.30417246,-0.3248701,0.0,0.0,-0.0,0.0,0.0,0.0,-0.0,-0.0,0.0,-0.0,-0.0,0.0,-148.12326959561867,-5.021284890529148,-27.4121496143469,-480.28001290472713,500.0,500.0,-500.0,307.3646851052218,-404.762542162066,500.0,-500.0,-500.0
128,0.0,0.0,0.0,0.0,0.0,-1.0,1.0,0.0,0.0,0.06869982,0.00045052386,0.012110889,-0.13892424,-0.58874816,-0.23272134,0.106080644,-0.0023257963,-0.0016538501,-0.11058986,0.18624252,-0.41724527,0.11178485,-0.019946184,0.018067284,-0.0034546272,-0.30968165,-0.3599095,0.113319956,-0.030347079,0.041139435,-0.077826284,0.1843572,0.17090146,0.0,0.0,-0.0,0.0,0.0,0.0,-0.0,0.0,0.0,-0.0,-0.0,0.0,500.0,-197.66507028377148,85.40428319040072,-98.25558597536241,-500.0,-500.0,500.0,-310.445771711606,396.4565775057081,-479.04111107612704,500.0,500.0
129,0.0,0.0,0.0,0.0,0.0,-1.0,1.0,0.0,0.0,0.059180748,0.0012078161,0.011158109,-0.1330632,-0.59198874,-0.24705239,0.095331974,-0.0010016649,-0.003047347,-0.10844958,0.1643613,-0.44237694,-0.15374443,0.019440453,-0.048926506,0.097236,0.18339157,0.12155487,-0.16518228,0.031306297,-0.039003726,0.06957654,-0.30519032,-0.3231816,0.0,0.0,-0.0,0.0,0.0,0.0,-0.0,-0.0,0.0,-0.0,0.0,0.0,-500.0,196.00175743040577,-500.0,500.0,500.0,500.0,-500.0,308.53522584048795,-407.72743470177517,500.0,-500.0,-500.0
130,0.0,0.0,0.0,0.0,0.0,-1.0,1.0,0.0,0.0,0.06020931,0.00041629424,0.01404357,-0.13486862,-0.61447686,-0.28059876,0.09573646,-0.0021503456,-0.0012461543,-0.11212242,0.16192555,-0.4475985,0.110977314,-0.019375226,0.056661904,-0.07996823,-0.3097048,-0.36076173,0.11355045,-0.030479863,0.04099718,-0.07687339,0.18311322,0.17176615,0.0,0.0,-0.0,0.0,0.0,0.0,-0.0,-0.0,0.0,-0.0,0.0,0.0,500.0,-194.9945695765958,467.29245314517567,-500.0,-500.0,-500.0,500.0,-311.42902441852755,395.95882511396115,-478.9258263852055,500.0,500.0
131,0.0,0.0,0.0,0.0,0.0,-1.0,1.0,0.0,0.0,0.050610993,0.0011721124,0.012661636,-0.13101518,-0.61662775,-0.29473186,0.08499738,-0.00082967285,-0.002653122,-0.1098727,0.13983619,-0.47244176,-0.15395777,0.019122604,-0.049288105,0.08555376,0.18857555,0.12290072,-0.16524604,0.031358596,-0.03904302,0.06987437,-0.30609545,-0.32135484,0.0,0.0,-0.0,0.0,0.0,0.0,-0.0,-0.0,0.0,-0.0,0.0,0.0,-500.0,191.82966001894115,-500.0,500.0,500.0,500.0,-500.0,309.4373746621776,-407.3650200541359,500.0,-500.0,-500.0
132,0.0,0.0,0.0,0.0,0.0,-1.0,1.0,0.0,0.0,0.051573496,0.0003936307,0.015482008,-0.13524127,-0.6381088,-0.32810858,0.08542198,-0.001988419,-0.000867784,-0.11341643,0.13719553,-0.4773977,0.11073037,-0.019232204,0.056382544,-0.092449084,-0.30476233,-0.36023334,0.113750234,-0.030591134,0.040896546,-0.07599489,0.18200971,0.17276329,0.0,0.0,-0.0,0.0,0.0,0.0,-0.0,-0.0,0.0,-0.0,0.0,0.0,500.0,-193.51737736958685,467.68490886750055,-500.0,-500.0,-500.0,500.0,-312.2212794590242,395.61457813565903,-479.0438958124605,500.0,500.0
133,0.0,0.0,0.0,0.0,0.0,-1.0,1.0,0.0,0.0,0.04190656,0.0011544772,0.014020979,-0.13373494,-0.639257,-0.3420334,0.07469246,-0.00067137636,-0.0022877455,-0.11106646,0.11492598,-0.50192684,-0.15452458,0.019246558,-0.049892846,0.07466241,0.1936414,0.1242813,-0.16528931,0.03139519,-0.03908971,0.07012436,-0.30686194,-0.31940407,0.0,0.0,-0.0,0.0,0.0,0.0,-0.0,-0.0,0.0,-0.0,0.0,0.0,-500.0,192.21835154720202,-500.0,500.0,500.0,500.0,-500.0,310.1519407257967,-407.16614115524186,500.0,-500.0,-500.0
134,0.0,0.0,0.0,0.0,0.0,-1.0,1.0,0.0,0.0,0.025432844,0.00096325454,0.004975319,-0.11821604,-0.5425083,-0.25788146,0.050434366,0.0016457461,-0.0020717382,-0.11112583,0.111806035,-0.50728744,0.046212286,-0.032794632,-0.016200928,0.040448707,0.67418855,0.62162775,-0.019129029,-0.023926772,-0.0344434,0.050140854,0.18020381,0.18036117,0.0,0.0,-0.0,0.0,0.0,0.0,-0.0,-0.0,0.0,-0.0,0.0,0.0,500.0,-285.0133573909908,500.0,-500.0,-500.0,-500.0,500.0,-500.0,-379.5908862625597,-73.24567362105273,500.0,500.0
135,0.0,0.0,0.0,0.0,0.0,-1.0,1.0,0.0,0.0,0.0077290423,0.0020015938,0.0061080456,-0.11474669,-0.5434671,-0.27105516,0.055282354,0.00052216306,-0.0004531145,-0.111566186,0.089268506,-0.530915,-0.16966574,0.01714625,0.039115764,-0.046240132,0.18503726,0.12428299,0.13986437,-0.017521894,0.05646626,-0.07489079,-0.30657026,-0.3131105,0.0,0.0,-0.0,0.0,0.0,0.0,-0.0,0.0,0.0,-0.0,0.0,0.0,-500.0,208.72882490675235,372.54967538639283,-500.0,500.0,500.0,500.0,-170.66331688101437,500.0,-500.0,-500.0,-500.0
136,0.0,0.0,0.0,0.0,0.0,-1.0,1.0,0.0,0.0,0.00494371,0.0011705172,0.0046786666,-0.10738647,-0.5630389,-0.3032341,0.053105976,0.0011966918,-0.0014261603,-0.108472705,0.08631587,-0.5350243,0.08999012,-0.018412502,-0.037742388,0.091687925,-0.28645372,-0.3508486,-0.11137354,0.017149197,-0.04643983,0.07651406,0.17993918,0.17471084,0.0,0.0,-0.0,0.0,0.0,0.0,-0.0,-0.0,0.0,-0.0,0.0,0.0,500.0,-179.6475398655026,-400.73809589421353,500.0,-500.0,-500.0,-500.0,171.77491449439063,-500.0,500.0,500.0,500.0
137,0.0,0.0,0.0,0.0,0.0,-1.0,1.0,0.0,0.0,-0.008321026,0.0017985676,0.006303489,-0.1070534,-0.56327945,-0.31645808,0.060931496,0.0004973447,0.0018489361,-0.11308217,0.06430864,-0.55831826,-0.17032026,0.017279768,0.03852417,-0.0579839,0.18896165,0.12365115,0.13958691,-0.017251452,0.05828405,-0.089578085,-0.30344692,-0.3107304,0.0,0.0,-0.0,0.0,0.0,0.0,-0.0,-0.0,0.0,-0.0,0.0,0.0,-500.0,179.2423567023443,366.3077928423073,-500.0,500.0,500.0,500.0,-173.67918181995316,467.34098872392974,-499.48492586550185,-500.0,-500.0
138,0.0,0.0,0.0,0.0,0.0,-1.0,1.0,0.0,0.0,-0.011239087,0.0010180419,0.0048800707,-0.102298975,-0.58206755,-0.34868246,0.05867162,0.0011752674,0.0006990433,-0.111812115,0.06201452,-0.5617861,0.0891105,-0.017887626,-0.037418183,0.077987395,-0.28254414,-0.35091007,-0.11206489,0.017218135,-0.046979908,0.06801153,0.1832594,0.17821977,0.0,0.0,-0.0,0.0,0.0,0.0,-0.0,-0.0,0.0,-0.0,0.0,0.0,500.0,-175.0694208130742,-396.47470984016553,500.0,-500.0,-500.0,-500.0,172.32722789069672,-500.0,500.0,500.0,500.0
139,0.0,0.0,0.0,0.0,0.0,-1.0,1.0,0.0,0.0,-0.024578363,0.0016463775,0.006482601,-0.10452235,-0.5815279,-0.36194044,0.06647996,0.0004700077,0.003396988,-0.116529584,0.04048139,-0.58433753,-0.17052384,0.01711399,0.03822649,-0.07032473,0.19286247,0.12340844,0.13995783,-0.017453808,0.05554765,-0.08786736,-0.30168116,-0.30707026,0.0,0.0,-0.0,0.0,0.0,0.0,-0.0,-0.0,0.0,-0.0,0.0,0.0,-500.0,176.14074721197596,363.6567015275067,-500.0,500.0,500.0,500.0,-175.50854623605284,479.2234337824255,-471.8228769692936,-500.0,-500.0
140,0.0,0.0,0.0,0.0,0.0,-1.0,1.0,0.0,0.0,-0.027568253,0.0008739698,0.0049412847,-0.10191476,-0.59954244,-0.3932292,0.06419263,0.0011587555,0.0018803477,-0.11493361,0.038562536,-0.58699965,0.08879332,-0.017844154,-0.037401393,0.06845516,-0.27891,-0.3429086,-0.112548076,0.017486077,-0.052178998,0.07668135,0.18516654,0.18297891,0.0,0.0,-0.0,0.0,0.0,0.0,-0.0,-0.0,0.0,-0.0,0.0,0.0,500.0,-174.489385703552,-370.5772745553206,500.0,-500.0,-500.0,-500.0,174.45549988858957,-500.0,500.0,500.0,500.0
141,0.0,0.0,0.0,0.0,0.0,-1.0,1.0,0.0,0.0,-0.040950574,0.001514761,0.006295085,-0.10479617,-0.5982967,-0.4048366,0.07201675,0.00044256024,0.004713714,-0.12004638,0.017368019,-0.60880816,-0.17074482,0.017292237,0.03617439,-0.06938895,0.19632904,0.13185057,0.1404153,-0.01772397,0.056394394,-0.09024366,-0.30016235,-0.3035757,0.0,0.0,-0.0,0.0,0.0,0.0,-0.0,-0.0,0.0,-0.0,0.0,0.0,-500.0,177.18085439863503,363.8210735784899,-479.2777641426924,500.0,500.0,500.0,-178.21744531330395,487.5910195136015,-480.47117341819103,-500.0,-500.0
142,0.0,0.0,0.0,0.0,0.0,-1.0,1.0,0.0,0.0,-0.043945987,0.00074444065,0.0047115684,-0.102133155,-0.61569935,-0.43461755,0.06970968,0.0011425302,0.0032990575,-0.11868775,0.015798926,-0.61068755,0.08886735,-0.017971564,-0.037297305,0.068310566,-0.27591974,-0.33604187,-0.11302626,0.017756846,-0.04939656,0.07164342,0.18711221,0.1868338,0.0,0.0,-0.0,0.0,0.0,0.0,-0.0,-0.0,0.0,-0.0,0.0,0.0,500.0,-176.24029121418207,-374.6238632414798,500.0,-500.0,-500.0,-500.0,177.43513911970655,-500.0,500.0,500.0,500.0
143,0.0,0.0,0.0,0.0,0.0,-1.0,1.0,0.0,0.0,-0.057335727,0.0013966183,0.0060691833,-0.1049341,-0.61384517,-0.44486195,0.07755177,0.00041754628,0.006092787,-0.12378776,-0.0050591826,-0.63170755,-0.17085646,0.017468924,0.036175773,-0.06881022,0.19942044,0.13862982,0.14089032,-0.017984992,0.05603842,-0.09006697,-0.2986352,-0.29979905,0.0,0.0,-0.0,0.0,0.0,0.0,-0.0,-0.0,0.0,-0.0,0.0,0.0,-500.0,178.70544229854755,363.4737700401436,-479.0982537363111,500.0,500.0,500.0,-180.9389900571961,486.1655165107448,-476.7346152559551,-500.0,-500.0
144,0.0,0.0,0.0,0.0,0.0,-1.0,1.0,0.0,0.0,-0.06033417,0.0006277089,0.00449574,-0.10222459,-0.6306377,-0.47326204,0.0752263,0.0011295939,0.0045905113,-0.122276425,-0.0062737465,-0.6327614,0.08894086,-0.018080879,-0.03723853,0.06837393,-0.27290547,-0.33127588,-0.11348929,0.01803287,-0.05077804,0.07444209,0.18903658,0.19131087,0.0,-0.0,-0.0,0.0,0.0,0.0,-0.0,-0.0,0.0,-0.0,0.0,0.0,500.0,-178.0303546763201,-373.80415787004614,500.0,-500.0,-500.0,-500.0,180.01483247312916,-500.0,500.0,500.0,500.0
145,0.0,0.0,0.0,0.0,0.0,-1.0,1.0,0.0,0.0,-0.0737312,0.0012828723,0.0058664083,-0.10496998,-0.6281647,-0.48139504,0.083087735,0.0003949193,0.0072330832,-0.12712014,-0.026787937,-0.6529592,-0.17100559,0.017624885,0.036199316,-0.0683312,0.20258029,0.15061799,0.14135961,-0.018265873,0.056016833,-0.09031134,-0.29705837,-0.29596236,0.0,0.0,-0.0,0.0,0.0,0.0,-0.0,-0.0,0.0,-0.0,0.0,0.0,-500.0,180.21171819188228,363.3241004541679,-478.9992777472861,500.0,500.0,500.0,-183.71462125838758,500.0,-500.0,-500.0,-500.0
146,0.0,0.0,0.0,0.0,0.0,-1.0,1.0,0.0,0.0,-0.07673906,0.0005169303,0.004301846,-0.102224946,-0.64433795,-0.508039,0.08074506,0.0011183593,0.0056964755,-0.12553322,-0.02763915,-0.65318155,0.088968836,-0.018184846,-0.03719765,0.06838442,-0.2698551,-0.3224202,-0.11393068,0.018303301,-0.051266845,0.07564601,0.19101115,0.19571209,0.0,-0.0,-0.0,0.0,0.0,0.0,-0.0,-0.0,0.0,-0.0,0.0,0.0,500.0,-179.365182531191,-374.0434158315786,500.0,-500.0,-500.0,-500.0,182.63706632806327,-500.0,500.0,500.0,500.0
147,0.0,0.0,0.0,0.0,0.0,-1.0,1.0,0.0,0.0,-0.09014569,0.0011889497,0.0056797266,-0.104923606,-0.6412353,-0.5155705,0.08862452,0.00037396498,0.008356273,-0.13041031,-0.047799528,-0.672567,-0.17106073,0.017770581,0.036286123,-0.0680062,0.20579366,0.15217298,0.14179526,-0.018521892,0.05638326,-0.09127124,-0.29541323,-0.29211113,0.0,0.0,-0.0,0.0,0.0,0.0,-0.0,-0.0,0.0,-0.0,0.0,0.0,-500.0,181.28903876931204,363.40984854746347,-479.4086901339724,500.0,500.0,500.0,-186.3467882439575,500.0,-500.0,-500.0,-500.0
148,0.0,0.0,0.0,0.0,0.0,-1.0,1.0,0.0,0.0,-0.09315535,0.0004133438,0.004125893,-0.1021508,-0.6567827,-0.540056,0.08626419,0.0011083917,0.00684911,-0.1288662,-0.048276603,-0.6719574,0.08896391,-0.018278794,-0.037174504,0.06839852,-0.26678166,-0.31158563,-0.11436645,0.018559912,-0.050406307,0.07433683,0.19303206,0.19994667,0.0,-0.0,-0.0,0.0,0.0,0.0,-0.0,-0.0,0.0,-0.0,0.0,0.0,500.0,-180.48299078220998,-373.93344859457846,500.0,-500.0,-500.0,-500.0,185.2846956352607,-500.0,500.0,500.0,500.0
149,0.0,0.0,0.0,0.0,0.0,-1.0,1.0,0.0,0.0,-0.10657906,0.0010939998,0.0055134892,-0.104813814,-0.6530437,-0.5454209,0.09415866,0.00035449807,0.00962913,-0.13401258,-0.0680666,-0.69053996,-0.17119466,0.01789791,0.036353346,-0.06771725,0.2090472,0.16301414,0.14220661,-0.01876724,0.058017462,-0.094879195,-0.2936711,-0.28841358,0.0,0.0,-0.0,0.0,0.0,0.0,-0.0,-0.0,0.0,-0.0,0.0,0.0,-500.0,182.35221729239794,363.5575277039438,-479.56417973810966,500.0,500.0,500.0,-188.83674603350894,496.9702304220141,-497.5675362370638,-500.0,-500.0
150,0.0,0.0,0.0,0.0,0.0,-1.0,1.0,0.0,0.0,-0.10959424,0.00032739973,0.0039633512,-0.10202062,-0.6679576,-0.56955385,0.09178028,0.0011003331,0.007923186,-0.1321063,-0.06815642,-0.68905884,0.08902323,-0.018359376,-0.03716218,0.06836086,-0.26368457,-0.30977353,-0.114784315,0.018807644,-0.050326522,0.07452028,0.19508201,0.20431788,0.0,-0.0,-0.0,0.0,0.0,0.0,-0.0,-0.0,0.0,-0.0,0.0,0.0,500.0,-181.5637375951139,-374.662100329779,500.0,-500.0,-500.0,-500.0,187.97119951415715,-500.0,500.0,500.0,500.0
151,0.0,0.0,0.0,0.0,0.0,-1.0,1.0,0.0,0.0,-0.11880021,0.0008450286,0.0051541924,-0.10439384,-0.58602005,-0.5745778,0.09969023,0.00033767117,0.010654628,-0.13717747,-0.08757001,-0.7068028,0.07515614,-0.014407796,-0.016123401,0.03191822,1.188479,0.17384236,0.1426112,-0.018992895,0.056427605,-0.09225096,-0.291896,-0.28416273,0.0,0.0,-0.0,0.0,0.0,0.0,-0.0,-0.0,0.0,-0.0,0.0,0.0,239.4616273505906,-2.061185701931668,-10.776993640093435,209.3779843240653,500.0,500.0,500.0,-191.29576139176237,488.12309881921686,-481.4887361364457,-500.0,-500.0
152,0.0,0.0,0.0,0.0,0.0,-1.0,1.0,0.0,0.0,-0.1242945,0.0010188933,0.0047605634,-0.099671125,-0.5619729,-0.5592705,0.09729262,0.0010933843,0.009109497,-0.13557506,-0.08726549,-0.7044981,0.08075306,-0.017196294,-0.03691091,0.084063634,-0.26225945,-0.30491588,-0.115220845,0.019053495,-0.050284535,0.0745857,0.19719197,0.20868383,0.0,-0.0,-0.0,0.0,0.0,0.0,-0.0,-0.0,0.0,-0.0,0.0,0.0,500.0,-194.43162652586653,-392.22612309701117,500.0,-500.0,-500.0,-500.0,190.2230135709078,-500.0,500.0,500.0,500.0
153,0.0,0.0,0.0,0.0,0.0,-1.0,1.0,0.0,0.0,-0.13907045,0.0016530041,0.0063502192,-0.10033989,-0.55715495,-0.56351227,0.105216905,0.000322628,0.011772454,-0.1405474,-0.10629076,-0.7213953,-0.17714882,0.016926752,0.03779062,-0.061434425,0.21502149,0.16784224,0.14301129,-0.019204035,0.05435854,-0.08874731,-0.2900472,-0.27978873,0.0,-0.0,-0.0,0.0,0.0,0.0,-0.0,-0.0,0.0,-0.0,0.0,0.0,-500.0,174.69936715519347,359.12396461125803,-500.0,500.0,500.0,500.0,-193.6434964472035,477.21378297996495,-460.87172537972964,-500.0,-500.0
154,0.0,0.0,0.0,0.0,0.0,-1.0,1.0,0.0,0.0,-0.14357494,0.00089652656,0.004948199,-0.09675479,-0.57098883,-0.5865941,0.10280285,0.0010886102,0.010038018,-0.138569,-0.10558486,-0.71820736,0.08050503,-0.017519424,-0.036828987,0.07069934,-0.2586705,-0.304229,-0.11561389,0.019293685,-0.052822437,0.079673015,0.1993301,0.21346903,0.0,-0.0,-0.0,0.0,0.0,0.0,-0.0,-0.0,0.0,-0.0,0.0,0.0,500.0,-171.93494018524356,-390.0452669058716,500.0,-500.0,-500.0,-500.0,192.30394651271905,-500.0,500.0,500.0,500.0
155,0.0,0.0,0.0,0.0,0.0,-1.0,1.0,0.0,0.0,-0.15844531,0.0015241872,0.00638628,-0.09955943,-0.5654333,-0.5906896,0.110742964,0.00030796436,0.01271987,-0.14355147,-0.12422055,-0.734261,-0.17755796,0.016933009,0.035522025,-0.06751978,0.21880858,0.16890699,0.14339747,-0.019465521,0.057591137,-0.094793595,-0.28823742,-0.27615064,0.0,-0.0,-0.0,0.0,0.0,0.0,-0.0,-0.0,0.0,-0.0,0.0,0.0,-500.0,173.44187710696042,358.8226289221288,-477.49319862474465,500.0,500.0,500.0,-196.00228052977755,500.0,-500.0,-500.0,-500.0
156,0.0,0.0,0.0,0.0,0.0,-1.0,1.0,0.0,0.0,-0.16250904,0.00074722734,0.0048195124,-0.09689486,-0.57861274,-0.61325246,0.10831288,0.0010831306,0.011053562,-0.14166069,-0.123110056,-0.7302254,0.08339731,-0.017679088,-0.036879092,0.06738746,-0.2557319,-0.29685533,-0.115989104,0.019503918,-0.050084896,0.07504926,0.20142534,0.21745293,0.0,-0.0,-0.0,0.0,0.0,0.0,-0.0,-0.0,0.0,-0.0,0.0,0.0,500.0,-172.36135891308635,-369.5897959092993,500.0,-500.0,-494.1873342533197,-500.0,194.88875334616557,-500.0,500.0,500.0,500.0
157,0.0,0.0,0.0,0.0,0.0,-1.0,1.0,0.0,0.0,-0.17667711,0.0013670452,0.0061616898,-0.099618554,-0.5724724,-0.6158068,0.11626476,0.00029639015,0.013634384,-0.14645863,-0.14134294,-0.7454175,-0.17145258,0.016665516,0.0357775,-0.0674982,0.22170487,0.17666416,0.1437351,-0.019619757,0.053221345,-0.08699756,-0.28624466,-0.27135777,0.0,-0.0,-0.0,0.0,0.0,0.0,-0.0,-0.0,0.0,-0.0,0.0,0.0,-493.5327604605001,174.6622505654594,359.0862256685914,-479.4063879716272,500.0,500.0,500.0,-198.03533658393837,469.594432269941,-450.3694291535915,-500.0,-500.0
158,0.0,0.0,0.0,0.0,0.0,-1.0,1.0,0.0,0.0,-0.18007375,0.00061222754,0.004602313,-0.09693384,-0.5850926,-0.63704526,0.113818444,0.0010796438,0.01189822,-0.14442563,-0.13981587,-0.7405152,0.08621781,-0.017652614,-0.036824405,0.067324005,-0.25301194,-0.2946976,-0.11636001,0.019715307,-0.050992996,0.07688542,0.20363028,0.22194813,0.0,-0.0,-0.0,0.0,0.0,0.0,-0.0,-0.0,0.0,-0.0,0.0,0.0,500.0,-173.93360499106953,-369.5973828540233,500.0,-500.0,-500.0,-500.0,196.7679419918008,-500.0,500.0,500.0,500.0
159,0.0,0.0,0.0,0.0,0.0,-1.0,1.0,0.0,0.0,-0.19353287,0.001242952,0.0059528947,-0.09962511,-0.578384,-0.6391644,0.12177965,0.00028453907,0.014539003,-0.14938033,-0.15763551,-0.7548735,-0.16976322,0.017176345,0.03581647,-0.067296214,0.2246193,0.17876987,0.14406137,-0.01984583,0.055746496,-0.09213235,-0.284294,-0.2676135,0.0,-0.0,-0.0,0.0,0.0,0.0,-0.0,-0.0,0.0,-0.0,0.0,0.0,-500.0,176.71656854298465,359.0744453716752,-479.61307127239434,500.0,500.0,500.0,-200.11055604152486,485.1227240550404,-476.7647509004092,-500.0,-500.0
160,0.0,0.0,0.0,0.0,0.0,-1.0,1.0,0.0,0.0,-0.19639866,0.00048658313,0.004402578,-0.096921206,-0.59044427,-0.6599518,0.11931307,0.0010773208,0.012805283,-0.14738953,-0.15567982,-0.74912214,0.08974897,-0.017788598,-0.036787,0.06733783,-0.2502903,-0.29240423,-0.11673123,0.019919217,-0.05275618,0.08026004,0.20588985,0.22655213,0.0,-0.0,-0.0,0.0,0.0,0.0,-0.0,-0.0,0.0,-0.0,0.0,0.0,500.0,-173.06071369640117,-370.05748740130497,500.0,-500.0,-500.0,-500.0,198.56996017159034,-500.0,500.0,500.0,500.0
161,0.0,0.0,0.0,0.0,0.0,-1.0,1.0,0.0,0.0,-0.20933644,0.0011313389,0.0057632923,-0.099588394,-0.58316725,-0.6609701,0.12728646,0.00027442237,0.0153285265,-0.15211248,-0.17308205,-0.7626125,-0.16760366,0.0172959,0.035831854,-0.06704424,0.22754884,0.18509534,0.14440341,-0.020061232,0.05621714,-0.09298961,-0.28232092,-0.26348603,0.0,-0.0,-0.0,0.0,0.0,0.0,-0.0,-0.0,0.0,-0.0,0.0,0.0,-499.74569355264333,177.07861324546704,359.0376197886334,-479.29345721817504,500.0,500.0,500.0,-202.15952124726985,500.0,-500.0,-500.0,-500.0
162,0.0,0.0,0.0,0.0,0.0,-1.0,1.0,0.0,0.0,-0.21146263,0.00036559082,0.0042234063,-0.09687126,-0.5946657,-0.68048453,0.12480485,0.0010745319,0.01365447,-0.15019214,-0.17070192,-0.75601417,0.093062036,-0.017796546,-0.036746155,0.06730656,-0.24756384,-0.2860273,-0.11707113,0.020103745,-0.051427133,0.07810472,0.20808701,0.23067434,0.0,-0.0,-0.0,0.0,0.0,0.0,-0.0,-0.0,0.0,-0.0,0.0,0.0,500.0,-175.45454345809318,-370.278680648197,500.0,-500.0,-500.0,-500.0,200.60035352693774,-500.0,500.0,500.0,500.0
163,0.0,0.0,0.0,0.0,0.0,-1.0,1.0,0.0,0.0,-0.22376262,0.0010205347,0.0055903792,-0.099515915,-0.5868183,-0.68086874,0.13278548,0.0002650543,0.016256511,-0.15509272,-0.1876787,-0.7686737,-0.16323693,0.017180571,0.03590632,-0.06688532,0.23048751,0.18749624,0.14468284,-0.02021815,0.055889625,-0.092833474,-0.28023475,-0.2592887,0.0,-0.0,-0.0,0.0,0.0,0.0,-0.0,-0.0,0.0,-0.0,0.0,0.0,-496.11500991146005,177.406890232751,359.04869838539867,-479.47034053994116,500.0,500.0,500.0,-203.9023745561116,486.6335274108344,-479.47344829689473,-500.0,-500.0
164,0.0,0.0,0.0,0.0,0.0,-1.0,1.0,0.0,0.0,-0.22546266,0.0002728745,0.0040562153,-0.09678626,-0.5977563,-0.69990003,0.13028584,0.0010730235,0.0145171285,-0.1530627,-0.1848588,-0.7612182,0.094786964,-0.017839208,-0.03671741,0.06731392,-0.2448527,-0.28355038,-0.11740986,0.020282583,-0.052189242,0.07971115,0.21036933,0.23507665,0.0,-0.0,-0.0,0.0,0.0,0.0,-0.0,-0.0,0.0,-0.0,0.0,0.0,500.0,-176.6137083624991,-370.01201029695704,500.0,-500.0,-500.0,-500.0,202.30796724009136,-500.0,500.0,500.0,500.0
165,0.0,0.0,0.0,0.0,0.0,-1.0,1.0,0.0,0.0,-0.23721753,0.0009332167,0.0054314733,-0.099415064,-0.5893399,-0.6997923,0.13827573,0.00025651135,0.017077923,-0.1578846,-0.20140368,-0.7730264,-0.16214836,0.017516894,0.035924394,-0.06673518,0.23341072,0.18992041,0.14498663,-0.02041045,0.057214756,-0.09530951,-0.27819416,-0.25528988,0.0,-0.0,-0.0,0.0,0.0,0.0,-0.0,-0.0,0.0,-0.0,0.0,0.0,-500.0,178.17626250042846,359.0510906497633,-479.45616152705963,500.0,500.0,500.0,-205.69027487599172,500.0,-500.0,-500.0,-500.0
166,0.0,0.0,0.0,0.0,0.0,-1.0,1.0,0.0,0.0,-0.23825888,0.00017060257,0.0039061308,-0.09667575,-0.59971815,-0.71819705,0.13576266,0.0010712037,0.015297174,-0.15571964,-0.19814569,-0.76471335,0.098498546,-0.017912973,-0.03668572,0.067300275,-0.24213968,-0.27941486,-0.11770605,0.020441448,-0.05083955,0.07771807,0.21258631,0.23915432,0.0,-0.0,-0.0,0.0,0.0,0.0,-0.0,-0.0,0.0,-0.0,0.0,0.0,500.0,-176.91592202210572,-370.47884735215916,500.0,-500.0,-498.72503915256357,-500.0,204.22956913772552,-500.0,500.0,500.0,500.0
167,0.0,0.0,0.0,0.0,0.0,-1.0,1.0,0.0,0.0,-0.24952792,0.0008441487,0.0052878857,-0.09929001,-0.5907348,-0.71726173,0.14376158,0.00024998197,0.017763674,-0.16031718,-0.21425515,-0.7756601,-0.15899888,0.01749043,0.03597822,-0.06661588,0.23633344,0.194076,0.14523356,-0.020511983,0.053293258,-0.08804894,-0.2759683,-0.25049168,0.0,-0.0,-0.0,0.0,0.0,0.0,-0.0,-0.0,0.0,-0.0,0.0,0.0,-498.3288213310857,178.70085939763172,359.0504200497848,-479.6005946952291,500.0,500.0,500.0,-207.15595867251835,471.38288050341947,-454.418594461365,-500.0,-500.0
168,0.0,0.0,0.0,0.0,0.0,-1.0,1.0,0.0,0.0,-0.25020105,8.873514e-05,0.0037673116,-0.09654248,-0.60055643,-0.73495054,0.14123513,0.0010705529,0.01590401,-0.15796506,-0.21054965,-0.7664908,0.100984834,-0.018002378,-0.036660008,0.06729565,-0.23944364,-0.2767814,-0.11799059,0.020594114,-0.052376438,0.08078071,0.21493855,0.2436041,0.0,-0.0,-0.0,0.0,0.0,0.0,-0.0,-0.0,0.0,-0.0,0.0,0.0,500.0,-175.39032725745486,-370.42048908021184,500.0,-500.0,-500.0,-500.0,205.43898519042304,-500.0,500.0,500.0,500.0
169,0.0,0.0,0.0,0.0,0.0,-1.0,1.0,0.0,0.0,-0.26100734,0.0007697774,0.005155444,-0.09914577,-0.59100884,-0.7334928,0.14923924,0.00024268951,0.018435717,-0.16270232,-0.22621363,-0.7766128,-0.15717785,0.017634308,0.036005374,-0.06650918,0.23923686,0.19667457,0.14548104,-0.020700943,0.05709532,-0.09522918,-0.27390498,-0.24689822,0.0,-0.0,-0.0,0.0,0.0,0.0,-0.0,-0.0,0.0,-0.0,0.0,0.0,-499.5383043711458,179.2081127220018,359.02099355892676,-479.66713038551757,500.0,500.0,500.0,-208.6763421613156,500.0,-500.0,-500.0,-500.0
170,0.0,0.0,0.0,0.0,0.0,-1.0,1.0,0.0,0.0,-0.26124114,1.9432944e-05,0.0036412477,-0.09639418,-0.60027677,-0.75060374,0.1466975,0.0010691996,0.016638577,-0.16045439,-0.22205478,-0.7666186,0.10234835,-0.017956419,-0.036625866,0.067234166,-0.23677061,-0.27385873,-0.11825963,0.020722682,-0.05095324,0.07845938,0.21722002,0.24756785,0.0,-0.0,-0.0,0.0,0.0,0.0,-0.0,-0.0,0.0,-0.0,0.0,0.0,500.0,-178.14612457716623,-370.44289023046065,500.0,-500.0,-500.0,-500.0,207.0507106622868,-500.0,500.0,500.0,500.0
171,0.0,0.0,0.0,0.0,0.0,-1.0,1.0,0.0,0.0,-0.27157846,0.0006951758,0.005035162,-0.09898591,-0.5901682,-0.7485109,0.15470846,0.00023756665,0.019057453,-0.16493928,-0.23726708,-0.77588624,-0.1544478,0.017696368,0.036037993,-0.06642789,0.24212717,0.19987988,0.14568555,-0.020779978,0.053672165,-0.08890011,-0.2715916,-0.24220459,0.0,-0.0,-0.0,0.0,0.0,0.0,-0.0,-0.0,0.0,-0.0,0.0,0.0,-500.0,180.3431309070826,358.97560530324625,-479.8340431833328,500.0,500.0,500.0,-209.85466125267254,473.59410099326556,-459.24293016598483,-500.0,-500.0
172,0.0,0.0,0.0,0.0,0.0,-1.0,1.0,0.0,0.0,-0.27144703,-4.5454446e-05,0.0035250783,-0.096229434,-0.59888643,-0.7650147,0.15215412,0.0010692236,0.017148614,-0.16244662,-0.23264557,-0.76504385,0.10418309,-0.017990476,-0.03659538,0.06721581,-0.23411441,-0.27077216,-0.118506625,0.020849507,-0.053478796,0.08333137,0.21966667,0.25207382,0.0,-0.0,-0.0,0.0,0.0,0.0,-0.0,-0.0,0.0,-0.0,0.0,0.0,500.0,-178.21971628560067,-370.3383827168074,500.0,-500.0,-500.0,-500.0,207.88092494274903,-500.0,500.0,500.0,500.0
173,0.0,0.0,0.0,0.0,0.0,-1.0,1.0,0.0,0.0,-0.2162373,-0.0053777713,-0.0008288026,-0.083229184,-0.5486136,-0.7220488,0.11613934,0.005034628,0.016731858,-0.1615498,-0.24766463,-0.77357894,0.0145495385,0.01232271,0.016696947,-0.014042663,0.2467345,0.20479994,-0.170552,0.027524931,-0.044848874,0.07816594,-0.26701075,-0.23222108,0.0,-0.0,-0.0,0.0,0.0,0.0,-0.0,-0.0,0.0,-0.0,0.0,0.0,-134.2996208333489,-316.8559782269709,96.36667723386094,-243.31466457606334,500.0,500.0,-500.0,417.9448865320269,-389.0130320730489,500.0,-500.0,-500.0
174,0.0,0.0,0.0,0.0,0.0,-1.0,1.0,0.0,0.0,-0.20325907,-0.005179886,-0.001624167,-0.07823789,-0.556979,-0.7381687,0.11539907,0.0035318169,0.017759144,-0.16296399,-0.24291486,-0.76187307,0.16993251,-0.015933076,-0.033367176,0.07957818,-0.23227644,-0.26780638,0.10933863,-0.03264573,0.038850076,-0.06589272,0.21770552,0.25254437,0.0,-0.0,-0.0,0.0,0.0,0.0,-0.0,-0.0,0.0,-0.0,0.0,0.0,500.0,-176.66902432147634,-369.0256514018504,500.0,-500.0,-500.0,500.0,-320.64002465432503,413.9137622510784,-478.7842232691926,500.0,500.0
175,0.0,0.0,0.0,0.0,0.0,-1.0,1.0,0.0,0.0,-0.19988382,-0.0043050013,0.0001283884,-0.07909644,-0.54587597,-0.73509806,0.10322422,0.004664152,0.015549958,-0.1586715,-0.2574497,-0.7693183,-0.085088894,0.01779507,0.036819268,-0.06009173,0.24741796,0.20410056,-0.17431603,0.031204803,-0.04449835,0.07990047,-0.26620737,-0.23041129,0.0,-0.0,-0.0,0.0,0.0,0.0,-0.0,-0.0,0.0,-0.0,0.0,0.0,-500.0,169.23257920093562,336.6728669542238,-500.0,500.0,500.0,-500.0,319.3411486133766,-426.18769783800127,500.0,-500.0,-500.0
176,0.0,0.0,0.0,0.0,0.0,-1.0,1.0,0.0,0.0,-0.17570795,-0.0045150355,-0.0009849072,-0.07571101,-0.5534796,-0.7509997,0.10238454,0.00324983,0.016708553,-0.16026318,-0.25250536,-0.7571618,0.124028996,-0.011179026,-0.033148993,0.06494281,-0.22939532,-0.2672825,0.10918814,-0.032600828,0.03929893,-0.06643941,0.21864079,0.25494027,0.0,-0.0,-0.0,0.0,0.0,0.0,-0.0,-0.0,0.0,-0.0,0.0,0.0,500.0,-308.3209007578686,-368.6312087299046,500.0,-500.0,-500.0,500.0,-321.4977084328503,413.6786295378596,-481.4966081493659,500.0,500.0
177,0.0,0.0,0.0,0.0,0.0,-1.0,1.0,0.0,0.0,-0.1806869,-0.0035931552,0.0005813241,-0.07872629,-0.54177064,-0.74758226,0.090198174,0.0043950435,0.0145404935,-0.15604675,-0.2668249,-0.7641388,-0.12629403,0.017505674,0.03502721,-0.06680112,0.2504538,0.2063359,-0.1743204,0.031288173,-0.044245776,0.079353504,-0.26505363,-0.2281326,0.0,-0.0,-0.0,0.0,0.0,0.0,-0.0,-0.0,0.0,-0.0,0.0,0.0,-500.0,167.4260856358286,338.5244171559274,-480.8046205708037,500.0,500.0,-500.0,319.61430348419753,-426.1961393706819,500.0,-500.0,-500.0
178,0.0,0.0,0.0,0.0,0.0,-1.0,1.0,0.0,0.0,-0.17539583,-0.004112559,-0.00067806244,-0.07647061,-0.548932,-0.7627101,0.08934289,0.0029903941,0.015736401,-0.1576978,-0.2616685,-0.75151014,0.12829578,-0.01600194,-0.03376672,0.06319884,-0.22669978,-0.26360935,0.10906314,-0.032575194,0.039442595,-0.066590056,0.2196375,0.25735816,0.0,-0.0,-0.0,0.0,0.0,0.0,-0.0,-0.0,0.0,-0.0,0.0,0.0,500.0,-167.79289086854408,-350.4308924134558,500.0,-500.0,-500.0,500.0,-321.78547141884513,413.1690337667693,-481.4282009261013,500.0,500.0
179,0.0,0.0,0.0,0.0,0.0,-1.0,1.0,0.0,0.0,-0.18028277,-0.0032994067,0.00080531836,-0.07939613,-0.536702,-0.7586892,0.07714592,0.0041470225,0.013608575,-0.1535548,-0.27576512,-0.7580235,-0.12626551,0.01745659,0.034906413,-0.06653532,0.25308737,0.20922606,-0.17432839,0.031365972,-0.044006106,0.07885156,-0.26385915,-0.22588447,0.0,-0.0,-0.0,0.0,0.0,0.0,-0.0,-0.0,0.0,-0.0,0.0,0.0,-500.0,168.37432632035015,339.35746990645674,-479.1354369635493,500.0,500.0,-500.0,319.87481744831973,-425.69453162389027,500.0,-500.0,-500.0
180,0.0,0.0,0.0,0.0,0.0,-1.0,1.0,0.0,0.0,-0.17498179,-0.0038321926,-0.00046503544,-0.077120066,-0.54336494,-0.77322596,0.07627579,0.002751211,0.014839172,-0.1552639,-0.27038914,-0.74492687,0.1283594,-0.016088225,-0.033888143,0.06334031,-0.2242887,-0.2605996,0.10894763,-0.032553233,0.039569464,-0.0667452,0.22067077,0.2597631,0.0,-0.0,-0.0,0.0,0.0,0.0,-0.0,-0.0,0.0,-0.0,0.0,0.0,500.0,-168.07131323707546,-350.99059694478973,500.0,-500.0,-500.0,500.0,-322.0650613537011,412.61806492779726,-481.3910936041062,500.0,500.0
181,0.0,0.0,0.0,0.0,0.0,-1.0,1.0,0.0,0.0,-0.17986162,-0.0030291993,0.0010132194,-0.08002925,-0.5306321,-0.7686135,0.064068384,0.003918421,0.0127488375,-0.151191,-0.28425485,-0.7509818,-0.12624417,0.017426772,0.03493843,-0.066484734,0.25566947,0.21214847,-0.17434117,0.031439472,-0.043776374,0.07837509,-0.26262355,-0.22367199,0.0,-0.0,-0.0,0.0,0.0,0.0,-0.0,-0.0,0.0,-0.0,0.0,0.0,-500.0,168.6485193130869,340.0886838255368,-479.16792980553157,500.0,500.0,-500.0,320.1335212809484,-425.14863303271807,500.0,-500.0,-500.0
182,0.0,0.0,0.0,0.0,0.0,-1.0,1.0,0.0,0.0,-0.1745527,-0.0035736985,-0.00026792288,-0.07773399,-0.53680295,-0.78254926,0.063184164,0.0025306658,0.014010966,-0.15295637,-0.27865165,-0.737422,0.1284076,-0.016163466,-0.033993255,0.06346443,-0.22190838,-0.25753784,0.10884155,-0.03253514,0.039677553,-0.066900544,0.22173989,0.26215217,0.0,-0.0,-0.0,0.0,0.0,0.0,-0.0,-0.0,0.0,-0.0,0.0,0.0,500.0,-168.28882680915177,-351.6644207571786,500.0,-500.0,-500.0,500.0,-322.34274886245413,412.0223724900158,-481.3540044761621,500.0,500.0
183,0.0,0.0,0.0,0.0,0.0,-1.0,1.0,0.0,0.0,-0.17942594,-0.0027802354,0.0012050867,-0.08062768,-0.52357394,-0.7773358,0.050966498,0.0037077095,0.011955559,-0.1489507,-0.29227895,-0.7430244,-0.12621754,0.017394956,0.034959912,-0.0664379,0.2582161,0.21511376,-0.17435879,0.03150951,-0.043555465,0.07792335,-0.26134807,-0.221498,0.0,-0.0,-0.0,0.0,0.0,0.0,-0.0,-0.0,0.0,-0.0,0.0,0.0,-500.0,168.8580721642383,340.69780258279644,-479.1815921911721,500.0,500.0,-500.0,320.3955644247296,-424.5535547998776,500.0,-500.0,-500.0
184,0.0,0.0,0.0,0.0,0.0,-1.0,1.0,0.0,0.0,-0.17411031,-0.0033353516,-8.571148e-05,-0.07831454,-0.5292595,-0.79066116,0.050068922,0.0023272713,0.013246417,-0.1507703,-0.28644103,-0.72900677,0.1284417,-0.016228167,-0.03408354,0.06358183,-0.21956114,-0.25442645,0.10874484,-0.032521073,0.039768036,-0.0670564,0.22284387,0.2645222,0.0,-0.0,-0.0,0.0,0.0,0.0,-0.0,-0.0,0.0,-0.0,0.0,0.0,500.0,-168.44311881560694,-352.21561290341486,500.0,-500.0,-500.0,500.0,-322.62339076146026,411.3819815309636,-481.31751233519975,500.0,500.0
185,0.0,0.0,0.0,0.0,0.0,-1.0,1.0,0.0,0.0,-0.17897743,-0.0025508688,0.0013821125,-0.081193924,-0.5155416,-0.7848381,0.037841167,0.0035134763,0.011223674,-0.14682913,-0.2998224,-0.7341631,-0.12618516,0.017360644,0.03497261,-0.06639706,0.26072446,0.21811782,-0.1743812,0.03157679,-0.04334237,0.07749542,-0.2600339,-0.21936527,0.0,-0.0,-0.0,0.0,0.0,0.0,-0.0,-0.0,0.0,-0.0,0.0,0.0,-500.0,169.00199883594192,341.18986734923334,-479.1938102454849,500.0,500.0,-500.0,320.6651691619321,-423.91009600090837,500.0,-500.0,-500.0
186,0.0,0.0,0.0,0.0,0.0,-1.0,1.0,0.0,0.0,-0.17365628,-0.0031155664,8.267164e-05,-0.07886422,-0.52074915,-0.7975445,0.03693097,0.0021396568,0.012540638,-0.14870119,-0.29374272,-0.7196936,0.12846224,-0.01628252,-0.034159597,0.06369289,-0.21724884,-0.25126943,0.10865735,-0.032511126,0.03984199,-0.06721311,0.2239817,0.26687,0.0,-0.0,-0.0,0.0,0.0,0.0,-0.0,-0.0,0.0,-0.0,0.0,0.0,500.0,-168.53265288055195,-352.65082514618507,500.0,-500.0,-500.0,500.0,-322.91086130295247,410.69719961283084,-481.281798407636,500.0,500.0
187,0.0,0.0,0.0,0.0,0.0,-1.0,1.0,0.0,0.0,-0.1785176,-0.0023395831,0.0015454888,-0.081730485,-0.50655,-0.79110396,0.024693297,0.0033344198,0.010548294,-0.14482164,-0.306871,-0.724411,-0.12614666,0.017323388,0.034976725,-0.066362426,0.263192,0.22115658,-0.17440829,0.031641908,-0.04313619,0.077090405,-0.2586824,-0.21727656,0.0,-0.0,-0.0,0.0,0.0,0.0,-0.0,-0.0,0.0,-0.0,0.0,0.0,-500.0,169.0790638601281,341.56902605856243,-479.2045892705121,500.0,500.0,-500.0,320.94561478409594,-423.21926649136765,500.0,-500.0,-500.0
188,0.0,0.0,0.0,0.0,0.0,-1.0,1.0,0.0,0.0,-0.17319201,-0.0029128827,0.00023829937,-0.07938552,-0.51128715,-0.8031836,0.023771193,0.0019665614,0.0118890405,-0.14674449,-0.30054265,-0.7094962,0.1284697,-0.016326698,-0.0342221,0.063798144,-0.21497332,-0.24807091,0.10857891,-0.032505326,0.039900452,-0.067371055,0.22515237,0.2691924,0.0,-0.0,-0.0,0.0,0.0,0.0,-0.0,-0.0,0.0,-0.0,0.0,0.0,500.0,-168.55604508753603,-352.9747013897209,500.0,-500.0,-500.0,500.0,-323.2081248129155,409.96867921108975,-481.2470247027569,500.0,500.0
189,0.0,0.0,0.0,0.0,0.0,-1.0,1.0,0.0,0.0,-0.17804779,-0.0021449814,0.0016961098,-0.082239985,-0.49661487,-0.7961187,0.011523777,0.003169339,0.009925127,-0.14292407,-0.31341082,-0.71378225,-0.12610167,0.017282778,0.03497256,-0.06633443,0.2656164,0.22422595,-0.17443985,0.031705346,-0.042936128,0.076707475,-0.25729507,-0.21523456,0.0,-0.0,-0.0,0.0,0.0,0.0,-0.0,-0.0,0.0,-0.0,0.0,0.0,-500.0,169.08816305636435,341.8402310330426,-479.21412509227287,500.0,500.0,-500.0,321.23931286100935,-422.4823817202468,500.0,-500.0,-500.0
190,0.0,0.0,0.0,0.0,0.0,-1.0,1.0,0.0,0.0,-0.17271876,-0.0027259558,0.00038218498,-0.079880714,-0.50088984,-0.8075647,0.010590477,0.0018068238,0.011287332,-0.14489615,-0.30682713,-0.6984292,0.12846455,-0.01636087,-0.034271788,0.06389808,-0.21273647,-0.24483536,0.10850926,-0.032503627,0.039944414,-0.06753069,0.22635482,0.27148634,0.0,-0.0,-0.0,0.0,0.0,0.0,-0.0,-0.0,0.0,-0.0,0.0,0.0,500.0,-168.5120741725066,-353.1927316757959,500.0,-500.0,-500.0,500.0,-323.5173094785166,409.1974418449518,-481.2133319510816,500.0,500.0
191,0.0,0.0,0.0,0.0,0.0,-1.0,1.0,0.0,0.0,-0.17756921,-0.0019657784,0.0018350482,-0.08272469,-0.485753,-0.7998692,-0.0016665023,0.0030171261,0.009350121,-0.14113247,-0.3194285,-0.7022922,-0.12604986,0.01723845,0.034960523,-0.06631371,0.2679955,0.22732185,-0.17447564,0.031767488,-0.042741504,0.07634585,-0.2558734,-0.21324193,0.0,-0.0,-0.0,0.0,0.0,0.0,-0.0,-0.0,0.0,-0.0,0.0,0.0,-500.0,169.0283601187528,342.009267830347,-479.22259998472947,500.0,500.0,-500.0,321.5478788029961,-421.70109067507553,500.0,-500.0,-500.0
192,0.0,0.0,0.0,0.0,0.0,-1.0,1.0,0.0,0.0,-0.17223766,-0.002553548,0.00051516294,-0.080352426,-0.48957425,-0.8106755,-0.0026103035,0.0016593751,0.010731757,-0.14315236,-0.31258303,-0.6865088,0.12844722,-0.0163852,-0.034309473,0.06399321,-0.2105403,-0.2415674,0.10844809,-0.03250593,0.039974835,-0.06769254,0.2275879,0.27374867,0.0,-0.0,-0.0,0.0,0.0,0.0,-0.0,-0.0,0.0,-0.0,0.0,0.0,500.0,-168.39972198441578,-353.31126639028685,500.0,-500.0,-500.0,500.0,-323.83977858186057,408.3849009837903,-481.18084178930775,500.0,500.0
193,0.0,0.0,0.0,0.0,0.0,-1.0,1.0,0.0,0.0,-0.17708287,-0.0018007891,0.0019631386,-0.0831871,-0.47398168,-0.8023442,-0.014876651,0.0028767593,0.0088195205,-0.13944304,-0.32491142,-0.68995744,-0.12599088,0.017190075,0.034941133,-0.06630113,0.27032724,0.23044,-0.17451534,0.031828642,-0.042551737,0.0760048,-0.2544192,-0.21130128,0.0,-0.0,-0.0,0.0,0.0,0.0,-0.0,-0.0,0.0,-0.0,0.0,0.0,-500.0,168.89892844374032,342.0828011742563,-479.23018567426686,500.0,500.0,-500.0,321.8722011835424,-420.8774023948656,500.0,-500.0,-500.0
194,0.0,0.0,0.0,0.0,0.0,-1.0,1.0,0.0,0.0,-0.17174965,-0.0023945204,0.0006380677,-0.080803156,-0.47735816,-0.8125058,-0.015830273,0.001523232,0.01021868,-0.14150941,-0.31779808,-0.67375183,0.12841809,-0.01639986,-0.034336038,0.06408407,-0.2083869,-0.23827207,0.10839504,-0.032512095,0.03999265,-0.06785715,0.2288504,0.2759763,0.0,-0.0,-0.0,0.0,0.0,0.0,-0.0,-0.0,0.0,-0.0,0.0,0.0,500.0,-168.21821501048987,-353.33756109397933,500.0,-500.0,-500.0,500.0,-324.1761995806876,407.53288307624126,-481.14965872122497,500.0,500.0
195,0.0,0.0,0.0,0.0,0.0,-1.0,1.0,0.0,0.0,-0.17658967,-0.0016489231,0.0020812154,-0.083629966,-0.46131927,-0.8035344,-0.028105779,0.002747296,0.008329928,-0.13785243,-0.32984728,-0.67679554,-0.12592445,0.017137377,0.034915,-0.06629775,0.27260962,0.23357609,-0.17455857,0.031889018,-0.042366352,0.07568364,-0.25293428,-0.20941523,0.0,-0.0,-0.0,0.0,0.0,0.0,-0.0,-0.0,0.0,-0.0,0.0,0.0,-500.0,168.69939408362612,342.0684175544113,-479.23704414688655,500.0,500.0,-500.0,322.2125091561576,-420.0137100682466,500.0,-500.0,-500.0
196,0.0,0.0,0.0,0.0,0.0,-1.0,1.0,0.0,0.0,-0.17125554,-0.0022478246,0.0007517338,-0.08123541,-0.46426028,-0.8130471,-0.029068556,0.0013974896,0.009744823,-0.1399641,-0.32246011,-0.6601767,0.1283776,-0.01640503,-0.03435245,0.06417118,-0.20627852,-0.23495467,0.10834974,-0.032521922,0.03999878,-0.068025164,0.23014103,0.27816617,0.0,-0.0,-0.0,0.0,0.0,0.0,-0.0,-0.0,0.0,-0.0,0.0,0.0,500.0,-167.96706703574856,-353.2798175090102,500.0,-500.0,-500.0,500.0,-324.5266113717534,406.6436464278209,-481.11987191936083,500.0,500.0
197,0.0,0.0,0.0,0.0,0.0,-1.0,1.0,0.0,0.0,-0.17609036,-0.0015091755,0.0021900535,-0.08405602,-0.44778496,-0.80343217,-0.041353,0.0026278668,0.007878184,-0.1363573,-0.33422452,-0.6628252,-0.12585036,0.017080123,0.034882855,-0.0663048,0.27484068,0.23672561,-0.1746049,0.031948764,-0.042184968,0.07538172,-0.2514206,-0.20758629,0.0,-0.0,-0.0,0.0,0.0,0.0,-0.0,-0.0,0.0,-0.0,0.0,0.0,-500.0,168.42957959217648,341.9746635928415,-479.24332865212045,500.0,500.0,-500.0,322.5684382917069,-419.1128124413967,500.0,-500.0,-500.0
198,0.0,0.0,0.0,0.0,0.0,-1.0,1.0,0.0,0.0,-0.17075603,-0.0021124957,0.00085675716,-0.081652164,-0.45030016,-0.812293,-0.042324282,0.0012813158,0.009307146,-0.1385132,-0.32655817,-0.6458026,0.12832612,-0.016400902,-0.03435977,0.06425512,-0.20421754,-0.23162083,0.10831171,-0.032535177,0.039994147,-0.06819725,0.23145841,0.28031522,0.0,-0.0,-0.0,0.0,0.0,0.0,-0.0,-0.0,0.0,-0.0,0.0,0.0,500.0,-167.6461226308374,-353.1472196999312,500.0,-500.0,-500.0,500.0,-324.89049004667544,405.71989758755467,-481.09155687826507,500.0,500.0
199,0.0,0.0,0.0,0.0,0.0,-1.0,1.0,0.0,0.0,-0.17558558,-0.0013806201,0.0022903085,-0.08446801,-0.43339843,-0.80203223,-0.05461742,0.0025176702,0.0074613094,-0.13495469,-0.3380323,-0.6480665,-0.12576833,0.017018137,0.034845535,-0.06632373,0.27701852,0.23988393,-0.17465387,0.032007955,-0.042007297,0.07509847,-0.24988036,-0.20581709,0.0,-0.0,-0.0,0.0,0.0,0.0,-0.0,-0.0,0.0,-0.0,0.0,0.0,-500.0,168.0896484442351,341.8110787450295,-479.24918483208455,500.0,500.0,-500.0,322.9390951312669,-418.17793219105505,500.0,-500.0,-500.0
200,0.0,0.0,0.0,0.0,0.0,-1.0,1.0,0.0,0.0,-0.1702517,-0.001987646,0.0009537935,-0.082056165,-0.43549818,-0.8102392,-0.055596583,0.0011739455,0.008902907,-0.13715386,-0.33008164,-0.63065016,0.12826404,-0.016387695,-0.03435914,0.06433649,-0.20220654,-0.22827657,0.10828052,-0.03255159,0.03997964,-0.06837413,0.23280111,0.28242034,0.0,-0.0,-0.0,0.0,0.0,0.0,-0.0,-0.0,0.0,-0.0,0.0,0.0,500.0,-167.25560111545636,-352.9499637957003,500.0,-500.0,-500.0,500.0,-325.2668134139075,404.7648048477164,-481.0647769292315,500.0,500.0
201,0.0,0.0,0.0,0.0,0.0,-1.0,1.0,0.0,0.0,-0.17507584,-0.0012624037,0.0023826957,-0.08486915,-0.41818088,-0.7993313,-0.06789815,0.002415967,0.007076621,-0.13364196,-0.3412606,-0.6325404,-0.12567824,0.016951295,0.03480398,-0.066356115,0.2791411,0.2430462,-0.17470498,0.032066606,-0.04183315,0.07483334,-0.24831593,-0.2041101,0.0,-0.0,-0.0,0.0,0.0,0.0,-0.0,-0.0,0.0,-0.0,0.0,0.0,-500.0,167.68014965533914,341.5882206249952,-479.25475193652466,500.0,500.0,-500.0,323.3231207091846,-417.2127308602031,500.0,-500.0,-500.0
202,0.0,0.0,0.0,0.0,0.0,-1.0,1.0,0.0,0.0,-0.16974299,-0.0018724599,0.0010435581,-0.08245063,-0.41987592,-0.80688345,-0.068884574,0.001074675,0.008529484,-0.13588369,-0.33302087,-0.61474085,0.12819174,-0.016365653,-0.034351792,0.06441593,-0.20024835,-0.22492819,0.10825562,-0.03257086,0.03995618,-0.068556555,0.23416749,0.28447843,0.0,-0.0,-0.0,0.0,0.0,0.0,-0.0,-0.0,0.0,-0.0,0.0,0.0,500.0,-166.79614057744703,-352.6992793388297,500.0,-500.0,-500.0,500.0,-325.65412451541897,403.782008410009,-481.0395846244298,500.0,500.0
203,0.0,0.0,0.0,0.0,0.0,-1.0,1.0,0.0,0.0,-0.17456156,-0.0011537398,0.0024678707,-0.085262656,-0.40215403,-0.7953283,-0.081194274,0.0023220757,0.006721735,-0.1324166,-0.34390002,-0.616269,-0.12557995,0.016879529,0.034759257,-0.066403724,0.28120643,0.24620739,-0.1747577,0.03212469,-0.04166242,0.07458585,-0.2467298,-0.20246784,0.0,-0.0,-0.0,0.0,0.0,0.0,-0.0,-0.0,0.0,-0.0,0.0,0.0,-500.0,167.20206215563508,341.31768099844527,-479.2601640807387,500.0,500.0,-500.0,323.7187532517828,-416.22131990598854,500.0,-500.0,-500.0
204,0.0,0.0,0.0,0.0,0.0,-1.0,1.0,0.0,0.0,-0.16923027,-0.0017661863,0.0011264682,-0.08283901,-0.40345556,-0.80222607,-0.082187384,0.0009828579,0.008184552,-0.1347003,-0.3353669,-0.5980975,0.12810962,-0.01633505,-0.034339063,0.064494126,-0.19834594,-0.22158244,0.10823651,-0.032592658,0.039924666,-0.06874533,0.23555587,0.28648648,0.0,-0.0,-0.0,0.0,0.0,0.0,-0.0,-0.0,0.0,-0.0,0.0,0.0,500.0,-166.26884144646147,-352.4074401166828,500.0,-500.0,-500.0,500.0,-326.050594313513,402.77562672783796,-481.01602299575586,500.0,500.0
205,0.0,0.0,0.0,0.0,0.0,-1.0,1.0,0.0,0.0,-0.17404304,-0.0010539026,0.00254637,-0.08565211,-0.38534075,-0.7900247,-0.094504915,0.0022353684,0.006394267,-0.13127649,-0.34594232,-0.5992756,-0.12547344,0.016802836,0.034712538,-0.06646843,0.28321242,0.24936228,-0.17481148,0.032182124,-0.04149509,0.074355565,-0.24512465,-0.20089285,0.0,-0.0,-0.0,0.0,0.0,0.0,-0.0,-0.0,0.0,-0.0,0.0,0.0,-500.0,166.65683838733744,341.01209028601164,-479.26555150557,500.0,500.0,-500.0,324.1238902002505,-415.20826736863125,500.0,-500.0,-500.0
206,0.0,0.0,0.0,0.0,0.0,-1.0,1.0,0.0,0.0,-0.1687138,-0.0016681355,0.0012031198,-0.083224654,-0.38626057,-0.79626966,-0.09550413,0.0008979004,0.007865906,-0.13360155,-0.33711177,-0.58074385,0.1280181,-0.0162962,-0.034322377,0.06457181,-0.19650261,-0.21824645,0.10822262,-0.032616638,0.03988603,-0.06894127,0.23696439,0.2884414,0.0,-0.0,-0.0,0.0,0.0,0.0,-0.0,-0.0,0.0,-0.0,0.0,0.0,500.0,-165.6753090282968,-352.08776215870887,500.0,-500.0,-500.0,500.0,-326.4540836629309,401.75025850325443,-480.9941266958839,500.0,500.0
207,0.0,0.0,0.0,0.0,0.0,-1.0,1.0,0.0,0.0,-0.16118376,0.0011096855,-0.004378557,-0.07499266,-0.3671419,-0.7832076,-0.10782916,0.0021552662,0.006092131,-0.13021958,-0.34737998,-0.5815846,0.10083196,-0.0077868886,-0.036234375,0.065858446,0.2908152,0.26671377,-0.17486574,0.032238804,-0.041331228,0.07414209,-0.24350338,-0.19938758,0.0,-0.0,-0.0,0.0,0.0,0.0,-0.0,-0.0,0.0,-0.0,0.0,0.0,121.73697815546191,-211.3574937029788,-25.322858618016753,332.54165163612504,500.0,500.0,-500.0,324.5361496423485,-414.1785996428444,500.0,-500.0,-500.0
208,0.0,0.0,0.0,0.0,0.0,-1.0,1.0,0.0,0.0,-0.1702548,0.0025523154,-0.0016351938,-0.08082044,-0.3679276,-0.7898589,-0.10883393,0.0008192567,0.007571578,-0.13258553,-0.33824855,-0.5627049,-0.1521651,0.027464453,0.05320115,-0.098473005,-0.20123394,-0.23574935,0.1082134,-0.032642435,0.039841197,-0.06914523,0.23839115,0.29034004,0.0,-0.0,-0.0,0.0,0.0,0.0,-0.0,-0.0,0.0,-0.0,0.0,0.0,-500.0,277.5225244364674,467.37144833232634,-500.0,-500.0,-500.0,500.0,-326.86220461701913,400.7109797964458,-480.97392302317485,500.0,500.0
209,0.0,0.0,0.0,0.0,0.0,-1.0,1.0,0.0,0.0,-0.16814496,0.0013452284,-0.00297302,-0.081061125,-0.34862632,-0.77597386,-0.1211661,0.0020812366,0.00581336,-0.12924421,-0.34820634,-0.56322145,0.11916722,-0.028425807,-0.046923593,0.06433331,0.29496378,0.27296743,-0.17491987,0.03229458,-0.041170973,0.0739451,-0.24186902,-0.19795449,0.0,-0.0,-0.0,0.0,0.0,0.0,-0.0,-0.0,0.0,-0.0,0.0,0.0,500.0,-279.89002817927184,-500.0,500.0,500.0,500.0,-500.0,324.9529311681208,-413.13779782204097,500.0,-500.0,-500.0
210,0.0,0.0,0.0,0.0,0.0,-1.0,1.0,0.0,0.0,-0.17693296,0.0023817464,-0.0006415248,-0.08806455,-0.34887224,-0.782156,-0.122175895,0.0007464261,0.0072996616,-0.1316508,-0.33877116,-0.5440067,-0.1528725,0.02777127,0.050367653,-0.09996521,-0.19868976,-0.23339787,0.10820828,-0.03266969,0.039791115,-0.06935807,0.23983403,0.29217938,0.0,-0.0,-0.0,0.0,0.0,0.0,-0.0,-0.0,0.0,-0.0,0.0,0.0,-500.0,283.3516621234349,480.400418137225,-469.3725547175123,-500.0,-500.0,500.0,-327.27238104563,399.6633357035549,-480.95543283697805,500.0,500.0
211,0.0,0.0,0.0,0.0,0.0,-1.0,1.0,0.0,0.0,-0.1748258,0.0011631758,-0.0024166703,-0.088168025,-0.3291517,-0.7677111,-0.13451482,0.0020127883,0.005556166,-0.12834883,-0.34841603,-0.5442127,0.11974778,-0.028859733,-0.04975051,0.06935247,0.29672554,0.27636227,-0.1749733,0.032349277,-0.04101456,0.07376428,-0.2402248,-0.19659607,0.0,-0.0,-0.0,0.0,0.0,0.0,-0.0,-0.0,0.0,-0.0,0.0,0.0,500.0,-284.6331013856525,-482.1058518564496,500.0,500.0,500.0,-500.0,325.37147609098696,-412.09178808908996,500.0,-500.0,-500.0
212,0.0,0.0,0.0,0.0,0.0,-1.0,1.0,0.0,0.0,-0.18361728,0.002222868,-4.8816204e-05,-0.09497404,-0.32907373,-0.7732916,-0.13552913,0.0006789488,0.007048428,-0.13079596,-0.3386746,-0.52467644,-0.15327972,0.028234718,0.05313402,-0.10322054,-0.19714366,-0.23080133,0.10820669,-0.032698017,0.039736744,-0.06958065,0.2412908,0.29395628,0.0,-0.0,-0.0,0.0,0.0,0.0,-0.0,-0.0,0.0,-0.0,0.0,0.0,-500.0,287.99611054077485,500.0,-500.0,-500.0,-500.0,500.0,-327.6819084680067,398.61332607167867,-480.9386713634938,500.0,500.0
213,0.0,0.0,0.0,0.0,0.0,-1.0,1.0,0.0,0.0,-0.18146998,0.0009915465,-0.0017051697,-0.09497893,-0.3090474,-0.7582401,-0.14787439,0.00194947,0.0053189397,-0.12753224,-0.34800476,-0.5245862,0.12030678,-0.029281853,-0.047012728,0.064762086,0.29816142,0.2790133,-0.1750254,0.03240272,-0.040862273,0.07359939,-0.23857407,-0.1953147,0.0,-0.0,-0.0,0.0,0.0,0.0,-0.0,-0.0,0.0,-0.0,0.0,0.0,500.0,-288.55403188963487,-500.0,500.0,500.0,500.0,-500.0,325.7889268991022,-411.0469256536937,500.0,-500.0,-500.0
214,0.0,0.0,0.0,0.0,0.0,-1.0,1.0,0.0,0.0,-0.16952224,0.0013216663,-1.7046928e-05,-0.0952785,-0.30892175,-0.76252,-0.14889273,0.00061640295,0.006816447,-0.1300199,-0.3379553,-0.5047423,0.22124147,-0.017060224,-0.03474138,0.07554767,-0.19001758,-0.20580307,0.10820806,-0.032727048,0.03967905,-0.069813825,0.2427591,0.29566765,0.0,-0.0,-0.0,0.0,0.0,0.0,-0.0,-0.0,0.0,-0.0,0.0,0.0,500.0,-194.4194710522084,-422.7757578085078,500.0,-500.0,-500.0,500.0,-328.0880129279122,397.5673847565082,-480.92364889711587,500.0,500.0
215,0.0,0.0,0.0,0.0,0.0,-1.0,1.0,0.0,0.0,-0.15574078,0.0019604105,0.0017124414,-0.09736884,-0.28902,-0.7473955,-0.1612439,0.0018908662,0.0051000714,-0.12679338,-0.3469693,-0.5043706,-0.032828923,0.016872184,0.03763719,-0.06789057,0.2925417,0.26312935,-0.17507564,0.032454714,-0.040714476,0.073450215,-0.23692039,-0.19411285,0.0,-0.0,-0.0,0.0,0.0,0.0,-0.0,-0.0,0.0,-0.0,0.0,0.0,-500.0,173.20348085831213,348.773549830653,-500.0,500.0,500.0,-500.0,326.2023857246134,-410.0099717816648,500.0,-500.0,-500.0
216,0.0,0.0,0.0,0.0,0.0,-1.0,1.0,0.0,0.0,-0.13180034,0.001202819,0.00039422512,-0.0947032,-0.28810745,-0.75077105,-0.1622658,0.0005584015,0.0066021085,-0.1293217,-0.33661038,-0.48423374,0.2213583,-0.017493902,-0.034988515,0.06696634,-0.18763766,-0.20351253,0.10821185,-0.032756414,0.03961903,-0.07005843,0.24423645,0.29731044,0.0,-0.0,-0.0,0.0,0.0,0.0,-0.0,-0.0,0.0,-0.0,0.0,0.0,500.0,-171.67509459506786,-357.16013879969785,500.0,-500.0,-500.0,500.0,-328.4879086627302,396.5323519837218,-480.91037139999935,500.0,500.0
217,0.0,0.0,0.0,0.0,0.0,-1.0,1.0,0.0,0.0,-0.1180266,0.0018159492,0.00186342,-0.09740949,-0.26778084,-0.7351154,-0.17462242,0.001836595,0.0048981905,-0.1261313,-0.34530765,-0.48359597,-0.03270892,0.016716013,0.035520364,-0.06714511,0.29450575,0.26611787,-0.17512338,0.032505054,-0.040571596,0.0733166,-0.23526743,-0.19299288,0.0,-0.0,-0.0,0.0,0.0,0.0,-0.0,-0.0,0.0,-0.0,0.0,0.0,-500.0,171.977166416175,348.70321762481944,-479.3465812576993,500.0,500.0,-500.0,326.6089715423657,-408.9880635337413,500.0,-500.0,-500.0
218,0.0,0.0,0.0,0.0,0.0,-1.0,1.0,0.0,0.0,-0.09409617,0.0010673116,0.00050896406,-0.0947603,-0.26656324,-0.7378761,-0.17564744,0.0005045895,0.006404221,-0.12870061,-0.33463866,-0.4631812,0.22114669,-0.017327221,-0.034925424,0.06686752,-0.18622918,-0.20039229,0.108217515,-0.032785766,0.039557677,-0.07031529,0.24572025,0.2988815,0.0,-0.0,-0.0,0.0,0.0,0.0,-0.0,-0.0,0.0,-0.0,0.0,0.0,500.0,-170.2348996412657,-358.48143816866803,500.0,-500.0,-500.0,500.0,-328.87885424523193,395.5154394568166,-480.898841001451,500.0,500.0
219,0.0,0.0,0.0,0.0,0.0,-1.0,1.0,0.0,0.0,-0.08031619,0.0016802414,0.0019672513,-0.09748602,-0.24594122,-0.7216137,-0.188009,0.0017863056,0.0047119856,-0.12554562,-0.34301907,-0.46229318,-0.03251751,0.016603272,0.03540894,-0.067342184,0.29603574,0.2690865,-0.17516808,0.032553542,-0.040434115,0.0731984,-0.23361897,-0.19195712,0.0,-0.0,-0.0,0.0,0.0,0.0,-0.0,-0.0,0.0,-0.0,0.0,0.0,-500.0,170.57714744995752,347.96311720357954,-479.1571052283108,500.0,500.0,-500.0,327.00587573718803,-407.98867592230283,500.0,-500.0,-500.0
220,0.0,0.0,0.0,0.0,0.0,-1.0,1.0,0.0,0.0,-0.05769726,0.0009945157,0.0006068945,-0.09485471,-0.24445444,-0.72376835,-0.1890367,0.0004546416,0.006221473,-0.12815595,-0.33204,-0.44161624,0.21467765,-0.017162872,-0.034888275,0.06691223,-0.1849779,-0.19725774,0.10822456,-0.032814752,0.039496012,-0.07058516,0.24720772,0.30037782,0.0,-0.0,-0.0,0.0,0.0,0.0,-0.0,-0.0,0.0,-0.0,0.0,0.0,500.0,-169.2204790037892,-357.47008448549633,500.0,-500.0,-500.0,500.0,-329.2582068086775,394.52418795871847,-480.88905640373355,500.0,500.0
221,0.0,0.0,0.0,0.0,0.0,-1.0,1.0,0.0,0.0,-0.045524858,0.0016366014,0.0020600557,-0.09761298,-0.22356862,-0.7069027,-0.2014027,0.0017396761,0.0045402646,-0.12503564,-0.3401044,-0.44049436,-0.042935193,0.016679456,0.03534813,-0.06764464,0.29738757,0.27205482,-0.17520924,0.032599986,-0.040302556,0.07309554,-0.23197894,-0.1910079,0.0,-0.0,-0.0,0.0,0.0,0.0,-0.0,-0.0,0.0,-0.0,0.0,0.0,-500.0,163.27095418874114,347.7959620218054,-479.0627926401361,500.0,500.0,-500.0,327.39041561250957,-407.01957631956253,500.0,-500.0,-500.0
222,0.0,0.0,0.0,0.0,0.0,-1.0,1.0,0.0,0.0,-0.023883807,0.00093252264,0.0007022023,-0.095000625,-0.22182995,-0.70844775,-0.20243265,0.0004082594,0.006052792,-0.12768757,-0.32881564,-0.41957146,0.20574084,-0.01645044,-0.034893073,0.06690242,-0.18382733,-0.19432116,0.1082325,-0.03284307,0.03943504,-0.07086879,0.24869601,0.30179635,0.0,-0.0,-0.0,0.0,0.0,0.0,-0.0,-0.0,0.0,-0.0,0.0,0.0,490.8698801289879,-167.47938146481522,-357.7788916219864,500.0,-500.0,-500.0,500.0,-329.6234739053026,393.56641732272624,-480.8810131969405,500.0,500.0
223,0.0,0.0,0.0,0.0,0.0,-1.0,1.0,0.0,0.0,-0.0129901245,0.0015513813,0.0021520853,-0.09779036,-0.20069629,-0.69098234,-0.21480256,0.0016964112,0.004381895,-0.124601245,-0.33656543,-0.41823262,-0.0465697,0.016353417,0.0353362,-0.06795148,0.29870206,0.27499947,-0.17524633,0.03264421,-0.040177498,0.07300794,-0.23035137,-0.19014744,0.0,-0.0,-0.0,0.0,0.0,0.0,-0.0,-0.0,0.0,-0.0,0.0,0.0,-500.0,167.72601550778148,347.07668318437567,-479.39928464623324,500.0,500.0,-500.0,327.76008535527416,-406.08877108500405,500.0,-500.0,-500.0
224,0.0,0.0,0.0,0.0,0.0,-1.0,1.0,0.0,0.0,0.0072593424,0.00085986994,0.00079238415,-0.09519863,-0.19872713,-0.69193685,-0.21583438,0.00036516946,0.0058971047,-0.12729514,-0.32496852,-0.39708057,0.20239829,-0.016861154,-0.034850758,0.06698152,-0.18275261,-0.19123042,0.1082409,-0.032870412,0.03937579,-0.07116682,0.2501822,0.303134,0.0,-0.0,-0.0,0.0,0.0,0.0,-0.0,-0.0,0.0,-0.0,0.0,0.0,500.0,-166.26690337542112,-357.27258286563847,500.0,-500.0,-500.0,500.0,-329.97236249765854,392.65016880129133,-480.87470409091895,500.0,500.0
225,0.0,0.0,0.0,0.0,0.0,-1.0,1.0,0.0,0.0,0.016746836,0.001498648,0.0022383928,-0.09802699,-0.17736459,-0.6738974,-0.22820762,0.0016562404,0.0042358637,-0.12424207,-0.33240563,-0.39554217,-0.05416699,0.016245198,0.035276756,-0.06824934,0.29990196,0.27785647,-0.17527889,0.03268605,-0.040059548,0.07293558,-0.22874032,-0.18937796,0.0,-0.0,-0.0,0.0,0.0,0.0,-0.0,-0.0,0.0,-0.0,0.0,0.0,-500.0,165.7150371283711,346.84217588457454,-479.0192714707153,500.0,500.0,-500.0,328.11260392580107,-405.20444455447824,500.0,-500.0,-500.0
226,0.0,0.0,0.0,0.0,0.0,-1.0,1.0,0.0,0.0,0.035972048,0.0007986233,0.0008794069,-0.09545815,-0.1751818,-0.6742763,-0.22924092,0.0003251211,0.0057534575,-0.12697864,-0.32050246,-0.3741783,0.19631258,-0.016686425,-0.03485481,0.06701517,-0.18178949,-0.1883639,0.10824938,-0.03289653,0.039319273,-0.07147985,0.25166315,0.30438787,0.0,-0.0,-0.0,0.0,0.0,0.0,-0.0,-0.0,0.0,-0.0,0.0,0.0,500.0,-165.49813886871624,-357.41482116294486,500.0,-500.0,-500.0,500.0,-330.3028245442267,391.78364003245855,-480.87011906985435,500.0,500.0
227,0.0,0.0,0.0,0.0,0.0,-1.0,1.0,0.0,0.0,0.044266034,0.0014360979,0.0023226738,-0.098326325,-0.15360814,-0.65567625,-0.24161692,0.0016189159,0.004101217,-0.12395811,-0.32762998,-0.37245822,-0.059996653,0.016118357,0.035268158,-0.06863293,0.30102304,0.2806205,-0.17530651,0.032725368,-0.039949343,0.07287844,-0.22714992,-0.18870158,0.0,-0.0,-0.0,0.0,0.0,0.0,-0.0,-0.0,0.0,-0.0,0.0,0.0,-500.0,164.28268050777203,346.7998556027432,-479.02811603962107,500.0,500.0,-500.0,328.4459593085064,-404.37489070885204,500.0,-500.0,-500.0
228,0.0,0.0,0.0,0.0,0.0,-1.0,1.0,0.0,0.0,0.03825411,0.0023169294,0.0040570498,-0.09579885,-0.15214896,-0.6555599,-0.24265131,0.00028788453,0.0056209564,-0.12673795,-0.3154232,-0.35090032,0.116121255,-0.018645445,0.057599265,-0.0695517,-0.18704794,-0.19387928,0.108257584,-0.032921184,0.039266497,-0.071808375,0.25313568,0.30555496,0.0,-0.0,-0.0,0.0,0.0,0.0,-0.0,-0.0,0.0,-0.0,0.0,0.0,500.0,-132.7058450683582,425.710427417169,-500.0,-500.0,-500.0,500.0,-330.6130986175951,390.9751129942463,-480.86724548209685,500.0,500.0
229,0.0,0.0,0.0,0.0,0.0,-1.0,1.0,0.0,0.0,0.030901007,0.002867106,0.0029782057,-0.09083295,-0.13069397,-0.6354487,-0.25502947,0.0015842116,0.0039770007,-0.123749495,-0.32224458,-0.34901696,-0.13781214,0.015996156,-0.04732854,0.08748851,0.30341953,0.29693073,-0.1753288,0.032762054,-0.039847534,0.07283653,-0.22558434,-0.18812034,0.0,-0.0,-0.0,0.0,0.0,0.0,-0.0,-0.0,0.0,-0.0,0.0,0.0,-500.0,164.958841204975,-500.0,500.0,500.0,500.0,-500.0,328.7584485431143,-403.6084380452718,500.0,-500.0,-500.0
230,0.0,0.0,0.0,0.0,0.0,-1.0,1.0,0.0,0.0,0.033547614,0.0021371008,0.0060288906,-0.09362888,-0.1284014,-0.63466495,-0.2560646,0.00025324908,0.0054988265,-0.12657332,-0.30973762,-0.3272834,0.113742225,-0.016485,0.05696804,-0.08147267,-0.18310222,-0.19133824,0.10826522,-0.032944184,0.039218463,-0.0721528,0.2545966,0.3066325,0.0,-0.0,-0.0,0.0,0.0,0.0,-0.0,-0.0,0.0,-0.0,0.0,0.0,500.0,-163.0395725641534,467.52179992711507,-500.0,-500.0,-500.0,500.0,-330.9017469874622,390.2328755398774,-480.86606807162326,500.0,500.0
231,0.0,0.0,0.0,0.0,0.0,-1.0,1.0,0.0,0.0,0.026075663,0.0026981763,0.0048568845,-0.091184616,-0.10620141,-0.6140354,-0.2684443,0.0015519203,0.0038625002,-0.12361634,-0.31625742,-0.3252556,-0.13797352,0.015485212,-0.047745403,0.07457753,0.30699196,0.29938295,-0.17534547,0.032796025,-0.039754786,0.07280988,-0.22404774,-0.18763612,0.0,-0.0,-0.0,0.0,0.0,0.0,-0.0,-0.0,0.0,-0.0,0.0,0.0,-500.0,158.6451968443111,-500.0,500.0,500.0,500.0,-500.0,329.0487129576958,-402.91336837926735,500.0,-500.0,-500.0
232,0.0,0.0,0.0,0.0,0.0,-1.0,1.0,0.0,0.0,0.028605154,0.0019934159,0.007831454,-0.09649658,-0.10314971,-0.6127082,-0.26947975,0.00022102144,0.005386293,-0.12648475,-0.30345434,-0.30336523,0.11301654,-0.01610088,0.056642663,-0.09394236,-0.17915119,-0.1884325,0.108272076,-0.032965384,0.039176133,-0.072513424,0.25604257,0.3076176,0.0,-0.0,-0.0,0.0,0.0,0.0,-0.0,-0.0,0.0,-0.0,0.0,0.0,500.0,-159.2410530890745,467.826444925465,-500.0,-500.0,-500.0,500.0,-331.1676876133911,389.5651373166327,-480.86656896778027,500.0,500.0
233,0.0,0.0,0.0,0.0,0.0,-1.0,1.0,0.0,0.0,0.02104761,0.0025534022,0.006409943,-0.09598768,-0.08024037,-0.59150356,-0.28186035,0.0015218537,0.003757,-0.12355876,-0.30967766,-0.30121225,-0.13832262,0.0153824985,-0.048622858,0.065278254,0.3102159,0.3021138,-0.17535622,0.032827236,-0.039671756,0.07279852,-0.22254424,-0.18725081,0.0,-0.0,-0.0,0.0,0.0,0.0,-0.0,-0.0,0.0,-0.0,0.0,0.0,-500.0,156.85125703365324,-500.0,500.0,500.0,500.0,-500.0,329.31576804644317,-402.29783051780265,500.0,-500.0,-500.0
234,0.0,0.0,0.0,0.0,0.0,-1.0,1.0,0.0,0.0,0.023532111,0.0018582223,0.008815169,-0.101529956,-0.07661003,-0.5894401,-0.2828958,0.00019102433,0.0052827,-0.12647259,-0.29658335,-0.27918434,0.11293667,-0.01605959,0.052329898,-0.0891537,-0.17651238,-0.18406978,0.10827799,-0.032984667,0.03914046,-0.072890416,0.25747022,0.30850765,0.0,-0.0,-0.0,0.0,0.0,0.0,-0.0,-0.0,0.0,-0.0,0.0,0.0,500.0,-159.12174344929025,475.47792088354515,-456.3628382976788,-500.0,-500.0,500.0,-331.41022052495146,388.9799410818317,-480.8687276444732,500.0,500.0
235,0.0,0.0,0.0,0.0,0.0,-1.0,1.0,0.0,0.0,0.015966795,0.0024252136,0.0069789886,-0.1005553,-0.053278983,-0.5674581,-0.29527667,0.0014938398,0.0036596656,-0.123577,-0.30251604,-0.27692586,-0.13833903,0.01547066,-0.05212691,0.07110997,0.31201157,0.3060294,-0.1753609,0.03285567,-0.039599102,0.07280249,-0.22107796,-0.18696605,0.0,-0.0,-0.0,0.0,0.0,0.0,-0.0,-0.0,0.0,-0.0,0.0,0.0,-500.0,157.17989999387135,-500.0,500.0,500.0,500.0,-500.0,329.55902747730084,-401.769749955329,500.0,-500.0,-500.0
236,0.0,0.0,0.0,0.0,0.0,-1.0,1.0,0.0,0.0,0.018455805,0.0017314638,0.009386778,-0.10606551,-0.04926139,-0.5646278,-0.29614007,0.00014683609,0.0051878095,-0.12653685,-0.28913552,-0.25477776,0.11297482,-0.016126052,0.054830402,-0.093273595,-0.1744374,-0.18031028,0.11032375,-0.03310516,0.03911532,-0.073283255,0.2588828,0.30930075,0.0,-0.0,-0.0,0.0,0.0,0.0,-0.0,-0.0,0.0,-0.0,0.0,0.0,500.0,-159.7905816461233,500.0,-500.0,-500.0,-500.0,500.0,-328.5720166351837,388.40963313290723,-480.9120067523991,500.0,500.0
237,0.0,0.0,0.0,0.0,0.0,-1.0,1.0,0.0,0.0,0.01089589,0.0023046567,0.0077334046,-0.105327845,-0.025576353,-0.54192674,-0.3081278,0.0014494035,0.0035705566,-0.12367153,-0.29478306,-0.25243914,-0.13832295,0.015535272,-0.04883502,0.06542575,0.31358862,0.30906314,-0.17331669,0.0328698,-0.039540816,0.07282313,-0.21964629,-0.18680996,0.0,-0.0,-0.0,0.0,0.0,0.0,-0.0,-0.0,0.0,-0.0,0.0,0.0,-500.0,157.98474150127356,-500.0,500.0,500.0,500.0,-499.7771763397783,329.79748714424727,-401.3807250488548,500.0,-500.0,-500.0
238,0.0,0.0,0.0,0.0,0.0,-1.0,1.0,0.0,0.0,0.01339348,0.0016145308,0.009925067,-0.11027336,-0.021200836,-0.5383074,-0.30844256,0.00010201079,0.005101323,-0.12667918,-0.2811218,-0.23020133,0.11299747,-0.016129319,0.054378934,-0.09130869,-0.17249386,-0.17619072,0.11217314,-0.033023287,0.0391065,-0.07370969,0.26026723,0.30993602,0.0,-0.0,-0.0,0.0,0.0,0.0,-0.0,-0.0,0.0,-0.0,0.0,0.0,500.0,-160.08211705424105,492.52885505860996,-479.3212855898154,-500.0,-500.0,500.0,-331.4877686865784,388.1502175100022,-480.9291631617714,500.0,500.0
239,0.0,0.0,0.0,0.0,0.0,-1.0,1.0,0.0,0.0,0.00584395,0.0021933345,0.008209765,-0.10923731,0.0028133988,-0.51486826,-0.31995103,0.0013965234,0.0034890175,-0.12384355,-0.2864917,-0.22780167,-0.13823341,0.015576355,-0.050074514,0.06854905,0.31502345,0.3125933,-0.16907784,0.032588642,-0.039487693,0.07286139,-0.21825638,-0.18669799,0.0,-0.0,-0.0,0.0,0.0,0.0,-0.0,-0.0,0.0,-0.0,0.0,0.0,-500.0,158.11360131872044,-500.0,500.0,500.0,500.0,-495.2652979854888,329.9860658266655,-401.11625738649616,500.0,-500.0,-500.0
240,0.0,0.0,0.0,0.0,0.0,-1.0,1.0,0.0,0.0,0.008347618,0.0015072934,0.010583699,-0.11431873,0.007529974,-0.51052535,-0.3197904,6.120461e-05,0.0050221086,-0.12689948,-0.27255744,-0.20549719,0.11300268,-0.016079022,0.05088633,-0.08376062,-0.17064652,-0.17181359,0.11422592,-0.033023283,0.039096545,-0.0741354,0.26162225,0.31049284,0.0,-0.0,-0.0,0.0,0.0,0.0,-0.0,-0.0,0.0,-0.0,0.0,0.0,500.0,-160.0747661681327,471.9242360131952,-444.0710271347185,-500.0,-500.0,500.0,-331.96961972020324,387.89946006276455,-480.8917656740532,500.0,500.0
241,0.0,0.0,0.0,0.0,0.0,-1.0,1.0,0.0,0.0,0.0008091736,0.002089149,0.008695185,-0.112820625,0.03186387,-0.4863598,-0.330883,0.0013641429,0.0034137964,-0.124093056,-0.27765852,-0.20306121,-0.13812077,0.01557951,-0.050536692,0.06993294,0.3164224,0.31587872,-0.16863236,0.032923855,-0.03946133,0.072910696,-0.216928,-0.18682437,0.0,-0.0,-0.0,0.0,0.0,0.0,-0.0,-0.0,0.0,-0.0,0.0,0.0,-500.0,157.9767770037466,-500.0,500.0,500.0,500.0,-500.0,330.58153281580917,-400.94755642742433,500.0,-500.0,-500.0
242,0.0,0.0,0.0,0.0,0.0,-1.0,1.0,0.0,0.0,0.003317237,0.0014074511,0.011087298,-0.117777705,0.03691399,-0.48129615,-0.3303792,2.4917876e-05,0.0049496293,-0.12719774,-0.26345998,-0.18070382,0.1129486,-0.0160446,0.052655306,-0.08609414,-0.16877979,-0.16814688,0.11615042,-0.033038568,0.03910265,-0.074584834,0.2629418,0.3109531,0.0,-0.0,-0.0,0.0,0.0,0.0,-0.0,-0.0,0.0,-0.0,0.0,0.0,500.0,-159.80718131151735,482.45029677861726,-464.39230018358387,-500.0,-500.0,500.0,-331.95105563002335,387.7440255054183,-480.9336295981433,500.0,500.0
243,0.0,0.0,0.0,0.0,0.0,-1.0,1.0,0.0,0.0,-0.004210413,0.001992362,0.00913018,-0.11601162,0.061551034,-0.4564423,-0.3409913,0.0013229729,0.0033448935,-0.12441957,-0.26830155,-0.17824921,-0.13797498,0.01555626,-0.05408604,0.07704427,0.31765878,0.31935135,-0.16595173,0.032932777,-0.03944023,0.072978266,-0.2156492,-0.18698792,0.0,-0.0,-0.0,0.0,0.0,0.0,-0.0,-0.0,0.0,-0.0,0.0,0.0,-500.0,157.3102978721259,-500.0,500.0,500.0,500.0,-500.0,331.1437999446298,-400.89374447269256,500.0,-500.0,-500.0
244,0.0,0.0,0.0,0.0,0.0,-1.0,1.0,0.0,0.0,-0.0016997283,0.0013154033,0.011505783,-0.12081456,0.066924095,-0.45067927,-0.3401492,-5.159241e-06,0.0048834085,-0.12757385,-0.25384742,-0.15586449,0.11285957,-0.01597937,0.053403255,-0.086680084,-0.16696654,-0.1644673,0.11767375,-0.033041477,0.039113723,-0.07504239,0.26422343,0.31131065,0.0,-0.0,-0.0,0.0,0.0,0.0,-0.0,0.0,0.0,-0.0,0.0,0.0,500.0,-159.26872181447624,488.0919123830279,-474.4256865573448,-500.0,-500.0,500.0,-332.2405216413728,387.704286110478,-480.92727256489627,500.0,500.0
245,0.0,0.0,0.0,0.0,0.0,-1.0,1.0,0.0,0.0,-0.009215373,0.0019008849,0.009639204,-0.11908221,0.09185213,-0.42517942,-0.35032132,0.0012937515,0.0032815337,-0.12482357,-0.25843972,-0.15341356,-0.1378138,0.015502649,-0.052070405,0.07384228,0.31891036,0.3220764,-0.1643692,0.03297555,-0.039431073,0.07305789,-0.21443133,-0.18725209,0.0,-0.0,-0.0,0.0,0.0,0.0,-0.0,-0.0,0.0,-0.0,0.0,0.0,-500.0,156.81554926682574,-500.0,500.0,500.0,500.0,-500.0,330.5593047743614,-400.97525775006824,500.0,-500.0,-500.0
246,0.0,0.0,0.0,0.0,0.0,-1.0,1.0,0.0,0.0,-0.0067035984,0.0012307725,0.011846006,-0.12343812,0.09752321,-0.41872856,-0.34906602,-4.2352804e-05,0.0048231483,-0.1280272,-0.24373955,-0.1310179,0.11274731,-0.015894456,0.053061295,-0.08538086,-0.16523759,-0.16079572,0.12038566,-0.033105586,0.03913803,-0.07551611,0.26546618,0.3115633,0.0,-0.0,-0.0,0.0,0.0,0.0,-0.0,0.0,0.0,-0.0,0.0,0.0,500.0,-158.50991896034063,500.0,-500.0,-500.0,-500.0,500.0,-330.6640363436405,387.75770477327006,-480.9502088994151,500.0,500.0
247,0.0,0.0,0.0,0.0,0.0,-1.0,1.0,0.0,0.0,-0.014206243,0.0018158053,0.009939194,-0.121531844,0.122725606,-0.39259967,-0.3589923,0.0012667064,0.0032232404,-0.12530398,-0.24809355,-0.12859209,-0.13761538,0.015430853,-0.05232026,0.07468721,0.32003066,0.32487157,-0.16233538,0.03287144,-0.039432194,0.073156424,-0.21327464,-0.18758313,0.0,-0.0,-0.0,0.0,0.0,0.0,-0.0,-0.0,0.0,-0.0,0.0,0.0,-500.0,155.96921765646567,-500.0,500.0,500.0,500.0,-498.2170041902565,330.582933545561,-401.1107237058926,500.0,-500.0,-500.0
248,0.0,0.0,0.0,0.0,0.0,-1.0,1.0,0.0,0.0,-0.0116950665,0.0011522708,0.012133718,-0.12575006,0.12868285,-0.38550597,-0.35743114,-6.4223605e-05,0.004768133,-0.12855756,-0.2331577,-0.106209554,0.112598754,-0.0157835,0.053114202,-0.08478165,-0.1635971,-0.15729544,0.1213749,-0.03306627,0.03917328,-0.07600399,0.26666188,0.31170028,0.0,-0.0,-0.0,0.0,0.0,0.0,-0.0,0.0,0.0,-0.0,0.0,0.0,500.0,-157.54480628759376,500.0,-500.0,-500.0,-500.0,500.0,-332.0781570850811,387.9839461421497,-480.95659283351563,500.0,500.0
249,0.0,0.0,0.0,0.0,0.0,-1.0,1.0,0.0,0.0,-0.019184312,0.0017360495,0.010250509,-0.12378776,0.15414065,-0.35878506,-0.36702484,0.0012395988,0.0031695366,-0.12586045,-0.23728436,-0.10382682,-0.13739978,0.015339524,-0.051258624,0.0730994,0.32109055,0.32737967,-0.1602686,0.03281544,-0.039448723,0.07326942,-0.2121822,-0.18803638,0.0,-0.0,-0.0,0.0,0.0,0.0,-0.0,-0.0,0.0,-0.0,0.0,0.0,-500.0,155.01337506763386,-500.0,500.0,500.0,500.0,-497.21144055786976,330.710978770028,-401.40531386650747,500.0,-500.0,-500.0
250,0.0,0.0,0.0,0.0,0.0,-1.0,1.0,0.0,0.0,-0.016674902,0.0010795497,0.01255548,-0.12808836,0.16036642,-0.3510895,-0.36509165,-8.993041e-05,0.004718125,-0.12916446,-0.22212368,-0.08147886,0.11243101,-0.015654318,0.05437529,-0.086373344,-0.16201822,-0.15403794,0.1230489,-0.033056296,0.039221164,-0.076504715,0.26781178,0.3117269,0.0,-0.0,-0.0,0.0,0.0,0.0,-0.0,0.0,0.0,-0.0,0.0,0.0,500.0,-156.38783196068505,497.6377203956419,-494.1713909169598,-500.0,-500.0,500.0,-332.5770479651245,388.3265146767465,-480.9717081121075,500.0,500.0
251,0.0,0.0,0.0,0.0,0.0,-1.0,1.0,0.0,0.0,-0.024150131,0.0016615099,0.0105353,-0.12577546,0.18604952,-0.3237981,-0.37434864,0.0012168085,0.0031201243,-0.12649238,-0.22603494,-0.07916347,-0.1371638,0.015229009,-0.050594248,0.07218968,0.3220369,0.32974863,-0.15923785,0.032999326,-0.03948258,0.07339719,-0.21115802,-0.18865772,0.0,-0.0,-0.0,0.0,0.0,0.0,-0.0,-0.0,0.0,-0.0,0.0,0.0,-500.0,153.8995437654158,-500.0,500.0,500.0,500.0,-500.0,331.42007397983747,-401.8206431145646,500.0,-500.0,-500.0
252,0.0,0.0,0.0,0.0,0.0,-1.0,1.0,0.0,0.0,-0.026591493,0.0015955159,0.004188478,-0.111958265,0.16189283,-0.31499934,-0.37218192,-0.000108765766,0.0046726465,-0.12984681,-0.21066064,-0.05687074,0.17256647,-0.032314505,0.003223377,0.023307709,-0.0554441,-0.14151324,0.124216914,-0.033059955,0.039279204,-0.07701424,0.2689116,0.31165412,0.0,-0.0,-0.0,0.0,0.0,0.0,-0.0,0.0,0.0,-0.0,0.0,0.0,500.0,-315.9661382236015,500.0,-500.0,500.0,-500.0,500.0,-332.6733789760344,388.7800521791551,-480.9870375416012,500.0,500.0
253,0.0,0.0,0.0,0.0,0.0,-1.0,1.0,0.0,0.0,-0.024743587,0.0017866027,0.0036076903,-0.10654628,0.1568436,-0.28700054,-0.38115218,0.001200737,0.003074646,-0.12719917,-0.21436876,-0.05464365,-0.0914442,0.014696101,-0.028658083,0.06276979,0.16854903,0.331421,-0.15826753,0.033029336,-0.039526917,0.073539905,-0.21020277,-0.18933678,0.0,-0.0,-0.0,0.0,0.0,0.0,-0.0,0.0,0.0,-0.0,0.0,0.0,-500.0,153.31130216858537,-193.58441046199772,227.67352712482534,500.0,500.0,-500.0,330.911351982815,-402.3833742573255,500.0,-500.0,-500.0
254,0.0,0.0,0.0,0.0,0.0,-1.0,1.0,0.0,0.0,-0.0133714145,0.0011480215,0.0056007504,-0.106577635,0.13287002,-0.2781138,-0.37873313,-0.00012801972,0.0046315193,-0.13060391,-0.19879282,-0.0324261,0.1558673,-0.015052487,0.054893654,-0.06840637,-0.3130983,-0.14772175,0.12559547,-0.033073574,0.03934997,-0.077534236,0.2699593,0.31146988,0.0,-0.0,-0.0,0.0,0.0,0.0,-0.0,0.0,0.0,-0.0,0.0,0.0,500.0,-150.88203282114313,500.0,-500.0,-500.0,-500.0,500.0,-332.4524871583683,389.3636778846232,-481.00624842612615,500.0,500.0
255,0.0,0.0,0.0,0.0,0.0,-1.0,1.0,0.0,0.0,-0.011908268,0.0017035265,0.004285097,-0.102508426,0.12853414,-0.24981444,-0.38748607,0.0011849573,0.003032744,-0.12797952,-0.20231062,-0.030308312,-0.091699004,0.014483623,-0.047598045,0.07953473,0.1727146,0.3341868,-0.15714757,0.033039164,-0.039584905,0.07369781,-0.2093184,-0.190118,0.0,-0.0,-0.0,0.0,0.0,0.0,-0.0,-0.0,0.0,-0.0,0.0,0.0,-500.0,146.39603747517003,-500.0,500.0,500.0,500.0,-500.0,330.9656420059321,-403.05664532824426,500.0,-500.0,-500.0
256,0.0,0.0,0.0,0.0,0.0,-1.0,1.0,0.0,0.0,-0.0005508673,0.0010846732,0.007040322,-0.10586929,0.105220914,-0.2405523,-0.3847238,-0.00014990683,0.004594326,-0.13143456,-0.18654513,-0.008188192,0.15583113,-0.014720546,0.05467322,-0.081038065,-0.30951914,-0.14549007,0.12732776,-0.033073656,0.039434504,-0.078064255,0.2709519,0.3111644,0.0,-0.0,-0.0,0.0,-0.0,0.0,-0.0,0.0,0.0,-0.0,0.0,0.0,500.0,-147.12286992156538,467.5564737856179,-500.0,-500.0,-500.0,500.0,-332.59420358554763,390.093212369454,-481.02374253181205,500.0,500.0
257,0.0,0.0,0.0,0.0,0.0,-1.0,1.0,0.0,0.0,0.0008867327,0.0016296862,0.005577147,-0.10410702,0.101662576,-0.21188647,-0.39324388,0.0011678855,0.0029941797,-0.12883234,-0.1898858,-0.0062020235,-0.092035,0.014349729,-0.048993986,0.069597974,0.17675678,0.33576092,-0.15557738,0.0329896,-0.039656855,0.07387016,-0.20850687,-0.19099198,0.0,-0.0,-0.0,0.0,0.0,0.0,-0.0,0.0,0.0,-0.0,0.0,0.0,-500.0,144.97659184452272,-500.0,500.0,500.0,500.0,-499.12964596858126,330.9910822764075,-403.8649073384772,500.0,-500.0,-500.0
258,0.0,0.0,0.0,0.0,0.0,-1.0,1.0,0.0,0.0,0.012237045,0.0010098069,0.007957399,-0.10870111,0.07898581,-0.20222491,-0.3903093,-0.00016345576,0.0045607686,-0.13233733,-0.17394352,0.015798012,0.15610485,-0.014794069,0.053252965,-0.08558782,-0.3069906,-0.14321896,0.12840872,-0.033108745,0.039528765,-0.07859967,0.27188772,0.31076643,-0.0,-0.0,-0.0,0.0,-0.0,0.0,-0.0,0.0,0.0,-0.0,0.0,0.0,500.0,-147.29175921030264,489.76463650469566,-488.6894966843997,-500.0,-500.0,500.0,-331.7629928439764,390.93498837272887,-481.0462194223195,500.0,500.0
259,0.0,0.0,0.0,0.0,0.0,-1.0,1.0,0.0,0.0,0.013643853,0.0015609277,0.0062140822,-0.107251644,0.07589865,-0.17318411,-0.39860585,0.0011534625,0.0029586554,-0.1297561,-0.17712045,0.017632898,-0.09252097,0.014537024,-0.048286084,0.06605601,0.17908284,0.33726367,-0.15430681,0.032975025,-0.039742712,0.07405675,-0.20776966,-0.1919776,0.0,-0.0,-0.0,0.0,-0.0,0.0,0.0,0.0,0.0,-0.0,0.0,0.0,-500.0,146.77698166622156,-500.0,500.0,500.0,500.0,-498.79595326792014,331.06527524211185,-404.80998752841083,500.0,-500.0,-500.0
260,0.0,0.0,0.0,0.0,0.0,-1.0,1.0,0.0,0.0,0.024999043,0.0009354721,0.008217812,-0.111323595,0.0535596,-0.16312307,-0.39548615,-0.00017258465,0.0045306683,-0.13331068,-0.16101438,0.039490256,0.15645628,-0.014994623,0.05235028,-0.0843605,-0.30556515,-0.14100793,0.12890996,-0.033077616,0.039637182,-0.07914123,0.2727645,0.31024274,-0.0,-0.0,-0.0,0.0,-0.0,0.0,-0.0,0.0,0.0,-0.0,0.0,0.0,500.0,-149.3836471029339,490.0884895486988,-480.4787586635318,-500.0,-500.0,500.0,-332.86696375008955,391.9187136791131,-481.0691781530117,500.0,500.0
261,0.0,0.0,0.0,0.0,0.0,-1.0,1.0,0.0,0.0,0.026376894,0.0014981292,0.006390035,-0.10971975,0.050824285,-0.13374172,-0.40352315,0.0011412465,0.0029258132,-0.1307491,-0.1640414,0.04115267,-0.09299462,0.014774689,-0.04973894,0.06896106,0.18103604,0.3386875,-0.15351163,0.033065792,-0.0398425,0.07425831,-0.20710789,-0.19309373,0.0,-0.0,-0.0,0.0,-0.0,0.0,0.0,0.0,-0.0,-0.0,0.0,0.0,-500.0,148.97589354795213,-500.0,500.0,500.0,500.0,-500.0,331.189447266032,-405.87637454354405,500.0,-500.0,-500.0
262,0.0,0.0,0.0,0.0,0.0,-1.0,1.0,0.0,0.0,0.03773619,0.0008663887,0.008569896,-0.11408603,0.028829515,-0.12334587,-0.40018204,-0.0001881362,0.004503727,-0.1343528,-0.14778483,0.06284793,0.15683647,-0.015201879,0.049454134,-0.078989364,-0.30411658,-0.1389771,0.13037057,-0.033115447,0.03975631,-0.079687014,0.2735798,0.309616,-0.0,-0.0,-0.0,0.0,-0.0,0.0,-0.0,0.0,0.0,-0.0,0.0,0.0,500.0,-151.6571599223172,474.4413867409254,-451.4820532743844,-500.0,-500.0,500.0,-331.986732764962,393.0281631453525,-481.0864429622179,500.0,500.0
263,0.0,0.0,0.0,0.0,0.0,-1.0,1.0,0.0,0.0,0.03908506,0.0014406824,0.006567359,-0.1121124,0.026465237,-0.093667924,-0.4080842,0.0011317065,0.0028955936,-0.13180947,-0.1506759,0.06431541,-0.093470156,0.0150170615,-0.05108092,0.07183001,0.18312557,0.33985367,-0.1525193,0.033031736,-0.039954316,0.07447187,-0.20652187,-0.19427456,0.0,-0.0,-0.0,0.0,-0.0,0.0,0.0,0.0,-0.0,-0.0,-0.0,-0.0,-500.0,151.25638399531823,-500.0,500.0,500.0,500.0,-499.35582640478447,331.22017896424956,-407.0763182545254,500.0,-500.0,-500.0
264,0.0,0.0,0.0,0.0,0.0,-1.0,1.0,0.0,0.0,0.05044776,0.0008019923,0.008710861,-0.11637509,0.0048357844,-0.08297448,-0.40456164,-0.00019835819,0.0044797063,-0.13546133,-0.13428241,0.08582675,0.15716095,-0.0154282255,0.052430183,-0.084476285,-0.3024229,-0.13732664,0.13123505,-0.033120845,0.03988808,-0.080235384,0.27433285,0.3088754,-0.0,-0.0,-0.0,0.0,-0.0,0.0,-0.0,0.0,0.0,-0.0,0.0,-0.0,500.0,-153.97303165883542,500.0,-500.0,-500.0,-500.0,500.0,-332.1023036379334,394.2614144942167,-481.1105828473536,500.0,500.0
265,0.0,0.0,0.0,0.0,0.0,-1.0,1.0,0.0,0.0,0.051766858,0.0013881883,0.006903589,-0.11470616,0.0028746128,-0.053054918,-0.4122884,0.0011226797,0.0028677583,-0.13293493,-0.13705182,0.087079376,-0.09395368,0.015264328,-0.048726127,0.06792239,0.1854027,0.3407118,-0.15169951,0.033055246,-0.040079143,0.07469939,-0.20601244,-0.19557127,0.0,-0.0,-0.0,0.0,-0.0,0.0,0.0,0.0,-0.0,-0.0,-0.0,-0.0,-500.0,153.62011967000984,-500.0,500.0,500.0,500.0,-499.5468685009105,331.31291310807245,-408.3940957497765,500.0,-500.0,-500.0
266,0.0,0.0,0.0,0.0,0.0,-1.0,1.0,0.0,0.0,0.046846755,0.0021087737,0.008895874,-0.11863375,-0.018377602,-0.04247172,-0.4085922,-0.00020845218,0.0044584274,-0.13663423,-0.120535195,0.108385794,-0.15768121,0.028992081,0.05169461,-0.08262298,-0.30093774,-0.14855288,0.13216911,-0.033136692,0.040030815,-0.08078439,0.27502182,0.30802676,-0.0,-0.0,-0.0,0.0,-0.0,0.0,-0.0,0.0,-0.0,-0.0,0.0,-0.0,-500.0,331.33727350108177,488.1104424804561,-474.0574078823512,-500.0,-500.0,500.0,-331.9730227722224,395.61558005235594,-481.1324713444245,500.0,500.0
267,0.0,0.0,0.0,0.0,0.0,-1.0,1.0,0.0,0.0,0.04862724,0.00079161307,0.0069698095,-0.11663854,-0.01996553,-0.011739228,-0.416137,0.001114384,0.002842009,-0.1341232,-0.12319732,0.10940271,0.12049391,-0.03086324,-0.05158102,0.07364415,0.18745084,0.3551016,-0.1509553,0.033098537,-0.04021607,0.07493967,-0.20557976,-0.19697098,0.0,-0.0,-0.0,0.0,-0.0,0.0,0.0,0.0,-0.0,-0.0,-0.0,-0.0,500.0,-304.347885380534,-500.0,500.0,500.0,500.0,-500.0,331.4226857219601,-409.83301652399336,500.0,-500.0,-500.0
268,0.0,0.0,0.0,0.0,0.0,-1.0,1.0,0.0,0.0,0.039216623,0.0019364299,0.009089291,-0.12065923,-0.040890336,-0.0010308084,-0.41232395,-0.00021185628,0.0044397116,-0.13786864,-0.10657138,0.13048215,-0.15882759,0.0302122,0.052073248,-0.08259728,-0.2993988,-0.14731379,0.13232262,-0.033107888,0.040185045,-0.081330895,0.27564687,0.30706468,0.0,-0.0,-0.0,0.0,-0.0,0.0,0.0,0.0,-0.0,-0.0,-0.0,-0.0,-500.0,307.9451425450135,500.0,-500.0,-500.0,-500.0,500.0,-333.2231289187416,397.0723537176437,-481.1591408254184,500.0,500.0
269,0.0,0.0,0.0,0.0,0.0,-1.0,1.0,0.0,0.0,0.040980592,0.00063616835,0.0072087646,-0.118641615,-0.04212576,0.02988224,-0.4196961,0.0011064517,0.0028182864,-0.13537145,-0.109140635,0.13124527,0.12067082,-0.031066164,-0.05088649,0.07275834,0.18936539,0.35562524,-0.15010166,0.03311094,-0.040364593,0.07519287,-0.20522402,-0.19845755,0.0,-0.0,-0.0,0.0,-0.0,0.0,0.0,0.0,-0.0,-0.0,-0.0,-0.0,500.0,-306.9026768726556,-500.0,500.0,500.0,500.0,-500.0,331.5858105222423,-411.35974037633895,500.0,-500.0,-500.0
270,0.0,0.0,0.0,0.0,0.0,-1.0,1.0,0.0,0.0,0.031556495,0.0017958244,0.009442568,-0.12277281,-0.06269491,0.040795777,-0.4157213,-0.00022110868,0.0044233203,-0.13916206,-0.092419505,0.15207863,-0.15905432,0.030459864,0.053551197,-0.08473917,-0.2977147,-0.14594218,0.1332888,-0.03313762,0.040349178,-0.0818772,0.27620432,0.3060033,0.0,-0.0,-0.0,0.0,-0.0,0.0,0.0,0.0,-0.0,-0.0,-0.0,-0.0,-500.0,310.214257913088,500.0,-500.0,-500.0,-500.0,500.0,-332.8505669333217,398.65192819575634,-481.18662829311194,500.0,500.0
271,0.0,0.0,0.0,0.0,0.0,-1.0,1.0,0.0,0.0,0.033322584,0.00049271167,0.0075409412,-0.120627165,-0.06355107,0.071857445,-0.4230017,0.0011000839,0.0027964711,-0.13667691,-0.094910204,0.15256691,0.120822646,-0.031244272,-0.049401972,0.07037049,0.19138993,0.35597718,-0.14911409,0.033044524,-0.040524088,0.075455196,-0.20494433,-0.20001335,0.0,-0.0,-0.0,0.0,-0.0,0.0,0.0,0.0,-0.0,-0.0,-0.0,-0.0,500.0,-308.98664015721806,-500.0,500.0,500.0,500.0,-498.8160579914136,331.7042417087268,-413.01834849152215,500.0,-500.0,-500.0
272,0.0,0.0,0.0,0.0,0.0,-1.0,1.0,0.0,0.0,0.023886183,0.0016650873,0.009681702,-0.12449002,-0.083740294,0.08293733,-0.41887915,-0.00022672082,0.0044091344,-0.14051116,-0.07810801,0.17313364,-0.15925108,0.0306658,0.049814302,-0.07728695,-0.295877,-0.14482708,0.13380171,-0.033134483,0.04052428,-0.082418755,0.27669564,0.3048316,0.0,0.0,-0.0,0.0,-0.0,0.0,0.0,0.0,-0.0,-0.0,-0.0,-0.0,-500.0,312.18451988576163,473.5205782151029,-452.72918820665745,-500.0,-500.0,500.0,-333.532554983082,400.3236716142118,-481.2234343105857,500.0,500.0
273,0.0,0.0,0.0,0.0,0.0,-1.0,1.0,0.0,0.0,0.025653096,0.0003600712,0.0077005625,-0.12211633,-0.08419329,0.11410842,-0.4260218,0.0010952177,0.0027763247,-0.13803661,-0.0805347,0.17332792,0.12093941,-0.031390343,-0.051233053,0.07402542,0.19355337,0.3560783,-0.148744,0.03313784,-0.040692367,0.07572976,-0.20473969,-0.2017018,0.0,-0.0,-0.0,0.0,-0.0,0.0,0.0,0.0,-0.0,-0.0,-0.0,-0.0,500.0,-310.7057716052407,-500.0,500.0,500.0,500.0,-500.0,332.1031097792193,-414.7553688762662,500.0,-500.0,-500.0
274,0.0,0.0,0.0,0.0,0.0,-1.0,1.0,0.0,0.0,0.016206296,0.001544161,0.009871721,-0.12595677,-0.103978515,0.12531927,-0.42180482,-0.00023157003,0.004396975,-0.14191282,-0.06366545,0.19360936,-0.1593949,0.030857852,0.052722402,-0.08212882,-0.29398102,-0.14375502,0.13433734,-0.033158384,0.04070558,-0.082952134,0.27711996,0.30356476,0.0,0.0,-0.0,0.0,-0.0,-0.0,0.0,0.0,-0.0,-0.0,-0.0,-0.0,-500.0,313.7635540495175,500.0,-500.0,-500.0,-500.0,500.0,-333.54926586997334,402.0894448427073,-481.2429136552958,500.0,500.0
275,0.0,0.0,0.0,0.0,0.0,-1.0,1.0,0.0,0.0,0.017972518,0.00023770478,0.008059323,-0.12383163,-0.10400784,0.15656933,-0.42885277,0.0010927398,0.0027578473,-0.13944674,-0.06604242,0.193491,0.12102834,-0.03151023,-0.049662996,0.07132498,0.19579197,0.3560715,-0.14836714,0.033162978,-0.040870328,0.076015495,-0.20460944,-0.20345545,0.0,-0.0,-0.0,0.0,-0.0,0.0,0.0,0.0,-0.0,-0.0,-0.0,-0.0,500.0,-312.1922839695035,-500.0,500.0,500.0,500.0,-499.99406858591203,332.156576416362,-416.5938509039855,500.0,-500.0,-500.0
276,0.0,0.0,0.0,0.0,0.0,-1.0,1.0,0.0,0.0,0.00851564,0.0014311327,0.010228515,-0.12758958,-0.12336928,0.16787435,-0.42448848,-0.00023852808,0.004386604,-0.14336348,-0.049120188,0.21346892,-0.15953486,0.030991202,0.04937542,-0.07547802,-0.2918882,-0.14305802,0.1350767,-0.033176553,0.040895816,-0.08347789,0.27747568,0.30219293,0.0,0.0,-0.0,0.0,-0.0,-0.0,0.0,0.0,-0.0,-0.0,-0.0,-0.0,-500.0,315.10992943901545,470.43796693556095,-447.5623021043118,-500.0,-500.0,500.0,-333.84176947802393,403.94146888400195,-481.26217188306646,500.0,500.0
277,0.0,0.0,0.0,0.0,0.0,-1.0,1.0,0.0,0.0,0.010279904,0.00012454827,0.00825876,-0.12510133,-0.12295312,0.19915545,-0.43142062,0.0010885886,0.0027407408,-0.1409043,-0.051461875,0.21301949,0.121079974,-0.031602647,-0.050335605,0.07281702,0.19813967,0.355805,-0.1477382,0.033174362,-0.041057188,0.07631019,-0.20455365,-0.20529084,0.0,0.0,-0.0,0.0,-0.0,0.0,0.0,0.0,-0.0,-0.0,-0.0,-0.0,500.0,-313.34015029186065,-500.0,500.0,500.0,500.0,-499.77283381290454,332.3064072421984,-418.5149399615293,500.0,-500.0,-500.0
278,0.0,0.0,0.0,0.0,0.0,-1.0,1.0,0.0,0.0,0.00081500015,0.0013265338,0.010510385,-0.12894523,-0.14187264,0.21052277,-0.42698944,-0.0002413898,0.0043780804,-0.14485955,-0.03450054,0.23267464,-0.15962268,0.03111737,0.051889684,-0.07971685,-0.2897974,-0.1423042,0.13545544,-0.03320932,0.041094016,-0.08399694,0.27776504,0.3007321,0.0,0.0,-0.0,0.0,-0.0,-0.0,0.0,0.0,-0.0,-0.0,-0.0,-0.0,-500.0,316.12943249991054,484.56229173234647,-473.40592022309954,-500.0,-500.0,500.0,-333.8615911128672,405.8720196760097,-481.3025342991803,500.0,500.0
279,0.0,0.0,0.0,0.0,0.0,-1.0,1.0,0.0,0.0,0.0025761349,1.999207e-05,0.008548856,-0.12642944,-0.14099169,0.24180408,-0.4338255,0.0010854419,0.0027250648,-0.14240527,-0.03682089,0.23187792,0.12111038,-0.031662256,-0.052611392,0.077164255,0.20062938,0.35525152,-0.14727698,0.033213865,-0.041250687,0.0766129,-0.20456986,-0.20721269,0.0,0.0,-0.0,0.0,-0.0,0.0,0.0,0.0,-0.0,0.0,-0.0,-0.0,500.0,-314.0613949355436,-500.0,500.0,500.0,500.0,-500.0,332.68897909007484,-420.50305057578385,500.0,-500.0,-500.0
280,0.0,0.0,0.0,0.0,0.0,-1.0,1.0,0.0,0.0,-0.006896419,0.0012291312,0.010797143,-0.13019061,-0.15945303,0.25319386,-0.42930815,-0.00024419097,0.004371047,-0.14639711,-0.0198344,0.25119266,-0.15968777,0.03121571,0.05381779,-0.08274278,-0.28764912,-0.1417179,0.13578151,-0.033227444,0.041298132,-0.08450278,0.2779869,0.2991724,0.0,0.0,-0.0,0.0,-0.0,-0.0,0.0,0.0,-0.0,0.0,-0.0,-0.0,-500.0,316.85382881109797,500.0,-500.0,-500.0,-500.0,500.0,-334.4410883209901,407.86166961850955,-481.33288392852734,500.0,500.0
281,0.0,0.0,0.0,0.0,0.0,-1.0,1.0,0.0,0.0,-0.0051400936,-7.6140415e-05,0.008874178,-0.12766981,-0.15809911,0.28444186,-0.43602997,0.0010825768,0.0027105808,-0.14394593,-0.022147536,0.25003168,0.12109914,-0.031701382,-0.04968671,0.07204628,0.20303677,0.35480583,-0.14679651,0.033248,-0.04145117,0.07692548,-0.20465736,-0.20920895,0.0,0.0,-0.0,0.0,-0.0,-0.0,0.0,0.0,-0.0,0.0,-0.0,-0.0,500.0,-314.8121615206877,-500.0,500.0,500.0,500.0,-500.0,332.9060384767064,-422.54763917165735,500.0,-500.0,-500.0
282,0.0,0.0,0.0,0.0,0.0,-1.0,1.0,0.0,0.0,-0.014618711,0.0011375573,0.011032999,-0.1311934,-0.17608523,0.29581395,-0.4314141,-0.00024915472,0.004365504,-0.14797246,-0.005149603,0.26898956,-0.15972374,0.031249626,0.049608864,-0.07455371,-0.28524396,-0.14167951,0.13640971,-0.033272658,0.041507687,-0.08499841,0.27814043,0.2975263,0.0,0.0,-0.0,0.0,-0.0,-0.0,0.0,0.0,-0.0,0.0,-0.0,-0.0,-500.0,317.29484035200267,470.88387798487275,-450.1470738423711,-500.0,-500.0,500.0,-334.38166640251916,409.92342853539185,-481.3654526689039,500.0,500.0
283,0.0,0.0,0.0,0.0,0.0,-1.0,1.0,0.0,0.0,-0.012868105,-0.00016522004,0.009048283,-0.12850535,-0.17423964,0.32698822,-0.43807885,0.0010810879,0.0026974082,-0.14552248,-0.007469058,0.26744792,0.12105983,-0.031711485,-0.050789356,0.07416904,0.20563494,0.35395357,-0.14634775,0.033256378,-0.041657057,0.07724294,-0.2048137,-0.21126874,0.0,0.0,-0.0,0.0,0.0,-0.0,0.0,0.0,-0.0,0.0,-0.0,-0.0,500.0,-315.0143715811704,-500.0,500.0,500.0,500.0,-499.6200923203535,333.22788306075506,-424.66511939008257,500.0,-500.0,-500.0
284,0.0,0.0,0.0,0.0,0.0,-1.0,1.0,0.0,0.0,-0.022350552,0.0010531251,0.011329055,-0.13221979,-0.19173944,0.3383245,-0.43339148,-0.00025108596,0.0043613315,-0.1495812,0.009526908,0.28603247,-0.15971838,0.031300697,0.05391365,-0.082277395,-0.2830021,-0.14122167,0.13666996,-0.03329949,0.041722186,-0.085479066,0.2782286,0.2957908,0.0,0.0,-0.0,0.0,-0.0,-0.0,0.0,0.0,-0.0,0.0,-0.0,-0.0,-500.0,317.466514544003,495.65114195613205,-494.83317405267746,-500.0,-500.0,500.0,-335.01579390423285,412.0181346364933,-481.40364763888317,500.0,500.0
285,0.0,0.0,0.0,0.0,0.0,-1.0,1.0,0.0,0.0,-0.020605976,-0.00024722543,0.00933677,-0.12949538,-0.18938828,0.3693953,-0.43998057,0.0010797831,0.0026853085,-0.14713049,0.007187605,0.28409564,0.12099916,-0.031696115,-0.050148338,0.07308254,0.20822743,0.35305145,-0.14606546,0.033318345,-0.041866492,0.0775677,-0.2050375,-0.21341124,0.0,0.0,-0.0,0.0,0.0,-0.0,0.0,0.0,-0.0,0.0,-0.0,-0.0,500.0,-315.1317931394908,-500.0,500.0,500.0,500.0,-500.0,333.7233198558324,-426.8027815761766,500.0,-500.0,-500.0
286,0.0,0.0,0.0,0.0,0.0,-1.0,1.0,0.0,0.0,-0.030091822,0.0009732138,0.0115242,-0.1329863,-0.20638746,0.38064542,-0.43521443,-0.00025490043,0.004358351,-0.15121949,0.024168193,0.3022919,-0.1596991,0.031280402,0.04966272,-0.07402431,-0.28045738,-0.14159355,0.13717838,-0.03334902,0.04193882,-0.08594464,0.27824983,0.29397547,0.0,0.0,-0.0,0.0,0.0,-0.0,0.0,0.0,-0.0,0.0,-0.0,-0.0,-500.0,317.38053270467157,472.36915801987163,-451.65378080072486,-500.0,-500.0,500.0,-335.1501549323782,414.1622840711479,-481.4294508132652,500.0,500.0
287,0.0,0.0,0.0,0.0,0.0,-1.0,1.0,0.0,0.0,-0.028354717,-0.00032310694,0.00951314,-0.13018191,-0.2035256,0.41157806,-0.4417395,0.0010796593,0.0026742816,-0.14876604,0.021795928,0.2999447,0.12091245,-0.031661134,-0.05118538,0.07506158,0.2109165,0.35185012,-0.14582466,0.03336402,-0.042079873,0.07789874,-0.20532683,-0.21561204,0.0,0.0,-0.0,0.0,0.0,-0.0,0.0,0.0,-0.0,0.0,-0.0,-0.0,500.0,-314.80798925396584,-500.0,500.0,500.0,500.0,-499.98841279167505,334.03844256253166,-428.99288063122174,500.0,-500.0,-500.0
288,0.0,0.0,0.0,0.0,0.0,-1.0,1.0,0.0,0.0,-0.037842613,0.0008996664,0.01173532,-0.13369,-0.22002035,0.4227202,-0.43690008,-0.00025697984,0.0043565035,-0.15288281,0.038748085,0.31773785,-0.15964721,0.0312905,0.053739127,-0.08116954,-0.27816108,-0.14141999,0.13745432,-0.033381563,0.0421587,-0.08639295,0.27820665,0.2920774,0.0,0.0,-0.0,0.0,0.0,-0.0,0.0,0.0,-0.0,0.0,-0.0,-0.0,-500.0,317.09976576350823,500.0,-500.0,-500.0,-500.0,500.0,-335.9427496117504,416.31982511093764,-481.4607520835849,500.0,500.0
289,0.0,0.0,0.0,0.0,0.0,-1.0,1.0,0.0,0.0,-0.036113825,-0.00039276766,0.009765208,-0.13091719,-0.21664351,0.45348793,-0.44336545,0.0010786224,0.002664268,-0.15042484,0.036329925,0.31496757,0.12079743,-0.03159977,-0.04995237,0.07296551,0.21353276,0.35068735,-0.14539401,0.03338436,-0.042296316,0.07823373,-0.20568071,-0.21786653,0.0,0.0,-0.0,0.0,0.0,-0.0,0.0,0.0,-0.0,0.0,-0.0,-0.0,500.0,-314.4985332441767,-500.0,500.0,500.0,500.0,-499.61360584606234,334.50457381904084,-431.18937488843943,500.0,-500.0,-500.0
290,0.0,0.0,0.0,0.0,0.0,-1.0,1.0,0.0,0.0,-0.045603033,0.0008293773,0.011910439,-0.13421917,-0.23262638,0.4644788,-0.4384803,-0.0002580612,0.0043557286,-0.154567,0.053241014,0.3323435,-0.15956868,0.031205565,0.049012106,-0.072091065,-0.2755022,-0.14222783,0.137666,-0.033429105,0.042381182,-0.08682705,0.27809975,0.29010883,0.0,0.0,-0.0,0.0,0.0,-0.0,0.0,0.0,-0.0,0.0,-0.0,-0.0,-500.0,316.5121263149075,468.3133445732213,-446.43857151992484,-500.0,-500.0,500.0,-336.4745050552816,418.50336104246423,-481.5085954224228,500.0,500.0
291,0.0,0.0,0.0,0.0,0.0,-1.0,1.0,0.0,0.0,-0.043883584,-0.00045028373,0.009910822,-0.13134515,-0.22872847,0.49374694,-0.44489062,0.0010793983,0.0026551485,-0.15210259,0.050764382,0.32913724,0.12070309,-0.031521525,-0.05005389,0.073175184,0.21623054,0.3428006,-0.14530706,0.033462975,-0.04251279,0.0785734,-0.20609532,-0.22019045,0.0,0.0,-0.0,0.0,0.0,-0.0,0.0,0.0,-0.0,0.0,-0.0,-0.0,500.0,-313.8106048415437,-500.0,500.0,500.0,500.0,-500.0,335.0244974133305,-433.40305259184044,500.0,-500.0,-500.0
292,0.0,0.0,0.0,0.0,0.0,-1.0,1.0,0.0,0.0,-0.053367034,0.00077601575,0.012052178,-0.13461506,-0.24419373,0.50284576,-0.439939,-0.00026093316,0.004355848,-0.15626764,0.06762189,0.3460838,-0.15943597,0.03117243,0.048910763,-0.07169106,-0.27297977,-0.1545424,0.138061,-0.033483613,0.042602137,-0.08724002,0.2779288,0.28806868,0.0,0.0,-0.0,0.0,0.0,-0.0,0.0,0.0,-0.0,0.0,-0.0,-0.0,-500.0,314.84116512416796,468.47697610944255,-446.2897304948159,-500.0,-500.0,500.0,-336.96651162302516,420.69543471146176,-481.53171592454265,500.0,500.0
293,0.0,0.0,0.0,0.0,0.0,-1.0,1.0,0.0,0.0,-0.05164262,-0.00050531275,0.010038257,-0.13170314,-0.2397688,0.53083503,-0.44630247,0.0010795118,0.0026469827,-0.153795,0.06507456,0.3424295,0.12060137,-0.03143732,-0.05013909,0.073333584,0.21893501,0.3360154,-0.14502503,0.033506226,-0.042730715,0.07891505,-0.20657034,-0.22255628,0.0,0.0,-0.0,0.0,0.0,-0.0,0.0,0.0,-0.0,0.0,-0.0,-0.0,500.0,-312.9925075326735,-500.0,500.0,500.0,500.0,-499.8237852836178,335.5694100065545,-435.6266803213007,500.0,-500.0,-500.0
294,0.0,0.0,0.0,0.0,0.0,-1.0,1.0,0.0,0.0,-0.061115686,0.0007171436,0.012169778,-0.13493598,-0.25471383,0.53870404,-0.44131345,-0.00026227743,0.004356861,-0.15798068,0.081866264,0.35893416,-0.15928279,0.031068439,0.048708703,-0.07116421,-0.27043533,-0.15772672,0.13831927,-0.03354681,0.042824194,-0.087636985,0.2776968,0.28596553,0.0,0.0,-0.0,0.0,0.0,-0.0,0.0,0.0,-0.0,0.0,-0.0,-0.0,-500.0,314.96456386720314,468.2813697926058,-445.10288356573244,-500.0,-500.0,500.0,-337.38197873325015,422.8907412378928,-481.5745333477924,500.0,500.0
295,0.0,0.0,0.0,0.0,0.0,-1.0,1.0,0.0,0.0,-0.05940058,-0.0005449283,0.010162532,-0.13201451,-0.24976331,0.5642146,-0.44763342,0.0010800249,0.0026395917,-0.15549791,0.07923639,0.3548213,0.120537296,-0.031318273,-0.04975442,0.07268755,0.22160886,0.31764355,-0.14478885,0.033556283,-0.042948052,0.079258904,-0.207103,-0.22497001,0.0,0.0,-0.0,0.0,0.0,-0.0,0.0,0.0,-0.0,0.0,-0.0,-0.0,500.0,-313.05575101593575,-500.0,500.0,500.0,500.0,-499.68831105288996,336.1668421652493,-437.84500016840644,500.0,-500.0,-500.0
296,0.0,0.0,0.0,0.0,0.0,-1.0,1.0,0.0,0.0,-0.06885262,0.0006735837,0.012233615,-0.13509178,-0.26418847,0.5688803,-0.4425992,-0.0002633232,0.004358709,-0.15970159,0.095950484,0.3708728,-0.15909456,0.03100369,0.049749486,-0.072840236,-0.2679468,-0.17282888,0.13850948,-0.033601888,0.043045036,-0.08801288,0.2774043,0.2837979,0.0,0.0,-0.0,0.0,0.0,-0.0,0.0,0.0,-0.0,0.0,-0.0,-0.0,-500.0,314.2630376000734,473.31927867866085,-456.474242908464,-500.0,-500.0,500.0,-338.198410780191,425.0660373682738,-481.6151556077677,500.0,500.0
297,0.0,0.0,0.0,0.0,0.0,-1.0,1.0,0.0,0.0,-0.06712272,-0.0005995503,0.010182083,-0.13206542,-0.2587108,0.59298545,-0.44888046,0.001081005,0.0026330352,-0.15720701,0.09322655,0.3662913,0.12043817,-0.031263582,-0.051928002,0.076769635,0.22438395,0.3157577,-0.14461029,0.033615466,-0.043163855,0.07960441,-0.20769118,-0.22742772,0.0,0.0,-0.0,0.0,0.0,-0.0,0.0,0.0,-0.0,0.0,-0.0,-0.0,500.0,-311.1700364914513,-500.0,500.0,500.0,500.0,-499.6219482111909,336.8080361294905,-440.04014069683285,500.0,-500.0,-500.0
298,0.0,0.0,0.0,0.0,0.0,-1.0,1.0,0.0,0.0,-0.076573044,0.00061786996,0.012246966,-0.13510633,-0.27261585,0.59740245,-0.44379956,-0.00026504265,0.0043611526,-0.16142607,0.10985142,0.3818797,-0.15900548,0.030967683,0.051879603,-0.0765396,-0.26549965,-0.1735596,0.13878465,-0.033668004,0.043263387,-0.08836879,0.2770522,0.28157455,0.0,0.0,-0.0,0.0,0.0,-0.0,0.0,0.0,-0.0,0.0,-0.0,-0.0,-500.0,313.51378154807264,500.0,-500.0,-500.0,-500.0,500.0,-338.85839052703193,427.22737199236894,-481.6525773519449,500.0,500.0
299,0.0,0.0,0.0,0.0,0.0,-1.0,1.0,0.0,0.0,-0.07484987,-0.000650088,0.0102802515,-0.13223958,-0.26661438,0.62123585,-0.45005035,0.0010830815,0.0026273131,-0.15891802,0.107022166,0.37682,0.12030866,-0.031165794,-0.051662512,0.0762023,0.22706161,0.31408405,-0.14462122,0.03370693,-0.04337645,0.07995046,-0.20833221,-0.22993064,0.0,0.0,-0.0,0.0,0.0,-0.0,0.0,0.0,-0.0,0.0,-0.0,-0.0,500.0,-310.3015737473591,-500.0,500.0,500.0,500.0,-499.949837002001,337.50467360553097,-442.21784257546483,500.0,-500.0,-500.0
300,0.0,0.0,0.0,0.0,0.0,-1.0,1.0,0.0,0.0,-0.0842965,0.00056565035,0.012342751,-0.13529289,-0.27999574,0.6253903,-0.4449428,-0.00026591995,0.0043643117,-0.16315019,0.12354678,0.39193612,-0.15889099,0.030888135,0.05202629,-0.076826416,-0.26294044,-0.17459765,0.138977,-0.033738654,0.043477815,-0.08870264,0.27664277,0.27929986,0.0,0.0,-0.0,0.0,0.0,-0.0,0.0,0.0,-0.0,0.0,-0.0,-0.0,-500.0,312.62295691524497,500.0,-500.0,-500.0,-500.0,500.0,-339.5509646714103,429.35805053833985,-481.6828665394528,500.0,500.0
301,0.0,0.0,0.0,0.0,0.0,-1.0,1.0,0.0,0.0,-0.08257895,-0.0006921362,0.01040411,-0.1324774,-0.2734707,0.6479943,-0.45116046,0.0010844718,0.0026222467,-0.16062689,0.120601475,0.38639045,0.12020999,-0.031065023,-0.050853085,0.07467411,0.22969215,0.30774936,-0.14446476,0.03376989,-0.04358696,0.08029603,-0.2090256,-0.23245938,0.0,0.0,-0.0,0.0,0.0,-0.0,0.0,0.0,-0.0,0.0,-0.0,-0.0,500.0,-309.4930796517875,-500.0,500.0,500.0,500.0,-499.8137195627593,338.21047005999236,-444.36007527941814,500.0,-500.0,-500.0
302,0.0,0.0,0.0,0.0,0.0,-1.0,1.0,0.0,0.0,-0.0920163,0.00052143534,0.0125671625,-0.13571668,-0.28633684,0.6509483,-0.44601944,-0.00026700483,0.004368067,-0.16486955,0.1370148,0.4010256,-0.15874282,0.030788833,0.052175887,-0.07721431,-0.2603781,-0.18039545,0.13918564,-0.03381252,0.043689698,-0.08901705,0.2761768,0.27697715,0.0,0.0,-0.0,0.0,0.0,-0.0,0.0,0.0,-0.0,0.0,-0.0,-0.0,-500.0,311.6750903522638,489.3005304035456,-484.22843171204147,-500.0,-500.0,500.0,-340.30558787119844,431.45479825761845,-481.72466722521364,500.0,500.0
303,0.0,0.0,0.0,0.0,0.0,-1.0,1.0,0.0,0.0,-0.090299904,-0.00073179096,0.0106704235,-0.13299501,-0.27929002,0.67276126,-0.4522087,0.0010866702,0.0026179552,-0.16232944,0.1339429,0.39498636,0.12011738,-0.030954165,-0.049596004,0.07227978,0.23228586,0.30206105,-0.14445385,0.033859696,-0.04379278,0.080640554,-0.20976801,-0.23502307,0.0,0.0,-0.0,0.0,0.0,-0.0,0.0,0.0,-0.0,0.0,-0.0,-0.0,500.0,-308.87129864016464,-500.0,500.0,500.0,500.0,-500.0,338.9730064600132,-446.46450629250546,500.0,-500.0,-500.0
304,0.0,0.0,0.0,0.0,0.0,-1.0,1.0,0.0,0.0,-0.09973066,0.00047889538,0.012637198,-0.13584399,-0.29163367,0.67458105,-0.44703698,-0.00026819567,0.004372239,-0.1665802,0.15023452,0.4091333,-0.15861444,0.030690053,0.050447077,-0.0738213,-0.2577742,-0.18595566,0.13940534,-0.033890937,0.043896113,-0.08930861,0.27565587,0.27461147,0.0,0.0,-0.0,0.0,0.0,-0.0,0.0,0.0,-0.0,0.0,-0.0,-0.0,-500.0,310.74145876855135,479.4278276785122,-467.4328799502039,-500.0,-500.0,500.0,-341.07798701064866,433.5066730294128,-481.7571280106559,500.0,500.0
305,0.0,0.0,0.0,0.0,0.0,-1.0,1.0,0.0,0.0,-0.09801634,-0.00077396387,0.010515273,-0.13266051,-0.28406364,0.69567466,-0.45320538,0.0010887112,0.0026143193,-0.16402197,0.14702594,0.40259424,0.11998355,-0.030873258,-0.053994387,0.08064943,0.23506723,0.2992669,-0.14438117,0.03393859,-0.04399426,0.0809823,-0.21055833,-0.23760784,0.0,0.0,-0.0,0.0,0.0,-0.0,0.0,0.0,-0.0,0.0,-0.0,-0.0,500.0,-307.26878984929357,-500.0,500.0,500.0,500.0,-500.0,339.80505258324996,-448.5216364431597,500.0,-500.0,-500.0
306,0.0,0.0,0.0,0.0,0.0,-1.0,1.0,0.0,0.0,-0.107444346,0.00044273317,0.012655854,-0.1357944,-0.2959053,0.69598705,-0.44800636,-0.00026935307,0.004376948,-0.16827834,0.1631856,0.4162462,-0.15845773,0.03061364,0.050955284,-0.07469385,-0.25526646,-0.19477259,0.13962823,-0.033975653,0.044097703,-0.089579396,0.27508152,0.27220815,0.0,0.0,-0.0,0.0,0.0,-0.0,0.0,0.0,-0.0,0.0,-0.0,-0.0,-500.0,309.72378479340136,482.39913338456233,-473.57236156985175,-500.0,-500.0,500.0,-341.8114858666478,435.51065750710706,-481.79451392090743,500.0,500.0
307,0.0,0.0,0.0,0.0,0.0,-1.0,1.0,0.0,0.0,-0.10572454,-0.0008056284,0.010564327,-0.13269067,-0.28782064,0.7152769,-0.45415643,0.0010911331,0.002611339,-0.16570032,0.15983063,0.40920177,0.119923584,-0.030780975,-0.05337098,0.07935489,0.23764041,0.29021236,-0.14431727,0.034012776,-0.04419068,0.08132173,-0.21139441,-0.24021052,0.0,0.0,-0.0,0.0,0.0,-0.0,0.0,0.0,-0.0,0.0,-0.0,-0.0,500.0,-306.43147309113544,-500.0,500.0,500.0,500.0,-499.85470725331913,340.5992863336586,-450.52869949975974,500.0,-500.0,-500.0
308,0.0,0.0,0.0,0.0,0.0,-1.0,1.0,0.0,0.0,-0.115139194,0.0004025072,0.012731731,-0.13589549,-0.29915208,0.7149799,-0.44893274,-0.0002699785,0.004382074,-0.16996002,0.17584836,0.42235306,-0.15835586,0.030561188,0.053365417,-0.07923772,-0.25283918,-0.19588025,0.1397813,-0.034057587,0.04429376,-0.089827955,0.27445552,0.26976976,0.0,0.0,-0.0,0.0,0.0,-0.0,0.0,0.0,-0.0,0.0,-0.0,-0.0,-500.0,309.0733687099229,496.70555397721677,-499.2739244520181,-500.0,-500.0,500.0,-342.7623394483669,437.45086849082026,-481.83531001096696,500.0,500.0
309,0.0,0.0,0.0,0.0,0.0,-1.0,1.0,0.0,0.0,-0.11342532,-0.00084125827,0.010544956,-0.13260317,-0.2905553,0.7339016,-0.4550661,0.0010937556,0.0026090145,-0.16736102,0.17233753,0.41479877,0.119799174,-0.030686384,-0.051036935,0.075147495,0.24008727,0.28857523,-0.14429633,0.03409867,-0.04438074,0.08165761,-0.21227436,-0.24283122,0.0,0.0,-0.0,0.0,0.0,-0.0,0.0,0.0,-0.0,0.0,-0.0,-0.0,500.0,-306.1047297703524,-500.0,500.0,500.0,500.0,-499.84114457033945,341.46765132227785,-452.46790852054676,500.0,-500.0,-500.0
310,0.0,0.0,0.0,0.0,0.0,-1.0,1.0,0.0,0.0,-0.12283492,0.00036437565,0.012695372,-0.13578665,-0.30137962,0.73326385,-0.4498184,-0.0002708818,0.004387498,-0.17162156,0.18820387,0.4274447,-0.15824842,0.030486489,0.053184237,-0.07890197,-0.25032395,-0.19743071,0.13997005,-0.03414605,0.04448292,-0.090054296,0.2737789,0.26730272,0.0,0.0,-0.0,0.0,0.0,-0.0,0.0,0.0,-0.0,0.0,-0.0,-0.0,-500.0,308.26705910322033,496.4866079081054,-498.3213628516689,-500.0,-500.0,500.0,-343.6502228681592,439.3295136559392,-481.8725055737785,500.0,500.0
311,0.0,0.0,0.0,0.0,0.0,-1.0,1.0,0.0,0.0,-0.12112548,-0.00087474834,0.01052165,-0.13252139,-0.29227906,0.7518237,-0.45593813,0.0010967943,0.0026072264,-0.16900027,0.18452811,0.41937667,0.119691506,-0.030598221,-0.050885778,0.07484046,0.24261121,0.286594,-0.14434944,0.034199882,-0.0445637,0.08198913,-0.21319626,-0.24546634,0.0,0.0,-0.0,0.0,0.0,-0.0,0.0,0.0,-0.0,0.0,-0.0,-0.0,500.0,-305.29075378812087,-500.0,500.0,500.0,500.0,-500.0,342.38577823718896,-454.3423493172691,500.0,-500.0,-500.0
312,0.0,0.0,0.0,0.0,0.0,-1.0,1.0,0.0,0.0,-0.13053076,0.00032998706,0.012642443,-0.13564658,-0.30260223,0.7505792,-0.45067292,-0.00027170716,0.0043932796,-0.17325938,0.20023382,0.43151346,-0.1581314,0.030401055,0.05209539,-0.07683848,-0.24779542,-0.20075591,0.14015916,-0.03424024,0.04466446,-0.09025807,0.2730533,0.2648116,0.0,0.0,-0.0,0.0,0.0,-0.0,0.0,0.0,-0.0,0.0,-0.0,-0.0,-500.0,307.41335132849457,490.9835912692608,-488.0717936531536,-500.0,-500.0,500.0,-344.4904958147941,441.1394408573488,-481.90543199225243,500.0,500.0
313,0.0,0.0,0.0,0.0,0.0,-1.0,1.0,0.0,0.0,-0.12882347,-0.0009026705,0.010717154,-0.13284469,-0.2930134,0.7684275,-0.45678118,0.0010998952,0.0026060939,-0.17061448,0.19638425,0.42292893,0.11960069,-0.030484026,-0.049046677,0.07141521,0.24503076,0.28170964,-0.1443687,0.034291595,-0.04473986,0.082315765,-0.21415888,-0.24810517,0.0,0.0,-0.0,0.0,0.0,-0.0,0.0,0.0,-0.0,0.0,-0.0,-0.0,500.0,-304.48760898821166,-500.0,500.0,500.0,498.4010343208331,-499.9735348339159,343.2926229370127,-456.1459818698181,500.0,-500.0,-500.0
314,0.0,0.0,0.0,0.0,0.0,-1.0,1.0,0.0,0.0,-0.13822342,0.0002980122,0.012566149,-0.13543582,-0.30283338,0.7664022,-0.45149937,-0.00027216162,0.004399359,-0.17487013,0.21192038,0.43455344,-0.1580219,0.030324042,0.051644415,-0.075848006,-0.24532719,-0.20405999,0.14030084,-0.034332734,0.044838876,-0.09043979,0.27228037,0.26229924,0.0,0.0,-0.0,0.0,0.0,-0.0,0.0,0.0,-0.0,0.0,-0.0,-0.0,-500.0,306.5957472878169,487.727647877781,-484.30934547012987,-500.0,-500.0,500.0,-345.48850840836207,442.8700816896056,-481.9429810393432,500.0,500.0
315,0.0,0.0,0.0,0.0,0.0,-1.0,1.0,0.0,0.0,-0.13651735,-0.00093159225,0.0106197,-0.13259625,-0.29275125,0.78361595,-0.45759642,0.0011029018,0.0026054978,-0.17220056,0.2078886,0.42545062,0.11953002,-0.030425405,-0.049844086,0.072727375,0.24753693,0.2795366,-0.14438461,0.034388315,-0.044908147,0.08263641,-0.21516053,-0.2507474,0.0,0.0,-0.0,0.0,0.0,-0.0,0.0,0.0,-0.0,0.0,-0.0,-0.0,500.0,-303.55878546329143,-500.0,500.0,500.0,500.0,-500.0,344.2741588186257,-457.86673090207984,500.0,-500.0,-500.0
316,0.0,0.0,0.0,0.0,0.0,-1.0,1.0,0.0,0.0,-0.14591217,0.0002688962,0.012569606,-0.13539195,-0.30208498,0.78095645,-0.4522974,-0.00027271645,0.0044056177,-0.17645025,0.22324646,0.43656072,-0.15791526,0.030235192,0.049052976,-0.07102629,-0.24278617,-0.20966683,0.14045548,-0.034428447,0.045005083,-0.090599276,0.27146122,0.25977096,0.0,0.0,-0.0,0.0,0.0,-0.0,0.0,0.0,-0.0,0.0,-0.0,-0.0,-500.0,305.27599838714525,474.35977769295664,-458.76855120542007,-500.0,-500.0,500.0,-346.49033706380146,444.52111002243043,-481.9793940951916,500.0,500.0
317,0.0,0.0,0.0,0.0,0.0,-1.0,1.0,0.0,0.0,-0.14420755,-0.0009566185,0.010435462,-0.13217461,-0.2915123,0.7970505,-0.45838854,0.0011064258,0.0026054978,-0.17375505,0.2190243,0.42693844,0.11944484,-0.030353397,-0.05232848,0.07749918,0.25004005,0.2735501,-0.1444345,0.034483675,-0.04506835,0.08295109,-0.21619944,-0.2533867,0.0,0.0,-0.0,0.0,0.0,-0.0,0.0,0.0,-0.0,0.0,-0.0,-0.0,500.0,-302.50191291717493,-500.0,500.0,500.0,500.0,-499.9532695827331,345.2247092926724,-459.5073092818189,500.0,-500.0,-500.0
318,0.0,0.0,0.0,0.0,0.0,-1.0,1.0,0.0,0.0,-0.1535948,0.00024052904,0.012439609,-0.13503838,-0.3003685,0.79359543,-0.4530753,-0.0002732324,0.0044121146,-0.17799675,0.23419559,0.43753296,-0.1578278,0.030198801,0.05156354,-0.07548228,-0.24049158,-0.21110256,0.14061186,-0.034527734,0.04516269,-0.09073663,0.2705973,0.25723138,0.0,0.0,-0.0,0.0,0.0,-0.0,0.0,0.0,-0.0,0.0,-0.0,-0.0,-500.0,305.1791114564497,500.0,-500.0,-500.0,-500.0,500.0,-347.4751107546061,446.0878568867552,-482.01550495177247,500.0,500.0
319,0.0,0.0,0.0,0.0,0.0,-1.0,1.0,0.0,0.0,-0.15189232,-0.0009809688,0.010493696,-0.13218045,-0.28932327,0.8093194,-0.4591606,0.00110993,0.0026059747,-0.17527497,0.22977507,0.427391,0.11936597,-0.030267907,-0.049740627,0.07256884,0.2523329,0.27183762,-0.14448792,0.034583583,-0.04521979,0.083258554,-0.21727431,-0.25602072,0.0,0.0,-0.0,0.0,0.0,-0.0,0.0,0.0,-0.0,0.0,-0.0,-0.0,500.0,-302.0656314292161,-500.0,500.0,500.0,500.0,-499.9511639577877,346.2226666482362,-461.0607112044034,500.0,-500.0,-500.0
320,0.0,0.0,0.0,0.0,0.0,-1.0,1.0,0.0,0.0,-0.1612733,0.0002127955,0.01241684,-0.13492608,-0.2976969,0.80546254,-0.45383358,-0.00027368023,0.0044187307,-0.17950666,0.24475175,0.43746948,-0.15770674,0.03008428,0.04897083,-0.070893,-0.23798738,-0.21333702,0.14076199,-0.03462821,0.045311254,-0.09085162,0.26969007,0.25468418,0.0,0.0,-0.0,0.0,0.0,-0.0,0.0,0.0,-0.0,0.0,-0.0,-0.0,-500.0,304.3479400981894,474.93887826912794,-459.80383533788995,-500.0,-500.0,500.0,-348.5007548781908,447.56479487831547,-482.0504731019728,500.0,500.0
321,0.0,0.0,0.0,0.0,0.0,-1.0,1.0,0.0,0.0,-0.15957421,-0.0010055648,0.010268271,-0.13168848,-0.28617197,0.820744,-0.4599139,0.0011136426,0.0026069283,-0.17675722,0.2401253,0.42680848,0.119270466,-0.030203132,-0.05249051,0.07776506,0.25477147,0.26921093,-0.14456925,0.034689095,-0.045362063,0.083558545,-0.21838365,-0.2586455,0.0,0.0,-0.0,0.0,0.0,-0.0,0.0,0.0,-0.0,0.0,-0.0,-0.0,500.0,-301.03610912837763,-500.0,500.0,500.0,500.0,-500.0,347.2390458786118,-462.5220568754422,500.0,-500.0,-500.0
322,0.0,0.0,0.0,0.0,0.0,-1.0,1.0,0.0,0.0,-0.16895281,0.00018812256,0.012280166,-0.13457334,-0.2940815,0.8164956,-0.45457447,-0.00027409822,0.004425466,-0.18097675,0.2548995,0.4363714,-0.1576408,0.030070385,0.051734116,-0.07583352,-0.23575233,-0.21482825,0.14091349,-0.03473071,0.04545031,-0.090944245,0.26874074,0.25213376,0.0,0.0,-0.0,0.0,0.0,-0.0,0.0,0.0,-0.0,0.0,-0.0,-0.0,-500.0,303.78150124663983,500.0,-500.0,-500.0,-500.0,500.0,-349.53071018426374,448.94895661758306,-482.08333469268575,500.0,500.0
323,0.0,0.0,0.0,0.0,0.0,-1.0,1.0,0.0,0.0,-0.16725644,-0.0010258518,0.010346711,-0.13173032,-0.28210002,0.8313936,-0.4606526,0.0011173708,0.0026084185,-0.17819917,0.25005984,0.42519283,0.11919104,-0.030119333,-0.04891526,0.07117844,0.2569377,0.26757875,-0.14462923,0.034789406,-0.045495126,0.08385017,-0.21952622,-0.26125416,0.0,0.0,-0.0,0.0,0.0,-0.0,0.0,0.0,-0.0,0.0,-0.0,-0.0,500.0,-300.8096634260999,-500.0,500.0,500.0,500.0,-499.960387000825,348.26974109611206,-463.8892209293493,500.0,-500.0,-500.0
324,0.0,0.0,0.0,0.0,0.0,-1.0,1.0,0.0,0.0,-0.16652988,-0.00047423708,0.012166023,-0.13340545,-0.25078183,0.82658046,-0.45530146,-0.000274419,0.0044323206,-0.18240452,0.264624,0.43424135,0.1924988,-0.016115688,-0.018032461,0.0455707,0.73995215,-0.22190845,0.14105889,-0.034834363,0.04557989,-0.091015026,0.2677507,0.24958412,0.0,0.0,-0.0,0.0,0.0,-0.0,0.0,0.0,-0.0,0.0,-0.0,-0.0,350.1892928362707,-0.33744749604730245,-24.258749501195,268.436125436879,500.0,-500.0,500.0,-350.5787810226642,450.23712522442395,-482.11756918351733,500.0,500.0
325,0.0,0.0,0.0,0.0,0.0,-1.0,1.0,0.0,0.0,-0.15808243,0.00034580973,0.011416495,-0.1290425,-0.23879892,0.80128896,-0.46137756,0.0011212562,0.0026103258,-0.17959774,0.25956398,0.42254752,-0.06155948,0.01813343,-0.048714302,0.08434164,0.25937867,0.25427672,-0.14470969,0.03489388,-0.0456184,0.08413317,-0.22070058,-0.26384506,0.0,0.0,-0.0,0.0,0.0,-0.0,0.0,0.0,0.0,0.0,-0.0,-0.0,-500.0,195.72862796529287,-497.3845734829785,500.0,500.0,500.0,-499.9600505998768,349.3107782432613,-465.15829773406824,500.0,-500.0,-500.0
326,0.0,0.0,0.0,0.0,0.0,-1.0,1.0,0.0,0.0,-0.13921554,-0.00037908086,0.013148844,-0.13106894,-0.2459994,0.79597807,-0.45601547,-0.00027469685,0.004439175,-0.18378711,0.27391082,0.43108377,0.19836949,-0.018261079,0.046829794,-0.072991036,-0.23291163,-0.21371745,0.14120449,-0.034939066,0.045699388,-0.091063544,0.26672128,0.2470393,-0.0,0.0,-0.0,0.0,0.0,-0.0,0.0,0.0,-0.0,0.0,-0.0,-0.0,500.0,-185.04484147682803,463.5988303277252,-500.0,-500.0,-500.0,500.0,-351.635068921272,451.42608277956754,-482.14982289470004,500.0,500.0
327,0.0,0.0,0.0,0.0,0.0,-1.0,1.0,0.0,0.0,-0.13068415,0.00036836005,0.011007369,-0.12809682,-0.23304504,0.8092169,-0.46209064,0.0011252919,0.0026126504,-0.18095064,0.2686237,0.41887775,-0.06121431,0.018429982,-0.048517976,0.073521644,0.26308882,0.2527183,-0.1448094,0.035002038,-0.045731597,0.084406905,-0.2219054,-0.266414,0.0,0.0,-0.0,0.0,0.0,-0.0,0.0,0.0,-0.0,0.0,-0.0,-0.0,-500.0,183.72923112917616,-478.3509193878337,500.0,500.0,500.0,-500.0,350.3666736358059,-466.3263316084196,500.0,-500.0,-500.0
328,0.0,0.0,0.0,0.0,0.0,-1.0,1.0,0.0,0.0,-0.11175579,-0.00035663613,0.012503564,-0.13105679,-0.2395646,0.80348414,-0.4567193,-0.00027491152,0.0044460893,-0.18512201,0.28274626,0.4269046,0.19855623,-0.018384287,0.044768296,-0.073671564,-0.2297033,-0.21622173,0.14135079,-0.035045158,0.045808535,-0.091089904,0.26565367,0.24450336,-0.0,0.0,-0.0,0.0,0.0,-0.0,0.0,0.0,-0.0,0.0,-0.0,-0.0,500.0,-185.6162536287984,462.75971488328764,-479.50827768949716,-500.0,-500.0,500.0,-352.67722407376925,452.51380750289337,-482.180082733489,500.0,500.0
329,0.0,0.0,0.0,0.0,0.0,-1.0,1.0,0.0,0.0,-0.10323288,0.00039383405,0.010289848,-0.12811399,-0.22606093,0.81616294,-0.46279433,0.0011294072,0.0026154518,-0.18225527,0.27722543,0.4141903,-0.061349142,0.018560251,-0.04824911,0.07359225,0.26564798,0.24977641,-0.1449053,0.035108026,-0.045834664,0.084670916,-0.22313951,-0.26895544,0.0,0.0,-0.0,0.0,0.0,-0.0,0.0,0.0,-0.0,0.0,-0.0,-0.0,-500.0,185.05879689584327,-472.2759701008828,500.0,500.0,500.0,-500.0,351.41667709420045,-467.3916928347519,500.0,-500.0,-500.0
330,0.0,0.0,0.0,0.0,0.0,-1.0,1.0,0.0,0.0,-0.08432709,-0.0003367316,0.011811197,-0.13104045,-0.2320593,0.809857,-0.45741373,-0.00027498277,0.004452944,-0.18640673,0.29111695,0.42171136,0.19844787,-0.018507171,0.04478859,-0.07338799,-0.2270668,-0.2190417,0.14148487,-0.035150178,0.045907333,-0.09109419,0.26454926,0.24197967,-0.0,0.0,-0.0,0.0,0.0,-0.0,0.0,0.0,-0.0,0.0,-0.0,-0.0,500.0,-186.8578556426049,461.33877011792765,-479.7072011316343,-500.0,-500.0,500.0,-353.76436615702323,453.4965050752482,-482.21014079197346,500.0,500.0
331,0.0,0.0,0.0,0.0,0.0,-1.0,1.0,0.0,0.0,-0.07582568,0.00041762972,0.00963074,-0.12807345,-0.21804112,0.8219541,-0.4634895,0.0011335547,0.0026186109,-0.18350911,0.2853561,0.4084935,-0.06144924,0.018665584,-0.04797497,0.07358816,0.26817402,0.24680868,-0.14499763,0.035213,-0.045927335,0.08492461,-0.22440164,-0.27146587,0.0,0.0,-0.0,0.0,0.0,-0.0,0.0,0.0,-0.0,0.0,-0.0,-0.0,-500.0,186.15763010340837,-470.98054945206246,500.0,500.0,500.0,-499.9871914220165,352.4747698112408,-468.3504941391439,500.0,-500.0,-500.0
332,0.0,0.0,0.0,0.0,0.0,-1.0,1.0,0.0,0.0,-0.05694061,-0.0003176162,0.011173487,-0.13096464,-0.22352415,0.81506866,-0.45810083,-0.00027497218,0.0044597983,-0.187639,0.29900998,0.41551322,0.19833474,-0.018607462,0.04478485,-0.07308991,-0.22445276,-0.221891,0.14161877,-0.035255853,0.04599553,-0.09107657,0.26340926,0.23947255,-0.0,0.0,-0.0,0.0,0.0,-0.0,0.0,0.0,0.0,0.0,-0.0,-0.0,500.0,-187.86854963888516,459.9265037178093,-479.75285250585114,-500.0,-500.0,500.0,-354.8326335435997,454.37410189829626,-482.239534068503,500.0,500.0
333,0.0,0.0,0.0,0.0,0.0,-1.0,1.0,0.0,0.0,-0.048457537,0.0004397782,0.009024203,-0.12797558,-0.2089979,0.826578,-0.4641774,0.0011378073,0.0026221275,-0.18471003,0.29300314,0.40179726,-0.061519604,0.01874896,-0.047714077,0.07357292,0.27066252,0.24380982,-0.1451025,0.0353198,-0.046009347,0.08516762,-0.22569048,-0.27394196,0.0,0.0,-0.0,0.0,0.0,-0.0,0.0,0.0,-0.0,0.0,-0.0,-0.0,-500.0,187.03450938432667,-469.67570478222444,500.0,500.0,500.0,-500.0,353.53032814153926,-469.20244693101677,500.0,-500.0,-500.0
334,0.0,0.0,0.0,0.0,0.0,-1.0,1.0,0.0,0.0,-0.02959154,-0.0002992423,0.010586202,-0.13083303,-0.21397144,0.8191076,-0.45878032,-0.00027493833,0.0044665933,-0.18881643,0.30641317,0.40832087,0.19821575,-0.018685922,0.044772953,-0.072798274,-0.22186457,-0.22476625,0.14175627,-0.03536117,0.046072844,-0.09103676,0.262235,0.23698545,-0.0,0.0,-0.0,0.0,0.0,-0.0,-0.0,0.0,0.0,0.0,-0.0,-0.0,500.0,-188.66002816786695,458.54225690886506,-479.7936121367887,-500.0,-500.0,500.0,-355.89819154756134,455.14428080907686,-482.26667278458194,500.0,500.0
335,0.0,0.0,0.0,0.0,0.0,-1.0,1.0,0.0,0.0,-0.021123838,0.00046036075,0.008465886,-0.12782371,-0.19894403,0.83002365,-0.4648584,0.0011420794,0.0026260614,-0.18585563,0.30015442,0.39411306,-0.061561555,0.018811269,-0.047465827,0.07354624,0.2731113,0.24078202,-0.14520301,0.03542499,-0.046080645,0.085399374,-0.22700477,-0.27637905,0.0,0.0,-0.0,0.0,0.0,-0.0,0.0,0.0,-0.0,0.0,-0.0,-0.0,-500.0,187.69809348761675,-468.3903853146851,500.0,500.0,500.0,-500.0,354.5846019045781,-469.9457064916146,500.0,-500.0,-500.0
336,0.0,0.0,0.0,0.0,0.0,-1.0,1.0,0.0,0.0,-0.002275423,-0.00028156352,0.01004535,-0.13064921,-0.20341474,0.82196295,-0.45945364,-0.00027478967,0.004473269,-0.189937,0.31331468,0.40014648,0.19809037,-0.018743424,0.044753935,-0.072513185,-0.21930431,-0.22766565,0.14188956,-0.03546579,0.046139266,-0.09097495,0.26102778,0.2345221,-0.0,0.0,-0.0,0.0,0.0,-0.0,-0.0,0.0,0.0,0.0,-0.0,-0.0,500.0,-189.24119429833624,457.18919479090766,-479.8280928210255,-500.0,-500.0,500.0,-356.95776193149624,455.80589882199354,-482.2928543409595,500.0,500.0
337,0.0,0.0,0.0,0.0,0.0,-1.0,1.0,0.0,0.0,0.006179666,0.0004794582,0.007951975,-0.12762141,-0.18789333,0.8322806,-0.46553347,0.0011464446,0.0026302338,-0.18694401,0.30679855,0.38545388,-0.061576396,0.018853355,-0.047229763,0.07350888,0.27551818,0.23772764,-0.1453098,0.035529543,-0.046141084,0.08561959,-0.22834316,-0.27877343,0.0,0.0,-0.0,0.0,0.0,-0.0,0.0,0.0,-0.0,0.0,-0.0,-0.0,-500.0,188.1567603632349,-467.12820999352743,500.0,500.0,500.0,-500.0,355.62362402599143,-470.57903325191467,500.0,-500.0,-500.0
338,0.0,0.0,0.0,0.0,0.0,-1.0,1.0,0.0,0.0,0.025011817,-0.0002645321,0.009547174,-0.13041663,-0.19186819,0.82362497,-0.46012098,-0.00027459662,0.004479766,-0.19099844,0.31970325,0.39100385,0.19795807,-0.018780783,0.04472892,-0.07223492,-0.21677403,-0.23058717,0.14202608,-0.03556965,0.04619463,-0.09089101,0.25978896,0.23208614,-0.0,0.0,-0.0,0.0,0.0,-0.0,-0.0,0.0,0.0,0.0,-0.0,-0.0,500.0,-189.6204393898042,455.8705558934375,-479.85662684827446,-500.0,-500.0,500.0,-357.99952531589935,456.3581178506537,-482.3172420676616,500.0,500.0
339,0.0,0.0,0.0,0.0,0.0,-1.0,1.0,0.0,0.0,0.03345686,0.00049715035,0.007478893,-0.12737226,-0.17586052,0.8333395,-0.4662031,0.0011508267,0.0026347637,-0.1879729,0.31292447,0.37583417,-0.06156536,0.018876007,-0.047005497,0.073461555,0.27788082,0.23464933,-0.14541379,0.035632256,-0.04619059,0.0858277,-0.22970434,-0.281121,0.0,0.0,-0.0,0.0,0.0,-0.0,0.0,0.0,-0.0,0.0,-0.0,-0.0,-500.0,188.41839280012897,-465.8929495822803,500.0,500.0,500.0,-499.99310952499366,356.65387710847693,-471.1017126505168,500.0,-500.0,-500.0
340,0.0,0.0,0.0,0.0,0.0,-1.0,1.0,0.0,0.0,0.052273907,-0.0002480994,0.009088278,-0.13013864,-0.17934692,0.8240845,-0.4607833,-0.0002742646,0.004486203,-0.19199884,0.3255682,0.3809081,0.1978183,-0.01879877,0.044698972,-0.07196368,-0.21427575,-0.23352873,0.14215557,-0.03567166,0.046238925,-0.0907849,0.25852004,0.22968094,-0.0,0.0,-0.0,0.0,0.0,-0.0,0.0,0.0,0.0,0.0,-0.0,-0.0,500.0,-189.80565537613919,454.58946608107567,-479.8795019441884,-500.0,-500.0,500.0,-359.04170700105027,456.799714352508,-482.34028496385855,500.0,500.0
341,0.0,0.0,0.0,0.0,0.0,-1.0,1.0,0.0,0.0,0.060711287,0.00051351596,0.0070432425,-0.12707937,-0.16286111,0.8331919,-0.46686727,0.0011552357,0.002639532,-0.18894053,0.3185218,0.36526993,-0.061529577,0.018879972,-0.04679266,0.07340494,0.2801968,0.23155002,-0.14552103,0.03573446,-0.046229076,0.08602342,-0.2310869,-0.28341824,0.0,0.0,-0.0,0.0,0.0,-0.0,0.0,0.0,-0.0,0.0,-0.0,-0.0,-500.0,188.4904162233587,-464.68822475015133,500.0,500.0,500.0,-500.0,357.66941327227863,-471.5122932935916,500.0,-500.0,-500.0
342,0.0,0.0,0.0,0.0,0.0,-1.0,1.0,0.0,0.0,0.07894768,-0.00020741146,0.008667648,-0.12981796,-0.16586262,0.8233338,-0.46143997,-0.000273892,0.004492402,-0.19293618,0.33089942,0.36987603,0.19481075,-0.018772025,0.044642523,-0.071662836,-0.21178699,-0.23646846,0.14228974,-0.035772376,0.046272036,-0.09065659,0.25722238,0.22731021,-0.0,0.0,-0.0,0.0,0.0,-0.0,0.0,0.0,0.0,0.0,-0.0,-0.0,499.63545570055373,-189.95570342846392,453.26433260466035,-479.69254082251257,-500.0,-500.0,500.0,-360.05401049827077,457.1309938178998,-482.3612786138223,500.0,500.0
343,0.0,0.0,0.0,0.0,0.0,-1.0,1.0,0.0,0.0,0.08612083,0.0005893365,0.00665009,-0.1267457,-0.14889812,0.8318347,-0.4675264,0.0011596625,0.0026445389,-0.18984485,0.3235807,0.35377863,-0.06841103,0.018875059,-0.04657146,0.073312536,0.2825185,0.22850206,-0.14562498,0.035833757,-0.046256557,0.08620627,-0.23248938,-0.2856607,0.0,0.0,-0.0,0.0,0.0,-0.0,0.0,0.0,-0.0,0.0,-0.0,-0.0,-500.0,187.58454479940966,-464.08365178227416,500.0,500.0,500.0,-499.9937819131277,358.6654073768315,-471.8114754224736,500.0,-500.0,-500.0
344,0.0,0.0,0.0,0.0,0.0,-1.0,1.0,0.0,0.0,0.10336055,-0.00013632252,0.008285284,-0.12945473,-0.1514194,0.8213801,-0.46209195,-0.00027338244,0.004498422,-0.19380867,0.3356873,0.35792577,0.18644717,-0.018246101,0.044662226,-0.071400546,-0.20930028,-0.23948295,0.14241785,-0.035870634,0.046294026,-0.09050602,0.25589758,0.22497721,-0.0,0.0,-0.0,0.0,0.0,-0.0,0.0,0.0,0.0,0.0,-0.0,-0.0,491.74491068933145,-189.575373490734,451.9423996572305,-479.9201584683783,-500.0,-500.0,500.0,-361.05679934948296,457.35123585016345,-482.38077252421795,500.0,500.0
345,0.0,0.0,0.0,0.0,0.0,-1.0,1.0,0.0,0.0,0.078368895,0.0035753704,0.0064080358,-0.12614667,-0.13375044,0.8289028,-0.46818042,0.0011640904,0.002649784,-0.19068396,0.32809192,0.34137914,-0.10640066,0.001726229,-0.047531094,0.07319821,0.28534764,0.22973685,-0.14572896,0.035931285,-0.046273004,0.086375944,-0.23391023,-0.28784508,0.0,0.0,-0.0,0.0,0.0,-0.0,0.0,0.0,-0.0,0.0,-0.0,-0.0,-217.35993258246927,119.57900250559918,-473.2061152920157,500.0,500.0,500.0,-499.9942269950586,359.6394191368902,-471.9983119649671,500.0,-500.0,-500.0
346,0.0,0.0,0.0,0.0,0.0,-1.0,1.0,0.0,0.0,0.085089415,0.0023755243,0.007984817,-0.12882435,-0.13571078,0.81806344,-0.4627386,-0.00027280764,0.004504144,-0.19461441,0.339923,0.345077,0.13514397,-0.019269966,0.044755187,-0.07163054,-0.2065203,-0.24164005,0.14254825,-0.035966706,0.046304863,-0.09033313,0.2545472,0.22268549,-0.0,0.0,-0.0,0.0,0.0,-0.0,-0.0,0.0,0.0,0.0,-0.0,-0.0,500.0,-185.94134807337292,445.20413094436,-487.61586403453134,-500.0,-500.0,500.0,-362.0279881415619,457.4611056199587,-482.39825060073247,500.0,500.0
347,0.0,0.0,0.0,0.0,0.0,-1.0,1.0,0.0,0.0,0.08111905,0.0030225795,0.006023407,-0.12568724,-0.11775005,0.82547724,-0.468829,0.0011685041,0.0026552677,-0.19145632,0.33204687,0.3280919,-0.123113014,0.018179588,-0.045618054,0.073113084,0.287271,0.22291115,-0.14583157,0.036026534,-0.046278458,0.08653203,-0.23534782,-0.28996733,0.0,0.0,-0.0,0.0,0.0,-0.0,0.0,0.0,-0.0,0.0,-0.0,-0.0,-500.0,186.94572391380464,-457.14922608056565,500.0,500.0,500.0,-500.0,360.58941307391467,-472.0736329412161,500.0,-500.0,-500.0
348,0.0,0.0,0.0,0.0,0.0,-1.0,1.0,0.0,0.0,0.08746509,0.0021829465,0.007658303,-0.12829053,-0.11926901,0.8139306,-0.46337974,-0.0002721459,0.0045096874,-0.1953516,0.34359822,0.33135077,0.1349058,-0.019091494,0.04401545,-0.07041426,-0.20412663,-0.24479523,0.14267871,-0.036060072,0.046304595,-0.09013786,0.253173,0.22043835,-0.0,0.0,-0.0,0.0,0.0,-0.0,-0.0,0.0,0.0,0.0,-0.0,-0.0,500.0,-187.59847423359642,443.8903829275558,-480.1526071757034,-500.0,-500.0,500.0,-362.9687587423558,457.460957817601,-482.4136859040102,500.0,500.0
349,0.0,0.0,0.0,0.0,0.0,-1.0,1.0,0.0,0.0,0.0834878,0.002837125,0.005717933,-0.12515068,-0.10087001,0.8207141,-0.46947187,0.0011729066,0.0026608706,-0.19216001,0.33543763,0.31393865,-0.12302196,0.018149838,-0.045491595,0.07305301,0.28936157,0.21969591,-0.1459305,0.03611816,-0.046272993,0.08667422,-0.23680048,-0.29202345,0.0,0.0,-0.0,0.0,0.0,-0.0,0.0,0.0,-0.0,0.0,-0.0,-0.0,-500.0,186.25406195248615,-455.2600715537738,500.0,500.0,500.0,-499.99568226421263,361.5053860830114,-472.037985550746,500.0,-500.0,-500.0
350,0.0,0.0,0.0,0.0,0.0,-1.0,1.0,0.0,0.0,0.089818336,0.0020078667,0.007363558,-0.12774062,-0.101946056,0.80854326,-0.4640151,-0.0002713783,0.0045149326,-0.1960187,0.3467054,0.3167696,0.13470708,-0.01897835,0.044013813,-0.0702224,-0.20182852,-0.24785891,0.14280723,-0.036150236,0.04629334,-0.08992021,0.25177675,0.21823911,-0.0,0.0,-0.0,0.0,0.0,-0.0,-0.0,0.0,0.0,0.0,-0.0,-0.0,500.0,-186.85761788909866,443.2053493599939,-480.2182381802207,-500.0,-500.0,500.0,-363.87960908011286,457.35151096882754,-482.42731741909756,500.0,500.0
351,0.0,0.0,0.0,0.0,0.0,-1.0,1.0,0.0,0.0,0.08583805,0.002665925,0.005437374,-0.124598145,-0.083119154,0.814696,-0.47010857,0.0011772722,0.0026666522,-0.19279337,0.338257,0.29894266,-0.122908466,0.018100923,-0.04536767,0.07294032,0.29139125,0.21648347,-0.14602767,0.036207035,-0.046256687,0.08680215,-0.23826635,-0.29401,0.0,0.0,-0.0,0.0,0.0,-0.0,0.0,0.0,-0.0,0.0,-0.0,-0.0,-500.0,185.41433521447212,-454.5966392130254,500.0,500.0,500.0,-500.0,362.390464490093,-471.8919785667344,500.0,-500.0,-500.0
352,0.0,0.0,0.0,0.0,0.0,-1.0,1.0,0.0,0.0,0.09215307,0.0018470396,0.0070913434,-0.12717319,-0.08376324,0.8018998,-0.4646442,-0.0002704699,0.00451982,-0.19661403,0.3492377,0.3013574,0.13449597,-0.018853506,0.044001915,-0.07002409,-0.19957809,-0.25092956,0.14292943,-0.03623635,0.046271186,-0.08968009,0.25036037,0.21609096,-0.0,0.0,-0.0,0.0,0.0,-0.0,-0.0,0.0,0.0,0.0,-0.0,-0.0,500.0,-185.96777490828697,442.53891023978986,-480.1995275729913,-500.0,-500.0,500.0,-364.77115461240055,457.13358873408345,-482.43886778159475,500.0,500.0
353,0.0,0.0,0.0,0.0,0.0,-1.0,1.0,0.0,0.0,0.088170946,0.0025078512,0.0051783323,-0.12402868,-0.06452054,0.8074215,-0.4707387,0.001181566,0.002672553,-0.19335496,0.34049857,0.28312853,-0.122776985,0.01803495,-0.045251038,0.072824456,0.29335198,0.21327356,-0.1461175,0.036291745,-0.046229675,0.086915486,-0.23974359,-0.29592296,0.0,0.0,-0.0,0.0,0.0,-0.0,0.0,0.0,-0.0,0.0,-0.0,-0.0,-500.0,184.43036677981766,-453.9440087624307,500.0,500.0,500.0,-500.0,363.2423653977856,-471.63644750838006,500.0,-500.0,-500.0
354,0.0,0.0,0.0,0.0,0.0,-1.0,1.0,0.0,0.0,0.09447033,0.0016993786,0.0068398714,-0.1265899,-0.064744234,0.7939999,-0.46526662,-0.0002695135,0.0045244694,-0.19713593,0.35118914,0.2851395,0.13427192,-0.018717147,0.043988615,-0.0698306,-0.19737832,-0.2540022,0.14305738,-0.03631943,0.046238273,-0.08941765,0.24892588,0.21399748,-0.0,0.0,-0.0,0.0,0.0,-0.0,-0.0,0.0,0.0,0.0,-0.0,-0.0,500.0,-184.93552599779915,441.90357464794516,-480.1781496341872,-500.0,-500.0,500.0,-365.59930803107244,456.8095142068274,-482.4483970290587,500.0,500.0
355,0.0,0.0,0.0,0.0,0.0,-1.0,1.0,0.0,0.0,0.09048742,0.0023618776,0.0049390793,-0.1234442,-0.045098484,0.7988914,-0.47136182,0.0011858224,0.0026785135,-0.19384325,0.34215665,0.26652235,-0.12262811,0.017952615,-0.04514171,0.07270522,0.2952399,0.21007226,-0.14620307,0.03637181,-0.046192136,0.08701396,-0.24123012,-0.29775864,0.0,0.0,-0.0,0.0,0.0,-0.0,0.0,0.0,-0.0,0.0,-0.0,-0.0,-500.0,183.30691829527663,-453.3200125789374,500.0,500.0,500.0,-499.9895625387669,364.0465932477832,-471.274200108849,500.0,-500.0,-500.0
356,0.0,0.0,0.0,0.0,0.0,-1.0,1.0,0.0,0.0,0.09677098,0.0015638787,0.0066075325,-0.1259923,-0.044914067,0.78484553,-0.46588182,-0.0002684179,0.0045287013,-0.19758296,0.3525544,0.26814264,0.13403474,-0.018569572,0.043974604,-0.06964188,-0.19523191,-0.25707254,0.14317916,-0.036397777,0.046194814,-0.08913286,0.24747542,0.21196163,-0.0,0.0,-0.0,0.0,0.0,-0.0,-0.0,0.0,0.0,0.0,-0.0,-0.0,500.0,-183.76588848404876,441.30338592438,-480.1533618039899,-500.0,-500.0,500.0,-366.3998142842389,456.38028263046834,-482.45597469648203,500.0,500.0
357,0.0,0.0,0.0,0.0,0.0,-1.0,1.0,0.0,0.0,0.09278826,0.0022270584,0.0047180057,-0.122846246,-0.02487874,0.7891088,-0.4719772,0.0011899831,0.0026845336,-0.19425654,0.34322646,0.24915148,-0.12246237,0.017854618,-0.045039773,0.072582945,0.29705095,0.2068862,-0.14628164,0.036447424,-0.046144243,0.087097235,-0.24272381,-0.2995135,0.0,0.0,-0.0,0.0,0.0,-0.0,0.0,0.0,-0.0,0.0,-0.0,-0.0,-500.0,182.048977004848,-452.7288311460469,500.0,500.0,500.0,-499.9807978076723,364.81113839574004,-470.80594952344467,500.0,-500.0,-500.0
358,0.0,0.0,0.0,0.0,0.0,-1.0,1.0,0.0,0.0,0.09905574,0.0014396129,0.006392777,-0.12538195,-0.024299204,0.7744407,-0.4664892,-0.00026718323,0.004532635,-0.1979537,0.3533292,0.25039488,0.13378428,-0.018411102,0.043960605,-0.06945797,-0.1931419,-0.26013574,0.14329518,-0.036471184,0.04614101,-0.08882583,0.24601124,0.20998657,-0.0,0.0,-0.0,0.0,0.0,-0.0,-0.0,0.0,0.0,0.0,-0.0,-0.0,500.0,-182.46401023698843,440.7421191101899,-480.1253292976302,-500.0,-500.0,500.0,-367.16474271375694,455.84821552349905,-482.46150620474464,500.0,500.0
359,0.0,0.0,0.0,0.0,0.0,-1.0,1.0,0.0,0.0,0.095074125,0.0021025245,0.0045136213,-0.12223625,-0.0038884878,0.7780789,-0.4725835,0.0011940859,0.0026906133,-0.19459367,0.34370407,0.2310447,-0.122280315,0.017741656,-0.044945274,0.072457954,0.29878077,0.20372243,-0.14636354,0.036520466,-0.04608622,0.08716511,-0.24422243,-0.30118462,0.0,0.0,-0.0,0.0,0.0,-0.0,0.0,0.0,-0.0,0.0,-0.0,-0.0,-500.0,180.66170158000418,-452.1744475031899,500.0,500.0,500.0,-500.0,365.5275985572326,-470.2342076709285,500.0,-500.0,-500.0
360,0.0,0.0,0.0,0.0,0.0,-1.0,1.0,0.0,0.0,0.101325214,0.0013257253,0.0061941147,-0.12476039,-0.0029274821,0.762792,-0.4670873,-0.00026587973,0.004536152,-0.19824684,0.35351005,0.23192565,0.13352047,-0.018242095,0.043947276,-0.06927887,-0.19111143,-0.26318654,0.14341377,-0.03654008,0.04607707,-0.08849671,0.24453571,0.20807569,-0.0,0.0,-0.0,0.0,0.0,-0.0,-0.0,0.0,0.0,0.0,-0.0,-0.0,500.0,-181.03523180978047,440.2232028479172,-480.09422600495725,-500.0,-500.0,500.0,-367.86737619837595,455.2161535669021,-482.46446289673673,500.0,500.0
361,0.0,0.0,0.0,0.0,0.0,-1.0,1.0,0.0,0.0,0.097345546,0.0019874747,0.004324615,-0.12161577,0.017843604,0.76580966,-0.4731801,0.0011980492,0.002696693,-0.1948533,0.34358653,0.21223213,-0.12208243,0.017614443,-0.04485827,0.072330564,0.30042478,0.20058842,-0.14643128,0.036586862,-0.04601837,0.08721724,-0.24572363,-0.30276752,0.0,0.0,-0.0,0.0,0.0,-0.0,0.0,0.0,-0.0,0.0,-0.0,-0.0,-500.0,179.15050256541082,-451.6605159502272,500.0,500.0,500.0,-500.0,366.19317527556626,-469.5621332299624,500.0,-500.0,-500.0
362,0.0,0.0,0.0,0.0,0.0,-1.0,1.0,0.0,0.0,0.1035799,0.0012214251,0.006010413,-0.12412906,0.019171596,0.7499084,-0.46767443,-0.0002645723,0.0045392513,-0.19846106,0.35309446,0.21276575,0.13324331,-0.018062953,0.043935217,-0.06910458,-0.1891441,-0.2662193,0.14354143,-0.03660442,0.04600334,-0.08814583,0.24305134,0.20623215,-0.0,0.0,-0.0,0.0,0.0,-0.0,-0.0,0.0,0.0,0.0,-0.0,-0.0,500.0,-179.48516782677095,439.7497344877324,-480.0602474248583,-500.0,-500.0,500.0,-368.49483185132993,454.4873048980002,-482.465397779706,500.0,500.0
363,0.0,0.0,0.0,0.0,0.0,-1.0,1.0,0.0,0.0,0.09960295,0.001881172,0.0041496754,-0.120986104,0.040287077,0.75231147,-0.47376657,0.0012019224,0.0027027726,-0.19503427,0.34287184,0.19274516,-0.12186922,0.017473703,-0.044778798,0.07220107,0.30197817,0.19749214,-0.14648823,0.03664573,-0.045940995,0.087253354,-0.24722491,-0.30425856,0.0,0.0,-0.0,0.0,0.0,-0.0,0.0,0.0,-0.0,0.0,-0.0,-0.0,-500.0,177.52112322693318,-451.19038009729826,500.0,500.0,500.0,-499.9737444730455,366.80273169062605,-468.7931497385156,500.0,-500.0,-500.0
364,0.0,0.0,0.0,0.0,0.0,-1.0,1.0,0.0,0.0,0.105820194,0.0011259812,0.005840361,-0.12348938,0.041966796,0.7358018,-0.46825233,-0.00026298064,0.004541993,-0.19859529,0.35208097,0.19294716,0.13295285,-0.017874127,0.043924984,-0.0689351,-0.18724367,-0.26922795,0.14364685,-0.036661632,0.045920204,-0.08777343,0.2415608,0.20445862,-0.0,0.0,-0.0,0.0,0.0,-0.0,-0.0,0.0,0.0,0.0,-0.0,-0.0,500.0,-177.81978932440452,439.3244979642177,-480.02361327085913,-500.0,-500.0,500.0,-369.10974482460995,453.66398277032437,-482.46466235096807,500.0,500.0
365,0.0,0.0,0.0,0.0,0.0,-1.0,1.0,0.0,0.0,0.1018467,0.001782938,0.00398767,-0.12034869,0.063409925,0.7375977,-0.47434148,0.0012056978,0.0027087927,-0.19513547,0.34155908,0.1726165,-0.12164118,0.017320199,-0.044706892,0.07206978,0.30343592,0.19444193,-0.14655235,0.036702823,-0.045854423,0.087273404,-0.24872373,-0.30565625,0.0,0.0,-0.0,0.0,0.0,-0.0,0.0,0.0,-0.0,0.0,-0.0,-0.0,-500.0,175.77972048726002,-450.76709207240475,500.0,500.0,500.0,-500.0,367.3564221861,-467.92928044444506,500.0,-500.0,-500.0
366,0.0,0.0,0.0,0.0,0.0,-1.0,1.0,0.0,0.0,0.10804642,0.001038717,0.0056829453,-0.12284255,0.06542516,0.7204872,-0.46881744,-0.00026140412,0.004544258,-0.19864857,0.35046917,0.17250328,0.13264929,-0.017676128,0.04391709,-0.06877043,-0.18541424,-0.272206,0.14376248,-0.036713567,0.04582792,-0.08737987,0.2400668,0.20275854,-0.0,0.0,-0.0,0.0,0.0,-0.0,-0.0,0.0,-0.0,0.0,-0.0,-0.0,500.0,-176.04550537064668,438.94998540244814,-479.98456945240525,-500.0,-500.0,500.0,-369.64351496058947,452.75083000891004,-482.46110358232295,500.0,500.0
367,0.0,0.0,0.0,0.0,0.0,-1.0,1.0,0.0,0.0,0.10407708,0.0016921486,0.0038375854,-0.11970472,0.08717811,0.72168475,-0.4749044,0.0012093236,0.0027146935,-0.19515586,0.33964834,0.15188012,-0.12139883,0.017154722,-0.04464257,0.07193696,0.3047929,0.19144653,-0.14660129,0.036751576,-0.045759078,0.08727702,-0.25021738,-0.3069556,0.0,0.0,-0.0,-0.0,0.0,-0.0,0.0,0.0,-0.0,0.0,-0.0,-0.0,-500.0,173.93294387796362,-450.39343420401747,500.0,500.0,500.0,-500.0,367.8518866570717,-466.9756610863998,500.0,-500.0,-500.0
368,0.0,0.0,0.0,0.0,0.0,-1.0,1.0,0.0,0.0,0.110258855,0.0009590059,0.0055371523,-0.12219,0.08951175,0.70398223,-0.4693694,-0.0002597665,0.004546106,-0.19861996,0.34825975,0.15146866,0.1323329,-0.017469529,0.04391199,-0.068610616,-0.1836602,-0.2751465,0.14387955,-0.03675926,0.045727003,-0.08696577,0.23857217,0.20113479,-0.0,0.0,-0.0,0.0,0.0,-0.0,-0.0,0.0,-0.0,0.0,-0.0,-0.0,500.0,-174.1692417644498,438.62842218305764,-479.94338913157355,-500.0,-500.0,500.0,-370.11175733080006,451.75189333915995,-482.4556263338185,500.0,500.0
369,0.0,0.0,0.0,0.0,0.0,-1.0,1.0,0.0,0.0,0.10629432,0.0016082295,0.0036984086,-0.11905563,0.111555874,0.7045922,-0.47545204,0.0012126798,0.0027205348,-0.19509482,0.3371409,0.13057122,-0.12114272,0.016978119,-0.044585854,0.07180289,0.30604395,0.18851493,-0.14662096,0.036790367,-0.045655437,0.08726413,-0.25170317,-0.3081533,0.0,0.0,-0.0,-0.0,-0.0,-0.0,0.0,0.0,-0.0,0.0,-0.0,-0.0,-500.0,171.9880101231085,-450.0719426779065,500.0,500.0,500.0,-499.9519725966786,368.2741320867843,-465.93670684834484,500.0,-500.0,-500.0
370,0.0,0.0,0.0,0.0,0.0,-1.0,1.0,0.0,0.0,0.112457745,0.00088626693,0.0054020286,-0.12153292,0.1141898,0.68630826,-0.46990797,-0.00025784495,0.0045475364,-0.19850862,0.3454545,0.12987903,0.13200413,-0.017254971,0.043910105,-0.06845574,-0.18198621,-0.27804217,0.14397782,-0.036798123,0.045617945,-0.08653178,0.23707996,0.19959043,-0.0,0.0,-0.0,0.0,0.0,-0.0,-0.0,0.0,-0.0,0.0,-0.0,0.0,500.0,-172.19851429175938,438.36179493199916,-479.9003726722311,-500.0,-500.0,500.0,-370.5201288363226,450.6715383719962,-482.44898499611816,500.0,500.0
371,0.0,0.0,0.0,0.0,0.0,-1.0,1.0,0.0,0.0,0.10849861,0.0015306526,0.003569305,-0.11840236,0.13650537,0.68634295,-0.4759854,0.0012160362,0.0027262568,-0.19495142,0.3340391,0.10872607,-0.120873444,0.01679128,-0.044536754,0.07166786,0.30718383,0.18565644,-0.14666477,0.036828734,-0.045543883,0.08723464,-0.25317812,-0.3092491,0.0,0.0,-0.0,-0.0,-0.0,-0.0,0.0,0.0,-0.0,0.0,-0.0,-0.0,-500.0,169.9527706743181,-449.80493244852784,500.0,500.0,500.0,-499.98728959093717,368.63315779270727,-464.81672275856266,500.0,-500.0,-500.0
372,0.0,0.0,0.0,0.0,0.0,-1.0,1.0,0.0,0.0,0.11464328,0.0008199606,0.0052767396,-0.1208725,0.13942051,0.6674897,-0.4704315,-0.00025589252,0.00454849,-0.19831407,0.34205645,0.107771374,0.13166347,-0.017033173,0.043911826,-0.06830593,-0.1803972,-0.28088525,0.14408,-0.036830258,0.04550111,-0.0860784,0.23559313,0.19812822,-0.0,0.0,-0.0,0.0,0.0,-0.0,-0.0,0.0,-0.0,0.0,-0.0,0.0,500.0,-170.14149373153413,438.1518816150905,-479.85584632361,-500.0,-500.0,500.0,-370.8525026347433,449.5147712175249,-482.43934215759896,500.0,500.0
373,0.0,0.0,0.0,0.0,0.0,-1.0,1.0,0.0,0.0,0.11069015,0.0014589324,0.00344944,-0.11774635,0.16198671,0.66696316,-0.47650194,0.0012191086,0.0027317405,-0.19472528,0.33034655,0.08638225,-0.12059164,0.016595166,-0.044495273,0.07153212,0.30820736,0.18288052,-0.14668421,0.036858223,-0.04542502,0.087188385,-0.25463945,-0.31023812,0.0,0.0,-0.0,-0.0,-0.0,-0.0,0.0,0.0,-0.0,0.0,-0.0,-0.0,-500.0,167.83576928244435,-449.5945224706408,500.0,500.0,500.0,-500.0,368.9220861927273,-463.62115354597535,500.0,-500.0,-500.0
374,0.0,0.0,0.0,0.0,0.0,-1.0,1.0,0.0,0.0,0.11681569,0.00075958576,0.0051606297,-0.12020981,0.16516292,0.6475546,-0.47093734,-0.00025383855,0.0045490265,-0.19803596,0.33806977,0.08518371,0.13131164,-0.016804932,0.043917503,-0.06816139,-0.1788983,-0.2836677,0.14417925,-0.036855083,0.04537717,-0.08560665,0.23411489,0.19675097,-0.0,0.0,-0.0,0.0,0.0,-0.0,-0.0,0.0,-0.0,0.0,-0.0,0.0,500.0,-168.00705959560378,438.0002826369851,-479.81015952630474,-500.0,-500.0,500.0,-371.1147922677944,448.28728231692304,-482.42807792890295,500.0,500.0
375,0.0,0.0,0.0,0.0,0.0,-1.0,1.0,0.0,0.0,0.112869106,0.001392623,0.0033380985,-0.11708856,0.187958,0.6464827,-0.477,0.0012219786,0.002737105,-0.19441617,0.3260681,0.063578285,-0.12029808,0.016390799,-0.044461414,0.07139595,0.3091095,0.18019675,-0.14668895,0.036879342,-0.045299377,0.08712532,-0.25608405,-0.311118,0.0,0.0,-0.0,-0.0,-0.0,-0.0,0.0,0.0,-0.0,0.0,-0.0,0.0,-500.0,165.6462865465505,-449.4426601279027,500.0,500.0,500.0,-500.0,369.13723100528534,-462.35568000945835,500.0,-500.0,-500.0
376,0.0,0.0,0.0,0.0,0.0,-1.0,1.0,0.0,0.0,0.118975185,0.00070467603,0.005052924,-0.119546175,0.19137412,0.6265344,-0.47142252,-0.00025190462,0.004549086,-0.19767392,0.3334999,0.062155172,0.13094942,-0.01657113,0.043927457,-0.06802241,-0.17749482,-0.28638124,0.14430021,-0.03687421,0.04524667,-0.0851175,0.2326484,0.1954617,-0.0,0.0,-0.0,0.0,0.0,-0.0,-0.0,0.0,-0.0,0.0,-0.0,0.0,500.0,-165.80483948061007,437.9084515947056,-479.7636807841856,-500.0,-500.0,500.0,-371.2485557443693,446.99491550450057,-482.41488427294365,500.0,500.0
377,0.0,0.0,0.0,0.0,0.0,-1.0,1.0,0.0,0.0,0.115035675,0.0013313146,0.0032346249,-0.11643028,0.21437526,0.62493485,-0.47747982,0.0012247316,0.0027422905,-0.19402385,0.32120976,0.04035376,-0.11999357,0.016179264,-0.044435184,0.07125961,0.3098854,0.17761473,-0.14668013,0.036889564,-0.045167528,0.08704537,-0.257509,-0.31188568,0.0,0.0,-0.0,-0.0,-0.0,-0.0,0.0,0.0,-0.0,0.0,-0.0,0.0,-500.0,163.39436835675696,-449.3511436021227,500.0,500.0,500.0,-499.957565514729,369.27315919715534,-461.02643678991507,500.0,-500.0,-500.0
378,0.0,0.0,0.0,0.0,0.0,-1.0,1.0,0.0,0.0,0.121121995,0.000654797,0.004952967,-0.118882656,0.21800917,0.60446435,-0.47189087,-0.00024958196,0.004548669,-0.19722807,0.32835352,0.03872576,0.13057786,-0.01633273,0.043941997,-0.06788932,-0.17619225,-0.2890173,0.14438593,-0.03688329,0.04511028,-0.084611975,0.23119698,0.19426237,-0.0,-0.0,-0.0,0.0,0.0,-0.0,-0.0,0.0,-0.0,-0.0,-0.0,0.0,500.0,-163.54523093954256,437.8777241439478,-479.7167921278582,-500.0,-500.0,500.0,-371.37289827806524,445.64350877484026,-482.4001592412857,500.0,500.0
379,0.0,0.0,0.0,0.0,0.0,-1.0,1.0,0.0,0.0,0.117190056,0.0012746315,0.0031383634,-0.115772605,0.24119258,0.6023567,-0.4779402,0.0012273317,0.002747178,-0.19354832,0.31577885,0.016749246,-0.11967905,0.015961727,-0.044416588,0.071123384,0.31053054,0.17514394,-0.1466835,0.036898207,-0.045030154,0.086948685,-0.25891122,-0.31254184,0.0,0.0,-0.0,-0.0,-0.0,-0.0,-0.0,0.0,-0.0,0.0,-0.0,0.0,-500.0,161.09083527184868,-449.32164086484283,500.0,500.0,500.0,-500.0,369.3418265277695,-459.63900095980614,500.0,-500.0,-500.0
380,0.0,0.0,0.0,0.0,0.0,-1.0,1.0,0.0,0.0,0.12325638,0.00060954393,0.0048602223,-0.11822045,0.24502105,0.5813832,-0.47233713,-0.00024728326,0.0045478344,-0.19669855,0.3226386,0.014936579,0.13019808,-0.016090782,0.043961387,-0.067762546,-0.17499612,-0.29156706,0.14447753,-0.03688384,0.044968665,-0.084091306,0.22976387,0.19315556,-0.0,-0.0,-0.0,0.0,0.0,-0.0,-0.0,0.0,-0.0,-0.0,-0.0,0.0,500.0,-161.23940297154044,437.9093433272256,-479.6698822793833,-500.0,-500.0,500.0,-371.43302132630805,444.24022461545024,-482.38340413235375,500.0,500.0
381,0.0,0.0,0.0,0.0,0.0,-1.0,1.0,0.0,0.0,0.11933249,0.0012222292,0.0030488372,-0.115116835,0.268362,0.5787888,-0.478376,0.0012294725,0.0027518272,-0.19299006,0.30978394,-0.007193754,-0.11935556,0.015739419,-0.044405635,0.070987545,0.31104076,0.17279373,-0.14662503,0.036889303,-0.044887904,0.08683529,-0.2602876,-0.31308034,-0.0,0.0,-0.0,-0.0,-0.0,-0.0,-0.0,0.0,-0.0,0.0,-0.0,0.0,-500.0,158.74727016801324,-449.3557040087186,500.0,500.0,500.0,-499.9143163804865,369.31341490457294,-458.2010249605115,500.0,-500.0,-500.0
382,0.0,0.0,0.0,0.0,0.0,-1.0,1.0,0.0,0.0,0.12537864,0.000568539,0.004774213,-0.11756098,0.27236074,0.55733347,-0.47276208,-0.00024463606,0.004546523,-0.19608593,0.31636432,-0.009170581,0.12981136,-0.015846409,0.04398589,-0.06764262,-0.17391196,-0.2940218,0.14454655,-0.036877062,0.044822436,-0.08355686,0.22835238,0.19214445,-0.0,-0.0,-0.0,0.0,0.0,-0.0,-0.0,0.0,-0.0,-0.0,-0.0,0.0,500.0,-158.89927460161616,438.0044797147384,-479.62333872619394,-500.0,-500.0,500.0,-371.387897400275,442.7912554183344,-482.3654699777414,500.0,500.0
383,0.0,0.0,0.0,0.0,0.0,-1.0,1.0,0.0,0.0,0.12146325,0.0011737922,0.0029654503,-0.114464045,0.29583365,0.5542754,-0.47878954,0.0012316522,0.0027561784,-0.19234967,0.3032349,-0.031433094,-0.11902428,0.015513638,-0.04440234,0.07085239,0.3114123,0.17057316,-0.14660639,0.036882084,-0.04474152,0.08670529,-0.26163515,-0.3135048,-0.0,0.0,-0.0,-0.0,-0.0,-0.0,-0.0,0.0,-0.0,0.0,-0.0,0.0,-500.0,156.3759819756698,-449.4547777751297,500.0,500.0,500.0,-499.9589923623356,369.2099772456016,-456.7198264388785,500.0,-500.0,-500.0
384,0.0,0.0,0.0,0.0,0.0,-1.0,1.0,0.0,0.0,0.12748912,0.0005314296,0.0046943426,-0.11690533,0.29997766,0.532361,-0.4731618,-0.00024231129,0.0045447946,-0.19539094,0.30954123,-0.033552866,0.12941916,-0.0156008145,0.04401573,-0.06753012,-0.17294525,-0.29637262,0.14465764,-0.036865026,0.044672318,-0.083010025,0.22696589,0.19123133,-0.0,-0.0,-0.0,0.0,-0.0,-0.0,-0.0,0.0,-0.0,-0.0,-0.0,0.0,500.0,-156.53746858678113,438.1642448362473,-479.5775390071633,-500.0,-500.0,500.0,-371.1675983703866,441.30344183801304,-482.34567648343153,500.0,500.0
385,0.0,0.0,0.0,0.0,0.0,-1.0,1.0,0.0,0.0,0.12358263,0.0011290318,0.0028877258,-0.113815784,0.32355595,0.52886426,-0.47917747,0.0012335543,0.002760291,-0.19162774,0.29614288,-0.055925693,-0.1186865,0.015285741,-0.04440671,0.07071822,0.31164208,0.16849089,-0.14656413,0.036864396,-0.044591695,0.08655885,-0.2629508,-0.31381068,-0.0,0.0,-0.0,-0.0,-0.0,-0.0,-0.0,0.0,-0.0,0.0,-0.0,0.0,-500.0,153.98994398910978,-449.62020138004584,500.0,500.0,500.0,-499.97658935780044,369.02084904149893,-455.2022893492351,500.0,-500.0,-500.0
386,0.0,0.0,0.0,0.0,0.0,-1.0,1.0,0.0,0.0,0.1295882,0.0004978866,0.004620254,-0.116255045,0.3278191,0.5065154,-0.4735386,-0.00023927812,0.004542589,-0.19461465,0.30218104,-0.058167215,0.1290231,-0.015355264,0.044051137,-0.06742569,-0.17210136,-0.29861078,0.14469564,-0.03683899,0.044519175,-0.08245249,0.22560756,0.19041674,-0.0,-0.0,-0.0,0.0,-0.0,-0.0,-0.0,0.0,-0.0,-0.0,-0.0,0.0,500.0,-154.1672390374126,438.38969664564553,-479.53284159878604,-500.0,-500.0,500.0,-371.026279761655,439.7860531730506,-482.3244468358765,500.0,500.0
387,0.0,0.0,0.0,0.0,0.0,-1.0,1.0,0.0,0.0,0.12569101,0.0010876841,0.0028153658,-0.113173366,0.35147566,0.5026066,-0.4795381,0.0012351085,0.0027640462,-0.1908257,0.28852022,-0.08062787,-0.11834365,0.015057141,-0.044418763,0.07058534,0.3117275,0.16655509,-0.14649913,0.0368385,-0.04443922,0.086396255,-0.2642316,-0.3139977,-0.0,0.0,-0.0,-0.0,-0.0,-0.0,-0.0,0.0,-0.0,0.0,-0.0,0.0,-500.0,151.6027060756194,-449.85320309626786,500.0,500.0,500.0,-500.0,368.7513436714954,-453.656228234981,500.0,-500.0,-500.0
388,0.0,0.0,0.0,0.0,0.0,-1.0,1.0,0.0,0.0,0.13167636,0.00046760272,0.0045514703,-0.11561155,0.35583118,0.47984943,-0.47388348,-0.00023674617,0.0045399666,-0.19375813,0.2942968,-0.08296935,0.12862486,-0.015111081,0.044092294,-0.067330055,-0.17138539,-0.30072773,0.14479832,-0.03680968,0.044363666,-0.08188585,0.22428076,0.18970463,-0.0,-0.0,-0.0,0.0,-0.0,-0.0,-0.0,0.0,-0.0,-0.0,-0.0,0.0,500.0,-151.8023726628284,438.6818361556277,-479.48957685831806,-500.0,-500.0,500.0,-370.64229395593895,438.24419671689066,-482.3021163526607,500.0,500.0
389,0.0,0.0,0.0,0.0,0.0,-1.0,1.0,0.0,0.0,0.12778877,0.0010495085,0.0027478933,-0.1125381,0.37953806,0.47555673,-0.4798717,0.0012364783,0.0027674437,-0.18994474,0.2803805,-0.105495475,-0.11799728,0.01482929,-0.044438526,0.070454076,0.3116667,0.16477334,-0.14639783,0.03679504,-0.044284653,0.08621775,-0.26547462,-0.3140623,-0.0,0.0,-0.0,-0.0,-0.0,-0.0,-0.0,0.0,-0.0,0.0,-0.0,0.0,-500.0,149.22828109827668,-450.1548874847616,500.0,500.0,500.0,-499.9059532707739,368.38870397203556,-452.08774573592297,500.0,-500.0,-500.0
390,0.0,0.0,0.0,0.0,0.0,-1.0,1.0,0.0,0.0,0.13375404,0.0004402912,0.004487753,-0.11497617,0.38395843,0.4524192,-0.47420415,-0.00023350123,0.0045369267,-0.19282317,0.28590268,-0.107915096,0.12822631,-0.014869632,0.04413938,-0.06724395,-0.17080212,-0.30271518,0.14482757,-0.036766466,0.044206627,-0.08131198,0.22298852,0.18909486,-0.0,-0.0,-0.0,0.0,-0.0,-0.0,-0.0,0.0,-0.0,-0.0,-0.0,0.0,500.0,-149.45706440112778,439.041594889521,-479.4480385219124,-500.0,-500.0,500.0,-370.3279718640232,436.68857409998884,-482.278124690116,500.0,500.0
391,0.0,0.0,0.0,0.0,0.0,-1.0,1.0,0.0,0.0,0.12987636,0.0010142851,0.0026848912,-0.11191177,0.40768728,0.44777235,-0.48017383,0.0012377237,0.0027704835,-0.18898654,0.27173865,-0.13048387,-0.11764907,0.01460367,-0.04446601,0.070324756,0.31145862,0.16315256,-0.1463348,0.036757406,-0.044129167,0.08602365,-0.26667705,-0.31401086,-0.0,-0.0,-0.0,-0.0,-0.0,-0.0,-0.0,0.0,-0.0,0.0,-0.0,0.0,-500.0,146.88100695433167,-450.5262156587959,500.0,500.0,500.0,-500.0,367.946856468789,-450.50812848229384,500.0,-500.0,-500.0
392,0.0,0.0,0.0,0.0,0.0,-1.0,1.0,0.0,0.0,0.13582182,0.00041568486,0.004428625,-0.114350796,0.4121443,0.42428374,-0.47449106,-0.00023065336,0.0045335293,-0.19181144,0.2770142,-0.1329593,0.12782934,-0.014632307,0.044192553,-0.06716815,-0.17035596,-0.3045652,0.14491121,-0.036719527,0.044048812,-0.08073263,0.22173409,0.18859088,-0.0,-0.0,-0.0,0.0,-0.0,-0.0,-0.0,0.0,-0.0,-0.0,-0.0,0.0,500.0,-147.14576932260888,439.46981338616786,-479.4084762557116,-500.0,-500.0,500.0,-369.7815098075053,435.1232236642668,-482.25373686603757,500.0,500.0
393,0.0,0.0,0.0,0.0,0.0,-1.0,1.0,0.0,0.0,0.13195425,0.0009818145,0.0026261806,-0.11129582,0.43586636,0.41931382,-0.48044887,0.0012388517,0.002773106,-0.18795323,0.26261055,-0.15554799,-0.11730077,0.014381774,-0.044501226,0.07019774,0.31110284,0.16169883,-0.14624552,0.036703568,-0.043973137,0.08581447,-0.26783618,-0.3138369,-0.0,-0.0,-0.0,-0.0,-0.0,-0.0,0.0,0.0,-0.0,-0.0,-0.0,0.0,-500.0,144.57538675981172,-450.9679794753809,500.0,500.0,500.0,-500.0,367.4237392765401,-448.9204195833234,500.0,-500.0,-500.0
394,0.0,0.0,0.0,0.0,0.0,-1.0,1.0,0.0,0.0,0.13788024,0.0003935351,0.0043738484,-0.11373687,0.4403314,0.39550486,-0.47474706,-0.00022760747,0.0045297146,-0.19072533,0.2676478,-0.15805693,0.12743597,-0.014400512,0.04425194,-0.06710342,-0.17005081,-0.3062704,0.14497034,-0.036659952,0.04389121,-0.08015009,0.22052033,0.18819205,-0.0,-0.0,-0.0,0.0,-0.0,-0.0,0.0,0.0,-0.0,-0.0,-0.0,0.0,500.0,-144.88303383762232,439.96721162227084,-479.37108973145024,-500.0,-500.0,500.0,-369.26572043881447,433.56051647382566,-482.2288210038393,500.0,500.0
395,0.0,0.0,0.0,0.0,0.0,-1.0,1.0,0.0,0.0,0.13402295,0.0009519143,0.0025713444,-0.110692024,0.4640176,0.39024416,-0.48068583,0.0012393608,0.0027754307,-0.18684697,0.25301343,-0.18064252,-0.116954245,0.01416509,-0.044544175,0.07007338,0.31059992,0.16041744,-0.14608034,0.03663241,-0.04381738,0.0855906,-0.26894927,-0.3135409,-0.0,-0.0,-0.0,-0.0,-0.0,-0.0,0.0,0.0,-0.0,-0.0,-0.0,0.0,-500.0,142.32591081099875,-451.4807710255966,500.0,500.0,500.0,-499.87661306376197,366.79188266555843,-447.3367160733148,500.0,-500.0,-500.0
396,0.0,0.0,0.0,0.0,0.0,-1.0,1.0,0.0,0.0,0.13992992,0.00037361102,0.004323125,-0.11313629,0.4684617,0.36614677,-0.4749729,-0.00022394267,0.0045255423,-0.18956721,0.25782126,-0.18316272,0.1270482,-0.014175636,0.044317644,-0.06705054,-0.16989,-0.30782393,0.14498383,-0.036593225,0.04373395,-0.07956548,0.21935003,0.18790148,-0.0,-0.0,-0.0,0.0,-0.0,0.0,0.0,0.0,-0.0,-0.0,-0.0,0.0,500.0,-142.68331031948753,440.5343528238459,-479.3360246160026,-500.0,-500.0,500.0,-368.6259929360373,432.00362640893997,-482.2005273799812,500.0,500.0
397,0.0,0.0,0.0,0.0,0.0,-1.0,1.0,0.0,0.0,0.13608302,0.00092441926,0.002520144,-0.11010218,0.49208286,0.3606287,-0.48089248,0.001240159,0.0027772784,-0.18567026,0.24296534,-0.20572224,-0.11661141,0.013955079,-0.04459485,0.06995205,0.30995113,0.15931274,-0.14600185,0.036571305,-0.043663096,0.08535246,-0.27001414,-0.3131304,-0.0,-0.0,-0.0,-0.0,-0.0,0.0,0.0,0.0,-0.0,-0.0,-0.0,0.0,-500.0,140.146864949832,-452.0649491971114,500.0,500.0,500.0,-500.0,366.09142011239123,-445.7642256900474,500.0,-500.0,-500.0
398,0.0,0.0,0.0,0.0,0.0,-1.0,1.0,0.0,0.0,0.14197148,0.0003556988,0.0042761564,-0.112550974,0.49647677,0.33627594,-0.47516003,-0.00022082834,0.004521072,-0.18833983,0.24755323,-0.20823091,0.1266681,-0.013959045,0.044389743,-0.06701022,-0.1698762,-0.30921963,0.14505348,-0.036518916,0.043578725,-0.07898197,0.2182261,0.18771878,-0.0,-0.0,-0.0,0.0,-0.0,0.0,0.0,0.0,-0.0,-0.0,-0.0,0.0,500.0,-140.56076019478795,441.17160267320645,-479.3033707605993,-500.0,-500.0,500.0,-367.87353950026477,430.46274329248035,-482.17495791510777,500.0,500.0
399,0.0,0.0,0.0,0.0,0.0,-1.0,1.0,0.0,0.0,0.138135,0.00089917897,0.0024722815,-0.109528065,0.5200038,0.3305348,-0.4810605,0.0012402243,0.0027787685,-0.18442607,0.23248565,-0.23074152,-0.11627423,0.013753163,-0.04465322,0.06983411,0.30915862,0.15838812,-0.14580064,0.036481157,-0.043510273,0.08510094,-0.27102813,-0.31259614,-0.0,-0.0,-0.0,-0.0,-0.0,0.0,0.0,0.0,-0.0,-0.0,-0.0,0.0,-500.0,138.05213078043138,-452.7206053723929,500.0,500.0,500.0,-499.8524922037101,365.3002984602612,-444.2068922481348,500.0,-500.0,-500.0
400,0.0,0.0,0.0,0.0,0.0,-1.0,1.0,0.0,0.0,0.14400557,0.00033960107,0.0042327642,-0.1119827,0.52431834,0.30596054,-0.4753157,-0.00021693506,0.004516244,-0.18704629,0.23686337,-0.23321643,0.12629768,-0.013752053,0.044468276,-0.066983104,-0.17001139,-0.3104521,0.14505622,-0.036435466,0.04342521,-0.07840031,0.21715076,0.18764542,-0.0,-0.0,-0.0,0.0,-0.0,0.0,0.0,0.0,-0.0,-0.0,-0.0,0.0,500.0,-138.52905128602,441.87908632476194,-479.2731627303835,-500.0,-500.0,500.0,-367.06652207914397,428.9437234401307,-482.14445985326336,500.0,500.0
401,0.0,0.0,0.0,0.0,0.0,-1.0,1.0,0.0,0.0,0.112767205,0.0050659743,-0.0033565164,-0.09633887,0.5080519,0.25925052,-0.4609835,-0.001825242,0.0028460622,-0.18308127,0.2216503,-0.25490886,-0.41125193,0.0652725,-0.081405334,0.18901661,-0.6719069,-0.8344035,0.35964617,-0.040246665,-0.041702505,0.0857443,-0.27059036,-0.29328915,-0.0,0.0,-0.0,-0.0,-0.0,0.0,0.0,0.0,-0.0,-0.0,-0.0,0.0,-279.54231837740343,-1.7610356387298542,-4.872476097229184,218.16304992005087,-500.0,-500.0,500.0,364.4324495220269,-442.67626254207727,500.0,-500.0,-500.0
402,0.0,0.0,0.0,0.0,0.0,-1.0,1.0,0.0,0.0,0.10497204,0.004009533,-0.0030676723,-0.09171319,0.5109632,0.23418766,-0.44128588,-0.00052041456,0.0044627786,-0.18558943,0.22596562,-0.25834727,-0.15592344,0.026964799,-0.013048129,0.056650992,-0.18168299,-0.33154106,0.007248045,0.019872885,0.04097459,-0.07639567,0.21633013,0.17157173,-0.0,-0.0,-0.0,-0.0,-0.0,0.0,-0.0,0.0,-0.0,-0.0,-0.0,0.0,-500.0,300.94164212644614,-46.727527161040115,191.89558518946592,-500.0,-500.0,-500.0,244.43591662989078,410.6904563329383,-479.3772733435282,500.0,500.0
403,0.0,0.0,0.0,0.0,0.0,-1.0,1.0,0.0,0.0,0.10622854,0.0027432875,-0.0013458133,-0.09194541,0.53357667,0.22865419,-0.4090657,-0.0013539315,0.0027697086,-0.18156052,0.2107374,-0.28040177,0.11407266,-0.028394056,0.04499073,-0.07083853,0.3104115,0.1758709,0.26432955,-0.020760255,-0.041331153,0.08435321,-0.271073,-0.29791462,-0.0,0.0,-0.0,0.0,-0.0,0.0,-0.0,0.0,-0.0,-0.0,-0.0,0.0,500.0,-279.62733272106925,414.66329425036963,-500.0,500.0,500.0,500.0,-209.02677007683795,-417.8719838423559,500.0,-500.0,-500.0
404,0.0,0.0,0.0,0.0,0.0,-1.0,1.0,0.0,0.0,0.096680455,0.0037289432,-0.0026580095,-0.08735788,0.53644276,0.20259903,-0.38719246,-0.000493362,0.004366219,-0.18393219,0.21495652,-0.28365585,-0.1554916,0.02695621,-0.040908273,0.085330136,-0.18316455,-0.33427566,0.006075617,0.020988582,0.040730637,-0.07580008,0.2158349,0.17142852,-0.0,-0.0,-0.0,0.0,-0.0,0.0,0.0,0.0,0.0,-0.0,-0.0,0.0,-500.0,276.3851009950824,-446.91825174869183,500.0,-500.0,-500.0,-500.0,210.04363056581585,406.4901392080898,-480.382683365927,500.0,500.0
405,0.0,0.0,0.0,0.0,0.0,-1.0,1.0,0.0,0.0,0.09793826,0.0025174438,-0.0005546808,-0.09054947,0.55907834,0.19677205,-0.35497245,-0.0013021318,0.0026898384,-0.17989063,0.19965947,-0.30562386,0.114102535,-0.02796681,0.044817988,-0.08343924,0.31083992,0.17421046,0.2644349,-0.020711502,-0.040997144,0.084014535,-0.271323,-0.2972791,-0.0,0.0,-0.0,0.0,-0.0,0.0,-0.0,0.0,-0.0,-0.0,-0.0,0.0,500.0,-276.0121640067488,414.56670803944775,-500.0,500.0,500.0,500.0,-208.701584248704,-414.7643355377133,500.0,-500.0,-500.0
406,0.0,0.0,0.0,0.0,0.0,-1.0,1.0,0.0,0.0,0.0884423,0.0035070071,-0.001901269,-0.08853102,0.56196225,0.17044775,-0.33306757,-0.0004450645,0.0042769313,-0.18221164,0.20380718,-0.3087828,-0.1552385,0.026873989,-0.04115334,0.072476104,-0.18329933,-0.33542216,0.0062662773,0.020928888,0.040432196,-0.07515373,0.21540809,0.17180023,-0.0,0.0,-0.0,0.0,-0.0,0.0,0.0,0.0,0.0,-0.0,-0.0,0.0,-500.0,274.3029185555032,-447.57321120811434,500.0,-500.0,-500.0,-500.0,209.49977932606387,403.33938156077556,-480.3543770516341,500.0,500.0
407,0.0,0.0,0.0,0.0,0.0,-1.0,1.0,0.0,0.0,0.08975573,0.0023087456,0.0001540184,-0.094237566,0.5846211,0.16434908,-0.30081812,-0.0012532272,0.0026161075,-0.17816019,0.18845206,-0.330627,0.11455237,-0.02796868,0.044250514,-0.09504991,0.3110222,0.17270485,0.26455256,-0.020665867,-0.040671404,0.08366597,-0.27152348,-0.29649866,0.0,0.0,-0.0,0.0,-0.0,0.0,-0.0,0.0,-0.0,-0.0,-0.0,0.0,500.0,-276.41616814895275,416.1962242856043,-493.57239561747474,500.0,500.0,500.0,-208.19290942177543,-411.630761896842,500.0,-500.0,-500.0
408,0.0,0.0,0.0,0.0,0.0,-1.0,1.0,0.0,0.0,0.08028741,0.003316982,-0.0014086962,-0.09373236,0.5873158,0.13777436,-0.2788801,-0.00039975188,0.0041938424,-0.18043315,0.19253922,-0.33366022,-0.15544866,0.027183935,-0.041585293,0.06647613,-0.18500225,-0.33648676,0.006464172,0.020867795,0.040139727,-0.07452148,0.21503869,0.17233068,-0.0,0.0,-0.0,0.0,-0.0,0.0,0.0,0.0,0.0,-0.0,-0.0,0.0,-500.0,276.3953058246928,-430.3527439993107,500.0,-500.0,-500.0,-500.0,208.93854201710417,400.2583179974628,-480.3289050071102,500.0,500.0
409,0.0,0.0,0.0,0.0,0.0,-1.0,1.0,0.0,0.0,0.081628546,0.002115953,0.00040650368,-0.09953749,0.60947865,0.13141547,-0.2476378,-0.0011123379,0.00254488,-0.17637575,0.17713141,-0.35536882,0.11496671,-0.028270487,0.042969353,-0.09287566,0.3081269,0.17126673,0.25111568,-0.019016271,-0.040407054,0.083292596,-0.2717367,-0.29592165,0.0,0.0,-0.0,0.0,-0.0,0.0,-0.0,0.0,0.0,-0.0,-0.0,0.0,500.0,-279.8839781158747,419.7899798167366,-477.8509498277388,500.0,500.0,478.84720642278995,-207.88565476516627,-408.5159106904461,500.0,-500.0,-500.0
410,0.0,0.0,0.0,0.0,0.0,-1.0,1.0,0.0,0.0,0.07214308,0.0031458903,-0.0011706352,-0.09887385,0.611526,0.10461345,-0.22804184,-0.00023366824,0.004117012,-0.1786077,0.18115187,-0.35822886,-0.15584391,0.02756521,-0.041898508,0.06757998,-0.18845432,-0.33744872,-0.0050354446,0.020791736,0.039951157,-0.073993005,0.21463142,0.17315106,0.0,0.0,-0.0,0.0,-0.0,0.0,-0.0,0.0,0.0,-0.0,-0.0,0.0,-500.0,279.8277341564672,-431.6573097467373,500.0,-500.0,-500.0,-500.0,208.20291586151566,397.38124475318614,-480.76507597742915,500.0,500.0
411,0.0,0.0,0.0,0.0,0.0,-1.0,1.0,0.0,0.0,0.07349884,0.0019387353,0.00064867735,-0.10455072,0.6330527,0.09802639,-0.19883431,-0.0009847619,0.0024883747,-0.17454863,0.16569096,-0.3797194,0.115344875,-0.028568616,0.043192822,-0.09248029,0.3051154,0.17000093,0.24718562,-0.020487772,-0.04005927,0.08292767,-0.27189383,-0.29434752,0.0,0.0,-0.0,0.0,-0.0,0.0,-0.0,0.0,0.0,-0.0,-0.0,0.0,500.0,-283.28234942298093,422.2975619133178,-478.1245535751077,500.0,500.0,500.0,-210.7976290917099,-406.280055849932,500.0,-500.0,-500.0
412,0.0,0.0,0.0,0.0,0.0,-1.0,1.0,0.0,0.0,0.063997984,0.0029889445,-0.0009460449,-0.103734136,0.6344363,0.071025185,-0.18085076,-8.7750945e-05,0.004055798,-0.17673993,0.16966015,-0.3823813,-0.15621783,0.027926106,-0.04217942,0.06857035,-0.1919743,-0.3382597,-0.01676804,0.021059847,0.039666835,-0.07340517,0.21429537,0.17403214,0.0,0.0,-0.0,0.0,-0.0,0.0,-0.0,0.0,0.0,-0.0,-0.0,0.0,-500.0,283.0955530534567,-434.2155059901507,500.0,-500.0,-500.0,-500.0,197.39665045154027,394.82303013642155,-480.38938794425997,500.0,500.0
413,0.0,0.0,0.0,0.0,0.0,-1.0,1.0,0.0,0.0,0.06536848,0.0017757608,0.0008752942,-0.109283924,0.655309,0.06423687,-0.15339237,-0.00086120534,0.002444446,-0.17267752,0.15415877,-0.4036323,0.11571055,-0.028852722,0.04338799,-0.09206986,0.3020086,0.16885956,0.23591363,-0.0197054,-0.039800525,0.08258638,-0.27201685,-0.2932392,0.0,0.0,-0.0,0.0,-0.0,0.0,-0.0,0.0,0.0,-0.0,-0.0,0.0,500.0,-286.5094955532555,424.56677211077977,-478.307487506719,500.0,500.0,488.52755511164344,-206.64216085558309,-404.2529620690267,500.0,-500.0,-500.0
414,0.0,0.0,0.0,0.0,0.0,-1.0,1.0,0.0,0.0,0.05585358,0.0028450082,-0.0007355213,-0.10832095,0.65601254,0.037064232,-0.13697773,-1.1500827e-05,0.004009247,-0.17483306,0.15808696,-0.406047,-0.15657233,0.0282675,-0.042434927,0.069505475,-0.19556582,-0.33892274,-0.02097195,0.020630507,0.03947822,-0.072870545,0.21405081,0.17519544,0.0,0.0,-0.0,0.0,-0.0,0.0,-0.0,0.0,0.0,-0.0,-0.0,0.0,-500.0,286.19595049797965,-436.5275045742665,500.0,-500.0,-500.0,-500.0,207.14277131910708,391.76464962346813,-480.90084343415026,500.0,500.0
415,0.0,0.0,0.0,0.0,0.0,-1.0,1.0,0.0,0.0,0.057238843,0.0016259222,0.0010874271,-0.11374736,0.67621493,0.030101238,-0.11166255,-0.0007548818,0.0024108887,-0.1707716,0.14255404,-0.42704144,0.11606357,-0.029122883,0.043562915,-0.09165337,0.29881233,0.16784117,0.23017247,-0.020522995,-0.039500803,0.082258984,-0.272083,-0.29157266,0.0,0.0,-0.0,0.0,-0.0,0.0,-0.0,0.0,0.0,-0.0,-0.0,0.0,500.0,-289.5687245485611,426.61178953542907,-478.48131078536403,500.0,500.0,500.0,-206.50892272599037,-401.41608538210585,500.0,-500.0,-500.0
416,0.0,0.0,0.0,0.0,0.0,-1.0,1.0,0.0,0.0,0.047711123,0.002713028,-0.00053817034,-0.11264384,0.6762235,0.0027844405,-0.09710168,0.00012767449,0.003970742,-0.17289639,0.14645118,-0.4292009,-0.15690829,0.028589878,-0.042665694,0.070386864,-0.19922088,-0.33944064,-0.033940565,0.020904833,0.03922584,-0.07235218,0.21381645,0.17639537,0.0,0.0,-0.0,0.0,-0.0,0.0,-0.0,0.0,0.0,-0.0,0.0,0.0,-500.0,289.13169002739534,-438.6096059725164,500.0,-500.0,-500.0,-500.0,196.01268462480422,389.46187289435665,-480.6865474255701,500.0,500.0
417,0.0,0.0,0.0,0.0,0.0,-1.0,1.0,0.0,0.0,0.049111083,0.0014881976,0.0012859702,-0.11795032,0.69574046,-0.0043271203,-0.07289894,-0.00067862065,0.0023899674,-0.16883814,0.13090277,-0.44989416,0.11640389,-0.02937916,0.043717865,-0.09122937,0.29553273,0.16694379,0.22351883,-0.020361295,-0.03923677,0.081853434,-0.2720795,-0.29006216,0.0,0.0,-0.0,0.0,-0.0,0.0,-0.0,0.0,0.0,-0.0,0.0,0.0,500.0,-292.4628000857261,428.4377145775094,-478.6455794097817,500.0,500.0,498.2990158083324,-205.43920364539403,-399.68111602937716,500.0,-500.0,-500.0
418,0.0,0.0,0.0,0.0,0.0,-1.0,1.0,0.0,0.0,0.039571676,0.0025920344,-0.00035309792,-0.116711855,0.6950408,-0.031761315,-0.05979244,0.00018658725,0.0039423704,-0.17092967,0.1347819,-0.45175934,-0.1572265,0.0288937,-0.042872407,0.071216345,-0.20293121,-0.33981636,-0.038130116,0.02049334,0.03899758,-0.071787484,0.2136888,0.17785482,0.0,0.0,-0.0,0.0,-0.0,0.0,-0.0,0.0,0.0,-0.0,0.0,0.0,-500.0,291.90538742068287,-440.4669167249662,500.0,-500.0,-500.0,-500.0,205.15610976094086,386.5330134716098,-480.6959162847435,500.0,500.0
419,0.0,0.0,0.0,0.0,0.0,-1.0,1.0,0.0,0.0,0.04098621,0.0013616456,0.0014718175,-0.12190151,0.71385884,-0.038995832,-0.037261747,-0.0005699109,0.0023730993,-0.16688061,0.119226456,-0.47215217,0.11673148,-0.029621616,0.04385319,-0.09079654,0.29217643,0.16616523,0.21359277,-0.020324364,-0.038980376,0.08143731,-0.27205703,-0.28835574,0.0,0.0,-0.0,0.0,-0.0,0.0,-0.0,0.0,0.0,-0.0,0.0,0.0,500.0,-295.1943511449443,430.0496331738715,-478.8004877091345,500.0,500.0,500.0,-208.44662830734526,-396.95781349177395,500.0,-500.0,-500.0
420,0.0,0.0,0.0,0.0,0.0,-1.0,1.0,0.0,0.0,0.031436153,0.0024811325,-0.00017946959,-0.120533586,0.7124391,-0.066521205,-0.02543924,0.0002462942,0.003921628,-0.1689421,0.123098075,-0.47368845,-0.15752774,0.029179404,-0.043055724,0.071995616,-0.20668845,-0.34005305,-0.043928504,0.020387,0.038799476,-0.07132943,0.21361256,0.17937948,0.0,0.0,-0.0,0.0,-0.0,0.0,-0.0,0.0,0.0,-0.0,0.0,0.0,-500.0,294.51952254079777,-442.10461566344964,500.0,-500.0,-500.0,-500.0,205.34385715223948,384.0813283154145,-480.98546877058897,500.0,500.0
421,0.0,0.0,0.0,0.0,0.0,-1.0,1.0,0.0,0.0,0.032865066,0.0012453977,0.0016457438,-0.12560916,0.73054606,-0.0738536,-0.00417181,-0.0005287725,0.0023637414,-0.16489828,0.10754722,-0.4937387,0.117046274,-0.029850319,0.043969255,-0.09035361,0.28875038,0.16550313,0.20966163,-0.020380614,-0.03874023,0.081098095,-0.27195296,-0.28655785,0.0,0.0,-0.0,0.0,-0.0,0.0,-0.0,0.0,0.0,-0.0,0.0,0.0,500.0,-297.7658502560324,431.45261070901597,-478.94623914521753,500.0,500.0,500.0,-204.39195109488793,-394.7518889379369,500.0,-500.0,-500.0
422,0.0,0.0,0.0,0.0,0.0,-1.0,1.0,0.0,0.0,0.02330531,0.0023794977,-1.6510487e-05,-0.12411666,0.7283961,-0.10144451,0.0062656463,0.00031617237,0.0039044619,-0.16693771,0.111423194,-0.4949418,-0.15781265,0.02944739,-0.043216318,0.072726265,-0.21048398,-0.3401537,-0.051338296,0.02033027,0.038571704,-0.07084154,0.21357942,0.18104732,0.0,0.0,-0.0,0.0,-0.0,0.0,-0.0,0.0,0.0,-0.0,0.0,0.0,-500.0,296.97642391069786,-443.52793299871144,500.0,-500.0,-500.0,-500.0,203.98765829227526,381.72749469526667,-480.8520788089923,500.0,500.0
423,0.0,0.0,0.0,0.0,0.0,-1.0,1.0,0.0,0.0,0.024748357,0.0011386531,0.0018084645,-0.12908065,0.7457814,-0.10885023,0.026252765,-0.00045003262,0.0023583174,-0.16290712,0.09588742,-0.51463264,0.11734823,-0.030065332,0.044066433,-0.08989939,0.285262,0.16495496,0.20112884,-0.020233843,-0.03850939,0.08065654,-0.2718236,-0.28466198,0.0,0.0,-0.0,0.0,-0.0,0.0,-0.0,0.0,0.0,-0.0,0.0,0.0,500.0,-300.1796042010355,432.6517626760915,-479.0830547672518,500.0,500.0,500.0,-206.52233774597832,-392.66312157699224,500.0,-500.0,-500.0
424,0.0,0.0,0.0,0.0,0.0,-1.0,1.0,0.0,0.0,0.015179774,0.00228637,0.00013637543,-0.12746835,0.7428926,-0.1364816,0.0355971,0.00035589046,0.0038934946,-0.16492176,0.099778295,-0.5154605,-0.15808183,0.02969803,-0.043354835,0.07340977,-0.2143091,-0.34012148,-0.05625846,0.020229788,0.038381316,-0.07042188,0.21361971,0.18283151,0.0,0.0,-0.0,0.0,-0.0,0.0,-0.0,0.0,0.0,-0.0,0.0,0.0,-500.0,299.2782627888416,-444.74222159945856,500.0,-500.0,-500.0,-500.0,203.99057106663452,379.4869297995498,-481.06784079869414,500.0,500.0
425,0.0,0.0,0.0,0.0,0.0,-1.0,1.0,0.0,0.0,0.016636657,0.0010406735,0.0019606948,-0.13232315,0.7595475,-0.14393666,0.05448526,-0.00042375628,0.002357006,-0.16090143,0.08426821,-0.5347633,0.11763733,-0.030266715,0.04414514,-0.08943277,0.28171897,0.16451822,0.19766042,-0.02026554,-0.038292423,0.08030384,-0.2716224,-0.28264943,0.0,0.0,-0.0,0.0,-0.0,0.0,-0.0,0.0,0.0,-0.0,0.0,0.0,500.0,-302.4377537592251,433.6523297331596,-479.21117544126935,500.0,500.0,500.0,-202.9881387208125,-390.59588108789046,500.0,-500.0,-500.0
426,0.0,0.0,0.0,0.0,0.0,-1.0,1.0,0.0,0.0,0.007060057,0.002201048,0.0002799034,-0.13059556,0.755913,-0.17158397,0.06268432,0.0004028437,0.0038844943,-0.16289973,0.08818531,-0.53520864,-0.15833576,0.029931668,-0.043471944,0.07404753,-0.21815503,-0.33995926,-0.06234624,0.020168448,0.038170926,-0.069986306,0.21370433,0.1847459,0.0,0.0,-0.0,0.0,-0.0,0.0,-0.0,0.0,0.0,-0.0,0.0,0.0,-500.0,301.4270558418053,-445.75303044477386,500.0,-500.0,-500.0,-500.0,202.77794345903274,377.3498244826623,-480.9568039619863,500.0,500.0
427,0.0,0.0,0.0,0.0,0.0,-1.0,1.0,0.0,0.0,0.008530435,0.0009507775,0.0021030307,-0.1353432,0.7718301,-0.17906491,0.080711074,-0.00038667614,0.0023585558,-0.15889513,0.07271266,-0.5541042,0.117913485,-0.030454522,0.044205815,-0.08895274,0.2781293,0.1641904,0.19250183,-0.020171842,-0.038083773,0.0798826,-0.2713797,-0.28055462,0.0,0.0,-0.0,0.0,-0.0,0.0,-0.0,-0.0,0.0,-0.0,0.0,0.0,500.0,-304.5422817894426,434.45975532447375,-479.3308629476347,500.0,500.0,500.0,-203.16060057877397,-388.69675869579544,500.0,-500.0,-500.0
428,0.0,0.0,0.0,0.0,0.0,-1.0,1.0,0.0,0.0,-0.0010534249,0.002122885,0.0004146695,-0.13350463,0.76744473,-0.20670418,0.08778238,0.0004428121,0.003878057,-0.16087663,0.07666534,-0.554139,-0.15857483,0.030148625,-0.043568317,0.0746408,-0.22201303,-0.33967,-0.068048365,0.020094067,0.037974406,-0.069582716,0.2138435,0.1867804,0.0,0.0,-0.0,0.0,-0.0,0.0,-0.0,0.0,0.0,-0.0,0.0,0.0,-500.0,303.4246756202136,-446.56617874410574,500.0,-500.0,-500.0,-500.0,201.933094344025,375.3294255712496,-480.8887116077299,500.0,500.0
429,0.0,0.0,0.0,0.0,0.0,-1.0,1.0,0.0,0.0,0.00043006983,0.000868337,0.0022361875,-0.13814688,0.78261846,-0.21418808,0.104772635,-0.0003494186,0.002361238,-0.15688956,0.06123823,-0.572606,0.118176654,-0.03062881,0.044248942,-0.088458434,0.27450114,0.16396907,0.18707862,-0.020100785,-0.037889037,0.07947706,-0.27109757,-0.27834985,0.0,0.0,-0.0,0.0,-0.0,0.0,-0.0,-0.0,0.0,-0.0,0.0,0.0,500.0,-306.4950287259736,435.07976336987934,-479.4424000417252,500.0,500.0,500.0,-202.63977013588996,-386.85338232443,500.0,-500.0,-500.0
430,0.0,0.0,0.0,0.0,0.0,-1.0,1.0,0.0,0.0,-0.0091603445,0.0020512848,0.00054115057,-0.13620138,0.7774787,-0.24179587,0.11108143,0.00046159013,0.0038750172,-0.1588577,0.065238655,-0.5722062,-0.1587994,0.030349199,-0.043644663,0.075190835,-0.22587433,-0.3392563,-0.07213232,0.020064943,0.03780038,-0.06923705,0.21404853,0.18889867,0.0,0.0,-0.0,0.0,-0.0,0.0,-0.0,0.0,0.0,-0.0,0.0,0.0,-500.0,305.27286788098,-447.1878284476769,500.0,-500.0,-500.0,-500.0,199.82634884866656,373.4922536792053,-481.0077525756001,500.0,500.0
431,0.0,0.0,0.0,0.0,0.0,-1.0,1.0,0.0,0.0,-0.007664145,0.0007927723,0.0023605824,-0.1407398,0.7919053,-0.24926026,0.12708372,-0.00031698274,0.0023651123,-0.15489006,0.049867213,-0.5902292,0.11842673,-0.030789629,0.044275045,-0.08794911,0.27084288,0.1638519,0.1818622,-0.020018904,-0.037705567,0.079070315,-0.27077007,-0.2760561,0.0,0.0,-0.0,0.0,-0.0,0.0,-0.0,-0.0,0.0,-0.0,0.0,0.0,500.0,-308.2977144412035,435.51843348940554,-479.5460896297374,500.0,500.0,500.0,-202.3625120683893,-385.0592196410574,500.0,-500.0,-500.0
432,0.0,0.0,0.0,0.0,0.0,-1.0,1.0,0.0,0.0,-0.017260443,0.0019856968,0.0006599426,-0.1386913,0.7860094,-0.2768136,0.13245262,0.00048715813,0.0038725734,-0.15684819,0.053923547,-0.58937573,-0.15900968,0.03053366,-0.04370172,0.075698726,-0.22973032,-0.33872065,-0.07704689,0.020016361,0.037630964,-0.06890438,0.21429466,0.19114026,0.0,0.0,-0.0,0.0,-0.0,0.0,-0.0,0.0,0.0,-0.0,0.0,0.0,-500.0,306.97327471149293,-447.6245528484948,500.0,-500.0,-500.0,-500.0,198.21525863908087,371.7474904459424,-481.03189522311857,500.0,500.0
433,0.0,0.0,0.0,0.0,0.0,-1.0,1.0,0.0,0.0,-0.01575198,0.0007235486,0.0024768114,-0.14312744,0.7996866,-0.2842365,0.14771226,-0.00030538556,0.0023708344,-0.15290082,0.038618267,-0.60693014,0.11866365,-0.030937035,0.044284713,-0.08742422,0.26716295,0.16383676,0.17856969,-0.019973358,-0.037532207,0.078679115,-0.27038553,-0.27368146,0.0,0.0,-0.0,0.0,-0.0,0.0,-0.0,-0.0,0.0,-0.0,0.0,0.0,500.0,-309.9519653754507,435.78227125825754,-479.6422532116509,500.0,500.0,500.0,-200.82144995251514,-383.4645783417488,500.0,-500.0,-500.0
434,0.0,0.0,0.0,0.0,0.0,-1.0,1.0,0.0,0.0,-0.025353521,0.0019256135,0.0007715225,-0.14097965,0.79303443,-0.31171283,0.15230383,0.00049555715,0.00387156,-0.15485215,0.0427413,-0.60560626,-0.15920585,0.030702269,-0.043740258,0.07616557,-0.23357244,-0.3380654,-0.080107056,0.019850595,0.037462514,-0.06856499,0.21460252,0.19349949,0.0,0.0,-0.0,0.0,-0.0,0.0,-0.0,0.0,0.0,-0.0,0.0,0.0,-500.0,308.5274623892368,-447.8833990051947,500.0,-500.0,-500.0,-500.0,200.05062452801133,369.9152716410306,-480.9822628934603,500.0,500.0
435,0.0,0.0,0.0,0.0,0.0,-1.0,1.0,0.0,0.0,-0.023833258,0.00066017243,0.0025853515,-0.14531493,0.80596185,-0.31907266,0.1667422,-0.0002860998,0.00237602,-0.15092707,0.027510762,-0.62268,0.11888728,-0.031071076,0.044278573,-0.08688337,0.26346987,0.16392182,0.17352472,-0.019649124,-0.037384953,0.07829527,-0.2699699,-0.27128145,0.0,0.0,-0.0,0.0,-0.0,0.0,-0.0,-0.0,0.0,-0.0,0.0,0.0,500.0,-311.4593458419057,435.87827107915933,-479.7312287403744,500.0,500.0,496.0874943955068,-199.18604442059362,-381.74255278295874,500.0,-500.0,-500.0
436,0.0,0.0,0.0,0.0,0.0,-1.0,1.0,0.0,0.0,-0.033439424,0.0018705672,0.0008762479,-0.14307117,0.7985551,-0.34644988,0.1705798,0.0005082325,0.003871441,-0.15287542,0.03170955,-0.620867,-0.15938804,0.030855278,-0.0437611,0.07659237,-0.23739234,-0.33729246,-0.08412465,0.019814769,0.03732371,-0.06830456,0.21495049,0.19592473,0.0,0.0,-0.0,0.0,-0.0,0.0,-0.0,0.0,0.0,-0.0,0.0,0.0,-500.0,309.936952942189,-447.9719417940222,500.0,-500.0,-500.0,-500.0,198.0483360585935,368.4133255421365,-481.1326585064331,500.0,500.0
437,0.0,0.0,0.0,0.0,0.0,-1.0,1.0,0.0,0.0,-0.03190785,0.00060218835,0.0026866794,-0.1473068,0.8107339,-0.3537254,0.18417819,-0.00026442506,0.0023818612,-0.14897633,0.016562402,-0.63744277,0.11909753,-0.03119182,0.044257335,-0.08632641,0.25977215,0.16410534,0.16957997,-0.01979785,-0.03721982,0.07787826,-0.26950762,-0.26869157,0.0,0.0,-0.0,0.0,-0.0,0.0,-0.0,-0.0,0.0,-0.0,0.0,0.0,500.0,-312.82139247013214,435.81396940578185,-479.8133680294772,500.0,500.0,500.0,-200.24289593078285,-380.2688685340942,500.0,-500.0,-500.0
438,0.0,0.0,0.0,0.0,0.0,-1.0,1.0,0.0,0.0,-0.04151804,0.0018201262,0.00097465515,-0.14497077,0.8025758,-0.3809817,0.18727513,0.0005134814,0.0038716793,-0.15092146,0.020845413,-0.6351211,-0.15955624,0.030992925,-0.043765113,0.0769801,-0.2411818,-0.33640376,-0.08726307,0.019682646,0.037172746,-0.06802217,0.21534982,0.19845927,0.0,0.0,-0.0,0.0,-0.0,0.0,-0.0,0.0,0.0,-0.0,0.0,0.0,-500.0,311.2032584477359,-447.8983275299806,500.0,-500.0,-500.0,-500.0,198.83798350856105,366.8521905481559,-481.05927169730217,500.0,500.0
439,0.0,0.0,0.0,0.0,0.0,-1.0,1.0,0.0,0.0,-0.039975658,0.000549176,0.0027812123,-0.14910793,0.8140089,-0.38815203,0.20034137,-0.000261492,0.0023880005,-0.14704692,0.00579232,-0.65118295,0.11929424,-0.03129933,0.044221755,-0.085753396,0.25607827,0.164386,0.1653311,-0.019287445,-0.03710329,0.07750617,-0.26900074,-0.2661984,0.0,0.0,-0.0,0.0,-0.0,0.0,-0.0,-0.0,0.0,-0.0,0.0,0.0,500.0,-314.03965084102606,435.5974862519836,-479.8890338271335,500.0,500.0,493.0640167745262,-197.5933745035337,-378.8581141970648,500.0,-500.0,-500.0
440,0.0,0.0,0.0,0.0,0.0,-1.0,1.0,0.0,0.0,-0.049589284,0.001773893,0.0010670424,-0.14668274,0.8051044,-0.41526598,0.20268351,0.00052196585,0.003872037,-0.14899516,0.010168493,-0.6483431,-0.1597105,0.031115446,-0.04375323,0.07732969,-0.24493296,-0.33540085,-0.090954326,0.01960471,0.037051145,-0.06780172,0.21578729,0.20106404,0.0,0.0,-0.0,0.0,-0.0,0.0,-0.0,0.0,0.0,-0.0,0.0,0.0,-500.0,312.32791720671344,-447.67130528045305,500.0,-500.0,-500.0,-500.0,197.99978929548965,365.48615501206007,-481.17659234851425,500.0,500.0
441,0.0,0.0,0.0,0.0,0.0,-1.0,1.0,0.0,0.0,-0.04803661,0.0005007474,0.002869308,-0.1507225,0.81579626,-0.42231044,0.21520142,-0.00026978692,0.002394855,-0.1451478,-0.0047826767,-0.66387284,0.119477294,-0.03139369,0.044172667,-0.08516459,0.25239658,0.1647627,0.16498888,-0.01968763,-0.03694549,0.07712763,-0.26843408,-0.26343927,0.0,0.0,-0.0,0.0,0.0,0.0,-0.0,-0.0,0.0,-0.0,0.0,0.0,500.0,-315.11571347534317,435.2375531732344,-479.9585966532543,500.0,500.0,500.0,-197.24150397656618,-377.57972686698406,500.0,-500.0,-500.0
442,0.0,0.0,0.0,0.0,0.0,-1.0,1.0,0.0,0.0,-0.057653084,0.0017315014,0.0011538267,-0.14821148,0.80615187,-0.44926074,0.21699604,0.0005238455,0.0038722157,-0.1470995,-0.00030320883,-0.66050357,-0.15985073,0.03122308,-0.043726426,0.07764205,-0.24863814,-0.3342851,-0.09406282,0.019538471,0.036892448,-0.06754347,0.21627443,0.20373988,0.0,0.0,-0.0,0.0,-0.0,0.0,-0.0,0.0,0.0,-0.0,0.0,0.0,-500.0,313.3125310403856,-447.30024423175155,500.0,-500.0,-500.0,-500.0,196.81249791120422,364.1678442348326,-480.8457572211875,500.0,500.0
443,0.0,0.0,0.0,0.0,0.0,-1.0,1.0,0.0,0.0,-0.056090653,0.0004565444,0.0029515028,-0.15215504,0.81610864,-0.4561589,0.2288976,-0.00025921056,0.0023998022,-0.14328063,-0.015144706,-0.6754941,0.11964653,-0.03147499,0.044110965,-0.084560536,0.24873534,0.16523464,0.16024296,-0.019285178,-0.03684182,0.076750286,-0.2678532,-0.2607889,0.0,0.0,-0.0,0.0,0.0,0.0,-0.0,-0.0,0.0,-0.0,0.0,0.0,500.0,-316.05125845366973,434.743526205724,-480.0224314816255,500.0,500.0,495.18289906395887,-195.95214115602207,-376.3224986729501,500.0,-500.0,-500.0
444,0.0,0.0,0.0,0.0,0.0,-1.0,1.0,0.0,0.0,-0.065709405,0.001692614,0.0012353063,-0.1495614,0.80573237,-0.48292458,0.23021293,0.0005148098,0.0038737059,-0.14523876,-0.010554194,-0.67157537,-0.15997688,0.031316068,-0.043685753,0.07791809,-0.25228998,-0.3330578,-0.09603177,0.01944521,0.036797795,-0.06738698,0.21680856,0.20647414,0.0,0.0,-0.0,0.0,-0.0,0.0,-0.0,0.0,0.0,-0.0,0.0,0.0,-500.0,314.158803069561,-446.79513576398966,500.0,-500.0,-500.0,-500.0,196.41545789223977,362.9809005564111,-481.09030963698405,500.0,500.0
445,0.0,0.0,0.0,0.0,0.0,-1.0,1.0,0.0,0.0,-0.06413776,0.00041623643,0.0030280352,-0.15340984,0.81496173,-0.48965618,0.24151847,-0.00025812915,0.0024050474,-0.1414504,-0.025277793,-0.68601555,0.11980181,-0.03154334,0.04403761,-0.08394202,0.24510255,0.16580133,0.15838699,-0.019504642,-0.036709975,0.07637232,-0.2672188,-0.25795275,0.0,0.0,-0.0,0.0,0.0,0.0,-0.0,-0.0,0.0,-0.0,0.0,0.0,500.0,-316.8480880565268,434.12538259503134,-480.08091433433714,500.0,500.0,500.0,-196.3471721508469,-375.1053400467441,500.0,-500.0,-500.0
446,0.0,0.0,0.0,0.0,0.0,-1.0,1.0,0.0,0.0,-0.0737582,0.001656921,0.0013118386,-0.15073657,0.80386317,-0.51621634,0.24241579,0.00050662935,0.0038743615,-0.14341605,-0.020567834,-0.6815389,-0.16008888,0.031394657,-0.043632295,0.078158684,-0.25588152,-0.33171988,-0.09811647,0.019363647,0.03667518,-0.06720393,0.2173821,0.20927177,0.0,0.0,-0.0,0.0,-0.0,0.0,-0.0,0.0,0.0,-0.0,0.0,0.0,-500.0,314.86857543593675,-446.1665792322378,500.0,-500.0,-500.0,-500.0,195.63540687483507,361.8518204458157,-480.9634110809453,500.0,500.0
447,0.0,0.0,0.0,0.0,0.0,-1.0,1.0,0.0,0.0,-0.07217789,0.00037951837,0.0030992627,-0.15449119,0.81237423,-0.52276117,0.25324622,-0.00026808752,0.0024097562,-0.13965714,-0.03516537,-0.69541603,0.11994298,-0.031598877,0.043953635,-0.08331006,0.24150603,0.16646254,0.15682751,-0.01945755,-0.036605265,0.07603391,-0.26654324,-0.25513798,0.0,0.0,-0.0,0.0,0.0,0.0,-0.0,-0.0,0.0,-0.0,0.0,0.0,500.0,-317.50816691022186,433.39370053589187,-480.1344188445342,500.0,500.0,500.0,-194.42487477711737,-373.9798876912628,500.0,-500.0,-500.0
448,0.0,0.0,0.0,0.0,0.0,-1.0,1.0,0.0,0.0,-0.08179945,0.0016241373,0.0013836622,-0.1517415,0.80056435,-0.5490951,0.25368646,0.0005014801,0.0038745403,-0.14163458,-0.030328512,-0.69037455,-0.1601866,0.03145912,-0.04356721,0.07836473,-0.25940615,-0.33027232,-0.10050278,0.019287562,0.036567356,-0.06705296,0.217989,0.2121249,0.0,0.0,-0.0,0.0,-0.0,0.0,-0.0,-0.0,0.0,-0.0,0.0,0.0,-500.0,315.443866508812,-445.42575085113435,500.0,-500.0,-500.0,-500.0,194.6432666628877,360.81851885086655,-480.8905928311247,500.0,500.0
449,0.0,0.0,0.0,0.0,0.0,-1.0,1.0,0.0,0.0,-0.080211036,0.00034610849,0.003165543,-0.15540338,0.8083677,-0.5554331,0.2641264,-0.00027219256,0.002413988,-0.13790727,-0.044792056,-0.70368105,0.12006991,-0.031641763,0.043860115,-0.08266594,0.23795334,0.16721831,0.15437792,-0.019300079,-0.036511403,0.07567671,-0.26583493,-0.252304,0.0,0.0,-0.0,0.0,0.0,0.0,-0.0,-0.0,0.0,-0.0,0.0,0.0,500.0,-318.03365920086435,432.55962157231755,-480.18331283982855,500.0,500.0,498.9370623982687,-193.55381943834976,-373.0024739927049,500.0,-500.0,-500.0
450,0.0,0.0,0.0,0.0,0.0,-1.0,1.0,0.0,0.0,-0.08983314,0.0015940013,0.0014510751,-0.1525805,0.7958588,-0.5815201,0.26411694,0.0004985373,0.0038743615,-0.13989758,-0.039821208,-0.6980646,-0.16026996,0.031509735,-0.0434917,0.07853715,-0.26285762,-0.32871595,-0.103224814,0.019256886,0.036472872,-0.06694267,0.21862867,0.21501608,0.0,-0.0,-0.0,0.0,0.0,0.0,-0.0,-0.0,0.0,-0.0,0.0,0.0,-500.0,315.8869071806214,-444.58435551660665,500.0,-500.0,-500.0,-500.0,192.28253755646892,359.9615356894301,-480.87248418882706,500.0,500.0
451,0.0,0.0,0.0,0.0,0.0,-1.0,1.0,0.0,0.0,-0.088237196,0.00031574685,0.0032271743,-0.15615106,0.8029664,-0.58763117,0.2741702,-0.00027557663,0.0024175644,-0.13620257,-0.054143548,-0.71079206,0.12018248,-0.031672176,0.043758195,-0.08201117,0.23445165,0.16806895,0.15194452,-0.019158106,-0.036423918,0.07532332,-0.26509097,-0.24943125,0.0,0.0,-0.0,0.0,0.0,0.0,-0.0,-0.0,0.0,-0.0,0.0,0.0,500.0,-318.426964572538,431.6347957670925,-480.22795499800395,500.0,500.0,498.16497196440605,-192.80587033302433,-372.17740984745575,500.0,-500.0,-500.0
452,0.0,0.0,0.0,0.0,0.0,-1.0,1.0,0.0,0.0,-0.097850464,0.0015605566,0.0015143156,-0.15326321,0.7897732,-0.6128072,0.27375647,0.0004891372,0.0038740635,-0.13820708,-0.049031734,-0.70459163,-0.16030434,0.031536568,-0.043407213,0.07861068,-0.26621673,-0.32170436,-0.10505845,0.01916275,0.03638668,-0.06684352,0.2193084,0.21795669,0.0,-0.0,-0.0,0.0,0.0,0.0,-0.0,-0.0,0.0,-0.0,0.0,0.0,-500.0,316.5543797497187,-444.17480094994374,500.0,-500.0,-500.0,-500.0,191.75225310365303,359.07211228316436,-480.8700085525114,500.0,500.0
453,0.0,0.0,0.0,0.0,0.0,-1.0,1.0,0.0,0.0,-0.073020756,-0.0037580489,0.0026457906,-0.15177643,0.75674105,-0.49984998,0.2585922,0.00032967865,-0.0036641955,-0.11980307,-0.05082643,-0.6764941,-0.08484777,0.024781598,-0.04505652,0.08044473,0.2171017,0.16551508,-0.040133107,-0.0049139285,0.019224137,0.0017834491,-0.03804187,-0.25287697,0.0,0.0,-0.0,0.0,0.0,0.0,-0.0,-0.0,0.0,-0.0,0.0,0.0,-219.24672017066112,7.670043850855423,-431.8814176714543,500.0,500.0,-500.0,86.15134989704791,211.7619458827476,25.905340464182466,-82.64998251435384,-500.0,-500.0
454,0.0,0.0,0.0,0.0,0.0,-1.0,1.0,0.0,0.0,-0.059250444,-0.004142931,0.0055547953,-0.1541059,0.74326533,-0.5239706,0.25174084,0.00012995882,-0.0036203265,-0.115962505,-0.0031110644,-0.668631,0.16837437,-0.016674878,0.054287005,-0.071465254,-0.25746155,-0.31232646,-0.14811309,0.019416053,-0.045901556,0.08607905,0.43429166,0.2349401,0.0,0.0,-0.0,0.0,0.0,0.0,-0.0,-0.0,0.0,-0.0,0.0,0.0,500.0,-179.9543431409462,467.2021562061262,-479.50331649960367,-500.0,-500.0,-500.0,197.04667036428972,-500.0,500.0,500.0,500.0
455,0.0,0.0,0.0,0.0,0.0,-1.0,1.0,0.0,0.0,-0.05524686,-0.0032595939,0.0039498806,-0.15033555,0.74877936,-0.528381,0.25270376,-0.00060564064,-9.471178e-05,-0.119174,0.024975061,-0.6802272,-0.07890859,0.018451806,-0.051565092,0.082814485,0.21736236,0.17177124,0.106444255,-0.01877146,0.059923828,-0.083817475,-0.057661425,-0.2532225,0.0,0.0,-0.0,0.0,0.0,0.0,-0.0,-0.0,0.0,-0.0,0.0,0.0,-500.0,174.80144355401814,-500.0,500.0,500.0,500.0,500.0,-191.813606862711,465.4311015443338,-500.0,-500.0,-500.0
456,0.0,0.0,0.0,0.0,0.0,-1.0,1.0,0.0,0.0,-0.04133433,-0.0037927416,0.0065965056,-0.15299773,0.73522717,-0.55172294,0.24340089,0.00017409396,-0.00087445974,-0.11698675,0.07070398,-0.6719016,0.1685351,-0.016712531,0.056210637,-0.0772004,-0.2579119,-0.30912906,-0.14821409,0.018757084,-0.046471484,0.07395425,0.419313,0.23817916,0.0,0.0,-0.0,0.0,-0.0,0.0,-0.0,-0.0,0.0,-0.0,0.0,0.0,500.0,-177.57843567376963,495.91694239267235,-500.0,-500.0,-500.0,-500.0,186.21520330344785,-500.0,500.0,500.0,500.0
457,0.0,0.0,0.0,0.0,0.0,-1.0,1.0,0.0,0.0,-0.03730434,-0.0029292437,0.004852712,-0.14926052,0.74059445,-0.55536646,0.24418902,-0.00053478865,0.0023706555,-0.12202191,0.09571028,-0.6827847,-0.07876272,0.018293986,-0.049452722,0.07803217,0.21709512,0.17559735,0.1052328,-0.018264467,0.059299745,-0.09235378,-0.07417858,-0.24953382,0.0,0.0,-0.0,0.0,0.0,0.0,-0.0,-0.0,0.0,-0.0,0.0,0.0,-500.0,174.4745466008075,-500.0,500.0,500.0,500.0,500.0,-186.32301177366543,485.98754954769504,-500.0,-500.0,-500.0
458,0.0,0.0,0.0,0.0,0.0,-1.0,1.0,0.0,0.0,-0.02336565,-0.0034725552,0.007414639,-0.15198898,0.7268782,-0.5779594,0.23481406,0.00022764283,0.0010421276,-0.1203233,0.13876873,-0.673625,0.16869037,-0.016702997,0.054291427,-0.074624114,-0.2591325,-0.3054451,-0.14811684,0.018408,-0.04803367,0.07124947,0.4007817,0.24229622,0.0,0.0,-0.0,0.0,-0.0,0.0,-0.0,0.0,0.0,-0.0,0.0,0.0,500.0,-176.88372978454277,485.6788188724508,-479.91456438357847,-500.0,-500.0,-500.0,182.67701943514328,-500.0,500.0,488.7011361666945,500.0
459,0.0,0.0,0.0,0.0,0.0,-1.0,1.0,0.0,0.0,-0.019311097,-0.0026244812,0.005765438,-0.14860666,0.7321204,-0.58083653,0.23554859,-0.0004710328,0.003922045,-0.1250906,0.16080838,-0.6835965,-0.078697264,0.018188367,-0.05038461,0.078781016,0.21645485,0.17981373,0.10471983,-0.01797257,0.053954016,-0.08305432,-0.08347657,-0.24425486,0.0,0.0,-0.0,0.0,0.0,0.0,-0.0,-0.0,0.0,-0.0,0.0,0.0,-500.0,173.79070972533182,-500.0,500.0,500.0,500.0,500.0,-183.490433312667,469.8524884060111,-448.4015797435776,-500.0,-500.0
460,0.0,0.0,0.0,0.0,0.0,-1.0,1.0,0.0,0.0,-0.0053423885,-0.003179124,0.008297026,-0.1514144,0.71824086,-0.6026616,0.22617075,0.00027848006,0.0024589896,-0.123215795,0.20040727,-0.6735347,0.16890961,-0.016750833,0.05583797,-0.07792665,-0.2599073,-0.3019746,-0.14782302,0.018160256,-0.049306866,0.072886124,0.3854347,0.24678932,0.0,0.0,-0.0,0.0,-0.0,0.0,-0.0,0.0,0.0,-0.0,0.0,0.0,500.0,-176.53297540483663,500.0,-500.0,-500.0,-500.0,-500.0,180.04285324319835,-500.0,500.0,500.0,500.0
461,0.0,0.0,0.0,0.0,0.0,-1.0,1.0,0.0,0.0,-0.0012610538,-0.0023441592,0.0065719485,-0.14796114,0.7233215,-0.60473293,0.22687747,-0.00041442583,0.0053275824,-0.12794173,0.21946192,-0.6826038,-0.078604266,0.0180967,-0.04935124,0.07666808,0.21598566,0.18392542,0.10430702,-0.017799081,0.057341434,-0.08884471,-0.097996354,-0.24012087,0.0,0.0,-0.0,0.0,0.0,0.0,-0.0,-0.0,0.0,-0.0,0.0,0.0,-500.0,173.75833318469336,-500.0,500.0,500.0,500.0,500.0,-181.27992927177561,492.18131265190704,-487.35140376945685,-500.0,-500.0
462,0.0,0.0,0.0,0.0,0.0,-1.0,1.0,0.0,0.0,0.012736924,-0.0029077327,0.009038031,-0.15072787,0.70927334,-0.62576425,0.21750589,0.000324061,0.003965378,-0.12625217,0.2575441,-0.6716656,0.16907747,-0.016728055,0.051233184,-0.070041664,-0.261445,-0.29773247,-0.14751719,0.017928388,-0.047739357,0.070008785,0.37568775,0.25091276,0.0,0.0,-0.0,0.0,-0.0,0.0,-0.0,0.0,0.0,-0.0,0.0,0.0,500.0,-176.16680971541777,468.78684769870915,-447.7300369389741,-500.0,-500.0,-500.0,178.07632463264787,-500.0,500.0,489.3538915390647,500.0
463,0.0,0.0,0.0,0.0,0.0,-1.0,1.0,0.0,0.0,0.016841173,-0.0020854783,0.007276833,-0.14730465,0.7142139,-0.6270139,0.21819441,-0.0003614853,0.0065109134,-0.13030005,0.27469712,-0.67977864,-0.07855673,0.018027412,-0.049649734,0.07665082,0.21544972,0.18825959,0.10393238,-0.017589316,0.05627224,-0.086258404,-0.10719549,-0.23528834,0.0,0.0,-0.0,0.0,0.0,0.0,-0.0,-0.0,0.0,-0.0,0.0,0.0,-500.0,173.46589642617485,-500.0,500.0,500.0,500.0,500.0,-179.04940966173118,487.5165324660991,-479.83520606069436,-500.0,-500.0
464,0.0,0.0,0.0,0.0,0.0,-1.0,1.0,0.0,0.0,0.030865734,-0.0026589592,0.0097388625,-0.15017295,0.7000219,-0.64723766,0.20883107,0.0003667753,0.005036354,-0.12834632,0.31059003,-0.6679286,0.16927104,-0.016769212,0.05151236,-0.07110342,-0.26225832,-0.29389116,-0.14720677,0.017709935,-0.04967898,0.07371557,0.3615056,0.2555341,0.0,0.0,-0.0,0.0,-0.0,0.0,-0.0,0.0,0.0,-0.0,0.0,0.0,500.0,-176.01363428808006,470.7987688941322,-450.1867213402186,-500.0,-500.0,-500.0,175.72948694345553,-500.0,500.0,486.28996212579875,500.0
465,0.0,0.0,0.0,0.0,0.0,-1.0,1.0,0.0,0.0,0.03499013,-0.0018469292,0.007950425,-0.14679551,0.704834,-0.64764816,0.20949683,-0.0003127068,0.0077674985,-0.1326834,0.32502207,-0.67516243,-0.07852109,0.017971821,-0.05031239,0.07745858,0.21488476,0.19271909,0.1035666,-0.017383492,0.05592933,-0.08522303,-0.12061211,-0.23057047,0.0,0.0,-0.0,0.0,0.0,0.0,-0.0,-0.0,0.0,-0.0,0.0,0.0,-500.0,173.3436027682025,-500.0,500.0,500.0,500.0,500.0,-176.9429217150376,488.11755786454404,-480.2698888712023,-500.0,-500.0
466,0.0,0.0,0.0,0.0,0.0,-1.0,1.0,0.0,0.0,0.049041256,-0.002430682,0.01046288,-0.14984632,0.69051206,-0.6670516,0.20013905,0.0004050682,0.006233871,-0.13060665,0.35879916,-0.6624151,0.16948017,-0.016844224,0.054511428,-0.077127844,-0.26267454,-0.29026562,-0.14690238,0.017487051,-0.049879722,0.07370343,0.36174798,0.25983784,0.0,0.0,-0.0,0.0,-0.0,0.0,-0.0,0.0,0.0,-0.0,0.0,0.0,500.0,-176.00355640079675,487.488636789251,-480.68278924707374,-500.0,-500.0,-500.0,173.64621594839915,-500.0,500.0,500.0,500.0
467,0.0,0.0,0.0,0.0,0.0,-1.0,1.0,0.0,0.0,0.053183153,-0.0016272669,0.008763015,-0.14673436,0.69522196,-0.6666197,0.20079072,-0.0002675787,0.008870423,-0.13473547,0.37231857,-0.66873425,-0.07851156,0.017925112,-0.050590035,0.07753558,0.21442495,0.19720922,0.10324582,-0.017171634,0.05426382,-0.081778385,-0.1263047,-0.2256784,0.0,0.0,-0.0,0.0,0.0,0.0,-0.0,-0.0,0.0,-0.0,0.0,0.0,-500.0,173.30602209811852,-500.0,500.0,500.0,500.0,500.0,-174.82718748113177,481.09033716571514,-467.00732141343207,-500.0,-500.0
468,0.0,0.0,0.0,0.0,0.0,-1.0,1.0,0.0,0.0,0.06726036,-0.0022200262,0.011267245,-0.14985955,0.6807729,-0.68517864,0.19144279,0.00044103092,0.007108152,-0.13219094,0.40443537,-0.6550714,0.16969325,-0.016893875,0.054890495,-0.07830588,-0.26338747,-0.2862476,-0.1466018,0.017279407,-0.053640228,0.08075415,0.35148406,0.26460725,0.0,0.0,-0.0,0.0,-0.0,0.0,-0.0,0.0,0.0,-0.0,0.0,0.0,500.0,-176.00802588813363,489.82558665289287,-484.43607130045405,-500.0,-500.0,-500.0,171.2001932171915,-500.0,500.0,500.0,500.0
469,0.0,0.0,0.0,0.0,0.0,-1.0,1.0,0.0,0.0,0.07141977,-0.0014253376,0.009607315,-0.14689684,0.68537873,-0.68388313,0.19208114,-0.00022627044,0.009695351,-0.1361748,0.41643625,-0.6604875,-0.07850959,0.017883798,-0.049507733,0.0752215,0.21415746,0.20159832,0.10292152,-0.016975824,0.054072298,-0.08106425,-0.13315131,-0.22101818,0.0,0.0,-0.0,0.0,-0.0,0.0,-0.0,-0.0,0.0,-0.0,0.0,0.0,-500.0,173.4972995126646,-500.0,500.0,500.0,500.0,500.0,-172.7436447614267,481.8649286590404,-468.8897577488702,-500.0,-500.0
470,0.0,0.0,0.0,0.0,0.0,-1.0,1.0,0.0,0.0,0.08552245,-0.0020255365,0.011931598,-0.1497519,0.67078626,-0.70155984,0.18274112,0.000472613,0.007897198,-0.13352978,0.44623938,-0.64594644,0.16989125,-0.016920803,0.05305762,-0.07526953,-0.26434276,-0.28186548,-0.14632171,0.01706597,-0.05373711,0.08097709,0.33764195,0.26879478,0.0,0.0,-0.0,0.0,-0.0,0.0,-0.0,0.0,0.0,-0.0,0.0,0.0,500.0,-176.0018381368615,478.9450258550283,-465.3405528503693,-500.0,-500.0,-500.0,169.1379225713042,-500.0,500.0,500.0,500.0
471,0.0,0.0,0.0,0.0,0.0,-1.0,1.0,0.0,0.0,0.08969938,-0.0012373545,0.010052323,-0.14642215,0.6752585,-0.69935364,0.18336329,-0.00018811483,0.010429382,-0.1373812,0.45616463,-0.6504705,-0.078497835,0.017864814,-0.053497564,0.082452886,0.21326816,0.2066816,0.102604054,-0.016781693,0.053846754,-0.08039073,-0.14253162,-0.21640502,0.0,0.0,-0.0,0.0,-0.0,0.0,-0.0,-0.0,0.0,-0.0,0.0,0.0,-500.0,173.1369629821013,-500.0,500.0,500.0,500.0,500.0,-170.6924514221242,482.8111522057277,-470.46814359481766,-500.0,-500.0
472,0.0,0.0,0.0,0.0,0.0,-1.0,1.0,0.0,0.0,0.10382649,-0.001847282,0.012564242,-0.14967549,0.66057664,-0.7161789,0.17403369,0.0005009846,0.008602619,-0.13467884,0.48462224,-0.63506573,0.17008561,-0.016990004,0.05553769,-0.080266386,-0.26469535,-0.27793744,-0.14602967,0.01685535,-0.053407963,0.080274545,0.33182132,0.27284837,0.0,0.0,-0.0,0.0,-0.0,0.0,-0.0,0.0,0.0,-0.0,0.0,0.0,500.0,-176.1258990204312,492.65308974829344,-490.6553686734947,-500.0,-500.0,-500.0,167.17442188045598,-500.0,500.0,500.0,500.0
473,0.0,0.0,0.0,0.0,0.0,-1.0,1.0,0.0,0.0,0.108018,-0.0010668921,0.0108290315,-0.14668489,0.6649755,-0.7130957,0.17464365,-0.00015326805,0.011107147,-0.13846254,0.49344566,-0.6387142,-0.078496955,0.017821986,-0.049598623,0.075020485,0.2133997,0.21081376,0.10231375,-0.016602086,0.055063725,-0.08243945,-0.14769104,-0.21203004,0.0,0.0,-0.0,0.0,-0.0,0.0,-0.0,-0.0,0.0,-0.0,0.0,0.0,-500.0,173.74225744634725,-500.0,500.0,500.0,500.0,500.0,-168.68013311395057,491.9741119155592,-487.0769008150861,-500.0,-500.0
474,0.0,0.0,0.0,0.0,0.0,-1.0,1.0,0.0,0.0,0.12216638,-0.0016820326,0.013126731,-0.14961314,0.65016854,-0.7290059,0.16532172,0.00052528904,0.009464145,-0.13606656,0.5195138,-0.6224859,0.17026475,-0.017008496,0.053429272,-0.07671231,-0.2655624,-0.27334931,-0.14577146,0.016634734,-0.04873928,0.071677834,0.32222387,0.27628043,0.0,0.0,-0.0,0.0,-0.0,0.0,-0.0,0.0,0.0,-0.0,0.0,0.0,500.0,-176.119463982294,480.59338641194825,-468.820672936594,-500.0,-500.0,-500.0,165.63213892340968,-500.0,500.0,500.0,500.0
475,0.0,0.0,0.0,0.0,0.0,-1.0,1.0,0.0,0.0,0.12637214,-0.0009068114,0.0112118125,-0.14633775,0.6544598,-0.7249921,0.16591805,-0.00012072528,0.011623681,-0.13919246,0.5263559,-0.6252339,-0.07850361,0.01781203,-0.05431779,0.08349382,0.21254264,0.21610563,0.10202261,-0.01641103,0.054612517,-0.081403196,-0.15725361,-0.20751086,0.0,0.0,-0.0,0.0,-0.0,0.0,-0.0,-0.0,0.0,-0.0,0.0,0.0,-500.0,173.2105618970091,-500.0,500.0,500.0,500.0,500.0,-166.62030497709986,491.20657614860016,-486.2916713891048,-500.0,-500.0
476,0.0,0.0,0.0,0.0,0.0,-1.0,1.0,0.0,0.0,0.14054157,-0.0015303273,0.013667047,-0.14961815,0.63957983,-0.7400232,0.15660991,0.00054848084,0.009935379,-0.13672793,0.55206203,-0.6081699,0.17043476,-0.017047351,0.053649884,-0.07753593,-0.26607987,-0.26899046,-0.14548998,0.01643154,-0.04879598,0.0718233,0.3137999,0.28023747,0.0,0.0,-0.0,0.0,-0.0,0.0,-0.0,0.0,0.0,-0.0,0.0,0.0,500.0,-176.2058338802283,482.3002875191853,-471.0185870179719,-500.0,-500.0,-500.0,163.64963318321114,-500.0,500.0,491.8285462948827,500.0
477,0.0,0.0,0.0,0.0,0.0,-1.0,1.0,0.0,0.0,0.12566024,0.0011213629,0.0120368,-0.14459658,0.6044184,-0.696935,0.15719444,-9.080205e-05,0.012045264,-0.13974011,0.5572761,-0.610072,-0.05672325,-0.0035591107,0.02046632,-0.025418853,0.21562265,0.21717083,0.10173988,-0.016218912,0.054267418,-0.080605835,-0.16518061,-0.20308308,0.0,0.0,-0.0,0.0,-0.0,0.0,-0.0,-0.0,0.0,-0.0,0.0,0.0,500.0,-500.0,500.0,-500.0,500.0,-500.0,500.0,-164.62286427176628,491.13210788558484,-486.6523554846505,-500.0,-500.0
478,0.0,0.0,0.0,0.0,0.0,-1.0,1.0,0.0,0.0,0.123869285,0.00068917894,0.010299265,-0.1357193,0.58799744,-0.7106469,0.14789756,0.00056929333,0.010314107,-0.13719547,0.5816407,-0.5921905,0.09030687,-0.01606191,-0.039245714,0.10297159,-0.27978083,-0.2532983,-0.14519794,0.016227355,-0.048915282,0.07181786,0.31322956,0.2840993,0.0,0.0,-0.0,0.0,-0.0,0.0,-0.0,0.0,0.0,-0.0,0.0,0.0,500.0,-160.70061291546014,-404.79024190171356,500.0,-500.0,-500.0,-500.0,161.67439579591607,-500.0,500.0,500.0,500.0
479,0.0,0.0,0.0,0.0,0.0,-1.0,1.0,0.0,0.0,0.112434685,0.0012572305,0.011719406,-0.1343,0.5913501,-0.7055526,0.14847359,-6.328028e-05,0.012367308,-0.14010036,0.58617914,-0.5932648,-0.15529498,0.015212257,0.037777808,-0.056453135,0.21442571,0.21132648,0.101463355,-0.016028648,0.054113757,-0.08016182,-0.17291111,-0.1987636,0.0,0.0,-0.0,0.0,-0.0,0.0,-0.0,-0.0,0.0,-0.0,0.0,0.0,-500.0,157.12989902547886,369.70368374898084,-500.0,500.0,500.0,500.0,-162.64792758883462,491.8252915380281,-489.01446058427706,-500.0,-500.0
480,0.0,0.0,0.0,0.0,0.0,-1.0,1.0,0.0,0.0,0.10858567,0.0006958128,0.0051933527,-0.11530268,0.55209404,-0.71805984,0.13918811,0.0005880449,0.010553837,-0.13739228,0.6089151,-0.57458097,-0.1528918,0.027583713,0.036892157,-0.036679756,-0.06053545,-0.27470058,-0.14491859,0.016026191,-0.049294557,0.07253216,0.3048477,0.28788945,0.0,0.0,-0.0,0.0,-0.0,0.0,-0.0,0.0,0.0,-0.0,0.0,0.0,-500.0,279.91472761406567,-45.46938212303786,-360.595391317875,500.0,-500.0,-500.0,159.7034877005392,-500.0,500.0,500.0,500.0
481,0.0,0.0,0.0,0.0,0.0,-1.0,1.0,0.0,0.0,0.11053334,-0.00039901724,0.0034422278,-0.104956985,0.48621443,-0.7113023,0.13975449,-3.770398e-05,0.012608588,-0.14030361,0.6124566,-0.57485455,0.11721214,-0.026845781,-0.046070546,0.11753166,-0.5087348,0.2401468,0.10121343,-0.015826944,0.052433994,-0.07711112,-0.17331149,-0.19437984,0.0,0.0,-0.0,0.0,0.0,0.0,-0.0,-0.0,0.0,-0.0,0.0,0.0,500.0,-268.10437770761274,-488.27577663358414,500.0,-500.0,500.0,500.0,-160.66251172433095,485.5308074938016,-475.6076934464582,-500.0,-500.0
482,0.0,0.0,0.0,0.0,0.0,-1.0,1.0,0.0,0.0,0.10165783,0.0006354304,0.005453825,-0.102888465,0.4435951,-0.7248318,0.13048314,0.0006053671,0.010652363,-0.13734543,0.6346966,-0.55538446,-0.15180211,0.02620132,0.04699395,-0.06061856,-0.016299976,-0.27278,-0.14463039,0.015833195,-0.0522588,0.07788606,0.30063233,0.29183534,0.0,0.0,-0.0,0.0,-0.0,0.0,-0.0,-0.0,0.0,-0.0,0.0,0.0,-500.0,265.9281983431294,449.04455845913935,-500.0,500.0,-500.0,-500.0,157.45649153454238,-500.0,500.0,500.0,500.0
483,0.0,0.0,0.0,0.0,0.0,-1.0,1.0,0.0,0.0,0.1034304,-0.00043256467,0.003760755,-0.09527314,0.3813508,-0.7174963,0.13104136,-1.4147579e-05,0.012760818,-0.14035678,0.6375324,-0.5548842,0.11575903,-0.026139839,-0.044988964,0.10342741,-0.5075246,0.24291117,0.100971185,-0.015652215,0.052335102,-0.076865375,-0.17668639,-0.19026843,0.0,0.0,-0.0,0.0,0.0,0.0,-0.0,-0.0,0.0,-0.0,0.0,0.0,500.0,-260.97843032434565,-476.2116218868915,500.0,-500.0,500.0,500.0,-158.7928842819693,500.0,-500.0,-500.0,-500.0
484,0.0,0.0,0.0,0.0,0.0,-1.0,1.0,0.0,0.0,0.09441684,0.0005851484,0.0057120323,-0.095760584,0.33880416,-0.7304322,0.12178113,0.00061985257,0.01080966,-0.13739002,0.65779793,-0.5346664,-0.15215187,0.025767444,0.04583979,-0.07265043,-0.016504133,-0.26966116,-0.14436531,0.015633523,-0.05162971,0.076715566,0.29182056,0.29526702,0.0,0.0,-0.0,0.0,-0.0,0.0,-0.0,-0.0,0.0,-0.0,0.0,0.0,-500.0,260.69963182196784,438.240030929369,-500.0,500.0,-500.0,-500.0,155.57887297145544,-500.0,500.0,500.0,500.0
485,0.0,0.0,0.0,0.0,0.0,-1.0,1.0,0.0,0.0,0.09603341,-0.00046517595,0.004036844,-0.090863705,0.2801605,-0.7225231,0.12232856,7.00171e-06,0.012946129,-0.14046562,0.6589216,-0.533412,0.11485865,-0.025875015,-0.044077694,0.0888746,-0.47740322,0.24558662,0.10071285,-0.015466369,0.052988667,-0.07811751,-0.1849871,-0.18635717,0.0,0.0,-0.0,0.0,0.0,0.0,-0.0,-0.0,0.0,-0.0,0.0,0.0,500.0,-258.248262295198,-465.7928929667992,500.0,-500.0,500.0,500.0,-156.84158319882104,500.0,-500.0,-500.0,-500.0
486,0.0,0.0,0.0,0.0,0.0,-1.0,1.0,0.0,0.0,0.086893074,0.00055278005,0.0059393644,-0.094071865,0.24347156,-0.73487854,0.11308217,0.00063233083,0.011002123,-0.13754296,0.67903286,-0.51247126,-0.15276892,0.025761107,0.044936508,-0.085782595,0.0122591425,-0.2666021,-0.14409302,0.015435534,-0.049555916,0.07282486,0.29107457,0.298438,0.0,0.0,-0.0,0.0,-0.0,0.0,-0.0,-0.0,0.0,-0.0,0.0,0.0,-500.0,259.79532872987215,429.62622900009166,-500.0,500.0,-500.0,-500.0,153.90839482685115,-500.0,500.0,500.0,500.0
487,0.0,0.0,0.0,0.0,0.0,-1.0,1.0,0.0,0.0,0.08837836,-0.0004960416,0.004292786,-0.0918864,0.18731457,-0.72640765,0.113624975,2.6849597e-05,0.012931228,-0.14024079,0.6799776,-0.51046324,0.11433647,-0.02602919,-0.043412924,0.07526589,-0.47586462,0.24823435,0.10047294,-0.015262998,0.050780512,-0.07410973,-0.18584175,-0.18228094,0.0,0.0,-0.0,0.0,0.0,0.0,-0.0,-0.0,0.0,-0.0,0.0,0.0,500.0,-259.85931539642513,-458.5603828032678,500.0,-500.0,500.0,500.0,-154.87326984952912,483.0087913151784,-470.63047028829124,-500.0,-500.0
488,0.0,0.0,0.0,0.0,0.0,-1.0,1.0,0.0,0.0,0.07909824,0.00053831545,0.006149471,-0.097758055,0.15335125,-0.73818403,0.10439322,0.00064477016,0.010795355,-0.13697588,0.6995829,-0.48880652,-0.15371428,0.026172815,0.044269864,-0.09931506,0.044162128,-0.26355943,-0.14380562,0.015254447,-0.053926658,0.080791704,0.2878326,0.30208609,0.0,0.0,-0.0,0.0,-0.0,0.0,-0.0,-0.0,0.0,-0.0,0.0,0.0,-500.0,263.2521333663507,425.8940826569038,-500.0,500.0,-500.0,-500.0,151.65071490313352,-500.0,500.0,500.0,500.0
489,0.0,0.0,0.0,0.0,0.0,-1.0,1.0,0.0,0.0,0.080521144,-0.000527235,0.0043390393,-0.09746778,0.10366303,-0.7290905,0.10492739,4.4676424e-05,0.012896955,-0.13998246,0.6988147,-0.48610705,0.1146538,-0.026621936,-0.043024413,0.06716978,-0.44338194,0.2512687,0.10022169,-0.0150896525,0.051561624,-0.07557058,-0.19579752,-0.17861548,0.0,0.0,-0.0,0.0,0.0,0.0,-0.0,0.0,0.0,-0.0,0.0,0.0,500.0,-265.75783847969575,-432.37387611355075,500.0,-500.0,500.0,500.0,-153.04165670483854,489.1727028927939,-482.8488515376699,-500.0,-500.0
490,0.0,0.0,0.0,0.0,0.0,-1.0,1.0,0.0,0.0,0.07120619,0.0005364835,0.0059221387,-0.10360944,0.07335663,-0.74009603,0.09570584,0.000653875,0.010911703,-0.13700545,0.71665984,-0.46379232,-0.154312,0.026897237,0.041723054,-0.09597885,0.042809065,-0.25913012,-0.14357106,0.01506289,-0.05014525,0.07378561,0.27925253,0.30484796,0.0,0.0,-0.0,0.0,-0.0,0.0,-0.0,-0.0,0.0,-0.0,-0.0,0.0,-500.0,270.14627756503774,419.9756698542922,-477.1208978091131,500.0,-500.0,-500.0,150.12956950874954,-500.0,500.0,500.0,500.0
491,0.0,0.0,0.0,0.0,0.0,-1.0,1.0,0.0,0.0,0.048952475,0.0023764237,0.00508821,-0.10153091,0.024149477,-0.7307434,0.09623313,6.164645e-05,0.012836754,-0.13972664,0.7153644,-0.46039787,-0.007367912,-0.02586302,-0.013484581,0.055349816,-0.41817483,0.25383502,0.10001167,-0.014893967,0.048104804,-0.06937518,-0.19707525,-0.17472588,0.0,0.0,-0.0,0.0,0.0,0.0,-0.0,0.0,0.0,-0.0,0.0,0.0,500.0,-500.0,51.39831568824759,231.34868294425547,-467.67478542088384,500.0,500.0,-151.2100733252266,472.53647329514956,-451.07383249303854,-500.0,-500.0
492,0.0,0.0,0.0,0.0,0.0,-1.0,1.0,0.0,0.0,0.044790544,0.0023762414,0.0064038634,-0.100797415,-0.0007817745,-0.7400937,0.087026946,0.0006630029,0.010653615,-0.13639653,0.7329607,-0.43742242,-0.15033999,0.026636193,0.0436508,-0.06832763,0.0692465,-0.25245896,-0.1432985,0.01488887,-0.051486462,0.07624214,0.27773583,0.3079219,0.0,0.0,-0.0,0.0,-0.0,0.0,-0.0,-0.0,0.0,-0.0,-0.0,0.0,-500.0,270.3300217339982,417.6319185819029,-500.0,500.0,-500.0,-500.0,148.31284597466632,-500.0,500.0,500.0,500.0
493,0.0,0.0,0.0,0.0,0.0,-1.0,1.0,0.0,0.0,0.047049385,0.0012124853,0.0047876835,-0.09526992,-0.045071483,-0.7289926,0.08754997,7.603611e-05,0.012639046,-0.13924718,0.73146635,-0.43338022,0.11890753,-0.027306054,-0.04224324,0.0912503,-0.41504654,0.26066822,0.099801816,-0.01475914,0.05187061,-0.07640662,-0.19736524,-0.171557,0.0,0.0,-0.0,0.0,0.0,0.0,-0.0,0.0,0.0,-0.0,0.0,0.0,500.0,-269.20664602777885,-445.95324054928716,500.0,-500.0,500.0,500.0,-149.54400750241845,500.0,-500.0,-500.0,-500.0
494,0.0,0.0,0.0,0.0,0.0,-1.0,1.0,0.0,0.0,0.038465694,0.002203506,0.006583154,-0.097659945,-0.069836974,-0.7381136,0.078358285,0.00067037385,0.010463715,-0.13594508,0.74882567,-0.40979162,-0.15077503,0.026437039,0.042841528,-0.08047001,0.07012543,-0.24965504,-0.14303242,0.014713435,-0.05029702,0.07406235,0.27650812,0.31063545,0.0,0.0,-0.0,0.0,-0.0,0.0,-0.0,-0.0,0.0,-0.0,-0.0,0.0,-500.0,270.2334995743839,409.99427894221816,-500.0,500.0,-500.0,-500.0,146.76162502470214,-500.0,500.0,500.0,500.0
495,0.0,0.0,0.0,0.0,0.0,-1.0,1.0,0.0,0.0,0.040592078,0.0010495924,0.004986167,-0.09475529,-0.113826215,-0.7265412,0.07887618,9.029579e-05,0.0123490095,-0.13861668,0.7465257,-0.40511873,0.11829543,-0.027300103,-0.041628104,0.077642374,-0.41312414,0.2627344,0.09957706,-0.014561414,0.046836738,-0.06721993,-0.20613508,-0.16786547,0.0,0.0,-0.0,0.0,0.0,0.0,-0.0,0.0,0.0,-0.0,0.0,0.0,500.0,-269.35374262650237,-439.12681139663357,500.0,-500.0,500.0,500.0,-147.80352466942963,468.8492712185708,-446.0413985537243,-500.0,-500.0
496,0.0,0.0,0.0,0.0,0.0,-1.0,1.0,0.0,0.0,0.03188219,0.0020563274,0.0067445636,-0.09975588,-0.13598949,-0.73517674,0.0696992,0.00067671447,0.010161996,-0.13520086,0.76220477,-0.3809452,-0.15160088,0.026736904,0.04227373,-0.09328569,0.08567841,-0.24699035,-0.14278446,0.014546046,-0.05107018,0.07580335,0.2678363,0.31334352,0.0,0.0,-0.0,0.0,0.0,0.0,-0.0,-0.0,0.0,-0.0,-0.0,0.0,-500.0,272.2163631335699,404.3286960559129,-500.0,500.0,-500.0,-500.0,144.9756935043668,-500.0,500.0,500.0,500.0
497,0.0,0.0,0.0,0.0,0.0,-1.0,1.0,0.0,0.0,0.03391937,0.00089629355,0.0050495863,-0.09911454,-0.17676342,-0.7231178,0.07021151,0.00010184812,0.012111664,-0.1379981,0.75882757,-0.37568447,0.11835655,-0.027737174,-0.04133655,0.06782508,-0.39694136,0.26510367,0.09937995,-0.014432698,0.051613875,-0.07616718,-0.20642927,-0.16502635,0.0,0.0,-0.0,0.0,0.0,0.0,-0.0,0.0,0.0,-0.0,0.0,0.0,500.0,-273.91748007786714,-407.821627146455,500.0,-500.0,500.0,500.0,-146.17831562109157,499.8371059762548,-500.0,-500.0,-500.0
498,0.0,0.0,0.0,0.0,0.0,-1.0,1.0,0.0,0.0,0.02514529,0.0019327584,0.006536722,-0.104797125,-0.19717318,-0.7310854,0.06104824,0.00068175956,0.0099231005,-0.13456833,0.77422845,-0.350959,-0.15222663,0.02738522,0.039804753,-0.09235545,0.09865261,-0.2429968,-0.14252478,0.014380253,-0.04977177,0.07414564,0.2663351,0.3157502,0.0,0.0,-0.0,0.0,0.0,0.0,-0.0,-0.0,0.0,-0.0,-0.0,0.0,-500.0,278.2343520862834,403.2639214483866,-477.628910829627,500.0,-500.0,-500.0,143.5353120011152,-500.0,500.0,500.0,500.0
499,0.0,0.0,0.0,0.0,0.0,-1.0,1.0,0.0,0.0,0.027225437,0.00075235503,0.004790485,-0.103939414,-0.23532051,-0.7182832,0.061557826,0.00011348011,0.011757851,-0.1371274,0.7705592,-0.34513056,0.11903914,-0.028344104,-0.040943656,0.068552755,-0.3834795,0.26855013,0.0991871,-0.014243759,0.04628193,-0.06655272,-0.20846947,-0.16168417,0.0,0.0,-0.0,0.0,0.0,0.0,-0.0,0.0,0.0,-0.0,0.0,0.0,500.0,-280.2578203145226,-410.62479869097945,500.0,-500.0,500.0,500.0,-144.48992778264224,469.25710451738126,-448.5502136127488,-500.0,-500.0
