step,obs_0,obs_1,obs_2,obs_3,obs_4,obs_5,obs_6,obs_7,obs_8,obs_9,obs_10,obs_11,obs_12,obs_13,obs_14,obs_15,obs_16,obs_17,obs_18,obs_19,obs_20,obs_21,obs_22,obs_23,obs_24,obs_25,obs_26,obs_27,obs_28,obs_29,obs_30,obs_31,obs_32,obs_33,obs_34,obs_35,obs_36,obs_37,obs_38,obs_39,obs_40,obs_41,obs_42,obs_43,obs_44,torque_0,torque_1,torque_2,torque_3,torque_4,torque_5,torque_6,torque_7,torque_8,torque_9,torque_10,torque_11,dof_pos_0,dof_pos_1,dof_pos_2,dof_pos_3,dof_pos_4,dof_pos_5,dof_pos_6,dof_pos_7,dof_pos_8,dof_pos_9,dof_pos_10,dof_pos_11,dof_vel_0,dof_vel_1,dof_vel_2,dof_vel_3,dof_vel_4,dof_vel_5,dof_vel_6,dof_vel_7,dof_vel_8,dof_vel_9,dof_vel_10,dof_vel_11
0,0.0,0.0,0.0,0.0,0.0,0.0,0.0,0.0,0.0,0.0,0.0,0.0,0.0,0.0,0.0,0.0,0.0,0.0,0.0,0.0,0.0,0.0,0.0,0.0,0.0,0.0,0.0,0.0,0.0,0.0,0.0,0.0,0.0,0.0,0.0,0.0,0.0,0.0,0.0,0.0,0.0,0.0,0.0,0.0,0.0,-3.582608e-05,0.0012920402,1.1921543,1.0741433,0.0042169597,-0.00021053404,6.1113526e-05,0.0020836648,1.1906246,1.0728502,0.0041135713,0.00018121366,0.0,0.0,-0.8,1.6,-0.8,0.0,0.0,0.0,-0.8,1.6,-0.8,0.0,0.0,0.0,0.0,0.0,0.0,0.0,0.0,0.0,0.0,0.0,0.0,0.0
1,2.152268e-11,1.4156102e-09,-6.7311476e-11,0.0,0.0,-1.0,1.0,0.0,0.0,-1.30207095e-11,4.681615e-11,0.0,0.0,0.0,-1.9230091e-11,6.1406206e-12,-1.181268e-11,0.0,0.0,0.0,1.6250322e-11,-8.203304e-11,4.0386391e-10,1.835159e-11,-7.605097e-10,6.4910967e-12,-9.1108815e-11,2.791691e-11,-9.768508e-11,3.5766934e-10,-1.5298982e-09,2.9656503e-11,8.025996e-11,0.12061938,0.49567306,-0.5356328,0.6915621,-0.95663244,0.15054838,-0.354795,-0.7263043,0.5592047,0.2519579,-1.0495656,-0.03174166,1.4167404e-07,-1.7175006e-07,4.057309,-12.409887,1.3817606e-07,3.3377702e-08,1.1415366e-08,8.2137433e-07,4.0573087,-12.409888,1.3487718e-07,-1.7031276e-08,-1.30207095e-11,4.681615e-11,-0.8,1.6,-0.8,-1.9230091e-11,6.1406206e-12,-1.181268e-11,-0.8,1.6,-0.8,1.6250322e-11,-1.6406608e-09,8.077278e-09,3.670318e-10,-1.5210194e-08,1.2982193e-10,-1.8221763e-09,5.583382e-10,-1.9537016e-09,7.1533868e-09,-3.0597963e-08,5.9313005e-10,1.6051991e-09
2,0.07017303,-0.10586438,-0.076859996,-0.0023847143,-0.0015171653,-0.99999595,1.0,0.0,0.0,0.027222184,0.0013752511,-0.016139269,0.03623259,-0.07203174,0.042603724,-0.03794978,-0.005606218,0.0020419955,0.020711303,-0.07498801,-0.009700484,0.18057747,0.021323798,-0.14672093,0.31715557,-0.66379666,0.25299975,-0.3521212,-0.054794617,0.021628676,0.17488492,-0.68559337,-0.052856803,-0.06586639,-0.18653704,0.2865653,0.36751238,-0.6570479,-0.09255466,-0.08731885,0.4869293,0.11536265,0.36712825,-0.9881991,0.12086254,26.055319,204.28596,-202.83461,176.62036,-200.11644,-12.722815,-201.73773,-236.17953,185.90326,175.31248,-200.15657,3.5729907,0.027222184,0.0013752511,-0.8161393,1.6362326,-0.87203175,0.042603724,-0.03794978,-0.005606218,-0.797958,1.6207113,-0.874988,-0.009700484,3.6115494,0.42647597,-2.9344184,6.343111,-13.275933,5.0599947,-7.042424,-1.0958923,0.4325735,3.4976983,-13.711867,-1.057136
3,0.05258521,-0.6098174,0.012014001,-0.018564917,-0.0040956745,-0.9998193,1.0,0.0,0.0,0.02483119,0.003950354,-0.026784003,0.11423159,-0.25946742,0.026487295,-0.07643386,-0.015103714,0.021695614,0.07322645,-0.28797203,0.025274241,-0.12594718,-0.0008164394,0.017940268,0.43391332,-0.9684707,-0.24569951,-0.10529887,-0.032866415,0.14417353,0.33794105,-1.3735803,0.22282107,-0.21409515,0.07270005,-0.6796177,-0.150766,0.003496185,-0.30255404,0.42722434,-0.14961751,-0.69273114,-0.43630564,0.24625766,0.20905165,-78.90433,-220.21768,226.62808,100.208786,83.7762,-27.015882,78.711815,161.62968,91.519356,177.78784,-199.07349,-10.107875,0.02483119,0.003950354,-0.826784,1.7142316,-1.0594674,0.026487295,-0.07643386,-0.015103714,-0.7783044,1.6732265,-1.087972,0.025274241,-2.5189435,-0.016328787,0.35880536,8.678267,-19.369413,-4.91399,-2.1059773,-0.6573283,2.8834705,6.758821,-27.471605,4.4564214
4,0.14505132,0.018456725,-0.10239618,-0.02913412,-0.00850639,-0.99953926,1.0,0.0,0.0,-0.03728619,0.0073107504,-0.04417789,0.18485665,-0.37708324,-0.07528437,-0.052246917,-0.0321181,0.031796217,0.123337865,-0.4866882,0.08987493,-0.38234332,0.029989248,-0.17817128,0.28842372,-0.27728662,-0.5524603,0.3058147,-0.11531273,-0.02570509,0.18347041,-0.6833891,0.30367243,0.40279573,-0.14398357,0.7583023,-0.79295266,0.5603598,0.07803764,-0.016400907,0.60471237,-0.05678796,-0.6533901,1.007049,-0.47690102,-11.555291,121.05379,-200.12064,-222.76854,200.08012,46.215046,199.29648,-123.44012,-163.27393,-205.8179,200.93094,-39.318676,-0.03728619,0.0073107504,-0.8441779,1.7848567,-1.1770833,-0.07528437,-0.052246917,-0.0321181,-0.7682038,1.7233379,-1.2866882,0.08987493,-7.6468663,0.599785,-3.5634255,5.768474,-5.545732,-11.049206,6.116294,-2.3062546,-0.5141018,3.669408,-13.667782,6.0734487
5,0.08060872,-0.006605027,-0.02729888,-0.028856467,-0.0130508505,-0.99949837,1.0,0.0,0.0,-0.06813247,0.003243462,-0.060560286,0.21268785,-0.35890728,-0.1082055,-0.024090882,-0.04381452,0.027477443,0.14337277,-0.54778403,0.07353145,0.034944955,-0.062038243,-0.003167407,0.018179307,0.392201,0.15254194,0.05911668,-0.011053068,-0.01738541,0.03329869,0.0034874273,-0.39581344,0.5331148,0.041383415,-0.13090032,-0.47011778,0.3842637,0.5473731,-0.72318816,-0.020777673,0.065731935,-0.82918787,0.28149778,-0.11579275,199.95474,-201.4306,202.96147,-215.57814,200.11179,200.03345,-45.367855,200.80142,-140.61911,-214.03441,200.28438,-200.02475,-0.06813247,0.003243462,-0.8605603,1.8126879,-1.1589073,-0.1082055,-0.024090882,-0.04381452,-0.77252257,1.7433728,-1.347784,0.07353145,0.6988991,-1.2407649,-0.06334814,0.36358613,7.84402,3.0508387,1.1823336,-0.22106135,-0.3477082,0.6659738,0.06974854,-7.9162683
6,-0.072344966,0.13698998,-0.14870301,-0.025986556,-0.012667194,-0.99958205,1.0,0.0,0.0,-0.017062446,-0.0028380821,-0.06378889,0.1977098,-0.20467383,-0.0024492564,-0.053611588,-0.038406655,0.029933333,0.12570608,-0.4731514,0.001502469,0.43468124,-0.013131228,-0.025967663,-0.15323992,1.0812256,0.83751315,-0.31780532,0.050074052,0.033444535,-0.1867546,0.6762481,-0.3025114,-0.42743248,0.27259603,0.16320078,-0.15833081,-0.6127844,-0.08469579,0.5024825,-0.23029622,0.4821372,-0.29480952,-0.6221738,0.3886877,198.37263,74.51771,-107.16464,-225.01979,199.86021,200.00423,-200.90031,0.4942546,58.083763,-211.76917,200.47835,43.863255,-0.017062446,-0.0028380821,-0.8637889,1.7977098,-1.0046738,-0.0024492564,-0.053611588,-0.038406655,-0.7700667,1.7257061,-1.2731514,0.001502469,8.6936245,-0.26262456,-0.5193533,-3.0647984,21.624512,16.750263,-6.3561063,1.001481,0.66889066,-3.735092,13.524961,-6.0502276
7,-0.032253854,-0.50969064,-0.30482554,-0.03405708,-0.010354505,-0.9993663,1.0,0.0,0.0,0.024642795,0.006383571,-0.029038608,0.13797462,-0.063551664,0.08727782,-0.072067715,-0.039455887,0.06083244,0.09181321,-0.4165501,0.028158784,0.026227662,0.08866196,0.33960995,-0.41507283,0.39946064,0.13014494,0.084371276,-0.04539444,0.21481691,-0.043213006,-0.028364116,0.4345684,-0.46559983,-0.5458829,-0.4788004,0.6069632,-1.0437255,-0.47961092,0.28224716,0.04357343,-0.5007522,0.39667588,-1.0493805,-0.13903877,-201.1727,187.2076,104.998726,-229.28796,-200.11938,-200.31999,170.75977,-26.173447,197.55595,452.97488,-185.42,130.47903,0.024642795,0.006383571,-0.8290386,1.7379746,-0.8635517,0.08727782,-0.072067715,-0.039455887,-0.7391676,1.6918132,-1.2165501,0.028158784,0.52455324,1.7732393,6.7921987,-8.301456,7.9892125,2.6028986,1.6874255,-0.90788877,4.296338,-0.86426014,-0.5672823,8.691368
8,0.036898784,-0.0049658786,-0.24567097,-0.043181032,-0.010738606,-0.9990095,1.0,0.0,0.0,-0.006283092,0.017706148,0.0011990666,0.10034406,-0.062805,0.030473173,-0.016784886,-0.039184403,0.0708096,0.11852491,-0.49303752,0.040014096,-0.30843875,0.028607069,-2.7973892e-05,0.0050746826,-0.3116215,-0.623375,0.43611154,0.032792598,-0.08529737,0.2679886,-0.6787912,-0.23615415,-0.03192558,0.16194446,0.11917068,-0.15852064,-0.38161194,0.13714807,-0.26932612,0.77385354,0.19507918,-0.20949735,0.45387506,-0.2497805,-203.71712,-209.53346,-130.43654,250.67984,-189.76399,-204.36128,188.83093,200.73672,-191.586,211.17508,-197.84616,-188.74341,-0.006283092,0.017706148,-0.79880095,1.7003441,-0.862805,0.030473173,-0.016784886,-0.039184403,-0.7291904,1.7185249,-1.2930375,0.040014096,-6.168775,0.57214135,-0.00055947783,0.10149365,-6.2324295,-12.4675,8.722231,0.65585196,-1.7059474,5.3597717,-13.575825,-4.723083
9,-0.47507572,-0.47008947,-0.015118637,-0.05532018,-0.0006879301,-0.9984685,1.0,0.0,0.0,-0.0319059,0.038778286,0.02454561,0.10843718,-0.16055483,-0.043331224,0.026238361,-0.006207223,0.08493161,0.1453911,-0.55504256,-0.05293977,-0.03431714,0.15691943,0.18239006,0.04676676,-0.5060085,-0.14260459,0.034289643,0.2613383,0.16544747,0.028139263,-0.008368875,-0.4868202,0.43582428,-0.7846412,-0.48046032,-0.69973916,0.23226427,0.80598533,-0.9273235,-0.9551762,-0.23941547,-1.0533423,0.47716552,0.38719773,64.77188,-38.502655,35.984474,51.20262,39.444675,142.0184,-203.23526,218.71713,69.658936,-230.25462,200.07118,48.59082,-0.0319059,0.038778286,-0.7754544,1.7084372,-0.96055484,-0.043331224,0.026238361,-0.006207223,-0.7150684,1.7453911,-1.3550426,-0.05293977,-0.6863428,3.1383886,3.6478012,0.9353352,-10.12017,-2.8520918,0.68579286,5.2267656,3.3089495,0.56278527,-0.16737749,-9.736403
10,0.04574359,0.04529599,-0.010509278,-0.06234372,0.0067098024,-0.9980322,1.0,0.0,0.0,-0.0021498818,0.050627485,0.03180462,0.12425721,-0.17960137,0.00037847948,-0.007864391,0.013575142,0.09698421,0.14139462,-0.48238307,-0.076043986,0.2967839,-0.018269345,-0.076633304,0.10285429,0.2391274,0.518087,-0.30876324,-0.058755755,-0.046241324,-0.0041026394,0.6624351,0.1824656,-0.340777,0.4878289,0.051533055,-0.104517,0.28363204,0.16054334,0.6695413,-0.1737109,0.080852695,-0.5814436,-0.23925,0.4573219,161.52608,-15.718277,-205.83887,-24.953857,214.37137,194.34573,-128.25104,-507.2719,-229.09138,0.46566772,197.28156,185.19498,-0.0021498818,0.050627485,-0.7681954,1.7242572,-0.9796014,0.00037847948,-0.007864391,0.013575142,-0.7030158,1.7413946,-1.2823831,-0.076043986,5.935678,-0.3653869,-1.5326661,2.0570858,4.782548,10.36174,-6.175265,-1.1751151,-0.9248265,-0.08205279,13.248702,3.649312
11,0.03748623,-0.10922706,0.029623084,-0.06441953,0.005351921,-0.9979086,1.0,0.0,0.0,0.019175578,0.05186238,0.024924338,0.13274443,-0.065950155,0.06058572,-0.028512025,-0.0048917644,0.09640938,0.12935019,-0.38427883,0.038434733,-0.056055535,0.018820608,-0.0077499086,0.0092707975,0.66829586,0.1847568,0.049713608,-0.109324075,0.018269684,-0.05732557,0.39968553,0.83812106,-0.3888725,-0.13936579,-0.068689,0.007266339,-0.796112,-0.47040617,0.11986083,0.10805619,0.24531099,-0.39922208,-1.2367055,-0.36700502,-214.73543,-139.10208,-221.81053,211.35197,-292.01047,-155.39362,122.43027,48.08313,153.3569,455.4048,-24.499924,61.385174,0.019175578,0.05186238,-0.7750757,1.7327445,-0.86595017,0.06058572,-0.028512025,-0.0048917644,-0.70359063,1.7293502,-1.1842788,0.038434733,-1.1211107,0.37641215,-0.15499817,0.18541595,13.365917,3.6951358,0.9942722,-2.1864815,0.36539367,-1.1465114,7.9937105,16.76242
12,0.14331047,-0.14987783,-0.19253707,-0.07019913,0.0011492082,-0.99753237,1.0,0.0,0.0,-0.030836247,0.052720204,0.025519371,0.1340841,-0.025503337,0.020346293,0.0072574792,-0.014473246,0.1132431,0.122143626,-0.37178868,0.11865337,-0.41358733,-0.01573809,0.00933488,-0.024978986,-0.13423629,-0.50651973,0.22737737,-0.006695074,0.13690454,-0.048676275,-0.21885298,0.05327891,0.2874546,0.12495988,-0.28949898,-0.24846052,-0.6835208,0.07521035,-0.16008542,0.46675324,-0.50499594,-0.5348181,-0.38672778,-0.73593974,-196.95648,-138.50125,-196.37114,-196.35738,-211.14096,-196.97928,0.95215034,277.8755,244.69592,57.239746,-179.49295,-218.79951,-0.030836247,0.052720204,-0.77448064,1.7340841,-0.82550335,0.020346293,0.0072574792,-0.014473246,-0.6867569,1.7221437,-1.1717887,0.11865337,-8.271747,-0.3147618,0.18669759,-0.49957973,-2.6847258,-10.130395,4.5475473,-0.13390148,2.7380908,-0.97352546,-4.3770595,1.0655782
13,-0.2364872,0.45761156,-0.14135014,-0.06294463,0.003915372,-0.9980093,1.0,0.0,0.0,-0.06856637,0.0657172,0.010314167,0.117938995,-0.12965053,-0.010224109,0.015843503,0.0003174503,0.11387056,0.10906613,-0.38382846,0.043193303,0.0022923003,0.11783507,-0.14944091,-0.1477513,-0.82302755,0.11118388,-0.11020632,0.1291946,-0.09552056,-0.08625553,-0.00757482,-0.7288479,0.6201274,-0.39697504,0.8401404,0.18136391,-0.095561415,0.4717748,-0.44690976,-0.48261547,0.38296315,-0.3117085,-0.089885324,0.12967783,202.35023,30.475857,-179.27747,-217.62706,-199.5571,100.21098,-167.85677,74.38292,-163.23691,-135.78232,9.927056,-225.46642,-0.06856637,0.0657172,-0.78968585,1.717939,-0.92965055,-0.010224109,0.015843503,0.0003174503,-0.68612945,1.7090662,-1.1838285,0.043193303,0.045846004,2.3567014,-2.9888182,-2.955026,-16.46055,2.2236776,-2.2041264,2.583892,-1.9104112,-1.7251105,-0.1514964,-14.576959
14,0.36520737,-0.2812539,-0.13641468,-0.061183278,-0.0005656205,-0.9981264,1.0,0.0,0.0,-0.03165055,0.05749757,0.0031731129,0.11581576,-0.20768386,0.08127782,-0.0363731,-0.009747901,0.11796576,0.09003317,-0.32161707,-0.036163103,0.33651692,-0.15449306,0.05067393,0.061665744,-0.06557912,0.74836856,-0.39455613,-0.20097928,0.13077377,-0.12143407,0.5019532,-0.09460703,-0.38280684,0.31990504,0.08949175,0.5126215,0.25639594,-0.04168441,0.5552142,0.3661132,-0.19427961,0.24434046,-0.46503267,0.78194547,188.78696,-86.77759,160.90399,133.93459,197.1044,163.13492,-139.22375,-460.61572,128.39337,-43.291733,35.670105,197.43735,-0.03165055,0.05749757,-0.7968269,1.7158158,-1.0076839,0.08127782,-0.0363731,-0.009747901,-0.68203425,1.6900332,-1.1216171,-0.036163103,6.730338,-3.0898612,1.0134786,1.2333149,-1.3115823,14.967371,-7.8911223,-4.0195856,2.6154754,-2.4286814,10.039063,-1.8921406
15,-0.17567317,-0.1853814,0.08581387,-0.07038,-0.0032323867,-0.99751496,1.0,0.0,0.0,-0.011817558,0.055320892,0.0114097,0.1419704,-0.14713395,0.15322097,-0.06982014,-0.024756467,0.120925486,0.09991372,-0.29498655,0.020159155,-0.094814494,0.10338674,0.03062588,0.18583958,0.6041628,0.04148091,0.01770578,0.02948008,-0.07234755,0.18346497,-0.16866115,0.589501,-0.4181798,-0.22197162,-0.29482245,-0.3760419,-0.42816615,-0.6598411,0.24611214,0.018030629,-0.041986562,-1.1355181,-0.8660972,-0.10573909,-199.82045,198.32898,135.20233,183.98904,200.3218,-200.20107,200.16699,198.82143,-200.38077,124.17607,-199.9191,199.96692,-0.011817558,0.055320892,-0.7885903,1.7419704,-0.94713396,0.15322097,-0.06982014,-0.024756467,-0.6790745,1.6999137,-1.0949866,0.020159155,-1.8962898,2.0677347,0.6125176,3.7167914,12.083256,0.82961816,0.35411558,0.5896016,-1.446951,3.6692994,-3.3732228,11.79002
16,0.059011847,0.38420224,0.05870208,-0.06450606,-0.0011942593,-0.9979166,1.0,0.0,0.0,-0.07219905,0.063462935,0.00067049265,0.1666714,-0.09938437,0.086713076,-0.024384089,-0.020479634,0.09002167,0.119648576,-0.40231615,0.063807964,-0.4692603,-0.0071478607,-0.11512246,0.0739946,-0.060109206,-0.63866925,0.4004098,0.008439685,-0.2016866,0.021151295,-0.8388664,-0.0859131,0.40257907,-0.14450103,0.42143252,-0.8237797,-0.3662338,0.22390625,0.16008091,0.42609918,0.5935742,-0.73312443,0.32785627,-0.6917599,-198.74292,-166.49803,-204.06526,-218.02376,-200.19856,-199.38995,203.96968,-17.175648,-92.27762,-224.26334,-199.6767,-202.13042,-0.07219905,0.063462935,-0.7993295,1.7666714,-0.8993844,0.086713076,-0.024384089,-0.020479634,-0.70997834,1.7196486,-1.2023162,0.063807964,-9.385206,-0.14295721,-2.3024492,1.479892,-1.2021841,-12.773385,8.008196,0.1687937,-4.033732,0.42302588,-16.777328,-1.718262
17,0.003995798,-0.17915621,-0.142309,-0.06141659,-0.0024301016,-0.9981092,1.0,0.0,0.0,-0.12059464,0.052859243,0.012369454,0.15189564,-0.17108226,0.036974516,0.050212808,-0.010537926,0.086122274,0.093126774,-0.4962508,-0.030222557,-0.057505023,-0.095500074,0.20060909,-0.19658285,-0.456566,0.07016184,0.32480747,0.088757664,0.12931477,-0.258684,-0.16787267,-0.7850254,0.55019766,0.24825789,-0.34318686,-0.10155474,0.13418855,0.6954053,-0.77283347,-0.52680784,0.1635488,0.009987697,0.43517768,0.38072965,198.75415,-203.8381,187.16821,-227.18895,18.045568,199.98921,-73.001656,187.9955,183.64417,-228.80414,200.4147,-200.45753,-0.12059464,0.052859243,-0.78763056,1.7518957,-0.97108227,0.036974516,0.050212808,-0.010537926,-0.71387774,1.6931268,-1.2962508,-0.030222557,-1.1501005,-1.9100015,4.0121818,-3.931657,-9.13132,1.4032367,6.496149,1.7751533,2.5862954,-5.1736803,-3.3574533,-15.700508
18,0.03278211,-0.02066513,-0.34246045,-0.06487128,-0.0036479272,-0.997887,1.0,0.0,0.0,-0.08434348,0.03966144,0.042171836,0.09830952,-0.1860792,0.12594853,0.07526852,-0.004041728,0.09623623,0.07151079,-0.45478934,-0.09613134,0.37639838,-0.045519844,0.10690334,-0.3154246,0.23683646,0.7514314,-0.036792558,-0.029177193,0.0043887435,-0.060244825,0.48452383,-5.7365305e-05,-0.118300475,0.29721746,-0.030709233,0.11293851,0.20699157,-0.01395934,-0.20524517,0.068629876,0.15685283,0.52918684,-0.617218,0.49010685,202.22993,203.42863,-181.6265,-135.73949,200.28346,199.91614,-185.54495,-341.0641,-68.69109,14.492874,174.94759,200.87827,-0.08434348,0.03966144,-0.7578282,1.6983095,-0.9860792,0.12594853,0.07526852,-0.004041728,-0.7037638,1.6715108,-1.2547894,-0.09613134,7.5279675,-0.9103969,2.1380668,-6.3084917,4.736729,15.028627,-0.73585117,-0.58354384,0.087774865,-1.2048965,9.690476,-0.0011473061
19,-0.32142264,-0.056737017,0.07818425,-0.06610421,0.0028617606,-0.9978086,1.0,0.0,0.0,-0.052972343,0.048887387,0.04640323,0.06921232,-0.07500869,0.19258872,0.02807719,0.0002157948,0.09028298,0.086194515,-0.43233305,-0.024415888,-0.014092416,0.121841446,-0.025431136,-0.039438084,0.6628358,0.00658373,-0.39297667,0.06268415,-0.040876847,0.1660945,-0.19431904,0.6559292,-0.78486353,-0.39089584,-0.13217284,0.43390793,-0.8829921,-0.35410628,-0.08925371,-0.6223968,0.038775004,-0.24449547,-0.66400194,-0.36727306,-137.87575,195.5208,-128.70833,114.32019,-30.487194,-200.22313,-135.30807,78.83453,194.18683,197.91916,-198.72038,199.82495,-0.052972343,0.048887387,-0.7535968,1.6692123,-0.8750087,0.19258872,0.02807719,0.0002157948,-0.70971704,1.6861945,-1.2323331,-0.024415888,-0.2818483,2.4368289,-0.5086227,-0.7887617,13.256715,0.1316746,-7.8595333,1.253683,-0.8175369,3.3218899,-3.8863807,13.118584
20,0.3825788,0.21192998,0.12335938,-0.06138156,0.00049901434,-0.99811435,1.0,0.0,0.0,-0.099996015,0.049333148,0.013109446,0.095769644,-0.021036386,0.11964747,-0.030221624,-0.01534771,0.080245435,0.097577095,-0.5079487,0.033505924,-0.42001882,-0.09851804,-0.25837412,0.25827727,-0.04096393,-0.67218095,-0.2226141,-0.19147156,-0.050081104,-0.034207236,-0.38235828,-0.010144972,0.42409253,0.06500487,0.4230206,-0.37760955,-0.7339487,0.003591233,0.69513375,1.1257783,0.059216864,-0.6730664,0.5726295,-0.35033157,-198.8626,-145.48013,-121.74173,154.27199,-201.20355,-199.12724,85.677345,-182.57884,-73.012115,-235.25014,35.444424,-199.54721,-0.099996015,0.049333148,-0.78689057,1.6957697,-0.8210364,0.11964747,-0.030221624,-0.01534771,-0.7197546,1.6975771,-1.3079487,0.033505924,-8.400376,-1.9703606,-5.1674824,5.165545,-0.81927854,-13.443619,-4.452282,-3.8294313,-1.0016221,-0.68414474,-7.647166,-0.20289944
21,-0.0536138,0.035587482,-0.33931935,-0.056714468,-0.00491505,-0.99837846,1.0,0.0,0.0,-0.13547044,0.045692995,-0.013271034,0.113520145,-0.10428786,0.052458692,-0.027423471,-0.028446015,0.082419515,0.074833035,-0.5099556,-0.04000041,0.022201238,0.033262298,-0.024846146,-0.048271608,-0.7233817,-0.1549069,0.18689768,0.047725856,0.023127759,-0.09868556,0.28787872,-0.56529593,0.45945013,0.075581774,0.4032406,0.24067289,0.006586343,0.5827192,-0.18799914,0.13697389,-0.1096456,-0.55572087,-0.32156596,0.25144106,200.36473,20.215992,206.07019,-216.3017,-199.93378,54.943478,121.72723,597.8777,-213.37363,299.97595,177.0953,3.8598251,-0.13547044,0.045692995,-0.81327105,1.7135202,-0.9042879,0.052458692,-0.027423471,-0.028446015,-0.7175805,1.674833,-1.3099556,-0.04000041,0.44402474,0.66524595,-0.4969229,-0.96543217,-14.467633,-3.0981379,3.7379534,0.9545171,0.46255517,-1.9737113,5.7575746,-11.305919
22,-0.32829857,-0.023979118,-0.038363148,-0.05665757,0.0030998043,-0.9983889,1.0,0.0,0.0,-0.09025324,0.05755305,-0.01374644,0.111851454,-0.1758821,0.09778168,-0.023302292,-0.013306834,0.07778245,0.073202014,-0.43949777,-0.07636715,0.3915585,0.07452584,0.010975482,0.025781775,-0.059005212,0.53915507,-0.11028842,0.08970726,-0.051691014,0.041854452,0.31937346,0.112475194,-0.17230248,-0.43844187,-0.25617746,0.46237168,0.05641873,-0.14296678,-0.41288507,-0.8305791,0.11209751,-0.40994436,-0.77038145,0.48450044,198.45642,-18.93904,167.7722,169.7201,199.28647,200.05386,-138.39816,-108.496704,-100.186874,32.992355,-42.64032,187.20901,-0.09025324,0.05755305,-0.81374645,1.7118515,-0.9758821,0.09778168,-0.023302292,-0.013306834,-0.72221756,1.673202,-1.2394978,-0.07636715,7.8311696,1.4905168,0.21950963,0.5156355,-1.1801043,10.783101,-2.2057683,1.7941452,-1.0338203,0.837089,6.3874693,2.2495039
23,0.3980316,0.063320935,0.39193976,-0.055958055,0.0006483523,-0.998433,1.0,0.0,0.0,-0.059628516,0.045348343,-0.03334689,0.1487093,-0.12284917,0.13051069,-0.0846257,-0.032986365,0.076418936,0.07218659,-0.4415024,0.024679158,-0.04158852,-0.17298047,-0.18517354,0.31293648,0.40463516,-0.14378177,-0.47036082,-0.24690025,0.017696954,-0.045426387,-0.27750033,0.831382,-0.61922485,0.4175592,0.5016291,-0.37273327,-0.09165709,-0.35638648,0.60409445,0.7994518,0.24910289,-0.7668402,-0.46127725,-0.15918288,-201.11868,-217.52339,-188.05354,180.90558,1.2976613,-200.40417,-167.95287,-297.39514,168.17125,-8.383804,-171.81047,212.87354,-0.059628516,0.045348343,-0.8333469,1.7487093,-0.9228492,0.13051069,-0.0846257,-0.032986365,-0.7235811,1.6721866,-1.2415024,0.024679158,-0.83177036,-3.4596093,-3.7034707,6.2587295,8.092703,-2.8756354,-9.407216,-4.938005,0.3539391,-0.90852773,-5.5500064,16.62764
24,-0.1107616,-0.4709257,0.32186309,-0.06548091,-0.0032088668,-0.9978487,1.0,0.0,0.0,-0.11236779,0.03701811,-0.028470993,0.17862368,-0.09613526,0.025498958,-0.13378866,-0.05504365,0.100785434,0.0598737,-0.46126515,0.10900554,-0.443569,0.06081108,0.19097136,0.01547601,0.029893095,-0.79656935,-0.069828354,0.010397112,0.19459067,-0.0482536,-0.040005364,0.09016256,0.4021608,-0.0686063,-0.6255716,-0.24174727,-0.4379012,0.11083826,0.5589034,-0.057078734,-0.43447495,-1.1518978,-0.3573327,-0.62906486,-203.15709,137.1392,210.9501,-215.63792,-24.083616,-83.98646,177.79114,399.10486,2.6126556,-26.375443,23.025248,-201.1427,-0.11236779,0.03701811,-0.828471,1.7786237,-0.8961353,0.025498958,-0.13378866,-0.05504365,-0.6992146,1.6598737,-1.2612652,0.10900554,-8.87138,1.2162216,3.8194273,0.30952018,0.5978619,-15.931387,-1.396567,0.20794223,3.8918133,-0.965072,-0.80010724,1.8032511
25,0.20699565,0.0821133,-0.34098184,-0.072217375,-0.0062401397,-0.9973694,1.0,0.0,0.0,-0.14901759,0.029729765,-0.013077855,0.16871762,-0.16141397,-0.0563339,-0.11012287,-0.052265752,0.119930744,0.048354745,-0.43043154,0.05453762,0.029326478,-0.098725386,-0.018639954,-0.10341275,-0.5655697,-0.09335498,0.26884267,0.021473639,0.02399684,-0.069574945,0.19069974,-0.5673917,0.7107547,0.31607777,0.19653459,-0.02891031,0.030772626,0.7231978,0.19034806,0.58973354,-0.1982848,-0.38777095,-0.22429687,-0.16774279,199.49966,-108.89152,-200.7582,-220.02164,-69.12149,200.22572,143.96777,195.71968,-118.73822,-43.81891,-12.193611,-190.70589,-0.14901759,0.029729765,-0.81307787,1.7687176,-0.961414,-0.0563339,-0.11012287,-0.052265752,-0.68006927,1.6483548,-1.2304316,0.05453762,0.58652955,-1.9745077,-0.37279907,-2.068255,-11.311394,-1.8670995,5.376853,0.42947277,0.47993678,-1.3914988,3.813995,-11.347834
26,-0.4024719,0.14404899,-0.5672916,-0.06718587,-0.0024949615,-0.9977374,1.0,0.0,0.0,-0.095928356,0.03494282,0.00020867586,0.117480636,-0.2004705,-0.00020417357,-0.021336533,-0.02023608,0.11695558,0.039041758,-0.35973865,-0.031126436,0.45200315,0.12351693,0.12419491,-0.34701994,0.1066994,0.58692235,0.5199244,0.2584025,-0.039221894,-0.023873847,0.36446843,-0.3391848,-0.45988435,-0.45471907,0.17537875,0.17978042,-0.2111668,-0.064689,-0.71759397,-1.1588072,0.49509946,-0.20162265,-0.68429625,0.57177514,200.5649,178.58293,162.55942,-39.167675,199.21896,199.40231,8.26272,56.41313,-113.410355,-18.169083,-28.324663,49.28733,-0.095928356,0.03494282,-0.79979134,1.7174807,-1.0004705,-0.00020417357,-0.021336533,-0.02023608,-0.68304443,1.6390418,-1.1597387,-0.031126436,9.040063,2.4703386,2.4838982,-6.9403987,2.133988,11.738447,10.398488,5.16805,-0.78443784,-0.47747692,7.289368,-6.7836957
27,0.267487,-0.40085283,-0.051516943,-0.0745203,-0.0016199435,-0.99721813,1.0,0.0,0.0,-0.057099827,0.03257976,0.04290378,0.06575203,-0.2002514,0.042329084,0.042459656,-0.004842331,0.1416744,0.02040863,-0.35386652,-0.020711472,-0.015935706,-0.12232401,0.26000896,-0.1746354,-0.024497328,-0.089079574,0.15595458,-0.073687084,0.24844103,-0.1502721,-0.24929218,0.36864513,-0.6149357,0.27462325,-0.5063912,0.16053078,-0.11018429,-0.074168496,-0.46572977,0.015273929,-0.49262947,0.40408576,-0.61481386,-0.0703806,-199.1797,-191.79543,35.338757,177.95099,-0.8139818,-183.45403,-144.31912,-375.27145,324.71356,22.469635,-178.68805,201.55167,-0.057099827,0.03257976,-0.75709623,1.665752,-1.0002514,0.042329084,0.042459656,-0.004842331,-0.6583256,1.6204087,-1.1538665,-0.020711472,-0.3187141,-2.4464803,5.200179,-3.492708,-0.48994654,-1.7815914,3.1190915,-1.4737417,4.9688206,-3.005442,-4.9858437,7.3729024
28,-0.045702286,0.13889536,0.5109463,-0.07885688,-0.004269875,-0.99687684,1.0,0.0,0.0,-0.10846876,0.02708493,0.06257039,0.05920124,-0.17370701,0.0028943028,0.025302833,-0.0075313705,0.15239477,0.028652191,-0.43869263,-0.011264602,-0.4526252,0.043633964,-0.031271316,0.07924729,0.15442152,-0.19752061,-0.28772327,0.023417674,-0.11171373,0.18367226,-0.4279522,-0.11143897,0.38048434,0.09571202,-0.17790294,-0.2909815,0.03791535,0.3152268,0.027500536,0.1444764,0.35128653,-0.22970788,0.03985484,-0.4008013,-199.26251,191.99667,-186.69325,136.4753,-11.933256,25.205435,-200.08636,36.605,-193.62671,186.25243,37.581924,-27.560774,-0.10846876,0.02708493,-0.7374296,1.6592013,-0.973707,0.0028943028,0.025302833,-0.0075313705,-0.64760524,1.6286522,-1.2386926,-0.011264602,-9.052504,0.8726793,-0.6254263,1.5849457,3.0884304,-3.9504123,-5.754465,0.46835348,-2.2342746,3.6734452,-8.559044,-2.2287793
29,-0.26627558,0.19091207,-0.12647757,-0.07216278,0.003746533,-0.99738586,1.0,0.0,0.0,-0.14506002,0.045493316,0.052811325,0.058054447,-0.10466927,0.03897921,0.008962734,0.0152885765,0.1493603,0.034603477,-0.45098454,-0.1042599,0.033908818,0.11384565,-0.06250184,-0.07289716,0.3547244,0.48281264,0.016933177,0.16482706,0.0631215,-0.09880369,0.23840003,-0.6591098,0.71335536,-0.48310834,0.2021096,-0.11705166,-0.39972138,0.39767677,0.72886294,-1.2153199,0.43646908,-0.5179597,0.080859035,0.27026734,200.8536,-0.0749166,-190.70074,-214.32872,-37.000664,171.16402,31.690102,107.51026,198.44183,-221.35081,200.17932,-14.064572,-0.14506002,0.045493316,-0.7471887,1.6580545,-0.9046693,0.03897921,0.008962734,0.0152885765,-0.6506397,1.6346035,-1.2509845,-0.1042599,0.67817634,2.276913,-1.2500368,-1.4579431,7.094488,9.656253,0.33866352,3.2965412,1.26243,-1.9760739,4.7680006,-13.182195
30,0.26571217,-0.4757974,-0.87870604,-0.079024695,0.0018024738,-0.9968712,1.0,0.0,0.0,-0.090020284,0.042337194,0.07221943,0.020040154,-0.10819715,0.1645755,0.053070005,0.027087526,0.18297243,0.000997901,-0.34765035,-0.14921226,0.45585582,-0.11248016,0.20239483,-0.1983769,-0.2919422,0.5755851,0.3710781,-0.029530033,0.2121846,-0.18143485,0.7040815,0.1514261,-0.54453915,0.47160465,-0.20964785,0.60507095,-0.4325841,-0.15134104,-0.42392987,0.19694547,-0.6484686,0.75674444,-0.66957176,0.55011314,119.990456,235.72903,655.59,876.189,-76.53209,-93.625885,130.89424,-102.539505,-359.12943,-199.19914,129.5235,235.81229,-0.090020284,0.042337194,-0.7277806,1.6200402,-0.90819716,0.1645755,0.053070005,0.027087526,-0.6170276,1.6009979,-1.1476504,-0.14921226,9.117116,-2.2496033,4.0478964,-3.9675379,-5.838844,11.511703,7.4215617,-0.59060067,4.243692,-3.628697,14.08163,3.028522
31,-0.22895443,0.033714265,-0.24336693,-0.08696413,0.00016753424,-0.9962115,1.0,0.0,0.0,-0.04962283,0.044414442,0.08612543,0.025214791,-0.20628053,0.19475162,0.086094566,0.036922954,0.18556255,0.0054647923,-0.27975613,-0.04688144,0.0013631178,0.11272037,-0.051330715,0.15967152,-0.53781813,-0.17399985,-0.011715582,0.11860185,-0.14916353,0.1763945,0.03812586,0.8094267,-0.67903787,-0.20230289,-0.10518348,-0.19117886,-0.22786123,-0.4108092,-0.7429569,-0.16019176,-0.26708767,-0.7977587,-0.90889144,-0.20140876,-200.02428,201.85825,-193.59534,185.13072,32.94341,-200.08058,-200.37685,206.66344,-201.85164,177.63637,-199.84845,200.15848,-0.04962283,0.044414442,-0.7138746,1.6252148,-1.0062805,0.19475162,0.086094566,0.036922954,-0.61443746,1.6054648,-1.0797561,-0.04688144,0.027262356,2.2544074,-1.0266143,3.1934302,-10.756362,-3.479997,-0.23431163,2.372037,-2.9832706,3.5278902,0.7625172,16.188534
32,0.33830062,0.65157413,0.27829027,-0.07163524,-0.0028683227,-0.99742675,1.0,0.0,0.0,-0.09924793,0.045248557,0.056509852,0.04507506,-0.24471015,0.085449636,0.031082045,0.033783324,0.13915676,0.022697926,-0.3454203,0.040017497,-0.45259103,-0.08136895,-0.21945034,0.046576835,-0.0019458238,-0.8513959,-0.49054337,-0.11762698,-0.2974493,0.011180448,-0.6279967,0.12842058,0.43517375,0.49696243,0.8775763,-0.4623253,0.32388926,0.012556062,0.49012786,0.6046658,0.9289987,-0.4054017,0.061631486,-0.50097865,-200.421,-117.3379,-172.63965,-236.42082,48.079132,-198.41493,-210.22746,-57.72261,-245.82056,-244.4124,-200.25,-196.88246,-0.09924793,0.045248557,-0.74349016,1.6450751,-1.0447102,0.085449636,0.031082045,0.033783324,-0.66084325,1.622698,-1.1454203,0.040017497,-9.051821,-1.6273791,-4.3890066,0.9315367,-0.038916476,-17.027918,-9.810867,-2.3525395,-5.9489856,0.22360896,-12.559934,2.5684116
33,-0.2448804,0.1435137,-0.31728965,-0.056695487,-0.0036748308,-0.99838483,1.0,0.0,0.0,-0.13954438,0.052498654,0.046916306,0.018087864,-0.17100942,-0.0099393055,-0.017288048,0.04215806,0.1131444,-0.0016205311,-0.39580148,-0.01162661,0.005013565,0.12493445,0.0980223,-0.28446555,0.6720605,-0.17108953,-0.043764178,0.16148691,-0.00016136593,-0.16944702,0.07408987,-0.60716325,0.34186888,-0.4308008,0.36464286,0.32487598,-0.25425664,0.99829185,0.55175763,-0.8480387,0.42964458,0.16099177,0.33652413,0.14024866,200.53473,191.87245,218.11128,-212.95332,200.40254,199.7903,189.27802,248.00311,334.11844,146.09668,219.6214,-239.90115,-0.13954438,0.052498654,-0.7530837,1.6180879,-0.97100943,-0.0099393055,-0.017288048,0.04215806,-0.6868556,1.5983795,-1.1958015,-0.01162661,0.1002713,2.498689,1.9604459,-5.689311,13.44121,-3.4217906,-0.87528354,3.2297382,-0.0032273184,-3.3889403,1.4817973,-12.143265
34,0.22436434,-0.61916244,-0.89969283,-0.067356594,-0.005606064,-0.9977132,1.0,0.0,0.0,-0.09196451,0.052966632,0.07719445,-0.009203553,-0.11130655,0.028429218,0.018873323,0.052955467,0.13197738,-0.016429424,-0.30999285,-0.055086695,0.41906688,-0.08521314,0.17708294,0.027746355,-0.0005466165,0.47390628,0.3596036,-0.031021316,0.17021269,-0.0022014861,0.70960075,0.1136322,-0.3541363,0.5671018,-0.37138948,0.5849345,-0.6791711,0.48268723,-0.21441525,0.09847656,-0.8720293,0.7330548,-0.95363194,0.44272116,183.47139,-22.55265,162.66162,344.47513,-191.25168,188.46141,179.03166,-124.22255,95.64094,179.1191,187.55191,210.21585,-0.09196451,0.052966632,-0.72280556,1.5907965,-0.91130656,0.028429218,0.018873323,0.052955467,-0.66802263,1.5835706,-1.1099929,-0.055086695,8.381337,-1.7042627,3.5416586,0.5549271,-0.01093233,9.478126,7.1920724,-0.6204263,3.4042537,-0.044029724,14.192015,2.272644
35,-0.09344054,-0.096706554,-0.2287657,-0.080642685,-0.008761872,-0.9967046,1.0,0.0,0.0,-0.047649488,0.048314918,0.07946658,0.0363909,-0.18335956,0.16676697,0.04477837,0.05724478,0.1284284,0.019404054,-0.24165612,0.038874358,0.04009178,0.036718044,-0.118117094,0.36666822,-0.6601342,0.74188906,-0.061470356,0.056145962,-0.17061359,0.31947756,0.039283346,0.7635904,-0.7841263,-0.4393044,0.023230284,-0.7759857,-0.121542916,-0.75077254,-0.9507863,0.100047156,-0.32356215,-0.90780467,-0.6526867,-0.010883924,-200.24065,203.26602,-191.27672,177.4147,-199.78998,-37.058018,-199.786,43.532124,-197.99551,176.65765,-199.71873,177.53035,-0.047649488,0.048314918,-0.72053343,1.6363909,-0.9833596,0.16676697,0.04477837,0.05724478,-0.6715716,1.6194041,-1.0416561,0.038874358,0.8018356,0.7343609,-2.362342,7.3333645,-13.202683,14.837781,-1.2294071,1.1229192,-3.4122717,6.389551,0.78566694,15.271808
36,0.11322623,0.224328,0.4344799,-0.07732448,-0.009161817,-0.99696386,1.0,0.0,0.0,-0.09140082,0.043733545,0.058123946,0.0871011,-0.24026984,0.24081694,-0.016730625,0.063788064,0.0854702,0.06699538,-0.30684298,0.11535657,-0.4300394,-0.071669504,-0.096429944,0.16276056,0.022519868,0.066487975,-0.50825816,0.020860115,-0.25009856,0.17190285,-0.62179977,0.070800304,0.5810428,0.40905082,0.25126854,-0.49410173,0.43255454,-0.65915215,0.7574691,0.17291264,0.6292463,-0.7321223,0.16458648,-0.5340826,-199.3942,-195.88889,0.4265232,-223.35504,199.94078,-200.12465,-200.04828,138.94785,-201.15752,-224.70178,-189.08708,-198.15068,-0.09140082,0.043733545,-0.74187607,1.6871011,-1.0402699,0.24081694,-0.016730625,0.063788064,-0.7145298,1.6669954,-1.106843,0.11535657,-8.600788,-1.43339,-1.9285989,3.255211,0.45039734,1.3297595,-10.165163,0.4172023,-5.001971,3.438057,-12.435995,1.4160061
37,-0.3451491,-0.2597535,-0.15104212,-0.07913795,-0.0024456684,-0.9968606,1.0,0.0,0.0,-0.12938763,0.052560546,0.071709394,0.08550274,-0.1616202,0.17921376,-0.07027853,0.09147487,0.06989771,0.07163811,-0.35737544,0.05500715,0.005061603,0.12652467,0.20099567,-0.14686267,0.6966095,-0.6146338,-0.0734244,0.20491607,0.06383734,-0.099551715,0.048980985,-0.60507196,0.32037053,-0.26457912,-0.747995,-0.14864832,-0.72926515,0.07451313,0.5731546,-1.4107112,-0.027742095,-0.04509306,-0.20888036,0.3553746,199.20862,186.88515,199.6054,-220.98384,199.9506,-200.4507,202.54092,-15.405855,232.60754,-207.78839,200.70197,-200.14897,-0.12938763,0.052560546,-0.7282906,1.6855028,-0.9616202,0.17921376,-0.07027853,0.09147487,-0.7301023,1.6716381,-1.1573755,0.05500715,0.10123206,2.5304935,4.019913,-2.9372535,13.93219,-12.292676,-1.468488,4.0983214,1.2767469,-1.9910343,0.9796197,-12.1014385
38,0.16199194,0.23158073,-0.68163824,-0.078070916,-0.0013370942,-0.99694693,1.0,0.0,0.0,-0.07812995,0.05601742,0.08881998,0.04491794,-0.09565002,0.120862246,-0.032879055,0.10774614,0.061251283,0.04315746,-0.31110638,0.011368338,0.46252915,-0.07082553,-0.00029619221,-0.24292925,0.030077785,-0.13609321,0.39961404,-0.021525024,-0.117467515,-0.16721094,0.24999426,0.09812777,-0.21783698,0.38768333,0.3675113,-0.36145923,-0.4978404,0.59711546,-0.10659385,0.17705615,0.10766047,0.454628,-0.49405995,0.31615075,203.13094,-227.8013,-170.55106,-174.39394,-199.22014,39.91066,201.95393,-248.20796,-65.706055,-42.224163,-21.826073,199.03275,-0.07812995,0.05601742,-0.71118003,1.644918,-0.89565,0.120862246,-0.032879055,0.10774614,-0.7387487,1.6431575,-1.1111064,0.011368338,9.250583,-1.4165106,-0.0059238444,-4.858585,0.6015557,-2.7218642,7.9922805,-0.43050045,-2.3493502,-3.3442187,4.999885,1.9625553
39,-0.3487694,-0.41562113,0.026211891,-0.08285452,0.0027869288,-0.9965577,1.0,0.0,0.0,-0.033208568,0.059624135,0.118670344,0.008934736,-0.14978135,0.14349462,-0.0036891566,0.11789048,0.058143437,0.046067,-0.32304806,0.08362746,0.04320304,0.0726677,0.22796337,-0.026901538,-0.4896585,0.25071415,-0.059931505,0.10391054,0.05496748,0.16135417,-0.28865227,0.49120146,-0.8542885,0.1993677,-0.84546065,-0.081110686,-0.9730205,0.3828831,-0.7301671,-1.1757283,0.15864906,0.7673142,-0.89007974,-0.27738485,-138.72626,-71.84564,203.98997,369.25787,-153.21777,94.76315,-177.68431,7.531725,108.018616,241.50705,-107.76931,28.359682,-0.033208568,0.059624135,-0.68132967,1.6089348,-0.94978136,0.14349462,-0.0036891566,0.11789048,-0.7418566,1.646067,-1.1230481,0.08362746,0.8640608,1.453354,4.5592675,-0.53803074,-9.79317,5.0142827,-1.1986301,2.0782108,1.0993496,3.2270832,-5.773045,9.824029
40,-0.3883421,-0.3440999,0.51393,-0.09809058,0.018584909,-0.99500394,1.0,0.0,0.0,-0.060291156,0.06979961,0.16182613,0.023805737,-0.3025555,0.2138329,-0.068787925,0.13330786,0.07089305,0.09321356,-0.45481116,0.10701194,-0.29117513,0.041836645,0.21553092,0.12280369,-0.9988155,0.35040066,-0.54113686,0.05160597,0.066329755,0.2980451,-0.91855556,-0.18930072,0.32530656,-0.62142533,-0.651378,-0.58950716,0.5025159,-0.3212554,0.53631437,-0.24774633,-0.5126056,-0.61413616,0.5543384,-0.36648902,-152.19452,-13.69603,93.62009,103.39105,-155.83469,-22.400215,-192.2835,-271.94998,157.43494,199.02098,-76.81065,-201.22087,-0.060291156,0.06979961,-0.6381739,1.6238058,-1.1025555,0.2138329,-0.068787925,0.13330786,-0.72910696,1.6932136,-1.2548112,0.10701194,-5.8235025,0.83673286,4.3106184,2.4560738,-19.976309,7.008013,-10.822737,1.0321194,1.3265951,5.9609017,-18.37111,-3.7860143
41,0.16208825,0.19489966,-0.07787783,-0.09972313,0.022857042,-0.99475265,1.0,0.0,0.0,-0.080710106,0.06450394,0.17893606,0.047562838,-0.42196637,0.21610999,-0.12474255,0.1200889,0.06338966,0.13450658,-0.56288916,-0.0014618654,0.06342617,-0.08787016,-0.02029028,0.104417264,-0.27511057,-0.271468,-0.06769512,-0.1600211,-0.12623183,0.13100374,-0.23140776,-0.77462643,0.26666924,0.43610752,-0.06584414,-0.45351595,0.38051808,-0.25640786,0.8142593,-0.060886413,0.37564138,-0.7615498,0.65461963,0.26273313,201.24805,-204.68098,-191.98206,-214.99635,200.36046,-200.24153,197.70929,-206.11386,-221.53745,-234.60889,199.85771,-57.651295,-0.080710106,0.06450394,-0.62106395,1.6475629,-1.2219664,0.21610999,-0.12474255,0.1200889,-0.73661035,1.7345066,-1.3628892,-0.0014618654,1.2685233,-1.7574031,-0.4058056,2.0883453,-5.502211,-5.4293604,-1.3539023,-3.2004218,-2.5246365,2.6200747,-4.628155,-15.492529
42,0.086729236,0.22648668,-0.8189613,-0.09170375,0.015636183,-0.99566364,1.0,0.0,0.0,-0.012477342,0.06021761,0.16800058,0.05299604,-0.40104908,0.09283322,-0.09006159,0.082155935,0.056145072,0.12953937,-0.53603274,-0.07943634,0.54514855,0.034151092,-0.081256144,-0.03772365,0.4157497,-0.79115117,0.37155935,-0.20049202,0.04006425,-0.15072034,0.4337314,-0.07613384,-0.7295263,0.036576644,0.47178033,-0.58191276,0.38331014,0.3718276,-0.51330435,-0.06646478,0.3546332,-0.41320044,-0.014220357,0.7259951,101.50502,163.10852,-196.80693,-215.51372,200.82378,1.3751307,202.60855,-96.211586,240.78326,-208.99947,201.21399,200.29634,-0.012477342,0.06021761,-0.63199943,1.6529961,-1.2010491,0.09283322,-0.09006159,0.082155935,-0.74385494,1.7295394,-1.3360327,-0.07943634,10.90297,0.68302184,-1.6251228,-0.754473,8.314994,-15.823023,7.431187,-4.0098405,0.80128497,-3.014407,8.674628,-1.5226767
43,0.1709177,-0.30834463,-0.27982396,-0.09467633,0.007589192,-0.9954791,1.0,0.0,0.0,0.046127554,0.05685157,0.19148672,0.013532162,-0.2438938,0.009077391,-0.06602856,0.033871796,0.10074872,0.06727445,-0.38590294,-0.020252394,0.08865963,-0.039273016,0.28102538,-0.33257386,1.0886325,-0.11501038,-0.08279008,-0.25516674,0.36962467,-0.4462854,0.86789936,0.5990369,-0.59230775,0.4335329,-0.48914176,0.59038746,-0.07772063,0.75307524,-0.482487,0.51295215,-0.6468756,0.3842873,-0.41756406,-0.26554516,-201.20834,5.413338,196.13478,-228.11136,200.13445,200.31581,-202.25328,56.045868,154.39803,-265.86243,-35.299145,200.65051,0.046127554,0.05685157,-0.6085133,1.6135322,-1.0438938,0.009077391,-0.06602856,0.033871796,-0.6992513,1.6672745,-1.185903,-0.020252394,1.7731925,-0.7854603,5.6205072,-6.651477,21.77265,-2.3002076,-1.6558015,-5.1033344,7.3924932,-8.925708,17.357986,11.980737
44,-0.3343574,0.21657401,0.3599857,-0.095010504,0.012084529,-0.9954028,1.0,0.0,0.0,0.022345891,0.06612085,0.21584946,-0.022145152,-0.10002887,0.0568065,-0.13113438,0.008480977,0.13565117,0.011938453,-0.28623623,0.022030022,-0.26384887,0.09318061,-0.01844282,-0.00906135,0.41067633,0.47400823,-0.5323886,-0.017581334,0.005597883,-0.10924429,0.19253175,-0.11140444,0.03372336,-0.623496,-0.09640736,1.2160542,-0.7070832,-0.018038042,0.14772002,-0.24219747,0.37979716,-0.015244685,-0.21009783,-0.4819028,-57.037262,-447.14764,-253.33057,461.79517,-249.69196,70.96884,-219.79202,327.87433,-310.3141,275.69327,-205.90015,-206.59567,0.022345891,0.06612085,-0.58415055,1.5778549,-0.9000289,0.0568065,-0.13113438,0.008480977,-0.66434884,1.6119385,-1.0862362,0.022030022,-5.276977,1.8636122,-0.3688564,-0.18122698,8.213527,9.480165,-10.647772,-0.35162666,0.111957654,-2.1848857,3.8506348,-2.2280889
45,0.3001897,0.045272004,-0.6289525,-0.09031201,0.010643567,-0.99585664,1.0,0.0,0.0,0.008907667,0.061564397,0.19379395,0.011446118,-0.09210074,0.079575814,-0.20362848,-0.006286313,0.13506222,0.013280392,-0.25566953,-0.05640713,0.029032199,-0.12241652,-0.18258032,0.30937168,-0.26396343,-0.14061128,-0.24054758,-0.119052164,0.003942117,0.074909106,0.12539983,-0.55498254,0.068882324,0.115776606,0.1996434,-0.20444466,-0.42970335,-0.23611137,0.8549486,0.5700754,0.2826813,-0.37025458,0.22439921,0.09015775,33.51811,-204.82118,-210.22832,174.97687,-200.20247,-95.370995,93.81309,221.6755,42.560295,138.43295,-23.628448,-101.50457,0.008907667,0.061564397,-0.60620606,1.6114461,-0.89210075,0.079575814,-0.20362848,-0.006286313,-0.6649378,1.6132804,-1.0556695,-0.05640713,0.58064395,-2.4483304,-3.6516063,6.1874337,-5.2792687,-2.8122256,-4.8109517,-2.3810432,0.07884234,1.498182,2.5079966,-11.09965
46,-0.18468934,-0.29899335,-0.94091225,-0.09770071,0.0071458523,-0.99519014,1.0,0.0,0.0,0.028242653,0.061067205,0.18611145,0.040445685,-0.19611865,-0.008724464,-0.2013977,-0.012105833,0.1535145,0.01885271,-0.16357607,-0.08446337,0.11550873,0.07121413,0.04638797,0.024980046,-0.56208485,-0.5358586,0.22074877,0.03900745,0.15183292,-0.018295294,0.7338044,0.19228381,-0.6548807,-0.00052176416,0.15385658,-0.6253395,-0.27467763,0.23082389,-0.34856376,-0.112339094,-0.6805817,-0.8069951,-0.34870237,0.5543123,-20.293606,53.721973,-2.3763316,-217.8173,41.95392,26.242455,209.7063,131.9818,-34.442818,-152.08644,157.68626,210.05005,0.028242653,0.061067205,-0.61388856,1.6404457,-0.99611866,-0.008724464,-0.2013977,-0.012105833,-0.6464855,1.6188527,-0.9635761,-0.08446337,2.3101745,1.4242826,0.9277594,0.49960092,-11.241697,-10.717171,4.414975,0.780149,3.0366585,-0.36590588,14.676088,3.8456762
47,0.16643159,0.11108997,-0.38600755,-0.10073148,0.0028431136,-0.99490964,1.0,0.0,0.0,0.0020979547,0.052557744,0.19006443,0.028853297,-0.24583489,-0.041291572,-0.20769131,-0.023641825,0.16820687,-0.0021522045,-0.08997154,0.028859323,-0.3283548,-0.10634255,0.0012850197,-0.13105331,-0.09912058,0.14096868,-0.2141717,-0.11054947,0.011542713,-0.17194165,0.06916463,0.8725199,-0.15389273,0.26875645,0.24578543,0.15807866,0.17937116,0.40653944,-0.20908655,0.6291551,-0.56979483,-0.15443465,-0.74138653,-0.54114026,-205.48056,4.028738,-102.051636,-227.57332,41.336365,200.65703,-114.12575,-62.779854,-221.44266,-228.31157,-199.95134,200.39796,0.0020979547,0.052557744,-0.6099356,1.6288533,-1.0458349,-0.041291572,-0.20769131,-0.023641825,-0.63179314,1.5978478,-0.88997155,0.028859323,-6.567096,-2.1268508,0.025700392,-2.621066,-1.9824115,2.8193736,-4.283434,-2.2109895,0.23085426,-3.438833,1.3832924,17.450397
48,-0.2288961,0.21505013,-0.413875,-0.09400498,0.003340274,-0.9955661,1.0,0.0,0.0,-0.05654648,0.05128605,0.18423635,0.014812827,-0.19172382,0.05883887,-0.22297204,-0.027674735,0.16796237,-0.008647442,-0.12333423,0.10693546,-0.25272664,0.076114945,-0.045320265,-0.02473848,0.5727692,0.73727703,-0.021715974,0.058077224,-0.0036476012,0.059770912,-0.36547396,0.013408271,0.27170673,-0.51009005,0.5416874,0.9409456,-0.55009437,-0.19162805,0.4901796,-0.57996637,0.550612,-0.4066307,-0.46668008,-0.5337881,36.60519,217.8934,188.05704,197.27899,201.34692,56.76348,20.087921,178.71492,157.08646,166.73753,-141.45001,-227.32582,-0.05654648,0.05128605,-0.61576366,1.6148129,-0.99172384,0.05883887,-0.22297204,-0.027674735,-0.63203764,1.5913526,-0.92333424,0.10693546,-5.054533,1.5222989,-0.90640527,-0.49476957,11.455384,14.745541,-0.4343195,1.1615444,-0.072952025,1.1954182,-7.3094788,0.2681654
49,0.378759,-0.5093369,-1.2602361,-0.10135476,-0.0042228373,-0.99484146,1.0,0.0,0.0,-0.0622085,0.043012153,0.19379914,0.025684714,-0.15317911,0.1330259,-0.1946895,-0.03522036,0.20425159,-0.007829428,-0.2332806,0.037091967,0.15372734,-0.13950658,0.122514986,0.11930652,-0.11875081,0.071207,0.28868136,-0.11803762,0.324202,-0.05583285,-0.55940866,-0.6505735,-0.22323936,0.11394788,-0.23283076,-0.3816906,-0.0527301,-0.6482619,-0.19644132,1.0982761,-1.0949954,-0.37067842,0.15250212,0.16673435,203.0159,-220.6594,200.28038,184.78383,-199.92725,-200.50887,141.56915,40.467697,167.79227,-63.395172,46.019054,-198.89297,-0.0622085,0.043012153,-0.6062009,1.6256847,-0.9531791,0.1330259,-0.1946895,-0.03522036,-0.5957484,1.5921706,-1.0332806,0.037091967,3.0745466,-2.7901316,2.4502997,2.3861303,-2.3750162,1.42414,5.7736273,-2.3607523,6.48404,-1.116657,-11.188173,-13.01147
50,-0.070453085,0.124286905,-0.6582436,-0.107323594,-0.0130570885,-0.99413836,1.0,0.0,0.0,-0.075660996,0.035367224,0.20352894,0.031104207,-0.12891299,0.07022076,-0.16797662,-0.043806788,0.23810333,-0.015290022,-0.26952738,-0.021191027,-0.22497225,0.03970701,-0.011530881,-0.046396367,0.18111561,-0.6282031,0.049189743,0.010852822,0.043205176,-0.023210786,0.12488174,0.0031069054,-0.6012833,0.06471996,0.40663233,-0.31345427,-0.12624356,-0.0020217663,-0.37072277,0.49655437,-0.68117845,-0.32811373,-0.13996142,0.53900534,-111.19056,129.77054,-187.65324,-210.63216,-8.931332,-200.12073,-28.23555,-58.326843,-297.53082,-115.74206,194.92038,190.17023,-0.075660996,0.035367224,-0.5964711,1.6311042,-0.928913,0.07022076,-0.16797662,-0.043806788,-0.5618967,1.58471,-1.0695274,-0.021191027,-4.499445,0.79414016,-0.23061761,-0.9279273,3.622312,-12.564062,0.9837948,0.21705644,0.8641035,-0.46421573,2.4976346,0.062138107
51,-0.3588294,0.18632294,0.17934322,-0.10102829,-0.0044662594,-0.9948735,1.0,0.0,0.0,-0.17257945,0.047729086,0.22749114,-0.012784958,-0.12166792,0.013029068,-0.19736667,-0.03360399,0.23759359,-0.02256608,-0.22446543,0.05114763,-0.70044196,0.07106467,0.22727406,-0.36055818,-0.004564678,-0.0874717,-0.27033895,0.080005966,-0.033484332,-0.038652863,0.23277788,0.6125757,0.4526475,-0.7877573,0.634433,0.66341436,0.30590987,0.37078944,0.38818046,-0.65260476,0.30045864,-0.24818511,0.14794731,-0.40300724,-195.58702,-76.301025,252.94974,-182.81683,-4.832545,62.914104,151.23013,-640.4492,55.30638,409.25818,28.243395,24.026001,-0.17257945,0.047729086,-0.5725089,1.5872151,-0.92166793,0.013029068,-0.19736667,-0.03360399,-0.5624064,1.577434,-1.0244654,0.05114763,-14.008839,1.4212935,4.545481,-7.2111635,-0.09129356,-1.749434,-5.406779,1.6001192,-0.6696866,-0.7730573,4.6555576,12.2515135
52,0.14708859,-0.46060443,-0.37093434,-0.108959414,-0.0018802102,-0.9940444,1.0,0.0,0.0,-0.2543019,0.03791376,0.2664523,-0.042597413,-0.10158014,0.05116974,-0.21085325,-0.037504774,0.25540358,-0.041597486,-0.11706936,0.09400105,-0.18105327,-0.14332019,0.13363959,0.036389846,0.09786009,0.40316173,0.06933092,-0.088239,0.18372704,-0.14358023,0.64902353,-0.08647507,0.6112762,0.013040513,-0.30142325,1.007496,0.5716949,-0.2996816,0.3713909,0.3215466,-0.4448036,0.23558615,-0.05007168,-0.42167345,220.35303,-270.72647,-152.74893,263.45642,14.887253,144.33588,114.00364,-4.464859,140.88307,9.272034,-13.24564,-192.93167,-0.2543019,0.03791376,-0.5335477,1.5574026,-0.90158015,0.05116974,-0.21085325,-0.037504774,-0.54459643,1.5584025,-0.9170694,0.09400105,-3.6210651,-2.8664036,2.6727917,0.7277969,1.9572018,8.063234,1.3866184,-1.7647799,3.6745408,-2.8716044,12.980471,-1.7295012
53,-0.011196555,0.13349809,-0.85249466,-0.11394851,-0.0066249063,-0.9934646,1.0,0.0,0.0,-0.23887907,0.031230874,0.24695742,0.0021650791,-0.024580777,0.05670666,-0.14619428,-0.031832945,0.25861728,-0.031029582,-0.06129569,-1.8354648e-06,0.27948907,0.04198609,-0.28191102,0.371518,0.6317143,-0.27514055,0.53464645,0.112539016,-0.12279808,0.19799972,0.07520088,-0.7757903,-0.085355945,0.0021059588,0.03765205,-0.37701347,-0.44056487,-0.15658183,-0.59077835,0.013396099,-0.20808995,-0.5974897,-0.7021557,-0.24284723,195.118,23.943642,-296.3009,175.33044,162.00143,-199.23207,200.57167,199.88747,-201.96036,195.59518,-64.33127,-197.19168,-0.23887907,0.031230874,-0.5530426,1.6021651,-0.8245808,0.05670666,-0.14619428,-0.031832945,-0.54138273,1.5689704,-0.8612957,-1.8354648e-06,5.5897813,0.83972174,-5.6382203,7.4303594,12.634285,-5.502811,10.692928,2.2507803,-2.4559615,3.9599943,1.5040176,-15.515805
54,0.10617225,0.52725726,-0.5153317,-0.099158786,-0.012332233,-0.99499524,1.0,0.0,0.0,-0.18500976,0.035236433,0.183581,0.058909655,0.027109563,-0.017314885,-0.08613906,-0.01892444,0.21934944,-0.006742835,-0.11928415,-0.10250756,0.2401483,0.00033800892,-0.323217,0.19822954,-0.04402225,-0.3449888,0.10693623,0.03627084,-0.24714756,0.05984056,-0.58909625,-0.37541288,-0.468951,-0.37815344,1.0137484,-0.8939983,-0.32879335,0.07792982,-0.5799886,0.049143612,0.60104924,-0.66289985,-0.11878597,0.7139132,-16.18911,-113.65652,-15.498021,-228.54407,-200.25116,36.155067,-197.11943,11.202034,-205.25247,-222.70035,-200.07573,68.12447,-0.18500976,0.035236433,-0.616419,1.6589097,-0.77289045,-0.017314885,-0.08613906,-0.01892444,-0.58065057,1.5932572,-0.91928416,-0.10250756,4.802966,0.006760178,-6.4643397,3.9645905,-0.880445,-6.8997755,2.1387246,0.7254168,-4.942951,1.1968112,-11.781925,-7.5082574
55,0.16007419,-0.05735345,0.063540615,-0.090881936,-0.01851824,-0.9956895,1.0,0.0,0.0,-0.18926658,0.017028864,0.16087675,0.06734538,-0.05232835,-0.017719217,-0.11028222,-0.015766593,0.20467758,-0.0287956,-0.16465938,-0.10452548,-0.23590389,-0.1596333,0.05466306,-0.085712574,-0.6010667,0.18405475,-0.30854627,0.0019075312,0.069949605,-0.24874444,0.0242058,0.2887152,-0.28612143,0.6029858,0.07675356,-0.08934523,0.061037898,0.5055654,0.38440958,0.15809123,0.16213578,0.36722475,0.1748749,0.3766096,-202.1834,-193.95746,171.55568,-231.98706,-28.926683,38.896828,-202.28499,129.80605,214.60289,-212.23053,95.42245,200.38094,-0.18926658,0.017028864,-0.63912326,1.6673454,-0.85232836,-0.017719217,-0.11028222,-0.015766593,-0.59532243,1.5712044,-0.9646594,-0.10452548,-4.7180777,-3.1926658,1.0932611,-1.7142515,-12.021334,3.681095,-6.1709256,0.038150623,1.3989921,-4.974889,0.484116,5.7743044
56,-0.39439556,0.293555,-0.17737037,-0.08425715,-0.012449588,-0.99636626,1.0,0.0,0.0,-0.22498088,0.012711214,0.15994424,0.036762476,-0.09623039,0.09269323,-0.11189089,0.008277297,0.19090813,-0.038510084,-0.08656567,0.022065075,-0.1364812,0.08280366,-0.03968242,-0.1907746,0.09161794,0.8307461,0.20885658,0.22080906,-0.14006169,0.05583052,0.5746414,0.8054612,0.48428905,-0.0858583,-0.08879375,0.38493535,-0.18492578,-0.07218384,0.16793361,-1.1773877,0.38877326,0.28797615,-0.4534294,-0.21551639,3.2662494,221.72067,-103.22998,-93.87495,200.78775,121.72038,202.03046,98.68038,12.347446,155.92188,17.18991,-4.995872,-0.22498088,0.012711214,-0.6400558,1.6367625,-0.8962304,0.09269323,-0.11189089,0.008277297,-0.6090919,1.5614899,-0.8865657,0.022065075,-2.7296238,1.6560731,-0.7936484,-3.8154922,1.8323588,16.614922,4.1771317,4.416181,-2.8012338,1.1166104,11.492827,16.109224
57,0.16900763,0.16109583,-0.9322373,-0.07541875,-0.011465528,-0.99708605,1.0,0.0,0.0,-0.20497432,0.008046607,0.12852466,0.033982635,-0.11855793,0.18552978,-0.03419292,0.02757254,0.16945589,-0.012378216,-0.05107236,0.106601186,0.2918583,-0.10279413,-0.25517192,0.12874892,-0.15373376,0.16313514,0.4541226,-0.0006463704,-0.08014335,0.19127071,-0.14319497,0.11174752,-0.26072127,-0.19672282,0.7560725,0.13298737,0.099995926,-0.702729,-0.6535743,-0.31336087,0.0031299964,-0.052508354,-0.5262945,-0.52284414,200.09033,-135.31236,-197.91092,177.20776,5.1147146,-200.68472,0.5383035,-200.69391,204.8598,186.52216,-199.87785,-200.01755,-0.20497432,0.008046607,-0.67147535,1.6339827,-0.91855794,0.18552978,-0.03419292,0.02757254,-0.6305441,1.5876218,-0.8510724,0.106601186,5.8371654,-2.0558827,-5.1034384,2.5749784,-3.074675,3.2627027,9.082452,-0.012927408,-1.6028669,3.8254142,-2.8638995,2.2349503
58,0.63779116,0.13619003,-0.27284455,-0.0693238,-0.030831194,-0.99711764,1.0,0.0,0.0,-0.19675504,-0.035848383,0.08392304,0.058116436,-0.080987334,0.14321707,0.0021778701,0.003535167,0.154419,0.011143684,-0.15162885,0.054031987,-0.101617575,-0.29227468,-0.1976071,0.107090905,0.3781685,-0.5177931,-0.03817385,-0.20818312,-0.07497818,0.05894505,-0.7636821,-0.5693627,-0.27865788,0.9545942,0.6175681,-0.7589508,0.21082754,-0.2286632,-0.64820224,0.9066237,-0.09025455,-0.52430195,-0.12414614,0.11717576,-50.72028,-58.774796,148.19724,-3.4642944,34.16278,-199.9637,-200.32214,-198.3246,-208.38208,-206.00623,-97.53353,-199.96759,-0.19675504,-0.035848383,-0.71607697,1.6581165,-0.88098735,0.14321707,0.0021778701,0.003535167,-0.645581,1.6111437,-0.95162886,0.054031987,-2.0323515,-5.845494,-3.952142,2.141818,7.5633698,-10.355863,-0.76347697,-4.1636624,-1.4995636,1.178901,-15.273643,-11.387254
59,0.037143014,0.25512698,0.2671853,-0.061493687,-0.042946905,-0.99718314,1.0,0.0,0.0,-0.22519632,-0.06690857,0.06715673,0.043670297,0.020308673,0.012657267,-0.05090352,-0.014233348,0.1308068,0.010101795,-0.22813243,0.01299019,-0.14200363,-0.04645305,0.012954131,-0.21590734,0.47350422,-0.60447997,-0.452267,0.0125463605,-0.15352789,-0.056542527,-0.07073846,0.08620844,0.41181344,0.69907826,0.1408455,0.26177153,-0.27499178,0.7116127,0.42665413,-0.116240576,0.33958927,-0.07410782,0.2850936,0.57051694,20.084291,217.07063,196.94751,-223.04483,-52.249954,70.81918,-203.2995,273.7426,-198.02226,-216.03151,200.36504,178.50952,-0.22519632,-0.06690857,-0.7328433,1.6436703,-0.77969134,0.012657267,-0.05090352,-0.014233348,-0.6691932,1.6101018,-1.0281324,0.01299019,-2.8400724,-0.929061,0.25908262,-4.3181467,9.470084,-12.0896,-9.04534,0.2509272,-3.0705576,-1.1308506,-1.414769,1.7241688
60,0.018308392,-0.17353578,-0.36104187,-0.06031447,-0.044149548,-0.9972025,1.0,0.0,0.0,-0.20030433,-0.07311146,0.07941252,0.026087642,0.02948904,-0.029352332,-0.08868864,-0.018211395,0.12389612,-0.007969737,-0.16666365,0.10160575,0.34025586,-0.01904392,0.1002901,0.007512265,-0.28350306,0.102823876,0.04653622,-0.0605155,0.021635426,-0.023159238,0.6301357,0.67560655,0.046652444,0.3623041,-0.34245482,1.3500441,-1.3081683,0.5815975,0.23631287,-1.0168453,0.36876625,0.77225393,-1.3184767,-0.13898814,199.81116,221.99411,48.157,189.52423,-199.84206,200.37361,236.94171,-251.62851,48.58075,241.32278,210.11838,130.75168,-0.20030433,-0.07311146,-0.7205875,1.6260877,-0.770511,-0.029352332,-0.08868864,-0.018211395,-0.6761039,1.5920303,-0.96666366,0.10160575,6.805117,-0.38087842,2.005802,0.1502453,-5.670061,2.0564775,0.9307244,-1.21031,0.43270853,-0.46318474,12.602715,13.512131
61,0.07964833,-0.21634519,-1.0152086,-0.06678915,-0.048124887,-0.9966059,1.0,0.0,0.0,-0.113367274,-0.07210763,0.07924461,0.06018901,-0.10165995,0.064948246,-0.037891608,-0.031917445,0.13339984,0.012634993,-0.10982889,0.1650691,0.42987385,0.022856452,-0.0854662,0.30058774,-0.9600487,0.7706225,0.42256317,-0.075784214,0.06935249,0.20006338,-0.0028332917,0.024927182,-0.76828206,-0.3058161,0.42784092,-1.009081,0.21402974,-0.53422993,-0.28878444,0.77198124,-0.62548757,-0.7911472,-0.44822565,-0.477186,-67.84696,214.36353,-204.21059,172.51633,-200.2728,200.0471,160.94916,-54.817894,326.90433,308.1635,-181.91525,-192.3076,-0.113367274,-0.07210763,-0.7207554,1.660189,-0.90165997,0.064948246,-0.037891608,-0.031917445,-0.66660017,1.612635,-0.9098289,0.1650691,8.597477,0.45712903,-1.709324,6.011755,-19.200974,15.41245,8.451263,-1.5156842,1.3870498,4.0012674,-0.056665834,0.49854365
62,0.06661661,-0.19124025,-0.23081504,-0.07364827,-0.052682556,-0.9958918,1.0,0.0,0.0,-0.078297965,-0.0731779,0.08124572,0.08786833,-0.21959716,0.14464757,-0.0056673503,-0.039485097,0.14429659,0.037963986,-0.18012887,0.0927984,-0.03249939,-0.02926693,0.08822018,0.008505696,-0.28696418,0.094498865,-0.051961835,-0.009288346,0.039207425,0.06638294,-0.5653572,-0.677527,-0.3603024,0.09373058,-0.19962464,-0.74512726,0.037150964,-0.79500103,-0.7411637,0.07632087,-0.18325824,-0.68218035,-0.049610987,0.34503582,-200.11319,-203.44499,202.92494,-214.8642,200.08829,-200.13399,-199.74023,196.60466,-198.5742,-218.30302,-46.432514,-200.10544,-0.078297965,-0.0731779,-0.7187543,1.6878684,-1.0195972,0.14464757,-0.0056673503,-0.039485097,-0.6557034,1.637964,-0.9801289,0.0927984,-0.6499878,-0.5853386,1.7644036,0.17011392,-5.7392836,1.8899772,-1.0392367,-0.18576692,0.78414845,1.3276587,-11.307144,-13.55054
63,-0.32609028,0.46324348,0.27538624,-0.06716676,-0.045613393,-0.99669856,1.0,0.0,0.0,-0.13403593,-0.055433,0.079479694,0.07208443,-0.20101136,0.086415246,-0.06243594,-0.023892825,0.1269967,0.038349986,-0.2171337,0.03042029,-0.44381863,0.17513417,-0.08541457,-0.14883493,0.3960031,-0.6056933,-0.47360188,0.13653885,-0.18491879,-0.052818723,0.1262684,-0.011799166,0.20709956,-0.06938793,0.31000087,0.096706495,0.19326879,0.38728416,0.8037036,-0.4742717,0.56451607,0.06885928,0.08963512,0.41012496,-78.237946,191.12018,-126.65808,-186.28996,173.5327,-199.3631,-204.35335,163.26895,-132.62006,-187.48074,201.58057,201.51228,-0.13403593,-0.055433,-0.7205203,1.6720845,-1.0010114,0.086415246,-0.06243594,-0.023892825,-0.6730033,1.63835,-1.0171337,0.03042029,-8.876372,3.5026834,-1.7082914,-2.9766986,7.9200616,-12.113866,-9.472037,2.7307768,-3.6983757,-1.0563744,2.525368,-0.23598331
64,-0.0006766823,-0.2737254,-0.18457466,-0.064954415,-0.040302478,-0.997074,1.0,0.0,0.0,-0.16623497,-0.043202408,0.07662815,0.06365895,-0.07770413,0.030543318,-0.10340839,-0.019074045,0.115502894,0.03827703,-0.13197607,0.094685666,0.055091467,-0.015297039,0.05491481,0.034327704,0.56735224,-0.019252947,0.0176586,-0.065422736,0.038325705,0.056714643,0.5268094,0.56916875,0.37843925,-0.1839505,0.115413494,0.7756467,-0.51254505,0.58677226,0.4025575,-0.42367148,0.06728441,0.32031286,-0.7123762,-0.080732435,196.47572,-218.15712,156.53497,484.8001,-283.88232,94.015564,198.55783,-185.55667,173.27103,159.90508,-17.114676,144.85031,-0.16623497,-0.043202408,-0.72337186,1.663659,-0.87770414,0.030543318,-0.10340839,-0.019074045,-0.6844971,1.638277,-0.9319761,0.094685666,1.1018293,-0.30594078,1.0982962,0.6865541,11.347044,-0.38505894,0.353172,-1.3084548,0.76651406,1.1342928,10.536187,11.383375
65,0.40782696,-0.31685457,-0.7176023,-0.07574265,-0.051397406,-0.9958019,1.0,0.0,0.0,-0.10821251,-0.0693231,0.07833719,0.10387325,-0.053495347,0.095076926,-0.05816018,-0.048501033,0.11373472,0.079876065,-0.09989494,0.13613638,0.48919925,-0.19989681,-0.008418588,0.30170137,-0.1994563,0.62693787,0.4021465,-0.20811915,-0.03486551,0.31750622,-0.1417429,-0.0901374,-0.34043714,0.7459597,-0.31037793,-0.84102154,-0.4823249,-0.24734855,-0.40250278,1.245079,-0.48720253,-0.8299573,-0.77826005,-0.466674,194.35701,-40.974342,159.68898,212.48111,-198.44638,200.32411,197.37837,-191.56537,7.205471,205.292,-198.53221,-199.93355,-0.10821251,-0.0693231,-0.7216628,1.7038733,-0.85349536,0.095076926,-0.05816018,-0.048501033,-0.6862653,1.6798761,-0.89989495,0.13613638,9.783985,-3.9979362,-0.16837175,6.034027,-3.989126,12.538757,8.04293,-4.162383,-0.69731015,6.3501244,-2.834858,-1.802748
66,-0.058933966,0.35178882,-0.19188882,-0.07252891,-0.05884402,-0.99562883,1.0,0.0,0.0,-0.060792368,-0.08452726,0.059435904,0.14741421,-0.16108185,0.1430494,-0.026681414,-0.0673658,0.083126605,0.13173878,-0.20140606,0.04079934,0.030599484,0.024530081,-0.1711702,0.1488304,-0.7155127,-0.07671774,-0.04392527,-0.00046940596,-0.25395507,0.21181054,-0.8071889,-0.79316175,-0.49975294,0.120872885,0.4299701,-0.97597104,0.04188539,-0.44341567,-0.59842306,0.16500767,0.60766304,-0.8078185,-0.10036138,0.31867442,-199.93103,194.96452,-199.82835,-219.98691,-10.445476,-200.25856,-199.40172,203.37622,-208.42561,-229.99686,-200.15019,-199.95303,-0.060792368,-0.08452726,-0.7405641,1.7474142,-0.96108186,0.1430494,-0.026681414,-0.0673658,-0.7168734,1.7317388,-1.0014061,0.04079934,0.6119897,0.49060163,-3.423404,2.9766078,-14.310254,-1.5343548,-0.8785054,-0.009388119,-5.079101,4.236211,-16.143778,-15.8632345
67,-0.56715673,-0.15001392,0.4263273,-0.06997813,-0.044869673,-0.9965389,1.0,0.0,0.0,-0.101132385,-0.055598486,0.06259036,0.14399588,-0.22991377,0.05059159,-0.07906523,-0.045510393,0.06231302,0.14612162,-0.2888221,-0.04495043,-0.39350215,0.23701148,0.17165372,-0.1533343,-0.040591225,-0.77761763,-0.44187889,0.19752882,0.021514535,-0.04012766,-0.13449717,-0.13088535,0.051216193,-0.8892147,-0.50727695,0.03311172,0.38093126,0.33518144,0.43174794,-1.1518075,0.33023208,-0.7810579,0.42104715,0.8076182,-204.52863,113.65347,264.75226,-195.41985,201.20929,-200.69276,-203.77951,203.28268,271.97476,-185.09006,201.5938,200.17848,-0.101132385,-0.055598486,-0.73740965,1.7439959,-1.0299138,0.05059159,-0.07906523,-0.045510393,-0.737687,1.7461216,-1.0888221,-0.04495043,-7.870043,4.7402296,3.4330742,-3.066686,-0.8118245,-15.552353,-8.837578,3.9505765,0.4302907,-0.80255324,-2.6899433,-2.617707
68,0.031314373,-0.27872983,-0.39468354,-0.07731822,-0.035163492,-0.99638623,1.0,0.0,0.0,-0.13153513,-0.036507424,0.0841496,0.122808814,-0.15948659,-0.025150025,-0.11601683,-0.033865705,0.08953875,0.109829426,-0.24143106,0.003190616,0.042889815,-0.02101702,0.061011076,-0.04587182,0.6837231,-0.060300857,0.037337083,-0.060750313,0.18047433,-0.18591483,0.5478074,0.47582754,0.2989114,0.078670666,-0.033163,0.44500527,-0.18055867,0.6000585,0.7087684,0.025213271,-0.41456679,0.066205725,-0.497168,-0.12018682,184.19284,-158.72932,-164.3363,12.965805,215.24261,184.96744,249.67319,-195.82797,-222.2619,505.88477,205.89069,66.99422,-0.13153513,-0.036507424,-0.7158504,1.7228088,-0.9594866,-0.025150025,-0.11601683,-0.033865705,-0.71046126,1.7098294,-1.0414311,0.003190616,0.8577963,-0.4203404,1.2202215,-0.9174364,13.674461,-1.2060171,0.74674165,-1.2150062,3.6094866,-3.7182965,10.956147,9.516551
69,-0.22480696,0.19989456,-1.1254791,-0.07596597,-0.032232367,-0.9965893,1.0,0.0,0.0,-0.0760757,-0.029648736,0.065567195,0.15578866,-0.110024035,0.018836169,-0.06998781,-0.023662077,0.1018433,0.10959399,-0.18927109,0.015251363,0.47152105,0.06858662,-0.19842905,0.30327043,-0.0709309,0.47410488,0.37090585,0.12628171,-0.0012485682,0.08778143,0.022396632,-0.21839646,-0.36775023,-0.19559123,0.24837658,-0.018405762,-0.83211523,-0.023264714,-0.6732814,0.0093012005,-0.03332863,-0.65694934,-0.84449404,-0.534576,185.787,27.436028,40.546444,284.8288,-130.73097,176.03491,115.66754,204.76146,56.891815,156.91278,-152.88461,-108.46371,-0.0760757,-0.029648736,-0.7344328,1.7557887,-0.91002405,0.018836169,-0.06998781,-0.023662077,-0.6981567,1.709594,-0.9892711,0.015251363,9.430421,1.3717324,-3.968581,6.065408,-1.418618,9.482098,7.4181166,2.525634,-0.024971364,1.7556286,0.44793263,-4.367929
70,0.057090834,0.17724726,-0.39477152,-0.06771304,-0.031839028,-0.9971967,1.0,0.0,0.0,-0.033893693,-0.034041967,0.048374057,0.18848717,-0.19954425,0.042825516,-0.045944557,-0.008880545,0.09967625,0.13815546,-0.23832172,-0.095254205,-0.00054755894,-0.0919026,0.0074084513,0.04967674,-0.7559713,-0.09699385,-0.07093401,0.038006477,-0.013368756,0.19877402,-0.4512797,-0.80318385,-0.73686266,-0.21558605,0.5309633,-0.9538019,-0.13203679,-0.7415069,-0.5169462,0.07023899,0.36575916,-0.655101,0.33326414,0.52516854,-199.73775,-206.0853,200.73839,-220.26486,-200.0035,-62.55112,-179.22769,19.290981,213.25354,228.54382,-131.69003,-165.70425,-0.033893693,-0.034041967,-0.75162596,1.7884872,-0.99954426,0.042825516,-0.045944557,-0.008880545,-0.70032376,1.7381555,-1.0383217,-0.095254205,-0.010951178,-1.8380519,0.14816903,0.99353474,-15.119426,-1.9398769,-1.4186802,0.7601295,-0.2673751,3.9754806,-9.025594,-16.063677
71,0.05681846,-0.49591807,0.22694473,-0.07464213,-0.035211775,-0.99658847,1.0,0.0,0.0,-0.08555454,-0.062018197,0.086999,0.17166841,-0.2760753,-0.04796447,-0.09566402,-0.011574831,0.12097478,0.16455841,-0.25686604,-0.18502364,-0.5006051,-0.149787,0.30056298,-0.1013934,-0.066036336,-0.6682804,-0.40434408,-0.031115923,0.23138872,0.054392535,0.20390712,-0.15851234,0.026746426,0.7170026,-0.45399848,-0.66674036,0.9006097,0.5823724,0.76920843,-0.17273533,-0.45796454,-0.9115589,0.30534303,0.81458753,-313.98077,171.73041,-94.1487,405.85428,216.92628,-44.15956,-192.66124,103.2269,197.65314,-222.73215,200.1439,198.32666,-0.08555454,-0.062018197,-0.713001,1.7716684,-1.0760753,-0.04796447,-0.09566402,-0.011574831,-0.67902523,1.7645584,-1.056866,-0.18502364,-10.012102,-2.99574,6.0112596,-2.027868,-1.3207266,-13.365608,-8.086882,-0.62231845,4.6277742,1.0878507,4.078142,-3.1702468
72,0.06603683,0.0057124817,-0.32492325,-0.08353367,-0.03742225,-0.99580204,1.0,0.0,0.0,-0.1384267,-0.08339327,0.111567795,0.16375005,-0.21257669,-0.09159523,-0.13133007,-0.02486221,0.15060532,0.16314971,-0.14670503,-0.1381662,-0.04995962,-0.08241387,0.000745034,-0.03834768,0.62306917,0.10644112,-0.0028706396,-0.105756044,0.03732863,0.008578723,0.6715901,0.5879047,0.6082521,0.29507542,0.16488495,0.21837571,0.22813343,0.43070263,0.47642487,0.11524744,-0.26106843,-0.24610604,-0.02836921,-0.29071298,240.98479,70.33304,-304.06854,-164.67406,195.14851,195.77304,200.62843,-395.30194,-480.78357,196.7208,-110.76843,256.70706,-0.1384267,-0.08339327,-0.6884322,1.7637501,-1.0125767,-0.09159523,-0.13133007,-0.02486221,-0.6493947,1.7631497,-0.94670504,-0.1381662,-0.99919236,-1.6482773,0.014900681,-0.7669536,12.461383,2.1288223,-0.05741279,-2.115121,0.7465726,0.17157446,13.431802,11.758094
73,-0.50942904,0.089905865,-0.67200696,-0.080114365,-0.028820306,-0.996369,1.0,0.0,0.0,-0.102088615,-0.08344909,0.09663755,0.18050516,-0.09669739,0.014171567,-0.082388334,-0.015150397,0.1547392,0.17372394,-0.0921244,-0.08650237,0.36985096,0.061133694,-0.095083535,0.10825228,0.5994793,0.8313481,0.4445643,0.17249319,0.008848909,0.08309089,0.102837525,-0.006668366,-0.49752933,-0.47165084,0.4867628,0.11086923,-0.06284607,-0.31560302,-0.2884521,-0.6109029,0.47233087,-0.69597954,-0.42234287,-0.78594,206.6926,-71.54419,-93.18924,-44.96604,5.3515472,133.41824,203.17926,162.56985,-132.37318,20.640228,-52.85656,-166.72977,-0.102088615,-0.08344909,-0.70336246,1.7805052,-0.8966974,0.014171567,-0.082388334,-0.015150397,-0.6452608,1.773724,-0.8921244,-0.08650237,7.397019,1.2226739,-1.9016707,2.1650455,11.989586,16.626963,8.891286,3.4498637,0.17697819,1.6618177,2.0567505,-0.13336731
74,0.036380596,-0.5330776,-0.13846701,-0.08982692,-0.021682002,-0.99572134,1.0,0.0,0.0,-0.07770325,-0.090609185,0.11244261,0.1919384,-0.06282973,0.10700529,-0.042480163,-0.00091432646,0.19517833,0.16845524,-0.15376306,-0.14812374,-0.078108184,-0.118072964,0.20685637,0.01261577,-0.055233058,0.15227585,-0.0019528028,-0.012897111,0.36419535,-0.11775507,-0.5810854,-0.55291384,-0.60726786,0.018948376,-0.71308243,-0.46453628,0.15277864,-0.55139446,-0.500899,0.24570827,-0.9539081,-0.48248732,0.05500537,0.131008,-194.73729,12.860764,115.34206,-54.157898,-65.100266,-199.49396,-213.59872,66.41731,392.97644,-2.1654968,-71.725914,-147.24788,-0.07770325,-0.090609185,-0.6875574,1.7919384,-0.86282974,0.10700529,-0.042480163,-0.00091432646,-0.6048217,1.7684553,-0.95376307,-0.14812374,-1.5621636,-2.3614593,4.1371274,0.2523154,-1.1046611,3.0455167,-0.039056055,-0.2579422,7.283907,-2.3551013,-11.621707,-11.058277
75,-0.44040522,0.08586172,0.50424135,-0.09778213,-0.01142764,-0.9951422,1.0,0.0,0.0,-0.14040005,-0.08311289,0.12753278,0.19226539,-0.029721856,0.06067082,-0.08377202,0.015194706,0.24336094,0.13374448,-0.19416791,-0.1861616,-0.5023222,0.14847977,-0.0202908,0.01793779,0.29012838,-0.50726855,-0.3727551,0.15091328,0.141716,-0.22058116,0.109556496,0.10639296,0.2812889,-0.18146802,-0.32855445,-0.0069518425,-0.050059296,0.2004142,0.84341675,-0.55548906,-0.1811356,-0.33659905,0.39163256,0.23242368,-209.16548,212.9261,162.76968,296.0959,16.98529,-127.29258,-195.01122,170.50049,-160.54839,-204.59332,200.92677,199.59717,-0.14040005,-0.08311289,-0.67246723,1.7922654,-0.82972187,0.06067082,-0.08377202,0.015194706,-0.5566391,1.7337445,-0.9941679,-0.1861616,-10.046444,2.9695954,-0.405816,0.3587558,5.8025675,-10.1453705,-7.455102,3.0182657,2.83432,-4.411623,2.19113,2.127859
76,0.19124345,0.5786263,-0.15902515,-0.08345448,-0.007130726,-0.99648607,1.0,0.0,0.0,-0.1964481,-0.07658082,0.10410774,0.18746817,-0.022671163,0.038301606,-0.1150649,0.0099590765,0.24620438,0.10317826,-0.15720326,-0.08769671,-0.100238696,-0.058866084,-0.20350249,-0.068566315,-0.04579229,0.20477812,0.02218058,-0.14033271,-0.08655948,-0.11989913,0.28614542,0.7386901,0.57358366,0.14193243,0.69502944,-0.041132215,-0.18230428,0.2838749,0.4622423,-0.45272434,1.2267776,0.47289294,1.0657635,-0.31535506,196.43816,-133.38919,-201.27531,-218.80266,-17.27811,197.47772,194.1306,-152.34236,-176.87758,59.94287,67.482834,53.43522,-0.1964481,-0.07658082,-0.6958923,1.7874682,-0.8226712,0.038301606,-0.1150649,0.0099590765,-0.55379564,1.7031783,-0.95720327,-0.08769671,-2.0047739,-1.1773217,-4.07005,-1.3713263,-0.91584575,4.0955625,0.4436116,-2.8066542,-1.7311896,-2.3979826,5.7229085,14.773802
77,0.07438054,-0.0029521082,-0.7675134,-0.07291528,-0.013574644,-0.99724567,1.0,0.0,0.0,-0.16255121,-0.07752644,0.10157025,0.14649689,-0.071445346,0.11810818,-0.07223988,-0.007582509,0.23661983,0.10309601,-0.07591599,0.007194293,0.38810116,0.03781858,0.13670944,-0.30748028,-0.26901636,0.40600672,0.37442812,-0.04126953,-0.014623127,0.09822237,0.5092258,0.25816447,-0.39227784,0.062369913,0.3837762,0.24642852,0.34700245,-0.30169994,-0.4215628,0.36778367,0.13503712,-0.058321238,0.60891074,-0.5460538,202.48242,186.64783,201.57417,-136.55042,21.602077,-38.531296,135.48093,120.49913,-73.35802,210.77797,75.59535,-124.67987,-0.16255121,-0.07752644,-0.69842976,1.7464969,-0.87144536,0.11810818,-0.07223988,-0.007582509,-0.5633802,1.703096,-0.875916,0.007194293,7.762023,0.7563716,2.7341888,-6.1496053,-5.3803267,8.120134,7.488562,-0.8253906,-0.29246253,1.9644474,10.184516,5.163289
78,-0.3239398,-0.13681045,0.013967639,-0.07482504,-0.008436667,-0.99716103,1.0,0.0,0.0,-0.13123398,-0.05346411,0.1343674,0.095739365,-0.06428903,0.115968876,-0.043483607,0.005137772,0.2217949,0.1322341,0.05543512,-0.019831467,-0.03107172,0.16611932,0.17153916,-0.18362865,0.20056354,-0.38163087,-0.043251514,0.13559303,-0.11327974,0.1976895,0.737549,-0.4004,-0.6454791,-0.69173914,-0.014454951,0.4352683,0.6422789,-0.19709279,-0.4254291,-0.7201446,-0.25627947,-0.040630355,-0.5678029,-0.36371318,-163.88025,45.04936,-76.26132,171.86609,92.542076,-228.60423,-206.76526,175.53511,-190.54445,73.73718,32.09471,-138.52364,-0.13123398,-0.05346411,-0.6656326,1.6957394,-0.86428905,0.115968876,-0.043483607,0.005137772,-0.5782051,1.7322341,-0.7445649,-0.019831467,-0.6214344,3.3223863,3.430783,-3.6725729,4.0112705,-7.632617,-0.8650303,2.7118604,-2.2655947,3.95379,14.750979,-8.008
79,0.34454846,0.319702,0.5136449,-0.06978217,-0.009535478,-0.99751675,1.0,0.0,0.0,-0.1869946,-0.0441852,0.123577476,0.0973084,0.024337053,0.010163539,-0.102754615,0.00369272,0.18175411,0.16453314,0.12765342,-0.13388197,-0.48067594,-0.0527524,-0.22618985,0.18539621,0.6169172,-0.47161564,-0.5066489,-0.13544403,-0.2726856,0.10916012,0.061828643,-0.5661227,0.43884003,0.030139506,0.5457153,-0.05285466,0.31498432,0.36281458,0.37686336,0.5195759,0.34435177,-0.15795623,-0.7284325,0.14653312,-204.43904,-52.211052,-136.32823,378.36078,100.80017,79.358505,-212.28908,-117.98773,-249.52048,-245.42224,-201.29689,57.48424,-0.1869946,-0.0441852,-0.67642254,1.6973084,-0.77566296,0.010163539,-0.102754615,0.00369272,-0.6182459,1.7645332,-0.6723466,-0.13388197,-9.613519,-1.055048,-4.523797,3.7079241,12.338344,-9.432313,-10.1329775,-2.7088807,-5.4537115,2.1832023,1.2365729,-11.3224535
80,-0.229515,-0.15599528,0.0023044788,-0.06767479,-0.009623358,-0.997661,1.0,0.0,0.0,-0.2311133,-0.04057862,0.11011809,0.11536312,0.12308484,-0.008586806,-0.15102792,0.0073946337,0.16583705,0.1590612,0.06538445,-0.17186698,-0.0117765,0.06970801,0.065525115,-0.0003389767,0.41270152,0.2205292,-0.024088498,0.13014685,0.08110414,-0.1384074,-0.6167535,0.117517546,0.48730233,-0.27556783,-0.36009023,-0.17619696,-0.5074927,0.36282256,0.62745833,-0.32573098,0.124754585,-0.19803841,-0.5941138,0.603079,203.90532,-81.37671,151.38042,-140.9151,-45.679367,199.41974,200.76555,194.5914,209.20837,-216.83347,-199.97911,200.07423,-0.2311133,-0.04057862,-0.6898819,1.7153631,-0.67691517,-0.008586806,-0.15102792,0.0073946337,-0.63416296,1.7590612,-0.73461556,-0.17186698,-0.23553,1.3941602,1.3105023,-0.0067795343,8.25403,4.410584,-0.48176995,2.602937,1.6220827,-2.768148,-12.33507,2.3503509
81,0.38475552,0.24727896,-0.6574905,-0.06482773,-0.014984741,-0.997784,1.0,0.0,0.0,-0.18759122,-0.04961997,0.10391611,0.10564363,0.13278371,0.09809393,-0.1099879,0.008891359,0.17362124,0.11162329,-0.1236707,-0.071112484,0.40245175,-0.138819,-0.10579144,-0.088979155,-0.24953337,0.6316914,0.3949706,-0.09346185,0.0111263385,-0.3248923,-1.0877476,0.8195159,-0.3406149,0.56389827,0.37669352,0.1911233,-0.12049501,-0.111597724,-0.0954074,0.627532,0.15934059,0.62644744,0.115516275,-0.076798484,199.73277,-236.94775,-159.85345,-203.55162,-199.52448,-38.596394,205.36751,-229.17062,-69.89447,-219.50822,32.176834,199.1,-0.18759122,-0.04961997,-0.6960839,1.7056437,-0.6672163,0.09809393,-0.1099879,0.008891359,-0.6263788,1.7116233,-0.9236707,-0.071112484,8.049035,-2.7763798,-2.1158288,-1.7795831,-4.9906673,12.633827,7.8994117,-1.869237,0.22252677,-6.497846,-21.754951,16.390318
82,-0.21376254,0.025177667,0.039310645,-0.059183057,-0.017791029,-0.9980886,1.0,0.0,0.0,-0.15401697,-0.053448442,0.096998036,0.09892118,0.04755509,0.14680454,-0.07470534,0.014315899,0.16973168,0.071550965,-0.26675695,0.015506236,-0.021135455,0.080968834,0.02313271,0.0077600875,-0.42034742,-0.07405146,0.03772723,0.12928599,-0.03863573,-0.09843034,-0.4108878,0.11814596,-0.63611215,-0.16448717,0.04255716,0.042154115,0.08112678,-0.42934936,-0.8931498,-0.6038602,0.20176211,-0.097315595,0.3083168,-0.45147604,-199.98624,200.53549,200.39859,159.49239,46.812065,-200.098,-86.38125,187.767,7.3896914,177.51465,200.04733,-200.33531,-0.15401697,-0.053448442,-0.703002,1.6989212,-0.7524449,0.14680454,-0.07470534,0.014315899,-0.63026834,1.671551,-1.066757,0.015506236,-0.4227091,1.6193767,0.4626542,0.15520175,-8.406948,-1.4810292,0.75454456,2.5857198,-0.7727146,-1.9686068,-8.217756,2.362919
83,0.33717304,0.016217323,0.4149085,-0.058492493,-0.021546042,-0.99805534,1.0,0.0,0.0,-0.2102909,-0.063390896,0.095410585,0.095186114,0.03056693,0.056681566,-0.11982728,0.0120641515,0.17071933,0.02883923,-0.27434736,-0.03598545,-0.4930706,-0.13950577,-0.03315213,-0.035538964,0.08517166,-0.75982887,-0.44312558,-0.11241026,0.02165184,-0.27065074,0.26721004,-0.5645397,0.4139598,0.6006654,-0.30217797,-0.10763611,0.085023,0.31043932,0.77407545,0.2122107,0.4147549,0.16242327,0.081520036,0.1921626,-197.91342,-74.49742,-134.41568,-117.05449,34.090675,-199.74585,-205.45226,-163.5376,17.76764,-50.343277,199.67746,-199.18228,-0.2102909,-0.063390896,-0.7045894,1.6951861,-0.7694331,0.056681566,-0.11982728,0.0120641515,-0.6292807,1.6288393,-1.0743474,-0.03598545,-9.861412,-2.7901154,-0.66304255,-0.71077925,1.7034333,-15.196577,-8.862512,-2.2482052,0.4330368,-5.413015,5.3442006,-11.290793
84,-0.24297467,0.13147207,-0.3152752,-0.055522464,-0.022224527,-0.9982101,1.0,0.0,0.0,-0.25729793,-0.06373006,0.08703387,0.07414198,0.050926566,-0.020253154,-0.1531144,0.016977284,0.1759463,-0.011128426,-0.16741061,-0.07384593,-0.024135299,0.110325865,-0.04494708,-0.16149698,0.09240916,-0.07789539,0.061146405,0.13346577,0.031919938,-0.14034092,0.5915615,0.11779901,0.44799134,-0.011313483,0.31166205,0.4195576,-0.49611014,0.8138386,0.29238445,-0.7377029,0.054027624,0.50883406,-0.6640807,0.32368138,198.63368,209.78519,-179.71132,-210.04611,-15.903064,200.2032,200.92966,193.13295,206.02377,183.98918,-36.675873,199.89055,-0.25729793,-0.06373006,-0.71296614,1.674142,-0.74907345,-0.020253154,-0.1531144,0.016977284,-0.6240537,1.5888716,-0.9674106,-0.07384593,-0.48270598,2.2065172,-0.8989416,-3.2299397,1.8481833,-1.5579077,1.222928,2.6693153,0.6383987,-2.8068185,11.831229,2.3559802
85,-0.099613726,0.034565058,-0.64279497,-0.051669415,-0.016801527,-0.99852294,1.0,0.0,0.0,-0.21185388,-0.047435433,0.081315875,0.05804968,-0.0071932077,0.040560424,-0.09431697,0.032934234,0.16605657,-0.0076550245,-0.12322724,0.022165585,0.43286082,0.056946855,-0.013468138,-0.01454521,-0.6039754,0.6160672,0.48361632,0.037576806,-0.107238546,0.1418376,-0.08324545,0.67637783,-0.24671754,-0.4392305,0.1750656,0.48502186,-0.26409322,-0.2395967,-0.3733701,-0.4392541,0.0762066,0.0019416809,-0.40950862,-0.28583786,201.85042,-0.8737011,177.46242,170.94359,-200.64914,199.40921,199.43153,-216.71999,-155.10545,172.45862,-200.59154,8.233231,-0.21185388,-0.047435433,-0.71868414,1.6580497,-0.8071932,0.040560424,-0.09431697,0.032934234,-0.63394344,1.592345,-0.92322725,0.022165585,8.657216,1.1389371,-0.26936275,-0.2909042,-12.079508,12.321343,9.672326,0.75153613,-2.1447709,2.836752,-1.6649089,13.527556
86,0.46677735,-0.18687248,0.0072392714,-0.05528757,-0.02580393,-0.9981369,1.0,0.0,0.0,-0.17667349,-0.06223914,0.08231872,0.070504785,-0.10747218,0.08867392,-0.05222196,0.014043715,0.1512481,0.012465835,-0.19987333,0.08243092,-0.02238175,-0.1801618,0.015906157,0.12718205,-0.40785572,-0.0662151,-0.011898962,-0.2017486,-0.05429861,0.070268124,-0.4856474,-0.0054641613,-0.7066426,0.92152363,4.247896e-05,-0.7794726,0.13549508,-0.7379099,-0.7411658,0.9126262,0.13025787,-0.283312,-0.12900953,-0.24851027,-145.079,-204.52873,170.90681,184.56009,63.23268,-200.17357,-199.5699,-205.65414,-90.0404,-102.38454,15.602372,-200.19402,-0.17667349,-0.06223914,-0.7176813,1.6705048,-0.9074722,0.08867392,-0.05222196,0.014043715,-0.6487519,1.6124659,-0.99987334,0.08243092,-0.44763502,-3.603236,0.31812313,2.543641,-8.157114,-1.324302,-0.23797923,-4.0349717,-1.0859722,1.4053625,-9.712948,-0.109283224
87,0.028520595,0.09753005,0.44106308,-0.05652077,-0.034224316,-0.99781466,1.0,0.0,0.0,-0.2306134,-0.07498362,0.079678,0.07611811,-0.11289394,-0.0020071215,-0.10141563,-0.0049971826,0.138973,0.00379467,-0.22372061,0.009072002,-0.4724674,0.031709712,-0.030105842,-0.055189777,0.28392133,-0.7704008,-0.43717018,-0.0069029154,-0.060696375,-0.13816406,0.13680486,-0.56834203,0.59145504,0.44924462,-0.43799603,-0.38606092,0.11986615,0.6483003,0.59163195,-0.21618088,0.1256075,-0.35694653,0.017865747,0.077780485,-200.21219,210.70209,-128.39574,-217.07895,199.81909,-199.8777,-202.7245,243.14911,30.329052,-221.08517,92.49916,-17.944153,-0.2306134,-0.07498362,-0.720322,1.6761181,-0.91289395,-0.0020071215,-0.10141563,-0.0049971826,-0.661027,1.6037947,-1.0237206,0.009072002,-9.4493475,0.6341942,-0.6021168,-1.1037955,5.6784267,-15.408016,-8.743403,-0.1380583,-1.2139275,-2.763281,2.7360973,-11.36684
88,0.110936716,0.45031327,-0.2894468,-0.045075223,-0.03705149,-0.99829626,1.0,0.0,0.0,-0.27536166,-0.06073352,0.06174487,0.050394893,-0.031575084,-0.081493415,-0.13788912,-0.013208026,0.13034898,-0.050562024,-0.14955908,-0.027579496,-0.020317024,0.103448644,-0.13724075,-0.18867268,0.3828641,-0.09236657,0.027523136,-0.07036012,-0.026934389,-0.38178846,0.40539604,0.11715802,0.55527574,-0.048168615,0.70920855,0.88672125,-0.9237859,0.6719569,0.3933196,-0.47057986,0.6373794,1.1885134,-1.0435224,0.44282305,200.01704,212.15045,-174.68164,-211.75633,-46.394825,200.22015,197.68105,-177.62671,39.085747,-215.94762,-31.63497,148.443,-0.27536166,-0.06073352,-0.73825514,1.6503949,-0.8315751,-0.081493415,-0.13788912,-0.013208026,-0.66965103,1.549438,-0.9495591,-0.027579496,-0.40634048,2.0689728,-2.744815,-3.7734535,7.6572814,-1.8473313,0.5504627,-1.4072022,-0.53868777,-7.635769,8.107921,2.3431604
89,0.25250766,-0.19480884,-0.8029028,-0.04046547,-0.04582289,-0.9981296,1.0,0.0,0.0,-0.22764646,-0.053581253,0.05386424,0.029141426,-0.03135574,-0.023427961,-0.08143484,-0.041940704,0.14891529,-0.112321734,-0.14453971,0.07198549,0.44959402,-0.011283763,0.038594328,-0.03820416,-0.31139266,0.60246295,0.49446103,-0.1958638,0.19178201,-0.24721561,-0.28619632,0.7690089,-0.16559958,-0.089582875,0.31956553,0.20198712,-0.4564622,-0.0650794,-0.24689497,0.79813254,-0.31909618,0.24217735,-0.39504486,-0.18990782,200.0196,4.565878,206.25842,185.41284,-200.04182,199.75983,199.3423,-157.04063,275.41388,208.79115,-198.70116,85.55211,-0.22764646,-0.053581253,-0.7461358,1.6291414,-0.83135575,-0.023427961,-0.08143484,-0.041940704,-0.6510847,1.4876783,-0.9445397,0.07198549,8.99188,-0.22567526,0.7718865,-0.76408315,-6.2278533,12.049258,9.88922,-3.917276,3.8356402,-4.944312,-5.7239265,15.3801775
90,0.034080487,-0.2712398,-0.118398316,-0.04892,-0.051613607,-0.99746823,1.0,0.0,0.0,-0.18125471,-0.050225552,0.06791288,0.03579092,-0.155622,0.022020908,-0.037342623,-0.06585452,0.16593176,-0.124290824,-0.22904032,0.14802861,0.10565577,0.034704283,0.09598847,0.090456516,-0.7163249,-0.06602077,-0.01045772,-0.059093863,-0.006802698,0.11008251,-0.39461312,0.060490657,-0.5370684,0.20325956,-0.14984904,0.1937301,-0.41852635,-0.6416476,-1.0557057,0.14048389,0.013359927,0.13808379,-0.3125988,-0.70448434,-75.55865,-87.22288,202.7867,182.20204,42.33969,-156.46736,-215.37921,246.61458,-138.75778,248.89813,37.00652,-199.00307,-0.18125471,-0.050225552,-0.73208714,1.635791,-0.955622,0.022020908,-0.037342623,-0.06585452,-0.63406825,1.4757092,-1.0290403,0.14802861,2.1131153,0.69408566,1.9197693,1.8091303,-14.326498,-1.3204154,-0.2091544,-1.1818773,-0.13605396,2.2016501,-7.8922625,1.2098131
91,-0.41690034,0.18497689,0.3358628,-0.048956584,-0.0426664,-0.99788916,1.0,0.0,0.0,-0.21015216,-0.017376944,0.058609784,0.075553656,-0.26075274,-0.0685942,-0.08989169,-0.055519793,0.12647748,-0.06910491,-0.26854783,0.08266699,-0.3460363,0.26741716,-0.13041945,0.25324032,-0.40641505,-0.7695765,-0.4622508,0.14585026,-0.30517364,0.36987764,-0.12274595,-0.64339924,0.31688824,-0.78938,-0.11967271,-0.35700905,0.26890492,0.23737404,0.81293446,-0.47328657,0.3962045,-0.7107936,0.14481282,0.15464056,-200.88158,226.29019,-126.89878,21.382381,62.73251,-199.35745,-199.03127,270.72784,76.85094,87.432396,28.413902,-198.92035,-0.21015216,-0.017376944,-0.7413902,1.6755537,-1.0607527,-0.0685942,-0.08989169,-0.055519793,-0.67352253,1.5308951,-1.0685478,0.08266699,-6.920726,5.348343,-2.608389,5.064806,-8.128301,-15.39153,-9.245016,2.917005,-6.1034727,7.3975525,-2.454919,-12.867985
92,0.15778175,0.114200145,-0.38503325,-0.04249655,-0.038976375,-0.9983361,1.0,0.0,0.0,-0.2288258,0.010163105,0.026762724,0.11304486,-0.26590663,-0.14541972,-0.12877102,-0.05141335,0.091296494,-0.033406615,-0.21919912,0.031266022,0.11411867,0.030365078,-0.17659979,0.13026303,0.28503895,-0.068977214,0.022779642,-0.085013054,-0.06884079,0.025258219,0.5491946,0.059088856,0.23930195,-0.17917897,0.23635006,-0.41512215,0.034091488,0.40831864,0.43942696,0.18813358,0.34098813,-0.6415159,-0.23673865,0.7858132,200.31305,-197.85587,-134.48741,-221.15985,200.00398,200.12817,200.4069,-195.90923,195.14752,-218.39914,199.99002,199.99997,-0.2288258,0.010163105,-0.7732373,1.7130449,-1.0659066,-0.14541972,-0.12877102,-0.05141335,-0.7087035,1.5665934,-1.0191991,0.031266022,2.2823734,0.60730153,-3.5319958,2.6052606,5.700779,-1.3795443,0.45559284,-1.7002611,-1.3768157,0.5051644,10.9838915,1.1817771
93,0.04948059,-0.4013723,-0.8512336,-0.048193485,-0.04385278,-0.99787486,1.0,0.0,0.0,-0.15595658,0.0070540095,0.025283158,0.10797548,-0.16821557,-0.08189886,-0.07281253,-0.06190833,0.11884332,-0.060305357,-0.18213677,0.11792871,0.5693117,-0.052277423,0.13376929,-0.15116681,0.49401784,0.63433766,0.49224684,-0.022934666,0.30684194,-0.2674621,-0.05650981,0.73979825,-0.2766912,0.36851823,-0.29816914,0.0109955035,-0.60321665,-0.03354925,-0.3612761,0.24161358,-0.59681106,0.023518138,-1.4187183,-0.28100795,201.44598,-173.60939,217.00336,-209.55869,-44.733753,200.82156,202.51988,269.5156,198.26718,-220.93,-80.96856,201.10175,-0.15595658,0.0070540095,-0.77471685,1.7079755,-0.9682156,-0.08189886,-0.07281253,-0.06190833,-0.6811567,1.5396947,-0.9821368,0.11792871,11.386233,-1.0455484,2.6753857,-3.0233362,9.880357,12.686753,9.844936,-0.45869333,6.1368384,-5.349242,-1.1301962,14.795964
94,-0.4503196,0.16730796,-0.33213875,-0.05055388,-0.036035124,-0.9980711,1.0,0.0,0.0,-0.09026116,0.024243912,0.031848073,0.08010113,-0.14305115,-0.028204892,-0.022839319,-0.04499004,0.13944125,-0.06851041,-0.25919133,0.17880464,0.13262473,0.19230406,-0.050005227,-0.12727366,-0.17543046,0.041173864,0.060793728,0.15266806,-0.053384162,0.16438459,-0.62626284,-0.08480266,-0.7112704,-0.81152374,0.38074926,0.21831724,-0.47769397,-0.4748799,-0.80763054,-0.5159219,-0.015551873,0.07204099,-0.25832126,-0.7223986,-199.69698,179.56819,-214.65277,-48.75721,-200.29471,-67.16577,-189.37369,-0.88275146,37.887558,308.05664,-163.1124,-242.22672,-0.09026116,0.024243912,-0.76815194,1.6801012,-0.94305116,-0.028204892,-0.022839319,-0.04499004,-0.66055876,1.5314896,-1.0591913,0.17880464,2.6524947,3.8460813,-1.0001045,-2.5454733,-3.5086093,0.82347727,1.2158746,3.0533612,-1.0676832,3.2876918,-12.525256,-1.6960531
95,0.108279355,0.043111604,0.3577084,-0.04621553,-0.030017003,-0.9984803,1.0,0.0,0.0,-0.117354,0.03968294,0.027487576,0.07201207,-0.23855442,-0.094740525,-0.06668923,-0.037389632,0.11547518,-0.022482395,-0.3096282,0.08685551,-0.35565752,-0.018533146,0.0047996338,0.029296884,-0.56904215,-0.63822234,-0.4453321,-0.058497168,-0.15138549,0.2500429,0.021471702,-0.7661058,0.099981315,-0.16887547,0.12289377,0.117206976,0.13733636,0.10633194,0.5318561,0.30002022,0.2615575,-0.56162316,0.40823388,0.4280449,-200.3323,-198.90987,197.12741,180.78687,32.600494,-199.69778,-197.27522,-188.32332,-145.39427,-60.975246,113.942116,-199.99915,-0.117354,0.03968294,-0.77251244,1.6720121,-1.0385544,-0.094740525,-0.06668923,-0.037389632,-0.68452483,1.5775176,-1.1096282,0.08685551,-7.11315,-0.37066293,0.09599268,0.5859377,-11.380842,-12.764446,-8.906642,-1.1699433,-3.0277097,5.0008574,0.42943403,-15.322115
96,0.10577278,-0.39299828,-0.15869999,-0.05501204,-0.034037754,-0.9979054,1.0,0.0,0.0,-0.13805844,0.024874663,0.043308794,0.07696378,-0.27832252,-0.14482193,-0.10342616,-0.04463475,0.12075269,-0.0035885572,-0.23153394,0.008401131,0.10447377,-0.11857822,0.121357255,0.027912904,0.105249815,0.066766374,0.030553455,-0.019510016,0.16086821,-0.030468563,0.6929063,-0.08653566,0.48656628,0.33844298,-0.5159855,-0.24694756,0.089545324,0.6166573,0.6555825,-0.13035211,-0.013104014,-0.72180855,-0.68722105,0.5657709,201.17102,-196.40282,63.90647,41.142258,200.25737,200.13432,200.18878,193.98915,154.33896,-218.69464,200.07564,199.8316,-0.13805844,0.024874663,-0.7566912,1.6769638,-1.0783225,-0.14482193,-0.10342616,-0.04463475,-0.6792473,1.5964115,-1.031534,0.008401131,2.0894754,-2.3715644,2.427145,0.55825806,2.1049962,1.3353275,0.6110691,-0.39020032,3.217364,-0.60937124,13.858126,-1.7307132
97,0.040293828,0.2685183,-0.719583,-0.055485915,-0.038111977,-0.9977318,1.0,0.0,0.0,-0.06631057,0.011186845,0.043979704,0.06653476,-0.18795156,-0.056973614,-0.0484056,-0.049583968,0.13776273,-0.024578214,-0.16633505,0.06818997,0.565715,-0.03004363,-0.09033125,-0.11819754,0.62580943,0.744434,0.4752019,-0.026906922,0.023441663,-0.16465317,0.025818348,0.6143273,-0.47076058,0.3347535,0.33439875,-0.30260262,-0.29693332,0.05187296,-0.49578103,0.3261162,0.19866589,0.11728889,-0.9657563,-0.3309445,198.9728,149.28369,-185.01747,-213.06618,3.0791836,199.33142,200.82414,-143.10785,-189.1447,-211.29527,-199.84572,199.68959,-0.06631057,0.011186845,-0.7560203,1.6665348,-0.9879516,-0.056973614,-0.0484056,-0.049583968,-0.6622373,1.5754218,-0.96633506,0.06818997,11.3143,-0.6008726,-1.806625,-2.3639507,12.516189,14.8886795,9.504038,-0.53813845,0.46883327,-3.2930634,0.51636696,12.286546
98,-0.5846498,-0.20605353,-0.09280902,-0.05413541,-0.026995808,-0.9981686,1.0,0.0,0.0,-0.0023642865,0.0313714,0.06247276,0.016873956,-0.13610548,0.014886564,-0.003122832,-0.03142243,0.14639413,-0.010820627,-0.21970421,0.098793104,0.12106396,0.20172071,0.19711748,-0.2211705,0.005660697,0.038217645,0.028251885,0.1891024,0.076504685,0.17797092,-0.54454815,-0.19421665,-0.7176784,-0.8827465,-0.17190115,0.8329279,-0.5706442,-0.45644888,-0.85317826,-1.1810838,0.12747449,0.43526465,-0.60237914,-0.5968156,-161.99142,-71.2455,292.29803,806.434,-105.417885,-196.62244,-194.88991,153.58319,114.17269,157.13544,-189.47247,-212.14932,-0.0023642865,0.0313714,-0.73752725,1.616874,-0.9361055,0.014886564,-0.003122832,-0.03142243,-0.6536059,1.5891794,-1.0197042,0.098793104,2.4212792,4.0344143,3.9423494,-4.42341,0.113213934,0.7643529,0.56503767,3.7820477,1.5300937,3.5594182,-10.890963,-3.884333
99,0.018353539,0.04386373,0.30195466,-0.056402624,-0.016580982,-0.9982704,1.0,0.0,0.0,-0.033236954,0.049402002,0.07390964,0.026354909,-0.19841766,-0.05959262,-0.050248466,-0.020490643,0.14084476,0.046500325,-0.3541674,-0.015201822,-0.36418468,-0.0058339057,-0.041922804,0.2131844,-0.6033353,-0.6831468,-0.44768047,-0.05812455,-0.09754764,0.36435032,-0.6206551,-0.87700886,0.058192812,-0.35676086,0.34799945,-0.3183345,0.32550198,0.21175638,0.58752346,0.430346,0.082902886,-0.9050333,0.45339978,0.5035067,-198.97145,-214.88445,-190.87111,184.57721,-199.89246,-200.1263,-195.63037,-227.43071,47.710094,173.0045,71.61962,-200.45227,-0.033236954,0.049402002,-0.7260904,1.6263549,-0.9984177,-0.05959262,-0.050248466,-0.020490643,-0.65915525,1.6465003,-1.1541674,-0.015201822,-7.2836933,-0.11667811,-0.8384561,4.263688,-12.066707,-13.662935,-8.953609,-1.162491,-1.9509528,7.2870064,-12.413102,-17.540176
100,-0.09603015,-0.15959202,-0.06534694,-0.05976331,-0.014542175,-0.9981066,1.0,0.0,0.0,-0.06652007,0.04830955,0.07571614,0.061890006,-0.2428897,-0.09933692,-0.0885553,-0.021621002,0.13726568,0.09752309,-0.40297335,-0.11584621,-0.0096645495,-0.010230825,0.035476666,0.12426304,0.059706528,0.17936526,0.016045345,0.0392648,0.032258485,0.17433397,0.065018944,-0.1976988,0.5810093,0.16041537,-0.24091028,-0.59997255,0.43050057,0.5948111,0.7171868,-0.17135093,0.15840173,-1.1531259,0.3115919,0.6797622,146.6391,-99.02706,-59.4319,-135.48906,178.24336,238.82835,199.80014,197.93484,-112.01245,-214.5831,200.3981,200.02202,-0.06652007,0.04830955,-0.7242839,1.66189,-1.0428897,-0.09933692,-0.0885553,-0.021621002,-0.6627343,1.6975231,-1.2029734,-0.11584621,-0.19329098,-0.2046165,0.70953333,2.4852607,1.1941305,3.587305,0.3209069,0.78529596,0.6451697,3.4866793,1.3003789,-3.953976
101,-0.09605853,0.11134988,-0.67103255,-0.06000869,-0.0117044365,-0.9981291,1.0,0.0,0.0,-0.013368074,0.049464807,0.062215686,0.08820772,-0.15037316,0.0008421036,-0.03775674,-0.019185957,0.14688164,0.10941422,-0.31519705,-0.07814885,0.49241763,0.015822738,-0.15556046,0.16126212,0.80893195,0.7372163,0.4462462,-0.009076692,0.056733306,-0.032492556,0.7452905,0.50484735,-0.53848565,0.11258405,0.43753582,-0.3181337,-0.104888484,-0.023517773,-0.5012422,-0.17091751,0.19922426,-0.36725324,-0.5015137,-0.05712555,218.48317,72.5689,-169.07779,-2.469696,221.20088,157.23094,198.20041,-180.189,-27.991549,-221.32213,199.99721,200.75945,-0.013368074,0.049464807,-0.7377843,1.6882077,-0.9503732,0.0008421036,-0.03775674,-0.019185957,-0.6531184,1.7094142,-1.1151971,-0.07814885,9.848352,0.31645477,-3.1112092,3.2252424,16.178638,14.744326,8.924924,-0.18153384,1.1346661,-0.6498511,14.90581,10.096947
102,-0.0023484998,-0.11050183,-0.05954782,-0.061258957,-0.010892719,-0.9980624,1.0,0.0,0.0,0.03326018,0.051208697,0.05713141,0.109826565,-0.07869762,0.056550648,-0.0025409632,-0.03338299,0.17440975,0.07871854,-0.24041206,-0.043251533,0.020239543,0.014100561,0.07492535,0.055191386,-0.0035342947,-0.0694459,-0.04522517,-0.12055296,0.17868964,-0.24331553,0.07148834,0.0045209634,-0.4784006,-0.47349107,-0.026673812,0.016491096,-0.28707922,-0.6408699,-0.7233699,0.2760679,-0.12918371,-0.28774625,-0.44836453,-0.6507545,-198.26576,132.68285,183.45158,-85.601685,-166.87143,-167.25278,-201.022,-156.75607,-107.21157,-226.18639,-200.1007,-43.02616,0.03326018,0.051208697,-0.7428686,1.7098266,-0.87869763,0.056550648,-0.0025409632,-0.03338299,-0.62559026,1.6787186,-1.0404121,-0.043251533,0.40479085,0.2820112,1.4985069,1.1038277,-0.07068589,-1.388918,-0.90450335,-2.4110591,3.5737927,-4.8663106,1.4297668,0.09041927
103,0.01691291,0.38119808,0.40322176,-0.05519901,-0.010775915,-0.99841726,1.0,0.0,0.0,-0.012419214,0.051204797,0.062651634,0.115153074,-0.13510442,-0.032292612,-0.051702812,-0.05061758,0.18117768,0.07841933,-0.26728338,-0.085902296,-0.43985724,-0.012701565,-0.014010002,0.00069345854,-0.36020106,-0.7519234,-0.399312,-0.07071094,-0.07183606,0.12947091,-0.29512107,-0.44365045,0.24786305,0.28421474,0.04436202,0.25516817,-0.12215373,0.5817442,0.8044769,0.22322093,0.98571205,0.2431425,0.52796674,0.08447261,-199.71576,-86.47791,-69.37782,-96.613266,-5.4029303,-198.67918,-159.72276,108.85303,81.5547,273.11993,-56.04915,-165.87146,-0.012419214,0.051204797,-0.7373484,1.7151531,-0.9351044,-0.032292612,-0.051702812,-0.05061758,-0.61882234,1.6784194,-1.0672834,-0.085902296,-8.797145,-0.2540313,-0.28020003,0.01386917,-7.204021,-15.038467,-7.98624,-1.4142188,-1.4367212,2.5894182,-5.9024215,-8.873009
104,-0.51452416,0.09230918,-0.16205116,-0.046467707,0.00047612382,-0.9989197,1.0,0.0,0.0,-0.048473354,0.07277553,0.057156265,0.13232172,-0.14947027,-0.107537806,-0.073773205,-0.039054327,0.18081522,0.11787486,-0.25355357,-0.099419385,0.03188032,0.20495951,-0.028600266,0.14008221,0.04320636,-0.06887053,0.12288722,0.16491495,0.06979244,0.2225375,0.36761275,0.23993759,0.15725115,-1.147628,0.5211013,-0.5908886,0.41734833,0.56894326,0.4665138,-1.0507311,0.39256284,-1.56382,0.64346325,0.38738447,200.35652,202.48999,13.186033,108.927505,22.260155,200.13272,196.63481,216.22855,209.62428,26.992363,200.37723,200.52187,-0.048473354,0.07277553,-0.74284375,1.7323217,-0.9494703,-0.107537806,-0.073773205,-0.039054327,-0.6191848,1.7178749,-1.0535536,-0.099419385,0.6376064,4.09919,-0.57200533,2.801644,0.8641272,-1.3774105,2.4577444,3.2982988,1.3958488,4.45075,7.352255,4.798752
105,-0.022425948,-0.5158798,-0.7717025,-0.056130633,0.009227102,-0.9983808,1.0,0.0,0.0,-0.0017228508,0.088421024,0.07817638,0.13981879,-0.083859265,-0.051874224,-0.00811291,-0.030663917,0.22422677,0.13607895,-0.14070845,0.025603477,0.3365491,-0.032614734,0.16073698,0.06298701,0.29840386,0.44799247,0.46229488,-0.07065865,0.26093632,0.04860535,0.4986249,0.8727476,-0.13887629,-0.22464262,-0.45318276,-0.54321146,0.3793534,-0.1340285,-0.30491456,-0.1306978,-0.5545419,-0.392155,0.50291055,-0.469722,25.314707,-266.45975,-114.93808,324.95877,-176.46782,41.837433,156.95895,-168.65689,-456.6198,-139.61227,-68.37479,39.3705,-0.0017228508,0.088421024,-0.72182363,1.7398188,-0.8838593,-0.051874224,-0.00811291,-0.030663917,-0.57577324,1.736079,-0.94070846,0.025603477,6.730982,-0.6522947,3.2147396,1.2597401,5.968077,8.959849,9.245897,-1.4131728,5.218726,0.97210693,9.972498,17.454952
106,0.42941833,0.01388443,-0.22510123,-0.065418124,-0.0019391871,-0.997856,1.0,0.0,0.0,0.020941082,0.07117176,0.08054054,0.17047918,-0.016356468,-0.045707144,0.036932796,-0.05608162,0.23661578,0.16154706,-0.047124982,0.1085961,-0.070181094,-0.123772085,-0.100771345,0.20288241,0.42768288,-0.1893125,0.03013662,-0.16169089,-0.08333697,0.15945563,0.5436399,0.07400351,-0.52800024,0.74873924,0.44857842,-0.18401965,0.22395904,-0.1844463,-0.8229626,0.9289855,-0.31490543,-0.37558734,-0.075986445,-0.81249493,-201.69038,57.5681,-278.38348,20.950851,67.42729,-48.858204,-227.64595,235.92838,-292.50928,-31.711899,79.93505,-205.10997,0.020941082,0.07117176,-0.7194595,1.7704792,-0.8163565,-0.045707144,0.036932796,-0.05608162,-0.56338423,1.7615471,-0.847125,0.1085961,-1.4036218,-2.4754417,-2.0154269,4.057648,8.553658,-3.7862499,0.6027324,-3.2338178,-1.6667395,3.1891124,10.872798,1.4800702
107,-0.20388944,0.0029563482,0.61769146,-0.06525388,-0.0046304706,-0.9978579,1.0,0.0,0.0,-0.03960328,0.06827802,0.07561052,0.19873273,0.053214908,-0.09786214,-0.0053671626,-0.06231393,0.21368212,0.18603563,-0.010624886,0.04624334,-0.48514858,0.065258965,0.03964123,0.09364375,0.28729406,-0.25752375,-0.40982237,0.077132426,-0.14260225,0.0875194,-0.06633585,-0.6278355,0.56748897,-0.46827614,-0.036070924,-0.7009666,-0.08704303,0.28502423,0.1926502,-0.073569074,0.36263004,-0.65438217,-0.5087957,-0.075013965,-162.41615,-12.038025,121.27321,-31.110474,-31.305565,9.519852,-205.42357,228.73663,-187.00165,-214.4369,-95.401436,-199.47792,-0.03960328,0.06827802,-0.7243895,1.7987328,-0.7467851,-0.09786214,-0.0053671626,-0.06231393,-0.5863179,1.7860357,-0.8106249,0.04624334,-9.702971,1.3051792,0.7928246,1.8728749,5.745881,-5.1504745,-8.196447,1.5426484,-2.8520448,1.750388,-1.3267169,-12.55671
108,0.18429348,0.0011071818,-0.18778613,-0.06508989,-0.0048684333,-0.99786747,1.0,0.0,0.0,-0.08482191,0.060880516,0.07626557,0.20852089,0.04239112,-0.070789695,-0.036536533,-0.05789982,0.2117759,0.17176867,-0.09890485,-0.016820457,-0.015690664,-0.11615882,-0.028645659,0.007766343,-0.2504763,0.45460606,0.05276502,-0.015154484,0.09854027,-0.20094107,-0.74846715,-0.16683738,0.45057368,0.101547904,-0.22517277,-0.037638012,0.022049561,0.39705524,0.8576274,0.24171846,-0.10696413,0.056565896,0.022961259,0.35519534,199.4806,-200.98563,-201.64024,-220.21204,-48.264175,200.06569,200.39607,-23.575956,198.36458,-221.96791,-200.09915,44.075764,-0.08482191,0.060880516,-0.72373444,1.8085209,-0.7576089,-0.070789695,-0.036536533,-0.05789982,-0.5882241,1.7717687,-0.89890486,-0.016820457,-0.31381327,-2.3231764,-0.57291317,0.15532686,-5.009526,9.092121,1.0553004,-0.30308968,1.9708054,-4.0188212,-14.969342,-3.3367476
109,-0.25422314,0.6172918,-0.6598906,-0.051243693,-0.0031608106,-0.99868107,1.0,0.0,0.0,-0.036008682,0.06004043,0.046508312,0.19360125,0.02790016,0.07532047,0.026312105,-0.033191383,0.20525932,0.13718534,-0.17275351,0.025128989,0.4513403,0.06684338,-0.24469712,-0.14149666,-0.018165646,0.7793004,0.5320367,0.22260343,-0.14383276,-0.14901628,-0.059161346,0.5174461,-0.46916437,-0.22683366,0.7471714,-0.2779161,0.028031856,-0.3991832,-0.7432614,-0.39107406,1.1393799,-0.2819689,0.68589556,0.17702065,203.3983,-52.325344,-210.02254,-232.28683,7.4287705,-63.670372,221.82753,108.61768,-271.65094,-76.24967,198.53598,197.75137,-0.036008682,0.06004043,-0.7534917,1.7936013,-0.77209985,0.07532047,0.026312105,-0.033191383,-0.5947407,1.7371854,-0.9727535,0.025128989,9.026806,1.3368676,-4.8939424,-2.8299332,-0.3633129,15.586007,10.640735,4.4520683,-2.876655,-2.9803255,-1.183227,10.348922
110,0.29764158,0.06845378,-0.22807316,-0.03862317,-0.005238807,-0.99924004,1.0,0.0,0.0,-0.0020854294,0.051848445,0.038324773,0.16667855,0.018099725,0.15019499,0.08174627,-0.02008106,0.21049124,0.07260525,-0.113156796,0.088618055,-0.049623504,-0.1096663,0.109293416,-0.14023511,-0.06712835,0.065049164,0.061357368,-0.06356579,0.1558011,-0.40129215,0.4695974,0.17600761,-0.5020401,0.23157349,0.29379004,0.49180278,0.33443272,-0.45692426,-0.57728535,0.55431426,0.09540307,0.97830766,0.11971769,-0.2822944,-194.60652,136.91656,226.78688,-1.6655731,-1.1519547,-182.08972,-227.73811,-228.4009,540.8801,875.28754,-222.59184,-200.0164,-0.0020854294,0.051848445,-0.76167524,1.7666786,-0.7819003,0.15019499,0.08174627,-0.02008106,-0.5895088,1.6726053,-0.9131568,0.088618055,-0.9924701,-2.193326,2.1858683,-2.804702,-1.3425671,1.3009833,1.2271473,-1.2713158,3.1160219,-8.025843,9.391948,3.5201523
111,-0.2679884,-0.005016482,0.5781679,-0.037775226,-0.0047686626,-0.9992749,1.0,0.0,0.0,-0.060923282,0.05735233,0.059032917,0.15518522,0.047032893,0.08009856,0.041446358,-0.014165438,0.21594101,0.051341534,-0.037246883,0.028289603,-0.49636552,0.14185874,0.10714141,0.0071227686,0.33837804,-0.68689275,-0.40327397,0.120791666,-0.070703164,0.06413733,0.37155902,-0.6111377,0.31989154,-0.5151195,-0.30436727,0.13634756,0.075598344,0.26979113,0.050613653,-0.45038265,0.8278093,0.12063563,0.4229579,-0.07742679,-197.24295,163.23334,245.0975,199.48854,200.67612,-200.94392,-201.46286,211.32292,-155.39844,195.46811,-19.590996,-111.50527,-0.060923282,0.05735233,-0.7409671,1.7551852,-0.7529671,0.08009856,0.041446358,-0.014165438,-0.584059,1.6513416,-0.8372469,0.028289603,-9.92731,2.8371747,2.1428282,0.14245537,6.7675605,-13.737855,-8.065479,2.4158332,-1.4140632,1.2827466,7.4311805,-12.222754
112,0.33713344,-0.068717994,-0.23276693,-0.03922143,-0.007039777,-0.9992057,1.0,0.0,0.0,-0.108319364,0.057712957,0.06815302,0.1612556,0.06932622,0.020192783,0.0052946084,-0.017016852,0.20285541,0.07837665,0.050845265,-0.02181684,-0.025339464,-0.11156242,-0.006617211,0.04225658,0.03444355,0.01758651,-0.026344841,-0.11098087,-0.058496024,0.15336482,0.5135702,-0.0895776,0.51002276,0.2044834,0.13949172,-0.44528085,-0.27538627,0.54792345,0.6935663,0.43951148,0.07920808,0.35147983,0.13080133,0.24182749,199.91995,-205.12466,-207.19684,-100.44524,-23.052114,199.86932,100.499344,-90.68168,-91.45261,16.43708,51.136627,45.14543,-0.108319364,0.057712957,-0.731847,1.7612556,-0.7306738,0.020192783,0.0052946084,-0.017016852,-0.5971446,1.6783767,-0.74915475,-0.02181684,-0.50678927,-2.2312484,-0.13234422,0.8451316,0.68887097,0.3517302,-0.52689683,-2.2196174,-1.1699204,3.0672965,10.271403,-1.791552
113,-0.34014243,-0.008063834,-0.58762825,-0.0400779,-0.005863332,-0.9991794,1.0,0.0,0.0,-0.0640933,0.06587607,0.079078436,0.14285493,0.0036879778,0.099104024,0.051574476,-0.0055102077,0.17559612,0.13732529,0.09652728,0.030360308,0.4270166,0.15738772,0.096982464,-0.19838713,-0.57232875,0.70315707,0.44112918,0.19204949,-0.18002142,0.38142297,0.10596599,0.4551777,-0.3583917,-0.2539323,0.16625181,-0.47633174,-0.07819162,-0.19207048,-0.6424542,-0.42336136,0.03885962,-0.53530633,-0.7630855,-0.0698027,198.92087,143.89697,-7.6151733,-244.37851,-70.387314,199.47078,195.52686,211.38849,-89.20783,45.36382,-35.969116,28.117771,-0.0640933,0.06587607,-0.7209216,1.742855,-0.79631203,0.099104024,0.051574476,-0.0055102077,-0.6244039,1.7373253,-0.70347273,0.030360308,8.540332,3.1477544,1.9396492,-3.9677427,-11.446575,14.063141,8.822583,3.8409896,-3.6004283,7.6284595,2.1193197,9.103554
114,0.17684785,0.11012336,-0.050534472,-0.03828541,-0.0039997697,-0.99925876,1.0,0.0,0.0,-0.030967223,0.07275077,0.107854664,0.08184087,-0.047727585,0.16477975,0.08572319,0.0044871443,0.141199,0.19276261,0.04443437,0.047349732,-0.04657577,-0.06613065,0.17290965,-0.38469362,-0.103736356,0.022156473,-0.04592267,-0.0694097,-0.16434734,0.1913456,-0.5606642,-0.1804205,-0.63625604,0.08848922,0.2901872,-0.41854605,0.9258383,-0.37634718,-0.34294564,0.20295374,-0.16876292,-0.42081857,-0.5363383,-0.18275966,-200.55836,-198.96661,-30.68965,-224.84288,42.87374,-200.10081,-200.00612,-199.97049,-61.61957,-223.64546,-200.31438,-101.62602,-0.030967223,0.07275077,-0.69214535,1.6818409,-0.8477276,0.16477975,0.08572319,0.0044871443,-0.658801,1.7927626,-0.75556564,0.047349732,-0.9315154,-1.322613,3.4581928,-7.6938725,-2.074727,0.44312945,-0.9184534,-1.388194,-3.2869465,3.826912,-11.213284,-3.60841
115,-0.20446214,0.24017061,0.6926429,-0.031601466,-0.0015537462,-0.9994993,1.0,0.0,0.0,-0.09221375,0.07919988,0.1538732,-0.0056670904,-0.035062313,0.08606498,0.030692345,0.010231228,0.099609375,0.21877825,-0.12847143,-0.028167762,-0.5113043,0.12175461,0.2263449,-0.38734522,0.025307063,-0.75620466,-0.46038967,0.10286243,-0.24723823,0.0701986,-0.959439,-0.3862327,0.48440892,0.16767834,0.082378335,0.9568122,0.66968554,0.55736077,0.24680436,-0.39909708,0.7436837,-0.022451594,0.0021182597,0.37728223,-196.87148,324.15558,18.119553,141.79898,-14.29155,-218.03188,-205.47661,271.4827,-179.284,-223.66011,48.216354,43.78268,-0.09221375,0.07919988,-0.6461268,1.5943329,-0.8350623,0.08606498,0.030692345,0.010231228,-0.70039064,1.8187783,-0.92847145,-0.028167762,-10.226086,2.4350922,4.526898,-7.7469044,0.50614125,-15.124093,-9.207793,2.0572486,-4.9447646,1.403972,-19.18878,-7.724654
116,0.067005485,0.20761503,-0.12756869,-0.02237242,0.00046851116,-0.99974966,1.0,0.0,0.0,-0.14170763,0.08936338,0.16577697,-0.03464365,0.0061920285,-0.012933416,-0.012993925,0.015792966,0.07267767,0.2028513,-0.24619025,-0.02788576,-0.030115617,0.0015906191,-0.067188576,0.035727974,0.37847316,-0.27729836,-0.020029915,-0.0329096,-0.041822705,-0.19898596,-0.2856341,0.3183066,0.50764334,-0.6320148,0.40599617,0.41248053,0.709838,0.7332613,0.69283694,-0.1542312,0.36519778,-0.3552832,0.32330775,0.34703556,198.63179,-138.9103,-192.20483,298.3153,113.203575,137.15,198.88933,-189.23427,208.84076,-218.22101,200.28784,200.33507,-0.14170763,0.08936338,-0.63422304,1.5653564,-0.793808,-0.012933416,-0.012993925,0.015792966,-0.72732234,1.8028513,-1.0461903,-0.02788576,-0.6023123,0.03181238,-1.3437715,0.7145595,7.5694633,-5.545967,-0.40059832,-0.658192,-0.8364541,-3.9797192,-5.712682,6.366132
117,0.5682103,-0.4414958,-0.7158271,-0.028390152,-0.01409268,-0.99949753,1.0,0.0,0.0,-0.0990159,0.062363412,0.15050477,-0.0014907122,0.111352324,-0.0074225483,0.029484281,-0.0141722765,0.106408,0.13129246,-0.22910732,0.08946361,0.41691646,-0.23574701,-0.08036179,0.2686165,0.64213043,0.2804802,0.4034421,-0.2231452,0.34380445,-0.4902718,0.38897154,0.62884337,-0.17400774,1.237769,-0.21015052,0.5631219,-0.17300211,0.27417502,-0.6925624,0.6587986,-0.18704402,0.82256466,-0.6305764,-0.24925902,209.78275,-229.23795,-64.95026,188.64908,74.91274,158.60007,198.11118,-20.05841,260.01456,-209.32855,201.25645,-53.28215,-0.0990159,0.062363412,-0.64949524,1.5985093,-0.6886477,-0.0074225483,0.029484281,-0.0141722765,-0.693592,1.7312925,-1.0291073,0.08946361,8.338329,-4.71494,-1.6072358,5.3723297,12.842608,5.609604,8.068842,-4.462904,6.8760886,-9.805436,7.7794304,12.576867
118,0.06846467,0.12658007,-0.12506783,-0.033013698,-0.026452402,-0.99910474,1.0,0.0,0.0,-0.059743635,0.036429133,0.10589647,0.08079326,0.16492015,0.08492764,0.06255157,-0.035523918,0.13549757,0.06656873,-0.22545701,0.13759848,0.0130642075,-0.039272513,-0.3431307,0.52491236,-0.038660776,0.45702058,-0.03121005,-0.016672827,-0.020620275,-0.1825283,-0.28517503,-0.07701167,-0.45621702,0.10138867,0.25404108,-0.537212,-0.58297235,-0.26256168,-0.78929216,0.42121494,0.020411395,-0.7481925,-0.24344854,-0.26330134,-199.80756,184.95251,-210.9879,160.03171,-200.50487,-38.857353,-200.7655,203.59662,-191.38498,184.13135,-199.74591,-200.01532,-0.059743635,0.036429133,-0.69410354,1.6807933,-0.63507986,0.08492764,0.06255157,-0.035523918,-0.66450244,1.6665688,-1.025457,0.13759848,0.26128414,-0.7854503,-6.862614,10.498247,-0.7732155,9.140411,-0.624201,-0.33345655,-0.4124055,-3.6505659,-5.7035003,-1.5402333
119,-0.3514853,0.14046763,0.6358423,-0.027815394,-0.018856945,-0.9994352,1.0,0.0,0.0,-0.10818876,0.04721814,0.06405789,0.15247607,0.08261788,0.09962835,0.0054999655,-0.017194124,0.12617481,0.016642213,-0.24100715,0.048356652,-0.45264146,0.11410061,-0.0968599,0.22853938,-0.7167708,-0.23876026,-0.49276406,0.17241536,-0.05302724,-0.3114959,-0.013347253,-0.67466676,0.50447446,-0.7213569,-0.42029238,0.0070126764,-0.57686764,-0.55056834,0.29786554,-0.7463225,0.8327204,-0.19504088,0.29906833,0.19543952,-197.67822,30.26892,242.03275,-202.01224,-199.23274,-199.65582,-204.08038,257.98007,-62.785507,-189.37001,12.844147,-36.46824,-0.10818876,0.04721814,-0.7359421,1.7524761,-0.71738213,0.09962835,0.0054999655,-0.017194124,-0.6738252,1.6166422,-1.0410072,0.048356652,-9.052829,2.2820122,-1.937198,4.5707874,-14.335417,-4.775205,-9.855281,3.448307,-1.0605447,-6.229918,-0.26694506,-13.493335
120,0.17982242,0.12702444,-0.14409173,-0.02231517,-0.01658418,-0.9996134,1.0,0.0,0.0,-0.15007965,0.048092585,0.036376238,0.18900573,-0.119739294,-0.020619165,-0.042086944,-0.00598866,0.1338864,-0.06459057,-0.16985506,-0.009291716,-0.00995938,-0.082953155,-0.17548953,0.14335929,-1.0857035,-0.89803535,-0.028132094,-0.038700756,0.092927925,-0.440583,0.65724105,0.027711658,0.343063,0.32438463,0.018175345,-0.1985332,0.04566677,0.025645502,0.79753166,0.49059188,0.5729577,0.6611929,0.074084446,0.799856,199.43738,-196.62413,-211.41176,-236.34601,65.31232,-199.79846,198.99211,-191.17862,225.76549,104.66237,200.7383,200.17409,-0.15007965,0.048092585,-0.7636238,1.7890058,-0.9197393,-0.020619165,-0.042086944,-0.00598866,-0.6661136,1.5354095,-0.96985507,-0.009291716,-0.19918759,-1.6590631,-3.5097907,2.8671856,-21.71407,-17.960707,-0.56264186,-0.7740151,1.8585584,-8.81166,13.144821,0.55423313
121,-0.50635266,-0.20151497,-0.71984875,-0.02463606,-0.008923631,-0.99965656,1.0,0.0,0.0,-0.100768335,0.05917595,0.02340722,0.19062746,-0.2618187,-0.12534975,0.0067973193,0.012933625,0.16596776,-0.13692999,-0.07287395,0.07120286,0.45868856,0.16644461,0.0050957003,-0.09291689,-0.40255603,-0.2179712,0.46918884,0.20235837,0.2023412,-0.2978674,0.3760672,0.70896584,-0.33754992,-0.8406755,-0.10804233,-0.18772775,0.28211695,0.42068604,-0.6288144,-0.8907877,-0.14726287,-0.11661783,-0.2931959,-0.13538966,198.81128,184.97063,-47.846313,-238.49602,199.35426,199.56921,201.24556,216.19106,114.43415,136.18222,-56.402134,200.23492,-0.100768335,0.05917595,-0.7765928,1.7906275,-1.0618187,-0.12534975,0.0067973193,0.012933625,-0.63403225,1.46307,-0.87287396,0.07120286,9.173771,3.3288922,0.101914,-1.8583378,-8.051121,-4.359424,9.383777,4.0471673,4.046824,-5.9573474,7.5213437,14.1793165
122,-0.02972717,0.287226,-0.1924574,-0.021607518,0.0004442605,-0.99976647,1.0,0.0,0.0,-0.054709643,0.067591034,0.00602895,0.16297197,-0.26638275,-0.09384414,0.047546193,0.03064538,0.17220658,-0.15874553,-0.06380314,0.13122885,0.041977577,-0.0593155,-0.14291494,-0.18409044,0.28691444,0.4649745,-0.020327525,-0.003984453,-0.08839178,0.03684043,-0.21386543,-0.036044605,-0.42957187,0.08637595,0.55188733,0.32061473,0.02973108,-0.1418528,-0.64947885,-0.04054223,0.29551408,0.57323074,-0.06290361,-0.3972154,-200.00014,-205.15717,-85.781044,-217.46326,200.50212,200.02715,-212.80072,-154.06268,-62.37108,192.52246,-178.33015,-203.41943,-0.054709643,0.067591034,-0.79397106,1.762972,-1.0663828,-0.09384414,0.047546193,0.03064538,-0.62779343,1.4412545,-0.86380315,0.13122885,0.8395515,-1.1863099,-2.8582985,-3.6818087,5.7382884,9.29949,-0.4065505,-0.07968906,-1.7678356,0.7368086,-4.2773085,-0.7208921
123,0.04111912,-0.33608243,0.28759038,-0.023777114,-0.00020653754,-0.9997173,1.0,0.0,0.0,-0.09861289,0.057894267,0.0012313724,0.14104438,-0.16982013,-0.07303068,-0.009945567,0.024994558,0.17094827,-0.135023,-0.071936965,0.048426807,-0.43163338,-0.038341433,0.073774576,-0.04690412,0.48484403,-0.11227714,-0.504453,-0.046768002,0.061376717,0.18576163,0.008186645,-0.72363424,0.25984302,-0.24305184,-0.30148715,0.4719024,-0.7705748,-0.1683133,0.1956568,-0.35300672,0.025765918,-0.27942717,-0.46878377,0.17027912,-201.12556,76.304504,186.69234,177.69096,-42.683617,-54.380383,-197.50314,-160.59894,174.82066,172.37611,12.500939,-201.52914,-0.09861289,0.057894267,-0.79876864,1.7410444,-0.96982014,-0.07303068,-0.009945567,0.024994558,-0.62905174,1.464977,-0.871937,0.048426807,-8.632668,-0.76682866,1.4754915,-0.9380824,9.69688,-2.2455428,-10.08906,-0.93536,1.2275343,3.7152326,0.16373289,-14.472685
124,0.682869,0.17649578,-0.23410355,-0.025834788,-0.015845845,-0.9995407,1.0,0.0,0.0,-0.13638099,0.023899926,-0.025402308,0.16155112,-0.14714831,-0.104822025,-0.060271434,-0.011671035,0.1693154,-0.11463773,-0.14311123,-0.019023156,0.009285157,-0.27903387,-0.301069,0.22238855,-0.19071375,-0.1489707,-0.048295274,-0.29106292,-0.06433193,0.03232347,-0.6321797,-0.021136178,0.57595533,0.859881,0.59145254,-0.40700033,-0.27993146,0.18328235,0.87617844,1.486965,0.004940018,0.068101674,-0.41826665,0.42663082,197.32915,-207.26682,-227.98766,158.08705,-200.64265,9.682269,199.79143,-195.65466,-243.91266,-241.23975,-123.37532,200.20865,-0.13638099,0.023899926,-0.8254023,1.7615511,-0.9471483,-0.104822025,-0.060271434,-0.011671035,-0.6306846,1.4853623,-0.94311124,-0.019023156,0.18570313,-5.580677,-6.02138,4.447771,-3.8142748,-2.9794137,-0.9659055,-5.8212585,-1.2866385,0.64646935,-12.643594,-0.42272356
125,-0.0713081,0.1990927,-0.55609655,-0.017336654,-0.026751542,-0.9994919,1.0,0.0,0.0,-0.0874746,-0.004069643,-0.06489873,0.17426574,-0.1943965,-0.06129376,-0.01819318,-0.04076494,0.13952267,-0.076669335,-0.24894446,0.05180281,0.43784085,-0.0307133,-0.105436645,-0.0656432,-0.21593845,0.47669816,0.42122623,-0.031207204,-0.18771902,0.28106186,-0.43236867,0.6606987,-0.34732592,0.40766168,0.59622955,-0.27086702,-0.08255084,0.050036483,-0.72909653,0.28975296,0.20219654,-0.4454729,0.2939058,-0.068754226,195.5788,151.78358,215.3671,-213.22502,26.907768,89.55675,198.16016,161.44542,-87.21373,33.493656,60.674286,199.19199,-0.0874746,-0.004069643,-0.86489874,1.7742658,-0.9943965,-0.06129376,-0.01819318,-0.04076494,-0.66047734,1.5233307,-1.0489445,0.05180281,8.756817,-0.614266,-2.108733,-1.312864,-4.318769,9.533963,8.424524,-0.6241441,-3.7543802,5.6212373,-8.647373,13.213974
126,-0.56743795,-0.25582984,-0.023110287,-0.019590883,-0.013132742,-0.9997219,1.0,0.0,0.0,-0.049212176,0.015127235,-0.04822743,0.1288786,-0.17740673,-0.0112770945,0.017246122,-0.024342198,0.13072437,-0.051350474,-0.26149744,0.10690603,-0.010841011,0.20025615,0.2342571,-0.36013475,0.2044503,0.15907408,-0.023763109,0.17729402,0.05912302,0.008589356,0.24050163,-0.039383415,-0.59763414,-0.98403233,-0.73865443,0.43005008,-0.33202732,-0.42985934,-0.91374695,-1.5167618,0.13533589,-0.576534,-0.4689775,-0.482259,-201.48666,184.36446,201.455,-224.05933,11.294338,-27.754862,-200.39012,203.55042,102.85189,-215.2284,200.09082,-199.98557,-0.049212176,0.015127235,-0.84822744,1.7288786,-0.97740674,-0.0112770945,0.017246122,-0.024342198,-0.66927564,1.5486495,-1.0614974,0.10690603,-0.21682021,4.005123,4.685142,-7.202695,4.089006,3.1814816,-0.47526217,3.5458803,1.1824604,0.17178713,4.8100324,-0.7876683
127,0.17000245,0.06889577,0.4141303,-0.022575594,-0.006395343,-0.99972475,1.0,0.0,0.0,-0.099726506,0.028597666,-0.028952241,0.087981105,-0.20175248,-0.05422774,-0.040784456,-0.017758304,0.14045781,-0.07331729,-0.28530067,0.024267573,-0.4503661,-0.03901237,-0.018898584,-0.07492718,-0.2769309,-0.52034014,-0.50895274,-0.083874784,0.038518295,-0.20787595,-0.35645756,-0.71901935,0.3420313,0.04899174,0.37594137,0.82350504,-0.24075615,0.17644472,0.59040433,0.3225934,0.21732843,0.1984211,-0.21110718,-0.11187625,-199.94926,-181.9748,-209.8978,178.54422,-20.40303,-199.39763,-202.14523,-172.36102,-78.10324,-233.71529,-70.31835,-199.18317,-0.099726506,0.028597666,-0.82895225,1.6879811,-1.0017525,-0.05422774,-0.040784456,-0.017758304,-0.6595422,1.5266827,-1.0853007,0.024267573,-9.007322,-0.78024733,-0.37797168,-1.4985436,-5.5386176,-10.406802,-10.179054,-1.6774957,0.7703659,-4.157519,-7.1291513,-14.380386
128,-0.26120025,-0.36417657,0.0016546738,-0.029915389,-0.0032772422,-0.9995471,1.0,0.0,0.0,-0.14105935,0.031209867,-0.018948853,0.085394025,-0.2242325,-0.08231499,-0.090467416,-0.015717639,0.15602207,-0.09106362,-0.2900986,-0.051930573,-0.0067283832,0.0465025,0.10266475,0.038895857,-0.055930223,0.17114855,-0.036559764,0.08236065,0.10191079,0.015035239,0.1484583,-0.18989488,0.5104418,-0.13791205,-0.6620957,0.56164116,-0.4761219,0.54938203,0.7149189,-0.57085,-0.45202166,-0.21135841,-0.47777778,0.7034269,199.48224,-6.4216695,206.79814,187.74712,20.904095,199.91888,199.70778,190.2555,42.743237,189.54013,35.923847,65.17045,-0.14105935,0.031209867,-0.81894886,1.685394,-1.0242325,-0.08231499,-0.090467416,-0.015717639,-0.64397794,1.5089364,-1.0900986,-0.051930573,-0.13456766,0.93005,2.053295,0.7779171,-1.1186044,3.422971,-0.7311953,1.647213,2.0382159,0.30070478,2.969166,-3.7978976
129,0.3582374,0.14746231,-0.5120953,-0.033302095,-0.007291423,-0.99941874,1.0,0.0,0.0,-0.091925226,0.011712726,-0.03807497,0.12356794,-0.2924946,0.029355513,-0.049285177,-0.024687635,0.16337436,-0.10288608,-0.32526034,-0.012843653,0.45002028,-0.21070054,-0.25600767,0.3119194,-0.42795286,0.87412566,0.40511423,-0.14401083,-0.022947526,-0.10395606,-0.32893568,0.51068527,-0.29480708,0.4631645,0.6210504,-0.21686584,-0.058394805,-0.27335423,-0.50089014,0.6216103,0.31842986,-0.5780246,-0.32183185,-0.18519482,193.75264,-183.67139,-145.87749,196.18416,17.596725,198.7813,199.75801,-217.55801,-149.70953,-118.18227,-16.479961,199.49788,-0.091925226,0.011712726,-0.838075,1.723568,-1.0924946,0.029355513,-0.049285177,-0.024687635,-0.63662565,1.497114,-1.1252604,-0.012843653,9.000405,-4.2140107,-5.1201534,6.2383876,-8.559057,17.482513,8.102284,-2.8802166,-0.45895052,-2.079121,-6.5787134,10.213705
130,-0.14131185,-0.3653544,0.0010104646,-0.037994195,-0.01080826,-0.9992194,1.0,0.0,0.0,-0.052475546,-0.004717242,-0.049406648,0.15278435,-0.30406445,0.12691252,-0.013998424,-0.032774236,0.1853885,-0.13923252,-0.33677572,0.019026855,-0.0075187795,0.027520383,0.11077342,0.010770093,0.24510936,0.17205831,0.017429356,0.030452117,0.1666197,-0.07997946,0.05882299,-0.057454746,-0.37815094,-0.06422497,-0.40907237,0.02238172,-0.04369335,-0.8377075,-0.8274237,-0.4618227,-0.5085305,-0.5185091,-0.18687972,-0.36374727,-199.77379,202.62367,204.67412,-214.2192,200.13408,-200.00304,-150.68335,-16.769089,346.78494,533.497,25.666279,-118.65761,-0.052475546,-0.004717242,-0.84940666,1.7527844,-1.1040645,0.12691252,-0.013998424,-0.032774236,-0.6146115,1.4607675,-1.1367757,0.019026855,-0.15037559,0.55040765,2.2154684,0.21540186,4.9021873,3.4411662,0.3485871,0.60904235,3.332394,-1.5995891,1.1764598,-1.1490949
131,0.32646307,0.15847464,0.40280098,-0.04137111,-0.015551381,-0.99902284,1.0,0.0,0.0,-0.102698445,-0.013807027,-0.04522562,0.14231563,-0.21752614,0.08601387,-0.06257236,-0.045695554,0.19051498,-0.13033164,-0.28340274,-0.04023508,-0.44983742,-0.089970015,-0.058117498,-0.09686526,0.4319636,-0.5140315,-0.45635682,-0.13269347,-0.07143288,0.110086136,0.29223803,-0.51047117,0.47432798,0.48869103,0.366275,0.22707166,-0.2541715,0.16806075,0.58143705,0.853662,0.34270096,-0.014442131,-0.4559602,-0.011494931,-180.11772,-0.39336395,-235.06235,-186.94287,-46.40996,-199.66393,-206.45616,-86.66996,99.83035,184.23186,-19.315594,-146.09608,-0.102698445,-0.013807027,-0.84522563,1.7423156,-1.0175261,0.08601387,-0.06257236,-0.045695554,-0.60948503,1.4696684,-1.0834028,-0.04023508,-8.996748,-1.7994002,-1.1623499,-1.9373052,8.639272,-10.28063,-9.127136,-2.6538694,-1.4286575,2.2017226,5.8447604,-10.209423
132,-0.28554428,-0.37593913,-0.062092848,-0.047284406,-0.01488603,-0.9987706,1.0,0.0,0.0,-0.14386673,-0.009694956,-0.035325825,0.13382685,-0.19974488,0.057285674,-0.09757209,-0.04837723,0.20165092,-0.1012342,-0.29791063,-0.07068681,-0.006488876,0.10824,0.13569511,-0.00092858536,-0.092661604,0.13954248,0.05362126,0.08497321,0.16213171,0.16107969,-0.3073096,0.0753641,0.43844196,-0.4226818,-0.6433092,0.3053986,-0.8813862,0.55996525,0.49037927,-0.7299993,-0.28239214,-0.35230368,-0.7406493,0.4664798,198.64131,192.30971,209.40727,172.48126,-37.718613,132.52354,202.13416,183.74371,136.52747,19.060394,-64.22087,69.69357,-0.14386673,-0.009694956,-0.83532584,1.7338269,-0.9997449,0.057285674,-0.09757209,-0.04837723,-0.5983491,1.4987658,-1.0979106,-0.07068681,-0.12977752,2.1648,2.7139022,-0.018571706,-1.853232,2.7908494,1.0724251,1.6994641,3.2426343,3.2215939,-6.1461916,1.5072819
133,0.3660841,0.14403889,-0.62100625,-0.050867893,-0.018704664,-0.99853015,1.0,0.0,0.0,-0.09579595,-0.01761511,-0.04629457,0.16185617,-0.29243714,0.16179049,-0.040805615,-0.05517238,0.22300911,-0.08626962,-0.42217642,0.021369679,0.44155294,-0.16135392,-0.20269442,0.23586755,-0.7664678,0.81030905,0.47169,-0.12916593,0.06000721,0.0034526826,-0.7396872,0.7751041,-0.33128566,0.5057538,0.65415066,-0.6274637,0.02172254,-0.30416328,-0.244133,0.9976531,0.13330543,-0.541531,0.5326232,-0.22327822,195.18042,-238.1019,-167.1965,76.80447,-199.5072,108.42369,196.36748,-176.0642,-152.48917,-198.92963,26.360111,200.07034,-0.09579595,-0.01761511,-0.8462946,1.7618562,-1.0924371,0.16179049,-0.040805615,-0.05517238,-0.5769909,1.5137304,-1.2221764,0.021369679,8.8310585,-3.2270782,-4.0538883,4.717351,-15.329356,16.20618,9.4338,-2.5833187,1.2001442,0.06905365,-14.793744,15.502082
134,-0.16588412,0.18703328,0.08658236,-0.043303564,-0.021868298,-0.9988226,1.0,0.0,0.0,-0.058591988,-0.021922126,-0.06480247,0.17598307,-0.3719321,0.24695098,0.0022905217,-0.059881773,0.22670299,-0.09195578,-0.49278027,0.09491428,-0.021671668,0.09322023,0.0022623555,-0.06256898,-0.09557902,0.1116812,0.012798987,0.048841294,-0.024439452,0.0067456476,-0.025930071,-0.0073293545,-0.4084048,-0.21697755,-0.011221369,-0.2873768,0.045263067,-0.92453176,-1.1659468,-0.48303217,0.12656572,-0.38796592,0.54016304,-0.42447498,-200.01979,198.2285,202.58719,-215.36714,200.09978,-200.18105,-176.17102,50.276535,-96.10865,73.97037,203.32022,-250.08286,-0.058591988,-0.021922126,-0.8648025,1.7759831,-1.1719321,0.24695098,0.0022905217,-0.059881773,-0.573297,1.5080442,-1.2927803,0.09491428,-0.43343335,1.8644044,0.04524711,-1.2513795,-1.9115803,2.233624,0.25597975,0.9768259,-0.48878902,0.13491295,-0.5186014,-0.14658709
135,0.43162304,0.20617414,0.5895197,-0.035178334,-0.027770361,-0.99899524,1.0,0.0,0.0,-0.111458704,-0.026391206,-0.055088222,0.14166856,-0.3166476,0.19516529,-0.053971615,-0.07344206,0.21019334,-0.09238672,-0.42538172,0.019683322,-0.46279365,-0.11550907,0.0842787,-0.25795898,0.5816356,-0.5624782,-0.50374216,-0.16340676,-0.123736516,0.036287453,0.660531,-0.6170687,0.52520955,0.71068,0.08891047,0.2824657,0.05318491,0.19781965,0.9640755,0.78625256,1.0746123,0.3281921,0.08191967,0.07313156,-200.07753,-187.09746,-26.033207,-241.58206,199.114,-200.00441,-205.20627,-103.688995,110.64186,303.3498,229.2965,-122.65257,-0.111458704,-0.026391206,-0.85508823,1.7416686,-1.1166476,0.19516529,-0.053971615,-0.07344206,-0.5898067,1.5076133,-1.2253817,0.019683322,-9.255873,-2.3101814,1.685574,-5.159179,11.632711,-11.249563,-10.074843,-3.268135,-2.4747303,0.725749,13.210619,-12.341373
136,-0.1910444,-0.2512426,0.09568134,-0.03862713,-0.030803388,-0.9987788,1.0,0.0,0.0,-0.15524726,-0.027767062,-0.022502959,0.10291815,-0.18420511,0.15421847,-0.09564146,-0.08137323,0.19919688,-0.060804486,-0.2551288,-0.028906725,-0.01817747,0.08226391,0.20477882,-0.1301725,0.59405357,0.030525649,0.03130382,0.064709894,0.008929349,0.24259105,0.82650185,0.06386417,0.29220968,-0.31487018,-0.3345063,0.13873163,-0.5525994,0.61998,0.31714422,-0.59012103,0.026902176,-0.0785301,-0.76075286,0.33321998,198.67564,189.15224,44.179333,178.449,-69.93954,80.58619,199.15715,204.07228,203.69205,178.15935,-79.26843,200.12756,-0.15524726,-0.027767062,-0.822503,1.7029182,-0.9842051,0.15421847,-0.09564146,-0.08137323,-0.60080314,1.5391955,-1.0551288,-0.028906725,-0.3635494,1.6452781,4.0955763,-2.60345,11.881071,0.610513,0.6260764,1.2941979,0.17858697,4.851821,16.530037,1.2772834
137,0.44559333,0.27852455,-0.4872943,-0.036966413,-0.037718795,-0.9986044,1.0,0.0,0.0,-0.109401055,-0.039803337,-0.01701206,0.0994848,-0.13952535,0.23725201,-0.045398265,-0.09245406,0.19048363,-0.02936089,-0.16315305,0.055731867,0.4313099,-0.17553096,-0.10704835,0.052962404,-0.07953674,0.7226181,0.42890605,-0.15187791,-0.08696266,0.09024052,0.1599748,0.61863816,-0.0832524,0.5712265,0.59005296,-0.5385922,-0.016986772,-0.18733338,-0.16466746,0.9647167,0.40674132,-0.45029682,-0.57025844,-0.46465543,195.52995,-227.55418,-149.12038,45.303993,-199.1574,172.51256,195.75064,-219.72653,-144.20978,-173.77718,-199.01244,12.145326,-0.109401055,-0.039803337,-0.8170121,1.6994848,-0.93952537,0.23725201,-0.045398265,-0.09245406,-0.6095164,1.5706391,-0.96315306,0.055731867,8.626198,-3.510619,-2.140967,1.0592481,-1.5907348,14.452362,8.578121,-3.037558,-1.7392533,1.8048104,3.199496,12.372763
138,-0.06143804,-0.20878986,0.012767849,-0.036045697,-0.044602025,-0.9983543,1.0,0.0,0.0,-0.06936322,-0.049764458,1.23381615e-05,0.07750821,-0.108234406,0.3050375,-0.003908405,-0.10180861,0.2047813,-0.041065574,-0.20653123,0.10237596,0.052564908,0.05336066,0.24211052,-0.24256352,0.21233669,0.026227355,0.029402668,0.04076552,0.19914944,-0.18089195,-0.5253349,-0.08204984,-0.69419354,0.19226237,-0.46534526,-0.16566467,-0.13657749,-0.717388,-1.0117105,-0.30402562,-0.050226532,-0.09854324,-0.3220544,-0.36687282,-88.61677,204.23285,193.84413,-222.80882,-7.977763,-200.11974,-199.60258,207.69131,192.76614,-221.10507,-200.05273,-199.991,-0.06936322,-0.049764458,-0.7999877,1.6775082,-0.9082344,0.3050375,-0.003908405,-0.10180861,-0.5952187,1.5589345,-1.0065312,0.10237596,1.0512981,1.0672132,4.8422103,-4.85127,4.2467337,0.5245471,0.58805335,0.81531036,3.9829888,-3.6178389,-10.506698,-1.6409968
139,-0.06867945,0.3064227,0.5155991,-0.032458827,-0.041605357,-0.9986067,1.0,0.0,0.0,-0.10915113,-0.030511506,0.027083695,0.028365731,-0.10425162,0.22609593,-0.053509366,-0.10149656,0.20947438,-0.057135105,-0.25667256,0.016932292,-0.38227096,0.10466057,0.034370936,-0.13938424,-0.0031290364,-0.80800056,-0.46284232,-0.021630319,-0.09899753,0.0762388,-0.09938291,-0.6471566,0.46230125,-0.33761168,0.3492346,0.82608235,0.14764218,0.30823636,0.6522383,0.31873387,0.8038059,0.87060565,0.48056787,0.040632848,-169.5887,-122.57208,0.9160919,328.51447,1.4957771,-283.66357,-232.68633,-85.56081,327.925,550.3335,57.947998,-119.44898,-0.10915113,-0.030511506,-0.7729163,1.6283658,-0.90425164,0.22609593,-0.053509366,-0.10149656,-0.5905256,1.5428649,-1.0566726,0.016932292,-7.645419,2.0932114,0.6874187,-2.7876847,-0.06258073,-16.160011,-9.256846,-0.43260637,-1.9799507,1.5247761,-1.9876581,-12.943131
140,-0.18927799,-0.37824008,0.14898649,-0.036191486,-0.035841666,-0.998702,1.0,0.0,0.0,-0.13288534,-0.01725778,0.04349786,0.028351545,-0.04598546,0.1362759,-0.08809256,-0.096401535,0.21297961,-0.022999167,-0.20434481,-0.037209354,0.08880627,0.03534777,0.12827413,0.10489289,0.36578128,-0.15756172,0.06173817,0.067756645,0.11825692,0.23549409,0.56102145,0.029602667,0.1444673,-0.22036763,-0.33655283,-0.18042299,0.06587146,0.5961971,0.67179114,-0.521762,0.049991675,-0.8959076,-0.1599099,0.6112947,203.34114,-346.14008,-34.82292,363.77814,-184.5378,130.41092,196.49962,214.7973,212.38742,181.06116,200.44035,176.41116,-0.13288534,-0.01725778,-0.75650215,1.6283516,-0.8459855,0.1362759,-0.08809256,-0.096401535,-0.5870204,1.5770009,-1.0043448,-0.037209354,1.7761254,0.7069554,2.5654826,2.0978577,7.3156257,-3.1512344,1.2347634,1.3551329,2.3651383,4.709882,11.220428,0.59205335
141,0.36227646,0.19907212,-0.4856871,-0.03848686,-0.0407598,-0.9984275,1.0,0.0,0.0,-0.074318916,-0.036288727,0.039895356,0.06783748,-0.015927494,0.16153125,-0.03289866,-0.103326716,0.22643828,0.0036748648,-0.15845716,0.045927748,0.43081266,-0.19949427,-0.13395517,0.25668487,0.077435724,0.3728586,0.44739443,-0.11875715,0.022286875,0.051975932,0.045836326,0.7318248,-0.069976725,0.78581643,0.24282293,-0.40737483,-0.12529585,0.13306013,-0.5081535,0.8137203,0.3547737,-0.22073545,-0.2388024,-0.5117032,53.81868,-213.93417,-33.40902,110.51764,-16.545448,164.54956,193.1796,-183.37398,-152.82428,-197.24307,-56.374886,200.35297,-0.074318916,-0.036288727,-0.76010466,1.6678375,-0.8159275,0.16153125,-0.03289866,-0.103326716,-0.5735617,1.6036749,-0.9584572,0.045927748,8.616253,-3.9898853,-2.6791034,5.1336975,1.5487145,7.4571724,8.947888,-2.375143,0.44573748,1.0395186,0.9167265,14.636497
142,-0.15880439,-0.1855593,0.10588809,-0.039532606,-0.044134013,-0.9982432,1.0,0.0,0.0,-0.035258327,-0.051487755,0.05100757,0.08786309,-0.04684621,0.17258114,0.012797689,-0.10575037,0.2564063,-0.012892365,-0.18109989,0.11517906,0.03181888,0.024563916,0.18432671,-0.012332352,-0.23493247,-0.09165628,0.044614594,0.0759999,0.22160614,-0.18118946,-0.1368222,0.030888287,-0.7747434,0.17976664,-0.4319415,-0.66550523,-0.09995721,-0.4957466,-0.8875286,-0.49388278,0.14127031,-0.9396481,0.34816194,-0.4268832,-113.37062,138.01349,152.29129,-118.395805,-26.56752,-37.72084,-200.33371,215.51785,-5.819083,-225.69997,7.9375563,-199.81929,-0.035258327,-0.051487755,-0.74899244,1.6878631,-0.8468462,0.17258114,0.012797689,-0.10575037,-0.5435937,1.5871077,-0.9810999,0.11517906,0.63637763,0.49127832,3.6865342,-0.24664703,-4.6986494,-1.8331256,0.89229184,1.519998,4.4321227,-3.623789,-2.7364438,0.6177657
143,-0.028466983,0.41771233,0.5544562,-0.034214657,-0.039498698,-0.9986336,1.0,0.0,0.0,-0.07966581,-0.037352942,0.067802966,0.07631433,-0.07423639,0.07708571,-0.034455758,-0.09856874,0.27025598,-0.046987057,-0.16930282,0.047144398,-0.43326712,0.095887035,0.010843328,-0.10817695,-0.082638316,-0.7949644,-0.44272685,0.024114495,-0.07134665,-0.051977333,0.013292724,-0.56428427,0.50295705,-0.15715744,-0.06494381,0.47739938,0.24049543,0.34454668,0.5157259,-0.025659472,1.1700351,0.73599845,1.1803222,-0.27325693,-205.3267,233.33221,-127.460495,-156.83707,22.787025,-200.13483,-230.50494,104.67897,336.4817,627.25085,-86.37602,-33.374725,-0.07966581,-0.037352942,-0.73219705,1.6763144,-0.8742364,0.07708571,-0.034455758,-0.09856874,-0.529744,1.553013,-0.96930283,0.047144398,-8.665342,1.9177407,0.21686655,-2.163539,-1.6527663,-15.899287,-8.854537,0.48228988,-1.4269329,-1.0395466,0.26585448,-11.285686
144,0.121721275,0.24714524,-0.16322961,-0.020770272,-0.041967873,-0.99890304,1.0,0.0,0.0,-0.11609204,-0.032322038,0.048734784,0.08929598,-0.03096348,-0.009028035,-0.0703218,-0.09562051,0.24805498,-0.018449783,-0.16390574,-0.06408902,0.018079005,-0.03391597,-0.18063715,0.22213414,0.40103474,-0.13568111,0.029508052,0.005052631,-0.1282417,0.2598266,0.10954914,-0.50366837,0.012799829,0.07645571,0.58541656,-0.28992453,0.13026945,0.7962289,0.7540084,-0.4497761,0.7641446,-0.16217788,0.6281185,0.3974678,190.89816,-266.18137,-223.3884,260.62766,104.7469,183.08476,219.70752,-93.87659,-128.92548,164.30278,74.66517,43.657314,-0.11609204,-0.032322038,-0.7512652,1.689296,-0.8309635,-0.009028035,-0.0703218,-0.09562051,-0.55194503,1.5815502,-0.96390575,-0.06408902,0.3615801,-0.6783194,-3.612743,4.4426827,8.020695,-2.713622,0.590161,0.10105261,-2.5648339,5.196532,2.1909828,-10.073367
145,0.09331091,-0.3298246,-0.68062294,-0.022642773,-0.046431243,-0.99866486,1.0,0.0,0.0,-0.08258571,-0.04594862,0.04242897,0.1193707,0.017296314,0.013634092,-0.021510199,-0.10259264,0.2498638,0.01582694,-0.121802926,-0.077408984,0.22371922,-0.09576853,0.07979449,0.10062249,0.14760445,0.30061373,0.41374215,-0.06622092,0.1224241,0.096081756,0.30012333,0.28816375,-0.28540277,0.44245034,-0.2829306,-0.5953548,-0.31623286,0.002683715,-0.4674747,0.20176439,-0.3064001,-0.36328572,-0.18224715,0.30356404,-4.4313064,-111.94711,105.45702,-24.581985,-47.63627,115.50376,208.66547,-269.89172,-56.922546,-157.89056,58.663635,223.23782,-0.08258571,-0.04594862,-0.75757104,1.7193707,-0.7827037,0.013634092,-0.021510199,-0.10259264,-0.5501362,1.615827,-0.92180294,-0.077408984,4.4743843,-1.9153707,1.5958898,2.0124497,2.9520888,6.0122743,8.274843,-1.3244183,2.448482,1.921635,6.0024667,5.7632747
146,-0.3872586,0.31056765,-0.13453402,-0.020964917,-0.040028654,-0.9989786,1.0,0.0,0.0,-0.08717073,-0.039644837,0.042066276,0.12295568,-0.02618599,0.022402726,0.01594089,-0.1005854,0.24923635,0.028080463,-0.122694135,0.035135653,-0.2226758,0.13351087,-0.0671538,-0.050853122,-0.5081708,-0.040920433,-0.0006402368,0.07786057,-0.11074797,0.022943685,-0.11895428,0.63193303,-0.45685366,-0.50462586,0.47952512,-0.13949922,0.10621704,-0.29061946,-0.6778484,-0.53634024,0.52670884,-0.6960624,0.32308912,-0.6044585,-201.2356,214.50314,-172.48985,-204.61209,-173.9639,-6.6567144,-199.24341,200.46092,-207.03615,-219.96786,-17.270872,-33.401073,-0.08717073,-0.039644837,-0.75793374,1.7229557,-0.826186,0.022402726,0.01594089,-0.1005854,-0.55076367,1.6280805,-0.92269415,0.035135653,-4.453516,2.6702175,-1.3430759,-1.0170624,-10.163416,-0.8184086,-0.012804735,1.5572114,-2.2149594,0.4588737,-2.3790855,12.63866
147,0.1602441,-0.29874647,0.3162303,-0.021811405,-0.03638496,-0.99909973,1.0,0.0,0.0,-0.1788237,-0.038981088,0.06394726,0.08478594,-0.0533123,-0.05276089,-0.035695653,-0.1130666,0.26010978,-0.0035482645,-0.074774146,0.08704305,-0.59954256,-0.113044195,0.25252587,-0.30927074,0.168987,-0.53279555,-0.44369918,-0.15997104,0.17538927,-0.24735157,0.42035222,-0.01740373,0.54908717,0.2785483,-0.41718546,0.31755784,0.5046384,0.014735722,0.35667554,0.41686684,0.047848143,0.090635404,0.65869784,-0.4401684,-36.918713,-258.36667,135.38574,-241.72124,198.69034,-5.2559953,-174.77487,456.49634,438.74002,706.27325,-195.98965,-89.90749,-0.1788237,-0.038981088,-0.73605275,1.684786,-0.8533123,-0.05276089,-0.035695653,-0.1130666,-0.5398902,1.5964518,-0.87477416,0.08704305,-11.990851,-2.2608838,5.050517,-6.185415,3.37974,-10.6559105,-8.873983,-3.1994207,3.5077853,-4.9470315,8.407044,-0.3480746
148,-0.30503544,0.28649837,-0.21669817,-0.021120165,-0.032172758,-0.9992591,1.0,0.0,0.0,-0.24826188,-0.040729858,0.07342106,0.06880343,0.01974535,-0.07732374,-0.07145502,-0.112864286,0.24991107,0.015188932,0.009815037,0.04220963,-0.14778928,0.062765196,-0.12804,0.10656228,0.50608283,0.14271612,0.023660045,0.115682006,-0.21506889,0.28893894,0.4669295,-0.4246903,0.48422173,-0.59738153,0.25856456,1.2410976,-0.2543236,0.37762508,0.25830758,-0.65044975,0.57786506,0.6242838,0.06937066,-0.51562256,187.86436,-20.148743,-300.9546,275.39905,115.86779,78.444855,207.93542,149.08932,-299.6311,163.7083,33.271072,-138.62447,-0.24826188,-0.040729858,-0.72657895,1.6688035,-0.78025466,-0.07732374,-0.07145502,-0.112864286,-0.55008894,1.615189,-0.790185,0.04220963,-2.9557855,1.2553039,-2.5608,2.1312456,10.121656,2.8543224,0.4732009,2.31364,-4.301378,5.7787786,9.33859,-8.493806
149,0.1152945,-0.39846256,-0.75556254,-0.024241861,-0.029530605,-0.99926984,1.0,0.0,0.0,-0.22783041,-0.054192666,0.06537366,0.10795951,0.04446709,0.026292607,-0.022128541,-0.10449424,0.23468995,0.08441377,0.04516214,-0.10802216,0.30538937,-0.17404073,0.032688648,0.26712587,-0.18949045,0.7597242,0.42859823,-0.017817779,0.037706617,0.39046463,0.06482333,-0.91551477,-0.13767481,-0.091660246,0.023145046,-1.161594,-0.080363914,-0.5533917,-0.32223523,0.65736127,-0.5952634,-0.8807278,-0.25332907,0.39749065,199.76813,-199.07866,232.27841,188.07443,-199.57367,43.60508,186.73175,-152.57635,233.92104,183.19614,-12.7411995,-1.9658307,-0.22783041,-0.054192666,-0.73462635,1.7079595,-0.7555329,0.026292607,-0.022128541,-0.10449424,-0.56531006,1.6844138,-0.7548379,-0.10802216,6.107787,-3.4808147,0.65377295,5.3425174,-3.789809,15.194484,8.571964,-0.35635555,0.75413233,7.809293,1.2964666,-18.310295
150,-0.17392705,0.071589366,-0.3307577,-0.028802682,-0.028173238,-0.999188,1.0,0.0,0.0,-0.18758361,-0.073149204,0.06650251,0.14074934,0.00043541193,0.10259308,0.020589525,-0.0959987,0.2223953,0.15112865,-0.011657655,-0.2187758,0.13733833,-0.038334556,-0.013255424,0.07953381,-0.19847755,0.0737053,0.04120737,0.08600316,-0.14184378,0.2877464,-0.50117254,-0.25823107,-0.36597896,-0.23560311,0.10111996,-0.9267875,0.19858669,-0.55763286,-0.3244744,-0.034972563,-0.17338097,-1.0428185,-0.51574993,0.85628796,-30.534887,4.459603,-69.56758,-216.05304,20.43916,-200.1316,-202.06924,209.89395,-200.56993,-222.66104,-51.97231,200.37328,-0.18758361,-0.073149204,-0.7334975,1.7407494,-0.7995646,0.10259308,0.020589525,-0.0959987,-0.5776047,1.7511287,-0.81165767,-0.2187758,2.7467663,-0.7666911,-0.26510847,1.5906761,-3.969551,1.474106,0.82414734,1.7200632,-2.8368757,5.754928,-10.023451,-5.1646214
151,-0.021041172,0.24429354,0.34547213,-0.022437917,-0.024829714,-0.99943984,1.0,0.0,0.0,-0.21049514,-0.09287295,0.069508255,0.13165116,0.030811667,0.042690866,-0.01995202,-0.08794497,0.18310344,0.19431949,-0.1671921,-0.19733413,-0.28389135,-0.13908377,0.03324166,-0.14615637,0.35013473,-0.6043412,-0.39785954,0.013837685,-0.24623874,0.15627992,-0.83232445,0.4059815,-0.057682455,0.29548013,0.71350104,-0.3158497,0.78655744,-0.099787794,0.43089557,0.056201667,0.6415714,-1.0454195,-0.24365947,0.34985265,-74.586426,-144.84364,4.3101463,-238.5912,34.363785,-199.7805,-209.04689,142.55267,-196.22633,-223.38068,56.341213,201.69618,-0.21049514,-0.09287295,-0.73049176,1.7316512,-0.76918834,0.042690866,-0.01995202,-0.08794497,-0.61689657,1.7943195,-0.9671921,-0.19733413,-5.677827,-2.7816753,0.6648332,-2.9231274,7.0026946,-12.086823,-7.957191,0.2767537,-4.9247746,3.1255984,-16.646488,8.11963
152,-0.5622159,-0.25476602,-0.19066975,-0.023200171,-0.012024595,-0.9996586,1.0,0.0,0.0,-0.21393578,-0.09746087,0.10992473,0.077798486,0.15599132,-0.017278409,-0.045151033,-0.05600483,0.17296094,0.19759774,-0.25920576,-0.047595017,0.19063078,0.07745675,0.26332018,-0.22787869,0.55519986,-0.07492686,0.086641744,0.26074085,0.116185546,-0.108247936,-0.15596628,0.91313946,0.43851894,-0.6597422,-0.79061466,1.170321,0.08767821,0.2470687,0.5208237,-0.9237561,-0.02667772,-1.0155939,-0.019325703,0.07314518,179.30977,298.1604,-251.47636,402.4823,-214.91592,107.525665,200.6934,8.951939,189.2449,-233.52414,199.81825,-16.962048,-0.21393578,-0.09746087,-0.6900753,1.6777985,-0.6440087,-0.017278409,-0.045151033,-0.05600483,-0.6270391,1.7975978,-1.0592058,-0.047595017,3.8126156,1.549135,5.2664037,-4.557574,11.103997,-1.4985372,1.7328348,5.214817,2.323711,-2.1649587,-3.1193256,18.262789
153,0.117131434,0.25150388,-0.8637463,-0.02236793,-0.0051181377,-0.99973667,1.0,0.0,0.0,-0.12935878,-0.1037141,0.12389052,0.06856024,0.18854105,0.041627396,0.012905601,-0.028770637,0.18024081,0.16001225,-0.21827942,0.062140808,0.6067598,-0.13011396,-0.08422925,0.08740312,-0.12021698,0.46290085,0.46023583,0.03284292,-0.028947962,-0.2501837,0.41855666,0.25073862,-0.5361931,0.3437162,0.5019642,0.3073227,0.06956667,-0.11512438,-0.44618285,0.17506255,0.7231792,-0.4204253,0.56408036,-0.59841913,196.04065,-230.19081,-148.75757,203.31631,-128.66057,3.3733044,206.77779,-233.91367,-200.19984,-220.71242,38.849846,-200.7471,-0.12935878,-0.1037141,-0.6761095,1.6685603,-0.61145896,0.041627396,0.012905601,-0.028770637,-0.6197592,1.7600123,-1.0182794,0.062140808,12.135196,-2.6022792,-1.6845851,1.7480624,-2.4043396,9.258017,9.204717,0.6568584,-0.5789592,-5.003674,8.371133,5.0147724
154,-0.32936817,-0.33272153,-0.27146086,-0.02489241,-0.00022153463,-0.99969023,1.0,0.0,0.0,-0.051822033,-0.1102303,0.13041204,0.09464526,0.14744449,0.056686915,0.061370797,-0.0021637052,0.20567703,0.08418214,-0.06033653,0.035027843,0.2098612,0.050778218,0.124404274,0.16476949,-0.19917518,-0.23736647,0.06151386,0.2123745,0.2578474,-0.48975205,1.0939499,-0.4515895,-0.8566135,-0.15381558,-0.73431116,0.38916832,0.14761682,-0.2501428,-0.8523359,-0.9485121,0.29238996,0.25306237,0.58253855,-0.30359447,-202.57222,232.60805,200.54253,181.02908,25.668283,-183.59375,-194.832,144.2771,199.97322,-237.80345,200.04907,-200.6052,-0.051822033,-0.1102303,-0.66958797,1.6946453,-0.6525555,0.056686915,0.061370797,-0.0021637052,-0.594323,1.6841822,-0.86033654,0.035027843,4.197224,1.0155643,2.4880855,3.2953897,-3.9835036,-4.747329,1.2302772,4.24749,5.1569476,-9.795041,21.878998,-9.03179
155,0.049296092,-0.06594776,0.117414996,-0.031339414,0.00416275,-0.99950016,1.0,0.0,0.0,-0.06226552,-0.11807393,0.12268072,0.15681732,0.1401568,-0.03970561,0.021891186,0.01392112,0.23451477,0.016964674,0.16066349,-0.07791307,-0.25782672,-0.104913704,-0.14928252,0.40966532,0.00988634,-0.5150563,-0.39969358,-0.017321153,0.025654724,-0.06328649,0.78236103,-0.4428855,0.2086598,0.39322388,-0.30755398,-0.23738949,-0.45768255,0.39423105,0.067675844,-0.38071007,0.6469273,0.7510441,0.86390924,-0.07581124,-194.37631,-14.10559,-203.90712,78.659706,8.264234,45.031353,-197.99301,-134.63834,177.63965,1022.82294,-239.5333,114.559616,-0.06226552,-0.11807393,-0.6773193,1.7568173,-0.6598432,-0.03970561,0.021891186,0.01392112,-0.56548524,1.6169647,-0.6393365,-0.07791307,-5.156534,-2.098274,-2.9856503,8.193306,0.1977268,-10.3011265,-7.993871,-0.34642306,0.5130945,-1.2657298,15.647221,-8.85771
156,0.045865633,-0.10980857,-0.76088494,-0.0351698,0.0016435776,-0.99938,1.0,0.0,0.0,-0.06271001,-0.13016187,0.09317088,0.22651958,0.06952578,-0.067965515,-0.015902283,0.0033797494,0.2196387,0.05253303,0.30448598,-0.08760975,0.20482151,-0.02110109,-0.15061875,0.30296052,-0.6501916,0.16446625,-0.021456722,-0.06284296,-0.13495332,0.30639425,0.77043545,0.082738034,-0.081116155,0.49716592,-0.04072242,-0.92614084,-0.85591274,0.43294787,0.32841823,-0.20188834,-0.16355026,-0.31617182,0.29714155,-0.04541683,200.43626,198.72824,-201.66995,-224.43213,-200.24477,200.02205,164.25414,-104.207985,-126.67912,214.65007,69.49036,9.91082,-0.06271001,-0.13016187,-0.70682913,1.8265196,-0.73047423,-0.067965515,-0.015902283,0.0033797494,-0.5803613,1.652533,-0.49551404,-0.08760975,4.0964303,-0.42202178,-3.0123749,6.0592103,-13.003832,3.2893248,-0.42913443,-1.2568591,-2.6990664,6.127885,15.408709,1.6547607
157,0.048863437,0.29235524,-0.800011,-0.03006948,-0.0014214165,-0.99954677,1.0,0.0,0.0,-0.049910747,-0.12853041,0.052355826,0.26866996,-0.1341064,0.03680409,0.018885542,-0.008586262,0.18160456,0.10780203,0.3889721,-0.06879587,-0.0023791527,0.039265953,-0.22356252,0.12645635,-1.3203782,0.796585,0.33434254,-0.056976017,-0.224503,0.25771812,0.1427787,0.085633144,-0.54229397,0.078382246,0.58922666,-0.8207704,-0.40090567,-0.31833965,-0.58632904,0.13766675,0.18343818,-0.3600719,-0.14504811,-0.26367414,-66.78569,223.87541,10.002771,-235.18102,-199.92448,116.885666,197.63646,-116.62828,-1.9447784,-36.0338,-181.12654,-15.467718,-0.049910747,-0.12853041,-0.7476442,1.86867,-0.9341064,0.03680409,0.018885542,-0.008586262,-0.61839545,1.707802,-0.4110279,-0.06879587,-0.047583055,0.78531903,-4.4712505,2.529127,-26.407562,15.931701,6.6868505,-1.1395203,-4.49006,5.154362,2.855574,1.7126628
158,-0.45321962,-0.13647456,-0.14139758,-0.028698262,0.007556362,-0.9995595,1.0,0.0,0.0,-0.09460634,-0.09471717,0.043643713,0.26150024,-0.323775,0.11894976,0.04094318,0.002263372,0.16497034,0.13634336,0.34427688,-0.11445768,-0.4088078,0.2627523,0.09876146,-0.16612042,-0.6443779,0.09623926,-0.0733488,0.13632552,0.006887139,0.054132354,-0.52482957,-0.3471074,0.061280504,-0.662133,-0.03163531,-0.72636503,0.14534803,-0.78285766,-0.75419,-0.45722955,-0.2183674,-0.4288103,0.19065964,0.11963566,-209.9686,103.62689,295.822,-189.17978,202.57225,-199.9975,-200.39899,157.54185,51.06797,-214.56726,-200.1951,9.455428,-0.09460634,-0.09471717,-0.7563563,1.8615003,-1.123775,0.11894976,0.04094318,0.002263372,-0.6350297,1.7363434,-0.45572314,-0.11445768,-8.176156,5.255046,1.9752293,-3.3224084,-12.887558,1.9247853,-1.4669759,2.7265105,0.13774277,1.0826471,-10.496592,-6.942148
159,0.10346097,0.3998618,-0.19281185,-0.021733174,0.013275267,-0.99967575,1.0,0.0,0.0,-0.1400448,-0.064645864,0.045161843,0.21581888,-0.3766243,0.06592868,-0.017702209,-0.0026251446,0.14873183,0.1301403,0.27967858,-0.10961973,-0.0743729,0.060751744,-0.055583872,-0.2847847,0.045275826,-0.56103206,-0.4758462,-0.14893006,-0.14761585,-0.10005051,-0.2286901,0.32838964,0.3829769,-0.025618166,0.24613895,0.2790922,0.21250103,-0.047911055,0.58512753,0.21810625,0.27289036,0.619044,0.10752645,0.16301511,199.17879,-191.47906,-84.41114,-215.06873,200.64565,-199.86145,-213.2184,-109.11786,-242.28986,-235.75867,35.221317,202.25256,-0.1400448,-0.064645864,-0.75483817,1.8158189,-1.1766243,0.06592868,-0.017702209,-0.0026251446,-0.6512682,1.7301403,-0.5203214,-0.10961973,-1.487458,1.2150348,-1.1116774,-5.695694,0.9055165,-11.220641,-9.516924,-2.978601,-2.952317,-2.0010102,-4.573802,6.567793
160,-0.20445953,-0.20721123,-0.68625367,-0.019324442,0.015935468,-0.99968636,1.0,0.0,0.0,-0.10339776,-0.044921473,0.055888295,0.17090368,-0.29397994,0.009707981,-0.06154516,-0.0096748145,0.14091069,0.1254704,0.2185837,-0.015653595,0.39082095,0.1222976,0.13746558,-0.17384508,0.7141059,-0.15906735,-0.0107870875,0.046765022,0.053061258,0.03761184,-0.28377828,0.44493395,-0.47222722,-0.45778638,0.48064396,0.5859261,0.10543932,0.49486393,0.2852631,-0.033749416,0.016717948,-0.1335189,-0.06582421,-0.3089895,201.52045,-57.765274,173.56741,168.08601,199.6626,36.919857,200.06377,197.66472,207.38116,186.67836,37.326485,-49.308895,-0.10339776,-0.044921473,-0.7441117,1.7709037,-1.09398,0.009707981,-0.06154516,-0.0096748145,-0.6590893,1.7254704,-0.5814163,-0.015653595,7.8164186,2.445952,2.7493114,-3.4769015,14.282118,-3.181347,-0.21574174,0.9353004,1.0612252,0.7522367,-5.6755657,8.898679
161,0.19983742,-0.24395916,-0.4740094,-0.028918505,0.014330316,-0.99947906,1.0,0.0,0.0,-0.06921543,-0.043971863,0.0843671,0.14864731,-0.14809221,0.053122293,-0.026869113,-0.011029341,0.15081865,0.12002814,0.1252771,0.0002414105,-0.009468362,-0.08831887,0.14952986,-0.06032859,0.6350077,0.5244153,0.32666203,-0.04052687,0.044108924,-0.08183077,-0.46304056,-0.22033103,-0.53143966,0.049462482,-0.18410847,-0.10344806,0.13118501,-0.020275302,-0.15476364,0.5701164,-0.6839012,-0.104445085,-0.2819425,-0.40605357,-198.97818,-205.8866,195.15425,176.79141,-76.70953,199.75464,200.0338,-7.641893,-186.77257,-211.68803,40.190777,-200.02591,-0.06921543,-0.043971863,-0.7156329,1.7486473,-0.9480922,0.053122293,-0.026869113,-0.011029341,-0.64918137,1.7200282,-0.6747229,0.0002414105,-0.18936723,-1.7663773,2.9905972,-1.2065718,12.700153,10.488306,6.533241,-0.8105374,0.8821784,-1.6366154,-9.260811,-4.4066205
162,-0.24070275,0.40046504,0.09872555,-0.024569504,0.016448658,-0.99956274,1.0,0.0,0.0,-0.12004022,-0.038582467,0.09652501,0.11961627,-0.039913595,0.0816583,-0.007189791,0.0018783904,0.136056,0.092805505,-0.008973002,-0.11096805,-0.456249,0.10765799,-0.0085398555,-0.21226573,0.44465184,-0.13760407,-0.0863191,0.1391308,-0.1706175,-0.18737909,-0.6649386,-0.69118005,0.057103977,-0.33630455,0.41514733,0.31514385,0.20084263,-0.507106,-0.5698406,-0.50386673,0.8671777,0.019214444,-0.051435545,0.32008526,-203.28772,110.42176,-152.4093,-196.84538,-66.596306,-113.14967,-197.66663,200.1157,-180.96364,-225.17342,60.19826,26.712198,-0.12004022,-0.038582467,-0.703475,1.7196163,-0.8399136,0.0816583,-0.007189791,0.0018783904,-0.663944,1.6928055,-0.808973,-0.11096805,-9.12498,2.1531599,-0.17079711,-4.2453146,8.893037,-2.7520814,-1.7263819,2.782616,-3.41235,-3.7475817,-13.298772,-13.823601
163,0.27950722,-0.2579116,0.0564195,-0.02275946,0.014500103,-0.9996358,1.0,0.0,0.0,-0.17103247,-0.041142855,0.114592016,0.09308565,0.048217893,-0.018475264,-0.06931828,0.00196489,0.13009107,0.050608516,-0.069760084,-0.17429407,-0.08971995,-0.112505674,0.1695962,-0.067309946,0.38015005,-0.7974666,-0.49606916,-0.10964773,0.076690175,-0.21107928,-0.047611713,-0.009684639,0.44512704,0.22084166,-0.25733367,1.1467823,0.18518074,0.40626302,0.64718646,0.3278972,0.1902023,0.83817214,0.26619887,0.6523343,201.61511,-214.13239,182.53918,169.6144,-45.13463,-200.36293,-203.83951,-177.31004,169.72034,89.35112,105.11601,200.79466,-0.17103247,-0.041142855,-0.685408,1.6930857,-0.7517821,-0.018475264,-0.06931828,0.00196489,-0.66990894,1.6506085,-0.8697601,-0.17429407,-1.794399,-2.2501135,3.391924,-1.3461989,7.603001,-15.949331,-9.921383,-2.1929545,1.5338035,-4.2215858,-0.95223427,-0.19369277
164,-0.22493991,-0.05019519,-0.61345935,-0.028354611,0.014051806,-0.9994992,1.0,0.0,0.0,-0.13598126,-0.037455294,0.12481058,0.107964754,0.10349417,-0.10267614,-0.114168726,0.0046599056,0.13368201,0.030941844,-0.0073048472,-0.10092239,0.39177033,0.12771241,-0.04398693,0.19090077,0.21310209,-0.11243483,-0.0004058865,0.11355605,-0.015919011,-0.010381102,0.5558343,0.67465097,-0.35088354,-0.24871166,-0.038928945,-0.29710338,-0.6285473,0.60295427,0.22351411,-0.39173526,0.0826538,-0.7854935,-0.29689592,-0.34558657,197.80739,218.93315,-223.66568,171.89714,-34.600746,200.62314,200.37271,203.92668,134.50583,188.22307,73.37482,200.0523,-0.13598126,-0.037455294,-0.67518944,1.7079648,-0.69650584,-0.10267614,-0.114168726,0.0046599056,-0.666318,1.6309419,-0.80730486,-0.10092239,7.8354063,2.554248,-0.8797386,3.8180153,4.2620416,-2.2486966,-0.00811773,2.271121,-0.3183802,-0.20762204,11.116686,13.493019
165,0.35656735,0.2790788,-0.7142471,-0.023034068,0.009395508,-0.99969053,1.0,0.0,0.0,-0.10270022,-0.04131272,0.09983474,0.13548541,0.07311672,-0.05067974,-0.07345529,0.0056365975,0.12721586,0.005332947,0.030275643,-0.03868981,-0.016582448,-0.13922454,-0.17609403,0.08846129,-0.45104876,0.564795,0.3709037,-0.08551163,-0.036033574,-0.22572665,-0.11332051,0.013943787,-0.48901367,0.79918003,0.166582,-0.09451997,-0.861649,-0.001908428,-0.51608187,0.33335757,0.50415415,0.7198402,-0.095388755,-0.5605893,-200.71715,-192.33743,-133.86461,-224.9211,-200.27031,200.29367,202.11696,-229.878,-20.286633,-203.32635,-199.3988,-200.64333,-0.10270022,-0.04131272,-0.7001653,1.7354854,-0.7268833,-0.05067974,-0.07345529,0.0056365975,-0.67278415,1.605333,-0.76972437,-0.03868981,-0.33164895,-2.7844908,-3.5218804,1.7692257,-9.020975,11.2959,7.418074,-1.7102326,-0.7206715,-4.514533,-2.26641,0.27887574
166,-0.28071916,-0.15935531,-0.15909943,-0.022645267,0.009015749,-0.9997028,1.0,0.0,0.0,-0.15218362,-0.043042995,0.10189241,0.124278545,-0.09167606,-0.0062554,-0.04775956,0.014412804,0.13488388,-0.024310708,-0.012476385,-0.11327272,-0.43555814,0.0921402,0.13717347,-0.16283736,-1.1278352,0.043261927,-0.06933795,0.14987122,0.08317773,-0.086338855,-0.2102805,-0.6892438,-0.03650812,-0.27085865,-0.1640939,-0.0427087,-0.19933377,-0.37219578,-0.7318222,-0.67238736,0.06901216,-0.1856227,0.56249,0.36821124,-203.57059,177.79007,63.782024,-206.85661,-198.92146,-42.389023,-199.87985,193.70908,209.22307,185.12631,25.7026,-200.01123,-0.15218362,-0.043042995,-0.6981076,1.7242786,-0.89167607,-0.0062554,-0.04775956,0.014412804,-0.66511613,1.5756893,-0.8124764,-0.11327272,-8.711163,1.842804,2.7434695,-3.256747,-22.556702,0.8652385,-1.3867589,2.9974241,1.6635545,-1.7267771,-4.20561,-13.784876
167,0.37051764,0.3101099,-0.20059066,-0.01800225,0.006034695,-0.99981976,1.0,0.0,0.0,-0.2020609,-0.046433706,0.10671252,0.08514643,-0.24101394,-0.06931702,-0.10144618,0.013843762,0.13701248,-0.029532671,-0.013933003,-0.16270477,-0.09417101,-0.10673054,-0.06969253,-0.20723377,-0.43569952,-0.5847234,-0.43045026,-0.13130401,-0.046151992,0.04921597,0.10335542,0.12970528,0.5070223,0.66692364,0.296723,0.15021089,0.12675853,0.12905553,0.5888992,0.04588844,0.4919114,0.5462629,0.33936504,0.31686702,197.53685,-169.92252,-210.32549,-97.22548,199.80269,-115.951614,-181.79553,-246.3145,108.80092,198.76038,84.088844,237.54712,-0.2020609,-0.046433706,-0.6932875,1.6851465,-1.041014,-0.06931702,-0.10144618,0.013843762,-0.66298753,1.5704674,-0.813933,-0.16270477,-1.8834201,-2.134611,-1.3938506,-4.1446753,-8.71399,-11.694468,-8.609005,-2.62608,-0.9230398,0.9843194,2.0671084,2.5941055
168,-0.19584763,-0.24604382,-0.71864736,-0.017871408,0.0036522374,-0.9998336,1.0,0.0,0.0,-0.16645102,-0.044759277,0.114193976,0.053981423,-0.25454682,-0.11110598,-0.14094456,0.00034408816,0.13221419,0.01244998,0.035256088,-0.061029032,0.40117034,0.09800337,0.121978305,-0.11054324,0.23354451,0.0984642,-0.005673137,-0.012991949,0.0010867611,0.32545158,0.3774018,0.7903364,-0.66192997,0.020382628,0.47493345,0.09774417,0.10753466,0.66063666,0.12531786,-0.5494172,-0.2518501,-0.44698507,-0.100831896,-0.13402022,200.97772,211.91374,179.35544,175.3859,199.72263,200.32712,181.70251,12.37709,-81.35411,140.76688,98.12394,100.592606,-0.16645102,-0.044759277,-0.68580604,1.6539814,-1.0545468,-0.11110598,-0.14094456,0.00034408816,-0.6677858,1.61245,-0.7647439,-0.061029032,8.023407,1.9600674,2.4395661,-2.2108648,4.6708903,1.9692839,-0.11346274,-0.25983897,0.021735223,6.509032,7.5480356,15.806727
169,0.043734238,-0.26986676,-0.51525253,-0.028488446,0.0054812203,-0.9995791,1.0,0.0,0.0,-0.12924606,-0.033696946,0.13888258,0.04072976,-0.15014565,-0.017723,-0.10372373,-0.013889507,0.13280952,0.063866496,0.039296687,0.024650104,0.010420833,0.022668922,0.1313756,-0.036781624,0.60515213,0.76761997,0.33626932,-0.11398834,0.0031059575,0.20284486,-0.23286486,0.13245243,-0.47318524,-0.28078628,-0.060017575,-0.1601997,0.35374004,-0.3942697,-0.27409676,0.535071,-0.527449,-0.5128523,-0.6572145,-0.7035225,-199.67595,71.441444,200.32495,122.69679,-29.224146,199.8701,177.51317,-187.3223,-167.95978,-207.3501,-97.76374,-199.793,-0.12924606,-0.033696946,-0.66111743,1.6407298,-0.95014566,-0.017723,-0.10372373,-0.013889507,-0.6671905,1.6638665,-0.7607033,0.024650104,0.20841666,0.45337844,2.627512,-0.7356325,12.103043,15.352399,6.725386,-2.2797668,0.06211915,4.056897,-4.657297,2.6490486
170,0.1315559,0.33058882,0.02260801,-0.026002837,0.0015765076,-0.9996606,1.0,0.0,0.0,-0.18117954,-0.037685208,0.14621913,0.017953753,0.017214775,0.060764037,-0.084794335,-0.031192817,0.11306548,0.08997369,-0.08024317,-0.02654212,-0.4802354,-0.051961165,-0.037620336,-0.17449687,0.8318632,0.08530378,-0.10448946,-0.065047674,-0.18366723,0.07048159,-0.8964739,-0.57376254,0.1333727,-0.037974462,0.6273479,0.046119507,0.41917872,-0.5223014,-0.48399004,0.28108424,0.55450124,-0.39151704,-0.17390837,0.2746842,-195.63948,-163.20233,-213.8525,-223.34158,-83.84062,-199.74294,-200.5617,209.4364,-209.39194,-227.66017,-200.29367,-199.68948,-0.18117954,-0.037685208,-0.6537809,1.6179538,-0.78278524,0.060764037,-0.084794335,-0.031192817,-0.68693453,1.6899737,-0.8802432,-0.02654212,-9.604708,-1.0392233,-0.7524067,-3.4899373,16.637264,1.7060757,-2.0897892,-1.3009535,-3.6733444,1.4096318,-17.929478,-11.47525
171,-0.28271574,-0.2588778,0.030830627,-0.026004279,0.005247145,-0.9996481,1.0,0.0,0.0,-0.23172782,-0.034324165,0.13822824,0.035622716,0.11195445,0.00901992,-0.14485246,-0.028315144,0.112838864,0.07320213,-0.1851995,-0.06880582,-0.08258336,0.06537588,-0.008822457,0.2174646,0.3160781,-0.3976639,-0.46061206,0.07984206,0.14973532,-0.21106243,-0.22080374,0.08519754,0.45128548,-0.34224606,-0.48543367,1.5997666,-0.13090895,0.090088926,0.38880783,-0.59149826,-0.09290513,0.04040414,0.0039564446,0.62852526,185.41241,9.78521,-67.43642,167.26208,-52.843735,-93.10874,-202.60367,178.9692,239.37802,-198.76318,201.12518,199.92622,-0.23172782,-0.034324165,-0.6617718,1.6356227,-0.68804556,0.00901992,-0.14485246,-0.028315144,-0.68716115,1.6732022,-0.9851995,-0.06880582,-1.6516671,1.3075175,-0.17644913,4.349292,6.321562,-7.9532776,-9.212241,1.5968412,2.9947064,-4.2212486,-4.4160748,1.7039508
172,0.3378365,0.17196722,-0.56758034,-0.02694721,0.00267531,-0.9996332,1.0,0.0,0.0,-0.20168695,-0.043626234,0.09812909,0.11371863,0.10035449,0.0014327161,-0.19029431,-0.03730079,0.11511308,0.04758513,-0.15847749,0.025689123,0.3377854,-0.14222227,-0.35527083,0.52768433,-0.36194235,0.16752854,-0.035228807,-0.14397739,-0.099507645,-0.07159527,0.33690324,0.788995,-0.28155935,0.45113218,0.3044468,-0.88141954,-0.913423,0.22851326,0.5568966,0.87645566,0.3887142,-0.71332675,0.4209702,-0.44190773,199.95375,-250.52245,-181.966,173.05229,-192.57098,41.22007,198.71216,-174.9674,-215.41307,29.445757,37.193043,200.46233,-0.20168695,-0.043626234,-0.7018709,1.7137187,-0.6996455,0.0014327161,-0.19029431,-0.03730079,-0.68488693,1.6475852,-0.9584775,0.025689123,6.7557077,-2.8444452,-7.1054163,10.553686,-7.238847,3.3505707,-0.70457613,-2.8795478,-1.9901528,-1.4319053,6.738065,15.779901
173,-0.19008186,-0.25823537,-0.49596903,-0.029161373,0.0013068672,-0.999574,1.0,0.0,0.0,-0.17307207,-0.05179412,0.06518918,0.18479013,-0.046704352,0.073174134,-0.1528795,-0.041299496,0.12684041,0.015267372,-0.036366343,0.10022266,-0.017709048,0.03513969,-0.008142001,0.21141826,-1.041055,0.37036896,0.35503682,0.05036366,0.14175822,-0.077088356,0.5428543,-0.0929679,-0.58656824,-0.015705958,-0.30948645,-0.37653702,-0.21773176,-0.40209475,-0.8782633,-0.61851794,-0.07162855,-0.5410145,0.12736976,-0.58315784,-200.29579,199.35484,206.10442,-221.51546,-199.93439,-26.383217,170.28087,-26.080215,393.90485,721.6221,-194.40904,-371.0252,-0.17307207,-0.05179412,-0.7348108,1.7847902,-0.84670436,0.073174134,-0.1528795,-0.041299496,-0.6731596,1.6152674,-0.83636636,0.10022266,-0.35418096,0.70279384,-0.16284001,4.228365,-20.821098,7.407379,7.1007366,1.0072732,2.8351643,-1.5417671,10.857086,-1.859358
174,0.18853131,0.30630413,-0.005870128,-0.02711958,-8.3562925e-05,-0.9996321,1.0,0.0,0.0,-0.22698852,-0.05194497,0.04128498,0.2123133,-0.17844385,0.070545495,-0.13593033,-0.03828969,0.12942594,0.020062566,0.010272443,0.0071105543,-0.47746775,-0.015079334,-0.21027987,0.07582888,-0.34608933,-0.32695827,-0.11314889,-0.009764317,-0.11269938,0.12784918,0.0751298,-0.6553108,0.4333407,0.12947924,0.27429116,-0.64677924,0.04377733,-0.37089762,-0.24792954,0.31087053,0.5620224,-0.11967619,0.4099095,-0.23951724,-201.33694,147.62048,-208.91846,-221.40688,199.97136,-198.39027,-187.6919,89.53577,4.0524445,341.12668,-47.246994,-80.132706,-0.22698852,-0.05194497,-0.75871503,1.8123133,-0.97844386,0.070545495,-0.13593033,-0.03828969,-0.67057407,1.6200626,-0.78972757,0.0071105543,-9.549355,-0.3015867,-4.2055974,1.5165776,-6.921787,-6.5391655,-2.2629778,-0.19528635,-2.2539876,2.5569835,1.502596,-13.1062155
175,-0.37630835,-0.12727915,-0.22477828,-0.024513576,0.0047622095,-0.99968815,1.0,0.0,0.0,-0.276073,-0.027913412,0.038811445,0.19298959,-0.17330807,-0.056747157,-0.17018662,-0.027246702,0.12316799,0.049958944,0.02562493,-0.0847848,-0.051541805,0.2155441,0.14930572,-0.23837352,0.32820427,-0.73877496,-0.18036261,0.11103032,0.04013728,0.14697312,0.105310045,-0.357909,0.27696338,-0.8066556,0.009394999,-0.26245365,-0.29880762,0.34836346,0.36244452,-1.0578088,-0.13179639,-0.3490693,-0.05743128,0.45676336,199.29071,111.82521,226.77545,-214.9996,194.7662,34.988388,-3.6842275,-47.4386,5.124298,-24.2361,27.83609,49.19303,-0.276073,-0.027913412,-0.76118857,1.7929896,-0.9733081,-0.056747157,-0.17018662,-0.027246702,-0.676832,1.649959,-0.7743751,-0.0847848,-1.0308361,4.310882,2.9861143,-4.7674704,6.5640855,-14.775498,-3.6072521,2.2206063,0.8027456,2.9394624,2.106201,-7.1581798
176,0.21269678,0.27785453,-0.7597751,-0.020378789,0.006157088,-0.9997734,1.0,0.0,0.0,-0.23912473,-0.008880386,0.050592422,0.13244236,-0.17714494,-0.12717846,-0.15961185,-0.028988345,0.120232284,0.06278646,0.005903363,-0.07837574,0.379906,-0.003945578,-0.00056354905,-0.3626884,-0.2287647,-0.03619247,0.24344997,-0.10333895,-0.055858094,-0.0022290268,-0.14214498,0.35295194,-0.07440381,-0.16044123,0.5870878,0.5634355,0.17428865,0.41721076,0.2893309,0.5027386,0.055450313,0.3308077,-0.25055557,0.06303012,202.61224,-243.40118,-67.058395,-217.92319,-53.607346,199.0315,202.04596,-168.7509,-139.04509,-170.62952,3.597889,205.91718,-0.23912473,-0.008880386,-0.7494076,1.7324424,-0.97714496,-0.12717846,-0.15961185,-0.028988345,-0.6797677,1.6627865,-0.79409665,-0.07837574,7.5981197,-0.07891156,-0.011270981,-7.2537675,-4.575294,-0.72384936,4.8689995,-2.066779,-1.1171619,-0.044580534,-2.8428996,7.0590386
177,0.108553,0.013113252,-0.7244881,-0.014894928,-0.00047344208,-0.999889,1.0,0.0,0.0,-0.17119804,-0.018009149,0.059764504,0.07295048,-0.14966029,-0.058040585,-0.06651076,-0.038642842,0.10702139,0.08894706,-0.07175338,-0.022773953,0.29026127,-0.07708394,0.085126534,-0.24266517,0.43686944,0.6577486,0.64062846,-0.0033732106,-0.070597075,0.2355059,-0.43117347,0.2213896,-0.7897059,0.21988092,0.48394167,0.20273434,0.47793603,-0.05342008,-0.61680114,0.16984883,0.11257371,-0.3605513,-0.24306509,-0.11892387,-71.23095,-201.59901,219.01733,186.62018,200.31415,200.05287,164.1947,203.57607,-22.513124,191.31735,32.918644,-33.35544,-0.17119804,-0.018009149,-0.7402355,1.6729505,-0.9496603,-0.058040585,-0.06651076,-0.038642842,-0.6929786,1.6889471,-0.8717534,-0.022773953,5.8052254,-1.5416788,1.7025306,-4.8533034,8.737389,13.154971,12.812569,-0.06746421,-1.4119414,4.710118,-8.623469,4.427792
178,-0.34851664,-0.26949474,-0.07897491,-0.020969277,0.0049454267,-0.9997679,1.0,0.0,0.0,-0.16240199,-0.012205534,0.09249288,0.032313943,0.008742511,-0.003037493,0.013570231,-0.017133633,0.107388735,0.1175791,-0.1389547,-0.038301446,-0.15810315,0.11418404,0.22368143,-0.17104588,1.0211557,-0.012698731,0.20565677,0.19822831,0.045010943,0.07344357,-0.26658997,-0.18439408,-0.17900679,-0.62266695,-0.45131263,0.35883415,0.6415474,-0.50655794,-1.0633973,-0.70226467,-0.22319058,-0.612122,-0.3322792,-0.057153817,-200.54102,170.58322,210.17,180.33061,44.844227,-125.09319,-201.72168,224.06813,-62.617996,-236.59372,37.763653,0.47849426,-0.16240199,-0.012205534,-0.70750713,1.632314,-0.7912575,-0.003037493,0.013570231,-0.017133633,-0.6926113,1.7175791,-0.9389547,-0.038301446,-3.1620631,2.2836807,4.4736285,-3.4209177,20.423115,-0.25397462,4.1131353,3.9645662,0.90021884,1.4688714,-5.3317995,-3.6878815
179,0.22065888,0.20778114,-0.040578976,-0.021165688,0.0063208584,-0.999756,1.0,0.0,0.0,-0.18290353,-0.008629292,0.07586968,0.0604887,0.19670814,-0.047256406,0.008105397,-0.005897528,0.10026854,0.1155895,-0.2063393,-0.050800867,-0.06980964,-0.04509498,-0.34727904,0.4004984,0.838774,-0.36939874,-0.2184469,-0.058342624,-0.099234104,-0.078913085,-0.3093311,-0.023515025,0.52503335,0.16597983,0.6869794,0.7096202,0.18515421,0.23988116,0.20807523,0.561471,0.636334,-0.066005394,-0.00036422908,0.09178686,52.930164,54.429535,-544.9242,205.62697,-3.2459106,-126.830376,-201.64163,-176.2355,-202.95863,-219.17958,31.575174,11.450726,-0.18290353,-0.008629292,-0.72413033,1.6604887,-0.60329187,-0.047256406,0.008105397,-0.005897528,-0.69973147,1.7155895,-1.0063393,-0.050800867,-1.3961927,-0.90189964,-6.9455805,8.009968,16.77548,-7.3879747,-4.368938,-1.1668525,-1.9846821,-1.5782616,-6.1866217,-0.4703005
180,-0.29426607,-0.3271478,-0.5696336,-0.024566121,0.008418737,-0.99966276,1.0,0.0,0.0,-0.14541706,0.0025182592,0.027967632,0.14924526,0.28729302,-0.045935247,0.016487915,0.008078184,0.11416209,0.077233315,-0.19480419,-0.010820857,0.39462623,0.14325789,-0.1506863,0.47959158,0.13892063,0.31483668,0.25188527,0.1764285,0.19847469,-0.26109767,0.33470687,0.24341574,-0.13695917,-0.6483473,-0.50420374,-0.28159472,-1.1218615,0.31832254,-0.05646852,-0.5387635,-0.4387449,-0.8806473,-0.15229043,-0.040712874,195.57529,235.20494,166.25394,151.91512,-201.1041,201.1187,192.501,199.3144,179.35425,-93.710754,123.9955,-14.132205,-0.14541706,0.0025182592,-0.7720324,1.7492453,-0.512707,-0.045935247,0.016487915,0.008078184,-0.6858379,1.6772333,-0.9948042,-0.010820857,7.8925242,2.8651576,-3.0137258,9.591831,2.7784126,6.2967334,5.037705,3.52857,3.9694936,-5.2219534,6.694137,4.8683147
181,0.2935045,0.26959908,-0.13207741,-0.024753893,0.006826254,-0.99967027,1.0,0.0,0.0,-0.111604914,0.0056953845,-0.02313137,0.23420966,0.24235559,0.06799877,0.019367175,0.015655026,0.13607734,0.0065983534,-0.16883767,-0.0093309395,0.027094824,-0.08759179,-0.3435789,0.38067615,-0.5220548,0.6071387,-0.12091648,-0.072614186,0.039685216,-0.42997566,0.05932634,-0.062017303,-0.2564382,0.33740553,0.6330107,-0.37530044,-0.46101648,-0.5894842,-0.71032256,0.7529933,0.30317,0.014345869,0.0972659,0.056842033,-89.04826,-208.6224,-212.48756,-237.63568,-200.70702,-49.495388,-57.743107,-180.96616,-180.65546,-219.20746,-23.941957,-9.16171,-0.111604914,0.0056953845,-0.8231314,1.8342097,-0.5576444,0.06799877,0.019367175,0.015655026,-0.66392267,1.6065984,-0.9688377,-0.0093309395,0.54189646,-1.7518358,-6.8715777,7.613523,-10.441095,12.142774,-2.4183295,-1.4522836,0.79370433,-8.599513,1.1865268,-1.2403461
182,-0.35667068,-0.30753073,0.3868057,-0.026250275,0.009310702,-0.999612,1.0,0.0,0.0,-0.14438212,0.016859658,-0.049096346,0.28261065,0.06512487,0.11224049,-0.044845507,0.022309806,0.15589148,-0.05542767,-0.09603888,0.0035162142,-0.25011632,0.17436373,0.053868335,0.12765008,-1.1356841,-0.09181489,-0.4171659,0.078376465,0.12051809,-0.117785506,0.48333794,0.0471279,0.35651702,-0.7681811,-0.49019966,0.22956166,-0.34184498,-0.46316826,0.05666047,-0.68413913,0.14824243,0.17758702,-0.022523046,0.11208719,-9.108321,195.83507,231.75027,-212.73135,-62.810677,-200.03754,-56.916977,-403.83813,265.49426,572.50745,-8.028698,-25.774311,-0.14438212,0.016859658,-0.84909636,1.8826107,-0.73487514,0.11224049,-0.044845507,0.022309806,-0.64410853,1.5445724,-0.8960389,0.0035162142,-5.0023265,3.4872746,1.0773667,2.5530016,-22.713682,-1.8362978,-8.343318,1.5675292,2.4103618,-2.35571,9.666759,0.942558
183,0.12083122,-0.0067133424,-0.28006306,-0.031228798,0.013076633,-0.9994267,1.0,0.0,0.0,-0.14760453,0.030007329,-0.059880197,0.29895806,-0.0988608,0.021529058,-0.079404786,0.016174804,0.16024,-0.04345143,-0.056708395,0.03628233,0.17809817,-0.024078345,-0.1375232,0.04931212,-0.62695736,-0.749928,0.023294915,-0.110968865,-0.045232993,0.16150582,0.089538924,0.1859049,0.22592434,0.21401525,0.08567936,-0.35322657,0.3583873,-0.07224656,0.4881965,0.6357335,0.092357464,-0.3140139,0.0048463643,-0.009931143,200.20134,-209.12201,-197.74014,-202.98862,95.80482,-200.33588,201.396,-197.97903,-0.8098645,184.22902,-19.006283,-14.908944,-0.14760453,0.030007329,-0.8598802,1.8989581,-0.8988608,0.021529058,-0.079404786,0.016174804,-0.63976,1.5565486,-0.8567084,0.03628233,3.5619633,-0.4815669,-2.750464,0.98624235,-12.539147,-14.99856,0.46589828,-2.2193773,-0.9046598,3.2301164,1.7907784,3.718098
184,-0.48170272,-0.023108233,-0.6467914,-0.03216627,0.021034008,-0.9992613,1.0,0.0,0.0,-0.06597877,0.05052507,-0.06713617,0.27578294,-0.14981925,-0.0552873,-0.027830001,0.021827107,0.15945357,-0.015526652,-0.03930044,0.02626617,0.56949747,0.20093246,0.040574234,-0.2511239,0.04953124,-0.12653714,0.44583774,0.1302647,0.018762162,0.13136671,0.065677255,-0.119976416,-0.55240244,-0.89875156,-0.10496201,-0.16551355,-0.12065734,0.55979383,-0.68592167,-0.68474334,0.116907485,-0.68267405,-0.4547312,-0.12885863,92.001785,119.62065,131.79893,-251.44287,198.83328,104.20367,182.72049,75.19107,31.712479,6.8898926,-16.809752,-12.321838,-0.06597877,0.05052507,-0.8671362,1.875783,-0.94981927,-0.0552873,-0.027830001,0.021827107,-0.64054644,1.5844734,-0.83930045,0.02626617,11.389949,4.018649,0.81148463,-5.022478,0.9906248,-2.530743,8.916755,2.605294,0.37524325,2.627334,1.3135451,-2.3995283
185,0.07784353,0.27653,-0.11293294,-0.026896806,0.027476734,-0.99926054,1.0,0.0,0.0,0.0033672827,0.06194393,-0.06460601,0.21095705,-0.13873631,-0.005375181,0.008551695,0.021871742,0.15997654,-0.011428833,-0.099834085,-0.024937477,0.16384101,-0.057269394,0.0016764589,-0.38630286,0.049239255,0.5575081,-0.03172489,-0.10980582,-0.006408421,-0.0722337,-0.6040355,-0.25554147,-0.6573053,-0.10631181,0.51568955,0.4344802,-0.014845058,0.033786587,-0.4165899,0.19734369,0.39509898,0.2907411,0.008044526,-0.009809699,-198.76703,-223.18745,-47.385868,-215.16557,-8.269199,199.42892,-200.52759,-197.4424,-81.17155,-219.96101,-200.08273,25.072487,0.0033672827,0.06194393,-0.864606,1.8109571,-0.9387363,-0.005375181,0.008551695,0.021871742,-0.64002347,1.5885712,-0.8998341,-0.024937477,3.2768202,-1.1453879,0.033529177,-7.726057,0.9847851,11.150162,-0.63449776,-2.1961164,-0.12816842,-1.444674,-12.080709,-5.1108294
186,0.11167109,-0.3573884,0.46447355,-0.02954609,0.023735218,-0.99928164,1.0,0.0,0.0,-0.012536663,0.044832624,-0.03901136,0.14833462,-0.10022861,0.038562078,-0.04535954,0.0020311067,0.17486793,-0.011686325,-0.14732659,-0.031627305,-0.2773234,-0.108118,0.22869353,-0.25132966,0.202544,0.03388777,-0.4639453,-0.0922405,0.13853198,0.057515528,0.06264537,0.03326146,-0.036406167,0.2901009,-0.537425,1.0235945,-0.1039034,-0.035637118,0.34870917,-0.012851819,-0.23552331,0.013415143,-0.028652906,0.34259072,-201.65652,-204.38162,185.22194,170.97942,-13.747351,-53.388756,-194.6548,136.14331,165.56885,169.5348,199.57584,15.268912,-0.012536663,0.044832624,-0.8390114,1.7483346,-0.9002286,0.038562078,-0.04535954,0.0020311067,-0.6251321,1.5883137,-0.9473266,-0.031627305,-5.546468,-2.16236,4.5738707,-5.026593,4.05088,0.67775536,-9.278906,-1.8448099,2.7706397,1.1503105,1.2529073,0.6652292
187,-0.10942712,0.19497481,0.07731282,-0.03156131,0.024999375,-0.99918914,1.0,0.0,0.0,-0.03624224,0.038755637,-0.029989421,0.12331295,-0.09376764,0.016987268,-0.08737107,-0.005874539,0.17729545,0.007866621,-0.10878968,0.04812506,-0.040351104,0.027620295,-0.1039165,-0.020347023,-0.014774531,-0.12954469,-0.009246558,5.4569526e-05,-0.08357089,0.1157858,0.19956858,0.62925345,0.40573347,-0.27148324,0.22168699,-0.18348391,-0.38091737,0.033188477,0.69962186,0.12840186,0.5281958,-0.70444894,-0.35325786,-0.53902644,43.430534,202.91293,-193.4571,186.4313,-9.226866,11.350132,200.28363,-6.120772,-199.20126,-102.78727,-20.893494,44.73624,-0.03624224,0.038755637,-0.82998943,1.723313,-0.89376765,0.016987268,-0.08737107,-0.005874539,-0.62270457,1.6078666,-0.9087897,0.04812506,-0.8070221,0.5524059,-2.07833,-0.40694046,-0.29549062,-2.5908937,-0.18493116,0.0010913905,-1.6714177,2.315716,3.9913716,12.585069
188,-0.15764664,-0.31061608,-0.4602598,-0.035045512,0.030494913,-0.9989203,1.0,0.0,0.0,0.00635751,0.035683937,-0.01733911,0.08916116,-0.16280067,0.018260809,-0.038195223,0.0061231405,0.19947475,-0.0013251305,-0.14220536,0.09896751,0.42048302,-0.051526476,0.19927056,-0.29527006,-0.49350378,0.039171007,0.45415187,0.107115865,0.26799735,-0.18028744,-0.41599065,-0.052148458,-0.32471153,0.4372537,-0.67126125,0.7066841,-0.5327035,0.248074,-0.5690411,-0.49898064,-0.16386065,0.046463713,-0.65395683,-0.4561843,204.7795,-174.84612,212.31049,-216.29768,0.8815428,-3.6508431,194.615,217.2597,154.74702,-239.65103,-74.13696,-199.04019,0.00635751,0.035683937,-0.8173391,1.6891612,-0.9628007,0.018260809,-0.038195223,0.0061231405,-0.60052526,1.5986749,-0.94220537,0.09896751,8.40966,-1.0305295,3.9854112,-5.905401,-9.870075,0.7834201,9.083037,2.1423173,5.359947,-3.6057487,-8.319813,-1.0429691
189,-0.09139157,0.20835319,0.06369966,-0.036345243,0.03512244,-0.99872184,1.0,0.0,0.0,0.040886384,0.03181682,-0.009364426,0.060500145,-0.2908948,0.08026532,-0.0015618356,0.017815059,0.21688378,-0.0074697733,-0.28905565,0.013288356,-0.034524433,0.0068352567,-0.09381714,-0.020586394,-0.59937835,0.38617703,-0.03865799,0.012392867,-0.049880356,0.06501607,-0.8517627,-0.73572105,-0.6728354,-0.4822238,0.42918938,0.36848903,0.50672156,-0.09987428,-0.4449361,0.051046327,0.4131195,-0.39438742,0.48724848,-0.11631386,-200.18724,198.96954,-196.47913,182.23824,64.8525,-11.592041,-199.81184,-199.53125,-204.07895,39.164658,34.14088,-200.03825,0.040886384,0.03181682,-0.80936444,1.6605002,-1.0908948,0.08026532,-0.0015618356,0.017815059,-0.58311623,1.5925303,-1.0890557,0.013288356,-0.69048864,0.13670513,-1.8763427,-0.41172788,-11.987567,7.7235403,-0.77315974,0.24785735,-0.9976071,1.3003213,-17.035254,-14.714421
190,0.14185618,-0.47078538,0.6404677,-0.041760366,0.03332188,-0.9985719,1.0,0.0,0.0,-0.015388417,0.022132402,-0.0049761534,0.07096255,-0.33718055,0.08304837,-0.049249668,0.0052093323,0.23728865,-0.008587599,-0.38212365,-0.0629749,-0.48204356,-0.087390594,0.12542944,0.108715795,0.069891796,-0.27955085,-0.37015536,-0.12924343,0.1939569,0.0188568,-0.14854802,-0.16593038,0.30938995,0.5707987,-0.63551545,-0.003684979,0.24375807,-0.039348096,0.540782,0.022842899,-0.18740052,-0.45159256,0.3759557,0.7352726,-203.85988,-262.04858,170.78127,169.21628,199.59825,-161.78922,-98.18356,-214.40672,40.799713,89.96625,192.31888,63.83658,-0.015388417,0.022132402,-0.80497617,1.6709626,-1.1371806,0.08304837,-0.049249668,0.0052093323,-0.56271136,1.5914124,-1.1821237,-0.0629749,-9.640871,-1.7478118,2.5085886,2.174316,1.3978359,-5.591017,-7.403107,-2.5848687,3.879138,0.377136,-2.9709604,-3.3186076
191,-0.23686755,0.12018123,0.08904941,-0.04726029,0.037441444,-0.9981806,1.0,0.0,0.0,-0.06234401,0.022444846,-0.0009979606,0.07459319,-0.24720472,0.035762943,-0.06782149,-0.0021980696,0.2495001,-0.003706932,-0.33955973,-0.017302657,-0.033045974,0.06977524,-0.073162965,-0.039528962,0.76077884,-0.19384728,0.12095117,0.030246178,-0.041071307,0.009861915,0.5060297,0.5498396,0.58358914,-0.1013868,-0.0154237645,-0.27523997,-0.20582582,0.44491854,0.6208555,-0.18786965,0.20482916,-0.9903048,0.3473125,-0.67120814,200.44391,202.84323,-192.0144,-138.60112,200.20625,28.551014,195.13826,24.09029,-307.71024,-201.99683,188.98126,207.13568,-0.06234401,0.022444846,-0.800998,1.6745932,-1.0472047,0.035762943,-0.06782149,-0.0021980696,-0.5504999,1.5962931,-1.1395597,-0.017302657,-0.6609195,1.3955047,-1.4632592,-0.7905792,15.215576,-3.8769455,2.4190233,0.60492355,-0.82142615,0.19723831,10.120594,10.996792
192,0.24215439,0.10357711,-0.6400931,-0.04354537,0.03527866,-0.99842834,1.0,0.0,0.0,-0.017166754,0.010296942,-0.007840514,0.04666674,-0.168567,0.073591724,-0.012033099,-0.007856745,0.24139458,-0.0072363615,-0.16501677,0.03999888,0.41769272,-0.14944576,-0.014814347,-0.14825301,0.1330304,0.47346792,0.42283654,-0.077579826,-0.020207709,-0.07119042,1.1189064,0.043541834,-0.34170026,0.56057185,0.11084042,0.88155466,-0.57247865,0.1397425,-0.5787971,-0.0043020546,0.45037872,0.21427287,-0.49269402,-0.743268,122.18399,126.949234,809.91016,1101.97,-36.338715,107.036156,200.1974,-208.0105,-12.962244,-208.98743,47.771084,-199.78163,-0.017166754,0.010296942,-0.8078405,1.6466668,-0.968567,0.073591724,-0.012033099,-0.007856745,-0.55860543,1.5927637,-0.9650168,0.03999888,8.353854,-2.9889152,-0.29628694,-2.9650602,2.6606078,9.469358,8.456731,-1.5515965,-0.40415415,-1.4238083,22.378128,0.8708367
193,-0.025768792,-0.48059982,-0.04904308,-0.05367211,0.031145558,-0.99807274,1.0,0.0,0.0,0.014148399,-0.0029626884,0.011348784,0.052657366,-0.20407468,0.106646635,0.025342008,-0.012571909,0.24659681,0.024526834,-0.078039885,-0.0012806781,-0.03274695,-0.014153736,0.15537483,0.14756514,-0.46297166,0.057045914,-0.007594136,0.0184157,0.077818274,0.2623868,0.039259445,-0.46802384,-0.66975087,-0.059218615,-0.13495193,0.17816344,-0.012616694,-0.47004002,-0.7206561,0.17738478,-0.512244,-0.33975387,-0.70876074,-0.14834923,-182.64287,44.46904,113.88335,273.02347,-190.63417,-19.583244,-209.3877,96.33186,210.82837,168.01688,-217.7867,-183.57935,0.014148399,-0.0029626884,-0.7886512,1.6526574,-1.0040747,0.106646635,0.025342008,-0.012571909,-0.5534032,1.6245269,-0.8780399,-0.0012806781,-0.65493894,-0.2830747,3.1074965,2.9513028,-9.259433,1.1409183,-0.15188272,0.368314,1.5563655,5.247736,0.78518885,-9.3604765
194,-0.081254534,0.10473432,0.5627236,-0.05970645,0.034010887,-0.9976363,1.0,0.0,0.0,-0.04182704,-0.005061286,0.014582276,0.09317207,-0.22094434,0.042622298,-0.016476445,-0.0043083155,0.24309438,0.07117772,-0.1463387,-0.06237853,-0.4815949,-0.0070822434,-0.09056098,0.22542267,0.22569926,-0.6286073,-0.376084,0.06223277,-0.09804913,0.20283051,-0.6488976,-0.22687761,0.42827147,-0.3209427,-0.19944459,-0.9817062,0.20914982,0.10577052,0.48522538,0.011996731,0.05780559,-1.0623815,-0.013219938,0.2481235,-198.57326,-113.02279,-198.96506,-46.496353,199.98524,-200.60057,-199.55809,221.24985,-134.02489,-172.53926,-201.52878,42.09588,-0.04182704,-0.005061286,-0.78541774,1.6931721,-1.0209444,0.042622298,-0.016476445,-0.0043083155,-0.5569056,1.6711777,-0.9463387,-0.06237853,-9.631898,-0.14164487,-1.8112196,4.5084534,4.513985,-12.572145,-7.52168,1.2446554,-1.9609824,4.05661,-12.977951,-4.5375524
195,0.21926536,0.6191959,0.008688074,-0.04279717,0.031100273,-0.99859965,1.0,0.0,0.0,-0.087519094,-0.0250341,-0.025557995,0.12303722,-0.1074723,-0.005644599,-0.04247459,0.0028630213,0.20767164,0.09459293,-0.19993585,-0.031452846,-0.022450048,-0.17424338,-0.26838404,0.08195742,0.7259109,0.07568111,0.07312144,0.0149857495,-0.22185127,0.03997549,0.042653527,0.46638307,0.6010919,0.71122116,1.0055566,-0.31565577,0.045496836,0.5748219,0.87185216,-0.14817652,1.0678378,-0.7850538,0.33285534,0.13716006,198.54584,-195.6731,-122.28038,-230.98093,-11.694942,200.13702,201.48471,-5.693644,-107.88557,-221.1231,199.88927,199.77882,-0.087519094,-0.0250341,-0.825558,1.7230372,-0.9074723,-0.005644599,-0.04247459,0.0028630213,-0.59232837,1.694593,-0.99993587,-0.031452846,-0.44900095,-3.4848676,-5.3676805,1.6391485,14.518218,1.5136222,1.4624288,0.29971498,-4.4370255,0.7995098,0.85307056,9.3276615
196,0.19787136,0.09988209,-0.7166248,-0.029674625,0.022919271,-0.9992968,1.0,0.0,0.0,-0.043388635,-0.055949096,-0.043147326,0.1090672,-0.028189778,0.08410766,0.014617191,0.002230372,0.19937909,0.074371815,-0.12634403,0.036301043,0.42228255,-0.1461726,0.064032204,-0.19850098,0.21789542,0.75402707,0.4232223,-0.038754974,0.07284296,-0.108565904,0.41676852,0.23524086,-0.490282,0.61371505,0.19229594,0.2963092,-0.2723534,-0.31359664,-0.5889449,-0.058009982,0.5388833,-0.12665004,0.15406835,-0.5641925,197.31674,193.24176,244.98181,-201.208,-61.17153,199.8331,78.09167,-390.86722,287.71094,669.9017,-217.69499,-72.6858,-0.043388635,-0.055949096,-0.84314734,1.7090672,-0.8281898,0.08410766,0.014617191,0.002230372,-0.6006209,1.6743718,-0.92634404,0.036301043,8.445651,-2.923452,1.280644,-3.9700193,4.3579082,15.080542,8.464446,-0.77509946,1.4568592,-2.171318,8.33537,4.7048173
197,0.2154068,-0.5641555,-0.1853898,-0.040606566,0.013587097,-0.9990828,1.0,0.0,0.0,-0.007281266,-0.0760298,-0.005038023,0.08282149,-0.057724237,0.15380862,0.046007197,-0.008868979,0.22843158,0.0760349,-0.082648695,0.02389299,-0.00069261156,-0.07304817,0.28553873,-0.048616793,-0.3956233,-0.011444739,-0.050336655,-0.05400253,0.21203493,0.07274934,0.12903254,-0.23527513,-0.67514575,0.19665371,-0.3437347,0.9196501,0.25558823,-0.5279398,-0.7480753,0.04409811,-0.39166415,0.3285818,-0.05191046,-0.3380363,-178.10907,29.594131,186.63004,271.66483,-92.023224,-230.71603,-220.35233,95.98509,111.54094,173.28265,-28.7706,-92.88729,-0.007281266,-0.0760298,-0.80503803,1.6828215,-0.85772425,0.15380862,0.046007197,-0.008868979,-0.5715684,1.6760349,-0.8826487,0.02389299,-0.013852231,-1.4609634,5.7107744,-0.9723359,-7.9124656,-0.22889479,-1.0067331,-1.0800506,4.2406983,1.4549868,2.5806506,-4.7055025
198,-0.17678753,-0.022351595,0.41545096,-0.051338457,0.014462859,-0.9985765,1.0,0.0,0.0,-0.06001161,-0.06781964,0.01583004,0.10020316,-0.061620772,0.07333718,-0.0092600295,-0.0066141174,0.2321865,0.12648487,-0.06891078,-0.08172036,-0.478858,0.1265594,-0.042796824,0.1968568,0.2876595,-0.7207945,-0.4635988,0.049006887,-0.13439313,0.37327516,0.046971064,-0.61230844,0.17275965,-0.18221147,0.094208956,-0.94938993,0.23996733,0.19171174,0.48730356,0.3038159,-0.13749558,-0.92502004,-0.27207798,0.005562205,-203.14899,174.96295,-151.21269,200.26561,200.80936,-200.80333,-197.74959,58.044434,-165.80841,75.59224,-8.975386,38.006165,-0.06001161,-0.06781964,-0.78417,1.7002032,-0.8616208,0.07333718,-0.0092600295,-0.0066141174,-0.5678135,1.7264849,-0.8689108,-0.08172036,-9.57716,2.531188,-0.85593647,3.937136,5.7531896,-14.41589,-9.2719755,0.9801377,-2.6878624,7.465503,0.9394213,-12.246168
199,-0.2869718,0.07104085,0.09262275,-0.049821965,0.024039617,-0.9984688,1.0,0.0,0.0,-0.107284546,-0.051082935,0.014952838,0.12198043,0.017983973,0.017132415,-0.048982717,0.020590082,0.2051295,0.18673801,-0.11756557,-0.12856433,-0.049143355,0.04734489,-0.0165897,0.09342819,0.31658465,0.121486776,0.018062633,0.2122902,-0.14016487,0.2373987,-0.34790197,0.074236505,0.7127125,-0.46214503,0.1989272,-0.26663354,0.02601166,0.4403118,0.8327577,-0.8169837,0.40602928,-0.8429321,-0.11844215,0.49250153,181.99347,-305.22278,-111.34889,-53.639908,-32.869537,250.5079,195.80904,219.32755,-202.87236,-226.61049,0.6361371,200.52206,-0.107284546,-0.051082935,-0.7850472,1.7219805,-0.78201604,0.017132415,-0.048982717,0.020590082,-0.5948705,1.786738,-0.9175656,-0.12856433,-0.98286706,0.94689775,-0.33179396,1.8685637,6.3316927,2.4297354,0.36125264,4.245804,-2.8032973,4.747974,-6.9580393,1.4847301
200,0.20062424,-0.49222377,-0.57853985,-0.060052276,0.024365868,-0.99789774,1.0,0.0,0.0,-0.06667251,-0.06956819,0.043493748,0.12338781,0.0237301,0.112307236,-0.002388479,0.041489642,0.21622932,0.19944978,-0.1336044,-0.036488064,0.40725994,-0.19705175,0.23875265,0.005825958,-0.13610958,0.6646119,0.40873632,0.016158035,0.2132169,-0.079922095,0.017308157,0.7765428,-0.49100858,0.74451506,-0.4246913,-0.3348736,0.2612353,-0.24120802,-0.20546831,0.013005614,-0.6084802,-0.76995426,-0.34206447,0.028563622,199.5486,-74.75714,179.32129,176.20341,-47.033813,25.19476,190.16205,-150.44469,189.47757,-225.28218,19.479988,201.11566,-0.06667251,-0.06956819,-0.75650626,1.7233878,-0.7762699,0.112307236,-0.002388479,0.041489642,-0.5837707,1.7994498,-0.9336044,-0.036488064,8.145199,-3.941035,4.775053,0.11651916,-2.7221916,13.292237,8.1747265,0.3231607,4.264338,-1.5984418,0.34616312,15.530855
201,0.03215236,0.11300034,-0.07057979,-0.06659369,0.019053163,-0.9975983,1.0,0.0,0.0,-0.034756336,-0.09003888,0.06196761,0.12995052,0.030528545,0.15700199,0.030362386,0.042676475,0.23746347,0.17134261,-0.18662924,0.04305908,-0.04352785,-0.025330473,-0.027186591,0.04466652,0.19286586,-0.12586944,-0.035978716,-0.0037976764,0.017320275,-0.18969949,-0.3555934,0.09916535,-0.5762002,0.4175014,0.06491842,-0.039099548,0.26751173,-0.48062435,-0.58648753,0.036816835,0.18099943,-0.484496,0.04868737,-0.6991641,-191.08257,299.06552,-246.75833,-37.420807,106.519066,-216.02951,-199.74937,-56.262936,-199.00488,-218.73816,7.1639676,-159.7229,-0.034756336,-0.09003888,-0.7380324,1.7299505,-0.76947147,0.15700199,0.030362386,0.042676475,-0.56253654,1.7713426,-0.98662925,0.04305908,-0.87055695,-0.50660944,-0.5437318,0.8933304,3.8573172,-2.5173888,-0.71957433,-0.07595353,0.3464055,-3.7939897,-7.1118684,1.983307
202,-0.2722249,0.21592835,0.56906074,-0.059368286,0.024936236,-0.9979247,1.0,0.0,0.0,-0.08922704,-0.07567048,0.052146077,0.13803434,0.08279014,0.0570177,-0.026757568,0.046189826,0.23800951,0.116003156,-0.18178773,-0.013167552,-0.46319303,0.14083634,-0.063131645,0.081634216,0.22561525,-0.7237279,-0.49282452,0.039175224,-0.0001514935,-0.35235497,0.33490548,-0.59195733,0.3043812,-0.30622447,-0.055094544,0.53162265,0.039290473,0.36807543,0.5599987,-0.65027046,0.8277235,0.059724852,0.66913116,0.03516111,-204.38348,141.21701,90.07545,214.8592,-25.642517,-123.8959,-208.23807,0.22393417,-59.51799,-206.33368,201.05618,-198.96713,-0.08922704,-0.07567048,-0.74785393,1.7380344,-0.7172099,0.0570177,-0.026757568,0.046189826,-0.5619905,1.7160032,-0.98178774,-0.013167552,-9.263861,2.8167267,-1.2626328,1.6326844,4.512305,-14.474557,-9.85649,0.7835044,-0.0030298699,-7.0470996,6.6981096,-11.839147
203,0.30307993,-0.048947282,-0.21444908,-0.055342812,0.023588851,-0.99818873,1.0,0.0,0.0,-0.13283835,-0.07471104,0.028968692,0.18315244,0.079660535,-0.010384071,-0.08135288,0.031420596,0.2444244,0.066303134,-0.06447923,-0.04825439,-0.016533494,-0.10938364,-0.13911721,0.32747266,-0.08754371,-0.020225676,-0.09018304,-0.17103298,0.02974104,-0.059950322,0.5626139,0.18978076,0.3982007,0.53612804,-0.3316848,0.18051957,-0.6266459,0.6909691,0.60051495,0.049877837,0.28147623,0.7986791,0.4750536,0.12136042,200.97572,-203.45789,-44.73272,177.77425,-5.2852316,199.88919,190.48227,-145.61456,159.88931,608.928,-81.61665,155.87317,-0.13283835,-0.07471104,-0.7710313,1.7831525,-0.7203395,-0.010384071,-0.08135288,0.031420596,-0.5555756,1.6663032,-0.86447924,-0.04825439,-0.33066988,-2.1876729,-2.782344,6.549453,-1.7508742,-0.4045135,-1.8036608,-3.4206595,0.5948208,-1.1990064,11.252278,3.795615
204,-0.1563526,0.054301254,-0.9651157,-0.054530073,0.020896526,-0.9982934,1.0,0.0,0.0,-0.08648846,-0.072714284,-0.0027042627,0.23464549,-0.010533392,0.060483214,-0.048413083,0.017104218,0.22686797,0.0988003,0.05323547,0.009548387,0.43417904,0.095845334,-0.16723642,0.2021114,-0.74842644,0.6604557,0.37572142,0.009978031,-0.15542643,0.30131355,0.6452824,0.25486353,-0.53712404,0.12668823,0.55733854,-1.0727621,-0.48358476,-0.122061126,-0.6232471,-0.25566506,0.078008346,-1.1260828,0.3284955,-0.52653915,201.27916,184.7552,-226.88852,-238.20323,-200.89272,199.46603,201.83263,21.887596,-148.51288,181.41313,63.362244,-18.420273,-0.08648846,-0.072714284,-0.8027043,1.8346455,-0.8105334,0.060483214,-0.048413083,0.017104218,-0.57313204,1.6988003,-0.74676454,0.009548387,8.68358,1.9169067,-3.3447282,4.0422277,-14.968529,13.209114,7.5144286,0.19956061,-3.1085284,6.026271,12.905647,5.0972705
205,-0.16536734,-0.027343908,-0.27677974,-0.05448318,0.026178973,-0.99817145,1.0,0.0,0.0,-0.04828916,-0.043745823,-0.013458729,0.24541807,-0.18002844,0.115002565,-0.027393403,0.016196907,0.19699836,0.15335417,0.15508783,0.00084525737,-0.0090294,0.1843868,0.04211043,-0.06773863,-0.7635221,-0.04417336,-0.11393777,-0.01640666,-0.1376617,0.2527542,0.40969536,-0.28636655,-0.5284547,-0.44523573,-0.14491372,-0.541828,0.054665938,-0.7476226,-0.6426727,0.05821693,-0.20606768,-0.48322195,-0.29934365,-0.2851023,-200.1823,173.6469,206.64551,-223.30803,92.83111,-200.15004,-223.66441,42.81906,7.149765,-27.378479,-58.71386,-152.8961,-0.04828916,-0.043745823,-0.81345874,1.8454181,-0.98002845,0.115002565,-0.027393403,0.016196907,-0.60300165,1.7533542,-0.6449122,0.00084525737,-0.18058799,3.687736,0.84220856,-1.3547726,-15.270442,-0.8834672,-2.2787554,-0.32813323,-2.753234,5.055084,8.193907,-5.7273307
206,0.014738771,0.5501508,0.30680856,-0.042500235,0.028871454,-0.99867916,1.0,0.0,0.0,-0.10038165,-0.017973796,-0.024773598,0.21734512,-0.25646645,0.03162899,-0.093811005,0.00967651,0.14828748,0.19308662,0.1647681,-0.09470666,-0.46459293,0.089703344,-0.124685824,-0.20294952,-0.07099014,-0.72158587,-0.51159,-0.038231064,-0.33086857,0.14619891,-0.24920459,-0.47582325,0.22972926,-0.09638761,0.77304906,-0.23591042,0.25589955,0.21299821,0.45204234,0.43499058,0.5253943,-0.24081534,-0.5585722,0.055572126,-198.63979,-135.16782,-92.37819,-205.45642,200.84564,-198.46303,-214.23401,235.5823,-221.907,-233.45563,-200.70105,54.867672,-0.10038165,-0.017973796,-0.8247736,1.8173451,-1.0564665,0.03162899,-0.093811005,0.00967651,-0.65171254,1.7930866,-0.6352319,-0.09470666,-9.291859,1.7940668,-2.4937165,-4.0589905,-1.4198027,-14.431717,-10.2318,-0.76462126,-6.6173716,2.923978,-4.9840918,-9.516465
207,-0.07155248,0.02486093,-0.20245402,-0.03213756,0.029934946,-0.9990351,1.0,0.0,0.0,-0.14248113,-0.008373793,-0.014684916,0.14685023,-0.19650239,-0.034945212,-0.14401296,0.016097952,0.12137514,0.19335842,0.040382504,-0.114684,-0.0018053337,0.012858549,0.19202097,-0.47762394,0.6034369,-0.0153912185,-0.0389624,0.08320599,0.026226902,-0.11582122,-0.92717886,0.20734231,0.34300694,-0.6846735,0.38330892,0.7370332,0.14437406,0.66389465,0.7207772,-0.26960373,0.1886858,-0.09704839,-0.26411492,0.53071666,199.28307,-182.70007,217.09895,-221.49525,200.45853,200.06729,199.6934,203.50192,211.42296,-218.28807,-199.88896,200.33534,-0.14248113,-0.008373793,-0.8146849,1.7468503,-0.9965024,-0.034945212,-0.14401296,0.016097952,-0.67862487,1.7933584,-0.7596175,-0.114684,-0.036106672,0.25717098,3.8404193,-9.552479,12.068738,-0.30782437,-0.779248,1.6641198,0.52453804,-2.3164244,-18.543577,4.1468463
208,0.4841409,-0.34605512,-0.6720247,-0.040984392,0.020083051,-0.9989579,1.0,0.0,0.0,-0.09359216,-0.0344089,0.035030127,0.06461847,-0.07227814,0.039476786,-0.10717297,0.0067428825,0.14952213,0.14545202,-0.085788965,0.004217321,0.44681007,-0.24224375,0.28556842,-0.35594591,0.5417654,0.6892462,0.36605534,-0.14969562,0.20682028,-0.33018178,-0.46529704,0.91138315,-0.4528189,0.8182736,-0.24464388,0.9765309,-0.13910262,-0.11994124,-0.05171756,0.8990016,-0.7311481,0.23348759,-0.17702724,0.010416735,203.14655,-132.38712,270.10803,201.26807,-63.432587,201.35938,198.99464,-172.26537,-56.006466,-213.94691,76.932396,200.33998,-0.09359216,-0.0344089,-0.7649699,1.6646185,-0.87227815,0.039476786,-0.10717297,0.0067428825,-0.6504779,1.745452,-0.885789,0.004217321,8.936201,-4.844875,5.711368,-7.118918,10.835308,13.784924,7.3211064,-2.9939125,4.1364055,-6.6036353,-9.305941,18.227663
209,0.017075697,0.24135086,-0.16866854,-0.041933805,0.01016587,-0.9990686,1.0,0.0,0.0,-0.054632604,-0.056305204,0.059482098,0.021821022,-0.037939012,0.099708,-0.06844186,0.00091046706,0.15134823,0.11199772,-0.13081807,0.10922194,-0.0103808725,-0.0043137046,-0.017919732,-0.09507292,-0.11375991,-0.016774712,0.10108358,0.0712018,-0.1516909,-0.030424118,-0.13011302,0.21020587,-0.7974138,0.3158031,0.26477346,0.4448522,-0.14398722,-0.57416046,-0.7460129,-0.06806202,0.40889052,-0.45540833,-0.31515658,-0.6140813,-200.22855,202.04742,-196.09312,186.05742,-137.46892,-200.01562,-63.082767,185.39902,-201.14604,179.61157,31.218042,-200.43431,-0.054632604,-0.056305204,-0.7405179,1.621821,-0.837939,0.099708,-0.06844186,0.00091046706,-0.6486518,1.7119977,-0.9308181,0.10922194,-0.20761745,-0.08627409,-0.35839465,-1.9014583,-2.2751982,-0.33549425,2.0216715,1.424036,-3.033818,-0.60848236,-2.6022604,4.2041173
210,0.0494168,-0.35548976,0.3117601,-0.04543682,0.008517652,-0.9989308,1.0,0.0,0.0,-0.10605782,-0.051361732,0.075951755,0.015385866,-0.07476169,0.018623006,-0.10031131,0.004188672,0.15717602,0.07800269,-0.19071561,0.07625067,-0.4586299,0.048673827,0.16430141,0.0168481,-0.17696787,-0.7231783,-0.37192485,-0.018745378,0.17477095,-0.28492698,-0.3062549,-0.4721435,0.45229876,-0.08703631,-0.60248613,0.7016576,0.014318109,0.38692993,0.28390604,-0.35460502,0.14205047,-0.030753449,-0.55676085,0.016081993,-202.63857,131.78674,214.36063,186.76607,23.049152,-201.26038,-200.67625,-140.17854,202.31674,-220.21635,29.690403,-200.0894,-0.10605782,-0.051361732,-0.72404826,1.6153859,-0.8747617,0.018623006,-0.10031131,0.004188672,-0.642824,1.6780027,-0.9907156,0.07625067,-9.172598,0.9734765,3.2860281,0.33696198,-3.5393574,-14.463566,-7.4384966,-0.37490755,3.495419,-5.6985397,-6.1250978,-9.44287
211,0.44135848,0.04169522,-0.3199994,-0.050324127,-0.0026204237,-0.99872947,1.0,0.0,0.0,-0.14884345,-0.058180872,0.07250959,0.050673366,-0.05786407,-0.049525585,-0.12819897,-0.016889475,0.1715362,0.030987382,-0.30384547,0.039047822,-0.012242287,-0.08409979,-0.15685016,0.30685127,0.16329573,-0.02883288,0.050640542,-0.165977,0.0015185716,-0.19913481,-0.6091936,-0.0704551,0.34979734,0.62618226,0.11231915,-0.25483173,-0.16139129,0.60860884,0.79375726,1.127787,-0.2256918,0.4685288,0.03897524,0.20203826,200.7383,9.035561,-200.35535,179.24823,0.15961526,199.97551,197.75514,-186.15292,-67.49087,33.50309,45.959087,25.18493,-0.14884345,-0.058180872,-0.7274904,1.6506734,-0.8578641,-0.049525585,-0.12819897,-0.016889475,-0.6284638,1.6309874,-1.1038455,0.039047822,-0.24484575,-1.6819959,-3.1370032,6.1370254,3.2659147,-0.5766576,1.0128108,-3.31954,0.030371431,-3.9826963,-12.183872,-1.4091018
212,-0.2676651,0.20001946,-0.5792348,-0.045347437,-0.0055348706,-0.99895585,1.0,0.0,0.0,-0.100173585,-0.045984622,0.060361087,0.08196032,-0.07870853,0.019831175,-0.0675333,-0.018867958,0.15091532,0.023487568,-0.3499109,0.07967929,0.45129505,0.18056585,-0.0011164491,0.038676176,-0.18666276,0.6542089,0.5090024,0.11513918,-0.19666658,0.09638446,0.079625994,0.28325003,-0.44122514,-0.16128762,0.37137926,-0.51027083,-0.5060979,-0.13368915,-0.8392704,-0.43992347,0.74902415,-0.6133915,0.3748935,0.041198697,202.1469,203.49803,51.91029,-246.35785,-1.438936,200.0231,204.41403,137.41171,-243.64233,162.91104,199.3958,-9.742434,-0.100173585,-0.045984622,-0.7396389,1.6819603,-0.87870854,0.019831175,-0.0675333,-0.018867958,-0.6490847,1.6234876,-1.1499109,0.07967929,9.025901,3.611317,-0.022328982,0.7735235,-3.7332551,13.084178,10.180048,2.3027835,-3.9333315,1.9276891,1.5925199,5.6650004
213,0.28221577,-0.37705696,-0.083885096,-0.05018563,-0.0073655853,-0.9987128,1.0,0.0,0.0,-0.060462475,-0.034892857,0.096080065,0.061513186,-0.18575269,0.07574421,-0.01826002,-0.023283245,0.14616925,0.0068928003,-0.25999194,0.08224098,-0.009880973,-0.047890525,0.32672837,-0.21903269,-0.7188424,-0.026719833,0.033569463,-0.13177967,0.120533325,-0.23088479,0.7526001,-0.081406996,-0.65178937,0.3620147,-0.9639717,-0.045215253,0.10375163,-0.48814553,-0.56531054,0.30525386,-0.0130520165,0.32057458,-0.45061088,-0.1699036,-199.7316,-199.46861,188.04933,-231.42696,-6.61613,-200.07793,-200.73018,-189.93094,216.0162,-213.64598,200.46796,-13.066634,-0.060462475,-0.034892857,-0.70391995,1.6615132,-0.9857527,0.07574421,-0.01826002,-0.023283245,-0.65383077,1.6068928,-1.059992,0.08224098,-0.19761945,-0.95781046,6.5345674,-4.380654,-14.376847,-0.53439665,0.6713892,-2.6355934,2.4106665,-4.617696,15.052001,-1.6281399
214,-0.26166323,0.18448289,0.45985857,-0.05269444,-0.006116528,-0.9985919,1.0,0.0,0.0,-0.111781284,-0.01952099,0.1352309,0.02338767,-0.25374013,-0.0069351643,-0.059981424,-0.025290709,0.13078344,-0.005307913,-0.18358612,0.009647394,-0.45742446,0.17575599,0.09541451,-0.1620668,-0.02997588,-0.7296187,-0.40372092,0.08928987,-0.22800127,0.073386274,0.07792706,-0.43346936,0.38830224,-0.42221785,-0.3840571,0.18316448,0.08352496,0.339845,0.2156837,-0.46809655,0.55415696,0.33340234,-0.49278456,-0.26104066,-201.40599,171.94432,-143.6245,14.231249,201.05531,-200.39413,-201.7272,263.02432,-83.65097,189.3755,-199.54703,32.024357,-0.111781284,-0.01952099,-0.6647691,1.6233877,-1.0537401,-0.0069351643,-0.059981424,-0.025290709,-0.6692166,1.5946921,-0.98358613,0.009647394,-9.148489,3.5151198,1.9082901,-3.241336,-0.5995176,-14.592375,-8.074418,1.7857974,-4.560025,1.4677255,1.5585412,-8.669387
215,0.29866332,0.074738495,-0.3350593,-0.047589384,-0.007976245,-0.9988351,1.0,0.0,0.0,-0.1534449,-0.009258993,0.13135445,0.026058674,-0.18687242,-0.07559349,-0.0901217,-0.029956207,0.09346646,0.020964742,-0.24143785,-0.08690812,-0.0037914347,-0.04843126,-0.11531998,0.15700105,0.56774145,-0.026999576,0.058172908,-0.122077726,-0.1542304,0.17849278,-0.52470636,-0.4297956,0.3228717,0.21418102,0.65152675,0.06688669,-0.052237585,0.7450819,0.696846,0.51170266,0.59739935,0.030292109,-0.38621944,0.59027094,200.26259,-196.47508,-202.20944,175.3435,52.61292,200.02803,200.28854,-200.33646,192.2414,175.65605,-53.400734,46.525326,-0.1534449,-0.009258993,-0.66864556,1.6260587,-0.98687243,-0.07559349,-0.0901217,-0.029956207,-0.70653355,1.6209648,-1.0414379,-0.08690812,-0.075828694,-0.9686251,-2.3063996,3.1400208,11.354829,-0.5399915,1.1634581,-2.4415545,-3.084608,3.5698557,-10.494127,-8.595912
216,-0.28455687,-0.42437437,-0.80273724,-0.055005353,-0.008116927,-0.99845314,1.0,0.0,0.0,-0.101292714,0.005712767,0.13855797,0.041206002,-0.12504303,-0.0059600985,-0.024417002,-0.031020746,0.095909715,0.043060303,-0.3029142,-0.09657679,0.47571912,0.17767231,0.15229364,0.022168478,0.19678712,0.6554467,0.55682206,0.08947812,0.14670995,0.07516842,-0.21147378,0.26397827,-0.44957298,-0.37008595,-0.84687424,-0.44230178,-0.61526245,0.009815679,-0.7301783,-0.6113688,-0.6290378,-0.6707179,-0.10537705,0.43903726,195.06035,254.72226,143.67218,-24.26,-41.128242,201.29326,220.29828,168.38336,187.9886,-68.81314,32.321815,194.31023,-0.101292714,0.005712767,-0.66144204,1.641206,-0.92504305,-0.0059600985,-0.024417002,-0.031020746,-0.7040903,1.6430603,-1.1029142,-0.09657679,9.514382,3.5534463,3.0458727,0.44336957,3.9357424,13.108933,11.136441,1.7895623,2.9341989,1.5033684,-4.2294755,5.2795653
217,0.29956433,0.17693564,-0.29602844,-0.058867946,-0.01100731,-0.99820507,1.0,0.0,0.0,-0.05932333,0.016560711,0.15017807,0.034445286,-0.15904045,0.051002923,0.03697211,-0.040540647,0.10386759,0.0406667,-0.27295715,0.029436696,-0.005584619,-0.049765505,-0.017252149,-0.07850768,-0.46999818,0.009114831,0.09569976,-0.1601575,-0.045508914,-0.0913523,0.35115474,0.87596685,-0.66396576,0.47109127,0.40477797,-0.25887367,0.081781015,-0.38562885,-0.8654716,0.8708807,0.31030038,-0.11475502,0.061627045,-0.41273052,-199.91502,-202.59822,-198.065,-215.39243,-199.95448,-122.82272,-200.90358,-199.91489,-185.16412,-214.71614,34.737026,59.573044,-0.05932333,0.016560711,-0.64982194,1.6344453,-0.95904046,0.051002923,0.03697211,-0.040540647,-0.6961324,1.6406667,-1.0729572,0.029436696,-0.11169238,-0.99531007,-0.34504297,-1.5701535,-9.399963,0.18229662,1.9139951,-3.20315,-0.91017824,-1.8270459,7.0230947,17.519337
218,-0.21041135,-0.5609029,0.4688666,-0.06785197,-0.011812783,-0.99762547,1.0,0.0,0.0,-0.09711782,0.017419642,0.1827792,0.008732319,-0.17226338,-0.044559106,0.016806217,-0.054957785,0.11476874,0.029050827,-0.16061568,0.10129458,-0.33201954,0.046556454,0.28858718,-0.14316355,0.25477663,-0.74954444,-0.265458,0.007035757,0.14331816,-0.039905686,0.5595663,-0.052187707,0.26742697,-0.34656274,-0.86043465,0.47719958,0.04602067,0.3872968,-0.037991498,-0.3998556,-0.10428276,-0.086207315,-0.6210972,-0.59076214,-96.33342,-256.275,81.73344,412.3061,236.0668,50.97414,-164.80373,62.59497,134.74202,9.327087,-54.651207,-247.7304,-0.09711782,0.017419642,-0.6172208,1.6087323,-0.9722634,-0.044559106,0.016806217,-0.054957785,-0.68523127,1.6290509,-0.9606157,0.10129458,-6.6403904,0.93112904,5.771744,-2.8632708,5.0955324,-14.990889,-5.3091598,0.14071514,2.866363,-0.7981137,11.191326,-1.0437541
219,0.4388834,-0.08500512,-0.1912206,-0.07972049,-0.0174285,-0.9966649,1.0,0.0,0.0,-0.116047174,0.002005727,0.19607526,0.025693893,-0.104783356,-0.1086204,-0.021189848,-0.07305911,0.12986779,0.03131056,-0.10516679,0.021390924,0.10088344,-0.1777939,-0.11152126,0.27148452,0.30430076,0.027436255,-0.13121115,-0.15824999,0.021016557,0.08486815,0.07408108,-0.61165494,0.48546416,0.46632046,-0.52693707,0.008626875,-0.4695347,0.6578582,0.37897065,1.0625684,-0.0053981766,-0.053360835,-0.49515527,-0.13272208,202.58548,-256.45474,-202.59354,216.76328,11.385189,201.40514,16.00306,117.54254,211.19943,331.37817,-120.524124,-110.27901,-0.116047174,0.002005727,-0.60392475,1.6256939,-0.90478337,-0.1086204,-0.021189848,-0.07305911,-0.6701322,1.6313106,-0.9051668,0.021390924,2.0176687,-3.555878,-2.2304251,5.4296904,6.086015,0.54872507,-2.6242228,-3.1649997,0.42033112,1.6973629,1.4816215,-12.233099
220,-0.09551996,0.55961764,-0.6876145,-0.06830365,-0.024665166,-0.99735963,1.0,0.0,0.0,-0.041977618,-0.0062742964,0.1560632,0.06519544,-0.1200642,-0.02757274,0.007045648,-0.07922863,0.12106454,0.053768992,-0.14856869,-0.04495147,0.5891873,0.06593941,-0.27329051,0.12865035,-0.37672648,0.7125552,0.358852,0.07669253,-0.09323357,0.13270502,-0.4573287,-0.21118943,-0.6067116,0.0045654476,0.68726724,-0.80164176,-0.34632647,-0.06692686,-0.076419294,0.014161572,0.6193352,-0.7835265,-0.13176762,0.5279028,208.65822,92.33524,-227.47626,-233.3117,-200.65118,197.76189,192.11044,222.9832,98.375534,59.847504,-155.4014,47.55645,-0.041977618,-0.0062742964,-0.6439368,1.6651955,-0.9200642,-0.02757274,0.007045648,-0.07922863,-0.67893547,1.653769,-0.9485687,-0.04495147,11.783746,1.3187882,-5.4658103,2.5730069,-7.534529,14.251104,7.17704,1.5338506,-1.8646713,2.6541004,-9.146574,-4.2237887
221,-0.15863948,-0.027539117,-0.0910022,-0.058584113,-0.019960338,-0.99808294,1.0,0.0,0.0,0.024364322,0.0039680665,0.14201844,0.05986893,-0.20095807,0.037900053,0.040292546,-0.06474797,0.13065499,0.05802083,-0.17203915,-0.014270159,0.1098267,0.043523263,0.09427804,-0.10365812,-0.32467756,-0.009854154,-0.012254867,0.078184456,0.17948113,-0.100972354,0.0555544,0.45324835,-0.9101231,-0.38698077,-0.0031331372,-0.1787722,0.35574514,-0.3806631,-0.9203638,-0.59983826,0.30222693,-0.109700054,0.30743948,0.37624195,-234.71013,-28.361786,602.7845,300.06635,95.1837,-242.3169,-199.93947,84.67717,195.46416,-222.98036,41.885128,200.0266,0.024364322,0.0039680665,-0.6579816,1.659869,-1.0009581,0.037900053,0.040292546,-0.06474797,-0.669345,1.6580209,-0.97203916,-0.014270159,2.196534,0.8704652,1.8855608,-2.0731623,-6.493551,-0.19708307,-0.24509734,1.5636891,3.5896227,-2.019447,1.111088,9.064967
222,0.48081335,0.010018824,0.3636986,-0.05790757,-0.026864786,-0.99796045,1.0,0.0,0.0,-0.011318023,-0.013551406,0.15641016,0.042930722,-0.17902482,-0.038789093,-0.0024237933,-0.08023965,0.16666967,0.022679687,-0.11052716,0.10879421,-0.406795,-0.20143738,0.051125646,-0.03386913,0.47548255,-0.6225662,-0.30489644,-0.21165235,0.09656752,-0.09083339,0.2702465,0.5248214,0.21691513,1.0138397,0.02159166,0.091726184,0.59828705,0.5328531,0.59214884,0.7480589,0.28286734,0.20592202,0.4219768,-0.6085596,-197.92065,-151.71992,-28.077408,222.80844,252.86293,-98.30681,22.631363,-281.55704,-407.27234,239.01459,-104.39723,-80.839485,-0.011318023,-0.013551406,-0.64358985,1.6429307,-0.9790248,-0.038789093,-0.0024237933,-0.08023965,-0.63333035,1.6226797,-0.91052717,0.10879421,-8.1359,-4.0287476,1.0225129,-0.6773826,9.509651,-12.451324,-6.0979285,-4.233047,1.9313504,-1.8166677,5.40493,10.496428
223,-0.10730431,-0.05653722,-0.26684526,-0.058587387,-0.033791933,-0.9977102,1.0,0.0,0.0,-0.039840546,-0.033573918,0.14461857,0.069960475,-0.06067735,-0.07625773,-0.0022181165,-0.09657619,0.17047417,0.03989041,-0.047696233,0.11900398,0.064686865,-0.029362962,-0.12615877,0.24260414,0.6352698,0.16173956,0.2531306,0.041141815,-0.009828704,0.18934228,0.4256713,-0.3065109,0.36046344,0.2946453,-0.08265705,0.059084173,0.1278552,0.5958004,-0.13889886,-0.27229,0.29462096,-0.2829942,-0.10132021,-0.38751176,205.46233,-175.51663,-206.58719,60.407288,54.846527,203.5124,252.15944,177.03091,-117.69528,99.72244,97.271996,-225.20793,-0.039840546,-0.033573918,-0.65538144,1.6699605,-0.86067736,-0.07625773,-0.0022181165,-0.09657619,-0.62952584,1.6398904,-0.84769624,0.11900398,1.2937373,-0.58725923,-2.5231755,4.8520827,12.705397,3.234791,5.062612,0.8228363,-0.19657409,3.7868454,8.513426,-6.1302176
224,-0.04250774,0.0043596234,-0.509326,-0.059233792,-0.031878784,-0.997735,1.0,0.0,0.0,0.019352391,-0.03807143,0.117254496,0.11221063,0.0145561695,0.027194457,0.0075862366,-0.09197594,0.18182552,0.055176973,-0.042265415,-0.0037018359,0.46517974,-0.035047594,-0.14607482,0.229567,0.23324774,0.7541289,-0.10883428,0.02881451,0.094664596,0.016982926,-0.19962026,-0.7630931,-0.54018325,-0.2915253,0.08828751,-0.55345476,-0.4882242,-0.32037657,-0.7383304,0.07855789,-0.047119863,-0.69934994,-0.35652262,-0.03103974,164.57817,-168.56511,170.82776,246.28275,-61.254917,115.971016,-220.43518,193.83539,206.45767,-1.6788635,-37.77766,-9.239716,0.019352391,-0.03807143,-0.6827455,1.7122107,-0.78544384,0.027194457,0.0075862366,-0.09197594,-0.6181745,1.655177,-0.8422654,-0.0037018359,9.303595,-0.7009519,-2.9214964,4.59134,4.6649547,15.082577,-2.1766856,0.5762902,1.893292,0.3396585,-3.9924052,-15.261862
225,-0.039447356,0.26252007,0.18020658,-0.05341824,-0.030446433,-0.99810797,1.0,0.0,0.0,0.05864622,-0.0543651,0.09637278,0.13431084,-0.013513029,0.10275321,-0.061492536,-0.08430769,0.18933016,0.046226263,-0.13578838,-0.082609326,-0.020488007,-0.11962818,-0.076520205,0.011241598,-0.44439384,0.07186712,-0.5417165,0.047095306,-0.015004696,-0.10335299,-0.5234806,-0.09658196,-0.78940225,0.45356733,0.1468737,-0.30014148,-0.33965993,-0.11002033,0.82241625,-0.07357464,0.611114,-0.007541135,0.4347167,0.49934247,-200.68724,-204.6555,60.10826,-217.4839,-200.00897,-200.1593,-205.89563,215.22528,-166.8181,-202.59694,32.64803,200.8131,0.05864622,-0.0543651,-0.7036272,1.7343109,-0.81351304,0.10275321,-0.061492536,-0.08430769,-0.61066985,1.6462263,-0.9357884,-0.082609326,-0.40976015,-2.3925636,-1.5304041,0.22483195,-8.8878765,1.4373424,-10.83433,0.9419061,-0.30009392,-2.0670598,-10.469611,-1.9316392
226,-0.28326413,-0.12564372,0.16634455,-0.052559704,-0.022928473,-0.99835455,1.0,0.0,0.0,0.01311509,-0.062471177,0.10645729,0.11071193,-0.1274494,0.05255982,-0.12320188,-0.06700781,0.2129026,0.018994093,-0.16656154,-0.024914334,-0.39653632,0.01659331,0.12520103,-0.21347015,-0.5272695,-0.37705013,-0.118272744,0.1092936,0.20779708,-0.15047406,0.14795719,0.60391134,-0.033896156,-0.11072184,-0.5952784,0.21691571,-0.16599011,0.2602594,0.60072714,-1.2756416,0.319106,-0.49579543,0.4982627,-0.09458624,-201.99069,193.77075,-14.2540865,-218.61166,58.42463,9.07488,201.33841,-124.82924,210.07765,57.180214,200.37755,199.59375,0.01311509,-0.062471177,-0.6935427,1.710712,-0.9274494,0.05255982,-0.12320188,-0.06700781,-0.5870974,1.6189941,-0.96656156,-0.024914334,-7.930726,0.33186617,2.5040207,-4.269403,-10.545389,-7.5410023,-2.365455,2.185872,4.1559415,-3.0094812,2.9591436,12.078227
227,0.17191225,0.14357461,-0.53422445,-0.05167185,-0.022420425,-0.9984124,1.0,0.0,0.0,-0.02533233,-0.0762351,0.10155356,0.097268105,-0.16711366,0.053223945,-0.10318975,-0.061424397,0.25620484,-0.03359151,-0.065503776,0.023962948,-0.076960474,-0.12632173,-0.14959079,0.04820871,-0.031860515,0.30887303,0.2597709,-0.035997987,0.178836,-0.2822236,0.6430516,-0.008870137,0.26514328,0.4869964,0.23251614,0.4593475,0.34341127,0.39256656,-0.07453662,-0.07770334,0.36220565,0.25167286,0.8588135,-0.96644706,63.551956,49.463173,-220.43095,172.8945,41.883713,191.05109,137.26024,-310.51495,-433.02808,531.0874,-359.42395,-54.171814,-0.02533233,-0.0762351,-0.69844645,1.6972681,-0.9671137,0.053223945,-0.10318975,-0.061424397,-0.54379517,1.5664085,-0.8655038,0.023962948,-1.5392095,-2.5264347,-2.9918158,0.96417415,-0.6372103,6.17746,5.195418,-0.71995974,3.57672,-5.644472,12.8610325,-0.17740273
228,-0.081978224,-0.39890784,-0.62160975,-0.05697293,-0.024844863,-0.99806654,1.0,0.0,0.0,0.0090361545,-0.08457828,0.092307985,0.11656153,-0.100123346,0.16163604,-0.08077643,-0.06504631,0.2720024,-0.025670528,0.023442864,-0.014081332,0.37542033,0.030245794,0.040329378,0.14010023,0.634786,0.56213653,0.0439676,0.012776389,0.039582998,0.23151338,0.42111307,-0.37651965,-0.31291646,0.043104485,-0.008799111,-0.011002544,-0.30453444,-0.23623675,-0.65594774,-0.27284884,0.02690018,0.47541565,0.5417186,-0.18303177,198.452,222.86644,195.9011,178.389,199.84497,-48.199104,-54.215546,114.80342,-220.05064,228.79164,31.60025,-131.56758,0.0090361545,-0.08457828,-0.707692,1.7165616,-0.90012336,0.16163604,-0.08077643,-0.06504631,-0.5279976,1.5743295,-0.77655715,-0.014081332,7.5084066,0.60491586,0.8065876,2.8020046,12.69572,11.24273,0.87935203,0.25552776,0.79165995,4.6302676,8.422261,-7.5303926
229,-0.12605515,0.068210304,-0.09911369,-0.061538696,-0.021224514,-0.997879,1.0,0.0,0.0,0.033432588,-0.070191406,0.08377212,0.13196254,-0.046464443,0.19680181,-0.12841696,-0.06971114,0.23480874,0.05571091,0.15929627,-0.07544898,-0.08380204,0.09741302,-0.091121934,0.021896297,-0.032264043,-0.13953799,-0.4649825,-0.062399905,-0.3439348,0.52773964,0.8465506,-0.26487213,-0.709614,-0.39233994,0.028822485,-0.7884108,-0.4335804,-0.47272134,0.01158968,0.5515435,-0.45187795,-0.6915621,-0.53775203,0.014466945,-200.30376,144.47017,-97.18206,-214.45816,-199.94983,-199.99898,-197.1695,-165.46645,-149.10646,154.14503,19.994488,25.645124,0.033432588,-0.070191406,-0.7162279,1.7319626,-0.84646446,0.19680181,-0.12841696,-0.06971114,-0.56519127,1.6557109,-0.64070374,-0.07544898,-1.6760406,1.9482603,-1.8224387,0.43792593,-0.64528084,-2.7907598,-9.29965,-1.2479981,-6.878696,10.554792,16.931011,-5.2974424
230,-0.05017005,0.43786502,0.035046306,-0.050385125,-0.01786231,-0.9985701,1.0,0.0,0.0,-0.030603673,-0.05955326,0.062383115,0.1150341,-0.12521625,0.0941981,-0.17551261,-0.06833873,0.15666044,0.14660299,0.25600332,-0.06659415,-0.5127859,0.023170749,-0.11134764,-0.17698805,-0.63882405,-0.8182619,-0.055637747,0.062245607,-0.42741734,0.39528105,0.18655676,0.1722784,0.30288658,-0.41011423,0.7220332,-0.35457695,-0.07647419,0.18895502,0.5914919,0.0006958693,0.96450496,-0.53355384,-0.82799375,0.1827783,-204.59677,-111.01761,48.05888,-214.84322,-68.65561,-197.73822,199.25719,230.06369,-225.32915,-245.66644,-200.8989,14.134391,-0.030603673,-0.05955326,-0.7376169,1.7150341,-0.92521626,0.0941981,-0.17551261,-0.06833873,-0.6433396,1.746603,-0.5439967,-0.06659415,-10.255718,0.46341497,-2.2269528,-3.539761,-12.776481,-16.365238,-1.112755,1.2449121,-8.5483465,7.905621,3.7311351,3.445568
231,0.066804275,-0.09659161,-0.4962364,-0.044399664,-0.018918224,-0.9988346,1.0,0.0,0.0,-0.082812764,-0.06557361,0.075214684,0.048723698,-0.17865819,0.008462002,-0.13556145,-0.057127707,0.11191374,0.19479239,0.218988,0.012244147,-0.052959837,-0.079256184,0.20781302,-0.459828,0.0367141,-0.1107045,0.4033292,0.051301427,-0.05706794,0.118190125,-0.4893202,0.4175603,0.27691317,0.15715167,0.07101796,-0.11108777,0.4861893,0.46305126,-0.08366703,0.47491628,0.004201062,-0.7030116,-0.57938397,0.23663859,197.69322,-183.66472,195.62836,-230.08609,200.0376,200.48209,201.20486,57.885414,184.57016,-226.22166,-200.62296,-38.070374,-0.082812764,-0.06557361,-0.7247853,1.6487237,-0.9786582,0.008462002,-0.13556145,-0.057127707,-0.6880863,1.7947924,-0.581012,0.012244147,-1.0591967,-1.5851237,4.1562605,-9.19656,0.73428196,-2.2140899,8.066584,1.0260285,-1.1413587,2.3638024,-9.786404,8.351206
232,-0.37804642,0.28243276,-0.5350381,-0.038341988,-0.0128192855,-0.99918246,1.0,0.0,0.0,-0.047939297,-0.060394667,0.0953868,-0.0295043,-0.09587598,0.061360512,-0.08977339,-0.025581753,0.08830541,0.20734894,0.047886968,0.09405956,0.36628243,0.10830315,0.032568794,-0.3345533,0.72145593,0.57129973,0.12273649,0.2484039,-0.1398578,0.008753005,-1.1561327,0.3528918,-0.45889324,-0.31217062,0.3131545,1.0745348,0.1069081,0.1807105,-0.7255451,-0.98113227,0.41397333,0.21807678,-0.4511224,-0.28431568,202.40387,163.1778,-98.56866,104.78117,199.76254,199.2859,-102.92367,193.28065,-56.909313,-240.25188,-200.65988,-39.92353,-0.047939297,-0.060394667,-0.7046132,1.5704957,-0.895876,0.061360512,-0.08977339,-0.025581753,-0.7116946,1.807349,-0.75211304,0.09405956,7.3256483,2.166063,0.6513759,-6.691066,14.429118,11.425995,2.4547298,4.968078,-2.7971559,0.17506011,-23.122654,7.057836
233,0.18866561,-0.38660055,-0.010847968,-0.041553285,-0.010629788,-0.9990797,1.0,0.0,0.0,-0.024005184,-0.06347969,0.120525956,-0.07774246,-0.008434415,0.119471475,-0.116525374,-0.005428752,0.08692074,0.20152128,-0.14530182,0.08935809,-0.071518436,-0.110595725,0.19048262,-0.13303031,0.26681975,0.15724094,-0.3466673,-0.01965252,0.099711336,-0.050081264,-0.78836745,-0.3309945,-0.5542295,0.024084494,0.013224225,0.38212115,0.15075581,-0.23199463,0.3163935,0.34696406,-0.4605602,-0.31280857,0.33106026,0.06618619,-149.98065,36.307922,184.48187,433.76526,-171.19128,-46.453526,-200.31064,-213.78412,202.74919,50.21425,115.95517,-200.00256,-0.024005184,-0.06347969,-0.67947406,1.5222576,-0.8084344,0.119471475,-0.116525374,-0.005428752,-0.7130793,1.8015213,-0.94530183,0.08935809,-1.4303687,-2.2119145,3.8096523,-2.6606061,5.336395,3.1448188,-6.933346,-0.39305037,1.9942267,-1.0016253,-15.767349,-6.6198897
234,-0.15547328,0.18345429,0.028619193,-0.04404893,-0.010075633,-0.9989786,1.0,0.0,0.0,-0.0838819,-0.06279486,0.11809409,-0.06982982,0.045724332,0.07269942,-0.13997932,0.0150238285,0.08525455,0.18175364,-0.22673386,0.06967935,-0.4900169,0.07830308,-0.15432225,0.15193944,0.2576444,-0.5436126,0.06956877,0.19694482,-0.09171559,-0.13953392,-0.095481455,-0.021643369,0.14745727,0.41626763,-0.20527942,0.57929564,-0.46475744,0.1729904,0.61628443,-0.5449845,0.2999489,-0.0919025,-0.13704935,0.2706997,-199.91055,146.37189,-57.735397,200.654,-24.286486,-176.26152,203.42479,183.05965,-197.7235,-225.29825,200.09088,16.300081,-0.0838819,-0.06279486,-0.6819059,1.5301702,-0.7542757,0.07269942,-0.13997932,0.0150238285,-0.71474546,1.7817537,-1.0267339,0.06967935,-9.800338,1.5660615,-3.0864449,3.0387888,5.152888,-10.8722515,1.3913753,3.9388964,-1.8343117,-2.7906785,-1.9096291,-0.43286735
235,-0.047020394,0.16810738,-0.80016726,-0.0369898,-0.0069039813,-0.9992918,1.0,0.0,0.0,-0.12995353,-0.043585904,0.06929749,-0.0081532,0.022793353,0.038443424,-0.07637071,0.042325977,0.08694494,0.12614,-0.20450395,0.12327817,-0.018895505,0.11030239,-0.31956622,0.43327045,-0.41913292,0.13359503,0.51923174,0.089122735,0.08515136,-0.3800313,0.15449458,0.35246298,0.55258834,-0.4362288,0.6196551,-0.26514244,-0.5152741,0.41298205,-0.69693315,-0.5576558,-0.009019874,-0.16221258,-0.5478741,-0.21879026,202.65558,247.89487,-184.10362,177.86375,-199.69197,200.82065,204.7077,-243.09166,176.7317,-145.41042,-4.07819,-21.785011,-0.12995353,-0.043585904,-0.7307025,1.5918468,-0.77720666,0.038443424,-0.07637071,0.042325977,-0.7130551,1.72614,-1.004504,0.12327817,-0.3779101,2.2060478,-6.3913245,8.665409,-8.382658,2.6719005,10.384635,1.7824546,1.7030271,-7.6006255,3.0898917,7.0492597
236,0.3869522,0.19541919,-0.5683183,-0.029492836,-0.015693903,-0.99944186,1.0,0.0,0.0,-0.08962049,-0.04497766,0.025761902,0.048491836,-0.12780493,0.13470183,-0.01917019,0.037228934,0.10243553,0.039952278,-0.24666029,0.11874802,0.37951025,-0.10347773,-0.13795516,0.16376446,-0.8977893,0.6411624,0.09312227,-0.11236298,0.0625854,-0.44222638,-0.5101059,-0.32972726,0.09882187,0.53465986,0.652087,-0.37184134,0.16989563,-0.7485677,-0.8012392,0.95638204,-0.0059353784,0.39613092,-0.10187599,0.008177552,196.78394,-229.9325,220.32553,-214.70735,26.434063,-12.7732,-198.85182,-198.29218,-163.86066,-27.877495,-198.98499,-200.15878,-0.08962049,-0.04497766,-0.7742381,1.6484919,-0.92780495,0.13470183,-0.01917019,0.037228934,-0.6975645,1.6399523,-1.0466603,0.11874802,7.590205,-2.0695546,-2.759103,3.275289,-17.955786,12.823248,1.8624455,-2.2472596,1.2517079,-8.844527,-10.202118,-6.594545
237,-0.28726107,0.18982731,-0.042352244,-0.020944476,-0.016459523,-0.9996452,1.0,0.0,0.0,-0.019598486,-0.037045456,0.019888282,0.049183607,-0.23331839,0.18706073,-0.046533506,0.043017514,0.094771385,-0.018359423,-0.27292913,0.07240686,0.304547,0.1564775,0.060730465,-0.1263291,-0.22487839,-0.04888968,-0.32833642,0.14560501,-0.10457058,-0.17101721,0.1778749,-0.17581569,-0.6373425,-0.43071276,-0.2110332,0.08447692,-0.17957006,-0.430228,0.02193242,-0.5376443,0.49184746,0.424182,0.11664085,0.37601957,-39.39059,189.32712,152.76395,-238.93854,199.25052,-200.54065,-197.00742,260.2963,-48.797775,205.0561,201.5033,35.54777,-0.019598486,-0.037045456,-0.78011173,1.6491836,-1.0333184,0.18706073,-0.046533506,0.043017514,-0.7052286,1.5816406,-1.0729291,0.07240686,6.09094,3.12955,1.2146093,-2.5265818,-4.4975677,-0.97779363,-6.566728,2.9121003,-2.0914116,-3.4203444,3.5574977,-3.5163136
238,0.27272528,0.11033152,-0.28533635,-0.015144249,-0.017612617,-0.9997301,1.0,0.0,0.0,-0.0027273567,-0.027462324,0.0131194,0.049519777,-0.2274993,0.10196883,-0.06760941,0.04652644,0.07619047,-0.041646004,-0.17189717,0.11377556,-0.095736384,-0.037118126,-0.095482424,0.07922009,0.10662625,-0.73294777,0.063817225,-0.08825913,-0.08657873,-0.07295136,0.653705,0.49580055,-0.60700136,0.74210286,0.17329127,0.19120139,-0.44055557,0.2567276,0.5812797,0.21177171,0.49297693,0.9424896,-1.0082291,0.3167231,-199.43738,-193.35796,-202.16022,-7.8242273,3.1204827,-199.97073,141.64035,-198.55121,207.19382,183.62405,-3.6298025,118.14188,-0.0027273567,-0.027462324,-0.7868806,1.6495198,-1.0274993,0.10196883,-0.06760941,0.04652644,-0.72380954,1.558354,-0.9718972,0.11377556,-1.9147277,-0.7423625,-1.9096484,1.5844017,2.132525,-14.658955,1.2763444,-1.7651826,-1.7315745,-1.4590272,13.0741,9.916011
239,-0.29132584,-0.5182575,-0.2972969,-0.02441786,-0.01640838,-0.9995673,1.0,0.0,0.0,-0.06362632,-0.009560198,0.017707348,0.074026704,-0.27248687,0.0279742,-0.011977181,0.04961889,0.07725501,-0.026964903,-0.10868704,0.19036987,-0.47560248,0.18771547,0.13059919,0.14232412,-0.3751586,-0.07273729,0.45236403,0.10833458,0.07817875,0.18910961,0.038961116,0.30911514,0.17188147,-0.41788387,-0.3270876,-0.60579723,-0.3414896,0.30804113,-0.5943745,-0.409199,-0.48080844,-0.81433386,-0.6518874,-0.43254688,-206.3855,117.8674,295.99298,129.56616,-4.0941143,198.52965,199.1406,262.10962,238.67819,240.68518,-188.20435,-35.21734,-0.06362632,-0.009560198,-0.78229266,1.6740267,-1.0724869,0.0279742,-0.011977181,0.04961889,-0.722745,1.5730351,-0.90868706,0.19036987,-9.51205,3.7543094,2.6119838,2.8464823,-7.503172,-1.4547458,9.04728,2.1666915,1.5635749,3.782192,0.7792223,6.1823025
240,0.26039484,0.112189695,-0.2984287,-0.031077046,-0.01725032,-0.9993681,1.0,0.0,0.0,-0.11444755,-0.00014032163,0.022489607,0.08987033,-0.30644268,0.085616454,0.033557836,0.05073274,0.07798183,-0.006958604,-0.17402685,0.17747608,-0.07381956,-0.05831599,-0.06949412,0.028045291,-0.09565433,0.48769352,0.044406403,-0.085513964,-0.053984076,0.028245369,-0.62595236,-0.3702958,0.7250729,0.44539714,0.40196785,-0.41235697,0.4554085,-0.11983546,-0.6970809,0.7355939,-0.040631182,-0.39628303,-0.037914403,-0.14423537,200.16978,-195.23984,-202.9118,-217.29861,21.326841,20.780754,-199.75085,-203.29129,-193.647,-213.85034,-199.80905,-200.21254,-0.11444755,-0.00014032163,-0.7775104,1.6898704,-1.1064427,0.085616454,0.033557836,0.05073274,-0.7220182,1.5930414,-0.97402686,0.17747608,-1.4763912,-1.1663197,-1.3898824,0.5609058,-1.9130865,9.75387,0.88812804,-1.7102792,-1.0796815,0.5649074,-12.519047,-7.4059157
241,-0.35358867,0.1488771,-0.12391265,-0.02565851,-0.014451803,-0.9995663,1.0,0.0,0.0,-0.087249875,0.014697072,0.030332804,0.060688376,-0.2517658,0.10821329,-0.0025062042,0.059636906,0.067478955,0.001055479,-0.20909029,0.064449176,0.30621114,0.18160115,0.12548965,-0.2902054,0.5754329,-0.19341475,-0.35571837,0.15290016,-0.05383209,0.003993567,0.15205424,-0.53264874,-0.27720514,-0.35333925,-0.360671,0.36499724,-0.54955506,-0.27767256,0.117400765,-1.2251151,0.29106015,0.34309894,-0.32507926,0.48696503,200.47241,183.79639,156.14792,-242.09586,199.36737,-200.3892,-196.19235,222.28766,-109.975845,-193.66017,200.89684,71.58001,-0.087249875,0.014697072,-0.7696672,1.6606884,-1.0517658,0.10821329,-0.0025062042,0.059636906,-0.73252106,1.6010555,-1.0090903,0.064449176,6.1242228,3.6320229,2.509793,-5.8041077,11.508657,-3.868295,-7.1143675,3.0580032,-1.0766418,0.07987134,3.0410845,-10.652974
242,0.26073506,0.045455083,-0.36905533,-0.021836478,-0.014097789,-0.99966216,1.0,0.0,0.0,-0.06868033,0.026856959,0.036017895,0.03800881,-0.21055716,0.0043660486,-0.029691665,0.061679605,0.061166823,0.014954925,-0.2334513,0.034819916,-0.079610854,-0.038500335,-0.047211282,0.032992244,-0.096470326,-0.6516368,0.041780207,-0.108964995,-0.01673608,0.13080822,-0.2019097,0.16129093,-0.6555882,0.18449262,0.9506593,-0.04082598,-0.1645445,0.63179755,0.71326345,0.29790306,0.20009604,0.39472663,-0.34437838,0.17154184,-199.99815,-198.27695,-200.6841,182.5371,-200.06229,17.482304,202.56091,-228.22702,251.65408,239.58089,3.4095912,192.86307,-0.06868033,0.026856959,-0.7639821,1.6380088,-1.0105572,0.0043660486,-0.029691665,0.061679605,-0.7388332,1.614955,-1.0334513,0.034819916,-1.5922171,-0.7700067,-0.9442256,0.6598449,-1.9294065,-13.032735,0.83560413,-2.1792998,-0.33472162,2.6161642,-4.038194,3.2258186
243,-0.389902,-0.54018563,-0.27948323,-0.032203052,-0.010632842,-0.9994248,1.0,0.0,0.0,-0.1255466,0.04266375,0.06124538,0.025165558,-0.20001203,-0.056036852,0.022110404,0.06626997,0.07327169,0.05657184,-0.27484483,0.08190078,-0.399659,0.12095314,0.23468636,-0.041641142,0.095812775,-0.08445923,0.42906567,0.14093992,0.121851504,0.27233958,-0.17988297,0.22246873,0.33843428,-0.1080692,-0.43932414,-0.6663627,0.12463035,0.60910994,-0.75083065,-0.67440754,-0.7246096,-0.80192137,0.06642127,-0.15055913,-26.204971,-850.68286,138.23038,469.1248,18.975346,30.831223,195.99522,298.36746,126.45149,164.15868,26.139915,-21.930836,-0.1255466,0.04266375,-0.73875463,1.6251656,-1.000012,-0.056036852,0.022110404,0.06626997,-0.7267283,1.6565719,-1.0748448,0.08190078,-7.99318,2.4190629,4.693727,-0.83282286,1.9162555,-1.6891845,8.581313,2.8187983,2.43703,5.4467916,-3.5976593,4.4493747
244,0.13135105,-0.028141923,-0.13739645,-0.042734846,-0.0066211927,-0.9990645,1.0,0.0,0.0,-0.15279056,0.036501948,0.07257503,0.0363791,-0.11122435,-0.019003153,0.0615176,0.07326087,0.084500074,0.092348814,-0.23453337,0.053382732,0.03944003,-0.12637985,-0.07031024,0.123198025,0.5884875,0.4326547,0.012570641,-0.06389001,0.0029592474,0.10509002,0.5136119,-0.39398238,0.41842782,0.36520958,0.34697872,-0.030265648,0.25200337,0.23171979,-0.5751161,0.01448819,0.02270288,-0.32806212,-0.13968423,-0.23315707,176.02832,-116.63209,-10.124542,149.59029,-2.4445953,166.3628,-199.60942,-201.4679,-194.13217,-216.9508,200.19466,-80.15077,-0.15279056,0.036501948,-0.727425,1.6363791,-0.91122437,-0.019003153,0.0615176,0.07326087,-0.71549994,1.6923488,-1.0345334,0.053382732,0.78880054,-2.527597,-1.4062048,2.4639604,11.76975,8.653094,0.2514128,-1.2778002,0.059184946,2.1018004,10.272238,-7.8796473
245,-0.20443335,-0.03658083,0.027943807,-0.044374388,-0.004469544,-0.99900496,1.0,0.0,0.0,-0.10439504,0.020267963,0.060043037,0.071534395,-0.017897725,0.053357173,0.021039857,0.067517094,0.09063697,0.09549701,-0.18477273,-0.047700696,0.4033299,-0.053823646,-0.06659002,0.23534082,0.32099345,0.29225796,-0.37544385,-0.0071372897,0.044289906,-0.05684417,0.13690239,-0.4649813,-0.19409356,0.2120436,-0.37404045,0.16279103,-0.6218398,-0.32583827,0.13111147,-0.5259713,0.2351624,-0.24221562,-1.2511768,0.41164884,191.49637,-58.777756,91.59569,174.26735,-34.96791,-27.21994,-200.29573,-98.85278,-168.31786,-217.30539,-40.518555,54.60586,-0.10439504,0.020267963,-0.739957,1.6715344,-0.81789774,0.053357173,0.021039857,0.067517094,-0.70936304,1.695497,-0.98477274,-0.047700696,8.066598,-1.0764729,-1.3318003,4.706816,6.419869,5.845159,-7.508877,-0.1427458,0.8857981,-1.1368834,2.7380478,-9.299625
246,-0.102974094,0.08352847,-0.22183757,-0.043780502,0.0010722969,-0.9990406,1.0,0.0,0.0,-0.06594956,0.015241199,0.038490474,0.11920369,-0.027049184,0.03383,-0.010064593,0.05523589,0.114700735,0.054746747,-0.23277515,-0.06325041,0.019483818,0.00071745255,-0.14498375,0.22781573,-0.34551725,-0.4167593,0.025484532,-0.1013727,0.1665064,-0.3200446,-0.5474581,0.23915549,-0.5628261,-0.36069125,0.2139234,-0.31114548,-0.68113285,-0.05434517,0.6842157,0.093360856,0.38878852,-0.2981043,-0.055271603,0.31395707,-200.03873,194.4504,-198.85072,-132.15169,-200.06525,-200.14091,197.7414,-183.89418,85.90294,-230.64355,-200.05734,200.47234,-0.06594956,0.015241199,-0.76150954,1.7192037,-0.8270492,0.03383,-0.010064593,0.05523589,-0.6852993,1.6547468,-1.0327752,-0.06325041,0.38967633,0.014349051,-2.8996751,4.5563145,-6.910345,-8.335186,0.50969064,-2.027454,3.3301277,-6.400892,-10.9491625,4.7831097
247,0.05017628,-0.67577225,-0.4158156,-0.057937227,0.00095529296,-0.99831975,1.0,0.0,0.0,-0.102739744,-0.00034497652,0.054728925,0.13517582,-0.17081827,-0.007930421,0.034739915,0.040819753,0.15932006,0.03645754,-0.24995214,0.01580309,-0.35598156,-0.14336173,0.2488385,-0.038473785,-1.0146831,-0.12850891,0.4109376,-0.047703188,0.28125226,-0.0078956615,0.24431448,0.5518589,0.20646718,0.5998485,-0.80194306,0.3766018,-0.27340293,0.39704946,-0.5593767,-0.18340738,-0.32316688,0.071355745,0.73444897,-0.30628067,-199.01224,-276.09616,66.10011,-246.83812,-166.63792,27.489214,191.98427,292.46783,8.040634,88.98221,199.39711,72.11755,-0.102739744,-0.00034497652,-0.7452711,1.7351758,-0.9708183,-0.007930421,0.034739915,0.040819753,-0.64067996,1.6364576,-1.0499521,0.01580309,-7.119631,-2.8672347,4.97677,-0.7694757,-20.293663,-2.5701783,8.218752,-0.9540638,5.6250453,-0.15791322,4.8862896,11.037178
248,0.14213344,-0.07866459,-0.41387844,-0.07177256,-0.0036025085,-0.99741447,1.0,0.0,0.0,-0.1285964,-0.023706641,0.06447679,0.15494871,-0.29835886,0.041441925,0.07043959,0.023121577,0.18421835,0.05039251,-0.13167024,0.050577562,0.054551102,-0.095665276,-0.10969384,0.20843743,-0.3289027,0.55349606,0.0021863421,-0.10530861,-0.029311106,0.16846514,0.73172075,-0.14340787,0.38341945,0.11044106,-0.15543249,-0.5742413,0.45354939,0.18240619,-0.706398,0.26058012,-0.41269177,-0.90023243,-0.19625169,-0.658246,200.74625,193.54622,-204.38986,177.74788,200.02873,199.85179,-210.56378,477.05264,-450.31622,246.92113,-79.73122,-203.47073,-0.1285964,-0.023706641,-0.7355232,1.7549487,-1.0983589,0.041441925,0.07043959,0.023121577,-0.61578166,1.6503925,-0.93167025,0.050577562,1.091022,-1.9133055,-2.1938767,4.1687484,-6.578054,11.069921,0.043726843,-2.106172,-0.5862221,3.3693027,14.634415,-2.8681574
249,-0.3665882,0.5386047,-0.37549552,-0.060986497,0.0007788149,-0.9981383,1.0,0.0,0.0,-0.0743149,-0.01509503,0.024567008,0.17841423,-0.28806347,0.104529716,0.032614674,0.0263284,0.15793401,0.08301711,-0.070941806,-0.053897496,0.4475522,0.14451885,-0.26685098,0.03774361,0.3621391,0.2118566,-0.32973063,0.10899029,-0.19521831,0.19143814,-0.050566066,-0.8044287,-0.33211082,-0.24075808,0.7613364,-0.33981648,-0.3100807,-0.6480455,0.1571607,-0.7266865,0.69220936,-0.7112871,-0.5237776,0.0785079,201.3957,52.755356,-179.02463,-244.71162,199.10983,-44.126472,-146.10822,230.14328,355.1358,295.80182,-235.8737,-165.12622,-0.0743149,-0.01509503,-0.775433,1.7784142,-1.0880635,0.104529716,0.032614674,0.0263284,-0.642066,1.6830171,-0.8709418,-0.053897496,8.951044,2.890377,-5.3370194,0.75487214,7.242782,4.237132,-6.5946126,2.1798058,-3.9043663,3.8287628,-1.0113213,-16.088573
250,0.17217985,-0.00558366,-0.4272515,-0.051529042,0.0027829632,-0.9986676,1.0,0.0,0.0,-0.029444952,-0.012752964,0.005380392,0.15963519,-0.27570027,0.07204176,0.0083397105,0.025704166,0.1592133,0.09081948,-0.1576066,-0.1360114,0.042602714,-0.08907994,0.045586135,-0.20072718,-0.061440017,-0.46866176,0.045143697,-0.09902998,0.16433962,-0.09801346,-0.71989244,-0.09314681,-0.7641519,-0.17843448,0.53518724,-0.10859659,0.07566835,0.28864318,0.63686186,0.3594696,0.02009169,0.08135378,0.09156291,0.62238115,-200.4357,-196.4123,210.2396,-215.66246,-20.006912,-199.96623,200.3593,-206.14912,189.51772,-225.91052,-129.42734,200.07397,-0.029444952,-0.012752964,-0.7946196,1.7596352,-1.0757003,0.07204176,0.0083397105,0.025704166,-0.6407867,1.6908195,-0.9576066,-0.1360114,0.85205424,-1.7815988,0.9117227,-4.0145435,-1.2288003,-9.373235,0.90287393,-1.9805996,3.2867923,-1.9602692,-14.397848,-1.8629361
251,0.07448226,-0.009496528,-0.11498411,-0.051649746,-0.0024378696,-0.99866235,1.0,0.0,0.0,-0.06432084,-0.035125017,0.03164965,0.09214151,-0.21514684,0.053972952,0.06365696,0.019457446,0.1769706,0.08269274,-0.22569531,-0.079131946,-0.3527021,-0.12753032,0.1908115,-0.42490694,0.5690155,0.21856768,0.4663318,0.026013365,0.033003397,-0.0002308536,-0.0298027,0.59300435,0.07879082,0.58102036,-0.037531365,0.52468705,0.4243583,0.5776805,-0.4055584,-0.014166176,-0.045632534,-0.43160576,0.4575022,0.12245445,-201.93077,-145.37593,158.99753,-82.080734,103.97007,200.39034,198.21692,218.26923,-201.92271,-11.603494,199.9578,200.35185,-0.06432084,-0.035125017,-0.76835036,1.6921415,-1.0151469,0.053972952,0.06365696,0.019457446,-0.6230294,1.6826928,-1.0256953,-0.079131946,-7.054042,-2.5506065,3.81623,-8.498138,11.38031,4.3713536,9.326636,0.5202673,0.6600679,-0.004617072,-0.596054,11.860086
252,-0.07020063,0.37362123,0.04742254,-0.043239217,-0.0026036839,-0.99906135,1.0,0.0,0.0,-0.081399105,-0.05790172,0.023486495,0.06644976,-0.033953786,0.14434771,0.110317975,0.021563584,0.16758806,0.07125878,-0.15555769,0.0029342321,0.11255212,-0.101260506,-0.17289914,0.061419394,0.9399973,0.6582598,0.046969328,0.00075076084,-0.106788434,-0.105140924,0.66228575,0.30935195,0.3884373,0.114045635,0.54482836,1.034955,0.17964362,-0.38346,-0.8381006,-0.22444892,0.78091806,0.22205462,-0.3923922,-0.5593788,143.28581,-293.7669,72.256485,942.9552,-382.45334,26.139938,-198.66348,-82.068924,-198.05789,-217.56575,200.03531,-48.51813,-0.081399105,-0.05790172,-0.7765135,1.6664498,-0.8339538,0.14434771,0.110317975,0.021563584,-0.63241196,1.6712588,-0.9555577,0.0029342321,2.2510424,-2.0252101,-3.4579828,1.2283878,18.799946,13.165195,0.93938655,0.015015217,-2.1357687,-2.1028185,13.245715,6.187039
253,-0.08248217,-0.19556236,0.0023598531,-0.040726885,0.00063983165,-0.9991702,1.0,0.0,0.0,-0.01752292,-0.07513374,0.00538677,0.109423995,0.06347567,0.1885024,0.07149556,0.018080061,0.16648203,0.07031548,-0.1086151,-0.009834769,0.49144664,-0.0645722,-0.004107421,0.28821298,0.30683073,-0.099387966,-0.38365883,-0.025412684,0.075137526,0.08931815,-0.12836261,-0.34152803,-0.26980424,-0.10840483,-0.469926,0.08610009,-0.61861193,-0.49681103,0.17623231,-0.06737958,0.24972594,-0.48128015,-0.40100217,-0.19716242,195.94511,233.91443,242.1926,197.90292,-54.128628,-199.13031,-195.51889,33.68152,290.58807,344.35098,-243.993,-147.85135,-0.01752292,-0.07513374,-0.79461324,1.709424,-0.73652434,0.1885024,0.07149556,0.018080061,-0.633518,1.6703155,-0.9086151,-0.009834769,9.828933,-1.291444,-0.08214842,5.76426,6.1366143,-1.9877592,-7.6731763,-0.5082537,1.5027505,1.7863629,-2.5672522,-6.83056
254,0.1011631,0.07865517,-0.19691655,-0.042872656,-0.00095064554,-0.99908006,1.0,0.0,0.0,0.034266442,-0.090671875,-0.006406665,0.15362835,0.052114546,0.09206217,0.04058105,0.005642351,0.18889576,0.06939757,-0.19493657,-0.07579501,0.06938573,-0.08179701,-0.110504925,0.16489507,-0.3545525,-0.7962173,0.029023347,-0.080213375,0.12582867,-0.09206962,-0.498131,-0.29132932,-0.7310855,0.4662922,0.11148659,-0.7664511,-0.60433656,0.35264257,0.743194,0.119798556,0.18644719,-0.79473233,0.09385002,0.23517296,-201.27966,29.533417,-188.44781,-217.21672,-199.8449,-200.22035,200.5113,-76.69294,0.40119076,-224.92035,39.34469,22.51794,0.034266442,-0.090671875,-0.8064067,1.7536284,-0.74788547,0.09206217,0.04058105,0.005642351,-0.61110425,1.6693976,-0.9949366,-0.07579501,1.3877145,-1.6359402,-2.2100985,3.2979014,-7.09105,-15.924346,0.5804669,-1.6042675,2.5165732,-1.8413924,-9.96262,-5.8265862
255,-0.40041196,-0.023808159,-0.04047101,-0.041831147,0.0063484814,-0.9991045,1.0,0.0,0.0,0.008327028,-0.08229333,-0.005695939,0.15433276,-0.0934329,0.0055566346,0.08782385,0.013524644,0.21167743,0.0461725,-0.23382872,-0.05587768,-0.29061517,0.137422,0.09730538,-0.12947538,-1.0217947,-0.13525648,0.36791986,0.09830021,0.074991696,-0.063637994,-0.05408908,0.43639967,0.0211846,0.06570871,-0.3622911,0.4861851,-0.18725263,0.7659332,-0.3683683,-1.0268979,0.5775286,-0.42775875,1.1221795,0.06062681,-204.14485,192.94348,188.99937,-208.60362,-158.35756,200.25401,155.91954,-206.48512,-193.47731,88.32486,66.242676,211.6166,0.008327028,-0.08229333,-0.80569595,1.7543328,-0.8934329,0.0055566346,0.08782385,0.013524644,-0.5883226,1.6461725,-1.0338287,-0.05587768,-5.8123035,2.7484398,1.9461075,-2.5895076,-20.435892,-2.7051296,7.358397,1.9660041,1.4998338,-1.2727598,-1.0817816,8.727993
256,-0.14211503,-0.07512014,-0.2595406,-0.043898992,0.016714817,-0.9988961,1.0,0.0,0.0,-0.012510196,-0.058502972,-0.001588881,0.15352201,-0.22226089,0.053366102,0.11598646,0.018190803,0.23371184,0.03540516,-0.23148757,0.0045104297,-0.0026417882,0.09983813,-0.043538045,0.099662945,-0.3348483,0.54384553,-0.007909211,-0.027112255,0.12668231,-0.03610329,0.051076528,0.20627895,0.14943133,-0.19960861,-0.13215785,0.06930235,0.5305026,0.0434499,-0.7485841,-0.735886,0.4333276,-0.43488216,1.0179605,-0.7970719,76.726456,152.6919,-190.3808,184.71506,200.2632,200.11716,-145.2596,73.589874,5.15979,79.49681,-13.264511,-90.8972,-0.012510196,-0.058502972,-0.8015889,1.753522,-1.0222609,0.053366102,0.11598646,0.018190803,-0.5662882,1.6354052,-1.0314876,0.0045104297,-0.052835763,1.9967625,-0.87076086,1.9932588,-6.696966,10.87691,-0.15818422,-0.5422451,2.533646,-0.72206575,1.0215305,4.125579
257,0.5083778,-0.069341525,-0.4071064,-0.046925683,0.0074267825,-0.99887073,1.0,0.0,0.0,0.020750169,-0.06625945,-0.012596309,0.16045725,-0.21289605,0.09195868,0.0810285,-0.00911622,0.26727426,0.022137165,-0.20736581,-0.0070678093,0.24328792,-0.14980288,-0.06136484,-0.017635835,0.35887507,-0.03966357,-0.31409168,-0.20948271,0.18109281,-0.0524878,0.0783496,-0.22125462,-0.29491824,0.8745846,0.089535914,-0.2900711,-0.040335484,-0.2727065,0.2577351,0.76228297,-0.24193871,0.26313835,0.6054884,-0.27655342,42.82947,-154.9491,-147.35175,-172.07953,200.66687,-82.89387,-229.0679,157.61496,91.99904,111.18619,-7.750946,-75.91544,0.020750169,-0.06625945,-0.8125963,1.7604573,-1.0128961,0.09195868,0.0810285,-0.00911622,-0.53272575,1.6221372,-1.0073658,-0.0070678093,4.8657584,-2.9960575,-1.2272968,-0.3527167,7.177501,-0.79327136,-6.2818336,-4.1896544,3.6218562,-1.049756,1.5669919,-4.425092
258,-0.11999335,-0.046628058,-0.14053792,-0.04981774,0.00046396442,-0.99875826,1.0,0.0,0.0,0.02550054,-0.06537019,-0.0067807436,0.12653899,-0.14796191,0.010877362,0.060572412,-0.01931814,0.27103502,0.05451691,-0.15019977,-0.09071273,-0.15590343,0.12798136,0.08785877,-0.2902773,0.2730332,-0.62030566,0.0712814,0.06794247,-0.107776046,0.32571277,0.47724104,-0.44537362,-0.56582004,0.23816688,0.30092856,-0.058787946,-0.29839706,0.5222755,0.30538464,-0.27253968,0.1912868,-0.5199718,0.37114125,-0.02885386,-202.08832,193.84273,143.71674,-212.46152,-35.663715,-27.295681,217.07845,10.527435,-298.32434,189.09424,126.08788,26.677528,0.02550054,-0.06537019,-0.80678076,1.726539,-0.9479619,0.010877362,0.060572412,-0.01931814,-0.528965,1.6545169,-0.9501998,-0.09071273,-3.1180685,2.5596273,1.7571753,-5.805546,5.460664,-12.406113,1.4256281,1.3588494,-2.155521,6.514255,9.544821,-8.907473
259,-0.116133414,-0.2845817,0.117944025,-0.05619282,0.0042695245,-0.9984108,1.0,0.0,0.0,-0.043592572,-0.038911376,0.028563678,0.06380904,-0.16090167,-0.040874846,0.10613803,-0.011022374,0.2551359,0.10497856,-0.007620454,-0.1043735,-0.42478457,0.072017886,0.22008605,-0.19219272,-0.22168592,0.03490803,0.31643173,0.035232592,-0.06166774,0.20285468,0.7878337,0.1595207,0.50050443,-0.6255191,-0.324315,0.5949394,0.2769357,0.40817407,-0.4092064,-0.07040587,-0.4549473,-0.21799849,-0.59520924,0.015518371,-44.722412,-831.1401,367.7611,682.90546,-12.983826,172.25417,94.27408,-121.362564,-237.46442,-186.70456,-35.899307,61.098793,-0.043592572,-0.038911376,-0.77143633,1.6638091,-0.9609017,-0.040874846,0.10613803,-0.011022374,-0.5448641,1.7049786,-0.80762047,-0.1043735,-8.495691,1.4403577,4.401721,-3.8438544,-4.433718,0.6981606,6.3286343,0.70465183,-1.2333548,4.0570936,15.756674,3.190414
260,0.2401157,0.24478966,0.14648107,-0.055866517,0.00064546446,-0.9984381,1.0,0.0,0.0,-0.0813136,-0.049933463,0.034810185,0.059566855,-0.12871939,0.04290163,0.12539035,-0.029091755,0.22701848,0.13505769,0.07684964,-0.06294262,-0.0071507315,-0.13144277,-0.114629865,0.09751961,0.46923295,0.716049,-0.0758975,-0.16888839,-0.2093598,0.10450479,0.12378311,0.18923442,0.45237586,0.3640573,0.35511312,-0.31136572,0.29295474,-0.17726383,-0.59740394,0.79066217,0.44246975,-0.5734827,-0.67286325,-0.22409377,199.91737,-200.71439,-199.98143,180.13188,200.0174,134.08574,-200.42291,51.659653,-212.38596,-228.00775,-200.42287,-16.875843,-0.0813136,-0.049933463,-0.7651898,1.6595669,-0.9287194,0.04290163,0.12539035,-0.029091755,-0.57298154,1.7350577,-0.7231504,-0.06294262,-0.14301462,-2.6288552,-2.2925973,1.9503921,9.384659,14.32098,-1.5179499,-3.3777678,-4.187196,2.0900958,2.4756622,3.7846882
261,-0.30863547,-0.3077162,0.13956441,-0.05823239,0.0034350553,-0.99829715,1.0,0.0,0.0,-0.037977923,-0.052253425,0.052986503,0.04542315,0.009697318,0.11121105,0.07364578,-0.03910313,0.21867365,0.128564,0.026821792,-0.09215917,0.40003935,0.091201335,0.2592797,-0.20702754,0.6938624,0.03576934,-0.40638986,0.043613665,0.09756054,-0.14344877,-0.5562015,-0.29572788,-0.09548322,-0.33757502,-0.7796759,0.5546791,-0.29602826,-0.6802784,0.17121665,-0.5434023,0.004683383,-0.33078492,-0.59954596,0.010180283,203.9798,263.93564,163.79843,-235.76013,-65.48832,-198.50804,-201.35425,194.52525,219.38348,-208.79645,-199.66747,-5.6139455,-0.037977923,-0.052253425,-0.7470135,1.6454232,-0.7903027,0.11121105,0.07364578,-0.03910313,-0.58132637,1.728564,-0.7731782,-0.09215917,8.000787,1.8240267,5.185594,-4.1405506,13.877247,0.7153868,-8.127797,0.87227327,1.9512107,-2.8689754,-11.12403,-5.9145575
262,0.36221713,0.2591655,0.038011193,-0.058085293,0.0011902321,-0.9983109,1.0,0.0,0.0,-0.0058073252,-0.058239855,0.06434673,0.04232979,0.06599772,0.041122984,0.02918191,-0.056491613,0.22367698,0.085811496,-0.15024161,-0.08381459,-0.023283804,-0.120301664,-0.10725599,0.13661316,-0.055144764,-0.62943125,-0.07465719,-0.18682508,-0.03761187,-0.27596927,-1.0332124,0.20048128,-0.5042557,0.3292418,0.04492582,0.67877114,-0.3846425,0.32146063,0.7109582,1.0204668,0.46337903,0.24527071,0.35765463,0.25108597,-173.15997,-22.285492,-152.93121,281.22925,-227.70175,-165.99072,191.58759,-165.40996,-205.60913,-236.09045,23.893867,18.206734,-0.0058073252,-0.058239855,-0.7356533,1.6423298,-0.7340023,0.041122984,0.02918191,-0.056491613,-0.57632303,1.6858115,-0.9502416,-0.08381459,-0.46567607,-2.4060333,-2.1451197,2.732263,-1.1028953,-12.588625,-1.4931437,-3.7365015,-0.7522373,-5.5193853,-20.664248,4.0096254
263,-0.13937522,-0.14823505,0.07290805,-0.056770425,-0.0021064358,-0.998385,1.0,0.0,0.0,-0.051091813,-0.06026147,0.048888028,0.08850396,-0.02036184,-0.012291396,0.06563087,-0.06407197,0.23056978,0.04685414,-0.28353757,0.013886503,-0.39172512,0.07868096,-0.052256353,0.30809328,-0.718893,0.029637663,0.39284998,0.08405103,0.08967035,-0.1251022,-0.3664503,0.5643233,-0.063950606,0.022402301,-0.04073814,-0.2643829,-0.37166983,0.5538608,-0.4635539,-0.08287425,0.31578395,-0.96908647,0.52453405,-0.080327496,-201.27084,182.48872,81.13101,195.74611,-124.888565,199.82509,202.50652,202.2607,180.9074,173.07083,199.65796,-34.25564,-0.051091813,-0.06026147,-0.751112,1.688504,-0.82036185,-0.012291396,0.06563087,-0.06407197,-0.56943023,1.6468542,-1.0835376,0.013886503,-7.834502,1.5736192,-1.045127,6.1618657,-14.37786,0.59275323,7.8569994,1.6810205,1.7934071,-2.502044,-7.329006,11.286466
264,-0.10293289,0.014266761,-0.050561033,-0.059417963,0.0025070815,-0.9982301,1.0,0.0,0.0,-0.087356284,-0.044627313,0.039575934,0.13217556,-0.15197515,0.069386594,0.09891809,-0.056700148,0.25322592,-0.005043745,-0.2823226,0.050836727,-0.045510955,0.08033599,-0.048834816,0.1433622,-0.55467117,0.71770024,-0.021972908,0.0018556685,0.12551354,-0.36577109,0.3115533,-0.12586577,0.8023541,0.04050319,-0.67374116,-0.45948377,0.072733834,-0.06828384,-0.665515,-0.35184497,0.11415889,-0.55677056,0.8489367,-0.626022,99.254715,66.342865,-100.67615,-216.94202,71.80151,200.12296,-201.03583,-53.096863,21.768578,-218.86203,200.34152,-199.95987,-0.087356284,-0.044627313,-0.7604241,1.7321756,-0.95197517,0.069386594,0.09891809,-0.056700148,-0.5467741,1.5949563,-1.0823226,0.050836727,-0.9102191,1.6067197,-0.9766963,2.8672438,-11.093423,14.354005,-0.43945813,0.03711337,2.5102706,-7.3154216,6.2310658,-2.5173154
265,0.0859129,0.54936963,-0.2025727,-0.046069343,0.0027673712,-0.9989344,1.0,0.0,0.0,-0.05492897,-0.028113125,0.009835422,0.14572394,-0.1866613,0.13857837,0.046070177,-0.07357493,0.25138295,-0.069651484,-0.13888776,-0.03489829,0.33152708,0.07056039,-0.21636353,0.0015062398,0.1385288,0.04198936,-0.42027578,-0.13234629,-0.15744062,-0.09397495,0.93281555,-0.5319986,-0.23720461,0.25201547,0.48935002,0.5126922,-0.059656344,-0.5257418,0.15269801,0.06301828,1.1919668,1.1792825,0.27676082,0.0016016699,200.49602,10.947662,-220.23378,-228.85663,199.63463,-201.2413,-180.957,717.3777,433.99915,1231.5896,-348.25317,132.09631,-0.05492897,-0.028113125,-0.7901646,1.745724,-0.9866613,0.13857837,0.046070177,-0.07357493,-0.54861706,1.5303485,-0.9388878,-0.03489829,6.630542,1.4112078,-4.3272705,0.030124795,2.7705758,0.8397872,-8.405516,-2.6469257,-3.1488123,-1.879499,18.656311,-10.639971
266,-0.38280714,-0.121041834,-0.12057634,-0.0389907,0.009180201,-0.9991975,1.0,0.0,0.0,-0.032522686,0.009617985,-0.009742379,0.15529943,-0.14386505,0.06909625,0.012337818,-0.078372784,0.22225869,-0.031593204,-0.014641523,-0.051301192,-0.068385154,0.29356334,0.00032974526,0.088429324,0.20397578,-0.66590905,0.022400329,0.055417772,-0.124690235,0.34885836,0.54212254,0.11208419,-0.62891763,-0.990426,0.086701974,-0.11575471,-0.5725546,0.32490453,0.1458031,-0.50498056,0.44100374,-0.4275232,0.050065458,-0.06063598,-200.20483,207.83336,217.32083,179.02168,-17.886538,-199.92528,210.51173,29.097,-58.18199,189.40565,-20.005516,28.189034,-0.032522686,0.009617985,-0.8097424,1.7552994,-0.94386506,0.06909625,0.012337818,-0.078372784,-0.5777413,1.5684068,-0.81464154,-0.051301192,-1.3677031,5.871267,0.006594905,1.7685864,4.0795155,-13.318181,0.44800657,1.1083554,-2.4938047,6.977167,10.842451,2.2416837
267,0.2046463,-0.4512546,-0.08892613,-0.052254956,0.011506047,-0.9985675,1.0,0.0,0.0,-0.0892671,0.04025756,0.01812917,0.15078402,-0.17769289,0.011106951,0.04494463,-0.08499013,0.23372304,0.0059649944,0.027258754,-0.0461885,-0.46224976,0.030550009,0.2208811,-0.09837759,-0.47242308,0.017623894,0.2101585,-0.10970032,0.18435603,0.060971793,0.053004146,0.005038485,0.4936353,-0.3121997,-0.5887332,-0.6226435,-0.045871302,0.27666143,-0.38325107,0.7811151,-0.8718966,-0.5943747,-0.5337068,-0.24133497,-203.10428,-275.93048,-20.379402,-207.8362,-199.18993,198.74666,-3.8335695,-0.23704529,246.51923,-119.90061,-50.542908,1.6862297,-0.0892671,0.04025756,-0.78187084,1.750784,-0.9776929,0.011106951,0.04494463,-0.08499013,-0.56627697,1.605965,-0.77274126,-0.0461885,-9.244995,0.6110002,4.417622,-1.9675518,-9.448462,0.35247788,4.20317,-2.1940064,3.6871207,1.2194358,1.0600829,0.1007697
268,0.16313732,0.10085346,0.0099552125,-0.05793873,0.0039082807,-0.99831253,1.0,0.0,0.0,-0.13240679,0.035529714,0.03926754,0.12236905,-0.19382167,0.08017729,0.04480169,-0.10072914,0.2543611,0.005416155,-0.033374608,-0.09558073,0.000720598,-0.068970226,0.0025621927,-0.14184867,0.23161805,0.47153693,-0.17918955,-0.03674524,0.04347464,-0.08321684,-0.5712075,-0.30275044,0.5716311,0.13508402,0.20594946,0.1163609,0.1155511,-0.011703349,-0.19581573,0.4721871,0.08887892,0.28760916,-0.21518861,0.10834733,226.83398,-314.5221,-180.05463,-84.86252,140.75047,-22.26349,-229.78262,389.59332,-248.9429,-330.11877,-181.78696,9.42989,-0.13240679,0.035529714,-0.7607325,1.7223691,-0.9938217,0.08017729,0.04480169,-0.10072914,-0.5456389,1.6054162,-0.8333746,-0.09558073,0.01441196,-1.3794044,0.051243853,-2.8369732,4.632361,9.430738,-3.583791,-0.73490477,0.8694928,-1.6643368,-11.42415,-6.0550084
269,-0.42060414,0.09026278,0.16226216,-0.053954665,0.0114973,-0.9984772,1.0,0.0,0.0,-0.091447495,0.04877064,0.046176672,0.09659481,-0.09866762,0.10099432,-0.021861812,-0.08555213,0.23857605,0.02363658,-0.108787954,-0.08292888,0.37388945,0.15443306,0.055692036,-0.11430078,0.51264465,-0.16236071,-0.38099107,0.16501157,-0.15964447,0.23206829,-0.2782042,0.33445284,-0.45677686,-0.60698843,0.08062777,0.44771987,-0.02590157,-0.24354436,0.45741355,-0.71756524,0.52765965,-0.1438981,0.22773674,0.2923026,197.95396,48.70166,144.11269,95.49076,-37.042347,-109.557175,-18.754616,236.61655,-87.02543,212.3048,47.800198,117.14994,-0.091447495,0.04877064,-0.75382334,1.6965948,-0.89866763,0.10099432,-0.021861812,-0.08555213,-0.56142396,1.6236366,-0.90878797,-0.08292888,7.477789,3.0886612,1.1138407,-2.2860155,10.2528925,-3.247214,-7.6198215,3.3002315,-3.1928895,4.6413655,-5.564084,6.6890564
270,0.27313668,-0.25645807,-0.0153448265,-0.0580717,0.0131777655,-0.99822545,1.0,0.0,0.0,-0.061782528,0.051303603,0.058501482,0.09850335,-0.0545094,0.006194314,-0.05499826,-0.077585466,0.24101341,0.035474896,-0.089888275,0.035943635,-0.032735683,-0.10612493,0.065474145,0.11123659,0.093415044,-0.5836669,0.0068520196,-0.062131025,0.14465792,-0.08180267,0.3990896,0.62935877,-0.36389253,-0.11709465,-0.08157593,-0.28075615,-0.09819324,0.35332158,0.5286302,0.3046164,-0.12942085,-0.711666,-0.14152431,-0.20121348,-199.32556,-202.13214,-5.9891157,183.4958,-35.076298,23.058388,200.80757,-201.2423,194.83186,-220.87108,199.93086,-57.634605,-0.061782528,0.051303603,-0.74149853,1.6985034,-0.8545094,0.006194314,-0.05499826,-0.077585466,-0.5589866,1.6354749,-0.8898883,0.035943635,-0.65471363,-2.1224985,1.3094829,2.2247317,1.8683009,-11.673338,0.13704039,-1.2426205,2.8931584,-1.6360534,7.981792,12.587175
271,0.29788548,0.35731688,0.023060273,-0.05465754,0.001315458,-0.9985043,1.0,0.0,0.0,-0.109042525,0.02158363,0.053084135,0.10605419,-0.06356478,-0.035497162,-0.009180534,-0.07573677,0.25408685,0.0056722164,-0.07636219,0.08709313,-0.40054592,-0.16930209,-0.10549165,-0.024480965,-0.074028626,0.09775801,0.41272065,0.06997397,0.0012828461,-0.20319538,-0.10911738,-0.04990385,0.30367997,0.70877165,0.18620554,-0.34566268,-0.08125161,0.5096251,-0.40982667,0.2175134,0.8025228,0.18617046,0.14429504,-0.7461135,-179.49232,-82.88076,-248.18161,-246.71504,-4.3838534,200.94006,210.1548,157.80539,-208.22311,-219.6333,-43.767296,-201.12259,-0.109042525,0.02158363,-0.7469159,1.7060542,-0.8635648,-0.035497162,-0.009180534,-0.07573677,-0.54591316,1.6056722,-0.8763622,0.08709313,-8.010919,-3.3860416,-2.109833,-0.48961928,-1.4805725,1.9551601,8.254413,1.3994793,0.025656922,-4.0639076,-2.1823475,-0.998077
272,-0.39706832,-0.13185284,0.07055271,-0.051892914,0.0049799844,-0.99864024,1.0,0.0,0.0,-0.14391719,0.014715889,0.06868905,0.070103884,-0.071627915,0.05932396,0.036429472,-0.037097152,0.2661119,-0.020365238,-0.032369792,-0.0004928182,0.013816297,0.070874624,0.21281639,-0.29954168,-0.025653297,0.7820707,0.07481315,0.2948691,0.09945696,-0.07155063,0.3815053,-0.75514865,0.367379,-0.11987932,-0.38520953,0.25209418,0.26387393,0.06196829,-0.5206296,-1.071586,0.4415511,0.46589082,0.6747706,0.43862787,199.68784,200.1473,65.29205,-223.40004,5.1825414,199.97832,-199.40358,204.72406,155.3988,154.048,18.55548,-199.82385,-0.14391719,0.014715889,-0.73131096,1.6701039,-0.8716279,0.05932396,0.036429472,-0.037097152,-0.5338881,1.5796348,-0.8323698,-0.0004928182,0.27632594,1.4174924,4.2563276,-5.9908338,-0.51306593,15.641414,1.4962629,5.897382,1.9891391,-1.4310125,7.630106,-15.102973
273,0.19028658,-0.2459762,-0.21051502,-0.05937288,0.0076827696,-0.99820626,1.0,0.0,0.0,-0.09759548,0.004985222,0.088071644,0.043589115,-0.004529178,0.14283904,0.0047972994,-0.01633774,0.28420305,-0.017670512,0.096438885,-0.074600585,0.41153207,-0.14143054,0.012097576,0.001356504,0.5644005,0.11849635,-0.3663456,-0.09087715,0.033803374,0.15395646,0.66463196,-0.032681815,-0.3181734,0.13622318,0.07537217,0.4230526,0.3009714,-0.41246963,0.08862364,-0.5571624,-0.04147563,0.52059066,0.048829526,0.16338429,200.24413,-120.52389,-147.01564,206.09113,51.80506,-199.60338,-162.74977,-632.0781,-241.92421,276.50177,-21.589691,219.98695,-0.09759548,0.004985222,-0.71192837,1.6435891,-0.8045292,0.14283904,0.0047972994,-0.01633774,-0.51579696,1.5823295,-0.7035611,-0.074600585,8.230641,-2.8286107,0.24195151,0.02713008,11.28801,2.369927,-7.326912,-1.817543,0.6760675,3.0791292,13.292639,-0.6536363
274,0.19296749,-0.009540108,-0.11769564,-0.06327151,-0.00044889748,-0.9979962,1.0,0.0,0.0,-0.060947787,-0.015035553,0.074212074,0.06625497,0.107856095,0.08855541,-0.031908914,-0.03778606,0.26341736,0.046719313,0.15397692,-0.01619884,-0.0035366882,-0.06713213,-0.11874294,0.19633542,0.48472315,-0.5905274,-0.04047602,-0.11499468,-0.20365441,0.45495424,-0.018333243,0.41871357,-0.4586956,0.30702645,0.24832836,-0.46968952,-0.4132558,-0.09291998,0.21313143,0.86225104,-0.08320021,-0.3939625,-0.9120493,-0.31922603,-200.17584,196.18063,96.91272,179.52312,-59.966236,-200.15933,204.59161,-212.62112,-206.29025,168.79756,-200.24141,-12.776291,-0.060947787,-0.015035553,-0.72578794,1.666255,-0.6921439,0.08855541,-0.031908914,-0.03778606,-0.53658265,1.6467193,-0.6460231,-0.01619884,-0.07073376,-1.3426425,-2.3748589,3.9267082,9.694463,-11.810548,-0.80952036,-2.2998936,-4.073088,9.099085,-0.36666486,8.374271
275,-0.36103326,0.06735568,0.13745613,-0.061951358,0.0039928975,-0.9980712,1.0,0.0,0.0,-0.10420012,-0.0046531637,0.0722633,0.07190204,0.13010442,0.011273239,0.0020377382,-0.027055023,0.22095627,0.12670147,0.07755387,-0.0067737196,-0.39202765,0.1509382,0.082994804,-0.107856,-0.19419369,-0.28347877,0.33010346,0.1907427,-0.22473167,0.35593548,-0.6797131,-0.25734702,0.45093483,-0.9741004,-0.17504856,-0.7157369,-0.20762016,0.24560967,-0.12977742,-0.18864523,0.3107359,-1.1415612,-0.39102846,-0.07805249,-201.04065,186.84212,250.88655,-193.42805,-199.11488,54.86017,150.46297,181.1249,-255.8829,-250.2392,-201.02606,-200.48923,-0.10420012,-0.0046531637,-0.7277367,1.6719021,-0.6698956,0.011273239,0.0020377382,-0.027055023,-0.57904375,1.7267015,-0.72244614,-0.0067737196,-7.840553,3.018764,1.659896,-2.15712,-3.8838737,-5.669575,6.602069,3.814854,-4.494633,7.1187096,-13.594261,-5.14694
276,0.21933328,0.057470642,-0.146991,-0.0594672,0.0057045966,-0.998214,1.0,0.0,0.0,-0.13717401,-0.0011997131,0.086030304,0.039800167,0.034006476,0.031539015,0.024766175,-0.023567026,0.1968869,0.16408634,-0.08694661,-0.038016103,0.02109993,-0.09098745,0.051886607,-0.20678973,-0.5646711,0.38976535,-0.063823685,-0.123030625,-0.03357379,0.048368167,-0.7600313,-0.10967492,0.3290973,0.04505332,0.46819404,0.18339182,0.6597143,0.21908104,-0.39895934,0.29503506,0.01763454,-0.583156,-0.079379186,0.6548433,199.19904,-194.10033,-197.30736,-219.76794,24.685633,115.92152,-200.01167,-199.20744,193.25555,-222.93448,87.1102,22.395395,-0.13717401,-0.0011997131,-0.7139697,1.6398002,-0.76599354,0.031539015,0.024766175,-0.023567026,-0.6031131,1.7640864,-0.8869466,-0.038016103,0.42199862,-1.819749,1.0377321,-4.1357946,-11.293422,7.7953067,-1.2764736,-2.4606125,-0.6714758,0.96736336,-15.200625,-2.1934984
277,-0.18245113,0.06099669,0.12903395,-0.05701313,0.0064929193,-0.9983523,1.0,0.0,0.0,-0.089944296,-0.0005766232,0.10104132,0.006251335,-0.0059122443,0.102647066,-0.026875723,-0.031192647,0.18287659,0.16461337,-0.16247195,0.012573722,0.41152492,0.064718224,0.08998493,-0.13276264,0.09913746,0.2997268,-0.41893217,0.024100292,-0.096322656,-0.036118437,-0.06453864,0.5496792,-0.2519525,0.25199097,-0.16842447,0.9804435,0.41276556,-0.40684292,0.3516045,-0.2880789,0.1022334,-0.2614128,-0.22049025,0.13876295,201.3235,53.006687,172.35464,172.617,199.46732,-42.785545,-206.48752,237.5442,-181.81071,-209.72202,200.87453,200.88188,-0.089944296,-0.0005766232,-0.6989587,1.6062514,-0.80591226,0.102647066,-0.026875723,-0.031192647,-0.6171234,1.7646134,-0.96247196,0.012573722,8.230498,1.2943645,1.7996986,-2.6552527,1.9827492,5.994536,-8.378643,0.48200583,-1.9264531,-0.7223687,-1.2907728,10.993585
278,-0.02040744,0.37580153,-0.09173507,-0.047325023,0.010244133,-0.99882704,1.0,0.0,0.0,-0.05376909,0.009499982,0.0806036,0.025435448,0.05733508,0.06596127,-0.07291596,-0.03255415,0.16118354,0.13919878,-0.18198806,0.07265446,0.0032158517,0.051279403,-0.25418457,0.25543612,0.51482224,-0.55032325,-0.07234552,-0.034256924,-0.1118104,-0.20501073,-0.093285285,0.19197705,-0.57829034,-0.56388336,0.4189339,0.33179668,-0.25850958,0.11489173,0.49567914,-0.12674381,0.9439161,-0.37508684,-0.5092938,-0.5590297,-190.71689,200.48781,-350.4607,153.89993,151.31302,-211.7796,195.06209,-171.78232,-7.369384,-217.47302,8.512219,-47.473343,-0.05376909,0.009499982,-0.7193964,1.6254355,-0.74266493,0.06596127,-0.07291596,-0.03255415,-0.6388165,1.7391988,-0.9819881,0.07265446,0.06431703,1.025588,-5.0836916,5.108722,10.296445,-11.006465,-1.4469104,-0.68513846,-2.236208,-4.1002145,-1.8657057,3.839541
279,0.44335213,-0.23952533,-0.12081782,-0.04592191,-9.8517165e-05,-0.998945,1.0,0.0,0.0,-0.09660483,-0.005175528,0.049693167,0.09130061,0.083771646,0.029770337,-0.04691333,-0.054931045,0.18017817,0.06693709,-0.2659281,0.037982587,-0.38955882,-0.16901769,-0.07159265,0.38022426,-0.18058944,0.092940174,0.3020496,-0.15585472,0.2661479,-0.49197498,-0.55789226,-0.47391984,0.2265681,0.5645864,-0.17000055,-0.04945222,-0.59502596,0.539277,-0.1988641,0.7631658,0.10102881,-0.025260761,0.15681508,0.0959138,-195.76671,-244.62048,152.94601,97.96153,-200.83427,118.06034,196.73676,18.777416,256.93106,-211.02492,10.960389,-199.87149,-0.09660483,-0.005175528,-0.75030684,1.6913006,-0.71622837,0.029770337,-0.04691333,-0.054931045,-0.61982185,1.6669371,-1.0659281,0.037982587,-7.7911763,-3.3803537,-1.4318529,7.604485,-3.6117887,1.8588035,6.0409923,-3.1170943,5.322958,-9.839499,-11.157845,-9.478396
280,-0.18571031,0.37285605,-0.047242284,-0.0414955,-0.00411696,-0.99913025,1.0,0.0,0.0,-0.12852757,-0.011633925,0.0183568,0.15216208,-0.025172949,0.123750255,-0.026089143,-0.06298769,0.19275808,0.00046360493,-0.30137974,0.013644054,0.025386987,0.08343198,-0.21436274,0.2413998,-0.84297925,0.7770275,-0.03293976,0.03997949,-0.09523833,-0.16847074,0.15704665,0.12104348,0.45156324,0.05630295,-0.029575903,-0.31125748,-0.32054317,-0.0016000038,-0.4890476,-0.14020336,0.43258777,0.00898461,0.71855205,0.22571275,199.99283,206.80766,-181.94963,-225.90128,-200.12485,194.92017,-26.931503,-368.32202,506.69907,924.3648,296.32214,95.17853,-0.12852757,-0.011633925,-0.7816432,1.7521621,-0.82517296,0.123750255,-0.026089143,-0.06298769,-0.6072419,1.6004636,-1.1013798,0.013644054,0.5077397,1.6686395,-4.287255,4.827996,-16.859585,15.540549,-0.6587952,0.7995898,-1.9047666,-3.3694148,3.1409328,2.4208696
281,-0.16612034,-0.04207775,-0.10918046,-0.036126815,0.0029007215,-0.99934304,1.0,0.0,0.0,-0.08224196,0.005135013,-0.0009934306,0.17788363,-0.14487135,0.20526959,-0.05717833,-0.07314725,0.1802398,-0.004445195,-0.18957114,0.07660296,0.40262538,0.08168774,-0.01787613,0.04353943,-0.45603657,0.10545075,-0.27091196,-0.101069234,-0.060759306,0.05696413,0.85017854,0.30509505,-0.2578948,-0.30484384,-0.14087069,0.112404615,-0.075026885,-0.8223386,-0.1724197,-0.81351095,0.6474353,0.24802001,0.25790906,-0.07683864,199.6457,24.980644,-57.592834,-230.29634,71.359184,-200.41212,-118.7535,-184.90115,-103.00542,82.42261,183.23956,-36.886604,-0.08224196,0.005135013,-0.80099344,1.7778836,-0.94487137,0.20526959,-0.05717833,-0.07314725,-0.6197602,1.5955548,-0.98957115,0.07660296,8.052507,1.6337548,-0.35752258,0.87078863,-9.120731,2.109015,-5.418239,-2.0213847,-1.2151861,1.1392826,17.00357,6.1019006
282,0.41740215,-0.118726954,0.020216288,-0.03947707,-0.003188039,-0.9992155,1.0,0.0,0.0,-0.047649495,-0.0029365,-0.00987637,0.1819222,-0.16282481,0.1514642,-0.0981004,-0.10370986,0.1582005,0.04264891,-0.054163456,0.089522354,-0.014977581,-0.14132558,-0.06285622,0.0028085203,0.14451498,-0.57544094,-0.17108725,-0.18880174,-0.16225608,0.3774868,0.5374839,-0.08633844,-0.68451357,0.7237089,-0.14766286,-0.2749119,0.16425337,0.3088228,0.24389112,1.1166067,-0.25377193,-0.5982229,-0.56848246,-0.5480745,-200.33658,-202.11624,-193.38388,-154.25607,66.55338,-200.13525,5.336437,165.88554,-36.56871,215.38748,-37.382584,-95.965576,-0.047649495,-0.0029365,-0.8098764,1.7819222,-0.9628248,0.1514642,-0.0981004,-0.10370986,-0.6417995,1.6426489,-0.85416347,0.089522354,-0.2995516,-2.8265114,-1.2571244,0.056170404,2.8902996,-11.508819,-3.421745,-3.7760346,-3.2451215,7.549736,10.749677,-1.7267687
283,-0.050093744,0.46336222,0.082935646,-0.030729175,-0.009551502,-0.99948204,1.0,0.0,0.0,-0.0922029,-0.0063218004,-0.03861803,0.16147852,-0.071985245,0.10909457,-0.08893719,-0.114868775,0.11278343,0.114783525,-0.02562058,0.00069426454,-0.39362204,0.09155587,-0.18323903,-0.19558989,0.55696636,0.08547655,0.21487312,0.049936112,-0.27182993,0.33853653,-0.16797726,-0.74595284,0.41509777,-0.45723134,0.511656,-0.60064614,-0.49085695,0.25128952,-0.096797705,0.23816825,0.9702749,-0.956402,-0.6240292,0.37872568,-194.83363,281.98926,-15.302528,-206.44676,-25.616804,201.42407,199.37697,133.28494,-122.63163,-147.75975,-203.77725,-199.87859,-0.0922029,-0.0063218004,-0.83861804,1.7614785,-0.87198526,0.10909457,-0.08893719,-0.114868775,-0.6872166,1.7147835,-0.8256206,0.00069426454,-7.872441,1.8311174,-3.6647804,-3.9117978,11.139327,1.709531,4.2974625,0.99872226,-5.4365983,6.7707305,-3.359545,-14.919057
284,-0.119406804,-0.08752211,0.038191233,-0.023582965,-0.0061316984,-0.99970305,1.0,0.0,0.0,-0.1277908,0.0023905057,-0.037127554,0.10735059,-0.04175353,0.15094574,-0.07063026,-0.10085802,0.09518075,0.1544087,-0.13259959,-0.07623508,-0.02997224,0.00022237145,0.14310126,-0.16629969,-0.16808833,0.1573038,0.027023816,0.09495275,0.07453559,0.07487804,-0.83732575,-0.087656565,0.27982947,-0.33100903,0.027035456,0.6198642,-0.13988762,-0.16483122,-0.12156333,0.0026641935,-0.037120007,-0.22593538,-0.11664732,0.70741886,146.46428,-125.7847,620.9535,853.7233,-71.81543,-35.571846,-82.47865,209.48975,199.87079,-220.9118,-200.03123,200.2306,-0.1277908,0.0023905057,-0.83712757,1.7073506,-0.84175354,0.15094574,-0.07063026,-0.10085802,-0.70481926,1.7544087,-0.9325996,-0.07623508,-0.5994448,0.004447429,2.8620253,-3.3259938,-3.3617666,3.146076,0.5404763,1.8990549,1.4907118,1.4975607,-16.746515,-1.7531313
285,0.0811982,0.07787719,-0.070742376,-0.023252549,-0.0059195426,-0.9997121,1.0,0.0,0.0,-0.10268221,-0.0028392235,-0.023492277,0.111986876,-0.073473394,0.111271575,-0.08111188,-0.08578334,0.100402415,0.15571094,-0.22369987,-0.020267125,0.27546003,-0.057450958,0.018256595,0.13955024,-0.14691947,-0.47982618,-0.08093318,0.06254572,-0.008169599,-0.04793108,-0.14315884,0.58180386,-0.21290803,0.33303922,0.1656936,-0.16453019,0.36676556,-0.105742365,0.361185,0.18679039,0.31857434,-0.79896283,0.14529297,-0.02730738,183.15648,-95.420494,156.88603,282.07422,14.033787,-164.46559,-11.100893,115.32602,-193.79808,-216.92058,200.23262,200.08432,-0.10268221,-0.0028392235,-0.8234923,1.7119869,-0.8734734,0.111271575,-0.08111188,-0.08578334,-0.6995976,1.755711,-1.0236999,-0.020267125,5.5092006,-1.1490191,0.36513188,2.7910047,-2.9383893,-9.596523,-1.6186637,1.2509143,-0.16339198,-0.95862156,-2.8631766,11.636077
286,-0.48048726,-0.3753392,-0.05852965,-0.030641899,0.003119511,-0.99952555,1.0,0.0,0.0,-0.087291375,0.010056493,0.0043841004,0.11693263,-0.06744552,0.02171053,-0.050590105,-0.044816084,0.13475531,0.118139744,-0.17813224,0.023106964,-0.0871523,0.15653005,0.22252174,-0.046286654,0.14799806,-0.39968616,0.3433394,0.3229186,0.30012283,-0.30266932,0.5318975,-0.035538476,-0.5186575,-0.3624488,-0.87002784,-0.26408333,-0.27705032,0.6114894,-0.10250305,-1.3864454,0.34591952,-0.33758348,-0.13593112,-0.52155435,-189.34073,22.671753,-192.2728,-36.536118,-13.21965,9.346771,202.8321,217.73515,15.343201,-275.86633,198.11818,-93.06654,-0.087291375,0.010056493,-0.7956159,1.7169327,-0.8674455,0.02171053,-0.050590105,-0.044816084,-0.6652447,1.7181398,-0.97813225,0.023106964,-1.743046,3.130601,4.4504347,-0.92573303,2.9599612,-7.993723,6.8667884,6.4583716,6.0024567,-6.053386,10.63795,-0.71076953
287,0.1536269,-0.22862655,0.2884271,-0.042551175,0.008836158,-0.9990552,1.0,0.0,0.0,-0.15097679,0.011103524,0.044890404,0.10166395,-0.10817349,0.01575082,-0.02983629,-0.01554848,0.19523257,0.059386015,-0.16939592,-0.04163225,-0.5061268,-0.12082409,0.1781935,-0.119393386,-0.36694542,0.2790586,-0.06528225,0.001330899,0.26528823,-0.18708144,-0.2638193,-0.4840322,0.4435165,0.28873402,-0.2226469,0.02571584,-0.0049041808,0.34039766,-0.48402768,-0.2392549,-2.3461878e-05,0.89790696,0.4875909,-0.11380455,-202.2543,-256.0036,-244.8739,-237.82848,-15.935695,199.09996,-102.44289,-166.1899,113.51328,349.15732,-78.61305,-92.74295,-0.15097679,0.011103524,-0.7551096,1.701664,-0.9081735,0.01575082,-0.02983629,-0.01554848,-0.60476744,1.659386,-0.96939594,-0.04163225,-10.122537,-2.4164817,3.5638697,-2.3878677,-7.338908,5.581172,-1.3056449,0.02661798,5.3057647,-3.741629,-5.2763863,-9.680644
288,0.09042192,0.35007566,0.28836626,-0.039097082,0.004586751,-0.9992249,1.0,0.0,0.0,-0.20501421,-0.011819764,0.04982555,0.09871721,-0.11873627,0.10784917,-0.09023698,-0.027115166,0.20536274,0.06385338,-0.17310327,-0.07926777,-0.09753671,-0.11128266,-0.09250499,0.07540056,0.09982421,0.4657127,-0.4918099,-0.08382867,-0.12421508,0.1748367,0.20961802,-0.06741835,0.29760918,0.12657803,0.45805275,-0.2789903,0.41155165,-0.19887176,0.6584073,0.1628765,0.46864116,-0.30774206,0.4216382,0.40059617,163.69962,-76.56621,7.8448944,174.29758,37.95701,-40.47561,-209.95801,-23.778793,-230.45338,253.74438,154.32584,36.30061,-0.20501421,-0.011819764,-0.75017446,1.6987172,-0.9187363,0.10784917,-0.09023698,-0.027115166,-0.5946373,1.6638534,-0.9731033,-0.07926777,-1.9507343,-2.2256532,-1.8500998,1.5080112,1.9964843,9.314254,-9.836198,-1.6765734,-2.4843016,3.496734,4.1923604,-1.348367
289,-0.5450157,-0.15204525,-0.31405404,-0.036173146,0.014932917,-0.99923396,1.0,0.0,0.0,-0.17375667,-0.008000197,0.057807267,0.101395726,-0.076885104,0.10970005,-0.1406064,-0.03056306,0.2036066,0.08727872,-0.1129781,-0.018823083,0.3654719,0.1294592,0.1458712,-0.042935085,0.30789408,-0.35701177,-0.055172622,0.03298108,0.0896596,0.06749503,0.38192594,0.6055961,-0.20886245,-0.37119323,-0.33134326,0.1516928,0.16722308,-0.4624374,0.53786016,-1.3183218,0.20657682,-0.62354285,-0.15524656,-0.26201394,209.3661,230.2725,67.94663,-41.62874,69.21808,-234.174,223.35109,-238.38847,-47.24469,-128.87457,55.80298,190.66519,-0.17375667,-0.008000197,-0.74219275,1.7013958,-0.8768851,0.10970005,-0.1406064,-0.03056306,-0.5963934,1.6872787,-0.9129781,-0.018823083,7.3094378,2.589184,2.9174242,-0.85870165,6.1578813,-7.1402354,-1.1034524,0.65962154,1.793192,1.3499006,7.638519,12.111922
290,0.15819316,0.14915377,-0.48429775,-0.036212698,0.020477163,-0.9991343,1.0,0.0,0.0,-0.14415433,-0.005241032,0.05608797,0.11493349,0.004827261,-0.033991992,-0.11233117,-0.043272663,0.21839756,0.08417332,-0.10376942,0.036731306,-0.015136294,-0.09378216,-0.11332859,0.11686555,0.40098187,-0.94185966,0.29951602,-0.14448135,0.058870543,-0.09133146,-0.09851479,-0.00053921965,-0.47431833,-0.10367791,0.33416912,0.24757704,0.09844704,0.32287484,-0.23108855,0.5063968,0.24135956,-0.3505662,0.43708265,-0.63855875,-133.02791,-202.40741,-205.95184,-49.495193,-40.144424,-31.237715,197.85721,-188.85278,-52.020966,-210.62457,-19.735727,-199.85744,-0.14415433,-0.005241032,-0.74391204,1.7149335,-0.79517275,-0.033991992,-0.11233117,-0.043272663,-0.58160245,1.6841733,-0.90376943,0.036731306,-0.30272588,-1.8756431,-2.2665718,2.337311,8.019637,-18.837193,5.99032,-2.889627,1.1774108,-1.8266292,-1.9702957,-0.010784393
291,0.07164787,-0.098627985,0.3028818,-0.03577545,0.015932545,-0.9992329,1.0,0.0,0.0,-0.19367836,-0.02424899,0.050938547,0.14405215,0.045302093,-0.14016607,-0.09681702,-0.061101597,0.23517519,0.06414461,-0.07990527,-0.023697287,-0.4426384,-0.108963214,0.050613593,0.13620627,0.13655637,-0.22018304,-0.09658554,-0.03323206,0.073196426,-0.020749358,0.14473213,-0.47586465,0.21062753,0.0044196993,-0.10958754,0.11914112,-0.05112417,0.6218331,-0.41312343,0.088798806,0.30414546,-0.35039794,0.6903275,0.08164118,-195.00696,-106.5988,167.52682,43.81174,-22.073635,198.96045,-209.16304,312.41675,34.987713,244.70679,6.338669,-108.212135,-0.19367836,-0.02424899,-0.74906147,1.7440522,-0.7546979,-0.14016607,-0.09681702,-0.061101597,-0.5648248,1.6641446,-0.8799053,-0.023697287,-8.852768,-2.1792643,1.0122719,2.7241254,2.7311275,-4.403661,-1.9317108,-0.6646412,1.4639285,-0.41498718,2.8946426,-9.517293
292,-0.24139293,0.117377765,0.15267596,-0.034543708,0.020813685,-0.99918646,1.0,0.0,0.0,-0.23619677,-0.030569201,0.055375397,0.15962565,0.024666071,-0.10852309,-0.15135938,-0.066365145,0.24233675,0.061914325,-0.030323565,-0.039840035,-0.025693566,0.022283453,-0.0025566185,0.038529467,-0.16791074,0.4689331,-0.4132734,-0.031164503,0.010116236,-0.01221328,0.3368603,0.19700143,0.4812438,-0.013269141,-0.30611366,-0.47003722,-0.22048648,0.119109474,0.5578625,-0.5702771,0.31604123,-0.11531995,0.52157384,-0.30043283,200.04904,55.912178,-195.50766,-130.87466,-2.0878785,200.05211,-138.92065,-94.2961,6.4759293,14.448013,51.737396,116.45643,-0.23619677,-0.030569201,-0.7446246,1.7596257,-0.77533394,-0.10852309,-0.15135938,-0.066365145,-0.55766326,1.6619143,-0.8303236,-0.039840035,-0.5138713,0.44566905,-0.05113237,0.77058935,-3.3582146,9.378662,-8.265468,-0.62329006,0.20232472,-0.2442656,6.737206,3.9400284
293,0.09072698,0.14011547,-0.7389571,-0.02967924,0.022395782,-0.9993086,1.0,0.0,0.0,-0.19186106,-0.03361089,0.048601747,0.15376377,-0.051561296,-0.022514727,-0.18994662,-0.07694606,0.24419159,0.057327032,0.041033506,-0.03909774,0.42446733,-0.039649755,-0.05947996,-0.087628566,-0.4038414,0.3618843,-0.013671889,-0.064756446,0.006910601,-0.03203528,0.37506455,-0.15311736,-0.48963934,0.11110025,0.37792182,0.113333896,-0.04588735,-0.22153553,0.28108534,-0.06784101,0.27114075,0.04853852,0.6210444,-0.52365714,200.47676,40.886723,-187.62921,-213.75737,29.04196,-50.830654,164.14908,77.60213,-121.61233,-12.155365,10.54982,-102.65158,-0.19186106,-0.03361089,-0.75139827,1.7537638,-0.8515613,-0.022514727,-0.18994662,-0.07694606,-0.5558084,1.657327,-0.7589665,-0.03909774,8.4893465,-0.7929951,-1.1895992,-1.7525712,-8.076828,7.2376857,-0.27343777,-1.2951288,0.13821203,-0.6407056,7.501291,-3.0623472
294,-0.15498175,-0.22507562,-0.7014568,-0.032526903,0.024307314,-0.9991752,1.0,0.0,0.0,-0.1493103,-0.025914215,0.05769211,0.12805784,-0.0718925,-0.027580755,-0.15476143,-0.07094719,0.24563813,0.06564164,0.13473362,-0.1218863,0.03889065,0.090934046,0.12608826,-0.14548522,0.03139731,-0.32505882,0.32583475,0.095143415,0.014866081,0.08596181,0.5447547,-0.6182943,-0.83053,-0.2930506,0.03596526,0.05195446,0.046437204,-0.12182533,-0.35768467,-0.07541987,-0.3196147,0.122519836,0.13733295,-0.28256294,-200.37924,185.76855,204.84222,77.85593,31.352682,-139.20142,167.33905,156.8938,-255.87108,-22.500732,48.442566,-130.27258,-0.1493103,-0.025914215,-0.7423079,1.7280579,-0.8718925,-0.027580755,-0.15476143,-0.07094719,-0.5543619,1.6656417,-0.6652664,-0.1218863,0.77781296,1.8186809,2.5217652,-2.9097044,0.62794614,-6.5011764,6.516695,1.9028683,0.29732162,1.7192361,10.895093,-12.365886
295,0.20140179,0.13993938,-0.085644305,-0.033329464,0.021577703,-0.99921155,1.0,0.0,0.0,-0.19209665,-0.027275316,0.06424016,0.103387475,-0.034867704,-0.06778226,-0.14007607,-0.07048398,0.22138655,0.0906595,0.17364407,-0.19410707,-0.42209443,-0.07635808,-0.026739806,-0.11076017,0.19822624,-0.142847,-0.13113824,-0.05690834,-0.22046176,0.14085375,-0.022862231,-0.24409524,0.17714238,0.13192087,0.6123087,-0.05760256,0.15966119,0.16456436,-0.36221117,0.62754047,-0.20113355,0.21422802,-0.59828824,0.06336099,-200.79366,-173.04134,-65.62073,-28.547794,-17.70792,25.766678,-201.83028,49.574017,-215.1144,-83.038895,-70.26934,51.838142,-0.19209665,-0.027275316,-0.73575985,1.7033875,-0.8348677,-0.06778226,-0.14007607,-0.07048398,-0.57861346,1.6906595,-0.62635595,-0.19410707,-8.441889,-1.5271616,-0.5347961,-2.2152033,3.9645247,-2.85694,-2.6227646,-1.1381668,-4.409235,2.817075,-0.4572446,-4.8819046
296,-0.41477644,0.28357387,0.10453016,-0.024604438,0.027758311,-0.9993118,1.0,0.0,0.0,-0.23130257,-0.014604548,0.077264726,0.05702257,0.030821264,-0.026149606,-0.19785835,-0.056035243,0.16125101,0.13528645,0.094889045,-0.17018163,-0.007762336,0.16741382,0.12573762,-0.29636887,0.3160446,0.40511295,-0.3479663,0.1830306,-0.34590173,0.2614454,-0.6953022,0.4043562,0.34194738,-0.8943713,0.25600272,0.4438265,-0.018817753,-0.16102919,0.47631347,-0.5267863,0.5249172,-0.4942134,-0.5966325,0.3212778,200.39682,145.60796,207.2377,3.7856865,-31.135487,31.328176,-32.451805,296.16534,-155.76947,-80.85743,-199.03802,149.1871,-0.23130257,-0.014604548,-0.7227353,1.6570226,-0.76917875,-0.026149606,-0.19785835,-0.056035243,-0.638749,1.7352865,-0.70511097,-0.17018163,-0.15524672,3.3482761,2.5147524,-5.927377,6.320892,8.102259,-6.9593263,3.660612,-6.9180346,5.228908,-13.906043,8.087124
297,0.12207418,-0.34438643,-0.5526564,-0.028069897,0.03249281,-0.99907774,1.0,0.0,0.0,-0.18595065,-0.006493306,0.115983784,0.01411581,0.033406317,-0.017090293,-0.22054262,-0.04455214,0.1349768,0.15624523,-0.109297335,-0.025470294,0.41987416,-0.058799524,0.22793983,-0.13861962,-0.107247315,-0.22270016,0.07656788,-0.050612208,0.029182786,-0.024566574,-1.1435391,0.82593554,-0.36607003,-0.2771628,-0.08128723,0.6686243,0.3303281,-0.23156407,0.52860785,0.30691457,-0.1736167,-0.19522719,-0.42272294,0.17044291,200.07402,-143.96092,88.72628,187.04765,-13.7346945,-119.66207,198.75636,-192.70882,199.51549,-229.85939,51.050148,-48.332108,-0.18595065,-0.006493306,-0.6840162,1.6141158,-0.7665937,-0.017090293,-0.22054262,-0.04455214,-0.6650232,1.7562453,-0.90929735,-0.025470294,8.397483,-1.1759905,4.5587964,-2.7723923,-2.1449463,-4.4540033,1.5313575,-1.0122441,0.5836557,-0.4913315,-22.87078,16.518711
298,0.34071657,0.23327522,-0.5354173,-0.029787563,0.021904444,-0.9993162,1.0,0.0,0.0,-0.14849406,-0.028552985,0.12309438,0.015208602,0.08479047,-0.08975945,-0.16222252,-0.045608997,0.12045437,0.13807333,-0.26243943,0.071538895,-0.0022750916,-0.15711446,-0.1230822,0.12284582,0.49942237,-0.3507685,0.4700861,0.025967726,-0.154792,-0.1439901,-0.47871634,0.28545433,-0.725831,0.57768697,0.41835806,-0.22150117,0.030643746,0.1586074,-0.34845963,0.49276024,0.41417933,-0.62703735,0.28936613,-0.40251264,-199.60968,-205.69623,-207.1982,176.71686,66.00331,36.520397,208.41754,123.3182,-189.05338,-222.09354,141.9793,-76.79487,-0.14849406,-0.028552985,-0.67690563,1.6152086,-0.71520954,-0.08975945,-0.16222252,-0.045608997,-0.67954564,1.7380733,-1.0624394,0.071538895,-0.045501832,-3.1422892,-2.461644,2.4569163,9.988447,-7.01537,9.401722,0.5193545,-3.0958397,-2.879802,-9.5743265,5.7090864
299,-0.24430431,-0.21735612,0.082422435,-0.03050811,0.020951584,-0.9993149,1.0,0.0,0.0,-0.19392675,-0.04000101,0.13853657,0.0050582886,0.11200696,-0.087384544,-0.11341738,-0.018910604,0.12013215,0.08104408,-0.28414756,0.0513299,-0.41065717,0.019895704,0.24119985,-0.19277531,-0.11140044,0.30861136,0.056694485,0.22542298,0.12381053,-0.40302297,0.19425298,-0.41701052,0.15070452,0.07261281,-0.52965426,0.43705258,-0.13835825,0.54518497,-0.8298468,-0.8377867,0.24466997,-0.055184737,0.06864947,-0.17629881,-198.87498,140.03218,200.20341,-217.4394,-86.47957,199.02437,-194.50119,157.33221,205.18137,-232.73427,200.45473,-201.06223,-0.19392675,-0.04000101,-0.66146344,1.6050583,-0.68799305,-0.087384544,-0.11341738,-0.018910604,-0.67986786,1.6810441,-1.0841476,0.0513299,-8.213143,0.39791408,4.823997,-3.8555062,-2.2280087,6.172227,1.1338897,4.5084596,2.4762106,-8.060459,3.8850596,-8.34021
300,-0.14322227,-0.10249712,-0.14539774,-0.036794405,0.028641535,-0.99891233,1.0,0.0,0.0,-0.22794372,-0.032688405,0.16451752,-0.00074613094,0.038462996,0.04951564,-0.14544824,0.013560144,0.14236015,0.007964373,-0.18519205,-0.032597657,0.027971571,0.051120218,0.034326743,0.10381877,-0.421926,0.9822882,-0.34019047,0.10997727,0.09921339,-0.32085666,0.5931329,-0.36371884,0.5338667,-0.11430538,-0.10199634,0.68654144,0.013888925,-0.14860436,0.27684677,-0.49794418,0.2862051,1.0720769,0.1574505,0.13073048,199.51288,159.35675,-194.46748,181.03334,27.274887,165.55228,-200.07703,-207.01236,174.28471,162.91612,-23.222698,46.66065,-0.22794372,-0.032688405,-0.6354825,1.5992539,-0.761537,0.04951564,-0.14544824,0.013560144,-0.65763986,1.6079644,-0.98519206,-0.032597657,0.55943143,1.0224043,0.6865348,2.0763752,-8.4385195,19.645763,-6.803809,2.1995454,1.9842678,-6.417133,11.862658,-7.2743764
301,0.33421963,-0.16659133,-0.9644461,-0.04340346,0.022264265,-0.9988095,1.0,0.0,0.0,-0.17591608,-0.040067535,0.14664239,0.054222226,0.0115605,0.17255203,-0.16371964,0.012058296,0.16519338,-0.043005347,-0.060702443,-0.02949262,0.45160633,-0.093763575,-0.1896509,0.41341344,-0.016814303,0.3132987,0.112780035,-0.09237968,0.1142533,-0.19431983,0.5460685,0.28576922,-0.49526942,0.2727684,0.06643803,-0.3987319,-0.43366778,-0.75615776,0.1963275,0.17929958,-0.26031995,-0.14383413,-0.042267248,0.20213902,197.74072,-80.85057,-169.88022,188.58382,27.23825,-200.19463,199.73068,-196.65413,133.24582,181.6601,-65.317795,94.19698,-0.17591608,-0.040067535,-0.6533576,1.6542222,-0.7884395,0.17255203,-0.16371964,0.012058296,-0.63480663,1.5569947,-0.86070246,-0.02949262,9.032126,-1.8752714,-3.7930179,8.268269,-0.33628604,6.265974,2.2556007,-1.8475935,2.285066,-3.8863966,10.92137,5.7153845
302,-0.23970716,0.18759106,-0.7401758,-0.042551044,0.0199524,-0.99889505,1.0,0.0,0.0,-0.12916432,-0.032989718,0.1126312,0.11180174,-0.06576306,0.15800706,-0.0942931,0.02149354,0.16985488,-0.07355535,-0.020035625,0.050971873,0.055900585,0.14334153,-0.15005448,0.18440847,-0.68320096,-0.38859567,0.52537584,0.15904975,-0.052244425,-0.12030854,0.002083751,0.37677118,-0.52372617,-0.10409145,0.37278762,-0.46195763,-0.6122172,-0.33216363,-0.82855797,-0.15604791,0.45024464,-0.26920414,-0.02277103,-0.46545443,-200.38454,210.18204,44.851864,-221.93108,-177.05418,-199.93379,138.81015,141.20908,-261.0239,-71.45767,-62.843773,-43.505337,-0.12916432,-0.032989718,-0.6873688,1.7118018,-0.86576307,0.15800706,-0.0942931,0.02149354,-0.63014513,1.5264447,-0.82003564,0.050971873,1.1180117,2.8668303,-3.0010896,3.6881692,-13.664019,-7.7719135,10.507517,3.180995,-1.0448885,-2.4061708,0.041675016,7.5354233
303,0.19650109,-0.41308945,-0.24381872,-0.048691083,0.018288705,-0.9986465,1.0,0.0,0.0,-0.16923979,-0.030389944,0.120016396,0.12071657,-0.2477501,0.016816081,-0.043518372,0.029415937,0.19422632,-0.12790728,-0.020936668,0.051276214,-0.40600547,-0.08321724,0.18498392,-0.07125863,-0.89772856,-0.819447,0.029859915,-0.042452782,0.25052258,-0.35181236,-0.00634729,-0.3054751,0.05891382,0.13559888,-0.8212426,-0.19517182,0.021492645,-0.05286651,-0.78778166,-0.21192305,-0.19656849,0.34819722,0.40734786,-0.012616243,-196.95607,-138.96576,164.89853,-239.83131,87.64344,36.418583,-199.59558,-196.33318,206.42502,-0.13329697,1.905093,-200.00127,-0.16923979,-0.030389944,-0.6799836,1.7207166,-1.0477501,0.016816081,-0.043518372,0.029415937,-0.6057737,1.4720927,-0.8209367,0.051276214,-8.12011,-1.6643448,3.6996784,-1.4251726,-17.95457,-16.388939,0.5971983,-0.84905565,5.010452,-7.0362473,-0.1269458,-6.109502
304,0.15725654,0.19470161,-0.27359617,-0.051962465,0.010883,-0.9985897,1.0,0.0,0.0,-0.20416628,-0.034777973,0.13543302,0.094598055,-0.35135335,-0.07189665,-0.08412601,0.014853746,0.2064045,-0.16735733,0.05266112,0.020830212,0.01567616,0.031365633,-0.008219861,-0.1772988,-0.20751463,-0.13667534,-0.3959652,-0.09454673,-0.096896,-0.06891923,0.66428596,-0.09355309,0.5602611,0.3429996,0.14151235,-0.11186576,0.21308573,0.573444,0.38272482,0.35058826,0.22951296,0.6147196,0.07178855,-0.031544756,199.88275,200.3534,-194.76497,-216.4708,200.21342,200.10228,-203.93327,-141.92285,-242.14835,165.757,164.13364,22.18126,-0.20416628,-0.034777973,-0.664567,1.6945981,-1.1513534,-0.07189665,-0.08412601,0.014853746,-0.5935955,1.4326427,-0.7473389,0.020830212,0.31352317,0.62731266,-0.16439722,-3.545976,-4.1502924,-2.7335067,-7.9193034,-1.8909345,-1.93792,-1.3783845,13.285719,-1.8710618
305,-0.47936654,0.10605253,-0.83864194,-0.04664057,0.017626388,-0.9987562,1.0,0.0,0.0,-0.1470662,-0.000729123,0.14479172,0.04131663,-0.31776065,-0.02438152,-0.1096517,0.024127092,0.1891216,-0.16042304,0.11030632,0.0015880269,0.50845766,0.279167,0.06374551,-0.30816576,0.47562543,0.5439094,0.09195798,0.15594327,-0.07814322,0.1203885,0.0099116,-0.08378702,-0.6664416,-0.69433594,-0.03404737,0.73363316,-0.7911925,0.21967867,0.11077967,-1.4748968,0.22147822,0.46558625,-0.6624237,-0.1989677,207.64993,147.0787,-150.38008,-105.34006,198.50227,198.95161,200.5013,210.50005,156.21297,191.15276,-118.02977,10.88245,-0.1470662,-0.000729123,-0.6552083,1.6413167,-1.1177607,-0.02438152,-0.1096517,0.024127092,-0.6108784,1.439577,-0.6896937,0.0015880269,10.169153,5.5833397,1.2749102,-6.1633153,9.512508,10.878187,1.8391596,3.1188655,-1.5628643,2.40777,0.198232,-1.6757404
306,0.10851616,0.055373024,-0.9965131,-0.04433603,0.022251774,-0.9987688,1.0,0.0,0.0,-0.09030447,0.026187124,0.13502282,0.014228582,-0.29642826,0.06901012,-0.055516228,0.03252948,0.17119372,-0.12027502,0.036024034,-0.058474485,0.096397966,0.019673824,-0.13182949,0.009749189,-0.19510971,0.38472876,0.34580943,-0.057398316,-0.092573754,0.26216924,-0.68345904,-0.33341742,-0.7492298,-0.43106622,0.8069238,0.10235624,0.038843334,-0.39438874,-0.38393986,0.41647685,-0.08683237,-0.055116944,-0.02232176,0.15067138,-199.6732,-198.41992,-193.81227,182.57222,-199.69215,-53.56515,27.489462,-199.35712,192.39806,188.91406,-199.60222,20.763723,-0.09030447,0.026187124,-0.6649772,1.6142286,-1.0964283,0.06901012,-0.055516228,0.03252948,-0.6288063,1.479725,-0.763976,-0.058474485,1.9279593,0.3934765,-2.6365895,0.19498378,-3.902194,7.694575,6.9161887,-1.1479663,-1.8514751,5.243385,-13.669181,-6.6683483
307,0.1437642,0.03547602,-0.2260182,-0.042961415,0.016087305,-0.9989472,1.0,0.0,0.0,-0.12643225,0.022589,0.11563331,0.02212298,-0.26195663,0.07116238,-0.03548114,0.02377264,0.14670414,-0.07299566,-0.026777267,-0.05260522,-0.4060509,-0.047029376,-0.06543855,0.055365484,0.47304344,-0.2952768,-0.10105171,-0.031178934,-0.14445733,0.20863703,-0.06305547,0.31722498,-0.026501775,0.17386287,0.17178658,-0.27480093,0.08985075,-0.3898416,-0.78251773,0.190841,-0.13667768,-0.5699906,0.07795888,0.4656301,-200.05879,-178.0426,179.65231,84.355515,199.82246,-199.90298,-199.59007,206.63104,-204.62796,-167.07848,89.52007,168.23889,-0.12643225,0.022589,-0.6843667,1.622123,-1.0619566,0.07116238,-0.03548114,0.02377264,-0.6532959,1.5270044,-0.8267773,-0.05260522,-8.121017,-0.9405875,-1.308771,1.1073097,9.460869,-5.9055357,-2.0210342,-0.62357867,-2.8891466,4.1727405,-1.2611094,6.3444996
308,-0.38760498,0.27537766,-0.01528897,-0.036953505,0.022631519,-0.9990607,1.0,0.0,0.0,-0.16437301,0.040938027,0.11617839,-0.00010418892,-0.139638,-0.054339442,-0.09797743,0.041485533,0.11172485,-0.044529796,0.0023252368,0.07942688,-0.011032885,0.187618,0.04647675,-0.24088262,0.5713137,-0.7715556,-0.48580477,0.1821169,-0.19833045,0.086903356,0.18548568,0.854282,0.6987234,-0.3331626,0.1350392,0.45110157,-0.66711754,0.3954782,0.40329704,-0.7500801,0.68717265,-0.4153703,-0.81871897,-0.69021565,201.2848,97.36499,88.59085,-216.92072,-63.094845,16.878887,-193.79187,242.05081,-98.20846,-176.76566,-12.272852,21.051012,-0.16437301,0.040938027,-0.6838216,1.5998958,-0.939638,-0.054339442,-0.09797743,0.041485533,-0.68827516,1.5554702,-0.7976748,0.07942688,-0.22065769,3.75236,0.92953503,-4.817652,11.426273,-15.431111,-9.716095,3.6423378,-3.9666088,1.7380672,3.7097135,17.08564
309,0.21232812,-0.09319239,-0.6941777,-0.034274288,0.02428949,-0.99911726,1.0,0.0,0.0,-0.116679125,0.050846446,0.1206885,-0.023961425,-0.100548565,-0.13121723,-0.14829998,0.05429201,0.10534954,-0.05953157,-0.035362303,0.17763738,0.4424607,-0.06110034,0.007382261,-0.018993197,-0.11232227,-0.06739511,-0.061265945,-0.03752553,0.098975345,-0.20684353,-0.49517137,0.19427466,-0.48914492,0.08355729,0.2329676,0.5260491,-0.4131328,0.7381169,0.4059927,0.023969933,-0.08207088,0.49826598,-0.5115552,-0.26809373,201.18098,-203.12372,38.278755,195.55908,-199.47403,199.96768,199.02304,-193.02191,204.78584,-215.58667,-199.78435,-199.8014,-0.116679125,0.050846446,-0.6793115,1.5760386,-0.9005486,-0.13121723,-0.14829998,0.05429201,-0.6946505,1.5404685,-0.8353623,0.17763738,8.849214,-1.2220068,0.14764522,-0.37986395,-2.2464454,-1.3479022,-1.2253189,-0.75051063,1.9795069,-4.1368704,-9.903427,3.8854933
310,0.0885367,-0.1266713,-0.481662,-0.039328184,0.017929418,-0.99906546,1.0,0.0,0.0,-0.07500477,0.044355392,0.12692803,-0.011741161,-0.18561411,-0.07132971,-0.11601614,0.05065741,0.10374886,-0.06634927,-0.1863985,0.14251122,0.017554305,-0.01390474,0.042606678,0.12742506,-0.5345169,0.5998234,0.34444425,-0.007342638,-0.0994191,0.10570204,-0.7865625,-0.4784082,-0.67126906,0.4145081,0.12090211,-0.10591398,-0.6207685,-0.07524534,-0.34832805,0.18295167,0.06466399,0.14402096,-0.2443927,-0.06469715,-199.75299,84.733505,173.47025,184.4388,23.395704,200.00798,200.34416,-55.09972,-194.25172,183.5565,63.700523,-200.59117,-0.07500477,0.044355392,-0.673072,1.5882589,-0.9856141,-0.07132971,-0.11601614,0.05065741,-0.69625115,1.5336508,-0.9863985,0.14251122,0.3510861,-0.2780948,0.8521335,2.548501,-10.690337,11.996468,6.8888845,-0.14685276,-1.988382,2.1140409,-15.73125,-9.568164
311,-0.41459394,-0.03758813,-0.031204568,-0.042522065,0.02605072,-0.9987558,1.0,0.0,0.0,-0.11851753,0.06505218,0.14484096,-0.0069742203,-0.3318506,-0.026699148,-0.09643243,0.07265781,0.074579775,-0.025474787,-0.26941222,0.06166338,-0.40627715,0.18402718,0.11930807,-0.047968216,-0.7096967,-0.03695996,-0.10389423,0.18855487,-0.16616614,0.25873956,-0.11196446,-0.3298376,0.2661831,-0.7133816,-0.6507987,-0.23560962,0.12688567,-0.6046461,-0.63924813,-0.9046682,0.13911256,-0.38689172,0.39691508,0.5454222,-195.79767,162.74359,-60.658943,-141.70688,71.69855,-90.03111,-198.35088,82.076324,130.39426,91.23019,200.3071,52.111794,-0.11851753,0.06505218,-0.65515906,1.5930258,-1.1318506,-0.026699148,-0.09643243,0.07265781,-0.72542024,1.5745252,-1.0694122,0.06166338,-8.125543,3.6805437,2.3861613,-0.9593643,-14.1939335,-0.7391992,-2.0778847,3.7710974,-3.3233228,5.1747913,-2.239289,-6.5967517
312,0.17775021,-0.020801596,-0.25295535,-0.04404517,0.029307298,-0.9985996,1.0,0.0,0.0,-0.15388733,0.078884855,0.1617344,-0.02888465,-0.39786726,-0.106876686,-0.16215926,0.08557632,0.06441349,-0.009518027,-0.21776181,0.07089243,0.0116955405,-0.021573558,0.047698665,-0.16020246,-0.020032318,-0.699135,-0.511682,-0.037251696,0.032266833,-0.059629273,0.562247,0.35358766,0.13284308,0.12528835,0.45782897,-0.41881254,0.3532989,0.17826185,0.5300593,0.13829726,0.31178755,-0.3981216,-0.28447565,0.21956958,200.0237,-203.39452,-199.6911,-217.70992,200.13434,-199.97055,-200.08937,-195.88855,119.6667,-216.14862,200.56017,199.69421,-0.15388733,0.078884855,-0.6382656,1.5711154,-1.1978673,-0.106876686,-0.16215926,0.08557632,-0.7355865,1.590482,-1.0177618,0.07089243,0.2339108,-0.43147117,0.9539733,-3.204049,-0.40064636,-13.9827,-10.23364,-0.7450339,0.6453366,-1.1925855,11.24494,7.071753
313,-0.15240975,-0.47525445,-0.74610305,-0.05561853,0.029287517,-0.99802244,1.0,0.0,0.0,-0.10211718,0.08724719,0.20302933,-0.09781301,-0.3280508,-0.17142057,-0.21727638,0.08884532,0.10639793,-0.051736712,-0.18025404,0.12884225,0.4347438,0.079999976,0.33314428,-0.49632978,0.65135217,-0.014570822,-0.083821796,0.0422686,0.34927827,-0.33583143,-0.10629723,0.23553756,-0.5112218,0.4553647,-0.6797702,0.33595848,-0.38709265,0.90760803,0.5275457,-0.505842,-0.9149543,0.5867817,-1.2175323,-0.312057,99.8535,48.830547,172.39066,-239.8393,200.04987,200.93288,197.317,7.6247215,127.24516,-218.82947,-154.76822,-36.696224,-0.10211718,0.08724719,-0.5969707,1.502187,-1.1280508,-0.17142057,-0.21727638,0.08884532,-0.6936021,1.5482633,-0.98025405,0.12884225,8.694876,1.5999995,6.662885,-9.926596,13.027043,-0.29141644,-1.6764358,0.845372,6.985565,-6.7166286,-2.1259446,4.710751
314,-0.12789716,-0.15345791,-0.65148896,-0.06952586,0.033714242,-0.99701023,1.0,0.0,0.0,-0.03631204,0.09338666,0.22534972,-0.11408353,-0.26548952,-0.100133836,-0.19546723,0.094326735,0.14382297,-0.053011656,-0.25292438,0.08913249,0.21369366,0.01184231,-0.03067126,0.15945455,0.044918578,0.65954274,0.2604807,0.03044325,0.049195815,0.19795842,-0.61283404,-0.5076353,-0.6967353,-0.5943383,0.19392376,0.6850748,-0.43878502,0.12515971,-0.16384326,0.12732132,-0.30043045,0.47672015,-0.023762435,-0.2678416,-151.5377,106.5408,-41.226517,350.55405,-176.88095,201.55212,182.22433,-60.324936,-15.891922,363.09583,-173.62286,-199.24161,-0.03631204,0.09338666,-0.5746503,1.4859165,-1.0654895,-0.100133836,-0.19546723,0.094326735,-0.65617704,1.5469884,-1.0529244,0.08913249,4.2738733,0.23684621,-0.6134252,3.189091,0.8983716,13.190855,5.209614,0.60886496,0.9839163,3.9591684,-12.2566805,-10.152705
315,0.12071753,0.05060026,-0.15541218,-0.071149655,0.03200718,-0.996952,1.0,0.0,0.0,-0.047088914,0.07772278,0.20693219,-0.05166197,-0.30944365,-0.008628451,-0.17123058,0.09559276,0.12438816,0.017682076,-0.29971558,-0.036888815,-0.27590573,-0.14864509,-0.12988165,0.41396973,-0.3013063,0.34821165,0.05509747,-0.012281127,-0.21186891,0.47819957,0.07611555,-0.5788483,-0.36548498,-0.039265007,0.22798534,-1.0100467,0.15724264,-0.72654814,-0.51254517,0.24268506,-0.010698192,-1.0290533,0.48058093,0.5847244,-195.61974,-234.9725,52.46182,162.35522,10.422741,-55.95009,-39.460983,67.81285,-184.90988,176.49706,200.6316,68.24739,-0.047088914,0.07772278,-0.5930678,1.548338,-1.1094437,-0.008628451,-0.17123058,0.09559276,-0.67561185,1.6176821,-1.0997156,-0.036888815,-5.5181146,-2.9729016,-2.597633,8.279394,-6.026126,6.964233,1.1019493,-0.24562255,-4.237378,9.563992,1.522311,-11.576965
316,-0.07115436,0.083032236,0.40660676,-0.06860871,0.031803712,-0.99713653,1.0,0.0,0.0,-0.14323309,0.048956193,0.19927967,-0.0007251501,-0.29533082,-0.014325108,-0.20581363,0.10422399,0.08877778,0.092422485,-0.20900959,-0.07993685,-0.544992,-0.12963568,0.014033589,0.1332107,0.37549973,-0.33480307,-0.35218617,0.092652,-0.15184444,0.28942087,0.76238394,0.08162081,0.5095583,0.25000826,-0.09503994,-1.1183854,0.3159355,-0.07465059,0.36784706,-0.5723772,0.6763309,-1.3130413,-0.1933167,0.35986948,44.296623,-105.40559,-12.423687,-246.30652,199.15779,-201.37683,-196.42455,213.20856,-34.368473,-217.10535,200.65262,200.08899,-0.14323309,0.048956193,-0.60072035,1.5992749,-1.0953308,-0.014325108,-0.20581363,0.10422399,-0.71122223,1.6924225,-1.0090096,-0.07993685,-10.89984,-2.5927134,0.28067178,2.664214,7.5099945,-6.6960616,-7.0437236,1.85304,-3.0368888,5.7884173,15.247679,1.6324162
317,-0.06830034,0.11368777,-0.3758153,-0.06471343,0.034590743,-0.99730426,1.0,0.0,0.0,-0.19395831,0.032795012,0.19473785,0.009952188,-0.14588332,-0.044856746,-0.22824836,0.114862494,0.079449296,0.11915815,-0.13192558,0.012050843,-0.018189477,-0.037112784,-0.04973023,-0.011695015,0.9978289,-0.086478464,0.08239171,0.019474413,0.036970895,0.007882855,0.07707622,0.72447836,0.3686586,-0.060598686,0.4427714,-0.28643158,0.35149986,0.3938398,0.54191333,-0.4247719,-0.07764181,-0.4916708,-0.6412308,-0.18677092,199.64227,202.74887,-209.40523,-224.5826,56.277115,22.652117,200.43935,-203.60428,202.9112,-217.75114,-199.94028,76.25379,-0.19395831,0.032795012,-0.60526216,1.6099522,-0.94588333,-0.044856746,-0.22824836,0.114862494,-0.7205507,1.7191582,-0.9319256,0.012050843,-0.36378953,-0.7422556,-0.9946046,-0.2339003,19.956577,-1.7295692,1.6478342,0.38948825,0.73941785,0.1576571,1.5415243,14.489567
318,0.09709408,0.009599754,-0.73838764,-0.0631644,0.031535786,-0.9975048,1.0,0.0,0.0,-0.155299,0.011323261,0.1806038,0.025251508,-0.020229995,0.02452868,-0.16292089,0.10604348,0.08798975,0.10233247,-0.18953228,0.08456806,0.3729889,-0.1473778,-0.11975918,0.23636685,0.27616775,0.5510499,0.52664703,-0.08838666,0.053335547,-0.16302499,-0.586694,0.066470526,-0.23335719,0.5882564,0.39583945,0.6650943,0.092152044,-0.0077401465,-0.41235405,0.26044536,0.1625205,0.04065898,-0.4975105,-0.6289574,212.11383,-128.80382,133.40866,411.0421,-147.75961,56.40912,204.72244,-196.07289,-168.03972,-204.97824,-199.21404,-200.32924,-0.155299,0.011323261,-0.6193962,1.6252515,-0.82023,0.02452868,-0.16292089,0.10604348,-0.71201026,1.7023325,-0.9895323,0.08456806,7.4597783,-2.947556,-2.3951836,4.727337,5.523355,11.020998,10.53294,-1.7677332,1.066711,-3.2604997,-11.73388,1.3294104
319,-0.41671115,-0.27930963,-0.12358547,-0.070209995,0.03819745,-0.99680066,1.0,0.0,0.0,-0.12522946,0.003792398,0.16863817,0.08660996,0.016572177,0.056524094,-0.10997164,0.11305314,0.11306578,0.084887385,-0.29883462,0.0153759,-0.034804337,0.043601118,-0.0056456598,0.3506071,0.16255914,-0.0915715,0.04655589,0.13194874,0.1710356,0.0027948928,-0.45266467,-0.7036559,-0.774678,-0.78034014,-0.6747121,-0.46290758,-0.32587674,-0.5153983,-1.0821054,-0.8074282,-0.064693116,-0.93074864,0.41274512,0.16642313,-193.28679,157.4375,181.45801,180.24158,-10.1972685,-77.65317,-189.14462,165.37212,138.19092,138.74995,48.517315,-224.64568,-0.12522946,0.003792398,-0.63136184,1.68661,-0.78342783,0.056524094,-0.10997164,0.11305314,-0.68693423,1.6848874,-1.0988346,0.0153759,-0.6960867,0.87202233,-0.11291319,7.0121417,3.2511828,-1.8314301,0.93111783,2.6389747,3.420712,0.055897854,-9.053293,-14.073117
320,0.19760337,0.17024264,0.4283498,-0.071051985,0.041781638,-0.9965972,1.0,0.0,0.0,-0.183681,-0.0145303905,0.15342915,0.14963508,-0.026301026,-0.032766834,-0.14215776,0.1070804,0.11979318,0.09501302,-0.3087228,-0.06835294,-0.50525516,-0.20353106,-0.13848041,0.28275138,-0.51785773,-0.7400754,-0.31647846,-0.16349325,-0.07835262,0.0830757,0.28047708,-0.16211303,0.3689821,0.6507758,0.018734168,-0.6360597,-0.41602772,0.23516156,0.9910349,0.18078063,0.5955879,-0.70392257,0.8714653,0.34989485,-194.57521,-214.0193,-262.63007,-254.37329,-190.42757,-200.22235,-128.05858,-333.892,-173.91579,72.794266,221.94623,183.7547,-0.183681,-0.0145303905,-0.64657086,1.7496351,-0.82630104,-0.032766834,-0.14215776,0.1070804,-0.68020684,1.695013,-1.1087228,-0.06835294,-10.105103,-4.070621,-2.7696083,5.6550274,-10.357154,-14.801508,-6.329569,-3.2698648,-1.5670525,1.661514,5.6095414,-3.2422605
321,-0.2930897,0.08813012,-0.29909593,-0.066189475,0.044986993,-0.99679244,1.0,0.0,0.0,-0.22990045,-0.02846248,0.13229162,0.18599093,-0.16050082,-0.10561318,-0.14668958,0.09498037,0.10466957,0.10963905,-0.18351614,-0.044069387,-0.008677124,0.0373204,-0.08038478,0.101054266,-0.6300796,-0.05716144,0.2180687,0.021646703,-0.07140317,0.06078732,0.9132183,0.34769678,0.3982706,0.16590877,-0.2782914,-0.39694238,-0.055921897,0.8044956,-0.05638546,-1.1873785,0.61029166,-1.1023911,0.74617076,-0.37179372,199.68939,204.2495,-144.54465,-219.46022,65.20564,200.25694,211.89677,109.27156,-94.63153,-65.63631,188.10815,147.64832,-0.22990045,-0.02846248,-0.6677084,1.785991,-0.96050084,-0.10561318,-0.14668958,0.09498037,-0.69533044,1.7096391,-0.98351616,-0.044069387,-0.17354247,0.74640805,-1.6076957,2.0210853,-12.601592,-1.1432288,4.361374,0.43293405,-1.4280633,1.2157464,18.264366,6.9539356
322,-0.13631031,0.07829892,-0.8178836,-0.06414117,0.051426128,-0.9966149,1.0,0.0,0.0,-0.17991136,-0.015474219,0.11169958,0.18974769,-0.20995575,-0.04226217,-0.110242896,0.09756471,0.08628118,0.13887691,-0.026366591,-0.058434855,0.4601789,0.089554586,-0.121441655,-0.052483946,0.06580412,0.6227128,0.14734592,0.010280515,-0.12868088,0.25895232,0.5495505,-0.2778754,-0.33541888,-0.11718637,0.19995613,-0.13814953,0.14158042,-0.02944012,-0.63824534,-0.70061636,0.18725318,-0.38072687,-0.0152977705,-0.61412036,204.52094,161.75975,-223.38882,-232.18228,199.4411,199.1857,-73.96582,68.386536,-44.832123,248.23166,-105.575134,-62.06613,-0.17991136,-0.015474219,-0.68830043,1.7897477,-1.0099558,-0.04226217,-0.110242896,0.09756471,-0.71371883,1.7388769,-0.8263666,-0.058434855,9.203578,1.7910917,-2.428833,-1.0496789,1.3160822,12.454255,2.9469182,0.2056103,-2.5736177,5.179046,10.99101,-5.557508
323,0.31808046,-0.38070568,-0.28290868,-0.073977515,0.0450803,-0.9962405,1.0,0.0,0.0,-0.13972503,-0.025087353,0.119965315,0.15131128,-0.12791365,0.00859174,-0.12993383,0.08558681,0.095585465,0.1781336,0.0006092787,-0.1672978,-0.008011712,-0.13847084,0.14237784,-0.29675424,0.59584826,-0.0056364466,-0.29845512,-0.11123736,0.1474111,0.15006328,-0.06742501,-0.7626284,-0.8137175,0.2647385,-0.025583614,-0.2758672,-0.15585577,-0.52978027,-0.07459913,0.9009479,-0.8594457,-0.3053655,-1.0764966,0.35680243,-201.34148,-61.914867,56.870792,-217.84602,16.19507,-97.36379,-195.62009,99.66489,124.26865,0.69932556,-51.930405,-130.65027,-0.13972503,-0.025087353,-0.6800347,1.7513113,-0.92791367,0.00859174,-0.12993383,0.08558681,-0.70441455,1.7781336,-0.79939073,-0.1672978,-0.16023423,-2.7694168,2.8475568,-5.935085,11.916965,-0.11272893,-5.9691024,-2.2247472,2.9482217,3.0012655,-1.3485003,-15.252567
324,-0.19564137,0.3333238,-0.12071347,-0.07408507,0.042510394,-0.99634546,1.0,0.0,0.0,-0.18129113,-0.027627647,0.1312331,0.088338256,-0.09166503,-0.06365538,-0.14302419,0.09076408,0.10006231,0.19722795,-0.08651835,-0.24478984,-0.346477,0.089787945,0.00015136773,-0.20279515,-0.2022899,-0.5880398,0.08082584,0.14841719,-0.07902585,0.04786421,-0.7363126,-0.08157306,0.20888051,-0.38774747,0.19926123,0.5865231,-0.44189656,0.16029859,0.6527308,-0.11044361,-0.13075432,-0.398481,-0.15616277,0.73135936,-161.32129,109.54324,645.5974,738.02515,-132.57376,-128.64252,79.3235,199.05992,-203.0983,-221.49168,-200.17351,200.13245,-0.18129113,-0.027627647,-0.6687669,1.6883383,-0.89166504,-0.06365538,-0.14302419,0.09076408,-0.6999377,1.797228,-0.88651836,-0.24478984,-6.9295397,1.7957588,0.0030273546,-4.055903,-4.045798,-11.760797,1.6165168,2.9683437,-1.5805169,0.9572842,-14.726253,-1.6314611
325,0.35627508,0.31047764,-0.42391524,-0.061692964,0.03732252,-0.9973971,1.0,0.0,0.0,-0.19964813,-0.03609903,0.1277945,0.07592583,-0.19084918,-0.102662235,-0.07946033,0.0945604,0.07731497,0.19246066,-0.15844673,-0.18375666,0.11415094,-0.14551307,-0.03252487,0.03495223,-0.58613026,0.124917164,0.51290476,-0.089724,-0.13771719,-0.08097948,-0.08606622,0.6215876,0.19920823,0.3221931,0.9893752,0.015801948,0.81405425,0.34193856,-0.24673593,0.11497815,0.7682704,-0.41061395,0.18618268,0.21863687,199.8037,-203.18996,162.3856,181.80132,21.347391,200.0334,206.60985,-258.8773,-166.72543,-202.8117,112.15534,198.76613,-0.19964813,-0.03609903,-0.6722055,1.6759259,-0.9908492,-0.102662235,-0.07946033,0.0945604,-0.72268504,1.7924607,-0.95844674,-0.18375666,2.2830188,-2.9102614,-0.6504974,0.6990446,-11.722605,2.4983432,10.258095,-1.79448,-2.7543437,-1.6195896,-1.7213244,12.431751
326,-0.07793694,-0.21406573,-0.336008,-0.061209254,0.0326238,-0.9975917,1.0,0.0,0.0,-0.1246689,-0.049252,0.14790624,0.06959808,-0.23858947,-0.0039297175,-0.020683674,0.09132349,0.08814424,0.14873004,-0.102091014,-0.040860362,0.5796822,-0.0004522021,0.20975272,-0.07762691,0.04878163,0.7364838,0.110082865,0.034902547,0.20957851,-0.33365297,0.556493,0.6444569,-0.5131411,0.39545357,-0.67019874,-0.40937802,0.5865737,-0.08824394,-0.9576797,-0.3238205,0.09048397,-0.06105244,-0.074162185,-0.35455504,179.4207,185.35104,90.87337,-34.239254,190.8443,55.834568,-199.72461,26.252779,197.41425,-226.71126,113.15999,-71.74553,-0.1246689,-0.049252,-0.65209377,1.6695981,-1.0385895,-0.0039297175,-0.020683674,0.09132349,-0.71185577,1.7487301,-0.902091,-0.040860362,11.593643,-0.009044042,4.1950545,-1.552538,0.9756326,14.729676,2.2016573,0.6980509,4.1915703,-6.6730595,11.129859,12.889138
327,-0.02227278,0.32755697,0.14854251,-0.057475407,0.034528684,-0.9977497,1.0,0.0,0.0,-0.057277516,-0.041947942,0.17039323,0.0394212,-0.15278035,0.06590776,-0.04979932,0.09030539,0.111952245,0.087756515,-0.064014494,0.009447573,0.14098406,0.056208473,0.03894763,-0.21223961,0.74053234,0.032355968,-0.36674258,-0.023233933,0.059928488,-0.22812305,-0.043957155,-0.08566037,-0.51884043,-0.18237235,-0.023136016,0.5619196,0.14673866,-0.30816552,-0.035543684,-0.29225475,0.6878387,0.6660495,0.16464725,-0.56842333,-198.09393,194.19489,-211.76099,-224.03847,199.85025,-200.05373,-201.06541,77.125946,171.68521,250.79016,-58.533295,-203.7539,-0.057277516,-0.041947942,-0.6296068,1.6394212,-0.95278037,0.06590776,-0.04979932,0.09030539,-0.68804777,1.6877565,-0.8640145,0.009447573,2.8196812,1.1241695,0.7789526,-4.244792,14.810647,0.64711934,-7.3348513,-0.46467867,1.1985698,-4.562461,-0.8791431,-1.7132074
328,0.5294923,0.19732587,-0.13254729,-0.04712774,0.022772422,-0.9986292,1.0,0.0,0.0,-0.07385244,-0.057246935,0.15253854,0.049891114,-0.051469684,0.0137265315,-0.08229012,0.071889594,0.11392707,0.068722606,-0.043503046,-0.07947504,-0.25875124,-0.15662235,-0.1938229,0.27325162,0.3964641,-0.48133287,-0.026860768,-0.14132696,-0.049841974,0.041038737,0.1459182,-0.65928453,-0.15353698,0.6182599,0.625766,0.5616549,0.33922994,0.57656795,0.71584153,0.69678056,0.4583237,0.21621077,0.24629316,0.36584985,-198.2019,102.75187,-132.46637,336.92413,-11.405338,-151.94652,80.28102,98.171814,-126.4928,373.15125,-20.80194,-97.601776,-0.07385244,-0.057246935,-0.6474615,1.6498911,-0.8514697,0.0137265315,-0.08229012,0.071889594,-0.68607295,1.6687226,-0.84350306,-0.07947504,-5.1750245,-3.132447,-3.876458,5.465032,7.929282,-9.6266575,-0.53721535,-2.8265393,-0.99683946,0.82077473,2.918364,-13.18569
329,-0.08118199,-0.42686024,-0.5079523,-0.05342702,0.014743761,-0.9984629,1.0,0.0,0.0,-0.10836891,-0.071294524,0.12161976,0.12232506,0.054975986,-0.005458423,-0.04730639,0.06015506,0.108459294,0.10271227,0.0041593313,-0.13260566,-0.110957734,0.0068299533,-0.099568,0.4177835,0.6024601,0.21505845,0.34085807,0.01042164,0.0021833777,0.2389112,0.32545722,0.053520806,0.12381277,0.12435676,-0.4975513,-0.9556911,-0.46630132,0.38681006,-0.4862236,-0.3977363,-0.314595,-0.9122451,-0.039472803,0.52435327,22.685905,138.0106,132.81903,167.57672,8.65172,200.91275,155.17697,-18.817062,-143.40399,10.615797,57.655823,202.89734,-0.10836891,-0.071294524,-0.67838025,1.7223251,-0.745024,-0.005458423,-0.04730639,0.06015506,-0.6915407,1.7027123,-0.7958407,-0.13260566,-2.2191546,0.13659906,-1.9913601,8.35567,12.049202,4.301169,6.8171616,0.20843281,0.043667555,4.778224,6.5091443,1.0704161
330,-0.04127851,0.22684447,-0.5057378,-0.056378573,0.015879769,-0.9982832,1.0,0.0,0.0,-0.08639283,-0.05965468,0.0839895,0.19224584,0.10266173,0.10191472,-0.020802854,0.051095385,0.09057444,0.1365664,0.010410726,-0.04702221,0.28476176,0.10345644,-0.26433927,0.2944576,-0.059570324,0.6620351,-0.03701036,-0.09283223,-0.16704331,0.11135038,-0.090495996,0.73422843,-0.011710055,-0.04943244,0.48067966,-0.7216184,-0.6412248,-0.4525232,-0.47450647,0.43216503,0.1738128,-0.86533314,-0.3559589,-0.3028318,193.38976,193.24857,-227.23422,-240.77571,-200.9458,-22.034363,-200.87216,-196.76573,-210.38857,-225.70772,-24.753986,200.12802,-0.08639283,-0.05965468,-0.7160105,1.7922459,-0.6973383,0.10191472,-0.020802854,0.051095385,-0.70942557,1.7365664,-0.7895893,-0.04702221,5.695235,2.0691288,-5.286785,5.889152,-1.1914065,13.240702,-0.7402072,-1.8566446,-3.340866,2.2270076,-1.8099198,14.684568
331,-0.1917411,-0.25296217,-0.10480009,-0.058901705,0.020386783,-0.99805564,1.0,0.0,0.0,-0.050857473,-0.03794291,0.06908715,0.2216295,0.01601106,0.15969692,-0.07575835,0.04480345,0.09260136,0.13118994,-0.076755404,0.022075752,0.11356471,0.111756854,0.07096486,0.028914703,-0.7392287,-0.014817992,-0.46800596,0.014158035,0.13236329,-0.13199423,-0.61814183,0.027945066,-0.63501304,-0.54378843,-0.4756725,-0.06432317,-0.33654708,-0.57234263,-0.11739969,-0.6127378,-0.13747147,-0.343031,-0.25652978,-0.46240926,-31.532194,-106.925354,190.56862,-223.87402,-200.36668,-200.01814,-200.93132,180.71088,72.55149,-211.41327,-13.752463,-199.91989,-0.050857473,-0.03794291,-0.73091286,1.8216295,-0.78398895,0.15969692,-0.07575835,0.04480345,-0.70739865,1.73119,-0.8767554,0.022075752,2.271294,2.235137,1.4192971,0.57829404,-14.7845745,-0.29635984,-9.360119,0.2831607,2.6472657,-2.6398847,-12.362837,0.5589013
332,0.3982687,0.30713758,-0.16087665,-0.05673507,0.014877165,-0.9982784,1.0,0.0,0.0,-0.07519031,-0.04286504,0.059370458,0.21661401,-0.116601646,0.081449054,-0.12942147,0.026051288,0.09809941,0.086532235,-0.15289605,-0.044685528,-0.315685,-0.13442835,-0.14750484,-0.070379056,-0.5549729,-0.6988501,-0.119508184,-0.17860715,-0.056294143,-0.30051616,-0.2698427,-0.6305502,-0.10417954,0.7423783,0.4113432,-0.22569375,0.14281537,0.2625882,1.0492243,1.137133,0.313364,0.17057757,0.4221648,0.11751738,-203.0706,-152.13953,-231.04333,-236.879,70.79548,-198.71895,140.2661,-151.73317,-212.72597,-235.56146,44.421604,-198.72531,-0.07519031,-0.04286504,-0.74062955,1.816614,-0.91660166,0.081449054,-0.12942147,0.026051288,-0.7019006,1.6865323,-0.95289606,-0.044685528,-6.3136997,-2.688567,-2.9500966,-1.4075811,-11.099458,-13.977001,-2.3901637,-3.5721428,-1.1258829,-6.010323,-5.396854,-12.611004
333,-0.3146803,-0.2100561,-0.49927467,-0.05602417,0.013793079,-0.99833417,1.0,0.0,0.0,-0.10031783,-0.038855236,0.06569499,0.17198133,-0.1531933,0.016669039,-0.10313965,0.01824242,0.10620785,0.04044783,-0.1335749,-0.09555459,-0.031428516,0.13864575,0.18176197,-0.34856537,0.1213951,-0.019442981,0.335483,0.07313179,0.11590471,-0.16975121,0.3964865,0.053574562,0.025172196,-0.31703538,-0.19847792,0.61826587,-0.24627443,0.6615044,-0.49667823,-0.6830239,-0.21771318,0.17585541,-0.16360795,0.38015625,29.130762,186.3787,223.03607,-213.55795,200.50392,199.75241,200.31635,209.93745,190.9348,178.96387,199.90033,200.29517,-0.10031783,-0.038855236,-0.734305,1.7719814,-0.9531933,0.016669039,-0.10313965,0.01824242,-0.69379216,1.6404479,-0.9335749,-0.09555459,-0.6285703,2.7729151,3.6352394,-6.9713073,2.427902,-0.3888596,6.70966,1.4626359,2.3180943,-3.3950243,7.9297295,1.0714912
334,0.26316598,0.2710772,-0.43823764,-0.05416957,0.012533702,-0.9984531,1.0,0.0,0.0,-0.07560037,-0.03733543,0.06681538,0.13499463,-0.17467976,0.09010592,-0.080822736,0.0066699726,0.09552121,0.03549075,-0.118257284,-0.009760451,0.18651482,-0.10142008,-0.1410928,-0.05122428,-0.16374217,0.68145245,-0.076103285,-0.16488557,-0.19477247,0.092266224,-0.07517706,0.7306075,-0.16411343,0.4684825,0.40990803,0.7560176,-0.19351473,-0.113795795,-0.43567526,0.61688304,0.30730084,0.17134081,-0.48008347,-0.5548713,37.513306,-214.72888,-185.88913,184.5882,3.1335828,199.62048,-201.24377,-185.29536,-217.89331,170.84404,-32.320137,181.10759,-0.07560037,-0.03733543,-0.73318464,1.7349946,-0.97467977,0.09010592,-0.080822736,0.0066699726,-0.7044788,1.6354908,-0.9182573,-0.009760451,3.7302964,-2.0284016,-2.821856,-1.0244856,-3.2748435,13.629048,-1.5220656,-3.2977111,-3.8954494,1.8453244,-1.5035411,14.61215
335,-0.26980314,-0.2988111,0.05809144,-0.05605406,0.0134604415,-0.99833703,1.0,0.0,0.0,-0.07993666,-0.03360718,0.06140548,0.13545775,-0.18694514,0.14889741,-0.14456381,-0.002048848,0.076174736,0.06493521,-0.20370656,0.058980644,-0.13624272,0.118592285,0.06572731,0.04628437,-0.027306575,-0.021754965,-0.5058239,0.052839547,-0.0071910927,0.17364454,-0.6148732,0.027335657,-0.53747404,-0.6031101,-0.3534969,-0.07617031,-0.304673,-0.70323884,0.0013664626,-0.40356547,-0.21580431,-1.1752616,-0.39671487,-0.17701477,-56.835392,194.16248,215.34335,190.47926,13.710704,-200.19037,-156.26077,181.69655,222.85385,53.581993,-11.592151,-200.12834,-0.07993666,-0.03360718,-0.73859453,1.7354578,-0.98694515,0.14889741,-0.14456381,-0.002048848,-0.7238253,1.6649352,-1.0037066,0.058980644,-2.7248542,2.3718457,1.3145461,0.9256874,-0.5461315,-0.4350993,-10.116478,1.056791,-0.14382185,3.4728909,-12.297463,0.5467131
336,0.34946728,0.23297787,0.004531176,-0.056058362,0.010847278,-0.99836856,1.0,0.0,0.0,-0.15432154,-0.034853365,0.0526222,0.13392007,-0.22284633,0.06958186,-0.20397706,-0.014006342,0.055743754,0.08074689,-0.28378218,0.0032762175,-0.5652177,-0.10381224,-0.13791859,-0.052736003,-0.19370355,-0.7031398,-0.12533842,-0.15269466,-0.17963657,0.00014451801,-0.2928625,-0.40186626,0.2996652,0.54546314,0.39792582,-0.118695945,-0.026477486,0.25583196,1.1578325,1.1024584,0.16950989,-0.65426546,0.2716974,0.08275762,-200.68611,-125.961426,-251.14697,-240.07071,11.141437,-198.29109,199.34702,-171.0065,-224.90492,-233.07184,46.4342,-2.9821475,-0.15432154,-0.034853365,-0.7473778,1.7339201,-1.0228463,0.06958186,-0.20397706,-0.014006342,-0.74425626,1.6807469,-1.0837822,0.0032762175,-11.304354,-2.0762448,-2.7583718,-1.05472,-3.874071,-14.062796,-2.5067682,-3.053893,-3.5927312,0.00289036,-5.85725,-8.037325
337,-0.28970417,-0.13657291,-0.47184807,-0.055373378,0.010373203,-0.99841183,1.0,0.0,0.0,-0.21563286,-0.028567659,0.059348404,0.08937609,-0.19259793,0.00407339,-0.17798215,-0.021462807,0.05499202,0.053340793,-0.26845652,-0.0068268543,-0.094735354,0.134533,0.17353675,-0.35310617,0.34453878,-0.02073597,0.33847222,0.058286358,0.13077198,-0.2447794,0.37939748,0.15757596,0.35389245,-0.40535223,-0.1569884,0.638687,-0.38002557,0.560457,-0.7072783,-0.5771495,-0.19694793,-0.38924628,-0.48943576,0.39182678,197.65407,184.29514,236.95186,-126.20177,37.103485,199.6848,201.21208,206.2082,125.69787,-219.94107,200.0469,53.739178,-0.21563286,-0.028567659,-0.7406516,1.6893761,-0.99259794,0.00407339,-0.17798215,-0.021462807,-0.745008,1.6533408,-1.0684565,-0.0068268543,-1.8947071,2.69066,3.4707348,-7.0621233,6.8907757,-0.41471937,6.7694445,1.1657271,2.6154394,-4.895588,7.5879498,3.1515193
338,0.45124543,0.27613106,-0.55768317,-0.05124822,0.0047562914,-0.9986747,1.0,0.0,0.0,-0.19159795,-0.030710645,0.058508873,0.050198674,-0.1973257,0.077413425,-0.1547691,-0.03923601,0.06378442,-0.00231874,-0.26033038,0.08749466,0.29940298,-0.135841,-0.14080523,-0.0675821,-0.30464655,0.6832046,-0.059916295,-0.23636113,-0.035768855,-0.15300661,-0.15454511,0.5529377,-0.030377753,0.5161071,0.49107975,1.1367376,-0.43445176,-0.03390471,-0.2312051,0.8261029,0.23675716,0.35545486,-0.69129527,-0.6137909,198.30457,-232.02676,-171.8946,191.17319,-128.54726,199.2463,-216.78847,-589.2594,495.8703,849.9643,-75.91671,-49.43186,-0.19159795,-0.030710645,-0.74149114,1.6501987,-0.9973257,0.077413425,-0.1547691,-0.03923601,-0.7362156,1.5976813,-1.0603304,0.08749466,5.9880595,-2.71682,-2.8161044,-1.351642,-6.092931,13.664091,-1.1983259,-4.7272224,-0.7153771,-3.0601323,-3.090902,11.058754
339,-0.16509758,-0.27956653,-0.48100907,-0.052548017,-0.00079976965,-0.99861807,1.0,0.0,0.0,-0.13127746,-0.03410301,0.054003417,0.048565507,-0.28052205,0.13748872,-0.17625675,-0.06596987,0.073301375,0.0033683777,-0.35500938,0.10844062,0.27368695,0.08673977,0.06536489,0.041501384,-0.38782594,-0.013625947,-0.1204704,-0.039916072,0.11881105,0.12573403,-0.71044725,-0.22072963,-0.6355764,-0.24104123,0.007918621,0.15599936,-0.07814236,-0.7008836,-0.11614418,0.08068918,-0.54084575,-1.0480491,-0.35654056,-0.1538738,-46.197517,213.95381,187.49129,178.81805,46.628437,-199.88806,-1.4843864,162.06064,191.6009,174.59308,-60.340206,-200.73224,-0.13127746,-0.03410301,-0.7459966,1.6485655,-1.0805221,0.13748872,-0.17625675,-0.06596987,-0.72669864,1.6033684,-1.1550094,0.10844062,5.4737387,1.7347955,1.3072977,0.8300277,-7.756519,-0.27251893,-2.4094079,-0.7983214,2.376221,2.5146806,-14.208944,-4.4145927
340,-0.028005494,0.06832313,-0.28308487,-0.055138644,0.0016203775,-0.9984774,1.0,0.0,0.0,-0.12288917,-0.024134101,0.04378426,0.071174026,-0.28309363,0.0598296,-0.17268014,-0.070159845,0.08011085,0.026099801,-0.4191242,0.026033143,-0.15073018,0.02021374,-0.10873961,0.14002274,0.29273406,-0.6943394,0.08380342,-0.013077463,-0.041324444,0.13567589,-0.007171253,-0.4171279,-0.35923582,0.016681649,0.18046436,0.087711036,0.18962477,0.30149886,0.5937467,0.43244404,0.115295894,-0.7316938,0.45595276,0.26782843,-199.26637,-192.22346,18.469576,27.232473,200.0093,-199.99281,63.627846,70.58029,-206.18234,-45.2502,182.31006,28.529408,-0.12288917,-0.024134101,-0.75621575,1.671174,-1.0830936,0.0598296,-0.17268014,-0.070159845,-0.71988916,1.6260998,-1.2191242,0.026033143,-3.0146034,0.4042748,-2.174792,2.8004549,5.854681,-13.886787,1.6760684,-0.26154926,-0.82648885,2.7135177,-0.14342506,-8.342558
341,-0.3323154,-0.2715968,-0.26025626,-0.060319394,0.009239416,-0.99813634,1.0,0.0,0.0,-0.1855958,-0.011089325,0.047891676,0.08079612,-0.1575495,-0.005037856,-0.109949574,-0.06357695,0.083268285,0.04244685,-0.35776407,0.018560154,-0.37232363,0.087969124,0.1158702,-0.007105963,0.78854007,-0.01947697,0.50467336,0.07109573,0.054687113,0.038084686,0.57021445,0.27269253,0.13692118,-0.69982535,-0.33518648,-0.093934715,-0.50689185,0.44913444,-0.7519789,-0.84153813,-0.10620608,-1.1341978,-0.4215113,0.10159747,-17.422558,-73.55818,210.28827,11.962141,-4.8814154,198.38527,216.9597,117.50425,-249.64201,-226.4107,172.99684,201.30878,-0.1855958,-0.011089325,-0.75210834,1.6807961,-0.9575495,-0.005037856,-0.109949574,-0.06357695,-0.7167317,1.6424469,-1.1577641,0.018560154,-7.4464726,1.7593825,2.317404,-0.14211926,15.770801,-0.38953942,10.093467,1.4219146,1.0937423,0.7616937,11.404288,5.4538507
342,0.2713965,0.25989842,-0.30557075,-0.05980334,0.008559025,-0.9981735,1.0,0.0,0.0,-0.21616511,-0.019202411,0.051392734,0.06810689,-0.07299262,0.06858686,-0.05350053,-0.07287701,0.07735753,0.046322107,-0.30595154,0.05696006,0.025890559,-0.14065121,-0.06812182,-0.1098902,0.1234825,0.6858266,0.0901873,-0.14741983,-0.09910387,-0.033370417,-0.021635696,0.129032,0.52463937,0.5289737,0.32347324,0.17979366,-0.4811014,-0.1207842,-0.5394088,0.80523837,0.39901888,-0.5768118,-0.26175913,-0.68153566,199.11726,-189.67043,-202.21367,-220.75266,-200.01523,200.1978,-201.70079,-206.20593,-183.59552,-209.82628,-199.60391,-33.941555,-0.21616511,-0.019202411,-0.7486073,1.6681069,-0.87299263,0.06858686,-0.05350053,-0.07287701,-0.7226425,1.6463221,-1.1059515,0.05696006,0.5178112,-2.813024,-1.3624364,-2.197804,2.46965,13.716532,1.803746,-2.9483964,-1.9820774,-0.66740835,-0.43271393,2.5806398
343,-0.21517365,-0.3176094,-0.29064688,-0.061963167,0.0077962764,-0.998048,1.0,0.0,0.0,-0.16720869,-0.02715655,0.06426203,0.0552181,-0.124551296,0.13046254,-0.06489015,-0.08544787,0.082506776,0.050433278,-0.2883814,0.019891612,0.4259871,0.044628527,0.17364113,-0.026392013,-0.5696021,0.0010184116,-0.18406537,0.0025113088,0.11386044,0.06548635,0.09109449,-0.44368806,-0.4940309,-0.28409714,-0.46895915,1.039713,-0.6058699,-0.63923955,-0.30070788,-0.5851428,-0.058810644,-0.29178578,-0.5771897,-0.055906113,201.59273,247.47737,189.14592,179.30945,-200.09486,-199.38809,-163.55913,-15.505875,204.20496,145.71292,-12.04574,-167.78378,-0.16720869,-0.02715655,-0.735738,1.6552181,-0.9245513,0.13046254,-0.06489015,-0.08544787,-0.71749324,1.6504333,-1.0883814,0.019891612,8.519742,0.8925705,3.4728224,-0.52784026,-11.392041,0.020368231,-3.6813073,0.050226174,2.2772088,1.309727,1.8218896,-8.873761
344,0.5002278,0.1479539,0.058903597,-0.06449496,0.0005449281,-0.99791783,1.0,0.0,0.0,-0.13378835,-0.043570805,0.0631364,0.08178675,-0.2833082,0.055318005,-0.13385324,-0.11813491,0.08687252,0.06462717,-0.32995635,-0.016683936,-0.038907718,-0.19065647,-0.15697771,0.2602317,-0.7891209,-0.6837763,-0.40852505,-0.28374243,-0.05532801,0.038460355,-0.4545695,-0.09710543,-0.50195295,0.6269414,0.2657788,-0.66201186,0.5610642,0.26589686,0.67887104,1.4229568,0.1375659,-0.78440607,-0.21273285,0.14604858,-200.02625,-211.5089,-193.16734,176.93085,73.761,-200.33188,37.460938,-201.39119,-314.9636,-273.9439,-125.18922,11.956212,-0.13378835,-0.043570805,-0.7368636,1.6817868,-1.0833082,0.055318005,-0.13385324,-0.11813491,-0.7131275,1.6646272,-1.1299564,-0.016683936,-0.7781544,-3.8131294,-3.1395543,5.2046337,-15.782418,-13.675527,-8.170501,-5.6748486,-1.1065602,0.7692071,-9.09139,-1.9421085
345,-0.06636146,-0.14231351,0.18923952,-0.065598324,-0.0065551545,-0.99782455,1.0,0.0,0.0,-0.18247746,-0.059196815,0.06281686,0.09849429,-0.36721474,-0.008619564,-0.16770099,-0.15359057,0.095825255,0.05876875,-0.34942597,0.023265403,-0.40958816,0.012445699,0.1168461,-0.058820207,-0.11755522,-0.02192018,0.008665066,-0.08329152,0.09494709,-0.057445385,0.17027949,0.30565926,0.11768525,0.24266423,-0.067933016,-0.012924511,0.31028134,0.5856321,0.1673998,0.20561992,0.15155482,-1.0057131,0.22347605,0.117455214,-200.26054,168.40765,198.29593,-216.02751,200.20494,199.4572,209.20215,231.15253,-206.96077,-144.52808,137.71187,3.1713657,-0.18247746,-0.059196815,-0.73718315,1.6984943,-1.1672148,-0.008619564,-0.16770099,-0.15359057,-0.70417476,1.6587688,-1.149426,0.023265403,-8.191763,0.24891399,2.336922,-1.1764041,-2.3511045,-0.4384036,0.17330132,-1.6658305,1.8989419,-1.1489077,3.4055898,6.113185
346,-0.48697215,0.13948151,-0.56869483,-0.06476418,0.0048529445,-0.9978888,1.0,0.0,0.0,-0.21272153,-0.034948777,0.07536483,0.076967716,-0.3145321,0.06166126,-0.11799498,-0.14615709,0.10571611,0.0471282,-0.24918586,0.06830397,0.06245773,0.21007994,0.016797794,-0.13323332,0.5750969,0.65687394,0.4471129,0.13231574,0.016886016,-0.0626552,0.7756133,0.17604923,0.5299587,-0.7404151,-0.36023504,0.77640736,0.0028543025,0.027362324,-0.07018739,-0.9797536,0.18484652,-0.87407446,-0.15777344,-0.91622084,199.84106,192.69385,-183.10278,-77.33649,200.60054,199.74748,215.87015,228.26526,-257.86295,-147.59474,178.67259,-24.534702,-0.21272153,-0.034948777,-0.7246352,1.6769677,-1.1145321,0.06166126,-0.11799498,-0.14615709,-0.6942839,1.6471282,-1.0491859,0.06830397,1.2491546,4.2015986,0.3359559,-2.6646664,11.501938,13.137479,8.942258,2.6463149,0.3377203,-1.2531041,15.512266,3.5209846
347,0.23333268,0.061466213,-0.9139309,-0.061498985,0.006586136,-0.99808544,1.0,0.0,0.0,-0.1572711,-0.021730134,0.057222784,0.08133936,-0.19740152,0.11995655,-0.068164006,-0.14699069,0.112918615,0.038029075,-0.15541458,0.051579993,0.45470688,-0.052483696,-0.1818764,0.15011379,0.5091801,-0.007519214,0.11145651,-0.11281367,0.050250825,-0.024950055,0.22163267,-0.29240435,-0.4933508,0.07783924,0.67102665,0.31106296,-0.17350994,-0.67054504,-0.9457001,0.4994933,0.13288763,0.055401698,-0.43494213,-0.3934966,198.44695,-232.07169,-193.39314,183.8076,-67.08744,-200.48886,-150.04913,-85.92425,236.88008,205.3712,-155.81766,-130.7498,-0.1572711,-0.021730134,-0.7427772,1.6813394,-0.99740154,0.11995655,-0.068164006,-0.14699069,-0.6870814,1.6380291,-0.9554146,0.051579993,9.094137,-1.0496739,-3.6375282,3.0022757,10.183602,-0.15038428,2.2291303,-2.2562733,1.0050164,-0.4990011,4.4326534,-5.848087
348,-0.2084374,-0.19877383,-0.18607731,-0.0649997,0.0065437527,-0.9978638,1.0,0.0,0.0,-0.11646228,-0.010978258,0.03747666,0.121601105,-0.16231686,0.041156083,-0.08625045,-0.1521947,0.12408626,0.054660678,-0.17442095,-0.07103093,-0.0026470579,0.12585525,-0.033418752,0.23746446,0.0059925313,-0.708753,-0.24682362,0.022142863,0.07108737,0.14423998,-0.3505569,-0.7519512,-0.7725607,-0.5163884,-0.22754331,-0.19974163,-0.5900069,0.17356157,-0.016810093,0.15084289,-0.513121,-0.9713355,-0.4564167,0.13056925,-200.83969,85.94933,206.22054,145.26242,-39.06124,-199.78378,-154.0562,-77.49942,172.99478,117.707565,-164.00027,12.4817705,-0.11646228,-0.010978258,-0.76252335,1.7216011,-0.9623169,0.041156083,-0.08625045,-0.1521947,-0.67591375,1.6546607,-0.97442096,-0.07103093,-0.052941155,2.5171049,-0.668375,4.749289,0.11985063,-14.175059,-4.9364724,0.44285727,1.4217473,2.8847995,-7.011138,-15.039024
349,-0.12535089,0.42526948,-0.076694414,-0.059183434,0.012717199,-0.9981661,1.0,0.0,0.0,-0.15932408,0.00593844,0.0120200515,0.154549,-0.23420066,-0.025264207,-0.09356888,-0.14353801,0.12488955,0.074603796,-0.26944083,-0.14649016,-0.38906735,0.053105075,-0.20080875,0.10630285,-0.652717,-0.023626994,0.108277276,0.050054904,-0.059799906,0.07156288,-0.43927285,-0.0834806,0.21407858,-0.19494651,0.5151962,-0.44511348,0.0056821853,0.5757139,0.7666467,0.1875423,0.43360257,-0.84312457,0.19637957,0.52998626,-198.204,-142.45386,-179.43695,-209.21904,-178.94308,201.48978,130.50818,-59.302185,-57.586853,-17.946457,57.934105,180.15926,-0.15932408,0.00593844,-0.78797996,1.754549,-1.0342007,-0.025264207,-0.09356888,-0.14353801,-0.67511046,1.6746038,-1.0694408,-0.14649016,-7.781347,1.0621015,-4.016175,2.126057,-13.054339,-0.47253987,2.1655455,1.001098,-1.1959981,1.4312575,-8.785457,-1.6696119
350,-0.18772112,-0.13783278,-0.52979714,-0.054771658,0.018398413,-0.9983294,1.0,0.0,0.0,-0.1850393,0.0048651663,0.0074142814,0.14333498,-0.29097027,0.044775534,-0.0154011175,-0.124705434,0.15111673,0.06445241,-0.28639132,-0.08885326,0.081252985,-0.054992713,0.1191772,-0.1872188,0.017075324,0.65924495,0.6164138,0.1429177,0.29786646,-0.17026244,0.21379332,0.59286064,0.27294,-0.124958456,-0.03660449,-0.14604925,0.31599474,-0.24195707,-0.7788524,-0.671469,0.119197674,-0.5782693,0.6882628,-0.013317417,199.68268,-193.69127,199.95155,-220.18375,200.11052,200.13324,204.23798,293.69302,120.05635,-256.29715,198.5529,202.01129,-0.1850393,0.0048651663,-0.79258573,1.743335,-1.0909703,0.044775534,-0.0154011175,-0.124705434,-0.6488833,1.6644524,-1.0863913,-0.08885326,1.6250596,-1.0998542,2.383544,-3.744376,0.34150648,13.184899,12.328276,2.8583539,5.9573293,-3.4052489,4.2758665,11.857212
351,0.25636852,0.2667876,-0.62840825,-0.051358394,0.013846712,-0.9985843,1.0,0.0,0.0,-0.12651382,-0.024209637,0.015392661,0.09068954,-0.21177524,0.10370746,0.060443394,-0.12441508,0.17787379,0.02884984,-0.17166406,-0.03407635,0.4645345,-0.20054479,-0.0016867289,-0.3333699,0.70573187,-0.005190117,0.1909138,-0.112402044,0.0074138916,-0.1676076,0.87117213,0.10602818,-0.27598587,0.7035909,0.33073074,0.74463683,0.2642026,-0.49596465,-0.6884495,0.3495118,0.40360123,0.23684941,0.32131386,-0.9104597,196.63043,-53.331688,-13.739006,-173.46335,202.07666,-200.34344,-156.3266,-335.12817,-252.31018,-87.200035,197.24097,-55.873985,-0.12651382,-0.024209637,-0.78460735,1.6906896,-1.0117753,0.10370746,0.060443394,-0.12441508,-0.6221262,1.6288499,-0.9716641,-0.03407635,9.290689,-4.0108957,-0.03373458,-6.667398,14.114637,-0.10380234,3.818276,-2.248041,0.14827783,-3.352152,17.423443,2.1205635
352,-0.1930844,-0.44139966,-0.02940154,-0.055897143,0.01282452,-0.99835414,1.0,0.0,0.0,-0.083972834,-0.04197487,0.041748524,0.035836816,-0.044132173,0.026576117,0.055382673,-0.13008012,0.16977865,0.053395987,-0.032985747,-0.06193915,-0.004264672,0.011463943,0.21197115,-0.17676698,0.7745756,-0.66094434,-0.20815523,0.048115753,-0.06718085,0.32370195,0.59398705,-0.34557086,-0.56804323,-0.24760427,-0.31806868,1.3004848,-0.5624687,0.03724795,-0.35833326,-0.43336946,-0.114951156,-0.29933012,-0.3877164,-0.4115788,-227.21944,306.1068,-34.59674,415.69012,-79.810104,-129.53152,-182.76328,159.6199,-64.56596,246.14319,-23.85257,-146.01765,-0.083972834,-0.04197487,-0.7582515,1.6358368,-0.8441322,0.026576117,0.055382673,-0.13008012,-0.63022137,1.653396,-0.83298576,-0.06193915,-0.085293435,0.22927886,4.239423,-3.5353396,15.491511,-13.218886,-4.1631045,0.962315,-1.343617,6.4740386,11.879741,-6.911417
353,0.4806978,0.08319524,0.46580988,-0.06158151,0.0065770955,-0.9980804,1.0,0.0,0.0,-0.13073617,-0.06339939,0.046791434,0.045942664,0.02213484,-0.01886162,-0.038565494,-0.14878689,0.13710481,0.113768816,0.005407274,-0.17177185,-0.43017492,-0.21660054,-0.1284814,0.19867852,0.0053803264,0.04725648,-0.6558305,-0.21424733,-0.24914542,0.26812515,-0.12278693,-0.56895715,0.2920289,0.0892175,-0.09054225,-0.6460225,-0.66943216,0.10026876,0.13324481,1.5482755,0.22435856,-0.4933763,-0.49577296,0.3232614,-194.70042,-197.84476,-268.56848,149.4431,-201.32718,95.25423,-70.080795,-129.7148,-221.87408,-179.89906,-205.10126,45.718044,-0.13073617,-0.06339939,-0.7532086,1.6459427,-0.7778652,-0.01886162,-0.038565494,-0.14878689,-0.6628952,1.7137688,-0.79459274,-0.17177185,-8.603498,-4.3320107,-2.569628,3.9735703,0.10760652,0.9451296,-13.11661,-4.2849464,-4.9829082,5.362503,-2.4557385,-11.379143
354,0.009363462,0.12258013,-0.24279621,-0.05763643,-0.0020897437,-0.9983354,1.0,0.0,0.0,-0.16728538,-0.08502819,0.025326848,0.06674349,-0.04984927,0.018711867,-0.11013874,-0.16608056,0.113021016,0.14226604,-0.09376413,-0.21068275,0.015983399,-0.016170476,-0.08766477,0.027068062,-0.6589865,0.19759135,-0.11500235,0.01486707,-0.00966675,0.04136156,-0.78638417,0.111627735,0.4335566,0.08900423,0.16730903,-0.22031401,-0.3093508,-0.024845801,0.60393804,0.60026884,0.3721717,-0.6913071,-0.41681504,0.90535694,199.97585,206.25961,-141.98485,-217.7334,-200.04347,-16.256609,199.0145,206.09074,202.56439,-217.01385,-146.44615,200.4824,-0.16728538,-0.08502819,-0.77467316,1.6667435,-0.8498493,0.018711867,-0.11013874,-0.16608056,-0.686979,1.742266,-0.89376414,-0.21068275,0.31966797,-0.3234095,-1.7532953,0.5413612,-13.179729,3.951827,-2.300047,0.2973414,-0.193335,0.82723117,-15.727683,2.2325547
355,-0.56077564,-0.26916438,-0.7304374,-0.06175572,0.009078412,-0.99805003,1.0,0.0,0.0,-0.113327496,-0.064716704,0.04377383,0.03963256,-0.15177715,0.014125822,-0.07640229,-0.13666491,0.15145773,0.12473774,-0.22008258,-0.113504626,0.48557195,0.18974012,0.2133379,-0.22471185,-0.38162094,-0.062438883,0.39925823,0.25761035,0.34583217,-0.19616364,-0.5079703,0.7921826,-0.5157599,-0.7890132,-0.18667999,0.5654187,0.14818989,-0.0072965575,-0.23203415,-0.8444239,-0.45417088,-0.6087732,-0.09697567,0.0051051863,227.38963,74.88427,344.8231,395.84006,139.5339,57.955383,205.22655,250.4295,78.951294,-266.5807,74.36468,201.09401,-0.113327496,-0.064716704,-0.7562262,1.6396326,-0.95177716,0.014125822,-0.07640229,-0.13666491,-0.6485423,1.7247378,-1.0200826,-0.113504626,9.711439,3.7948024,4.266758,-4.494237,-7.6324186,-1.2487776,7.985164,5.152207,6.916643,-3.9232726,-10.159406,15.843652
356,0.13808091,0.20040958,-0.26786533,-0.062786676,0.014915429,-0.9979155,1.0,0.0,0.0,-0.06409349,-0.055235773,0.047641933,0.03212452,-0.14829588,0.0059372904,-0.05448489,-0.116017655,0.19508654,0.06728244,-0.24570376,-0.028788928,0.03886046,-0.065351866,-0.13782007,0.09270998,0.32721242,-0.033316106,-0.1251505,-0.02890618,0.11660855,-0.35876957,0.17970805,0.16380325,-0.7486043,0.17439027,0.5814562,0.56064546,0.32921195,0.13058837,-0.40083173,0.18575947,0.2577178,-0.4965123,0.44372606,-0.4147385,-200.47626,-202.9166,-195.82207,185.9057,200.08173,4.224483,-200.26698,-202.626,-200.94176,-223.35622,189.28209,-105.21683,-0.06409349,-0.055235773,-0.7523581,1.6321245,-0.9482959,0.0059372904,-0.05448489,-0.116017655,-0.6049135,1.6672825,-1.0457038,-0.028788928,0.77720916,-1.3070372,-2.7564013,1.8541995,6.544248,-0.6663221,-2.50301,-0.57812357,2.332171,-7.175391,3.594161,3.2760649
357,-0.29059902,-0.022658035,0.4581351,-0.06009221,0.01933326,-0.99800557,1.0,0.0,0.0,-0.10374377,-0.047596764,0.031852603,0.059267282,-0.017774343,0.040102817,-0.12597433,-0.1037785,0.22618324,-0.0194633,-0.13858354,-0.072043195,-0.39583912,0.12285272,-0.028512547,0.16560297,0.79481125,0.20728336,-0.48695508,0.1188515,0.14341404,-0.37584487,0.6621037,-0.47008792,0.21190327,-0.19107158,-0.44638738,0.8211639,-0.56595737,0.26444,0.3524144,-0.8339325,0.12733847,-0.033891127,0.05882716,-0.5911064,-200.78741,189.17273,245.45795,198.69699,-13.741958,-6.9509053,185.603,-543.4277,156.28241,1427.4268,-384.9129,-17.964813,-0.10374377,-0.047596764,-0.7681474,1.6592673,-0.81777436,0.040102817,-0.12597433,-0.1037785,-0.5738168,1.5805367,-0.93858355,-0.072043195,-7.9167824,2.4570544,-0.5702509,3.3120594,15.896225,4.145667,-9.739101,2.37703,2.8682806,-7.516897,13.242074,-9.401758
358,0.39292666,0.32977697,-0.09887331,-0.0522144,0.01685174,-0.9984937,1.0,0.0,0.0,-0.13577059,-0.050772093,-0.006583512,0.12269163,0.0666883,0.11549256,-0.16823564,-0.10053721,0.21645206,-0.021170378,-0.09452093,-0.20132963,0.033026937,-0.13314252,-0.3200802,0.4365595,0.11709904,0.3735211,-0.021994395,-0.06275388,-0.15877873,0.15671252,0.092753015,-0.7711641,0.37486246,0.36966664,0.3303683,-0.10837522,-0.69902056,-0.11077616,0.49564427,0.22868614,0.6935719,0.7217839,0.041039735,0.11188498,199.62709,-187.58368,-201.20618,170.2374,-200.18362,-42.76057,197.25888,-75.89699,-114.42755,177.23618,-11.82341,-30.747986,-0.13577059,-0.050772093,-0.8065835,1.7226917,-0.7333117,0.11549256,-0.16823564,-0.10053721,-0.58354795,1.5788296,-0.89452094,-0.20132963,0.66053873,-2.6628501,-6.4016037,8.73119,2.3419807,7.470422,-0.4398879,-1.2550775,-3.1755745,3.1342502,1.8550603,-15.423283
359,-0.3235534,-0.15165292,-0.5844776,-0.04974956,0.016207904,-0.9986302,1.0,0.0,0.0,-0.08090062,-0.048649266,-0.032007694,0.17966568,0.015406489,0.11530445,-0.119338,-0.09244691,0.19647622,0.038255453,-0.06574386,-0.282464,0.47060314,0.13222192,0.02721486,0.1653239,-0.562058,-0.3073497,0.4672657,0.13997668,-0.035550464,0.3953927,0.17244264,-0.105176665,-0.6176646,-0.31514996,-0.05686936,-0.8512191,-0.52861196,-0.27156168,-0.26832357,-0.6858973,-0.020857595,-1.1653986,0.0025797635,0.75662166,201.20294,227.92776,170.12839,-232.24478,-200.47307,-199.58356,203.50409,125.762726,90.48424,188.41827,13.098923,193.39633,-0.08090062,-0.048649266,-0.8320077,1.7796657,-0.7845935,0.11530445,-0.119338,-0.09244691,-0.6035238,1.6382555,-0.8657439,-0.282464,9.412063,2.6444385,0.5442972,3.306478,-11.241159,-6.146994,9.345314,2.7995336,-0.71100926,7.9078536,3.4488528,-2.1035333
360,0.26371264,0.19612046,-0.04082085,-0.04833867,0.015489153,-0.99871093,1.0,0.0,0.0,-0.03676231,-0.046170443,-0.03284645,0.19623864,-0.15336782,-0.0016734524,-0.08163866,-0.094229355,0.17169785,0.09837496,-0.038160622,-0.22895445,0.019444194,-0.090500556,-0.02350564,0.010100695,-0.899792,-0.6457035,-0.03712099,-0.13397695,-0.19429754,0.22479177,0.11070915,0.57233614,-0.45452136,0.35888278,0.12618807,-0.83608794,0.33103204,0.31302112,-0.5754147,0.7110189,0.34871915,-0.83772355,-0.07275431,0.03299852,-199.9536,-200.64592,-21.886616,-220.65822,63.48175,43.51879,-198.67303,-205.64905,-204.3075,-223.62727,-20.743992,200.06432,-0.03676231,-0.046170443,-0.83284646,1.7962387,-0.9533678,-0.0016734524,-0.08163866,-0.094229355,-0.62830216,1.698375,-0.83816063,-0.22895445,0.38888386,-1.8100111,-0.47011277,0.2020139,-17.99584,-12.91407,-0.7424198,-2.679539,-3.8859508,4.4958353,2.214183,11.446722
361,-0.26268783,-0.22583497,0.53981084,-0.050608017,0.0171169,-0.99857193,1.0,0.0,0.0,-0.07869387,-0.040320724,-0.0025604963,0.16675842,-0.2589659,-0.058104523,-0.13057977,-0.100535445,0.16264576,0.11577678,-0.04466462,-0.13021336,-0.39880756,0.12298951,0.26875845,-0.26701552,-0.22259,0.015220488,-0.41270232,0.052221116,0.06467231,-0.024416802,-0.06405106,0.40759927,0.095314704,-0.3861481,-0.36704275,0.18782672,0.4644559,0.63582593,0.114472,-0.32861918,0.28245634,-0.99897164,-0.31389832,-0.30512434,-204.78336,151.48279,55.46714,-215.11922,200.55316,199.25171,-200.32954,184.50233,220.27606,-206.22638,1.0820934,-50.07477,-0.07869387,-0.040320724,-0.8025605,1.7667584,-1.0589659,-0.058104523,-0.13057977,-0.100535445,-0.63735425,1.7157768,-0.84466463,-0.13021336,-7.976151,2.4597902,5.375169,-5.34031,-4.4518,0.30440977,-8.254046,1.0444223,1.2934463,-0.48833603,-1.2810212,8.151985
362,0.39049268,-0.14707866,-0.26330045,-0.058604702,0.013493306,-0.9981901,1.0,0.0,0.0,-0.108966365,-0.047143124,0.025839508,0.14185083,-0.227804,0.02229225,-0.16715266,-0.11457627,0.19346493,0.08291745,-0.1168232,-0.12168133,0.050847936,-0.15745023,0.030954633,-0.019435091,0.46528035,0.71817315,-0.00028853875,-0.1670683,0.19938251,-0.27310348,-0.45806485,-0.2534617,0.41936412,0.53024155,-0.25171128,0.54337966,0.07491864,0.08149166,0.8897074,0.80335104,-0.34442747,0.22431152,-0.18472293,-0.4366925,200.45636,-198.74718,-200.52124,101.06236,200.04468,199.99321,201.23544,-193.79938,-14.630987,-233.08723,15.657995,-190.95265,-0.108966365,-0.047143124,-0.7741605,1.7418509,-1.027804,0.02229225,-0.16715266,-0.11457627,-0.6065351,1.6829175,-0.9168232,-0.12168133,1.0169587,-3.1490045,0.61909264,-0.38870183,9.305607,14.363462,-0.005770775,-3.341366,3.9876502,-5.4620695,-9.161297,-5.0692334
363,-0.11879006,0.478148,-0.7778991,-0.050809473,0.0076721516,-0.9986789,1.0,0.0,0.0,-0.05202808,-0.05164213,-0.0050187707,0.16432726,-0.1192407,0.09161683,-0.118631825,-0.116768554,0.20066035,0.0632323,-0.15565687,-0.22029842,0.47435904,0.08413172,-0.30461964,0.21938048,0.4890308,0.074094646,0.44468784,0.113023005,-0.09597816,0.04881474,-0.08924812,-0.5230564,-0.75582343,-0.26814264,0.59679896,-0.060460094,-0.37016428,-0.5269587,-0.4334036,-0.03470634,0.6043962,-0.38408524,0.21491447,0.36400455,198.56938,143.26257,-230.54259,162.39935,-60.56937,-118.0275,206.27531,175.18544,-222.12102,175.65735,28.90938,41.30343,-0.05202808,-0.05164213,-0.8050188,1.7643273,-0.9192407,0.09161683,-0.118631825,-0.116768554,-0.59933966,1.6632323,-0.9556569,-0.22029842,9.487181,1.6826344,-6.092393,4.3876095,9.780616,1.481893,8.893757,2.2604601,-1.9195633,0.9762948,-1.7849624,-10.461127
364,0.052938476,-0.06599869,-0.1904865,-0.04395146,0.007742891,-0.99900365,1.0,0.0,0.0,-0.0050938665,-0.048042774,-0.028267682,0.1805253,-0.096512794,0.031917192,-0.071912736,-0.10411933,0.21118236,0.03925383,-0.09944403,-0.25196016,0.040359236,-0.029089049,0.038762175,-0.030265315,-0.19347984,-0.60351753,0.061566006,0.028996512,0.17527218,-0.25861272,0.5737958,0.13968602,-0.75433993,-0.053677827,0.10162533,-0.6825187,-0.31297994,0.17786998,-0.48987436,0.055819765,0.16760445,-0.27708733,0.38716716,0.22625089,-200.07085,-198.59505,204.88097,-215.26505,-199.94823,-200.00554,-199.15758,104.26451,193.05284,-222.79799,163.05756,200.261,-0.0050938665,-0.048042774,-0.8282677,1.7805253,-0.8965128,0.031917192,-0.071912736,-0.10411933,-0.58881766,1.6392539,-0.89944404,-0.25196016,0.8071847,-0.58178097,0.77524346,-0.60530627,-3.8695967,-12.070351,1.2313201,0.57993025,3.5054436,-5.1722546,11.475916,2.7937202
365,-0.14606434,0.030262504,0.5378808,-0.044436257,0.010979907,-0.9989519,1.0,0.0,0.0,-0.043952346,-0.047268286,-0.002508819,0.14391196,-0.16822076,-0.014511982,-0.110130504,-0.10360979,0.2274298,0.0005981922,0.032667637,-0.15518735,-0.38720647,0.020006372,0.18835756,-0.3061985,-0.35585243,0.071919434,-0.39953285,-0.08013003,-0.028470984,-0.03353053,0.53284377,0.74710286,0.257755,0.44701433,-0.45563948,0.7071905,-0.22611284,0.74296486,0.26842785,-0.60893893,0.538284,0.6680241,0.16137499,-0.7195512,-202.47327,-37.275043,49.59595,-222.05684,35.082012,200.04471,-146.18988,-472.29346,-49.393227,333.15198,-37.87436,130.74077,-0.043952346,-0.047268286,-0.80250883,1.743912,-0.9682208,-0.014511982,-0.110130504,-0.10360979,-0.5725702,1.6005982,-0.7673324,-0.15518735,-7.744129,0.4001274,3.767151,-6.12397,-7.1170483,1.4383887,-7.990657,-1.6026007,-0.5694197,-0.67061055,10.656876,14.942057
366,-0.14975873,-0.04695769,-0.2656927,-0.044865943,0.017115248,-0.99884635,1.0,0.0,0.0,-0.072205395,-0.0378794,0.01563555,0.111974,-0.19839025,0.074423164,-0.1403683,-0.11799479,0.22660637,0.015370488,0.08359033,-0.069402315,0.061608095,0.068983935,0.012228838,-0.03849684,-0.07872146,0.7492677,0.052000474,-0.062032234,0.010143294,0.1665258,0.13579534,0.1802879,0.071100295,-0.6970182,0.026725437,0.3739731,0.1999801,-0.31948414,0.30801076,0.12602955,0.16729307,-0.55499274,-0.034577936,-0.57035047,199.81244,200.46983,-196.10161,182.90344,20.365133,199.97339,190.73058,-46.852615,112.554214,234.73663,-38.585617,-162.91122,-0.072205395,-0.0378794,-0.78436446,1.711974,-0.99839026,0.074423164,-0.1403683,-0.11799479,-0.57339364,1.6153705,-0.7164097,-0.069402315,1.2321619,1.3796787,0.24457677,-0.7699368,-1.5744293,14.985353,1.0400095,-1.2406447,0.20286588,3.3305159,2.7159069,3.605758
367,-0.028999832,0.07733078,-0.51285625,-0.044022862,0.019711085,-0.9988361,1.0,0.0,0.0,-0.03182407,-0.033735156,0.0058888793,0.12151873,-0.14013153,0.15104386,-0.0832503,-0.11990794,0.23299277,0.035278678,0.05806482,-0.10766114,0.2413688,-0.018817274,-0.086359225,0.11244178,0.5931365,0.081674896,0.47312045,0.038225815,0.04915289,0.058150787,-0.21177934,-0.48718125,-0.45457613,-0.12805064,-0.008404561,-0.22754036,0.08692616,-0.633554,-0.37417185,0.20373084,-0.1574617,-0.2973038,-0.26178187,-0.097743124,-8.629961,-205.72652,109.001915,183.1133,200.03687,-200.09601,184.2057,285.9357,-55.95185,-101.40894,-6.746425,-184.40884,-0.03182407,-0.033735156,-0.79411113,1.7215188,-0.94013155,0.15104386,-0.0832503,-0.11990794,-0.56700724,1.6352787,-0.7419352,-0.10766114,4.827376,-0.37634546,-1.7271844,2.2488356,11.86273,1.633498,9.462409,0.7645163,0.98305774,1.1630157,-4.2355866,-9.743625
368,-0.06789958,0.3623722,0.18247868,-0.034808587,0.021363668,-0.9991656,1.0,0.0,0.0,-0.03329078,-0.03964141,-0.0059844255,0.11957395,-0.04982704,0.09273886,-0.035957426,-0.10897813,0.22793597,0.033427477,-0.037035763,-0.13816379,-0.21025608,-0.033561565,-0.039844193,-0.10932652,0.3554093,-0.5973827,0.04210834,0.06865901,-0.08862346,-0.06659058,-0.5325047,0.039438494,-0.4615274,-0.2484804,0.55595714,-0.24866495,-0.05227285,0.025271393,-0.54895115,-0.3174349,0.9479668,-0.41691178,0.15920329,0.30521387,-199.7128,-123.7295,29.384474,-220.22748,-55.557613,-199.77713,-196.31236,188.0451,-208.88605,-221.37524,31.455976,59.001175,-0.03329078,-0.03964141,-0.80598444,1.719574,-0.84982705,0.09273886,-0.035957426,-0.10897813,-0.57206404,1.6334275,-0.8370358,-0.13816379,-4.2051215,-0.67123127,-0.7968838,-2.1865304,7.108186,-11.947654,0.8421667,1.3731802,-1.7724692,-1.3318115,-10.650093,0.78876984
369,0.4564617,-0.23213345,0.6979063,-0.032800663,0.012772109,-0.99938035,1.0,0.0,0.0,-0.12193667,-0.0720135,0.02190137,0.070654035,-0.03408134,0.040711746,-0.07640159,-0.12614094,0.24222648,-0.017838955,-0.06900722,-0.05601032,-0.62713474,-0.2623659,0.27855182,-0.36108893,-0.025257716,-0.07835163,-0.40345213,-0.20624875,0.20286508,-0.413254,0.14511369,0.69854635,0.5072485,0.9264969,-0.60246795,1.0832111,0.149256,0.5255374,0.53155255,0.5016793,0.28744063,0.15007953,0.26535547,-0.045825865,-141.29385,-161.15224,43.391296,-302.394,-22.270569,52.131542,-197.98685,-188.02306,147.80629,-248.94415,199.37335,141.4592,-0.12193667,-0.0720135,-0.77809864,1.670654,-0.83408135,0.040711746,-0.07640159,-0.12614094,-0.55777353,1.5821611,-0.86900723,-0.05601032,-12.542694,-5.2473183,5.5710363,-7.2217784,-0.5051543,-1.5670326,-8.069042,-4.1249747,4.0573015,-8.2650795,2.9022737,13.970926
370,-0.0263388,0.07629666,0.08456448,-0.034246087,0.0060499925,-0.99939513,1.0,0.0,0.0,-0.19881096,-0.102154694,0.047271848,0.024126649,0.014665306,0.09979381,-0.10601296,-0.14421903,0.25654328,-0.05395615,-0.0024419427,0.015586515,-0.18415263,-0.062185563,0.026288599,-0.12504499,0.31686816,0.600716,0.060030438,-0.024420029,-0.047161616,0.06571024,0.3218584,0.11361363,0.462778,0.44252032,-0.32814077,0.87100285,-0.16203399,-0.02918033,0.19450623,-0.4048705,0.42892745,-0.029006928,0.076921,-0.9636219,201.03378,211.9322,-213.90903,175.06033,-15.025196,200.13751,238.12823,-76.72168,-204.35736,358.88055,-7.9431305,-158.89035,-0.19881096,-0.102154694,-0.75272816,1.6241267,-0.7853347,0.09979381,-0.10601296,-0.14421903,-0.54345673,1.5460439,-0.80244195,0.015586515,-3.6830525,-1.2437112,0.525772,-2.5008998,6.3373632,12.014319,1.2006087,-0.48840058,-0.9432323,1.3142048,6.437168,2.2722726
371,0.12738514,0.048278037,-0.7488012,-0.031832248,0.0034487885,-0.9994873,1.0,0.0,0.0,-0.18993929,-0.11053234,0.033602178,0.029810548,0.0051231384,0.1438963,-0.044159286,-0.14879075,0.25690645,-0.03679478,0.01568377,-0.014190247,0.22840786,-0.029557807,-0.14412576,0.15223674,-0.3028277,-0.090761535,0.47347456,-0.020095168,0.027566079,0.10177233,-0.005747735,-0.34437189,-0.207284,-0.14122461,0.26888832,0.40794858,-0.2683222,-0.7739575,-0.61583173,0.2086495,0.31907174,0.040229395,-0.29522857,-0.11870465,199.27452,193.72977,-196.97551,184.22945,-89.4552,-200.22592,54.25025,110.23384,26.175293,51.549072,-30.03225,-118.764885,-0.18993929,-0.11053234,-0.76639783,1.6298106,-0.7948769,0.1438963,-0.044159286,-0.14879075,-0.54309356,1.5632052,-0.78431624,-0.014190247,4.568157,-0.5911561,-2.8825152,3.044735,-6.056554,-1.8152306,9.469491,-0.40190336,0.55132157,2.0354466,-0.114954695,-6.8874373
372,-0.09230926,-0.35528713,-0.1294789,-0.039207857,0.0028225114,-0.99922705,1.0,0.0,0.0,-0.17873424,-0.111478955,0.021109343,0.07333171,-0.088192165,0.05020649,0.008110969,-0.14295268,0.2713698,-0.0124258995,-0.054466426,-0.059234962,-0.023346918,0.011700787,0.0023472083,0.2682374,-0.45127955,-0.77533525,0.08786031,0.06800203,0.10026186,0.13027331,-0.5307037,-0.1652848,-0.5636419,-0.12246601,-0.3618964,-0.62800586,-0.10906015,0.19837089,-0.77455604,-0.023172624,-0.3626777,-0.90902823,0.033634692,0.22465086,-43.65019,-64.552284,210.8298,181.96613,51.575905,-200.06581,-203.9782,223.49243,7.848307,-27.940773,-15.881281,34.957844,-0.17873424,-0.111478955,-0.77889067,1.6733317,-0.8881922,0.05020649,0.008110969,-0.14295268,-0.5286302,1.5875741,-0.85446644,-0.059234962,-0.46693835,0.23401573,0.046944167,5.364748,-9.025591,-15.506705,1.7572062,1.3600405,2.005237,2.6054661,-10.614075,-3.3056958
373,-0.1342904,0.22975433,0.40827838,-0.04047226,0.008063171,-0.99914813,1.0,0.0,0.0,-0.23407827,-0.10606914,0.0018889904,0.11007571,-0.11644971,-0.03051216,-0.021547629,-0.12855671,0.26559645,-0.0008095503,-0.08472586,-0.020414433,-0.48331553,0.03630487,-0.1761382,0.11823525,-0.0046900995,-0.09932801,-0.34231305,0.07094424,-0.13212882,-0.0013857775,0.14496545,0.45911923,0.31696516,0.15038466,0.25857076,-0.39417288,-0.08557461,0.673882,0.5848015,-0.10777432,0.42333233,-0.94237965,0.5243534,-0.12699047,-198.46538,-25.169888,-186.46887,-208.8152,27.813305,200.65768,-207.04518,169.59975,-175.99257,-206.39671,149.40967,111.65256,-0.23407827,-0.10606914,-0.798111,1.7100757,-0.9164497,-0.03051216,-0.021547629,-0.12855671,-0.53440356,1.5991905,-0.88472587,-0.020414433,-9.66631,0.72609735,-3.5227642,2.364705,-0.09380199,-1.9865602,-6.846261,1.4188849,-2.6425765,-0.027715549,2.899309,9.1823845
374,-0.31461024,-0.23577265,-0.2171186,-0.041166324,0.018302692,-0.99898463,1.0,0.0,0.0,-0.27856606,-0.08965936,0.0039238334,0.10264623,-0.10739517,0.024275148,-0.041117392,-0.10503872,0.2751391,-0.024703264,-0.00016278028,0.0035200655,-0.010636914,0.10545279,0.16663067,-0.17210446,0.05179578,0.57925284,0.09487497,0.11269095,0.13559966,-0.07831218,0.3646761,-0.07175444,0.6139304,-0.16729678,-0.633987,0.67425895,-0.4540233,-0.19519517,0.077817485,-1.304449,0.10706005,-0.189465,0.12090945,-0.77999234,197.99098,191.63591,212.36665,-213.36194,-2.9104726,199.83937,237.68463,-426.7964,68.47766,481.58218,-198.6143,-79.895836,-0.27856606,-0.08965936,-0.7960762,1.7026463,-0.9073952,0.024275148,-0.041117392,-0.10503872,-0.5248609,1.5752968,-0.8001628,0.0035200655,-0.21273826,2.1090558,3.3326135,-3.442089,1.0359156,11.585056,1.8974994,2.253819,2.711993,-1.5662435,7.293522,-1.4350888
375,0.35874718,0.21842316,-0.67023104,-0.041234553,0.014525444,-0.99904394,1.0,0.0,0.0,-0.23689255,-0.09210337,0.0016847849,0.096783996,-0.16991055,0.067026965,-0.00662542,-0.1061737,0.28131545,-0.016044974,0.0243572,-0.054476168,0.38499328,-0.09369486,-0.15532771,0.08725793,-0.56883854,-0.08694889,0.18598406,-0.082146816,-0.063465826,0.1194814,0.0670073,-0.46729484,-0.35132098,0.22498362,0.36217886,0.1930646,-0.099485815,-0.29059708,-0.3048002,0.39227372,0.52509594,0.5495932,0.39753318,-0.4184535,196.16585,-110.43675,-176.37782,192.3318,-86.36174,-200.88405,-38.382652,79.81976,-63.717514,144.8094,2.8132477,-116.06765,-0.23689255,-0.09210337,-0.7983152,1.696784,-0.96991056,0.067026965,-0.00662542,-0.1061737,-0.51868457,1.583955,-0.7756428,-0.054476168,7.6998653,-1.8738972,-3.106554,1.7451586,-11.376771,-1.7389777,3.719681,-1.6429362,-1.2693166,2.389628,1.3401461,-9.345897
376,-0.22384098,-0.36758786,-0.048046883,-0.045568097,0.012380592,-0.9988845,1.0,0.0,0.0,-0.20756723,-0.08734852,-0.002133131,0.11419594,-0.21017402,-0.020644313,-0.012673464,-0.10400076,0.26627123,0.036370397,0.065819144,-0.17715222,-0.046996336,0.122222915,0.09269645,0.08297973,0.09506991,-0.6120756,-0.20305851,0.07882586,-0.07763887,0.3645519,0.3464446,-0.589373,-0.7337262,-0.2770877,-0.12181679,-0.7120809,0.08149359,0.29663855,-0.42227527,-0.42505145,-0.4138385,-1.0299215,0.12377286,0.41404328,-201.32166,203.1553,208.17426,62.75235,184.86656,0.23508678,-171.202,76.64769,-64.67819,158.751,95.36589,62.665535,-0.20756723,-0.08734852,-0.80213314,1.714196,-1.010174,-0.020644313,-0.012673464,-0.10400076,-0.5337288,1.6363704,-0.73418087,-0.17715222,-0.93992674,2.4444582,1.853929,1.6595947,1.9013982,-12.241512,-4.06117,1.5765172,-1.5527774,7.291038,6.928892,-11.787459
377,0.40569803,0.11578467,0.40597704,-0.04895889,0.008021919,-0.99876857,1.0,0.0,0.0,-0.26724884,-0.087525435,-0.006859064,0.11750507,-0.13030201,-0.06784383,-0.1067948,-0.12274708,0.22962976,0.09226024,0.09674555,-0.22036688,-0.5008735,-0.10127653,-0.11065403,-0.03872138,0.49913985,0.07134306,-0.65641826,-0.2257533,-0.27166915,0.20854764,0.08583977,0.08972985,0.56687874,0.37714654,0.17532018,-0.32423574,-0.051202476,0.34770715,0.6226776,0.942245,0.039772652,-0.36906147,-0.46640235,0.09911382,-195.017,-164.89114,-177.35754,-232.08647,-24.061762,200.53404,-66.19102,-121.07693,-310.17328,-265.44278,-29.22642,201.43195,-0.26724884,-0.087525435,-0.8068591,1.7175051,-0.930302,-0.06784383,-0.1067948,-0.12274708,-0.57037026,1.6922603,-0.70325446,-0.22036688,-10.017469,-2.0255306,-2.2130806,-0.77442753,9.982797,1.426861,-13.1283655,-4.515066,-5.433383,4.170953,1.7167954,1.794597
378,-0.17775668,0.18916246,0.015735142,-0.042915676,0.0049929037,-0.99906623,1.0,0.0,0.0,-0.31605685,-0.08342551,-0.0024260283,0.07737005,-0.08592206,0.019454168,-0.1890594,-0.13447388,0.18331665,0.12114203,0.040855765,-0.13787481,-0.034288812,0.118072964,0.13142319,-0.3364832,0.10638709,0.68444395,-0.21435542,0.07584267,-0.19069278,0.090500884,-0.57851183,0.5443176,0.30695647,-0.6544162,-0.16737066,0.5728984,-0.9419125,-0.36341622,0.4044739,0.08630128,0.3923192,-0.49008304,-0.60326475,0.21022537,198.45453,193.84885,214.72966,-218.39297,-33.508087,68.39704,192.66142,244.00877,-89.52148,-215.16174,-199.53494,-9.46488,-0.31605685,-0.08342551,-0.80242604,1.6773701,-0.8859221,0.019454168,-0.1890594,-0.13447388,-0.61668336,1.721142,-0.75914425,-0.13787481,-0.68577623,2.3614593,2.6284637,-6.729664,2.1277418,13.688879,-4.2871084,1.5168533,-3.8138556,1.8100177,-11.570236,10.886352
379,-0.022389764,0.14090522,-0.66518414,-0.036510676,0.008061179,-0.9993008,1.0,0.0,0.0,-0.27423364,-0.07163535,0.006508231,0.039055347,-0.13880026,0.083409786,-0.17403144,-0.11216045,0.17354429,0.11146593,-0.1423682,-0.013014869,0.41028085,0.010484717,-0.027587626,-0.07079921,-0.5676584,0.02094789,0.30901092,0.13997273,0.06267925,-0.16523264,-1.0675075,0.55992025,-0.41876698,-0.22288008,0.51135796,0.5665333,0.39421076,-0.45936227,0.25752413,0.20557363,-0.039281555,-0.17260411,-0.2383959,-0.123913646,199.7426,-224.22046,-204.53496,180.41487,-200.02737,-200.78638,206.06027,186.39632,175.4779,-240.5556,30.465569,-67.661766,-0.27423364,-0.07163535,-0.7934918,1.6390554,-0.9388003,0.083409786,-0.17403144,-0.11216045,-0.6264557,1.711466,-0.9423682,-0.013014869,8.205617,0.20969434,-0.5517525,-1.4159842,-11.3531685,0.4189578,6.180218,2.7994547,1.2535851,-3.304653,-21.35015,11.198405
380,0.027572963,0.0794965,-0.33453298,-0.032266602,0.007088715,-0.99945414,1.0,0.0,0.0,-0.23463589,-0.075511806,0.0016037822,0.036182523,-0.17913502,0.012848013,-0.073369145,-0.07378133,0.1861,0.065300584,-0.27941996,0.023786679,0.02346215,-0.04125553,-0.019493502,0.032119356,0.097753696,-0.6581982,0.6441651,0.2298944,0.05749624,-0.28412315,-0.37265942,-0.1243724,-0.6225594,0.09829924,0.23370594,-0.15888435,0.282575,-0.010176099,-0.5763568,-0.44220465,0.42398816,-0.50773394,0.54020464,-0.26307926,-200.17963,-199.57788,203.08295,184.10168,200.07518,-200.01111,126.69258,121.18222,-309.4028,-274.9513,198.59436,-202.35004,-0.23463589,-0.075511806,-0.7983962,1.6361825,-0.97913504,0.012848013,-0.073369145,-0.07378133,-0.6139,1.6653006,-1.07942,0.023786679,0.469243,-0.8251106,-0.38987002,0.6423871,1.9550738,-13.163963,12.883302,4.597888,1.1499248,-5.682463,-7.4531884,-2.487448
381,0.0029025741,-0.392475,0.12785476,-0.039966926,0.006475231,-0.99918,1.0,0.0,0.0,-0.27856454,-0.07985197,0.030477166,0.010647416,-0.0861209,-0.04694232,0.005733347,-0.039602716,0.22595012,-0.025704265,-0.27978605,-0.057827353,-0.4191141,-0.009956013,0.2680249,-0.2514716,0.740058,-0.028703658,0.18942373,0.12506959,0.3128631,-0.5947742,0.30186582,-0.48548323,0.46290714,0.3599248,-0.684994,0.21514098,0.20545916,0.84837234,-0.7207724,-0.44474596,-0.1356296,0.6339413,0.060788095,0.03416196,-204.19171,128.23712,161.12975,-161.27655,110.65508,129.76685,-192.58722,-219.62094,117.89363,-244.60358,200.46542,25.734638,-0.27856454,-0.07985197,-0.76952285,1.6106474,-0.8861209,-0.04694232,0.005733347,-0.039602716,-0.5740499,1.5742958,-1.0797861,-0.057827353,-8.382282,-0.19912027,5.360498,-5.0294323,14.80116,-0.57407314,3.7884743,2.5013916,6.257262,-11.895483,6.0373163,-9.709664
382,0.011784741,0.16831301,0.13130853,-0.04349201,0.006461441,-0.99903286,1.0,0.0,0.0,-0.32074872,-0.07536217,0.051269412,-0.00818491,0.02904725,0.022204287,0.011359721,-0.03503809,0.24362934,-0.08079326,-0.16500533,-0.07642773,-0.039053347,0.054620426,-0.03200857,0.036174413,0.45674393,0.6523209,-0.098528676,-0.061866928,-0.08558218,-0.018169163,0.5997927,0.17525338,0.5779836,-0.07556829,0.2085886,0.79889786,-0.35962492,0.027105294,0.039447512,-0.22178052,0.38161004,1.125589,-0.20921126,0.07754922,199.81168,201.78017,-192.60707,184.91087,-69.56203,199.98831,-141.25493,-367.92926,2.9578247,415.26025,-62.78302,89.63782,-0.32074872,-0.07536217,-0.7487306,1.5918151,-0.77095276,0.022204287,0.011359721,-0.03503809,-0.5563707,1.5192068,-0.96500534,-0.07642773,-0.78106695,1.0924085,-0.64017135,0.7234882,9.134878,13.046418,-1.9705735,-1.2373385,-1.7116436,-0.36338323,11.995854,3.5050673
383,0.16993833,-0.4265613,-0.23758712,-0.050120212,0.0020137595,-0.99874115,1.0,0.0,0.0,-0.28029725,-0.076090105,0.06228125,0.01638496,0.043203235,0.078488916,0.012737902,-0.057031445,0.24902153,-0.06606376,-0.120817125,-0.021639962,0.3954726,-0.042768,0.12507796,0.19536479,-0.2503723,-0.007034246,0.046452675,-0.15011613,0.110875,0.13940972,-0.07920807,0.2547414,-0.1966235,0.08148396,-0.58505976,0.13066226,-0.6678026,-0.7820399,-0.31836557,0.26968813,0.07544915,-0.37806588,-0.5699361,-0.07311234,198.41467,103.429596,216.60252,195.66862,-199.35959,-128.81357,16.766527,-201.08441,176.3595,181.84297,-145.91263,-35.72753,-0.28029725,-0.076090105,-0.73771876,1.616385,-0.7567968,0.078488916,0.012737902,-0.057031445,-0.5509785,1.5339363,-0.92081714,-0.021639962,7.9094515,-0.85536003,2.5015593,3.9072957,-5.007446,-0.14068492,0.9290535,-3.0023224,2.2175,2.7881944,-1.5841613,5.094828
384,-0.20295443,0.20390657,0.15067114,-0.053355,0.0035313496,-0.99856937,1.0,0.0,0.0,-0.23624936,-0.057704147,0.06480706,0.060772657,-0.080616355,-1.7525419e-05,-0.017473241,-0.07189508,0.25044227,-0.029469728,-0.19323134,-0.021688186,0.12763065,0.19244605,-0.07433149,0.22515182,-0.92005724,-0.70579857,-0.30806157,-0.022655886,-0.08272272,0.19258656,-0.6180788,-0.10485711,-0.38832122,-0.30039,-0.13388944,-0.69858927,-0.17139341,0.24414742,-5.351752e-05,0.13240974,0.46959937,-0.8203191,0.14246145,-0.34225443,-44.0685,142.39435,-219.85782,-94.54775,-200.21762,-199.67471,-197.65611,190.99646,-197.2185,-217.01462,-199.78706,-16.407164,-0.23624936,-0.057704147,-0.73519295,1.6607727,-0.88061637,-1.7525419e-05,-0.017473241,-0.07189508,-0.54955775,1.5705303,-0.99323136,-0.021688186,2.552613,3.848921,-1.4866298,4.5030365,-18.401144,-14.115972,-6.1612315,-0.4531177,-1.6544545,3.851731,-12.361576,-2.0971422
385,-0.050643593,0.06436259,-0.06887355,-0.0477419,0.008357702,-0.9988247,1.0,0.0,0.0,-0.25187293,-0.032180957,0.04845953,0.089931846,-0.1881414,-0.066145934,-0.03623225,-0.06749821,0.24818623,-0.007817507,-0.24553138,-0.09989065,-0.21295936,0.072555155,-0.07709582,0.08252073,-0.22492163,-0.022689348,0.02742638,0.047125828,0.009349204,0.08914975,0.012596004,-0.50805384,-0.1527065,0.0016593337,0.080658756,-0.2635813,0.06646101,0.61581635,0.56222737,-0.56961215,0.5260903,-0.52172124,0.6582204,0.39906994,-95.73622,-186.42412,-178.89737,-207.4081,200.47095,200.36343,84.3726,130.7081,-166.79625,-96.502846,168.367,-6.4735146,-0.25187293,-0.032180957,-0.7515405,1.6899319,-0.9881414,-0.066145934,-0.03623225,-0.06749821,-0.5518138,1.5921825,-1.0455314,-0.09989065,-4.259187,1.4511031,-1.5419164,1.6504146,-4.4984326,-0.45378694,0.5485276,0.94251657,0.18698408,1.782995,0.25192007,-10.161077
386,0.19604719,-0.31538156,-0.76071614,-0.054614242,0.004291927,-0.9984983,1.0,0.0,0.0,-0.24725829,-0.028391618,0.054525852,0.08123827,-0.15911233,0.0049074064,0.015301323,-0.07064824,0.27418005,-0.008440375,-0.18089479,-0.11672592,0.16334246,-0.021478461,0.0944105,-0.14159329,0.41909885,0.6625964,0.43460098,-0.08114983,0.20352545,-0.053439777,0.41571584,0.27024597,0.3856048,0.28479636,-0.1907657,-0.15632258,-0.02402538,-0.11039331,-0.4706223,0.19594245,-0.24327311,0.15890472,0.36711064,0.12968424,56.75084,67.18088,-11.717396,-215.3385,109.6084,200.01312,220.26736,-485.02103,-208.01219,73.79704,-142.00386,242.61346,-0.24725829,-0.028391618,-0.74547416,1.6812383,-0.95911235,0.0049074064,0.015301323,-0.07064824,-0.52581996,1.5915596,-0.9808948,-0.11672592,3.266849,-0.4295692,1.8882099,-2.8318658,8.381977,13.251927,8.692019,-1.6229966,4.070509,-1.0687956,8.314317,5.404919
387,-0.36392838,0.29189107,-0.75876164,-0.053684536,0.007146785,-0.9985324,1.0,0.0,0.0,-0.17097081,-0.0028168948,0.05989939,0.03741455,-0.101409316,0.061849296,0.058942217,-0.07843971,0.26100355,0.030893564,-0.07596779,-0.031670786,0.5533175,0.23746906,-0.029966563,-0.23279133,0.25956398,-0.04784237,0.0498874,0.012278101,-0.25517586,0.35327452,0.6492584,0.42304546,-0.6147184,-0.6882004,0.6311222,0.6870509,0.071681276,-0.5803488,-0.8269672,-0.31226337,0.13900542,-0.10799146,-0.11040804,-0.50743514,147.14775,-28.521545,684.71985,822.16614,122.26739,-286.22156,-184.95488,89.0002,-205.51294,160.85365,85.48697,-31.186665,-0.17097081,-0.0028168948,-0.7401006,1.6374146,-0.9014093,0.061849296,0.058942217,-0.07843971,-0.53899646,1.6308936,-0.8759678,-0.031670786,11.06635,4.749381,-0.59933126,-4.6558266,5.1912794,-0.95684737,0.997748,0.24556203,-5.103517,7.0654902,12.9851675,8.460909
388,0.20260292,-0.026897775,-0.10273553,-0.049436793,0.008174953,-0.9987438,1.0,0.0,0.0,-0.11318866,0.016279586,0.061330736,0.018390775,-0.03914827,-0.027955491,0.016492885,-0.102997616,0.22837621,0.088949084,-0.02539301,-0.014149611,0.07507549,-0.0017678749,0.010716735,0.040924363,0.2069935,-0.7088899,-0.43240878,-0.23698595,-0.10642449,0.2277907,-0.049985226,-0.20066021,-0.34647018,-0.62171096,0.28672764,0.16072218,0.1432948,-0.042801984,-0.0009635836,0.8259036,-0.080708794,-0.4810918,-0.54459316,-0.15170205,-160.3871,-68.16293,82.73322,593.866,-244.14722,-94.28699,-185.7031,-217.86325,-155.25815,-256.51215,-170.54556,-200.57825,-0.11318866,0.016279586,-0.7386693,1.6183908,-0.8391483,-0.027955491,0.016492885,-0.102997616,-0.5716238,1.6889491,-0.825393,-0.014149611,1.5015098,-0.035357498,0.21433471,0.8184872,4.13987,-14.177797,-8.648175,-4.739719,-2.1284897,4.555814,-0.99970454,-4.013204
389,0.17767733,-0.07440795,0.08218733,-0.051770702,0.0007344787,-0.9986587,1.0,0.0,0.0,-0.14610657,0.006805332,0.054533303,0.053394318,-0.00012296438,-0.08001006,-0.028681394,-0.13581316,0.21020663,0.121789575,-0.108213186,-0.06288776,-0.33642954,-0.076347224,-0.042377524,0.21656726,0.21880035,0.0342757,-0.0761066,-0.108245604,-0.07696153,0.11228174,-0.712147,-0.22217603,0.24579313,0.08075389,-0.02734505,-0.03643084,-0.072490886,0.40405834,0.3763559,0.9957715,0.2050721,-0.6515309,-0.27591562,0.6439918,-126.04099,-126.90492,10.662796,27.89187,6.770035,108.31131,140.98965,203.02817,-216.50337,-227.21762,-200.41118,25.792944,-0.14610657,0.006805332,-0.7454667,1.6533943,-0.800123,-0.08001006,-0.028681394,-0.13581316,-0.5897934,1.7217896,-0.9082132,-0.06288776,-6.7285905,-1.5269445,-0.84755045,4.331345,4.376007,0.685514,-1.5221319,-2.164912,-1.5392306,2.2456348,-14.24294,-4.4435205
390,-0.24982372,0.12865117,-0.5123476,-0.05036681,0.0030284503,-0.9987262,1.0,0.0,0.0,-0.16179265,0.008887549,0.044932604,0.07811713,-0.011422336,0.001354941,0.011542914,-0.13073358,0.20528978,0.12381899,-0.18851578,-0.032157917,0.13110676,0.07051755,-0.053988095,0.045681853,-0.14078872,0.7131956,0.42534837,0.12665586,0.011742771,-0.07016771,-0.24405697,0.4608856,0.3388192,-0.5489946,-0.05149028,-0.496078,-0.18145137,-0.16548781,-0.12210722,0.1516426,-0.19595245,-0.8985544,0.04696898,0.17034732,199.92677,86.68141,-92.035835,-217.7276,4.826869,199.97423,206.57309,190.65889,-37.759445,-230.87244,55.80799,199.67775,-0.16179265,0.008887549,-0.7550674,1.6781172,-0.81142235,0.001354941,0.011542914,-0.13073358,-0.59471023,1.723819,-0.9885158,-0.032157917,2.6221352,1.4103509,-1.0797619,0.91363704,-2.8157742,14.263912,8.506968,2.533117,0.23485541,-1.4033542,-4.8811393,9.217712
391,-0.27594346,0.5288556,-0.44881707,-0.036190525,0.012486022,-0.99926686,1.0,0.0,0.0,-0.09250128,0.01810977,0.025759995,0.06801963,-0.06737304,0.07173603,0.054520056,-0.1033417,0.18679124,0.094680786,-0.1625107,0.044542488,0.52377814,0.021941042,-0.12053984,-0.1363221,-0.2774721,0.056258332,0.041340087,0.14864251,-0.16755204,-0.20839308,0.3969216,0.31265804,-0.6839053,0.043269545,0.79528546,0.34002617,0.33822942,-0.68723506,-0.87053156,-0.55076253,1.0657524,0.060168132,0.3986429,-0.34895462,198.03098,-281.6328,-62.887737,-223.75237,24.630684,-201.96681,-196.53885,186.07007,-189.74773,-220.8758,93.652954,-37.79016,-0.09250128,0.01810977,-0.77424,1.6680197,-0.86737305,0.07173603,0.054520056,-0.1033417,-0.6132088,1.6946808,-0.9625107,0.044542488,10.475563,0.4388208,-2.4107966,-2.7264419,-5.549442,1.1251667,0.8268017,2.97285,-3.3510406,-4.1678615,7.938432,6.253161
392,-0.028715238,-0.098872885,0.08264606,-0.02874721,0.01810634,-0.9994227,1.0,0.0,0.0,-0.039962716,0.01615118,0.02134335,0.056647778,-0.04963672,0.0062138704,0.01320424,-0.08988222,0.1710453,0.061276555,-0.021343589,0.035536513,0.047457267,-0.028114786,0.064607374,0.0034818158,0.388218,-0.64174265,-0.39922598,0.0028719378,-0.031777814,-0.020414436,0.7075447,-0.2508794,-0.54570335,-0.06511015,-0.0005985392,0.9168284,0.21565573,0.30269322,0.22895586,-0.11299808,0.53254807,0.09718518,0.054605484,-0.4426668,-199.69856,76.95913,206.6564,185.032,200.17854,-199.8545,-205.37138,-123.89458,483.3942,1045.3173,-237.56079,-25.91536,-0.039962716,0.01615118,-0.77865666,1.6566478,-0.84963673,0.0062138704,0.01320424,-0.08988222,-0.6289547,1.6612766,-0.8213436,0.035536513,0.9491453,-0.56229573,1.2921475,0.069636315,7.7643595,-12.834853,-7.9845195,0.057438757,-0.6355563,-0.40828872,14.150893,-5.017588
393,0.25550535,-0.35215944,-0.030146118,-0.03790604,0.012542879,-0.9992026,1.0,0.0,0.0,-0.07133145,-0.00046335516,0.026060343,0.08490336,0.04138404,-0.04336936,-0.01812634,-0.09479792,0.17793703,0.08205199,0.014895499,-0.06420401,-0.322224,-0.11878028,-0.0025340721,0.24938849,0.41673374,0.07662788,0.030397726,-0.03320999,0.086175814,0.15065566,-0.04943074,-0.6986764,0.13338375,0.36898512,-0.32963595,-0.2435819,-0.6655098,0.58631355,0.27105308,0.4156832,-0.2925969,-0.21170136,-0.8150833,-0.15661034,-198.316,-75.78521,-78.92968,166.45517,-28.740639,198.7821,199.10828,44.36479,3.4061584,67.20877,-59.099617,-103.42625,-0.07133145,-0.00046335516,-0.77393967,1.6849034,-0.758616,-0.04336936,-0.01812634,-0.09479792,-0.622063,1.682052,-0.7851045,-0.06420401,-6.4444795,-2.3756056,-0.050681442,4.9877696,8.334675,1.5325576,0.6079545,-0.66419977,1.7235162,3.013113,-0.98861474,-13.973528
394,-0.26890367,0.30526718,-0.5467867,-0.037611224,0.013342425,-0.9992034,1.0,0.0,0.0,-0.08482309,-0.0014755927,0.0061858296,0.1171217,0.0511986,0.046773158,0.036839463,-0.07875569,0.17792928,0.10793209,-0.07465434,-0.13436349,0.13834321,0.0926127,-0.17535427,0.0884584,-0.24948676,0.7575535,0.4467871,0.17799261,-0.07565895,0.104840495,-0.7631904,-0.12285874,0.3137307,-0.61290324,0.44152188,-0.6348877,-0.46528524,-0.2617191,-0.15428625,-0.28431702,0.3034029,-0.8352229,-0.12129708,0.65407294,200.11296,198.89886,-202.24672,-221.95935,-200.20581,199.9441,97.566376,152.46326,-204.48746,-187.82645,-206.0863,84.01855,-0.08482309,-0.0014755927,-0.7938142,1.7171217,-0.7488014,0.046773158,0.036839463,-0.07875569,-0.6220707,1.7079321,-0.87465435,-0.13436349,2.7668643,1.8522539,-3.5070853,1.7691679,-4.989735,15.151071,8.935741,3.5598521,-1.513179,2.0968099,-15.263807,-2.4571748
395,0.2310699,-0.16903125,-0.5752389,-0.037183184,0.012280608,-0.999233,1.0,0.0,0.0,-0.015743187,-0.008314792,0.0052989125,0.10863078,-0.07143527,0.12594095,0.082732506,-0.072013035,0.19506484,0.09392929,-0.15283763,-0.084550306,0.5154343,-0.13498728,0.1263436,-0.15038197,-0.85014355,0.099850886,0.046316564,-0.083421074,0.19663058,-0.2034651,-0.08783469,0.55379105,-0.68300337,0.4030158,0.057227325,-0.10655375,0.32699263,-0.6444639,-0.8922339,0.41022956,-0.15045482,-0.19192824,0.21985856,0.40457305,202.74023,-184.26271,246.6713,-199.60004,-46.852345,-200.33792,-199.92947,-195.46165,49.602184,-223.11559,191.23123,200.15701,-0.015743187,-0.008314792,-0.7947011,1.7086308,-0.8714353,0.12594095,0.082732506,-0.072013035,-0.60493517,1.6939293,-0.95283765,-0.084550306,10.308686,-2.6997457,2.526872,-3.0076394,-17.00287,1.9970177,0.9263313,-1.6684214,3.9326115,-4.069302,-1.7566938,11.075821
396,-0.28844994,0.17171752,0.06594428,-0.036447473,0.014337839,-0.9992327,1.0,0.0,0.0,0.037285,-0.007920962,0.030069351,0.056732655,-0.16553044,0.06831387,0.045825284,-0.07035771,0.21455216,0.041956067,-0.09444797,0.073628284,0.0525823,0.11014539,0.102351926,-0.29487345,-0.14455263,-0.6150698,-0.377418,0.08439106,0.022072999,-0.30549043,0.588687,0.8003932,-0.6834114,-0.04969062,0.035712194,0.794343,0.24976985,0.31894058,0.23726356,-0.6278938,0.674837,-0.34956056,0.3814732,-0.86624557,-238.75345,258.274,288.81458,411.78192,265.85034,-231.59955,-206.62729,218.58627,-152.22105,-200.53368,149.35619,-65.928246,0.037285,-0.007920962,-0.76993066,1.6567327,-0.96553046,0.06831387,0.045825284,-0.07035771,-0.58544785,1.6419561,-0.894448,0.073628284,1.051646,2.2029078,2.0470386,-5.897469,-2.8910525,-12.301396,-7.5483603,1.6878211,0.44145995,-6.1098084,11.77374,16.007864
397,0.38707668,-0.12229191,-0.035286423,-0.03588308,0.009562153,-0.99931026,1.0,0.0,0.0,0.009451293,-0.017763553,0.043958604,0.03272164,-0.113245785,0.013368091,0.016570823,-0.08164165,0.22775984,0.015687704,-0.036226332,0.12212551,-0.29330143,-0.1449863,0.03667807,0.007871818,0.57640517,0.010992492,0.02982382,-0.11606828,0.11818415,-0.07309529,0.20628329,-0.15555386,0.052075896,0.47871435,-0.013962542,1.0292076,-0.023632959,0.4969157,0.28386438,0.18149634,0.36119974,0.74910754,0.14781466,-0.7385767,-181.6766,-51.590458,-131.70717,204.29807,199.82286,180.66064,189.99135,53.393845,130.42209,126.1284,1.5297852,-233.27473,0.009451293,-0.017763553,-0.7560414,1.6327217,-0.9132458,0.013368091,0.016570823,-0.08164165,-0.5722402,1.6156877,-0.83622634,0.12212551,-5.866029,-2.899726,0.73356134,0.15743636,11.528103,0.21984982,0.5964764,-2.3213656,2.363683,-1.4619058,4.1256657,-3.111077
398,-0.08716058,-0.33600685,-0.56725043,-0.04484015,0.004078293,-0.9989858,1.0,0.0,0.0,-0.0016028746,-0.028322605,0.041137457,0.060762644,-0.059239686,0.08733552,0.07149882,-0.07978138,0.2410236,0.038070202,0.0017707348,0.024737788,0.07453665,0.028904064,-0.038024742,0.2366185,0.11867596,0.671013,0.41950247,0.110651396,0.025388448,0.25327036,0.16967697,-0.7296125,0.11934068,-0.23896338,-0.0066278544,-0.65196717,-0.18770885,0.018898927,-0.5924332,-0.023535982,-0.48802316,-0.8527831,-0.14039795,0.17349556,52.12856,200.44318,-70.01051,182.50014,-45.860077,199.92662,57.126244,204.4589,-175.43665,149.1135,7.7435913,-164.542,-0.0016028746,-0.028322605,-0.75886256,1.6607627,-0.8592397,0.08733552,0.07149882,-0.07978138,-0.5589764,1.6380702,-0.7982293,0.024737788,1.490733,0.57808125,-0.7604948,4.73237,2.3735192,13.420259,8.390049,2.213028,0.5077689,5.0654073,3.3935394,-14.592251
399,0.08614926,0.052337665,-0.32423246,-0.049577944,0.0025445023,-0.998767,1.0,0.0,0.0,0.030973656,-0.03485239,0.030663252,0.08791888,-0.08844262,0.14871603,0.111329556,-0.068961196,0.23259276,0.076906204,-0.024907172,-0.045537148,0.183192,-0.07908515,-0.05988269,0.050556507,-0.22533655,0.007918771,0.018303273,0.011375736,-0.09897841,0.1415404,-0.25175914,-0.04608343,-0.3666803,0.26012945,0.12483164,-0.5606791,-0.23709893,-0.72548085,-0.57338667,0.34997112,-0.07489591,-0.5985108,-0.27409202,0.38089132,11.974938,-206.28993,-9.577499,-211.1573,2.2353287,-200.23459,-200.83649,75.314865,-202.08199,-217.68903,-9.118272,200.14482,0.030973656,-0.03485239,-0.76933676,1.6879189,-0.88844264,0.14871603,0.111329556,-0.068961196,-0.56740725,1.6769062,-0.8249072,-0.045537148,3.6638398,-1.581703,-1.1976538,1.0111301,-4.506731,0.15837543,0.36606547,0.22751473,-1.9795681,2.830808,-5.0351825,-0.9216686
400,-0.4796831,0.13634431,0.4454509,-0.046375528,0.0118158255,-0.9988542,1.0,0.0,0.0,0.01723779,-0.022989599,0.038881302,0.06519413,-0.1416285,0.07330271,0.06924557,-0.046498686,0.20363045,0.09470916,-0.10759997,0.017999584,-0.27567253,0.17113304,0.1045328,-0.24221961,-0.23974767,-0.6922796,-0.39609098,0.19666883,-0.18872511,0.043496978,-0.40467307,0.6155039,-0.26182485,-0.40897435,-0.0052996264,0.26879752,0.12217541,0.33860838,0.18368697,-1.0232786,0.89957917,-0.7773562,-0.1063219,-0.14292338,-201.44743,194.51263,115.12474,-207.96623,29.485344,-200.06358,-209.42255,253.6403,-137.37321,-199.18134,37.965755,201.15097,0.01723779,-0.022989599,-0.7611187,1.6651942,-0.9416285,0.07330271,0.06924557,-0.046498686,-0.59636956,1.6947092,-0.9076,0.017999584,-5.51345,3.4226608,2.090656,-4.8443923,-4.7949533,-13.845592,-7.9218197,3.9333766,-3.7745023,0.86993957,-8.093461,12.310078
401,0.2355572,0.008537193,0.05717113,-0.042800006,0.0155129805,-0.9989632,1.0,0.0,0.0,-0.06611477,-0.019302977,0.043311,0.045847178,-0.11493391,0.0100756185,0.031124743,-0.030912489,0.19326723,0.070207596,-0.12834299,0.068536475,-0.44677922,-0.10477722,-0.034645133,0.017419783,0.4207676,-0.0061947894,-0.018546117,-0.020666113,0.067156605,-0.2566052,0.025685683,-0.044310465,0.3050685,0.26821536,-0.004861411,0.84395754,0.37750047,0.49662697,0.63967806,0.06597017,0.28151307,-0.26387066,0.120409295,-0.25730374,10.44602,-191.10977,-114.4106,167.40042,137.2622,199.94278,200.23451,-201.32686,206.71246,-216.44385,28.505888,-200.0806,-0.06611477,-0.019302977,-0.756689,1.6458472,-0.9149339,0.0100756185,0.031124743,-0.030912489,-0.6067328,1.6702076,-0.928343,0.068536475,-8.935584,-2.0955443,-0.6929026,0.34839565,8.415352,-0.12389579,-0.37092233,-0.41332224,1.343132,-5.132104,0.51371366,-0.8862093
402,-0.09401864,-0.022944277,-0.5154049,-0.043685596,0.013507593,-0.998954,1.0,0.0,0.0,-0.104249634,-0.023507765,0.02692008,0.06778765,0.030317008,0.08350125,0.07895882,-0.012885242,0.22102267,-0.002290368,-0.06329864,-0.008122807,0.01653588,0.039103534,-0.11308682,0.18077783,0.81948465,0.67255324,0.4458622,0.15946266,0.17895816,-0.43690115,0.4281364,-0.5523474,0.4466312,0.06857179,-0.0065911156,0.28103605,-0.7091512,0.043920666,-0.7678327,-0.34552032,0.033737697,0.32154667,-0.3228632,-0.120491385,201.10207,203.72586,35.938488,179.35806,-42.964603,199.80205,207.5186,3.1672535,-68.113625,-184.42902,-15.17117,-11.945097,-0.104249634,-0.023507765,-0.77307993,1.6677877,-0.769683,0.08350125,0.07895882,-0.012885242,-0.57897735,1.5977097,-0.86329865,-0.008122807,0.3307176,0.78207064,-2.2617364,3.6155565,16.389692,13.451065,8.917244,3.189253,3.579163,-8.738023,8.562728,-11.046948
403,-0.09039235,0.15621716,-0.3282046,-0.040488783,0.016484374,-0.999044,1.0,0.0,0.0,-0.061370537,-0.010809266,-0.0034130216,0.119187474,0.11829084,0.14335147,0.12690297,0.001943145,0.23373038,-0.025968432,-0.081303954,-0.058857508,0.37474343,0.07901374,-0.16401757,0.29231703,0.12933816,-0.0050900117,0.05244518,0.027294844,-0.027521467,0.062715285,-0.4172918,-0.15123147,-0.0889711,-0.49883753,0.24243845,0.059734005,-0.6443971,-0.629723,-0.7168705,-0.061616197,0.6463212,0.64712346,0.19929683,0.36672,197.83421,86.81326,111.15579,32.88703,-200.5276,-199.89398,-195.36574,-176.78886,-126.704956,249.56784,-160.8986,24.704092,-0.061370537,-0.010809266,-0.80341303,1.7191875,-0.6817092,0.14335147,0.12690297,0.001943145,-0.56626964,1.5740316,-0.88130397,-0.058857508,7.4948683,1.5802748,-3.2803514,5.8463407,2.5867631,-0.10180023,1.0489036,0.5458969,-0.55042934,1.2543057,-8.345836,-3.0246294
404,0.20192134,-0.40960604,0.19925201,-0.046599027,0.012849787,-0.998831,1.0,0.0,0.0,-0.03439106,-0.011641609,0.00036752224,0.1544311,0.06950486,0.06776632,0.0871887,-0.01110303,0.24512732,-0.004007697,-0.09256482,-0.01439036,-0.02876941,-0.06237432,0.17344499,0.0794733,-0.5494539,-0.6822803,-0.3971783,-0.12935989,0.11920702,0.15276852,0.22319742,0.52897614,-0.7141228,0.45407915,-0.63047475,-0.80857134,-0.56835324,0.20398295,0.11884709,0.31442183,-0.48777556,-0.98153615,0.38692525,0.27602193,-100.31967,-196.40643,212.23969,-217.19366,-199.89516,-200.02112,-190.99202,-94.00725,88.53768,160.91905,170.3877,203.2108,-0.03439106,-0.011641609,-0.7996325,1.7544311,-0.73049515,0.06776632,0.0871887,-0.01110303,-0.5548727,1.5959923,-0.89256483,-0.01439036,-0.5753882,-1.2474864,3.4688997,1.589466,-10.989078,-13.645606,-7.943566,-2.5871978,2.3841403,3.0553703,4.4639482,10.579523
405,-0.24968806,0.1761602,0.23730844,-0.049845625,0.015760466,-0.99863255,1.0,0.0,0.0,-0.08112709,-0.0011287043,0.019123256,0.15209532,-0.10761231,0.0037918363,0.054976556,-0.017150622,0.24047947,0.028664827,-0.0029550195,0.08393648,-0.40303326,0.13797352,0.032317888,-0.08994257,-1.0508217,-0.023084614,0.012994425,0.028174985,-0.16815202,0.24348353,0.48277542,0.35955247,0.38252312,-0.25597125,-0.113926314,-0.16833821,0.028303608,0.5053122,0.5090478,-0.5444277,0.61456996,-0.58550876,0.3636154,-0.9293095,-201.73305,199.9444,-158.11043,-204.79868,15.081247,200.53174,177.80594,-149.50693,-256.5159,143.24094,0.27719116,-67.3797,-0.08112709,-0.0011287043,-0.78087676,1.7520953,-0.9076123,0.0037918363,0.054976556,-0.017150622,-0.55952054,1.6286649,-0.80295503,0.08393648,-8.060665,2.7594702,0.6463577,-1.7988514,-21.016432,-0.46169227,0.2598885,0.5634997,-3.3630402,4.8696704,9.655508,7.191049
406,0.438969,0.16544989,-0.5958606,-0.04333801,0.010029337,-0.9990101,1.0,0.0,0.0,-0.11118666,-0.0044839885,0.01851201,0.121077776,-0.2412259,0.076652475,0.10662322,-0.024899185,0.21781766,0.06372154,0.100298226,0.076538846,0.057881225,-0.14031713,-0.03766741,-0.20756833,-0.35545206,0.68100184,0.45241395,-0.08838775,-0.045312826,0.09675344,0.5267227,-0.33494282,0.25474185,0.48018217,0.13316768,-0.29157344,0.5004994,-0.27192625,-0.555788,0.58399165,0.33425042,-0.035219297,0.11044656,-0.10544348,198.73694,-186.9545,-195.97342,-222.22887,200.24184,200.32263,167.22902,101.99303,194.27518,-80.625374,-15.492283,-187.18823,-0.11118666,-0.0044839885,-0.781488,1.7210778,-1.0412259,0.076652475,0.10662322,-0.024899185,-0.58218235,1.6637216,-0.6997018,0.076538846,1.1576245,-2.8063426,-0.7533482,-4.1513667,-7.109041,13.620036,9.048279,-1.7677549,-0.9062565,1.9350688,10.534454,-6.6988564
407,-0.11258059,-0.1664481,-0.6219412,-0.045960862,0.0035741827,-0.99893683,1.0,0.0,0.0,-0.056200612,-0.008555342,0.043928444,0.047405124,-0.23786515,0.13783088,0.16105464,-0.024533728,0.2360524,0.06326723,0.13278872,0.007938976,0.45501423,0.078153566,0.22013243,-0.48813906,0.3231615,-0.0009933391,0.1293364,0.062078316,0.15800758,-0.051247902,-0.036222063,-0.30142877,-0.41750643,-0.050368503,0.24761398,0.4099896,0.2999552,-0.27475643,-0.89793897,-0.45396668,-0.3953954,0.064329214,-0.6520483,0.35729808,203.2209,188.47798,-7.1256943,-229.96419,200.25366,-200.50136,-165.94577,-6.693695,149.75764,-23.672668,-49.56231,39.002323,-0.056200612,-0.008555342,-0.75607157,1.6474051,-1.0378652,0.13783088,0.16105464,-0.024533728,-0.5639476,1.6632673,-0.6672113,0.007938976,9.100285,1.5630713,4.4026484,-9.762781,6.46323,-0.019866781,2.5867279,1.2415663,3.1601515,-1.024958,-0.72444123,-6.028575
408,0.25441802,-0.19909512,0.17072149,-0.053155664,-0.00069065444,-0.998586,1.0,0.0,0.0,-0.017778387,-0.0061260257,0.07966453,-0.022153735,-0.10461122,0.058408547,0.13203076,-0.03935781,0.25695163,0.06420374,0.051786125,0.02306062,-0.01787204,-0.03427879,0.13704552,-0.22692679,0.87037003,-0.68818647,-0.37238368,-0.1846711,0.06302809,0.03521839,-0.70629567,0.3821613,-0.43604288,0.23441605,0.290356,1.1474499,0.5022107,0.19559932,0.19958764,0.7644553,-0.22674018,0.5306218,-0.33797473,-0.04113094,-182.33934,-92.34275,37.58046,169.34238,32.39766,-97.77142,-192.90297,-228.60757,-248.10272,-63.58512,-200.7466,199.6695,-0.017778387,-0.0061260257,-0.7203355,1.5778463,-0.90461123,0.058408547,0.13203076,-0.03935781,-0.5430484,1.6642038,-0.7482139,0.02306062,-0.35744077,-0.68557584,2.7409103,-4.5385356,17.4074,-13.763729,-7.4476733,-3.693422,1.2605617,0.7043678,-14.125914,7.6432257
409,-0.4210478,-0.2988534,0.57153136,-0.06356722,0.004357641,-0.9979681,1.0,0.0,0.0,-0.053173553,0.0048441268,0.09524101,-0.03003478,0.08066654,-0.01968459,0.0990662,-0.039525375,0.24999708,0.10488725,-0.09145367,0.03223784,-0.29287153,0.12251856,-0.0072908164,0.17883943,0.7002655,-0.15295345,0.006166623,0.15696822,-0.11564007,0.33467716,-0.622008,-0.13221951,0.33885592,-0.79297405,-0.48502946,0.10750821,-0.45488787,0.41293228,0.21891698,0.062751636,0.02520097,-0.76462394,0.21835792,0.107628405,-126.79023,-120.425934,-234.88629,401.4831,-106.9507,122.91874,197.92874,207.77878,-206.81076,174.42116,78.59045,-39.44031,-0.053173553,0.0048441268,-0.704759,1.5699652,-0.71933347,-0.01968459,0.0990662,-0.039525375,-0.55000293,1.7048873,-0.8914537,0.03223784,-5.8574305,2.4503713,-0.14581633,3.5767884,14.00531,-3.059069,0.123332456,3.1393642,-2.3128014,6.693543,-12.440161,-2.64439
410,-0.1913161,0.24215463,0.17197138,-0.063205115,0.016773982,-0.9978596,1.0,0.0,0.0,-0.064055756,0.013927067,0.065642,0.023816943,0.14214814,0.02302495,0.13096449,-0.012936654,0.20974511,0.15699875,-0.13950694,0.04921784,0.13700427,-0.01358362,-0.24469689,0.3084052,-0.006735669,0.5181412,0.21110205,0.10379364,-0.26869795,0.19585682,0.071537554,0.13355921,0.4204349,-0.30794442,0.17724615,-0.47300288,-0.32668787,0.1564838,-0.059496824,-0.20220663,0.3546627,-0.9723328,0.31720755,0.10447124,190.32132,-226.85571,-80.91043,1.7679672,-204.75166,191.2759,-1.3621159,10.758102,-174.7507,-239.61714,199.21411,-3.3204055,-0.064055756,0.013927067,-0.734358,1.623817,-0.6578519,0.02302495,0.13096449,-0.012936654,-0.5902549,1.7569988,-0.93950695,0.04921784,2.7400854,-0.2716724,-4.8939376,6.1681037,-0.13471338,10.362824,4.222041,2.075873,-5.3739586,3.9171364,1.4307511,2.671184
411,0.32544687,-0.2686684,0.103605404,-0.06481347,0.013530301,-0.99780566,1.0,0.0,0.0,0.005005159,-0.013531427,0.0520401,0.058380604,0.065960824,0.08326732,0.12686883,-0.021663286,0.19330955,0.16126823,-0.051187932,0.07058348,0.5191449,-0.23766994,0.08292508,0.062059473,-0.686437,0.20651658,-0.20948763,-0.16285531,0.06946776,-0.12080567,0.72481984,0.085666485,-0.38860738,1.1313568,-0.525252,-0.32995936,-0.24533966,-0.5391879,-0.5242258,0.20475562,0.38490954,-0.49698955,-0.7031815,-0.021644916,200.9933,-165.79933,327.31595,-163.93457,-197.35992,-46.24574,-199.77211,-198.48715,180.49533,-227.8356,128.36601,-11.678255,0.005005159,-0.013531427,-0.7479599,1.6583806,-0.7340392,0.08326732,0.12686883,-0.021663286,-0.60669047,1.7612683,-0.85118794,0.07058348,10.382897,-4.753399,1.6585016,1.2411895,-13.72874,4.1303315,-4.1897526,-3.2571063,1.3893552,-2.4161134,14.496397,1.7133297
412,-0.1337847,-0.26291066,0.42784908,-0.075479545,0.011177881,-0.9970847,1.0,0.0,0.0,0.06134084,-0.036331702,0.07257509,0.053421378,-0.052158654,0.04685708,0.045323696,-0.036200605,0.22221905,0.1112535,0.018743992,0.04572015,0.08535635,-0.012543571,0.10736507,-0.09701612,-0.4873292,-0.49968296,-0.56836265,-0.000853541,0.2026485,-0.35353667,0.04341161,-0.16599527,-0.49234682,0.41514647,-0.62863004,0.26356575,0.20303418,0.30105156,0.41809422,-0.38155198,-0.0869597,-0.46934873,-0.3893892,-0.6302105,-199.38617,215.1588,-186.04556,-212.61026,63.733143,-199.93486,-197.35933,162.729,158.33624,-216.02397,-199.63548,13.330229,0.06134084,-0.036331702,-0.7274249,1.6534214,-0.85215867,0.04685708,0.045323696,-0.036200605,-0.57778096,1.7112535,-0.781256,0.04572015,1.7071269,-0.25087142,2.1473014,-1.9403223,-9.746584,-9.993659,-11.367253,-0.01707082,4.05297,-7.070733,0.86823213,-3.3199053
413,-0.01032923,0.2845265,0.32517663,-0.07369186,0.015091719,-0.9971669,1.0,0.0,0.0,0.035334863,-0.03776483,0.05598694,0.061362147,-0.07449168,0.019116202,-0.034848306,-0.041869678,0.24681336,0.029716372,-0.04547584,-0.059801407,-0.307036,-0.0021543014,-0.23891592,0.1521592,0.19567743,0.15681173,-0.2631262,-0.045640506,0.06020542,-0.45596632,-0.616909,-0.8236456,-0.04961071,-0.1133116,0.028525945,0.8275795,-0.108613804,0.4623475,0.87204415,-0.21911877,0.46057707,0.35812247,0.018444657,-0.2568222,-198.79565,235.05554,-202.92267,181.1146,199.98622,200.61867,189.94157,-159.49791,-190.53333,-232.2347,-190.15623,-198.71124,0.035334863,-0.03776483,-0.7440131,1.6613622,-0.8744917,0.019116202,-0.034848306,-0.041869678,-0.55318666,1.6297164,-0.84547585,-0.059801407,-6.14072,-0.043086026,-4.7783184,3.0431838,3.9135485,3.1362345,-5.2625237,-0.9128101,1.2041084,-9.119327,-12.338181,-16.472912
414,0.32558176,-0.25565213,-0.054083552,-0.07441611,0.0075437427,-0.9971987,1.0,0.0,0.0,-0.0037636184,-0.05420435,0.021377921,0.111073256,-0.07751733,0.12304229,-0.04315544,-0.06602831,0.27960807,-0.05211258,-0.095514596,-0.15511653,-0.13149567,-0.13094574,-0.12632371,0.32454,-0.07032346,0.73805237,0.1410472,-0.16635875,0.24139805,-0.3632414,0.05041157,-0.2814246,0.13547537,0.5970235,-0.22450055,0.01434936,-0.59514153,0.08424702,0.06285825,0.4187168,-0.19192678,0.26334822,0.01631327,0.61370516,34.625473,-18.577818,110.36748,167.34561,-1.4326415,33.717617,194.50629,-124.65248,171.99283,180.5993,200.46796,65.61509,-0.0037636184,-0.05420435,-0.7786221,1.7110733,-0.87751734,0.12304229,-0.04315544,-0.06602831,-0.52039194,1.5478874,-0.8955146,-0.15511653,-2.6299133,-2.6189148,-2.5264742,6.4908,-1.4064691,14.761047,2.8209438,-3.3271751,4.827961,-7.264828,1.0082314,-5.628492
415,-0.30656922,0.34028575,-0.21935232,-0.071426205,0.0076351953,-0.9974167,1.0,0.0,0.0,0.010696591,-0.052271545,-0.021045446,0.15953529,-0.1646893,0.19561115,-0.0026059072,-0.077186264,0.28545338,-0.060597062,-0.076340854,-0.12672915,0.19721355,0.12750022,-0.28130403,0.17623071,-0.7354839,0.054972112,0.19765082,0.022233004,-0.13967185,0.15479699,0.16130112,0.4426535,0.06677192,-0.14154468,0.10350037,-0.1699766,-0.4178784,-0.4612816,-0.47386566,-0.40826494,0.22806692,-0.56456774,0.07640153,-0.19649194,84.83616,177.00798,-188.38045,-238.56982,-200.57843,-200.83916,-31.091816,34.155212,-182.34311,238.65295,24.693724,189.47954,0.010696591,-0.052271545,-0.82104546,1.7595353,-0.9646893,0.19561115,-0.0026059072,-0.077186264,-0.51454663,1.539403,-0.87634087,-0.12672915,3.9442708,2.5500042,-5.6260805,3.524614,-14.709678,1.0994422,3.9530163,0.44466007,-2.7934368,3.0959396,3.2260225,8.85307
416,0.23556127,0.087076195,0.16681868,-0.063697755,0.007487869,-0.99794114,1.0,0.0,0.0,0.036083777,-0.051289186,-0.049584508,0.16670597,-0.26821584,0.13298535,-0.011656725,-0.090219006,0.26751155,-0.034395576,-0.041080654,-0.08429415,0.0853298,-0.08340734,-0.02950563,-0.07732926,-0.3934621,-0.6148766,-0.2439283,-0.12857907,-0.05264315,0.10562464,0.17249537,0.017785069,-0.53759754,0.43113214,0.22265787,-0.016260926,0.41251957,0.0070293704,-0.33922818,0.20529495,0.5721918,-0.5226826,0.0058904886,-0.385804,-20.848616,-124.03436,215.36429,-213.14333,66.159706,-200.37239,-233.39586,162.55692,112.08746,54.89685,-9.168709,-122.31867,0.036083777,-0.051289186,-0.8495845,1.766706,-1.0682158,0.13298535,-0.011656725,-0.090219006,-0.53248847,1.5656044,-0.84108067,-0.08429415,1.706596,-1.6681468,-0.59011257,-1.5465852,-7.8692417,-12.297532,-4.878566,-2.5715811,-1.052863,2.1124928,3.4499073,0.35570136
417,-0.22124153,-0.484972,0.69511354,-0.072512336,0.009541195,-0.9973219,1.0,0.0,0.0,0.006516258,-0.043411404,-0.01878953,0.122174025,-0.27281946,0.0683181,-0.09614053,-0.09621341,0.28307766,-0.025586367,-0.037369132,-0.14149742,-0.33765662,0.13677277,0.2921948,-0.3116644,0.27949002,-0.18489675,-0.51214945,0.041259468,0.17577912,0.009233384,-0.058241826,-0.4759353,0.028866068,-0.11155416,-1.0518169,0.5149282,-0.19403787,0.7389348,0.6770336,-0.6963295,-0.34024602,-0.51155543,-0.4587564,-0.11002071,-205.7766,154.80939,221.53894,-27.306458,200.51936,52.245255,-8.565261,26.743195,71.43889,-45.605484,-23.9469,-50.345562,0.006516258,-0.043411404,-0.81878954,1.722174,-1.0728195,0.0683181,-0.09614053,-0.09621341,-0.51692235,1.5744137,-0.83736914,-0.14149742,-6.7531323,2.7354553,5.843896,-6.233288,5.5898004,-3.697935,-10.242989,0.82518935,3.5155823,0.18466768,-1.1648365,-9.518706
418,0.3549369,0.028718911,0.08463966,-0.08027187,0.0062276935,-0.9967535,1.0,0.0,0.0,-0.015795913,-0.045500003,0.003508687,0.089003325,-0.2385214,0.10813089,-0.15775128,-0.110408805,0.30643,-0.037578702,-0.12138182,-0.16505493,0.028197592,-0.10732931,-0.037076294,-0.045823906,0.12120724,0.5103268,-0.14786312,-0.14742513,0.065091394,-0.118248604,-0.6802619,0.08664491,0.38789654,0.39143777,-0.22995487,0.4012274,-0.41208744,0.1351481,0.9080863,0.95105827,-0.038733914,0.43224615,-0.0658379,0.04786354,76.986176,-49.755287,-191.00743,187.09076,-23.86814,199.96259,202.29565,-198.70699,-230.54883,-231.59207,-97.01201,47.915356,-0.015795913,-0.045500003,-0.7964913,1.6890033,-1.0385214,0.10813089,-0.15775128,-0.110408805,-0.49357,1.5624213,-0.92138183,-0.16505493,0.56395185,-2.1465862,-0.7415259,-0.9164781,2.4241447,10.206536,-2.9572623,-2.9485025,1.3018279,-2.364972,-13.605238,1.7328981
419,-0.17201231,0.58559495,-0.35503346,-0.066299394,0.0029806565,-0.99779534,1.0,0.0,0.0,0.03544768,-0.044117633,-0.039280057,0.106497645,-0.2754256,0.14402401,-0.13537386,-0.10807705,0.2872336,-0.02309966,-0.18216628,-0.10078393,0.4431269,0.09320166,-0.34811,0.1878774,-0.30528313,0.012676433,0.3205326,0.14228596,-0.22069505,0.22767904,0.004151946,0.3592698,-0.6967549,-0.33399278,0.8035205,-0.19692159,-0.22503674,-0.38469827,-0.1474294,-0.23174076,0.7875507,-0.7701536,0.118851885,0.08607565,194.05511,107.38382,-133.86407,155.65648,-4.4650555,-42.400944,209.00558,168.05576,-235.38683,167.05977,199.36075,-28.275412,0.03544768,-0.044117633,-0.83928007,1.7064977,-1.0754256,0.14402401,-0.13537386,-0.10807705,-0.5127664,1.5769004,-0.9821663,-0.10078393,8.862537,1.8640331,-6.9621997,3.7575479,-6.1056623,0.25352865,6.4106517,2.845719,-4.413901,4.5535808,0.08303892,7.1853957
420,0.35969418,0.029179323,0.020803979,-0.055412892,-0.002184658,-0.9984611,1.0,0.0,0.0,0.07795169,-0.047004454,-0.0736177,0.11742985,-0.2779413,0.07215522,-0.11556746,-0.11130358,0.27363962,-0.01642394,-0.11377597,-0.031330142,0.029241858,-0.09373529,-0.026321147,-0.05229466,0.10321645,-0.66373587,-0.02232946,-0.13071452,0.06386801,-0.12371456,0.5135483,0.29840437,-0.561704,0.59252757,0.4006408,-0.79684067,0.14049281,0.029859312,-0.26138616,0.39446658,0.28315732,-0.43479633,0.10938573,-0.24533269,-201.10765,-203.95947,212.9808,-212.41496,19.066927,-200.12538,-54.703533,-131.21082,195.35228,-219.0017,13.886234,-39.36608,0.07795169,-0.047004454,-0.8736177,1.7174299,-1.0779413,0.07215522,-0.11556746,-0.11130358,-0.5263604,1.5835761,-0.913776,-0.031330142,0.58483714,-1.8747058,-0.5264229,-1.0458932,2.064329,-13.274717,-0.4465892,-2.6142902,1.2773602,-2.474291,10.270967,5.968087
421,-0.114549994,-0.0746456,0.5915845,-0.0570282,-0.005065573,-0.99835974,1.0,0.0,0.0,0.035677776,-0.04012643,-0.054798782,0.07311642,-0.18574375,0.011044993,-0.1527129,-0.11785638,0.2929924,-0.055940747,-0.032265842,-0.046053566,-0.40689322,0.13501891,0.19153312,-0.3657695,0.6926164,-0.049896162,-0.23669961,0.040570613,0.10651485,-0.16746922,0.19794057,-0.30933875,0.111651056,0.16207676,-0.82889456,0.8479181,-0.3956713,0.70740193,0.2576627,-0.6328098,-0.03265632,0.14844954,-0.583506,-0.5513937,-206.07396,173.63727,235.61252,-208.42969,53.47976,107.794876,10.931882,-118.620514,288.77353,571.85767,-229.06041,-59.0968,0.035677776,-0.04012643,-0.8547988,1.6731164,-0.98574376,0.011044993,-0.1527129,-0.11785638,-0.5070076,1.5440593,-0.83226585,-0.046053566,-8.137864,2.7003782,3.8306623,-7.31539,13.852327,-0.9979232,-4.733992,0.8114122,2.130297,-3.3493843,3.9588113,-6.1867747
422,-0.115511484,0.40601498,-0.016887937,-0.04948179,0.000107405715,-0.998775,1.0,0.0,0.0,-0.0010263416,-0.011373001,-0.04988253,0.0293473,-0.12127954,0.07540665,-0.15855497,-0.106124334,0.2866876,-0.044454336,-0.07614905,-0.16963957,0.0021718093,0.15267903,-0.11544558,-0.09675411,0.018997643,0.6258852,0.13174112,0.063458085,-0.14875236,0.20928662,-0.5322575,-0.82629436,0.4312936,-0.64118314,0.62553763,0.65431714,-0.56917185,-0.032249756,0.46302313,0.4643684,0.94330704,0.7113258,-0.112314045,0.036766563,201.2979,199.64954,-181.7864,184.57216,-199.59195,199.88419,201.84744,-204.68611,-208.39127,176.23663,-200.01575,-40.45915,-0.0010263416,-0.011373001,-0.84988254,1.6293473,-0.92127955,0.07540665,-0.15855497,-0.106124334,-0.5133124,1.5555457,-0.87614906,-0.16963957,0.043436185,3.0535805,-2.3089116,-1.9350822,0.37995285,12.517704,2.6348224,1.2691617,-2.975047,4.1857324,-10.645149,-16.525887
423,-0.19228461,-0.17971,-0.37503973,-0.046011124,0.006184471,-0.9989218,1.0,0.0,0.0,0.051418707,0.011205778,-0.05599749,0.025585055,-0.19375747,0.12779811,-0.0737502,-0.08067599,0.27978206,0.011587501,-0.11722785,-0.2594511,0.47444865,0.07993685,0.03562226,0.04660549,-0.6743438,-0.036201753,0.65917754,0.18665904,0.05905884,0.3375183,-0.031901464,-0.13939683,-0.6366913,-0.62957674,0.053641018,-0.5081619,0.21284302,-0.5118324,-0.24868852,-0.27097422,-0.4082163,-0.7558385,-0.02488269,0.98533475,201.29071,-187.49458,155.91069,162.9551,-200.6656,-200.12892,178.46223,315.15756,138.3096,151.02045,50.088768,202.83167,0.051418707,0.011205778,-0.8559975,1.6255851,-0.9937575,0.12779811,-0.0737502,-0.08067599,-0.52021796,1.6115875,-0.91722786,-0.2594511,9.488973,1.5987369,0.7124452,0.9321098,-13.4868765,-0.724035,13.183551,3.7331808,1.1811768,6.750366,-0.6380293,-2.7879364
424,0.36207154,-0.061739948,0.21015579,-0.051007755,0.0015186361,-0.9986971,1.0,0.0,0.0,0.09334856,0.0124258455,-0.040503263,0.024463415,-0.2508499,0.04259238,0.000101478,-0.0742127,0.28198707,0.059494257,-0.08988887,-0.21279162,-0.014601435,-0.039802723,0.082870886,-0.027322749,0.016378757,-0.73963237,0.1368126,-0.10151749,-0.02553601,0.16143838,0.16084866,0.53797346,-0.42371184,0.5250484,0.13558848,-0.8771102,0.68696564,0.119398765,-1.0619494,0.48108447,0.28593865,-0.6151612,-0.11687355,-0.03319655,-196.4298,21.266739,-122.760506,-145.69304,180.01324,-197.93288,-203.80252,-190.3775,-180.16295,-209.80966,-14.70619,200.44073,0.09334856,0.0124258455,-0.8405033,1.6244634,-1.0508499,0.04259238,0.000101478,-0.0742127,-0.51801294,1.6594943,-0.8898889,-0.21279162,-0.2920287,-0.7960544,1.6574177,-0.54645497,0.32757512,-14.792647,2.7362518,-2.0303497,-0.5107202,3.2287674,3.216973,10.759469
425,-0.23640856,-0.37493673,1.0663216,-0.06127376,0.0015001812,-0.99811983,1.0,0.0,0.0,0.054832507,0.017802477,-0.013768673,0.017662406,-0.17785972,-0.045806453,-0.017989973,-0.07289882,0.29157972,0.071726084,-0.091831684,-0.14006144,-0.34999081,0.080208644,0.16708505,-0.04260238,0.65627706,-0.14684294,-0.27651381,0.09672416,0.08568849,-0.011989252,-0.05066055,0.27112946,0.42024028,-0.14896007,-0.71504676,0.15168583,0.28081667,0.9031836,0.38838023,-0.4968456,-0.1857563,-0.22606139,-0.5445154,-0.30528727,-195.44604,-188.53871,-54.702652,-31.214905,193.08138,198.43094,-199.71,195.51906,-73.63902,-212.6553,-5.83328,-38.565727,0.054832507,0.017802477,-0.8137687,1.6176624,-0.97785974,-0.045806453,-0.017989973,-0.07289882,-0.5084203,1.6717261,-0.8918317,-0.14006144,-6.999816,1.6041728,3.341701,-0.85204756,13.125541,-2.9368587,-5.5302763,1.9344832,1.7137697,-0.23978503,-1.013211,5.422589
426,0.3708926,0.17746991,0.42073417,-0.064096384,-0.0008627009,-0.99794334,1.0,0.0,0.0,0.036613334,0.0015039549,-0.018377602,0.037447214,-0.017080903,0.0021695571,-0.03615927,-0.07449494,0.29584008,0.0548234,-0.17482215,-0.15542097,0.11918916,-0.20527045,-0.16589719,0.1904304,0.745356,0.5560469,0.06309443,-0.089678444,-0.032179765,-0.14552633,-0.701585,-0.28975818,0.4870104,0.4336633,-0.13063055,-0.07620178,-0.6628385,0.10443007,0.59185797,0.51196563,0.5643144,-0.09238951,-0.024432026,-0.041245136,196.97531,-154.45462,-167.31638,59.38772,-85.55268,199.88863,200.9644,-204.85995,-190.60344,-216.78775,-158.25764,-56.640224,0.036613334,0.0015039549,-0.8183776,1.6374472,-0.8170809,0.0021695571,-0.03615927,-0.07449494,-0.5041599,1.6548234,-0.97482216,-0.15542097,2.383783,-4.105409,-3.3179438,3.808608,14.90712,11.120938,1.2618885,-1.7935688,-0.6435953,-2.9105268,-14.031699,-5.795163
427,-0.19690295,0.031209502,-0.2426812,-0.060167443,-0.0032334886,-0.9981831,1.0,0.0,0.0,0.10806979,-0.016997281,-0.04073596,0.053798914,0.05856675,0.055949237,0.03655356,-0.06046044,0.31260756,0.009395957,-0.24118942,-0.14628775,0.5528745,-0.0009765971,-0.074598305,-0.0006540343,0.07835578,0.14226718,0.608986,0.20587435,0.16005865,-0.26453683,-0.029916564,0.21444857,-0.521774,0.09945105,-0.2856127,-0.28608307,-0.8026505,-0.16695821,-0.28142855,-0.6466503,0.16477278,-0.27393764,-0.07155216,0.36148492,195.05019,158.8693,-101.55975,-213.09665,-199.83098,-40.41235,207.91946,206.8631,117.020546,-27.684427,198.85344,27.55835,0.10806979,-0.016997281,-0.840736,1.6537989,-0.74143326,0.055949237,0.03655356,-0.06046044,-0.48739246,1.609396,-1.0411894,-0.14628775,11.057489,-0.019531941,-1.4919661,-0.013080686,1.5671157,2.8453436,12.17972,4.117487,3.2011728,-5.2907367,-0.5983313,4.2889714
428,-0.20597152,0.62788683,0.19701049,-0.04603601,0.0048337746,-0.99892807,1.0,0.0,0.0,0.16508986,-0.008914962,-0.07161492,0.038434386,0.0013467073,0.013553227,0.10390156,-0.037903287,0.31916085,-0.05544281,-0.19650775,-0.030196834,0.06760239,0.06862306,-0.21897657,-0.14253135,-0.5844098,-0.39587256,0.1201916,0.022622323,-0.06517323,-0.3193585,0.23098488,0.84330696,-0.5750109,0.10525226,0.45892262,0.3918292,-0.07962467,0.1035383,-0.9588722,-0.4796247,1.1281794,0.43110836,0.100244045,-0.515898,-204.21803,106.751434,-192.64398,-222.33215,-199.82166,-18.122822,-92.82089,-737.3805,747.29297,787.26587,-186.32278,101.129616,0.16508986,-0.008914962,-0.87161493,1.6384344,-0.7986533,0.013553227,0.10390156,-0.037903287,-0.48083916,1.5445572,-0.99650776,-0.030196834,1.3520478,1.3724612,-4.3795314,-2.850627,-11.688195,-7.917451,2.403832,0.45244643,-1.3034645,-6.38717,4.6196976,16.866138
429,0.013714377,-0.085561745,0.88891095,-0.036265,0.009220612,-0.99929965,1.0,0.0,0.0,0.13441697,0.002939612,-0.093964875,0.038361907,-0.04835844,0.0007747748,0.07763986,-0.046748564,0.3114873,-0.065237164,-0.16614676,0.08698497,-0.32801792,0.037691258,-0.025537584,0.1427372,-0.08366524,0.13236722,-0.3260699,-0.07192923,-0.026416248,0.13113612,0.1344361,0.29473698,0.14409469,0.045007996,0.078487314,0.9629363,0.18177362,0.3831406,0.35077596,-0.1870631,0.706777,-0.061299816,0.13000262,-0.38410413,-198.85277,-62.007477,296.79163,348.73563,43.290333,58.304596,-207.54749,164.58336,-56.360107,290.06635,31.250488,-202.61777,0.13441697,0.002939612,-0.8939649,1.6383619,-0.84835845,0.0007747748,0.07763986,-0.046748564,-0.48851272,1.5347629,-0.96614677,0.08698497,-6.560358,0.7538251,-0.51075166,2.8547437,-1.6733047,2.6473444,-6.5213976,-1.4385846,-0.52832496,2.6227224,2.688722,5.8947396
430,0.3589046,-0.7538465,0.33839202,-0.054102752,0.0016540503,-0.99853396,1.0,0.0,0.0,0.109987736,-0.0017199231,-0.079550266,0.08086312,0.00027549267,0.09522106,0.06040528,-0.059288297,0.3331495,-0.039313436,-0.12951833,0.069937825,-0.001982724,-0.051470436,0.15758392,0.26399192,0.3966816,0.6439475,0.09627205,-0.054987796,0.21062754,0.12967677,0.19690128,-0.32681307,0.59606165,0.28589112,-1.2449775,-0.45537785,-0.54467404,-0.16486761,0.41171867,0.30867755,-0.6390969,-0.83210874,-0.56444955,-0.41661212,82.26395,141.91008,211.22128,183.67276,14.703885,6.8835397,150.84253,59.845047,-85.88106,71.85281,-51.351257,-83.88922,0.109987736,-0.0017199231,-0.8795503,1.6808631,-0.7997245,0.09522106,0.06040528,-0.059288297,-0.46685052,1.5606866,-0.92951834,0.069937825,-0.03965448,-1.0294087,3.1516783,5.279838,7.933632,12.878949,1.925441,-1.0997559,4.2125506,2.5935354,3.9380255,-6.536261
431,-0.20865168,-0.19324005,-0.2036245,-0.07160048,-0.00023368747,-0.99743336,1.0,0.0,0.0,0.15483004,0.010452641,-0.06614047,0.11354685,0.006654501,0.14872414,0.13258131,-0.03476113,0.3615976,-0.018138051,-0.16869712,-0.06014094,0.40879273,0.15478782,-0.010001687,0.084154725,-0.26665443,-0.0402042,0.55056137,0.26596102,0.07855787,0.07804615,-0.5076175,-0.80954057,-0.11103932,-0.73839283,-0.3090369,-0.57682747,-0.5837312,-0.563889,-0.10344601,-0.058898166,-0.21339771,-0.50101334,-0.27026343,0.24365214,200.83876,225.69748,-249.42445,-241.25455,-200.9925,-199.55783,77.09072,261.37628,-279.05038,-238.37206,-204.9325,6.361028,0.15483004,0.010452641,-0.8661405,1.7135469,-0.7933455,0.14872414,0.13258131,-0.03476113,-0.4384024,1.581862,-0.96869713,-0.06014094,8.175855,3.0957565,-0.20003374,1.6830945,-5.3330884,-0.804084,11.011228,5.3192205,1.5711575,1.560923,-10.152349,-16.190811
432,0.20324342,0.5032202,0.28028458,-0.06409756,-0.0016209793,-0.9979423,1.0,0.0,0.0,0.18991254,0.020784289,-0.08603382,0.117940545,-0.1193856,0.06602557,0.19097255,-0.016142035,0.3542392,-0.012192726,-0.22028202,-0.14437816,-0.012432239,-0.024199849,-0.16936444,-0.031780396,-0.91599953,-0.7187984,0.083397746,-0.035226,-0.13068508,-0.027845437,-0.1410892,-0.11626128,-0.6202269,0.2052799,0.49395737,-0.5042059,-0.06153129,0.0147262,-0.8306275,0.04076895,0.69251627,-0.12335698,0.4677664,0.5799009,-200.39359,-212.47882,-192.42798,-221.57185,-157.4463,-200.47896,-194.33835,-94.67415,-197.72617,-213.48473,35.470364,199.59073,0.18991254,0.020784289,-0.88603383,1.7179406,-0.9193856,0.06602557,0.19097255,-0.016142035,-0.44576082,1.5878073,-1.020282,-0.14437816,-0.24864477,-0.483997,-3.3872886,-0.6356079,-18.31999,-14.375968,1.6679549,-0.7045199,-2.6137013,-0.5569087,-2.821784,-2.3252256
433,-0.13480751,-0.13045618,0.78902066,-0.05784712,-0.00086631917,-0.99832505,1.0,0.0,0.0,0.13798037,0.040985182,-0.079930544,0.07975829,-0.22824496,-0.0053066816,0.16537654,-0.018301675,0.3548542,-0.031884313,-0.19463581,-0.094691135,-0.4635921,0.19912128,0.20075198,-0.32304966,-0.24045818,-0.07637719,-0.30951485,-0.029717019,0.08728289,-0.077442884,0.20719968,0.5474585,0.34408408,0.17993172,-0.4131659,-0.0033391528,0.46016818,0.92296326,0.5437696,-0.13631552,0.6860363,0.059849456,0.45254368,0.057977203,-204.55916,131.09523,259.31894,-198.4212,201.36404,143.74362,-122.7908,-336.5031,212.17865,176.23239,30.193054,193.36479,0.13798037,0.040985182,-0.87993056,1.6797583,-1.028245,-0.0053066816,0.16537654,-0.018301675,-0.44514582,1.5681157,-0.9946358,-0.094691135,-9.271842,3.9824257,4.0150394,-6.4609933,-4.8091636,-1.5275438,-6.1902966,-0.5943404,1.7456578,-1.5488577,4.1439934,10.94917
434,-0.038123563,-0.25246885,0.08758704,-0.06572925,0.0026325202,-0.997834,1.0,0.0,0.0,0.10452255,0.060428858,-0.05751139,0.05393207,-0.18825686,0.027308404,0.14185572,-0.022856722,0.36631507,-0.021347761,-0.13653618,-0.018491592,0.08348547,0.023693543,0.049182504,0.00034654484,0.5675598,0.34178716,0.036536723,-0.0067841606,0.043097895,0.12651774,0.36616796,0.2900883,0.2874647,-0.20475419,-0.33804244,0.7087163,-0.04627803,0.22653861,0.013770845,-0.15652862,-0.25083345,0.7007678,-0.34213507,-0.7256405,218.21413,-131.3004,-51.33159,158.90796,231.20906,132.84772,148.44608,-11.866562,-85.18771,103.61517,47.867477,-46.584457,0.10452255,0.060428858,-0.8575114,1.6539321,-0.9882569,0.027308404,0.14185572,-0.022856722,-0.43368495,1.5786523,-0.9365362,-0.018491592,1.6697093,0.47387084,0.9836501,0.0069308965,11.351195,6.835743,0.73073447,-0.13568321,0.86195785,2.5303547,7.323359,5.801766
435,0.31075943,0.33371553,0.13884108,-0.06292361,-0.003924207,-0.99801064,1.0,0.0,0.0,0.15325548,0.04138907,-0.08566272,0.091852546,-0.122641206,0.10026677,0.11151363,-0.05092493,0.33965728,0.03728962,-0.13844907,-0.034386918,0.30631006,-0.18341784,-0.29063827,0.32193384,0.21204029,0.3229649,-0.22335486,-0.21264298,-0.28200874,0.42385697,-0.30857095,-0.38570282,-0.2708184,0.5199446,0.64741033,-0.88193285,-0.36822796,-0.3169424,-0.34308994,1.0939864,0.18730131,-0.80934995,-0.23259526,-0.044155907,-9.46347,-254.68349,-150.07501,199.86382,-45.89338,-44.713234,2.4942136,-25.850819,-249.04132,150.78346,-182.32188,-199.9565,0.15325548,0.04138907,-0.88566273,1.6918526,-0.9226412,0.10026677,0.11151363,-0.05092493,-0.46034274,1.6372896,-0.9384491,-0.034386918,6.126201,-3.668357,-5.812765,6.4386764,4.2408056,6.459298,-4.4670973,-4.2528596,-5.640175,8.477139,-6.1714187,-7.714056
436,-0.1878027,0.07456907,0.79925764,-0.05538205,-0.004110757,-0.9984568,1.0,0.0,0.0,0.16102761,0.0349108,-0.111179054,0.12394667,-0.15382504,0.08771906,0.026985684,-0.07513486,0.29143947,0.10219121,-0.17782766,-0.05629792,-0.17782111,0.094429255,0.0020229777,0.03010094,-0.4132691,-0.37844726,-0.58887833,-0.04311291,-0.20341538,0.24446638,-0.1423787,0.00031628355,-0.17109954,-0.24618365,0.061604846,-0.7129249,-0.23268507,-0.013025633,0.557504,-0.30231643,0.5077688,-1.1777519,-0.09636763,0.38546863,-199.77155,200.16078,209.70932,-212.322,-85.68193,-200.04933,-207.65813,247.02197,-31.25188,-223.27281,23.274706,30.802782,0.16102761,0.0349108,-0.91117907,1.7239467,-0.95382506,0.08771906,0.026985684,-0.07513486,-0.50856054,1.7021912,-0.97782767,-0.05629792,-3.5564222,1.8885851,0.04045955,0.6020188,-8.265382,-7.5689454,-11.777566,-0.8622582,-4.0683074,4.8893275,-2.847574,0.006325671
437,0.40454036,-0.3560857,0.61310726,-0.06253199,-0.008238739,-0.99800897,1.0,0.0,0.0,0.087059796,0.032539885,-0.07763207,0.10580182,-0.19310236,0.043770373,-0.050460897,-0.10482694,0.2876516,0.114699244,-0.16042042,0.0209938,-0.49416518,-0.10456232,0.27874145,-0.18193322,-0.11282243,-0.15000421,-0.21820496,-0.23619275,0.12470124,-0.084293336,0.14528196,0.6916483,0.395436,0.4534874,-0.6567382,0.094179586,0.35426247,0.43814486,1.0858816,0.81120396,-0.13812503,-0.63489664,-0.22246005,-0.16475525,-97.8821,-270.4013,-3.6560974,-242.22775,27.537352,25.75669,207.07384,-203.19014,159.9096,-236.82376,-1.7153366,160.8934,0.087059796,0.032539885,-0.8776321,1.7058018,-0.9931024,0.043770373,-0.050460897,-0.10482694,-0.5123484,1.7146993,-0.9604204,0.0209938,-9.883304,-2.0912464,5.5748286,-3.6386645,-2.2564485,-3.0000842,-4.364099,-4.723855,2.4940248,-1.6858667,2.9056392,13.832966
438,-0.04453656,0.17307428,0.116243154,-0.06527179,-0.01376724,-0.9977725,1.0,0.0,0.0,0.03716559,0.02451328,-0.05743146,0.08481479,-0.13918895,0.08580749,-0.046096265,-0.11992455,0.30004972,0.09070945,-0.17239618,0.08455969,-0.02986882,-0.0012382122,-0.044825617,-0.019603102,0.5955296,0.46765575,0.21561907,0.05736925,0.011419685,-0.14997266,-0.108960405,0.01218301,0.44984943,-0.2959457,0.013055171,0.31493542,-0.14166698,0.107501075,-0.1767078,0.08688711,0.40880692,-0.2474566,-0.50758183,-0.61929786,223.50299,-77.869385,-148.81953,237.54485,219.92702,142.3125,202.52591,193.48866,-201.53117,-217.0181,-3.2846267,-200.28214,0.03716559,0.02451328,-0.8574315,1.6848148,-0.93918896,0.08580749,-0.046096265,-0.11992455,-0.4999503,1.6907095,-0.9723962,0.08455969,-0.5973764,-0.024764244,-0.8965123,-0.39206204,11.910592,9.353115,4.3123813,1.147385,0.22839369,-2.999453,-2.179208,0.24366018
439,0.016949654,-0.16940378,0.2043962,-0.067527555,-0.012947654,-0.99763334,1.0,0.0,0.0,0.072965086,0.015782626,-0.055849195,0.10099721,-0.09328729,0.118163146,-0.036553565,-0.108651824,0.32782304,0.033900976,-0.25909346,0.009416392,0.35719407,-0.08553489,0.032401703,0.15354,-0.030423949,0.014612101,-0.09756959,0.055326052,0.20516062,-0.3825292,-0.56864107,-0.69316745,-0.3344577,0.25817913,-0.22834241,0.1711204,-0.31968725,-0.22490051,-0.117849946,-0.06531122,0.0045256466,0.11425553,0.00785999,0.037398044,203.43117,-167.13724,140.59619,199.03401,-95.09052,-42.92831,-196.48737,188.93091,-13.708505,-230.4683,9.38107,-200.23859,0.072965086,0.015782626,-0.8558492,1.7009972,-0.8932873,0.118163146,-0.036553565,-0.108651824,-0.47217697,1.633901,-1.0590935,0.009416392,7.1438813,-1.7106978,0.64803404,3.0707998,-0.60847896,0.29224202,-1.9513918,1.106521,4.1032124,-7.6505837,-11.372821,-13.863349
440,-0.26782134,0.3921725,0.513717,-0.061968286,-0.005934342,-0.99806046,1.0,0.0,0.0,0.09510674,0.019991387,-0.07304698,0.13528883,-0.15443599,0.046913393,-0.06599437,-0.08918299,0.32922953,-0.008981109,-0.29736203,-0.054100774,-0.08801819,0.09937521,-0.17904465,0.17127159,-0.38420495,-0.584317,-0.15749769,0.12855802,-0.14941023,-0.076241516,0.117579654,-0.008441678,-0.4601854,-0.3917985,-0.029044408,-0.45579883,-0.26054907,0.2594647,0.641028,-0.34661072,0.7861236,-0.19460581,0.63460183,0.32722333,-199.49994,202.42767,-155.76299,-96.14117,14.420902,-38.66734,32.895287,-47.26907,-186.7334,186.90143,200.40913,200.1797,0.09510674,0.019991387,-0.873047,1.7352889,-0.954436,0.046913393,-0.06599437,-0.08918299,-0.47077048,1.5910189,-1.097362,-0.054100774,-1.7603637,1.9875042,-3.5808928,3.4254317,-7.684099,-11.68634,-3.1499538,2.5711606,-2.9882045,-1.5248303,2.351593,-0.16883355
441,0.3306295,-0.09381836,0.33917862,-0.05770865,-0.0071088225,-0.9983081,1.0,0.0,0.0,0.038086228,0.017250996,-0.07567042,0.14536929,-0.20055121,0.00541327,-0.054843064,-0.08846125,0.32896423,-0.03815019,-0.21930331,0.02767878,-0.44352132,-0.11268544,0.09800916,-0.041976668,-0.15975177,0.10057656,0.21653889,-0.12575595,0.076777406,-0.103974245,0.38981602,0.7137038,0.055852067,0.7733239,-0.20766468,-0.36390468,0.01568164,0.3732882,0.30287203,0.029122368,0.7512897,0.047739655,0.28499871,-0.16670418,-203.32713,-222.68814,-12.991705,-231.78178,29.087467,199.5961,193.18909,-393.70203,238.52095,317.6156,-75.159515,83.90134,0.038086228,0.017250996,-0.87567043,1.7453693,-1.0005512,0.00541327,-0.054843064,-0.08846125,-0.47103578,1.5618498,-1.0193033,0.02767878,-8.870426,-2.2537088,1.9601831,-0.8395333,-3.1950355,2.011531,4.3307776,-2.5151188,1.5355481,-2.079485,7.7963204,14.274076
442,-0.17571042,-0.13099702,-0.4293416,-0.06226881,-0.008679658,-0.9980217,1.0,0.0,0.0,-0.00019716905,0.015210363,-0.05996853,0.11858702,-0.16201037,0.094124794,0.03317354,-0.087946095,0.33747894,-0.015732765,-0.1530428,0.106517926,-0.0037056995,0.06847284,0.07055296,-0.2092017,0.38299915,0.6207566,0.56989485,0.10491139,0.036477588,0.22638534,0.3218111,0.09958459,0.6127735,0.11647509,-0.44878843,0.0022571497,0.057513967,0.07384666,-0.57861584,-0.2118751,-0.2416237,-0.09517209,-0.086675346,-0.8965335,135.52373,199.22156,-182.96695,-212.72995,24.677595,10.978124,22.658411,335.44025,158.64029,131.87538,62.90152,-226.47398,-0.00019716905,0.015210363,-0.85996854,1.718587,-0.9620104,0.094124794,0.03317354,-0.087946095,-0.46252108,1.5842673,-0.9530428,0.106517926,-0.07411399,1.3694568,1.4110591,-4.184034,7.659983,12.4151325,11.397897,2.0982277,0.72955173,4.5277066,6.436222,1.9916917
443,-0.06544188,0.42632526,-0.5730463,-0.055066906,-0.0053783576,-0.99846816,1.0,0.0,0.0,0.036039814,0.028469551,-0.070559084,0.093753815,-0.07416326,0.13818501,0.093680754,-0.08205402,0.32414925,0.027046442,-0.1285392,0.059651244,0.31483114,0.0698699,-0.14191733,-0.033212196,0.40901542,-0.07123223,0.097943835,-0.025248913,-0.15501368,0.21146221,0.052329984,-0.4715682,-0.55210215,-0.46525037,1.0103368,0.1997366,0.13942678,-0.7432047,-1.1201297,0.14643684,0.41589084,-0.43364722,-0.51903695,-0.16370353,173.54257,173.66237,123.13518,236.28726,-47.4152,-106.92555,-198.91026,-205.62048,-198.66522,-218.01187,52.467087,-200.15398,0.036039814,0.028469551,-0.8705591,1.6937538,-0.87416327,0.13818501,0.093680754,-0.08205402,-0.47585076,1.6270465,-0.9285392,0.059651244,6.2966228,1.397398,-2.8383467,-0.6642439,8.180308,-1.4246446,1.9588766,-0.50497824,-3.1002736,4.229244,1.0465996,-9.431364
444,0.08098027,-0.13867968,0.06348505,-0.05126285,-0.0066148774,-0.9986633,1.0,0.0,0.0,0.0517921,0.035679232,-0.074959934,0.10027337,0.0045472383,0.04921537,0.07604281,-0.08867502,0.32792455,0.03901255,-0.19282115,-0.025882866,-0.11504989,0.012247123,0.07290443,0.07305259,0.3367971,-0.7502913,-0.24312194,-0.04044295,0.13787876,-0.055019345,-0.61227864,-0.35912395,-0.20104906,-0.1679989,0.5177871,0.13076565,0.3451833,0.40040466,0.37115067,0.3690318,-0.24952877,-0.39099365,0.009529263,0.42204654,-200.86487,-207.37254,208.11148,116.29529,-40.29072,-200.24207,-193.93523,177.64236,55.964874,-224.60645,-149.70216,54.60907,0.0517921,0.035679232,-0.87495995,1.7002734,-0.7954528,0.04921537,0.07604281,-0.08867502,-0.47207546,1.6390126,-0.99282116,-0.025882866,-2.3009977,0.24494246,1.4580886,1.4610518,6.735942,-15.005825,-4.8624387,-0.808859,2.757575,-1.1003869,-12.245573,-7.182479
445,0.13235939,-0.13764185,0.28044,-0.05661146,-0.010735539,-0.9983386,1.0,0.0,0.0,-0.007545311,0.029709984,-0.04943961,0.10613775,0.113304675,-0.025462331,0.07408422,-0.08229918,0.35625672,0.013973117,-0.238918,-0.022212097,-0.37403855,-0.057324793,0.14549251,0.022876238,0.47179505,-0.070472084,0.18445925,0.09691127,0.14782597,-0.18308048,0.081776336,0.3269604,0.35129774,0.22743641,-0.16438015,-0.03818116,-0.10944927,0.6895338,0.40962732,0.06342231,-0.02869948,-0.30071867,0.55273914,0.121849164,67.57056,252.07391,-503.01294,24.691282,-317.189,182.82117,199.4139,212.70264,-221.95998,-226.39264,199.6516,200.21646,-0.007545311,0.029709984,-0.8494396,1.7061378,-0.68669534,-0.025462331,0.07408422,-0.08229918,-0.4437433,1.6139731,-1.038918,-0.022212097,-7.4807706,-1.1464958,2.9098501,0.45752475,9.435901,-1.4094417,3.689185,1.9382253,2.9565194,-3.6616096,1.6355267,6.5392084
446,-0.24583934,0.44546723,-0.32099238,-0.049082503,-0.006569786,-0.9987731,1.0,0.0,0.0,-0.034732327,0.031921133,-0.04355508,0.109167814,0.11261642,0.020960001,0.15669785,-0.040631674,0.3659775,-0.030214906,-0.15491629,0.033879798,0.052030254,0.044057265,-0.050817635,-0.0054894756,-0.3558651,0.4813268,0.51091355,0.2158413,-0.05603838,-0.14324065,0.49570805,0.22078228,0.53171784,-0.077568755,0.17531364,0.029750314,-0.14243095,0.017191477,-0.662862,-0.59571934,1.099051,0.53383446,0.42163235,-0.49499002,175.14052,21.430435,-112.14837,-55.511307,-218.38124,161.52809,-49.982407,-564.3461,480.03665,965.54156,-187.82927,-147.60913,-0.034732327,0.031921133,-0.8435551,1.7091678,-0.6873836,0.020960001,0.15669785,-0.040631674,-0.43402252,1.5697851,-0.9549163,0.033879798,1.0406051,0.8811453,-1.0163527,-0.109789506,-7.117302,9.626535,10.218271,4.316826,-1.1207676,-2.8648129,9.914161,4.4156456
447,0.17668697,-0.13930252,-0.4283381,-0.044257548,-0.007302627,-0.99899346,1.0,0.0,0.0,0.017646302,0.018623201,-0.02318883,0.09457886,0.022030294,0.05078354,0.20302634,-0.025571795,0.35798806,-0.01324594,-0.06661618,0.02662555,0.4346002,-0.14042409,0.21772099,-0.11914742,-0.41422868,-0.031662423,0.01837848,-0.00428926,-0.019806152,0.21910012,0.48864722,-0.22792628,-0.5512078,0.29470885,-0.061371405,-0.29655185,0.433222,-0.4965527,-0.64192975,-0.09212406,0.42472875,0.3674534,0.9698739,0.31175914,207.15971,-23.029945,239.81732,-33.797867,51.265026,-50.510475,-268.19604,84.68123,-10.434982,281.3123,61.84839,-121.84695,0.017646302,0.018623201,-0.82318884,1.6945789,-0.7779697,0.05078354,0.20302634,-0.025571795,-0.44201195,1.5867541,-0.8666162,0.02662555,8.692004,-2.8084817,4.3544197,-2.3829484,-8.284574,-0.63324845,0.3675696,-0.0857852,-0.39612302,4.3820024,9.772944,-4.5585256
448,0.03243714,-0.13642806,-0.04358682,-0.04919573,-0.012269507,-0.9987138,1.0,0.0,0.0,0.055325907,0.0064057265,0.019768238,0.056651592,0.015900195,-0.033248704,0.16378693,-0.0401076,0.33584616,0.05739963,0.05914575,0.03642021,-0.01359092,0.0076602483,0.2159125,-0.2491863,0.2829655,-0.73788375,-0.3598231,-0.1183116,-0.17762493,0.45714733,0.74586695,0.26679665,-0.50855315,0.42101228,0.114063516,-0.13038692,0.72185135,0.5337257,0.08317648,-0.02937141,-0.3284359,-0.44220126,-0.35272175,-0.19353671,-199.93752,201.36552,-204.52853,-225.1307,199.81705,-199.95703,-110.50456,-232.31105,-86.684814,186.17479,81.534256,138.0729,0.055325907,0.0064057265,-0.7802318,1.6566516,-0.7840998,-0.033248704,0.16378693,-0.0401076,-0.46415386,1.6573997,-0.74085426,0.03642021,-0.2718184,0.15320496,4.31825,-4.983726,5.65931,-14.757675,-7.196462,-2.366232,-3.5524986,9.142946,14.917339,5.3359327
449,-0.42393708,0.116663106,0.09270753,-0.049078744,-0.0024597917,-0.9987919,1.0,0.0,0.0,0.008749744,0.025434418,0.046374023,0.033536553,0.05243522,-0.07618654,0.11620203,-0.03893213,0.29034227,0.13579488,0.13555932,0.016259367,-0.424086,0.13563363,0.09398072,-0.07159655,0.19720322,0.15388954,-0.17229103,0.07921716,-0.2667055,0.33962095,0.08434095,-0.3748493,0.49919012,-0.71950316,0.3132107,0.74733317,0.25876456,0.31187674,0.1895625,0.071803525,0.15984184,-0.46815288,-0.6770933,-0.26905102,-227.35864,-121.352905,67.02516,113.512665,48.71083,220.98492,86.76916,-12.43121,-198.02664,-224.55006,-200.20695,-117.528,0.008749744,0.025434418,-0.753626,1.6335366,-0.7475648,-0.07618654,0.11620203,-0.03893213,-0.50965774,1.7357949,-0.6644407,0.016259367,-8.48172,2.7126727,1.8796145,-1.4319309,3.9440644,3.0777907,-3.4458206,1.5843431,-5.3341103,6.792419,1.6868191,-7.4969854
450,-0.25895834,-0.16534245,-0.23790732,-0.050997037,0.0108844265,-0.9986395,1.0,0.0,0.0,-0.028717957,0.036849737,0.058169365,0.04100561,0.10147393,0.022472456,0.12184576,-0.014884663,0.25709093,0.18346,0.078974366,-0.083088495,0.021268664,0.00076798286,0.02258335,0.13293959,0.2312448,0.63409466,0.12383487,0.12848996,-0.100769535,0.16113581,-0.5828563,-0.46304807,0.33459964,-0.71567625,0.028951269,-0.25843304,0.4933976,-0.41036636,0.03843726,-0.1341446,-0.18340427,-0.83157766,-0.4692935,0.49150127,217.11942,-131.33221,-57.577255,161.77637,14.273674,-0.7843418,32.658043,58.281868,-108.068146,-229.5122,-200.50441,51.471592,-0.028717957,0.036849737,-0.74183065,1.6410056,-0.6985261,0.022472456,0.12184576,-0.014884663,-0.5429091,1.78346,-0.72102565,-0.083088495,0.42537326,0.015359657,0.451667,2.6587918,4.624896,12.681893,2.4766974,2.569799,-2.0153906,3.222716,-11.657125,-9.260962
451,0.14616868,0.16884513,-0.2720517,-0.04968303,0.011542342,-0.99869835,1.0,0.0,0.0,0.021050451,0.029102642,0.04535097,0.06706107,0.1813345,0.07391601,0.11047339,-0.020375822,0.22600627,0.19904089,-0.092227995,-0.10110865,0.43528387,-0.06477424,-0.11443754,0.11699035,0.5339927,-0.042096,-0.13747929,-0.13059108,-0.19200002,0.0062357043,-0.9028644,0.21734844,-0.33276135,0.38126093,0.3392704,-0.025453541,0.10279746,-0.5239159,-0.25623146,0.5144473,0.19625041,-0.5357871,-0.12229046,0.59181345,217.9083,164.212,-3.534027,-51.150467,72.37855,-188.95312,-36.38578,-84.17073,-221.762,-237.53915,63.097588,201.28217,0.021050451,0.029102642,-0.75464904,1.6670611,-0.6186655,0.07391601,0.11047339,-0.020375822,-0.57399374,1.7990409,-0.892228,-0.10110865,8.705677,-1.2954847,-2.288751,2.339807,10.679854,-0.84192,-2.7495859,-2.6118214,-3.8400004,0.124714084,-18.057287,4.3469687
452,-0.36272478,-0.22399364,0.37729087,-0.0520502,0.017165558,-0.9984969,1.0,0.0,0.0,0.057445865,0.04206072,0.0596478,0.060403228,0.21394104,-0.011911868,0.042449143,-0.024482556,0.2069987,0.17721617,-0.19765586,0.015116783,-0.02606832,0.17079084,0.20477243,-0.13465415,-0.12753811,-0.74623644,-0.50453484,0.067497,-0.025605327,-0.19575857,-0.21876226,0.8792209,-0.5399291,-0.559807,-0.60392314,0.46269694,-0.7587834,0.25613594,0.11041689,-0.50851595,0.18148902,-0.64964426,0.08034207,-0.16878676,-200.98956,203.52698,187.42781,-93.2393,-149.20187,-199.91483,-182.6689,241.98106,70.50322,-202.75536,202.1022,201.18889,0.057445865,0.04206072,-0.7403522,1.6604033,-0.586059,-0.011911868,0.042449143,-0.024482556,-0.5930013,1.7772162,-0.99765587,0.015116783,-0.5213664,3.4158165,4.0954485,-2.693083,-2.5507622,-14.924728,-10.090696,1.34994,-0.51210654,-3.9151714,-4.375245,17.584417
453,0.3344166,0.09660012,0.17634802,-0.053539608,0.016938759,-0.998422,1.0,0.0,0.0,0.011308407,0.044782285,0.07329291,0.06672835,0.1133858,-0.086322844,-0.022198882,-0.03410252,0.20185071,0.11533153,-0.16626412,0.11849444,-0.3980507,-0.11575136,-0.04337849,0.16880308,-0.8095442,-0.06543093,-0.17355019,-0.14165764,-0.025763378,-0.40470725,0.44563007,0.2205406,0.18591666,0.40671957,-0.12249219,0.5554751,-0.16811557,0.67678857,0.7675867,0.6522753,0.36106113,0.070638075,0.18861216,-0.70726514,-200.71536,-211.04044,-229.02646,169.00719,-200.63399,200.1138,189.95067,-155.04526,3.2701035,-224.32883,135.25836,-199.14964,0.011308407,0.044782285,-0.7267071,1.6667284,-0.6866142,-0.086322844,-0.022198882,-0.03410252,-0.5981493,1.7153316,-0.9662641,0.11849444,-7.961014,-2.3150272,-0.8675698,3.3760617,-16.190884,-1.3086187,-3.4710038,-2.8331525,-0.51526755,-8.094145,8.912601,4.410812
454,-0.1723737,0.04192246,-0.5004698,-0.050722104,0.014279421,-0.99861073,1.0,0.0,0.0,-0.013749935,0.044453822,0.042705,0.12680483,-0.001020968,-0.024047324,-0.0028531773,-0.03201092,0.20291543,0.050672293,-0.045205176,0.08751547,0.09580785,0.093376935,-0.2299782,0.40282637,-0.43561864,0.61916983,0.3199315,0.12997454,0.033175137,-0.2535625,0.574427,-0.46200475,0.34999526,-0.25379467,-0.14565259,-0.12080796,-0.26040864,-0.10242713,-0.5498155,-0.42965186,0.41999847,0.015649207,-0.11180645,-0.15972725,200.03865,210.65237,-130.43982,172.04872,69.76161,200.25838,205.07584,175.25308,193.9488,174.3106,-57.439804,-200.54437,-0.013749935,0.044453822,-0.757295,1.7268049,-0.801021,-0.024047324,-0.0028531773,-0.03201092,-0.5970846,1.6506723,-0.8452052,0.08751547,1.916157,1.8675387,-4.599564,8.056527,-8.712373,12.383396,6.39863,2.599491,0.66350275,-5.07125,11.48854,-9.240095
455,0.26922846,-0.061625842,-0.7220188,-0.051377732,0.010096135,-0.99862826,1.0,0.0,0.0,0.048836045,0.041977573,-0.0028441548,0.1952821,-0.0945881,0.027322311,0.016465139,-0.033202883,0.21725541,0.0055419207,-0.006326258,-0.0041601146,0.4880998,-0.101900116,-0.21652429,0.29015788,-0.41335365,-0.039553102,-0.08720841,-0.114480995,0.10410918,-0.19658117,-0.10603801,-0.3954879,-0.3614128,0.32893324,0.09015415,-0.49767378,-0.17542668,-0.7935976,-0.5821021,0.91132534,-0.4435215,0.19044471,-0.117176235,0.44933632,193.49286,-237.37947,-64.04408,-214.08224,48.463257,-200.84912,-201.09613,-194.72266,183.48163,165.3064,-161.1088,52.67417,0.048836045,0.041977573,-0.80284417,1.7952821,-0.8945881,0.027322311,0.016465139,-0.033202883,-0.5827446,1.605542,-0.80632627,-0.0041601146,9.761996,-2.0380023,-4.330486,5.803158,-8.267073,-0.79106206,-1.7441682,-2.28962,2.0821836,-3.9316232,-2.1207602,-7.909758
456,-0.38976598,-0.061267894,0.123814546,-0.05394485,0.013408998,-0.99845386,1.0,0.0,0.0,0.09437334,0.052382544,-0.023612022,0.22284257,-0.13443041,-0.058010105,-0.04779794,-0.03265593,0.21363413,-6.186962e-05,-0.043478847,-0.010252543,0.014634107,0.1795793,-0.013896075,0.014780703,-0.11763769,-0.7436074,-0.5130935,0.098900825,-0.11424601,0.11014392,-0.1804007,0.2682595,-0.8393847,-0.54460776,0.310179,-0.27321997,-0.32560217,0.34581923,0.13768761,-0.14085,0.23365685,-0.48783445,-0.08260244,-0.0113106035,-200.32076,199.45316,193.33945,-223.20097,29.311153,-199.99246,-205.36589,235.19998,-139.97084,212.36052,19.012663,200.74263,0.09437334,0.052382544,-0.82361203,1.8228426,-0.9344304,-0.058010105,-0.04779794,-0.03265593,-0.5863659,1.5999382,-0.84347886,-0.010252543,0.29268214,3.5915859,-0.2779215,0.29561406,-2.3527536,-14.872148,-10.261869,1.9780165,-2.2849202,2.2028785,-3.6080139,5.3651896
457,0.14084806,-0.36006567,0.12579352,-0.06364368,0.01728742,-0.99782294,1.0,0.0,0.0,0.053845953,0.06216937,0.0062062144,0.20146382,-0.19556075,-0.13186865,-0.11161695,-0.032645416,0.21708,-0.00899744,-0.06159401,0.0008938601,-0.3839252,-0.0585971,0.269768,-0.20866898,-0.31923506,-0.06317681,-0.16011925,-0.07865708,0.09599073,-0.15881771,-0.055202384,-0.0097350795,0.15657616,-0.00073473155,-0.6385493,0.03551517,0.0009647757,0.49048293,0.9498575,0.0657946,-0.42713612,-0.39874667,-0.13761014,-0.19552298,-203.04758,-246.1711,183.60156,-226.78497,29.57656,199.3238,200.14044,-156.61739,-47.11407,-219.86887,10.279151,-18.886694,0.053845953,0.06216937,-0.7937938,1.8014638,-0.99556077,-0.13186865,-0.11161695,-0.032645416,-0.58292,1.5910026,-0.861594,0.0008938601,-7.678504,-1.171942,5.39536,-4.1733794,-6.384701,-1.2635362,-3.202385,-1.5731417,1.9198146,-3.1763542,-1.1040477,-0.19470158
458,0.014734632,0.27227694,-0.3728252,-0.06417304,0.014405071,-0.9978348,1.0,0.0,0.0,0.027895644,0.049759615,0.028966129,0.15432596,-0.18438166,-0.06784852,-0.09284512,-0.030474069,0.22030962,-0.0540725,-0.08588165,-0.05330751,0.07789492,-0.06308292,-0.016450075,-0.23988846,0.33026478,0.6335215,0.30364528,0.06980419,-0.048341665,-0.28139463,-0.12165637,-0.33537313,0.31398928,0.46212876,0.069271095,0.42379194,-0.17912064,0.1766853,-0.034371752,0.18130468,0.49058318,0.60303533,-0.31556165,-0.38921785,199.56984,-35.817,-190.00504,-40.59596,107.71073,200.25479,206.88084,86.495056,-191.781,-219.54628,7.9815893,16.22364,0.027895644,0.049759615,-0.7710339,1.754326,-0.9843817,-0.06784852,-0.09284512,-0.030474069,-0.5796904,1.5459275,-0.88588166,-0.05330751,1.5578983,-1.2616583,-0.3290015,-4.797769,6.605295,12.67043,6.0729055,1.3960838,-0.9668333,-5.6278925,-2.4331274,-6.707463
459,-0.5223036,-0.15725282,-0.4744794,-0.063089445,0.024893807,-0.99769735,1.0,0.0,0.0,0.08629194,0.0633488,0.03306496,0.12193024,-0.16905892,0.028980548,-0.05425438,0.0037789387,0.22403657,-0.09227908,-0.15682846,-0.16393815,0.43535113,0.16979216,0.039038118,-0.09398917,-0.010521181,0.3804112,0.12586372,0.25000805,0.06896052,-0.118176095,-0.38846922,-0.5569731,-0.5683248,-1.0474647,-0.22983737,0.641822,-0.63416624,-0.42244864,-0.7224094,-1.1714398,-0.092766054,0.38696885,-0.46661454,0.2774981,78.36289,193.76952,-22.075344,156.04272,-16.63579,-57.40646,-77.931274,133.99425,180.22516,168.17163,33.93747,56.626675,0.08629194,0.0633488,-0.76693505,1.7219303,-0.96905893,0.028980548,-0.05425438,0.0037789387,-0.57596344,1.507721,-0.9568285,-0.16393815,8.707023,3.3958433,0.7807624,-1.8797834,-0.21042362,7.608224,2.5172741,5.0001607,1.3792104,-2.3635218,-7.7693844,-11.1394615
460,0.045425657,0.3929926,0.03247471,-0.057579238,0.03283017,-0.99780095,1.0,0.0,0.0,0.12465279,0.07164786,0.008428574,0.1377207,-0.2454086,0.030047638,-0.0815035,0.02645658,0.19967967,-0.08448815,-0.2633533,-0.1997393,-0.006640809,-0.06478243,-0.2513064,0.22008376,-0.68515193,-0.30145803,-0.34926572,0.006633413,-0.27921066,0.16765094,-0.5025744,0.13063943,-0.7343187,-0.1979291,0.696592,0.10165544,-0.02226831,-0.14385906,0.27989185,0.1754588,0.31622556,-0.39895296,0.17786822,0.5662761,-200.7844,-209.93825,-201.92024,177.28616,-199.98256,-200.24338,-204.27881,-117.829834,-192.571,183.25298,53.546783,201.83362,0.12465279,0.07164786,-0.79157144,1.7377207,-1.0454086,0.030047638,-0.0815035,0.02645658,-0.60032034,1.5155119,-1.0633533,-0.1997393,-0.13281618,-1.2956487,-5.0261283,4.401675,-13.703038,-6.0291605,-6.9853144,0.13266826,-5.5842133,3.3530188,-10.051488,2.6127887
461,0.058546204,-0.06988859,0.050644103,-0.051914275,0.030851461,-0.9981749,1.0,0.0,0.0,0.079606414,0.054027442,-0.007637739,0.15314472,-0.30842096,-0.033272907,-0.1033339,0.034703758,0.17656523,-0.08600986,-0.2898031,-0.09899895,-0.402378,-0.1087287,0.050288636,-0.02084212,-0.012788775,-0.27770683,0.08525435,0.061753657,0.017995609,-0.14950575,0.17034274,0.8089135,0.11646747,0.6164755,-0.00784962,-0.3422573,0.109489426,0.27801347,0.57227874,-0.24271055,0.32402837,-0.7709634,0.036783427,-0.10270624,-202.32843,-204.16118,160.12703,-130.94357,199.26831,33.881298,201.08722,189.94185,198.78725,-220.97528,200.14745,199.87912,0.079606414,0.054027442,-0.80763775,1.7531447,-1.108421,-0.033272907,-0.1033339,0.034703758,-0.6234348,1.5139902,-1.0898031,-0.09899895,-8.04756,-2.174574,1.0057727,-0.4168424,-0.2557755,-5.5541363,1.705087,1.2350731,0.35991216,-2.990115,3.4068549,16.17827
462,0.044116996,-0.23831417,-0.7632142,-0.05909285,0.028442664,-0.9978472,1.0,0.0,0.0,0.049325604,0.03863343,0.007613957,0.12834656,-0.23581451,-0.014378668,-0.040689632,0.044042777,0.20261353,-0.14074445,-0.1956839,-0.010794435,0.04207763,-0.054816823,0.09414344,-0.20735966,0.65711206,0.39830798,0.44691196,0.036239367,0.16259164,-0.22389188,0.5876435,0.13609235,0.42936355,0.5000135,-0.5449904,0.45185974,-0.5248884,0.1801679,-0.6842142,-0.35325795,-0.38751686,0.27517337,-0.88210475,-0.71465445,121.157036,205.11855,-102.55397,-218.94118,149.06136,200.06532,56.598465,-3.533142,216.92648,522.49164,-4.3225517,-191.1727,0.049325604,0.03863343,-0.79238605,1.7283466,-1.0358145,-0.014378668,-0.040689632,0.044042777,-0.5973865,1.4592556,-0.9956839,-0.010794435,0.8415526,-1.0963365,1.8828688,-4.147193,13.142241,7.9661593,8.938239,0.72478735,3.2518327,-4.4778376,11.75287,2.721847
463,0.0344848,0.23709424,-0.7949131,-0.059081946,0.024876796,-0.99794316,1.0,0.0,0.0,0.10071922,0.033087313,-0.0077008605,0.116649985,-0.17851776,0.058707897,0.0036689637,0.047773667,0.20334798,-0.13261724,-0.13901716,-0.048669934,0.43105292,-0.008610267,-0.21739395,0.06352991,-0.017070368,0.30774736,0.031641584,0.0035618034,-0.12607232,0.23756719,0.020547902,-0.46307546,-0.39137405,-0.3732841,0.8765219,0.31333104,-0.48588443,-0.5445376,-0.68460935,0.41520494,0.103879526,0.08957861,-0.7598774,-0.10991761,197.25359,151.84349,-196.88222,181.59613,-199.9566,-41.6296,-190.38443,-142.01138,-19.654144,346.41974,-174.7658,-182.17395,0.10071922,0.033087313,-0.8077009,1.71665,-0.9785178,0.058707897,0.0036689637,0.047773667,-0.59665203,1.4673828,-0.9390172,-0.048669934,8.621058,-0.17220534,-4.347879,1.2705982,-0.34140736,6.1549473,0.6328317,0.07123607,-2.5214462,4.7513437,0.41095802,-9.261509
464,0.10235553,0.020696655,-0.098617636,-0.054703757,0.02135676,-0.9982742,1.0,0.0,0.0,0.13671064,0.025056053,-0.038722456,0.14429033,-0.2507345,0.04556248,-0.03832719,0.049958225,0.17554319,-0.066024065,-0.20919245,-0.08741338,-0.022988489,-0.06490105,-0.10246612,0.19313304,-0.5290106,-0.37113684,-0.4094436,0.016671514,-0.12611794,0.36407626,-0.65528363,-0.08350944,-0.7372921,0.11188313,0.44902033,-0.3972182,-0.33798325,-0.17043161,0.0976342,0.0034465045,-0.09209738,-0.70211345,-0.16159195,0.5933824,-200.1423,-204.07545,202.13593,147.94594,-4.1927032,-200.12132,-196.5795,205.45601,-4.6418133,-23.080101,-199.24364,37.062523,0.13671064,0.025056053,-0.83872247,1.7442904,-1.0507345,0.04556248,-0.03832719,0.049958225,-0.6244568,1.533976,-1.0091925,-0.08741338,-0.4597698,-1.2980208,-2.0493224,3.8626606,-10.580212,-7.4227366,-8.188871,0.33343026,-2.522359,7.281525,-13.105673,-1.6701887
465,0.02202919,0.044049848,0.12953337,-0.05339049,0.01946688,-0.998384,1.0,0.0,0.0,0.08402711,0.025045281,-0.03959638,0.15209258,-0.2998467,-0.03415507,-0.074076295,0.05395165,0.14665389,-0.009463906,-0.26396006,-0.02705727,-0.45840475,0.041988596,0.07722997,-0.08467326,-0.12104622,-0.3512365,0.008221336,0.01661825,-0.16202842,0.21618918,0.037965875,0.61708283,0.29343975,0.14972483,0.02243482,-0.48962602,0.13907452,0.16963111,0.78631854,-0.16982174,0.261761,-0.85345775,0.30191812,-0.17505124,-201.40724,124.94141,208.36334,-211.28897,41.062916,49.63772,199.7368,-108.826744,-203.6162,-221.8786,200.07819,200.07964,0.08402711,0.025045281,-0.8395964,1.7520926,-1.0998467,-0.03415507,-0.074076295,0.05395165,-0.6533461,1.5905361,-1.0639601,-0.02705727,-9.168095,0.8397719,1.5445993,-1.6934652,-2.4209244,-7.0247297,0.16442671,0.332365,-3.2405684,4.3237834,0.75931746,12.341657
466,0.016939713,-0.18949793,-0.6036694,-0.057875253,0.018415963,-0.9981539,1.0,0.0,0.0,0.041131362,0.037465487,-0.01059413,0.11258137,-0.24886733,-0.03013233,-0.025526801,0.05333162,0.14305848,0.0003722906,-0.18247426,0.023534585,-0.011696314,0.070904486,0.1784693,-0.28341508,0.56374425,0.31439114,0.4349598,-0.020802742,0.08753203,-0.08589356,0.7100612,-0.04463244,0.25075018,0.33652228,-0.48777503,0.08898756,-0.55754185,0.4476885,-0.588968,-0.09403883,-0.09857867,0.1848139,-0.97616994,-0.5402189,198.43756,133.59627,-68.01324,-214.36409,200.5285,163.76959,199.25406,-174.34605,177.80525,-212.68874,200.33679,-199.26628,0.041131362,0.037465487,-0.81059414,1.7125814,-1.0488673,-0.03013233,-0.025526801,0.05333162,-0.65694153,1.6003723,-0.98247427,0.023534585,-0.23392628,1.4180897,3.569386,-5.6683016,11.274884,6.2878227,8.699196,-0.41605482,1.7506405,-1.7178711,14.201223,-0.89264876
467,-0.0040842807,0.32812896,-0.54730755,-0.05455229,0.016705964,-0.9983712,1.0,0.0,0.0,0.079408854,0.054630395,-0.008777797,0.08146775,-0.21012002,0.09952536,0.015195526,0.04323733,0.12794805,0.01615715,-0.11459386,-0.060383346,0.31379172,0.10151843,-0.12221205,-0.06994439,-0.10899663,0.797297,0.011955142,-0.075967476,-0.21056898,0.2087347,0.035793442,-0.72629654,-0.3471271,-0.60267895,0.7691788,0.20215061,-0.6052477,-0.37896454,-0.7393289,0.3493201,0.3559583,0.36396694,-0.82179093,-0.06352189,70.254425,163.01375,-217.74823,53.74777,-200.46228,-15.202933,-200.23569,-203.12077,-209.07204,142.01985,-200.21495,-200.0387,0.079408854,0.054630395,-0.8087778,1.6814678,-1.01012,0.09952536,0.015195526,0.04323733,-0.67205197,1.6161572,-0.9145939,-0.060383346,6.275834,2.0303686,-2.444241,-1.3988878,-2.1799326,15.94594,0.23910284,-1.5193495,-4.2113795,4.174694,0.71586883,-14.52593
468,0.055975515,-0.27299026,-0.0024701671,-0.054894205,0.014980724,-0.9983798,1.0,0.0,0.0,0.09298632,0.07067569,-0.00949806,0.08388615,-0.30343407,0.18413976,-0.030502072,0.030181408,0.10472256,0.072650075,-0.18368149,-0.1328756,-0.13441174,0.06610261,0.09439369,0.076813035,-0.6674542,0.116915576,-0.42300025,-0.05824412,-0.03994644,0.34231785,-0.65716845,-0.06454041,-0.6057556,-0.21577252,-0.14266755,-0.3377147,-0.2817552,-0.52030754,0.22517443,0.2590338,-0.39934352,-0.49529797,0.020094857,0.8880603,-200.50331,-208.22337,213.06671,157.5642,-18.152264,-200.18742,-196.05125,162.18883,185.70517,172.09126,-200.03926,199.44128,0.09298632,0.07067569,-0.8094981,1.6838862,-1.1034341,0.18413976,-0.030502072,0.030181408,-0.69527745,1.6726501,-0.9836815,-0.1328756,-2.6882346,1.3220521,1.8878738,1.5362606,-13.349083,2.3383114,-8.460005,-1.1648824,-0.7989288,6.846357,-13.143369,-1.2908082
469,0.058041576,0.39888018,0.045313478,-0.05099753,0.012906147,-0.9986154,1.0,0.0,0.0,0.026131574,0.0789488,-0.00966537,0.083709,-0.3609336,0.13328472,-0.067767546,0.026432358,0.07249576,0.1255852,-0.23886973,-0.070915006,-0.4973715,0.024467511,-0.07894348,-0.06345853,0.020713387,-0.5579595,0.004665527,0.01559304,-0.26011726,0.2011764,0.03570829,0.6160555,0.48137188,0.13346949,0.4565588,-0.5516324,0.5363701,-0.023541905,0.7379741,0.31072623,0.6281372,-0.55511814,0.5210232,-0.3212189,-196.49391,-148.66492,-194.39015,-212.40286,191.46416,-198.93239,199.95964,206.41145,-205.8117,-224.49783,199.96391,200.18166,0.026131574,0.0789488,-0.8096654,1.683709,-1.1609336,0.13328472,-0.067767546,0.026432358,-0.72750425,1.7255852,-1.0388697,-0.070915006,-9.94743,0.48935023,-1.5788697,-1.2691706,0.41426775,-11.159189,0.093310535,0.3118608,-5.2023454,4.023528,0.71416575,12.32111
470,-0.33683047,-0.18798721,-0.47591573,-0.046975892,0.01901591,-0.998715,1.0,0.0,0.0,-0.02475645,0.09654412,0.0017634034,0.045673847,-0.28362125,0.06259284,-0.01881094,0.051154107,0.0564695,0.13640511,-0.15763432,-0.023102947,-0.053483017,0.12810268,0.10564096,-0.15807576,0.6760133,-0.30724004,0.4365602,0.2089905,0.07822355,-0.06996401,0.7097179,-0.06895976,0.06971114,-0.4471171,-0.18381494,-0.09868634,-0.45585132,0.7912882,-0.41158032,-0.98756623,0.05568532,-0.188802,-0.5198504,-0.4337573,186.4317,19.260254,-178.4915,349.32712,180.9768,10.604057,196.24454,213.13402,134.703,-250.0415,198.79036,-199.4152,-0.02475645,0.09654412,-0.7982366,1.6456739,-1.0836213,0.06259284,-0.01881094,0.051154107,-0.7435305,1.7364051,-0.9576343,-0.023102947,-1.0696603,2.5620534,2.1128192,-3.1615152,13.520266,-6.1448007,8.731204,4.17981,1.5644709,-1.3992801,14.194359,-1.3791951
471,0.20268565,0.17824915,-0.38293412,-0.047369547,0.019775797,-0.99868166,1.0,0.0,0.0,-0.008716971,0.09803367,-0.0015613437,0.052422047,-0.20089906,0.05697533,0.022487482,0.068580724,0.070718706,0.099948406,-0.08936548,-0.1100988,0.13359545,-0.09217786,-0.09618359,0.14129816,0.19550055,0.21799198,0.016348762,-0.016168524,0.062110938,-0.27265158,0.040060982,-0.679839,-0.009395264,0.38462412,0.47199932,-0.09381938,-0.5333769,0.28855935,-0.6483935,0.18306641,-0.060274236,0.054826155,-0.94752955,0.039611492,42.655487,-166.47763,125.50653,242.97955,-141.52254,163.7589,-199.09427,-206.54092,-74.919556,-218.36621,-199.88565,-62.010124,-0.008716971,0.09803367,-0.80156136,1.6524221,-1.0008991,0.05697533,0.022487482,0.068580724,-0.7292813,1.6999484,-0.8893655,-0.1100988,2.6719089,-1.8435571,-1.9236717,2.8259633,3.910011,4.3598394,0.32697526,-0.32337046,1.2422187,-5.4530315,0.80121964,-13.59678
472,-0.3966062,0.10798326,0.36560574,-0.041658875,0.02587962,-0.9987967,1.0,0.0,0.0,-0.00025595972,0.09701148,-0.0069161654,0.08241296,-0.22805423,0.12263468,-0.01880899,0.089277476,0.069690466,0.06899488,-0.1543628,-0.17237999,-0.010421821,0.06497951,0.038728528,0.13987775,-0.40908852,0.33287692,-0.35869762,0.16646379,-0.05245329,-0.016785517,-0.5831482,-0.0032274153,-0.25664273,-0.5842808,0.004251975,0.17514913,-0.6694945,-0.24164152,0.23679146,-0.57245874,0.6778624,0.34585637,-0.31898463,1.0065788,3.7158527,64.072495,276.93875,86.43309,-174.44199,-20.738228,48.53618,-511.90704,678.8764,1201.6617,-35.940918,200.57835,-0.00025595972,0.09701148,-0.8069162,1.682413,-1.0280542,0.12263468,-0.01880899,0.089277476,-0.73030955,1.6689949,-0.9543628,-0.17237999,-0.20843641,1.2995901,0.7745705,2.797555,-8.18177,6.6575384,-7.173952,3.3292758,-1.0490658,-0.33571035,-11.662964,-0.064548306
473,0.11715146,-0.15800469,0.16983746,-0.043511983,0.030796891,-0.9985781,1.0,0.0,0.0,-0.044003054,0.08971637,0.009455144,0.119799614,-0.36417347,0.11430136,-0.04172454,0.0927235,0.06582892,0.089731455,-0.22332019,-0.09489788,-0.3643256,-0.12459256,0.10211547,0.20792086,-0.73212385,-0.3464986,0.06160108,-0.09057417,0.0065165744,0.15410091,-0.25500458,0.7050907,-0.040398233,0.39305747,-0.5244001,-0.6515709,0.14342655,-0.35015184,0.7586301,0.08633196,0.08004718,-0.5917958,0.42799985,0.06277168,-116.36793,-266.73886,-112.804565,-103.66875,51.616943,-201.3727,201.11844,-202.67632,209.5477,184.62187,45.21593,199.99944,-0.044003054,0.08971637,-0.79054487,1.7197996,-1.1641735,0.11430136,-0.04172454,0.0927235,-0.7341711,1.6897315,-1.0233202,-0.09489788,-7.286512,-2.491851,2.0423093,4.158417,-14.642477,-6.929972,1.2320216,-1.8114833,0.13033149,3.0820181,-5.1000915,14.101814
474,-0.14524826,0.12606208,-0.5166011,-0.04339367,0.0324742,-0.9985301,1.0,0.0,0.0,-0.06895258,0.081985526,0.014702976,0.14294219,-0.43462843,-0.018717611,0.01692712,0.090755306,0.065347314,0.10276222,-0.19799483,-0.016709628,0.019373177,0.021945735,-0.026542509,0.044200808,-0.041567385,-0.7799125,0.4544819,0.057150602,-0.02412831,0.040112402,0.44964194,0.22315264,0.48819697,-0.29427332,0.27369303,-0.76791394,0.5028135,0.37905377,-0.8045891,-0.40596634,0.57065505,-0.8589447,0.35439637,-0.6660215,54.875156,195.53683,-200.6582,-219.90356,200.06013,35.987297,127.4742,280.34213,-43.4543,5.94722,210.49814,-54.76463,-0.06895258,0.081985526,-0.78529704,1.7429422,-1.2346284,-0.018717611,0.01692712,0.090755306,-0.7346527,1.7027622,-0.99799484,-0.016709628,0.38746354,0.4389147,-0.5308502,0.88401616,-0.8313477,-15.598249,9.089638,1.143012,-0.4825662,0.80224806,8.992839,4.4630527
475,0.437199,-0.47995016,-0.5671078,-0.052148536,0.02478516,-0.9983317,1.0,0.0,0.0,-0.023819927,0.057596426,0.04055667,0.12498772,-0.36976796,-0.096524626,0.060250208,0.0850232,0.08565307,0.105633855,-0.073850274,-0.055924475,0.3689478,-0.22222698,0.23368183,-0.16312182,0.6055801,-0.03275412,0.032737505,-0.08367547,0.17164868,0.09243142,0.4698474,-0.46056914,-0.39773634,0.8773424,-0.45328346,-0.1989201,0.1942162,0.668553,-0.30863583,0.43488413,-0.50383705,0.2776459,-0.5470035,0.2141857,16.343445,387.27646,-438.31418,144.25125,122.03185,343.37787,-208.13356,102.917175,104.59634,484.45612,-177.08575,-27.843369,-0.023819927,0.057596426,-0.75944334,1.7249877,-1.169768,-0.096524626,0.060250208,0.0850232,-0.71434695,1.7056339,-0.8738503,-0.055924475,7.378956,-4.4445395,4.6736364,-3.2624364,12.111602,-0.65508235,0.6547501,-1.6735094,3.4329736,1.8486283,9.396948,-9.211383
476,-0.21936968,0.019557139,0.19057688,-0.060882974,0.02170755,-0.99790883,1.0,0.0,0.0,0.0063708983,0.036512442,0.05746156,0.10355532,-0.19474101,-0.022873636,0.023043212,0.09166771,0.08723742,0.15083861,-0.05794829,-0.07547447,-7.031079e-05,-0.032518312,-0.004174817,-0.07586189,0.964633,0.63579994,-0.36534557,0.12965526,-0.114402585,0.29624948,-0.22847913,0.19598737,-0.68272144,0.32434255,0.1526186,-0.46487936,-0.21348348,0.276118,0.021357905,-0.5331245,0.04044596,-0.72419184,-0.72314334,0.32625103,-140.59106,-121.69618,-4.93573,385.9852,-18.753109,83.55075,-195.62654,169.5884,-151.49066,17.211468,-206.05316,192.14542,0.0063708983,0.036512442,-0.74253845,1.7035553,-0.994741,-0.022873636,0.023043212,0.09166771,-0.7127626,1.7508386,-0.8579483,-0.07547447,-0.0014062157,-0.65036625,-0.08349634,-1.5172379,19.29266,12.715999,-7.306911,2.593105,-2.2880516,5.9249897,-4.5695825,3.9197474
477,-0.27312776,-0.16662648,0.50035256,-0.064970955,0.03244586,-0.9973595,1.0,0.0,0.0,-0.02631589,0.031591225,0.06915671,0.10181725,-0.07980281,0.07613091,-0.011463714,0.11206561,0.07820302,0.18785834,-0.17744148,0.032304186,-0.27380034,-0.0069854655,0.09605046,0.047068868,0.17938195,0.40405416,-0.045250107,0.08021522,-0.011814652,0.09713719,-0.89933664,0.68469554,0.5062389,-0.29388607,-0.3101465,0.22223204,-0.5676553,-0.41266695,0.6605444,-0.7391843,0.23497072,-0.43758553,-0.19053498,-0.2278041,-87.01101,20.516373,157.37563,162.51932,-231.13164,-45.919434,116.159386,-200.05145,-57.50467,-223.38751,-200.05313,-22.04543,-0.02631589,0.031591225,-0.7308433,1.7018173,-0.8798028,0.07613091,-0.011463714,0.11206561,-0.721797,1.7878584,-0.9774415,0.032304186,-5.4760065,-0.13970931,1.9210093,0.94137734,3.587639,8.081083,-0.9050021,1.6043044,-0.23629303,1.9427438,-17.986732,13.693911
478,0.3688866,-0.15602963,-0.3850115,-0.07175093,0.029123275,-0.99699736,1.0,0.0,0.0,-0.03172961,0.0038568773,0.06909132,0.13374269,-0.118038,0.08383865,0.022986121,0.10208148,0.09535986,0.17692375,-0.28337926,0.09633323,0.17302589,-0.24397598,-0.0691652,0.21835814,-0.49305892,-0.26001987,0.35197526,-0.1523734,0.15994488,-0.17756449,-0.2271018,0.022069989,0.0055791214,0.714267,-0.09209465,-0.51307917,0.040465504,0.08530445,-0.05997351,0.55241936,-0.26468363,-0.6413687,0.42645526,-0.5145102,201.79097,-216.57074,-175.9766,-24.59423,-199.53276,-200.47911,202.94089,-170.11252,176.60216,-205.95384,200.8222,-199.61005,-0.03172961,0.0038568773,-0.7309087,1.7337427,-0.918038,0.08383865,0.022986121,0.10208148,-0.70464015,1.7769238,-1.0833793,0.09633323,3.4605176,-4.8795195,-1.383304,4.3671627,-9.861178,-5.2003975,7.039505,-3.047468,3.1988974,-3.5512898,-4.542036,0.44139978
479,-0.18110506,0.406233,0.045869894,-0.06507304,0.025936356,-0.99754333,1.0,0.0,0.0,-0.011276424,-0.020732598,0.039852798,0.15769517,-0.14034832,0.07373133,0.051678494,0.09664983,0.10622364,0.12976563,-0.25264126,0.023502111,0.059463836,-0.019758506,-0.1938854,0.033808365,0.19948404,0.012786145,-0.027483094,0.07326271,-0.024456551,-0.28445837,0.4652619,-0.68025714,-0.40141144,0.4184782,0.20979649,-0.23549145,-0.06844078,0.4224249,-0.8525776,-0.6627383,0.6897318,-0.535847,0.08038592,0.006915178,-25.095814,187.57906,-90.77874,-218.00072,200.03049,14.541404,-198.08083,192.59398,-189.5119,-218.75877,200.32979,-200.19951,-0.011276424,-0.020732598,-0.7601472,1.7576952,-0.9403483,0.07373133,0.051678494,0.09664983,-0.69377637,1.7297657,-1.0526413,0.023502111,1.1892767,-0.3951701,-3.877708,0.6761673,3.9896808,0.2557229,-0.5496619,1.4652541,-0.489131,-5.689167,9.305238,-13.605143
480,-0.09649086,-0.23893566,0.5943684,-0.06305579,0.032074966,-0.99749446,1.0,0.0,0.0,-0.045395803,-0.021814369,0.043777287,0.13394809,-0.11148971,0.14598365,0.00048555897,0.09901188,0.12143332,0.09198928,-0.14112437,-0.06272723,-0.36726096,0.008145503,0.19195472,-0.24711864,0.11127639,0.5795511,-0.38766092,-0.016858952,0.15073155,-0.08768051,0.34929,-0.16732636,0.29147005,-0.15316522,-0.48761567,0.8395256,-0.3135273,0.004914039,0.5239647,-0.67520833,0.3380222,0.6173594,-0.25277233,0.2923588,-201.26701,184.7955,193.17752,-217.0036,-16.596334,51.103703,-51.540237,77.33563,284.2626,481.4314,-201.2504,200.17157,-0.045395803,-0.021814369,-0.7562227,1.7339481,-0.9114897,0.14598365,0.00048555897,0.09901188,-0.6785667,1.6919893,-0.9411244,-0.06272723,-7.345219,0.16291006,3.8390942,-4.942373,2.2255278,11.591022,-7.753218,-0.33717903,3.0146308,-1.7536101,6.9858003,-3.346527
481,0.41552594,-0.30827767,-0.26019922,-0.07399867,0.024215348,-0.99696434,1.0,0.0,0.0,-0.071325146,-0.043165356,0.060570955,0.11802614,-0.15349424,0.18840742,-0.029990325,0.07213097,0.15618354,0.090257764,-0.14665818,-0.018994259,0.06602702,-0.18007003,-0.006238874,0.05608284,-0.35304126,-0.09017232,0.037904546,-0.22553968,0.1930455,0.041356176,-0.21545795,0.53438735,0.20939678,0.6435463,-0.2479944,-0.15635964,-0.1704905,-0.36201918,0.47061193,0.9214599,-0.5518284,-0.20465691,-0.4958704,-0.11873244,200.3862,-68.119095,-198.09265,182.38515,-9.54764,-200.13503,203.2201,-212.74661,178.99434,171.81795,-32.015274,199.44113,-0.071325146,-0.043165356,-0.73942906,1.7180262,-0.95349425,0.18840742,-0.029990325,0.07213097,-0.6438165,1.6902578,-0.9466582,-0.018994259,1.3205404,-3.6014006,-0.12477748,1.1216568,-7.060825,-1.8034464,0.7580909,-4.5107937,3.86091,0.8271235,-4.309159,10.687747
482,-0.11142337,0.3304594,-0.80390537,-0.07261881,0.017339008,-0.9972091,1.0,0.0,0.0,-0.012342299,-0.051831704,0.039460897,0.111671686,-0.17273808,0.09529613,0.027416715,0.05826979,0.17631662,0.09401381,-0.24388033,0.010752569,0.43845487,0.06344106,-0.18451957,-0.104615904,-0.0057312916,-0.7741109,0.49545857,0.05868959,0.018324738,-0.0141091095,-0.58220667,-0.15308785,-0.4794945,0.050224632,0.44858631,-0.3056165,-0.043943778,0.07764543,-0.6537039,-0.07915862,0.14501172,-1.022052,-0.056123674,-0.36217162,66.0865,130.1456,-198.17943,-224.83516,15.505968,-201.61787,199.50867,207.41086,-206.48192,-221.00955,17.20437,-167.717,-0.012342299,-0.051831704,-0.7605391,1.7116717,-0.9727381,0.09529613,0.027416715,0.05826979,-0.6236834,1.6940138,-1.0438803,0.010752569,8.769097,1.2688211,-3.6903915,-2.092318,-0.114625834,-15.482218,9.909171,1.1737918,0.36649475,-0.2821822,-11.644133,-3.061757
483,-0.096602075,0.16029218,0.018398052,-0.06317869,0.020355118,-0.9977946,1.0,0.0,0.0,0.036451165,-0.042024285,0.02750808,0.08853352,-0.12637591,0.024142442,0.06934103,0.060950063,0.18619204,0.07597542,-0.28282732,-0.08274072,0.11212949,0.024306826,0.0366794,-0.09561283,0.2598157,-0.02290997,-0.050636757,-0.00046030068,0.05932328,-0.08375952,0.14650373,-0.56153077,-0.59461915,-0.21901582,0.4107407,0.8231064,0.32999557,0.8009261,-0.46776208,-0.11780721,0.2682023,0.089259684,0.4676963,0.3139391,-131.33861,-187.55179,336.27084,146.85538,-31.49266,180.86752,-291.70898,144.25177,-0.14567566,188.45229,234.30167,40.53151,0.036451165,-0.042024285,-0.77249193,1.6885335,-0.9263759,0.024142442,0.06934103,0.060950063,-0.613808,1.6759754,-1.0828273,-0.08274072,2.2425897,0.48613653,0.7335879,-1.9122566,5.196314,-0.45819938,-1.0127351,-0.009206014,1.1864656,-1.6751903,2.9300745,-11.230615
484,0.41650462,-0.26734436,0.6613326,-0.06587995,0.012938743,-0.9977437,1.0,0.0,0.0,0.012118622,-0.06299557,0.042657673,0.09143126,-0.021863401,0.09262723,0.0058826488,0.031697646,0.20687419,0.06929886,-0.18876874,-0.114926375,-0.2965008,-0.20021169,0.045103393,0.16958542,0.50586873,0.5871981,-0.52521896,-0.23972893,0.10684259,0.053754102,0.5983611,0.21854348,0.13363227,0.9825914,-0.6299269,0.0725217,0.08777292,0.0940933,0.6522452,0.25184202,0.20322955,-0.20785494,0.19439226,0.21484432,-118.296455,-199.68211,-418.54816,296.11157,-99.041306,114.999016,-207.91557,1.882019,-119.90921,285.94055,-0.4533844,276.94217,0.012118622,-0.06299557,-0.75734234,1.6914313,-0.8218634,0.09262723,0.0058826488,0.031697646,-0.5931258,1.6692989,-0.98876876,-0.114926375,-5.930016,-4.004234,0.90206784,3.3917084,10.117374,11.743961,-10.504379,-4.7945786,2.1368518,1.0750821,11.967221,4.3708696
485,-0.09728847,0.0736929,-0.031682353,-0.06854994,0.008469105,-0.9976117,1.0,0.0,0.0,-0.0024048018,-0.07779453,0.04225993,0.11825812,0.02876085,0.13365923,-0.046544913,0.0011399596,0.20879298,0.08911872,-0.07657695,-0.011859158,0.11217169,0.029667933,-0.037483614,0.10532947,0.1535111,-0.038073424,-0.04893362,-0.06905398,-0.036789037,0.10152628,0.51543087,0.57138383,0.35813338,0.41281366,-0.18654147,-0.5397406,-0.48540217,-0.4024732,0.40857708,-0.32833344,0.26540777,-0.78089374,-0.22443749,-0.47605154,176.108,187.4588,-40.744858,-26.830551,-37.60934,-79.03166,208.60231,32.911346,-87.11375,-73.84395,-41.530724,-43.18146,-0.0024048018,-0.07779453,-0.7577401,1.7182581,-0.77123916,0.13365923,-0.046544913,0.0011399596,-0.591207,1.6891187,-0.87657696,-0.011859158,2.2434337,0.59335864,-0.74967223,2.1065893,3.0702221,-0.76146847,-0.97867244,-1.3810796,-0.7357807,2.0305257,10.308617,11.427676
486,-0.05884595,0.24442858,-0.88110507,-0.0625503,0.009947293,-0.9979923,1.0,0.0,0.0,0.06610004,-0.06457294,0.028825581,0.12781072,-0.014243007,0.049781445,-0.012130778,-0.010351237,0.21458763,0.092323184,-0.06332326,0.03260329,0.5224417,0.09504606,-0.1000492,-0.007357581,-0.51311076,-0.72907937,0.35024807,-0.053266775,0.07130348,-0.063340805,-0.25448024,-0.05280418,-0.6184845,-0.119209275,0.1507252,0.5515458,-0.33898658,0.22405452,-0.4570615,-0.10421163,0.51244754,-0.13012898,-0.27665392,-0.69853365,144.74994,156.52734,-224.70956,-231.3397,-200.08427,-201.21375,199.31693,-192.33235,48.18824,-216.63307,-130.89809,-199.94159,0.06610004,-0.06457294,-0.77117443,1.7278107,-0.814243,0.049781445,-0.012130778,-0.010351237,-0.5854124,1.6923232,-0.8633233,0.03260329,10.448833,1.9009211,-2.000984,-0.14715162,-10.262215,-14.581587,7.004961,-1.0653355,1.4260696,-1.2668161,-5.089605,-1.0560836
487,0.28503892,-0.3354932,-0.3461512,-0.06583101,0.0018595442,-0.9978291,1.0,0.0,0.0,0.12549202,-0.06398242,0.029953063,0.13983822,-0.13162225,-0.021256996,0.007588555,-0.04022994,0.26398426,0.049233437,-0.1371153,-0.054042608,0.11258092,-0.041495234,0.08873375,0.114829876,-0.52632874,-0.049808927,-0.09950074,-0.20016932,0.3750327,-0.32367644,-0.34865612,-0.7458318,-0.9203537,0.21743569,0.14836566,-0.28225785,0.35884959,0.714764,-0.39296952,0.89813054,-0.43613,-0.4001695,0.6090999,0.3323091,-200.56827,-62.454697,180.92822,187.8271,68.07094,200.22736,-194.80327,25.278126,116.31001,-146.77734,38.11177,-200.16885,0.12549202,-0.06398242,-0.77004695,1.7398382,-0.93162227,-0.021256996,0.007588555,-0.04022994,-0.53601575,1.6492335,-0.9371153,-0.054042608,2.2516184,-0.8299047,1.7746749,2.2965975,-10.526574,-0.9961785,-1.9900147,-4.0033865,7.5006537,-6.473529,-6.973122,-14.9166355
488,-0.23451239,-0.18202744,0.47404596,-0.07649197,0.0022377279,-0.9970677,1.0,0.0,0.0,0.10061354,-0.049232524,0.05911666,0.13180125,-0.16219395,0.04161233,-0.0521875,-0.059756745,0.32496563,-0.0051988363,-0.16623151,-0.11197201,-0.31885883,0.16364187,0.17701109,-0.16277061,0.1538567,0.612349,-0.4634218,-0.03554217,0.23436585,-0.19853128,-0.03555732,0.07977313,-0.04020042,-0.08892144,-0.67653424,0.18936154,-0.3043552,0.42996818,0.7248051,-0.1103635,-0.12323641,0.3248154,1.0095427,0.05735557,-202.4665,165.60309,56.67559,-209.96167,200.88806,199.31177,-154.73138,-62.579987,-48.990326,106.97377,80.05046,217.48518,0.10061354,-0.049232524,-0.74088335,1.7318013,-0.96219397,0.04161233,-0.0521875,-0.059756745,-0.4750344,1.5948012,-0.9662315,-0.11197201,-6.3771763,3.2728374,3.5402217,-3.255412,3.077134,12.24698,-9.2684355,-0.7108434,4.687317,-3.9706256,-0.71114635,1.5954626
489,0.03645053,0.3799937,0.11413044,-0.071309105,0.005888968,-0.9974369,1.0,0.0,0.0,0.044466328,-0.03539917,0.059280694,0.12729299,-0.19053543,0.18157156,-0.103103235,-0.07322403,0.32950345,-0.0075677633,-0.119421065,-0.056716166,-0.23792318,0.013247872,-0.13847007,0.06925606,-0.25180992,0.62683934,-0.084584326,-0.07116101,-0.15219942,0.14039281,0.44811937,0.2978873,0.09927993,0.16067104,0.107159235,0.24000613,0.026612118,-0.29455262,0.5414664,-0.1893118,0.86511564,0.14451982,1.0359322,-0.51937574,48.012165,-96.59816,-190.61198,59.403347,-4.87145,-77.6464,199.40894,-7.0949826,-392.92545,161.15544,134.28067,-25.924788,0.044466328,-0.03539917,-0.7407193,1.727293,-0.99053544,0.18157156,-0.103103235,-0.07322403,-0.47049657,1.5924323,-0.9194211,-0.056716166,-4.7584634,0.26495743,-2.7694013,1.3851212,-5.0361986,12.536786,-1.6916865,-1.4232202,-3.0439882,2.807856,8.962387,5.9577456
490,0.027374096,-0.22762044,-0.4674426,-0.07038569,0.0042417357,-0.9975108,1.0,0.0,0.0,0.039825525,-0.021339433,0.052232027,0.14736879,-0.16861862,0.2311457,-0.07956613,-0.08200495,0.3133694,0.037040353,-0.008381724,-0.047776118,0.09131076,0.11190226,0.034029856,0.12114977,0.36470163,-0.063827045,0.28157902,-0.030181695,-6.851954e-05,0.23883381,0.7112467,-0.18862437,-0.15180147,-0.17414574,0.036429346,-0.71478224,0.059808105,-0.5699404,-0.3494324,0.0069001615,0.22781569,-0.42537028,0.41949213,-0.4307812,46.352886,208.4267,92.60922,59.929024,91.13466,-199.9824,195.65634,-166.50859,212.29742,-23.943504,200.28418,-199.5183,0.039825525,-0.021339433,-0.747768,1.7473688,-0.96861863,0.2311457,-0.07956613,-0.08200495,-0.48663062,1.6370404,-0.80838174,-0.047776118,1.8262151,2.2380452,0.6805971,2.4229953,7.2940326,-1.2765409,5.6315804,-0.6036339,-0.0013703908,4.776676,14.224935,-3.7724872
491,0.10763041,-0.00035846644,0.036627233,-0.07373147,0.0009289724,-0.9972777,1.0,0.0,0.0,0.009682444,-0.0083524315,0.059391975,0.15097225,-0.08599591,0.14393523,-0.06685169,-0.08314741,0.29416418,0.08307612,0.13024414,-0.14029227,-0.30481306,0.025534753,0.045675524,-0.06315402,0.36988497,-0.7399295,-0.1042374,-0.00065437204,-0.14404312,0.21312809,0.6230346,-0.62338775,-0.19181862,0.04336276,0.05741358,-0.47579876,-0.1050544,0.2849445,-0.41378826,0.49028295,-0.5016748,0.20294861,-0.57122326,-0.21867445,-66.52789,-210.6165,-72.978004,-216.31825,-47.54647,-200.47183,-186.08577,105.33131,-13.144205,-94.299866,-38.02516,-27.74425,0.009682444,-0.0083524315,-0.74060804,1.7509723,-0.8859959,0.14393523,-0.06685169,-0.08314741,-0.50583583,1.6830761,-0.6697559,-0.14029227,-6.096261,0.51069504,0.91351044,-1.2630804,7.3976994,-14.79859,-2.084748,-0.01308744,-2.8808622,4.262562,12.460691,-12.467755
492,-0.22558135,0.4212512,0.510309,-0.06453041,0.005628732,-0.99789983,1.0,0.0,0.0,-0.06202348,0.008739688,0.066565335,0.11698699,-0.071551025,0.07104633,-0.12811555,-0.06823842,0.24022597,0.13500476,0.18096673,-0.19857627,-0.3464164,0.12143596,0.026717981,-0.25840944,-0.053105492,-0.054643866,-0.46642014,0.13438807,-0.35940343,0.27156034,-0.04744744,-0.10252321,0.49720272,-0.6176795,0.6818203,-0.09351376,-0.045580074,0.5006018,0.5999538,-0.48239058,0.5367332,-0.34926808,-0.6550911,0.40447196,52.255085,-17.9108,-0.4606018,-201.36882,-25.226505,200.33032,-198.07976,297.52405,-163.89276,-114.22078,-199.50275,67.827774,-0.06202348,0.008739688,-0.7334347,1.716987,-0.87155104,0.07104633,-0.12811555,-0.06823842,-0.55977404,1.7350048,-0.6190333,-0.19857627,-6.928328,2.4287193,0.53435963,-5.1681886,-1.0621098,-1.0928773,-9.3284025,2.6877613,-7.1880684,5.4312067,-0.9489488,-2.0504642
493,0.28318253,-0.21534917,-0.13718411,-0.061438337,0.0039129164,-0.9981032,1.0,0.0,0.0,-0.08298019,0.007465141,0.101518214,0.04876983,-0.06595695,0.13766064,-0.17607497,-0.06284235,0.21250528,0.15588725,0.09705591,-0.14190035,0.093320765,-0.11151643,0.28205872,-0.37598395,0.043801647,0.6498975,-0.053985592,-0.07095369,0.038920756,-0.027847633,-0.72425884,0.5992734,0.0743727,0.14938758,0.02963851,0.4894882,0.6042833,-0.035224147,0.7874233,0.39684165,-0.13614157,-0.017966136,-0.77281255,0.28239018,199.91035,-187.48563,195.81282,13.975281,1.294272,200.09956,199.52507,-197.53833,196.37839,-221.04869,-200.10321,200.27388,-0.08298019,0.007465141,-0.6984818,1.6487699,-0.86595696,0.13766064,-0.17607497,-0.06284235,-0.58749473,1.7558873,-0.7029441,-0.14190035,1.8664153,-2.2303286,5.6411743,-7.519679,0.87603295,12.99795,-1.0797118,-1.4190737,0.7784151,-0.55695266,-14.485177,11.985467
494,-0.0664465,0.40747294,-0.4819972,-0.05607092,-0.0006876994,-0.99842656,1.0,0.0,0.0,-0.0358168,0.0072243763,0.11923796,-0.0015717745,0.017903745,0.19151703,-0.1373059,-0.049084608,0.20408124,0.14306927,-0.12025434,0.006702617,0.27231073,0.08347451,-0.06260025,-0.14999878,0.72617424,-0.044337202,0.3905021,0.18309824,-0.10871037,-0.09719567,-1.3640918,0.68811077,-0.5049844,-0.020211719,0.2827997,0.46616158,0.38712704,-0.4250071,-0.104703024,-0.3177426,0.40684906,-0.02234967,-0.1577985,-0.22602287,-19.462227,167.92957,-152.13353,177.32576,199.82397,-200.67963,214.62204,145.49506,-244.09929,-255.113,-131.38583,-80.302185,-0.0358168,0.0072243763,-0.68076205,1.5984282,-0.78209627,0.19151703,-0.1373059,-0.049084608,-0.5959188,1.7430693,-0.92025435,0.006702617,5.4462147,1.6694902,-1.252005,-2.9999757,14.523484,-0.886744,7.810042,3.661965,-2.1742074,-1.9439133,-27.281836,13.762215
495,0.33333838,-0.26634485,-0.104093164,-0.054680016,-0.0077656386,-0.9984737,1.0,0.0,0.0,-0.029387763,0.010303087,0.11672586,-0.00017499924,0.13707131,0.099460825,-0.10356762,-0.04097457,0.21413374,0.09695387,-0.3189115,0.06907309,-0.15930404,-0.025801718,0.033525333,0.115011215,0.52365214,-0.7874154,0.042129397,-0.05832841,0.17020154,-0.29880947,-0.6908538,0.0064134076,-0.39335924,0.21369243,0.38715544,0.09417683,0.5469628,0.60415673,-0.33741212,0.24310137,-0.2701196,0.013246506,0.2486763,-0.26545477,-192.20744,32.85771,87.35833,184.3035,-19.223875,-202.62233,-52.259884,-201.2999,203.27458,-7.2231617,200.25102,-200.18239,-0.029387763,0.010303087,-0.68327415,1.599825,-0.6629287,0.099460825,-0.10356762,-0.04097457,-0.5858663,1.6969539,-1.1189115,0.06907309,-3.1860807,-0.51603436,0.67050666,2.3002243,10.4730425,-15.748307,0.84258795,-1.1665682,3.4040308,-5.976189,-13.817076,0.12826815
496,-0.28283268,-0.24727906,0.7286585,-0.065288305,-0.006632613,-0.99784446,1.0,0.0,0.0,-0.10456635,0.019976676,0.11802101,0.029275298,0.25155592,-0.011094585,-0.14250721,-0.02835241,0.22980803,0.056594133,-0.38118368,-0.0026500626,-0.5354549,0.10697446,0.0045294077,0.1569957,0.56913346,-0.3563443,-0.35469064,0.16419311,0.009910045,-0.1320852,-0.000807824,-0.57104325,0.37558278,-0.10164428,-0.45112678,0.12836161,-0.20586339,0.9120147,0.2903759,-0.11554538,-0.2059975,0.23563214,0.22842559,0.18298087,-95.632866,-109.333145,24.038284,38.328705,-28.495682,131.79132,-89.48811,195.37415,-157.67653,35.37012,200.93987,-28.911074,-0.10456635,0.019976676,-0.681979,1.6292753,-0.5484441,-0.011094585,-0.14250721,-0.02835241,-0.570192,1.6565942,-1.1811837,-0.0026500626,-10.709098,2.1394892,0.09058815,3.1399138,11.3826685,-7.126886,-7.0938125,3.283862,0.1982009,-2.641704,-0.01615648,-11.420865
497,0.24302535,0.23863065,0.17138822,-0.06443382,-0.005941069,-0.9979043,1.0,0.0,0.0,-0.16273743,0.01929831,0.08839917,0.07397759,0.29149228,-0.0047683856,-0.1690644,-0.014930966,0.1985789,0.056575894,-0.305546,-0.039540287,-0.09098654,-0.087387346,-0.26528713,0.25120658,-0.101152234,0.34907907,0.050567623,-0.010695173,-0.29345053,0.10594102,0.68814737,0.13206844,0.6945995,0.18793161,0.22536056,-0.075273424,-0.8986032,0.14193821,0.6724098,-0.14368686,0.5058393,-0.14569569,-0.27298242,0.4103032,199.65909,-162.4689,-215.97911,-135.16632,-200.56,200.1677,201.8811,-208.47163,-210.59477,169.50217,200.0007,199.84555,-0.16273743,0.01929831,-0.71160084,1.6739776,-0.5085077,-0.0047683856,-0.1690644,-0.014930966,-0.6014211,1.6565759,-1.105546,-0.039540287,-1.8197308,-1.747747,-5.3057423,5.0241313,-2.0230446,6.981581,1.0113524,-0.21390347,-5.8690104,2.1188204,13.762947,2.6413689
498,0.14199677,-0.28416896,-0.45216066,-0.06638556,-0.013859735,-0.9976978,1.0,0.0,0.0,-0.13164176,0.010882853,0.07005519,0.09397471,0.19698006,0.05219612,-0.111688696,-0.02278864,0.18116677,0.045429945,-0.24251336,0.06191635,0.35669887,-0.0047334135,0.050552316,-0.022623105,-0.77674586,0.23031004,0.48125312,-0.058790963,0.08205835,-0.1867384,0.035633568,0.7508664,-0.11794541,0.3688565,-0.2770231,-0.25744483,-0.6065898,-0.5363709,-0.5179829,0.07329337,0.18211642,-0.4430573,-1.4075592,-0.056973662,200.52927,202.3184,208.79285,-213.69081,-200.04836,-33.497456,200.66525,-184.97311,233.1768,-205.68466,-125.59753,46.030262,-0.13164176,0.010882853,-0.7299448,1.6939747,-0.60301995,0.05219612,-0.111688696,-0.02278864,-0.61883324,1.64543,-1.0425134,0.06191635,7.1339774,-0.09466827,1.0110463,-0.4524621,-15.534917,4.6062007,9.625062,-1.1758193,1.6411669,-3.734768,0.71267134,15.017328
499,-0.2577924,0.18136573,-0.04273236,-0.067076914,-0.010852349,-0.99768883,1.0,0.0,0.0,-0.10136285,0.032960888,0.07076281,0.07257116,-0.02712524,0.02074367,-0.06119715,-0.0153066525,0.18934727,-0.01017642,-0.30967063,0.13500592,0.034587752,0.19681405,-0.03401,-0.17961685,-1.309911,-0.47280416,0.06495818,0.100181185,0.01493289,-0.35930356,-0.6400057,0.051296473,-0.41958368,-0.45985258,-0.064637385,-0.05945981,0.2513646,-0.05211728,-0.47980198,-0.07514964,-0.19264165,0.58330697,-0.09399226,-0.778353,-71.67881,180.14235,-197.02347,-234.80856,3.2368815,-200.64992,-196.52716,70.666466,-19.477764,-224.78596,-199.48276,-200.80261,-0.10136285,0.032960888,-0.7292372,1.6725712,-0.82712525,0.02074367,-0.06119715,-0.0153066525,-0.61065274,1.5898236,-1.1096706,0.13500592,0.691755,3.936281,-0.6802,-3.592337,-26.19822,-9.456083,1.2991635,2.0036237,0.2986578,-7.1860714,-12.800114,1.0259295
500,0.18156944,0.606389,0.51983666,-0.049661096,-0.010130742,-0.99871475,1.0,0.0,0.0,-0.14225872,0.051002912,0.04456824,0.03743291,-0.21334809,-0.020266065,-0.10259678,-0.015081091,0.15604854,-0.054858685,-0.36176795,0.06979556,-0.40396085,0.019257868,-0.18820305,-0.17230879,-0.6227964,-0.096850485,-0.42897946,-0.0564319,-0.3050462,-0.109882556,0.050239336,-0.63531643,0.1122412,0.16447698,0.7029629,0.68127435,0.33753216,0.2599048,0.338095,-0.12185636,0.79794997,0.53276926,-0.006692931,0.36485517,-196.92882,-111.09396,-33.567337,-55.025063,200.7092,32.72573,-206.54095,59.23011,-204.06628,168.40753,200.27641,-197.43393,-0.14225872,0.051002912,-0.7554318,1.6374329,-1.0133481,-0.020266065,-0.10259678,-0.015081091,-0.6439515,1.5451413,-1.161768,0.06979556,-8.079217,0.38515735,-3.764061,-3.4461756,-12.455928,-1.9370097,-8.579589,-1.128638,-6.100924,-2.1976511,1.0047867,-12.706328
