step,obs_0,obs_1,obs_2,obs_3,obs_4,obs_5,obs_6,obs_7,obs_8,obs_9,obs_10,obs_11,obs_12,obs_13,obs_14,obs_15,obs_16,obs_17,obs_18,obs_19,obs_20,obs_21,obs_22,obs_23,obs_24,obs_25,obs_26,obs_27,obs_28,obs_29,obs_30,obs_31,obs_32,obs_33,obs_34,obs_35,obs_36,obs_37,obs_38,obs_39,obs_40,obs_41,obs_42,obs_43,obs_44,torque_0,torque_1,torque_2,torque_3,torque_4,torque_5,torque_6,torque_7,torque_8,torque_9,torque_10,torque_11
0,0.0,0.0,0.0,0.0,0.0,0.0,0.0,0.0,0.0,0.0,0.0,0.0,0.0,0.0,0.0,0.0,0.0,0.0,0.0,0.0,0.0,0.0,0.0,0.0,0.0,0.0,0.0,0.0,0.0,0.0,0.0,0.0,0.0,0.0,0.0,0.0,0.0,0.0,0.0,0.0,0.0,0.0,0.0,0.0,0.0,-2.8523746,1168.6173,389.14877,28.704819,-30.287802,-32.74938,-2.8654907,1168.0725,388.87964,28.818748,-37.02763,-26.318628
1,0.0,0.0,0.0,0.005097216,-0.006984438,-0.99996257,1.0,0.0,0.0,0.0065372656,-0.14739306,0.10545713,-0.037407637,0.018871784,0.008618684,0.0060142567,-0.12529261,0.11255497,-0.04025364,0.018654108,0.00829496,-0.018684188,-0.57784957,0.63259643,-0.20973948,0.13266703,0.026163746,-0.028288862,-0.28118694,0.6767436,-0.22489779,0.13081573,0.02413009,0.026037693,0.17850569,-1.1929803,-0.11543497,-2.659664,1.6658429,-0.14675932,1.1027536,-1.5938357,-0.4598938,-3.1214411,0.6065278,-293.09726,10470.749,-2672.3696,86.640656,212.844,-41.518646,-258.94144,11578.441,-4826.758,141.3631,211.62634,17.548767
2,0.0,0.0,0.0,0.005097216,-0.006984438,-0.99996257,1.0,0.0,0.0,0.0037517208,-0.17130853,0.17845726,-0.049366593,0.05159545,0.026643006,0.0019839923,-0.06509377,0.17861015,-0.050384045,0.057610333,0.019283284,0.01071906,-0.022085391,0.2550743,-0.020881893,0.16037056,0.08026361,-0.014251771,0.21210085,0.432969,-0.1350203,0.23173685,0.073168956,4.118717,-1.2378597,-2.4206262,3.7740803,-1.1925557,0.96046305,-5.267263,2.070331,2.9258928,1.3377948,2.2230446,3.4381723,247.14317,-1022.9088,2387.8936,-482.36215,-47.22644,-22.719425,66.52601,-19470.898,11718.231,-771.6183,218.01404,59.1532
3,0.0,0.0,0.0,0.005097216,-0.006984438,-0.99996257,1.0,0.0,0.0,0.03755097,-0.21833628,0.32119024,-0.07661486,0.08022171,0.036013126,-0.029541275,-0.11851731,0.27924573,-0.07262826,0.10046679,0.05165239,0.20496605,-0.5005641,1.0647237,-0.2471926,0.13237415,0.048608012,-0.21048832,-0.039335117,0.36278942,-0.012688823,0.21753894,0.15820771,0.9905126,-0.6605961,-3.1712272,2.4566019,-0.7001318,1.1123945,-2.0655673,2.505701,0.63475704,1.3591112,-1.9186022,1.3536199,-203.11685,-5388.805,4398.5005,288.88153,-12.38028,-37.390686,-480.38635,2208.5278,-200.522,426.37955,78.90457,31.699219
4,0.0,0.0,0.0,0.005097216,-0.006984438,-0.99996257,1.0,0.0,0.0,0.054478657,-0.2237534,0.431228,-0.072398424,0.10817933,0.04497645,-0.05258874,-0.089878716,0.34942392,-0.06375897,0.14059371,0.06596861,0.028871795,0.012977076,0.5659246,0.05417713,0.1402966,0.046661045,-0.15652998,-0.0065929093,0.28412986,0.07164587,0.19362089,0.060825255,1.2259337,-1.818244,1.8143489,1.2509538,3.8118424,2.2083828,-7.2118244,0.6180549,2.2106423,5.4792,1.692235,1.9144369,-297.74518,-502.2029,727.9352,403.13245,35.25836,-15.889303,499.57687,-4679.431,334.83917,4.1172676,-37.467926,-76.85775
5,0.0,0.0,0.0,0.005097216,-0.006984438,-0.99996257,1.0,0.0,0.0,0.05885813,-0.213198,0.5194045,-0.05190146,0.14944458,0.06425661,-0.105669685,-0.09387585,0.405798,-0.03520441,0.17816716,0.082406476,0.074241325,0.25503978,0.20512588,0.1928574,0.20871098,0.09397465,-0.36089587,-0.11631196,0.3496744,0.16075492,0.1778637,0.08284234,3.4552002,-1.2181294,1.1609757,2.0223887,4.3794084,2.8982987,-4.3833985,0.74167633,-0.5372751,3.9393783,-1.2753692,0.81853133,461.50586,5919.9233,-6116.254,-396.37723,-33.630737,-4.308609,-477.15527,-3687.5537,2329.385,467.30438,-84.82544,-85.10918
6,0.0,0.0,0.0,0.005097216,-0.006984438,-0.99996257,1.0,0.0,0.0,0.099018715,-0.0826248,0.50497425,-0.007442355,0.19588447,0.08974058,-0.15364753,-0.104134426,0.49084878,-0.002346754,0.21185058,0.08811292,0.31156084,1.1398962,-0.3138871,0.25585577,0.22701037,0.120711386,-0.25655276,-0.22293103,0.5781782,0.10630697,0.1574707,0.029833322,6.2066913,0.050844193,-1.6707331,4.118093,2.6013818,1.0307885,-1.083463,2.1094327,1.4444906,3.6577163,-1.6634593,1.6905931,-488.76962,8327.244,-5166.682,-769.9748,-31.986633,53.323475,520.3686,-4704.5967,3185.9756,419.4704,-71.6203,-50.042435
7,0.0,0.0,0.0,0.005097216,-0.006984438,-0.99996257,1.0,0.0,0.0,0.0975878,-0.07361162,0.5037079,0.014475346,0.23459417,0.09945941,-0.16380762,-0.044175986,0.51199853,0.053262472,0.24246895,0.10049906,0.4250922,1.1804478,-0.5768935,0.4140644,0.18814658,0.00391283,-0.10916249,0.060121026,-0.010775487,0.27474368,0.14360398,0.06090652,4.402318,1.0856102,-5.9904885,2.861106,2.077541,0.15684274,1.561879,1.8018532,3.2060883,1.1782548,-0.6434133,2.5810552,500.11572,25958.57,-13236.016,481.15384,-85.5206,-71.630486,480.1129,-2874.027,-1087.676,-526.53723,-73.46524,-81.87105
8,0.0,0.0,0.0,0.005097216,-0.006984438,-0.99996257,1.0,0.0,0.0,0.10107996,-0.11139061,0.51852584,0.03774333,0.26602024,0.09751399,-0.18066028,-0.07565553,0.5085189,0.09181249,0.267986,0.12111402,0.16358428,0.10664727,-0.26069483,0.2814581,0.15072471,-0.016935103,-0.17609851,-0.6413338,0.17356125,0.062293943,0.11559757,0.112227,0.45937532,1.1754391,-6.3275437,4.6223903,4.4294853,0.07040164,1.0033673,3.4249706,1.8364,0.7809172,-0.89532626,2.6961427,501.58505,4432.864,-8455.608,-65.23879,-91.12857,67.6631,500.1896,-13724.009,7954.718,-526.54285,-48.21164,3.8108253
9,0.0,0.0,0.0,0.005097216,-0.006984438,-0.99996257,1.0,0.0,0.0,0.12713048,-0.08329843,0.5104344,0.06876385,0.3072026,0.094557256,-0.16416095,-0.08125046,0.50000846,0.10547328,0.29038262,0.14105739,0.33827746,0.8340427,-0.2617539,0.27846676,0.20944722,-0.025307348,0.11848601,0.10259911,0.20465401,-0.081323124,0.10808803,0.111111894,1.1201215,0.5423253,-6.5389905,3.4876983,0.41439176,2.0804763,0.93405116,3.2572987,2.3412738,1.3961809,-2.6420853,1.2575401,-507.05457,15316.457,-6296.079,474.627,-82.1387,157.25128,-415.96783,-12522.685,12455.677,-744.91,28.581116,79.99759
10,0.0,0.0,0.0,0.005097216,-0.006984438,-0.99996257,1.0,0.0,0.0,0.13896108,-0.07544233,0.49800774,0.105094075,0.34123975,0.10810039,-0.15377183,-0.08917114,0.49441692,0.11294484,0.3126876,0.14822592,0.28823698,0.7597584,-0.35737005,0.30608696,0.1489121,0.06645674,0.27134678,0.59884346,-0.49450326,0.24096857,0.12683891,0.011452324,0.65571773,1.4568772,-5.258764,4.7961993,2.4411178,-0.006189078,1.9448503,3.3557296,2.9202936,0.9810766,-1.9238086,1.8607986,-491.59012,14484.093,-2490.9563,-542.4507,-151.63235,53.53425,530.8474,23328.31,-14585.137,379.62027,45.674683,-70.77616
11,0.0,0.0,0.0,0.005097216,-0.006984438,-0.99996257,1.0,0.0,0.0,0.1420124,-0.09575232,0.519184,0.12998545,0.3653189,0.10567585,-0.14758374,-0.12988259,0.52562153,0.10701215,0.33272877,0.16060731,0.086667,0.2294346,-0.091861896,0.22835684,0.11062975,-0.026668955,-0.17851035,-0.92179155,0.51163256,-0.15583603,0.08619667,0.07362448,-0.7832848,1.5468115,-3.459516,7.343985,7.193176,-0.6535351,1.8492888,4.46415,1.0131207,-0.72867167,1.8979537,1.9900814,-511.01178,1180.6094,-1228.1543,81.114044,-67.7384,27.986671,210.35161,-19653.893,8193.025,473.11478,-56.84311,-53.98291
12,0.0,0.0,0.0,0.005097216,-0.006984438,-0.99996257,1.0,0.0,0.0,0.13245328,-0.09679204,0.5107175,0.18445754,0.4205332,0.09487781,-0.11667197,-0.09100754,0.4991901,0.116042376,0.34789184,0.17226315,-0.13798438,-0.10992869,-0.035725128,0.29206324,0.30839145,-0.042728987,0.19801608,0.2874938,-0.3041968,0.07380451,0.073064975,0.05128168,1.0478575,0.050577447,-6.8268046,4.492548,-1.2531416,1.9048191,-2.3850222,3.9521556,4.8264527,2.2450001,-2.3943996,3.1639538,-520.5958,-6213.844,2465.8088,-64.288445,-42.91803,114.65127,502.75537,14514.538,-8787.813,48.536575,38.04184,-87.97566
13,0.0,0.0,0.0,0.005097216,-0.006984438,-0.99996257,1.0,0.0,0.0,0.118661985,-0.10633092,0.5129931,0.22766721,0.4741815,0.105545476,-0.10422576,-0.09677952,0.50674474,0.106046796,0.3662261,0.19521599,-0.18250267,-0.40875918,0.1947624,0.123367965,0.24197915,0.079747014,-0.06107224,-0.35450387,0.57256746,-0.23839925,0.113582335,0.12583865,0.49722075,0.36393952,-0.6813015,5.1999,4.984311,2.0410569,1.2148762,2.8094058,-0.14289583,-0.18637873,-2.6006925,-0.18043053,-516.111,-17868.678,8761.783,-617.4506,-111.863556,98.97427,-505.80508,-8957.4375,8869.834,467.77527,176.12207,-97.94653
14,0.0,0.0,0.0,0.005097216,-0.006984438,-0.99996257,1.0,0.0,0.0,0.12027703,-0.080324754,0.49478665,0.27675736,0.51664287,0.11974373,-0.086825036,-0.07033308,0.49988994,0.102825046,0.40058374,0.19515994,0.21779644,0.78496826,-0.47181398,0.3675327,0.19189835,0.06296409,-0.14385866,-0.5075576,0.16172276,-0.14255044,0.19642715,-0.034348506,5.1980734,-0.10892163,-5.389578,6.473063,-1.0225178,3.318065,-2.2021089,4.2611065,5.8953204,2.720128,-4.093302,2.9070306,324.0823,15214.3,-5350.7026,-535.56476,-169.95285,51.675312,127.51069,-14095.376,6951.298,-79.86271,151.34033,-194.73232
15,0.0,0.0,0.0,0.005097216,-0.006984438,-0.99996257,1.0,0.0,0.0,0.13848151,-0.07830061,0.50671077,0.31453598,0.5433308,0.14525275,-0.09377932,-0.13329834,0.5095519,0.09355807,0.44891602,0.20843212,0.11951931,0.07479166,0.0025771563,0.19966821,0.09959432,0.13900091,0.04615098,-0.03630552,-0.01659544,0.019914476,0.2702456,0.09599125,0.81456965,1.3054322,-5.276892,3.8204925,2.5804393,1.0109502,1.6196266,3.2575107,2.6491127,1.4692535,-1.9529374,1.6836635,-497.08505,-13312.765,4684.634,-624.1884,-188.57047,59.12372,-500.4914,3962.6045,649.817,466.54462,153.09116,69.9502
16,0.0,0.0,0.0,0.005097216,-0.006984438,-0.99996257,1.0,0.0,0.0,0.1467789,-0.10174286,0.5069176,0.34475732,0.5559149,0.15263562,-0.0693918,-0.0903625,0.49805748,0.10336089,0.50481427,0.21683131,-0.06729153,-0.47634283,0.34128627,0.0071280017,0.04311865,0.028630177,0.043736324,0.06562312,0.25329754,-0.105505444,0.25116035,0.049587455,1.4452795,1.3952923,-3.31078,6.004933,2.6919289,1.6621059,0.82549167,3.3186727,2.893421,2.3657467,-2.9292347,0.9415504,-448.16373,-20726.732,15021.92,-683.44434,-29.29599,76.7997,-466.91693,-9116.232,10318.628,-527.26605,-192.9784,40.2388
17,0.0,0.0,0.0,0.005097216,-0.006984438,-0.99996257,1.0,0.0,0.0,0.16367052,-0.0914418,0.503188,0.3791958,0.5669344,0.16140684,-0.067791946,-0.096533,0.5233493,0.10095394,0.5459934,0.21759832,0.2263311,0.597287,-0.30833074,0.26870984,0.05415606,0.039430585,-0.11063242,-0.33997014,0.1671774,-0.012681912,0.18611582,0.009758346,2.8847556,0.8752878,-3.078923,6.473677,1.5192688,2.5421844,-1.2075223,3.6753802,4.976849,3.1050825,-3.8295846,1.8848851,-42.169655,12620.935,-2313.1848,-326.14786,-61.074127,71.9685,240.3635,-10057.654,3845.3752,474.00754,56.898987,-47.997948
18,0.0,0.0,0.0,0.005097216,-0.006984438,-0.99996257,1.0,0.0,0.0,0.1773409,-0.094441146,0.50801706,0.4155723,0.5693334,0.17854117,-0.066184744,-0.09889197,0.54163545,0.11569953,0.57313067,0.22655031,0.060780324,0.018479226,-0.041122925,0.20988624,-0.0032844823,0.08888987,-0.069436826,-0.14382194,0.19436836,0.067770675,0.09855472,0.049834274,1.5598598,1.6426382,-5.682781,4.329902,0.72944814,0.9575224,0.7263467,3.619123,4.149876,2.5380406,-3.0519652,2.1844082,-505.48938,-7260.848,2309.2131,-124.50334,-52.079407,84.835495,-176.47078,-2161.355,3002.0732,382.8682,-201.00983,-0.30240536
19,0.0,0.0,0.0,0.005097216,-0.006984438,-0.99996257,1.0,0.0,0.0,0.18808676,-0.09755231,0.51194227,0.4449221,0.56286013,0.18154933,-0.06497918,-0.106512934,0.5689299,0.13459706,0.5836648,0.23898533,0.013699019,-0.14600123,0.10314347,0.100902535,-0.04198375,0.012488826,-0.029004458,-0.3289274,0.2880313,0.061311405,0.021193078,0.06016944,1.2033042,1.5497123,-4.7287254,4.942038,0.7777362,1.4876976,0.7198414,3.5191827,5.359381,2.8001494,-3.6727726,2.107369,-495.8828,-10957.168,5423.5576,-584.31055,-37.00299,82.8085,556.29803,393.66016,-625.6119,411.31842,-148.41916,-50.060997
20,0.0,0.0,0.0,0.005097216,-0.006984438,-0.99996257,1.0,0.0,0.0,0.20017727,-0.097855985,0.51242083,0.47626698,0.5578853,0.18782802,-0.050963476,-0.09383657,0.59098434,0.15721989,0.5810308,0.24987504,0.1788797,0.44173643,-0.1916834,0.22148453,0.001154519,0.024876855,-0.0006708867,-0.09885215,0.27049863,0.04375998,-0.037898947,0.058804262,1.6963952,1.3400283,-5.0881424,4.6652265,-0.2220611,2.0865042,-0.10809104,3.5899873,6.699889,2.844045,-3.9319787,2.7725315,549.9895,15020.809,-7268.269,309.14972,116.9299,-32.780415,271.65176,-2640.2375,2802.8992,474.28635,-113.09827,-14.09078
21,0.0,0.0,0.0,0.005097216,-0.006984438,-0.99996257,1.0,0.0,0.0,0.20608108,-0.118485406,0.5338961,0.49727428,0.5646391,0.19973008,-0.05024085,-0.11456493,0.63071185,0.1779095,0.56746006,0.2667491,0.026056513,-0.18849443,0.24614632,0.07373856,0.055815883,0.05581177,0.095064856,0.22108714,0.010672519,0.16307464,-0.0857821,0.07984952,1.1305256,1.9711528,-5.3587756,3.4544046,0.19402483,1.2470722,1.3603994,2.8989637,5.421004,2.9211926,-3.7637556,2.1811757,587.822,4870.5728,-5331.2954,364.0965,122.62549,-72.05757,-288.72507,4982.2446,-2863.6885,-332.91788,-113.21176,53.419865
22,0.0,0.0,0.0,0.005097216,-0.006984438,-0.99996257,1.0,0.0,0.0,0.21047369,-0.096483,0.51803374,0.5162884,0.5824088,0.2035099,-0.04381088,-0.09199717,0.6443955,0.19664514,0.5454922,0.27816102,-0.052909147,-0.102526024,-0.02858651,0.043724727,0.10602653,0.021763315,-0.009887628,-0.007097398,0.11204585,0.06718317,-0.123172715,0.05381746,0.6642883,1.4031304,-1.7194178,4.5598245,2.1614432,2.2138178,0.4003425,2.6593382,4.8572803,3.5080657,-3.7766008,1.7471222,-140.78703,-5899.5845,2655.9988,-196.76788,90.73978,3.440586,-227.44055,-5477.9937,3185.4783,-323.14783,-64.48239,-20.279005
23,0.0,0.0,0.0,0.005097216,-0.006984438,-0.99996257,1.0,0.0,0.0,0.2089762,-0.111700654,0.51328206,0.53468955,0.6027132,0.2164545,-0.040771928,-0.107660264,0.7236548,0.2017324,0.51553214,0.28515905,-0.07608505,-0.37058386,0.087033264,0.07706346,0.075244814,0.068151385,-0.08662764,-0.47423577,0.6459856,-0.028174747,-0.17069644,0.039172627,3.2543592,1.8041531,-3.3787003,5.9305253,1.665585,3.2930493,1.5638782,3.0267038,4.713256,3.1536896,-3.449881,1.6526371,65.24649,-5587.3735,2580.95,332.5013,-158.24356,-41.94742,555.2058,-5186.8105,1252.7881,374.75497,-84.86838,-22.613674
24,0.0,0.0,0.0,0.005097216,-0.006984438,-0.99996257,1.0,0.0,0.0,0.22518806,-0.07947758,0.5081149,0.564397,0.61019313,0.23877566,-0.0245418,-0.07795343,0.7183539,0.2343067,0.480357,0.29117557,0.059494734,0.016275678,0.030776648,0.14871298,0.0141047435,0.116790056,0.023670858,-0.09178964,0.042282157,0.098347574,-0.17515163,0.036262,3.457482,0.97380584,-6.164891,4.8986964,-0.9167346,3.2001047,0.011041652,3.3259153,9.077364,3.4362402,-2.6242316,3.3002315,-501.61594,-10608.883,3574.798,-314.24182,-118.16916,45.33411,499.63235,-1895.8647,1192.9718,-142.92746,9.3211975,-10.195076
25,0.0,0.0,0.0,0.005097216,-0.006984438,-0.99996257,1.0,0.0,0.0,0.24777615,-0.089421555,0.5044732,0.59297884,0.6062697,0.26046678,-0.021565454,-0.08422486,0.70590925,0.2609123,0.4453053,0.30992055,0.15755227,0.22352223,-0.23743849,0.17026846,-0.04057855,0.1065075,-0.008044052,-0.023952696,-0.07918541,0.10593768,-0.17231914,0.094180875,0.07749747,1.4405583,-1.9450747,3.7550786,2.4729347,2.0093548,0.9875387,2.2593122,4.9461026,2.513618,-3.5030828,1.6155796,55.86571,3799.2415,-4271.12,6.018074,-125.96188,-22.883722,-211.30533,-1343.5825,1828.9746,-361.45184,13.531128,6.448799
26,0.0,0.0,0.0,0.005097216,-0.006984438,-0.99996257,1.0,0.0,0.0,0.24973235,-0.103393614,0.51171184,0.6073874,0.61277795,0.27123708,-0.012308524,-0.1009428,0.70619667,0.2737385,0.41194955,0.313352,-0.0612153,-0.15875153,0.3196471,-0.010572714,0.029184405,0.0552469,0.20238653,0.32247126,-0.14937882,0.12964614,-0.15820275,0.0017532943,2.0963411,2.3829906,-3.819064,5.157731,1.3899133,2.2127676,1.9120054,2.6565084,4.4320254,2.8175547,-2.7877133,1.3153532,-499.46725,-5360.193,7530.2437,-66.1092,-2.107666,24.565594,564.3645,13001.769,-9653.67,407.73438,37.71219,-42.45722
27,0.0,0.0,0.0,0.005097216,-0.006984438,-0.99996257,1.0,0.0,0.0,0.25748906,-0.09328333,0.51304376,0.6290628,0.611796,0.2822636,0.0048900014,-0.09717651,0.6939985,0.2867353,0.379959,0.31286895,0.07715514,0.14828673,-0.01001086,0.125935,-0.017601114,0.052231986,0.24810901,0.62359303,-0.29846248,0.16946821,-0.15857309,-0.0053328048,0.15111993,1.306761,-0.6672087,4.47199,3.2926211,1.9137561,-0.69641376,2.4371653,4.348422,4.0353336,-2.9253385,1.6859198,-119.42941,1507.0499,959.982,-106.06923,-19.653076,33.313816,-504.86346,8748.989,-7461.364,453.66232,-40.823364,124.052345
28,0.0,0.0,0.0,0.005097216,-0.006984438,-0.99996257,1.0,0.0,0.0,0.25236565,-0.09527074,0.5237837,0.64799964,0.62523544,0.28951678,0.010786098,-0.08102024,0.7095057,0.30187237,0.34617257,0.3159518,-0.06091265,-0.026454067,0.055188574,0.08966904,0.07078227,0.035505813,-0.024906652,0.0917311,-0.14678389,0.16956869,-0.16561593,0.010744622,1.0254672,1.5893341,-1.7674403,5.1880975,3.7030704,1.378239,-0.13387166,3.1763408,2.8521354,2.3485234,-1.2262561,1.5877224,-232.867,-2350.3042,1131.9534,-186.71384,-2.4646606,-21.53505,-213.35127,549.7769,-1878.2771,-74.107025,-2.6290283,9.228661
29,0.0,0.0,0.0,0.005097216,-0.006984438,-0.99996257,1.0,0.0,0.0,0.24989262,-0.09944988,0.53272676,0.6715263,0.6429436,0.29119343,0.005633166,-0.09250831,0.703318,0.31640518,0.32896584,0.31775457,-0.013776757,-0.19949351,0.13368775,0.111516945,0.08819883,0.0062714713,-0.016410027,-0.09463216,-0.009618845,0.051616855,-0.085125335,0.010788961,2.177668,1.7145232,-1.5797744,5.7656417,3.1390944,2.6839623,-0.33536947,2.6673717,4.502092,3.3163595,-2.7034545,1.538307,458.0964,-355.31146,135.47919,253.11662,17.635345,-50.901573,88.87547,-333.83554,149.29076,-25.55831,2.2754211,-0.01569748
30,0.0,0.0,0.0,0.005097216,-0.006984438,-0.99996257,1.0,0.0,0.0,0.262195,-0.09012163,0.5230206,0.7040156,0.6558182,0.3029698,0.0039214427,-0.10274783,0.7139725,0.3304689,0.30828267,0.3198463,0.074801475,0.2493099,-0.22782026,0.16986954,0.060034044,0.06315451,0.009956342,0.0484662,-0.20145062,0.15538305,-0.10502303,0.0014677452,3.2552657,1.2998052,-1.4418243,6.1347804,2.9701805,3.390078,-0.6928023,2.7061987,5.059495,3.865954,-3.0451117,1.7407805,-190.29068,1049.7485,547.3444,-537.4342,-52.539734,48.164627,654.1312,8758.304,-17056.566,332.42926,-37.2836,-108.20212
31,0.0,0.0,0.0,0.005097216,-0.006984438,-0.99996257,1.0,0.0,0.0,0.2819156,-0.10039078,0.5318168,0.7336074,0.66552246,0.32243183,0.0113018,-0.036971636,0.68181,0.35301995,0.29064524,0.32330376,0.12987322,0.034417056,0.0015194218,0.17292653,0.04919079,0.091456726,0.06308678,0.55400366,-0.18383512,0.097701095,-0.07592704,0.02175585,2.4899812,2.1166477,-2.4297705,5.968134,3.271951,2.034002,1.0891036,2.7287107,4.049134,2.344244,-1.5558035,1.597349,107.6002,3085.3103,-2128.2668,94.229706,16.277588,-50.72341,-315.91675,-7816.5005,7368.6313,-818.65686,80.46707,70.96564
32,0.0,0.0,0.0,0.005097216,-0.006984438,-0.99996257,1.0,0.0,0.0,0.29613698,-0.099267736,0.5427123,0.76273,0.6778333,0.32868382,0.0041452525,-0.045884173,0.72947633,0.35180426,0.27837652,0.32565486,0.0385157,-0.15812166,0.17803146,0.124514215,0.06091488,0.03219956,0.04107487,0.029854229,0.010185993,0.09152254,-0.04742637,0.010146021,0.9773729,1.7363701,-1.5481684,5.295508,3.610012,0.974718,-0.07825582,3.0724695,4.1120434,3.233818,-1.5870936,1.7428148,-323.8006,-4829.757,3546.232,-200.57404,-38.99704,56.841732,518.3845,2732.5925,-3832.0325,92.274155,14.7907715,47.427116
33,0.0,0.0,0.0,0.005097216,-0.006984438,-0.99996257,1.0,0.0,0.0,0.2967775,-0.09459965,0.54765505,0.78726184,0.6933441,0.3241048,0.0025504166,-0.03799607,0.7219178,0.36930716,0.26908392,0.3290471,0.02132868,0.32306322,-0.18121473,0.13931921,0.07744592,-0.02620226,-0.036024626,-0.121149376,0.04634445,0.06978506,-0.04916049,0.017429141,2.9422584,1.5005364,-1.534823,6.108232,2.7497249,2.798824,-0.91202444,2.888464,6.080075,4.5166197,-2.8295534,2.1077456,-325.73965,3547.8438,-2681.1067,-268.72314,-43.351257,-9.763466,437.69583,-984.97626,540.2355,238.37816,-7.457794,-14.446453
34,0.0,0.0,0.0,0.005097216,-0.006984438,-0.99996257,1.0,0.0,0.0,0.3099403,-0.099529676,0.55268806,0.81425107,0.70072454,0.33481115,-0.0029983995,-0.03247757,0.7094332,0.39765358,0.25888652,0.33564433,0.05712521,-0.09355302,0.06601944,0.122902825,0.027238399,0.06671881,-0.024655255,0.07796417,-0.11984841,0.16580106,-0.05220871,0.032858245,2.806159,2.093444,-3.1123257,5.842596,2.3098087,2.5092285,1.4035338,2.7510862,5.651884,3.4253194,-1.930579,2.094431,-274.93808,-5663.0415,4001.0332,-287.54608,-23.392487,12.069717,-171.57512,956.0171,-1287.9841,-94.0508,-11.768188,4.3054695
35,0.0,0.0,0.0,0.005097216,-0.006984438,-0.99996257,1.0,0.0,0.0,0.3266134,-0.092179835,0.5559405,0.8403686,0.701885,0.3453411,0.001597352,-0.044400424,0.69795483,0.41755712,0.24777168,0.34227458,0.10347586,0.32544637,-0.17235503,0.15179063,-0.002546571,0.051870655,0.09367334,0.019189984,-0.11529683,0.1145396,-0.057040066,0.031184956,1.5051161,1.6992278,-1.2010852,5.377461,2.9583406,2.2474775,-0.33235264,2.4733405,5.24788,3.5210328,-2.4936116,1.7830548,-287.1706,3587.7249,-2673.0366,-210.0579,-29.828003,12.820408,436.40192,2470.8887,-1945.2688,-89.895134,-13.83493,10.739555
36,0.0,0.0,0.0,0.005097216,-0.006984438,-0.99996257,1.0,0.0,0.0,0.33023348,-0.093169205,0.5607469,0.860078,0.70716083,0.35292047,0.00040612102,-0.09236134,0.7174494,0.43203008,0.23600918,0.34543777,-0.014194577,-0.057404466,0.055306643,0.08042754,0.026544144,0.036441613,-0.013385261,-0.20014535,0.092266336,0.08307296,-0.05377191,0.01384738,2.479711,2.449653,-2.7162454,5.9906745,2.162859,2.0547705,1.0924743,2.6964908,5.5261903,3.1859903,-1.7737625,1.8226119,-262.82422,-5423.915,3817.0784,-281.95065,-11.489822,5.8050613,-189.71661,-332.9774,335.4302,7.7083473,32.477234,4.04615
37,0.0,0.0,0.0,0.005097216,-0.006984438,-0.99996257,1.0,0.0,0.0,0.33929944,-0.09837916,0.5719237,0.88292944,0.7055885,0.35815328,0.0053554303,-0.122545294,0.718423,0.44449174,0.22535992,0.34905222,0.03436051,-0.2700331,0.24083494,0.09620771,-0.011854283,0.026443562,0.044269167,-0.14744033,-0.10462947,0.08608284,-0.056027025,0.013440809,2.7276115,1.7117485,-2.4736009,5.870173,1.9464102,2.7244518,0.06826092,2.8998272,7.4097767,4.127241,-2.5304263,2.5028324,213.54266,-3359.9316,2647.7363,192.19458,13.528702,-16.446808,683.1928,8830.918,-14369.223,297.69397,-31.628204,-73.18441
38,0.0,0.0,0.0,0.005097216,-0.006984438,-0.99996257,1.0,0.0,0.0,0.35348237,-0.09580578,0.58565193,0.90636575,0.7023491,0.36835915,0.019698273,-0.059215706,0.700029,0.45946133,0.212637,0.35899198,0.059068616,-0.004960639,0.075929396,0.10760629,-0.007089436,0.051788904,-0.024558295,-0.009423912,0.20739548,0.019340111,-0.0727997,0.051517446,1.91382,1.1560533,-0.056439146,5.365824,2.96079,3.064209,-1.7308223,2.3668513,5.9987345,4.2651825,-2.9564617,2.0925531,-183.83098,-2437.9255,1771.2518,-171.48657,126.33533,5.4202194,70.297615,-1596.8987,2059.397,477.23978,-19.976349,-15.938992
39,0.0,0.0,0.0,0.005097216,-0.006984438,-0.99996257,1.0,0.0,0.0,0.35833818,-0.10794157,0.62164223,0.9225589,0.7076893,0.38214225,0.0037666198,-0.08663753,0.72805583,0.47742736,0.19658226,0.3649318,0.0025399383,-0.31339788,0.36989254,0.05848647,0.024570597,0.0743812,-0.064003125,0.15492655,-0.3132733,0.19734524,-0.07918555,0.029582275,4.282749,1.7517147,-2.084005,5.6536813,1.6766782,2.718986,0.38424712,2.8753605,7.5389223,4.602029,-2.7883568,2.4789119,91.72344,-4534.4917,3593.6433,50.0774,-12.542831,31.555183,-486.34012,-721.9573,2271.6138,-572.5001,-31.951447,45.549232
40,0.0,0.0,0.0,0.005097216,-0.006984438,-0.99996257,1.0,0.0,0.0,0.38041732,-0.118019,0.66608405,0.94064415,0.7032255,0.3935518,0.0022549173,-0.07706977,0.7035943,0.5016295,0.185529,0.37470776,0.14527635,-0.18950209,0.38493016,0.08187569,-0.03252392,0.055464376,0.0059135663,-0.052657552,-0.00095112616,0.1079547,-0.012024619,0.04892936,0.06906293,0.8551212,1.6486995,3.9507172,4.62418,2.1778297,-3.2322953,2.1173193,4.400927,4.7785516,-2.2692611,1.9612231,271.53925,1886.2301,-222.37747,214.59607,13.729324,-20.290482,174.89403,-611.1229,888.9816,251.08559,271.15814,-12.0514965
41,0.0,0.0,0.0,0.005097216,-0.006984438,-0.99996257,1.0,0.0,0.0,0.39019188,-0.09612032,0.7154148,0.9459752,0.72104585,0.39902636,-0.015157177,-0.088750586,0.7062995,0.52733934,0.19682342,0.37907338,-0.03678663,0.02388678,0.14880982,0.017998401,0.10643538,0.026783532,-0.14926477,-0.07886011,0.009046617,0.13196541,0.103224516,0.01907382,4.2569165,1.506748,0.25893933,6.2431493,3.4984965,3.2295616,-2.7249799,2.4666522,7.4976134,5.5396748,-2.5174372,2.716064,-509.9205,-1757.0797,-2877.2815,96.47386,1.3141174,4.5775185,-400.8282,-232.92197,62.84723,-11.394005,280.51617,-22.609364
42,0.0,0.0,0.0,0.005097216,-0.006984438,-0.99996257,1.0,0.0,0.0,0.40332133,-0.10168975,0.70775944,0.96503246,0.73204166,0.4137944,-0.041542362,-0.10096285,0.7088785,0.5580145,0.23110259,0.3900152,0.13015918,-0.08907118,-0.07931068,0.12917674,0.046841368,0.07388298,-0.17588893,-0.24958265,0.26373014,0.09539206,0.21593367,0.05751499,3.9996572,1.6823993,-0.02243416,6.4630966,4.5216327,3.4092083,-1.3402454,2.4215775,6.9305644,4.3800483,-1.7029288,2.739069,424.4648,3002.5188,-5158.917,396.57135,16.005188,-23.26921,-513.2981,-6941.712,6525.4253,-68.78395,255.72256,19.895443
43,0.0,0.0,0.0,0.005097216,-0.006984438,-0.99996257,1.0,0.0,0.0,0.4278415,-0.08537674,0.7008885,0.9884757,0.7505376,0.42937598,-0.060368948,-0.07962906,0.68394697,0.58826625,0.28829485,0.40072668,0.09855386,0.0096924715,0.07258082,0.097538285,0.09047915,0.07992847,-0.12070169,-0.06097383,0.010328467,0.101363994,0.3255124,0.05843385,5.1711564,1.6453829,-3.588863,6.9771895,2.004072,3.0700765,0.5155206,3.7559686,9.184412,4.1519446,-1.9996681,3.4474764,-303.59595,-8125.022,6922.3813,-298.54416,-23.400818,47.383568,-437.92477,-10897.382,9311.82,-640.44684,224.9809,69.17261
44,0.0,0.0,0.0,0.005097216,-0.006984438,-0.99996257,1.0,0.0,0.0,0.45965073,-0.11856583,0.7306598,1.0146781,0.75245047,0.441688,-0.074009016,-0.12433422,0.73136246,0.60051167,0.3598622,0.41778517,0.15968077,-0.577131,0.8160893,0.069709696,-0.03179085,0.062483568,-0.0923826,-0.7025263,0.9640545,-0.07346027,0.36216924,0.08674157,1.8775023,1.987555,-1.0451012,6.5109563,4.355405,2.5779648,-0.36416554,2.8151655,7.6186223,3.88277,-1.4877024,2.922666,-97.45492,-10138.748,17034.186,-281.2641,-72.4164,19.36922,586.5991,-2266.904,11539.979,417.77832,68.7796,-98.96063
45,0.0,0.0,0.0,0.005097216,-0.006984438,-0.99996257,1.0,0.0,0.0,0.4713782,-0.10641556,0.7186335,1.0370864,0.76719654,0.44929406,-0.06569415,-0.038030043,0.69545317,0.6214789,0.42579472,0.4291901,-0.01016119,-0.7111929,1.013302,0.02098332,0.080276154,0.041710738,-0.013987484,0.2583881,-0.22408818,0.074616484,0.3008859,0.060861237,5.4784565,-0.12586151,-2.7095752,8.347643,1.4200453,1.8829483,-5.5449824,4.2925105,16.087124,4.693414,0.15035468,7.9698577,-133.1588,-7827.0347,11583.631,479.50027,46.590027,-19.396317,105.118355,-536.6051,30.190582,-189.21214,-189.85947,39.42203
46,0.0,0.0,0.0,0.005097216,-0.006984438,-0.99996257,1.0,0.0,0.0,0.4941188,-0.10804159,0.70389074,1.0689608,0.7694874,0.44947055,-0.09331917,-0.026826836,0.72010815,0.6342417,0.47707596,0.4648732,0.17259535,0.2542481,-0.47316766,0.22183779,-0.033972368,-0.003985293,-0.17490335,0.24268638,-0.12502895,0.12190109,0.22927116,0.25384322,-2.3600397,-0.43001628,4.6028295,2.711829,7.693019,2.6575117,-6.9998546,1.9836735,6.9641595,6.970514,-0.7814457,3.3332653,183.132,3561.8206,-6128.844,223.46805,-249.01614,-32.89573,-511.15256,950.3208,-1024.0974,-140.29675,-162.34442,419.2274
47,0.0,0.0,0.0,0.005097216,-0.006984438,-0.99996257,1.0,0.0,0.0,0.50593305,-0.10383619,0.707276,1.0884386,0.7982365,0.45679668,-0.15132244,-0.026000392,0.71525383,0.6696762,0.515406,0.48920667,-0.0055084154,0.40599152,-0.021325458,0.036862124,0.24095848,0.040390305,-0.2886941,0.21473077,-0.15980166,0.231866,0.1598204,0.06810831,4.614827,3.00722,-2.5862982,7.699538,3.6161945,3.9188018,0.6719135,3.3573112,6.132719,3.3359427,-0.30569774,2.6934986,-480.9352,9214.021,-7381.435,-546.2578,340.45306,-0.045698166,-318.01453,2385.8096,-2013.8691,12.828712,-261.64133,-79.53052
48,0.0,0.0,0.0,0.005097216,-0.006984438,-0.99996257,1.0,0.0,0.0,0.52350116,-0.09020299,0.69473994,1.1117162,0.8288233,0.47588435,-0.1988646,-0.04311831,0.7204223,0.69279015,0.5381213,0.49484837,0.14016432,0.34488693,-0.13492426,0.15530466,0.09728771,0.09274494,-0.18021043,-0.14447218,0.067181535,0.052354544,0.08663645,0.019978035,0.88332283,2.863118,-0.68148565,7.2580605,6.7833476,2.2162287,-0.25675035,2.920922,7.841477,3.6750486,-0.38582915,3.0842657,1.1031308,3614.2825,810.2896,72.02019,-297.30328,-95.77074,505.3981,62.938995,109.41501,-520.979,-143.37967,-17.536118
49,0.0,0.0,0.0,0.005097216,-0.006984438,-0.99996257,1.0,0.0,0.0,0.52571213,-0.11417741,0.7211711,1.1374339,0.8614059,0.479553,-0.21465918,-0.0673031,0.7076448,0.702145,0.5468296,0.50212586,-0.05987654,-0.5602642,0.58413726,0.107779026,0.16696143,0.012239418,-0.08588528,-0.66955703,0.292491,-0.015724128,0.013004134,0.042239152,2.4496524,2.8098886,-2.5470505,7.6497626,4.887187,3.307937,0.56984514,3.070511,9.290342,4.7717614,-1.5155678,3.5788908,-263.78815,-3036.957,1512.9912,424.12756,32.443077,29.11126,503.5426,-5696.428,4579.6143,396.4504,-148.60028,-29.441925
50,0.0,0.0,0.0,0.005097216,-0.006984438,-0.99996257,1.0,0.0,0.0,0.5279518,-0.08673871,0.69834405,1.1685728,0.8780524,0.4914098,-0.20434777,-0.10036166,0.70089823,0.7189883,0.54309607,0.514237,0.027511029,0.3117514,-0.07598774,0.14983921,0.06983214,0.06239773,0.05926257,-0.14341548,-0.091018245,0.09520409,-0.04012307,0.06123078,3.5816436,0.76127326,0.17775764,7.088275,4.562446,4.3801637,-4.3003135,3.5011432,11.926547,6.340274,-2.194632,4.9871926,48.106697,4774.135,-19.839233,-35.5534,-9.403828,16.312885,-96.08851,-1480.2832,481.70786,-129.69672,-139.40051,-31.39119
51,0.0,0.0,0.0,0.005097216,-0.006984438,-0.99996257,1.0,0.0,0.0,0.5417939,-0.09923824,0.7016688,1.1930403,0.888597,0.51271105,-0.2055058,-0.086602144,0.72224,0.7428509,0.5280663,0.53729653,0.07948538,0.047523197,0.08405096,0.10534947,0.05206753,0.110360205,-0.11141119,-0.3490599,0.72990584,0.045462087,-0.10336482,0.13191676,2.5150075,2.5268583,-0.6047857,6.8579097,6.0401664,4.1559553,0.36000788,2.4633574,8.36041,3.7178776,-1.6118824,3.5495534,-8.834936,-1477.0842,6105.1436,-228.3271,3.4307308,-9.629402,-505.0403,-5608.444,9628.453,477.08093,-113.29199,-45.938675
52,0.0,0.0,0.0,0.005097216,-0.006984438,-0.99996257,1.0,0.0,0.0,0.54576284,-0.102810524,0.7068628,1.2008911,0.90857834,0.5318463,-0.2041031,-0.08786874,0.71968126,0.7598072,0.5034093,0.5496664,0.004628584,0.04840973,-0.31256562,-0.06954326,0.06642961,0.10077983,0.054415233,0.109459534,-0.24913922,0.06292944,-0.14051983,0.05775708,4.605073,1.8507464,-3.979321,6.6657844,2.0140176,3.5702214,0.831442,3.3101957,13.992847,5.8610473,-1.420378,5.3213277,-223.4294,7872.3315,-11081.027,-1226.4043,-334.95105,134.45357,37.554237,-593.59753,453.58072,-533.85547,-114.46362,8.379829
53,0.0,0.0,0.0,0.005097216,-0.006984438,-0.99996257,1.0,0.0,0.0,0.5657291,-0.14196135,0.7239881,1.1990722,0.8979485,0.54527146,-0.18677832,-0.084146254,0.6886311,0.78339326,0.47943348,0.5750111,0.12631294,-0.15374945,0.2629812,0.032102942,-0.08393677,0.06489902,0.17735909,0.6558776,-0.528521,0.2061524,-0.11146202,0.1346689,1.4346058,3.0627148,-0.6841725,6.4403996,8.197542,3.8666494,2.8447113,2.1811306,7.160366,2.8067656,-0.17063814,2.5021677,54.74236,10387.622,-8016.531,392.67502,16.907997,-14.489471,357.46967,15402.014,-13053.628,452.89148,32.310028,-30.766052
54,0.0,0.0,0.0,0.005097216,-0.006984438,-0.99996257,1.0,0.0,0.0,0.56765205,-0.09877686,0.70261675,1.1981117,0.9033326,0.5604717,-0.15663728,-0.09598824,0.7052165,0.7926761,0.4806908,0.58011925,-0.042666122,0.0042770333,-0.0038506524,-0.1033448,0.08698242,0.074031435,0.1257039,-0.34250042,0.21194144,-0.020510286,0.053437382,0.003484181,0.40177822,2.4664767,0.89142275,6.6585164,8.003437,2.6002984,-1.753843,2.4925318,6.970627,4.002819,-0.2550966,2.5388284,-57.255527,5730.3354,-10151.361,438.96844,370.56128,-35.3308,94.99564,-6741.885,7673.549,-526.5255,243.6304,-6.7158813
55,0.0,0.0,0.0,0.005097216,-0.006984438,-0.99996257,1.0,0.0,0.0,0.5494326,-0.09841015,0.6928904,1.1923712,0.93801695,0.5633752,-0.14461437,-0.088165745,0.7082804,0.7975272,0.50130934,0.58071357,-0.09353238,0.41067004,-0.71164864,0.045808334,0.20294993,0.009828333,0.03633293,0.38770163,-0.09260654,0.04712363,0.13639738,-0.0034418423,5.6288238,2.6485236,-2.3796039,7.941144,4.0891213,4.692632,1.1292962,3.3603587,10.825505,5.238202,-1.5814214,3.4903197,78.39878,3012.6477,-4599.2524,474.13757,-39.53444,-6.2277374,-220.38304,13526.64,-16990.678,283.0268,171.49121,-58.4983
56,0.0,0.0,0.0,0.005097216,-0.006984438,-0.99996257,1.0,0.0,0.0,0.5556911,-0.10229846,0.70176226,1.1991278,0.94595104,0.58259124,-0.12931685,-0.07751706,0.6833144,0.8177401,0.53282344,0.5895808,0.09167816,0.3358092,-0.5314429,-0.021154895,-0.037352156,0.12014101,0.1511572,0.622047,-0.6258091,0.1786635,0.16849107,0.043274514,3.1305494,3.3465388,-2.262689,7.5514145,8.349752,3.2197142,3.566141,3.5478354,7.7666354,3.8682063,2.7548068,2.6692343,388.7134,3479.101,-6095.064,-1017.80096,-38.222504,-25.180439,140.09598,11851.216,-11259.852,39.130066,47.72278,-43.216015
57,0.0,0.0,0.0,0.005097216,-0.006984438,-0.99996257,1.0,0.0,0.0,0.5622583,-0.106349275,0.6874654,1.1816453,0.9518453,0.59217143,-0.09045887,-0.07567954,0.73553836,0.82366145,0.5665073,0.591688,0.04133225,0.31427523,-0.578413,-0.017115856,0.10341778,0.029964512,0.25214627,0.7431721,-0.22595654,0.08966198,0.17336397,0.006688457,2.001773,3.6931603,-1.2812035,9.290884,11.327087,2.1405582,2.7658517,3.6772857,5.961024,2.3101604,3.6543458,2.2867703,-22.139456,5676.851,-8005.628,490.16037,401.23996,4.397789,-519.0047,7229.2915,-7711.3286,-176.73009,5.1940002,43.062824
58,0.0,0.0,0.0,0.005097216,-0.006984438,-0.99996257,1.0,0.0,0.0,0.5606594,-0.09312825,0.69240457,1.1878637,0.9936282,0.5879047,-0.06186978,-0.03551909,0.6980168,0.8234137,0.6029612,0.58922964,-0.01687199,0.4732184,-0.6921563,0.110033765,0.28082788,-0.028913215,0.059096005,-0.5374128,0.09844568,-0.08404189,0.18840647,-0.015163957,3.7654657,3.7122405,-2.105938,8.769794,9.5400505,2.7960262,2.8426194,3.9994364,8.23834,4.4180465,3.636979,2.6669717,74.49029,2871.816,-5564.5884,480.2867,377.35562,-33.07454,110.17283,-11886.083,6528.2227,-331.5874,48.56787,-61.285873
59,0.0,0.0,0.0,0.005097216,-0.006984438,-0.99996257,1.0,0.0,0.0,0.57179433,-0.11121,0.7276381,1.1801919,1.037937,0.59093255,-0.031018073,-0.07680791,0.7034886,0.82272375,0.6400134,0.58961713,0.07452666,-0.77654904,1.1111931,-0.109041266,0.24895342,0.01521449,0.22418605,0.6536444,-0.4401458,0.0942288,0.163871,0.0021588542,3.8310938,3.021804,-4.328078,7.749477,6.540259,4.6869884,3.198815,3.876545,10.047726,5.6054254,0.96783024,3.1364827,5.922173,-7923.6157,11499.365,480.7196,460.33853,15.176735,-184.32507,10775.061,-7244.0503,284.2496,-205.39783,16.682503
60,0.0,0.0,0.0,0.005097216,-0.006984438,-0.99996257,1.0,0.0,0.0,0.58653253,-0.10792513,0.7107482,1.1649941,1.0630872,0.60919946,0.00019523739,-0.08787915,0.69378364,0.84077895,0.6619413,0.59572995,0.07284131,0.08551066,-0.20161982,-0.026504073,0.1188123,0.104590535,0.16990274,0.05808595,-0.25183555,0.1180666,0.07991272,0.031978935,-1.674881,0.30959964,4.0625243,5.5962825,11.55954,3.2111187,-6.5316863,2.2728896,7.838454,6.539468,1.8905494,3.2009177,-52.19834,6700.329,-10888.929,447.69424,38.147224,-27.46154,-463.5727,-3263.134,2150.27,-552.3658,-168.22174,89.22119
61,0.0,0.0,0.0,0.005097216,-0.006984438,-0.99996257,1.0,0.0,0.0,0.5769999,-0.11267238,0.7163782,1.1682752,1.1098895,0.6158265,0.013199691,-0.092274986,0.708757,0.8640598,0.6691525,0.60274464,-0.12869391,-0.44513112,0.59908146,-0.0029728094,0.29774877,0.027935544,0.0069439993,0.15710823,-0.097245015,0.14900567,0.011191767,0.031686433,6.5040903,2.9924061,-0.8336349,9.732435,6.69725,5.9187007,-0.3107475,3.028459,8.148622,3.688798,0.29377943,3.4149303,-484.89752,-10652.253,16950.74,-225.82477,287.5548,-2.7570648,-466.95895,5728.0684,-9471.119,435.6358,-136.99149,-48.071613
62,0.0,0.0,0.0,0.005097216,-0.006984438,-0.99996257,1.0,0.0,0.0,0.5755884,-0.096832685,0.69107693,1.1650602,1.1331244,0.64014894,0.009123067,-0.09661464,0.7010628,0.877288,0.6641711,0.6116285,0.070487574,0.38962647,-0.59045744,-0.039877634,0.06347347,0.15576701,-0.0071953395,0.08284027,-0.19306426,0.044701498,-0.04529724,0.042993825,3.2585506,1.52249,2.417985,7.866338,7.868812,5.0689206,-4.432461,2.824376,10.083927,6.001855,-0.7335021,3.9843044,512.9539,4379.6333,-6751.029,-370.57913,136.72614,11.938805,-1.8754822,2666.9998,-3701.671,-281.0644,-119.65344,3.7515068
63,0.0,0.0,0.0,0.005097216,-0.006984438,-0.99996257,1.0,0.0,0.0,0.585604,-0.12015977,0.7309686,1.165255,1.1608565,0.66370064,-0.014135019,-0.09971373,0.7099217,0.89145553,0.6479064,0.6254873,0.04821871,-0.6869827,1.0327863,0.017140875,0.1544748,0.12115798,-0.19862756,-0.24895446,0.42208034,0.034587912,-0.10658919,0.07364052,6.251245,3.5471802,-1.5953064,8.587916,6.8031135,5.1220164,2.012595,3.39483,8.170724,3.6991816,1.7418766,3.5111284,-40.148045,-7942.7764,11871.505,487.02368,19.61092,-17.35634,-499.6667,-5530.4507,13111.049,-52.894115,-126.57272,6.148964
64,0.0,0.0,0.0,0.005097216,-0.006984438,-0.99996257,1.0,0.0,0.0,0.6153171,-0.12235973,0.73290956,1.1553718,1.176135,0.68727374,-0.029860985,-0.08925682,0.700828,0.89888084,0.6455215,0.6335219,0.18991469,-0.11222605,0.13031447,-0.017858995,0.10227332,0.11506214,0.0102551645,0.3465806,-0.328513,0.053723622,-0.0062443125,0.03843201,5.080852,0.93197405,3.1704462,6.8425035,6.0987763,4.215489,-6.017238,3.0555146,14.329464,8.870258,-1.8040702,5.1579213,81.68211,7382.837,-11468.105,371.83835,19.597763,-8.317522,499.09586,3885.0112,-5454.3413,-332.35422,-44.994965,34.498787
65,0.0,0.0,0.0,0.005097216,-0.006984438,-0.99996257,1.0,0.0,0.0,0.6420048,-0.105815895,0.7027608,1.1630758,1.1881379,0.69967186,-0.054748066,-0.10807321,0.71148205,0.91713536,0.63495827,0.6551347,0.123753265,-0.3716458,0.3195261,0.04856781,0.062668376,0.06316321,-0.22010925,-0.586147,0.6752848,0.078890614,-0.085230656,0.11972717,4.8171763,3.0582957,2.3429549,8.163493,9.235977,5.4400277,-1.0027186,1.6699786,7.834579,2.4100149,0.20036489,3.5702128,-20.979025,-9834.438,11182.521,458.15695,29.430859,40.339302,-458.46698,-372.907,6553.4937,460.16235,-149.57614,-49.482628
66,0.0,0.0,0.0,0.005097216,-0.006984438,-0.99996257,1.0,0.0,0.0,0.66703725,-0.104735404,0.7000133,1.1463221,1.2132628,0.7211384,-0.0708167,-0.08130201,0.71049595,0.92774475,0.6189115,0.6649891,0.1159688,0.0753414,0.20932153,-0.08013488,0.20172511,0.11667234,-0.044516526,0.0009361526,0.015771946,-0.0047364715,-0.079129174,0.03993952,8.512445,1.6992514,-1.5027927,8.695112,3.6576455,5.1299524,-0.63382685,3.653987,16.282675,6.312622,-1.1676669,5.879477,-116.85013,-2207.552,5297.694,484.38202,467.71417,-20.718521,163.56068,-675.0615,277.24545,-513.8092,15.09906,-64.90611
67,0.0,0.0,0.0,0.005097216,-0.006984438,-0.99996257,1.0,0.0,0.0,0.7131105,-0.07934012,0.7077606,1.148542,1.2258766,0.74118745,-0.07475602,-0.09504713,0.71612626,0.9422468,0.595219,0.69066817,0.28292,-0.005712532,0.052803665,0.06612623,-0.028514806,0.098922156,-0.015053722,-0.037098337,-0.050624765,0.121512674,-0.1406825,0.14852978,4.382327,2.9767416,2.472108,7.001776,8.84907,5.2978897,0.09587516,1.6201845,10.75851,3.9996133,-0.34323972,3.7675843,107.42761,-556.3296,395.29446,484.05725,-498.61264,-13.725922,-20.081947,402.0617,-682.8711,211.8278,-94.76404,0.57514954
68,0.0,0.0,0.0,0.005097216,-0.006984438,-0.99996257,1.0,0.0,0.0,0.74638593,-0.08358504,0.716099,1.1589652,1.2416131,0.76175874,-0.07127531,-0.09438808,0.7014551,0.9508418,0.5752579,0.6997932,0.09735757,-0.010534114,0.021340473,-0.007156716,0.13046335,0.094539694,0.014248999,-0.14741598,0.33911982,-0.043091673,-0.10181143,0.04075199,7.202086,3.7178576,0.8844347,8.129672,6.921798,5.930462,0.3831135,1.87804,11.470506,4.6879635,-0.5431251,3.032353,-307.3066,-754.91455,653.4646,-453.0899,279.36453,-130.53178,-112.86267,-5794.0767,12371.281,-511.4895,-19.644287,73.25788
69,0.0,0.0,0.0,0.005097216,-0.006984438,-0.99996257,1.0,0.0,0.0,0.78245664,-0.078368455,0.7139291,1.1532007,1.2595093,0.78966755,-0.06488498,-0.0953131,0.6929192,0.957013,0.55483973,0.6996316,0.19823715,-0.01809187,0.027087664,-0.03250138,0.091715105,0.13833936,0.04528374,0.16908188,-0.31892657,0.067904904,-0.09922013,-0.003318314,7.701078,3.3233182,-0.009007797,7.9310527,6.2670474,5.7060075,1.3387644,2.6625972,13.158348,5.5833063,-0.2545684,3.977147,24.576942,-655.59937,586.66785,72.66629,19.686003,-21.421335,223.36525,5950.815,-7401.5522,328.31717,27.510773,-18.642532
70,0.0,0.0,0.0,0.005097216,-0.006984438,-0.99996257,1.0,0.0,0.0,0.82661194,-0.07949857,0.72022057,1.1547102,1.2716362,0.8143268,-0.049633674,-0.07728679,0.71788996,0.96953785,0.537109,0.70870966,0.22101681,-0.01239153,0.053404044,0.046965186,0.061097946,0.118394725,0.066296645,-0.06498682,0.07083731,0.08035935,-0.08694751,0.048770275,5.170403,3.6792796,2.1793268,7.8192544,9.346645,5.1803784,0.5969354,1.6776133,8.982891,3.0519247,0.5719407,2.9533787,-22.299923,-1523.4836,1810.9392,485.90878,11.311133,-17.30719,132.58707,-1601.1858,391.00507,58.546745,8.688629,-3.2748642
71,0.0,0.0,0.0,0.005097216,-0.006984438,-0.99996257,1.0,0.0,0.0,0.8525004,-0.076305054,0.7183213,1.1608888,1.3039222,0.8318559,-0.041817047,-0.09016722,0.71484447,0.9706367,0.52818334,0.7072277,0.10097071,-0.012791792,-0.0087608555,0.028687045,0.18471824,0.08324968,0.0341044,-0.13646518,0.03090899,-0.03996299,-0.044447146,-0.0040705507,8.059957,3.617338,0.39518207,8.697817,6.549891,5.760799,0.45841014,2.4687405,12.659025,5.2166934,-0.062957704,3.3010702,91.120865,215.32297,-677.1269,-288.04718,-292.70755,-51.848763,43.13633,-889.53436,868.45764,-174.8443,1.2513733,2.1569366
72,0.0,0.0,0.0,0.005097216,-0.006984438,-0.99996257,1.0,0.0,0.0,0.8934219,-0.07753299,0.7184842,1.1643287,1.3185923,0.85519856,-0.03611186,-0.12636103,0.7354502,0.97466075,0.51323575,0.709821,0.230153,-0.00848995,0.03406839,0.00891048,0.05647945,0.11665117,0.016254462,-0.753101,0.94643223,-0.025571516,-0.08463136,0.017432472,6.884255,3.3684368,0.9988576,8.529243,7.899751,6.1504827,0.47865427,2.0924058,11.605989,4.702952,0.51695234,3.5413537,4.961239,-1312.3755,1541.9985,-238.53851,1.226532,11.857014,69.32587,-8492.997,16171.607,81.57744,-6.9908447,46.51613
73,0.0,0.0,0.0,0.005097216,-0.006984438,-0.99996257,1.0,0.0,0.0,0.92826325,-0.0785414,0.716973,1.1687838,1.3406689,0.8806264,-0.028921163,-0.089679964,0.6913315,0.98549545,0.5043752,0.7131214,0.16524298,0.084916435,-0.07415398,0.025221694,0.114113845,0.12584564,0.046773788,0.19213879,-0.27052668,0.06878132,-0.028664539,0.014767721,7.6149125,1.7467225,-3.067645,7.893246,2.8300946,5.1297097,2.8740554,3.9163256,16.99631,5.6259637,0.46897882,5.817923,-80.831375,1699.2308,-1332.7648,99.760254,37.466995,34.72064,352.1698,8162.161,-9783.043,360.51144,193.60753,-18.564636
74,0.0,0.0,0.0,0.005097216,-0.006984438,-0.99996257,1.0,0.0,0.0,0.9668165,-0.07849114,0.71886164,1.1773483,1.3338645,0.8952124,-0.0038336453,-0.084581345,0.7141042,0.99892604,0.49812445,0.73192865,0.18934068,-0.013309652,0.040779106,0.08109405,-0.120400585,0.07314455,0.13939239,-0.07382001,0.052184742,0.07935005,-0.032005988,0.1286758,3.4063888,3.725855,2.1408544,7.5178895,10.0549965,4.6469913,2.1509619,1.7815654,9.597665,2.7711904,0.9625173,3.1690326,-51.107567,-1351.5715,1632.6461,487.21906,-347.73328,39.468227,89.19887,-992.82385,244.4888,9.664107,-20.544739,57.194275
75,0.0,0.0,0.0,0.005097216,-0.006984438,-0.99996257,1.0,0.0,0.0,0.98606074,-0.078584746,0.7213835,1.1819574,1.3322029,0.90337306,0.017589573,-0.09484925,0.70554876,0.9994415,0.4965863,0.7351542,0.05810984,-0.062148698,0.094625436,-0.020475803,0.06727017,0.023978578,0.102269255,-0.11195131,-0.002955889,-0.049721085,-0.0073414403,-0.0019232755,7.4583964,3.8201003,0.27823454,8.5518,6.004986,5.655024,0.86557376,2.4938478,13.201061,5.1581826,-0.22564214,3.2510424,-111.65784,-851.1117,990.5176,-387.08838,401.4384,-74.852036,19.559263,-503.2821,382.2923,-344.45776,-1.4396667,-5.265152
76,0.0,0.0,0.0,0.005097216,-0.006984438,-0.99996257,1.0,0.0,0.0,1.0172971,-0.07877622,0.72033006,1.1835426,1.3384686,0.9205081,0.02669426,-0.10572025,0.7167926,1.0026022,0.49256924,0.7353993,0.18015772,-0.024818758,0.058678385,0.0022354391,0.029383097,0.09070909,0.017116321,-0.44081876,0.5480664,-8.445161e-05,-0.030552024,0.0051954533,6.466966,3.578181,1.5233907,8.319298,7.7899632,5.972084,0.30635488,1.9017828,11.967642,4.500058,0.5517815,3.4230218,71.315475,-1380.4427,1632.022,-193.05508,12.714489,-24.881004,-90.08169,-9851.965,12822.923,-194.889,-54.873474,32.843796
77,0.0,0.0,0.0,0.005097216,-0.006984438,-0.99996257,1.0,0.0,0.0,1.0434743,-0.07605139,0.718724,1.1864742,1.3579317,0.94048107,0.02944504,-0.09533075,0.70882636,1.008777,0.4875431,0.7371636,0.12470614,-0.015415164,-0.0048609683,0.009349356,0.106630065,0.09880922,0.012888091,0.0670883,-0.08943745,0.038974352,-0.025976235,0.008846763,8.025876,2.8250072,-0.92373383,7.9717402,4.6972165,5.398421,2.1547353,3.3525877,15.449563,6.0377173,-0.1837402,4.813997,-74.14293,196.3551,-638.914,27.760101,-8.002304,15.654381,50.451103,2685.5405,-4454.2876,102.26587,-12.4410095,4.5527344
78,0.0,0.0,0.0,0.005097216,-0.006984438,-0.99996257,1.0,0.0,0.0,1.0807164,-0.07705662,0.71801436,1.1920272,1.3559427,0.955544,0.04799551,-0.072835736,0.6897764,1.0269872,0.47763804,0.75065124,0.18782924,0.06123134,-0.06396457,0.059204645,-0.0371708,0.07500648,0.1072071,0.6524122,-0.5502043,0.12852648,-0.060927458,0.07412174,5.5246596,3.697067,1.9776077,7.628662,8.865231,5.467257,1.2996992,1.7376077,11.19009,3.9372113,0.9843585,3.4178672,-50.16404,-6.136902,-201.36606,488.0652,25.726675,-16.620375,-441.75336,1045.3997,-4204.128,-327.20023,-66.864044,19.329453
79,0.0,0.0,0.0,0.005097216,-0.006984438,-0.99996257,1.0,0.0,0.0,1.1022774,-0.076605886,0.72069883,1.1975459,1.3695507,0.9688217,0.057955064,-0.10094812,0.7103739,1.0297319,0.47662377,0.75271267,0.08696593,-0.044840038,0.06390916,-0.016466442,0.123077594,0.053326238,0.05008567,-0.23088193,0.15558961,-0.010056906,-0.0013442275,0.0070036845,4.7273145,4.092705,1.8006961,8.769886,10.688063,4.3378615,0.8475765,2.157444,8.467398,2.3784914,2.5890257,2.9089365,136.51396,-1123.014,1383.8827,-414.02777,301.0335,-103.47252,240.59042,692.5901,-1327.9644,106.89579,15.718384,-13.081306
80,0.0,0.0,0.0,0.005097216,-0.006984438,-0.99996257,1.0,0.0,0.0,1.109217,-0.07812814,0.7191195,1.1903483,1.4076602,0.96970993,0.064383775,-0.09483699,0.7072125,1.0168022,0.49096182,0.74933684,0.02650841,0.026794825,-0.04899743,-0.041661285,0.23362982,0.0049317293,0.024297908,-0.14732485,0.120345466,-0.08846048,0.07217013,-0.017536571,8.038803,3.3520586,0.11296292,9.3381605,6.397648,6.1337643,0.23744191,3.0180984,13.851996,5.4992146,0.4404629,3.5652175,-29.49504,324.9287,-350.1195,36.43799,236.86708,33.076385,234.45439,404.1805,-1342.0997,180.20512,14.891632,-21.210701
81,0.0,0.0,0.0,0.005097216,-0.006984438,-0.99996257,1.0,0.0,0.0,1.1371729,-0.07832283,0.7198399,1.1911815,1.4267108,0.9868554,0.06453946,-0.117279455,0.7252994,1.0148858,0.50072956,0.7520245,0.18289737,-0.04610403,0.06160624,0.008047296,0.033634055,0.10282587,0.0053206123,0.19344716,-0.4657937,0.074291915,0.039819576,0.011224382,6.888509,3.44468,0.73057866,8.914307,7.9674115,6.376645,1.0036261,2.4878547,12.533082,4.8796215,1.2640674,3.9350786,144.2676,-1035.2635,1346.9855,-193.4303,-47.0274,-44.87593,258.95035,12592.725,-24374.19,254.66087,-65.599976,11.516579
82,0.0,0.0,0.0,0.005097216,-0.006984438,-0.99996257,1.0,0.0,0.0,1.1628608,-0.07793999,0.72039765,1.1911856,1.4452288,1.0087323,0.07186227,-0.11013878,0.7199783,1.0197729,0.50465906,0.75929296,0.12641068,-0.07549821,0.08810609,-0.0068924353,0.1057204,0.10817673,0.038221914,0.21583603,-0.3226277,0.06530107,0.007965661,0.03426029,4.781282,3.5830636,2.6528094,8.486478,9.812674,4.9548726,-0.060617555,1.9610634,9.047726,2.7080717,1.4312062,3.0762415,28.360962,-668.7588,874.2904,-55.275574,16.808308,-16.974731,-65.55128,3418.8052,-6446.795,108.465355,-71.68173,30.696976
83,0.0,0.0,0.0,0.005097216,-0.006984438,-0.99996257,1.0,0.0,0.0,1.1720155,-0.07733263,0.71889615,1.1900095,1.4802347,1.0163674,0.068878904,-0.09728216,0.70111805,1.0144385,0.50574434,0.7584179,0.030493874,-0.031212503,0.0155618265,-0.014673612,0.17813271,0.023006422,-0.033036057,-0.17957897,0.11120925,-0.084627494,-0.0017962934,-0.0088736825,6.7025023,3.9586253,1.8211851,9.448401,8.940416,5.7708564,-0.70028937,2.2411523,10.567533,3.6434333,1.7168465,3.089116,100.463425,-515.43274,621.8314,-356.81195,-41.34102,-80.52249,-55.559296,-6929.5625,6945.5376,-437.72324,-24.43863,-47.09365
84,0.0,0.0,0.0,0.005097216,-0.006984438,-0.99996257,1.0,0.0,0.0,1.1928122,-0.079756185,0.7158182,1.1881136,1.5066309,1.0304036,0.059627704,-0.10772407,0.7134281,1.0056661,0.50769067,0.75708437,0.10512276,0.077351704,-0.07627289,-0.0019826388,0.130818,0.08102935,-0.044541292,-0.2881117,0.47327757,-0.072440885,0.0072376095,-0.0074724318,7.744125,3.362974,0.6078926,9.474506,7.3010125,6.524402,-0.05265342,2.661046,13.085593,5.0618815,0.9214601,3.7605834,-79.20883,1591.181,-1186.4056,107.85593,49.825333,65.44954,149.88591,-1861.8947,7841.483,285.70172,27.382324,-27.36972
85,0.0,0.0,0.0,0.005097216,-0.006984438,-0.99996257,1.0,0.0,0.0,1.2229044,-0.07700708,0.717587,1.1907624,1.5187432,1.0534712,0.056425534,-0.105596475,0.7098965,1.0107466,0.5037386,0.76172876,0.14386974,0.04294761,-0.039207242,0.044731494,0.057721365,0.11654993,-0.00662153,0.07109532,-0.26380202,0.083025604,-0.009378745,0.024477758,7.574559,3.3274305,-0.7407166,8.4016075,5.8728447,5.7786527,2.140684,3.46937,14.938875,5.776407,0.5815642,4.60375,-48.449898,-803.7336,462.462,489.0553,47.666664,-11.947319,216.53088,6947.6333,-11332.654,411.53564,108.369385,-20.209824
86,0.0,0.0,0.0,0.005097216,-0.006984438,-0.99996257,1.0,0.0,0.0,1.250461,-0.07593851,0.717432,1.1959814,1.5165131,1.0699836,0.07192435,-0.11296348,0.7247393,1.0231341,0.5023991,0.7742506,0.13277999,0.011989824,-0.035894983,0.026917193,-0.020095268,0.0776498,0.08159764,-0.47375318,0.74467283,0.0090155145,0.02213587,0.06606307,5.2701435,3.8234632,2.2531495,8.077483,9.5877495,5.236896,1.0542508,1.8529453,10.609156,3.4157305,1.4433081,3.4543858,-8.671207,-220.54916,-79.055786,18.83075,-17.372139,-18.504217,-66.89809,-10693.598,17434.775,-254.55052,255.39871,2.86792
87,0.0,0.0,0.0,0.005097216,-0.006984438,-0.99996257,1.0,0.0,0.0,1.2620335,-0.07708836,0.7190331,1.1952158,1.5306213,1.0777647,0.08067402,-0.08113331,0.7055286,1.0225905,0.515187,0.776649,0.034067906,-0.04143784,0.04989937,-0.019577002,0.121593274,0.029526094,0.032957375,0.20466314,-0.15637209,-0.021268236,0.07431891,0.010738763,7.912435,2.6411998,-2.2619817,8.574173,3.7940469,5.5653415,3.0212705,3.9881773,17.081844,5.993627,0.5091196,5.110531,74.92076,-1061.0204,1360.5151,-198.92734,271.26843,-70.794785,-63.55201,-1026.4475,-666.847,-244.04352,58.98697,16.211975
88,0.0,0.0,0.0,0.005097216,-0.006984438,-0.99996257,1.0,0.0,0.0,1.2872978,-0.077323474,0.71969223,1.1977202,1.5261067,1.0899764,0.102650195,-0.11749036,0.7182263,1.0313426,0.5321158,0.7922493,0.14426364,-0.03531922,0.04487517,0.021225637,-0.110209145,0.05993401,0.14300235,-0.014772291,-0.24100915,0.11211192,0.09652992,0.08097038,4.3277683,3.7336671,2.8407116,7.9033594,10.2128525,5.1498733,1.4203321,1.8582311,10.843937,3.320621,1.5684576,3.5471487,-21.744614,-420.66815,253.37253,110.61017,-448.34906,2.2687817,57.862984,6476.4736,-8200.496,354.48508,82.28467,-12.87764
89,0.0,0.0,0.0,0.005097216,-0.006984438,-0.99996257,1.0,0.0,0.0,1.2959672,-0.077400476,0.71914876,1.201898,1.5258572,1.0957388,0.11721537,-0.11669703,0.7313397,1.0338703,0.55321157,0.7955112,-0.005164825,-0.043205094,0.051541712,-0.013390045,0.054321643,0.012889077,0.08679437,0.3242928,-0.039592337,-0.005703078,0.10994009,0.008911515,7.151791,4.1515155,1.2568957,9.346762,7.855799,6.010631,0.12466468,2.2561407,11.929195,4.1251006,1.0696692,3.1904373,-167.50922,-1055.6731,1378.5558,-398.44598,286.39124,-100.38704,321.47748,15743.631,-12268.859,115.17737,19.110077,-31.117119
90,0.0,0.0,0.0,0.005097216,-0.006984438,-0.99996257,1.0,0.0,0.0,1.314314,-0.079570405,0.7218883,1.2006103,1.5399337,1.1083735,0.11635092,-0.12405891,0.72253823,1.0314585,0.5767529,0.79372436,0.1064676,-0.036739416,0.040775564,-0.007389637,0.07026786,0.064433604,0.015471305,-0.06935414,0.14571701,-0.0055685574,0.12221885,-0.013169928,6.607571,4.0951376,1.6185653,9.303937,8.702028,5.430137,0.5285579,2.4093752,12.337579,4.460066,1.9121242,3.6481586,-69.76817,-175.72253,-175.95679,65.311035,-54.751907,12.949402,426.69617,11847.518,-7725.701,385.5266,31.824036,-33.622337
91,0.0,0.0,0.0,0.005097216,-0.006984438,-0.99996257,1.0,0.0,0.0,1.3294938,-0.08085649,0.7197537,1.1990985,1.5610495,1.1155231,0.11657815,-0.09193922,0.7276792,1.0327443,0.60294724,0.7966372,0.080337234,-0.06809621,0.06763344,-0.014290853,0.109894074,0.032857414,0.0013983609,-0.30292878,0.3167208,0.007897873,0.13741492,0.016381597,7.4251513,3.6710446,0.5983143,9.470701,7.420588,5.960775,0.5912684,2.8904605,14.116957,5.2700047,1.103744,4.312227,99.606544,-925.4396,1415.177,-137.29953,32.699875,-27.64116,209.27095,791.26636,-2069.39,305.52676,55.117126,0.9581909
92,0.0,0.0,0.0,0.005097216,-0.006984438,-0.99996257,1.0,0.0,0.0,1.351083,-0.07364967,0.71664214,1.2002171,1.5715604,1.1285695,0.11764349,-0.11868349,0.7189501,1.0420893,0.6277306,0.8060702,0.10379924,0.05558451,-0.059690204,0.015536198,0.046688404,0.06558153,0.009471613,-0.56997937,0.6972166,-0.01067968,0.08766984,0.05235062,7.538055,3.365988,0.23164274,9.004461,6.9319115,6.0826507,1.1999964,3.1807742,15.149849,5.522237,0.81794745,4.9899497,-3.9993896,-645.9016,88.891754,61.566223,-30.397713,-36.84746,195.66904,-3267.9097,11295.517,299.0747,-202.0333,-34.952137
93,0.0,0.0,0.0,0.005097216,-0.006984438,-0.99996257,1.0,0.0,0.0,1.3734752,-0.07991329,0.720652,1.2029246,1.5767727,1.1422858,0.12458941,-0.11067647,0.7101065,1.054135,0.6354417,0.82187337,0.11047154,-0.027621081,0.0049615814,0.016677918,0.023410065,0.0678665,0.025498737,-0.38953146,0.27114943,0.039879993,0.003511569,0.08187883,7.136739,2.7410238,-1.8094835,8.228627,5.0162253,5.603099,3.0989406,4.0803037,16.897625,6.0381117,0.42991775,5.711196,30.987991,-348.10693,325.39957,-27.222412,-14.472321,-39.070316,31.488186,-4809.2017,5341.121,48.738052,-188.07495,2.8783379
94,0.0,0.0,0.0,0.005097216,-0.006984438,-0.99996257,1.0,0.0,0.0,1.3910277,-0.07809494,0.7185691,1.2068805,1.5664238,1.1522801,0.14729019,-0.104044996,0.7115182,1.0712827,0.6265453,0.8445503,0.090211794,-0.049991544,0.06759659,0.010142726,-0.060784817,0.04478392,0.11927704,-0.2103832,0.041049853,0.08724334,-0.07159813,0.11321264,6.319654,3.6490083,0.46901852,8.088302,7.4243445,6.119332,2.2946444,2.806408,15.3815365,5.2559733,0.76042646,5.0290966,18.003632,-722.3491,826.0322,-97.46948,2.3643494,-17.166706,-28.415485,-2742.9023,1269.6797,-107.00475,-103.00125,4.736416
95,0.0,0.0,0.0,0.005097216,-0.006984438,-0.99996257,1.0,0.0,0.0,1.4011456,-0.07876252,0.7184736,1.2080942,1.5714158,1.164759,0.16482864,-0.0906732,0.6990404,1.0822088,0.61555415,0.8604087,0.0519444,-0.04113415,0.048415657,-0.0032133025,0.04892171,0.061202522,0.079225115,0.014370841,-0.09392255,0.045688253,-0.054270457,0.07798984,6.885801,4.046638,1.4614515,8.349234,7.8177514,6.5321,1.3088602,2.066009,14.266974,4.837997,0.648256,3.9459882,87.526375,-974.6382,1286.6472,-168.1084,24.04383,-16.810791,33.45224,-1392.5159,1285.874,-124.449394,-0.6232605,1.9097157
96,0.0,0.0,0.0,0.005097216,-0.006984438,-0.99996257,1.0,0.0,0.0,1.4156935,-0.08067892,0.7198563,1.2083281,1.5847385,1.1813209,0.17133369,-0.0845673,0.6986986,1.0865539,0.6039134,0.86590487,0.07531411,-0.04248763,0.04748112,-0.0018603692,0.06606445,0.07979974,0.013556196,-0.3892958,0.30194277,0.0011220269,-0.058491755,0.023307968,7.032885,4.2116055,2.0573816,8.719407,8.865536,6.487654,0.61299026,1.8295875,12.783846,4.3733454,1.4341028,3.3475165,18.139122,-568.537,577.59424,-54.556366,-7.2021866,-18.201523,165.5557,-5730.396,4024.6594,180.03317,20.903168,-14.825005
97,0.0,0.0,0.0,0.005097216,-0.006984438,-0.99996257,1.0,0.0,0.0,1.4309707,-0.07850102,0.71807206,1.2080775,1.6071143,1.1973985,0.17067929,-0.10016726,0.701091,1.0868193,0.6001663,0.86456126,0.07480453,-0.01588544,-0.017459562,0.0017822649,0.1139851,0.078353636,-0.021816093,-0.53541774,0.32780376,-0.024529967,-0.018919205,-0.0047590057,8.4974785,3.7982755,0.47352612,8.891175,6.6332073,6.7808094,1.204876,2.8959093,15.633283,5.6576858,0.75621885,4.1060348,-2.9474945,-35.782684,-118.17061,26.618225,4.679184,-13.0593605,163.55756,-6329.976,4528.795,188.58023,21.209015,0.4282788
98,0.0,0.0,0.0,0.005097216,-0.006984438,-0.99996257,1.0,0.0,0.0,1.4585259,-0.08142652,0.71948636,1.212103,1.6118405,1.2166787,0.17698774,-0.07594485,0.688936,1.0966345,0.591156,0.8692284,0.14692025,-0.054210473,0.064335585,0.01760145,0.008214551,0.09312884,0.053311497,0.6864313,-0.35978827,0.075152956,-0.045841146,0.0236247,7.747105,3.6080024,0.38622636,8.57566,7.0553174,6.8110642,1.7770935,2.9625263,15.613672,5.497936,1.023108,4.6213164,83.69982,-973.86505,1345.355,-150.83694,32.95188,-37.899967,81.89224,12086.161,-6127.4697,187.35356,18.122131,23.634483
99,0.0,0.0,0.0,0.005097216,-0.006984438,-0.99996257,1.0,0.0,0.0,1.4792694,-0.07900996,0.7190665,1.215397,1.6169951,1.2356751,0.18656932,-0.0830634,0.69433343,1.1066247,0.5843873,0.8783957,0.09757803,0.02029215,-0.036652315,0.0205859,0.024683828,0.09569592,0.035117853,-0.11035122,0.09718155,0.036002677,-0.034641802,0.049756017,4.72638,4.223979,3.02502,8.5534,11.490858,4.6666665,0.9942056,2.0342002,10.498032,2.8669362,3.0703113,3.2982159,-19.89301,245.82475,-361.063,43.009125,-2.9896774,8.354937,-239.37466,-10787.566,7202.0874,-257.71832,-11.7552185,8.996353
100,0.0,0.0,0.0,0.005097216,-0.006984438,-0.99996257,1.0,0.0,0.0,1.4802858,-0.08065671,0.7195879,1.2122773,1.6428068,1.235844,0.18852371,-0.12008587,0.7255417,1.0968281,0.5962466,0.8757009,-0.040477127,-0.027372137,0.05262621,-0.04273744,0.19704702,-0.021975426,-0.0055775256,-0.81263345,0.72626954,-0.11140322,0.06290874,-0.017736584,8.233377,4.174722,0.5559291,9.652471,7.2649703,6.7734594,0.7928568,2.8510232,14.814623,5.417277,1.3413436,3.5478377,-83.19963,-1290.9027,1594.1716,-332.6851,355.12512,-106.01412,174.69965,-8604.795,8705.009,49.121243,9.251923,-14.020233
101,0.0,0.0,0.0,0.005097216,-0.006984438,-0.99996257,1.0,0.0,0.0,1.4955305,-0.0768572,0.71746063,1.2136058,1.6589787,1.2503113,0.18957081,-0.12175435,0.7462016,1.0944556,0.59871185,0.8758097,0.11710142,-0.006662442,-0.024206948,0.034005802,0.029860873,0.09084862,0.002375963,-0.14873065,0.063741155,0.03344582,-0.016494183,-0.0016001298,7.853841,2.801523,-0.9901369,8.821532,5.703054,6.5974183,2.059955,3.999953,17.585875,6.4181495,1.1424553,5.5168858,68.92792,172.89285,-495.78964,25.34491,-150.62366,7.3251266,221.44312,7547.7944,-14659.233,314.8814,-108.1008,-17.257933
102,0.0,0.0,0.0,0.005097216,-0.006984438,-0.99996257,1.0,0.0,0.0,1.5159643,-0.0830908,0.7183793,1.2184218,1.6517504,1.2662009,0.20154214,-0.10367897,0.70184225,1.1088201,0.5923687,0.8918609,0.1044243,-0.06224343,0.05003616,0.016340328,-0.04156833,0.07551613,0.08249106,-0.11073687,0.2872812,0.07141839,-0.030217966,0.089827865,6.2471547,3.9811518,1.6796751,8.4184,8.832394,6.3520603,1.7868055,2.218646,14.295689,4.828447,1.6123447,4.2999406,69.27552,-812.59717,1352.5437,-180.78522,40.23956,-28.645678,133.29448,8113.9146,-5548.881,410.40817,38.833252,-44.202747
103,0.0,0.0,0.0,0.005097216,-0.006984438,-0.99996257,1.0,0.0,0.0,1.5225811,-0.08511336,0.7118626,1.2187134,1.6622167,1.2776783,0.21128878,-0.086416975,0.7133531,1.1151277,0.59094894,0.8976317,0.021484071,-0.027097797,-0.007849812,-0.011763254,0.10150441,0.056421,0.046901148,0.030239983,-0.07742324,0.0271199,-0.006059223,0.02334245,8.126137,4.1800685,0.87265635,8.699114,7.0784655,6.418425,1.6802809,2.7321367,16.046022,5.5711484,1.0519857,4.1475363,16.506416,-649.3955,1070.7834,-95.53403,87.421715,12.757164,10.398663,553.40375,-1299.0062,-109.35266,-8.282288,17.24076
104,0.0,0.0,0.0,0.005097216,-0.006984438,-0.99996257,1.0,0.0,0.0,1.5420421,-0.09217375,0.7118943,1.2214485,1.6680834,1.2895983,0.21941498,-0.096910216,0.6993073,1.1251086,0.58501756,0.90083736,0.10795913,-0.06560318,0.046141148,0.016890693,0.019388195,0.058454063,0.040717203,-0.06504168,-0.070617035,0.050806273,-0.031233942,0.015225879,6.987342,4.2422066,2.3362784,8.809281,9.642319,6.538064,1.0173184,1.939179,13.073767,4.4031377,2.1686485,3.6101227,7.177475,-269.0637,431.7525,-10.153717,-2.2446337,-10.15131,-1.6654437,-423.21774,874.6089,-27.22261,7.07843,-13.485092
105,0.0,0.0,0.0,0.005097216,-0.006984438,-0.99996257,1.0,0.0,0.0,1.5531461,-0.08939647,0.6899178,1.2230157,1.6897062,1.3013853,0.2207702,-0.10814902,0.71229625,1.1246568,0.58934295,0.89875,0.043307424,0.24222589,-0.3666827,0.012768926,0.1395785,0.063249156,-0.0009182865,-0.49706098,0.3523073,-0.026459975,0.021412736,-0.008989592,7.8695283,4.203159,1.877238,9.326694,8.612131,6.6996293,0.23360719,2.2241292,13.824399,4.6645646,1.7277057,3.4919448,-161.20146,4507.727,-4968.388,184.40701,9.0922165,96.646126,175.95906,-3683.52,4042.4924,157.99626,15.700958,10.90242
106,0.0,0.0,0.0,0.005097216,-0.006984438,-0.99996257,1.0,0.0,0.0,1.5712259,-0.10597434,0.72273934,1.2221671,1.7079087,1.3166512,0.21480918,-0.13399056,0.74662024,1.123346,0.5896225,0.89555883,0.1072034,-0.19424304,0.530272,-0.06413224,0.08464297,0.06465431,-0.029900534,-0.96725714,1.2086983,-0.047182873,-0.002753176,-0.013591493,8.124405,4.0540113,-1.3691409,8.992299,6.43705,6.9213233,3.203953,3.86186,15.71814,5.9532347,2.0399177,4.297421,173.89798,-4474.472,5540.7603,-652.6454,-89.2679,-206.14569,164.2361,-6306.16,12748.825,192.58711,18.92218,-29.242638
107,0.0,0.0,0.0,0.005097216,-0.006984438,-0.99996257,1.0,0.0,0.0,1.5893304,-0.050726347,0.70423913,1.2244352,1.706532,1.3326689,0.23019786,-0.09797543,0.7026967,1.1334511,0.59258825,0.9003181,0.088148534,0.054903742,-0.0184591,0.06491678,-0.019476926,0.07831981,0.10326717,-0.65891415,0.41811118,0.03964151,0.012018993,0.030188132,7.7622857,1.6498697,-0.7623899,9.135565,5.1110272,5.110312,1.4428122,3.8622537,21.615643,6.674332,2.399332,7.9517035,14.339576,-870.00867,656.66907,490.4269,7.369171,-9.01819,360.439,-3535.8105,3028.1646,454.5244,33.79715,-10.946892
108,0.0,0.0,0.0,0.005097216,-0.006984438,-0.99996257,1.0,0.0,0.0,1.6046087,-0.056073505,0.7154689,1.2337152,1.6910653,1.3344893,0.23807067,-0.07403521,0.70158494,1.152212,0.59848094,0.9261264,0.07514731,-0.007921378,0.05398942,0.013136119,-0.08201915,0.001886707,0.010709631,-0.013362685,-0.003791589,0.091587655,0.028204685,0.19027029,6.4697413,3.366673,0.31105274,7.9667253,6.869778,6.1739545,2.406491,3.130633,17.321203,5.4350214,0.91567105,5.7502036,-37.843548,756.2929,-331.008,-215.52606,-8.363483,17.04554,25.7957,-8509.556,5947.714,-209.93684,-19.20636,334.77118
109,0.0,0.0,0.0,0.005097216,-0.006984438,-0.99996257,1.0,0.0,0.0,1.6080712,-0.04639404,0.717855,1.2340323,1.6890821,1.3426657,0.25088936,-0.09840657,0.69795847,1.1616362,0.5943743,0.9459819,0.0039672623,0.107899025,-0.060820352,0.004834798,0.00095951586,0.045919377,0.060439415,-0.45330048,0.17663273,0.021144861,-0.04393101,0.08913453,6.4062595,4.426468,2.4449692,8.160443,8.928373,6.4868646,1.5991222,1.7776561,14.311297,4.4906163,1.6412733,3.6123686,-65.14525,767.598,-1174.5875,102.095795,-25.249517,18.81556,-5.0046473,-7807.5454,6411.6196,-37.01657,-31.480042,-10.974014
110,0.0,0.0,0.0,0.005097216,-0.006984438,-0.99996257,1.0,0.0,0.0,1.6095331,-0.031197587,0.71743965,1.2327243,1.703713,1.3537508,0.25732175,-0.1052881,0.7102557,1.1602644,0.5929404,0.9450732,0.0038917034,0.116527215,-0.05653418,-0.003980176,0.09350428,0.058994055,0.021982605,-0.36675265,0.32646564,-0.026830232,-0.0075176046,-0.015991405,8.1263485,4.3457494,0.89779854,8.930171,7.384316,7.3792725,1.7138313,2.5509534,15.757892,5.379963,1.462322,3.769318,-14.065018,295.5853,-454.30936,32.98764,16.833496,10.541996,51.59188,-4918.0073,4218.106,140.78021,16.960175,-8.346283
111,0.0,0.0,0.0,0.005097216,-0.006984438,-0.99996257,1.0,0.0,0.0,1.6255399,-0.022274282,0.7190675,1.2352735,1.7084677,1.3736328,0.26379135,-0.11428598,0.73612756,1.1639532,0.5899155,0.9433312,0.086254045,0.069502175,-0.043349314,0.021022884,0.015716014,0.10147822,0.028746387,-0.8509164,0.91982746,0.0005937824,-0.01716823,-0.0068850066,7.758938,4.120951,0.8083904,8.810101,7.718751,6.8789916,2.0547233,2.8426723,16.238665,5.6088977,1.8388717,4.365668,-27.94247,445.32306,-786.12524,70.79733,-2.9490128,8.870529,127.15558,-6152.262,8824.558,166.04298,14.064514,-4.228531
112,0.0,0.0,0.0,0.005097216,-0.006984438,-0.99996257,1.0,0.0,0.0,1.6396403,-0.023300398,0.7152741,1.2361959,1.7148077,1.3886998,0.27408263,-0.10445694,0.71544695,1.1724356,0.5906317,0.94718766,0.06463834,0.13083816,-0.17296664,0.024622634,0.039455734,0.075620845,0.050077017,-0.37251464,0.6733478,0.011559873,0.001557737,0.021575116,7.590214,2.5287387,-1.9681957,8.587875,4.987821,5.948045,3.8069186,4.195898,19.500723,6.1688685,1.7795551,6.0008025,-101.76,1224.2595,-1290.4979,490.9872,36.519165,-40.41893,-42.064774,-3964.8127,6530.6733,317.68314,28.375885,-22.789452
113,0.0,0.0,0.0,0.005097216,-0.006984438,-0.99996257,1.0,0.0,0.0,1.651204,-0.037059788,0.7219673,1.2397317,1.7013755,1.3954018,0.29899928,-0.078572966,0.6941455,1.1864091,0.59088266,0.96474487,0.055730548,-0.03559644,0.023736734,0.0057869186,-0.09115226,0.032781415,0.15110767,0.55412453,-0.2419885,0.07869204,0.0018965964,0.09827684,6.930843,3.6652274,-0.88216573,8.038485,7.044763,5.778929,4.2642355,3.9002938,18.26017,6.0747933,1.6983869,5.370643,-75.48204,1656.0675,-1167.6978,67.78842,0.50368357,17.255417,107.22711,13409.454,-6701.2207,146.04756,15.059662,-10.441185
114,0.0,0.0,0.0,0.005097216,-0.006984438,-0.99996257,1.0,0.0,0.0,1.6551906,-0.01877796,0.70571566,1.2439889,1.6997442,1.3996961,0.32881024,-0.100857414,0.7100451,1.1986943,0.5937593,0.9782535,0.019602513,0.06112237,-0.04072809,0.018472807,0.0075076143,0.023238068,0.15475558,-0.22898379,0.435075,0.039747566,0.030575544,0.06839656,5.157142,4.63143,3.3069978,8.201723,11.687637,5.1646647,2.262965,1.8868423,12.04754,3.2940397,3.2312758,3.1561117,32.17629,-324.88382,516.01904,-195.1748,35.268154,5.2790527,-20.19658,-5784.803,11227.105,-179.95917,63.885376,2.10878
115,0.0,0.0,0.0,0.005097216,-0.006984438,-0.99996257,1.0,0.0,0.0,1.6455857,-0.06838508,0.71971345,1.2394692,1.7181194,1.3964667,0.34146097,-0.084994815,0.68294525,1.1942722,0.61401075,0.9725525,-0.06224021,0.023532648,-0.02562361,-1.6353335e-05,0.16104916,-0.0137432935,0.045250885,0.34691337,-0.508664,-0.049002696,0.11226455,-0.043462478,9.24574,4.423345,0.035931274,9.250201,6.4895425,6.951828,2.0358999,3.4861708,17.444685,6.192887,1.6794555,3.7401247,44.113895,972.81616,-707.71155,-252.17868,271.22186,19.105877,0.42872876,5457.1523,-7056.185,-188.17365,41.974915,-0.94942856
116,0.0,0.0,0.0,0.005097216,-0.006984438,-0.99996257,1.0,0.0,0.0,1.658407,-0.05410857,0.7167132,1.2436582,1.7263788,1.4118751,0.34831864,-0.09266414,0.70946354,1.1949941,0.63269466,0.9683571,0.12706172,0.06257539,0.0031770722,0.028722212,-0.008955257,0.09122415,0.02880235,0.028987115,-0.098149106,0.057442743,0.06209621,-0.020203156,4.8711944,3.988087,3.9480543,10.00355,13.887896,5.542623,1.1933824,2.2756238,10.259269,2.0881097,4.3537145,3.1347604,194.84503,-73.91098,89.0636,23.03479,-82.56692,-6.9999084,-3.5784965,-1775.5825,24.279938,296.83737,-196.42966,57.409798
117,0.0,0.0,0.0,0.005097216,-0.006984438,-0.99996257,1.0,0.0,0.0,1.6617882,-0.042043235,0.719223,1.244429,1.7504487,1.4164517,0.34728116,-0.06732113,0.6902913,1.1892391,0.65608084,0.95901525,-0.05479316,0.08811797,-0.02283135,-0.0060949326,0.20520794,0.0052144444,0.004749799,0.8459749,-0.33229312,-0.07894408,0.117898226,-0.048857357,8.409662,4.4155736,1.374469,10.352197,8.813158,6.6114774,0.06587137,2.9307275,14.451562,4.8706493,2.4400933,3.328795,-424.1725,231.98907,-311.57394,-57.66681,481.42404,0.78652954,-69.35521,10597.902,-5803.4824,-510.1247,-13.083862,-21.885277
118,0.0,0.0,0.0,0.005097216,-0.006984438,-0.99996257,1.0,0.0,0.0,1.6732898,-0.027891822,0.7190356,1.2478479,1.7727969,1.4278761,0.33465362,-0.096965335,0.7022325,1.1848866,0.6701476,0.95112485,0.091611005,0.036118608,0.027663818,0.023196915,0.09022449,0.057815757,-0.06480318,0.18983664,-0.48843318,0.025762865,0.043467794,-0.03834797,5.608355,4.226236,2.9105499,10.635847,13.937363,5.0023274,0.97941935,2.8726783,11.190074,2.952156,5.5445976,3.811802,44.482643,-549.2428,675.51526,-10.626801,-19.75494,-19.964607,12.462436,5779.19,-8269.213,59.712284,-152.25677,9.73848
119,0.0,0.0,0.0,0.005097216,-0.006984438,-0.99996257,1.0,0.0,0.0,1.6718765,-0.030728323,0.7260651,1.2487646,1.8182104,1.426126,0.33101392,-0.08903183,0.69930613,1.1731507,0.70132166,0.94825363,-0.051455945,-0.26202866,0.16676028,-0.011216272,0.3171447,-0.022550074,-0.016743159,0.3484655,-0.39454606,-0.066715844,0.16841659,-0.0145291155,6.6141167,4.061202,2.9390206,10.426178,12.04027,6.1133,-0.46790802,2.6689131,11.444824,3.3504293,3.7286022,3.463821,-20.284813,-3821.6162,1981.9248,-135.8765,499.8361,-9.0099945,35.460613,3243.087,-3756.5925,-258.25998,-33.180664,26.149643
120,0.0,0.0,0.0,0.005097216,-0.006984438,-0.99996257,1.0,0.0,0.0,1.6721218,-0.022003012,0.7213092,1.2581631,1.8671145,1.4315988,0.31480122,-0.10016962,0.71237,1.1579658,0.7203219,0.94245625,0.0084386235,-0.0039206464,0.06274625,0.033756822,0.22833161,0.034080785,-0.09025019,-0.12897629,0.14254962,-0.07050874,0.061296094,-0.029929658,7.1018753,3.7875168,3.563672,10.721094,12.227797,6.84606,-1.5446552,2.5894053,11.308513,3.407625,3.9808004,3.6443677,17.592232,-186.65875,325.7023,-332.79544,-76.70732,20.453949,-26.659248,159.76837,-3027.5447,289.0883,-10.281616,-25.13704
121,0.0,0.0,0.0,0.005097216,-0.006984438,-0.99996257,1.0,0.0,0.0,1.6774733,-0.026374321,0.7172811,1.2636758,1.9133093,1.4443097,0.28791532,-0.09065719,0.6949463,1.1459035,0.7348557,0.9381941,0.024802564,0.06148204,-0.11797326,0.04700125,0.2258259,0.058051117,-0.124320306,0.2303038,-0.03477845,-0.07685484,0.0678373,-0.015843866,8.73815,3.757787,1.2894899,10.839743,8.807558,7.350824,-0.9178897,3.093465,15.416227,5.4890723,2.2366416,4.3303876,-94.37154,2055.7734,-1978.14,492.15353,-31.701168,-57.833523,45.16455,-942.20087,7733.3735,-301.83594,-69.262115,35.10376
122,0.0,0.0,0.0,0.005097216,-0.006984438,-0.99996257,1.0,0.0,0.0,1.6968944,-0.02326215,0.7212354,1.2735344,1.934231,1.462343,0.26715434,-0.082631215,0.70008594,1.1453222,0.734805,0.94095,0.099756315,0.03547901,0.013208412,0.02889512,0.05739188,0.09056079,-0.114919305,-0.14641932,0.18063319,0.023264432,-0.018505914,0.014579554,7.2594953,4.157929,2.039077,10.03205,10.77697,6.475944,0.730718,2.6566129,13.145591,4.4420204,3.3155038,4.325989,-80.71141,508.06137,-660.44916,-111.09296,-53.661858,-6.0446167,-196.3907,-10403.369,6360.1694,14.727669,-13.772888,-15.097137
123,0.0,0.0,0.0,0.005097216,-0.006984438,-0.99996257,1.0,0.0,0.0,1.704232,-0.025272544,0.7163305,1.2746748,1.9620788,1.4710506,0.2605031,-0.109636895,0.7196765,1.144344,0.741464,0.94361454,0.026241735,0.083313845,-0.13311648,0.011462477,0.14886852,0.04158496,-0.014202492,-0.43123046,0.59270334,-0.05600511,0.030534683,0.017342774,8.112596,4.0850887,1.1827952,10.045001,8.506319,6.8599076,0.42732704,2.9420009,16.131113,5.629522,1.9056537,4.710956,-33.014748,899.60535,-547.45447,117.592834,-64.51266,-22.478981,48.939636,-10921.103,18102.19,-349.9709,-16.569305,9.831207
124,0.0,0.0,0.0,0.005097216,-0.006984438,-0.99996257,1.0,0.0,0.0,1.7172813,-0.021059942,0.71974,1.2793263,1.9734943,1.481184,0.2546314,-0.103040405,0.7091939,1.1506048,0.7367475,0.9495497,0.06631049,0.0007410235,0.060654867,0.011327967,0.03629532,0.04872527,-0.032514635,0.2799905,-0.4622367,0.07100296,-0.031876504,0.028890017,8.328335,3.861961,-0.70862794,9.415447,7.1670594,7.0172324,2.4709778,4.026226,17.874043,6.4063754,1.8738334,5.575072,-1.8124733,-121.770905,217.01358,-90.440216,-1.2199135,-2.4707165,7.5663886,3660.7742,-6409.145,3.7392693,-31.240494,74.047104
125,0.0,0.0,0.0,0.005097216,-0.006984438,-0.99996257,1.0,0.0,0.0,1.7319081,-0.026411777,0.7177083,1.2813336,1.9693768,1.4931614,0.26559094,-0.09363925,0.7077975,1.1658903,0.7296352,0.9635061,0.071415804,0.040553283,-0.080407046,0.01381169,-0.027802913,0.058268506,0.066878945,0.012003568,-0.0731319,0.09292201,-0.034466486,0.07102671,4.6343803,4.03954,4.08153,9.194426,13.172129,5.3888326,0.6232356,2.0281496,11.290324,2.638083,3.5206394,3.9014058,-36.803196,281.51532,431.71405,81.57144,4.2341385,-36.389523,-18.4652,-1393.9034,-490.86508,-92.02523,-14.272018,15.357666
126,0.0,0.0,0.0,0.005097216,-0.006984438,-0.99996257,1.0,0.0,0.0,1.723956,-0.021398472,0.71808,1.2805864,1.9905083,1.4895575,0.2633304,-0.10354452,0.7097425,1.1661767,0.7379416,0.9624029,-0.10356642,0.10799763,-0.10026504,-0.002062314,0.18923043,-0.026416188,-0.024888305,0.3206497,-0.49133465,-0.037862625,0.04708075,-0.012333079,8.70271,4.6516805,1.1557696,10.463861,8.95627,7.2526298,0.49113286,2.8489137,14.959546,5.0989814,2.4529586,4.0095696,-303.01114,1102.3469,-1604.8016,74.78958,438.83182,20.517696,27.479116,3206.876,-5296.348,-510.65262,-33.18605,28.664505
127,0.0,0.0,0.0,0.005097216,-0.006984438,-0.99996257,1.0,0.0,0.0,1.7298743,-0.030355472,0.7179773,1.2847537,2.0068576,1.4997547,0.25790665,-0.09936152,0.70782197,1.16651,0.7376764,0.96115106,0.09250166,0.0010542588,0.0060765287,0.03886543,0.04995435,0.06364887,-0.029706273,0.19043696,-0.3725751,0.04418105,-0.004733115,-0.0073379385,5.9633536,4.1013722,3.4226072,10.765413,14.096607,6.0134845,0.8284339,2.5345106,10.994654,2.7481189,4.8088017,4.166159,115.01236,116.79706,383.16977,-191.36041,-12.979189,91.30256,34.47592,5480.1035,-9117.582,62.597122,-7.3000336,18.231613
128,0.0,0.0,0.0,0.005097216,-0.006984438,-0.99996257,1.0,0.0,0.0,1.728348,-0.02454639,0.7194034,1.2851845,2.0424736,1.5002894,0.25581434,-0.078487456,0.7111084,1.1558627,0.75632674,0.96221006,-0.04275044,0.046264555,-0.008974645,-0.010621005,0.26013276,-0.004577638,-0.01363485,-0.09285496,0.15931772,-0.09185867,0.10440667,0.007391514,7.5525,4.3616414,2.455319,10.674155,11.391474,6.6210113,-0.6458684,2.7177548,12.577543,3.9265847,3.517916,3.9044008,-29.79639,222.20673,-322.78934,-50.7406,428.50525,-26.244125,154.71136,13.175751,-943.4726,-24.833614,1.8361816,-0.09069061
129,0.0,0.0,0.0,0.005097216,-0.006984438,-0.99996257,1.0,0.0,0.0,1.7338468,-0.026288718,0.7187432,1.2851278,2.0769422,1.5065297,0.24069333,-0.089843765,0.7088183,1.1479572,0.7672617,0.96125203,0.036397215,0.11069006,-0.17524163,0.005795996,0.15763877,0.0332511,-0.0805734,0.27507186,-0.49565688,-0.009680378,0.04374062,-0.0063975453,8.618739,4.0677505,1.2438666,10.991334,9.671377,7.613829,-0.20620309,3.1338465,15.558786,5.625164,2.836703,4.7491713,-72.186264,5076.4814,-4379.677,197.95035,0.01259613,28.665318,14.466228,5579.547,-8593.353,41.815735,-5.1576996,-0.747818
130,0.0,0.0,0.0,0.005097216,-0.006984438,-0.99996257,1.0,0.0,0.0,1.7505801,-0.021320099,0.7201503,1.2924012,2.0911882,1.5215199,0.22934237,-0.08806762,0.686913,1.1540965,0.7691738,0.9684491,0.08265553,0.03794127,0.006141418,0.022750536,0.061503705,0.08115409,-0.04497653,0.26313955,-0.11694633,0.032807972,0.0064833537,0.038912367,6.4701786,4.1762037,2.9410741,10.705368,13.544519,6.2040634,1.0813688,2.6204462,10.83209,2.9278593,4.4449987,4.3382154,-57.80329,239.52103,-1157.5151,-88.563446,18.146282,28.776978,28.385494,-934.921,7277.006,-266.16382,-17.754913,15.010239
131,0.0,0.0,0.0,0.005097216,-0.006984438,-0.99996257,1.0,0.0,0.0,1.7500117,-0.025810866,0.7168003,1.2912596,2.1259131,1.524414,0.22979136,-0.09556444,0.70535153,1.1433371,0.785263,0.9715696,-0.021793954,0.012791338,0.0009121106,-0.010641033,0.23754299,0.0050927177,0.002577084,-0.26889837,0.21886115,-0.09434909,0.08265199,0.015663216,8.0561905,4.5516095,1.9332879,10.600327,10.629456,6.560357,-0.32751167,2.8692741,14.051598,4.728665,3.2909648,4.1295195,-3.2358093,-296.75876,819.6571,-28.40097,297.84528,-23.605787,27.654549,-4761.503,5148.63,-122.82243,-11.836945,-10.003319
132,0.0,0.0,0.0,0.005097216,-0.006984438,-0.99996257,1.0,0.0,0.0,1.7593212,-0.019080816,0.71746665,1.2923304,2.151584,1.5288324,0.21881694,-0.102635704,0.6976823,1.1395656,0.79208195,0.9725273,0.054028463,0.05604535,-0.021110412,0.010807994,0.10185176,0.021991853,-0.06299898,0.3396859,-0.5712289,0.027697563,0.029453008,0.0028778433,8.682291,3.992057,1.1577885,10.894495,9.521204,7.955766,-0.03870069,3.1528215,16.30487,5.9079356,2.6125138,5.1161556,24.902138,-696.1295,1083.8438,-54.285065,-17.932772,-10.299302,-3.3631468,3346.0247,-5895.134,-29.156889,-14.667862,30.366104
133,0.0,0.0,0.0,0.005097216,-0.006984438,-0.99996257,1.0,0.0,0.0,1.7759718,-0.020399341,0.7020331,1.30061,2.161865,1.5449101,0.21021686,-0.08086495,0.70699346,1.1491088,0.7911433,0.98267335,0.08397818,0.044284627,-0.049790885,0.05421511,0.047773227,0.09190867,-0.050459165,0.08614426,0.1245925,0.05784563,-0.007098873,0.052543547,5.495138,3.9875946,3.892757,10.509682,14.34284,5.8495064,0.27222478,2.356729,10.934206,2.5380747,4.7033815,4.215273,38.772194,84.9429,446.78986,-398.3248,-15.870346,101.75715,-206.61172,-5685.8467,3738.6965,-102.86946,-12.60907,-0.91642
134,0.0,0.0,0.0,0.005097216,-0.006984438,-0.99996257,1.0,0.0,0.0,1.7718511,-0.04558352,0.71484244,1.298721,2.1972742,1.5451177,0.20371383,-0.10181161,0.7216541,1.14421,0.80824786,0.984302,-0.07415925,-0.65527874,0.19472213,-0.052299548,0.2637978,-0.02074073,-0.03314295,-0.2525747,0.084760286,-0.08108737,0.09389835,0.007332977,8.755043,4.4469686,0.96297264,10.891862,9.02977,7.280949,0.12134041,3.206058,16.270802,5.927179,2.6618326,4.4676776,46.135223,-8673.215,2307.0781,-625.6264,503.3585,-44.788536,8.804473,-2512.363,1182.939,-509.6165,-14.697769,2.7977142
135,0.0,0.0,0.0,0.005097216,-0.006984438,-0.99996257,1.0,0.0,0.0,1.7810286,-0.072754666,0.7095445,1.3020297,2.226481,1.55411,0.196937,-0.106299266,0.7078769,1.1450607,0.81289953,0.9882713,0.0817832,-0.1769356,0.0403334,0.0699332,0.070076525,0.050964702,-0.043020595,-0.53008455,0.3983045,0.035403352,-0.007607177,0.02038041,8.883939,3.4990242,2.5067658,10.95853,10.346157,8.81497,-1.3706518,2.7301204,15.392699,5.2070746,2.484772,5.0675883,18.785322,-939.12445,792.8538,491.834,-414.28568,-10.159388,121.178406,-5106.93,4088.0032,434.0945,-10.323273,-9.78289
136,0.0,0.0,0.0,0.005097216,-0.006984438,-0.99996257,1.0,0.0,0.0,1.7996111,-0.08156054,0.7144864,1.3086947,2.2413323,1.5786098,0.17708659,-0.10277692,0.72215414,1.1518592,0.80994916,0.9977224,0.084661625,0.089093745,-0.07562857,0.025386963,0.07495668,0.13091779,-0.10852975,-0.12730984,-0.012308951,0.033025425,-0.015381469,0.047793917,9.434998,3.8263438,0.5250859,10.336016,7.6027713,8.019904,0.56887233,3.4513872,18.19959,6.358019,1.6694453,5.4835763,-41.94406,965.6175,-838.1744,-12.797363,6.926544,-13.018162,-1.174576,-2329.4758,1793.3358,-206.34216,-21.212524,27.436142
137,0.0,0.0,0.0,0.005097216,-0.006984438,-0.99996257,1.0,0.0,0.0,1.8222641,-0.08361794,0.72202915,1.3107821,2.2381432,1.5965992,0.17279439,-0.08352776,0.6863651,1.1677533,0.79974306,1.0110773,0.115197144,-0.07346544,0.11219549,0.0024770943,-0.052927036,0.08531722,-0.0056481445,0.4016626,-0.4553536,0.099415965,-0.052954555,0.06553204,7.395822,4.4912977,2.3502223,9.797021,10.854572,7.2348723,0.98342836,2.3509402,15.1251,4.962971,3.0147378,4.9250655,13.923008,-801.1552,931.15076,-87.04419,-36.54399,-22.333961,-10.303589,2922.5908,-4150.9375,-83.26814,-3.4880219,12.202572
138,0.0,0.0,0.0,0.005097216,-0.006984438,-0.99996257,1.0,0.0,0.0,1.8274597,-0.07592866,0.71855694,1.3112043,2.2514207,1.606084,0.17541629,-0.09100269,0.690337,1.1731933,0.8025431,1.0189584,0.010032677,-0.016814718,0.013239162,0.0007109572,0.097236805,0.042536903,0.0245333,0.20189242,-0.097777955,-0.0038205273,0.010270252,0.040846094,6.5204625,4.626633,4.0958714,9.693749,12.784943,6.1779103,-0.37589896,2.0051498,12.51487,3.638208,4.1298723,4.0667386,-0.43354797,-272.07156,147.39774,19.678284,4.1756363,-5.94983,77.276474,-4379.3413,10995.395,-562.62354,-30.883865,28.895428
139,0.0,0.0,0.0,0.005097216,-0.006984438,-0.99996257,1.0,0.0,0.0,1.821002,-0.080133624,0.71709055,1.310054,2.28576,1.6043798,0.16629894,-0.08785094,0.70452255,1.1639148,0.81547564,1.0183364,-0.033351418,-0.013788901,-0.02781106,-0.0026456637,0.17363565,-0.011085688,-0.054592546,0.044048876,-0.105487384,-0.05160159,0.06487681,-0.0037961036,8.77911,4.805416,2.3784823,10.906077,11.090641,7.5599537,-0.68238795,2.6031106,14.601901,4.9350486,3.594718,4.2745376,3.6078606,32.520264,-96.58075,29.024445,-93.90483,-3.2524185,-10.797159,-2316.817,2084.6194,-162.64073,-13.802948,11.744408
140,0.0,0.0,0.0,0.005097216,-0.006984438,-0.99996257,1.0,0.0,0.0,1.8330474,-0.07759747,0.71641266,1.31228,2.3049998,1.6148272,0.15333934,-0.10513214,0.716889,1.1628481,0.8230364,1.0193931,0.07260336,0.09489258,-0.061176594,0.016953543,0.0851646,0.061384946,-0.060104966,-0.28427193,0.54940444,-0.017632997,0.03478183,0.008594379,8.27869,4.501719,2.547823,10.874629,11.679596,7.7455897,-0.5227457,2.5721574,14.14894,4.743521,3.7664726,4.532591,-103.511536,1770.1528,-1523.5826,84.511566,-15.634171,48.783295,-19.321554,-5874.083,11937.885,-123.57602,-8.852524,59.71552
141,0.0,0.0,0.0,0.005097216,-0.006984438,-0.99996257,1.0,0.0,0.0,1.8432708,-0.07248792,0.71540767,1.3142711,2.3272283,1.6280464,0.1421564,-0.09656617,0.7104138,1.1640574,0.83043456,1.0229217,0.047602016,0.07778592,-0.08564453,0.016901832,0.11150243,0.067033,-0.052802265,0.16117801,-0.053216185,0.010129268,0.025382578,0.016784724,9.243277,4.3322415,0.008900717,10.450365,8.050179,7.6008773,1.4365517,3.870582,18.76222,6.9742107,2.4522607,5.410493,33.960766,-476.50833,-69.21304,49.84601,-17.546265,-28.127998,-33.725773,5189.678,-7483.033,267.50394,3.461712,-34.285458
142,0.0,0.0,0.0,0.005097216,-0.006984438,-0.99996257,1.0,0.0,0.0,1.8619595,-0.07712966,0.71846694,1.3177611,2.3253164,1.6399856,0.14779271,-0.07438101,0.70099044,1.180005,0.8247157,1.034946,0.09207743,-0.008345371,-0.030240932,0.023780145,-0.060562428,0.05985355,0.03587165,0.025876272,0.19227372,0.09386673,-0.021187345,0.061197735,7.12801,4.6918354,2.92639,9.851087,12.333588,6.967884,1.1502966,2.341,14.512682,4.8103194,3.9242313,4.9161363,-4.572612,82.04907,-211.09863,26.403229,-56.817772,-2.7371063,-175.12961,-8311.599,6855.851,-26.149103,20.020035,-0.5202904
143,0.0,0.0,0.0,0.005097216,-0.006984438,-0.99996257,1.0,0.0,0.0,1.8630396,-0.0813872,0.71932566,1.3168124,2.3374412,1.6448328,0.15347864,-0.06337336,0.6714664,1.186716,0.8325174,1.0419846,-0.015245815,0.047084328,-0.031045197,-0.013165443,0.13948034,0.024792911,0.045431685,1.0309756,-0.7941574,0.015611537,0.0320651,0.03581826,8.930145,4.848636,1.5412312,10.49028,9.472458,7.694718,0.80144775,2.8755047,17.378244,6.202397,2.803035,4.8881927,-18.905865,1589.4725,-1392.0139,188.11185,426.03558,53.988094,42.330425,8549.852,-1460.9879,-391.12143,-24.69485,15.044495
144,0.0,0.0,0.0,0.005097216,-0.006984438,-0.99996257,1.0,0.0,0.0,1.8743966,-0.07922178,0.7226347,1.320017,2.3440287,1.6552516,0.15559176,-0.10026088,0.6949711,1.1961058,0.8281625,1.0487506,0.054404225,-0.046381313,0.04905047,0.0039067976,0.005753394,0.047852874,0.015654063,0.653249,-0.3186887,0.07970506,-0.023165328,0.03278268,3.7069545,4.0677133,3.9879365,12.03798,18.356344,5.270169,0.3093437,2.8819444,11.292075,1.3538132,8.235509,4.065869,-143.0203,243.92133,-652.9978,-177.93289,-5.8365774,-18.90028,-92.620125,5490.3267,-3438.6733,-31.175934,-6.539171,2.4146233
145,0.0,0.0,0.0,0.005097216,-0.006984438,-0.99996257,1.0,0.0,0.0,1.8610398,-0.0807573,0.7192173,1.3170313,2.3679445,1.6467454,0.1519795,-0.09094407,0.71082944,1.1919085,0.85134006,1.047198,-0.14674462,-0.020955559,-0.009950149,-0.027004171,0.19225127,-0.06071016,-0.017262213,0.21636207,-0.44969273,-0.059433024,0.21049988,-0.010832792,7.349403,4.646769,2.8332748,11.405643,13.193821,6.8131614,-0.58388865,3.0355058,14.05938,4.818842,4.924921,4.237304,-380.48956,-22.147675,-25.715302,-456.16705,356.8577,106.95982,56.21316,5712.3687,-8649.904,-513.0811,508.55527,1.7327423
146,0.0,0.0,0.0,0.005097216,-0.006984438,-0.99996257,1.0,0.0,0.0,1.8544692,-0.08043779,0.71874136,1.3152481,2.4028904,1.6489941,0.14055228,-0.10789269,0.7068808,1.1883453,0.87227184,1.0468771,0.0006226058,-0.026738143,0.016005082,-0.0028527316,0.17057657,0.014939315,-0.065029286,-0.46186948,0.32207566,-0.022776926,0.074202806,-0.0046656416,7.322268,4.2983556,3.7681327,11.66273,14.489254,7.5881605,-0.63211596,2.5995045,12.268758,3.7336984,5.248987,4.4350286,-5.8291664,188.53531,-564.7697,83.13611,-18.741219,-10.404282,58.357758,-11817.024,12316.367,-222.35132,-24.703678,11.639381
147,0.0,0.0,0.0,0.005097216,-0.006984438,-0.99996257,1.0,0.0,0.0,1.8546064,-0.08150004,0.72195536,1.3146125,2.4467404,1.6584239,0.12887949,-0.09381412,0.69960463,1.1799251,0.88971364,1.0473907,0.0027428032,-0.08121874,0.109399974,-0.010871458,0.22351126,0.046043642,-0.060377996,0.014771036,-0.1732178,-0.04554827,0.08682007,0.0026900049,9.920282,4.1207643,0.7672421,11.6498575,9.080364,8.733422,-0.32381046,3.6045804,18.252964,6.87093,2.777531,5.1724505,11.130104,-604.652,762.41565,-79.61603,23.431961,10.009645,7.923458,-985.11487,-51.085724,-111.5828,-10.833163,7.7308807
148,0.0,0.0,0.0,0.005097216,-0.006984438,-0.99996257,1.0,0.0,0.0,1.8741399,-0.07814698,0.72017115,1.3181816,2.4629624,1.6777864,0.12048178,-0.10472906,0.7116465,1.1853551,0.8874158,1.0551685,0.10578976,-0.044318054,0.042517472,0.0063281865,-0.0035087415,0.08999414,-0.044896245,-0.24357179,0.060150396,0.08218456,-0.035604127,0.038910896,7.5755134,4.331129,3.8647056,10.625694,13.063585,7.800418,-1.0889875,2.1631851,13.946258,4.3449054,4.006227,4.7646823,-255.04648,-162.64575,109.7222,-319.925,-431.63016,-61.74008,46.37314,-2231.1438,861.8026,490.77396,-5.1673317,7.155998
149,0.0,0.0,0.0,0.005097216,-0.006984438,-0.99996257,1.0,0.0,0.0,1.8767282,-0.07655457,0.715372,1.3186382,2.483029,1.6873347,0.105203204,-0.104189366,0.7206294,1.1870543,0.89249104,1.0592912,-0.034518328,0.11063065,-0.098533005,0.009392115,0.14563443,0.044188697,-0.08036327,-0.5480688,0.52007204,-0.029341435,0.02807479,0.020647598,9.534106,4.5573373,1.9072137,11.216016,9.934834,8.458166,-0.53250754,2.7983844,17.08356,5.898839,2.8539116,4.944917,-126.37243,1878.2428,-1303.0674,-242.51385,54.029877,-11.377998,72.6256,-3005.4497,2895.1414,18.49658,3.5573463,-8.726044
150,0.0,0.0,0.0,0.005097216,-0.006984438,-0.99996257,1.0,0.0,0.0,1.8868452,-0.07848082,0.7199109,1.3132344,2.488094,1.7022394,0.095224485,-0.12039796,0.70305824,1.1955749,0.8878845,1.0648938,0.09115272,0.075926416,-0.053737015,-0.02254393,-0.0050568217,0.07450653,-0.057573255,0.19828726,-0.7565482,0.092421986,-0.024110219,0.023277188,9.115341,4.3044972,0.48713678,10.554849,9.098249,8.538625,1.5185679,3.5959334,19.011913,6.953974,2.895437,5.9513397,112.693245,1653.5039,-1384.515,171.44257,-3.1608658,-6.35865,127.833664,13221.941,-21992.008,243.17099,17.14001,-16.664528
151,0.0,0.0,0.0,0.005097216,-0.006984438,-0.99996257,1.0,0.0,0.0,1.9006814,-0.076279685,0.7174,1.313239,2.4793262,1.7176342,0.103802584,-0.11011397,0.7368957,1.2128652,0.88253367,1.0800679,0.066941015,0.1041525,-0.08408064,-0.0010305812,-0.044425398,0.075606935,0.05238924,0.025539434,0.13508548,0.113672964,-0.024065174,0.07636774,5.3788767,4.356728,4.89317,11.058287,16.511982,6.302163,0.7905086,2.061535,11.553707,2.1325417,5.62076,4.2592206,47.461502,1783.3391,-1357.7363,-15.226257,1.8143654,-5.689995,-9.685902,6310.36,-11614.763,205.61725,17.2501,-20.964806
152,0.0,0.0,0.0,0.005097216,-0.006984438,-0.99996257,1.0,0.0,0.0,1.8903584,-0.079264134,0.719365,1.313033,2.4927917,1.7135981,0.107110254,-0.11809886,0.7146141,1.2198595,0.89921385,1.0788922,-0.10824132,-0.037811812,0.019887215,0.03208007,0.13886204,-0.03406555,0.016656743,-0.6269959,0.42751,-0.038747184,0.1059225,-0.007206441,9.762275,5.0764165,1.2080762,11.540609,9.883701,8.264739,0.4675411,3.241879,17.959772,6.646934,3.4800327,4.6111073,-86.45233,-365.83524,557.88544,492.3904,386.48737,-3.7024307,67.131516,-2979.7742,3549.2083,-514.91364,-3.6470718,-18.074669
153,0.0,0.0,0.0,0.005097216,-0.006984438,-0.99996257,1.0,0.0,0.0,1.890186,-0.079206824,0.72042066,1.313552,2.4959197,1.7226574,0.10802447,-0.0815329,0.7153934,1.2291638,0.9008993,1.0802292,0.062438734,-0.050012935,0.056934427,-0.017106526,-0.014330271,0.061145622,-0.00041644523,-0.06961411,0.09510015,0.08027052,-0.008645238,0.003400084,9.155193,4.166816,1.3980918,10.923311,10.016447,8.811935,0.63442457,3.276718,19.087858,6.7544007,3.0249279,6.176683,334.42078,-157.16135,8.768188,-57.545624,-4.7598953,0.9391632,29.47611,-757.49133,-282.45163,154.44092,1.4914055,0.87127686
154,0.0,0.0,0.0,0.005097216,-0.006984438,-0.99996257,1.0,0.0,0.0,1.9037005,-0.077943504,0.7194319,1.3110584,2.4941301,1.7396798,0.10971401,-0.096840955,0.6963104,1.2426809,0.8954302,1.0930601,0.06716265,-0.03739659,0.03586384,-0.016515482,-0.011774207,0.083122835,0.0075268224,0.18355659,-0.37053785,0.028589135,-0.027347473,0.073848374,8.477776,4.7233615,2.9496355,10.414116,11.3869,8.034982,0.42349184,2.3121116,17.025381,5.636105,3.303957,5.305825,-6.4611816,-184.1702,85.67383,48.951508,-40.3675,-26.043259,-72.69667,4868.7207,-3988.9165,-233.79816,-95.97297,11.381851
155,0.0,0.0,0.0,0.005097216,-0.006984438,-0.99996257,1.0,0.0,0.0,1.911166,-0.07681034,0.7162196,1.3103083,2.5035398,1.7486936,0.10980843,-0.11206402,0.72490567,1.224641,0.8949988,1.0994304,0.036180377,0.010922753,0.005227324,-0.011433131,0.055427052,0.043396577,0.0069428915,-0.47302267,0.76614535,-0.05554818,-0.0064771855,0.03133052,8.026528,4.9824967,4.164529,10.405366,13.33503,7.643639,-0.3419758,1.8699431,13.594123,3.927621,4.3292856,4.308577,-8.926651,-1154.0022,1266.8706,-244.63922,11.705582,-2.3435135,20.369547,-3952.1929,9822.605,490.66885,112.41314,-42.93457
156,0.0,0.0,0.0,0.005097216,-0.006984438,-0.99996257,1.0,0.0,0.0,1.9143754,-0.07565475,0.7161684,1.3115727,2.5286553,1.753111,0.10271737,-0.084403,0.7014591,1.2161323,0.9029219,1.0957872,0.023385068,0.015268785,0.0041437875,-0.012015573,0.14376587,0.018097071,-0.028552575,0.7171444,-0.31529564,-0.04061856,0.034437142,-0.017194195,10.6965885,4.6318727,-0.052818462,10.669018,7.5335193,8.457745,1.4461311,4.0878243,20.628109,7.7153735,2.4989884,5.264582,-25.18377,-943.8081,1663.0476,-513.65344,-26.431702,-5.942215,-97.960724,6906.3223,-3834.7195,-10.893041,-11.816822,-2.0885925
157,0.0,0.0,0.0,0.005097216,-0.006984438,-0.99996257,1.0,0.0,0.0,1.9337932,-0.07969684,0.7197151,1.3063844,2.5257692,1.7645134,0.11058794,-0.09306658,0.70819765,1.2226819,0.89418685,1.1009886,0.12876931,-0.009382257,-0.012868859,-0.023264298,-0.11454698,0.062198956,0.05257214,0.15881573,-0.31262466,0.09826302,-0.04306814,0.02576457,6.001918,4.771753,4.647262,10.80135,16.51746,6.2645597,0.9430789,2.244068,13.234755,3.5031395,6.4817696,4.7892075,35.226715,-269.73645,189.22876,27.03772,-538.5268,28.10505,34.152298,5334.731,-5920.4204,488.42056,112.060844,-32.73265
158,0.0,0.0,0.0,0.005097216,-0.006984438,-0.99996257,1.0,0.0,0.0,1.9331893,-0.079023935,0.7205983,1.3065947,2.5241966,1.7580543,0.11585244,-0.09901785,0.71924675,1.2231339,0.9127264,1.1019076,-0.081448406,-0.06959917,0.09098922,-0.012497024,0.058714133,-0.047381446,0.01818672,0.20099466,-0.16963135,-0.038205147,0.13640709,0.007397964,9.094023,5.149017,2.8216777,11.262519,12.495424,7.9300275,-0.60336554,2.5561934,14.689171,4.713971,4.25734,4.293057,-380.27206,-493.09955,627.54486,-308.9347,362.00696,-20.573883,-47.513878,5332.572,-10540.348,-280.93826,-16.075981,38.9907
159,0.0,0.0,0.0,0.005097216,-0.006984438,-0.99996257,1.0,0.0,0.0,1.9371803,-0.07793201,0.7192013,1.3075567,2.5443847,1.7619495,0.10699413,-0.0726217,0.68671775,1.2203025,0.92058647,1.0992649,0.057417598,-0.024899617,0.012410663,0.009058903,0.10360638,0.03487691,-0.038409006,0.6703552,-0.3789445,-0.0034919642,0.026785506,-0.013836189,8.485535,4.860286,3.6144934,11.325116,12.964508,7.840951,-0.9984561,2.468646,14.709595,4.685317,4.611414,4.633145,-53.190456,-452.12375,547.1656,-288.86255,-1.2180328,44.958252,-19.297962,8474.639,-2304.5344,-71.291336,18.312094,-4.9381943
160,0.0,0.0,0.0,0.005097216,-0.006984438,-0.99996257,1.0,0.0,0.0,1.9427414,-0.07952022,0.7166453,1.307263,2.5690467,1.7680663,0.092636585,-0.09145235,0.6963939,1.2178785,0.9291802,1.0998323,0.02824584,0.07898211,-0.07266056,-0.0040923557,0.12326615,0.03015161,-0.071830235,0.07605355,-0.25986373,-0.003284836,0.043284442,0.0014937337,7.8813734,4.8775334,4.0647426,11.301404,14.91547,6.9932866,-0.29254353,2.5444202,13.459908,4.1117005,6.185523,4.6014915,11.80262,1546.9482,-1171.6401,62.487366,-4.8876495,-1.9045563,-8.189009,-954.8809,-651.19385,-126.15001,-14.348034,8.1764145
161,0.0,0.0,0.0,0.005097216,-0.006984438,-0.99996257,1.0,0.0,0.0,1.9438258,-0.077562556,0.71740115,1.3072141,2.608385,1.7659479,0.085901126,-0.10301133,0.7097109,1.2104324,0.9515425,1.0995208,0.005625042,-0.020924795,0.029476523,0.043923795,0.21253455,-0.010734017,-0.029413164,0.03497051,-0.078918785,-0.029138003,0.11869701,-0.0056923386,9.039828,4.9260106,2.9107924,11.671585,13.2356415,8.31311,-0.89955914,2.6564584,14.349461,4.741915,4.7780952,4.582234,5.674328,-858.3629,1074.6152,492.57,-30.886345,3.121132,55.07789,6278.3057,-6522.069,92.25951,-6.044632,-7.888687
162,0.0,0.0,0.0,0.005097216,-0.006984438,-0.99996257,1.0,0.0,0.0,1.9524299,-0.07716613,0.71982086,1.3051652,2.6359982,1.7751617,0.07408435,-0.09166501,0.6984221,1.2085706,0.9619403,1.0989038,0.041275434,-0.017031122,0.0041074688,-0.018740509,0.12832066,0.052570608,-0.050300967,0.6370136,-0.5390966,0.004397131,0.046206217,-0.002400734,9.189327,4.671746,2.9159102,11.809866,12.83437,8.487718,-1.3060728,2.7929943,15.464404,5.261694,4.5021486,4.938891,8.208031,144.69711,-841.68256,97.98926,5.1036835,3.3609467,106.56858,5319.6733,-127.806305,-301.11212,-38.27143,48.532326
163,0.0,0.0,0.0,0.005097216,-0.006984438,-0.99996257,1.0,0.0,0.0,1.9651538,-0.08247591,0.7192644,1.3011931,2.655375,1.7871988,0.05830329,-0.09427166,0.70982,1.2105697,0.96816933,1.1013677,0.069615275,-0.03726406,0.0069524646,-0.022530502,0.089056015,0.059700366,-0.082556754,-0.23156309,0.22047114,0.009323063,0.030007785,0.010907726,7.369246,4.5997796,4.2720966,11.904584,16.537258,6.9416986,-0.29387343,2.563931,12.748048,3.458292,6.9558935,4.7933683,15.432306,-60.31714,49.359352,-9.305023,-20.828735,-2.2366562,57.984528,-5813.9336,5694.809,-52.59358,-5.7293825,6.4563293
164,0.0,0.0,0.0,0.005097216,-0.006984438,-0.99996257,1.0,0.0,0.0,1.9621685,-0.07719468,0.7175146,1.2920882,2.6834943,1.7861174,0.052575387,-0.10147938,0.7092957,1.2003487,0.9939063,1.1019263,-0.026506716,0.03789853,-0.034550853,-0.06999807,0.17778298,-0.0130666075,-0.019742597,-0.24720266,0.47591707,-0.089624554,0.14839083,0.005222486,10.106714,4.5483747,1.4668044,12.104301,10.543112,9.035939,-0.57269704,3.398745,18.328093,6.7881365,3.5120726,5.2585607,130.27478,-480.16962,19.970642,66.950836,183.10022,-144.51305,-5.5012937,-5474.614,10873.138,-150.85086,-16.439072,8.212494
165,0.0,0.0,0.0,0.005097216,-0.006984438,-0.99996257,1.0,0.0,0.0,1.9785665,-0.075908184,0.7197258,1.2896436,2.6894,1.7997342,0.044868257,-0.09805403,0.6970937,1.2022816,0.99942887,1.1065475,0.110573314,-0.017814554,0.030921763,0.043320622,-0.01950938,0.08520206,-0.036339555,0.15789111,-0.27961633,0.07178426,-0.022554731,0.019975584,9.278638,4.585543,1.3236873,11.41323,10.88394,8.87932,1.0253526,3.428231,18.89083,6.9467483,3.7923434,6.311679,-1.2615012,-342.4262,111.18219,491.70923,-37.70292,-10.67601,23.69236,5137.7354,-5954.167,487.50067,-38.877472,-37.66249
166,0.0,0.0,0.0,0.005097216,-0.006984438,-0.99996257,1.0,0.0,0.0,1.9928715,-0.07999895,0.7189233,1.2971846,2.6859002,1.8161461,0.05138112,-0.11391607,0.7240504,1.2208542,0.99742174,1.1203109,0.0693784,-0.030403921,0.00076644885,0.013226792,-0.01650924,0.08231578,0.035426334,-0.6975772,0.62445563,0.082367025,-0.010534919,0.07744511,7.695037,4.934495,4.1293793,10.445144,13.811499,7.5748034,-0.19873439,1.9943542,14.426674,4.289745,4.391883,4.918142,-42.322983,139.42657,-298.21454,-18.67987,68.927124,27.456072,19.301893,-9593.373,9672.8545,-3.1438684,1.7602711,-2.5426636
167,0.0,0.0,0.0,0.005097216,-0.006984438,-0.99996257,1.0,0.0,0.0,1.9916667,-0.07991505,0.71942145,1.2913903,2.6933353,1.8212283,0.04815884,-0.09711856,0.6988856,1.2244829,1.001597,1.1222496,-0.01264971,-0.06580714,0.082723975,-0.023632156,0.08832999,0.014675482,-0.017159171,-0.3467882,0.4283147,-0.03959515,0.0197506,0.008734034,10.814455,4.7164164,0.047629252,10.942331,7.9163136,9.038124,1.3835367,4.0136943,20.891376,7.639997,2.5446103,5.6630054,-43.30864,-481.24722,602.7754,492.45767,381.11478,1.9479923,65.84423,-2683.9165,6352.402,-137.89081,7.395539,-5.093445
168,0.0,0.0,0.0,0.005097216,-0.006984438,-0.99996257,1.0,0.0,0.0,2.0108178,-0.078667134,0.7172655,1.2966348,2.6781876,1.8382457,0.05760468,-0.092006445,0.6948595,1.2293302,0.9890455,1.131231,0.13946685,-0.006422408,-0.020106724,0.07588984,-0.142714,0.08640724,0.0527012,-0.24499325,0.03788178,0.050826557,-0.07217636,0.044739347,8.795695,4.6805787,2.4883122,10.677834,11.396765,8.831179,0.9364885,2.730898,19.341963,6.655976,3.4989924,6.37832,35.51696,68.780396,-343.82715,491.31073,-46.452946,-17.246899,74.81552,-9272.605,8245.39,453.67532,63.754234,-58.9497
169,0.0,0.0,0.0,0.005097216,-0.006984438,-0.99996257,1.0,0.0,0.0,2.0202692,-0.078979686,0.7188703,1.3051683,2.6651156,1.8547741,0.06660799,-0.10636865,0.7098246,1.226488,0.9820555,1.146094,0.02995795,-0.016376713,-0.00093747856,0.002085111,-0.009019248,0.0729366,0.062222727,-0.38732705,0.32705873,-0.123337366,-0.037346125,0.06411246,8.902454,5.019103,2.718865,10.602191,11.479593,8.590288,0.5467237,2.3057947,17.349014,5.6202917,3.2626984,5.2937803,-89.92517,49.22867,-352.38293,-80.64981,351.2298,7.067276,-5.821411,-4917.3447,4228.54,-721.59015,62.626892,4.398346
170,0.0,0.0,0.0,0.005097216,-0.006984438,-0.99996257,1.0,0.0,0.0,2.0274198,-0.07965145,0.7175803,1.2995123,2.6694896,1.8674562,0.06975029,-0.09866494,0.7026613,1.2196871,0.975574,1.1507819,0.04587951,-0.010602564,0.031788606,-0.06375662,0.02752457,0.05677844,0.015584861,0.14307608,-0.34513867,0.028418988,-0.031260386,0.021572337,9.521167,4.9628186,1.7773862,11.05756,10.483734,9.249491,0.7837051,2.8103065,18.818724,6.6154733,3.1661665,5.4042687,251.17609,-1157.7339,1305.4902,-340.54636,204.02074,-244.17513,14.118443,5471.5093,-5808.7773,456.12262,-0.14591551,6.3360367
171,0.0,0.0,0.0,0.005097216,-0.006984438,-0.99996257,1.0,0.0,0.0,2.0413218,-0.07401341,0.7194369,1.2965001,2.6665037,1.8834506,0.074976526,-0.0950448,0.70832366,1.2334763,0.96821123,1.1564553,0.06835189,-0.030912668,0.060191985,0.039339237,-0.014696807,0.08027664,0.024621367,0.1883293,-0.15844841,0.093386166,-0.035798274,0.027698452,7.8623514,5.0662255,4.3802133,10.539522,14.335796,7.7199216,0.1212901,1.965239,14.0613365,4.1307383,4.888194,4.6066136,-4.3008523,-867.9686,817.5706,492.33423,-23.112661,-12.38916,11.969828,5001.4917,-6113.1626,51.615524,-1.6656637,6.857727
172,0.0,0.0,0.0,0.005097216,-0.006984438,-0.99996257,1.0,0.0,0.0,2.041731,-0.0785883,0.7198533,1.3008105,2.6833234,1.8852559,0.07416514,-0.08698566,0.70879936,1.2232124,0.97457963,1.1543534,0.0032967997,-0.048881635,0.03378531,-0.030982604,0.11996665,0.0034850806,-0.011109392,-0.060751915,0.09918481,-0.05702312,0.04765203,-0.0110467095,9.386734,5.269305,3.335454,11.311333,12.669096,8.084652,-0.88887846,2.4417818,16.01057,5.2186966,4.4720054,4.5835934,55.41017,-204.54709,283.62546,-464.82623,133.81256,4.1812096,57.575214,-278.14713,-949.845,444.65265,20.880547,-13.042381
173,0.0,0.0,0.0,0.005097216,-0.006984438,-0.99996257,1.0,0.0,0.0,2.051385,-0.07935436,0.72243625,1.2939874,2.6969721,1.8913664,0.06306581,-0.08888463,0.69249153,1.2236105,0.98032,1.1517625,0.060580045,-0.04231548,0.043747198,-0.041718006,0.07489406,0.018869862,-0.046228305,0.42123374,-0.23315287,0.017171632,0.028336799,-0.012090386,9.628733,4.893903,2.678679,11.673055,12.255335,8.829992,-0.57007754,2.7976775,17.044142,5.8945074,4.220061,5.1444764,-45.619583,108.16629,-473.06757,231.88373,99.489975,7.761429,13.741993,8143.9404,-2865.8066,57.557343,1.614699,-2.6980972
174,0.0,0.0,0.0,0.005097216,-0.006984438,-0.99996257,1.0,0.0,0.0,2.065305,-0.07865396,0.7164264,1.2947723,2.7078707,1.9023557,0.0550577,-0.09644397,0.7231126,1.2294818,0.9828426,1.1544372,0.0693456,-1.3636076e-05,-0.040632036,0.013970834,0.043647572,0.055332,-0.036207657,0.013263869,-0.0053705033,0.016897364,0.006776815,0.011512473,8.384067,5.100081,4.1223392,11.0468025,14.276463,7.577074,-0.22616206,2.3183608,14.630943,4.6367846,5.4233246,4.7471666,-32.30085,-27.292786,-88.78398,-31.865479,-45.485138,9.334419,11.397053,237.79532,-743.0753,-185.72739,-50.33336,-25.026627
175,0.0,0.0,0.0,0.005097216,-0.006984438,-0.99996257,1.0,0.0,0.0,2.0672019,-0.081560485,0.71921337,1.2866331,2.7260828,1.9019834,0.050494395,-0.089937694,0.71607304,1.226564,0.99629885,1.1533692,0.006153676,-0.024552755,0.021160953,-0.03808638,0.1425219,-0.010742477,-0.021594454,0.035659004,-0.07648603,-0.019186182,0.07151318,-0.0061082575,9.7287655,5.1001573,2.5776737,11.728819,12.354237,8.6509,-0.36192906,2.811372,16.775944,5.782156,4.375002,4.9911466,-18.78727,-72.85336,-245.53038,492.36975,429.87012,-37.622437,-13.411762,-114.05777,-426.9297,-38.842117,-6.427871,16.04937
176,0.0,0.0,0.0,0.005097216,-0.006984438,-0.99996257,1.0,0.0,0.0,2.0804718,-0.07666347,0.71861696,1.283945,2.737841,1.9106259,0.046194784,-0.09889212,0.70536095,1.2267317,0.99961925,1.1541843,0.060736544,0.09789863,-0.06895905,-0.008707414,0.040819168,0.059907313,-0.025939772,-0.123968616,0.0052791983,0.021456156,0.019136256,0.0066100457,9.1301155,4.9690537,3.3199372,11.578269,13.463341,8.55763,-0.5252825,2.5511808,15.950556,5.3084016,4.8133774,5.0998535,-244.33154,1871.5062,-1457.3446,-303.16388,-243.61108,271.66324,-96.52659,-695.1493,277.17886,461.805,68.4725,43.106796
177,0.0,0.0,0.0,0.005097216,-0.006984438,-0.99996257,1.0,0.0,0.0,2.0890634,-0.07984236,0.72072303,1.2797927,2.7556767,1.918408,0.0419487,-0.11621081,0.7190237,1.2209624,1.0061682,1.1556045,0.041626777,-0.03267253,0.007934649,-0.011413007,0.09858577,0.037616793,0.026887367,-0.62155783,0.5147382,-0.17606072,0.0074314587,-0.015483715,9.474361,5.070522,2.446899,11.625025,12.347889,8.673471,0.048779856,2.7829533,16.861746,5.7638335,4.319705,5.1804757,19.845898,-58.588806,-23.753525,-74.33313,-172.6026,9.427666,881.1672,-11055.123,10672.313,-2973.6577,-356.55914,-338.44177
178,0.0,0.0,0.0,0.005097216,-0.006984438,-0.99996257,1.0,0.0,0.0,2.0991037,-0.07675635,0.71491075,1.2773951,2.7642722,1.928229,0.041464593,-0.08711623,0.69620484,1.2049094,1.0094167,1.1587008,0.05468897,0.016137859,-0.0045507955,-0.032281607,0.041322675,0.044028614,-0.0080224695,0.48242697,-0.5230219,-0.014178134,0.017055877,0.0150103215,10.044304,4.640262,0.98646545,11.41906,10.164478,9.503143,0.8619937,3.5143507,19.974907,7.244305,3.3336318,5.9608293,267.36462,-1114.3514,1203.6887,-102.05618,112.337906,-282.364,-115.78512,3358.2456,-6922.087,490.44223,-5.7593517,-1.825325
179,0.0,0.0,0.0,0.005097216,-0.006984438,-0.99996257,1.0,0.0,0.0,2.1154985,-0.07810284,0.7195567,1.2830583,2.7552032,1.9444745,0.047708094,-0.10981863,0.7225552,1.2136501,1.0030777,1.1696341,0.084686786,-0.018229654,0.02129567,0.027841955,-0.068005525,0.08229285,0.027501827,-0.6707678,0.5380629,0.08052889,-0.03415584,0.056705326,6.3952184,4.7827287,4.8868814,11.417212,17.278818,6.6949325,0.88515365,2.211454,13.052132,3.1176987,6.659901,4.7057223,35.483467,-609.47296,580.18713,-295.67416,-91.22327,-11.892521,6.9297814,-9824.468,10244.78,363.07904,8.163924,-6.69989
180,0.0,0.0,0.0,0.005097216,-0.006984438,-0.99996257,1.0,0.0,0.0,2.1086442,-0.07697878,0.7168958,1.281943,2.7538106,1.9397274,0.05486406,-0.09843547,0.73890275,1.2142807,1.0206125,1.1684424,-0.09602821,0.0056169773,0.013323379,-0.03889891,0.024848668,-0.05523003,0.029055694,-0.022612598,0.122270696,-0.057041474,0.13146545,-0.009407152,10.574588,4.7948794,0.18027087,11.473723,8.39213,9.102564,0.746724,4.027255,21.171394,7.826626,2.86795,5.296651,-24.736557,-1212.8246,1356.031,-377.44772,200.85489,-233.43332,24.088224,477.78055,-2927.8354,-519.6623,16.091816,11.426697
181,0.0,0.0,0.0,0.005097216,-0.006984438,-0.99996257,1.0,0.0,0.0,2.1149209,-0.07681638,0.7191813,1.2871844,2.733574,1.9473509,0.0599912,-0.08590257,0.71279466,1.2209734,1.022608,1.1726407,0.10269489,-0.029833091,0.042625375,0.08199957,-0.13210793,0.062394727,0.02520282,-0.09715237,0.0039987504,0.08455771,-0.055142302,0.022066804,7.967555,5.058621,3.414052,10.879,13.319473,8.209618,0.92078006,2.5127144,17.051956,5.5948644,4.6682725,5.758304,285.20502,-967.79645,1246.3121,491.76315,5.724964,16.821346,8.007291,-914.6247,890.097,491.11566,-207.08377,-5.478424
182,0.0,0.0,0.0,0.005097216,-0.006984438,-0.99996257,1.0,0.0,0.0,2.115601,-0.078159645,0.71760124,1.296193,2.7221208,1.9525379,0.06675392,-0.09936507,0.699196,1.2264675,1.0268908,1.1813678,-0.04911673,0.08663357,-0.074915186,-0.00959726,-0.025340602,0.050236415,0.038022727,-0.19910438,0.28832865,0.005767465,0.031267386,0.045348454,9.090334,5.118015,2.895793,11.073513,11.975027,8.353726,-0.09587155,2.4916496,17.457298,5.707217,3.673023,5.1305375,-454.9725,1689.3969,-1286.895,-469.3105,98.465515,370.24152,19.81638,-5698.904,10200.537,88.18686,48.186962,-31.036987
183,0.0,0.0,0.0,0.005097216,-0.006984438,-0.99996257,1.0,0.0,0.0,2.119964,-0.07579655,0.7173682,1.2913727,2.7272058,1.9581094,0.06448631,-0.07500253,0.6918449,1.2250375,1.0236261,1.1842971,0.02931323,0.010414181,0.014701068,-0.00053290004,0.043042745,0.024421439,-0.0029476013,0.65702885,-0.30312303,0.03830275,-0.01628665,0.011995975,9.246813,5.2088346,1.7948878,11.250288,11.067043,8.8091755,1.1406282,2.965953,18.803202,6.65503,3.7913353,5.5228443,105.647156,-1261.817,1387.979,491.70044,234.05844,-170.90173,31.676914,12360.367,-6278.85,269.46353,-3.0394096,-9.635033
184,0.0,0.0,0.0,0.005097216,-0.006984438,-0.99996257,1.0,0.0,0.0,2.1268325,-0.07355712,0.7171113,1.2929872,2.7253191,1.9682021,0.07393075,-0.10337196,0.7003288,1.2259673,1.0202465,1.1896602,0.034627356,0.042980246,-0.03479236,0.03218859,-0.0009886299,0.046446037,0.042001538,-0.20991395,0.04226151,0.022832802,-0.012600416,0.031738337,7.1124897,5.2427464,4.493747,10.933196,16.011461,6.8020854,0.7016686,2.2528548,14.359613,4.250374,6.3683515,4.8135514,176.7787,-960.1033,819.6377,491.58456,196.73508,-240.62358,37.20241,-6239.155,7023.0044,466.852,21.186874,-14.234283
185,0.0,0.0,0.0,0.005097216,-0.006984438,-0.99996257,1.0,0.0,0.0,2.117158,-0.07941334,0.7200382,1.2897455,2.7342815,1.9602566,0.07821869,-0.09105142,0.6903321,1.2207872,1.0385888,1.1886562,-0.066319294,-0.035162434,0.008857509,-0.03055423,0.080019005,-0.05253619,0.025701374,-0.035852984,0.060257774,-0.054264247,0.11381131,-0.0032714047,9.807611,5.1160836,2.1702037,11.862998,12.033117,9.06524,-0.2575084,2.9633834,17.604734,6.1584754,4.027457,4.9099693,-27.229301,117.61755,-284.99152,-12.081268,207.44424,14.597471,61.0347,-6979.8545,12142.584,-275.81152,-2.599266,9.673019
186,0.0,0.0,0.0,0.005097216,-0.006984438,-0.99996257,1.0,0.0,0.0,2.1237946,-0.07925088,0.7199066,1.2885491,2.7415147,1.9688027,0.07313756,-0.09216688,0.6922274,1.2246672,1.0429608,1.1885461,0.068243116,-0.025513453,0.012336645,0.003634533,0.031505473,0.05782485,-0.026697505,0.1796317,-0.30972233,0.064393215,-0.00055945874,-0.0011989821,9.019951,5.033543,2.919809,11.571814,13.026314,8.608999,-0.032802213,2.7638454,16.692617,5.6130114,4.560311,5.220217,13.762078,42.718536,-339.6659,52.951447,-2.2995453,10.7659855,38.50067,5483.6743,-6233.2285,244.41386,-11.446392,-6.2103653
187,0.0,0.0,0.0,0.005097216,-0.006984438,-0.99996257,1.0,0.0,0.0,2.128664,-0.07942181,0.7219561,1.282822,2.7558312,1.9769946,0.06868072,-0.091095366,0.6868162,1.2236682,1.0463196,1.192104,0.026262432,-0.04087914,0.04092253,-0.022818023,0.09267128,0.032485094,-0.03754289,-0.6669469,0.28946793,-0.04858793,0.020083077,0.016955482,8.56649,5.152683,3.876977,11.254164,14.196926,7.9102335,-0.3308512,2.3773384,14.804497,4.5839696,5.165774,4.702398,-47.198456,112.98688,-473.0478,491.73672,197.54025,-15.45055,135.09692,-21282.709,13180.004,420.56808,185.36247,-206.73898
188,0.0,0.0,0.0,0.005097216,-0.006984438,-0.99996257,1.0,0.0,0.0,2.1280437,-0.07640483,0.7161589,1.2786697,2.7808816,1.9788901,0.06273447,-0.08102509,0.68626297,1.215964,1.0563636,1.1903961,-0.028829059,0.10927631,-0.09533348,-0.054440685,0.1308168,0.03522678,-0.02680847,0.02927861,0.10094102,-0.038019203,0.052615494,-0.00883155,10.374885,4.724425,1.5071216,11.945417,10.591511,9.8447,-0.24059449,3.3037403,19.374804,6.9733176,3.4756582,5.3999624,-399.3413,1775.5603,-1244.3921,-597.3041,-92.87463,398.74478,29.953575,-5997.2515,9531.806,-41.37656,3.7310066,10.237999
189,0.0,0.0,0.0,0.005097216,-0.006984438,-0.99996257,1.0,0.0,0.0,2.1422224,-0.075510934,0.716099,1.2775127,2.7811568,1.9965916,0.05831439,-0.09445556,0.7048148,1.222658,1.0521165,1.1947564,0.09331819,0.1152816,-0.09592212,0.048255783,-0.029463967,0.091150604,-0.011860997,-0.077119045,0.006907709,0.047125872,-0.03896715,0.017996257,8.68932,5.199353,2.8227527,11.271299,13.327673,8.430015,0.95372236,2.6835327,16.73483,5.761024,4.9163184,5.3965273,-4.5686154,1867.7286,-1382.8395,491.50583,-2.7057133,-11.0068035,190.62854,-774.1063,279.07648,-493.7112,-96.500595,-60.28296
190,0.0,0.0,0.0,0.005097216,-0.006984438,-0.99996257,1.0,0.0,0.0,2.1453555,-0.078154825,0.72016966,1.2800187,2.7883892,2.0031288,0.065889224,-0.11418959,0.71418595,1.214208,1.0576459,1.1987357,-0.004428213,0.021623736,-0.033534832,-0.016588937,0.06756352,0.035410322,0.032984234,0.002997055,-0.18974027,-0.047271624,0.041678246,0.019884663,9.126652,5.312989,2.557202,11.317851,12.690054,8.396546,0.5833701,2.7197099,17.125214,5.8136,4.3866324,5.160978,-26.180328,343.3539,-480.42902,-134.10983,185.1058,8.243378,11.998478,6642.3433,-9673.148,458.07535,27.072464,34.23133
191,0.0,0.0,0.0,0.005097216,-0.006984438,-0.99996257,1.0,0.0,0.0,2.14981,-0.07868218,0.717642,1.2750577,2.7983754,2.0087073,0.06943046,-0.09450436,0.69823897,1.2179385,1.0605345,1.2003394,0.0007167001,0.075079344,-0.052529395,-0.05346125,0.04312908,0.051805057,0.014901771,0.04864037,-0.114180245,0.044209328,0.013633932,0.007113305,8.792008,5.19797,3.436592,11.498439,14.119684,8.4221,-0.009225,2.489348,15.372209,4.96944,5.078155,4.9243226,-390.87744,1859.4226,-1559.3394,-349.23682,-29.463165,352.42493,-18.168316,-1355.0701,1174.9447,-10.713901,-12.846828,-25.322937
192,0.0,0.0,0.0,0.005097216,-0.006984438,-0.99996257,1.0,0.0,0.0,2.1521676,-0.076666445,0.71931887,1.267963,2.8202775,2.0127616,0.06670013,-0.09654133,0.7143659,1.2181512,1.0693102,1.1998407,0.0118835,-0.015269375,0.021479446,-0.033642393,0.11576014,0.020777665,-0.024752123,-0.09544352,-0.011147735,-0.008363797,0.035506297,-0.0022459698,9.392443,5.3235545,2.9101448,11.743863,13.405769,8.4033375,0.006058108,2.731699,16.186258,5.417599,5.001215,4.9561963,-3.8488522,-544.61597,374.97,-39.07013,25.078796,-7.1796913,7.4778137,216.93512,-2317.729,-216.8619,-70.742455,2.342392
193,0.0,0.0,0.0,0.005097216,-0.006984438,-0.99996257,1.0,0.0,0.0,2.158916,-0.07562429,0.71660066,1.2628242,2.8380191,2.0175097,0.064118855,-0.095092736,0.691493,1.2189072,1.0758903,1.1991073,0.019144282,0.11982787,-0.09591217,-0.030727988,0.0879963,0.037781432,-0.014359142,0.3601367,-0.6299951,0.021696236,0.032599412,-0.007360416,9.549597,5.041572,2.9866831,11.89467,13.35428,8.861491,-0.50558436,2.7987254,16.881691,5.6987705,4.722336,5.237385,-202.28578,1709.4219,-1313.818,-70.51309,-16.893127,174.09348,20.738243,4229.475,-7010.345,-55.103516,7.2043114,32.595108
194,0.0,0.0,0.0,0.005097216,-0.006984438,-0.99996257,1.0,0.0,0.0,2.1679137,-0.08011783,0.72146827,1.2594308,2.8544145,2.0253954,0.05574875,-0.085880436,0.7117103,1.2166191,1.0796543,1.2021312,0.040987436,-0.009039959,-0.013625796,-0.014982859,0.078144096,0.044174235,-0.048084553,-0.40529838,0.28113353,0.0117838485,0.024434866,0.011090364,7.7293515,4.8807034,4.3815384,12.2978735,17.663858,7.3258405,0.4595846,2.6062827,13.100138,3.3448315,7.3538103,4.79886,-71.16617,379.08545,-501.99164,84.30536,-0.76474,51.436817,44.01905,-8688.804,5926.523,392.42813,13.419998,-7.6670074
195,0.0,0.0,0.0,0.005097216,-0.006984438,-0.99996257,1.0,0.0,0.0,2.1599824,-0.078659534,0.7223238,1.2504348,2.8786232,2.0219166,0.057256594,-0.09545679,0.6955051,1.2065212,1.1052157,1.2007577,-0.050769396,-0.0033670124,-0.0077401823,-0.03791238,0.15653531,-0.029701862,0.012624154,0.06986541,-0.20516685,-0.06838026,0.14185181,-0.004643743,10.504629,4.8558106,1.2971704,12.444756,11.010231,9.603878,-0.18659078,3.64224,19.571507,7.2811723,3.9369776,5.3629756,-44.669266,538.187,-721.4044,-44.586426,55.684784,89.405685,19.060493,3197.6682,-3381.3774,1.6506281,-120.9147,-2.3091202
196,0.0,0.0,0.0,0.005097216,-0.006984438,-0.99996257,1.0,0.0,0.0,2.1711233,-0.0804516,0.7184179,1.2526833,2.8799424,2.0341632,0.053810608,-0.108627684,0.7224558,1.2066773,1.1078254,1.2059717,0.09355253,-0.02443623,-0.012249955,0.028285477,-0.043381438,0.07524218,-0.012803207,-0.30906403,0.5883426,0.0402056,-0.030724276,0.02815705,8.409151,4.969269,4.051803,11.58413,15.183147,8.384391,-0.04097997,2.4891043,14.899754,4.644385,5.636814,5.232059,33.689415,-51.340668,21.91037,53.831665,-50.993057,-4.5310354,35.00109,-1866.7756,7145.155,490.2345,-11.257103,-53.630882
197,0.0,0.0,0.0,0.005097216,-0.006984438,-0.99996257,1.0,0.0,0.0,2.1722643,-0.08129405,0.7172009,1.2527968,2.882273,2.0386336,0.051149867,-0.09321894,0.72647494,1.2069107,1.1166645,1.209425,-0.008797273,-0.046563264,0.059375133,-0.02771216,0.044293422,0.013492751,-0.014372836,0.04613698,0.036908686,-0.005903035,0.053850245,0.016757647,10.730673,5.1112294,0.6703928,11.639909,9.620337,9.044803,1.16317,3.86552,21.138485,7.7426295,3.4256964,5.763666,27.740139,-637.8943,721.37146,-268.32135,184.10037,-21.992012,-3.33667,112.71301,-1424.897,-20.455761,-7.5226097,10.601213
198,0.0,0.0,0.0,0.005097216,-0.006984438,-0.99996257,1.0,0.0,0.0,2.188904,-0.07507642,0.71661913,1.2592312,2.8665109,2.047449,0.059427492,-0.08446513,0.7155894,1.2110921,1.1069354,1.2181871,0.09947977,0.031485256,0.001126848,0.0872679,-0.10187192,0.044237204,0.056820154,-0.058295455,-0.012765466,0.016007278,-0.06286543,0.03924369,8.377727,5.1717825,3.9124799,10.994742,14.189154,8.300524,0.40874565,2.3888655,16.954676,5.4744205,4.937066,5.614223,-17.807459,-1454.8225,1513.0858,489.84827,1.3472595,-7.538659,181.18623,-1836.1368,1528.6575,-240.6289,14.893799,-28.153702
199,0.0,0.0,0.0,0.005097216,-0.006984438,-0.99996257,1.0,0.0,0.0,2.1908097,-0.07993539,0.7184994,1.2637738,2.8591356,2.0501428,0.062303573,-0.10157939,0.708515,1.2125701,1.1080673,1.224048,-0.016072849,-0.023168625,-0.0129380515,0.001618978,0.015231607,0.013117072,0.009815271,-0.12716287,-0.078528024,0.0049149594,0.011993713,0.027124254,9.4740095,5.338738,2.9279175,11.415447,12.796249,8.6503105,-0.1377493,2.579628,17.281748,5.6910377,4.237741,5.1039424,-11.241158,-30.432007,-27.53775,-176.9863,265.27472,4.4580917,-51.591896,387.38544,-1732.6699,1.7373962,-28.122063,-25.560024
200,0.0,0.0,0.0,0.005097216,-0.006984438,-0.99996257,1.0,0.0,0.0,2.1966581,-0.083465494,0.719645,1.2596146,2.8673599,2.0571551,0.058270928,-0.08739283,0.7051098,1.212313,1.1041926,1.225912,0.018120334,0.06013451,-0.05150919,-0.02412234,0.044166926,0.04285513,-0.026648203,-0.02779288,0.119685054,-0.01717183,-0.015621722,0.0072476077,9.320922,5.222379,3.1532845,11.648699,13.437479,8.873701,-0.19640456,2.6073198,16.584057,5.3687053,4.64347,5.1360803,-29.43692,736.3169,-729.6826,103.36041,25.272156,-47.157272,88.78337,-8466.862,6571.9517,468.1834,143.49057,-163.5799
201,0.0,0.0,0.0,0.005097216,-0.006984438,-0.99996257,1.0,0.0,0.0,2.20103,-0.07946033,0.7211288,1.2551662,2.8809752,2.065025,0.054361153,-0.08661845,0.69150823,1.2136539,1.1047807,1.2267696,0.009547255,0.05832873,-0.017952962,-0.020875765,0.067316286,0.047415644,-0.021343036,0.30463243,-0.43484935,0.016323749,0.0051332074,0.0069398033,9.627917,5.35195,2.5131447,11.737455,12.831535,8.826513,0.3597902,2.8835306,17.642637,6.1129956,4.65236,5.2590466,-278.68817,1753.9634,-1819.5784,-81.48712,-20.55365,234.35594,-44.27384,4424.5337,-5213.32,10.12944,25.625076,43.80132
202,0.0,0.0,0.0,0.005097216,-0.006984438,-0.99996257,1.0,0.0,0.0,2.209013,-0.08072562,0.72139686,1.2529424,2.8894503,2.0703828,0.05498576,-0.08287108,0.71178854,1.2081774,1.1052821,1.2302626,0.042803023,-0.041097466,0.021718707,-0.011770634,0.042112656,0.024034698,-0.006154431,-0.34748602,0.3134268,-0.021880006,0.008800183,0.0120702265,7.937944,5.1293488,4.530107,11.5585165,16.425974,7.6085153,0.21498145,2.3720112,14.15869,4.0996876,6.4954653,4.8164916,7.321577,-92.32672,14.032959,33.577698,-2.2065887,-5.542013,57.467743,-8904.592,5395.8535,487.86282,47.823174,-14.528858
203,0.0,0.0,0.0,0.005097216,-0.006984438,-0.99996257,1.0,0.0,0.0,2.2016442,-0.07885584,0.72051865,1.2473007,2.9085062,2.0651774,0.054701168,-0.11916366,0.72291607,1.2012936,1.1222825,1.2282251,-0.048325103,0.005399266,-0.018319404,-0.024859516,0.13727573,-0.025749642,-0.006679372,-0.711732,0.5422076,-0.058694936,0.093721166,-0.008004941,10.58506,5.069284,1.59371,12.306527,11.202974,9.73713,-0.12982427,3.4373884,19.686285,7.2451673,3.9655163,5.350371,-63.008373,533.1871,-659.4188,-78.200745,136.96655,127.30658,-1.2167495,-10333.028,10811.586,-42.51796,-7.546623,3.8223915
204,0.0,0.0,0.0,0.005097216,-0.006984438,-0.99996257,1.0,0.0,0.0,2.211885,-0.07805204,0.72010446,1.2475914,2.9086688,2.0778687,0.05169511,-0.082329206,0.6933475,1.2092818,1.1202724,1.232132,0.08724755,-0.031910706,0.043916415,0.021722348,-0.026382878,0.06997109,-0.026040709,-0.35111043,0.25377735,0.081759945,-0.030633396,0.017509433,9.804174,4.710268,1.1463861,11.554157,11.141911,9.709837,1.2748984,3.6233158,20.602472,7.451899,3.9475129,6.5269485,19.868643,-403.47565,259.6148,491.0939,184.58174,-44.09099,93.184814,-5877.415,3786.6143,490.4601,6.047226,-46.767487
205,0.0,0.0,0.0,0.005097216,-0.006984438,-0.99996257,1.0,0.0,0.0,2.2210274,-0.076372646,0.7161318,1.2527674,2.9011188,2.0920372,0.06099442,-0.09683596,0.7081537,1.2113734,1.1117234,1.2467245,0.027538896,0.109443404,-0.09487291,0.022786325,-0.039099295,0.08521564,0.060839053,-0.14664792,0.08698072,-0.043567978,-0.034383953,0.06919254,9.090742,5.053675,2.6106033,11.120251,12.185898,9.056437,0.8001903,2.7065606,19.29944,6.575958,3.867852,5.934162,-297.33157,1750.2687,-1302.3157,-75.01666,-41.971054,275.0965,-268.2187,-124.12143,-515.5875,275.76593,196.17517,138.9195
206,0.0,0.0,0.0,0.005097216,-0.006984438,-0.99996257,1.0,0.0,0.0,2.2229626,-0.076274715,0.7173661,1.2533201,2.9020886,2.0990407,0.06872651,-0.056057375,0.6984495,1.2151552,1.1044267,1.254468,-0.008839698,0.10464271,-0.085524105,0.018509902,0.008859248,0.05326525,0.0504869,0.12268769,0.14756916,-0.017748019,-0.049333446,0.021853622,9.121095,5.4816346,2.6811402,11.219206,13.03245,8.906162,1.0007423,2.5555215,17.455383,5.9033084,4.4774146,5.2142053,-254.53854,1811.1372,-1387.4817,-47.096436,-152.95816,296.01627,254.59074,-10759.696,5153.3877,-1554.2593,-182.68463,-169.91763
207,0.0,0.0,0.0,0.005097216,-0.006984438,-0.99996257,1.0,0.0,0.0,2.2255301,-0.0797902,0.72031456,1.250693,2.9107108,2.1038878,0.07736175,-0.08893164,0.72661066,1.2108449,1.1036339,1.2548096,0.00816822,-0.00034463243,-0.022962956,-0.0030626417,0.049261536,0.027174095,0.036182743,0.014622177,-0.043651033,0.035028443,0.00186572,0.005850815,9.318169,5.625626,2.7158773,11.35543,13.195717,8.558281,0.8997849,2.7125766,17.67177,6.1720624,4.9334793,5.1353745,-70.503494,436.08395,-505.4076,165.83636,-2.9143372,51.93564,-30.365097,548.8849,-624.1127,424.36386,1.2424488,-0.41665268
208,0.0,0.0,0.0,0.005097216,-0.006984438,-0.99996257,1.0,0.0,0.0,2.2290447,-0.07930667,0.71710134,1.2486037,2.921,2.1062512,0.083772436,-0.086481296,0.71446246,1.2138308,1.1066283,1.2545937,0.0038180195,0.078582995,-0.066748954,-0.01416514,0.05244636,0.02560771,0.04096357,-0.11160763,0.025587425,-0.002213492,0.015845358,-0.00636103,9.401557,5.374596,3.302207,11.644782,13.948946,8.7753725,0.04197539,2.640584,16.90947,5.6997824,5.1231556,5.1148753,-247.39267,1630.5773,-1296.2832,47.57605,-23.581192,223.17589,40.62201,-926.79016,817.36426,-123.74771,2.082344,-12.200027
209,0.0,0.0,0.0,0.005097216,-0.006984438,-0.99996257,1.0,0.0,0.0,2.2341645,-0.078297704,0.71998304,1.2430562,2.9385734,2.1095464,0.08261405,-0.08051625,0.6951385,1.2164873,1.1113913,1.254063,0.026711619,-0.030953562,0.046106838,-0.03197745,0.08593573,0.015774779,-0.022943579,-0.1469599,0.12147899,0.023351124,0.028109271,0.0015378086,9.819414,5.3614573,2.717637,11.927031,13.383133,9.087006,0.12996139,2.8661838,17.30719,5.9575467,4.9741697,5.1748257,-15.548042,-413.1983,227.23018,-92.51782,-0.37597656,8.157572,-147.02452,-9579.999,6182.406,97.29507,10.109856,-3.139824
210,0.0,0.0,0.0,0.005097216,-0.006984438,-0.99996257,1.0,0.0,0.0,2.2417812,-0.074571654,0.71618176,1.2401932,2.9505413,2.1170244,0.08238616,-0.105862886,0.7137907,1.2125612,1.114468,1.2540976,0.04327262,0.018681174,0.0018424653,-0.023771347,0.055348314,0.032784257,-0.014519575,-0.44629383,0.3938128,0.024045046,0.020332742,0.0048619714,9.921979,5.1736627,2.8919826,11.921352,13.14328,9.195467,-0.27744973,2.8917775,18.089582,6.194934,4.716837,5.367163,278.26364,-1318.862,1385.7538,-231.56927,15.971008,-269.18402,68.89342,-4356.758,3680.6475,489.4424,36.585316,-3.9289474
211,0.0,0.0,0.0,0.005097216,-0.006984438,-0.99996257,1.0,0.0,0.0,2.2506933,-0.07561347,0.71898174,1.2381972,2.9602754,2.1245754,0.07622655,-0.09309396,0.6945493,1.2192045,1.1150153,1.2572436,0.045039013,0.037278175,-0.040159907,0.0032807395,0.041867252,0.03612895,-0.0340494,0.34295052,-0.4760118,0.028269112,0.00062931183,0.017514065,10.225874,5.0951858,1.7252767,11.789829,11.408245,9.690695,0.7275661,3.315901,20.231838,7.271916,4.0932717,5.866422,195.9075,-622.25,287.8464,0.356781,-27.63269,-203.42906,-46.361626,3530.2385,-4543.825,-263.3203,22.213333,100.56491
212,0.0,0.0,0.0,0.005097216,-0.006984438,-0.99996257,1.0,0.0,0.0,2.2628193,-0.07953759,0.7194224,1.2412328,2.9541597,2.1361496,0.08245904,-0.11423568,0.71744704,1.1837102,1.1103466,1.265738,0.055879988,0.003238796,-0.025694141,0.02448818,-0.02989991,0.0629551,0.018631492,0.021548431,-0.1050476,-0.11989083,-0.02109415,0.03950767,7.563814,5.1314964,4.9636054,11.589581,17.260881,7.485539,0.6329988,2.269548,14.064827,3.6568625,6.8038855,4.759931,-82.55656,563.41547,-586.777,146.00272,47.38685,75.56329,-35.944294,6380.5317,-10477.321,438.82858,30.358612,-13.84198
213,0.0,0.0,0.0,0.005097216,-0.006984438,-0.99996257,1.0,0.0,0.0,2.2538643,-0.0773669,0.7162848,1.2392379,2.9607642,2.1311522,0.08558993,-0.09724741,0.70602,1.1700045,1.1262605,1.2632847,-0.06917389,-0.032579295,0.04331074,-0.03961258,0.07149132,-0.049814664,0.018987006,0.14611483,-0.2189724,-0.043153837,0.11300995,-0.017641507,9.876572,5.420458,2.766176,12.185221,13.847288,8.995721,-0.6848608,2.9462442,16.233025,5.438085,5.1386576,4.589838,28.7037,-678.3351,692.2765,-254.68808,219.97693,-23.064371,15.86245,5322.7437,-5540.397,83.46107,29.675285,-31.054167
214,0.0,0.0,0.0,0.005097216,-0.006984438,-0.99996257,1.0,0.0,0.0,2.2578247,-0.07686471,0.7185866,1.2347895,2.976583,2.1353142,0.07690746,-0.0829727,0.69345695,1.1721839,1.1343157,1.2579495,0.04221171,-0.008139119,-0.011368112,-0.005931971,0.07409377,0.024980707,-0.062954664,-0.0937246,0.029057786,0.017336432,0.031319167,-0.02696544,9.007673,5.188168,3.8639445,11.996737,14.995674,8.420313,-0.54262507,2.7375813,15.310081,4.944467,5.9824915,4.8577123,-20.890125,95.81311,-462.3618,109.05359,-30.011475,29.357573,-122.1442,-11336.6045,7857.521,-81.04168,-7.464266,-2.1141968
215,0.0,0.0,0.0,0.005097216,-0.006984438,-0.99996257,1.0,0.0,0.0,2.2574675,-0.07744945,0.71728045,1.2280825,2.9986029,2.1357827,0.06822849,-0.10092892,0.71360385,1.1744078,1.148531,1.2557737,-0.0023241774,0.01644939,-0.012456849,-0.043239262,0.12223275,-0.0008886302,-0.043727282,-0.20516491,0.053035077,0.015043828,0.07147837,-0.0067931055,10.045317,5.214478,2.6121573,12.29056,13.2956295,9.107941,-0.62747014,3.1158679,17.359455,5.988507,4.941637,5.156926,206.15987,-906.7915,866.2964,-103.23474,33.78784,-219.40057,118.363434,1487.4961,-3422.9644,96.472435,1.8332167,-1.2214737
216,0.0,0.0,0.0,0.005097216,-0.006984438,-0.99996257,1.0,0.0,0.0,2.266475,-0.07708825,0.71764505,1.225793,3.009284,2.1421585,0.05963846,-0.09065259,0.70829165,1.1852695,1.1527399,1.2574605,0.050099738,0.011355484,-0.033434235,0.0025645697,0.045234375,0.029771332,-0.046389554,-0.10372186,0.10933405,0.058954507,0.018904453,0.0059046303,9.805433,5.1208405,2.7338161,12.224537,13.618845,9.285718,-0.26756918,3.03209,17.50688,6.0287347,5.008481,5.493932,20.137787,-201.58386,-71.210434,91.88629,-4.085556,-13.838314,101.67438,105.403625,-1095.8105,125.13283,8.224367,19.1301
217,0.0,0.0,0.0,0.005097216,-0.006984438,-0.99996257,1.0,0.0,0.0,2.2736702,-0.07785766,0.718563,1.2226886,3.0210457,2.1502755,0.05460035,-0.0990747,0.70671564,1.1977495,1.1570164,1.2613542,0.03855482,-0.01524471,0.00985908,-0.015065715,0.060408343,0.035985827,-0.017642349,-0.012523516,0.13077252,0.05547123,0.02117536,0.021298552,9.823831,5.2677703,2.603813,11.978155,13.189404,9.079161,0.14078082,3.0144653,18.043303,6.220243,4.8244705,5.5158663,51.15062,-594.3718,631.0885,-83.44943,-7.9166107,-27.002243,48.454697,2830.688,435.33438,85.77908,6.3694563,-9.245765
218,0.0,0.0,0.0,0.005097216,-0.006984438,-0.99996257,1.0,0.0,0.0,2.2802842,-0.07560642,0.71664757,1.2211002,3.0292957,2.156516,0.053771716,-0.069130875,0.68588734,1.2091662,1.1589143,1.2662263,0.036350332,0.011788377,0.009833347,-0.0153955715,0.03735432,0.026839947,0.008454139,0.96980727,-0.5269298,0.055132564,0.01084968,0.021030014,9.820074,5.3415027,2.9195697,11.904114,13.47559,9.013997,0.09475507,2.902294,18.193232,6.2518435,4.9457264,5.5512023,229.50523,-1317.3899,1418.094,-218.68451,-7.7450867,-220.56061,17.47404,7575.2363,-3171.5786,396.207,105.67173,-219.8667
219,0.0,0.0,0.0,0.005097216,-0.006984438,-0.99996257,1.0,0.0,0.0,2.2877495,-0.07533417,0.717704,1.2195984,3.0401976,2.1607676,0.056315094,-0.08175482,0.68880415,1.1995002,1.1607344,1.2687712,0.037682712,0.026502583,-0.017525531,0.004433091,0.048233546,0.020637628,0.012130151,0.68516904,-0.47237706,-0.047292672,0.017301839,0.020167785,7.455352,5.1961637,4.928472,12.454964,19.426022,6.7465763,0.53308904,2.6121836,14.141974,3.6493793,9.122562,4.907917,21.175488,-944.88464,841.4574,-196.5328,-201.11087,7.8849945,-121.92885,9820.27,-3495.7847,486.21783,12.513269,42.126057
220,0.0,0.0,0.0,0.005097216,-0.006984438,-0.99996257,1.0,0.0,0.0,2.2759345,-0.079326496,0.72025,1.2118231,3.0591116,2.148403,0.058950964,-0.094196096,0.714775,1.1867825,1.1900113,1.2668067,-0.090817034,0.006722629,-0.02868987,-0.045866158,0.13205639,-0.07613374,0.011282139,-0.118239895,0.16491078,-0.058575045,0.21604216,-0.011001873,8.48555,5.077816,4.3333387,12.745274,18.342861,7.824853,-0.41205418,2.9210835,14.65867,4.53218,8.445118,4.717147,-59.864323,453.93738,-544.6091,-162.74506,131.85284,64.10063,55.562443,-696.45447,-965.803,96.49283,233.87894,-6.350149
221,0.0,0.0,0.0,0.005097216,-0.006984438,-0.99996257,1.0,0.0,0.0,2.2680008,-0.07783037,0.7199176,1.2010325,3.09089,2.1428118,0.052826855,-0.09558709,0.70459336,1.1834723,1.2264973,1.2628601,-0.029223857,-0.048075546,0.051444042,-0.044289846,0.1985852,-0.03799251,-0.032679334,-0.09189503,-0.009216119,-0.013600105,0.17896174,-0.019349955,10.437813,5.070145,2.1387012,13.202192,13.678001,9.779007,-0.7229234,3.5750012,18.069538,6.6290417,5.2915072,5.5290008,-6.43073,-130.33334,-21.848923,490.5668,406.90375,-65.36219,18.718628,-736.3242,553.67816,30.045565,-11.515093,25.051163
222,0.0,0.0,0.0,0.005097216,-0.006984438,-0.99996257,1.0,0.0,0.0,2.277782,-0.07750429,0.7167544,1.2000085,3.104127,2.1536074,0.044161744,-0.08700225,0.698471,1.195747,1.2396642,1.2671385,0.04536562,0.09753076,-0.085825406,0.002828568,0.03349574,0.087246254,-0.04972883,0.570133,-0.60182613,0.10805184,0.023880702,0.02064754,9.7520275,4.988472,3.3689485,12.610216,14.835985,9.392511,-0.90225136,3.006343,16.928078,5.734489,5.582247,5.626417,-323.94513,1700.353,-1287.7505,-1.2799683,-61.80374,291.0766,-177.90881,1848.2837,-6484.777,-17.155083,-42.5915,10.573875
223,0.0,0.0,0.0,0.005097216,-0.006984438,-0.99996257,1.0,0.0,0.0,2.2838628,-0.075355336,0.7190525,1.1941077,3.1188626,2.1629658,0.033557177,-0.110242486,0.73250943,1.2044922,1.2467115,1.2730806,0.032097258,-0.0048383055,0.0062868,-0.027411047,0.091438904,0.04182641,-0.049177412,-0.51127774,0.93481255,0.016610086,0.034467507,0.030779392,8.242008,5.1240354,4.45712,12.665543,18.4434,7.5088897,0.41104543,2.7370863,13.912682,3.731926,8.216823,5.051352,57.76315,-603.9547,538.46313,-19.023254,31.508698,-14.467846,-17.801529,-5309.683,9461.227,153.59749,12.50391,-56.256493
224,0.0,0.0,0.0,0.005097216,-0.006984438,-0.99996257,1.0,0.0,0.0,2.2768562,-0.08117521,0.7200487,1.1879743,3.1460726,2.156056,0.035009556,-0.09187794,0.71484,1.1981374,1.2744488,1.2721796,-0.044096712,-0.040054236,0.010369135,-0.048042037,0.1458155,-0.042832166,0.014546054,-0.3184311,0.53782904,-0.07810282,0.15850382,-0.001839513,11.567877,5.0186048,-0.3099007,12.219461,9.264,9.495782,1.208615,4.8379054,23.15906,8.86706,3.751744,6.062833,12.899275,-54.388947,27.987,-96.15262,58.966675,-5.2067566,12.692254,-6141.687,10930.492,-38.969513,-3.1709824,-3.4224205
225,0.0,0.0,0.0,0.005097216,-0.006984438,-0.99996257,1.0,0.0,0.0,2.2880113,-0.07590386,0.7185821,1.1871237,3.1429183,2.1649988,0.045142237,-0.10071853,0.7063222,1.2023827,1.282735,1.2804822,0.12120255,0.11325946,-0.08163431,0.04236562,-0.10899141,0.047308955,0.053137183,-0.12537517,-0.002746045,0.07474883,-0.035581846,0.039038803,9.420505,5.04731,2.3169878,11.895651,13.366726,9.773837,1.3065912,3.3692336,20.518425,7.387615,4.9548717,7.1347423,190.29756,1652.9725,-1397.8833,489.70496,-488.13953,-28.601357,23.599644,1547.4889,-1687.5306,487.81656,-417.9638,-18.858711
226,0.0,0.0,0.0,0.005097216,-0.006984438,-0.99996257,1.0,0.0,0.0,2.2948248,-0.07877368,0.7212789,1.1930445,3.137456,2.1775014,0.056189697,-0.11868382,0.71614534,1.2255768,1.2820394,1.2977496,0.008669008,0.0010064067,-0.02154365,0.014259036,0.011542513,0.06934921,0.053335574,-0.073840044,-0.14644574,0.13407713,-0.0017612878,0.08641766,9.557426,5.627628,3.1790595,11.618633,14.166336,9.209773,0.77916896,2.5923576,17.708372,5.8339834,4.9830937,5.667961,-112.52862,482.54364,-565.78033,-2.915619,174.54199,91.29931,98.869804,7162.8994,-9771.945,134.98857,12.421856,-21.354774
227,0.0,0.0,0.0,0.005097216,-0.006984438,-0.99996257,1.0,0.0,0.0,2.2974825,-0.07844869,0.7189599,1.1913091,3.1463728,2.1861312,0.062025353,-0.0983275,0.7074224,1.238568,1.2819685,1.3019136,-0.0034178072,0.07887943,-0.062510364,-0.014534858,0.052511174,0.05935667,0.027321173,0.15372796,-0.18657684,0.054646682,0.00020918541,0.015036474,10.15532,5.5813384,3.616038,12.176733,14.619671,9.453177,-0.26267493,2.612505,17.230963,5.5654035,5.385106,5.3361373,-323.34314,1715.6436,-1409.466,70.786896,-42.074646,284.53247,32.726536,4973.1333,-5618.136,-34.039387,-4.9343033,11.49324
228,0.0,0.0,0.0,0.005097216,-0.006984438,-0.99996257,1.0,0.0,0.0,2.3061478,-0.0778669,0.71770144,1.1873771,3.1615105,2.1959171,0.05722278,-0.0969011,0.6984403,1.2450217,1.2858031,1.3019731,0.032757502,0.090312384,-0.07604068,-0.011735077,0.07505015,0.0637914,-0.02959655,0.3521882,-0.5755844,0.044309136,0.020336937,-0.0018378288,10.108284,5.670044,3.8009,12.289291,15.2939415,9.088391,-0.14927493,2.6638432,16.494608,5.314795,6.1621785,5.245279,-226.94968,1702.0015,-1344.7474,90.201324,-51.287262,220.54956,52.487976,3811.5662,-6529.7393,-80.49896,-14.482605,4.708931
229,0.0,0.0,0.0,0.005097216,-0.006984438,-0.99996257,1.0,0.0,0.0,2.314373,-0.07653737,0.7189492,1.1813782,3.1817036,2.2024877,0.059947565,-0.088835955,0.69566375,1.2280625,1.2980611,1.3031883,0.042860236,-0.002430248,0.03242087,-0.037114426,0.10203695,0.029059222,-0.015031275,-0.047631934,0.19397537,-0.035976138,0.047517244,0.00039487035,9.276576,5.2780004,4.7716045,12.730738,18.285036,8.422276,-0.08406411,2.644503,14.420121,3.974612,8.057933,5.0507917,201.2963,-1380.6062,1583.033,-239.32953,15.830109,-198.15958,-15.441381,-6460.544,10294.51,455.01514,-4.997564,3.4410934
230,0.0,0.0,0.0,0.005097216,-0.006984438,-0.99996257,1.0,0.0,0.0,2.3151102,-0.07733893,0.7181499,1.1740295,3.2127268,2.201134,0.056659743,-0.09841524,0.709642,1.2189056,1.3240945,1.3006206,0.004246654,0.092367575,-0.07858481,-0.016868513,0.20793128,-0.016405253,-0.017436674,-0.13266158,0.17910789,-0.05023038,0.13859941,-0.014842889,11.247413,5.4024844,2.5447807,13.120127,13.753544,9.9927635,-0.8460561,3.4244497,18.978771,6.7574396,5.372664,5.5007205,-8.964413,1748.4562,-1353.9291,490.45566,494.32263,-99.29311,-25.438358,-83.36737,-1575.6904,147.17233,-20.22208,-45.502037
231,0.0,0.0,0.0,0.005097216,-0.006984438,-0.99996257,1.0,0.0,0.0,2.3307912,-0.07544945,0.7182948,1.1719111,3.226305,2.214135,0.046591375,-0.08233425,0.6943304,1.225964,1.3306538,1.3022652,0.08934111,0.041364174,-0.04413352,0.0026231322,0.027423522,0.07054987,-0.05653077,0.60997385,-0.65642637,0.093932204,0.0052710427,0.0060878177,10.528658,5.3281274,2.7559795,12.909106,14.619482,9.976419,0.002354037,3.2983303,18.384443,6.514028,5.7825956,6.137845,272.86972,-619.59863,232.63675,116.575836,-56.636467,-297.59683,-154.12878,1984.9197,-6748.341,271.4602,-15.930313,5.5363045
232,0.0,0.0,0.0,0.005097216,-0.006984438,-0.99996257,1.0,0.0,0.0,2.3432803,-0.08148454,0.7210957,1.1694077,3.2383776,2.2270927,0.044440705,-0.0921334,0.716573,1.2398747,1.3349141,1.3100444,0.06065903,-0.050030977,0.028353482,-0.014362513,0.06937063,0.06591158,-0.0056532123,0.0018835947,-0.06306901,0.056779232,0.013828243,0.036089595,8.226233,5.1526437,5.101539,13.112242,19.787064,7.6763077,0.3240465,2.6802154,14.197525,3.3252258,8.835626,5.155037,-12.232237,-9.843048,-77.17557,24.262054,49.1008,23.96788,61.306793,159.89218,-537.2614,-461.86548,-110.42757,-29.24474
233,0.0,0.0,0.0,0.005097216,-0.006984438,-0.99996257,1.0,0.0,0.0,2.3349159,-0.07569664,0.71657604,1.1623572,3.262162,2.2279725,0.045851283,-0.10006745,0.7040275,1.2318143,1.3597269,1.3077836,-0.07332342,0.11267475,-0.089338996,-0.0395267,0.13432434,-0.023821188,0.007068558,-0.06306655,-0.05830419,-0.07704451,0.17256778,-0.013314943,11.151733,5.4093137,2.976884,13.302333,14.865786,10.009869,-1.30051,3.2922812,17.911184,6.04423,5.719862,5.404083,-240.78053,1890.9397,-1506.8667,43.20456,-83.03104,55.920105,-0.28600532,679.5795,-847.095,-69.18082,77.09278,-7.7199707
234,0.0,0.0,0.0,0.005097216,-0.006984438,-0.99996257,1.0,0.0,0.0,2.3426847,-0.07826035,0.72007155,1.1603221,3.2750607,2.239165,0.033086184,-0.10130183,0.68306506,1.2315086,1.3718303,1.3078594,0.084311426,0.021401968,-0.0388039,0.013096608,0.057484783,0.071352884,-0.061436266,0.5850166,-0.661501,0.045561828,0.017084904,0.0012141559,10.333582,5.4223332,3.3415458,13.09089,15.56918,9.726654,-0.30943167,3.0988812,16.919273,5.596914,6.3353176,5.818956,54.522934,313.7706,-422.3405,71.03833,2.1903687,34.246857,122.96548,5604.142,211.624,77.80577,-55.608902,48.566345
235,0.0,0.0,0.0,0.005097216,-0.006984438,-0.99996257,1.0,0.0,0.0,2.3522902,-0.080586806,0.7191766,1.1582049,3.2910943,2.2497272,0.028932316,-0.08480378,0.6980302,1.234305,1.3791928,1.311246,0.0323685,0.05382322,-0.03497161,-0.017720848,0.0827847,0.068905145,-0.019639907,0.4278353,-0.60696393,0.009159067,0.023937281,0.008785146,8.740747,5.1310515,5.0981402,13.440391,19.996109,7.9822254,-0.020052541,2.8244705,14.381597,3.4553025,9.093943,5.2807336,-268.69934,1730.1243,-1560.0665,129.92972,-53.675262,247.04745,80.14419,4070.6487,-7651.091,-302.08954,-49.266342,1.0494385
236,0.0,0.0,0.0,0.005097216,-0.006984438,-0.99996257,1.0,0.0,0.0,2.3463225,-0.07753642,0.71567297,1.151661,3.313086,2.247998,0.029960917,-0.09820604,0.7017268,1.2107221,1.4045911,1.3089575,-0.03441074,0.008119288,0.008245177,-0.04513761,0.12376758,-0.035656314,-0.007207215,-0.06223891,-0.031866055,-0.079769515,0.17778699,-0.0064888312,9.669533,5.0986485,4.647241,13.564499,19.339426,8.8348255,-0.7591282,2.965829,14.857428,4.2202306,8.743388,5.234995,187.82332,-1203.6262,1334.0417,-234.1633,89.65466,-198.74857,4.994378,-323.6675,292.1819,188.70308,8.036257,-25.28949
237,0.0,0.0,0.0,0.005097216,-0.006984438,-0.99996257,1.0,0.0,0.0,2.3480427,-0.079045266,0.72107816,1.1412984,3.3430212,2.2498322,0.02168736,-0.099111505,0.71926254,1.2022556,1.4361398,1.3074062,0.014453672,-0.059543796,0.09218296,-0.06558904,0.16394186,0.0065158973,-0.047066107,-0.38829768,0.5049867,-0.05437253,0.15393332,-0.005575797,10.978891,5.257193,2.9944963,13.706393,15.537516,10.118341,-1.462978,3.436005,17.31106,5.912995,6.132461,5.7222533,49.689835,-823.9867,962.6688,-160.26056,114.665375,-19.81694,9.557226,-10363.251,12876.57,-128.09201,-25.418476,-11.45945
238,0.0,0.0,0.0,0.005097216,-0.006984438,-0.99996257,1.0,0.0,0.0,2.3619726,-0.07629118,0.71786726,1.1392587,3.3615544,2.2638805,0.0067189084,-0.10926843,0.71249837,1.2071198,1.4474927,1.3109498,0.063518174,0.10465999,-0.086429484,0.00062109163,0.07591153,0.08168956,-0.07036612,-0.057529505,0.014676543,0.052086342,0.02640902,0.016961303,11.269032,5.0638194,1.827465,13.359026,12.808617,10.541237,-0.22994862,3.8807616,21.129578,7.7641406,4.8939824,6.820705,-239.75871,1790.4601,-1412.0912,36.36331,-80.351105,110.74719,74.528534,6803.02,-7164.6445,284.51343,-0.69766235,-36.901134
239,0.0,0.0,0.0,0.005097216,-0.006984438,-0.99996257,1.0,0.0,0.0,2.3797781,-0.07909635,0.7182928,1.1425978,3.357705,2.279785,0.005259206,-0.08079908,0.70715857,1.2251374,1.4404798,1.3242042,0.08996116,-0.020804422,-0.015450276,0.028928343,-0.03528414,0.07938645,0.009937019,-0.022481984,0.03550857,0.048578244,-0.048031654,0.067255795,9.93354,5.53085,3.5538063,12.47472,15.612583,9.570925,0.41259134,2.8585472,17.917654,5.913049,5.9745035,6.299502,0.49011803,-11.950012,-94.34732,63.332825,-14.719822,1.0160599,74.007095,-176.92587,-92.78369,-572.40295,-19.005598,12.602638
240,0.0,0.0,0.0,0.005097216,-0.006984438,-0.99996257,1.0,0.0,0.0,2.377616,-0.074876994,0.71549004,1.1418301,3.3602076,2.2840765,0.010955803,-0.094905965,0.7051787,1.2250506,1.4410603,1.3324821,-0.029037833,0.029537594,-0.0016768093,-0.02300295,0.04247047,0.018495655,0.026148146,-0.014088194,-0.10339387,-0.00096194353,0.0068170503,0.04093568,10.81013,5.699331,3.2797515,12.633012,14.755291,9.81768,-0.15588437,2.907238,18.473665,6.087138,5.4622893,5.936658,464.14496,-1444.8359,1441.7789,-276.98398,266.0097,71.82329,-11.635185,496.80756,-731.9369,80.22409,-5.537369,-4.981697
241,0.0,0.0,0.0,0.005097216,-0.006984438,-0.99996257,1.0,0.0,0.0,2.3811233,-0.075463444,0.7195404,1.1401151,3.3683844,2.2896874,0.011066656,-0.078366145,0.70510983,1.2177728,1.4385647,1.3383136,0.012245511,0.03813029,-0.036838576,-0.004739663,0.030819297,0.026690701,-0.011174817,0.055021573,0.07360932,-0.021214936,-0.004787586,0.028057242,10.436035,5.6568484,3.952273,12.667149,15.807768,9.799903,-0.5121137,2.6764321,17.332916,5.510517,6.077276,5.771161,363.83624,-734.5692,388.61475,-98.97,101.065704,64.67174,31.992857,-257.52786,-405.08368,490.2281,21.656921,-24.866108
242,0.0,0.0,0.0,0.005097216,-0.006984438,-0.99996257,1.0,0.0,0.0,2.3862054,-0.08053209,0.7204511,1.1351649,3.381241,2.2947974,0.006107786,-0.087990046,0.7113596,1.220404,1.442908,1.342008,0.03269673,-0.038907465,0.00884314,-0.03041103,0.079260126,0.027690694,-0.0215042,-0.022641405,-0.066674314,0.0074723326,0.016900206,0.01744531,10.905261,5.7332067,3.2594342,12.880898,15.034,9.871437,-0.31018984,3.0090446,18.245615,6.1385875,5.896555,5.841167,83.63546,-98.180756,87.394684,-42.376404,41.4758,25.404858,-28.439472,1219.1216,-1702.2263,-4.9356995,-18.770369,10.975176
243,0.0,0.0,0.0,0.005097216,-0.006984438,-0.99996257,1.0,0.0,0.0,2.3860219,-0.07823852,0.72205716,1.1282245,3.390891,2.2988229,0.0065143905,-0.12535839,0.73232865,1.2156223,1.4433572,1.3461196,0.007975115,0.071719274,-0.043945488,-0.027049173,0.039379578,0.009150488,0.043900337,-0.7094887,0.7708063,-0.124923885,-0.009396913,0.00803402,10.756712,5.5830636,3.81387,12.8902645,15.760296,9.9948845,-0.69926655,2.8569856,17.625036,5.7259,6.105583,5.825618,-524.779,1734.1093,-1555.3167,176.56647,-201.32553,-248.7968,587.378,-8206.589,11187.559,-1901.8174,-142.19945,-160.04654
244,0.0,0.0,0.0,0.005097216,-0.006984438,-0.99996257,1.0,0.0,0.0,2.3933897,-0.07839171,0.72054625,1.1227072,3.405838,2.3047395,0.0015387982,-0.09674934,0.73505783,1.2095021,1.4484541,1.3511597,0.042900905,-0.036218926,0.013990082,-0.031668503,0.08481566,0.027717654,-0.03942204,0.016229203,0.082540765,0.020564277,0.02632002,0.024484014,11.866587,5.407437,0.5064958,12.547096,11.178856,10.787491,1.4165741,4.2765183,22.69856,8.381569,4.4299994,6.664676,-96.84235,134.82489,-372.73343,126.1102,-34.908676,-84.873474,20.520384,316.98425,-3045.2366,481.86575,-1.3451538,1.7749557
245,0.0,0.0,0.0,0.005097216,-0.006984438,-0.99996257,1.0,0.0,0.0,2.4012423,-0.078541294,0.7215252,1.1222907,3.3918335,2.317148,0.011623487,-0.08681911,0.70943326,1.225587,1.4386789,1.3646457,0.06652592,-0.033517417,0.024766421,0.0047535575,-0.12183695,0.07436633,0.072035514,0.06297692,-0.16329221,0.06815658,-0.071860574,0.06946742,9.800647,5.660073,4.263173,12.13066,16.182438,9.743296,0.4940108,2.6419773,18.30505,5.9984107,6.1934958,6.2311997,234.98581,-14.190918,-301.8676,130.02841,-27.330877,7.010517,3.7277718,26.570862,-234.8765,-310.06726,-48.080482,-52.20952
246,0.0,0.0,0.0,0.005097216,-0.006984438,-0.99996257,1.0,0.0,0.0,2.4019074,-0.079887435,0.7182638,1.1253151,3.3847451,2.3214881,0.018351572,-0.09611301,0.6956472,1.2263306,1.4400241,1.3721557,-0.0004269952,-0.011027007,-0.019158049,0.008836283,0.010540744,0.02135988,0.023659205,0.09603743,-0.21654396,0.005919808,0.023751726,0.04449414,10.71741,5.912371,4.118212,12.385459,15.542501,9.759571,-0.50565684,2.4817305,17.400976,5.440351,5.8701525,5.3683662,126.58341,-266.05466,205.14981,-141.7669,242.70648,54.95337,-95.72919,2172.7563,-2261.238,105.414734,69.80059,102.59561
247,0.0,0.0,0.0,0.005097216,-0.006984438,-0.99996257,1.0,0.0,0.0,2.4031026,-0.07853624,0.7186119,1.1209623,3.394957,2.3230176,0.015887886,-0.09497281,0.7053728,1.2126979,1.442523,1.3722445,-5.9214766e-05,-0.0009671184,0.034808498,-0.042152904,0.07430384,0.018751612,-0.014414965,0.3759745,-0.120764114,-0.012178475,0.01569298,-0.0008594805,10.75255,5.833738,4.202416,12.7827,16.19207,9.802656,-0.6959406,2.703023,16.698912,5.179439,6.5666037,5.346417,432.9177,-1494.1155,1690.3815,-413.0709,211.55838,341.26505,60.401413,11310.122,-6694.6626,471.9086,13.159584,-25.281662
248,0.0,0.0,0.0,0.005097216,-0.006984438,-0.99996257,1.0,0.0,0.0,2.4053123,-0.07581664,0.7154417,1.1137952,3.4137032,2.3254685,0.00826933,-0.08828418,0.72116387,1.2145993,1.4521036,1.3717737,-0.0004083047,0.014047585,0.0022905967,-0.045988075,0.09877177,0.01789679,-0.036808148,0.0873841,-0.09695111,0.016600046,0.04837173,-0.0021640805,10.744389,5.8261166,4.3562202,12.843764,16.544392,9.460487,-0.67426884,2.803268,17.005714,5.571012,7.086295,5.378515,469.25446,-1291.667,1367.4978,-303.09024,226.37042,355.84827,33.82726,-174.84839,596.22974,-61.666588,-4.8380585,9.247147
249,0.0,0.0,0.0,0.005097216,-0.006984438,-0.99996257,1.0,0.0,0.0,2.4093058,-0.07439111,0.71686244,1.1034042,3.436835,2.3254967,0.0017856013,-0.082531996,0.70264405,1.2190398,1.4658723,1.3711313,0.013850759,0.017913844,0.007717687,-0.056734312,0.11502155,0.0018342187,-0.025220377,-0.018672604,-0.019440055,0.003919854,0.064109944,-0.006640305,11.051038,5.6951776,3.932239,13.163055,16.210642,10.038444,-1.0048748,2.9313288,17.41554,5.7781205,6.650186,5.5787783,474.27655,-1427.2401,1497.3076,-149.81387,175.7006,251.01799,44.075623,-154.63864,363.96033,-213.84709,-21.725826,-21.696495
250,0.0,0.0,0.0,0.005097216,-0.006984438,-0.99996257,1.0,0.0,0.0,2.4191031,-0.07948324,0.7202193,1.0950798,3.4563928,2.3311033,-0.0053419727,-0.09742259,0.7094749,1.2156895,1.4730226,1.3715339,0.052818336,-0.018758351,-0.005378987,-0.02783203,0.08228121,0.029223919,-0.042286966,-0.068786204,-0.016236747,-0.018318223,0.034436606,0.0033703332,11.247679,5.6306667,3.6760108,13.283981,15.87471,10.275092,-0.9210626,3.038391,17.903357,5.985136,6.4326415,5.7594333,174.69362,-317.58987,290.24164,48.231537,-117.54904,65.50462,-81.485504,939.0531,-1376.8271,173.95844,3.1539268,20.659328
251,0.0,0.0,0.0,0.005097216,-0.006984438,-0.99996257,1.0,0.0,0.0,2.42802,-0.07995882,0.72132266,1.0871993,3.468982,2.338567,-0.013510418,-0.07628953,0.7091136,1.2157878,1.4792004,1.3761928,0.06255915,-0.038839646,0.030950224,-0.03938609,0.07329483,0.041625362,-0.03707346,0.62763196,-0.090794496,-0.023025343,0.021244947,0.03704397,11.231131,5.6179757,3.625274,13.213857,15.76712,10.356392,-0.80881226,3.0188923,17.957954,5.9399304,6.2499495,5.800638,27.204071,-42.920197,-231.97223,148.74164,34.576202,-26.852568,-84.35182,13501.263,-10724.47,-1084.0297,-174.71033,228.8672
252,0.0,0.0,0.0,0.005097216,-0.006984438,-0.99996257,1.0,0.0,0.0,2.4371297,-0.07781192,0.7198409,1.079974,3.481184,2.346657,-0.019642187,-0.07424139,0.71827286,1.2106601,1.4830495,1.3789029,0.056998294,-0.023407333,-0.0030506419,-0.023669839,0.059548844,0.043381177,-0.034675177,-0.14521036,0.09076139,-0.0055070776,0.026119564,0.016671775,10.653736,5.9073997,4.6787,12.673397,17.11979,9.240594,-0.16906606,2.7201743,16.927223,5.5676293,7.5586996,5.465353,10.955948,-0.14138794,-213.23346,163.82108,-79.76076,-1.2290535,-95.076294,-129.54291,251.66496,490.71463,82.366684,44.10227
253,0.0,0.0,0.0,0.005097216,-0.006984438,-0.99996257,1.0,0.0,0.0,2.4421108,-0.07929887,0.71851426,1.0739299,3.4983273,2.3442047,-0.019367052,-0.087605834,0.71200854,1.2096354,1.4976174,1.3786166,0.02022712,-0.016851999,0.03770333,-0.0505138,0.096058,-0.010612493,0.000804213,-0.013084483,-0.09634306,-0.0007635207,0.07189884,-0.00029691806,11.723925,5.6680083,3.2329865,13.403024,15.223839,10.742227,-0.8202616,3.1759639,18.844069,6.519556,6.003825,5.87784,461.16428,-1339.7697,1668.3041,-259.9146,162.52225,209.48453,-67.06444,1097.3684,-1183.7715,134.33508,4.444908,35.641956
254,0.0,0.0,0.0,0.005097216,-0.006984438,-0.99996257,1.0,0.0,0.0,2.4536119,-0.079635926,0.7201072,1.0675892,3.5051885,2.35484,-0.023777515,-0.09382374,0.7005146,1.2090048,1.4977129,1.382793,0.08017578,-0.040711235,0.05392244,-0.040144622,0.040110298,0.06527648,-0.021391435,0.42070857,-0.2228047,-0.030742893,-0.00601431,0.03462832,11.003767,5.642141,4.182309,13.138191,16.460001,10.270044,-0.9247638,2.8222494,17.52255,5.6539907,6.635912,5.799866,230.16089,-463.99564,337.9739,22.174103,99.32318,22.906456,-347.3177,10706.268,-5910.8174,-212.95062,43.629288,243.60422
255,0.0,0.0,0.0,0.005097216,-0.006984438,-0.99996257,1.0,0.0,0.0,2.461639,-0.079765595,0.72055936,1.0604059,3.5195882,2.3622503,-0.03135585,-0.09134652,0.7064427,1.2108046,1.5032506,1.3870137,0.05197474,-0.050207432,0.048604112,-0.042624,0.09319656,0.04025431,-0.030150926,-0.076348305,0.025789788,-0.0010378733,0.023022052,0.01685338,10.907808,5.798001,4.820707,12.77623,17.292349,9.612087,-0.691661,2.5997176,16.44783,5.140639,7.433605,5.3348145,78.47186,-445.24185,525.37366,-58.445312,87.696594,16.575367,73.63401,-434.97824,-102.34781,-248.92426,-35.073368,-14.534172
256,0.0,0.0,0.0,0.005097216,-0.006984438,-0.99996257,1.0,0.0,0.0,2.466188,-0.07917014,0.7189748,1.0522174,3.541303,2.3622355,-0.036699478,-0.102291785,0.709819,1.2077783,1.5154238,1.387013,-0.005763583,0.068072885,-0.041750398,-0.05913746,0.1036005,-0.01019626,-0.036082488,-0.59641594,0.5396399,-0.009291293,0.06641806,4.4033008e-05,11.916162,5.67769,3.58698,13.531636,15.68498,10.74857,-1.302374,3.1032977,18.525282,6.240394,6.2789135,5.7661033,-690.61536,1853.1545,-1725.6144,-173.91275,-225.3729,-190.67055,-7.565108,-5791.332,2315.088,434.76718,19.824095,-46.415283
257,0.0,0.0,0.0,0.005097216,-0.006984438,-0.99996257,1.0,0.0,0.0,2.4770894,-0.07854143,0.7170728,1.0458862,3.5517073,2.3728685,-0.046529587,-0.08490703,0.7025175,1.2013246,1.5175208,1.3915868,0.044046342,0.08653827,-0.07564589,-0.026034912,0.030966569,0.049023725,-0.067984894,-0.23979743,0.10529222,-0.0040081884,0.009434076,0.01896624,11.901866,5.519508,1.6308103,13.226141,12.89064,11.409782,0.6364039,3.8901467,21.820518,8.075241,5.2698946,6.6836276,-539.091,1695.1057,-1378.9628,-92.682434,-254.75429,-143.14421,-51.651695,-10383.488,7385.665,462.18015,-6.6733665,-10.906044
258,0.0,0.0,0.0,0.005097216,-0.006984438,-0.99996257,1.0,0.0,0.0,2.4937913,-0.07855941,0.71914935,1.0446516,3.540132,2.3921056,-0.04048426,-0.11956989,0.72192,1.2110583,1.5094832,1.4040868,0.084231995,-0.014657437,0.04309055,-0.0007425202,-0.07119375,0.09602601,0.08315956,-0.63969916,0.8458217,-0.04042758,-0.044642296,0.07689076,10.487968,5.776875,3.6426277,12.660088,15.913963,10.518052,0.5832561,2.8097582,18.685402,6.2338057,6.183497,6.262901,-157.34613,-1378.8499,1715.5873,-334.75082,-66.723946,-30.197968,583.8586,-1397.797,7681.8887,-2246.0083,-16.838108,166.2699
259,0.0,0.0,0.0,0.005097216,-0.006984438,-0.99996257,1.0,0.0,0.0,2.4962242,-0.07788699,0.7198986,1.0421315,3.5394962,2.4021425,-0.033301126,-0.05280324,0.71362025,1.2034405,1.5093808,1.4127103,0.015981413,-0.046697736,0.06719496,-0.03605799,0.04056886,0.05101207,0.033917364,-0.07690268,0.16024879,0.002311143,0.00489182,0.034461193,12.277588,5.706341,0.90629935,12.320102,11.286951,10.804523,1.7006172,4.070583,23.68633,8.53573,4.550955,6.596836,196.97084,-934.6916,1198.4236,-236.21936,309.5395,17.726177,106.44827,-167.33066,-741.1628,486.36877,8.434364,-17.604244
260,0.0,0.0,0.0,0.005097216,-0.006984438,-0.99996257,1.0,0.0,0.0,2.5117743,-0.07998658,0.718058,1.0442857,3.5214555,2.415268,-0.01578449,-0.041835442,0.70693666,1.2162279,1.4959576,1.4236037,0.10804843,-0.018317478,-0.014668668,0.043260492,-0.14008713,0.06844156,0.088052064,0.10603621,-0.10950496,0.05851025,-0.07478946,0.062457573,10.229585,5.862496,4.3954034,12.150353,16.279312,10.274432,0.46789348,2.520214,19.071913,6.241112,6.1877804,6.2036514,193.03778,-161.965,105.891846,487.34848,19.4261,24.646408,-45.993782,402.72772,-512.2112,-284.71817,5.717621,36.387756
261,0.0,0.0,0.0,0.005097216,-0.006984438,-0.99996257,1.0,0.0,0.0,2.5133262,-0.08078661,0.7201966,1.0470093,3.5085852,2.4226367,-0.0073778667,-0.07536097,0.71578735,1.2132152,1.4944054,1.4288808,-0.007422975,-0.020958675,0.056581926,-0.011369388,-0.020758172,0.036221072,0.036037315,-0.17994665,0.07879458,-0.014867979,0.003040098,0.024658738,11.107706,6.1562977,4.097241,12.499843,15.812124,10.033358,-0.140514,2.5363574,17.84145,5.6401753,6.2597365,5.336474,302.31512,-1565.2131,1905.5411,-447.93887,297.4525,61.923836,-10.381882,291.6614,238.86118,126.49094,18.51336,0.45536292
262,0.0,0.0,0.0,0.005097216,-0.006984438,-0.99996257,1.0,0.0,0.0,2.5169675,-0.07720082,0.7186485,1.0469464,3.5142703,2.4266613,-0.006728129,-0.09388194,0.71214455,1.214043,1.4968102,1.4258606,0.026436213,-0.011664658,-0.019992704,-0.0041951383,0.04673614,0.01754841,0.0049916715,-0.13975494,0.025496418,-0.0030036431,0.011148366,-0.017663952,11.456632,5.8760457,3.6270578,13.079409,15.291296,10.617249,-0.64515364,2.918912,19.004984,6.2827926,5.9765043,5.6625223,-9.162308,-37.28952,-165.97882,-76.10333,21.890686,-27.370733,38.653526,-755.8168,765.4981,-116.616455,38.599094,-15.051621
263,0.0,0.0,0.0,0.005097216,-0.006984438,-0.99996257,1.0,0.0,0.0,2.5237267,-0.07839805,0.7195495,1.0408202,3.5207899,2.4358382,-0.011483395,-0.08263264,0.6845696,1.2156295,1.4962187,1.4264908,0.041387,-0.016717223,0.011971048,-0.0370181,0.03632151,0.04844558,-0.025528878,0.4703629,-0.6430155,0.014574209,-0.0010824674,0.008562696,11.33919,5.8140907,3.6456146,13.156067,15.773376,10.608715,-0.42259467,2.9749136,18.529613,6.1272073,6.3095756,5.7724013,164.16106,-60.300476,-388.6941,189.1286,-19.402603,-1.5506859,-199.17409,10362.654,-11543.164,-105.986176,31.264128,174.5704
264,0.0,0.0,0.0,0.005097216,-0.006984438,-0.99996257,1.0,0.0,0.0,2.532231,-0.078591324,0.72002506,1.0345033,3.532541,2.4447055,-0.0136051485,-0.08033636,0.70170105,1.2141999,1.4983687,1.4283309,0.056525737,-0.03758943,0.049246017,-0.02075009,0.078226216,0.04890679,-0.01461108,0.4384204,-0.13153742,-0.0069054957,0.010773286,0.018887592,9.503306,5.476163,5.5926886,13.703075,20.685703,8.943999,-0.23067056,2.659175,15.164324,3.2872837,9.629044,4.924233,150.9715,-449.8015,346.74518,487.98068,169.9327,33.270447,-107.12462,7331.19,-6279.1646,-273.78018,-72.36057,92.05782
265,0.0,0.0,0.0,0.005097216,-0.006984438,-0.99996257,1.0,0.0,0.0,2.5257196,-0.07452362,0.71559054,1.0289105,3.5561182,2.4394095,-0.015871333,-0.0876993,0.7173958,1.2007438,1.5241532,1.4219631,-0.035676207,-0.03122962,0.032199346,-0.013944625,0.16327892,-0.03463581,-0.010200164,-0.13811228,0.08237919,-0.07661813,0.17454413,-0.03407673,11.495187,5.8265963,4.136827,13.508441,17.281475,9.986143,-1.1647431,3.1429572,17.430454,5.786878,7.5728674,5.172882,174.09145,-1055.5669,1830.272,486.60458,453.46167,40.425873,19.918774,-741.4132,259.85632,-23.27517,30.103453,6.2770805
266,0.0,0.0,0.0,0.005097216,-0.006984438,-0.99996257,1.0,0.0,0.0,2.5296419,-0.07692684,0.7189962,1.02024,3.5788987,2.4410574,-0.02647739,-0.10898185,0.7109178,1.2012352,1.54135,1.4181024,0.040273085,0.0021429672,-0.019559134,-0.04499882,0.11408567,0.009854411,-0.057009708,-0.43171316,0.26221916,0.030732414,0.07152265,-0.017394543,11.621149,5.523904,3.5007024,13.909718,16.2407,10.858085,-1.289272,3.3484626,18.515926,6.364678,6.6505933,5.9482245,239.88135,-269.4273,-19.560486,78.19092,81.678955,6.7124653,2.2562377,-4810.3438,5003.7295,176.42197,1.6479368,-4.6572266
267,0.0,0.0,0.0,0.005097216,-0.006984438,-0.99996257,1.0,0.0,0.0,2.5405312,-0.07913083,0.7127531,1.0145696,3.5929303,2.4523664,-0.03662822,-0.09249374,0.70553446,1.2080578,1.5460227,1.4221153,0.060106527,-0.020943077,-0.022783652,-0.031106977,0.07024648,0.05817884,-0.05432409,-0.30930293,0.6191044,0.0090068225,0.024330886,0.026671309,11.84164,5.58164,2.6033645,13.64618,14.663019,11.351079,-0.14053546,3.5530639,20.317013,7.217893,5.876791,6.367752,267.69293,-757.99915,1376.4263,-59.243073,188.4314,40.160057,-16.765142,-10395.898,17392.55,438.99805,68.51998,-66.29009
268,0.0,0.0,0.0,0.005097216,-0.006984438,-0.99996257,1.0,0.0,0.0,2.5538085,-0.07819745,0.70800763,1.0138999,3.594789,2.4671006,-0.034606595,-0.12680851,0.71108687,1.20093,1.5415435,1.4295852,0.05972855,-0.012777815,0.037991438,-0.012764327,0.0065929736,0.068754755,0.015026197,-0.77099365,0.71569985,-0.10168278,-0.013872266,0.038593676,11.693121,5.7103734,2.0190566,12.981302,13.434193,10.982555,1.2140621,3.7299836,22.269022,8.167062,5.512136,6.7700315,-54.477707,-81.83719,289.73972,-94.864655,6.7334366,-8.133263,-347.6184,-682.32935,6405.0645,470.68155,257.43195,139.18008
269,0.0,0.0,0.0,0.005097216,-0.006984438,-0.99996257,1.0,0.0,0.0,2.5653281,-0.08615548,0.7162969,1.0115792,3.5850222,2.4781995,-0.02161249,-0.07845942,0.70660704,1.200023,1.5360801,1.4410472,0.05688214,-0.040421713,0.05678295,-0.016205974,-0.050683137,0.049807586,0.052875336,-0.3892934,0.3342905,0.0405475,-0.026727542,0.059875328,11.490263,5.555262,1.8136048,12.393706,13.088852,11.240076,1.5683702,3.6173,22.963362,8.220436,4.947816,6.995119,245.86008,-1028.4996,1250.2478,-123.36017,142.67389,14.73225,125.48865,-6465.4556,3882.6167,490.5687,31.524597,-3.1603317
270,0.0,0.0,0.0,0.005097216,-0.006984438,-0.99996257,1.0,0.0,0.0,2.573031,-0.08284221,0.7184904,1.0145253,3.5703442,2.4902174,-0.0047318544,-0.080045015,0.70190835,1.2182494,1.5241723,1.4551469,0.023025459,0.053394563,-0.021677682,0.01028285,-0.08017554,0.05818036,0.08414194,0.45188975,-0.3210453,0.057150234,-0.068073265,0.08449324,10.934267,5.859614,3.326875,12.406872,14.806288,10.919526,0.84995973,2.842358,20.86471,7.1314645,5.482033,6.4030366,-291.0454,1270.5642,-1464.55,46.148163,-132.32707,-32.405125,-163.06345,6452.84,-3866.026,-747.2102,-13.105003,171.65579
271,0.0,0.0,0.0,0.005097216,-0.006984438,-0.99996257,1.0,0.0,0.0,2.575723,-0.07675071,0.7188665,1.0116342,3.5672984,2.499389,0.0071156365,-0.091214016,0.6935815,1.2159115,1.5170442,1.4611679,0.0025859522,0.08612305,-0.04008868,-0.023985306,0.00035769225,0.045875553,0.04762749,0.08344104,-0.24082883,0.008000506,-0.03173868,0.030511303,10.049505,6.174788,5.3531985,12.289045,18.368418,9.231274,0.5693096,2.2283,16.312027,4.695618,7.8951855,5.1305146,-407.52966,2147.6274,-2107.3853,-67.526184,-195.3743,-37.59336,49.47692,-1673.8755,2275.282,189.63242,-27.167698,-40.30877
272,0.0,0.0,0.0,0.005097216,-0.006984438,-0.99996257,1.0,0.0,0.0,2.5725389,-0.08041829,0.72197264,1.0093707,3.5882897,2.4936204,0.012511132,-0.10503881,0.71019053,1.213142,1.5307504,1.4566407,-0.033602398,-0.025751522,0.022325667,-0.037846383,0.1328569,-0.04250316,0.028407726,-0.00066355703,-0.13532066,-0.003734499,0.09168834,-0.029202892,11.6304455,6.1415434,4.2838836,13.266925,17.215128,10.338106,-0.7767006,2.8105912,17.098415,5.3737454,7.3794565,5.1092706,-258.73636,869.97925,-1161.2037,-313.87683,-159.13745,-41.676483,101.655624,6639.782,-7609.4053,156.81935,10.47962,-16.0859
273,0.0,0.0,0.0,0.005097216,-0.006984438,-0.99996257,1.0,0.0,0.0,2.5747235,-0.07773631,0.7195556,1.0000619,3.611234,2.4958858,0.006079356,-0.08198567,0.70185554,1.2137753,1.5431406,1.4510591,0.05946451,-0.040359285,0.025135016,-0.022430642,0.1388074,0.020999081,-0.036109634,0.119095825,-0.14667505,-0.008026288,0.0555117,-0.028449822,11.811663,5.8336678,4.246549,13.72029,17.161861,10.701677,-1.3252808,3.0923743,17.683582,5.6749377,7.3583126,5.515983,290.3885,-429.68637,619.38257,487.6266,296.3274,35.563717,120.37707,-2524.1316,1832.9146,-189.93105,-48.637547,-52.20134
274,0.0,0.0,0.0,0.005097216,-0.006984438,-0.99996257,1.0,0.0,0.0,2.5847163,-0.0795875,0.72123176,0.9915377,3.6315074,2.5024514,-0.005461702,-0.082563736,0.6794247,1.2113081,1.5549484,1.4495378,0.06284956,-0.048618406,0.06379659,-0.059201736,0.11303332,0.035737883,-0.063863926,0.5114655,-0.6836692,0.024011588,0.0665568,0.0032791055,11.73388,5.7878094,4.3752317,13.548264,17.30363,10.473251,-1.2568074,3.0326738,17.449903,5.537888,7.460431,5.4859786,144.10214,-1073.4349,105.39885,72.50415,128.99693,51.534035,12.363451,3999.3655,-16853.838,-201.65753,-60.19194,77.03649
275,0.0,0.0,0.0,0.005097216,-0.006984438,-0.99996257,1.0,0.0,0.0,2.5964193,-0.07479388,0.716738,0.9839715,3.6551394,2.5071144,-0.015726838,-0.07294911,0.7012683,1.2052554,1.5673625,1.4480408,0.06545514,0.0150483595,0.008363974,-0.028902495,0.11905398,0.026146142,-0.062757514,0.2741705,-0.15018876,0.0038672711,0.06425756,-0.007813784,10.143051,5.415137,5.706058,14.477474,21.46952,9.388269,-1.0464422,2.9186072,15.595134,3.1898394,10.619487,4.9988275,-29.219353,-1369.993,1608.3885,-174.10745,-192.45627,16.198408,-126.18913,-3642.7036,1698.5625,475.16205,-3.2666817,9.608856
276,0.0,0.0,0.0,0.005097216,-0.006984438,-0.99996257,1.0,0.0,0.0,2.593439,-0.07520297,0.71788603,0.9734038,3.6814816,2.5015893,-0.026021775,-0.09452729,0.70574343,1.1924874,1.6037107,1.4418634,-0.028053815,0.041278955,-0.0487933,-0.054627318,0.13191997,-0.03185726,-0.05333523,-0.279127,0.20159678,-0.08845935,0.21524079,-0.030735938,11.866091,5.720396,3.9392762,14.025827,17.611351,10.47699,-1.3970433,3.3769388,17.582848,5.792517,7.7738695,5.4363303,226.04721,-655.3856,322.0697,169.6272,116.144745,34.652664,17.685616,-5175.9863,4822.55,-42.405464,16.93061,-2.3954926
277,0.0,0.0,0.0,0.005097216,-0.006984438,-0.99996257,1.0,0.0,0.0,2.6011274,-0.07878421,0.719144,0.96874034,3.7037168,2.506132,-0.038422864,-0.101327546,0.7104983,1.1914862,1.6259601,1.4398295,0.038277853,0.020538881,-0.038173493,-0.036019284,0.0828859,0.02438399,-0.05997243,0.082486026,-0.18625405,0.050876487,0.07288877,-0.011812559,11.983982,5.6814823,2.853307,14.243881,15.864475,11.296072,-0.53508246,3.7053285,19.355534,6.8066792,6.7064185,6.33125,-84.40747,378.40027,-524.1434,-244.60703,-65.311005,34.11326,87.99371,7509.738,-10343.782,415.3595,-26.573204,-2.5537338
278,0.0,0.0,0.0,0.005097216,-0.006984438,-0.99996257,1.0,0.0,0.0,2.611299,-0.07449193,0.71483326,0.96252763,3.7091808,2.5180378,-0.04207431,-0.087071694,0.71918344,1.2088674,1.6302494,1.4465132,0.038525447,0.15660754,-0.11526766,-0.03985327,0.009129721,0.059373032,-0.021236418,0.20809701,-0.021809524,0.10137852,0.017983371,0.032787826,11.106113,5.852916,4.4721227,13.525244,17.718401,10.261755,-0.38099396,2.9657254,17.41378,5.4652877,7.6003256,5.945025,-131.18277,1404.2249,-1296.5299,-177.04025,-74.45853,-10.40284,-146.3727,-1508.4824,-698.08435,-27.638992,-10.11248,8.386742
279,0.0,0.0,0.0,0.005097216,-0.006984438,-0.99996257,1.0,0.0,0.0,2.6160986,-0.07737424,0.7181957,0.95770395,3.7260942,2.5210648,-0.043916848,-0.08330089,0.7085761,1.215017,1.6423104,1.4498321,0.02215922,-0.021577759,-0.012017352,-0.03797408,0.09597235,0.019226717,-0.008798684,0.05352513,-0.15036066,0.022893574,0.06042995,0.014434959,11.865348,6.279234,3.7269568,13.61228,16.810356,10.22007,0.11688556,3.1956015,18.668146,6.2318826,7.544654,5.992207,203.047,-682.4502,1117.123,-23.177856,214.67499,57.11046,-16.320314,769.3381,-1069.2502,44.48864,-5.737213,-8.924011
280,0.0,0.0,0.0,0.005097216,-0.006984438,-0.99996257,1.0,0.0,0.0,2.6266668,-0.080062985,0.7204498,0.9510008,3.7406542,2.5236177,-0.0396698,-0.1131809,0.7112118,1.2176229,1.6536098,1.4537319,0.057548314,-0.029931525,0.028868604,-0.031647645,0.073961124,0.012916708,0.034051385,-0.46789286,0.27970842,-0.012260651,0.062182333,0.017253606,11.722134,5.940049,4.475529,13.678358,17.727686,10.714411,-0.81729186,2.966061,17.816399,5.615539,7.5331097,5.962134,-18.814796,-124.89078,-247.21274,185.44104,-72.51568,11.527691,241.76224,-4204.6885,4593.1807,-523.2783,86.246635,-25.839409
281,0.0,0.0,0.0,0.005097216,-0.006984438,-0.99996257,1.0,0.0,0.0,2.6353736,-0.07861427,0.7207793,0.945748,3.760156,2.5313551,-0.04576213,-0.11277558,0.7356785,1.2183155,1.6658537,1.4586878,0.04014193,-0.031720225,0.009219364,-0.025462344,0.091517545,0.03679852,-0.041246302,0.021185284,0.28235367,-0.015100005,0.07849115,0.05189539,12.6863985,5.811708,2.7595673,14.046172,14.891102,11.952886,-0.5059844,3.6225328,20.972313,7.3492465,6.0835433,6.4237185,-21.331772,-90.42285,-60.49756,-44.878784,-54.767853,-51.610527,-220.61588,10953.888,-10339.518,-551.83264,269.528,442.82837
282,0.0,0.0,0.0,0.005097216,-0.006984438,-0.99996257,1.0,0.0,0.0,2.6505053,-0.07841198,0.7203723,0.9419297,3.760011,2.550709,-0.049387503,-0.06778047,0.7116745,1.217985,1.6692138,1.4680932,0.09165064,-0.048208173,0.046188753,-0.01678059,-0.005923888,0.10123619,-0.0019875183,-0.00071482424,0.0145889195,-0.0035674688,-0.009671337,0.039015677,11.760377,5.971518,3.691637,13.564156,16.328707,10.982363,0.13284053,3.2276726,20.223495,6.9259734,6.820264,6.6159644,78.70147,-396.47598,450.875,64.22043,7.970538,-43.016945,55.959656,-997.47424,1274.7517,-117.6662,35.63881,24.486618
283,0.0,0.0,0.0,0.005097216,-0.006984438,-0.99996257,1.0,0.0,0.0,2.6603584,-0.0782515,0.72020584,0.938465,3.76774,2.561852,-0.044233475,-0.09282848,0.730182,1.2170855,1.6728234,1.4763082,0.051335484,-0.052491236,0.05189627,-0.021200273,0.054241884,0.05126385,0.028689895,-0.16860557,0.11048088,-0.0041820267,0.018114842,0.035796188,11.679869,6.015039,4.291785,13.330006,16.917124,10.760075,-0.48341715,2.8237877,18.880236,6.0395656,6.8269086,6.040921,39.118587,-270.93588,238.10818,66.703735,-19.448463,8.362946,38.591652,-104.18594,323.83725,-33.746674,9.431915,-13.6825485
284,0.0,0.0,0.0,0.005097216,-0.006984438,-0.99996257,1.0,0.0,0.0,2.6684191,-0.07884078,0.72145236,0.9334222,3.781325,2.5694003,-0.046112284,-0.09413388,0.7115772,1.2211424,1.6758049,1.4780039,0.047578488,-0.08006212,0.09852779,-0.036891125,0.08379509,0.03262378,-0.011196144,0.011912406,-0.09710111,0.024177378,0.014435299,0.007390465,12.347738,5.9559464,3.7460108,13.819046,16.35126,11.388312,-0.72236836,3.132658,19.727694,6.567068,6.6380076,6.1881785,84.076645,-702.48425,1055.2229,-38.438843,71.01583,-3.8101883,-5.09531,-118.73694,-92.701294,47.835236,-4.673851,-14.575979
285,0.0,0.0,0.0,0.005097216,-0.006984438,-0.99996257,1.0,0.0,0.0,2.6819687,-0.08105603,0.72037584,0.9303559,3.7904952,2.5818865,-0.051039357,-0.093123354,0.70788825,1.2238852,1.6788052,1.4834571,0.071431376,-0.03606668,0.010877799,-0.010843216,0.047391668,0.06205074,-0.035012588,-0.11865132,0.18278396,-0.0032708158,0.009402665,0.024717925,11.91069,5.905746,4.810974,13.586919,17.639713,10.932604,-1.2375504,2.7787142,18.41829,5.705214,7.285804,5.937259,27.35057,-261.53394,300.27466,51.15503,12.171066,-3.363144,122.914024,-7495.078,5555.2876,480.72092,-342.6881,-506.15082
286,0.0,0.0,0.0,0.005097216,-0.006984438,-0.99996257,1.0,0.0,0.0,2.692142,-0.078042045,0.720109,0.92605007,3.8091328,2.5895116,-0.059424803,-0.09212673,0.7031774,1.2253004,1.685967,1.4839724,0.040505495,0.07955187,-0.056868322,-0.028908093,0.085781574,0.039488472,-0.033791956,0.43636647,-0.19838202,0.012247773,0.031824104,0.001000339,12.5552845,6.0288234,3.46519,13.895597,16.005962,11.435799,-0.5923587,3.296103,20.08014,6.782905,6.6645713,6.1603694,-246.82434,1771.6327,-1690.0488,-441.54724,-198.0596,18.715553,-186.76031,10414.799,-5971.873,483.01614,-128.06882,-24.249958
287,0.0,0.0,0.0,0.005097216,-0.006984438,-0.99996257,1.0,0.0,0.0,2.7067187,-0.0795682,0.7213514,0.9220303,3.8161626,2.6011581,-0.063165225,-0.08822806,0.69867,1.2246534,1.6876702,1.4891795,0.073276244,0.05978603,-0.04258829,-0.01788391,0.021909276,0.05702405,-0.028862914,-0.15317124,0.13817461,-0.008124183,0.002686097,0.023667792,11.365816,6.190552,5.185336,13.420034,19.004856,10.082603,0.10004796,2.7753334,17.305906,5.327307,8.719289,5.8295636,-168.25755,1700.1454,-1632.0132,-124.288086,-163.67609,1.3853836,149.57837,-9483.352,6506.499,471.03677,-316.19952,-483.86554
288,0.0,0.0,0.0,0.005097216,-0.006984438,-0.99996257,1.0,0.0,0.0,2.7117743,-0.077362105,0.718824,0.91677463,3.8335192,2.6001678,-0.060091697,-0.07742291,0.6909561,1.2260243,1.7051654,1.4888253,0.018870821,0.08706992,-0.06624306,-0.039387744,0.11788136,-0.011158293,0.02605234,0.5853175,-0.47457662,0.030529147,0.09750848,-0.007827826,12.633181,6.1746573,3.3856468,14.020867,16.313976,11.463752,-0.4818884,3.3670893,19.974298,6.8040853,6.934299,6.087863,-173.93579,1877.2312,-1717.2943,-309.08783,61.87195,4.1196938,40.364338,11764.431,-10604.144,146.70079,-16.302202,-12.482395
289,0.0,0.0,0.0,0.005097216,-0.006984438,-0.99996257,1.0,0.0,0.0,2.7253957,-0.0811441,0.71938914,0.91698134,3.8421094,2.6098855,-0.062585466,-0.1024495,0.7115599,1.2290515,1.7110728,1.494263,0.06901005,-0.039371703,0.008113858,-0.00040440034,0.024930442,0.05297876,-0.008706112,-0.15062913,0.072407395,-0.010846052,0.008807599,0.008338736,10.890769,5.9113355,5.4869933,14.29653,21.584194,9.78375,0.11507501,2.8994894,16.200172,4.1421313,10.588552,5.688626,-9.881058,-109.39676,86.74713,-88.659485,-8.76445,-4.7228403,-182.3827,-1.1746826,-1814.3917,312.72537,-164.97426,-285.98886
290,0.0,0.0,0.0,0.005097216,-0.006984438,-0.99996257,1.0,0.0,0.0,2.7264874,-0.07946576,0.72074836,0.9100462,3.8564687,2.6062105,-0.05936949,-0.10987747,0.7133512,1.221476,1.7369591,1.4910947,-0.0049243993,0.06426691,-0.041890558,-0.04105514,0.092866324,-0.026972044,0.015027518,-0.5779705,0.4866371,-0.050208088,0.17982292,-0.014784734,12.785383,5.9676595,3.392839,14.411892,16.707485,11.647895,-1.156406,3.5372648,19.83743,6.6439996,6.9659224,6.0103846,-144.24815,1690.905,-1673.1377,-162.90817,-20.665222,1.1471748,149.33604,-2000.7874,2132.2766,154.91382,54.792065,-2.7269201
291,0.0,0.0,0.0,0.005097216,-0.006984438,-0.99996257,1.0,0.0,0.0,2.739157,-0.08084687,0.7198446,0.90999925,3.8652055,2.6167605,-0.067352474,-0.10205872,0.70721155,1.228968,1.7489271,1.4913204,0.07363288,-0.043870557,0.019608228,-0.005421163,0.031740908,0.06617639,-0.046046447,-0.20514147,0.057233073,0.07786634,0.004408143,0.0013373273,12.447879,5.8582215,2.1884274,14.168368,14.731665,12.048341,0.523414,4.02873,22.153343,8.044585,6.3182817,7.110195,-23.996002,-13.507233,-137.16153,-48.6976,-80.918076,52.406136,40.71252,569.7397,-1714.8904,255.01822,-87.3839,-14.689188
292,0.0,0.0,0.0,0.005097216,-0.006984438,-0.99996257,1.0,0.0,0.0,2.7520566,-0.07291369,0.7156827,0.90873516,3.8571944,2.6329567,-0.059830893,-0.08015888,0.70939815,1.2420689,1.7448592,1.5040597,0.068710916,0.090435244,-0.115278535,0.020631315,-0.04069104,0.07915234,0.053234227,-0.022862988,0.10570031,0.0015514825,-0.014511324,0.065002955,11.589847,5.987225,4.325563,13.54418,17.309105,11.208908,-0.069555864,2.9409533,19.77716,6.3150764,6.9565115,6.669831,104.18002,60.149567,-1202.3422,486.02368,105.811905,-54.917084,-168.22546,-519.0863,-50.905457,-217.75323,-51.67398,-19.028992
293,0.0,0.0,0.0,0.005097216,-0.006984438,-0.99996257,1.0,0.0,0.0,2.7578113,-0.079677045,0.7211461,0.90839326,3.8631132,2.6405063,-0.055949897,-0.09381143,0.71759,1.2405022,1.7460432,1.5107917,0.023126826,-0.01483859,0.0029885687,-0.023798184,0.051306516,0.036632136,0.012257681,-0.02950035,-0.058837462,0.0025488897,0.0012344366,0.030703938,12.231251,6.4159513,3.5665145,13.672527,16.643005,11.164643,0.48525846,3.153574,19.717932,6.523433,7.1297426,6.2646947,-124.52321,768.2205,-1016.8374,-99.46295,0.7937927,13.288746,-11.258289,467.61737,-767.31665,114.28424,-13.201031,2.3034267
294,0.0,0.0,0.0,0.005097216,-0.006984438,-0.99996257,1.0,0.0,0.0,2.767598,-0.075290725,0.717014,0.90443623,3.8703456,2.6480112,-0.04747014,-0.10928985,0.70938057,1.2409052,1.7491322,1.5137463,0.050371956,0.14321244,-0.10775625,-0.022607397,0.029598767,0.04072238,0.076903276,-0.38823733,0.2339601,-0.0365644,0.03443133,0.010529476,12.066386,6.18937,4.5512404,13.7981415,17.880545,11.159121,-0.48637164,2.920908,18.936964,5.928427,7.5358744,6.1715245,-103.032745,1257.9073,-1218.3875,-6.948883,0.13589478,2.1381378,714.86725,-5298.5815,5102.279,-1707.066,237.42747,-33.915314
295,0.0,0.0,0.0,0.005097216,-0.006984438,-0.99996257,1.0,0.0,0.0,2.7764082,-0.079068825,0.720092,0.9016963,3.8873918,2.6548922,-0.0476032,-0.0747698,0.6843373,1.228587,1.7574579,1.5170482,0.04507458,-0.049990844,0.030334024,0.0025763446,0.10955109,0.026409298,-0.021727365,-0.049420066,-0.05639751,-0.021062734,0.029172549,0.002927181,12.727743,6.286352,2.8375196,14.099268,15.815941,11.95286,0.36599863,3.5984612,20.805048,7.2573667,6.8566456,6.462104,73.873924,-520.23486,933.2784,486.13947,321.888,-75.63465,-57.673923,-9849.118,7522.0796,442.19937,-13.801739,5.704685
296,0.0,0.0,0.0,0.005097216,-0.006984438,-0.99996257,1.0,0.0,0.0,2.791635,-0.07973347,0.7194118,0.90594137,3.8923302,2.6682193,-0.041155107,-0.046534542,0.70931786,1.2346994,1.756843,1.5206043,0.0749851,-0.03646959,0.020777754,0.0070684436,0.012482251,0.06816181,0.03475669,0.26499125,-0.08045592,0.03056613,-0.0028602749,0.019222667,11.780952,6.0368433,4.762669,13.744239,18.188019,11.17219,-0.7203108,2.8990173,18.711699,5.810435,7.616741,6.180911,-49.929253,71.11725,-429.68573,30.36203,-133.68668,7.1961994,203.14911,-4478.0063,2040.069,-346.15445,30.806856,-10.07574
297,0.0,0.0,0.0,0.005097216,-0.006984438,-0.99996257,1.0,0.0,0.0,2.799653,-0.07952844,0.7222067,0.90506065,3.911581,2.6737452,-0.044172138,-0.067395516,0.71306866,1.2333201,1.7639031,1.5217696,0.039048716,0.05853775,-0.024301216,0.011778777,0.12475481,0.021136742,-0.0059766048,-0.60468894,0.2993838,-0.04606704,0.04094776,0.0032426254,12.377497,6.2982383,4.5850515,13.794425,17.924086,10.740683,-0.7124988,3.0172873,18.67304,5.7863846,7.8954754,5.932919,-65.412575,1711.0038,-1788.4374,484.54044,91.729355,-17.94666,327.77652,-6821.718,4494.124,-639.02826,76.167496,-46.753242
298,0.0,0.0,0.0,0.005097216,-0.006984438,-0.99996257,1.0,0.0,0.0,2.8108706,-0.08065229,0.7198355,0.9120356,3.928701,2.6740546,-0.04850415,-0.097668774,0.71928084,1.2350062,1.7730291,1.5201263,0.05854973,-0.038592856,0.0076995417,0.0073369043,0.07428661,7.260013e-05,-0.021539,-0.020953702,-0.031105636,0.013161182,0.043862946,-0.007994723,12.896876,5.987357,2.788228,14.327562,15.642374,12.521695,-0.38946974,3.6992254,21.451563,7.5037374,6.537065,6.629597,20.00831,-158.64047,138.91864,-232.28592,-0.50479126,0.5046501,0.3225708,430.0125,-289.08984,-67.76083,-13.183252,-14.465773
299,0.0,0.0,0.0,0.005097216,-0.006984438,-0.99996257,1.0,0.0,0.0,2.8269212,-0.07905733,0.7217289,0.9106704,3.929242,2.6888425,-0.050689533,-0.10300172,0.71094465,1.2393073,1.7702363,1.5252972,0.082844436,0.063483596,-0.03878929,-0.00040125134,-0.023862155,0.084368795,-0.017506894,-0.6407847,0.3494907,0.047278073,-0.022786686,0.017194951,11.81463,6.095806,4.6687484,13.855982,18.072044,11.155137,-0.43288863,2.989581,19.152195,5.9819098,7.693535,6.451124,-36.910427,1718.2671,-1698.795,111.551056,-255.6594,-0.85497284,98.56961,-6353.8438,4625.797,491.35666,5.729164,-36.381958
300,0.0,0.0,0.0,0.005097216,-0.006984438,-0.99996257,1.0,0.0,0.0,2.833748,-0.077067636,0.7201455,0.9106637,3.9362936,2.6934042,-0.050766196,-0.08514168,0.72669905,1.2293566,1.7818584,1.5304219,0.03110945,0.08419165,-0.06072125,0.00856782,0.0758135,0.017235518,-0.015761308,0.22910424,-0.040909257,-0.07720649,0.04052497,0.008855303,12.782438,6.159166,2.529828,13.97856,14.768621,12.348696,0.3082136,3.6671672,22.293612,7.786368,6.1632414,6.6501417,-90.420265,1898.6797,-1727.5647,169.10373,232.6221,-14.698808,-90.34793,-1798.1189,-1455.0652,488.9682,-440.81195,-255.02867
301,0.0,0.0,0.0,0.005097216,-0.006984438,-0.99996257,1.0,0.0,0.0,2.8470144,-0.08076973,0.7205192,0.9162544,3.9304621,2.7073908,-0.046268143,-0.08790535,0.7287242,1.2305492,1.77541,1.533584,0.06700858,-0.047315672,0.020459078,0.0061188242,-0.042069245,0.07214787,0.024356423,-0.09315079,0.036931556,0.06089982,-0.041531797,0.015917053,11.153706,6.343468,4.9931474,13.553936,18.824781,10.576272,0.48860443,2.8380947,18.51245,5.8168826,8.395786,6.308845,22.224493,-81.85129,9.949829,-180.74347,-55.88276,-7.760708,-14.710438,-1200.7567,1085.4353,491.8301,1.082737,-3.4514542
302,0.0,0.0,0.0,0.005097216,-0.006984438,-0.99996257,1.0,0.0,0.0,2.8486004,-0.08136222,0.720709,0.9143897,3.936108,2.7069247,-0.039179757,-0.08547182,0.7142927,1.2379802,1.7859972,1.5332556,-0.005812611,-0.045224387,0.022318108,-0.017525885,0.054351475,-0.011747208,0.04393612,-0.062462118,-0.026167875,0.017045565,0.065420285,-0.006477947,12.567069,6.281281,3.9475327,14.049407,17.053968,11.437712,-0.6138607,3.1806917,20.108854,6.5244412,7.109909,6.268924,-3.3254852,-210.98227,170.7768,-53.27768,164.17181,-3.16119,69.997505,-1762.0538,1407.2776,-308.60254,-6.997158,7.191719
303,0.0,0.0,0.0,0.005097216,-0.006984438,-0.99996257,1.0,0.0,0.0,2.8589265,-0.07387965,0.71586823,0.9143585,3.9442837,2.712247,-0.04108992,-0.09432335,0.70025396,1.243348,1.78759,1.5331703,0.055289723,0.057656642,-0.065128215,0.03282013,0.028604537,0.024599178,-0.015369161,0.016602715,-0.14824784,0.031882707,0.0017962533,-0.0001457252,12.277535,6.160257,4.393765,14.154455,17.848883,11.354118,-0.7192184,3.1342187,19.382977,6.0840425,7.6124673,6.4284863,-41.352287,-614.7516,136.49661,485.2141,-122.70383,-43.31495,3.009903,267.05402,-460.69293,-33.116486,-2.4077625,2.6354446
304,0.0,0.0,0.0,0.005097216,-0.006984438,-0.99996257,1.0,0.0,0.0,2.867785,-0.068511,0.7092604,0.9204849,3.9502156,2.7162166,-0.045329303,-0.09761549,0.7084899,1.241397,1.793845,1.5352539,0.04401104,0.21512477,-0.33673355,0.07153967,0.025276212,0.02029481,-0.027769936,-0.02618627,-0.036757763,0.036740903,0.027896592,0.004804394,12.208421,6.2700486,4.4568415,14.048887,18.23373,11.073574,-0.587103,3.0889702,18.674927,5.679443,7.954997,6.191151,-2.2788787,1744.1422,-4347.75,463.11826,-51.781403,8.000805,19.24528,286.15253,-977.87427,466.09396,-4.6146927,-3.5107346
305,0.0,0.0,0.0,0.005097216,-0.006984438,-0.99996257,1.0,0.0,0.0,2.8780243,-0.08146583,0.7333188,0.91098726,3.9590862,2.717873,-0.047664423,-0.09617495,0.72377163,1.2399837,1.8031464,1.5347816,0.042414576,0.07036036,-0.0018518561,-0.022214172,0.028943673,0.005850242,-0.014025419,0.31484753,-0.019848676,-0.059021395,0.05012336,0.011913831,12.437033,6.615528,3.3625965,14.249306,17.514175,11.212777,0.7424911,3.6002016,19.13947,6.364551,8.226501,6.4358983,-177.86227,1293.1003,-1641.5085,341.34125,-150.72229,-14.618481,-404.96783,10860.033,-8625.485,-300.25308,-46.48517,226.32538
306,0.0,0.0,0.0,0.005097216,-0.006984438,-0.99996257,1.0,0.0,0.0,2.8859732,-0.076643996,0.7286762,0.9155444,3.9601307,2.720801,-0.0400044,-0.10004323,0.72040635,1.2397438,1.8143532,1.5362713,0.042239692,0.14023921,-0.10460472,0.025827339,-0.0049122525,0.0151780695,0.047973618,-0.18172957,0.060281288,0.05121534,0.055042338,0.0053446195,11.789127,6.4525247,4.805652,13.98369,18.803799,10.487904,-0.073039636,3.1507282,19.09927,6.0262494,8.5522375,6.333179,-60.31971,1303.3021,-803.2335,-133.53497,-49.287415,-3.9654503,-14.42675,1777.0453,-1688.5774,472.81897,-12.016876,6.584152
307,0.0,0.0,0.0,0.005097216,-0.006984438,-0.99996257,1.0,0.0,0.0,2.8911333,-0.0631563,0.7071573,0.91732204,3.96102,2.717336,-0.03797347,-0.089563765,0.69123167,1.2456566,1.8290286,1.5364417,0.017115911,0.2942385,-0.4165213,0.0867831,-0.0052010617,-0.017444422,0.027358068,-0.22520779,0.036177028,-0.029035259,0.084461056,-0.0013981182,12.535118,6.3907084,3.5023763,14.363695,17.217144,11.53661,-0.09845792,3.498808,20.267399,6.7327614,7.483927,6.635885,-74.97199,1772.3882,-4585.8877,482.97678,-49.575073,43.31763,394.69116,-9411.297,7057.337,-978.1333,30.680817,-139.62762
308,0.0,0.0,0.0,0.005097216,-0.006984438,-0.99996257,1.0,0.0,0.0,2.900991,-0.09462987,0.733829,0.9250587,3.9610946,2.7238219,-0.035725847,-0.12147359,0.73207206,1.2473522,1.8341033,1.5402409,0.0597049,-0.14896281,0.059971076,-0.009150698,0.011208183,0.03284418,0.0110707795,-0.7220501,0.96867365,-0.0017344687,0.016127717,0.019802032,12.106237,6.675225,3.0011406,14.163053,17.274519,11.446913,1.4968799,3.7023253,19.362492,6.580751,8.079888,6.7767596,-431.76154,2183.1616,-1744.3523,-21.745453,-137.65955,-126.685,-276.42813,-7866.7505,13043.582,491.41388,-64.67672,-25.629925
309,0.0,0.0,0.0,0.005097216,-0.006984438,-0.99996257,1.0,0.0,0.0,2.9093843,-0.09046636,0.72035444,0.91780365,3.9654229,2.729305,-0.017232107,-0.1145818,0.72567016,1.2353085,1.8479626,1.5469959,0.07795157,-0.31532356,0.57226485,-0.27898973,0.10100327,0.04261982,0.082954824,0.25760552,-0.43176052,-0.14953119,0.0670124,0.021953529,13.398789,6.024477,1.0448556,13.513496,12.928253,11.89347,1.7564334,4.693735,25.730928,9.182895,5.6338663,7.6040545,1038.2009,-7610.883,14324.267,-4313.9297,1170.5242,286.55615,-463.31848,12627.349,-21366.041,353.4771,-369.4739,-287.82736
310,0.0,0.0,0.0,0.005097216,-0.006984438,-0.99996257,1.0,0.0,0.0,2.9271812,-0.092145525,0.73348737,0.8875896,3.950169,2.7392726,0.00086863764,-0.10532895,0.7078588,1.219575,1.8420999,1.5594608,0.08456407,0.03257574,-0.040894832,-0.08607648,-0.15925437,0.044779416,0.0884405,0.06863884,-0.18964992,-0.022753887,-0.07337724,0.060522467,9.407208,5.6393123,7.951882,13.997945,22.396109,10.122996,-1.7339398,1.9970303,18.064154,3.3029413,9.889253,5.6544704,2.595096,-59.274902,-224.99338,485.88226,-149.15596,-84.86812,44.468216,6534.5054,-9000.928,463.53268,-51.6146,-14.483131
311,0.0,0.0,0.0,0.005097216,-0.006984438,-0.99996257,1.0,0.0,0.0,2.9236896,-0.07190811,0.71452534,0.88702714,3.9341397,2.732757,-0.0043526827,-0.092875056,0.71967274,1.204924,1.8565807,1.5542986,-0.081401646,0.2058672,-0.15969613,0.055582363,-0.02931696,-0.041847225,-0.08553919,-0.025122264,-0.016119076,-0.07398729,0.13254851,-0.036005158,13.129205,6.5489163,3.8657975,14.35412,17.746805,11.565434,-0.87441695,3.2685719,18.549265,5.606218,7.715453,5.6143003,-498.36407,966.07104,-723.9977,482.16904,277.85132,-5.4379835,-85.86921,518.7326,-1205.8484,-24.11647,43.771355,10.50795
312,0.0,0.0,0.0,0.005097216,-0.006984438,-0.99996257,1.0,0.0,0.0,2.925857,-0.067250766,0.7102538,0.91121995,3.9415445,2.7368054,-0.013198301,-0.09534523,0.7001265,1.205428,1.8655245,1.5471294,0.06349519,0.02563092,-0.06972924,0.17914914,0.072613515,0.026252097,-0.044879146,-0.1044297,-0.10228564,0.03340542,0.019629942,-0.03559613,11.650013,6.3447037,3.8822494,14.36696,17.980602,10.716805,0.26664722,3.5198216,18.889668,5.9962153,8.209905,6.453872,159.27206,-1462.7094,2788.8591,474.80072,117.388214,-9.466597,0.7489106,-1792.4832,484.69534,104.471825,-6.9578476,0.7380829
313,0.0,0.0,0.0,0.005097216,-0.006984438,-0.99996257,1.0,0.0,0.0,2.9293814,-0.080649085,0.72339386,0.9340509,3.9543886,2.7347577,-0.010270596,-0.084406614,0.6968169,1.2160031,1.8740292,1.5481632,0.025744928,-0.121387206,0.15605395,-0.0106758755,0.06315231,-0.007613372,0.03019617,0.55242735,-0.24557693,0.06208024,0.043615013,0.0056850472,11.779997,6.0975213,4.055136,14.2878065,18.20094,11.133305,-0.8195759,3.3879795,19.077494,5.948193,7.6232166,6.4420323,83.02997,-391.8328,362.89044,-845.50085,40.445282,19.165863,61.46872,11312.032,-6505.3125,74.02251,3.9213028,-7.3563232
314,0.0,0.0,0.0,0.005097216,-0.006984438,-0.99996257,1.0,0.0,0.0,2.9307344,-0.07777827,0.72172725,0.930868,3.9601314,2.7365704,-0.017277267,-0.09492366,0.70847017,1.2264041,1.877001,1.5492362,0.014926054,-0.04580527,0.040049456,-0.038726617,0.026910251,0.014427577,-0.038033992,-0.04205623,-0.039993208,0.05440238,0.014205346,0.0050119516,11.567383,6.0854816,5.769662,13.875687,19.88126,10.247108,-0.8652812,2.9104576,18.169178,5.347667,9.138316,6.0024304,142.76971,-689.88074,949.18024,-287.51892,69.97269,31.570122,18.345646,865.724,-1268.8174,-10.4572935,-0.5718689,0.7942276
315,0.0,0.0,0.0,0.005097216,-0.006984438,-0.99996257,1.0,0.0,0.0,2.9320772,-0.08030778,0.7056413,0.9280151,3.9640312,2.731041,-0.025305573,-0.11154376,0.7142325,1.2310907,1.8925853,1.5460416,0.0055102576,-0.079099886,0.017855486,-0.029010905,0.015026212,-0.028768048,-0.042518746,-0.5238711,0.40740395,0.012494147,0.079438806,-0.015692046,12.700153,6.2102623,4.1240354,14.504724,17.869879,11.536612,-1.2513963,3.3376055,19.597145,6.2143664,7.5418444,6.3694954,-26.788864,172.87598,173.37479,59.673553,-66.10565,-45.011967,103.88737,-3485.7888,3133.5266,62.501328,3.3710442,-2.2912674
316,0.0,0.0,0.0,0.005097216,-0.006984438,-0.99996257,1.0,0.0,0.0,2.9415724,-0.10024751,0.7073722,0.92528975,3.9643981,2.7366734,-0.036101688,-0.099825196,0.6980548,1.2421952,1.8945704,1.5464689,0.05005571,-0.13237351,-0.03509563,0.0009268325,-0.0059608477,0.031334594,-0.040303867,0.3049632,-0.13283353,0.064317025,0.0024463753,0.0023681934,12.691715,6.063783,2.5940423,14.390878,15.365711,12.312718,0.16237916,3.9268217,22.472311,7.796144,6.397211,7.1509333,-59.6566,-18.719421,-1032.6416,189.15366,-94.747284,-23.025442,86.63925,13545.82,-7480.517,99.4099,3.9667168,-6.0282326
317,0.0,0.0,0.0,0.005097216,-0.006984438,-0.99996257,1.0,0.0,0.0,2.9510987,-0.0768855,0.7205775,0.92338145,3.9562163,2.749689,-0.031755965,-0.09585743,0.70876217,1.2553173,1.8846359,1.5551159,0.046322677,0.088180624,0.0055525787,-0.004417247,-0.04286678,0.06567239,0.0520384,-0.37180108,0.25487295,-0.017264536,-0.04412151,0.04255732,11.233286,6.396208,5.1242423,13.627203,18.845804,10.546501,0.5140356,2.9142833,18.643381,5.589955,8.267932,6.454909,-90.15556,2032.8412,-2630.321,40.818115,-165.17178,1.2913303,391.0769,-5927.33,4995.7124,-1238.8818,136.14627,-44.882675
318,0.0,0.0,0.0,0.005097216,-0.006984438,-0.99996257,1.0,0.0,0.0,2.9494932,-0.07791102,0.72032285,0.9222444,3.9532347,2.7471197,-0.023641137,-0.096567236,0.7150079,1.2451271,1.8929853,1.5586997,-0.017103475,-0.029643703,-0.0025954915,-0.005235594,-0.0034276992,-0.022974884,0.034286205,0.16714804,-0.044052698,-0.104630865,0.04397502,0.0070686834,12.705988,6.4616923,3.115565,14.176861,16.192337,12.017331,0.065571204,3.4938722,21.683893,7.314738,6.6888556,6.612933,8.662384,-116.668976,57.53412,-5.4328003,59.543488,-0.12290716,-357.24667,5612.495,-8962.185,454.03876,-441.18875,-342.3415
319,0.0,0.0,0.0,0.005097216,-0.006984438,-0.99996257,1.0,0.0,0.0,2.95614,-0.07587579,0.71582216,0.9222778,3.951823,2.7549853,-0.022125712,-0.09784959,0.70169854,1.2410065,1.8869784,1.5612453,0.044716846,0.007318041,0.0086351605,-0.0066049597,0.0035742742,0.04712647,0.005256753,-0.13360208,-0.07208784,0.035353485,-0.03951268,0.012547353,11.400764,6.3872013,4.8750806,13.853523,18.760794,10.821209,0.19978942,2.9787197,18.848663,5.753714,8.145349,6.442456,224.47986,-1404.2197,1633.8384,-276.99445,52.577194,40.25864,-2.185832,-1730.3193,345.1327,490.95276,0.10264969,-3.9433708
320,0.0,0.0,0.0,0.005097216,-0.006984438,-0.99996257,1.0,0.0,0.0,2.9550629,-0.07623582,0.7186125,0.9203633,3.9545763,2.7533882,-0.019344872,-0.117648765,0.72167385,1.2472912,1.8921013,1.5620465,-0.016896518,-0.005546159,-0.001440091,-0.0015111456,0.012083279,-0.011183104,0.015292764,-0.9467867,1.0424556,0.012210745,0.02994611,0.0059290356,12.395739,6.3396916,4.145622,14.234976,17.924692,11.467257,-0.6953031,3.1839094,19.556612,6.0885997,7.4656515,6.326287,-60.966526,3.881775,-584.61957,167.0393,-65.325226,-9.707075,204.51324,-5835.561,11383.541,146.1204,14.051984,-5.5091133
321,0.0,0.0,0.0,0.005097216,-0.006984438,-0.99996257,1.0,0.0,0.0,2.9605768,-0.07595984,0.7192092,0.92031324,3.9565494,2.7571414,-0.022654813,-0.06600159,0.7182644,1.2498583,1.8922396,1.5615966,0.03301712,-0.004709164,0.0368154,-0.008632103,0.012184916,0.020378223,-0.017100723,-0.092726186,0.06826139,-0.009088019,-0.00047369624,-0.0023810696,13.365305,5.95924,0.2287714,13.349913,12.193834,11.870028,2.0354037,4.9829693,25.970997,9.278043,5.4231215,7.582992,109.407104,-1559.662,1921.3754,-222.064,72.17111,23.092117,54.74505,-1266.9639,310.4217,-109.05255,3.5110016,-1.4033394
322,0.0,0.0,0.0,0.005097216,-0.006984438,-0.99996257,1.0,0.0,0.0,2.974931,-0.07759883,0.71928084,0.92025983,3.937684,2.764993,-0.005598964,-0.0817666,0.7245153,1.2507612,1.8769114,1.573636,0.08127693,0.073549524,-0.04538108,-0.0010998406,-0.15116991,0.03923733,0.11360123,-0.17093621,0.10200512,0.0033055749,-0.091706805,0.05289045,10.539591,6.360408,5.1561337,13.037409,18.82969,10.89849,0.9832634,2.726719,19.88605,6.0000243,7.680518,6.9534125,-92.24428,2066.5464,-1957.541,88.2276,-450.289,-8.920788,52.012245,-854.3602,550.856,-23.454681,3.8802185,-162.2551
323,0.0,0.0,0.0,0.005097216,-0.006984438,-0.99996257,1.0,0.0,0.0,2.973221,-0.07571339,0.7178198,0.92008936,3.9293096,2.763713,0.005677946,-0.08103119,0.7055335,1.2543832,1.8776393,1.5785013,-0.060172655,0.06414494,-0.09521865,0.016730875,0.004227913,-0.0076967883,0.051851332,-0.026923109,-0.0379067,0.01518407,0.015966995,0.023559807,12.470321,6.716539,3.5560532,13.7979965,16.780203,11.62187,0.47594726,3.1542315,20.602486,6.711632,6.9703054,6.2893844,-262.1926,-50.924225,-761.7406,108.82156,168.92157,-4.1748877,-18.311823,-88.46661,645.3463,-35.352875,2.468544,16.820396
324,0.0,0.0,0.0,0.005097216,-0.006984438,-0.99996257,1.0,0.0,0.0,2.9764168,-0.07757122,0.7168389,0.92082727,3.9337351,2.7687075,0.010841682,-0.082369566,0.7038388,1.2566177,1.8745127,1.5776643,0.031292055,0.09084659,-0.08143025,0.017090898,0.027476126,0.02546382,0.02321032,0.007036881,-0.0067212605,0.009742029,-0.016525034,-0.004308874,11.863116,6.514304,4.2835994,13.980953,18.150192,11.168418,0.39198053,3.1323752,19.367453,6.0618854,7.9152403,6.419213,-76.07634,1805.0195,-1484.5729,81.88217,62.139404,-13.517169,-8.802353,47.371216,1.0082092,-21.54129,3.2938461,5.8731327
325,0.0,0.0,0.0,0.005097216,-0.006984438,-0.99996257,1.0,0.0,0.0,2.9777234,-0.0709761,0.70964855,0.92236197,3.9466498,2.7697392,0.014755184,-0.08256809,0.703713,1.2575687,1.8799608,1.5774481,0.0022969763,0.17680979,-0.30125356,0.07183637,0.05240348,0.0047914716,0.018764388,-0.0013154232,1.073668e-05,0.0033822828,0.030631227,2.3086204e-05,12.258142,6.5374475,4.0398297,14.146004,18.025797,11.203987,0.06428422,3.2948427,19.671713,6.2715487,7.9239483,6.3477616,-14.322369,1859.8362,-4247.1147,486.6653,-116.12546,-3.1365266,-8.0462265,43.621277,-25.376923,-5.5374146,5.616089,6.8356056
326,0.0,0.0,0.0,0.005097216,-0.006984438,-0.99996257,1.0,0.0,0.0,2.9819207,-0.08372208,0.70620424,0.92798054,3.9529693,2.7709918,0.015662704,-0.0821652,0.7032947,1.2578353,1.8844693,1.5764813,0.020977091,-0.060605835,0.021552455,-0.00018235265,0.020374004,0.00556597,0.004260995,-0.0028702614,0.0004339631,0.0009409153,0.020995228,-0.003982146,12.298264,6.683035,3.5204017,14.289869,17.96232,11.305494,0.94646347,3.597622,19.381132,6.4313903,8.355185,6.519359,-56.40044,373.60837,-83.97742,-78.60831,-67.04462,1.3659878,2.9650917,-48.727264,24.744598,-4.0362854,-1.0539732,-1.147831
327,0.0,0.0,0.0,0.005097216,-0.006984438,-0.99996257,1.0,0.0,0.0,2.987772,-0.09283691,0.6917897,0.9290937,3.9538927,2.7733836,0.024049273,-0.082346216,0.7031863,1.2587162,1.8925548,1.5777575,0.034654025,0.23470889,-0.40840396,0.05493508,-0.0068981475,0.011479507,0.042473055,0.011606724,-0.00785549,0.0054169623,0.040904354,0.0070960806,12.113883,6.3583097,4.388074,14.164423,18.188423,11.226677,-0.36100733,3.2786803,19.794817,6.1931224,7.8146467,6.4469447,-94.7876,5067.7915,-5941.7905,390.38867,-78.62558,-20.046997,-14.583494,188.12347,-122.44025,8.747345,2.829896,7.8743324
328,0.0,0.0,0.0,0.005097216,-0.006984438,-0.99996257,1.0,0.0,0.0,2.9923337,-0.11516736,0.7292024,0.91222537,3.9574695,2.7754655,0.022129895,-0.08258424,0.70312595,1.258752,1.8953984,1.5773406,0.03640087,-0.042534288,-0.019464603,-0.21418619,0.05168366,0.014251681,-0.016330881,-0.001961787,0.00010917246,-0.0008040636,0.014330215,-0.0052244533,12.4625845,6.911407,3.217041,14.233406,17.64507,11.226703,1.570391,3.771995,19.304382,6.5555863,8.580197,6.531173,-368.30533,7262.3604,-11519.874,376.75854,-253.41351,-95.9194,-13.448742,25.471313,-12.448364,-7.3070984,-0.3756218,-43.90522
329,0.0,0.0,0.0,0.005097216,-0.006984438,-0.99996257,1.0,0.0,0.0,2.9977458,-0.10651727,0.73751897,0.8827361,3.960168,2.777678,0.034214173,-0.08257796,0.7029438,1.2598277,1.904706,1.5790421,0.03676781,0.021615015,0.07587941,-0.10539881,-0.00017003325,0.012888764,0.07156256,0.00025907424,-0.0008348475,0.007817118,0.042620298,0.012232878,12.626354,6.6199965,4.2747636,14.338332,18.398571,11.424646,0.33464372,3.3937893,19.765371,6.322056,8.280872,6.5311933,265.3818,6842.8403,-13888.216,307.79486,-81.325745,28.664576,3.9742374,-9.224121,4.904358,19.715454,-11.192879,50.80529
330,0.0,0.0,0.0,0.005097216,-0.006984438,-0.99996257,1.0,0.0,0.0,3.0032442,-0.09812991,0.73559606,0.87902486,3.958641,2.7814155,0.03802863,-0.08259959,0.7028829,1.2607709,1.9102626,1.5809207,0.009739006,-0.47729158,0.85875094,-0.05858196,-0.0117327785,0.015706798,0.01310191,0.0007040918,-0.00065990083,0.004399989,0.027146015,0.00989258,12.669837,6.511051,4.477839,14.278572,18.223331,11.283138,-0.44131052,3.2502508,19.979244,6.208033,7.9448214,6.4240055,38.297966,-6973.2163,14871.603,485.06488,38.98758,5.3407974,-8.035568,29.46048,-17.20169,-0.42959595,-0.21853256,2.9123178
331,0.0,0.0,0.0,0.005097216,-0.006984438,-0.99996257,1.0,0.0,0.0,3.010059,-0.079959854,0.753197,0.8978201,3.9567814,2.7845345,0.03410044,-0.08257046,0.7027868,1.2608012,1.9126601,1.5814027,0.0083206585,-0.20763986,0.15778725,0.13994308,-0.008364324,0.012903184,-0.021149412,-0.001464968,0.00031846782,-0.00045838143,0.0113356775,0.002287124,12.099113,5.561957,7.1749926,13.682779,18.29565,11.078312,-4.9725556,2.250986,20.803423,6.086929,7.112529,6.225717,221.5842,-3163.2288,1678.9382,486.26416,18.277435,12.009274,1.3871155,-7.5087585,-2.9252014,-3.3372803,-0.21419525,0.08869362
332,0.0,0.0,0.0,0.005097216,-0.006984438,-0.99996257,1.0,0.0,0.0,3.0124412,-0.085073024,0.75415546,0.9214295,3.955975,2.7852051,0.011601489,-0.082575984,0.7025429,1.2580067,1.907661,1.5796705,0.025141025,-0.23885858,0.13138121,-0.02221576,0.014529282,0.0035110496,-0.17070019,2.5365822e-05,-0.0020792228,-0.02386243,-0.025030587,-0.009867361,12.937834,6.0569787,4.739447,14.38412,17.383774,11.834463,-2.320026,3.0105333,19.883131,5.7833185,6.985885,6.3591948,459.8036,-3462.0415,2289.2307,-1554.4552,216.24405,6.0549393,-336.0445,10.202789,-5.713684,-83.95746,23.55944,1.730835
333,0.0,0.0,0.0,0.005097216,-0.006984438,-0.99996257,1.0,0.0,0.0,3.0201843,-0.078468904,0.7463756,0.9198159,3.9567976,2.7926946,-0.01024798,-0.08297973,0.70199907,1.2557756,1.9014785,1.5791107,0.037199955,0.11287558,-0.09521385,-0.0014932011,-0.0026149005,0.0410063,-0.104161315,-0.0035811507,-0.0028813658,-0.009017201,-0.031139849,-0.006844805,12.465556,6.2055173,4.696423,14.261324,17.830608,11.567667,-1.3844477,3.1093693,19.723816,5.7583375,7.30818,6.366381,-31.192608,487.60883,-438.80637,20.606018,-27.720703,35.453415,12.52787,-66.828735,36.988922,-0.6434021,0.07877135,-56.99052
334,0.0,0.0,0.0,0.005097216,-0.006984438,-0.99996257,1.0,0.0,0.0,3.025045,-0.07971243,0.7401731,0.9176353,3.95743,2.798402,-0.022918036,-0.092186674,0.6845331,1.2564751,1.8984599,1.5775626,0.022591984,-0.015492271,-0.029619891,-0.0039045052,0.0017717492,0.02495246,-0.07010215,-0.2753037,-0.015863895,0.022710597,-0.015269466,-0.007740523,12.209246,6.556597,3.9749084,14.218727,17.899466,11.157113,0.0707096,3.3049154,19.643564,6.090895,7.820116,6.4374175,130.42525,-1077.8182,750.79297,-18.639404,21.809662,0.9371872,-4.1987495,-8490.198,7207.919,15.188942,-2.868998,12.653076
335,0.0,0.0,0.0,0.005097216,-0.006984438,-0.99996257,1.0,0.0,0.0,3.0269191,-0.07786192,0.7328607,0.91845834,3.9573216,2.7993326,-0.02190645,-0.09747077,0.7052213,1.2533783,1.901643,1.578229,0.005594461,0.00085970695,-0.018508244,0.0059341597,-0.0021496313,0.0036732384,0.012982934,0.13152516,-0.1820505,-0.018788742,0.0116523085,-0.0038045377,12.243008,6.363792,3.9344745,14.303949,17.780909,11.6577835,-0.30557024,3.2982368,19.954021,6.1645355,7.3105288,6.5519853,-49.350708,307.37695,-147.45697,115.80859,-46.416016,-10.515083,-219.28593,5842.1543,-6305.445,424.44724,-138.11285,-32.420715
336,0.0,0.0,0.0,0.005097216,-0.006984438,-0.99996257,1.0,0.0,0.0,3.0283282,-0.074658796,0.7259776,0.9209248,3.9561684,2.8048408,-0.024174199,-0.07321455,0.7054184,1.2546235,1.8992953,1.580352,0.0044938154,0.055148162,-0.06646245,0.01971934,-0.008381943,0.03056395,-0.016720613,0.6285289,-0.25257432,-0.024120187,-0.009029908,0.02016074,11.729601,6.430366,4.790897,14.115139,19.021503,10.83049,-0.10904084,3.0998669,18.605587,5.479267,8.338585,6.260386,-14.933758,-516.2693,227.36572,33.295258,-24.629608,42.21512,-82.62749,4274.876,-4208.4595,-277.21497,-58.26214,-79.40506
337,0.0,0.0,0.0,0.005097216,-0.006984438,-0.99996257,1.0,0.0,0.0,3.0263245,-0.09180571,0.72894377,0.920365,3.9561796,2.8035378,-0.023116823,-0.0941928,0.7252967,1.2483801,1.9063466,1.5782963,-0.016742848,0.014099135,-0.054695677,0.032691058,-0.0056993603,-0.008574244,0.0028930064,-0.09826397,0.035774525,-0.009358819,0.033661276,-0.006180165,11.485123,6.4587235,5.2902627,14.042631,20.48542,10.05573,0.41168535,3.089775,17.970495,5.3235717,9.818511,5.96487,-40.802895,237.18698,-215.45593,-71.491455,-51.382294,-1.7571945,-67.891426,1764.062,-1706.5405,312.20734,-13.045746,24.386795
338,0.0,0.0,0.0,0.005097216,-0.006984438,-0.99996257,1.0,0.0,0.0,3.02103,-0.07993515,0.7202991,0.9232899,3.9553568,2.794298,-0.018231008,-0.0986206,0.70094246,1.2511624,1.9257689,1.5730329,-0.01897051,-0.048899237,0.07431021,-0.023173785,0.008521221,-0.047003936,0.020805305,-0.372449,0.15636854,0.006703502,0.10196582,-0.027344484,12.500174,6.4211063,3.6989226,14.643026,17.915443,11.560404,-0.46665728,3.565309,20.167665,6.5433764,7.635871,6.5330987,126.70288,-1101.9409,1400.3564,-379.89368,105.183685,11.487564,-9.058109,-6266.5444,6011.4756,-16.953316,1.8290443,2.1859741
339,0.0,0.0,0.0,0.005097216,-0.006984438,-0.99996257,1.0,0.0,0.0,3.0249574,-0.07815588,0.72333574,0.92148507,3.9567964,2.7981668,-0.021137046,-0.07283811,0.70906377,1.2543956,1.9277933,1.5747402,0.022244995,-0.010331578,0.02404546,-0.006695026,0.0066921324,0.027009053,-0.009242202,0.07383771,-0.051899906,0.007842488,-0.002515851,0.0049527176,12.254919,6.180323,3.6219075,14.473528,17.2345,11.800264,-0.40105736,3.5425081,21.010292,6.78559,7.0135846,6.9472294,-89.86606,726.0312,-1198.6859,212.32657,-68.749115,20.803204,147.8395,-1723.2307,1290.3047,-193.41629,48.47785,-52.143677
340,0.0,0.0,0.0,0.005097216,-0.006984438,-0.99996257,1.0,0.0,0.0,3.0267096,-0.07820444,0.71917427,0.92347324,3.9561005,2.805785,-0.021773454,-0.085038684,0.7168089,1.2537423,1.9218829,1.5803187,0.008858921,-0.02172193,-0.0144996215,0.010756005,-0.0062013445,0.03815649,-0.0019703207,-0.13052402,0.073548995,-0.00841388,-0.031686615,0.02623905,11.636452,6.3752646,4.5918636,13.995635,18.493074,10.909355,-0.034517873,3.0811749,19.43111,5.9116006,7.856307,6.5074725,10.798365,-86.34308,18.30606,2.58667,-9.814545,-2.351715,19.589523,-572.6177,161.92947,-27.092163,-23.329935,-23.621605
341,0.0,0.0,0.0,0.005097216,-0.006984438,-0.99996257,1.0,0.0,0.0,3.02396,-0.07831037,0.7150174,0.9247452,3.9554913,2.805226,-0.02043113,-0.09119784,0.70364046,1.2554306,1.9228041,1.5815567,-0.014819753,0.002583809,0.006538752,-0.0046725716,0.0038355596,-0.00700513,0.008664267,-0.08013713,-0.019689826,0.007234546,0.0051194797,0.0048915627,12.303583,6.4299884,3.7852006,14.249832,17.570158,11.556938,-0.12602149,3.330214,20.33216,6.47726,7.290169,6.55308,117.209015,-1183.6471,1451.4686,-232.20279,88.36545,-11.586235,-2.5016403,-215.36673,219.6612,11.543213,-0.92999077,-0.9599571
342,0.0,0.0,0.0,0.005097216,-0.006984438,-0.99996257,1.0,0.0,0.0,3.0263474,-0.07589546,0.71781033,0.9227053,3.9571557,2.809934,-0.019873044,-0.07979511,0.68292487,1.2563664,1.9188459,1.5836176,0.009406234,0.14310013,-0.106954135,0.016333377,0.001635606,0.024448382,-0.0019735713,0.45751858,-0.51805174,0.03944899,-0.019947415,0.004525674,11.892832,6.390435,4.307656,14.147421,18.21027,11.230758,-0.14903127,3.180417,19.766655,6.1001954,7.665042,6.553908,-74.26365,989.4761,-936.54266,148.23517,-40.746216,29.027184,38.391453,7356.0063,-9034.589,489.6189,2.91016,-32.300648
343,0.0,0.0,0.0,0.005097216,-0.006984438,-0.99996257,1.0,0.0,0.0,3.0254023,-0.0801925,0.72372246,0.92347467,3.9579465,2.812152,-0.01941055,-0.086979784,0.7023586,1.2579333,1.9186306,1.5855615,-0.0067850277,-0.017140292,0.0008221851,0.00076232775,-0.0010097456,0.010040438,0.024071883,-0.25505757,0.10296422,-0.059850276,0.0022941062,0.0058622886,10.897221,6.2687745,5.4791183,14.433817,22.030733,9.923597,0.50417984,2.994216,17.003696,4.305279,10.550828,5.8973184,-17.019258,153.89154,-472.22372,64.303406,-63.247192,-1.1223145,481.65784,-10410.701,7336.935,-1116.9762,34.771137,-163.64107
344,0.0,0.0,0.0,0.005097216,-0.006984438,-0.99996257,1.0,0.0,0.0,3.0161366,-0.07710069,0.7192953,0.92288816,3.9577522,2.8032463,-0.013935878,-0.10846333,0.7076302,1.2506942,1.9404447,1.5800531,-0.050986852,-0.019734818,-0.011984567,-0.0032406212,-0.0019939025,-0.051244218,0.02039655,-0.64194643,0.39409977,-0.043534175,0.13796966,-0.027255505,12.730351,6.3263383,3.2905316,14.764115,17.469982,11.985102,-0.6703435,3.6929064,20.62477,6.7477603,7.213851,6.38154,-4.9151306,28.45935,-226.62497,115.47006,-31.689453,0.14628601,71.51636,-6559.8574,4184.5264,55.06568,10.076317,0.9996872
345,0.0,0.0,0.0,0.005097216,-0.006984438,-0.99996257,1.0,0.0,0.0,3.0201755,-0.07930925,0.71864825,0.9229232,3.9572568,2.8101108,-0.019126654,-0.083951734,0.6998885,1.2585384,1.9442971,1.5795795,0.031942267,0.010255406,-0.013331807,0.0023110039,-0.0017450488,0.04631947,-0.038920384,-0.16546404,0.14334312,0.072047,-0.027348218,-0.0016190464,12.33284,6.1460147,2.543068,14.411056,15.903873,12.238035,0.60213506,3.9641118,22.412397,7.6596684,6.5029936,7.308845,-13.687746,-617.5624,368.9589,43.935394,-11.972504,9.216148,-115.23409,-10508.217,6490.559,84.307495,-41.436302,-2.9588661
346,0.0,0.0,0.0,0.005097216,-0.006984438,-0.99996257,1.0,0.0,0.0,3.0235445,-0.080591224,0.71979433,0.9228498,3.9527428,2.8214767,-0.010054105,-0.11839814,0.7090071,1.2574505,1.9334984,1.5887957,0.011853979,0.083347365,-0.062203865,0.011251516,-0.029795846,0.055089463,0.0464616,-0.63657093,0.638097,-0.04650459,-0.061967064,0.044063102,11.607951,6.424442,3.9577022,13.8105955,17.678207,11.268412,0.67039955,3.2200546,20.815985,6.651648,7.2385793,6.9556317,-112.28908,934.9504,-965.2538,141.05508,75.7496,-9.824699,-444.9701,-1565.2415,6639.7227,482.55066,-29.118824,4.990677
347,0.0,0.0,0.0,0.005097216,-0.006984438,-0.99996257,1.0,0.0,0.0,3.020827,-0.090554744,0.7331439,0.91831267,3.953283,2.823544,-0.0028680635,-0.08432566,0.7130838,1.2573415,1.9286306,1.5946505,-0.012668394,-0.34759313,0.23876353,-0.08748818,0.021044938,0.009459071,0.041061107,-0.07979186,0.08398478,0.019517723,-0.024470655,0.026042873,12.687259,6.4118614,1.8901777,13.834194,14.616837,12.298209,1.56819,3.9582036,24.053686,8.610962,6.068499,7.101191,260.67862,-3518.958,1595.3298,-857.01294,75.41766,24.177681,122.296074,-501.932,-436.55264,-65.01688,-16.472939,19.440046
348,0.0,0.0,0.0,0.005097216,-0.006984438,-0.99996257,1.0,0.0,0.0,3.0275555,-0.08225913,0.70382035,0.9232577,3.938838,2.8335423,0.012548693,-0.09185966,0.7037165,1.2627395,1.9133887,1.6022264,0.027421707,0.07814991,-0.14696716,0.07648852,-0.096391715,0.046898376,0.07559183,0.025378404,-0.13911773,0.033577006,-0.07951063,0.038188044,11.618334,6.239537,5.29513,13.5511465,18.427937,11.462406,-0.46391833,2.7403507,20.487934,6.186545,7.203928,6.711505,-54.214073,-1508.126,2420.2898,469.2536,-167.78798,-2.535223,-8.404476,300.174,-478.41913,41.113403,4.352231,-2.6725845
349,0.0,0.0,0.0,0.005097216,-0.006984438,-0.99996257,1.0,0.0,0.0,3.023599,-0.09283131,0.72703403,0.93623054,3.9327655,2.8353174,0.014409548,-0.09186902,0.70721936,1.2491137,1.9083705,1.6051035,-0.019900516,0.037057184,-0.06035128,0.029232362,0.0040779333,0.010203367,-0.029450217,-0.29163375,0.35008156,-0.06636055,-0.025808457,0.010818714,12.1462345,6.6702647,4.19913,13.877441,18.094906,11.05171,0.40716064,3.075951,19.035522,5.807117,7.8578167,6.112921,-8.984821,-138.33688,-112.670105,-539.22815,132.67291,-0.7632637,7.3652267,-11771.504,12904.265,448.06595,-7.738018,-11.455406
350,0.0,0.0,0.0,0.005097216,-0.006984438,-0.99996257,1.0,0.0,0.0,3.024158,-0.083970666,0.7216292,0.93222535,3.9438949,2.8329775,0.01756863,-0.119819626,0.7279904,1.2504567,1.9098139,1.6011599,0.016128596,-0.074957095,0.11081915,-0.06408173,0.09914017,-0.011957188,0.016983438,-0.6671723,0.7365331,0.018927833,0.0066005304,-0.018468698,12.480132,6.5705934,2.9303715,14.176222,16.431446,11.885759,0.55747116,3.6952305,21.833902,7.4388633,6.9215536,6.606425,118.9443,-1023.26794,1317.6211,-275.40585,234.51688,9.25054,5.947391,-8395.977,11109.541,92.384636,1.4816475,-2.0752869
351,0.0,0.0,0.0,0.005097216,-0.006984438,-0.99996257,1.0,0.0,0.0,3.0283082,-0.08046462,0.7225294,0.92533123,3.9472125,2.8381374,0.021601016,-0.08940793,0.69363415,1.2684542,1.9027171,1.6025151,0.025550818,-0.086397305,0.11146071,-0.057888996,0.01707927,0.02735564,0.0060814535,0.40457025,-0.5861095,0.10372674,-0.032654952,0.014188259,12.823863,6.131189,2.1620967,13.898985,14.778704,12.267763,1.1402725,4.1278424,24.82068,8.84301,6.145278,7.4761844,70.14272,-1010.9547,1024.6348,-253.3772,40.607086,1.7161736,-11.6362,-6881.844,-10703.572,-504.81332,-11.811533,61.245235
352,0.0,0.0,0.0,0.005097216,-0.006984438,-0.99996257,1.0,0.0,0.0,3.034943,-0.075135455,0.71677047,0.9267632,3.9353306,2.847218,0.035262346,-0.087639496,0.69967026,1.2469047,1.8910611,1.6130888,0.017078185,-0.2953858,0.5052108,0.003995541,-0.07384634,0.045919504,0.04833877,0.4003623,-0.61716413,-0.10028614,-0.06431159,0.03890958,9.496965,6.104802,6.6109285,14.353099,22.54903,9.777206,0.15553035,2.5883613,17.52157,3.1745694,10.279194,5.615088,-13.035022,-6298.591,13012.197,466.62732,8.734558,3.4947968,-17.13992,4010.5703,-6937.5933,491.05618,-29.378555,-12.272118
353,0.0,0.0,0.0,0.005097216,-0.006984438,-0.99996257,1.0,0.0,0.0,3.024333,-0.081716776,0.7363808,0.9254235,3.9353628,2.8377218,0.035796273,-0.08746943,0.7091512,1.2268144,1.9049804,1.6044172,-0.11140766,0.06749194,-0.05322906,-0.0059355074,0.026005462,-0.070498675,-0.0099159805,-0.39987868,0.43239442,-0.0997994,0.13283263,-0.05173067,10.273211,5.5147743,7.4585447,14.4998665,22.425041,10.122021,-3.0388951,2.3893003,18.015324,4.240796,10.417972,5.2277646,-421.92358,355.95633,-571.518,-114.00751,159.98007,-14.615334,2.144952,-6972.2417,3314.9253,162.79376,114.03449,-7.6892776
354,0.0,0.0,0.0,0.005097216,-0.006984438,-0.99996257,1.0,0.0,0.0,3.0082269,-0.07437511,0.7267427,0.9194032,3.9489563,2.8260865,0.0124730375,-0.098049454,0.7028793,1.2179588,1.9320796,1.5917523,-0.0805872,0.15540406,-0.12131669,-0.0042036287,0.0578613,-0.05797532,-0.15603028,-0.0965133,-0.023572335,-0.035877492,0.13403217,-0.062461954,12.849945,6.2096496,2.125736,14.980494,15.447359,12.379632,-0.34570134,4.2400436,22.2522,7.945699,6.739042,6.5839314,-88.54238,1025.251,-702.53,282.15234,-176.88022,-0.086686134,-14.5472145,-689.0663,585.34924,46.757812,-5.5616016,2.694542
355,0.0,0.0,0.0,0.005097216,-0.006984438,-0.99996257,1.0,0.0,0.0,3.01288,-0.07488476,0.7224326,0.91967285,3.945138,2.8336396,0.002617304,-0.10273391,0.7103853,1.2270075,1.9339564,1.5918803,0.03863233,0.076329045,-0.07619491,0.060372073,-0.039001677,0.051148016,-0.022737687,-0.44998524,0.4487299,0.0897622,-0.048553087,0.008998528,10.815752,6.260799,4.416356,14.203791,18.988255,10.773556,0.7687396,3.3494315,19.001083,5.9775395,8.384457,6.7464247,-52.426914,-717.15247,434.69855,484.36743,4.5774536,-4.7937098,17.505877,-10832.961,12657.67,463.94354,-79.92509,3.5405579
356,0.0,0.0,0.0,0.005097216,-0.006984438,-0.99996257,1.0,0.0,0.0,3.00812,-0.091486506,0.74956995,0.9105629,3.9518993,2.8303661,0.009362859,-0.100967064,0.71334964,1.2388746,1.9388988,1.5944767,-0.047724307,-0.041849498,0.15723094,-0.1061926,0.05129851,-0.022642571,0.03519013,-0.077270254,0.07098762,0.053156316,0.032686785,0.012890129,12.547647,6.4438443,2.2251635,14.141929,15.285881,11.926237,1.0025977,3.9762611,23.161716,8.193912,6.411785,6.886171,-309.09665,1632.7224,-2879.3196,464.84528,-163.7297,14.75396,20.60514,578.29663,-1800.568,6.5814,-3.008871,1.4919968
357,0.0,0.0,0.0,0.005097216,-0.006984438,-0.99996257,1.0,0.0,0.0,3.0116756,-0.0750197,0.7430877,0.9095167,3.9432921,2.8361857,0.019019503,-0.09675373,0.7049297,1.2641829,1.9288416,1.5986377,0.028686453,0.14983347,-0.108970776,0.05606549,-0.04810342,0.028957224,0.051578816,-0.186931,0.39630148,0.14076254,-0.064611755,0.022138713,11.495855,6.389047,4.959986,13.835175,18.691275,11.135075,-0.09627639,2.9677157,20.439192,6.3637776,7.6545925,6.783678,-14.171765,578.6391,-541.82385,485.6858,181.87387,-6.876253,-12.456445,-5681.8726,10342.629,-6.8320217,-3.5172615,2.9062614
358,0.0,0.0,0.0,0.005097216,-0.006984438,-0.99996257,1.0,0.0,0.0,3.006938,-0.079462074,0.7413818,0.9213542,3.9406796,2.834811,0.020049395,-0.10106684,0.700248,1.2610799,1.9287403,1.6026876,-0.016839279,-0.019961791,-0.022817863,0.01905177,0.0077697574,-0.0058051045,-0.010346591,0.29110792,-0.54973406,-0.040595107,-0.00094644184,0.013251275,12.791189,6.7053094,2.7326374,14.023353,15.866016,11.6838255,1.0339712,3.7205153,22.778042,7.966288,6.8665133,6.82574,228.69844,-1090.3916,677.70764,-463.0758,217.03137,21.427969,-47.873665,3888.6924,-5973.8955,491.58694,-40.70773,-15.583508
359,0.0,0.0,0.0,0.005097216,-0.006984438,-0.99996257,1.0,0.0,0.0,3.0127819,-0.075615205,0.73232925,0.9224645,3.9387555,2.8381674,0.029039461,-0.086659685,0.71385324,1.2620624,1.920718,1.6066598,0.029633326,0.043356564,-0.049955435,0.004031192,-0.01120866,0.015443997,0.044964764,0.082422785,-0.08909603,0.023601508,-0.041413125,0.021900218,10.037043,6.103687,6.1198072,14.594494,22.431475,10.049432,0.37810457,2.8494,17.169645,3.5072687,10.17037,5.7859225,-17.999054,58.812164,37.733704,-18.63208,-11.274948,-5.272773,20.921558,-258.66928,-726.72614,57.490997,1.0769415,14.264833
360,0.0,0.0,0.0,0.005097216,-0.006984438,-0.99996257,1.0,0.0,0.0,3.0031152,-0.084807985,0.7320142,0.91886747,3.9473746,2.8275654,0.031637117,-0.10639454,0.72937,1.251813,1.9359145,1.5997745,-0.11380043,-0.21509083,0.0982422,0.0057028844,0.040730026,-0.062008657,0.010600678,-0.59690326,0.69448036,-0.08745902,0.11952262,-0.034537252,12.671274,6.537679,3.7671924,14.66153,18.416508,11.344807,-0.55427706,3.6166105,19.593811,6.193799,8.037924,6.0165715,-215.31746,-4234.996,2958.678,483.64212,-61.799377,-5.800974,-0.7605301,-7534.0864,9600.332,-65.27081,28.86916,7.4297333
361,0.0,0.0,0.0,0.005097216,-0.006984438,-0.99996257,1.0,0.0,0.0,3.0007534,-0.08727952,0.7282888,0.91941464,3.9529314,2.827607,0.026096547,-0.060100336,0.68408823,1.2530662,1.9422576,1.5951312,0.030341858,-0.26176527,0.124682605,-0.046033703,0.035814386,0.009550447,-0.020269416,1.0132421,-0.48820314,0.052031573,0.015805459,-0.022423146,12.904753,5.9999595,2.1352546,14.483589,14.7454605,12.508798,0.29100358,4.2960734,24.190275,8.58719,6.045368,7.3502383,609.33026,-4300.7017,2889.4375,-1096.5697,-32.262695,90.91886,-118.26035,8751.885,-4150.8228,239.2703,-8.045525,-4.6690826
362,0.0,0.0,0.0,0.005097216,-0.006984438,-0.99996257,1.0,0.0,0.0,3.0101697,-0.07751133,0.7188308,0.9229039,3.9412563,2.8391278,0.029228317,-0.10399665,0.7458627,1.2611126,1.9293888,1.6033193,0.04122298,0.04484951,-0.040633507,0.02460537,-0.054698247,0.056466825,0.016930284,-0.20820081,0.17446974,0.011728623,-0.076565325,0.049712427,9.321726,6.066051,6.4869027,14.712555,23.459377,9.119079,0.5615305,2.9621744,17.485065,3.314206,11.495868,5.7825603,51.155098,-736.1885,1104.1047,-45.402374,152.1268,-1.8939457,-158.2018,2114.5557,-3105.5264,-95.384155,-59.724373,33.633297
363,0.0,0.0,0.0,0.005097216,-0.006984438,-0.99996257,1.0,0.0,0.0,3.0019526,-0.076701984,0.71766144,0.9222499,3.94436,2.8278034,0.03349007,-0.1052326,0.72281677,1.2496458,1.9411421,1.5976238,-0.09683769,0.032403752,-0.039322775,-0.0058188974,0.039005574,-0.104853965,0.022719212,-0.10127866,0.027176071,-0.081897385,0.14590871,-0.037469793,12.731613,6.454677,2.90201,14.680635,16.852325,11.991638,-0.22466098,3.831871,21.604303,7.3087754,7.038843,6.29117,-364.7304,-595.24133,316.8166,-50.08197,-36.3255,-41.310337,27.120918,5242.359,-6666.8037,66.9238,475.17908,-19.616634
364,0.0,0.0,0.0,0.005097216,-0.006984438,-0.99996257,1.0,0.0,0.0,3.0028415,-0.07818719,0.7210847,0.92202985,3.948238,2.8288622,0.03059012,-0.10034278,0.7155659,1.2495526,1.9457555,1.5956342,0.03952364,-0.05242243,0.07017674,-0.0010154833,0.01812966,0.03325823,-0.018857215,-0.2766354,0.49390393,0.041590128,-0.03482652,-0.006225906,11.568281,6.285344,4.3128552,14.407921,18.663815,11.204204,0.23030509,3.4116917,19.550049,6.1781344,8.096756,6.757236,186.8907,-1160.336,1645.4102,-344.753,69.46918,-25.396696,-99.5379,-11301.018,12242.411,467.5955,-88.1593,-7.4112625
365,0.0,0.0,0.0,0.005097216,-0.006984438,-0.99996257,1.0,0.0,0.0,3.0012498,-0.08009574,0.71806866,0.92317164,3.9511044,2.8282547,0.031289656,-0.09067684,0.7042934,1.2612861,1.9489613,1.5982137,-0.015437551,0.061909992,-0.051921077,0.0070914165,0.015285342,-0.005571132,0.0043879244,-0.056122657,-0.024430444,0.055895187,0.017148964,0.013561413,12.750692,6.349969,2.8119707,14.233628,15.709196,11.903708,0.34986866,3.84939,23.255108,8.105677,6.5319834,6.95338,-186.09883,1707.5403,-1524.8817,144.18362,-30.392181,-54.49645,16.61972,-684.9559,462.53674,-3.434513,0.57528687,-1.5782433
366,0.0,0.0,0.0,0.005097216,-0.006984438,-0.99996257,1.0,0.0,0.0,3.0082886,-0.08041172,0.72139317,0.9220966,3.9487374,2.8342378,0.03551233,-0.10172815,0.7113696,1.2648412,1.9401522,1.6049037,0.04213861,-0.070655815,0.08312607,-0.015547319,-0.011961693,0.031525116,0.014576479,-0.116912805,0.17457826,-0.040857688,-0.05446442,0.026126562,11.447172,6.4600673,4.6535516,13.821522,18.671764,11.055186,0.56662357,3.0625162,19.709143,6.1118655,7.9557333,6.6895857,163.63678,-1017.2005,1585.3439,-252.1806,116.00738,42.184357,-364.23093,993.7494,-2627.96,478.98727,-307.82913,-318.20724
367,0.0,0.0,0.0,0.005097216,-0.006984438,-0.99996257,1.0,0.0,0.0,3.0054703,-0.07830472,0.7186781,0.92276895,3.9493873,2.8325596,0.03959152,-0.09403376,0.7114081,1.2679554,1.9416099,1.6073117,-0.022785759,-0.031294655,0.005776895,0.000605278,0.009685471,-0.008926173,0.02089802,0.073707394,-0.09063208,0.02472016,0.009331939,0.011760659,12.578869,6.484122,3.9563613,14.172008,17.454487,11.672603,-0.35535395,3.2981052,20.97353,6.763267,7.126279,6.4480395,-56.719696,228.84286,-607.0675,103.46854,-15.071899,-2.9496803,66.433655,-987.9101,268.70868,-214.14278,-34.577,1.6817741
368,0.0,0.0,0.0,0.005097216,-0.006984438,-0.99996257,1.0,0.0,0.0,3.0102913,-0.07978737,0.7165015,0.9235517,3.9512718,2.8361833,0.0377451,-0.10451906,0.7168793,1.2646393,1.9374669,1.6087829,0.031798795,-0.012163659,0.025335206,-0.0066365036,0.015095546,0.020542998,0.01369145,-0.29724535,0.5543533,-0.12711512,0.0087187,0.034520198,11.957146,6.440228,4.8118157,14.086014,18.745369,11.056833,-0.15929042,3.1078491,19.336424,5.859433,8.10963,6.3349915,110.19196,-1246.7603,1612.6082,-193.53467,78.95264,24.520666,418.77637,-5498.5967,10909.181,-2326.423,423.26532,357.1195
369,0.0,0.0,0.0,0.005097216,-0.006984438,-0.99996257,1.0,0.0,0.0,3.010685,-0.07458057,0.71887624,0.9236659,3.9543977,2.8347547,0.035349414,-0.09304755,0.6960563,1.2601155,1.9412284,1.6066719,-0.0066581774,-0.038063485,0.0858685,0.016347555,0.011018767,-0.009438926,-0.0045664455,0.55250114,-0.40784058,0.028364947,0.019473366,-0.0084956875,12.975706,6.4669933,2.6091588,14.2979145,15.589216,12.133257,0.49932563,3.9228053,23.109037,8.1245165,6.658558,6.77352,-36.84091,-999.85455,1430.6394,486.7444,-29.878387,-42.873577,12.18849,7691.4507,-2616.8845,312.68655,-11.118208,11.6722145
370,0.0,0.0,0.0,0.005097216,-0.006984438,-0.99996257,1.0,0.0,0.0,3.0180926,-0.080267996,0.7203967,0.92540085,3.9502532,2.8429465,0.03916605,-0.086258955,0.70919067,1.2679261,1.9320097,1.6102549,0.05369652,-0.07558974,0.06955023,-0.018938601,-0.011364563,0.04290757,0.029109234,-0.018153973,-0.056803197,0.023266375,-0.051012795,0.01734709,10.037981,6.123742,6.359429,14.130915,22.273666,9.619522,0.27328908,2.7242556,17.587591,4.2561946,10.340405,5.988774,216.21426,-878.5508,1511.5116,-450.40317,182.38069,21.933105,171.46938,-1747.5645,1474.3008,-331.20157,35.578953,-52.930737
371,0.0,0.0,0.0,0.005097216,-0.006984438,-0.99996257,1.0,0.0,0.0,3.0104902,-0.079898655,0.7216324,0.9216155,3.9523573,2.8330355,0.040276147,-0.118620776,0.71776915,1.262329,1.9468303,1.6049167,-0.08577646,-0.0013337247,-0.020550936,-0.00977851,0.011186334,-0.07768744,0.0019669186,-0.6713923,0.5119656,-0.051585365,0.12633787,-0.025496846,12.873876,6.392652,4.056721,14.613117,18.247849,11.6650505,-1.2048403,3.4428082,19.926825,6.2357674,7.6136656,6.057285,-242.76807,148.41187,-321.9258,131.16757,-19.492798,-17.736153,0.013271809,-10477.386,10593.837,-84.76426,39.192116,12.903431
372,0.0,0.0,0.0,0.005097216,-0.006984438,-0.99996257,1.0,0.0,0.0,3.0119514,-0.077414215,0.71916187,0.92373765,3.953758,2.8349895,0.028529666,-0.09333612,0.72009313,1.2671009,1.9518187,1.5998206,0.04203563,-0.05142176,0.07185657,0.005947614,0.009951152,0.023526423,-0.07117314,0.18520696,-0.14322682,0.057161685,-0.0034811911,-0.025977379,12.802873,6.1948104,2.238753,14.496025,15.300623,12.464535,0.6174134,4.167932,23.204653,8.117998,6.4453163,7.207659,173.72778,-837.7949,963.3434,-337.61868,57.139862,15.207134,-24.128517,6224.33,-11836.47,171.30273,7.280735,-3.6074524
373,0.0,0.0,0.0,0.005097216,-0.006984438,-0.99996257,1.0,0.0,0.0,3.0194175,-0.07737374,0.7186396,0.92433083,3.947831,2.8465428,0.032861304,-0.09168878,0.7078204,1.2709681,1.9403815,1.6069925,0.04310262,-0.037686594,0.044550817,-0.01485309,-0.021346249,0.06082659,0.039355334,-0.104131304,0.010549258,-0.00030671788,-0.061920244,0.036534864,10.852324,6.33842,5.6376863,13.604673,19.487228,10.417977,0.19427718,2.8255377,19.095728,5.577403,8.3645735,6.4473453,187.35548,-1079.8981,1452.2761,-368.31082,199.17111,43.98903,-0.40000916,-480.73895,339.47833,-114.788055,-0.27546692,-3.253643
374,0.0,0.0,0.0,0.005097216,-0.006984438,-0.99996257,1.0,0.0,0.0,3.0140111,-0.07742924,0.71656203,0.9234849,3.948172,2.8419824,0.036500476,-0.09826155,0.7056169,1.2564536,1.9456186,1.6073877,-0.049023923,-0.00054653885,0.017281527,-0.011821986,0.01581974,-0.04056325,0.012328029,0.49982783,-0.3567002,-0.083823554,0.033396866,-0.0061865128,12.721596,6.501097,4.093806,14.293404,17.823565,11.614903,-0.6022388,3.2491999,20.219696,6.331199,7.370263,6.2612014,69.61104,-1279.5806,1604.608,-216.62067,106.26721,13.5870285,-36.828106,5957.932,-1784.3395,487.92865,-37.062218,-53.515354
375,0.0,0.0,0.0,0.005097216,-0.006984438,-0.99996257,1.0,0.0,0.0,3.018105,-0.07285682,0.71696764,0.92377317,3.951605,2.8447938,0.029484466,-0.09175585,0.7018853,1.254449,1.9427385,1.6045638,0.026628662,0.030995348,0.003514704,0.030303989,0.012843125,0.018860094,-0.03546105,0.31620678,-0.30418286,0.049316183,-0.016708907,-0.012436032,11.106892,6.166425,5.8166776,14.339827,21.684925,10.103487,0.18757237,2.991434,17.513971,4.6604333,10.261142,5.9165883,2.6225443,-1638.3176,1861.0732,483.57663,-8.036774,11.974129,-20.798914,3617.7373,-4487.997,491.99185,-20.671776,6.579262
376,0.0,0.0,0.0,0.005097216,-0.006984438,-0.99996257,1.0,0.0,0.0,3.0127716,-0.071481876,0.7057276,0.92623127,3.9548323,2.8363016,0.029880604,-0.12705381,0.7377205,1.2519368,1.961483,1.5985048,-0.037547365,-0.088827126,-0.021589963,-0.0009161552,0.01505087,-0.049715456,0.011380863,-0.7312303,1.0256879,-0.039041784,0.12336335,-0.031254765,12.02209,6.2317543,5.1675715,14.396679,20.21317,10.668971,-0.7497126,3.237722,18.378407,5.4931016,9.203246,5.8978324,107.2941,-1862.3224,1364.4426,-322.61096,14.850555,20.36464,126.25878,-2345.7407,8608.238,110.988785,14.585085,-12.065842
377,0.0,0.0,0.0,0.005097216,-0.006984438,-0.99996257,1.0,0.0,0.0,3.0133588,-0.08914495,0.71083236,0.9257654,3.9542966,2.8314037,0.02180621,-0.11488284,0.7380139,1.2542857,1.9760759,1.5926948,0.007464848,-0.068729855,0.037381586,-0.0022667584,-0.0085357055,-0.022992339,-0.044165786,-0.08119746,0.10251986,0.025023041,0.07030096,-0.029078249,13.6536045,6.046805,0.37164056,14.000988,12.684216,11.928952,1.6607565,5.21657,25.896893,9.471331,5.739766,7.483791,33.72532,-117.522125,301.78076,-49.963074,5.890106,7.4344482,67.639206,6657.2793,-10770.775,145.47269,2.582882,-9.313297
378,0.0,0.0,0.0,0.005097216,-0.006984438,-0.99996257,1.0,0.0,0.0,3.0277843,-0.08910033,0.701195,0.9258195,3.9335504,2.83725,0.03164088,-0.087263204,0.6914274,1.2714599,1.9673636,1.6025093,0.090324275,0.27498993,-0.37074286,0.045978755,-0.16554613,0.030355146,0.06861417,0.35443413,-0.442514,0.07971393,-0.09761539,0.06450011,10.693219,6.3462095,5.0361495,13.4378395,18.933174,10.807005,1.0489334,3.0796504,20.428568,6.2643037,7.8622828,7.237075,-19.054634,4721.1514,-6054.5376,360.19244,-442.10846,-0.91146934,-0.70919037,3574.9534,-4648.0957,-254.41888,-99.88171,-58.832466
379,0.0,0.0,0.0,0.005097216,-0.006984438,-0.99996257,1.0,0.0,0.0,3.027734,-0.09214901,0.72484815,0.91735137,3.9289508,2.8336108,0.044212043,-0.09919827,0.7282233,1.2512616,1.9645045,1.6096882,-0.035302088,-0.082572095,0.2111795,-0.16678672,0.124022774,-0.021852486,0.04241194,-0.13165967,0.28375998,-0.056581687,0.005416837,0.030506013,11.641769,7.040678,4.680792,13.977008,20.368164,10.072784,1.6592373,3.1853333,17.230932,5.071859,9.739509,5.95651,-489.14246,1759.9056,-3489.5845,450.92035,244.38445,20.813158,-25.833105,1222.7961,-3716.562,461.83466,17.59727,-28.44693
380,0.0,0.0,0.0,0.005097216,-0.006984438,-0.99996257,1.0,0.0,0.0,3.0236762,-0.07332443,0.7190158,0.90468323,3.955831,2.8224533,0.058409262,-0.096719936,0.7009796,1.2500421,1.9819682,1.6037297,-0.018802537,0.18947513,-0.1269102,0.00024102317,0.096095726,-0.052393854,0.073800616,0.09169193,-0.23800607,0.0074333185,0.096032076,-0.03205439,13.080631,6.430241,3.838924,14.683706,17.691423,11.964058,-0.8788854,3.615322,21.728786,7.3727107,7.41685,6.5054417,-44.4053,559.8903,-677.1124,484.00354,-362.3707,46.45183,27.690382,6109.9463,-6707.6084,94.53401,-6.696415,0.12633514
381,0.0,0.0,0.0,0.005097216,-0.006984438,-0.99996257,1.0,0.0,0.0,3.0311286,-0.07021627,0.7182862,0.91853464,3.9606607,2.8284867,0.05304285,-0.10400458,0.7099453,1.2645425,1.9826584,1.6031433,0.049262255,0.025538757,-0.078426786,0.13041523,0.004543692,0.038635027,-0.05704495,-0.4617434,0.35551593,0.10101507,-0.019688984,-0.0019515792,11.780105,6.4082813,4.8554196,14.389566,19.934767,10.876037,0.26887643,3.2734003,18.213316,5.5804467,9.169413,6.3884435,-6.2206435,354.094,-1021.3335,486.40164,-74.10864,-13.443829,76.89628,-3467.3408,3813.1062,218.49747,5.4675713,-9.689781
382,0.0,0.0,0.0,0.005097216,-0.006984438,-0.99996257,1.0,0.0,0.0,3.0304155,-0.07600633,0.71787256,0.9325942,3.9591289,2.8261788,0.053000763,-0.10816998,0.7198688,1.2639433,1.9947004,1.6025853,-0.0097860675,-0.0146321105,-0.03478763,0.020140214,-0.009191229,-0.0122032985,0.0018273361,-0.6116876,0.5001759,-0.00080813916,0.065120846,-0.0085953325,12.935036,6.375159,2.525224,14.501524,15.746567,12.244135,0.29478347,4.049821,22.845457,7.879997,6.624733,6.9077086,-11.467186,57.657196,-182.7453,-285.25168,2.8086548,11.339394,49.712917,-2626.3042,2611.2124,480.3823,0.86681366,-8.042366
383,0.0,0.0,0.0,0.005097216,-0.006984438,-0.99996257,1.0,0.0,0.0,3.0375788,-0.0798606,0.7225446,0.92786896,3.9567637,2.8353815,0.05299987,-0.091362365,0.7018377,1.2670847,1.9889755,1.6084597,0.042479675,-0.075360715,0.108147,-0.059307743,-0.007674468,0.049533315,-0.007547514,0.41631326,-0.13143653,-0.027115611,-0.061914414,0.053875644,12.261137,6.227679,2.5831058,14.052441,15.811562,12.128847,1.2828258,3.9312525,23.305372,8.024691,6.4515467,7.6059294,70.49757,-895.7651,1144.8016,-339.29257,29.797276,2.4439125,-203.06747,12643.633,-6957.101,-1359.3547,-45.986217,415.68997
384,0.0,0.0,0.0,0.005097216,-0.006984438,-0.99996257,1.0,0.0,0.0,3.0390747,-0.07654719,0.71956205,0.9251782,3.9527428,2.8438735,0.06294858,-0.09001104,0.69506353,1.2692515,1.9758046,1.6188536,0.010748394,-0.045406993,0.046808306,-0.025889564,-0.014004077,0.042790398,0.050979584,0.12998928,-0.23873527,0.049987804,-0.06596661,0.054531306,10.830069,6.5442634,5.869038,13.333383,19.980251,10.293058,0.49018323,2.6410265,18.666204,5.3624454,8.612986,6.1491694,161.32072,-1036.3767,1499.9303,-367.3882,148.66939,-10.029308,-19.472343,1651.2104,-2045.5153,160.94067,-3.7776031,53.379833
385,0.0,0.0,0.0,0.005097216,-0.006984438,-0.99996257,1.0,0.0,0.0,3.0302634,-0.07892784,0.7202978,0.9226793,3.952914,2.8384733,0.06728384,-0.09117819,0.7055178,1.265845,1.981514,1.615442,-0.05368938,-0.025681669,0.051304776,-0.021644456,0.01293037,-0.041739255,0.013147634,0.19425063,-0.24026778,0.0056359824,0.040812634,-0.023576317,12.582445,6.5557323,5.0026846,14.18874,19.210112,11.273436,-0.85300267,3.0297947,18.747921,5.5088706,8.2939005,5.895513,111.494255,-1441.6559,1932.9098,-398.16315,42.457,16.083519,-15.729925,5234.558,-5817.2144,362.63525,-3.637951,-0.12541199
386,0.0,0.0,0.0,0.005097216,-0.006984438,-0.99996257,1.0,0.0,0.0,3.0328152,-0.07719701,0.71927,0.92424047,3.9547484,2.8386488,0.057215147,-0.06301235,0.68234646,1.2657963,1.9869225,1.6097773,0.022245808,-0.02304635,0.00478486,0.00983221,0.0058568376,0.0037736378,-0.061828602,0.10618198,-0.03690054,-0.01321435,0.023536436,-0.031041471,12.239429,6.3430543,5.284916,14.390318,19.662666,10.933357,-0.7248732,3.1849937,18.583323,5.4023285,8.872464,6.110097,-53.840855,159.63986,-615.0443,18.818665,-71.859924,-6.95224,6.1025066,-9787.097,6275.9414,451.49432,-44.42153,-228.5025
387,0.0,0.0,0.0,0.005097216,-0.006984438,-0.99996257,1.0,0.0,0.0,3.035219,-0.082718745,0.7208768,0.9236883,3.954717,2.8364172,0.047343984,-0.07577344,0.6883636,1.2650095,1.9976234,1.6060529,0.009645942,0.0267039,-0.013403076,-0.0088574765,0.004017958,-0.012493771,-0.0535521,-0.041139454,0.042864654,-0.014294542,0.05029903,-0.02007114,12.45466,6.445036,4.342343,14.503202,18.497244,11.099282,-0.6811682,3.4791002,19.549093,6.0081773,8.100883,6.338836,-178.04944,1590.1555,-1607.6948,148.73294,-46.018494,-25.790573,-5.7524033,-10198.887,6647.232,453.62207,-38.608498,-210.22269
388,0.0,0.0,0.0,0.005097216,-0.006984438,-0.99996257,1.0,0.0,0.0,3.0387335,-0.07665,0.71762586,0.92338336,3.9543767,2.8355622,0.04015343,-0.11120636,0.7172644,1.2572964,2.0004835,1.604925,0.018214086,0.09979568,-0.07861204,0.013897951,-0.0011300776,-0.00475534,-0.03982997,0.017101755,-0.17123985,-0.0737156,0.013676484,-0.012170112,12.274275,6.48261,4.0532117,14.475215,18.161753,11.216183,-0.18772279,3.527916,20.07838,6.280329,7.845189,6.6397843,-102.473076,1786.8085,-1556.3318,111.74182,-13.999725,-15.221024,-293.87885,6641.645,-9866.037,458.40094,-38.234146,-60.95164
389,0.0,0.0,0.0,0.005097216,-0.006984438,-0.99996257,1.0,0.0,0.0,3.0405273,-0.07958932,0.7176309,0.9242991,3.953987,2.8359096,0.03695499,-0.086355925,0.70816004,1.2576927,2.0003784,1.6055567,0.0075961105,-0.021558689,-0.017953431,0.0114600435,-0.0056991447,0.0016514462,-0.019543406,0.16275288,-0.111627676,0.049416628,-0.0006601951,0.0028961126,11.721777,6.457961,4.604324,14.340086,19.32151,10.914503,0.12342395,3.295392,18.694597,5.5988016,8.491001,6.3941455,6.634287,-34.395844,-55.071075,14.823059,0.57147217,-0.42332458,9.087125,-1129.796,-413.22406,309.85138,-7.7159348,5.2301865
390,0.0,0.0,0.0,0.005097216,-0.006984438,-0.99996257,1.0,0.0,0.0,3.0378726,-0.076733954,0.71893084,0.92338,3.954631,2.8332708,0.036374994,-0.09523269,0.7037457,1.2637538,2.006361,1.6037744,-0.014226248,-0.042245265,0.06678364,-0.015947802,0.008344854,-0.011890941,-0.0012768784,-0.034307905,-0.074425295,0.028696222,0.030478528,-0.00911152,12.151168,6.514993,4.4829774,14.404375,18.859833,10.9062805,-0.24066697,3.4016504,19.351898,5.9242907,8.288396,6.3801646,80.24806,-874.1315,943.016,-118.526184,56.47699,36.399437,6.853652,916.25244,-1248.178,-7.4279165,-1.6476822,0.63386536
391,0.0,0.0,0.0,0.005097216,-0.006984438,-0.99996257,1.0,0.0,0.0,3.038373,-0.07745898,0.7187898,0.9237424,3.9544196,2.8303096,0.035115417,-0.115497485,0.7260493,1.260589,2.0114343,1.6036146,0.0067037954,-0.010823178,0.03395954,-0.009593216,0.00661445,-0.015506021,0.017459653,-0.5995941,0.7076636,-0.10223531,0.030765487,0.0071108076,12.207745,6.3723283,4.5370417,14.47299,18.639122,11.232166,-0.73824084,3.3402176,19.741669,5.9888844,7.871381,6.5280375,120.43558,-1409.7877,1773.0193,-264.33713,99.33734,24.510181,459.43582,-8838.833,11081.968,-1996.1964,137.31966,125.53551
392,0.0,0.0,0.0,0.005097216,-0.006984438,-0.99996257,1.0,0.0,0.0,3.0397146,-0.08470292,0.72204614,0.92335975,3.9545026,2.8301601,0.028276416,-0.11858587,0.7304714,1.2630607,2.0126755,1.6040109,0.013230783,-0.09719934,0.10028974,-0.027445838,0.008578344,0.0005625943,-0.036025118,-0.64706767,0.92179453,0.022508567,-0.0026621022,0.0041221916,13.064964,6.2570267,1.8134906,14.331634,14.527496,12.373419,0.90729845,4.317026,24.440582,8.729139,6.0952826,7.316484,130.9171,-918.70123,1644.4504,-426.56552,130.09543,15.426838,117.586395,-2198.4053,7867.502,236.07515,15.618706,-14.185198
393,0.0,0.0,0.0,0.005097216,-0.006984438,-0.99996257,1.0,0.0,0.0,3.0478516,-0.069032244,0.7091705,0.92683375,3.9385657,2.8402035,0.036147714,-0.098747745,0.713069,1.2607349,1.999804,1.613972,0.038636897,0.09446612,-0.11317495,0.046706717,-0.09881332,0.04962109,0.03994953,-0.14213783,0.2494862,-0.08155691,-0.08435922,0.038365394,12.568892,6.0813875,1.937983,13.439895,14.650213,11.698,2.1653342,4.2446322,25.805326,8.961946,5.92239,8.219478,-19.408318,644.6776,-1393.5565,85.014435,-166.11172,-15.037018,-280.73724,-72.02261,-2207.4155,476.10788,-206.99995,-242.18571
394,0.0,0.0,0.0,0.005097216,-0.006984438,-0.99996257,1.0,0.0,0.0,3.0539143,-0.09249902,0.7511128,0.90871584,3.9310796,2.8440528,0.055061743,-0.10030723,0.6969687,1.2625207,1.9810581,1.629218,0.022188252,-0.024136065,0.035793614,-0.06273069,-0.07346233,0.020952139,0.096610755,-0.06516422,-0.13907985,0.06573015,-0.0925697,0.07574478,11.112446,6.705134,3.94312,13.129871,17.996016,11.164815,1.8900665,2.9879322,20.788317,6.718056,7.2386665,6.9153914,-90.2662,998.60205,-2230.284,480.667,-71.99892,22.987318,-8.597583,166.69162,-1612.774,490.9192,8.158852,-13.226852
395,0.0,0.0,0.0,0.005097216,-0.006984438,-0.99996257,1.0,0.0,0.0,3.0455766,-0.08067052,0.73891604,0.9138013,3.9304519,2.8441567,0.07336003,-0.07580973,0.6913326,1.2728044,1.9752557,1.63211,-0.05297342,0.07874399,-0.08238039,0.08038557,0.028048811,0.00046831425,0.09814531,-0.29766932,0.21205533,-0.0029726813,-0.022308255,0.011402102,12.169715,6.772076,4.747533,13.852452,18.666685,11.362,0.11384143,2.878809,19.466732,5.8329277,7.6706533,6.0938563,-11.802447,89.15289,-52.89496,485.19055,61.063904,33.34015,127.0501,-5250.6455,3418.6973,-469.3391,53.743843,4.299782
396,0.0,0.0,0.0,0.005097216,-0.006984438,-0.99996257,1.0,0.0,0.0,3.0463328,-0.08335915,0.7336991,0.92599595,3.946536,2.8451562,0.076758824,-0.103236854,0.70323575,1.2727951,1.9747207,1.6270013,0.004343312,0.026335735,-0.0533347,0.0122683635,0.07524089,0.003345572,-0.015999738,-0.56751615,0.3574306,0.024850486,-0.0055138175,-0.027914463,12.817472,6.667315,3.1913848,14.350432,16.971533,12.078601,0.24168529,3.6226902,21.291069,7.082931,7.1588774,6.4957385,-175.78905,895.25476,-747.1892,-190.17242,-299.46124,-5.584099,51.950207,-6362.6064,4068.9263,170.06792,6.549423,-4.727791
397,0.0,0.0,0.0,0.005097216,-0.006984438,-0.99996257,1.0,0.0,0.0,3.0516486,-0.08048851,0.7242745,0.9260777,3.9502518,2.851838,0.076302044,-0.099005535,0.70005906,1.2687184,1.9692795,1.6270211,0.02970226,-0.038924024,-0.017501762,-0.0044391323,0.0077285296,0.030693725,-0.0047547626,-0.063470036,-0.16927877,0.028488014,-0.029241,-0.008485607,12.655094,6.4145875,2.8634262,14.255709,16.433765,12.399168,0.7425035,3.8096933,22.46483,7.686005,6.8098173,7.0314393,-65.70927,249.69022,-162.55838,46.001434,-34.818207,-15.2071,20.457788,232.14215,-1452.3824,491.92902,-5.444275,-6.8857727
398,0.0,0.0,0.0,0.005097216,-0.006984438,-0.99996257,1.0,0.0,0.0,3.0565314,-0.07946465,0.7198962,0.92520535,3.9503295,2.8610785,0.08372005,-0.11653023,0.72634184,1.2685627,1.9618278,1.6323861,0.023253372,-0.037322313,0.011333492,-0.006208535,-0.001213983,0.048591293,0.06968727,-0.5654856,0.8185792,-0.13648713,-0.020753004,0.04577963,11.571905,6.433282,5.0004725,13.873271,19.09146,11.143185,0.21797408,2.9789248,18.977236,5.619147,8.096469,6.265488,-58.25226,76.982025,-275.87982,93.22482,-53.92099,20.703304,501.86047,-9470.854,14638.774,-2523.1177,134.44897,226.28804
399,0.0,0.0,0.0,0.005097216,-0.006984438,-0.99996257,1.0,0.0,0.0,3.0527587,-0.08058316,0.7202206,0.9238564,3.9520245,2.85973,0.08412941,-0.0704204,0.7220808,1.2591075,1.9652007,1.6290118,-0.025177946,-0.03286473,0.015041912,-0.0065676398,0.0097414,-0.010965735,-0.012197868,-0.30804706,0.68013525,-0.010132931,0.016984295,-0.020264363,13.578158,6.475698,1.501032,14.091284,13.8689995,12.463541,1.2986535,4.413844,24.969,9.020458,6.085071,6.8592257,11.009056,-156.32889,-2.1618347,50.053436,-19.360596,28.253136,-12.2561655,-4360.6113,1241.2421,460.05545,23.127092,-33.519478
400,0.0,0.0,0.0,0.005097216,-0.006984438,-0.99996257,1.0,0.0,0.0,3.0630612,-0.084305055,0.7231608,0.9237572,3.9353578,2.8684402,0.09308689,-0.11087878,0.7496763,1.2666136,1.9525747,1.6312532,0.07019667,-0.13827045,0.083391994,-0.0073731802,-0.08794149,0.045291554,0.04462877,0.13835882,-0.42332822,0.05976153,-0.07955968,0.014869404,11.95478,6.339474,2.972375,13.553038,16.074123,11.581703,1.7176107,3.745071,23.982079,8.375654,6.7527685,7.63685,158.51239,-1505.3727,1161.1464,-350.8622,262.53162,-5.612297,-51.533943,3086.6707,-3270.1287,104.12271,-8.301636,88.26029
401,0.0,0.0,0.0,0.005097216,-0.006984438,-0.99996257,1.0,0.0,0.0,3.0638738,-0.087095775,0.7071486,0.92810476,3.9287694,2.8691716,0.10900917,-0.11462139,0.7166359,1.2702681,1.9440846,1.6414056,-0.006388155,-0.076686434,-0.020759663,0.008315041,-0.0053209267,0.0022567832,0.068649486,0.2203946,-0.42868719,-0.03873421,-0.040553074,0.04423664,10.761267,6.3206687,6.210658,13.505421,20.583258,10.509476,0.13888492,2.4926863,17.832888,4.554802,8.636191,5.892119,38.2856,-564.8297,701.0217,-82.161224,64.88173,0.65278244,-474.48053,11877.619,-17527.348,412.90594,-202.97856,-255.48312
402,0.0,0.0,0.0,0.005097216,-0.006984438,-0.99996257,1.0,0.0,0.0,3.0530336,-0.05670393,0.6914296,0.9270104,3.9339812,2.8601592,0.107989594,-0.10870421,0.7027975,1.2638644,1.9517584,1.6345726,-0.09086981,0.22128367,0.13777314,-0.029154986,0.06062416,-0.04422234,-0.017205214,0.09085615,-0.38793418,-0.016619543,0.04802577,-0.04602864,12.55283,6.289095,5.4424224,14.366228,20.488487,11.167916,-0.5818707,3.085507,17.646875,4.886852,9.382989,5.472654,-333.26746,-8631.856,10618.8,389.81732,267.2523,50.421482,35.46811,6266.061,-8467.709,34.008102,-0.18101883,-35.861557
403,0.0,0.0,0.0,0.005097216,-0.006984438,-0.99996257,1.0,0.0,0.0,3.0504444,-0.05395654,0.71417505,0.92605674,3.951211,2.8568063,0.09878773,-0.08654859,0.6941892,1.2609884,1.9678957,1.6227659,0.02052714,0.03052122,-0.009609397,-0.0057738484,0.0677523,-0.013198653,-0.040404543,0.71407974,-0.4941801,-0.0038620704,0.0806328,-0.058380496,11.599403,5.933269,6.0049014,14.392064,21.125072,10.576416,-1.2723461,2.9858541,18.276484,5.090239,9.898794,5.6402574,180.55252,-1416.9365,1842.5466,-247.86191,-147.87238,53.851936,57.5133,6395.748,-1749.2881,-115.89201,-32.519005,33.84256
404,0.0,0.0,0.0,0.005097216,-0.006984438,-0.99996257,1.0,0.0,0.0,3.0466201,-0.055227548,0.7151491,0.9247607,3.9575305,2.8491392,0.082695626,-0.1012287,0.7132985,1.260285,1.9885008,1.612914,-0.02651963,0.053688426,-0.09100368,0.01677627,0.011564669,-0.041076373,-0.06708261,0.57197756,-0.2562092,0.0076419837,0.10358717,-0.0487683,11.411791,5.9722557,5.6687503,15.172003,22.912872,10.050549,-0.29701197,3.3974571,17.31806,4.5722766,11.612079,5.7507024,-60.1729,331.8172,-1111.7385,190.17322,-111.408844,-0.6590719,69.5106,16388.924,-10988.572,80.92056,5.536663,-6.5762024
405,0.0,0.0,0.0,0.005097216,-0.006984438,-0.99996257,1.0,0.0,0.0,3.0406258,-0.062188163,0.72158307,0.92345345,3.9589908,2.8376236,0.076176815,-0.07812138,0.6899346,1.2563013,2.0238895,1.6044194,-0.034775723,0.01180733,0.017966902,-0.0025185335,0.00036667686,-0.059279483,-0.01766354,0.72795373,-0.41803905,-0.017688116,0.1823722,-0.03832673,11.791398,6.171919,4.9953985,14.84879,20.909306,10.358419,-0.0516492,3.6473846,18.314644,5.7408433,10.167914,6.1086054,-138.48106,1261.3793,-990.0824,140.57858,-35.113525,-23.032513,-28.2775,9941.365,-4268.85,-45.62896,-31.278496,48.365974
406,0.0,0.0,0.0,0.005097216,-0.006984438,-0.99996257,1.0,0.0,0.0,3.037436,-0.06135104,0.71980375,0.9243077,3.9580812,2.8289642,0.072360545,-0.08559614,0.7027419,1.2609009,2.047053,1.6006198,-0.013623411,-0.0014816046,-0.008209775,0.004686133,-0.006196577,-0.04252778,-0.019592706,0.039667252,-0.021795927,0.03366425,0.10740643,-0.018583836,10.9779825,6.0326023,5.665906,15.205704,22.791222,9.738592,0.017815005,3.469057,17.594955,4.818436,11.373586,6.1255684,-15.269554,140.97641,-211.14026,42.783325,-24.182343,-0.049045563,22.986757,-1241.6525,219.46402,15.242595,-5.987938,3.2572212
407,0.0,0.0,0.0,0.005097216,-0.006984438,-0.99996257,1.0,0.0,0.0,3.0285423,-0.06581049,0.7205987,0.9235178,3.957715,2.815936,0.06949547,-0.103518136,0.70962834,1.2597243,2.0790346,1.596445,-0.043899156,-0.059734877,0.062159587,-0.022309696,0.0055416483,-0.06345394,-0.016130632,-0.30182192,0.25819486,-0.017461052,0.15738484,-0.020411542,12.45623,6.3161445,3.8498363,15.05064,18.657364,11.300016,-0.85717356,3.848082,19.953623,6.394138,8.041415,6.64551,5.090149,-57.476105,298.54016,-78.18512,25.556396,-17.107101,-51.34099,-6139.8945,5266.069,-34.09482,-8.300575,2.437088
408,0.0,0.0,0.0,0.005097216,-0.006984438,-0.99996257,1.0,0.0,0.0,3.030274,-0.067586936,0.7216755,0.923247,3.9572973,2.8172023,0.060371343,-0.0910033,0.7037898,1.2566375,2.0848384,1.5981207,0.016707387,-0.016009614,0.013557061,7.0070775e-05,-0.0029758771,0.014100591,-0.054125734,0.41083595,-0.094438404,-0.09880783,-0.022536375,0.02350015,12.4323435,6.230081,3.346141,14.80518,17.224453,11.791573,-0.19625007,3.9116101,21.51835,7.043495,7.0788116,7.2934165,19.687365,-78.70355,122.88547,-6.254242,4.8890686,6.472748,-605.92816,12746.15,-7278.1094,-608.4495,31.24199,260.3236
409,0.0,0.0,0.0,0.005097216,-0.006984438,-0.99996257,1.0,0.0,0.0,3.0339282,-0.06511621,0.7151525,0.9241854,3.957142,2.8243759,0.055506192,-0.098955564,0.71482646,1.2532238,2.073208,1.6054199,0.022975609,0.11783905,-0.22195537,0.036040757,0.0012323392,0.032853268,-0.020709546,-0.087188855,0.015321808,0.039378904,-0.052599978,0.036813524,11.183142,6.471281,5.204989,13.9184265,19.805069,10.404682,0.49574697,3.082509,18.645023,5.5376115,8.70086,6.4410367,-34.646378,2124.038,-4381.0396,404.22772,-46.426758,-44.5207,12.694753,756.03156,-1067.8804,491.0023,47.71395,25.214714
410,0.0,0.0,0.0,0.005097216,-0.006984438,-0.99996257,1.0,0.0,0.0,3.0282302,-0.07422852,0.7222398,0.92370164,3.9585855,2.819464,0.05768552,-0.11138569,0.7101716,1.2586752,2.0771663,1.6042707,-0.030822424,-0.1051224,0.13716619,-0.04329952,0.015446904,-0.031040391,0.0015417667,0.29722628,-0.68616563,0.0435859,0.03349316,-0.012568441,12.704601,6.8012605,3.3806124,14.537517,17.986893,11.596394,0.54109514,3.7057076,20.036879,6.6282725,7.8974123,6.656844,34.080658,-418.00504,847.409,-434.83804,66.029175,22.346748,-23.439198,12344.028,-22079.78,115.5807,94.725555,-60.797787
411,0.0,0.0,0.0,0.005097216,-0.006984438,-0.99996257,1.0,0.0,0.0,3.03319,-0.07686863,0.710498,0.9304887,3.9589999,2.823886,0.06148678,-0.09312943,0.7180972,1.2660555,2.0737462,1.605336,0.03961337,-0.16959327,0.10351478,0.022196556,0.0024587293,0.025414038,0.014631261,-0.019677637,0.008183204,0.021679034,-0.019515065,0.010909243,10.389993,5.840033,6.4314833,15.373064,23.24736,10.15612,-0.5185429,3.0892673,17.520773,3.3541248,10.826204,5.965665,320.14206,-744.7651,-272.47858,-633.27966,62.33841,45.39893,7.831379,323.9324,-1169.5249,-159.37296,-6.2349873,23.002462
412,0.0,0.0,0.0,0.005097216,-0.006984438,-0.99996257,1.0,0.0,0.0,3.0268896,-0.08613714,0.7205568,0.9273709,3.959901,2.816533,0.054084595,-0.09777964,0.6990702,1.2567118,2.0927567,1.5995148,-0.077879705,0.08281427,-0.056535937,0.0038824496,-0.0075854706,-0.045321904,-0.03701837,-0.035838317,-0.07951086,-0.080458574,0.12256358,-0.02898383,12.842316,6.2104506,3.676744,15.003117,18.023464,11.793663,-1.3992754,3.8009262,20.469862,6.439715,7.309661,6.4506526,-235.68175,734.2823,-610.31885,123.15442,-69.32889,8.671066,6.183364,-424.59912,692.6377,-131.62103,31.816206,14.076561
413,0.0,0.0,0.0,0.005097216,-0.006984438,-0.99996257,1.0,0.0,0.0,3.028721,-0.081370145,0.7216519,0.92313683,3.9601588,2.8220527,0.040021252,-0.095839575,0.72735435,1.256399,2.0926394,1.5983598,0.036374338,-0.03704459,0.048503336,-0.02805297,0.0055153696,0.034670193,-0.073387176,-0.0518012,0.25455734,0.013472105,-0.055255603,-0.0024915026,11.626817,6.3612247,4.345668,14.653033,19.018394,10.95879,0.11021747,3.5188885,19.044376,5.7594447,8.261489,6.780586,19.35612,-242.8653,-162.59647,209.02997,-25.802673,13.606773,67.51498,475.99042,-3444.1475,-57.90448,-36.33578,-33.439224
414,0.0,0.0,0.0,0.005097216,-0.006984438,-0.99996257,1.0,0.0,0.0,3.026271,-0.077162474,0.7202312,0.92204964,3.9599314,2.8209286,0.03776221,-0.08813223,0.71265036,1.2598916,2.091125,1.601223,-0.018274954,0.083928674,-0.058687616,0.008955668,-0.0046690744,-0.0068019587,-0.0031893458,0.053924598,-0.12529404,0.014676643,-0.0059084953,0.014559171,12.524787,6.529908,3.5136566,14.48819,17.430195,11.513007,0.05913533,3.6819067,21.604303,7.132726,7.188905,6.9994054,-123.18533,1820.3867,-1666.5364,222.23126,-45.385803,-16.821198,87.87761,-55.047913,-265.85684,1.2681732,32.83517,-36.478493
415,0.0,0.0,0.0,0.005097216,-0.006984438,-0.99996257,1.0,0.0,0.0,3.0297954,-0.07935627,0.7185278,0.92523396,3.958646,2.8245084,0.039000366,-0.09120978,0.696561,1.2590839,2.0797627,1.6059602,0.020420656,-0.029235944,-0.006128047,0.009807854,-0.007886782,0.017785994,-0.0013365676,0.21132396,-0.34144416,0.0027962122,-0.054061707,0.021987785,11.53168,6.524274,4.708037,14.168205,19.310266,10.892707,0.41047227,3.1807394,19.132256,5.8058887,8.282428,6.690492,-1.835181,33.66263,-170.30676,-59.867065,-15.324341,-1.2310257,-137.02293,5097.576,-5804.4414,490.76047,42.43374,1.9734039
416,0.0,0.0,0.0,0.005097216,-0.006984438,-0.99996257,1.0,0.0,0.0,3.0268552,-0.08104329,0.7184,0.92379224,3.9588654,2.8226147,0.042255253,-0.09569557,0.7194112,1.2496675,2.0798748,1.6090165,-0.018309059,-0.0568414,0.07393303,-0.034184415,0.009558802,-0.010013784,0.015824895,-0.093851924,0.18150733,-0.14934011,-0.0005354873,0.008983657,11.867309,6.3627763,5.3172097,14.251285,20.335463,10.865812,-0.21321927,3.0606155,18.056725,5.136474,8.910871,6.156179,34.210823,-740.591,946.921,-212.8133,38.5625,1.5761337,-335.71277,1415.2311,-3458.6663,473.27057,41.484352,-258.2475
417,0.0,0.0,0.0,0.005097216,-0.006984438,-0.99996257,1.0,0.0,0.0,3.0252886,-0.08258131,0.71865153,0.9231087,3.958839,2.8203042,0.03874055,-0.08638283,0.7039924,1.2371181,2.0857282,1.6052226,-0.0060551013,-0.032507714,0.009349885,0.0022601946,-0.003986602,-0.009390631,-0.019232756,0.0039954567,-0.08923273,-0.011313768,0.029555475,-0.019031955,12.790214,6.450161,3.6636922,14.727928,17.856346,11.7615185,-0.6554595,3.639079,20.657137,6.7168245,7.3680725,6.6121173,29.940033,-229.58545,166.12805,20.294678,-9.505951,12.221542,3.5359583,-1444.041,1339.6073,398.68872,-0.6270571,-2.7312775
418,0.0,0.0,0.0,0.005097216,-0.006984438,-0.99996257,1.0,0.0,0.0,3.0319345,-0.0795473,0.71953404,0.92275536,3.9587193,2.8261886,0.03121503,-0.104318865,0.7144963,1.2481712,2.078085,1.6059219,0.033015806,0.009443324,-0.0008583508,0.000933622,-0.0014772114,0.029853487,-0.032788336,-0.25209063,0.5269484,0.06600734,-0.04671152,0.0053799185,11.748326,6.366617,4.519139,14.350704,18.910551,11.004528,-0.14176618,3.3508077,19.22817,5.8430448,8.002223,6.6300235,-12.506521,-670.9393,345.26138,42.16861,-19.42868,4.371498,-8.7642,-6088.775,12060.14,-21.771257,-4.8904934,3.9693298
419,0.0,0.0,0.0,0.005097216,-0.006984438,-0.99996257,1.0,0.0,0.0,3.0302055,-0.078810446,0.7210967,0.9226452,3.958577,2.8252165,0.028237805,-0.10792182,0.7217323,1.2581614,2.0754912,1.6054846,-0.012671373,-0.041373175,0.03546929,-0.004583613,-0.00042600627,-0.0060123187,-0.010537681,-0.010874948,-0.11693003,0.061040044,-0.010033808,-0.008016911,12.8970175,6.523339,2.438874,14.400682,15.663258,11.884309,0.809513,4.074193,23.538572,8.321373,6.607448,7.2022977,-28.322163,214.6034,-549.6511,130.10709,-52.01468,-9.378708,47.48454,6896.5063,-10976.735,88.40675,11.355873,-4.3024826
420,0.0,0.0,0.0,0.005097216,-0.006984438,-0.99996257,1.0,0.0,0.0,3.0368905,-0.08107814,0.71740973,0.92447865,3.9529066,2.8315825,0.037189044,-0.090551965,0.7065479,1.2460715,2.061926,1.6126634,0.036361456,0.059087764,-0.057895627,0.0137419505,-0.027645668,0.029863462,0.03200485,-0.009512032,-0.028283764,-0.05727036,-0.071721785,0.030832907,11.150863,6.396609,5.2215457,13.859137,19.423235,10.954833,0.27029312,2.953547,19.439095,5.7979712,8.029447,6.7930703,-129.24268,1519.4823,-1326.6981,-66.03659,-88.437195,-48.471493,-1.5198723,-1633.6058,963.7983,490.8259,0.92012787,-10.680618
421,0.0,0.0,0.0,0.005097216,-0.006984438,-0.99996257,1.0,0.0,0.0,3.0316322,-0.07788717,0.71881694,0.92264783,3.9525898,2.8292024,0.038781825,-0.09688321,0.7089215,1.2482497,2.0608408,1.6146824,-0.04102306,0.08145536,-0.04384255,0.0016727519,0.0053612986,-0.014081158,0.006881369,0.18497318,-0.13718648,0.04138623,-0.00081827707,0.008410233,12.350836,6.651359,3.986074,14.309414,18.459259,11.345663,-0.0030299313,3.3280096,19.534937,6.15533,7.775962,6.367362,-140.66013,1851.8079,-1840.0449,254.37584,-11.6214905,-18.99493,-41.98372,4727.405,-6041.9297,150.04713,6.339035,-12.552017
422,0.0,0.0,0.0,0.005097216,-0.006984438,-0.99996257,1.0,0.0,0.0,3.032493,-0.079114966,0.71895534,0.92589486,3.9528105,2.8299327,0.037366766,-0.07949755,0.6932776,1.2591861,2.0581553,1.6125484,0.008307478,0.017750237,-0.038102295,0.015578772,-0.0020674935,0.003993431,-0.012544026,0.62935925,-0.67760724,0.06837776,-0.014387886,-0.012331641,11.774691,6.5885553,4.7023363,14.292585,19.365664,10.710228,0.19631852,3.3062296,19.077066,5.8743405,8.618668,6.4249597,-26.392672,297.0365,-416.51898,-60.034576,-19.882202,-2.8140087,-140.85966,2056.041,-6916.5063,-57.526154,-15.4318695,9.541046
423,0.0,0.0,0.0,0.005097216,-0.006984438,-0.99996257,1.0,0.0,0.0,3.030747,-0.0736987,0.71630067,0.924106,3.9545367,2.825826,0.037875824,-0.08679624,0.7143638,1.2622122,2.0628128,1.6112732,-0.012381604,0.029065272,0.0019603306,-0.014918568,0.01224764,-0.016531313,-2.236912e-05,0.024122052,-0.08488843,0.014119828,0.024227288,-0.004908058,10.470585,6.13175,5.6639495,15.469106,23.735075,9.836249,0.14021434,3.3715024,17.276602,3.5421276,11.841786,5.8774652,126.51567,-1576.5662,1662.2443,-189.74088,57.113556,38.489464,82.97737,557.10626,-1073.5647,19.550323,28.05805,-25.328777
424,0.0,0.0,0.0,0.005097216,-0.006984438,-0.99996257,1.0,0.0,0.0,3.0176992,-0.08043462,0.72036517,0.9230267,3.955164,2.8143575,0.03762407,-0.09453567,0.703198,1.2517174,2.0924544,1.6040095,-0.06814009,-0.07618235,0.06951243,-0.0052722953,0.002487908,-0.055226,-0.0010110954,-0.10027311,-0.0047740224,-0.07271746,0.17404763,-0.03502271,12.303431,6.2945843,3.8145242,15.0429125,19.021332,11.425278,-0.841251,3.801289,19.693493,6.2715106,8.082929,6.4155107,189.05229,-841.6952,1489.9177,-406.04926,102.671844,62.87693,4.0225782,-304.97037,182.23108,-47.11634,-100.42182,50.00508
425,0.0,0.0,0.0,0.005097216,-0.006984438,-0.99996257,1.0,0.0,0.0,3.017982,-0.076818496,0.7198918,0.92319477,3.9541693,2.8173575,0.028403996,-0.08663623,0.69244796,1.2530774,2.1011758,1.603137,0.0055626305,0.09795897,-0.07922731,0.016456177,-0.009810676,0.018340796,-0.048461985,0.38861218,-0.4848322,0.057872146,-0.017244343,-0.0027111152,11.893475,6.2066283,4.25333,14.836692,18.704002,11.277448,-0.64086497,3.6043882,19.60522,6.0530515,7.7947226,6.8026094,-105.336945,1637.2596,-1427.3674,-92.02365,-162.05606,-15.067917,37.28049,3050.4841,-3885.739,233.57347,-75.57746,9.825632
426,0.0,0.0,0.0,0.005097216,-0.006984438,-0.99996257,1.0,0.0,0.0,3.017634,-0.07883301,0.7182727,0.92350614,3.9539566,2.8194542,0.022180356,-0.08691273,0.70132136,1.2587377,2.0946186,1.605733,0.0011092508,-0.05029055,0.031353887,-0.007970187,0.0076525672,0.010485595,-0.027093936,-0.0044970806,-0.025243072,0.0105162915,-0.03221467,0.012071849,11.072311,6.250217,5.4075584,14.681057,21.9294,10.106072,0.48180616,3.2030182,17.39023,4.591644,10.14931,6.2286563,126.33571,-957.13434,1737.396,-274.2453,107.520386,14.022011,23.492828,-598.44556,-6.56369,-95.37744,32.81877,7.4027634
427,0.0,0.0,0.0,0.005097216,-0.006984438,-0.99996257,1.0,0.0,0.0,3.010365,-0.07816098,0.7200083,0.9219841,3.9543672,2.8114746,0.028109128,-0.094131105,0.6904657,1.2254931,2.1063387,1.603415,-0.040740862,0.07381623,-0.03696507,0.00081531034,-0.0044811615,-0.045723457,0.0257658,-0.07194545,0.13054374,-0.12053906,0.08157033,-0.009943731,12.570978,6.4116836,3.9434643,14.796986,18.671894,11.499094,-0.848384,3.6076994,19.92697,6.2873607,7.7118826,6.494415,-150.33139,1863.7362,-1867.1047,294.16742,-86.431305,-10.4960785,35.401253,-6737.937,12503.506,424.48407,1.6767578,41.61057
428,0.0,0.0,0.0,0.005097216,-0.006984438,-0.99996257,1.0,0.0,0.0,3.013787,-0.08216362,0.7216276,0.9224998,3.9533386,2.8146152,0.0204295,-0.097801685,0.7023599,1.2174565,2.1028514,1.6037596,0.029360637,-0.062437605,0.048753895,-0.005274642,0.0026000987,0.020839384,-0.0319493,0.35380623,-0.1396229,0.016207693,-0.03645743,0.0021257252,12.006166,6.4834194,3.6277847,14.571377,18.218143,11.22777,0.1900009,3.6838636,20.008024,6.49915,7.723897,6.844234,-14.162327,37.497772,-219.05084,25.136597,10.197815,-6.4249496,73.37561,11133.411,-6200.589,475.74643,13.014851,-22.012972
429,0.0,0.0,0.0,0.005097216,-0.006984438,-0.99996257,1.0,0.0,0.0,3.0146148,-0.08200398,0.71873087,0.9236306,3.9537466,2.8162224,0.020857938,-0.10583997,0.71569604,1.2302283,2.0956755,1.607054,0.0035269752,-0.035717707,0.005650218,0.0022905085,0.0019467192,0.007844581,0.002422408,-0.43470255,0.5030708,0.060801066,-0.035022132,0.016412785,11.390132,6.4582677,5.034041,14.0745125,19.663086,10.461082,0.10169305,3.198597,18.82173,5.77408,8.559045,6.387161,26.288872,-160.49738,137.63321,-24.4216,5.6108093,1.133934,-1.5259495,-9758.261,12141.693,-100.07711,18.074297,5.9550133
430,0.0,0.0,0.0,0.005097216,-0.006984438,-0.99996257,1.0,0.0,0.0,3.0102525,-0.07845701,0.72034913,0.9221002,3.9549842,2.8106368,0.021168025,-0.090001784,0.70191073,1.2396873,2.0973396,1.6054798,-0.023121601,-0.021599248,0.065372445,-0.022294892,0.010142713,-0.029501561,0.000761156,0.23943888,-0.26706535,0.049443163,0.008433784,-0.008904247,13.036483,6.43772,2.2625947,14.528252,15.470945,12.317106,0.5606779,4.1392865,23.48633,8.395351,6.353361,7.153112,106.396324,-1418.0865,1674.1321,-305.34894,54.309357,-3.6304169,19.070652,4727.2197,-6413.9688,19.558445,-2.049325,2.3983955
431,0.0,0.0,0.0,0.005097216,-0.006984438,-0.99996257,1.0,0.0,0.0,3.0175292,-0.074851975,0.7182961,0.9242667,3.9480438,2.8205671,0.025630658,-0.09620294,0.70779556,1.2623776,2.080977,1.6116886,0.043677934,-0.029185295,0.052699536,0.034440648,-0.038824033,0.05626514,0.017456643,0.043269306,0.013445026,0.12535584,-0.1009801,0.036487643,10.512683,6.3345118,5.821483,13.865755,20.696798,10.3053255,0.38728654,2.8323622,18.248283,5.088508,8.876904,6.5207944,59.593887,-1200.4623,1990.5114,485.68277,-13.959503,-28.653332,-98.6505,3127.4775,-5459.8496,-344.82288,-57.42655,66.98305
432,0.0,0.0,0.0,0.005097216,-0.006984438,-0.99996257,1.0,0.0,0.0,3.011841,-0.06829832,0.7078155,0.92687404,3.9476953,2.8155115,0.031127775,-0.10324886,0.69753873,1.2455751,2.0801282,1.6114657,-0.06812044,0.22366583,-0.355681,0.058711678,0.0062159183,-0.040942382,0.010751198,0.52583826,-0.85492,-0.14012425,0.026546523,-0.0052950378,12.689755,6.609512,4.054043,14.418905,18.045069,11.388111,-0.64415324,3.3728862,20.615026,6.5473943,7.391174,6.4520116,-188.75241,1834.4323,-4376.3706,351.4732,25.924927,5.966408,-153.49576,8357.451,-11885.653,491.97882,10.783644,30.779427
433,0.0,0.0,0.0,0.005097216,-0.006984438,-0.99996257,1.0,0.0,0.0,3.0164504,-0.09426531,0.7530712,0.9039732,3.9552083,2.818234,0.02460842,-0.0883097,0.69186336,1.2290307,2.0730264,1.6101958,0.03814555,-0.016387511,0.07763427,-0.08808047,0.0214942,0.01820754,-0.025231048,0.67181575,-0.5236276,-0.02061293,-0.036524083,-0.005577033,9.300595,6.279115,4.725189,17.150742,25.126099,9.821005,1.1965908,4.149371,16.819372,1.6945748,13.143687,5.6977906,-69.91135,1318.704,-1712.193,479.67056,-187.97949,27.2072,32.672333,6462.479,-1445.449,474.09726,13.5709305,57.219444
434,0.0,0.0,0.0,0.005097216,-0.006984438,-0.99996257,1.0,0.0,0.0,3.0031734,-0.08905448,0.74722546,0.90435374,3.9559512,2.8083906,0.033209443,-0.08923346,0.71412516,1.2058624,2.096365,1.6013851,-0.12612003,0.058965683,-0.059460994,0.05763119,0.00032923452,-0.061565824,0.052696355,-0.012306277,-0.048901945,-0.14898758,0.20746072,-0.04440525,10.546425,5.721317,5.271883,15.476857,23.56857,10.007085,0.12444247,3.7483797,18.034826,5.0553355,11.289905,5.9424405,-324.66672,304.40863,-129.66083,484.88303,-7.7211304,-27.353477,31.9933,867.01965,-1466.7852,-154.93356,462.63406,10.473328
435,0.0,0.0,0.0,0.005097216,-0.006984438,-0.99996257,1.0,0.0,0.0,2.9898725,-0.079962164,0.73817503,0.9217018,3.9567077,2.7990746,0.033742875,-0.092452824,0.6951881,1.1928321,2.1250856,1.5960972,-0.050049763,-0.036972728,0.01613768,0.032286715,0.00965908,-0.044144142,0.001650474,0.1313791,-0.27222928,-0.005008511,0.13687174,-0.025272703,11.7754545,6.1061406,3.660266,15.338308,19.437113,11.289288,-0.6292225,3.9246745,18.825336,6.224389,8.186047,6.589698,-51.018127,290.31985,-297.18774,-491.2372,-56.89676,-13.859665,-9.578461,2419.4465,-2846.7556,490.62234,-22.747196,-1.4060078
436,0.0,0.0,0.0,0.005097216,-0.006984438,-0.99996257,1.0,0.0,0.0,2.9880166,-0.085475795,0.7381581,0.9192833,3.958054,2.8012817,0.026550563,-0.09688879,0.70217407,1.2020475,2.1293569,1.5975462,0.0022628906,-0.06522128,0.008282519,-0.037175972,0.009022701,0.012105099,-0.038234614,-0.06828969,-0.029500058,0.06668326,-0.016373938,0.0079442365,11.355169,6.0775504,4.829693,14.742022,20.102304,10.638487,-0.2814318,3.4964862,18.091251,5.4148073,8.740034,6.4833274,-136.08057,1928.8889,-1499.1089,402.56122,-71.117004,-48.233223,25.844046,-580.6742,418.3234,69.28959,-46.01527,-3.2053947
437,0.0,0.0,0.0,0.005097216,-0.006984438,-0.99996257,1.0,0.0,0.0,2.983427,-0.08719471,0.7324635,0.9174901,3.9583752,2.798113,0.022647947,-0.10133845,0.7115327,1.2087296,2.1316464,1.5979887,-0.016771358,-0.26897967,0.13107452,-0.05024103,0.019301167,-0.015467718,-0.01771765,0.07886317,-0.13168162,0.0369169,0.0109170405,0.0010583886,12.525518,6.4306397,3.7455251,14.784108,18.343184,11.429356,-0.57150805,3.6754904,19.812206,6.300386,7.521764,6.67839,550.0437,-6993.7197,1578.7903,-1383.5984,-16.523132,63.532906,74.68459,-4134.599,-15426.134,130.52164,4.5491505,-13.661533
438,0.0,0.0,0.0,0.005097216,-0.006984438,-0.99996257,1.0,0.0,0.0,2.9891245,-0.088526726,0.72571445,0.91946495,3.9587555,2.8021057,0.016456733,-0.097805336,0.7106811,1.2212089,2.1227145,1.6004223,0.027130095,0.063092105,-0.07379014,0.027313873,-0.00825152,0.02126767,-0.02784439,-0.17509246,0.45993695,0.05125713,-0.05040566,0.013760713,12.054051,6.2195907,4.8119903,14.470551,19.083658,11.231066,-0.8745781,3.3285007,19.09759,5.714171,7.8013544,6.574285,-54.09214,669.8252,-326.81393,-0.63586426,-39.457306,-6.619789,-2.3536315,-6226.661,11846.552,-110.47305,-6.5838404,6.3134804
439,0.0,0.0,0.0,0.005097216,-0.006984438,-0.99996257,1.0,0.0,0.0,2.9910626,-0.078818716,0.72193277,0.92139494,3.958118,2.8047063,0.007196511,-0.10856316,0.73515165,1.2294618,2.115679,1.6017246,0.009199142,0.063079074,-0.016399415,0.0028470738,0.002352298,0.011989157,-0.04185158,-0.5234458,0.88336,0.017100563,-0.035991967,0.0084994985,12.855249,6.613221,2.3828347,14.452327,16.00447,11.750248,0.8403324,4.090293,22.753584,8.075106,6.7760553,7.149607,-168.56961,1819.0831,-2011.3601,131.30283,-60.12024,-30.27951,19.405394,-6478.897,12738.759,-12.778176,3.14005,-1.1810455
440,0.0,0.0,0.0,0.005097216,-0.006984438,-0.99996257,1.0,0.0,0.0,2.9991572,-0.079260506,0.7213298,0.922223,3.9550722,2.811455,0.013138157,-0.10478264,0.7198446,1.2516056,2.0990238,1.6083201,0.043223333,-0.052619774,0.04049939,-0.0038976984,-0.01633179,0.034300905,0.0367318,-0.578818,0.5900752,0.12952481,-0.08424476,0.035328608,12.488419,6.25465,1.5593827,13.664841,14.878412,11.588396,2.3034267,4.417327,25.283241,9.136147,6.1185436,8.137009,-73.14323,228.1637,-614.8172,118.88873,-66.001236,19.281013,2.54734,-9034.469,11153.874,153.67432,11.319696,-8.949709
441,0.0,0.0,0.0,0.005097216,-0.006984438,-0.99996257,1.0,0.0,0.0,3.0043511,-0.07710849,0.71580595,0.92400205,3.9444294,2.8162866,0.035137262,-0.09044109,0.70348394,1.2545868,2.0767896,1.6255538,0.026174799,0.10061985,-0.08948249,0.014373041,-0.06432372,0.020543454,0.10801734,0.041204248,-0.05328527,-0.048997745,-0.10618985,0.07503372,12.081849,6.276547,2.81277,13.507481,16.123602,11.973154,1.7512568,3.650464,24.263288,8.506119,6.127783,7.9049067,-122.04503,1781.7792,-1448.8162,41.750366,-251.85031,-17.356094,-56.374996,-2070.8992,1004.5373,489.37616,3.468872,-45.007847
442,0.0,0.0,0.0,0.005097216,-0.006984438,-0.99996257,1.0,0.0,0.0,3.006559,-0.07824385,0.71952784,0.92224634,3.94116,2.8237913,0.051357135,-0.09725262,0.71875834,1.2606999,2.0573702,1.6376036,0.006029665,0.016219566,-0.015510427,0.0019610652,-0.016876671,0.03687171,0.07100352,-0.3754954,0.50260276,0.077023976,-0.097508416,0.060445916,11.193611,6.8073683,4.7925725,13.367491,19.23022,11.045658,1.3321985,2.7556834,19.090315,5.9258466,7.963416,6.355679,23.250576,-714.13556,489.18085,29.820374,69.66388,4.5116997,-132.01144,-12339.447,10170.769,479.9774,10.179985,-7.675789
443,0.0,0.0,0.0,0.005097216,-0.006984438,-0.99996257,1.0,0.0,0.0,3.0003366,-0.07893995,0.71624166,0.92259467,3.9446447,2.822507,0.06386981,-0.11025151,0.7113803,1.2643005,2.054688,1.6347185,-0.033656526,0.08230551,-0.077170484,0.014347093,0.029246045,-0.0083767325,0.08926993,-0.4261992,0.27799222,-0.06904592,-0.010367054,-0.01788795,13.212904,6.7320237,2.5081806,14.192337,15.510963,12.365786,0.94354665,3.8692594,23.536476,8.4386835,6.5400305,6.7179933,-109.37942,1658.5115,-1469.9353,-120.10312,-240.91983,-14.670368,399.28134,-5270.3906,5155.0205,-1768.493,-110.20674,59.48489
444,0.0,0.0,0.0,0.005097216,-0.006984438,-0.99996257,1.0,0.0,0.0,3.0091853,-0.073956,0.7164745,0.9227756,3.9399328,2.8323224,0.071446136,-0.09405645,0.7033302,1.2677704,2.042017,1.6350427,0.05567754,0.06686897,-0.06462509,0.03446088,-0.05145674,0.050392073,0.03457738,0.1182671,-0.22135475,0.075907476,-0.067947395,0.0007026576,12.057663,6.5470686,3.495041,13.969756,17.640598,12.016468,1.047767,3.4641676,21.37321,7.2004232,7.2190223,7.101644,5.7432747,-759.45605,301.7417,484.98837,-170.90683,-1.8232498,34.783867,5971.2266,-6946.642,481.69815,8.566856,-8.655235
445,0.0,0.0,0.0,0.005097216,-0.006984438,-0.99996257,1.0,0.0,0.0,3.0118053,-0.078325495,0.71653855,0.9230305,3.9441752,2.8391707,0.08053037,-0.09656694,0.71070534,1.2627648,2.0332127,1.6399776,0.009040746,-0.04020138,0.009986268,-0.0057316558,0.037237417,0.03315993,0.032210104,-0.27673343,0.27577505,-0.020386891,-0.036447033,0.020715812,11.564524,6.667513,5.0095925,13.832068,19.399677,10.7282505,0.52208745,3.0003872,18.731512,5.6343327,8.438742,6.12771,84.54418,-951.3619,1745.6904,-174.4639,-61.490387,2.1400578,30.85551,-5965.7036,4836.2627,490.887,13.721512,-29.685856
446,0.0,0.0,0.0,0.005097216,-0.006984438,-0.99996257,1.0,0.0,0.0,3.0084012,-0.07828277,0.7193874,0.9239787,3.9499972,2.8343487,0.082539774,-0.0898405,0.6869622,1.2674867,2.0377867,1.6346936,-0.022644164,0.07502174,-0.038770888,0.025647838,0.020170258,-0.026907822,0.006017087,0.49389955,-0.78079385,0.038569536,0.024947278,-0.028372427,13.092736,6.6048098,3.2155883,14.50775,16.92619,12.260586,-0.0140834935,3.7250795,21.693829,7.39087,7.058369,6.506877,-57.338516,1842.125,-1894.5614,-82.46628,-57.0253,26.580765,53.330803,2860.3037,-5210.965,-110.48521,-22.334915,24.855534
447,0.0,0.0,0.0,0.005097216,-0.006984438,-0.99996257,1.0,0.0,0.0,3.0161047,-0.07788012,0.7186631,0.9241625,3.952472,2.84234,0.07833404,-0.082868576,0.6862187,1.2802604,2.0302906,1.6345998,0.051861655,0.08138763,-0.06290825,0.00040674797,0.008384812,0.04668726,-0.026684051,0.5191069,-0.6639492,0.056165256,-0.045700233,0.008448194,9.472012,6.0263515,5.9855943,16.023924,24.398071,9.722987,0.25796735,3.4724684,17.367678,2.3664606,12.183277,5.5306773,-68.8363,1800.5138,-1616.9417,13.547852,-57.962006,-11.270739,13.567596,1781.6942,-1346.3573,-480.46017,-34.08805,74.60943
448,0.0,0.0,0.0,0.005097216,-0.006984438,-0.99996257,1.0,0.0,0.0,3.0087724,-0.079178,0.71981084,0.9216496,3.954587,2.8337986,0.0797271,-0.07413124,0.6876863,1.2473954,2.0504224,1.6254566,-0.091353975,0.0644116,-0.044320088,0.00030427336,0.008897511,-0.06944075,-0.009782451,-0.011063845,0.032442044,-0.1495859,0.19837527,-0.053116,11.125615,5.842182,5.3289332,15.452468,23.420776,10.324497,0.015434634,3.5704718,17.466063,4.583324,11.37813,5.673805,-489.697,1785.0233,-1647.3325,275.9685,-66.51126,3.8517761,-110.87426,-10202.626,6464.633,124.14477,540.5423,-17.473139
449,0.0,0.0,0.0,0.005097216,-0.006984438,-0.99996257,1.0,0.0,0.0,3.0004828,-0.08271363,0.7189486,0.92416584,3.954101,2.8255246,0.07669163,-0.09251046,0.69144803,1.2328948,2.08269,1.6158621,-0.030300716,-0.042738315,0.011239453,0.0024974246,-0.004501893,-0.039080013,-0.020637823,-0.16352655,-0.021296734,-0.037556913,0.15467107,-0.050950117,12.14763,6.2538342,3.6369987,15.243532,18.945873,11.349444,-0.6271411,3.9762316,19.375675,6.4040694,8.263386,6.3989716,54.408035,-167.28033,176.13425,-143.05045,25.782837,34.098938,56.77099,-9142.21,8262.8955,43.640816,-43.564625,-37.148758
450,0.0,0.0,0.0,0.005097216,-0.006984438,-0.99996257,1.0,0.0,0.0,3.0024009,-0.07861952,0.7195155,0.92172444,3.9555721,2.8276978,0.06787601,-0.09984241,0.7097929,1.2385689,2.0903215,1.6137683,0.008794686,0.10439978,-0.06920146,0.0042018616,0.004983793,0.011396278,-0.050166506,-0.3452064,0.32933778,0.056222778,-0.0012796646,-0.009693655,12.020122,6.2594385,3.9968023,14.832821,18.53849,11.257788,-0.42700112,3.7377644,19.548569,6.1040483,7.8137197,6.7386174,-113.42462,1045.9352,-1118.2466,216.05069,-33.789337,19.658798,45.93016,-4876.418,4136.733,224.01144,-16.707432,-13.0373955
451,0.0,0.0,0.0,0.005097216,-0.006984438,-0.99996257,1.0,0.0,0.0,3.0026329,-0.07541769,0.71735793,0.9249786,3.9557087,2.8286011,0.060688484,-0.101231575,0.7128176,1.2498041,2.0854187,1.6152092,-0.00095477066,0.06943422,-0.10106677,0.026364401,-0.003429106,0.0041399286,-0.043147456,-0.60836786,0.43196663,0.047092613,-0.027420029,0.007814237,12.567998,6.518354,2.705438,14.494768,16.594507,11.81609,0.7266673,3.993206,22.12853,7.60459,6.969977,7.111545,2.3812542,-40.158264,-844.5199,33.218292,-51.201965,7.997509,99.552765,-6749.382,4219.292,55.99527,4.500901,-3.6936417
452,0.0,0.0,0.0,0.005097216,-0.006984438,-0.99996257,1.0,0.0,0.0,3.008315,-0.07588478,0.71903527,0.9229485,3.9560635,2.83426,0.06431976,-0.094998494,0.6899127,1.2715672,2.0724485,1.6201485,0.023208484,0.066915,-0.06555935,0.0072601982,-0.008141485,0.026400322,0.017484967,0.36813226,-0.63680834,0.12677102,-0.05806258,0.024861842,12.316002,6.3836536,2.5258937,14.069395,16.226912,12.159481,1.4369882,3.9045935,22.885418,7.95577,6.5469704,7.473888,-60.422234,-84.95508,-155.80615,131.18356,-31.4982,-5.1240215,41.200623,4198.868,-6954.927,-14.427147,97.82979,31.876442
453,0.0,0.0,0.0,0.005097216,-0.006984438,-0.99996257,1.0,0.0,0.0,3.0118124,-0.08171958,0.72149265,0.9228016,3.9533057,2.8433962,0.07862875,-0.07391725,0.7045716,1.2417537,2.0565789,1.6298356,0.023274897,-0.08669799,0.08718217,-0.019932484,-0.005844554,0.047464486,0.055144943,0.06509335,-0.023466583,-0.096954346,-0.07556688,0.040192507,10.0197,6.3162065,5.9054475,14.824435,22.919806,9.909677,0.7891301,2.997428,17.292337,3.4062622,10.573964,5.87771,164.28568,-890.79736,1569.3539,-354.8621,186.77023,24.645836,26.677197,-1232.953,704.7881,490.8839,12.04686,-12.935364
454,0.0,0.0,0.0,0.005097216,-0.006984438,-0.99996257,1.0,0.0,0.0,3.0005503,-0.0820094,0.7197807,0.9218439,3.9538546,2.835935,0.08340885,-0.08354111,0.71149874,1.2254497,2.0698092,1.6233327,-0.085984066,-0.04884627,0.028463855,-0.014638036,0.00791236,-0.063588396,0.022176398,-0.093360536,0.0478007,-0.07710669,0.119319916,-0.038281742,12.5985,6.4057946,3.8900743,14.690473,18.685482,11.553321,-1.0428559,3.6211052,19.639345,6.174687,7.70111,6.011867,-77.39011,3.3327332,-164.15622,67.63696,-9.21347,-16.370132,1.7461247,-294.4577,-61.902405,24.38363,32.15639,9.334396
455,0.0,0.0,0.0,0.005097216,-0.006984438,-0.99996257,1.0,0.0,0.0,3.0013342,-0.07829289,0.720059,0.9238156,3.9552507,2.8376844,0.07213405,-0.100468025,0.7026693,1.2264398,2.0735962,1.6170188,0.03951759,-0.018594539,0.054473884,-0.013262729,0.01720234,0.01958306,-0.06631652,-0.10856863,-0.026481597,0.04999485,-0.019611558,-0.03229792,12.136501,6.319572,4.012555,14.71115,18.391975,11.323593,-0.38481486,3.6574254,19.724365,6.2454104,7.8109083,6.658589,242.86523,-1508.0759,1838.788,-486.84244,137.78278,39.497257,1.243782,-72.67856,471.28732,275.8909,-33.949905,-6.5335083
456,0.0,0.0,0.0,0.005097216,-0.006984438,-0.99996257,1.0,0.0,0.0,3.0038028,-0.08120556,0.72026604,0.923859,3.954344,2.8390193,0.06512386,-0.10683872,0.7063786,1.2388703,2.0704439,1.6173346,0.013298002,-0.03617328,0.011610686,-0.0029126822,-0.003391958,0.0073434054,-0.03220576,0.007885425,-0.29120064,0.07637007,-0.014211299,0.0008557818,12.13579,6.3691907,4.241695,14.42794,18.439268,11.216806,-0.55264294,3.4481964,19.94282,6.202022,7.625736,6.5904403,52.526722,-263.5401,271.07486,-59.1864,70.109985,8.148865,45.88419,7710.7485,-10569.468,51.045116,3.9137115,-4.327324
457,0.0,0.0,0.0,0.005097216,-0.006984438,-0.99996257,1.0,0.0,0.0,3.0058942,-0.08139326,0.72011054,0.9229063,3.9550903,2.8392649,0.0570415,-0.1343771,0.72745335,1.2503597,2.065734,1.6171873,0.014133411,-0.05721837,0.045618016,-0.01140547,0.002442984,-0.00062440464,-0.04866252,0.03209045,-0.39905342,0.07492856,-0.018898783,-0.0042613796,11.907951,6.3407245,4.9917493,14.333416,19.512371,11.017755,-0.44991696,3.1987338,18.510792,5.365019,8.320198,6.2871213,102.31736,-526.6212,793.36194,-111.50284,9.250946,-20.73919,16.274143,12797.591,-21301.139,81.307465,45.669235,-20.921093
458,0.0,0.0,0.0,0.005097216,-0.006984438,-0.99996257,1.0,0.0,0.0,3.0056672,-0.075262755,0.7172991,0.9228357,3.9544194,2.837702,0.050664987,-0.09603459,0.7031155,1.2549039,2.067748,1.6141214,-0.0062180157,0.04506028,-0.048382543,0.013181011,-0.009163758,-0.008044422,-0.031842973,0.17933266,-0.22372721,0.023638371,0.013139677,-0.016202621,12.176532,6.210204,5.3885946,14.525364,20.164957,11.111465,-0.86546147,3.152501,18.253386,5.1250787,8.757998,6.1320705,48.534164,-640.1267,220.77777,61.80597,-69.48917,15.605583,22.05509,4965.527,-5468.1084,9.700286,29.540665,1.7662888
459,0.0,0.0,0.0,0.005097216,-0.006984438,-0.99996257,1.0,0.0,0.0,3.0077786,-0.07551934,0.7178181,0.9231125,3.954338,2.8370082,0.04040098,-0.0953895,0.7017029,1.2559963,2.0740662,1.6096519,0.007944267,0.038166992,-0.044614803,0.010459779,-0.0032531563,-0.003495731,-0.042557914,0.55896395,-0.446486,0.009667871,0.03425148,-0.022169061,12.28978,6.4326587,4.711693,14.5899315,19.528423,10.876526,-0.33722794,3.440751,18.639502,5.622294,8.7481165,6.2812924,-6.7858505,-616.4374,267.45435,40.142975,-8.417725,8.431831,34.112797,5626.52,-997.12335,-149.20522,-17.421745,24.26715
460,0.0,0.0,0.0,0.005097216,-0.006984438,-0.99996257,1.0,0.0,0.0,3.0107584,-0.078559175,0.71954685,0.92318285,3.9543574,2.8341646,0.03514852,-0.07431414,0.6897904,1.2583164,2.0794861,1.606891,0.011023733,0.021130111,-0.040816527,0.0118128,-0.004798488,-0.015150097,-0.01514059,0.8941628,-0.475948,0.013798609,0.022352139,-0.012342802,11.272909,6.2172217,5.555502,14.881666,22.318218,9.961955,0.30453622,3.3385954,17.560211,4.7698836,10.747827,6.1572766,-28.782534,248.32161,-361.80612,55.74414,-14.048676,-2.3576431,54.04782,7008.6934,-2833.2036,380.3135,22.45078,-87.60094
461,0.0,0.0,0.0,0.005097216,-0.006984438,-0.99996257,1.0,0.0,0.0,3.005699,-0.076343626,0.7172121,0.9226223,3.9543827,2.8228889,0.036106512,-0.092421815,0.6904739,1.2565349,2.1006699,1.6026778,-0.03348565,0.12993616,-0.09465181,0.013127938,-0.0023074334,-0.057825793,0.009375142,0.21171014,-0.34997508,-0.004750741,0.11737043,-0.02042958,11.055529,6.15097,5.4810243,15.314004,23.657784,9.671173,0.3240484,3.5243168,17.548042,4.771206,11.8476925,6.0759444,-133.88223,1246.5745,-1169.7444,227.0498,-92.78107,32.90484,-44.889942,1382.9835,-1269.7368,-178.95673,-39.967926,43.676003
462,0.0,0.0,0.0,0.005097216,-0.006984438,-0.99996257,1.0,0.0,0.0,2.9977586,-0.0797649,0.7229131,0.92064846,3.9532766,2.8098075,0.038210027,-0.103613295,0.7281507,1.2533492,2.1336176,1.5987101,-0.040752597,-0.0056610964,-0.018032584,0.007646953,-0.0117860725,-0.06849396,0.00818863,-0.17884533,0.29570404,-0.022749498,0.1624907,-0.019160371,11.757492,6.1095686,4.8129516,15.083881,21.143911,10.771299,-0.24360572,3.6286926,18.084654,5.571955,9.66622,6.341662,-0.022148132,36.77603,-249.68085,81.525665,36.22281,-24.023438,0.32331276,1378.3972,-3556.505,-73.49504,-8.557266,3.573166
463,0.0,0.0,0.0,0.005097216,-0.006984438,-0.99996257,1.0,0.0,0.0,2.9955897,-0.07814688,0.71675235,0.9231254,3.9524426,2.8062437,0.036791295,-0.10148081,0.7214915,1.2382988,2.147675,1.5982686,-0.0073767863,0.08841953,-0.08032831,0.018248778,0.0008967073,-0.014909823,-0.014785989,0.081345536,-0.11550794,-0.18490212,0.059554875,-0.003912866,12.682526,6.401788,2.9148707,15.107626,17.241112,11.739114,0.045612227,4.198781,21.680597,7.4477186,7.2923646,7.2562323,-144.31276,1703.1365,-1398.6086,101.85391,7.544159,-15.166153,-474.5598,6742.713,-11394.653,437.13922,110.57193,-182.5168
464,0.0,0.0,0.0,0.005097216,-0.006984438,-0.99996257,1.0,0.0,0.0,3.0022416,-0.071882665,0.7165132,0.9222573,3.9539893,2.8123145,0.035966955,-0.07170578,0.68757886,1.2177309,2.1410928,1.6061265,0.028667374,0.07731689,-0.07288312,0.014395821,-0.009988069,0.029763028,-0.013256127,0.011058328,0.031844813,-0.054823626,-0.05905632,0.040894076,11.087146,6.3883305,4.6929035,14.341057,19.928766,10.696999,0.7194799,3.3445873,18.42244,5.6092715,8.598576,6.7218957,-30.34042,-810.4475,236.0066,120.23221,-159.82294,-2.8333778,-137.82245,-10065.527,6639.53,455.05338,-5.0223923,-9.28925
465,0.0,0.0,0.0,0.005097216,-0.006984438,-0.99996257,1.0,0.0,0.0,2.9967692,-0.07852126,0.7217391,0.9239036,3.9538636,2.8092055,0.04149297,-0.091681205,0.6704944,1.2194973,2.1417162,1.6089016,-0.03184076,-0.053320315,0.03248307,-0.012141298,0.0072861123,-0.01796001,0.037421253,0.31691545,-0.19671495,0.01884804,0.005576755,0.014207184,12.208948,6.6416802,3.6646705,14.441459,18.479633,11.186756,0.12827148,3.5752563,19.651436,6.3747115,7.763854,6.5424924,-56.343414,185.54947,-530.76025,33.78958,-10.696533,-10.298912,-115.999626,-3068.3599,6807.97,-37.32236,-26.07286,-3.4910202
466,0.0,0.0,0.0,0.005097216,-0.006984438,-0.99996257,1.0,0.0,0.0,2.9993112,-0.07725436,0.72054684,0.9224299,3.9545767,2.810014,0.041063774,-0.10949118,0.7178355,1.2312924,2.1351502,1.6098738,0.016407942,-0.017729726,0.01545723,-0.010267625,0.0004873753,0.004826378,-0.01044616,-0.56551516,0.51450354,0.05832353,-0.03508326,0.005068167,11.552006,6.4409776,5.1102066,14.221821,19.953758,10.575846,0.06759204,3.2425108,18.496687,5.599521,8.766423,6.378536,-105.86714,-64.29288,-399.43564,180.49875,-97.46341,-21.677475,26.832031,-10866.792,10541.45,-88.0613,-2.987831,6.4044867
467,0.0,0.0,0.0,0.005097216,-0.006984438,-0.99996257,1.0,0.0,0.0,2.9969623,-0.077196844,0.7185383,0.921981,3.9537506,2.8054538,0.040557534,-0.0919843,0.70042056,1.238968,2.1380224,1.6089374,-0.01505578,0.0063591334,0.006355314,-0.0047633913,0.00075193634,-0.022591999,0.010310873,0.39463446,-0.12797992,0.03554678,0.01594733,-0.0042529977,13.182922,6.386561,2.0987656,14.606934,15.25032,12.467841,0.50554454,4.2548976,23.719488,8.501488,6.214915,7.2300906,39.031837,-986.1947,999.09717,-65.576294,66.391785,16.12481,98.37685,12777.418,-6896.34,61.242058,4.6462936,-2.4550114
468,0.0,0.0,0.0,0.005097216,-0.006984438,-0.99996257,1.0,0.0,0.0,3.0065432,-0.077455975,0.7209735,0.92138827,3.9467072,2.816667,0.043974567,-0.10390058,0.72315603,1.2610205,2.1214733,1.6162926,0.059646018,-0.048715476,0.068733364,-0.01276761,-0.027909392,0.063687176,0.02177721,-0.25591683,0.69816256,0.14366226,-0.11131411,0.038033854,10.602095,6.5637856,5.4708147,13.7819805,20.278206,10.147543,0.9594134,3.0517416,18.699118,5.572765,8.872616,6.6970224,140.36258,-1144.4153,1592.7565,-201.64334,170.8335,23.846424,-109.43624,-6060.4614,9941.531,331.2652,37.591988,-28.0416
469,0.0,0.0,0.0,0.005097216,-0.006984438,-0.99996257,1.0,0.0,0.0,3.0015538,-0.07555253,0.71644384,0.9221741,3.9470952,2.8115127,0.051421884,-0.09044384,0.70523417,1.269713,2.1196136,1.6184196,-0.062929444,0.042071678,-0.049763583,0.008134135,0.0127787115,-0.048286844,0.047254495,-0.06494081,-0.015910264,-0.011105688,0.014849938,0.008787471,13.517578,6.6055307,2.1498387,14.307497,14.717545,12.061213,0.8885883,4.223293,25.04266,9.075818,6.230051,7.1887927,-115.83234,-495.11365,59.35846,32.158722,6.1994934,-1.6008453,7.11718,-654.25476,463.1089,-261.1927,-14.526905,17.257875
470,0.0,0.0,0.0,0.005097216,-0.006984438,-0.99996257,1.0,0.0,0.0,3.0081866,-0.07291325,0.7153737,0.9241785,3.9356987,2.8179643,0.060561433,-0.0987107,0.7046864,1.2557794,2.1018577,1.6258353,0.066903844,0.0775773,-0.12414133,0.022076732,-0.07223156,0.041599713,0.031567298,0.23001301,-0.27139696,-0.11105981,-0.10812483,0.03283699,11.180577,6.527382,4.994206,13.776987,19.424837,11.206438,0.8789414,3.0207276,19.59809,6.0093307,8.118581,6.9512763,59.074867,265.27643,-1243.3079,167.8956,-94.415665,-15.350037,-154.89783,5526.201,-8904.055,477.23355,5.439125,-192.4973
471,0.0,0.0,0.0,0.005097216,-0.006984438,-0.99996257,1.0,0.0,0.0,3.0070047,-0.07813334,0.7205458,0.921065,3.9408674,2.8183384,0.06724509,-0.08179888,0.6933664,1.248856,2.0964136,1.6294264,-0.037048228,0.016054744,-0.03337365,-0.0044127717,0.059653576,0.00029343306,0.043136187,0.6915641,-0.45665106,0.026292184,-0.014734459,0.015022859,11.936033,6.682214,4.8856497,14.076864,20.078568,10.855421,0.54138935,3.101789,17.8282,5.34024,8.876015,5.9545035,-79.065186,321.1967,-450.6302,71.2204,145.46484,-4.8313293,19.168581,8375.796,-3014.9622,486.8831,-3.2283401,3.279869
472,0.0,0.0,0.0,0.005097216,-0.006984438,-0.99996257,1.0,0.0,0.0,3.0062761,-0.081901826,0.7189028,0.92334807,3.9511733,2.8152974,0.069831945,-0.07663693,0.68657804,1.2516767,2.1003432,1.6227883,0.0023483748,-0.034822255,0.0043875575,0.0031240883,0.02784183,-0.014112751,0.0057240315,-0.018972876,0.01831118,0.008621609,0.018049052,-0.034223426,11.558872,6.2847104,5.663385,14.904718,22.90069,10.144257,0.25642717,3.2916307,17.451096,4.813596,11.227616,5.8728747,38.68116,-205.72357,212.69595,-64.71185,-92.244446,3.9694977,-111.37298,-10335.024,6679.215,-100.172424,-28.583874,-13.431095
473,0.0,0.0,0.0,0.005097216,-0.006984438,-0.99996257,1.0,0.0,0.0,3.003741,-0.07852153,0.72084606,0.92183506,3.955135,2.8063211,0.070191294,-0.061526045,0.68127835,1.2501572,2.122564,1.6158555,-0.012709548,-0.024587242,0.07011029,-0.022232292,0.0131591065,-0.044179555,0.011841911,1.1439598,-0.7099258,-0.008197992,0.13389708,-0.03228479,12.817515,6.391636,3.7505746,14.973609,18.615711,11.643507,-0.97485745,3.8113089,20.057978,6.564425,7.8580627,6.45475,117.7294,-1469.2769,1695.8033,-367.0208,1.8947754,27.50644,-68.88932,5498.0327,-955.4114,-159.99701,-23.68356,10.89361
474,0.0,0.0,0.0,0.005097216,-0.006984438,-0.99996257,1.0,0.0,0.0,3.0105815,-0.07629251,0.72015613,0.9231068,3.9561915,2.8110821,0.05911718,-0.06874214,0.6827436,1.259422,2.1253843,1.6152797,0.043076616,-0.054210264,0.056474198,0.004316847,0.0072434857,0.030449826,-0.047561463,0.86089545,-0.5397941,0.07884187,-0.025578707,-0.0021697462,9.109689,5.938047,5.808471,16.743408,25.927973,8.9557905,0.24967708,3.939642,17.504017,2.5177753,13.859945,5.867397,131.92897,-987.406,1486.9363,-355.0711,73.51724,12.656677,-15.490955,9993.055,-3762.585,-2.4362755,-7.119137,4.7453403
475,0.0,0.0,0.0,0.005097216,-0.006984438,-0.99996257,1.0,0.0,0.0,3.0023158,-0.084816866,0.7231165,0.9210845,3.9568934,2.7987785,0.06154584,-0.06886018,0.6870353,1.2406429,2.1430647,1.6087987,-0.08750556,-0.11579128,0.12874982,-0.06134328,0.012475866,-0.09413354,0.012843109,0.93591815,-0.46871263,-0.1188025,0.1749438,-0.03111091,10.481138,5.698911,5.411861,15.594719,23.893833,9.970282,-0.12230264,3.6789665,18.108177,5.0238843,11.637539,6.0383644,-254.91605,-703.6065,1305.5149,-491.56866,67.25394,-14.516647,-119.62804,8405.833,-4020.7585,-29.794796,515.76654,9.846731
476,0.0,0.0,0.0,0.005097216,-0.006984438,-0.99996257,1.0,0.0,0.0,2.987903,-0.07746697,0.71953666,0.9240962,3.956922,2.7889757,0.057804607,-0.086494654,0.693012,1.2305409,2.1739926,1.6046337,-0.06635182,-0.007803229,0.008417347,0.02935945,-0.00494862,-0.04579943,-0.003060551,0.6057179,-0.45913973,-0.0010647125,0.1517224,-0.01992306,10.282557,5.6917014,5.7098207,16.053442,24.669077,9.891033,-0.18564282,3.6309166,17.493313,4.4361477,12.266596,6.1177983,200.66106,-163.67938,-421.42996,-305.55423,-28.505096,24.363495,-20.21247,8895.851,-2953.5461,173.43704,-26.612677,11.878078
477,0.0,0.0,0.0,0.005097216,-0.006984438,-0.99996257,1.0,0.0,0.0,2.9746041,-0.07744785,0.71789974,0.9241415,3.957298,2.77847,0.053512413,-0.08322606,0.6937899,1.2254361,2.2096975,1.6013287,-0.06510981,-0.008175277,0.029971762,-0.02723726,0.011013791,-0.05169462,-0.03004354,-0.15349017,0.13118213,-0.032473303,0.17736281,-0.015803562,10.860508,5.7395544,5.266155,15.608343,23.031055,10.25112,-0.15270482,3.6355896,17.68596,5.1714053,10.931242,6.2321916,168.42386,-1402.8018,1729.7043,-528.9535,121.752106,40.199028,-104.3066,-9904.143,6319.418,-69.883224,-15.875832,2.6314907
478,0.0,0.0,0.0,0.005097216,-0.006984438,-0.99996257,1.0,0.0,0.0,2.9655354,-0.07739257,0.7197605,0.92062366,3.959265,2.771724,0.04981145,-0.099849775,0.71212125,1.2263669,2.2331328,1.5993043,-0.04816597,-0.026147632,0.008047082,0.008403291,0.003778514,-0.031786688,-0.02183332,-0.29976195,0.26202086,0.006191094,0.110077396,-0.009710556,12.37151,6.206892,3.2725134,15.355256,18.283382,11.666964,-0.752915,4.075878,20.413145,6.888992,7.464796,6.9880943,-84.498344,67.74896,-397.96472,486.4102,-59.069977,-14.94001,95.88937,-2159.0847,1323.0562,96.91188,-11.035431,7.3766413
479,0.0,0.0,0.0,0.005097216,-0.006984438,-0.99996257,1.0,0.0,0.0,2.9690433,-0.07938834,0.7221503,0.9208087,3.9593325,2.77808,0.04100219,-0.08259993,0.69168705,1.2418913,2.2345388,1.6046689,0.033967644,-0.073912315,0.106438756,-0.023868227,0.009321075,0.037286468,-0.04925638,0.60204774,-0.6031617,0.10657298,-0.056606214,0.026823083,12.201479,6.2904754,3.1392188,14.789408,17.480314,11.730182,0.24387778,3.9713707,21.362019,7.13175,6.9852366,7.524966,108.48468,-928.24854,1218.2914,-191.57251,80.938995,9.3405075,-153.7339,2220.8467,-6031.104,-17.579117,-327.87384,1.9913588
480,0.0,0.0,0.0,0.005097216,-0.006984438,-0.99996257,1.0,0.0,0.0,2.9728963,-0.076682135,0.7205603,0.9212915,3.9590409,2.7849493,0.04224853,-0.10046876,0.7137314,1.2505232,2.2172518,1.6164443,0.02390672,-0.069803566,0.0871376,-0.01736546,0.006730986,0.035215523,0.0415138,-0.18113069,0.46393815,-0.1560121,-0.09447143,0.07650216,10.054641,6.0409827,6.140969,15.141504,23.596825,9.757647,0.29076612,3.0876994,17.449863,3.5990126,10.776866,6.1901608,77.12495,-742.9507,965.81494,-137.25696,57.358032,4.757656,513.8942,-6720.4688,12012.658,-3958.6926,-68.032394,214.53134
481,0.0,0.0,0.0,0.005097216,-0.006984438,-0.99996257,1.0,0.0,0.0,2.9626203,-0.07521959,0.71870583,0.92128265,3.9588287,2.7765362,0.043983035,-0.111227654,0.72604674,1.2335795,2.226466,1.615223,-0.075627305,0.00064163073,0.024446515,-0.012475935,0.0030680557,-0.054549616,-0.001629483,-0.70367396,0.6330072,-0.08440822,0.10147983,-0.01383926,13.131062,6.453476,2.4998343,14.955232,16.582758,12.3528805,-0.29519856,4.1247373,22.691725,7.9781528,6.540166,6.795916,109.102585,-1593.5413,1979.9921,-386.0243,108.85312,72.54995,-2.2547746,-9480.988,9180.185,47.94,73.10146,-6.522366
482,0.0,0.0,0.0,0.005097216,-0.006984438,-0.99996257,1.0,0.0,0.0,2.967378,-0.07337177,0.7097986,0.92504036,3.9577477,2.7861922,0.040074203,-0.096508905,0.71443844,1.2353653,2.2260504,1.6182328,0.05988605,-0.023858244,0.015054235,0.022228975,-0.0054916646,0.06713237,-0.025869116,-0.11406181,0.2534586,0.055076838,-0.06881892,0.015698496,12.259449,6.134395,2.1978378,14.380533,15.919357,12.275644,1.1825608,4.2109394,23.69296,8.426832,6.124576,8.080869,75.4402,-573.9136,1099.602,-349.7217,45.480286,7.305294,-24.924871,-431.83618,-2147.7417,474.68378,-356.8557,-17.548107
483,0.0,0.0,0.0,0.005097216,-0.006984438,-0.99996257,1.0,0.0,0.0,2.9728694,-0.07416937,0.71664643,0.923206,3.955649,2.7992003,0.051823977,-0.114954084,0.7258107,1.2488793,2.200808,1.6329006,0.017300928,0.15366976,-0.10956162,0.012169747,-0.022510825,0.062454302,0.122871794,-0.72797257,0.63411486,-0.121350124,-0.15255257,0.07660262,11.638776,6.555063,3.8845625,13.834555,18.11504,11.398296,0.95264804,3.338461,21.27441,7.044023,7.0668883,7.269276,-57.721527,1355.9359,-1279.4541,46.107635,-89.677444,-1.5501862,851.49426,-9468.873,9431.669,-3743.0427,-234.45677,-3.796731
484,0.0,0.0,0.0,0.005097216,-0.006984438,-0.99996257,1.0,0.0,0.0,2.9721105,-0.06727558,0.7054099,0.9237584,3.955872,2.8032858,0.06138997,-0.10501344,0.708084,1.2428683,2.1850355,1.6401345,-0.013687131,0.05981946,-0.12602332,0.049024284,-7.541759e-05,0.019651603,0.036107406,-0.23812282,0.13112257,0.019774472,-0.07360498,0.03440365,12.985403,6.620045,1.7076101,14.000031,15.277256,12.68722,1.8757027,4.039614,23.879314,8.793503,6.043496,7.2930336,-85.501945,-1525.9769,3016.1096,467.61887,-5.5848083,25.311234,72.372574,1256.624,-1235.1028,484.28638,15.243935,-14.241724
485,0.0,0.0,0.0,0.005097216,-0.006984438,-0.99996257,1.0,0.0,0.0,2.980986,-0.087033086,0.7063383,0.9294518,3.949067,2.818221,0.077434435,-0.099062055,0.70209396,1.2619203,2.161408,1.6474785,0.053958353,-0.08425734,0.010463981,0.0053720623,-0.025774736,0.07298636,0.08379887,-0.07594647,-0.15762828,0.11410635,-0.12709613,0.04085032,11.569638,6.6895504,3.9826627,13.736712,18.554855,11.60425,1.3968619,3.2439337,20.412165,6.71405,7.5358057,7.002048,53.96906,-112.88458,-141.07568,-104.30475,14.970313,-24.477762,87.71775,229.02539,-1429.9373,-413.32635,-95.81258,55.926994
486,0.0,0.0,0.0,0.005097216,-0.006984438,-0.99996257,1.0,0.0,0.0,2.9820309,-0.06464546,0.69407386,0.9275149,3.9495537,2.8228862,0.08918345,-0.08391599,0.69109106,1.254408,2.151108,1.6518831,-0.033444326,0.15024394,0.19071643,-0.032455932,0.007961228,0.017238764,0.056714635,-0.022463238,0.18279481,-0.028629554,-0.045527566,0.011614161,12.386305,6.6617565,4.59857,14.108622,18.891197,11.527755,-0.10890351,3.1196527,19.495619,5.984394,7.6761875,6.2717834,-361.66077,-8544.274,11072.482,405.87073,51.25415,14.671999,2.915163,-5843.5063,9853.154,459.7237,-52.014458,-6.7323227
487,0.0,0.0,0.0,0.005097216,-0.006984438,-0.99996257,1.0,0.0,0.0,2.9864306,-0.096566424,0.7410732,0.91833436,3.9535725,2.8263874,0.08646311,-0.08325496,0.7050312,1.259719,2.143698,1.6474674,0.028147692,0.065216415,-0.16979857,-0.00012345269,0.020302918,0.018601581,-0.019418819,-0.0065228078,-0.003304793,0.02894329,-0.04049572,-0.019570863,12.21253,6.601627,4.4208336,14.148672,18.263962,11.167204,-0.6840483,3.2483892,21.005295,6.83152,7.553671,6.416827,-72.117256,-920.9154,2509.7236,-19.282501,10.838806,-14.947563,93.588936,-683.66907,15.423309,-273.14856,-59.340607,21.188604
488,0.0,0.0,0.0,0.005097216,-0.006984438,-0.99996257,1.0,0.0,0.0,2.9901066,-0.07859163,0.69800156,0.9264351,3.957745,2.8268614,0.07867509,-0.09862228,0.70177644,1.2616502,2.1339073,1.6450721,0.010766351,0.07445744,-0.12376267,0.08945978,0.008525181,-0.00040195734,-0.055356264,-0.084565006,-0.11743553,0.015965844,-0.047867227,-0.008390561,12.622425,6.839088,3.9441757,14.499241,18.663574,11.558443,0.5394958,3.5513363,19.716557,6.421243,8.155051,6.6423926,-34.213493,-1126.7646,1712.8438,476.06665,-53.892456,-2.6677475,-136.49245,488.4541,-1956.4365,217.46613,20.319132,21.249346
489,0.0,0.0,0.0,0.005097216,-0.006984438,-0.99996257,1.0,0.0,0.0,2.9957535,-0.07532904,0.73547494,0.9273263,3.9579046,2.8304029,0.08083551,-0.093840875,0.6991446,1.2564138,2.1303022,1.6461511,0.034502763,-0.061625183,0.062367033,-0.06950942,0.013834286,0.02628316,0.01568399,0.17532614,-0.14932255,-0.078052394,-0.012879449,-0.00023050756,12.121832,6.5744796,4.3523417,14.402992,19.120947,11.337256,0.07780875,3.4091153,19.257044,5.987258,8.196579,6.4187875,538.951,-5083.7373,2688.2207,-1192.5536,211.99094,84.76115,-365.7732,5273.156,-7406.924,475.78986,115.48868,-138.25725
490,0.0,0.0,0.0,0.005097216,-0.006984438,-0.99996257,1.0,0.0,0.0,2.9989898,-0.08385631,0.7384977,0.9164437,3.9596107,2.831849,0.07864574,-0.09279745,0.7184715,1.2555751,2.1281102,1.6438979,0.0057234685,0.06210453,-0.072382174,-0.0052657016,-0.002521439,0.003638905,-0.012751358,-0.04953785,0.035958987,0.040378068,-0.012539284,-0.012060223,12.309132,6.537747,4.972443,14.432515,19.70699,11.139666,-0.31993592,3.30622,18.78829,5.70386,8.589421,6.1452518,-68.26707,375.73944,-389.20114,271.63953,-41.64102,-6.4071503,29.113861,860.37286,-1752.6896,226.41249,-28.506084,-2.1450348
491,0.0,0.0,0.0,0.005097216,-0.006984438,-0.99996257,1.0,0.0,0.0,3.0006955,-0.080866024,0.730389,0.9206823,3.9579515,2.8306162,0.072595425,-0.09469431,0.7108288,1.2595879,2.1290882,1.6392226,0.011662551,0.069482,-0.06721493,0.026724968,-0.009869517,-0.0069694086,-0.032011848,-0.03580966,-0.123588264,0.015619481,0.00598641,-0.023553861,12.868154,6.742601,3.8159404,14.715515,18.335133,11.545744,-0.060876478,3.6928997,20.291605,6.5983486,7.9506187,6.5906253,-84.347305,1274.7046,-866.4724,-116.878845,-10.017853,-2.6148167,13.351717,-527.8301,-975.99286,35.349518,34.42451,-3.8102074
492,0.0,0.0,0.0,0.005097216,-0.006984438,-0.99996257,1.0,0.0,0.0,3.010833,-0.07987529,0.72560406,0.9189583,3.960409,2.8335605,0.07034865,-0.102479786,0.7075299,1.2584604,2.1239877,1.6393104,0.04804534,0.116475664,-0.09092705,0.022383213,0.0050363145,0.01409588,-0.02010273,-0.25761965,0.20117879,-0.0011044823,-0.022847746,-0.0015584816,12.05183,6.575886,4.514053,14.481859,19.232643,11.142778,0.0591215,3.4307756,19.298069,5.9278016,8.298537,6.542063,-69.0862,923.50195,-647.14215,486.29254,-72.1181,1.7622051,-16.420013,-6630.8257,5892.827,485.3346,24.714611,-14.317268
493,0.0,0.0,0.0,0.005097216,-0.006984438,-0.99996257,1.0,0.0,0.0,3.0118291,-0.07785947,0.7194932,0.9241353,3.959288,2.832708,0.06993956,-0.09599144,0.69612974,1.2596217,2.122634,1.6386143,0.011322132,-0.061832365,0.053271305,-0.0091227805,0.00083354575,-0.0030666364,0.02570409,-0.08009433,0.19366263,-0.13481848,-0.011538877,0.011560086,12.778241,6.731009,3.168635,14.58457,17.498787,11.898365,0.41633832,3.8232527,21.25001,7.176645,7.4040895,6.78499,174.62549,-891.65515,1477.065,-438.9518,143.57697,28.602856,308.08212,-6882.427,12380.584,-3222.3525,-67.7998,295.58173
494,0.0,0.0,0.0,0.005097216,-0.006984438,-0.99996257,1.0,0.0,0.0,3.0185387,-0.07638164,0.71818346,0.92354286,3.9588823,2.8386245,0.073810704,-0.09975517,0.71301603,1.2569836,2.1128564,1.6386566,0.03991015,-0.043354306,0.060596388,-0.017635623,0.0048592226,0.031846255,0.016720181,0.36478278,0.0114692,0.048081502,-0.049515028,0.007013403,12.158724,6.561698,4.079142,14.219668,18.300106,11.530229,0.12878598,3.431738,20.590176,6.604662,7.4907055,6.731508,62.458744,-803.48096,926.4026,-74.72815,50.45227,2.4896507,-80.303955,10010.827,-6985.3457,462.12106,26.33715,-26.7967
495,0.0,0.0,0.0,0.005097216,-0.006984438,-0.99996257,1.0,0.0,0.0,3.0204232,-0.07383761,0.7178038,0.92359865,3.9588554,2.841348,0.072168015,-0.0918228,0.6898008,1.2678963,2.1031857,1.6398767,0.0028283661,0.011361577,-0.041231807,0.036047507,-0.007099478,0.012551156,-0.011297681,0.23239017,-0.41495505,0.050712675,-0.049661312,0.0104382755,12.047236,6.7063413,4.855098,14.084249,19.100677,10.750399,0.08776225,3.249632,19.915514,6.3283687,8.376815,6.3772693,5.0842505,-195.75073,-42.990295,486.62125,-10.142822,-2.0739708,-77.05258,4659.831,-4704.823,20.786743,0.5795212,33.286385
496,0.0,0.0,0.0,0.005097216,-0.006984438,-0.99996257,1.0,0.0,0.0,3.0212054,-0.07907528,0.71870667,0.9251498,3.957996,2.8367205,0.07191505,-0.104789734,0.71522146,1.2494496,2.1019564,1.6386828,-0.0025010395,0.017070126,-0.04380995,0.012598983,-0.0100142425,-0.025284683,-0.0026471997,-0.15697026,0.42210746,-0.044261023,-0.0045526745,-0.010196164,11.799024,6.359026,5.668231,14.292647,21.033012,10.831408,-0.14791547,2.9982004,17.837067,4.986301,9.405274,5.9838395,-56.471832,330.52744,-362.04114,25.46695,-34.53421,-4.21278,-4.120247,-3713.5732,8899.701,486.22278,-33.821808,2.5467033
497,0.0,0.0,0.0,0.005097216,-0.006984438,-0.99996257,1.0,0.0,0.0,3.0198574,-0.0802717,0.7116233,0.92532504,3.9574656,2.8327363,0.06798645,-0.070633434,0.6846293,1.2487491,2.1108932,1.6325537,-0.012173622,0.10626038,-0.09966307,0.012335283,-0.0019036708,-0.021170845,-0.0077946545,0.84378415,-0.48514715,0.0042251195,0.046146255,-0.030361086,13.192883,6.687486,2.6686277,14.74472,16.474136,12.077895,0.26997888,4.106522,22.423752,7.9289703,7.1199846,6.743493,-127.05962,1135.0613,-914.7819,165.43457,-28.896362,-7.8676567,-19.028461,9961.571,-4192.259,-35.75813,-9.346342,8.09215
498,0.0,0.0,0.0,0.005097216,-0.006984438,-0.99996257,1.0,0.0,0.0,3.028535,-0.085754335,0.7155315,0.9249724,3.956284,2.8398612,0.067673296,-0.08044876,0.6803632,1.2639033,2.101343,1.6338834,0.055774983,-0.07553657,0.07149562,-0.0116656395,-0.0032394074,0.039609056,0.014295186,0.7339639,-0.55226535,0.13123192,-0.06470744,0.007759391,9.629421,6.374668,5.565767,15.237557,24.040436,9.21176,1.335215,3.443387,17.322378,3.8357859,12.081539,6.094112,67.7432,-375.13007,537.56824,-128.23291,48.850464,7.5139008,-7.2172585,10259.995,-3381.2793,324.57565,-12.9147835,8.460548
499,0.0,0.0,0.0,0.005097216,-0.006984438,-0.99996257,1.0,0.0,0.0,3.0212302,-0.07812655,0.71152496,0.92487323,3.956162,2.828387,0.07770729,-0.087851875,0.7088029,1.2666253,2.112544,1.6287163,-0.09582996,0.034477305,-0.019570334,-0.0004897962,0.000874574,-0.09197749,0.04944302,-0.01799501,-0.038936228,-0.04363991,0.13648306,-0.025755202,11.140709,6.0086694,5.748614,15.083667,23.281742,10.121638,-0.30216753,3.3572502,17.999807,4.985815,11.240305,5.792536,-315.65555,-1109.5522,1123.8403,-193.21982,29.764465,23.582535,18.06557,-1725.7949,1274.0199,-473.63116,448.79556,9.072903
500,0.0,0.0,0.0,0.005097216,-0.006984438,-0.99996257,1.0,0.0,0.0,3.01281,-0.08218307,0.7179877,0.9231256,3.9571347,2.8190396,0.0761843,-0.100023836,0.70627934,1.2541317,2.13924,1.6214994,-0.035862993,-0.030414894,0.058711197,-0.018587677,0.008727311,-0.043211725,-0.026787654,0.17150049,-0.17394283,-0.08628335,0.13704765,-0.034856852,12.444336,6.3224435,3.9340682,15.209913,19.143215,11.568645,-0.8448068,3.8131285,19.574778,6.342974,8.224847,6.5433464,103.17455,-1198.4082,1440.0667,-267.01578,62.968903,25.804062,-209.9156,5162.7637,-6237.4937,483.31192,62.129295,-108.1114
