step,obs_0,obs_1,obs_2,obs_3,obs_4,obs_5,obs_6,obs_7,obs_8,obs_9,obs_10,obs_11,obs_12,obs_13,obs_14,obs_15,obs_16,obs_17,obs_18,obs_19,obs_20,obs_21,obs_22,obs_23,obs_24,obs_25,obs_26,obs_27,obs_28,obs_29,obs_30,obs_31,obs_32,obs_33,obs_34,obs_35,obs_36,obs_37,obs_38,obs_39,obs_40,obs_41,obs_42,obs_43,obs_44,torque_0,torque_1,torque_2,torque_3,torque_4,torque_5,torque_6,torque_7,torque_8,torque_9,torque_10,torque_11
0,0.0,0.0,0.0,0.0,0.0,0.0,0.0,0.0,0.0,0.0,0.0,0.0,0.0,0.0,0.0,0.0,0.0,0.0,0.0,0.0,0.0,0.0,0.0,0.0,0.0,0.0,0.0,0.0,0.0,0.0,0.0,0.0,0.0,0.0,0.0,0.0,0.0,0.0,0.0,0.0,0.0,0.0,0.0,0.0,0.0,-3.582608e-05,0.0012920402,1.1921543,1.0741433,0.0042169597,-0.00021053404,6.1113526e-05,0.0020836648,1.1906246,1.0728502,0.0041135713,0.00018121366
1,1.5846348e-10,-5.662441e-10,-1.8248257e-10,0.0,0.0,-1.0,1.0,0.0,0.0,-1.24059174e-11,4.5441612e-11,0.0,0.0,0.0,-2.0948233e-11,7.539284e-12,-1.3296123e-11,0.0,0.0,0.0,1.750552e-11,-5.894226e-11,3.5405331e-10,4.2785384e-10,-4.034016e-10,-4.2802754e-12,-5.755531e-11,1.933575e-11,-1.2660066e-10,7.8134416e-10,-1.0813002e-09,1.11607e-11,5.1385406e-11,0.063118465,-0.33331612,0.6195747,-0.31397992,-1.1507593,0.08157993,-0.07831994,0.7041561,-0.19644365,0.49323922,-1.0955786,0.08636641,1.6471574e-07,-3.0621186e-07,4.0573087,-12.409887,1.4396224e-07,4.654892e-08,1.5221815e-09,9.1062776e-07,4.057308,-12.409887,1.3718633e-07,-2.8803932e-08
2,-0.14960839,-0.111170426,0.14657745,-0.0025579813,0.0033213391,-0.9999912,1.0,0.0,0.0,0.0083055515,0.0033455652,0.0075781345,0.007720351,-0.0528723,0.015273871,-0.01582482,0.009634029,-0.014155865,0.030354738,-0.06238532,0.017646868,0.050614502,0.035650294,0.067628525,0.0642264,-0.48507085,0.08315306,-0.10046657,0.09273546,-0.12527508,0.26551554,-0.5706124,0.097840436,-0.026351685,-0.38708135,0.18088453,-0.17574497,-1.8843197,-0.14417654,0.3184716,0.30092227,-0.6663099,0.70540696,-1.5602033,-0.122589715,3.8028183,29.717316,164.22223,117.560425,-168.30362,-5.6942883,17.33742,208.02103,-185.9776,184.30377,-199.82738,-3.5340683
3,-0.3351355,-0.13116397,0.09210304,-0.008273583,0.013493072,-0.9998747,1.0,0.0,0.0,0.0025907073,0.017762795,0.029312551,0.020858169,-0.2063629,-0.003792741,0.0012029823,0.039016854,-0.054005325,0.10988712,-0.2396329,-0.0059417784,-0.03815731,0.08460276,0.14844917,0.016788295,-1.0128447,-0.18619305,0.2408736,0.18955997,-0.27287304,0.5012937,-1.1440481,-0.16961806,-0.14039871,-0.6317604,0.44050446,-0.7111451,-0.8763337,-0.52320004,0.48123407,-0.087971345,0.5101049,-0.19005576,-0.41640073,0.23741862,0.37439328,-204.11792,109.81073,-219.7659,-199.77277,-25.743181,197.93913,223.37477,-252.98389,135.7051,-200.77985,9.712567
4,0.107254945,-0.7108307,-0.1148082,-0.026440557,0.017271135,-0.9995012,1.0,0.0,0.0,-0.03126964,0.02402448,0.07602626,0.03242612,-0.37646753,-0.079116635,0.08771678,0.05276164,-0.07309818,0.17800224,-0.40524775,0.02117645,-0.20531614,-0.01572524,0.30323204,0.07026431,-0.74866384,-0.52829057,0.54347944,-0.020754075,0.05311157,0.21468018,-0.5698958,0.29981127,-0.057267018,-0.6474524,-1.0624,-0.68667513,0.17498027,-0.24920243,-0.24682064,-0.078330554,-0.525234,-0.40103135,0.009547537,0.15428057,-1.587944,49.800293,34.26198,0.54219055,69.600395,-100.647804,31.018797,-127.03277,193.34671,-222.09258,200.21866,17.931091
5,0.47998866,-0.13109607,-0.0117361285,-0.04200457,0.0037659223,-0.99911034,1.0,0.0,0.0,-0.050112713,0.0038348564,0.10928929,0.04253316,-0.46492368,-0.13014576,0.15804717,0.03247816,-0.07822591,0.20387673,-0.4544931,0.057379812,-0.0557818,-0.14804658,0.056834437,0.038955603,-0.19217293,-0.15241931,0.19005263,-0.15218222,-0.08985174,0.061730932,0.01840628,0.14315838,0.39156032,0.5454787,-0.34277034,-1.7773709,0.24221708,0.6149677,-0.7214685,1.122427,-0.6495897,-0.18939263,0.09827683,0.098204456,25.016743,-15.5611725,-288.84982,-123.81349,188.11786,28.066338,-200.14868,-27.677668,-168.31517,-204.21478,200.79065,-15.346543
6,-0.05837699,0.42843142,0.037170947,-0.034742627,-0.003704548,-0.9993894,1.0,0.0,0.0,-0.018293269,-0.0024702374,0.10209817,0.035219193,-0.44019026,-0.096940376,0.15666635,0.027449885,-0.11850488,0.20327806,-0.38634032,0.06912124,0.33664683,0.05706041,-0.12265157,-0.079960495,0.37489793,0.42843395,-0.16791421,0.084060386,-0.29080898,-0.05816726,0.6026125,0.039465886,-0.37645492,0.15533395,0.24765946,-1.4025153,-0.3439315,0.6428784,0.1467143,0.02835054,0.5942838,0.8625149,-0.4399678,0.09487306,214.25174,6.6920013,-421.15198,-126.69399,171.02121,200.39282,-193.36945,235.44974,-182.38757,-222.20592,191.50772,0.66824013
7,-0.2381961,-0.1391146,0.3418279,-0.029876929,0.0030510572,-0.9995489,1.0,0.0,0.0,0.016186712,0.010832449,0.107637405,0.0052269697,-0.40764314,0.041573443,0.14652295,0.044710252,-0.15762371,0.20305002,-0.3304227,0.076134235,0.04974961,0.057113208,0.118864715,-0.12737216,0.10040094,0.7720007,-0.012781647,0.082743146,-0.11598027,0.045016333,0.015131797,0.030654434,-0.34235787,-0.4336579,0.34722838,-0.60621494,-1.6513671,0.31072196,0.33092576,0.057130925,0.777788,1.0977145,-1.0500529,0.05872803,-81.78414,-482.47818,74.586136,452.15768,-13.460375,-104.6662,20.548021,-148.88979,202.08603,180.61768,-199.89415,-6.9952283
8,-0.020662682,-0.68603563,0.3797356,-0.048779707,0.008155243,-0.9987763,1.0,0.0,0.0,-0.01519772,0.0068139974,0.15119386,-0.0056869984,-0.4504344,0.12440614,0.17391203,0.049929965,-0.15745556,0.22252643,-0.39201325,0.07331419,-0.33514884,-0.083449386,0.29176462,-0.028392805,-0.46285373,0.25969735,0.19968317,-0.0032555906,0.08049057,0.14026447,-0.5723057,-0.021133171,0.19002464,-0.5723551,-1.3509166,-1.1080507,-0.5944951,-0.25018057,0.020907544,0.29463726,-0.6205311,0.30736738,0.031208625,0.14421225,-203.69243,-284.1289,130.00867,63.518845,-180.31235,-40.692383,38.276802,39.5176,202.2357,184.31912,-199.74716,1.148957
9,-0.046148162,-0.21562089,0.2463705,-0.06575055,0.010335229,-0.9977824,1.0,0.0,0.0,-0.05535993,-0.0036057138,0.18760842,-0.00777781,-0.49587375,0.11914296,0.17392164,0.06155034,-0.16147429,0.24994755,-0.44179994,0.08742274,-0.09118934,-0.023201458,0.096526735,0.0024472224,-0.14367865,-0.26059577,-0.14843671,0.10563572,-0.100325696,0.1296645,0.015591601,0.07842893,0.3485433,0.2653062,-1.0389817,-1.5332929,-0.40892935,0.43750048,-0.46109903,0.41851074,-0.24475542,0.042941473,0.43462324,0.42829707,121.08706,115.856964,-137.86768,-20.57814,20.781393,-179.32837,-122.02254,204.8829,-191.14719,-84.60597,200.30673,0.51821613
10,-0.4845456,0.100380614,0.21537547,-0.06717588,0.022533875,-0.9974866,1.0,0.0,0.0,-0.029948551,0.015102809,0.19778293,-0.019188762,-0.48201507,0.12890303,0.10539287,0.10906239,-0.18272728,0.25605786,-0.37493628,0.152031,0.3070334,0.18004498,0.017549695,-0.08177213,0.13424319,0.28341684,-0.50228155,0.34929058,-0.09576034,-0.052918375,0.59561026,0.39624116,-0.335889,-0.68845975,-0.27461648,-1.4609237,-0.78317535,0.651227,0.44340652,-0.8312818,0.42909175,0.33326703,-0.17796052,-0.0541149,204.4688,64.22333,212.3359,226.82994,30.415,148.27238,-175.37967,199.94597,152.97983,-170.57414,203.73305,-14.507053
11,-0.037855536,0.088210285,-0.034197696,-0.06337781,0.03229911,-0.9974668,1.0,0.0,0.0,-0.008390837,0.020753615,0.20097202,-0.022188067,-0.5044337,0.22795549,0.042590484,0.1534015,-0.19266093,0.25293052,-0.31016535,0.16886471,-0.05742916,-0.08768878,0.018418642,0.019325927,-0.31384394,0.58909863,-0.16227224,0.11467894,-0.020932524,0.0077873655,0.19963203,-0.17097352,-0.29496843,-0.5977591,-0.23475753,-0.89590603,-1.307017,0.31796092,0.84702057,-0.49661812,-0.068992525,0.504451,-1.1193932,-0.06630818,-197.53232,-246.0866,40.36061,18.205627,-129.27077,-11.824507,205.4516,-196.3633,230.10123,143.96394,-30.487549,-200.06741
12,0.41450936,0.06839707,-0.44241214,-0.060452644,0.023307137,-0.99789894,1.0,0.0,0.0,-0.057393998,-0.019235447,0.20344597,-0.024941802,-0.6267347,0.28422755,0.047846198,0.14886275,-0.192334,0.26364362,-0.33528286,0.11436373,-0.32761204,-0.29018623,-0.0051361243,-0.055315882,-0.8679922,0.08106948,0.18456674,-0.13675678,0.023184797,0.09101837,-0.39156148,-0.26263502,-0.33829567,1.3511657,0.33414465,-0.8121925,-0.23826283,-0.14001861,0.01871609,0.67597264,-0.24168059,0.32830334,-0.5213464,0.4321388,-17.670437,-182.95206,-330.80627,-280.40674,-201.41287,-73.06199,203.13971,-200.51591,221.79881,191.02397,-199.45595,18.960388
13,-0.18157274,-0.039545055,-0.08570142,-0.060340405,0.019082531,-0.9979954,1.0,0.0,0.0,-0.1286943,-0.045579094,0.21524614,-0.049072385,-0.725889,0.23842268,0.05405808,0.15059125,-0.18937969,0.28353035,-0.3849923,0.124202564,-0.32670492,0.008476301,0.07361671,-0.13471757,-0.15290809,-0.46791402,-0.03159834,0.124076776,0.007252242,0.09763675,-0.20112272,0.30539942,0.1717141,0.37328604,0.5716664,0.0073443353,0.83987355,0.02025652,-0.29983157,0.072699256,-0.58573717,-0.19119585,-0.03498324,0.37776133,54.62427,350.26663,-174.41971,-76.69667,202.75551,-146.0857,-30.93301,198.34435,-99.58373,-61.19263,20.466064,199.93045
14,-0.1695976,0.0122853955,0.34751648,-0.060818266,0.026529625,-0.9977962,1.0,0.0,0.0,-0.14933749,-0.034847293,0.22598791,-0.059248686,-0.7004102,0.17885476,0.016616113,0.1692873,-0.19251037,0.291654,-0.36033756,0.1870794,0.07408064,0.09286342,0.0538117,-0.0056497953,0.37227094,-0.2374626,-0.3131288,0.06875679,-0.03553235,-0.0056138607,0.38347,0.28466225,0.23142281,-1.1262764,-0.45380893,-0.28024495,-0.7594196,1.0224963,0.20974465,-1.337991,0.024087515,-0.17046466,-0.28079048,-0.46745077,199.52858,206.7332,190.1476,123.72944,200.19405,28.785458,-195.60278,-195.32735,-179.01968,-208.15848,178.18628,-31.404425
15,0.36353832,0.05727702,-0.36596945,-0.05941841,0.021399973,-0.9980037,1.0,0.0,0.0,-0.09257682,-0.037169818,0.23129708,-0.07355893,-0.68491524,0.19690508,-0.005200036,0.15498148,-0.1813165,0.2632153,-0.3298617,0.18204734,0.422309,-0.10032114,0.0065432093,-0.124881804,-0.08851676,0.35781634,0.056340672,-0.1853191,0.12668072,-0.25601122,0.07434957,-0.27851018,-0.36954698,0.65201676,-0.13241892,-1.4412833,-0.5691301,0.22238337,0.7500252,1.290533,0.091364786,0.42815486,-0.57576114,-0.16836968,68.80257,-216.87254,-154.40216,-194.12265,-36.274975,199.61197,201.49234,-189.99013,203.30624,-221.36557,-12.941644,-199.89418
16,-0.21850254,0.014117221,-0.6314959,-0.05843411,0.018407727,-0.9981215,1.0,0.0,0.0,-0.0452294,-0.039996386,0.23025417,-0.088546395,-0.66280407,0.21167421,0.039434645,0.14226489,-0.15270418,0.22327328,-0.3690483,0.09995888,0.096802264,0.043309998,-0.009418106,-0.054777335,0.14850186,-0.021154743,0.3615513,0.03329993,0.15105239,-0.15344363,-0.29795495,-0.3971953,-1.3503933,-0.559013,0.17522135,0.45760608,-0.78551996,0.2941525,-0.41663152,-0.23338678,-0.58829945,1.167161,-0.37371188,0.42958376,-160.11021,-95.95535,-2.1776276,46.614594,-11.646733,-11.678509,202.12459,214.58571,190.97253,174.33896,9.724223,38.30391
17,0.29882452,0.17479518,-0.0080188215,-0.053571302,0.014903058,-0.9984528,1.0,0.0,0.0,-0.07528778,-0.057286415,0.21145934,-0.072548985,-0.6793044,0.22897242,0.07400376,0.12532127,-0.14560479,0.21696281,-0.38192695,0.08487228,-0.35158202,-0.18774958,-0.14082381,0.17393567,-0.1521437,0.09566253,0.016245002,-0.18065134,-0.044206582,0.07055702,0.010228433,0.18802318,0.33682367,0.035437856,0.41500005,-0.5403792,-0.96714246,0.028124474,-0.5079017,0.9346507,-0.01143771,-0.9208606,-0.3238133,0.4160544,-197.22972,-181.46637,46.651497,155.14008,3.209328,-7.527901,-199.38312,-206.13014,-186.08626,187.41797,5.7053003,199.83571
18,-0.19747429,-0.15094192,0.11384799,-0.055007942,0.013774945,-0.9983909,1.0,0.0,0.0,-0.100817665,-0.07022014,0.2181006,-0.071801305,-0.7150523,0.19715483,0.035051193,0.117631435,-0.12513036,0.2082336,-0.3691755,0.15758997,0.0553419,0.036956627,0.16278021,-0.13403852,-0.055370804,-0.24442025,-0.3643376,0.07810605,0.18674034,-0.12501173,0.06732035,0.37566277,0.38233545,0.43375903,0.48287213,-0.15525417,-0.38995588,-0.1746199,0.2876379,0.46144336,-0.16834942,-0.28726384,-0.33992466,-0.07638983,199.91347,190.01462,189.66254,-216.97781,75.68077,7.261445,-203.94594,165.27823,-2.1106892,-209.85497,-5.2577906,-26.665733
19,-0.75117075,-0.092128955,-0.08187501,-0.059869327,0.03404801,-0.99762535,1.0,0.0,0.0,-0.04131695,-0.03341063,0.2576595,-0.102871776,-0.6680216,0.11348266,0.0051265955,0.15609208,-0.09586352,0.17317343,-0.3607841,0.16873653,0.4958963,0.30324942,0.20665894,-0.1572492,0.3872883,-0.4240531,0.028656542,0.28443688,0.11034139,-0.21761358,0.033584405,-0.2059448,-0.5429123,-1.3819362,-0.70490986,0.39413673,-1.1252387,0.62413025,0.4264694,-1.3990339,-0.655953,0.046129785,-0.2935109,-0.4906018,198.93513,272.8493,-12.030121,24.349426,11.974641,37.83786,199.8528,183.20132,-186.62784,-216.9643,-6.7125325,-200.4555
20,-0.24456005,0.38525525,-0.12585318,-0.053479195,0.05251905,-0.9971869,1.0,0.0,0.0,0.012877084,0.00095060386,0.2617051,-0.10134208,-0.6529824,0.09260407,0.0549875,0.18493266,-0.10591465,0.13863254,-0.34511787,0.06600785,0.08799141,0.060858287,-0.12447567,0.14437924,-0.18028387,0.1570537,0.42975053,0.026143124,-0.18305762,-0.14093944,0.07798364,-0.7418086,-0.4324899,-0.7458374,0.5036974,-0.09137453,-1.2291532,0.38251576,-0.88472307,-0.04554338,0.6043566,-0.27049923,-0.31371,-0.17181113,-199.47339,-205.69315,-211.25809,180.43126,-199.84245,199.83868,172.07587,-274.04944,-213.51733,-3.5050335,-8.896202,-102.35002
21,0.31597218,-0.06103175,0.36853018,-0.04749266,0.05044088,-0.9975972,1.0,0.0,0.0,-0.018550627,-0.0145692965,0.26668668,-0.09254551,-0.7242059,0.15695572,0.09583849,0.1664374,-0.10492271,0.08250284,-0.33652622,-0.020948928,-0.358745,-0.19339786,0.12789822,-0.005260776,-0.20597763,0.3283035,0.0198731,-0.18184757,0.16090691,-0.39325315,0.0329423,-0.24231175,0.08935604,-0.036960963,-0.29373264,-0.34579396,-0.96304023,-0.23939154,-0.6192151,0.41716644,0.45541075,0.24180204,-0.16283576,0.7769441,-194.83955,-235.6951,145.53015,-42.3846,216.51212,-28.699503,-191.42241,-172.02708,237.48805,-186.92538,-1.460243,66.549965
22,-0.0432639,-0.07572469,0.098065816,-0.049865015,0.04700736,-0.9976492,1.0,0.0,0.0,-0.045021925,-0.031884022,0.29156947,-0.10784173,-0.73031193,0.15829152,0.054850247,0.15599225,-0.06415218,0.016216159,-0.29953688,-0.007443643,0.04645082,-0.016460879,0.12445914,-0.13247885,0.040545538,-0.25397286,-0.3916549,0.039369054,0.24000084,-0.27964005,0.198196,0.32089752,0.55211866,0.88695264,-0.98006445,0.059660062,-1.0524427,0.06527293,0.3658043,0.60376626,-0.542168,0.8226612,-0.35610184,0.3342565,199.37268,37.338257,-203.59134,-217.06303,23.75357,-200.87566,-206.10312,171.50436,205.02258,183.08868,-12.225029,199.5042
23,-0.58173937,0.3711465,-0.38315144,-0.043208696,0.06020697,-0.9972503,1.0,0.0,0.0,0.013940057,-0.0074748644,0.2829991,-0.103476405,-0.71936256,0.13155006,0.022798395,0.18233542,-0.052256584,-0.0091866255,-0.3025779,0.07373745,0.49703905,0.2324429,-0.1801164,0.1417181,0.05369118,-0.101377405,0.03908011,0.1983103,-0.09621869,0.018497644,-0.06944209,0.35660487,-0.5118662,-1.1551808,1.1843617,0.41386813,-0.8609498,0.27791125,0.17685999,-1.3675512,0.8325897,-0.44911948,-0.13765778,-0.024860136,207.30617,146.85428,-304.91125,89.68642,-10.338058,12.201107,218.95277,-301.03384,-129.64621,504.11627,14.470196,-132.7767
24,0.06811101,-0.2426452,-0.41413227,-0.043518804,0.0686166,-0.9966935,1.0,0.0,0.0,0.068464085,0.007326457,0.2653727,-0.061823726,-0.71041816,0.1552781,0.049930755,0.19872914,-0.0614478,0.003262043,-0.27587205,0.07707379,0.08525472,-0.050904103,-0.010391184,0.26489088,0.035869297,0.17490833,0.15283814,-0.003570507,0.020648044,0.06890707,0.19158007,-0.14676547,-0.6155759,-0.16494364,-0.21513416,-0.37514746,-0.7147244,0.12486772,-0.5265976,0.09231075,-0.14509067,-0.74248046,-0.053305246,-0.2795501,-200.1758,-196.90611,207.5151,184.7988,-6.041916,-7.3853254,13.234337,-44.66864,42.04579,8.745499,-3.9067206,-27.787247
25,0.38248575,0.24729432,0.044162128,-0.041937534,0.05707915,-0.9974884,1.0,0.0,0.0,0.037855726,-0.024538653,0.24906874,-0.022443056,-0.703715,0.15445848,0.038968008,0.18771824,-0.069630325,0.009058952,-0.22176772,0.0018462881,-0.34009218,-0.21428552,-0.13338035,0.1365198,0.028971462,-0.04312995,-0.21833484,-0.08714327,-0.07594314,0.006676727,0.25985917,-0.43503013,-0.19927773,0.27197006,-0.24345322,-1.2387823,-1.0695479,-0.37815645,-0.17182335,0.59323144,-0.7188841,-0.9892361,-0.54656816,0.505232,-199.76593,27.838003,-275.4479,-250.00542,-6.4627075,0.47114944,-196.11687,-162.4288,-42.96067,-18.986069,-24.190838,17.041565
26,-0.12313937,0.788928,0.12849922,-0.02014305,0.053136997,-0.9983841,1.0,0.0,0.0,-0.02282659,-0.04123096,0.20607996,-0.012854934,-0.7016625,0.081253454,-0.0075348644,0.18468827,-0.105944395,0.022924304,-0.22039849,-0.043907598,-0.26860294,0.026022006,-0.27998546,-0.024375893,0.0051788436,-0.60602,-0.21988033,0.044770118,-0.26846907,0.11904021,-0.19893503,-0.058454193,0.59864736,0.5333885,1.4413588,0.1972977,-0.48397577,-0.39827064,0.3009246,0.058114983,1.2746532,0.796566,0.03855028,0.63394815,28.792856,285.55353,-201.53285,-219.28207,0.443985,-101.05455,21.69716,17.22792,24.888199,161.2079,-156.29759,131.1591
27,-0.17360634,0.15703672,-0.3488115,-0.002838109,0.05886725,-0.9982618,1.0,0.0,0.0,-0.027701044,-0.02483304,0.16886526,-0.0035122633,-0.6591163,-0.037784237,-0.0068897516,0.18154362,-0.14602005,0.06244445,-0.1994201,0.010183624,0.1744231,0.12410896,-0.10900166,0.103975296,0.2543796,-0.5343539,0.18469016,-0.065207936,-0.14348832,0.2622418,0.3072173,0.5392436,0.09182159,-1.0861079,0.6832674,0.054565743,-0.3409317,0.7540796,-0.08056633,-0.77970296,0.47593898,-1.2011203,0.28801844,-0.098102756,200.8643,196.2833,184.43044,174.972,-15.338947,54.154793,197.78293,-179.37103,212.0665,183.40373,64.57536,199.71736
28,0.3967958,-0.32173443,-0.13704973,-0.0075487685,0.053165972,-0.9985572,1.0,0.0,0.0,0.0016990709,-0.025983728,0.17118514,0.009337187,-0.58486277,-0.0798002,-0.0072073853,0.14862067,-0.13826466,0.08661163,-0.094282925,0.05474068,0.13004464,-0.10939429,0.10907463,0.041072655,0.35772508,0.055263113,-0.09037801,-0.2545888,0.18170117,0.005293175,0.55887425,-0.03523911,-0.42121527,0.47963396,0.024461526,-0.5543926,-0.8526087,0.09252623,-0.43827718,1.455801,-0.64341825,-1.1765854,-0.3503511,-0.08439324,-8.801156,-184.083,212.94505,15.348336,-29.567596,200.39973,-30.490158,-217.18497,183.94402,-236.72797,-41.442356,-200.597
29,-0.109211445,0.28885546,0.51469,-0.0063460325,0.048139863,-0.9988205,1.0,0.0,0.0,-0.012589923,-0.03019107,0.17690039,0.0044956207,-0.5749633,-0.04249702,-0.0668336,0.12556243,-0.11958474,0.07242,-0.044753015,0.023325827,-0.1959741,0.025438119,-0.03700466,-0.011069865,-0.18154441,0.19122784,-0.46085808,0.001217432,0.021555452,-0.13159798,-0.006915542,-0.16181485,-0.24475333,-0.6527881,-0.06189279,0.10892488,-0.9047737,-0.19216155,0.6124743,-0.0041144416,-0.060004745,0.048799045,-0.38128024,0.2553368,-57.948227,-355.06982,172.2408,313.00653,-159.61577,-20.995014,-123.06728,221.36623,-212.98903,-223.16779,-200.2565,19.105558
30,0.34554708,0.2076972,0.008976492,0.0044184704,0.041796427,-0.9991163,1.0,0.0,0.0,-0.06389438,-0.047631588,0.15916562,0.03197241,-0.6435562,-0.05453588,-0.12214691,0.10578798,-0.12644476,0.074846864,-0.09803778,0.043055728,-0.25529507,-0.16766557,-0.1089583,0.18953447,-0.36459023,-0.17843352,-0.1310709,-0.15730499,-0.06411069,0.110407785,-0.38497317,0.24741857,0.5640926,0.08501452,0.93449277,0.14133854,-1.2444922,-0.2677007,0.89037675,0.31742766,0.53111094,0.44607472,-0.16045,0.28532717,14.693295,-204.99536,-79.9917,3.1821594,21.980698,-15.034589,188.64975,125.14226,-12.200699,111.34311,-7.156164,45.285328
31,-0.2804238,-0.34397453,-0.4991399,2.5780757e-06,0.041850317,-0.99912393,1.0,0.0,0.0,-0.0658807,-0.053152278,0.16665608,0.057902336,-0.7309833,-0.10505737,-0.10923387,0.09507902,-0.12909222,0.1177423,-0.12864041,0.10080983,0.19185737,0.08609961,0.14739436,0.09614829,-0.17682356,-0.23872998,0.2212621,0.033204496,0.04810216,0.2894314,-0.05740075,0.27009478,0.1754381,0.2445558,-0.12055038,-1.0117784,-0.36154574,-0.3458178,0.00045469403,1.0325562,-0.6388595,-1.2475537,0.22623776,0.058433793,198.41396,199.25977,198.26997,3.0060406,224.47308,22.313446,204.6311,219.29565,219.11487,185.001,25.63802,-21.364414
32,-0.72926354,0.28872544,-0.4209888,-0.00062273507,0.062950544,-0.9980165,1.0,0.0,0.0,-0.01061197,-0.011394809,0.17601472,0.061014652,-0.7021999,-0.16343191,-0.07730859,0.12927864,-0.13861448,0.16051984,-0.07883334,0.1048629,0.2801826,0.2949446,-0.03879231,-0.051393814,0.40145326,-0.27156487,0.12797931,0.27500203,-0.1284078,0.15208618,0.42390305,-0.065370254,-0.50734085,-1.661255,-0.0016657524,0.46666992,-0.23001124,0.27521023,-0.84385854,-1.1052979,0.020998623,-1.8460281,-0.012662331,-0.07209433,-26.711845,97.05465,-273.41656,-251.7126,182.88078,28.874523,-30.780848,210.68259,-211.60568,-228.35023,20.319607,-2.924816
33,-0.08076967,0.23219974,-0.13489985,0.009527515,0.077814154,-0.9969224,1.0,0.0,0.0,0.0010257363,0.015229633,0.15046215,0.08057082,-0.592123,-0.15365899,-0.095209934,0.1615853,-0.14213383,0.1638223,-0.046195686,0.06560817,-0.12387945,0.004819758,-0.17161731,0.20851743,0.53520733,0.31130198,-0.26871988,0.06526792,0.08078088,-0.09224784,0.05616967,-0.20144391,-0.24528217,-0.37298924,0.98999816,0.43815535,-0.9561036,0.34129605,-0.47083956,-0.32981542,0.44958338,-0.91152734,0.005048385,-0.38928783,-200.02985,-187.88628,-67.61812,179.61621,-49.866383,200.23615,-198.1353,-205.73929,221.4906,-205.698,-19.674791,15.6120405
34,0.53055114,-0.40333664,0.136989,0.0060922694,0.06768616,-0.99768806,1.0,0.0,0.0,-0.0519444,-0.012599152,0.13721484,0.13508356,-0.5492117,-0.046694368,-0.1746187,0.15116867,-0.09986198,0.13188124,-0.04025817,-0.028145812,-0.29620466,-0.25571117,0.032687128,0.3140808,-0.04741633,0.57019806,-0.372651,-0.13992567,0.23541574,-0.09787189,-0.050658375,-0.57422835,0.24884379,0.2103981,-0.092478305,-0.61715364,-1.2155443,-0.54115534,0.68877906,0.16845208,-0.7043873,-0.09766459,0.65421534,0.22219655,43.994247,-262.0459,149.6452,114.25149,-200.18549,-47.103466,112.94914,138.40353,-225.26529,244.02682,-50.806747,20.92556
35,0.1294783,0.2363049,-0.2503648,0.0035264543,0.055836953,-0.9984337,1.0,0.0,0.0,-0.06684562,-0.038030207,0.124816954,0.17954719,-0.6214619,0.0032111877,-0.19781072,0.13731982,-0.0928458,0.1335789,-0.037238836,-0.09367345,0.10732795,-0.024017746,-0.14512323,0.15134491,-0.61846966,-0.012820016,0.04862971,-0.030845677,-0.10650772,0.0793178,0.05864793,-0.094847515,0.22583756,0.69102913,-0.19060229,-1.4719182,-0.77297413,-0.58021426,0.6483802,1.0162922,-0.029681627,0.36434743,0.07884898,0.7672863,200.213,197.96156,-201.5598,-219.27332,-199.78406,-200.06851,122.10942,-95.805305,-183.9392,130.3328,45.639053,147.68076
36,-0.4736082,0.27975264,-0.88411033,0.012446539,0.06416699,-0.9978616,1.0,0.0,0.0,-0.009010241,-0.01342714,0.090188086,0.19488621,-0.68507344,-0.06377801,-0.15049538,0.14389521,-0.12168443,0.17058015,-0.022083938,-0.06678097,0.3533776,0.23548369,-0.19786523,0.011756051,-0.14497308,-0.60034364,0.38663995,0.079362564,-0.16601409,0.24612868,0.07352875,0.31317878,-0.48842567,-1.5586878,1.1852254,-0.010376066,-0.15375777,-0.1397842,-0.35452318,-0.72855496,0.60999024,-0.5978735,0.046294294,0.43030268,-23.3123,159.41116,-250.50375,-246.82613,48.156353,-200.89288,127.16126,-129.67628,-8.594543,77.829544,-7.580513,127.49124
37,0.078791626,-0.2556759,-0.31750718,0.010183007,0.07151646,-0.9973875,1.0,0.0,0.0,0.016415484,0.00491922,0.084919155,0.17159319,-0.6515716,-0.1210706,-0.11523624,0.13663025,-0.13306046,0.20572484,-0.018714607,0.03585812,-0.059888482,-0.024039766,0.11096281,-0.20487311,0.42340213,-0.065830894,0.007141764,-0.11755788,0.029964572,0.122094624,0.005641702,0.5622267,-0.7051673,-0.32560202,0.26874247,0.2455583,-0.41605306,0.68476963,-0.9332071,0.87634724,-0.82151854,-1.4697988,-0.4240051,-0.49444488,-200.23769,-198.95734,205.18922,-106.20072,200.3832,89.956345,-170.20198,9.147934,12.489655,-116.33597,0.81790924,-27.079678
38,0.19387344,-0.1665921,0.40919563,0.0020268045,0.06584128,-0.997828,1.0,0.0,0.0,-0.042247843,-0.013901662,0.10864639,0.14300883,-0.5902994,-0.06969584,-0.15925704,0.12247445,-0.13188541,0.2194556,-0.07695633,0.08241513,-0.4839057,-0.15311328,0.11462511,-0.08960721,0.2574701,0.5206979,-0.40648493,-0.030953014,-0.018196093,0.024570849,-0.47261593,-0.036571544,0.012742555,0.009889517,0.44009006,0.5200657,-0.8166064,-0.05444044,0.7374052,0.34890595,-0.16522925,-0.6397694,-0.564929,-0.13111177,-197.89894,-227.5573,94.29335,159.28407,-26.144377,199.4121,-201.38155,204.74539,-215.32709,-224.45685,-38.733692,-199.77782
39,-0.20384926,-0.2514643,0.11378518,-0.006218372,0.067690276,-0.997687,1.0,0.0,0.0,-0.09475878,-0.021944856,0.13833123,0.13352323,-0.6016113,-0.027852884,-0.20008689,0.13554992,-0.1297329,0.21133924,-0.19313848,0.03794617,-0.08408346,0.031612616,0.17368422,-0.010421931,-0.27268386,-0.0022802094,-0.037344884,0.1294373,0.024070585,-0.09478637,-0.5466864,-0.24810748,0.7161669,0.2649672,-0.6761119,-0.49585146,-1.062654,-0.74760735,0.8775501,0.18600968,-0.28574362,-0.2970829,0.1308463,0.3293555,201.12927,20.242046,200.80664,182.0728,-72.78541,-79.00131,201.11037,194.39624,-84.480545,-216.6295,48.74767,19.275162
40,-0.33475998,0.23467611,-0.4054268,-0.005332857,0.07842914,-0.9969053,1.0,0.0,0.0,-0.06633951,0.0030746486,0.15410632,0.12667012,-0.69893974,-0.08621069,-0.16209029,0.15763423,-0.140764,0.2142582,-0.2114361,0.03527863,0.32347208,0.21612015,-0.004756486,0.014939955,-0.5184564,-0.4866321,0.3748032,0.10807808,-0.12840344,0.060300153,0.23645286,0.20625763,-0.40732723,-1.2738985,-0.1017143,0.04435824,-0.6262842,0.3654572,-0.68286484,-1.288567,0.23124264,-0.042388313,0.078860365,0.23519644,177.21587,351.95074,-49.28276,170.20438,33.459682,-141.13116,193.3142,-30.91301,-63.028236,81.93535,231.4959,174.73056
41,0.19605127,0.112963624,-0.10305908,0.00018604474,0.08023713,-0.99677587,1.0,0.0,0.0,-0.041557223,0.012433397,0.14705575,0.13184774,-0.72056335,-0.12013639,-0.1282924,0.1560578,-0.15898103,0.21960711,-0.14341807,0.0795157,-0.034425527,-0.09277986,-0.045930404,0.023086336,0.107745305,0.0862471,-0.0027757043,-0.098362744,-0.056809105,-0.0027628432,0.3266171,0.2038048,-0.5397438,-0.15209334,0.6209818,-0.5780474,-0.29795462,0.36429992,-0.58973724,1.0648178,0.13142884,-0.6821685,-0.04341013,-0.32732517,-156.90858,-337.89066,-102.53893,-65.63103,74.755585,194.1965,-215.79295,-198.27592,3.0465393,-41.968246,-29.983942,-19.769749
42,0.0053281034,-0.44659892,0.48118997,-0.0071023735,0.075959,-0.9970856,1.0,0.0,0.0,-0.09196237,-0.015842905,0.16266555,0.12415218,-0.6510144,-0.04217294,-0.17499794,0.1466348,-0.13931644,0.20770466,-0.11243838,0.04323378,-0.42567587,-0.16309404,0.19254687,-0.11107256,0.48539945,0.564588,-0.41791564,1.1997542e-05,0.21397737,-0.11081823,0.10334223,-0.4800593,0.1831387,-0.27285185,-0.1920505,0.5163899,-0.910563,-0.21880037,0.57569605,-0.099473424,-0.40992466,-0.18877348,-0.3987778,-0.13966465,-193.99971,-81.584625,146.87932,-243.955,29.919348,22.019543,-201.36873,-3.7378082,43.662964,-121.59486,-15.902393,-179.9561
43,0.5471242,-0.0026913804,-0.18067327,-0.014903089,0.06299301,-0.99790275,1.0,0.0,0.0,-0.13571037,-0.06743495,0.16509265,0.12994576,-0.6164138,0.008109901,-0.2186501,0.12431104,-0.115208805,0.19492602,-0.13830894,-0.0111218775,-0.04493506,-0.30547693,-0.13270824,0.1411786,-0.08273263,-0.0066233114,-0.05937591,-0.17710876,0.04227474,-0.030515581,-0.30428395,-0.1941015,0.40660027,0.6150737,-0.74403185,-0.35184914,-1.0911222,-0.39986688,1.0587817,0.2617353,-0.902803,-0.8035514,-0.26585883,0.3577476,202.80855,9.1010065,-238.46056,157.67134,-200.30943,-200.07828,180.61816,17.541458,-37.389114,69.611404,-78.78577,29.056135
44,0.085192256,0.67242974,-0.6668477,-0.0010764679,0.05100335,-0.9986979,1.0,0.0,0.0,-0.10141259,-0.099715956,0.12057006,0.14176512,-0.6925909,-0.053689815,-0.18369618,0.10706841,-0.12878937,0.19075894,-0.16951549,0.0033697914,0.34775507,-0.04928395,-0.293566,-0.0086196065,-0.5531588,-0.48136097,0.36566368,-0.015832413,-0.15685908,0.005612245,-0.1105906,0.28031093,-0.5602136,0.62877744,1.6856802,0.12172343,0.023832485,-0.23442611,-0.44538695,0.90440243,0.9583702,0.14603177,0.24362062,0.5357099,202.49857,134.38882,-187.60048,-224.07556,-22.065075,-21.780346,210.05814,49.82109,18.65004,152.45944,20.962433,149.3288
45,-0.42822418,0.14677355,-0.0413736,0.013233378,0.05928961,-0.9981531,1.0,0.0,0.0,-0.07113707,-0.09064968,0.090010285,0.1306498,-0.71796674,-0.10744603,-0.14567387,0.11624728,-0.14515078,0.19619274,-0.12990499,0.098215975,-0.006417591,0.1248514,-0.049105328,-0.0670354,0.14765754,-0.19290291,0.021563105,0.12124907,0.008480021,0.0014033689,0.44844124,0.6051434,-0.67785543,-0.90948564,0.61717623,0.75372154,-0.113846675,0.5331352,-0.49861103,-0.9327191,-0.16221118,-1.0730335,0.22388141,-0.41930953,-187.61699,130.71805,266.97946,145.29047,207.305,24.803665,-200.03488,199.55608,199.25745,-137.0314,180.69528,27.913105
46,0.18477589,-0.103660166,0.69137424,0.014503079,0.06295781,-0.99791086,1.0,0.0,0.0,-0.11664797,-0.09507882,0.08694041,0.13136208,-0.62677604,-0.081396125,-0.18283881,0.11825106,-0.1379115,0.18481731,-0.043721616,0.15455538,-0.40906087,-0.14639747,0.012021839,0.05785487,0.6838306,0.39414516,-0.3427145,-0.060986187,0.03265847,-0.057342615,0.33736926,0.018818526,0.31328386,0.029447231,0.35253787,0.09532751,-1.3135626,0.0422699,0.23555337,0.10180245,-0.11498639,-0.81030816,-0.4835686,-0.9767711,-195.26643,-213.08061,165.97693,165.64998,93.6596,199.61415,-77.71236,251.52104,-112.889656,107.509186,-116.96392,-181.63145
47,-0.05794424,-0.21764071,0.31107417,0.008697711,0.061454166,-0.998072,1.0,0.0,0.0,-0.15109426,-0.10643013,0.11073172,0.12523544,-0.55453867,-0.043142993,-0.21357125,0.11908655,-0.12285507,0.17385471,-0.03643018,0.09649419,0.024107797,0.0071705543,0.19202112,-0.07304902,0.0973279,0.12813118,-0.005043076,0.03947046,0.097034834,-0.057621147,-0.18744539,-0.5385055,0.49591574,0.23036438,-0.48569253,-0.37640005,-1.11937,-0.8726666,1.0179473,0.01938089,0.044312846,-0.051524274,-0.04883004,0.09928825,200.242,210.09859,195.85974,13.803486,-199.85463,-16.739292,199.897,-90.86477,-109.974976,-215.74028,-200.01257,-200.10393
48,-0.034541685,-0.07777654,-0.5141047,0.002846494,0.06358649,-0.99797225,1.0,0.0,0.0,-0.102575295,-0.0931036,0.14394915,0.09613156,-0.59772927,-0.08205432,-0.17223501,0.117427826,-0.0965724,0.14572942,-0.04634726,0.051008046,0.4287451,0.110610664,0.14160733,-0.20725325,-0.47224054,-0.45892763,0.32472667,-0.02678304,0.12182523,-0.105472565,-0.044401165,-0.02234417,-0.26097852,-0.8873283,-0.35955396,0.096509025,-0.8806425,-0.068052806,-0.52820796,-0.49838406,-0.34070808,0.051342793,-0.046444304,0.55666834,204.11942,211.57402,-232.14713,-232.9997,-200.02129,-199.94682,67.11412,0.059906006,44.682255,274.45993,-6.9721146,107.09191
49,0.6073585,0.3562494,-0.0057307575,0.008379905,0.05060545,-0.9986836,1.0,0.0,0.0,-0.06360904,-0.102425076,0.14012176,0.08312237,-0.668894,-0.11181901,-0.1471785,0.08858158,-0.0972504,0.13676071,-0.047762394,0.102927275,0.007181669,-0.17314288,-0.12588431,0.037938487,-0.29283202,0.04679462,-0.0144250635,-0.24490407,-0.10089209,-0.011080368,0.002993561,0.4883843,-0.9222727,0.40759954,0.83170396,0.10122447,-0.48496777,0.3056675,-0.3575849,1.4224792,-0.21874502,0.117769174,-0.41430318,-0.1054206,-196.6028,-250.17546,38.227386,188.27785,34.72823,52.392704,-159.71246,-245.0286,-107.43164,75.83948,-0.88971555,169.91016
50,0.1121497,0.26013708,0.6034623,0.020958276,0.037006315,-0.9990953,1.0,0.0,0.0,-0.099723294,-0.1181353,0.12817591,0.083107114,-0.6664086,-0.045225598,-0.18604164,0.065512285,-0.1148929,0.14188337,-0.1013248,0.13192241,-0.3352003,0.0069734068,-0.013315543,-0.024765618,0.22245407,0.48862132,-0.259151,-0.014741822,-0.08084087,0.033748284,-0.42880732,-0.12930022,0.558607,-0.3894823,0.9319479,-0.352233,-0.067453936,-0.6838896,0.54139704,0.25163743,0.9261037,0.20620868,0.07119145,-0.32231227,-199.67657,210.15685,193.90254,44.06723,76.37835,15.02109,22.140396,215.68353,-92.639,-114.930786,-30.67244,-199.66063
51,-0.026173241,-0.23681574,0.08656387,0.020861628,0.035238706,-0.9991611,1.0,0.0,0.0,-0.12182937,-0.118128784,0.1593293,0.050694466,-0.5625325,-0.009605092,-0.20233762,0.06904532,-0.10889727,0.14898562,-0.12446803,0.049296465,0.07219033,-0.004457153,0.29510188,-0.27678895,0.6914137,-0.075810134,0.06524264,0.041511267,0.1215212,0.03438309,0.14054942,-0.5333511,0.67774963,-0.13895865,-0.2917296,-0.21933064,-0.012430444,-0.53118265,0.83915997,0.27596405,-0.4686196,-0.15761182,0.08746683,0.3138751,201.33505,-184.84927,183.33481,-231.43463,18.84237,-199.67094,200.58327,206.80927,204.24582,44.591156,200.08723,15.70803
52,-0.12818438,0.22806662,-0.46683043,0.02123607,0.039536215,-0.99899244,1.0,0.0,0.0,-0.08246934,-0.10322776,0.17531723,0.023867488,-0.4300558,-0.061318632,-0.14574973,0.087480456,-0.09870124,0.1403228,-0.07471323,0.006094068,0.29337582,0.12523784,-0.07253691,-0.030213475,0.61396635,-0.3952193,0.46126604,0.120826006,-0.009988351,-0.10785549,0.24232402,0.043411788,-0.5634077,0.072995454,0.624752,0.6508821,0.055556282,0.22434631,-0.46895093,-0.41937092,-0.3347348,-0.40367943,-0.64410734,0.31542632,107.680725,168.306,-210.92747,111.38771,-43.14122,-110.60085,195.37856,186.3042,-246.50006,-239.83852,-27.031065,199.75027
53,-0.018427737,0.20851065,0.40172648,0.029776346,0.042337585,-0.9986595,1.0,0.0,0.0,-0.06262899,-0.08116546,0.16287923,0.031620264,-0.3100279,-0.07848677,-0.091620356,0.10139933,-0.10435605,0.10711396,-0.08834684,0.064627185,-0.066213064,0.10273005,-0.050266195,0.08734008,0.5383577,0.16876683,0.114808284,0.029063469,-0.0413734,-0.21415229,-0.32228523,0.3649349,0.1875726,-0.43458334,1.0263581,-0.18938076,-0.39168575,0.29149804,-0.97211546,-0.11113312,0.7871746,0.75473595,0.016938915,0.20803016,-199.9824,162.75024,192.71068,177.49654,-50.089397,200.25302,-203.11678,-233.2995,-199.9794,-221.83626,-200.10194,-22.106426
54,0.42875946,-0.41323167,0.3946065,0.02510698,0.03280921,-0.9991462,1.0,0.0,0.0,-0.037274614,-0.08107706,0.19147623,0.023778558,-0.26659065,-9.595912e-05,-0.10730616,0.086143784,-0.09143132,0.08176422,-0.09237957,0.10340437,0.25961277,-0.07784613,0.30191082,-0.14336194,-0.045526356,0.4302864,-0.2363169,-0.1608796,0.14540039,-0.060469635,0.13842604,0.15079439,0.74030423,-0.4392378,-0.9454955,-0.29874521,-0.8129231,-0.21199605,0.6515757,0.43259498,0.23268,0.70067376,0.237577,0.039937638,94.994995,-125.054245,212.94249,-213.86984,-199.68674,-35.513443,-203.61868,-189.8032,141.77225,173.09676,29.586645,-9.937995
55,0.3562997,-0.39028153,-0.4688435,0.008834243,0.01720581,-0.99981296,1.0,0.0,0.0,0.054079805,-0.094882496,0.25044632,-0.01637125,-0.33783478,0.023745982,-0.11563225,0.060871065,-0.06102085,0.08150244,-0.023738623,0.095174655,0.6157939,-0.059551246,0.2882311,-0.24746564,-0.60076,-0.13556199,0.121706866,-0.098172165,0.16285695,0.04502083,0.37829235,-0.081249334,-0.89656025,0.99284226,-0.13217644,-0.48097044,-0.46587062,-0.07430421,0.8093552,1.1654254,-0.69997954,0.13707724,-0.65333414,0.13872841,185.2176,-94.50928,-144.94739,-194.0037,-157.82199,-198.60744,202.01562,206.07405,211.64986,184.8975,-22.379585,5.3552403
56,-0.27711895,0.06939183,-0.28738686,0.003876499,0.016629824,-0.9998542,1.0,0.0,0.0,0.13992156,-0.08430537,0.28296006,-0.05923438,-0.3945076,0.003941728,-0.05145119,0.06579334,-0.052620888,0.097949624,-0.011008084,0.10261508,0.28945407,0.14024685,0.046829417,-0.09797469,-0.09402462,-0.07238143,0.47989222,0.12983842,-0.04668643,0.09810658,-0.19324134,0.05252833,-1.1824639,-0.543396,0.40649167,0.413526,0.6027857,0.5647955,-0.3307765,-0.62247044,-0.3040892,-0.420318,-0.61339843,0.29077253,-157.5605,79.84835,41.86905,294.20883,51.14657,-8.344025,197.42389,215.78929,-249.21155,-94.97949,-200.90521,-2.8667815
57,0.3305307,0.1143656,0.42380372,0.0074686967,0.014332645,-0.99986947,1.0,0.0,0.0,0.14999162,-0.08718819,0.28886265,-0.060272574,-0.35259467,0.05509149,0.0026674946,0.06681903,-0.06565255,0.10388768,-0.10990256,0.14379591,-0.14340468,-0.14048052,0.026184067,0.057124943,0.46365172,0.51940554,0.09831414,-0.096341595,-0.07877592,-0.026053125,-0.6901761,0.21687992,0.47334036,0.2589614,0.64527833,-0.13405122,0.4590714,0.020550095,-0.7824158,0.5741258,0.21652913,-0.31892782,-0.43814915,-0.0006689802,-198.47594,-200.83829,177.98988,177.43633,200.03036,199.92027,-200.89821,-219.95361,-184.56696,-211.84058,-47.170277,-19.894611
58,-0.050930806,-0.4232173,0.5268807,0.0005853944,0.009681449,-0.99995303,1.0,0.0,0.0,0.16669923,-0.08562672,0.325001,-0.071576476,-0.20108181,0.096965075,-0.021279236,0.07171595,-0.04679036,0.07444048,-0.2005853,0.12992458,0.27133915,0.13326512,0.3032732,-0.12163625,0.9303945,-0.039064184,-0.28433788,0.09867107,0.22605084,-0.20275466,-0.33738753,-0.22715,0.21773753,0.4809554,-0.73778135,-0.22879045,0.2356268,-0.27345228,0.8988783,0.18225515,0.57219994,0.16055745,0.3898573,0.24434873,185.53078,293.88855,153.45056,-12.605162,6.9771843,-154.03172,-148.54393,-476.08282,432.2995,481.67813,111.87694,-154.3615
59,-0.5791993,-0.65026194,0.27665108,-0.021210266,0.023991663,-0.99948716,1.0,0.0,0.0,0.19156097,-0.043769468,0.3681019,-0.075870395,-0.10398102,0.046185184,-0.02960656,0.097421266,-0.004520774,0.061242342,-0.20522279,0.13014212,0.07017539,0.27218682,0.14583349,0.07445582,0.3265222,-0.3823182,0.14128642,0.16906004,0.20633188,0.0068377997,0.21862654,0.14617738,-0.55023396,-1.1952568,-0.75145566,0.89657336,-0.8359604,1.174586,-0.117299005,-0.63767886,-0.43269053,0.08492429,-0.04619909,0.08169227,-32.694176,66.98741,-250.14655,111.20868,-8.743835,-49.315536,193.94197,-6.8613796,39.276245,161.4455,185.90765,28.637129
60,-0.07876882,-0.06654358,0.5919349,-0.033816487,0.036621638,-0.9987569,1.0,0.0,0.0,0.15705894,-0.024265263,0.3648047,-0.028244138,-0.10204023,0.03325255,-0.03473682,0.111763485,0.009936333,0.06877029,-0.16504133,0.12483929,-0.36500642,-0.04743271,-0.1488661,0.37154886,-0.24948512,0.19496776,-0.097485594,-0.014359987,-0.036125,0.05243175,0.1781805,-0.059614398,0.84326977,-1.0217105,-0.21648018,-1.0193028,-1.1838609,-0.0810005,-0.37808317,0.28495923,-0.3345224,-1.4106784,-0.010883162,-0.11345296,-196.56723,-207.09596,-192.48122,182.42809,-199.66536,199.75125,-32.143227,-202.63545,-194.64375,-50.54453,-20.719221,-1.2257766
61,-0.0595065,0.5926709,0.48897257,-0.021145388,0.040062185,-0.9989735,1.0,0.0,0.0,0.1136311,-0.036896188,0.31572896,0.033210397,-0.21438974,0.022765744,-0.08955818,0.119221665,-0.013299346,0.06423843,-0.12677318,0.07419017,-0.0924736,-0.07834408,-0.32625434,0.25462207,-0.81746596,-0.1413254,-0.37406114,0.08035659,-0.18238841,-0.08577017,0.17452948,-0.2784375,0.5262227,0.19882654,0.056299258,-0.29508474,-1.036069,-0.48690972,0.6248105,0.44585195,1.2224382,-0.21038726,0.83310103,0.32237363,199.05905,-194.91231,-218.1712,-232.74057,-200.24849,-8.156061,-46.311436,270.77148,-171.4962,-207.2428,-20.516668,27.742908
62,-0.5890281,0.36643133,-0.042155635,-0.0013655407,0.054085016,-0.9985354,1.0,0.0,0.0,0.1428515,-0.021186782,0.26128685,0.060194135,-0.4079197,-0.064906895,-0.11812634,0.15188849,-0.03342408,0.03273666,-0.026257217,0.07117571,0.3427931,0.20165074,-0.2253568,0.034388896,-0.92425555,-0.5955083,0.07308205,0.19873892,-0.08356854,-0.12442302,0.78575104,0.13002014,-0.32244045,-0.8020238,0.70512956,-0.12534092,-0.77419055,0.10561437,0.4817968,-1.1411092,1.0161805,-0.15338156,0.39650983,0.47605196,218.56287,102.68162,-139.7925,-254.58922,81.34051,-6.1341257,210.27127,-90.08026,-51.491592,109.556366,217.80568,101.39945
63,-0.029190484,-0.15831938,-0.14020124,0.0010056788,0.06567062,-0.99784076,1.0,0.0,0.0,0.17020686,-0.0114222355,0.25023943,0.037691355,-0.53094727,-0.12050593,-0.07601932,0.15907705,-0.039384246,0.029003024,0.06429529,0.13131592,-0.03702853,-0.07300838,0.07486593,-0.20900016,-0.39283675,-0.017550005,0.33739358,-0.10174576,-0.0074331835,0.056783594,0.2806931,0.41214886,-0.39180678,-0.4202017,0.27510598,0.3092314,-0.44762778,0.91364884,-0.48413843,-0.20676821,0.04363599,-0.28646666,-0.4199863,-0.5685256,-202.31396,-189.07143,199.03658,-69.06754,108.82628,200.34395,185.7773,-201.6348,44.921265,171.15222,-42.145706,46.736603
64,0.60840005,-0.17149128,0.26930448,-0.0057813106,0.052789345,-0.9985889,1.0,0.0,0.0,0.11592933,-0.05825301,0.25739962,0.018675685,-0.54768664,-0.059900284,-0.050927438,0.12333543,-0.025410116,0.021891117,0.046925366,0.15347724,-0.46462613,-0.36651617,-0.0020614886,-0.0075895297,0.115587406,0.56525624,-0.04676878,-0.25147027,0.11641463,-0.11033942,-0.37201008,-0.13974993,0.1959253,0.57488585,-0.39366177,0.38264424,-0.6029851,-0.24860016,-0.30480176,1.0924001,-0.7478362,-0.6802047,-0.3757477,0.084617816,-192.48662,-200.31454,-123.55181,113.800575,57.465385,200.09587,-186.06956,-118.27353,-10.859032,-195.26999,-212.31186,-194.56528
65,0.2104137,0.38158423,0.23991007,8.403757e-05,0.037253764,-0.99930584,1.0,0.0,0.0,0.064742565,-0.106255434,0.22188228,0.042620897,-0.5555739,-0.01070078,-0.09216009,0.09665562,-0.016965866,-0.009401798,-0.05077851,0.13349353,-0.0836136,-0.13607992,-0.31416187,0.22424774,-0.065632544,-0.015510793,-0.27562118,-0.05090159,-0.019512324,-0.143432,-0.4303692,-0.110230766,0.3411012,0.7475137,0.6894176,-0.19912367,-0.8079652,-0.55600035,0.50513405,-0.013641141,0.79553044,0.2888865,0.47616112,0.26967484,200.67311,212.81752,-230.54227,162.98254,-0.9117852,-199.70699,3.9079628,-23.713303,317.144,436.22278,98.4557,-34.10324
66,-0.0026316778,-0.2355791,-0.17796792,0.0017539655,0.03326053,-0.9994452,1.0,0.0,0.0,0.09597146,-0.11439295,0.19806188,0.059019208,-0.60836357,-0.07789087,-0.10459639,0.08394636,-0.0055544972,-0.019804835,-0.07321125,0.1555532,0.3190269,0.0377289,0.036684576,-0.032876253,-0.29411831,-0.5956136,0.11324699,-0.06957846,0.11733116,0.014579226,0.1394294,0.1658438,-0.26377714,-0.2899312,0.4884622,-0.3453489,-1.1947076,-0.08420696,0.38036,-0.020769857,-0.21613461,-0.25438192,0.24365799,0.19408947,64.95544,198.76553,196.20776,-218.28351,24.956257,-186.06534,200.24408,-83.21404,153.56256,181.62532,195.41632,-11.3296585
67,0.24877991,-0.16524088,0.06630805,-0.0063394615,0.026714398,-0.99962294,1.0,0.0,0.0,0.118362695,-0.12786515,0.22096682,0.022819996,-0.7160378,-0.13298534,-0.044464428,0.05870817,0.011698544,-0.030129433,-0.0045880675,0.16868679,-0.05737696,-0.13570054,0.17155036,-0.30383947,-0.4468433,-0.012872598,0.46191102,-0.15943742,0.06847465,-0.11549044,0.36728832,0.04087518,-0.5716994,0.06586823,-0.40751263,0.1709934,-0.8928068,0.5501716,-0.16897188,0.88512236,-0.56586695,-0.18456328,-0.50057894,-0.06702299,-201.06194,-126.64713,193.22952,-226.34782,392.39294,198.60173,208.44795,87.73772,-121.05534,-178.39977,-31.341953,-8.757883
68,-0.20797117,0.3526444,0.57444614,-0.001166292,0.026835619,-0.99963915,1.0,0.0,0.0,0.06363334,-0.13889225,0.21784937,-0.011544943,-0.73687106,-0.07298793,0.0039036768,0.051801633,0.006017387,-0.05431819,0.0064392686,0.12684642,-0.45221576,0.014628517,-0.16580139,-0.062400408,0.03775778,0.553371,0.06238261,0.062005963,-0.11474504,-0.119373225,-0.20060162,-0.28385362,0.39168176,-0.1558627,0.31980821,0.30181915,-0.882096,-0.42884898,-0.7661555,0.006071985,0.76788825,0.7999784,-0.27006388,0.20447394,-208.47002,261.9497,-189.15108,189.75313,51.00856,198.8351,-202.43634,165.29807,-199.80914,-103.79097,-199.8881,16.979408
69,0.03321557,-0.24156003,0.5802967,0.00057493063,0.029061958,-0.9995774,1.0,0.0,0.0,0.016907565,-0.13976969,0.20839167,-0.0077693462,-0.72422355,-0.025475714,-0.023652803,0.0537217,0.002652347,-0.06180775,-0.057893753,0.124037705,-0.05351038,-0.013574517,0.0483656,0.084810875,0.06574954,-0.020536656,-0.30181235,-0.019407282,0.059436023,0.038669474,-0.31219018,0.10070703,0.6617918,-0.53458494,0.27232346,-0.017292276,-1.3571024,-0.45235577,0.32796758,-0.48514047,0.32322562,-0.13783965,0.0010614302,0.3363786,200.13455,-11.914251,174.31706,185.02853,-4.4355316,-200.0318,-198.54472,-120.52541,203.91995,204.89575,27.825346,17.2535
70,0.5910823,-0.46352735,-0.16396463,-0.014493831,0.015517403,-0.9997746,1.0,0.0,0.0,0.047420386,-0.16262192,0.23084104,-0.00034677982,-0.71352273,-0.089224264,-0.0423047,0.02702169,0.031423688,-0.06581509,-0.06406623,0.17197792,0.3181654,-0.19707136,0.14018089,0.020635225,0.04480097,-0.49754444,0.071225725,-0.2130727,0.19883367,-0.05658496,0.08678886,0.24957602,-0.1444242,0.7366434,-1.071229,-1.0305821,-1.2359514,-0.18411617,0.9797613,1.1912149,-0.85529476,-0.22161505,-0.23222579,0.024005257,187.51054,-160.37537,-44.54524,-53.320053,0.8217468,-30.924404,183.79114,45.55728,130.23883,18.537216,16.376476,-18.491577
71,0.056716,0.106078364,-0.21003479,-0.02038803,0.0034209143,-0.99978626,1.0,0.0,0.0,0.0701038,-0.1836901,0.23590147,-0.013404369,-0.7063661,-0.13375369,0.008373543,0.00930009,0.054328084,-0.07828045,-0.08821374,0.16284126,-0.056156833,-0.030454407,-0.07222856,-0.13556628,0.024436915,-0.08772518,0.40081063,0.013073273,0.045457337,-0.061972227,-0.18254255,-0.19266723,-0.8258992,-0.090444714,0.42740637,-0.0051273853,-0.6807064,0.23865077,-0.550777,0.31321794,0.5638582,0.31749368,-0.22488537,0.10030121,-202.02588,213.34204,-198.78482,-216.03761,-8.22406,37.824493,169.84644,355.4881,125.05672,198.86098,46.43776,-24.406569
72,-0.32309884,-0.52683324,0.3387461,-0.030166626,0.010338061,-0.99949145,1.0,0.0,0.0,0.023045685,-0.17410478,0.24072957,-0.030602813,-0.7003259,-0.08975761,0.043446485,0.03235365,0.077801466,-0.071095824,-0.122579575,0.14338306,-0.38729104,0.090237215,0.1068797,-0.055880357,0.02809734,0.43239936,-0.015977979,0.19607139,0.17941935,0.10570862,-0.15405808,-0.06946172,0.6259975,0.065375,0.007852513,0.22400321,-0.8787717,-0.23466453,-0.41280448,0.24584216,-1.056562,0.3165431,-0.37861803,0.112800814,-203.72827,13.368988,240.19073,134.02945,-0.2923727,71.591644,-201.33844,224.18619,192.88194,174.89813,18.662962,15.617986
73,-0.5492744,8.332544e-05,0.30231997,-0.039525453,0.030456781,-0.9987544,1.0,0.0,0.0,-0.014584076,-0.13635698,0.23437911,-0.010711074,-0.69860655,-0.06710295,0.001194847,0.08388349,0.08152568,-0.01895845,-0.18075371,0.13462618,-0.028684262,0.24268988,-0.15042844,0.22525911,-0.0017835479,-0.14734083,-0.3687132,0.27517822,-0.10442855,0.3794328,-0.28963393,-0.034530137,0.73314387,-1.3972822,-0.32349792,-0.9197807,-0.4614951,-0.25815824,0.13531756,-1.4837638,-0.118313566,-1.0832897,0.1527109,0.11462468,198.00238,83.10074,-200.95384,159.19974,-7.879013,-199.67365,-190.21266,-52.757317,-83.049545,183.32347,25.910952,6.882756
74,-0.043370754,0.5013442,-0.26746312,-0.027619835,0.041271217,-0.99876606,1.0,0.0,0.0,0.016629675,-0.107770026,0.18589765,0.021761417,-0.65349334,-0.11167471,-0.025404429,0.1164381,0.04777038,0.03641653,-0.17401725,0.13012156,0.31159493,0.054394957,-0.30609092,0.109666705,0.28018016,-0.21288352,0.05743883,0.07050415,-0.2055885,0.18528993,0.29685625,-0.01838628,-0.32385364,-0.32055265,0.9665994,-0.92129296,-0.38456213,-0.20124385,0.8078536,0.2572464,0.13039404,-1.2344741,0.05183819,0.0149743855,209.47218,-269.0221,-230.40161,-236.78636,-17.85033,14.291559,201.3706,-192.01155,-42.019554,-217.18846,200.13518,-3.9630442
75,0.010685753,0.024714738,-0.28734693,-0.018769588,0.041885994,-0.9989461,1.0,0.0,0.0,0.03901101,-0.10854854,0.15442193,0.012432933,-0.5887162,-0.13627481,0.021792006,0.13292308,0.036334813,0.043975472,-0.11789727,0.10477745,-0.051384218,-0.047629427,-0.036708098,-0.17322354,0.2988398,-0.096489795,0.38336977,0.08491334,0.05614921,-0.08069994,0.25063273,-0.1311749,-0.48348838,0.11515142,1.195774,0.18542217,-0.3161217,0.0047646016,-0.7123252,-0.17518172,0.0022851191,-0.10901942,0.037916593,0.20389438,-202.04193,-183.33012,205.8257,-216.15802,-24.580873,11.080065,196.52925,129.1354,104.82376,-230.25389,-24.269438,10.1827545
76,0.058309823,-0.046831332,0.51960146,-0.019164683,0.040417384,-0.9989991,1.0,0.0,0.0,-0.012424808,-0.11425647,0.15144157,-0.010513067,-0.52253515,-0.113169745,0.057441413,0.14180312,0.04718852,0.020835996,-0.077546716,0.119910814,-0.4270176,-0.010503257,0.0011178044,-0.06593806,0.30326834,0.16704576,0.008898477,0.014354996,0.046549942,-0.12729426,0.17373165,0.122563496,0.37778226,0.19753501,-0.5020804,0.11957471,-0.9475932,0.08133767,-0.378977,-0.16816917,-0.9913634,0.59862536,-0.5839915,0.19378018,-200.2154,207.65662,197.41273,185.1292,-26.5838,-3.2992747,-200.01083,-204.24968,-153.78563,-93.55841,-21.41474,-7.262446
77,0.06794886,0.4882209,0.5428784,-0.008528378,0.03819403,-0.99923396,1.0,0.0,0.0,-0.058733795,-0.108652435,0.12293291,0.004016876,-0.5244091,-0.06697675,0.023777973,0.13876697,0.026885808,0.025091767,-0.106098056,0.13896343,-0.07357835,0.0615134,-0.24897018,0.15382628,-0.26556334,0.2180755,-0.31215248,-0.036319606,-0.22297803,0.13982648,-0.4015812,0.08153229,0.87261885,-0.5983334,1.211662,-0.7353577,-0.92096066,-0.3846169,-0.04026504,-0.07743352,1.2828416,0.6798188,-0.3814814,-0.13828945,201.13087,212.6665,-206.8337,6.557373,-199.84468,-19.106102,-199.48987,-162.28137,-210.86908,176.66357,-200.16315,-8.042061
78,0.45658147,-0.07356201,0.08508697,-0.0010388617,0.026559131,-0.99964666,1.0,0.0,0.0,-0.028186131,-0.11588318,0.10840678,0.00895524,-0.6137876,-0.0856231,-0.006697718,0.11231866,0.00044345856,0.06353474,-0.17612576,0.09926813,0.33643565,-0.111486934,0.07356372,-0.07973899,-0.45396444,-0.34298342,-0.076362275,-0.20493196,-0.053941388,0.23528719,-0.30709666,-0.33216417,-0.012276137,-0.013348784,0.092699066,-0.93662983,-0.042754367,-0.653705,1.03919,0.71792024,-0.2229703,-0.46964693,0.057693057,0.19570014,196.72559,-200.42867,239.42044,-197.36513,42.707355,-179.24255,49.34339,-121.14099,191.78227,173.31825,34.8525,-8.657064
79,-0.10127867,0.22837758,0.23131926,0.004867894,0.020451736,-0.99977905,1.0,0.0,0.0,0.000440699,-0.11373923,0.109239876,-0.013197541,-0.6416314,-0.20163934,0.020814396,0.09159018,-0.027997673,0.09551883,-0.17310542,0.092456944,0.034349855,0.100153826,-0.062376004,0.009268171,0.10352552,-0.6116065,0.30567485,-0.02045537,-0.18088777,0.09406813,0.26488948,0.13203925,-0.917259,0.7288922,0.6894,-0.35163826,0.23961131,0.40859166,0.059746787,0.91996574,-0.39764133,0.37766486,-0.8201922,0.69638485,-84.74419,33.607563,84.771576,504.007,163.6911,35.667088,196.03073,159.12302,-122.91877,-212.49876,142.37312,31.35604
80,-0.8134284,0.088617146,1.0598401,0.01140029,0.04000281,-0.99913454,1.0,0.0,0.0,-0.026662285,-0.07862168,0.096250236,0.002523899,-0.5776561,-0.26301602,0.045538086,0.11533451,-0.07854533,0.13980484,-0.18307126,0.18072024,-0.27261138,0.23360293,-0.058789738,0.085018225,0.49640474,-0.07803144,0.037582483,0.23023291,-0.3130078,0.30184337,-0.30725363,0.67625296,0.7022492,-1.8477039,0.8071596,0.38574153,-0.19458516,0.1611081,-0.47251666,-1.0555353,1.2917525,-0.5080634,-0.5960269,-0.28673512,-138.535,-209.74924,-107.253525,-65.01486,136.19,165.11311,-44.446068,182.24564,-258.01517,4.9130936,-201.3172,118.72549
81,-0.2102989,-0.40812707,1.1057032,0.0062731686,0.058812246,-0.9982493,1.0,0.0,0.0,-0.03937018,-0.059307266,0.10158515,0.03535378,-0.48290282,-0.21335523,0.011063167,0.14033239,-0.10309845,0.17413771,-0.27745527,0.2526215,0.10521423,-0.0124987345,0.099704616,0.22320743,0.4252451,0.48993826,-0.3442808,0.03831662,0.033679735,0.06883624,-0.46966153,0.10067435,0.7787163,-0.9724336,-1.0041543,-0.6277991,-1.0850637,-0.51678944,0.2283362,-0.22056541,0.6311896,-1.4230355,0.3233933,-0.35027525,198.12607,-159.98375,207.10284,179.89433,-39.981182,96.8122,-199.07018,-207.85455,214.15565,-211.0954,42.2176,-200.2871
82,0.3125145,-0.32533175,0.31349793,-0.00665189,0.055700622,-0.99842525,1.0,0.0,0.0,0.02312391,-0.081433095,0.11820179,0.06683278,-0.46042472,-0.17793505,-0.015852215,0.12186197,-0.08029789,0.15833771,-0.3085851,0.21087079,0.48030224,-0.19087099,0.07395948,0.10550418,-0.14314115,-0.07891899,0.038275346,-0.19683336,0.17950481,-0.20136617,0.10122826,-0.46203214,-0.50731885,-0.037282612,-0.41185752,-0.892075,-1.0805396,-0.52302825,1.0840017,0.2550042,-0.6130326,-0.48862723,-0.14719366,-0.1181993,190.01747,-149.60474,-90.8084,-170.91833,-197.31253,-199.0537,204.89287,-182.80907,215.7984,-215.4705,200.48808,-199.84158
83,-0.20776393,0.25547072,0.2840862,-0.0057652663,0.055247623,-0.998456,1.0,0.0,0.0,0.07754929,-0.096272,0.114251316,0.07045674,-0.55137867,-0.2448611,0.03333094,0.104678035,-0.06793946,0.10509002,-0.27019006,0.128059,0.10503661,0.0038723943,-0.10004538,-0.053852387,-0.69271,-0.4079208,0.3923171,0.01573375,-0.03593406,-0.25751486,0.21238469,-0.37042445,-0.8495966,0.82546824,-0.026539009,0.1830592,-0.9717578,0.10458258,-0.19202138,0.8655182,0.31632552,0.2981991,-0.6159098,0.40884334,-198.67133,98.157745,-198.5752,-219.45297,-125.35905,27.807724,153.22356,928.01855,264.69556,877.59863,86.47949,38.17397
84,-0.6128268,-0.08461162,0.5354907,-0.0021352342,0.07205173,-0.9973986,1.0,0.0,0.0,0.057918817,-0.077824295,0.0900594,0.07997656,-0.65933746,-0.26390684,0.06454724,0.13014959,-0.074839115,0.107868075,-0.28336722,0.099307716,-0.26819146,0.17246506,-0.119607344,0.10384088,-0.46222788,0.16060695,-0.009775645,0.19463468,-0.021281645,0.16553791,-0.31553575,0.0418659,0.08714372,-1.2785977,0.92081064,0.8952518,-0.40298563,0.5286914,-0.6737734,-1.6384273,0.5653176,-0.35988384,-0.12557416,0.010825433,-202.12953,216.47133,-29.772543,60.28274,47.492626,200.47914,-183.67883,-55.201263,162.91673,326.59268,-193.97684,144.73538
85,0.05730871,-0.6556697,0.59166133,-0.01615236,0.081784144,-0.9965192,1.0,0.0,0.0,0.042394497,-0.071378954,0.08785921,0.115125895,-0.68841714,-0.16590959,0.02110326,0.1482823,-0.05679792,0.1319995,-0.29252106,0.07943101,0.03001563,-0.08215111,0.076525316,0.23299217,0.11360949,0.7586054,-0.38346455,-0.007713484,0.18057568,0.08196006,0.16132653,-0.116041206,0.66111684,-0.45606655,-0.6943611,-0.5952631,0.020374522,-0.14826742,0.6269264,0.41271862,-0.78289104,-1.8450565,-0.107188754,-0.1112657,60.053154,-193.74518,208.14392,180.86191,200.40337,200.26317,-229.09673,-226.38638,-112.997894,-163.95999,118.20189,7.8298664
86,0.0058901664,-0.050277796,0.018914236,-0.028146096,0.08089141,-0.9963254,1.0,0.0,0.0,0.0888698,-0.09222495,0.082895994,0.14699042,-0.6015647,-0.076479554,-0.01216978,0.15345964,-0.04164225,0.14293551,-0.24550444,0.033404037,0.39528763,-0.12538727,-0.106845275,0.09988635,0.6969394,0.19278201,0.017495755,0.047920026,-0.007015875,0.04887776,0.22969873,-0.23274218,-0.87131435,-0.027323838,0.090819046,-0.94111335,-0.80920947,-0.81607044,0.6882536,-0.043912187,-0.8601866,-1.3916693,-0.7608757,0.14051405,195.7059,-220.85683,-160.45125,-207.27605,201.17145,-199.9423,220.59378,151.11723,8.903137,40.035538,-17.005512,18.176998
87,-0.007591795,0.07826539,0.16723801,-0.02752879,0.08096204,-0.99633706,1.0,0.0,0.0,0.12869634,-0.1102306,0.07323283,0.13982248,-0.52661484,-0.10379042,0.027578788,0.15723336,-0.05007845,0.16068912,-0.24649853,0.038615815,0.035987746,-0.058523517,-0.017262077,-0.14082094,0.11188822,-0.40631285,0.35875738,-0.0082820505,-0.08630343,0.08892318,-0.22253446,0.1419742,-0.978758,0.47939226,0.9712575,0.32647234,-1.4214147,-0.40869048,-0.25337532,-0.4358333,0.4523935,-1.2446811,-0.40282583,0.24556148,-201.7018,202.24567,76.54968,-213.40546,-199.42174,-199.892,199.14539,-202.4245,-199.2504,-214.90663,-199.85204,10.058778
88,0.18029147,-0.5297119,0.6504986,-0.036066037,0.077783756,-0.99631774,1.0,0.0,0.0,0.09627317,-0.118213795,0.09145039,0.122341156,-0.5685205,-0.18046267,0.05036255,0.14911677,-0.036214948,0.17148566,-0.2851699,0.08514849,-0.322791,-0.029181182,0.18167104,-0.04443159,-0.47246557,-0.34153852,-0.08698082,-0.062656336,0.18032913,0.05172902,-0.1752273,0.22038817,0.19612914,-0.17336495,-1.0300329,0.33133423,-0.7367209,0.15003437,-0.38833052,0.139193,-0.69883394,-0.6597556,0.08056813,-0.20432654,-197.86699,170.70215,189.19957,177.12663,-200.0384,38.605244,-221.97484,-98.479515,53.250473,-19.451553,10.382075,-19.664164
89,0.20348497,-0.0011725352,0.6723987,-0.04363188,0.07105862,-0.9965174,1.0,0.0,0.0,0.06885383,-0.128245,0.097625375,0.13947368,-0.61872596,-0.18361275,-0.0014752672,0.13996384,-0.021045089,0.17622805,-0.25713736,0.062159896,0.014119732,-0.058904767,-0.087383725,0.1862975,-0.17466004,0.25024372,-0.39460102,-0.036849555,-0.012340338,0.00043672696,0.39544436,-0.35434544,0.2771749,0.028007466,0.096965596,-1.0950706,-0.011138514,0.2776152,0.68740934,0.42262885,-0.5638455,-0.52898526,-0.17610702,-0.074463114,199.39145,-8.0830965,-195.9338,125.34744,20.20261,200.07933,-186.96187,-61.233063,-280.61478,-150.56528,185.07857,-98.55684
90,-0.3104228,0.17587753,0.4788893,-0.038631547,0.07567829,-0.99638367,1.0,0.0,0.0,0.1071527,-0.11557571,0.08886254,0.15121174,-0.5907356,-0.087224916,-0.03624534,0.15418953,-0.031136513,0.185081,-0.21805972,0.020069184,0.25124773,0.14878564,-0.02861919,-0.043391924,0.39746815,0.5307041,-0.0034600105,0.15960589,-0.08621182,0.06497791,0.101605974,-0.15827112,-0.45633003,-0.18008871,0.5959272,-0.5915237,-0.82458454,-0.71573865,0.85988665,-0.28409216,0.46631703,-0.3974023,-0.43641114,0.6071697,-7.346647,78.56278,5.300934,-239.73752,199.23349,-34.05952,215.61316,207.20607,59.131805,64.87857,-21.668568,22.481281
91,0.21031542,-0.38494208,0.31853193,-0.042022802,0.07681852,-0.9961592,1.0,0.0,0.0,0.11920622,-0.10858897,0.11480659,0.1162982,-0.57563895,-0.044292264,-0.0067543066,0.16196024,-0.021588027,0.1919092,-0.24695605,0.047194228,-0.090186924,-0.042641606,0.26138172,-0.22354248,-0.17441182,-0.015882527,0.26256952,-0.04206152,0.14831302,0.04348478,-0.25192115,0.36613458,-0.20688999,-1.2564613,-0.51572615,0.5706085,-1.0724818,-0.3378941,-0.06947036,-0.8324757,-0.23546854,-0.29828465,-0.19653,0.122781895,-224.42644,-35.0036,709.66266,878.88965,-139.53119,-78.99518,169.07166,24.043915,180.55258,96.26645,-7.5428143,181.67804
92,0.80734384,0.14332515,0.65623206,-0.044312235,0.056289956,-0.99743056,1.0,0.0,0.0,0.06020093,-0.14231467,0.13861364,0.12303531,-0.6551115,-0.088844866,0.0043285205,0.13392797,-0.011350632,0.19501173,-0.24766463,0.076109625,-0.38952458,-0.27836213,-0.009372448,0.19431137,-0.5619945,-0.33740863,-0.06931871,-0.22910634,-0.023308722,0.0045985165,0.085657805,0.06976976,0.21902506,1.4233617,-0.41469738,-1.3376795,0.27282548,0.021686196,0.095879614,1.5903319,-0.7429295,-0.19286662,-0.17555182,-0.03646422,17.97918,-217.2308,-208.7479,206.41826,-50.452995,-20.33448,-79.00214,-95.78158,-80.24831,-22.272614,10.9669075,-13.62752
93,0.2725738,0.7005141,0.3044305,-0.025622495,0.036458656,-0.9990066,1.0,0.0,0.0,0.025633588,-0.17390388,0.118542194,0.14851272,-0.70308644,-0.096243694,0.018904503,0.11476963,-0.03451097,0.19504118,-0.22643822,0.053124756,-0.0044875694,-0.056383144,-0.16968589,0.07483151,0.020535043,0.14499137,0.12874053,-0.007129582,-0.18927187,0.004298028,0.1009609,-0.156091,0.6234906,0.33546197,1.1956935,-1.1363959,0.7594292,-0.5481907,0.4009567,-0.11975395,1.499193,0.16051859,0.9901521,0.3048793,199.34822,204.69661,-200.14139,-215.34424,200.23671,49.007206,9.502214,36.366653,-21.669449,32.45688,-8.445522,0.84981537
94,0.23933248,0.05404776,-0.098603845,-0.011278579,0.026053697,-0.99959683,1.0,0.0,0.0,0.07156263,-0.17213576,0.11355877,0.1513437,-0.6452002,-0.1261038,0.082229465,0.10707169,-0.0495463,0.19115627,-0.14487845,0.081781015,0.40504447,0.07315891,0.046689697,0.036807723,0.46781635,-0.36201113,0.4304133,-0.065341756,0.044718977,-0.05617846,0.6632163,0.30969664,-0.04704263,0.463339,0.6981982,-0.5188855,1.2206854,-0.109315485,-0.36984128,0.36790147,0.3827216,0.707804,1.0943944,0.69128436,215.6522,299.54437,-157.17374,35.422394,131.57294,-155.19223,41.2345,-190.44757,220.39449,-2.1656508,200.50323,17.471628
95,-0.22240998,-0.67752624,0.5772377,-0.025157586,0.027225815,-0.99931264,1.0,0.0,0.0,0.119294,-0.14175616,0.1467728,0.14246511,-0.50168425,-0.14670488,0.12162024,0.10739766,-0.042299688,0.21770227,-0.021976888,0.17504004,0.087861285,0.23668836,0.29689828,-0.15188362,0.9597292,0.036613084,0.011755778,0.04162669,0.0030603956,0.29501194,0.5257221,0.5769651,-0.19439936,-0.6856294,-0.602132,-0.5994773,0.1678892,0.44809514,-0.6064479,0.27608168,-0.4489793,0.3809054,-0.35721892,-0.10511238,-197.94875,237.53604,146.61931,-251.40018,199.36804,34.719807,-246.6474,-100.68686,-310.16815,186.66476,-5.160431,115.3661
96,-0.27880833,-0.114201665,1.1163249,-0.038976207,0.03910912,-0.9984745,1.0,0.0,0.0,0.094703995,-0.1127106,0.18217677,0.108915925,-0.33226067,-0.07871914,0.08160102,0.12560183,-0.061949253,0.27176595,0.020774424,0.22460611,-0.3107205,0.075903475,0.088645265,-0.20438336,0.7441756,0.595425,-0.3693724,0.12156093,-0.18166476,0.24582641,-0.041291345,-0.020907974,0.69596386,-1.1498667,-1.0361273,-0.51423895,-0.2290969,0.06554839,0.5226397,-0.1261132,-0.59752285,-1.6681122,-0.9118691,-0.63284856,-194.84982,-211.59546,-188.99875,-218.00934,-80.21999,199.79912,-197.47899,144.03036,-188.4494,-150.6831,-199.92972,-199.90952
97,0.16800335,0.47515282,0.5851576,-0.02905651,0.041572794,-0.9987128,1.0,0.0,0.0,0.06602025,-0.11161115,0.18365806,0.08252442,-0.23247951,-0.004416717,0.05352202,0.12592456,-0.1175555,0.30540705,-0.04974675,0.15877022,-0.016074896,-0.046359237,-0.06802729,-0.060020264,0.25887534,0.20518605,0.048235796,-0.09991638,-0.35556635,0.10242714,-0.60719717,-0.5815573,0.38118324,0.13567564,1.0290388,0.76359177,-0.7802998,-0.49666485,0.82790524,-0.16909838,1.1003504,-0.6630582,-0.23497035,0.43585053,113.40547,-4.871399,99.50391,239.54176,-189.53233,-118.575935,196.66283,-230.39658,-198.15506,-231.75974,-199.98131,-200.9293
98,0.24115378,-0.047672026,0.19622806,-0.021177026,0.033644754,-0.99920946,1.0,0.0,0.0,0.10833226,-0.108650014,0.18959904,0.086302996,-0.24583393,-0.024303203,0.10547408,0.09052563,-0.15631229,0.30162346,-0.11523038,0.108718805,0.36522853,0.0629129,0.11042722,0.07095246,-0.3306996,-0.3580725,0.43233162,-0.24181049,-0.0589207,-0.11462214,-0.18718874,0.020695003,0.20922485,0.2766649,-0.5937737,-0.860718,0.24201165,-0.42859843,-0.2717042,0.86147624,0.8408224,0.18107086,0.4419588,0.98063076,46.006413,246.60147,189.73651,180.48077,-199.71823,-199.13713,202.66953,-228.70293,289.06113,-184.02258,42.325375,198.87117
99,-0.23963246,-0.093871064,0.40857673,-0.023454329,0.034825563,-0.9991182,1.0,0.0,0.0,0.14721192,-0.07480643,0.20686656,0.08470833,-0.24695295,-0.12046393,0.14919992,0.068138294,-0.15477395,0.2701652,-0.08974922,0.17471574,0.11544738,0.25734732,0.070606224,-0.07163308,0.26031858,-0.4578385,0.0473414,-0.0021161654,0.05139779,-0.1739979,0.38392034,0.5830166,-0.4988945,-1.016693,-0.5570733,0.10798903,-0.113765955,0.47386247,-0.76280373,0.78486097,0.21092175,0.46618277,-0.031333797,0.5353581,-46.394436,207.98767,-252.155,-245.56746,199.2666,47.08935,-198.84871,201.42493,211.48871,47.882133,200.09113,199.95918
100,-0.23673207,-0.10774905,0.54447466,-0.026880955,0.04462335,-0.9986422,1.0,0.0,0.0,0.12530865,-0.042651713,0.20962697,0.09299755,-0.21472615,-0.14909402,0.11277162,0.0806973,-0.13763201,0.24747396,-0.062478483,0.26634565,-0.29100576,0.0920473,-0.014994723,0.09606151,0.13413501,0.121446036,-0.37074554,0.115303576,0.11266289,-0.06697378,0.047785066,0.39282247,0.77103335,-0.86691654,0.32486147,0.4844362,-0.8954064,0.36326173,0.4616701,0.27639017,0.008793559,-0.12485624,-0.50509083,-0.47279897,-195.09497,-232.84387,-43.55255,33.453293,-8.617237,205.70111,-200.33327,185.05087,228.22366,195.10602,-10.554268,-33.468903
101,-0.13500498,-0.2861728,0.045870356,-0.036026627,0.052300274,-0.9979813,1.0,0.0,0.0,0.10801703,-0.030808669,0.21611089,0.12483251,-0.25260884,-0.062815785,0.07684859,0.10737274,-0.09799129,0.21739161,-0.11562294,0.2809085,0.075876676,0.030254385,0.047923747,0.21430741,-0.45390487,0.60234493,-0.017237928,0.13914488,0.22953454,-0.21095979,-0.5004822,-0.18824904,0.6608993,-0.29495388,-0.5013786,-0.5498271,-1.2548499,-0.27499992,0.5581353,-0.08270027,-0.5805991,-0.6434657,0.40474224,-0.19129765,198.36406,-191.5762,148.11346,180.14384,-199.84872,6.0312753,197.14056,116.46852,-101.31671,-223.46664,-113.03005,-200.57805
102,0.3441362,0.319388,-0.6600125,-0.03447592,0.047126517,-0.9982939,1.0,0.0,0.0,0.16047263,-0.04496667,0.20588064,0.15699434,-0.40597123,-0.0046091136,0.113804154,0.11546076,-0.073854804,0.17079747,-0.14461124,0.19171107,0.42044646,-0.16366379,-0.12627517,0.11622347,-1.0229034,0.035929788,0.31311244,-0.0064191013,0.02603287,-0.1692978,0.18193172,-0.53943735,-0.4248948,-0.45207956,-0.08855595,-0.35008186,-0.8848809,-0.33990508,-0.43193722,-0.27541003,0.3102889,0.42417133,0.9057245,0.6390203,203.46321,-232.64082,-156.65825,-206.46205,-198.84993,-201.01994,154.56848,186.91837,-71.13719,217.60333,247.83713,23.075447
103,0.82746965,0.338841,-0.41812915,-0.022130014,0.022211723,-0.99950826,1.0,0.0,0.0,0.19644135,-0.106913075,0.17950559,0.16889119,-0.5485206,-0.055758614,0.13839556,0.08903146,-0.07357758,0.15689063,-0.054011226,0.13906614,-0.019521749,-0.42395264,-0.14072698,0.0080044605,-0.5116393,-0.40012094,-0.025703901,-0.2251898,-0.045744497,0.031595066,0.55624694,-0.047312837,-0.83841854,1.9038018,0.6921893,-0.730212,0.06359202,-0.24391422,-0.34772313,1.4588431,0.09068674,0.41468418,0.4643846,0.83931327,-200.87973,-109.81575,-229.22424,-249.1318,82.75386,-5.280054,-188.51884,-23.953552,-419.52838,279.1548,-89.635025,156.88959
104,0.40326965,-0.36311278,0.23269698,-0.02423193,-0.0018238826,-0.9997047,1.0,0.0,0.0,0.15467906,-0.16907142,0.18610436,0.13961315,-0.5881832,-0.10698778,0.08951045,0.060879655,-0.08588135,0.19278514,0.051267028,0.1700756,-0.36218354,-0.2166254,0.16931681,-0.26999816,0.057783574,-0.20784763,-0.42373276,-0.07624495,-0.047210656,0.25740364,0.51276904,0.33498827,0.20732188,0.9204122,0.8175344,0.062860176,0.18917213,-0.10555172,0.08770561,0.22229698,-0.35919648,0.025738537,0.30394453,-0.25504756,-189.26236,198.07181,124.01768,-255.34387,198.97813,28.602179,-228.04083,-45.48044,-149.64722,32.338524,-28.584938,145.49411
105,-0.06588666,-0.3982491,0.08579741,-0.039712846,-0.0073055727,-0.99918437,1.0,0.0,0.0,0.13315755,-0.1845271,0.22614741,0.09621024,-0.5136871,-0.11301576,0.045015313,0.067361645,-0.10076451,0.23940468,0.11891812,0.17168157,0.072813794,0.035826858,0.22555521,-0.1749917,0.62981313,0.0091087585,-0.060178317,0.120621204,-0.09807294,0.20963489,0.2769489,-0.25816485,0.039726056,0.36901763,-1.3676052,-0.3987861,-0.41745067,-0.005627483,0.7300992,0.55666584,-0.85701334,-0.7690589,-1.0064528,-0.03279493,77.231186,214.43852,191.553,161.71753,200.08975,3.2780707,200.74538,166.18332,-196.1499,-222.0674,-31.056906,-200.00107
106,-0.69616705,0.08407777,0.15831314,-0.044839375,0.009238719,-0.99895155,1.0,0.0,0.0,0.124025196,-0.15827553,0.2491684,0.06357682,-0.44403368,-0.08817588,0.072566085,0.11626643,-0.14183736,0.26878703,0.11217737,0.12107466,-0.07630736,0.21202734,0.03903531,-0.107175104,0.14204162,0.13361762,0.30231363,0.34358788,-0.29750466,0.09243695,-0.2877666,-0.22735445,-0.31883404,-0.74854606,0.23375048,-0.48284924,-1.0672189,-0.07181683,-0.30433595,-1.4766495,0.7911684,-0.5483139,-0.20207132,0.40775064,-34.52544,44.59825,137.56633,194.17883,-152.16386,-14.617802,189.27785,159.50534,-291.9583,-280.01062,-202.17807,20.661934
107,-0.15834603,0.08469227,0.5311669,-0.041838463,0.025935065,-0.99878776,1.0,0.0,0.0,0.06288716,-0.14514971,0.26351488,0.047882557,-0.46391302,-0.07803738,0.09098766,0.1589967,-0.17816597,0.25772953,0.03704518,0.13929406,-0.48015356,-0.05842526,0.08824303,-0.06127871,-0.29585645,0.031043911,-0.08024917,0.11089895,-0.08750995,-0.17495309,-0.35282412,0.3309859,0.8503294,-0.45748386,-0.97332925,-0.1140721,-0.4346075,-0.08620037,-0.62407225,-0.4334198,0.3079997,0.09318415,-0.224438,-0.010813035,-150.5181,-199.63472,191.03987,132.29327,-148.30077,-0.012857437,-198.32204,-216.10226,214.0623,-222.71906,32.89032,111.416794
108,0.42193133,0.091921985,0.20212477,-0.037671313,0.020070666,-0.99908864,1.0,0.0,0.0,-0.008517235,-0.17419536,0.2735445,0.03948605,-0.4715852,-0.07392023,0.036434222,0.16117498,-0.1742217,0.2129209,-0.028598428,0.14332901,-0.25321585,-0.21575706,0.027595758,-0.022114515,0.060719203,0.017172765,-0.4313651,-0.06814628,0.09778877,-0.24037032,-0.29225546,-0.18844597,0.69372535,1.0459044,0.25075945,-0.45508593,-0.5629262,0.052802876,0.6549575,-0.038903274,0.5313932,0.5712077,0.39948404,0.17573595,136.27298,-31.448715,-121.71034,-17.028824,11.740951,-3.9489975,-200.96378,-178.1743,185.73221,67.78917,31.843256,-66.642044
109,0.34362465,-0.014621214,-0.48550344,-0.03690348,0.004360047,-0.9993093,1.0,0.0,0.0,-0.01195892,-0.20394814,0.28771853,0.024226785,-0.4875813,-0.045259356,-0.0056616855,0.1372779,-0.15066648,0.1742984,-0.024980962,0.1442988,0.17387085,-0.08499866,0.09727616,-0.08353555,-0.086679846,0.16145219,-0.030571163,-0.1517373,0.12960799,-0.15407649,0.2719226,0.047814753,0.12871885,0.8308891,-0.33028993,-0.020827875,-0.27366453,0.093835354,0.5066168,0.40126383,-0.5659405,0.52948886,0.33011818,0.5650093,156.11002,240.72871,58.630035,53.447052,10.971764,-6.907488,197.42471,-138.0352,183.93742,172.78995,199.56224,-4.655772
110,-0.28611818,0.45938447,-0.7079714,-0.027059725,0.0034985559,-0.9996276,1.0,0.0,0.0,0.025475314,-0.19706039,0.2807982,0.018759966,-0.45285743,-0.011809605,0.030923234,0.12874609,-0.1612432,0.1685673,0.05733788,0.21261768,0.17352708,0.12976313,-0.13563637,-0.0018605072,0.26103815,0.15212993,0.354687,0.047107838,-0.20027582,0.07525961,0.4016615,0.4946266,-0.48857737,-0.010279652,1.03829,0.14331643,-0.34350777,-0.39108402,-0.3969164,0.46554798,0.42874074,0.05651263,-0.27643833,0.40219727,-41.21046,187.70273,-215.29861,-95.836266,-15.4276085,-8.831422,194.0545,172.24046,-206.78743,179.31186,-36.067497,7.3149166
111,-0.53239334,-0.055388946,-0.1698175,-0.020134395,0.020741537,-0.9995822,1.0,0.0,0.0,0.023994284,-0.16022085,0.27004498,0.026167154,-0.42296284,-0.046142682,0.05179643,0.16190857,-0.16787213,0.16330814,0.07406551,0.2675424,-0.16374104,0.2088714,0.017783666,0.06152552,0.11670208,-0.42331558,-0.10149949,0.25340256,0.103177585,-0.09472507,-0.1770513,0.19777714,0.21852642,-0.7619586,0.35289517,0.6196968,-0.37113917,-0.032544136,-0.9355037,-0.9215408,0.053312298,-1.008794,-0.03411723,-0.36163288,-205.9673,7.7764454,237.35309,142.28877,-10.430597,-148.91031,-198.25427,188.6451,228.78262,-98.859825,-199.58643,-20.607374
112,0.15288642,-0.1877464,-0.1461298,-0.026936173,0.026961453,-0.99927354,1.0,0.0,0.0,0.028901933,-0.14187612,0.28169662,0.05561745,-0.40890354,-0.07029079,-0.0076500187,0.1954479,-0.122320175,0.13510871,0.038453758,0.24531293,0.16723283,-0.0025422585,0.06409892,0.22099037,0.05603036,0.042698264,-0.4459784,0.1205843,0.2707897,-0.11045164,-0.19512862,-0.3529757,0.8496547,-0.029433388,-0.32844448,-0.6651867,-1.1301563,0.47406036,0.3763371,-0.34981525,-0.44173077,0.17044008,0.6990109,0.00097643584,167.28613,-174.92673,55.64918,183.9481,-5.6698575,29.032887,-117.08169,153.6847,59.865677,123.628876,21.255753,-172.39786
113,0.16617663,0.31372935,-0.5497528,-0.02388885,0.020901956,-0.99949604,1.0,0.0,0.0,0.10601547,-0.13096516,0.2814728,0.08875859,-0.46039385,0.0017589721,-0.04423129,0.21019788,-0.108088255,0.13842094,0.042137444,0.18363358,0.5594327,0.08179143,-0.058438297,0.118756056,-0.5141105,0.6067739,0.031589355,0.029029533,-0.08144576,0.09074747,0.18614897,-0.27481976,-0.79599476,0.60212296,0.03680021,-1.8311669,-0.64561534,-0.32171988,0.74726826,0.19812682,0.15020052,0.19282764,0.5798378,0.84083694,204.57848,77.5783,-225.24686,-227.8413,-200.34036,140.23518,215.53911,-114.75685,-201.14682,122.40899,122.57752,20.310743
114,-0.09974079,0.2572183,-0.7062213,-0.013098344,0.019530836,-0.99972343,1.0,0.0,0.0,0.18154255,-0.104984105,0.26296592,0.0959146,-0.51639444,0.05705456,-0.0019677845,0.21242522,-0.1320433,0.16301179,0.090984225,0.17554832,0.22967158,0.17189068,-0.11817044,-0.03409367,-0.19245291,0.0065289573,0.3572049,-0.001071545,-0.14857912,0.14170228,0.28383976,0.14726318,-0.61095506,-0.60381424,0.8029105,-0.8595904,0.66102713,-0.22655442,-0.41928577,-0.2754018,0.5593001,0.061940618,0.55643195,0.8128456,-190.38416,174.17966,-227.63884,-233.63377,23.646082,-200.68407,138.37848,-175.0892,-43.034866,57.690414,26.743225,135.95782
115,0.52369106,-0.19985391,-0.14594343,-0.013191495,0.009638937,-0.9998665,1.0,0.0,0.0,0.18018031,-0.09945769,0.27311188,0.05857551,-0.49217802,0.0069683883,0.024423782,0.18862182,-0.14473832,0.18884599,0.15497506,0.25702778,-0.19981384,-0.09179595,0.18936974,-0.31196854,0.37760016,-0.33611146,-0.051137853,-0.21573861,0.0058875675,0.1162918,0.35408184,0.62363523,0.1821838,0.31917164,0.36843747,-0.20171861,0.8312051,0.5434191,-0.56226766,1.1914605,-0.85139596,0.09722502,-0.38218093,0.17450073,-196.12297,-217.7234,185.94048,-227.40355,200.01704,12.579588,-229.96992,-151.55772,-82.52136,-37.707626,28.261795,168.5315
116,0.064687215,0.13549268,0.20645039,-0.013403259,-0.0011007414,-0.9999095,1.0,0.0,0.0,0.17067322,-0.09335965,0.2999217,-0.006102085,-0.35277814,0.0035495514,-0.022617675,0.174755,-0.15304744,0.20415294,0.16348284,0.31671712,0.012386019,0.12156733,0.09049638,-0.31951222,0.95785135,0.24256013,-0.39050594,0.04753778,-0.08052584,0.03728774,-0.21097384,0.030753905,0.16938087,0.36481097,0.13197055,-0.087876424,1.0100191,0.91890407,0.77496946,-0.16438115,-0.04152829,0.116465755,-0.68992937,-0.26069918,18.884256,179.48294,-9.406675,31.079443,200.24384,199.56282,-196.09123,222.45284,-197.36725,-215.48447,-199.95966,-199.65767
117,-0.056501865,0.038063355,-0.22774582,-0.009442019,-0.0022299278,-0.9999529,1.0,0.0,0.0,0.17337851,-0.07364369,0.29433239,-0.027668476,-0.1380117,0.10711327,-0.059753932,0.17647758,-0.15448755,0.19258094,0.057280183,0.26156798,-0.002170556,0.034398776,-0.14528346,0.163563,0.8460886,0.60882306,-0.014785987,-0.016740011,0.055134963,-0.116759025,-0.79413146,-0.52733654,0.1797977,0.11266813,0.5271875,0.38672304,0.54381883,1.007193,0.47744042,-0.25999078,0.19425847,0.8139009,-0.56587565,0.19363889,51.923073,-498.2862,-17.346115,654.5681,-253.54399,-33.51985,200.66046,-200.0047,166.5713,-18.085907,-199.99063,-200.1498
118,-0.114043646,-0.6977111,-0.36998802,-0.024356278,0.0012569074,-0.9997026,1.0,0.0,0.0,0.18004115,-0.07198938,0.26690835,0.047460318,0.005913198,0.25328293,-0.022970343,0.15946566,-0.12338334,0.18140197,-0.09789199,0.21721475,0.044971596,-0.0012138817,-0.10000751,0.46049196,0.68736523,0.883532,0.3448691,-0.13486151,0.23375812,-0.0060505792,-0.6959577,-0.048857275,0.008997297,-0.30097756,-0.19736312,-0.3942473,-1.0730404,-0.1914374,-0.18593131,0.6382974,-0.60917115,-0.48459795,-0.15127818,0.4971651,17.982597,-104.783676,-71.03186,19.899635,-31.312492,138.45985,216.59729,-141.26596,233.34486,189.5529,74.30475,39.69843
119,-0.13715391,-0.05081365,-0.03527286,-0.03796573,0.00621018,-0.9992597,1.0,0.0,0.0,0.14901686,-0.0855731,0.22703165,0.12693465,0.08120829,0.3666386,0.006274199,0.14518939,-0.09467834,0.16387033,-0.1719212,0.26117665,-0.23073678,-0.1088871,-0.2800765,0.35434553,0.12239617,0.31105912,-0.014383848,-0.023386529,0.07128995,-0.15181531,-0.10389789,0.3317212,-0.039378725,-0.71566963,-0.6199496,-1.2637464,-0.8145435,-0.8659992,-0.36965,0.35038957,-1.1387428,-0.9349619,0.06375023,0.14869437,44.45042,-189.1888,-236.7194,-244.23148,-200.60294,-200.3055,-199.19046,201.5188,-194.26596,-215.73978,200.05229,1.3566507
120,-0.11915876,0.5849561,0.09936446,-0.026040772,0.011556579,-0.9995941,1.0,0.0,0.0,0.09693707,-0.11563917,0.14963341,0.18522274,0.043415487,0.36644596,-0.03669904,0.15320401,-0.09684664,0.118600726,-0.13712215,0.2658801,-0.24960919,-0.17891428,-0.47521922,0.23915349,-0.4438536,-0.2549504,-0.37267506,0.09315725,-0.0724033,-0.28819516,0.28809255,-0.15341662,0.43699208,0.4761589,1.4791663,-0.050399795,-1.1204202,-0.18828282,0.11642203,-0.05854658,0.5170713,-0.41102344,-0.06283003,-0.31837812,79.3676,-131.7081,-266.13416,-268.31406,-201.5069,-198.7718,-161.67892,267.14725,-151.33821,-201.36716,-4.4237494,-30.373857
121,-0.11900377,0.062368672,-0.36576164,-0.013940198,0.016343331,-0.9997693,1.0,0.0,0.0,0.09349193,-0.13569617,0.09075034,0.20476258,-0.10910112,0.26016238,-0.06913808,0.16312437,-0.07889235,0.034879446,-0.11271715,0.17488484,0.17858319,-0.04607318,-0.13924336,-0.01783528,-1.0233004,-0.6440415,-0.013465523,0.03337284,0.2097944,-0.46155342,0.106514625,-0.6645248,-0.24387193,-0.30662712,0.819696,0.23743491,-1.0648098,0.30176532,0.58276886,-1.3471208,-0.46038595,-0.4455114,-0.7823497,-0.09210027,199.31555,189.33737,206.06587,-231.6101,-199.67445,20.639828,201.9488,704.34705,571.9429,886.3281,109.74974,-50.221046
122,0.34190848,-0.008694575,-0.31755376,-0.013414923,0.009287737,-0.99986684,1.0,0.0,0.0,0.094298966,-0.16942503,0.07126862,0.20039737,-0.3383376,0.19469836,-0.047351822,0.15786676,-0.04498738,-0.013637185,-0.12151265,0.09290804,-0.13755916,-0.22997932,-0.07217171,-0.024810297,-1.0750488,-0.06958941,0.22833155,-0.06914181,0.14458993,-0.13647765,-0.20365743,-0.28034052,-0.25126353,0.82169515,0.6703919,0.22131632,-0.521165,0.31108567,-0.008931726,0.97348344,-0.90459526,0.72942656,-1.2138146,0.09306445,-196.9441,60.921455,160.8963,55.511883,103.56279,200.44939,222.20468,146.28253,181.95236,262.375,-132.33867,45.50828
123,-0.18775901,-0.10916196,0.31978917,-0.016107343,0.007126672,-0.9998449,1.0,0.0,0.0,0.033698983,-0.19162776,0.064239025,0.1948278,-0.49076194,0.2157853,-0.028503465,0.16504593,-0.03290528,-0.0036896467,-0.22280067,0.07943152,-0.3795633,-0.008892775,-0.002549581,-0.02449628,-0.5059465,0.13615435,0.042081524,0.13010855,-0.010467215,0.1843937,-0.76153475,0.011835021,0.13967356,0.014464024,0.7458295,-0.6222093,-0.0822029,-0.47609922,-0.310237,-0.5691168,0.18873626,0.15303397,0.1505055,0.31477547,-34.029583,206.0161,192.48589,66.21912,200.1819,-4.5910163,-25.61101,211.72122,-201.51619,178.32779,-199.9247,14.685913
124,-0.20662652,-0.5886516,0.35493892,-0.03138507,0.015210363,-0.9993917,1.0,0.0,0.0,0.0011398195,-0.18279101,0.10295868,0.16463196,-0.5291175,0.17924254,-0.06015015,0.18684523,-0.0066726804,0.029236794,-0.31209177,0.12546374,0.016368298,0.08955168,0.3472099,-0.2566189,0.06497982,-0.44370133,-0.29948136,0.08784023,0.23387332,0.15272844,-0.18783753,0.2771379,0.8877511,-0.5216621,-1.0914723,-0.75831306,-0.47511995,-0.20250227,0.3547793,-0.37724373,-0.9226501,-0.24612501,-0.020546505,0.09338558,201.6002,203.4449,187.90398,-228.34583,200.02617,-200.07439,-96.909966,-267.78293,120.31336,26.364042,201.0997,-20.589947
125,0.2946756,-0.009107461,-0.16963844,-0.04216654,0.012597664,-0.9990312,1.0,0.0,0.0,0.03989769,-0.18601482,0.15434372,0.10085857,-0.51553005,0.086214505,-0.06947691,0.17993273,0.017704248,0.041838527,-0.28651136,0.13286375,0.33950466,-0.10327518,0.1872591,-0.3697548,0.06185599,-0.4226516,0.16080818,-0.13187675,0.02868703,-0.00994389,0.34544256,-0.04784738,-0.6186782,-0.055196907,-0.030792337,-0.5771232,0.0053845793,0.6279993,0.65839875,-0.025416411,-0.5680017,-0.3913369,-0.27906227,-0.41870776,192.81516,-174.96281,-159.10121,-206.73813,-7.237459,35.93914,203.1185,-197.45573,-183.20454,-209.4238,72.48447,-14.004368
126,0.19210109,0.55757636,-0.10550889,-0.030202458,0.0022800309,-0.9995413,1.0,0.0,0.0,0.065161236,-0.20166919,0.1685127,0.0104112625,-0.43994266,0.06363675,0.00948882,0.14895359,0.0016741753,0.02353704,-0.26803523,0.061697252,-0.051212706,-0.05152285,-0.025441894,-0.5231743,0.5990067,0.14068098,0.58481175,-0.16926129,-0.16655338,-0.15741128,-0.006528587,-0.60242265,-0.59746265,1.158161,0.7417374,0.42709726,-0.11841627,0.2543602,-0.14274879,0.84619236,0.059911754,1.2649285,-0.7244528,0.5170011,-209.70055,212.21976,-157.43806,-216.50761,73.91319,200.18288,206.76086,-213.79532,-95.89483,-170.1856,-14.915722,-174.73473
127,-0.27402964,-0.038273927,0.42821163,-0.021184312,0.005094928,-0.99976265,1.0,0.0,0.0,0.018875316,-0.19088183,0.18167543,-0.082983136,-0.35546964,0.107854426,0.07720405,0.13688861,-0.009755611,0.010140061,-0.33203107,0.0032340891,-0.38186792,0.13774996,0.13619481,-0.418269,0.3507392,0.21195948,0.13909273,0.036026757,0.016450103,0.010323178,-0.5302362,-0.03829395,0.49053684,-0.64456755,1.1649959,1.0332582,-0.34025764,-0.40950936,-0.81450504,-0.28622395,0.7105365,0.35393775,-0.46077353,0.49295488,-211.93327,196.22798,257.3866,198.58095,-34.4554,-14.221737,-199.87306,200.04851,124.903694,183.71693,-57.83519,199.80423
128,0.28592384,-0.5989975,0.43161356,-0.034833994,0.004098936,-0.99938476,1.0,0.0,0.0,-0.013555694,-0.18549287,0.2331633,-0.14959991,-0.3363095,0.08797391,0.061928865,0.1234554,0.016235828,0.026725173,-0.38342947,0.05955879,0.0185785,-0.060809355,0.35101125,-0.26268765,-0.0011596263,-0.35414076,-0.2525283,-0.15486534,0.22531953,0.1406842,-0.125568,0.53701246,1.1145213,-0.09313522,-1.3218206,-0.11730765,-0.45956945,-0.2676911,0.31554174,0.4086065,-1.1545533,-0.5837861,0.006153425,-0.17655987,201.75888,-188.54538,189.92114,174.14238,-11.487303,-199.91112,-201.84862,-248.16524,193.22868,173.44402,35.3331,172.67688
129,-0.097888075,-0.07152563,-0.03719264,-0.047129996,0.0025084857,-0.99888563,1.0,0.0,0.0,0.03368205,-0.17335668,0.27373046,-0.16535783,-0.3603987,0.004846214,0.058942895,0.111612484,0.039459825,0.04257667,-0.34457093,0.10278444,0.40793657,0.138265,0.08636981,0.061605442,-0.12983124,-0.3813999,0.17732583,0.009422818,0.031159947,0.027975067,0.43959856,-0.04623851,-0.91771317,0.5578479,0.2592279,-0.63880646,0.30346936,0.7203115,0.8052696,0.37042025,-0.26973134,-0.14150745,-0.41451046,-0.25948605,168.62082,130.75807,-121.77823,150.75328,4.665699,34.648174,200.58778,209.98479,-195.6976,-214.661,130.55563,-199.77028
130,-0.70919544,0.2425344,0.20484267,-0.041931573,0.019801594,-0.99892426,1.0,0.0,0.0,0.08215149,-0.13073912,0.27670175,-0.16524732,-0.32042235,-0.0108027,0.13673884,0.13730036,0.02689743,0.03443134,-0.3183897,0.038886506,0.11409439,0.26963767,-0.03049442,-0.050357293,0.45731756,0.1684417,0.5637212,0.21955633,-0.13668753,-0.09821674,-0.09131137,-0.42741948,-0.005974525,-1.4231824,-0.038580876,0.15138625,-0.101894125,0.2728624,-0.7675123,-0.66264516,0.21315819,-0.33842117,-0.54646444,0.13428044,-110.26829,-105.04689,-158.14365,-147.99203,190.22858,187.81995,181.45119,91.01552,-332.8084,-274.78625,-100.61426,10.026418
131,-0.056772515,0.334047,0.2572146,-0.030179571,0.034297645,-0.9989558,1.0,0.0,0.0,0.0695619,-0.106242605,0.24755394,-0.14362097,-0.26124662,0.053408835,0.20517835,0.1527793,0.021444798,-0.0143857,-0.368694,0.01658827,-0.12250348,0.0106635885,-0.23611258,0.23992746,0.23927176,0.3243014,0.16333924,-0.033959575,0.06930311,-0.3615254,-0.26285186,0.12076733,0.2637162,-0.3758971,0.6549198,0.6420517,-1.0856092,0.03332022,-0.91019005,-0.28620347,0.90379596,0.03459306,0.013713976,0.12721547,17.223303,-181.32153,-201.07684,181.99164,-29.281961,-29.41951,-199.2094,-227.27979,206.02576,-184.02206,24.327353,103.50749
132,0.56776667,-0.16360138,0.25834447,-0.027444024,0.023087261,-0.9993566,1.0,0.0,0.0,0.08480474,-0.1253263,0.21983624,-0.077892065,-0.27796167,0.06674551,0.19300967,0.12655863,0.059093535,-0.07258189,-0.35828727,0.04361867,0.20816219,-0.18672244,-0.05550454,0.39932603,-0.34759614,-0.038189296,-0.24667552,-0.21000312,0.28062472,-0.23347569,0.30963627,0.12406065,0.35676277,0.19329257,-0.0045653395,-0.5306048,-1.5002044,-0.50180733,0.108418345,0.87334394,-0.3371785,0.5331398,0.11980342,0.24596941,72.56032,-194.04192,264.99506,204.22781,-198.43613,-17.97816,-207.29007,-214.25677,151.40842,154.84404,199.4493,-12.989124
133,-0.06315236,0.2390337,0.08793348,-0.025154803,0.014304048,-0.9995812,1.0,0.0,0.0,0.14549488,-0.13594751,0.19829535,-0.012832046,-0.4099664,-0.005266582,0.16775651,0.10797224,0.06895852,-0.08030307,-0.25597435,0.08918677,0.30687734,0.050525416,-0.16138771,0.26443917,-0.91596377,-0.6217398,-0.085414775,0.0046083224,-0.12013564,0.10893605,0.54803485,0.22616911,-0.58326185,0.29429218,-0.18307579,-0.8580252,-1.1431664,-0.5167128,0.6492642,0.593793,0.08726446,0.00224597,-0.1620784,0.12831303,-16.487865,179.03552,-197.1429,-225.94348,-199.40962,-187.04715,7.520037,201.38396,-199.78116,183.897,-35.32783,-12.189356
134,-0.5744972,0.13466273,-0.20867589,-0.017912032,0.028032046,-0.99944663,1.0,0.0,0.0,0.16704662,-0.106397696,0.16001523,0.023090243,-0.5911357,-0.13218047,0.1875188,0.13306248,0.04933071,-0.058856726,-0.20617908,0.10278856,-0.053467304,0.2299819,-0.21438403,0.10937007,-0.81492466,-0.57360494,0.255294,0.2145605,-0.08599183,0.10969613,0.08162333,0.027019043,-0.21592218,-1.1149204,0.97636616,-0.39813566,-0.4851228,0.22141522,-0.10487878,-0.6375393,0.80800754,-0.5610206,-0.065247305,0.14447042,-198.98907,218.87012,-204.98601,-229.37952,78.28942,63.20531,189.89731,200.92548,80.96009,27.458282,-47.407696,-8.041209
135,0.07785154,-0.3018635,0.23093124,-0.022066267,0.036592364,-0.9990866,1.0,0.0,0.0,0.11337037,-0.08732006,0.1504426,0.015909433,-0.69170994,-0.18284282,0.1921773,0.15326884,0.056217134,-0.05031967,-0.17511886,0.10955428,-0.42046437,-0.014910406,0.08785965,-0.15206422,-0.24762729,0.009109007,-0.16790709,0.009234757,0.14093702,-0.006982343,0.15476972,0.03102221,0.5079682,-0.61602575,0.06202944,0.054003686,-0.46282452,0.56270015,-0.6167025,0.010850877,-0.92344314,-0.5806426,-0.23068334,-0.20861855,-89.07127,-205.42947,208.26842,-211.0731,200.5813,200.16374,-217.36945,-210.07198,16.11316,-83.85407,-13.265725,-4.7218513
136,0.5490197,0.18848102,0.2465423,-0.021627098,0.022523407,-0.9995124,1.0,0.0,0.0,0.067005396,-0.11405726,0.13985825,0.009712458,-0.67828566,-0.11533578,0.116289936,0.13654438,0.07662636,-0.054498553,-0.17819399,0.058674287,-0.07460574,-0.21689112,-0.119787745,0.02509895,0.2765546,0.60618305,-0.5418765,-0.1531406,0.07292094,-0.03662404,-0.05667912,-0.3920463,0.30542597,0.7637952,0.3546292,-0.7116615,-0.6356587,-0.13948518,0.7499226,0.57997686,-0.26711908,0.49024224,-0.65966934,0.29842845,201.31975,-190.02664,-16.292185,29.759697,64.49742,200.32059,-191.64487,-173.0919,-158.0524,-84.29831,-1.2002888,-13.919307
137,-0.10693089,0.12257161,0.109389775,-0.015540793,0.015177008,-0.99976397,1.0,0.0,0.0,0.096619576,-0.12812419,0.13968414,-0.015258551,-0.66106373,-0.05833037,0.055874724,0.13019925,0.06768644,-0.031743288,-0.2506612,0.044022523,0.28124088,0.046088174,0.090493284,-0.24698423,0.03661821,0.02153194,-0.10883962,0.06724089,-0.13681395,0.23625937,-0.5584742,0.18768933,-0.3730216,0.7630505,1.2293522,-0.20483014,-0.32509887,-0.8321508,0.6710762,0.07955227,0.121626526,0.37773135,0.11142414,0.67479086,37.25886,188.83551,199.82693,-216.43494,-3.9690154,-200.29912,201.8805,208.00784,-190.31406,186.19781,-44.295082,200.19469
138,-0.16870885,-0.5431016,0.17730485,-0.024601366,0.020406734,-0.99948907,1.0,0.0,0.0,0.11611227,-0.109426156,0.17791927,-0.06438899,-0.6020294,-0.1181489,0.07209548,0.13795261,0.054686785,0.028230786,-0.2997312,0.14568993,-0.050364476,0.136071,0.23618682,-0.13059506,0.37409914,-0.5263113,0.23340373,0.026871711,-0.0013418068,0.3510202,0.011239792,0.72561693,-0.33281553,-0.9646835,-0.6594419,-0.050077178,-0.3623761,0.20317656,0.28156292,-0.64718217,-0.25674212,-0.83899164,-0.4183288,-0.32619062,-182.65636,105.561554,144.83417,739.46436,-43.03721,-125.03364,200.17241,-108.89421,158.73169,177.21202,200.26942,56.875023
139,0.29806307,0.0419993,0.49806443,-0.033554327,0.017138485,-0.99929,1.0,0.0,0.0,0.063941844,-0.1130217,0.19124776,-0.05447352,-0.53936344,-0.15496746,0.12296956,0.121591315,0.03741145,0.0825603,-0.32426423,0.22843796,-0.43240434,-0.14479819,-0.04202486,0.115286864,0.27782306,0.083383344,0.23940945,-0.17463854,-0.15642275,0.20659712,-0.13526258,0.15806858,0.40478975,0.22521895,-0.3434666,-1.2549205,-0.14945056,0.44973645,-0.33947146,0.8955919,-0.8747386,-1.095192,-0.81745726,-0.44825897,-168.04164,-396.28644,-33.20758,48.24527,-22.918533,195.32469,-23.827328,-224.43509,-143.82254,-194.59586,8.421427,-200.49568
140,-0.2726299,0.60178816,0.6045745,-0.019474693,0.018583478,-0.9996376,1.0,0.0,0.0,0.021953719,-0.12155881,0.16511685,-0.038200855,-0.45099455,-0.07680674,0.13374776,0.11099146,-0.00912416,0.11126149,-0.4092756,0.19470441,-0.02813453,0.04301423,-0.18444146,0.041791335,0.45131254,0.6444212,-0.09862282,0.04701095,-0.30306432,0.09064676,-0.57466954,-0.43609172,0.7025305,0.18433096,1.3288479,-0.15869291,0.43623447,-0.6090267,-0.06382309,0.11195863,1.429577,-0.22111881,-0.34268355,0.22925696,218.47894,87.83897,-123.776794,-130.17236,-37.595833,194.3921,-200.6548,194.72806,-203.8687,-225.87083,-4.4301095,-200.34175
141,-0.39972144,0.048935127,0.50993013,-0.0068950136,0.03270999,-0.999441,1.0,0.0,0.0,0.05448887,-0.09619362,0.14922875,-0.0396657,-0.30699497,0.00080826203,0.092800535,0.124272965,-0.032924294,0.100343585,-0.46123952,0.16897751,0.31813774,0.19424663,0.00063402625,-0.045140225,0.9466856,0.1836758,-0.22292231,0.074256286,0.02983491,-0.17180787,-0.0025664426,0.06362786,-0.2673087,-1.1303835,-0.11678119,0.4318971,-0.44285923,-0.3690491,0.4215032,-0.82902056,1.1302216,-0.8328441,0.6135081,0.51123697,185.53879,321.14172,-111.18246,-115.914925,177.863,-152.52594,8.474165,-111.3538,223.49464,-206.90852,200.63513,51.733345
142,0.26900336,0.02159334,0.13644773,-0.0041169105,0.034898996,-0.9993824,1.0,0.0,0.0,0.07403439,-0.08358091,0.12616885,-0.018894434,-0.18032056,-0.026164977,0.08642979,0.110986136,-0.013348579,0.04262328,-0.4001264,0.23351796,-0.07781377,-0.052557327,-0.19343896,0.22240846,0.37595388,-0.3970477,0.099998675,-0.1509549,0.097786434,-0.24416266,0.5370347,0.392333,-0.37685454,-0.22139321,0.16149582,0.095848724,-1.6398772,-0.00023179501,0.3750431,0.76305896,-0.3888845,0.28049618,-0.76099765,-0.2955735,-199.24203,-195.15059,-209.6026,175.24088,-200.09798,-199.90144,128.6337,526.0788,-230.38228,692.65015,142.94525,-18.70137
143,0.1486619,-0.07114584,0.275742,-0.005147558,0.026331056,-0.99964,1.0,0.0,0.0,0.02097091,-0.09770889,0.10000956,0.012296438,-0.16968703,-0.046967905,0.13187145,0.09925739,-0.013286233,0.044817805,-0.34673184,0.24943985,-0.42266145,-0.074868836,-0.08505082,0.1163831,-0.21109729,0.052241065,0.30778882,0.00022067424,-0.07250958,0.16796418,0.031601813,-0.1829379,0.5945037,-0.057951372,1.093195,-0.57865524,-1.327768,-0.28235903,-0.21188174,0.8505226,-0.023170326,0.09632566,-0.8083166,-0.20952588,-196.08563,-123.97861,168.27966,-35.566406,-200.3883,31.97101,57.36876,238.9691,-158.76544,227.28339,-194.08026,-198.44974
144,-0.22585633,-0.2911618,0.39411393,-0.013280775,0.029284641,-0.99948287,1.0,0.0,0.0,-0.021082703,-0.095170625,0.11478442,0.0052785873,-0.27595824,-0.08670634,0.14993368,0.12494133,-0.011376262,0.0723629,-0.39965814,0.15843071,-0.037963822,0.06475615,0.19715564,-0.15917528,-0.79378885,-0.2793443,-0.07534777,0.20974325,0.0537163,0.12134141,-0.50047916,-0.54649657,0.7568976,-0.302782,-0.80778813,-0.8510484,-0.3178342,-0.40600067,-0.40217853,-0.42977923,-0.79136246,-0.28361276,-0.2636327,-0.003254421,200.32224,-5.7237415,196.98006,-221.63899,-199.96155,7.804957,-200.62181,210.73161,-83.08056,-155.19191,-174.74042,55.367153
145,0.25042638,0.2628135,0.40868983,-0.012171036,0.028166488,-0.9995292,1.0,0.0,0.0,-0.0049361037,-0.0870666,0.13077044,0.000982523,-0.35362917,-0.15058705,0.10024899,0.14387554,-0.010975242,0.07927525,-0.43503362,0.102566935,0.17260122,0.017834354,-0.027093807,0.07230522,-0.083354905,-0.3108388,-0.3889032,0.002629788,-0.040204953,-0.03462126,0.08778363,-0.16193599,-0.5310358,-0.106209844,0.9284075,-0.40202135,0.5091945,0.5613551,0.6992006,-0.7656724,0.34946722,0.07177258,-0.11595247,0.1833719,124.77002,184.45274,-172.14323,67.51828,210.50049,12.683853,-198.04979,-182.62111,-196.1287,-213.71663,200.27658,29.119774
146,0.3556659,-0.3514232,0.5421516,-0.014705076,0.015092744,-0.9997779,1.0,0.0,0.0,-0.0018408612,-0.09874171,0.14514321,0.0065255165,-0.313582,-0.15150294,0.059369806,0.1301927,0.0020720363,0.068231225,-0.37184054,0.11312086,-0.10434502,-0.10611695,0.15253636,-0.015654802,0.42728886,0.23580518,-0.05368507,-0.1137624,0.14935994,-0.06232788,0.37022898,0.10509582,0.17473513,0.79145956,0.16679561,-1.3116177,0.36993605,0.23238024,0.6301371,1.1061199,-0.26665264,1.2626133,-0.22098814,0.19161788,-119.375916,-208.6272,-56.608932,-130.3535,172.49243,180.88876,200.30206,-200.6102,199.34793,73.82634,-20.164545,-8.892579
147,-0.30801395,-0.0075526475,0.23554376,-0.020392984,0.015736502,-0.9996681,1.0,0.0,0.0,0.019745257,-0.09491544,0.16216427,-0.006444216,-0.17521912,-0.06682526,0.095260866,0.13303067,-0.0010284781,0.08294177,-0.32943493,0.1325721,0.21743925,0.12529895,0.04980753,-0.10592498,0.795727,0.44201484,0.36524248,0.118245475,-0.14921056,0.18477283,0.1635845,0.086496174,0.4326332,-0.57692987,-0.7236621,-0.037013337,0.15498586,0.23751481,0.08824064,-0.7492316,-0.47494355,-0.6174383,-0.7218731,-0.3252538,34.658173,131.26929,-7.892479,-75.04196,-24.749582,-31.792131,192.59875,195.09854,-241.27023,165.1413,-22.05692,-7.4380517
148,0.17822468,0.63349146,0.3133771,-0.006702342,0.016932493,-0.9998342,1.0,0.0,0.0,0.09453269,-0.091919206,0.1459198,-0.007235527,-0.07619798,0.013321742,0.13214411,0.13374811,-0.044273436,0.105083466,-0.35919756,0.08644963,0.4577132,-0.076791994,-0.17973818,0.08353815,0.28656644,0.37283054,0.038644858,-0.085928194,-0.27175084,0.04466893,-0.40435687,-0.48994777,-0.19071215,0.32655436,1.2026176,-0.35184872,-0.5775876,-0.12942733,-0.6486393,0.34230667,1.0373796,0.103619196,-0.8964251,-0.019618027,32.83612,-183.5137,51.28363,212.46637,-85.41842,-22.008427,-180.28102,-229.51357,-191.98943,-217.47147,-199.59694,-200.70554
149,-0.29239327,0.08257032,0.84874797,0.007044999,0.02024133,-0.99977034,1.0,0.0,0.0,0.1479719,-0.08509257,0.14645553,-0.009220481,-0.09428787,0.029320912,0.09176162,0.14270824,-0.070031464,0.104394436,-0.4797544,0.041581653,0.10884316,0.12946545,0.14714698,-0.09924401,-0.38496533,-0.15660684,-0.40104875,0.15496574,-0.016411452,-0.026729247,-0.61359996,-0.102709785,-0.50869936,0.44504568,0.31195873,-0.26328653,0.14568807,-0.24716988,0.6904543,0.14785796,0.9158173,0.13108909,0.51099646,0.5467465,-197.79895,198.01784,267.55743,-126.27675,-216.01335,-144.53696,-193.13316,219.55287,233.5734,26.253304,53.6663,33.78762
150,-0.43577757,-0.27016342,0.8029311,0.0028169747,0.034536358,-0.9993994,1.0,0.0,0.0,0.13341302,-0.049221165,0.18628675,-0.027025819,-0.15216535,-0.027559105,0.05164945,0.1659597,-0.0598467,0.09847629,-0.53973013,0.08679087,-0.21039927,0.21090832,0.2216513,-0.072058484,-0.17891334,-0.29435846,-0.038896367,0.09028965,0.093749054,-0.029458547,-0.043407913,0.49439532,-0.12275528,-1.3519788,-0.54870087,0.46699595,-0.41735637,0.6791307,0.86466193,-1.116272,0.30377188,-0.3283587,-0.19051255,0.051108725,-140.6375,43.824295,-40.59672,96.17793,112.902756,26.381302,200.26727,-160.02176,200.33597,86.3409,200.15244,200.01773
151,0.22206616,-0.27770656,0.18757452,-0.006813402,0.03815297,-0.99924874,1.0,0.0,0.0,0.075920515,-0.037600026,0.21241796,-0.010118008,-0.21278292,-0.022241557,0.07673337,0.16630122,-0.035749555,0.080961704,-0.49395722,0.12644973,-0.28691813,-0.069735914,0.057708748,0.20562759,-0.29935303,0.29034635,0.23834507,-0.033437695,0.1122654,-0.064920746,0.38239315,-0.023830839,0.9996418,-0.6759077,-0.3679831,-0.31016064,-0.68623585,-0.0002983436,-0.41221368,1.1292825,-0.18961486,-0.37281406,0.0024524238,-0.4517002,20.92263,-244.38148,-199.3134,181.41644,24.34528,199.1745,148.05783,351.09396,-57.559097,36.373978,39.956936,-140.93512
152,0.21996477,0.30529812,0.15334146,-0.0050721914,0.029249353,-0.9995593,1.0,0.0,0.0,0.053154636,-0.056040905,0.20787781,0.016616583,-0.31508595,-0.006284668,0.08766161,0.168667,-0.03360021,0.06603992,-0.38177544,0.050570384,0.027439026,-0.10840606,-0.09299423,0.07576391,-0.5411293,0.016955895,-0.09562259,0.041742947,-0.0492928,-0.09701757,0.57639736,-0.65869874,0.22556132,0.28884083,-0.29330882,-1.0142822,-1.0669643,-0.5490352,-0.12805259,0.4777439,-0.19579893,-0.112542085,0.2870608,0.3949975,200.06396,-201.31537,-200.16476,-217.11838,38.261963,-15.11867,-180.72852,92.011566,-71.72275,-60.039337,-41.565186,-166.23956
153,-0.29771033,0.6975543,0.23503271,0.016783293,0.03175657,-0.9993547,1.0,0.0,0.0,0.08525292,-0.05225966,0.17877954,0.014495611,-0.47380728,-0.067140214,0.04928293,0.19109601,-0.062701404,0.049969435,-0.22820419,-0.037406158,0.20087068,0.11363127,-0.18721145,-0.082979724,-0.86068374,-0.5692696,-0.23273902,0.18523991,-0.1801155,-0.10512432,0.76243037,-0.23590603,-0.29179764,0.20435616,1.1816516,-0.48714095,-0.27505296,-0.3597233,0.24202104,-0.4984136,1.175415,1.1141369,0.37627813,1.0759623,6.956399,134.58719,-226.8677,-234.30437,50.470535,-201.59433,-14.850458,247.9615,33.983086,-200.32535,-73.814644,200.72685
154,-0.40799212,0.051958602,0.3465686,0.031462163,0.0454325,-0.99847186,1.0,0.0,0.0,0.09107061,-0.02320745,0.17486244,-0.021335483,-0.5800925,-0.14347921,0.0414204,0.21890095,-0.084597945,0.040335774,-0.07881743,-0.01860865,-0.09749242,0.17354046,0.11287226,-0.15588227,-0.23946106,-0.29439637,0.115197696,0.10040134,-0.049524356,-0.0014562878,0.6703232,0.36426133,-0.30697793,-0.8422177,0.64452875,-0.092489325,-0.14830947,0.9631721,0.22460593,-0.9343869,0.76284397,0.18263555,-0.06432999,0.19578448,-152.31052,7.9624786,455.07745,369.2658,216.8273,26.922321,195.82397,-208.6785,186.23602,175.06569,-62.824215,199.97
155,0.07183553,-0.55246705,0.4334457,0.020897543,0.05077574,-0.9984914,1.0,0.0,0.0,0.032351974,-0.016855933,0.21566284,-0.040171504,-0.56941754,-0.13818155,0.07842908,0.21562853,-0.07628572,0.052283525,-0.009738326,0.03734803,-0.4352356,-0.0903788,0.27740356,-0.065857075,0.28341874,0.2853661,0.19358453,-0.10327392,0.13101855,0.097535774,0.080015965,0.23810291,1.0050429,-0.53521603,-0.48448214,-0.15843967,-0.12306203,0.2391102,-0.39914578,0.64421624,-0.53332543,0.3972568,-0.3877883,-0.19504908,-63.025574,-384.44052,46.35898,18.748825,177.37515,197.49649,29.813004,-148.17363,231.31265,120.43709,-199.39241,-27.93246
156,0.024052437,-0.072294176,0.36979067,0.010108011,0.0488175,-0.99875665,1.0,0.0,0.0,-0.022388432,-0.03609866,0.2464729,-0.05012989,-0.4726339,-0.04771546,0.07904983,0.2090492,-0.07246941,0.0985682,-0.055583835,0.021082431,-0.14309727,-0.09303779,0.06414253,-0.041275963,0.5136761,0.4415098,-0.15175909,0.018123467,-0.07315407,0.33445123,-0.4396935,-0.2870716,0.74113953,0.45541194,-0.55261636,-0.6611927,0.31566542,-0.108739525,0.074812815,0.16673076,-0.41646516,-1.3516603,-0.41196048,-0.021982737,202.16801,-208.37,-217.56787,-187.32678,-41.57668,-77.34617,-197.37215,193.02457,-183.26956,130.03192,-67.58516,-47.4833
157,-0.15645714,0.5100164,0.18846366,0.020886688,0.051688947,-0.9984448,1.0,0.0,0.0,-0.0083366735,-0.03539998,0.23969781,-0.070290804,-0.31303757,-0.01956328,0.07628791,0.2107758,-0.10871565,0.14920545,-0.14320272,0.0030915325,0.214443,0.10160792,-0.12753357,-0.094968185,0.9157883,-0.03707655,0.029346658,0.009545097,-0.25628182,0.18750505,-0.39442062,-0.03791035,-0.2548523,-0.0075630806,1.2777255,0.42090625,1.0967588,-0.15995425,0.45816845,-0.89331275,0.54302275,-0.84312624,-0.30885124,0.55757535,90.2802,586.6544,-151.45776,98.457275,-30.645464,-52.68164,-39.868584,-107.448364,-200.12206,-219.63959,34.742935,6.5660496
158,0.0899202,-0.04426439,0.1592116,0.029594183,0.050838083,-0.99826837,1.0,0.0,0.0,-0.008768313,-0.028284295,0.22237265,-0.06566095,-0.08578062,-0.04591833,0.11958554,0.18991965,-0.13177484,0.16039348,-0.18940008,0.06140908,-0.17128263,0.0031729322,-0.10030806,0.22371875,1.0533929,-0.077355035,0.3730452,-0.17921108,0.0073489137,-0.057315268,-0.17938775,0.56153667,0.30407995,0.06911096,0.8424373,0.58544767,0.8201064,0.48178184,-0.21869658,0.6008582,0.67046016,-0.22385737,-0.54435694,0.26257506,-214.18393,78.418945,-88.05618,703.19995,-224.95158,45.266243,200.95355,-204.6637,252.37825,-194.7287,23.574228,199.774
159,-0.2691388,-0.610067,0.099473275,0.015437563,0.05610612,-0.99830556,1.0,0.0,0.0,-0.006528002,-0.019373268,0.20124847,0.010509014,0.11358893,0.011911378,0.15031771,0.18448995,-0.08913523,0.1252712,-0.2657538,0.12298012,0.17085509,0.07949022,-0.06866505,0.4529976,0.9911763,0.5640408,-0.028728673,0.08078621,0.37296966,-0.27242693,-0.40900236,0.20656295,1.0868396,-0.6681221,-0.9873304,-0.094493285,-0.8464579,0.016560256,-0.7099531,0.5631649,-0.33746803,-0.53967375,-0.25490475,-0.242569,195.76077,38.805595,132.14479,159.7453,-22.643976,201.56718,-201.8952,206.03654,185.51544,-232.04794,32.288208,-24.381273
160,-0.29224852,-0.018982522,0.07126922,0.0041693486,0.06720482,-0.9977305,1.0,0.0,0.0,0.060806617,-0.0049110483,0.16979492,0.08690536,0.24973196,0.063429855,0.10671183,0.2101577,-0.026875556,0.055769324,-0.2887016,0.09856809,0.47166187,0.061918903,-0.2347877,0.32698187,0.42696267,0.013064481,-0.37169033,0.16537485,0.265572,-0.40817472,0.03742172,-0.39076903,-0.40582526,-0.60882604,0.11057381,-0.7780945,-1.8431648,-0.65431106,0.45782447,-0.706088,-0.73236114,-0.6953303,0.2893455,0.074836425,200.1785,-238.72116,-236.84586,-241.42398,-200.71127,-175.43956,-197.09952,155.16533,-145.62485,-201.53587,27.536148,-200.73302
161,0.19296587,0.035209864,0.122286856,0.003928996,0.068285845,-0.99765795,1.0,0.0,0.0,0.110722184,-0.019090667,0.14103657,0.12706518,0.27200902,0.001846412,0.07139191,0.22127594,0.0038182735,0.005811572,-0.2064609,0.066684835,0.071146406,-0.17945783,-0.09004845,0.107235365,-0.14617255,-0.57097214,-0.023977295,-0.021877429,0.060174722,-0.14803472,0.68105817,-0.014941833,-0.3687588,-0.03068478,0.8263733,0.05156128,-1.2380279,-0.12911744,0.47755224,-0.41686362,0.5335953,0.44310623,0.3340283,0.5721189,-199.20702,-213.70828,93.48019,-215.8522,-199.92062,-200.27386,197.85841,89.5376,-27.117462,147.38321,109.2773,53.71679
162,0.16364487,-0.5797449,0.13086626,-0.007858874,0.061352573,-0.9980853,1.0,0.0,0.0,0.09182151,-0.048804466,0.15856123,0.12534356,0.17928863,-0.055623088,0.09969484,0.21311702,0.024412632,-0.0069309473,-0.07350922,0.13023362,-0.23009872,-0.12523873,0.21953392,-0.07830328,-0.724813,-0.12901682,0.2804992,-0.058353867,0.14305493,-0.00029380785,0.5968865,0.5715981,0.17905796,1.049878,-0.8915409,-0.32485032,-1.7429029,0.43973705,-0.006682053,0.80520105,-0.8901796,0.19305173,-0.39041638,-0.16401711,-195.21115,174.07153,171.91565,-83.407684,-200.799,51.587395,188.40512,-73.96869,146.64136,190.08385,-55.646225,132.82668
163,-0.42492697,-0.07767825,0.23779604,-0.019664114,0.06788602,-0.99749935,1.0,0.0,0.0,0.085222565,-0.04698107,0.18697906,0.097165465,-0.027727306,-0.017149983,0.119525604,0.22927868,0.0261814,0.020173073,-0.017378569,0.17862025,0.09325528,0.11846527,0.07962338,-0.19555901,-1.289212,0.45404178,-0.049535107,0.18983771,-0.094506025,0.22126828,0.022411106,-0.027732015,0.59465086,-0.9802739,-0.11842184,-0.0013686568,-0.6040973,-0.0007093102,-0.9380886,-0.784941,0.29065734,-0.26867723,0.0016434696,-0.010265119,74.83597,199.98486,-211.62024,-234.05676,-200.35068,199.78242,-199.89058,207.37007,-197.63585,28.86454,-200.02419,-199.95273
164,0.17625362,0.061044265,-0.097260565,-0.019569522,0.071457475,-0.99725163,1.0,0.0,0.0,0.13975771,-0.046432853,0.18727827,0.07045126,-0.22107798,0.0156044075,0.06521744,0.2438611,0.03588617,0.036376595,-0.012719393,0.13898212,0.42172715,-0.09209931,-0.053699553,-0.09383046,-0.7022883,-0.0015412146,-0.4522759,-0.025961211,0.16401118,-0.033225555,0.021165734,-0.21843486,-0.3211655,0.0029135533,-0.037031274,-0.105202034,-0.4731884,-0.26205903,0.710656,-0.16271967,-0.33634016,-0.60778743,0.07138806,0.16345,203.84633,-237.68869,-158.70781,-6.050026,201.16896,-46.795845,-203.76906,-246.07578,193.84888,-215.84647,-1.9957969,15.496828
165,0.097884595,0.54773873,0.03488929,-0.0059498595,0.06636988,-0.99777734,1.0,0.0,0.0,0.18487886,-0.061280806,0.15788043,0.04116547,-0.30350834,-0.035689477,0.023301767,0.23136178,0.041297615,0.0132706165,0.0064581037,0.13709562,0.06454498,-0.06255749,-0.21764937,-0.17316745,-0.2598276,-0.3321802,-0.0130772265,-0.088499755,-0.0756452,-0.18092765,0.098380856,0.04222333,-1.0817144,1.0916837,1.1664164,0.1108139,-0.20911632,0.13358691,0.7282526,0.25019017,-0.25646985,0.8417195,-0.20902093,0.6442416,-199.5173,171.66504,-69.882835,-69.927155,46.596012,21.905863,199.22668,-188.44136,-199.47903,-217.56677,-12.181828,-5.605274
166,-0.281279,0.3742646,0.34887236,0.013006007,0.0712554,-0.9973732,1.0,0.0,0.0,0.16072188,-0.056132656,0.11772162,0.017950535,-0.30192167,-0.04070419,0.06567023,0.2262208,0.0009771585,0.006697774,-0.026264489,0.20872463,-0.27422914,0.09691536,-0.18167129,-0.06643239,0.12382156,0.1996252,0.39287835,0.0063507217,-0.2972725,0.08366064,-0.26085606,0.5822801,0.5567179,-0.75571704,1.3850539,0.9300625,-0.34972465,0.19054155,-0.58407474,-0.24296811,0.8845125,0.59892386,0.26019388,0.121449605,-201.90587,248.1452,225.44829,192.10587,15.522907,104.158714,187.62079,-59.23438,-127.84452,176.05179,4.0365624,76.07433
167,0.33194804,-0.1412251,0.27948767,0.017529836,0.06883936,-0.9974737,1.0,0.0,0.0,0.14709488,-0.059441753,0.101267755,0.02232635,-0.3087831,0.015011374,0.09684639,0.20567976,-0.03243661,0.038600087,-0.015904605,0.2609746,0.09933107,-0.1120906,-0.0039947466,0.09441272,-0.061339486,0.2634625,-0.035406716,-0.18615875,-0.059101768,0.22085653,0.30554906,-0.0012782441,0.90628326,-0.27313066,-0.7078408,-0.65028715,-1.1600375,-0.57772875,-0.3417583,0.3399078,0.2686206,-0.64507866,-0.04739184,-0.27741393,199.49638,-198.60678,209.98375,188.9845,5.8505635,-30.297098,-198.18388,-215.66786,216.76593,186.16455,191.1562,-200.47206
168,0.32581013,-0.0035414703,-0.054635935,0.015197024,0.0552613,-0.9983563,1.0,0.0,0.0,0.20623185,-0.087891795,0.098730385,0.027111769,-0.38345498,0.0056152917,0.043744966,0.17973763,-0.019104838,0.05467224,-0.0065289736,0.19505562,0.4558134,-0.16026391,-0.015860338,-0.034782473,-0.6283852,-0.30175734,-0.44925714,-0.08092188,0.16207576,-0.03477406,-0.053301245,-0.5927374,-0.8472849,0.9198427,0.40838328,-0.5035982,-0.9797792,-0.5645608,0.4411646,1.1433071,-0.8667345,0.005869068,-0.6353082,0.39980224,194.41817,-162.85562,-117.83041,-182.94911,-197.81575,-200.82307,-197.33864,152.19606,144.11841,-242.06105,-11.78254,-177.59949
169,-0.23612711,-0.042603116,0.2578017,0.014412797,0.054654874,-0.9984013,1.0,0.0,0.0,0.25836486,-0.09504004,0.11278862,-0.012200832,-0.5277098,-0.109217204,-0.002514613,0.1825509,-0.001997888,0.049648046,-0.080014944,0.14053024,0.10242563,0.062897794,0.13359852,-0.3311812,-0.6704688,-0.66360515,-0.052521836,0.09316154,0.027169332,-0.018910317,-0.62423825,-0.010648093,-1.0042012,-0.09369551,1.118649,0.16895364,-0.0012774318,0.16240846,0.9097963,-1.1071851,0.2626373,-0.18251121,-0.039753295,0.38435534,-197.19933,195.71396,193.83798,-228.73285,67.68449,39.68594,200.70265,194.96068,-192.19678,-70.209694,-199.89264,199.85005
170,0.16799906,-0.5969241,0.29195747,0.0013090876,0.054579515,-0.9985086,1.0,0.0,0.0,0.24111985,-0.09213571,0.15377772,-0.05499208,-0.59652644,-0.17285156,0.023383634,0.17809413,0.03045088,0.01836145,-0.1416477,0.18649662,-0.24142015,-0.013766839,0.2506624,-0.06492097,-0.07422312,-0.014108183,0.27936754,-0.103158094,0.26233396,-0.24639145,-0.049630057,0.291836,0.35647434,-0.4207331,-0.9473913,0.4911406,-0.6198963,0.45606282,-0.32701653,0.6899087,-0.7627294,0.104601674,-0.414091,-0.12883061,-192.42267,-81.15302,181.46432,340.05005,189.13834,210.16466,209.45695,-137.70169,130.04755,-78.041595,200.41391,-21.597967
171,0.15360257,-0.06489679,0.19520344,-0.010623426,0.048166163,-0.9987829,1.0,0.0,0.0,0.231029,-0.10419568,0.17189753,-0.032598615,-0.60269994,-0.106429495,0.035262063,0.17282948,0.058476686,0.014262199,-0.19088417,0.17744258,0.095547594,-0.100009255,-0.040039238,0.23995093,-0.022756679,0.60264343,-0.10522139,0.019814666,0.038067907,0.10970067,-0.31321838,-0.32239938,0.38376912,-0.034240473,-0.007080104,-1.0165112,-0.8727259,0.046435207,-0.30622274,0.18636501,-0.15435529,0.1151448,-0.028117219,-0.054563053,142.1168,-195.37888,-185.5166,186.79007,-0.5325775,200.15596,-191.40662,170.60988,-154.1923,75.82172,6.6160994,-205.8622
172,-0.08622014,0.41862345,0.41930583,-0.001589667,0.04820461,-0.99883616,1.0,0.0,0.0,0.26236048,-0.11090593,0.15110803,0.0010707378,-0.65354544,-0.044010773,-0.019140301,0.18450484,0.044858873,0.04233396,-0.19084644,0.11912293,0.16495098,0.0016742047,-0.14893399,0.09951794,-0.3173149,0.14657208,-0.3675584,0.07615962,-0.14752659,0.14799239,0.20599853,-0.25659528,-0.8528405,0.72628397,0.19431289,-1.0729694,-0.50886667,-0.9908557,0.8417913,-0.24727032,-0.19635177,-0.9064359,0.28887424,0.6548305,8.483054,124.78633,-113.16779,-215.6402,16.61007,-44.67526,-54.332214,-62.418583,-177.7741,-69.06331,57.714146,26.11484
173,-0.08559951,0.3219459,0.7736337,0.014963898,0.05117378,-0.9985777,1.0,0.0,0.0,0.25557622,-0.103729516,0.13767058,-0.0054969788,-0.6570112,-0.078641586,-0.04676304,0.18988131,0.007657647,0.05488801,-0.09639865,0.13417949,-0.19502297,0.07360958,-0.02711767,-0.040203575,0.1736072,-0.3944581,0.046090465,-0.015954163,-0.19870962,-0.01372945,0.559745,0.34698173,0.06803087,-0.5016119,1.4496801,-0.123192854,-0.18086438,0.025439069,0.54426295,-0.9996708,1.1869208,0.26063082,0.25717616,0.38974398,-207.62532,224.46054,306.44696,581.9137,49.512848,-112.62885,198.7143,-223.85027,-115.10987,-218.41791,-30.817665,199.54669
174,0.38662905,-0.30433974,0.5154605,0.015079756,0.044017673,-0.998917,1.0,0.0,0.0,0.21118197,-0.106829524,0.14517343,0.0007636547,-0.5785753,-0.084670484,-0.002338302,0.16682667,-0.017327845,0.078594804,-0.01714456,0.19770174,-0.21781576,-0.08697815,0.10505211,0.047124054,0.52671677,0.16937195,0.37692386,-0.1893935,-0.07174316,0.21534638,0.3220629,0.28428724,0.86154735,0.073883906,-0.9248305,-0.88771695,-0.19931716,-0.016570121,0.054840572,1.0932244,0.15555924,0.48937625,0.075609855,-0.13406745,9.209763,-88.50214,29.79364,-2.0908813,27.309967,44.81385,225.2953,12.500671,166.84375,203.34023,-17.363716,-24.562695
175,-0.18088582,-0.36668405,0.23995024,0.0021520306,0.041053966,-0.99915457,1.0,0.0,0.0,0.2096995,-0.09720211,0.16642344,0.009498954,-0.48094422,-0.06349508,0.032797918,0.15954915,-0.019168317,0.13558841,0.01092267,0.18845099,0.16974021,0.15601343,0.11115004,0.031780157,0.43537012,0.083589666,0.06064975,0.085553445,0.029528413,0.3390023,0.08926031,-0.31559148,0.08008758,-0.08585805,-0.07532705,-0.8959958,-0.20786984,-0.12631634,-0.44876802,0.072931685,-0.6312164,-1.1715453,-0.91700155,-0.12344005,187.93663,212.50684,-50.650253,-45.41864,-44.22517,-5.1575775,-55.767666,228.17984,219.04471,181.52368,2.5367105,-199.50189
176,0.109196186,0.25833258,0.75127345,0.002308975,0.040535815,-0.9991754,1.0,0.0,0.0,0.2002317,-0.084633626,0.17285001,0.018640876,-0.4069956,-0.071737446,0.0063658627,0.15906736,-0.029165685,0.1879915,-0.033296347,0.113195695,-0.15811007,0.009637268,-0.02775078,0.044530187,0.3198646,-0.06406321,-0.2848962,-0.052609183,-0.116082065,0.20214462,-0.47513887,-0.34933004,-0.40097663,-0.9776261,0.18189557,-0.16627489,0.58817333,-0.012487769,0.4685108,-0.60638547,0.061072614,-1.0942795,-0.167785,0.18626246,-35.772385,1.3482933,19.81157,7.342819,-34.22422,4.2556458,-199.79263,-101.629486,-202.25874,-221.67624,-200.19539,32.70527
177,0.5890499,0.046760414,0.63247633,0.008153511,0.025463702,-0.9996425,1.0,0.0,0.0,0.12990203,-0.10983084,0.17518896,0.016725063,-0.28106302,-0.05995702,-0.014221148,0.122312434,-0.030578196,0.1983453,-0.079402745,0.10363839,-0.5175509,-0.23373652,0.026692951,-0.054914262,0.8888898,0.07325615,0.048827585,-0.28921708,0.06890374,-0.065304,-0.13557388,0.10972954,0.78508586,1.4322289,1.0958226,-0.48970515,1.310476,-0.0977633,1.028065,1.2198125,0.46402335,-0.035651915,0.25448567,0.52600193,-187.937,-215.76978,-118.99573,-263.56256,198.50485,-15.1069145,204.93942,-188.83987,130.45764,-210.35086,24.619406,21.089682
178,-0.040024083,-0.5630633,0.21380463,-0.0029117672,0.014727999,-0.9998872,1.0,0.0,0.0,0.07413443,-0.12623034,0.19775462,0.0078009367,-0.092084646,-0.05581243,0.03741131,0.09053335,0.018232763,0.15968108,-0.044435084,0.18082704,-0.07491668,0.046331305,0.1450444,0.089502506,0.6796219,0.047636997,0.4319175,-0.031130766,0.37962747,-0.27799472,0.3891035,0.4956614,0.7684657,0.18894878,-0.1637517,1.0178088,1.3557749,0.4313117,-0.29432696,0.14385891,-0.84855425,-0.04576724,0.13331889,-0.23361906,213.71407,103.54876,11.437393,411.65558,-214.86871,-28.199379,205.25156,327.80072,201.29498,-42.617477,75.42027,-13.726425
179,-0.29123026,-0.08956512,0.21775821,-0.014983429,0.02380677,-0.9996042,1.0,0.0,0.0,0.0961611,-0.10924078,0.18583924,0.06862259,0.06811601,0.018223057,0.08799605,0.10468879,0.068927705,0.120037675,-0.004547477,0.2138082,0.2638572,0.1052912,-0.2090231,0.43778467,0.9739317,0.5651801,0.10560534,0.13523626,0.13290371,-0.08339584,0.08815183,-0.108975545,0.5183742,-1.0119144,-0.7926157,-0.49175894,-0.99483734,-0.071399555,-0.6221742,0.16941407,0.36105156,0.022151,0.41689444,-0.033085033,215.82698,25.983368,-314.27332,174.04018,157.74916,37.77321,-194.52208,316.0142,-189.45631,207.43954,-30.361862,-195.23965
180,0.10842313,-0.060157377,-0.022299968,-0.017892694,0.02607832,-0.9994998,1.0,0.0,0.0,0.176489,-0.104192734,0.14447337,0.14538431,0.19900966,0.07217488,0.071195334,0.12423121,0.09523404,0.10945463,0.014293551,0.15624118,0.4575633,-0.03962639,-0.20758823,0.34188578,0.39313677,0.02745801,-0.24258815,0.053684648,0.1347702,-0.044173524,0.11646167,-0.30853158,-0.37971324,-0.36758173,0.1743909,-0.6107439,-1.901651,-0.7836895,0.610153,-0.063786745,-0.19643477,-0.7112072,0.5842684,0.18587092,33.190796,-241.81708,-196.77132,-226.14055,-199.94026,-200.42038,-217.29132,9.219591,-107.63431,-7.136711,23.988647,23.590591
181,0.6193707,0.018366436,0.19682997,-0.01852956,0.010025489,-0.999778,1.0,0.0,0.0,0.22583087,-0.14013062,0.12146592,0.18662417,0.21424627,0.013609446,0.06121425,0.11068552,0.10678655,0.10964632,0.06568849,0.14127673,0.079070635,-0.27846,-0.040156644,0.0958656,-0.18315817,-0.5559212,0.10708036,-0.14813304,-0.0029689453,0.030349655,0.38769576,0.039909206,-0.44025347,0.5218671,0.030034978,-0.89492756,-1.5480715,-0.53273726,0.355735,0.57105786,-0.06507516,0.69295514,0.3013779,0.5153184,-203.01424,-90.69826,212.12967,-211.61128,-199.58923,-200.29022,201.97551,-61.37304,-126.737785,67.09268,109.20939,17.53433
182,0.0010761368,0.15178324,0.43272027,-0.013161637,-0.0007044394,-0.9999131,1.0,0.0,0.0,0.20264304,-0.1722496,0.10478413,0.18832183,0.1150527,-0.11840405,0.11681218,0.107512176,0.079028666,0.14326072,0.12598258,0.20464161,-0.27443406,-0.061451104,-0.09079512,-0.067298196,-0.7527607,-0.6168109,0.3371928,0.088876255,-0.21133982,0.262728,0.25811586,0.43989244,0.26294118,0.8940095,0.094667286,-0.47554213,-0.2907124,-0.15689588,-0.24453013,0.5579664,0.07473947,0.16598582,0.03338694,-0.029448524,-200.75201,225.0484,-30.71839,-229.69717,-200.6832,65.62825,-5.7969756,177.54253,-31.333847,166.73975,-24.923477,-2.9653373
183,-0.4794877,-0.044064358,0.39352816,-0.013141688,0.009702374,-0.9998666,1.0,0.0,0.0,0.18858041,-0.15795115,0.107109964,0.15254784,0.007831991,-0.1779684,0.14451471,0.14865705,0.06281167,0.17251611,0.123927,0.22690065,0.05896495,0.17444597,0.0545226,-0.25934574,-0.4411535,-0.045452263,-0.021664655,0.30485165,-0.015244693,0.069515385,-0.12274066,-0.15774243,0.60506177,-0.9222725,0.7901862,-0.048293546,0.34143198,0.075103566,-0.6302992,-1.0801105,-0.28112116,-0.26976514,-0.71520424,-0.4630053,86.74771,186.59097,-98.19627,-225.9992,44.714474,169.33977,-204.16322,208.14787,33.24193,-159.63681,-12.032908,-199.98766
184,0.06217685,0.10179718,0.6786499,-0.011334412,0.017429857,-0.9997839,1.0,0.0,0.0,0.24029166,-0.14675266,0.13157296,0.09621906,-0.017537415,-0.13419482,0.10194986,0.18429898,0.06039536,0.17422783,0.037466288,0.1316219,0.4171562,-0.03852303,0.1712887,-0.2802013,0.12974812,0.3063068,-0.3673445,0.073017865,-0.008196125,-0.039271306,-0.6855977,-0.7369983,-0.04797151,0.0005231537,0.14068578,0.3226719,0.90813184,0.16307217,0.37503463,-0.31968492,-0.2686651,0.14274263,-0.1190666,0.06978003,177.37962,-186.59688,222.30592,97.775345,200.6185,-18.190128,-196.60938,-192.44087,-179.37468,-214.67126,-199.78789,-199.84288
185,0.057238955,0.36370584,0.85401535,0.0003163787,0.015459325,-0.99988043,1.0,0.0,0.0,0.2847437,-0.15188624,0.13862985,0.062426567,0.07183391,-0.06292186,0.07146352,0.19179599,0.030857682,0.17033911,-0.036687374,0.05063031,0.066558786,-0.013855809,-0.039915737,-0.0918725,0.7044897,0.32910925,0.023772193,0.003563843,-0.24598594,-0.0075393855,-0.1528467,-0.13326247,-0.8206054,1.1044594,0.44297352,-0.13329063,0.49416947,-0.013043225,1.1234243,-0.14831382,0.6029969,0.3879421,0.21786685,0.5916072,-199.4823,182.91273,48.3764,185.76204,199.99916,-25.37627,200.72356,-226.89151,-200.74557,-61.88533,84.147156,199.3268
186,0.082044005,-0.26638642,0.88921565,0.0016792514,0.012455946,-0.99992114,1.0,0.0,0.0,0.26386097,-0.14537638,0.15983176,0.024905443,0.17946213,-0.04117552,0.109730534,0.18211645,-0.002646625,0.17837298,-0.008752584,0.09002844,-0.23907752,0.063386574,0.20192091,-0.19208568,0.40546772,0.0601654,0.32902986,-0.08944215,-0.099572614,0.08196995,0.3055575,0.46740505,0.5531426,-0.17253399,0.24694079,0.316998,0.47895646,0.2372128,-0.10893892,-0.1613932,0.6886001,0.7757187,-0.5694283,0.020054325,-200.90536,-40.802063,378.27728,640.802,-237.23734,59.00715,203.70279,-224.72708,232.60632,198.36775,32.024612,199.70273
187,0.43538454,-0.39392883,0.6654602,-0.011348855,0.0011066077,-0.99993503,1.0,0.0,0.0,0.25553966,-0.1479448,0.19133252,0.026499987,0.24949473,0.017037703,0.13173506,0.14722998,-0.004801631,0.2081573,-0.012662411,0.11984126,0.11812269,-0.046788827,0.13710426,0.12908743,0.33203346,0.32557225,-0.06592644,-0.23821345,0.060637176,0.20390618,-0.28563273,-0.09088695,0.9566691,-0.1208483,-1.4569124,-0.2843268,0.283628,-0.02728331,-0.1614036,0.92795676,-0.91365874,-0.64933795,-0.9641,-0.40454438,194.02663,47.77502,-71.004395,186.85414,-17.901588,-28.809996,-193.35152,-208.60776,230.19923,187.85602,-199.48677,-115.49516
188,0.06899252,0.16391815,0.6488309,-0.015108127,-0.006946442,-0.9998617,1.0,0.0,0.0,0.31495258,-0.14023754,0.205912,0.047104836,0.26993448,0.029539876,0.08693504,0.11945756,-0.008685112,0.23694754,-0.13193119,0.037918523,0.44094253,0.09065264,0.008691274,0.084682584,0.020400403,-0.05408455,-0.31201807,-0.06808933,-0.09023521,0.09311222,-0.85088724,-0.61199796,-0.75817585,0.37771732,0.4353232,-0.7080831,-0.17655978,-0.1028603,0.9718402,0.49741444,0.491283,-0.7928607,-0.273226,0.33855084,179.78493,58.35865,-116.72793,-78.40671,-15.908806,-18.386765,-63.02806,205.9843,-217.72363,-231.99126,-200.55208,-34.843735
189,-0.36832306,-0.41970858,0.74203414,-0.022110606,0.00026476572,-0.9997555,1.0,0.0,0.0,0.37156388,-0.097437926,0.23699301,0.03867352,0.21319151,-0.0010859077,0.061083578,0.12783898,0.003395915,0.2295909,-0.23887235,-0.020541845,0.14813219,0.31397927,0.24907899,-0.15730056,-0.5095028,-0.15470564,0.02194613,0.1321426,0.17713527,-0.1417666,-0.27632535,-0.031193305,-0.61126375,-0.66781586,-0.39517686,0.6136505,0.3071785,0.32219854,0.7388437,-0.008303098,0.5662841,-0.24277899,0.1330228,0.5445059,-196.96535,246.45316,-41.98506,-271.86096,-95.7004,20.390928,198.81085,205.4898,189.31056,-222.66711,199.80411,200.05847
190,0.13927306,-0.32900637,0.35910892,-0.036904868,0.0044302177,-0.99930894,1.0,0.0,0.0,0.35971108,-0.06548223,0.2650758,0.03365171,0.17481571,0.030002084,0.10362488,0.13024797,0.051677167,0.17376721,-0.23124689,0.038896848,-0.22848797,0.029854415,0.056412823,0.08598665,0.0681161,0.3752412,0.36941,-0.08033247,0.29528698,-0.39383933,0.2954304,0.56596017,0.20760554,-1.3104683,-0.8602976,0.25156987,-0.8212451,0.34046522,-0.5514912,0.41060206,-0.68274593,-0.019671015,-0.010409305,0.039376833,-198.87674,-211.82762,-191.39162,186.11897,200.04625,84.97374,202.64407,-108.40818,206.99635,-225.15701,200.21503,201.45062
191,0.03719418,0.25339407,0.4430684,-0.037248433,0.001624685,-0.9993048,1.0,0.0,0.0,0.31560722,-0.069469675,0.24391514,0.07539511,0.12482011,0.10697576,0.14115837,0.12484228,0.08078283,0.11586106,-0.1758526,0.08644103,-0.202064,-0.05436168,-0.22394894,0.26876196,-0.5085594,0.34855843,0.039369985,0.009981526,0.030030716,-0.2217677,0.24675773,-0.013245301,0.68063223,-0.0947403,-0.073122784,-0.29085413,-1.0464497,-0.44934222,-0.14908041,1.4294918,0.7218638,0.63571876,0.8897809,0.13524716,72.265755,-184.81609,-212.32295,-43.850727,-200.34149,-37.9953,-198.86263,192.2644,-198.78574,39.426037,-26.936207,-126.13566
192,-0.22587693,0.23738168,0.12209952,-0.02766101,0.0068249535,-0.9995941,1.0,0.0,0.0,0.31139007,-0.0673308,0.19677466,0.11765182,-0.038959205,0.11416825,0.10972059,0.14159779,0.09380293,0.08323264,-0.064109206,0.0958407,0.124956325,0.044468846,-0.24697752,0.16406319,-1.0729715,-0.21913736,-0.30265573,0.1370279,0.094337404,-0.11636406,0.81392664,0.05213028,0.03192217,-0.983413,-0.0067105703,-0.20907195,-1.4365247,-0.48846903,0.044947445,-0.2703941,0.2041314,0.06763721,0.7332861,0.4172751,204.93433,-130.60748,-201.90051,-234.20721,-200.33466,-200.8417,-109.64024,181.697,235.8841,193.86475,200.81488,2.9960093
193,0.20710167,0.28862005,0.028686544,-0.017027834,0.0065337736,-0.9998336,1.0,0.0,0.0,0.29282627,-0.084262885,0.15304768,0.13373268,-0.31475276,0.009483117,0.078847624,0.14709592,0.11021358,0.06493318,0.12518603,0.15705459,-0.2707333,-0.1858651,-0.19575912,0.008085809,-1.5768554,-0.6980763,-0.086942434,-0.062212236,0.07710274,-0.07190762,0.8955242,0.379636,-0.19878098,0.106075734,0.7202617,-0.58292246,-0.7017775,-0.21460792,0.9019253,0.21506298,0.32332993,0.34385818,0.2074353,0.2450858,-189.25212,-145.60234,-89.45942,-266.11633,-24.160837,-13.015919,62.642174,-209.80429,70.6521,83.57646,-80.89098,-24.052727
194,-0.11799257,-0.37936318,0.062364906,-0.02039043,0.006506492,-0.9997709,1.0,0.0,0.0,0.20620687,-0.09835454,0.14475769,0.10537255,-0.56725746,-0.0716294,0.0981622,0.15636161,0.13338315,0.068395495,0.2153796,0.18742317,-0.53197616,0.008570245,0.0899132,-0.259582,-1.005746,-0.23070768,0.24667542,0.112015545,0.14484411,0.08903438,0.083135806,0.085594535,0.41305196,0.46724713,0.67369217,-0.59187907,0.023250207,0.21080405,-0.27308112,0.46334577,-0.41278788,0.8693331,0.39663404,-0.104584,-70.94783,221.1953,204.11081,-223.39227,200.69528,63.695152,188.11125,34.819008,131.971,164.61383,-211.61461,-7.5998106
195,-0.6665015,-0.43014905,0.4571162,-0.03683492,0.02399779,-0.9990332,1.0,0.0,0.0,0.1422028,-0.069707446,0.18600255,0.02436161,-0.70498604,-0.05420637,0.11150432,0.20519952,0.14213711,0.11556327,0.2539624,0.14426334,-0.14557175,0.24499686,0.29977238,-0.5266163,-0.39219669,0.325679,-0.08205172,0.33234188,-0.021933587,0.34528372,0.20841995,-0.35387003,0.7425578,-1.4936773,-0.41429868,-0.015281796,0.5076765,0.09860435,-0.8749395,-1.340277,-1.1776747,-0.2419959,-0.5668109,0.13915336,199.05315,163.0622,239.03035,-220.68903,359.56287,111.563866,-207.01071,100.68047,-193.59576,169.03642,-15.378193,1.7847539
196,-0.14738497,0.16980724,0.47812384,-0.03965241,0.03994836,-0.99841475,1.0,0.0,0.0,0.14778253,-0.041739896,0.21139514,-0.04604876,-0.70952314,-0.009043696,0.06128566,0.24296018,0.12671149,0.17363715,0.23379302,0.12573975,0.15371445,0.08724323,-0.028673235,-0.120551646,0.2525078,0.23724258,-0.38761345,0.07405041,-0.11539193,0.24643233,-0.35380778,0.012132152,-0.10258541,-0.4825472,0.05796038,-0.5219224,0.36191428,0.18935648,0.5758965,-0.600948,-0.18093033,-0.9743852,-0.7489394,-0.12117954,92.957504,350.85645,31.285843,690.3121,204.15436,6.871216,-194.58472,-180.6245,-170.9652,-209.1388,-199.6232,15.569213
197,0.2762105,0.5026046,0.5567722,-0.023335598,0.03741966,-0.9990272,1.0,0.0,0.0,0.13276616,-0.04469225,0.1819362,-0.03866017,-0.5972492,0.047743253,0.025037182,0.24032936,0.08360338,0.2070837,0.10091579,0.08168347,-0.2576176,-0.09883671,-0.20778008,0.10431843,0.8030688,0.24913883,-0.011122982,-0.0919913,-0.2795057,0.09905303,-0.9188013,-0.28732583,-0.44242567,0.736527,1.3915086,-0.37396365,0.8352355,0.12588641,0.7463463,0.01814381,0.12126276,0.4606306,-0.5806308,0.2556591,-163.52179,-111.71849,-54.457115,48.06636,180.05852,-32.536243,199.01605,-209.29994,-143.52087,-228.32068,-200.311,5.5215316
198,0.18331732,-0.15669812,0.62239045,-0.017228188,0.028757203,-0.9994379,1.0,0.0,0.0,0.048818447,-0.06185537,0.16099083,-0.021911025,-0.38035208,0.07114397,0.0525407,0.21599254,0.046301007,0.23437548,-0.07000917,0.08735811,-0.54388136,-0.08399226,-0.014507428,0.045814835,1.3231224,0.07978881,0.25992763,-0.14459126,-0.1120569,0.16890123,-0.7595839,0.22226106,0.7490952,0.026740018,0.9257094,-0.672924,1.2858442,0.08505906,0.04526092,0.3228716,0.63151413,0.098215915,-0.1225077,0.3324056,-134.93756,-105.47177,46.68016,-100.94615,190.64229,-12.2698555,210.7738,-216.13617,247.39584,197.14305,81.86877,39.54841
199,-0.29136923,-0.71457696,0.58760107,-0.035125807,0.03309215,-0.99883485,1.0,0.0,0.0,-0.017530454,-0.054689895,0.18355948,-0.032974243,-0.06419027,0.0767342,0.068947926,0.21087179,0.06462026,0.24181414,-0.15829629,0.1453266,-0.1493796,0.11381868,0.20116937,-0.06270858,1.5878966,0.016184373,-0.009147084,0.06504538,0.24939333,-0.07703987,-0.18160185,0.27316874,1.0437174,-0.017756421,-1.2756331,0.024489596,0.08952154,0.2972896,-0.106911175,0.5322612,-1.0474933,-0.8694751,-0.3829107,-0.23354438,201.25638,110.42343,-3.2833405,1174.6072,-723.6963,4.14855,-46.114044,171.18431,195.82669,-220.20999,199.8251,-20.782623
200,-0.42315894,-0.17340685,0.54402053,-0.051177967,0.049140144,-0.9974798,1.0,0.0,0.0,-0.013035705,-0.027573692,0.19024295,0.009177685,0.108532846,0.108539045,0.04333458,0.23478617,0.10077739,0.21285772,-0.21095568,0.13431452,0.1567863,0.14740911,-0.045741405,0.2834398,0.47409153,0.25429618,-0.17091347,0.16014664,0.11455556,-0.19996183,-0.25054523,-0.32228345,0.16336249,-1.1053053,-0.08546993,0.5861197,-1.2686983,0.49818894,0.06991494,-1.1510922,-0.22486615,-0.48109,-0.14660577,-0.3613675,165.74745,-94.344055,28.494583,43.42308,-224.3909,11.182789,-53.23578,185.75674,-184.98059,-213.72821,19.339462,-200.35045
201,0.15405974,0.31936035,0.39158633,-0.045690246,0.05408084,-0.99749064,1.0,0.0,0.0,0.02663294,-0.023100318,0.14712846,0.09463692,0.13951635,0.19602844,0.040915124,0.24199238,0.10117966,0.1599387,-0.21053511,0.027319966,0.19022776,-0.083892904,-0.32620394,0.5324404,-0.10729547,0.44552866,0.046697114,-0.070018284,-0.07083859,-0.31661066,0.0911319,-0.5659682,0.075043865,-0.47786194,-0.29354495,-0.9594316,-1.5336787,-0.72536993,0.65241444,0.42377293,0.2184675,0.16749129,0.5901438,0.49181765,-1.8612446,-242.23148,-7.944607,173.86374,-199.92606,-40.26341,5.460408,-214.95485,-172.77686,-215.32944,2.1681886,38.357113
202,0.10050121,0.30398333,-0.105479725,-0.032933127,0.049351804,-0.99823844,1.0,0.0,0.0,0.045032877,-0.04849015,0.07906079,0.18995523,0.056072712,0.22163422,0.08757865,0.23610781,0.086494446,0.10587072,-0.13002002,-0.022478646,0.056126088,-0.15940009,-0.35483086,0.43126938,-0.6708531,-0.13044612,0.38824996,0.00021753095,-0.07500974,-0.23082498,0.65733486,0.010366238,-0.001101011,0.013189096,0.67193824,-1.0566019,-1.0993367,-0.8830811,-0.067114204,0.72524655,0.7011401,0.91249985,0.4110517,0.92623377,-21.81439,-238.57578,-209.32901,-241.8227,-200.4576,-201.02597,205.99138,148.03174,213.68274,187.32997,200.49014,199.09792
203,-0.39856198,-0.25919026,0.21416168,-0.033035044,0.057037584,-0.99782544,1.0,0.0,0.0,0.039037958,-0.055593066,0.044952393,0.24926758,-0.14179271,0.1307296,0.11815035,0.258443,0.09500164,0.072571754,0.0030457377,0.04156178,-0.05491851,0.054258924,-0.019770456,0.18995254,-1.2502369,-0.7177225,-0.0386603,0.19733231,0.14183718,-0.1145419,0.6006333,0.5733021,-0.02432322,-0.25045437,0.044222433,-0.76287407,-0.8189521,-0.14512846,-0.7791272,-0.30581865,-0.44289523,-0.4539749,-0.11291463,-0.020707212,-4.461734,77.85687,205.2568,-227.02417,-199.86433,-200.24413,-202.74908,191.8479,189.80006,171.889,-55.676945,199.88892
204,0.087820366,0.07858602,0.6309361,-0.03482387,0.0626688,-0.9974266,1.0,0.0,0.0,0.022065196,-0.0704064,0.041393638,0.26587796,-0.33032686,0.044397335,0.0708448,0.27827457,0.11815828,0.061794996,0.034012675,0.08469184,-0.088183954,-0.17081657,-0.015901126,-0.0019263512,-0.7361428,-0.28614628,-0.39318424,0.030801792,0.10582435,-0.027688218,-0.15096019,-0.05111825,0.4353011,-0.9139624,0.24048527,-0.5956283,-0.9321148,0.4183918,0.20797624,-1.07437,-0.23200953,-0.08512252,-0.07541145,0.17015201,32.282085,-137.67885,30.89918,-225.56218,101.4745,42.97263,-162.07945,7.5401764,-14.906265,4.3015594,-174.31168,-190.57175
205,0.56419605,0.14736788,0.38749132,-0.02922104,0.0494876,-0.9983473,1.0,0.0,0.0,0.046310935,-0.12757525,0.057655513,0.23936665,-0.47920293,0.05310826,0.039129674,0.26604164,0.13181162,0.05668068,0.004084468,0.10140707,0.2945336,-0.37899414,0.16360901,-0.23985867,-0.6718803,0.31296772,0.034116533,-0.13117523,0.0330921,-0.035066828,-0.13212785,0.10300577,-0.030960346,1.6974976,0.20755221,-1.0861287,-0.0298291,-0.10543862,1.2478019,0.8050275,0.61276734,0.76100653,1.1363937,0.41539714,187.48337,-157.85553,259.46497,-196.88318,71.48473,200.32535,242.63847,-76.733604,23.950302,14.027664,15.141815,-10.247971
206,0.047926024,-0.1385779,0.18335018,-0.029857507,0.038661152,-0.99880624,1.0,0.0,0.0,0.06801426,-0.17674941,0.1025309,0.16982734,-0.54963344,0.0523039,0.08018549,0.25863746,0.13159233,0.07301152,0.0054447055,0.15895432,-0.044329524,-0.14165664,0.23929934,-0.42584306,-0.08974137,-0.20419164,0.3474586,0.051122006,-0.036818426,0.16929857,0.1280467,0.345476,-0.45016152,0.95924634,-0.08550008,-0.12608622,0.71101034,-0.36682236,-0.5061374,-0.25488484,-0.36148718,0.4721442,0.8400663,0.39753067,-174.74414,239.80324,-122.18438,-233.12282,200.49866,-46.484276,156.96692,159.76993,-11.3706665,201.92307,104.87717,-11.66268
207,0.021805132,0.39497557,0.7289618,-0.023015086,0.037882224,-0.9990171,1.0,0.0,0.0,0.011006248,-0.19815774,0.11810857,0.094154835,-0.5031654,-0.035640527,0.10879527,0.25996798,0.09397137,0.13388634,0.09500754,0.21917522,-0.4826611,-0.07936892,-0.057733215,-0.3359998,0.49573207,-0.48773152,-0.022353899,-0.033690777,-0.3088654,0.40471336,0.70956165,0.26415253,0.70926523,0.014808182,0.25529984,0.31521046,0.7089968,0.11738285,-0.41660273,-0.702689,-0.34325138,-0.34871536,-0.7137906,-0.046487954,-203.93303,267.26544,-215.725,14.394133,200.02756,40.86301,-198.83406,-216.09451,-193.30733,96.12388,199.97327,-27.122793
208,0.02387968,0.46262842,1.124562,-0.004328879,0.037450563,-0.99928916,1.0,0.0,0.0,-0.039454594,-0.204314,0.1166327,0.038367033,-0.34114903,-0.0691987,0.06917587,0.24590029,0.03272605,0.20429623,0.17501843,0.2089406,-0.062349565,0.0034866594,0.034511905,-0.23173049,1.0671179,0.09413566,-0.34061775,-0.09810434,-0.30775037,0.30937585,0.146858,-0.2965067,0.9206171,0.10531147,1.9829507,0.43929124,1.5522143,-0.1921449,0.13892516,0.35071328,0.5179636,-0.9060776,-0.8278986,-0.28644294,199.97913,204.56136,201.4795,179.11394,200.26701,200.30066,-206.6644,-185.4762,-226.52722,-241.5146,-200.91438,-146.49512
209,-0.39503667,-0.07924302,0.62372833,0.0035876562,0.04639573,-0.99891675,1.0,0.0,0.0,0.0010100182,-0.17970687,0.14613032,0.0028592348,-0.06481522,-0.09033227,0.039214287,0.25215575,0.00081688166,0.24224508,0.140769,0.103835806,0.41865164,0.21370581,0.23354499,-0.13536167,1.6387304,-0.14666863,0.0065365927,0.11206454,-0.03644688,0.09354394,-0.4314007,-0.5683242,0.25196952,-0.81433344,-0.036780577,0.7321299,1.3452247,-0.23088005,0.90614736,-0.50994265,0.41798565,-0.6401904,-0.3462079,-0.10337037,214.88736,279.68372,86.77404,119.3956,198.40526,9.809439,199.65256,51.7096,199.32022,-219.42667,-200.12234,38.204086
210,0.078616805,-0.27168858,0.04025098,-0.0027646108,0.052544817,-0.9986148,1.0,0.0,0.0,0.06603925,-0.15506017,0.12661803,0.067240596,0.17279488,-0.1095191,0.07752357,0.2511097,0.01595968,0.23146105,0.02660644,0.040880505,0.278452,0.05178664,-0.26363847,0.55073845,1.1010215,-0.11745063,0.33929637,-0.10326351,0.17034465,-0.1688422,-0.54960567,-0.21331505,-0.07106459,-0.13792478,0.006287772,0.71731085,0.10839127,0.31734446,-0.16015698,-0.12132729,-0.28972283,-0.7550571,-0.5005578,0.23343346,-1.3897209,-56.429092,-409.80402,190.8183,30.125366,-18.150948,206.2687,-162.90598,219.97165,-215.39694,50.463905,25.301525
211,0.34600556,-0.21190396,0.9258062,-0.011030273,0.04312138,-0.99900895,1.0,0.0,0.0,0.079972714,-0.1557859,0.07447547,0.18754578,0.32769108,-0.069687195,0.10781429,0.21283336,0.047525883,0.18662369,-0.10002309,0.057576254,-0.09588093,-0.034456264,-0.24458276,0.635608,0.5067826,0.45691696,-0.0068407715,-0.254872,0.15027216,-0.27203786,-0.587542,0.24072488,-0.01833641,-0.501084,0.17954364,-1.3082484,-1.9666587,-0.8791808,-0.33092016,0.89996916,-0.5130302,-0.07681953,0.24027221,0.502344,-202.46432,84.07524,199.80748,112.15488,-200.7463,200.55406,-191.27135,-167.74928,-159.46503,-215.42558,51.339764,20.131517
212,0.30130717,-0.18717705,1.4742905,-0.01708408,0.03095677,-0.99937475,1.0,0.0,0.0,0.054463513,-0.1681707,0.04728514,0.28817797,0.36587507,-0.040748328,0.070842266,0.16950324,0.071998894,0.12974417,-0.15254545,0.15045738,-0.12721673,-0.085236035,-0.044632517,0.40091935,-0.06731602,-0.10985383,-0.33437312,-0.18372445,0.093106985,-0.27746964,0.002773756,0.50917596,0.8209721,-0.44999427,-0.5029249,-1.1949344,-0.99426246,-0.75484955,0.34151185,1.0461986,0.46796933,0.64708114,0.81255007,0.27599338,31.92994,-203.93665,221.83585,-220.90385,-200.07011,-199.9764,-201.40482,220.38658,-200.00446,-42.872124,200.02328,-29.245161
213,0.26483706,-0.2012121,0.5613049,-0.023907162,0.020444298,-0.99950516,1.0,0.0,0.0,0.06506127,-0.19186176,0.034929395,0.35939336,0.29075676,-0.12471499,0.045234937,0.14303559,0.09315544,0.08414936,-0.089773,0.19821717,0.19890247,-0.14686447,-0.076194234,0.31934288,-0.62770206,-0.67354244,0.04423575,-0.09283591,0.11546152,-0.18649574,0.5683506,0.12045161,0.41654313,-0.27931002,-0.8703762,-0.9067459,-1.3393844,-0.3206456,0.565415,0.4750822,-0.014304224,0.4355964,0.41358072,-0.29154035,195.55179,-214.65186,-164.46655,-216.1101,-199.56015,-200.29935,202.05609,208.88414,213.21628,187.05882,200.25404,-25.10882
214,-0.026219217,0.07801334,0.042537566,-0.023789208,0.016369645,-0.99958295,1.0,0.0,0.0,0.134485,-0.21331145,0.006673336,0.41179645,0.10356927,-0.19912261,0.10192942,0.151899,0.07093394,0.106719375,0.011472404,0.14884794,0.39863214,-0.082566634,-0.18650764,0.21656783,-1.1883519,-0.19703029,0.46456417,0.1373833,-0.22201529,0.25237933,0.5291115,-0.5284209,-0.28283808,0.5231225,0.118022874,-1.0549096,-0.88431996,-0.0041710436,0.16878943,0.38828543,0.005405929,0.29232952,-0.12250955,-0.09866564,-1.2371129,-64.419106,-181.71149,-230.19601,-199.69678,54.479588,181.03119,232.24734,-37.73027,153.41933,18.206673,-202.70047
215,-0.40586582,-0.3480214,0.6900034,-0.030736737,0.02724715,-0.99915606,1.0,0.0,0.0,0.17937328,-0.20704637,-0.00026857853,0.42967474,-0.1393969,-0.18177968,0.14939065,0.1970687,0.046429157,0.15372038,0.05080962,0.0803262,0.07898173,0.11534417,0.07086244,-0.013506199,-1.1021141,0.23694943,0.07852363,0.28091186,-0.06345926,0.21543472,-0.06486286,-0.26836225,-0.5621421,-0.49537316,0.12905687,-1.1244836,-0.21433707,-0.16028664,-0.9077545,-1.1389074,0.2829487,-0.7575495,-0.09325122,0.3144677,-197.11844,202.71298,143.1936,-232.4151,108.090546,27.59815,-113.72473,25.617579,-36.0066,-83.34413,-201.14645,34.617767
216,0.15312028,-0.51370174,1.0508202,-0.04815966,0.032351993,-0.9983156,1.0,0.0,0.0,0.15256971,-0.21243814,0.029095769,0.40528667,-0.29594928,-0.17017514,0.1165469,0.22587368,0.06697351,0.16863263,0.018043399,0.089735456,-0.31365624,-0.14620428,0.17590183,-0.20223264,-0.52052957,0.015785234,-0.36109072,0.029296098,0.22531588,-0.037205357,-0.16334258,0.27588028,0.6573634,-0.58756375,-1.1300423,-0.73123974,-0.17863612,-0.2658241,0.3440016,-0.43022758,-0.92258215,0.10093448,0.14668319,0.40410772,-198.41501,-201.94704,-53.600998,-229.95462,199.7869,-4.5648427,-199.12552,-230.17184,143.75206,-215.90393,13.918674,95.22388
217,0.58574206,0.089051746,0.45220447,-0.05463651,0.018349713,-0.9983376,1.0,0.0,0.0,0.123018205,-0.2664294,0.043401003,0.35274673,-0.33509034,-0.18991843,0.092745125,0.20863962,0.083278,0.159127,0.034281194,0.16520779,-0.012939853,-0.36658385,-0.009135365,-0.31415698,0.07008775,-0.1079682,0.07536025,-0.16795836,-0.03447264,-0.031616207,0.14617106,0.35923752,0.29082915,1.2239925,-0.286889,-0.765738,-0.0018253326,0.15906087,0.6565604,0.44262218,-0.4933581,0.41101414,-0.112709336,-0.011057235,183.03497,-104.28467,-163.82549,-228.99086,200.98172,5.077828,234.9464,95.79248,84.44559,327.33356,-49.134705,-25.940933
218,-0.048245475,0.55986917,0.0003555627,-0.040477406,0.009074471,-0.99913925,1.0,0.0,0.0,0.14858587,-0.31224474,0.02530241,0.2773615,-0.27084452,-0.14983289,0.15641661,0.20381409,0.039584875,0.18121588,0.014063299,0.17345297,0.17834382,-0.12226067,-0.16071443,-0.43053618,0.3931876,0.40695435,0.51450413,0.0851883,-0.37719437,0.21413068,-0.18085496,-0.20337431,0.09070303,0.97556335,1.1264777,0.6336662,-0.08924776,-0.40280807,-0.355142,0.13685626,0.32849947,0.7687742,-0.17569402,0.078931384,-0.7003937,180.38448,-102.529335,-210.42006,-22.884483,65.83093,196.03137,102.63753,-227.20927,149.61176,3.2233555,-134.02286
219,0.020304658,0.010504946,0.51947486,-0.030086322,0.009801437,-0.9994993,1.0,0.0,0.0,0.1536551,-0.32803214,0.013800383,0.20164967,-0.2221641,-0.13391571,0.2089838,0.21089709,-0.01276654,0.23723686,-0.03194672,0.14792524,-0.049963597,-0.039930996,0.02891452,-0.33118057,0.19528976,-0.18716048,0.060376044,0.007607551,-0.1639064,0.33326554,-0.21524146,-0.103095174,-0.2078814,-0.09414843,0.6713333,0.24010457,-0.38060677,-0.55048466,-0.77509147,-0.9643015,0.22593927,-0.7015212,-0.18908401,-0.19715974,-73.502174,210.13565,235.81625,187.03224,-17.738762,-199.66136,-200.55225,-164.22656,204.83194,180.00395,24.244331,11.75521
220,0.15774949,-0.49522102,1.1288909,-0.04041166,0.006970668,-0.9991588,1.0,0.0,0.0,0.10855507,-0.32878113,0.03622389,0.14513874,-0.2387324,-0.21976674,0.17166652,0.20350856,-0.007967234,0.2799512,-0.071302116,0.079859085,-0.35943195,0.021839863,0.17886177,-0.24234317,-0.20092836,-0.4851408,-0.3855733,-0.07767182,0.1768629,0.115996614,-0.17444354,-0.40149912,0.5141361,0.83601755,-0.5561114,-0.097497836,0.17136674,-0.44920397,0.6560885,0.8866151,-1.0315291,-0.48671404,-0.8004528,0.2181415,-151.54784,178.42015,201.9877,177.6684,-2.220595,36.10894,-198.64003,-232.41458,198.59348,-221.05368,17.36283,21.575832
221,-0.44456533,-0.016236547,0.6214411,-0.04918602,0.015545581,-0.9986687,1.0,0.0,0.0,0.0730863,-0.30012307,0.054308176,0.09496498,-0.21354657,-0.2816833,0.14676143,0.21310355,0.0024894476,0.29141128,-0.1685791,0.063148364,-0.022923071,0.24422978,0.011489433,-0.19430427,0.41616383,-0.23220716,0.08736489,0.15451251,-0.047949664,0.009470926,-0.7416996,0.16077311,0.2639674,-1.0602142,-0.10889067,-0.2401092,-0.29271716,0.04913053,0.40394723,-1.3012915,-0.46805093,-0.425523,0.060333304,0.18732935,77.1025,177.84308,293.6878,866.60645,308.23798,83.77803,197.59721,195.31216,-214.26546,-225.8452,-200.38428,133.10046
222,-0.02626897,0.54354125,0.40879443,-0.03742401,0.025010051,-0.9989865,1.0,0.0,0.0,0.09930427,-0.272071,0.043286562,0.09452307,-0.16140532,-0.24767174,0.19885042,0.21828304,-0.02872765,0.2776904,-0.25200087,0.0946032,0.194647,0.054298945,-0.11287031,0.08244952,0.09672255,0.41947123,0.31469443,-0.087319046,-0.23539506,-0.12950087,-0.15133111,0.14001398,0.3610136,-0.28731716,0.6775412,-0.036906257,-1.0300862,-0.12687343,0.06328267,0.44029906,0.29622987,0.16446581,-0.66322887,-0.21146938,-35.53148,-89.56172,136.9448,213.99817,-137.11816,70.836174,-30.265642,-275.2252,-173.81085,-208.82332,200.75491,-19.682447
223,0.009463208,-0.05584276,0.52288455,-0.028524162,0.026471077,-0.99924254,1.0,0.0,0.0,0.15530802,-0.25320947,0.049580753,0.11735904,-0.19655669,-0.19857322,0.21604228,0.21271054,-0.037181616,0.24570405,-0.3331023,0.05924555,0.28932092,0.11128618,0.14502302,0.122144476,-0.40331697,0.1560654,-0.1067402,0.015914144,0.10300963,-0.17016862,-0.4803904,-0.37052554,-0.27843064,0.24392438,0.48896787,-0.3785692,-0.35334587,-0.7354535,-0.52420956,-0.020466186,0.88362,0.49522394,0.5249001,0.2703447,-51.508774,83.92522,220.52075,57.41382,-173.8164,-29.6189,-199.58868,195.2924,201.97658,54.65493,28.620708,-33.5912
224,0.056832947,-0.6746917,1.184438,-0.04332379,0.026116336,-0.9987197,1.0,0.0,0.0,0.17672326,-0.22330588,0.09507632,0.13657153,-0.2422027,-0.22840546,0.14515318,0.20676629,0.008846998,0.2217362,-0.3663823,0.04949396,-0.039555673,0.18121469,0.3053026,0.07948611,-0.16926911,-0.39888865,-0.55850786,-0.07107581,0.33364943,-0.077835314,0.09063867,0.21438599,-0.14607006,-0.82967806,-1.3604441,-0.9908298,-0.31745806,-0.20681895,0.767649,-0.46706143,-0.5498046,0.18834239,0.71962345,0.4412445,-151.32422,148.75983,36.576767,-25.495087,22.034626,-186.9443,-203.04047,-273.13727,183.82065,175.12993,199.88809,198.31165
225,0.43657207,-0.10290539,1.1894895,-0.056528844,0.018224766,-0.9982346,1.0,0.0,0.0,0.13046397,-0.21899574,0.13229096,0.14891136,-0.25970203,-0.25215504,0.076401114,0.16729043,0.040175676,0.21164656,-0.28388602,0.13466766,-0.36149675,-0.1050239,0.09419005,0.055936407,-0.06209683,0.049958024,-0.16929922,-0.2913961,0.019429227,-0.03489271,0.6758403,0.45385525,0.47336695,-0.42154482,-0.5443565,-1.3234202,0.15193363,0.17939082,0.7547412,1.2097775,-0.4230325,-0.06764936,-0.116659574,-0.19916701,-86.90985,-223.2061,-37.69133,-2.1652985,10.218454,52.271706,200.71123,-196.08578,-200.15456,-23.518333,200.07494,-41.271
226,0.40137115,0.4150221,0.39082167,-0.04866437,0.0031439154,-0.9988102,1.0,0.0,0.0,0.09273756,-0.24578924,0.1289007,0.1546936,-0.21231002,-0.1781198,0.08008582,0.12840162,0.024418771,0.20544219,-0.20515543,0.16524312,-0.033510137,-0.14819717,-0.117751956,0.05523718,0.36124927,0.54745436,0.12879366,-0.08276395,-0.15384607,0.030085368,0.20458739,-0.08214959,0.97741663,0.6172277,0.19202839,-0.1583865,0.41469526,-0.37623647,0.3074388,0.55846995,0.7537442,0.05051712,0.20727353,-0.16834676,184.97542,-57.21006,-130.12088,327.66263,-65.65013,39.420143,123.946976,546.23755,22.30156,169.28207,-99.66064,-176.19424
227,-0.050000478,-0.16145964,-0.031284835,-0.045560967,-0.002618773,-0.9989581,1.0,0.0,0.0,0.13624634,-0.24905507,0.12615645,0.17459464,-0.15658587,-0.1138732,0.12587334,0.14116225,0.014237165,0.20964205,-0.14150095,0.09546938,0.40704694,0.0915427,0.061500728,0.116719626,0.2684835,0.12491409,0.26124936,0.14628655,0.014851031,0.028604506,0.32521036,-0.4413465,-0.33521375,0.7248724,0.75639707,-0.71856064,0.4693911,-0.5318352,-0.47371233,0.0142936185,0.053737503,0.3325789,0.66448736,0.38000193,225.8034,160.1805,-85.79784,53.52867,17.77652,-156.15247,-32.567,26.915665,-6.93277,49.264297,1.193634,16.253754
228,-0.029112667,-0.61007833,0.726394,-0.061971296,-6.771274e-05,-0.99807787,1.0,0.0,0.0,0.17979775,-0.22181427,0.14988917,0.19920611,-0.10270429,-0.13742557,0.13498268,0.16390143,0.016555607,0.23265648,-0.050741613,0.06378349,0.061674904,0.17278248,0.16666642,0.11954546,0.2790091,-0.3194204,-0.13080098,0.08529546,0.019157054,0.16305508,0.54966444,0.06899499,-0.09658962,-1.0715533,-1.3137274,-0.7235001,-0.41716617,0.0025802553,-0.2818721,-0.76394385,-0.6688933,-0.057955258,-0.28212243,0.29814366,-172.14961,218.20688,-17.374512,20.582382,11.1822815,-150.21631,-219.28897,-121.829384,-194.96062,54.90383,66.02702,171.79767
229,0.4151466,0.03710987,1.1299444,-0.07201602,-0.005848952,-0.99738634,1.0,0.0,0.0,0.14280412,-0.2170728,0.15964282,0.21261752,-0.11082834,-0.13907309,0.070824906,0.15585046,0.004036367,0.25511253,-0.0043858886,0.11387314,-0.33714232,-0.09780543,-0.04356637,0.020017456,-0.29816824,0.18068054,-0.4479156,-0.14357823,-0.13415965,0.060666945,-0.023911776,0.2713042,0.4780532,-0.10469878,-0.6144175,-1.9364675,-0.6624609,-0.3109354,0.64363074,1.0764208,-0.5440661,-0.50365865,-0.9579184,-0.10995417,-18.47833,-200.61931,-215.8897,-223.83766,-200.36589,46.07626,-92.20276,-181.71436,-235.01125,-236.95108,-200.76187,-22.056423
230,-0.08165271,0.57799685,0.6171779,-0.05922219,-0.00847662,-0.9982088,1.0,0.0,0.0,0.11371415,-0.20957725,0.13415468,0.20377183,-0.2216329,-0.1581453,0.029226823,0.15452348,-0.045079708,0.2546724,-0.07144493,0.10543107,0.010661078,0.12431147,-0.19888781,-0.09857306,-0.635571,-0.21324925,-0.012026894,0.09142687,-0.33464387,-0.056203045,-0.5901007,-0.2659952,0.5816973,0.29676357,0.9429254,-0.652332,0.36787915,-0.25634107,0.7669776,-0.016849957,0.94069433,1.1826292,-0.10290137,0.46488503,208.03665,24.251532,-208.35864,-230.79485,29.442022,-6.596252,202.83824,183.01704,-194.27296,-232.56717,-199.95792,-89.139015
231,-0.13369603,-0.0040927506,0.18363291,-0.048905782,-0.0032737814,-0.99879813,1.0,0.0,0.0,0.16747396,-0.17250206,0.13293618,0.15850544,-0.28532213,-0.18485624,0.067125,0.16202812,-0.09378016,0.2522415,-0.1274491,0.11806828,0.47884437,0.23518293,0.14758234,-0.33175534,-0.059069693,-0.10772803,0.35474426,-0.009020685,-0.16975316,0.027467508,-0.03625356,0.33252373,-0.12833293,-1.1894673,0.07949118,-0.9940534,0.18548368,0.59002507,-0.13295513,-0.65803754,0.5530076,1.0038764,0.06965461,0.4019777,224.48807,148.66762,118.90988,-262.56183,198.95656,12.529085,194.72845,-253.85391,196.05476,180.0172,157.93628,198.70012
232,0.32404444,0.010539792,0.45770666,-0.048534982,-0.007584217,-0.9987927,1.0,0.0,0.0,0.21775836,-0.15574594,0.15387464,0.090075254,-0.228244,-0.14049311,0.09259725,0.13737763,-0.11858451,0.26662958,-0.09152812,0.18779238,0.087963186,-0.04344074,0.07960192,-0.25696722,0.5805988,0.5134515,-0.061065193,-0.21123512,-0.08210265,0.1076472,0.23063894,0.31673238,-0.23548698,0.39520827,-0.9219079,-0.75480044,-0.018583864,0.4462285,0.01224675,1.4256597,-0.5654073,0.54322356,-1.0097404,-0.05637739,-180.18521,-401.22345,246.59906,390.01837,142.36435,218.1608,-200.0406,-213.044,212.74898,183.17873,-8.556592,-31.323206
233,-0.38353965,0.43718293,0.8613911,-0.039204,-0.0035615454,-0.9992249,1.0,0.0,0.0,0.20386413,-0.15275322,0.15520811,0.0573771,-0.16373211,-0.0040308186,0.07366238,0.12569027,-0.1674242,0.31084538,-0.108828664,0.18608071,-0.21294236,0.079495244,-0.06731276,-0.11238956,0.18153633,0.67643696,-0.09662438,0.064775296,-0.37223062,0.29212493,-0.34539273,-0.26776972,-0.0018911748,-0.4456586,0.9141045,0.2645682,-0.34723973,0.082032025,0.5323186,-0.4590144,0.86352587,-0.21980962,-0.28322813,-0.02363959,-186.04787,65.67677,91.61252,165.29025,-28.611315,-50.066116,12.924479,192.52795,-209.30084,30.564503,-200.3246,-173.80762
234,0.22513448,-0.020448705,0.6107866,-0.03169608,-0.00070824195,-0.9994973,1.0,0.0,0.0,0.15577234,-0.15819035,0.15833193,0.05107832,-0.18382508,0.07054611,0.09146839,0.1065324,-0.21149355,0.3444848,-0.15525609,0.13480271,-0.23250906,-0.11206974,0.077077456,0.037645683,-0.2313633,0.12925996,0.2436224,-0.22896841,-0.08912934,0.070021205,-0.19088517,-0.22926758,0.78489506,-0.2987816,-0.5142886,-0.07023223,-0.07963057,-0.7859063,0.26782417,0.44785276,0.8894798,-1.0595764,-0.228043,0.5121068,12.712364,-152.75966,145.85414,202.80934,-12.420173,-185.60304,200.40735,-226.32982,253.95331,-197.5401,23.263683,15.274744
235,0.14372092,0.058174744,0.053627115,-0.030752102,-0.0074355165,-0.9994994,1.0,0.0,0.0,0.14547096,-0.17896056,0.1700089,0.045174956,-0.17667335,0.03386222,0.13653901,0.07349543,-0.20865732,0.33348644,-0.17587876,0.15133855,0.09509895,-0.09601363,0.04335255,-0.07256412,0.138128,-0.43949032,0.20353027,-0.11137241,0.09682246,-0.15639745,-0.07901223,0.33782107,0.054184176,1.0069458,-0.49331298,-0.6119785,-0.44574535,-0.091385454,-0.31143147,1.345816,-0.40740612,0.25066295,-0.2682202,0.8070256,197.91537,-87.96888,-191.12556,-144.92546,1.2228436,-199.85292,-27.775215,207.9632,223.07327,-208.81491,11.216507,200.03383
236,-0.44112837,0.51233435,0.44169387,-0.018393958,6.007218e-05,-0.99983084,1.0,0.0,0.0,0.13152513,-0.17438233,0.16201681,0.02557695,-0.20353836,-0.004700302,0.13715824,0.07977466,-0.21699709,0.3107413,-0.19754034,0.27549437,-0.128766,0.14332134,-0.09269858,-0.056269076,-0.27971527,-0.08884851,-0.15804361,0.15147582,-0.1477028,-0.086464226,-0.10211575,0.7550545,-0.23291323,-0.7427785,1.1321607,1.4554769,-0.039926484,0.45515588,-0.0523348,-0.9183225,0.48038968,-0.040471606,-0.1484804,-0.31244707,-64.42617,397.7906,203.44589,223.65492,-38.70471,16.531517,-196.15971,210.148,-179.54709,-8.092468,7.0550923,-10.645425
237,0.20757464,0.05948993,0.72841877,-0.0076084174,0.003473188,-0.99996495,1.0,0.0,0.0,0.069733396,-0.17383952,0.15673709,0.02649331,-0.19974095,0.041637175,0.09194831,0.08437674,-0.21336001,0.26902223,-0.18998581,0.36414498,-0.40261465,-0.109222926,0.030641368,0.05520248,0.20341408,0.49482718,-0.22726348,-0.08535489,0.15279351,-0.3069514,0.059148557,0.18917641,0.9076772,0.26404694,-0.043165784,-0.8684571,-0.6817026,-0.17560256,0.37446892,0.37654853,0.63793695,-0.34379512,0.034984462,-0.48242405,-35.261574,-214.3018,177.50867,172.18373,49.297188,199.60052,39.063427,-191.19003,200.04692,-222.24335,-1.7584194,-200.03636
238,-0.28642794,0.11309668,-0.06930201,-0.00410689,0.0061247554,-0.9999728,1.0,0.0,0.0,0.03139473,-0.17027642,0.16189528,0.022587419,-0.22125429,0.07638008,0.085848756,0.090412885,-0.16739923,0.18227291,-0.14257663,0.33814478,-0.019150114,0.12319217,0.023000391,-0.07995692,-0.36219537,-0.08887982,0.13159172,0.12148564,0.29381362,-0.54038066,0.2586937,-0.3912189,0.40109894,0.041952703,-0.3525243,0.7723742,-0.48439002,0.01938364,0.1298262,0.19996655,-0.28500253,1.4092486,0.060919218,0.36730793,199.25725,203.31653,-195.46964,-214.04764,-199.86382,-199.97021,196.26035,182.34264,180.80261,-245.37346,-18.380806,-200.81921
239,-0.45687455,0.5713462,-0.24245697,0.010410696,0.02254579,-0.9996916,1.0,0.0,0.0,0.0673719,-0.13267569,0.1375851,0.03635955,-0.28699642,0.06185796,0.10419871,0.120762736,-0.14028955,0.09929204,-0.09195173,0.31784073,0.34118202,0.21289492,-0.24543265,0.19017991,-0.29073843,-0.0621832,0.07268365,0.15474427,0.008911835,-0.30944097,0.22708102,0.054774243,0.07225836,-0.9488615,1.1198914,0.1943201,-1.4213239,0.051888883,-0.60615855,-0.9940384,0.7581081,0.18869078,0.3338015,0.73334104,212.86943,3.7183533,-275.1516,145.36368,26.112709,4.5643115,-55.368446,-80.08754,-197.56383,176.67537,-23.64447,32.983284
240,0.16809225,-0.07673025,0.19347042,0.018230518,0.026764786,-0.99947554,1.0,0.0,0.0,0.09472692,-0.11810148,0.11675221,0.07128644,-0.40960902,0.05825142,0.07762343,0.12877958,-0.14029342,0.07753229,-0.0059663653,0.38004002,0.006562297,-0.033262476,0.010205193,0.16157305,-0.87683886,-0.008468507,-0.3006889,-0.052998807,0.038114592,-0.0024926108,0.4851676,0.47823068,-0.3001141,0.016466219,0.1219286,-0.24241991,-1.2866234,-0.20467117,0.098689005,0.27709022,0.41373792,0.6322083,0.2735811,0.02427008,-73.41408,-193.09795,202.66396,-5.523406,-199.75005,0.38885432,-210.13556,-211.7235,97.72591,192.58443,-21.008791,39.414856
241,-0.26963595,-0.3301383,-0.027579688,0.0089652855,0.031018503,-0.99947864,1.0,0.0,0.0,0.05775189,-0.10296914,0.12815052,0.08330679,-0.615982,0.008345472,0.049947042,0.14213634,-0.13246155,0.09432387,0.06015259,0.41435862,-0.34655613,0.13251035,0.07971528,-0.015838195,-0.98764175,-0.3116811,-0.007447257,0.1477722,0.018975765,0.1543492,0.25254172,-0.072537005,0.23459166,-0.27982208,-0.5756032,-1.0092225,-0.9862303,-0.38818234,0.76627755,0.5007356,-0.80336267,0.04786647,-0.90891314,-0.2106027,-204.17935,35.350647,-75.967606,-204.90823,89.43733,21.173992,149.16385,262.97266,-26.039139,139.99702,-18.914425,-180.42001
242,-0.3477814,0.26836473,-0.5933518,0.008574239,0.04354207,-0.99901485,1.0,0.0,0.0,0.028078863,-0.08003619,0.12435907,0.06625962,-0.732737,-0.082749315,0.090997666,0.17847544,-0.14910239,0.11163986,0.0474298,0.33637327,0.017463231,0.10145569,-0.10028517,-0.1413006,-0.19206728,-0.4461237,0.38009554,0.20600371,-0.169924,0.029086774,-0.32016182,-0.65137786,0.6721028,-1.1342982,0.87476194,-0.11776766,-0.0998501,0.35352492,-0.5837764,-1.1593269,0.0051944815,-0.36416915,-0.5904193,0.24447623,198.67403,-185.4202,-186.64915,-214.05107,222.35706,34.184456,189.22679,176.52774,-246.98209,-223.76868,-200.80228,-200.88681
243,0.23669414,-0.12214947,-0.4961253,0.009265481,0.04495382,-0.9989461,1.0,0.0,0.0,0.072099626,-0.08431686,0.1323353,0.024264693,-0.7073553,-0.10642925,0.1274885,0.1986444,-0.14441061,0.09030557,-0.07399255,0.2702236,0.3867903,-0.122551166,0.13907729,-0.23481219,0.38402244,0.14991313,0.021502608,0.015502137,0.1716861,-0.21222663,-0.7382402,-0.08836474,-0.64052653,0.8678728,0.4088519,-0.2047442,-0.74295896,0.43471232,-0.90347856,0.37557358,-0.1058902,0.40283737,-0.35016197,0.3323488,197.41658,-181.74129,237.19768,41.320625,201.04823,200.38484,-200.99373,-210.78981,98.746826,-218.77411,17.8703,119.33996
244,-0.3099513,-0.40531328,0.31863827,-0.0024792536,0.04837497,-0.99882615,1.0,0.0,0.0,0.105819635,-0.08287277,0.16864038,-0.0080292225,-0.6935025,-0.005748579,0.09221944,0.22310062,-0.117890894,0.089619875,-0.1575591,0.27765015,0.0046003885,0.0825246,0.22325495,-0.14383338,-0.083666615,0.6429753,-0.34634402,0.2052543,0.10594865,0.114428535,-0.28836313,0.07353255,-1.0401602,0.51045877,-0.45796445,-0.018649653,-1.0465488,0.0366648,0.47223783,-0.7011134,-0.31187493,0.6029933,0.2255864,0.13780326,-175.96407,93.35322,48.410202,58.037827,-24.116951,-14.251404,-195.41017,-4.617977,-68.90461,209.08995,38.099003,5.881466
245,-0.4078502,-0.01472842,0.39226434,-0.008744489,0.06291859,-0.99798036,1.0,0.0,0.0,0.06877811,-0.06221188,0.18571806,-0.012939572,-0.7015949,0.058123734,0.07078164,0.2528514,-0.13670439,0.13677263,-0.15139222,0.25305524,-0.33087724,0.117104486,0.0005702008,0.048824344,-0.013673166,0.059027065,0.083187975,0.104483604,-0.24254265,0.32257774,0.29104003,-0.1632716,0.5536473,-1.3367474,-0.4487687,-0.8515308,-0.53536046,-0.46704295,0.4623329,-1.094705,0.036964532,-0.94537765,-0.29971412,-0.08705169,-167.41371,52.613007,47.19525,148.48537,13.370178,-193.37181,195.52068,-201.84286,-54.24086,170.87534,199.77263,3.8514018
246,0.07958437,0.07678932,-0.37774426,-0.0075996555,0.06857361,-0.9976171,1.0,0.0,0.0,0.040074915,-0.05173249,0.17805207,-0.00088238716,-0.6676437,0.02051338,0.12700728,0.24775419,-0.16820109,0.17211854,-0.15390623,0.1809851,0.016113127,-0.008026958,-0.06552613,0.058961928,0.20559037,-0.4008375,0.4219787,-0.13499568,-0.084689796,0.059077363,-0.19039972,-0.38822955,0.37306315,0.12573682,0.42078805,-0.4567278,-0.55885553,-0.2594693,-0.5027959,0.5123456,0.3504932,-0.83522224,-0.65804124,0.32676256,148.69173,124.941956,230.80527,323.14062,26.754034,-104.621506,100.93274,-217.3353,239.0026,-198.7327,-35.75413,23.117678
247,-0.29435092,-0.4644549,-0.34964857,-0.017234562,0.074579105,-0.9970662,1.0,0.0,0.0,0.08004404,-0.023369778,0.193488,-0.0024911165,-0.64092785,-0.044873465,0.16656707,0.24962889,-0.14231408,0.159006,-0.24801248,0.16524272,0.33355194,0.2343643,0.1805082,-0.06098653,0.10234562,-0.28547502,0.011101686,0.113864474,0.3055082,-0.17037748,-0.5882666,0.16197859,-0.3046768,-0.29113767,-0.1852967,0.042714223,-0.73960173,0.24558485,-0.94157535,0.057678975,-0.6161151,-0.12430792,0.36930358,0.6306858,92.556076,192.22699,18.696213,-81.26329,-14.435618,29.565697,-203.15962,194.82779,194.09474,-226.43439,17.588005,147.51248
248,0.2130415,0.1706825,0.22562216,-0.021940706,0.07496869,-0.9969444,1.0,0.0,0.0,0.09847394,-0.0042611216,0.19916898,0.0040183067,-0.65712804,-0.037774805,0.1343026,0.24647875,-0.09816712,0.11165476,-0.30076295,0.25312772,-0.1052502,-0.01830641,-0.08213602,0.07909047,-0.11773111,0.2979322,-0.30478144,-0.11492088,0.14443947,-0.27389428,0.0015287729,0.5452535,-0.4376824,-1.3048377,0.032164026,-0.1545563,-0.77478075,0.2858669,0.024612412,-0.6887869,-0.22831759,-0.20529136,0.45353305,0.06940654,-200.37709,-194.63666,-202.61266,-40.307957,3.9807515,200.1241,-205.74405,-192.46132,-219.75339,-117.946,199.9415,-23.244404
249,0.72690403,0.5762183,0.1825432,-0.0043752827,0.055761803,-0.99843454,1.0,0.0,0.0,0.03382024,-0.033636346,0.17076117,0.0041148663,-0.68551177,0.039707873,0.09478651,0.21205625,-0.10034537,0.07336199,-0.23156804,0.3040923,-0.5041622,-0.24764912,-0.1700351,-0.0747127,-0.13231738,0.3639599,-0.15739618,-0.19915336,-0.11618078,-0.115127765,0.62438124,0.03145083,0.2997773,1.08488,0.8312929,-0.7441167,-0.18891867,-0.35632044,0.5753217,1.7785245,0.5173982,1.52535,0.18818302,0.06215907,-206.16751,-97.303314,-154.9161,-266.64282,11.982544,-32.679104,56.309982,281.5865,-232.78992,0.16383362,199.95236,-160.73132
250,0.09073596,-0.11814041,-0.32933003,0.0038195401,0.03994233,-0.9991947,1.0,0.0,0.0,-0.018319681,-0.053019743,0.16530037,-0.024439096,-0.6516705,0.055266272,0.09667822,0.20072055,-0.1083588,0.06611037,-0.12600732,0.2616354,-0.062285244,0.026189914,0.056804806,-0.08689521,0.39357194,-0.11055428,0.15343134,0.056624394,0.035847247,0.020299783,0.46226057,-0.28936422,0.518914,-0.00708076,1.329743,0.016545504,0.7296214,0.09289585,-0.2783568,-0.4384369,-0.28323537,0.43428963,-0.31080952,-0.096401185,191.72461,210.87282,33.52437,220.75339,154.7818,-136.00543,200.05696,198.88367,204.11626,183.98946,-42.689808,14.171932
251,0.18766725,-0.22719425,0.018116256,-0.003568602,0.034104656,-0.9994119,1.0,0.0,0.0,0.0072313617,-0.049424324,0.1730426,-0.020234227,-0.52019185,0.062447537,0.0960101,0.20555612,-0.11172855,0.098805904,-0.09664059,0.17797312,0.27231613,0.0253716,0.035850167,0.077221364,0.8757348,0.06515772,-0.1293928,-0.005245413,-0.058443394,0.27676743,-0.11129185,-0.40374213,-0.1728726,0.36756197,-0.83519346,-1.0294963,-0.33657724,0.43500683,-0.08515614,0.5528494,-0.8277617,0.3493088,-0.9768737,0.4823768,172.80962,156.86484,-15.821945,45.730156,170.8007,2.4899063,-199.94682,-207.45148,-194.97957,182.24573,-199.98735,35.475685
252,-0.3815982,0.31702015,0.3755808,-0.00051814975,0.039145555,-0.99923337,1.0,0.0,0.0,0.019575788,-0.022946863,0.16480327,-0.021309495,-0.40795225,0.12880833,0.056698855,0.22855787,-0.15017766,0.16139281,-0.181764,0.1597958,-0.10756391,0.22085331,-0.10467567,-0.075287305,0.30432925,0.4356695,-0.19986854,0.21263157,-0.29878387,0.31520244,-0.6822533,0.16638754,-0.47216535,-0.1895692,1.0142297,-1.6723303,-0.3999216,0.10677032,0.6829369,-0.8513698,0.7182887,-0.23308271,-0.16451718,0.03301365,-198.37093,197.57762,-196.64288,-221.13951,-199.62524,-8.849035,17.131489,243.3771,-180.09308,-92.84762,-199.52888,200.79015
253,0.050444685,-0.22214188,0.43892756,0.0012291241,0.04469137,-0.99900013,1.0,0.0,0.0,-0.040029902,-0.0075744675,0.17295551,-0.034611464,-0.39086324,0.14306393,0.050503433,0.24503347,-0.18208832,0.19537544,-0.25511843,0.14508182,-0.45996276,-0.027326072,0.14053704,-0.074215814,-0.013591404,-0.07361814,0.10787231,-0.028893558,-0.045780864,0.053837508,-0.108876646,-0.15406775,0.54943556,-1.0710762,-0.13045721,0.09175931,0.120894656,0.48632714,0.5090217,-0.37369904,0.1639919,0.124707974,-0.7706646,-0.1715123,-170.51936,-331.77383,78.42999,5.966263,-21.590685,-18.62695,198.97984,-208.07228,203.90782,-213.99315,200.15424,-5.9981637
254,0.6266312,-0.21334183,-0.31195214,-0.007357047,0.029886374,-0.99952626,1.0,0.0,0.0,-0.087179,-0.03753878,0.177441,-0.021249056,-0.32917148,0.18987563,0.11198586,0.21043102,-0.1756733,0.18744981,-0.33851343,0.07703229,-0.054603357,-0.2457443,-0.06213323,0.15166144,0.56407356,0.4110582,0.46927735,-0.2903849,0.092527054,-0.091130555,-0.6017594,-0.36088428,0.6411401,1.112597,-0.54082686,-1.320688,-0.18775955,0.4311209,0.049461998,1.2097186,-0.9842998,0.13678175,-0.5257729,0.08000093,203.26048,-211.6016,-237.15054,-9.645386,166.77385,21.737045,198.65546,-171.44667,301.79782,16.436823,-21.249783,23.899313
255,0.09974393,0.3667654,-0.26807058,-0.0032966703,0.016234916,-0.99986273,1.0,0.0,0.0,-0.056786142,-0.060191724,0.15147632,-0.0063500404,-0.27251095,0.2523919,0.17092456,0.17977306,-0.17947638,0.17551267,-0.40293592,0.05768128,0.31961358,-0.007268755,-0.18385974,0.0118427165,0.13900928,0.2659785,0.1485402,-0.04179153,-0.11265472,-0.039469905,-0.18802135,0.019395748,-0.29445207,0.24309552,1.1507995,-0.6681657,0.047115847,0.11118415,-0.8818769,0.3502607,0.6855726,0.6276929,-0.010446472,0.49821886,201.53976,153.0718,-192.1631,-214.01709,-40.90293,-29.962389,-201.15129,181.4393,-184.07817,-24.358185,34.651535,23.45512
256,-0.3355837,-0.22640324,0.2089383,-0.001402897,0.02252414,-0.99974525,1.0,0.0,0.0,-0.034578677,-0.04320114,0.15015489,-0.029816508,-0.20373052,0.24497586,0.1512,0.20057276,-0.18126488,0.18117118,-0.37771016,0.12172995,-0.059318345,0.1479463,0.12621759,-0.15612368,0.38793287,-0.21193056,-0.29830882,0.20262603,0.08365751,0.08185583,0.38347113,0.51285404,-0.41962594,-0.053320076,0.14727934,-0.026777893,-0.029191032,0.5271621,0.39690745,-0.10601049,-0.39183667,0.61239094,-0.56980264,-0.148514,-181.32507,52.327698,325.74442,220.83734,-16.9959,-42.345604,-195.34315,13.800346,248.84692,202.02516,201.40472,42.943733
257,-0.05968205,0.03992955,0.35890806,-0.0031957147,0.02859003,-0.9995861,1.0,0.0,0.0,-0.08453745,-0.03639615,0.15496379,-0.032507777,-0.15395504,0.25679055,0.13596283,0.21420518,-0.19654399,0.22169471,-0.36397713,0.16206667,-0.38322142,-0.03829436,-0.023068558,0.05365006,0.19707395,0.26988938,0.10533368,-0.02335607,-0.19765308,0.29735827,-0.18941681,-0.052517127,0.69607407,-0.9963776,0.18501039,-0.1771804,-0.5496301,0.740021,0.43035448,-1.3500724,-0.2906585,-0.63694096,-0.974962,-0.753738,-94.043564,-258.24722,41.832405,93.89012,-23.601025,152.90378,198.5213,-208.81148,-130.89745,182.3855,-199.76048,-200.25531
258,0.3859861,-0.0114305485,0.0203575,-0.0037625087,0.021420754,-0.9997635,1.0,0.0,0.0,-0.12490717,-0.06095674,0.15981525,-0.019827366,-0.16484052,0.35766527,0.19230032,0.1837506,-0.22055477,0.25877345,-0.46377403,0.0894935,-0.07515082,-0.17953646,0.042909306,0.0736965,-0.26047477,0.5681936,0.35372818,-0.2531664,-0.06615583,0.09966891,-0.70127976,-0.6182571,0.41266698,1.1127062,0.7306345,-0.8044723,0.22845773,-0.34499177,0.042124532,1.3345776,0.3861227,-0.3493453,-0.3060646,0.48349375,121.7258,37.757385,197.53381,108.46054,-155.6218,-31.876114,-9.266744,-214.20369,48.12014,-188.13077,-46.47465,-200.66078
259,-0.06514923,-0.4776628,0.048615556,-0.014559684,0.01607785,-0.9997648,1.0,0.0,0.0,-0.09944723,-0.07110645,0.20140421,-0.030989528,-0.15369368,0.4096025,0.21992797,0.16514553,-0.19813436,0.25447392,-0.54103464,0.02797118,0.3043906,0.050039977,0.35643092,-0.18639518,0.31487888,0.0020175462,-0.03884403,0.03623549,0.2497547,-0.120144404,-0.12937334,-0.053402133,0.028931191,-0.08514115,-0.77638364,0.20949619,0.8622643,-0.22346127,-0.52429134,-0.053340547,-0.58028567,0.00040844828,0.16725911,0.4341303,194.85759,285.1665,181.33328,-229.57393,199.83284,-198.78601,-199.74672,199.77519,201.91455,-218.17647,200.19402,199.97478
260,0.33171105,0.07303208,0.5154915,-0.021449283,0.010121468,-0.99971867,1.0,0.0,0.0,-0.0616704,-0.064596176,0.22000909,-0.019198656,-0.08322245,0.34953302,0.1773168,0.14911489,-0.16428852,0.216326,-0.5023467,0.08035739,0.13743003,0.014590803,-0.09984001,0.22922722,0.4627389,-0.54527926,-0.35412,-0.16829032,0.09577794,-0.23330902,0.45766804,0.47438174,-0.50738084,0.051640335,-0.3149855,0.08564903,0.04900849,0.90638924,0.5967588,0.028593011,-0.1901182,-0.1783748,-0.49230325,-0.1776098,-19.298565,168.54422,-372.88437,178.02739,113.622406,-181.72235,-202.97594,-170.05501,-227.02744,-141.05818,199.86154,61.186592
261,0.07240578,0.5168583,0.4685537,-0.007888462,0.003358171,-0.9999633,1.0,0.0,0.0,-0.073754646,-0.054891445,0.18239892,0.022979379,-0.039674282,0.2962632,0.14779714,0.11898397,-0.16223258,0.15143847,-0.470244,0.11218324,-0.21990378,0.071794175,-0.25180423,0.18667415,0.13395709,-0.031700354,0.016139155,-0.14023186,-0.034084093,-0.39790818,-0.012194686,-0.09918835,0.44246328,-0.23912084,0.64574045,-0.8935425,-0.563926,-0.017268613,0.35474283,1.457254,0.78031504,1.129791,-0.51796496,0.14673638,-201.83002,146.82947,-200.48802,-164.72546,-16.532473,200.28514,204.29137,24.544718,22.342377,-123.351234,-41.985897,-199.9561
262,0.008731571,-0.11152664,-0.07856276,-0.001010465,0.0020557349,-0.9999974,1.0,0.0,0.0,-0.07553841,-0.042820092,0.16885853,0.034034014,-0.07678372,0.24001937,0.18013261,0.100328326,-0.14678228,0.08515024,-0.48112887,0.11675379,0.16218035,0.044421412,0.08375694,-0.052190877,-0.446959,-0.3651796,0.22170126,-0.04651824,0.16833791,-0.27458185,-0.055764567,0.039895933,0.3738029,-1.236523,0.51501536,0.6056921,-0.687762,0.23232853,-0.18471391,0.35129008,0.5422483,0.879674,-0.13392405,0.39462247,200.08638,-195.19054,193.72595,-218.90324,-200.03397,7.383343,41.33649,206.63971,213.2593,185.93867,7.3723297,2.5748281
263,0.13396713,-0.7617215,-0.18278903,-0.01985308,-0.0010023575,-0.9998024,1.0,0.0,0.0,-0.0043935785,-0.042643882,0.20728892,0.038225055,-0.21112686,0.22089192,0.17726983,0.105755314,-0.08957702,0.046842337,-0.43286604,0.16981141,0.4852201,-0.026816202,0.2792836,0.07964404,-0.7005252,0.012460427,-0.21081984,0.08175544,0.3833909,-0.12459604,0.41099316,0.32140714,0.03012616,0.44967988,-1.2134011,-0.95108235,-1.1003715,0.10585439,-0.1763593,1.3528386,-1.1325806,0.29416206,-0.3382746,0.14704022,70.03093,-63.44864,227.3721,192.7411,57.882446,12.803268,-213.17896,128.99904,209.46133,180.74083,26.764046,-13.7370825
264,-0.4827606,-0.29985464,0.20941561,-0.040041365,0.006981759,-0.99917364,1.0,0.0,0.0,0.05177678,-0.022367658,0.24950063,0.03978026,-0.40171462,0.19616091,0.10407652,0.14419822,-0.046781242,0.051076293,-0.3980003,0.1798994,0.120383754,0.19989596,0.14880316,-0.053355485,-1.0152565,-0.13600367,-0.4057958,0.27642465,0.070020534,0.14432909,0.09168621,-0.04899978,-0.84391046,-1.4361633,-0.01911712,-0.8902109,-0.3978653,-0.27887872,0.36380398,-1.1228689,-0.21508595,-0.4741701,-0.41959366,0.06605088,-203.48004,227.15369,-244.08914,-241.90414,61.79549,15.399965,23.337843,145.65709,-86.63362,232.06648,-11.785217,1.9348704
265,-0.081049494,0.31592223,0.23412368,-0.038183484,0.017892914,-0.9991105,1.0,0.0,0.0,0.029822119,-0.007892514,0.2577706,0.017118096,-0.54040676,0.111628026,0.06894623,0.17319436,-0.05353862,0.061836958,-0.4001246,0.15473726,-0.2965681,-0.033347584,-0.041868262,-0.16193347,-0.43056318,-0.5554728,0.013929503,0.038278293,-0.12452596,-0.021463035,-0.026229022,-0.12557189,0.24190941,-0.52296066,-0.4865925,-0.80102104,-0.02595058,0.22347489,0.6549368,0.21461669,-0.22075102,-0.18496278,-0.2402556,-0.14493653,-205.25235,-173.4295,-201.93088,-220.12222,200.21863,7.608076,200.82484,-203.55357,-160.91954,-213.26013,-1.5171643,4.3273745
266,0.12895173,0.70373523,-0.48861822,-0.016334275,0.016718956,-0.9997268,1.0,0.0,0.0,0.011476624,-0.023878127,0.23262227,-0.028841853,-0.56229764,0.066275425,0.10990918,0.17914557,-0.08805674,0.05211568,-0.36568493,0.09076835,0.080257945,-0.12349572,-0.18230663,-0.28803012,0.15354706,0.04176467,0.34479868,0.026109641,-0.19109474,-0.033726472,0.20668297,-0.35249326,0.25861633,0.40117088,1.7342551,0.4129637,0.70506674,0.7671088,-0.6076299,0.18596569,0.6802698,0.95552963,-0.14062472,0.6132947,193.87088,-176.27238,-180.81805,-219.91411,200.94658,200.50636,209.26721,152.52438,176.97041,130.21368,-17.660458,20.366196
267,0.03461008,-0.011083487,-0.31895497,-0.004758632,0.013674279,-0.99989516,1.0,0.0,0.0,0.055035554,-0.029663866,0.2069884,-0.029626727,-0.46569425,0.12774575,0.13983235,0.18818514,-0.10431725,0.066592574,-0.31310576,0.07833782,0.30072486,0.011550786,-0.08091797,0.13657072,0.7257847,0.5326354,-0.019424286,0.062266923,0.007375923,0.15084955,0.25005296,0.18349527,-0.29196274,0.7497411,1.0694528,0.13066076,0.82698125,0.5869751,-0.61781883,-0.26399848,-0.1673039,0.082274355,-0.52410483,0.26156723,45.727795,23.405365,63.31308,224.94832,181.39066,169.57242,-198.318,-85.61862,213.93034,188.19371,-14.888806,199.8541
268,0.0282038,-0.09161369,0.6582663,-0.007006704,0.012454506,-0.99989796,1.0,0.0,0.0,0.08009942,-0.02862767,0.19434041,0.0050765276,-0.26322347,0.23606266,0.099009044,0.19488247,-0.10047275,0.086720824,-0.3239488,0.12294403,-0.024534684,0.0061337445,-0.034645375,0.17538543,1.2543029,0.49407807,-0.35464525,0.0106138205,0.02035835,0.07109193,-0.25500235,0.20722023,-0.29474685,-0.19045022,-0.39535394,-1.5357244,-0.3475811,-0.009238161,0.39327723,-0.19836548,-0.03340364,-0.41884646,-0.42967707,-0.19940537,-157.97275,72.77142,117.42351,11.924122,192.26091,-38.663586,-200.6851,-212.22133,-150.85994,-123.909744,-61.524864,-23.17406
269,0.48807696,0.14569421,0.3984362,-0.0050663673,0.0014483929,-0.9999861,1.0,0.0,0.0,0.033204,-0.0461066,0.1766774,0.036957026,-0.089907765,0.27244246,0.06648356,0.17295384,-0.09416008,0.07554591,-0.35285562,0.103107356,-0.3868094,-0.13027975,-0.14168696,0.20071177,0.47647133,-0.06433036,-0.039496686,-0.15950121,0.03351582,-0.10013802,-0.10122243,-0.33230063,0.6745331,0.41613042,0.21918915,-0.49140108,-0.20310666,0.07640852,0.8125966,0.5654084,0.5330364,0.621241,-0.2176582,0.03465884,-169.61017,197.92693,13.462677,86.78516,-261.57318,-181.80307,196.1576,676.6289,185.34671,304.60077,30.287657,-136.51015
270,-0.08296507,-0.30907038,-0.26148552,-0.010869912,-0.005612063,-0.9999252,1.0,0.0,0.0,0.0027280508,-0.044889174,0.17987466,0.060359836,-0.06587881,0.22748786,0.09314724,0.16943991,-0.07892954,0.07493305,-0.33219284,0.07835044,0.036058854,0.099687345,0.10697172,0.058649123,-0.14164096,-0.24179755,0.2847379,0.08883314,0.105719425,0.059590112,0.16020697,-0.067380704,0.5755257,-0.14556134,0.17492966,-0.8522401,-0.35915858,0.22413775,-0.57948864,1.1598097,-0.41668913,0.4233352,-0.09935612,0.55649054,192.74437,16.782303,105.50055,-58.632965,-143.54112,11.090027,200.59999,238.87038,182.64517,175.36023,0.70361996,12.646658
271,-0.14509946,0.08653604,-0.27604526,-0.014209519,-0.0011338796,-0.99989843,1.0,0.0,0.0,0.043715745,-0.028153453,0.19263339,0.06610465,-0.13109022,0.21872488,0.11265007,0.19775061,-0.083330035,0.11373925,-0.27793342,0.12507397,0.34510824,0.076286994,0.030500105,-0.01708919,-0.3348646,0.010809731,-0.05753044,0.18717901,-0.112809956,0.29797375,0.2653224,0.48557955,-0.03294509,-1.0097871,-0.4146177,-0.6683929,-0.09962265,0.28106368,-0.17657304,-0.81073993,-0.3203809,-0.5636272,-0.1840431,-0.17543885,199.92581,-192.52698,-106.955,-224.91125,28.57398,-2.0240343,-193.35541,213.72893,-172.5623,183.86874,-25.7439,200.10684
272,0.3370272,0.695485,0.19666664,0.0032666074,-0.0058949795,-0.9999773,1.0,0.0,0.0,0.064649105,-0.03838409,0.17864591,0.05486381,-0.14705884,0.23282246,0.06752388,0.21447632,-0.11927718,0.15589643,-0.250598,0.15906115,-0.075487666,-0.12475611,-0.14671548,-0.02162324,-0.02616404,0.07557076,-0.31633544,-0.0021662214,-0.22519164,0.13124451,0.10182307,-0.087469615,-0.6232536,1.4424547,1.2339993,-1.4200288,1.1539613,0.20953485,0.42850018,0.4455001,0.25409982,-0.30013943,-0.53140056,-0.3876799,-176.20416,255.13092,155.40442,335.3965,-28.403053,1.2192249,-38.38827,-144.37457,-93.63771,-220.47183,-15.637089,-199.03818
273,-0.23680077,0.1510373,0.20599258,0.01893235,-0.006846961,-0.99979734,1.0,0.0,0.0,0.015679644,-0.0364625,0.16836095,0.049444556,-0.15354735,0.22408555,0.03584468,0.23855226,-0.13486975,0.15437281,-0.28887504,0.078599215,-0.38297814,0.100281134,0.023496894,-0.04727872,-0.028793067,-0.06402435,-0.029374197,0.21140467,0.040840715,-0.12191445,-0.33954746,-0.62526995,0.5839047,0.5049795,1.4966823,0.1685658,2.3311458,0.88594604,0.57008547,-0.43477753,0.6002382,0.6065746,-0.3455309,0.34995636,-180.0673,112.460594,29.922165,5.0704803,7.3572693,6.525467,201.1561,120.36291,211.79037,-219.29564,-9.485135,-78.556274
274,-0.30777925,-0.49565116,-0.3171409,0.010662971,0.0041075447,-0.99993473,1.0,0.0,0.0,-0.012759666,-0.017820988,0.18199325,0.06265283,-0.13547498,0.25441706,0.07144489,0.27035695,-0.11157507,0.14280808,-0.31343836,0.019267358,0.052736145,0.08466492,0.11288078,0.1346188,0.18085264,0.32213318,0.34640166,0.12237191,0.17743422,-0.0074674473,-0.05370195,-0.027624045,0.43126562,-1.1490673,-0.50563,0.17315723,0.9670874,1.1868502,-0.5353202,-0.6739978,-0.45526144,0.14366966,-0.16336305,0.25965858,231.52509,-201.6262,-5.2878723,113.090454,64.01442,120.38362,195.23398,-154.13083,160.72784,159.76547,15.877421,201.00223
275,0.16388471,0.0630244,-0.24110141,0.0028185148,0.0057613757,-0.99997944,1.0,0.0,0.0,0.032300502,-0.024087949,0.17292947,0.10985732,-0.07017726,0.3737395,0.11089756,0.2733163,-0.094358146,0.1447159,-0.2848156,0.06244051,0.36595663,-0.119515054,-0.16401985,0.29451105,0.42764258,0.825815,0.07425263,-0.07261231,0.016973685,0.017440002,0.17938235,0.2861446,0.23082545,0.22652313,-0.2260107,-1.0476006,-0.45180154,-0.14176613,-0.203582,0.8763252,-0.34632424,-0.90722495,-0.22829609,0.08906678,202.61853,-241.04056,-181.46361,44.668304,73.94891,174.51709,-198.6808,-204.50763,-191.98476,-36.88604,-14.544097,-15.088466
276,-0.38823462,0.6389296,0.21745495,0.018099386,0.01129753,-0.99977237,1.0,0.0,0.0,0.08672089,-0.024537625,0.12418401,0.15367329,-0.047324836,0.47450414,0.08969428,0.28592488,-0.10639739,0.13426661,-0.2676887,0.07736846,0.2221853,0.092748076,-0.31430802,0.15612921,-0.14143209,0.24039634,-0.24991678,0.17524382,-0.12011168,-0.11016963,0.06222809,0.016485043,-0.51061726,-0.07345852,0.47169402,-0.2979464,-0.6628183,-0.70079637,-0.21306068,-0.12947834,1.0933882,0.066471554,0.72191286,0.4985037,-30.695202,137.39362,-229.05698,-233.56627,-200.6244,-201.4748,-184.15562,230.6786,-159.43652,-200.50594,-10.935256,-2.4445982
277,-0.0077878986,0.14457013,0.451044,0.03333157,0.016913103,-0.99930125,1.0,0.0,0.0,0.08729013,-0.026258608,0.09546423,0.16124475,-0.13893229,0.45907116,0.01718719,0.30137786,-0.103486,0.10924089,-0.1922875,0.14180441,-0.16785286,-0.060070932,-0.0017861471,-0.0596804,-0.69485575,-0.33840227,-0.3709752,0.0016908022,0.10392499,-0.12813567,0.6340805,0.49788195,0.016915774,-0.88838667,0.4833412,0.063379005,-1.410322,-0.069790915,0.44289213,-0.6715635,1.2790499,0.41889548,0.5816325,0.63092864,-200.74599,-12.796318,197.59096,-220.03064,-105.9573,-200.2056,70.66169,-202.17365,208.56894,78.72434,200.56653,18.110155
278,0.46348238,-0.43213928,0.010686214,0.026630728,0.006667254,-0.9996232,1.0,0.0,0.0,0.066443674,-0.058693137,0.12378365,0.14032316,-0.34224683,0.34625068,-0.022056632,0.2748764,-0.06961197,0.09545815,-0.021139026,0.2600351,-0.07440501,-0.2508688,0.25296995,-0.12797576,-1.2799609,-0.60585487,-0.054957528,-0.2411273,0.22410312,-0.019865694,0.87968,0.55077344,0.30442733,0.597766,-0.6267212,-0.73165804,-0.7559327,0.101701535,0.5677056,1.3366185,-0.19657531,0.8815581,0.20075952,0.14167476,14.8312235,-201.75426,172.4727,-27.621286,-200.10454,39.837254,198.55711,-213.7727,191.11124,166.35785,-63.597385,-56.954384
279,-0.15545063,0.048591603,-0.4163214,0.0200654,0.0019341728,-0.9997968,1.0,0.0,0.0,0.09459781,-0.08132195,0.15595043,0.09969425,-0.53362554,0.2742265,0.015580285,0.25233048,-0.061962485,0.11612797,0.09070885,0.3056376,0.27284458,-0.001330146,0.087440446,-0.26161733,-0.6929691,-0.25979492,0.38208985,-0.005678773,-0.11156489,0.20541523,0.29419497,-0.03504866,-0.33213,-0.2191115,-0.05083121,-0.5756639,-0.09803791,0.22742084,-0.06863144,-0.3041422,-0.31331,-0.27116784,-0.25988936,-0.0068569854,50.416637,204.70395,-194.37323,-222.46872,200.64969,34.066433,202.47092,202.1219,-133.50577,187.63542,-199.75021,-200.01558
280,0.22030894,0.63227123,0.1321683,0.03571027,-0.0011461471,-0.9993615,1.0,0.0,0.0,0.09952987,-0.104687795,0.15331,0.03509748,-0.6076055,0.25652614,0.05683443,0.23667932,-0.09790981,0.14843392,0.08487207,0.25024074,-0.19245175,-0.16856562,-0.100106455,-0.29993948,-0.09402597,-0.0631128,0.06101619,-0.14411141,-0.21813393,0.10126394,-0.2848517,-0.3675704,-0.58276343,0.7215581,1.3245132,0.14493744,1.277207,0.49875626,-0.68866724,0.3434128,-0.3111575,0.29132402,-0.82139134,0.40357915,-391.5927,442.96732,497.24194,1145.0348,253.5823,-33.420513,-201.38795,-227.34799,-99.9076,-212.45908,-199.82265,9.451522
281,-0.24458256,0.3220874,1.0195414,0.053495657,-0.00078854535,-0.99856776,1.0,0.0,0.0,0.023923144,-0.120222025,0.12817419,0.02759707,-0.56900257,0.28591207,0.025884494,0.23172615,-0.13748384,0.18045664,-0.035429716,0.23837571,-0.5114324,-0.01707793,-0.13521849,0.085898414,0.41117063,0.2658117,-0.33074617,0.07314392,-0.17807342,0.18237548,-0.85974324,0.17654029,0.60527354,0.33334103,1.9045482,0.45396346,1.9251963,0.18849121,0.39901733,-0.05485501,0.61374366,0.3082459,-0.42083156,0.34822342,-130.62212,15.0460205,14.453659,187.5781,166.76129,17.037346,-195.11192,162.01768,-75.78615,-52.084198,-199.93407,127.74641
282,-0.24895747,-0.24554327,0.5414947,0.053856373,0.0072450563,-0.9985224,1.0,0.0,0.0,-0.029894229,-0.11341618,0.11968219,0.060296774,-0.42474407,0.2837912,0.00044811633,0.2356977,-0.15138376,0.21084976,-0.1501888,0.2672604,-0.06875207,0.07041874,0.037962183,0.21667731,0.97860557,-0.13175851,0.03934072,-0.024804095,0.017627534,0.1310172,-0.41251656,0.124888375,0.79298824,-0.96743613,-0.48842892,-0.27878886,0.53861845,0.13533732,0.902167,-1.2936345,0.5809597,-1.2311876,0.31929255,-0.33384722,199.17995,200.27437,204.54825,176.39738,200.37273,-9.279964,202.28053,-202.33018,211.50752,-9.6093855,65.05392,-19.48016
283,0.27023405,-0.1631932,-0.27281502,0.04579102,0.0056507085,-0.99893504,1.0,0.0,0.0,-0.0033918598,-0.120594256,0.12189025,0.090459585,-0.19729143,0.24902758,0.048290763,0.20508222,-0.13235271,0.2085079,-0.16959411,0.2303984,0.2963462,-0.12445798,-0.008537283,0.09815268,1.0878443,-0.16321857,0.40446028,-0.25571695,0.16224629,-0.12974864,0.16131602,-0.4372994,0.3185611,0.6000979,-0.098811656,-0.5980106,0.015445396,0.02381815,-0.29470178,1.4718252,-0.2990434,-0.20913991,0.101316474,0.25844195,196.04967,-188.26141,-177.38832,-214.6251,-101.865364,9.604689,223.18137,-149.05971,269.84216,-196.9394,201.8342,-199.1422
284,-0.25264737,0.44576046,-0.050175205,0.05280119,0.0064793015,-0.99858403,1.0,0.0,0.0,0.068778366,-0.12024412,0.10582507,0.10132897,-0.046616077,0.19512957,0.0952611,0.18089178,-0.11564726,0.1677208,-0.107545495,0.20276345,0.34332818,0.10252454,-0.136082,0.08116741,0.44063964,-0.27211592,0.090677746,-0.014276196,0.017204752,-0.2642502,0.3108898,0.050611477,-0.5427261,-0.23611486,0.49818417,1.1718091,0.11602165,0.43245542,-0.34790552,-0.28452358,0.1030816,0.036736585,0.24866925,0.62302506,-81.54607,175.37126,250.27037,268.7332,-236.62262,19.708126,-199.93657,195.871,-195.14865,-218.62888,-31.580008,60.525967
285,0.3651102,-0.0843086,0.52679676,0.05895325,0.0024846161,-0.99825764,1.0,0.0,0.0,0.0962647,-0.12616049,0.09521341,0.13582695,-0.002122581,0.20368747,0.06768921,0.15730844,-0.09052765,0.12632823,-0.033523977,0.27169234,-0.029151035,-0.12694475,0.01270521,0.23613444,0.1514123,0.27413163,-0.31015116,-0.16208664,0.1478018,-0.068917714,0.18308115,0.49047342,0.3391047,0.06786886,0.3879972,-0.27048564,-1.2062792,-0.09510282,0.15090732,0.40410173,1.3914856,0.7480626,1.083218,0.25873712,-192.81775,-27.044003,165.0514,193.1649,-6.2911797,109.21382,-133.80878,411.88983,-239.91899,486.54996,-184.93634,10.820265
286,-0.13845138,-0.6861475,0.113129415,0.04171498,-0.0018768685,-0.9991278,1.0,0.0,0.0,0.13282591,-0.12188789,0.1362884,0.15573668,-0.035484314,0.19491845,0.045369465,0.15340574,-0.067132115,0.15017343,-0.0012170076,0.30275232,0.2909697,0.1478745,0.3362106,-0.0046587954,-0.4264062,-0.305683,0.041528136,0.07839383,0.10690156,0.22793643,0.22277725,-0.055921324,0.29018825,0.15445691,-1.2357143,-0.80655366,-1.2139488,-0.4738721,0.6025926,0.9905551,-0.22516227,-0.28375202,0.8275275,-0.2206204,2.4422479,297.01306,20.27081,-237.27518,-200.4959,-198.18822,140.58896,111.29893,-123.43544,173.50287,71.1234,-68.29642
287,-0.6001061,-0.20616642,-0.053220496,0.02527429,0.014662808,-0.999573,1.0,0.0,0.0,0.17662497,-0.0698104,0.1825062,0.13836455,-0.18296689,0.07283738,0.09537904,0.19152217,-0.07678932,0.20029795,0.07835996,0.22223426,0.1808202,0.32061878,0.15153533,-0.15404291,-0.99192494,-0.77404153,0.41829333,0.26555845,-0.1654837,0.2587914,0.5515157,-0.6302575,-0.53353643,-1.4103271,-0.28232983,-0.3947468,-0.69165623,0.19961435,-0.4067567,-1.183383,-0.29072958,-0.790432,-0.13555963,0.09652575,-30.721783,10.875389,-266.94733,-261.7383,-200.98952,-0.115284994,163.28128,89.38951,-209.74155,-41.79271,104.35676,-64.79791
288,-0.14276433,0.31615356,0.4066331,0.0292874,0.028418183,-0.99916697,1.0,0.0,0.0,0.16530114,-0.036162775,0.19571573,0.09380305,-0.32399625,-0.01817211,0.14071007,0.22200899,-0.1191141,0.2386849,0.124602616,0.1584841,-0.24946535,0.045517437,0.008851028,-0.2766484,-0.5481157,-0.19390433,0.06703192,0.056099176,-0.22429524,0.12396117,-0.028019512,-0.116899624,0.23418006,-0.6806846,0.43291298,-0.55821157,0.5521912,0.38419992,-0.5703164,0.10419773,0.49603727,-0.21815217,0.17876683,0.23337513,-201.60783,-191.52107,-185.95422,-217.62758,65.80145,200.33693,-204.7895,-218.449,-37.81444,-225.28125,-200.44247,66.85179
289,0.37021878,-0.04503887,0.42482975,0.034314804,0.021397058,-0.999182,1.0,0.0,0.0,0.15130334,-0.046590146,0.22854203,0.012387395,-0.37037176,0.0097315265,0.11223321,0.21163678,-0.12423611,0.23723948,0.13575941,0.17024617,0.049468145,-0.11727377,0.2554091,-0.44712716,0.036576074,0.44718248,-0.31805316,-0.115431346,0.1337993,-0.11365713,0.06370162,0.09043475,0.50695306,0.454771,0.9964742,0.6074309,1.9765488,0.73883057,0.39696872,0.19636175,-0.18767473,0.6025532,-0.4923193,0.50298613,39.650482,41.353333,171.93425,710.2376,239.18387,354.29767,-205.5906,-67.61778,178.24203,-226.6773,-6.296772,-3.7498977
290,0.008621231,-0.34353584,0.3644157,0.02604108,0.0149265835,-0.99954945,1.0,0.0,0.0,0.2048023,-0.04379326,0.26791298,-0.021882653,-0.2999794,0.15558888,0.09452688,0.20110929,-0.114568114,0.24133027,0.084588826,0.23601402,0.4147149,0.110577345,0.16298442,0.01410863,0.60852426,0.8187891,0.093131416,-0.016151229,-0.01648632,0.12784314,-0.5176326,0.38949463,-0.33847454,0.8430886,-0.019291442,0.30075997,1.6288881,0.5663496,0.58718723,0.03876952,-0.42993107,0.45429814,-0.37975785,-0.033362173,45.773186,268.0745,39.54644,257.64545,190.4532,-18.963814,200.35661,20.351406,-131.08519,183.85431,-200.18138,-25.37378
291,-0.15721737,0.043358512,0.39867768,0.021014502,0.017483832,-0.9996263,1.0,0.0,0.0,0.247149,-0.027946316,0.255751,0.037650466,-0.18136865,0.25689295,0.15794443,0.18937905,-0.15230381,0.28329694,-0.028735101,0.2520886,0.054665517,0.057921834,-0.2215673,0.46321264,0.59714395,0.40259066,0.4976728,-0.09481195,-0.31473705,0.24181247,-0.5176224,-0.17228988,-0.19135933,-0.76628965,-0.75518566,-0.5551693,0.55263627,0.3044735,0.0354117,-0.2631888,0.7228152,-0.71669304,-0.72097325,-0.2538835,-174.51239,-7.4405823,-292.36694,98.427826,35.69893,-26.915798,191.63998,-253.21614,-113.04422,-8.8485365,49.50471,-202.23479
292,0.3527556,0.22694056,0.6665175,0.027019754,0.012195371,-0.99956053,1.0,0.0,0.0,0.2132511,-0.03461631,0.19875258,0.13450491,-0.038044453,0.28612658,0.21243335,0.14595294,-0.19019592,0.30380213,-0.17923135,0.160508,-0.35387817,-0.12156495,-0.3295165,0.48044845,0.8056347,0.038303595,0.09185634,-0.3166601,-0.0892455,-0.014420186,-0.79229045,-0.5897164,0.27487314,0.3274668,0.46839073,-1.0686238,-0.3036548,-0.5799484,-0.8277236,1.3296776,0.73678255,-0.5874022,0.03720162,0.8959953,-214.42844,-65.74812,-218.5374,-168.99138,20.375639,-17.097857,-195.27237,-226.75706,268.14093,-204.8916,59.819744,7.3926153
293,-0.011656084,-0.33614582,0.7472055,0.02393524,0.005296673,-0.9996995,1.0,0.0,0.0,0.18381119,-0.028792989,0.16845989,0.20012665,0.059286833,0.23069514,0.18867545,0.110470794,-0.17129564,0.27638316,-0.27420253,0.10460329,0.019059982,0.15160558,-0.0043728515,0.20680518,0.2259088,-0.5349734,-0.28982934,-0.062756315,0.23876463,-0.23617566,-0.21581471,-0.025617113,1.0257269,-0.75671536,-0.30439004,-0.40524572,-0.440749,-0.13910317,0.3204674,1.1171554,0.75418925,-0.2139968,0.6942849,0.6781148,194.57768,216.64528,184.93324,-230.30981,-200.38776,-199.65378,-200.70569,200.39122,192.92683,-226.29265,199.83641,199.94682
294,-0.024398556,-0.28003642,-0.122015715,0.01178297,0.005770107,-0.99991393,1.0,0.0,0.0,0.22771645,-0.0038317319,0.16044343,0.22901869,0.042509556,0.13811886,0.17013806,0.10351536,-0.106536865,0.20151985,-0.25448364,0.1626995,0.38488993,0.10152828,-0.071152896,0.09443196,-0.33717322,-0.4055945,0.07070596,-0.010685868,0.39229843,-0.48853588,0.35585427,0.5493565,0.10933972,-1.0677708,-0.9588303,-0.22075634,-1.540296,-0.0059643835,0.27720052,0.9423662,-0.34592035,0.5280302,0.36526483,0.310832,200.50867,-205.90106,-231.22324,-231.42508,-200.36368,34.348354,199.60823,210.86237,180.5225,-212.36575,199.67288,200.03886
295,-0.23276666,0.23280248,-0.01898006,0.011735033,0.011362568,-0.9998666,1.0,0.0,0.0,0.26285195,0.0040208655,0.12723076,0.23757029,-0.086980045,0.095544234,0.19257039,0.11290707,-0.06374371,0.12650406,-0.12933278,0.21700892,0.0016914478,-0.009392466,-0.24199788,-0.001370738,-0.90162927,-0.15236917,0.11758017,0.09090062,0.07025718,-0.2786849,0.71702844,0.14334188,-0.3275161,-0.6175685,0.67412734,-0.14252181,-0.79448944,-0.2254692,-0.087822974,0.6093791,0.26369363,0.7228057,-0.015762547,0.26128522,-199.55792,-207.18202,-203.48523,-232.44006,-200.14432,19.54406,-0.3129511,186.19443,-208.26752,171.9114,-38.14887,-27.77372
296,-0.15575297,-0.35821748,0.3964169,0.007907368,0.018709866,-0.99979365,1.0,0.0,0.0,0.2168342,-0.006038983,0.11740434,0.21117449,-0.2626503,0.026439764,0.17573345,0.13351439,-0.041039407,0.10476816,-0.05671364,0.22393993,-0.41811958,-0.08343709,0.1024363,-0.23898187,-0.7880053,-0.36821085,-0.25306267,0.11670029,0.16501288,0.0038022005,0.096739635,0.023814632,0.3097205,-0.3277469,0.29818133,0.39635056,-1.0429889,-0.041855916,-0.055605367,-0.01739572,-0.15575954,0.43499815,0.06624835,0.2118485,-205.23273,-179.80008,187.8707,-233.99976,79.14827,28.445375,-184.75421,51.864624,87.48549,250.75337,-122.61084,11.002052
297,0.347976,-0.29042104,0.37757197,-0.0047383243,0.013655303,-0.9998956,1.0,0.0,0.0,0.16908298,-0.045026813,0.13975883,0.17887497,-0.44820505,-0.000651607,0.12233898,0.13536233,-0.026587844,0.13573205,-0.029166222,0.22247954,-0.0884201,-0.2821047,0.11044673,-0.09636494,-0.87983984,-0.05995177,-0.25169757,-0.08855911,-0.0020024595,0.26656356,0.14049655,-0.013647111,0.6202582,-0.1831982,-0.75350875,-0.4510551,-0.581879,0.38535312,0.3502462,-0.28328645,-1.0035459,-0.35470626,-0.23330517,0.037810594,200.51465,-178.55511,131.14381,155.85715,84.35539,7.9107184,6.6218286,-229.38487,-207.98064,176.80109,-11.995579,-2.704453
298,0.3110243,0.29469955,-0.035631258,-0.003487674,0.00040106248,-0.99999386,1.0,0.0,0.0,0.19520956,-0.09609732,0.14253742,0.14476919,-0.55967194,0.04938798,0.12052344,0.10870064,-0.047935963,0.17560124,-0.055939674,0.18543054,0.30714995,-0.23155828,-0.059107255,-0.23103438,-0.29361913,0.4525743,0.18866123,-0.1745479,-0.19203971,0.13844958,-0.24701904,-0.21012723,-0.6952551,1.6536607,0.7553788,-0.88469654,0.5446931,-0.19666141,0.80754364,1.0519533,0.4103677,-0.41006678,-0.5527195,0.5133098,192.66293,137.90434,-119.101944,-199.70105,201.98189,51.122017,199.85793,-226.02444,-174.9255,-209.44197,-5.7290206,7.1890736
299,-0.14362507,-0.2878318,0.0073119327,-0.004352054,-0.0018543905,-0.9999888,1.0,0.0,0.0,0.22130644,-0.11762371,0.16282159,0.0666492,-0.55565387,0.074286275,0.19489124,0.09441045,-0.054920614,0.17803383,-0.1563592,0.20724404,-0.0139579745,-0.0055472394,0.22994481,-0.52201116,0.27670047,-0.14365225,0.52255446,0.015169593,0.09068771,-0.09200995,-0.5762519,0.36130297,-0.45568615,-0.0575228,0.4596906,1.156552,0.77517784,0.007537052,-0.5409488,-0.11926075,-0.38974404,0.028477974,-0.2515715,0.39622584,-204.78023,219.77612,222.73618,-222.21939,201.03835,-199.66582,202.16571,220.01662,189.99951,-220.69984,33.898083,163.262
300,-0.013948767,-0.38916802,0.95584947,-0.018384794,0.0012297767,-0.99983025,1.0,0.0,0.0,0.17404494,-0.11599648,0.19994503,0.016034484,-0.43575937,0.06364693,0.25729758,0.08813084,-0.04044032,0.15471232,-0.20987576,0.25736004,-0.4143345,0.0017398394,0.14595698,-0.08230506,0.8464494,-0.06383763,0.14007601,-0.07186205,0.052169215,-0.12329822,-0.0806374,0.20807111,0.65221775,-0.203816,-0.8529412,0.15137063,-0.20667653,0.24012667,-0.5548634,0.053380758,-0.25321642,-0.20175564,-0.20606874,-0.27225682,-172.75607,-12.11829,62.558792,263.50757,185.80098,-18.80338,-196.29276,-194.7547,-175.43314,-79.681854,52.355885,-24.911594
