step,obs_0,obs_1,obs_2,obs_3,obs_4,obs_5,obs_6,obs_7,obs_8,obs_9,obs_10,obs_11,obs_12,obs_13,obs_14,obs_15,obs_16,obs_17,obs_18,obs_19,obs_20,obs_21,obs_22,obs_23,obs_24,obs_25,obs_26,obs_27,obs_28,obs_29,obs_30,obs_31,obs_32,obs_33,obs_34,obs_35,obs_36,obs_37,obs_38,obs_39,obs_40,obs_41,obs_42,obs_43,obs_44,torque_0,torque_1,torque_2,torque_3,torque_4,torque_5,torque_6,torque_7,torque_8,torque_9,torque_10,torque_11,dof_pos_0,dof_pos_1,dof_pos_2,dof_pos_3,dof_pos_4,dof_pos_5,dof_pos_6,dof_pos_7,dof_pos_8,dof_pos_9,dof_pos_10,dof_pos_11,dof_vel_0,dof_vel_1,dof_vel_2,dof_vel_3,dof_vel_4,dof_vel_5,dof_vel_6,dof_vel_7,dof_vel_8,dof_vel_9,dof_vel_10,dof_vel_11
0,0.0,0.0,0.0,0.0,0.0,0.0,0.0,0.0,0.0,0.0,0.0,0.0,0.0,0.0,0.0,0.0,0.0,0.0,0.0,0.0,0.0,0.0,0.0,0.0,0.0,0.0,0.0,0.0,0.0,0.0,0.0,0.0,0.0,0.0,0.0,0.0,0.0,0.0,0.0,0.0,0.0,0.0,0.0,0.0,0.0,-3.582608e-05,0.0012920402,1.1921543,1.0741433,0.0042169597,-0.00021053404,6.1113526e-05,0.0020836648,1.1906246,1.0728502,0.0041135713,0.00018121366,0.0,0.0,-0.8,1.6,-0.8,0.0,0.0,0.0,-0.8,1.6,-0.8,0.0,0.0,0.0,0.0,0.0,0.0,0.0,0.0,0.0,0.0,0.0,0.0,0.0
1,6.750608e-11,8.4936613e-10,1.1158847e-10,0.0,0.0,-1.0,1.0,0.0,0.0,-1.357929e-11,4.542701e-11,0.0,0.0,0.0,-1.7730331e-11,4.225294e-12,-1.2334994e-11,0.0,0.0,0.0,1.510277e-11,-8.1022015e-11,3.8454342e-10,4.624021e-10,-1.4643772e-09,-1.34572605e-11,-9.5907206e-11,2.6310064e-11,-1.10328705e-10,6.972604e-10,-2.1581033e-09,1.519203e-11,8.354832e-11,-0.0151904,0.23149928,-0.39871877,0.6359975,-0.8485808,-0.23981795,0.053758673,-0.65380996,0.1785453,0.19424142,-0.80371857,-0.646162,1.485174e-07,-1.4400993e-07,4.057309,-12.409887,1.4505399e-07,2.8995423e-08,2.683139e-08,8.251028e-07,4.0573087,-12.409887,1.3584646e-07,-1.3756491e-08,-1.357929e-11,4.542701e-11,-0.8,1.6,-0.8,-1.7730331e-11,4.225294e-12,-1.2334994e-11,-0.8,1.6,-0.8,1.510277e-11,-1.6204403e-09,7.690868e-09,9.248041e-09,-2.9287543e-08,-2.691452e-10,-1.918144e-09,5.2620125e-10,-2.206574e-09,1.3945208e-08,-4.3162064e-08,3.038406e-10,1.6709664e-09
2,0.08578471,-0.11121046,-0.37684047,-0.0024072977,-0.0017095237,-0.9999957,1.0,0.0,0.0,-0.004295773,0.0067998515,-0.016896129,0.035565972,-0.07354158,-0.06349124,0.012154526,-0.0022371898,0.0018142462,0.024091959,-0.074982524,-0.063427456,-0.027429983,0.056980062,-0.15346168,0.3127586,-0.6759781,-0.4373187,0.0642689,-0.004058255,0.014471059,0.23221336,-0.6735214,-0.5511217,-0.09871536,-1.004688,0.7482795,-1.5176051,0.45570314,0.15076797,-0.07133222,0.94191444,-0.62888396,-1.4060032,0.31014758,-0.0024909656,3.028863,212.56442,-193.98103,179.44525,-199.97096,13.330356,-17.877739,180.12416,238.7406,328.28668,-180.4612,-130.80035,-0.004295773,0.0067998515,-0.81689614,1.635566,-0.8735416,-0.06349124,0.012154526,-0.0022371898,-0.79818577,1.624092,-0.87498254,-0.063427456,-0.54859966,1.1396012,-3.0692334,6.255172,-13.519562,-8.746374,1.285378,-0.0811651,0.28942117,4.644267,-13.4704275,-11.022434
3,0.03374858,-0.03997193,0.08222301,-0.005299855,-0.004192485,-0.9999771,1.0,0.0,0.0,-0.029901667,0.011813513,-0.028337896,0.065286875,-0.13340849,-0.07369438,-0.0067169364,0.0030361789,-0.00084102154,0.056569934,-0.13108051,-0.10060784,-0.15442543,-0.0026811615,0.017528834,0.015896777,0.008679911,0.2660229,-0.15551862,0.056698352,-0.03208944,0.09969084,0.037548926,0.10219419,-0.37420785,0.9087843,-0.4062552,-0.9135627,0.40470433,0.4582374,-0.71566755,-0.99252105,0.9800731,-2.1827154,0.8058917,0.9241173,-8.719722,-203.77454,204.50468,-212.73895,200.13934,199.9654,-3.4654348,199.43188,-187.9636,-210.61226,200.26872,148.71208,-0.029901667,0.011813513,-0.8283379,1.6652869,-0.9334085,-0.07369438,-0.0067169364,0.0030361789,-0.80084103,1.65657,-0.9310805,-0.10060784,-3.0885084,-0.05362323,0.35057667,0.31793553,0.1735982,5.320458,-3.1103723,1.133967,-0.6417888,1.9938167,0.75097847,2.0438838
4,0.15400043,0.03827996,0.3810411,-0.0052113715,-0.008156691,-0.99995315,1.0,0.0,0.0,-0.109065585,0.01623189,-0.027278006,0.053736925,-0.05398941,0.052002262,-0.08173493,0.004052536,0.008414805,0.0434134,-0.048176825,-0.0038237388,-0.55962807,0.042593993,-0.004197975,-0.11910661,0.71569514,0.8910555,-0.55310744,-0.036937222,0.11042111,-0.20195189,0.72367877,0.7962406,0.7192061,-1.0978727,0.8508281,0.71302927,-0.6321021,-0.1161935,0.8688895,0.97843575,-0.9285507,-1.0869269,-0.76950973,-0.82799375,-76.72083,219.10019,-177.68533,-208.94353,201.43176,94.86802,-201.75273,-213.21861,184.2525,-225.91559,200.45729,199.45299,-0.109065585,0.01623189,-0.827278,1.653737,-0.8539894,0.052002262,-0.08173493,0.004052536,-0.7915852,1.6434134,-0.84817684,-0.0038237388,-11.192561,0.85187984,-0.0839595,-2.3821323,14.313903,17.82111,-11.062149,-0.73874444,2.2084222,-4.0390377,14.473575,15.924812
5,0.16674227,0.008800763,0.12840551,-0.004738674,-0.01441064,-0.99988496,1.0,0.0,0.0,-0.16398035,0.011302366,-0.033240855,0.05486965,0.0018027425,0.14314245,-0.15253045,-0.00032554773,0.02550584,0.012021542,-0.013933897,0.060703896,-0.064743415,-0.06416869,-0.037444122,0.07715763,-0.058512,0.13751632,-0.19597949,-0.009953161,0.07941781,-0.12190783,-0.24048586,-0.05531276,0.85993326,0.9276729,-0.30102396,0.019944426,-0.26326975,-0.7305671,0.21242112,-0.88367975,0.33860207,1.141589,-0.6512206,-0.13286106,199.93466,-201.35901,198.50941,184.02774,-200.09251,-200.10777,177.59474,148.8311,0.82473755,-20.41336,-215.06882,-219.41074,-0.16398035,0.011302366,-0.83324087,1.6548697,-0.79819727,0.14314245,-0.15253045,-0.00032554773,-0.7744942,1.6120216,-0.8139339,0.060703896,-1.2948682,-1.2833738,-0.7488824,1.5431526,-1.1702399,2.7503264,-3.9195898,-0.19906321,1.5883561,-2.4381566,-4.809717,-1.1062552
6,0.11065882,-0.055630177,-0.83838934,-0.005729715,-0.020069083,-0.9997822,1.0,0.0,0.0,-0.1331604,0.008719202,-0.04406154,0.07650828,-0.06444311,0.09092092,-0.14515188,-0.0016491823,0.041513205,0.016618848,-0.13572806,0.0017232606,0.33388838,0.031654734,-0.066738866,0.11283212,-0.4514762,-0.5850752,0.2272034,-0.004014228,0.09142233,0.1281859,-0.90814966,-0.33545926,-0.72814465,-1.1121565,0.76670223,-0.31182754,0.36543548,-0.27502933,0.7290258,1.0404181,-0.6739168,-1.0032331,0.77789587,-0.035316393,199.56776,199.28743,-196.48215,-216.85504,-28.085451,-200.1388,171.68988,-27.668259,263.56638,287.91675,-187.15282,23.485867,-0.1331604,0.008719202,-0.84406155,1.6765083,-0.8644431,0.09092092,-0.14515188,-0.0016491823,-0.7584868,1.6166189,-0.9357281,0.0017232606,6.6777678,0.63309467,-1.3347772,2.2566423,-9.029524,-11.701504,4.544068,-0.08028456,1.8284465,2.5637178,-18.162992,-6.709185
7,0.08260576,-0.024740528,-0.6527169,-0.0065983543,-0.024122715,-0.9996873,1.0,0.0,0.0,-0.108442016,0.012399629,-0.037932515,0.066554785,-0.07925719,-0.046092253,-0.06359469,0.0042424477,0.049725056,0.040867448,-0.23799282,-0.022561288,-0.04596649,0.0050037485,0.11075944,-0.1830856,0.23439346,-0.6169421,0.5517932,0.06259211,0.0017165713,0.110856175,-0.18862887,-0.046083596,-0.90596867,0.8955441,0.01484962,0.46940702,0.45884436,0.8540999,-0.76846766,-1.0333662,0.22038653,-1.4553419,0.7945664,0.48063868,-201.50516,-208.58698,202.24255,-217.71127,199.90074,74.39459,173.91362,250.1268,-243.94513,-112.98836,203.89326,20.674206,-0.108442016,0.012399629,-0.8379325,1.6665548,-0.8792572,-0.046092253,-0.06359469,0.0042424477,-0.75027496,1.6408675,-1.0379928,-0.022561288,-0.9193298,0.10007497,2.2151887,-3.661712,4.687869,-12.338842,11.035864,1.2518423,0.034331426,2.2171235,-3.7725773,-0.9216719
8,0.1992456,-0.4466522,-0.18095805,-0.016446104,-0.030265478,-0.9994066,1.0,0.0,0.0,-0.16653264,0.010162239,-0.025541067,0.06933701,0.019982338,-0.09047322,0.005818709,0.0012577034,0.06694043,0.04743731,-0.20440513,0.033809725,-0.5160838,-0.02391439,0.007900828,0.18404633,0.5676512,0.12978236,0.19297974,-0.07374043,0.14542738,-0.024137259,0.45217147,0.53548914,0.9595634,-1.0826234,0.044964433,-1.2189864,-0.67280674,1.5394098,-1.0587934,0.89209205,-0.7397579,-0.34776533,-0.10761746,-0.36786085,-257.8173,-44.269547,-297.04767,217.78085,43.444702,216.2256,-117.472404,-389.3861,-330.33893,-84.75038,160.84244,119.73886,-0.16653264,0.010162239,-0.8255411,1.669337,-0.7800177,-0.09047322,0.005818709,0.0012577034,-0.7330596,1.6474373,-1.0044051,0.033809725,-10.321675,-0.4782878,0.15801655,3.6809266,11.3530245,2.5956473,3.8595948,-1.4748086,2.9085474,-0.48274517,9.043429,10.709783
9,0.11199943,-0.28475022,0.01480246,-0.031050455,-0.03624253,-0.9988605,1.0,0.0,0.0,-0.22369343,-0.005741431,-0.01345396,0.08603358,0.04841733,0.011024859,0.0029199212,-0.007669404,0.08926046,0.038671494,-0.15369004,0.049945254,-0.105492845,-0.1239258,0.09217828,0.03321094,-0.23119462,0.7902201,-0.1891614,-0.020522386,0.08036025,-0.06817689,0.16486308,-0.28133696,1.4306307,0.8079638,0.82484204,-0.88339716,-0.83457905,-0.94054204,-0.5731118,-1.1068779,-1.4143678,-0.17478155,-0.9254856,-0.9649899,173.8772,-284.71094,238.48618,3.9354706,-219.73659,173.71805,-181.48596,69.736855,-132.1428,-104.53538,-38.969658,-225.1702,-0.22369343,-0.005741431,-0.813454,1.6860336,-0.7515827,0.011024859,0.0029199212,-0.007669404,-0.71073955,1.6386715,-0.95369005,0.049945254,-2.1098568,-2.4785159,1.8435655,0.6642188,-4.6238923,15.804401,-3.7832282,-0.41044772,1.6072049,-1.3635377,3.2972615,-5.626739
10,0.019844744,-0.19691953,0.10677334,-0.039710153,-0.03857448,-0.9984664,1.0,0.0,0.0,-0.2059959,-0.02060282,0.023956,0.0646137,-0.07449889,0.09091293,-0.082351275,-0.01426153,0.10253519,0.02083242,-0.18569785,-0.07984376,0.23672454,-0.020149937,0.26024374,-0.17654532,-0.90078324,0.070128955,-0.6022891,-0.03164399,0.07277082,-0.015578053,-0.3491746,-0.88064826,-0.66437507,-1.1423167,-0.44593257,0.61682755,0.4800226,-0.8402559,1.1477029,1.0438045,-0.18449149,0.48499632,0.45800656,0.8149003,117.95819,626.8009,412.4887,589.46655,-103.317406,-239.21246,-185.0299,-23.066956,671.08716,685.3919,-57.163086,-112.36323,-0.2059959,-0.02060282,-0.776044,1.6646137,-0.8744989,0.09091293,-0.082351275,-0.01426153,-0.6974648,1.6208324,-0.98569787,-0.07984376,4.734491,-0.40299875,5.2048745,-3.5309064,-18.015665,1.4025791,-12.045781,-0.6328798,1.4554163,-0.31156105,-6.9834914,-17.612965
11,0.094335325,0.2622436,0.17163308,-0.038048282,-0.040722094,-0.99844575,1.0,0.0,0.0,-0.20726076,-0.024318602,0.03670329,0.06617355,-0.17710513,0.028862199,-0.15691616,-0.015863372,0.08202392,0.05011487,-0.17827201,-0.17924207,-0.19390975,-0.031873096,-0.08964719,0.13768232,-0.20023938,-0.6218231,-0.18680868,0.016559023,-0.249572,0.27483973,0.3502539,-0.18431647,-0.70615864,0.71703154,0.22130182,-1.0720824,0.588415,0.22648558,0.89865404,-0.99804693,0.65438235,-1.6354538,0.34016174,0.608377,-199.74644,-199.66353,-200.77211,181.5857,199.93509,-199.99022,201.28012,226.58395,-203.18916,177.98238,199.99261,200.49641,-0.20726076,-0.024318602,-0.7632967,1.6661736,-0.97710514,0.028862199,-0.15691616,-0.015863372,-0.7179761,1.6501149,-0.978272,-0.17924207,-3.878195,-0.6374619,-1.7929437,2.7536464,-4.0047874,-12.436461,-3.7361734,0.33118045,-4.99144,5.4967947,7.005078,-3.6863294
12,0.008361697,-0.23556909,0.15853217,-0.039022785,-0.04241508,-0.99833775,1.0,0.0,0.0,-0.28906122,-0.025048416,0.050527215,0.06315994,-0.14300603,-0.02287418,-0.147987,-0.02059459,0.06777078,0.07340038,-0.037350714,-0.13756606,-0.5862384,0.012782945,0.20440571,-0.14700034,0.4789631,0.04158643,0.23374605,-0.056201745,0.07388607,-0.011370372,0.899953,0.5302588,1.0074877,-1.1719584,0.20665021,-0.67071325,-0.38573056,1.1963232,-0.092743464,0.971936,-0.6660619,-1.4227737,-0.62468976,-0.14930154,-202.88707,115.39571,186.9164,-217.41913,200.40236,198.0944,199.44069,-185.56586,210.18732,-216.39467,9.250169,200.75493,-0.28906122,-0.025048416,-0.7494728,1.66316,-0.94300604,-0.02287418,-0.147987,-0.02059459,-0.73222923,1.6734004,-0.8373507,-0.13756606,-11.724768,0.2556589,4.0881143,-2.9400067,9.579262,0.8317286,4.674921,-1.1240349,1.4777213,-0.22740744,17.99906,10.605175
13,-0.08276876,-0.17842838,0.3030727,-0.046416737,-0.040763307,-0.99809015,1.0,0.0,0.0,-0.3584797,-0.03083352,0.09315294,0.027927041,-0.12012553,0.05111685,-0.118301146,-0.021608546,0.07875061,0.0655632,0.0575822,-0.102837406,-0.14832817,-0.053207673,0.15645634,-0.056087114,-0.15950802,0.55794567,0.10132771,0.032632545,0.057414632,-0.03058557,0.108264424,-0.04290405,1.166533,0.9577758,-0.46258086,1.8931525,0.28153,-0.64389855,-0.91465545,-1.0217768,0.64223826,-0.81788224,-0.96310276,-0.22330019,203.92667,-136.1507,-118.3737,331.13324,-165.74236,116.13499,-26.337284,167.16412,43.72235,29.249603,-208.97734,-65.47777,-0.3584797,-0.03083352,-0.7068471,1.6279271,-0.92012554,0.05111685,-0.118301146,-0.021608546,-0.7212494,1.6655632,-0.7424178,-0.102837406,-2.9665635,-1.0641534,3.1291268,-1.1217422,-3.1901603,11.158913,2.026554,0.6526509,1.1482927,-0.6117114,2.1652884,-0.858081
14,0.14700228,-0.12829328,0.010834464,-0.052637003,-0.04236409,-0.99771476,1.0,0.0,0.0,-0.34260282,-0.038803305,0.098801434,0.046925783,-0.08075565,0.08420272,-0.13634413,-0.022476768,0.10754877,0.04288709,-0.0088143945,-0.1372851,0.26863247,-0.028405437,-0.08272716,0.22434318,0.4592011,-0.16482306,-0.2508146,-0.046188783,0.2162576,-0.1981782,-0.6785551,-0.19268297,0.6313364,-1.054377,0.17704594,-1.0016558,-0.034751832,-0.47471884,0.31261727,0.9561988,-0.8575338,1.0985999,0.73646986,0.6292255,207.07637,186.35559,-276.5966,178.40508,168.66345,-209.26994,-194.68901,-124.40146,254.2767,-132.16159,-216.60309,12.416502,-0.34260282,-0.038803305,-0.7011986,1.6469258,-0.88075566,0.08420272,-0.13634413,-0.022476768,-0.69245124,1.6428871,-0.8088144,-0.1372851,5.372649,-0.56810874,-1.654543,4.4868636,9.184022,-3.296461,-5.0162916,-0.9237756,4.325152,-3.963564,-13.571101,-3.8536594
15,-0.048397265,-0.08503709,-0.2716116,-0.05724009,-0.043879904,-0.99739563,1.0,0.0,0.0,-0.2431313,-0.041656997,0.10254085,0.06485188,-0.045910716,-0.021992791,-0.13734008,-0.01903144,0.13298362,0.032458186,-0.06816912,-0.09917579,0.68350387,-0.0024658581,0.079493456,-0.012079864,0.056827243,-0.83099145,0.19849022,0.06876578,0.04608464,0.067651905,0.015699042,0.503747,-0.9605831,0.8166583,-0.6140254,-0.8053327,-0.28325075,0.84015346,0.5822291,-1.0461309,1.0122173,-1.4027121,0.44804788,0.333985,197.53476,-157.5705,108.80508,-204.4448,-31.165396,-199.0637,199.14287,211.27461,-205.73369,179.89182,199.79686,200.30823,-0.2431313,-0.041656997,-0.69745916,1.6648519,-0.8459107,-0.021992791,-0.13734008,-0.01903144,-0.6670164,1.6324582,-0.8681691,-0.09917579,13.670077,-0.049317162,1.5898691,-0.24159728,1.1365448,-16.61983,3.9698043,1.3753155,0.9216927,1.3530381,0.31398082,10.07494
16,0.08158269,-0.044925798,-0.5198093,-0.058724456,-0.04514425,-0.99725294,1.0,0.0,0.0,-0.14719759,-0.039785273,0.114462435,0.04837632,-0.10012406,-0.11502589,-0.051566966,-0.013671593,0.15845078,0.016073823,0.0014213324,0.046986625,0.31221315,0.006537219,0.045553204,-0.14597324,-0.4264278,-0.1661681,0.6166886,-0.022006232,0.14536853,-0.116200946,0.40421328,0.6487045,-0.5164478,-1.147257,0.32959923,0.3742864,0.22470808,1.2360029,-0.75505245,1.0366832,-0.65891933,0.28503805,-0.07809866,-0.4055865,-198.53369,191.14136,-196.57036,-215.32616,-13.791386,199.69019,238.21193,-426.90582,-204.96257,310.97955,-223.08353,-198.10277,-0.14719759,-0.039785273,-0.6855376,1.6483763,-0.9001241,-0.11502589,-0.051566966,-0.013671593,-0.6415492,1.6160738,-0.7985787,0.046986625,6.244263,0.13074438,0.9110641,-2.9194646,-8.528556,-3.3233619,12.333772,-0.44012463,2.9073706,-2.324019,8.084266,12.974091
17,0.01789438,-0.12909392,0.30974594,-0.0622067,-0.047262777,-0.9969436,1.0,0.0,0.0,-0.13509808,-0.047205456,0.12749219,0.03308177,-0.11127305,-0.07150987,0.019783033,-0.011929254,0.16610342,0.029148936,0.0070477724,0.09270324,-0.14589058,-0.07078504,0.08091249,-0.019204317,0.24752188,0.531596,0.1470768,0.043177824,-0.04623739,0.20328191,-0.16517326,-0.09547734,0.040903307,0.81521255,-0.65743095,-1.2719493,0.8093995,-0.13899158,-1.0290517,-0.9925647,0.9432173,-0.84549284,-0.78169364,-0.39943233,-199.33545,-205.00455,196.43776,181.39319,199.952,199.92914,-202.22705,213.33179,-203.75444,182.53612,-44.19198,-199.75607,-0.13509808,-0.047205456,-0.6725078,1.6330818,-0.91127306,-0.07150987,0.019783033,-0.011929254,-0.6338966,1.629149,-0.79295224,0.09270324,-2.9178116,-1.4157008,1.6182498,-0.38408634,4.9504375,10.63192,2.941536,0.86355644,-0.9247478,4.065638,-3.3034651,-1.9095469
18,0.03925231,-0.06324578,-0.019157711,-0.06589689,-0.04892997,-0.996626,1.0,0.0,0.0,-0.11972375,-0.054094277,0.13488829,0.024644375,-0.008702517,-0.03417989,0.0036502439,-0.014308822,0.17664427,0.037276745,-0.10214639,-0.0027155161,0.23990348,-0.0057203677,-0.048269175,0.048669633,0.48613152,-0.019604817,-0.26631293,-0.048899826,0.13788435,-0.09845964,-0.8579127,-0.78629345,1.015584,-1.0788411,0.31031954,-0.013395552,-0.9658208,0.05410463,0.13596913,0.80913246,-0.688344,-0.18835811,0.34761256,-0.07267758,134.76006,76.01545,-328.0584,259.4605,-86.04877,-109.84431,-198.58723,-220.40619,184.00311,-229.73169,-200.4736,-189.29759,-0.11972375,-0.054094277,-0.6651117,1.6246444,-0.8087025,-0.03417989,0.0036502439,-0.014308822,-0.62335575,1.6372768,-0.9021464,-0.0027155161,4.7980695,-0.11440735,-0.96538347,0.9733926,9.7226305,-0.39209634,-5.326258,-0.9779965,2.7576869,-1.9691927,-17.158255,-15.725868
19,-0.00048496394,-0.056509264,-0.2958201,-0.068014756,-0.049793072,-0.996441,1.0,0.0,0.0,-0.024843713,-0.059025872,0.14047205,0.020225406,0.004776299,-0.005716602,0.0013519254,-0.013418265,0.20414293,0.0024540424,-0.19620585,-0.08403117,0.6597652,-0.04077074,0.09250279,-0.05581984,-0.26072228,0.15278749,0.18538815,0.045142133,0.1360699,-0.23343742,-0.15329842,-0.109956086,-1.2766062,0.80527705,-0.676949,0.20341861,0.047976106,0.33539507,0.89867294,-0.98154396,0.99999213,0.39136785,0.9280475,0.9638124,178.72298,-199.8246,368.60553,102.40247,-204.648,-22.706717,139.82066,200.63031,-205.4656,-211.14465,199.99313,153.56708,-0.024843713,-0.059025872,-0.65952796,1.6202254,-0.7952237,-0.005716602,0.0013519254,-0.013418265,-0.5958571,1.6024541,-0.99620587,-0.08403117,13.195303,-0.8154148,1.8500557,-1.1163968,-5.2144456,3.0557497,3.707763,0.90284264,2.7213979,-4.6687484,-3.0659683,-2.1991217
20,0.032366157,-0.10175659,-0.53517675,-0.070435494,-0.051703714,-0.9961755,1.0,0.0,0.0,0.06448744,-0.06941823,0.13528061,0.045750856,0.0014684796,0.08207829,0.08336226,-0.009140456,0.23279989,-0.02993095,-0.15250325,-0.027160008,0.27365708,-0.05390457,-0.11552234,0.2533847,0.08662752,0.58752537,0.5924423,0.00664195,0.14832185,-0.1035072,0.5226174,0.60708207,-0.8720811,-1.1585826,0.29941437,-1.1854376,-0.07794887,-0.2472046,-0.6728816,1.1459149,-0.6622151,-0.4189393,-0.02233874,-0.36720303,-201.07043,177.23277,-188.15637,105.561584,26.342865,17.992668,193.70909,-138.40942,197.88306,181.60411,199.98201,201.42928,0.06448744,-0.06941823,-0.6647194,1.6457509,-0.79853153,0.08207829,0.08336226,-0.009140456,-0.5672001,1.5700691,-0.95250326,-0.027160008,5.4731417,-1.0780914,-2.3104467,5.067694,1.7325504,11.750507,11.8488455,0.132839,2.9664369,-2.070144,10.452348,12.141641
21,0.022288548,-0.08437925,0.22902192,-0.07373329,-0.05295014,-0.9958713,1.0,0.0,0.0,0.06646666,-0.08727667,0.1329816,0.064564586,-0.019925535,0.12386946,0.15268908,-0.0023569104,0.25936806,-0.06410122,-0.09299517,0.014627897,-0.20440958,-0.1201696,0.072076194,-0.037855387,-0.14600205,-0.10063847,0.13968009,0.047978774,0.11744612,-0.19059634,0.14342868,-0.14447679,-0.110286705,0.73478097,-0.55856335,-1.1490084,-0.20006536,-0.41439557,-1.1087109,-0.90177405,1.0477641,1.558132,-0.66228026,-0.49840143,-198.02184,-206.8575,185.07501,-224.66325,6.438878,-200.2009,-219.70555,179.72147,47.76825,150.50488,-118.22091,-252.29471,0.06646666,-0.08727667,-0.6670184,1.6645646,-0.81992555,0.12386946,0.15268908,-0.0023569104,-0.54063195,1.5358988,-0.8929952,0.014627897,-4.0881915,-2.403392,1.4415238,-0.75710773,-2.920041,-2.0127695,2.7936018,0.9595755,2.3489223,-3.8119268,2.8685737,-2.8895357
22,0.0026630687,-0.090918116,0.24252269,-0.07752527,-0.0525853,-0.9956026,1.0,0.0,0.0,0.0051843664,-0.10381456,0.1442312,0.044909835,-0.08101255,0.025695803,0.12601508,-0.00015059125,0.2793429,-0.07871783,-0.14261794,-0.08582569,-0.31884885,-0.047646835,0.0485354,-0.14949779,-0.3076082,-0.8082474,-0.35291865,-0.019015534,0.076991245,0.07066146,-0.5486898,-0.75198984,0.9383119,-1.1779505,0.28518155,0.27813196,0.12522537,0.32703334,0.5043192,1.1840545,-0.64376223,0.168274,0.7545139,0.083241016,37.261528,204.81346,-218.51509,-228.28406,24.916864,-199.73093,-221.24907,-73.64314,290.04678,454.2699,-185.36636,-148.12968,0.0051843664,-0.10381456,-0.6557688,1.6449099,-0.88101256,0.025695803,0.12601508,-0.00015059125,-0.5206571,1.5212822,-0.94261795,-0.08582569,-6.376977,-0.9529367,0.97070795,-2.9899557,-6.1521635,-16.164948,-7.058373,-0.38031065,1.5398248,1.4132292,-10.973796,-15.039797
23,-0.07250534,-0.14667948,0.014449417,-0.0827641,-0.050559238,-0.99528587,1.0,0.0,0.0,-0.008499205,-0.116430655,0.15782201,0.029445648,-0.06877965,-0.05685625,0.10995759,0.010148054,0.27614212,-0.031344414,-0.17572898,-0.1595021,0.13735823,-0.07637715,0.082664944,-0.016644305,0.34490216,-0.08915856,0.14204709,0.111682795,-0.08831155,0.35935238,0.14844552,-0.054426163,-0.019670554,0.73930585,-0.46571845,-1.1592474,0.3448248,0.56595486,0.03240245,-0.93640727,0.7237153,-1.6901388,0.6281605,0.5554712,198.62036,-189.52979,190.32439,186.18625,135.23828,200.25682,194.48003,221.58014,-199.984,90.27784,200.19557,200.6836,-0.008499205,-0.116430655,-0.642178,1.6294457,-0.86877966,-0.05685625,0.10995759,0.010148054,-0.5238579,1.5686556,-0.975729,-0.1595021,2.7471647,-1.5275431,1.6532989,-0.3328861,6.898043,-1.7831712,2.840942,2.233656,-1.7662311,7.1870475,2.9689102,-1.0885233
24,-0.08172613,-0.121405326,-0.03506519,-0.0880306,-0.04759312,-0.9949802,1.0,0.0,0.0,-0.0022480828,-0.12970403,0.15904284,0.03441,0.024403095,0.015977047,0.09931426,0.018769298,0.27764636,0.0050518513,-0.07080698,-0.094455,-0.014901168,-0.07290648,-0.063157834,0.085931115,0.52310944,0.73641104,-0.13850829,-0.0044971886,0.089228235,0.03673518,0.8328454,0.6377324,0.44730404,-1.1764649,0.3464924,0.17180043,-0.68526685,-0.040836897,-0.78095675,0.96811366,-0.8382478,-1.9621217,-0.5968759,-0.057485044,-17.912224,-86.62668,-184.63666,54.259842,75.857704,219.3816,-20.051743,-219.6727,203.27116,-220.67087,200.17914,199.57437,-0.0022480828,-0.12970403,-0.6409572,1.63441,-0.7755969,0.015977047,0.09931426,0.018769298,-0.52235365,1.6050519,-0.870807,-0.094455,-0.29802334,-1.4581295,-1.2631567,1.7186222,10.462189,14.728221,-2.7701657,-0.089943774,1.7845647,0.7347036,16.656908,12.754647
25,-0.06384445,-0.13515992,0.23414926,-0.09344006,-0.04422086,-0.9946424,1.0,0.0,0.0,0.037994005,-0.14391737,0.15786505,0.061912656,0.04625678,0.0951713,0.032705028,0.019389104,0.29568058,0.0017246008,0.019816399,-0.04217535,0.37406653,-0.0752992,0.052865338,0.1557397,-0.21706958,0.106478356,-0.47969136,0.0025343911,0.08440333,-0.029228335,0.09984716,0.02021367,-0.81341183,0.7418155,-0.47696686,-1.2963719,-0.25606817,-0.6893903,0.7874005,-1.0024363,0.58590394,-0.37946677,-0.17438914,-0.9509,192.51091,-176.85324,240.00346,85.16096,-199.19695,-199.6366,-138.25748,60.550056,-4.980301,81.22644,-266.367,-79.17053,0.037994005,-0.14391737,-0.64213496,1.6619127,-0.75374323,0.0951713,0.032705028,0.019389104,-0.5043194,1.6017246,-0.7801836,-0.04217535,7.4813304,-1.5059841,1.0573068,3.1147938,-4.3413916,2.1295671,-9.593827,0.050687823,1.6880665,-0.5845667,1.9969432,0.40427336
26,0.00033297017,-0.1645349,-0.12623689,-0.099217854,-0.042928886,-0.9941392,1.0,0.0,0.0,0.06821054,-0.15559283,0.16264915,0.07771993,-0.04902643,0.037062317,-0.023367656,0.023306437,0.33200538,-0.024540544,-0.037320733,-0.09751704,-0.030174261,-0.045569222,-0.0010983188,0.012596503,-0.5263268,-0.6154139,-0.12532975,0.04264204,0.24252439,-0.19873516,-0.47753176,-0.4822633,-1.0140411,-1.1383678,0.15085927,-0.9960322,0.105246544,0.4092863,1.2042911,1.1602775,-0.49901775,1.2381127,0.73607063,-0.09012231,-199.98187,203.12982,-200.1267,-219.32994,33.374317,-199.97284,143.78873,60.058533,44.028976,-44.669662,-54.393997,-116.14769,0.06821054,-0.15559283,-0.63735086,1.67772,-0.84902644,0.037062317,-0.023367656,0.023306437,-0.46799463,1.5754595,-0.83732074,-0.09751704,-0.6034852,-0.91138446,-0.021966377,0.25193006,-10.526535,-12.308278,-2.506595,0.8528408,4.8504877,-3.974703,-9.550635,-9.645266
27,-0.05848356,0.12204303,0.117706664,-0.0990925,-0.04159091,-0.9942087,1.0,0.0,0.0,0.013816702,-0.17525572,0.15453887,0.058260083,-0.07795042,-0.009752464,0.001978513,0.04527479,0.345747,-0.028188348,-0.069158435,-0.12575391,-0.46906146,-0.13746618,-0.065193765,-0.19008732,0.16712745,0.07806079,0.33472165,0.1838016,-0.064045995,0.11151316,0.14252356,0.04631107,0.9531844,0.8107992,0.018991726,0.69342357,0.4347393,0.5764165,-0.9452746,-1.0180397,0.4928574,-1.0443778,0.6019554,0.37943545,-200.38611,-139.35686,-3.6896095,-237.84093,199.33244,201.36273,195.72842,204.8313,-253.10858,161.13013,199.13951,45.672253,0.013816702,-0.17525572,-0.64546114,1.6582601,-0.87795043,-0.009752464,0.001978513,0.04527479,-0.45425302,1.5718117,-0.86915845,-0.12575391,-9.381229,-2.7493234,-1.3038752,-3.8017464,3.3425488,1.5612158,6.6944327,3.676032,-1.2809199,2.2302632,2.850471,0.9262214
28,0.087273106,-0.027931545,-0.20717242,-0.09632012,-0.041881375,-0.9944688,1.0,0.0,0.0,-0.033887435,-0.195904,0.13097799,0.046266437,0.03150177,0.08185832,0.022241611,0.058494546,0.3488381,-0.026673079,0.0046964884,-0.054433946,-0.048728142,-0.08996615,-0.13219935,0.032267384,0.8416219,0.76847196,-0.07303063,-0.050546017,0.0147096915,0.031010149,0.24848266,0.4807422,0.6804886,0.8200976,0.6000618,-0.7684281,-0.1850481,-0.36025837,-0.9996587,-0.86291534,-0.48023233,0.38018113,-0.04939676,-0.1990995,200.64313,218.71246,-117.52303,172.92715,144.29837,200.15926,-154.04718,-349.8093,-386.71658,62.806,-177.63417,44.77083,-0.033887435,-0.195904,-0.669022,1.6462665,-0.76849824,0.08185832,0.022241611,0.058494546,-0.45116192,1.573327,-0.7953035,-0.054433946,-0.9745628,-1.799323,-2.643987,0.64534765,16.832438,15.369439,-1.4606125,-1.0109203,0.29419383,0.62020296,4.969653,9.614843
29,-0.080407575,0.013793457,0.016592477,-0.09607168,-0.041919887,-0.99449134,1.0,0.0,0.0,0.0017039175,-0.20139734,0.12894434,0.040130496,0.10428923,0.16254203,-0.046695802,0.03723592,0.33261418,0.009995937,0.00064677,-0.03487042,0.3393375,0.013447324,0.079793364,-0.033278942,-0.074318565,0.09169639,-0.56428146,-0.15253586,-0.15857476,0.3033144,-0.110434175,-0.21573594,-0.9498502,-0.8839411,-0.0430509,-0.0077945627,-0.61229527,-1.4590405,0.96424127,0.8043057,0.30651057,-0.9784741,-0.6754078,-0.7934432,122.729195,93.99749,363.54907,98.490845,-262.05185,-208.34637,-201.72794,-186.60725,-259.7119,156.83556,-11.527506,-199.91878,0.0017039175,-0.20139734,-0.6710557,1.6401305,-0.6957108,0.16254203,-0.046695802,0.03723592,-0.46738583,1.609996,-0.79935324,-0.03487042,6.78675,0.26894647,1.5958673,-0.66557884,-1.4863713,1.8339278,-11.285629,-3.050717,-3.1714952,6.0662875,-2.2086835,-4.3147187
30,0.007773878,0.19425708,-0.2015146,-0.09161489,-0.04102483,-0.9949491,1.0,0.0,0.0,0.018101215,-0.20756859,0.12403363,0.03804648,0.009490907,0.10901261,-0.10772745,0.023206476,0.30860597,0.04467058,-0.09703344,-0.15388268,-0.13353227,-0.07174329,-0.11153429,-0.011303159,-0.7856376,-0.5755034,-0.09467282,-0.0034893632,-0.088397354,0.06801921,-0.79804575,-0.9056727,-0.9440954,0.8228403,0.63577193,-0.009385053,0.73570573,-0.33252683,1.0244597,-0.7142957,-0.7073444,-0.95155966,-0.35227215,0.44042346,-200.1986,-181.82787,-205.72427,-103.76099,-200.23798,-199.6187,197.36136,212.1278,61.683697,-226.5964,-200.45491,-199.45018,0.018101215,-0.20756859,-0.6759664,1.6380465,-0.7905091,0.10901261,-0.10772745,0.023206476,-0.49139404,1.6446706,-0.89703345,-0.15388268,-2.6706455,-1.4348657,-2.2306857,-0.22606319,-15.712752,-11.510068,-1.8934565,-0.069787264,-1.7679471,1.3603842,-15.960915,-18.113455
31,0.08061917,0.1600033,0.013783131,-0.08452703,-0.043255452,-0.99548185,1.0,0.0,0.0,-0.04693886,-0.21662068,0.10869205,0.01967585,-0.07278311,-0.048316225,-0.09174915,0.018894937,0.28900337,0.04331875,-0.206999,-0.2562766,-0.47876474,-0.025355104,-0.058098156,-0.13611895,-0.106142834,-0.76253116,0.2236507,-0.038211696,-0.10507276,-0.06494891,-0.4076057,-0.19043766,0.5776196,-0.9088051,-0.0015117507,-0.2952988,0.33843386,0.07615194,-0.5779003,1.17196,0.57475704,-0.20461127,0.6319844,1.0408612,-198.33243,243.63329,180.30284,20.98057,199.38353,86.94592,205.92905,-227.90378,-189.15285,-214.80908,67.21298,199.55246,-0.04693886,-0.21662068,-0.69130796,1.6196759,-0.8727831,-0.048316225,-0.09174915,0.018894937,-0.51099664,1.6433188,-1.006999,-0.2562766,-9.5752945,-0.5071021,-1.1619631,-2.722379,-2.1228566,-15.250623,4.473014,-0.7642339,-2.1014552,-1.2989782,-8.152114,-3.808753
32,0.05996625,0.05032448,-0.16178957,-0.080214605,-0.046511423,-0.9956919,1.0,0.0,0.0,-0.10472866,-0.22603315,0.096322596,-0.0020602942,-0.017110467,-0.108397245,-0.07988952,0.010126169,0.29148436,-0.0020805597,-0.21342355,-0.22140409,-0.12561184,-0.05849005,-0.07663619,-0.038227197,0.45645258,0.119531944,-0.077501915,-0.043960046,0.10759629,-0.35561642,0.2749804,0.47332636,0.92963505,0.7321927,0.7161673,0.86500555,-1.127573,-0.15167055,-0.6114142,-0.7276607,-0.5454099,1.1616756,0.23378491,-0.43334296,207.40843,-77.19157,-141.36095,258.96918,-43.535202,292.91776,-202.03513,206.04918,206.48813,-145.32266,200.33684,200.34671,-0.10472866,-0.22603315,-0.7036774,1.5979397,-0.8171105,-0.108397245,-0.07988952,0.010126169,-0.50851566,1.5979195,-1.0134236,-0.22140409,-2.5122368,-1.169801,-1.5327238,-0.76454395,9.129051,2.3906388,-1.5500383,-0.8792009,2.1519258,-7.1123285,5.4996076,9.466527
33,-0.031756535,0.040715907,0.07089206,-0.078245565,-0.046778128,-0.995836,1.0,0.0,0.0,-0.079695545,-0.22598562,0.091584146,0.011186719,-0.0074473023,-0.11588636,-0.1500313,-0.007394022,0.29162258,-0.040487647,-0.0904392,-0.20160417,0.33498552,0.03849793,0.030867485,0.13673542,-0.2690806,-0.08204288,-0.5642647,-0.101636074,-0.09227713,-0.017625941,0.7184423,-0.16293119,-1.0360177,-1.0412447,-0.4939949,-1.4581273,0.16124964,-0.47282556,0.91078,1.2507969,0.8745123,0.5034228,0.018390857,-0.8773098,200.57843,218.759,194.1561,183.1426,-200.01099,-3.6200535,-271.46475,657.0879,245.12773,867.31177,-195.89394,-31.749527,-0.079695545,-0.22598562,-0.70841587,1.6111867,-0.8074473,-0.11588636,-0.1500313,-0.007394022,-0.50837743,1.5595124,-0.8904392,-0.20160417,6.6997104,0.76995856,0.6173497,2.7347085,-5.3816123,-1.6408576,-11.285294,-2.0327215,-1.8455426,-0.35251883,14.368846,-3.2586238
34,-0.055764593,0.042793814,-0.092066474,-0.076707244,-0.045269556,-0.9960255,1.0,0.0,0.0,-0.06379625,-0.21619362,0.0797438,0.034920454,-0.0048546195,-0.19173339,-0.20840432,-0.0042800196,0.27166247,-0.016624928,-0.03403586,-0.29290858,-0.120667174,0.06321075,-0.13529776,0.12487232,0.20037697,-0.55876726,-0.08316063,0.0963062,-0.11346393,0.19345754,0.09351631,-0.72979254,-1.1575987,0.7729545,0.8079966,-0.30970865,-0.30703273,0.032883648,1.4729187,-0.7876582,-0.86546314,-0.7176459,-1.0904654,0.029331611,-193.4523,262.5592,-97.42669,155.66267,30.020447,8.670303,183.15318,280.20453,21.374557,152.69272,-52.33773,-181.7201,-0.06379625,-0.21619362,-0.7202562,1.6349205,-0.80485463,-0.19173339,-0.20840432,-0.0042800196,-0.52833754,1.5833751,-0.8340359,-0.29290858,-2.4133434,1.264215,-2.705955,2.4974463,4.0075393,-11.175345,-1.6632125,1.926124,-2.2692785,3.8691509,1.8703262,-14.595851
35,-0.020323178,0.043552686,0.120820105,-0.07508443,-0.04378178,-0.9962156,1.0,0.0,0.0,-0.12610444,-0.20075996,0.06936169,0.033190608,-0.04477197,-0.23054999,-0.1875412,0.011004351,0.25065428,0.011075854,-0.09053522,-0.3599019,-0.47058925,0.093362026,0.01508112,-0.13126443,-0.50185436,0.104464464,0.2574526,0.059392687,-0.103622854,0.087250404,-0.58814377,-0.013185479,0.8352144,-0.9751579,-0.45754918,0.12699363,-0.5830835,0.98605144,-0.7659812,1.0846361,0.8754995,-1.0710078,0.40376067,1.2779301,-209.76761,205.32504,243.26302,-197.46272,-144.20914,200.5934,203.08464,-220.90532,-217.55786,-224.06136,-200.22499,199.7269,-0.12610444,-0.20075996,-0.7306383,1.6331906,-0.844772,-0.23054999,-0.1875412,0.011004351,-0.54934573,1.6110759,-0.89053524,-0.3599019,-9.411785,1.8672405,0.3016224,-2.6252887,-10.0370865,2.0892892,5.149052,1.1878537,-2.072457,1.745008,-11.762876,-0.26370957
36,0.03560604,0.04112404,-0.019982051,-0.07360013,-0.043925676,-0.99632,1.0,0.0,0.0,-0.17061561,-0.19771248,0.06387001,0.046331406,-0.20360571,-0.13332489,-0.17164862,0.021678966,0.24808323,-0.0009458065,-0.13291675,-0.28989163,-0.040424522,-0.03479361,-0.053659882,0.16579285,-0.9258997,0.8070717,-0.06527788,0.047498208,0.06321277,-0.18369125,0.09571699,0.64748406,1.0180866,0.75023687,0.81191134,-0.40676823,0.37004673,-0.04508358,-0.5121344,-0.899506,-0.5709475,-0.67082244,0.28936943,-0.25464267,198.8612,-199.21727,-193.60115,10.593084,16.157602,200.25183,-198.50743,192.15535,202.23782,-217.92764,200.11139,200.06241,-0.17061561,-0.19771248,-0.73613,1.6463314,-1.0036057,-0.13332489,-0.17164862,0.021678966,-0.5519168,1.5990542,-0.93291676,-0.28989163,-0.8084904,-0.6958722,-1.0731976,3.315857,-18.517994,16.141434,-1.3055576,0.9499641,1.2642553,-3.673825,1.9143398,12.949681
37,0.035834067,0.079700865,0.13892692,-0.07086585,-0.044737257,-0.996482,1.0,0.0,0.0,-0.13054867,-0.19559912,0.08038491,0.04693365,-0.3135653,-0.047909904,-0.23569061,0.021064168,0.25710094,-0.04563737,-0.051662445,-0.23044601,0.39766216,0.04603275,0.19896752,-0.13440342,-0.2424713,0.13408847,-0.5091464,-0.037727192,0.001683734,-0.12073028,0.4291606,0.11722411,-0.7204678,-0.79509753,-0.5507014,0.35382456,0.5977508,-0.5789017,0.5675025,0.7215005,1.1193578,1.5627851,0.24946219,-0.5364943,205.11836,238.3894,180.4465,-224.62143,199.8309,-142.63966,-140.05632,-14.650375,167.41376,638.73517,-107.628845,-42.77424,-0.13054867,-0.19559912,-0.7196151,1.6469337,-1.1135653,-0.047909904,-0.23569061,0.021064168,-0.5428991,1.5543627,-0.85166246,-0.23044601,7.9532433,0.92065495,3.9793503,-2.6880684,-4.849426,2.6817694,-10.182928,-0.75454384,0.03367468,-2.4146056,8.583212,2.3444822
38,0.08544862,0.012038532,-0.07457732,-0.069443144,-0.047383524,-0.99645996,1.0,0.0,0.0,-0.10121181,-0.19283065,0.0913592,0.04855442,-0.28522795,-0.09721976,-0.2926503,0.020972032,0.23593152,-0.02206409,0.018245518,-0.2670244,-0.05922517,-0.013276006,-0.06513812,0.12637363,0.4557654,-0.5578057,-0.10301121,0.037478335,-0.18453525,0.26222324,0.35294223,-0.4464794,-0.9511367,0.7909221,0.63723344,-0.9857853,0.037499636,-0.08247328,1.3685797,-0.8889952,-0.91830945,-0.21005292,-0.44888756,-0.304672,-200.3786,-195.98753,-197.59468,183.34668,200.14996,-199.88724,174.76382,178.4064,-185.39655,162.59044,14.592529,-177.87325,-0.10121181,-0.19283065,-0.7086408,1.6485544,-1.085228,-0.09721976,-0.2926503,0.020972032,-0.5640685,1.5779359,-0.7817545,-0.2670244,-1.1845034,-0.26552013,-1.3027623,2.5274725,9.115308,-11.156114,-2.0602243,0.7495667,-3.6907048,5.244465,7.0588446,-8.929588
39,0.11854316,-0.013952151,0.14753298,-0.06970974,-0.05144555,-0.9962398,1.0,0.0,0.0,-0.15179726,-0.1917353,0.0940088,0.04097092,-0.16741705,-0.13730766,-0.2734377,0.023613522,0.20029718,0.018917084,0.013930261,-0.29758546,-0.4121031,0.021372288,0.0786203,-0.17170884,0.5468318,0.044163864,0.2556994,-0.006542982,-0.17585632,0.15209989,-0.32620808,-0.03476712,0.6078073,-1.0422323,-0.58865774,-0.8166794,-0.70745575,0.846184,-0.279718,1.1183574,1.0099639,-0.36406833,-0.94300336,0.82901394,-201.00624,181.11198,204.02695,-216.48499,-60.715378,95.07736,202.91602,-234.21786,-203.49504,-219.58177,-200.03444,22.06441,-0.15179726,-0.1917353,-0.7059912,1.640971,-0.96741706,-0.13730766,-0.2734377,0.023613522,-0.59970284,1.6189171,-0.78606975,-0.29758546,-8.242062,0.42744577,1.5724059,-3.4341767,10.936635,0.8832773,5.113988,-0.13085964,-3.5171263,3.0419977,-6.5241613,-0.6953424
40,0.1488067,0.066990934,-0.15471682,-0.06841863,-0.05674691,-0.9960414,1.0,0.0,0.0,-0.19496559,-0.19546664,0.11277616,-0.007037759,-0.13206333,-0.050115053,-0.25143138,0.023322936,0.18490684,0.018253207,-0.12763876,-0.23162134,-0.052547473,-0.05032252,0.10590591,-0.2968765,-0.1260374,0.7567116,0.032722544,0.006750785,0.0057286965,-0.13221055,-1.0203758,0.6297438,1.0322164,0.8598003,0.6828699,1.3172702,-0.35375118,-0.7454996,-0.2724092,-0.9395408,-0.6748251,0.27373022,0.36760116,-0.30564508,199.42198,-192.50226,-202.01982,-223.12611,-199.84941,200.26465,-88.76501,192.77824,203.5218,-222.04121,-199.77576,200.16454,-0.19496559,-0.19546664,-0.68722385,1.5929623,-0.93206334,-0.050115053,-0.25143138,0.023322936,-0.6150932,1.6182532,-0.92763877,-0.23162134,-1.0509495,-1.0064504,2.1181183,-5.9375296,-2.520748,15.134232,0.6544509,0.1350157,0.114573926,-2.644211,-20.407516,12.594876
41,0.047250073,-0.049327422,-0.16659151,-0.0679684,-0.060611367,-0.9958446,1.0,0.0,0.0,-0.15193525,-0.19568324,0.1338206,-0.02691114,-0.2041102,0.037581585,-0.2567044,0.021199148,0.16996682,0.022376657,-0.25498706,-0.18025011,0.415723,0.049722854,0.09850809,0.021270419,-0.41037408,0.17024972,-0.046210706,-0.025670996,-0.14147618,0.14726461,-0.32256714,-0.047905438,-1.0468929,-0.9893723,-0.6346702,-0.44170263,0.40827852,-1.1320536,1.1026707,1.1789895,0.8771349,-0.4700904,0.8451931,-0.58725214,219.6925,290.04532,-85.399765,169.61255,24.623795,-173.52078,5.158571,-195.21207,-206.56227,179.26135,199.9696,-199.74117,-0.15193525,-0.19568324,-0.6661794,1.5730889,-1.0041102,0.037581585,-0.2567044,0.021199148,-0.6300332,1.6223767,-1.0549871,-0.18025011,8.31446,0.99445707,1.9701618,0.42540836,-8.207481,3.4049942,-0.9242141,-0.5134199,-2.8295236,2.9452922,-6.4513426,-0.9581087
42,0.079532355,-0.05096941,-0.37779015,-0.06931066,-0.06400049,-0.99554014,1.0,0.0,0.0,-0.12306238,-0.19081351,0.13549846,-0.02128148,-0.2036218,0.0074293576,-0.21834126,0.025566421,0.16086888,0.018245935,-0.24443704,-0.2653753,-0.07761072,0.0029491913,-0.06304244,0.03329316,0.3415105,-0.4132916,0.38718876,0.058778502,0.0326624,-0.15781642,0.3601569,-0.6954587,-0.7193506,0.80390745,0.5597153,0.609501,-0.27761504,-0.1589253,0.3061343,-0.9290578,-0.72830653,-0.39962173,0.013369434,0.43570647,-216.80461,-141.2189,-146.87434,-19.952698,216.70177,-167.49701,201.96039,182.92982,194.98953,-219.62854,200.40239,-89.70308,-0.12306238,-0.19081351,-0.66450155,1.5787185,-1.0036218,0.0074293576,-0.21834126,0.025566421,-0.6391311,1.618246,-1.044437,-0.2653753,-1.5522144,0.058983825,-1.2608488,0.6658632,6.83021,-8.265832,7.7437754,1.17557,0.65324795,-3.1563284,7.203138,-13.909174
43,0.112739444,-0.073206566,-0.064396665,-0.07153899,-0.06853217,-0.9950806,1.0,0.0,0.0,-0.17134908,-0.19021104,0.12055892,0.0019942522,-0.20244187,-0.06240092,-0.09887845,0.030152878,0.16470432,-0.025578141,-0.14878047,-0.3259963,-0.388116,0.014930385,-0.08486327,0.17082761,-0.15876803,-0.27921933,0.7715132,-0.007891758,0.009549982,-0.26785007,0.44249874,0.01779597,0.7897448,-1.0709058,-0.85629845,-1.4495586,0.04879439,0.84958607,-1.0255203,1.0877458,0.910462,1.031815,-0.6741001,0.8660644,-200.74849,197.96895,210.71228,188.80832,-26.12886,50.34716,202.70824,-275.16107,-162.99045,-197.74156,-54.955746,198.91383,-0.17134908,-0.19021104,-0.6794411,1.6019943,-1.0024419,-0.06240092,-0.09887845,0.030152878,-0.6352957,1.5744219,-0.9487805,-0.3259963,-7.76232,0.2986077,-1.6972654,3.4165523,-3.1753604,-5.5843863,15.430264,-0.15783516,0.19099963,-5.3570013,8.849975,0.3559194
44,0.09750759,-0.11743127,-0.31510064,-0.074673206,-0.0730813,-0.9945265,1.0,0.0,0.0,-0.20941395,-0.19447841,0.10696179,0.025031328,-0.1595965,-0.039849415,0.0152581055,0.03030628,0.17202628,-0.0651989,-0.13761872,-0.24834467,-0.029085428,-0.05399851,-0.052874345,0.070147045,0.4530154,0.43347788,0.40428883,0.009332849,0.058951426,-0.1417819,-0.26110968,0.691005,0.9171672,0.8229223,0.5444561,-1.208636,0.2313635,0.33248737,-0.7267937,-0.8917128,-0.77782834,-0.7120823,-0.97626555,0.15445065,201.33983,-197.38852,-204.0465,-218.36469,56.15989,199.98181,-197.60127,189.78621,201.1292,183.97734,-199.99988,199.76752,-0.20941395,-0.19447841,-0.6930382,1.6250314,-0.9595965,-0.039849415,0.0152581055,0.03030628,-0.62797374,1.5348011,-0.93761873,-0.24834467,-0.58170855,-1.0799702,-1.0574869,1.4029409,9.0603075,8.669558,8.085776,0.18665697,1.1790285,-2.8356378,-5.2221937,13.8201
45,0.024201028,-0.014024287,-0.102019876,-0.076249175,-0.0757157,-0.9942099,1.0,0.0,0.0,-0.16464423,-0.19489403,0.12372345,0.006695032,-0.024678111,0.08984027,0.05332112,0.025463164,0.1833353,-0.08687973,-0.24551111,-0.09319605,0.43004584,0.042157352,0.19984376,-0.22432421,0.6735192,0.6425328,0.0033948098,-0.052345194,0.058597695,-0.014620246,-0.72096926,0.64778227,-0.04996883,-0.891718,-0.76506746,-0.55358964,-0.40624583,-0.4372839,-0.8766739,0.9348906,0.77503955,1.3848271,0.07039971,-0.9400867,203.2882,229.42586,184.35706,-227.53564,-65.10652,-64.502686,-217.9641,-278.3087,323.34253,387.70685,-121.62191,-162.27267,-0.16464423,-0.19489403,-0.67627656,1.606695,-0.8246781,0.08984027,0.05332112,0.025463164,-0.6166647,1.5131203,-1.0455111,-0.09319605,8.600917,0.84314704,3.9968753,-4.486484,13.470384,12.8506565,0.067896195,-1.0469038,1.1719539,-0.29240492,-14.419385,12.955646
46,0.06717159,-0.120551236,-0.021305857,-0.079204574,-0.07790986,-0.9938091,1.0,0.0,0.0,-0.11280941,-0.19353552,0.16167694,-0.043440342,0.029254794,0.14073682,0.010167978,0.017416485,0.1923104,-0.071556926,-0.3184759,-0.047039855,0.15445076,-0.008558529,0.18277943,-0.20819108,-0.12258958,-0.07990467,-0.3988063,-0.027022917,0.042570833,0.13732678,-0.07062519,-0.09739197,-0.8598513,0.76243496,0.47988924,1.2817001,-0.18927078,-1.1072472,1.0946864,-0.9401922,-0.84579325,-0.53703815,0.92877,-0.73861253,-96.170906,-37.12796,118.405075,165.61972,-259.78607,-213.9706,-196.44078,154.63315,197.13614,184.54584,200.28648,-200.84776,-0.11280941,-0.19353552,-0.63832307,1.5565597,-0.7707452,0.14073682,0.010167978,0.017416485,-0.6076896,1.5284431,-1.1184759,-0.047039855,3.0890152,-0.17117059,3.6555886,-4.1638217,-2.4517915,-1.5980934,-7.976126,-0.5404583,0.85141665,2.7465355,-1.4125038,-1.9478394
47,0.06050187,-0.13315709,0.2768132,-0.08417127,-0.080307454,-0.99320984,1.0,0.0,0.0,-0.11991427,-0.18876624,0.19172084,-0.0686177,-0.04619187,0.050788254,-0.028986381,0.008849233,0.1971333,-0.057611823,-0.2554353,-0.1403375,-0.17795996,0.043058183,0.08798589,0.0015900374,-0.41919628,-0.71336395,-0.033740427,-0.049171947,0.016391356,0.0121045625,0.63115174,-0.7684445,0.14772356,-1.1550001,-0.9263629,-1.0553086,0.5699782,0.16257538,0.62163264,0.9819313,0.48603824,0.763865,-0.19035915,0.46120778,-78.976036,-35.375107,-172.03264,399.59933,55.281067,-148.9417,200.34596,-205.57532,-202.9541,-220.21965,200.12636,-200.01044,-0.11991427,-0.18876624,-0.60827917,1.5313823,-0.8461919,0.050788254,-0.028986381,0.008849233,-0.6028667,1.5423882,-1.0554353,-0.1403375,-3.559199,0.8611637,1.7597177,0.031800747,-8.383925,-14.267279,-0.67480856,-0.9834389,0.3278271,0.24209125,12.6230345,-15.368889
48,-0.012584014,-0.20008272,-0.5143535,-0.09061254,-0.08155959,-0.99254084,1.0,0.0,0.0,-0.1147637,-0.1850671,0.20137769,-0.061381698,-0.07064128,-0.0003682289,0.02091856,0.009206736,0.20777625,-0.04300642,-0.19985992,-0.21771576,0.19570176,-0.0067528016,0.024452372,0.050824314,0.0756236,0.104501046,0.48196945,0.045990642,0.079478666,0.12275318,0.07494556,-0.074408874,1.1763337,0.76775146,0.23902771,0.62998694,-1.0287693,0.72775733,-0.6085397,-0.9498941,-0.7320421,-1.3642979,-0.48243845,0.8299606,200.49918,-286.4868,-205.14618,-65.84332,114.24102,221.79462,193.78761,256.1942,198.77629,183.69928,-59.36889,201.32448,-0.1147637,-0.1850671,-0.5986223,1.5386183,-0.8706413,-0.0003682289,0.02091856,0.009206736,-0.59222376,1.5569936,-0.9998599,-0.21771576,3.9140353,-0.13505603,0.4890474,1.0164863,1.512472,2.090021,9.639389,0.9198128,1.5895733,2.4550636,1.4989111,-1.4881774
49,0.021971337,0.06490547,-0.36095557,-0.09112783,-0.08347566,-0.99233437,1.0,0.0,0.0,-0.024000801,-0.17735246,0.20190787,-0.03108263,-0.13219976,0.09701842,0.068310626,0.006775693,0.2150386,-0.030414224,-0.25602943,-0.15669732,0.664637,0.07715093,-0.011619236,0.23018932,-0.6217131,0.7994971,0.036354568,-0.06350013,0.0026107328,0.01383732,-0.49944043,0.6156104,-0.7956592,-1.2235116,-0.58832276,-1.4882374,0.80498934,-0.6138956,-0.63767904,1.1958864,0.67119014,-0.61586314,0.11548396,-0.35156986,202.32901,223.66895,38.110332,163.58397,-200.86034,200.18715,-199.68573,-203.39622,-198.85364,-216.74051,-49.341618,200.0514,-0.024000801,-0.17735246,-0.59809214,1.5689174,-0.9321998,0.09701842,0.068310626,0.006775693,-0.5849614,1.5695858,-1.0560294,-0.15669732,13.29274,1.5430186,-0.23238473,4.6037865,-12.434262,15.989943,0.7270913,-1.2700026,0.052214656,0.2767464,-9.988809,12.312208
50,0.10355142,0.05431374,-0.13690388,-0.08811603,-0.08709857,-0.99229497,1.0,0.0,0.0,0.048918933,-0.17387928,0.19133127,-0.0017329454,-0.17919654,0.18057795,0.030797573,-0.004753298,0.23453736,-0.061980724,-0.28100055,-0.112558044,0.121144,-0.031604044,-0.08582013,0.079854585,0.081506446,0.10592989,-0.37086484,-0.05275485,0.17201973,-0.29893693,0.1815192,-0.10215079,-1.297352,0.8254612,0.65144473,-1.1139175,0.15059018,-0.7941686,0.7614939,-0.88635325,-0.81557965,1.1435764,0.4801063,-0.7780988,-200.20259,-206.97607,-196.54868,-213.89725,200.0914,-200.20906,-200.03629,177.75258,179.01775,-226.93336,199.9646,-200.21129,0.048918933,-0.17387928,-0.60866874,1.5982671,-0.97919655,0.18057795,0.030797573,-0.004753298,-0.56546265,1.5380193,-1.0810006,-0.112558044,2.42288,-0.63208085,-1.7164026,1.5970917,1.6301289,2.1185977,-7.417297,-1.055097,3.4403946,-5.978739,3.6303837,-2.0430157
51,-0.012261897,0.035488885,0.16617596,-0.086494684,-0.08853485,-0.9923105,1.0,0.0,0.0,0.033424437,-0.17137298,0.18870193,-0.016661406,-0.095140934,0.123727314,-0.006666293,-0.013319307,0.24807543,-0.09107089,-0.16770315,-0.20630488,-0.24064736,0.048445746,0.048336178,-0.20146258,0.58503693,-0.6038541,-0.036670517,-0.033574957,-0.016255638,-0.019705055,0.8811569,-0.7683782,0.1518819,-1.125807,-0.63012093,-0.07789981,-0.22074395,0.10452694,0.7430454,1.1561127,0.87091255,0.5350507,-0.43827027,0.63242435,-201.78572,200.73209,208.96574,-215.42325,6.368848,-200.20447,200.06361,-202.01349,-203.09303,178.5076,200.12733,-199.87366,0.033424437,-0.17137298,-0.6112981,1.5833386,-0.89514095,0.123727314,-0.006666293,-0.013319307,-0.5519246,1.5089291,-0.96770316,-0.20630488,-4.8129473,0.9689149,0.96672356,-4.0292516,11.700738,-12.077083,-0.73341036,-0.67149913,-0.32511273,-0.39410108,17.623138,-15.367564
52,-0.037384048,0.029544255,-0.60774416,-0.084211625,-0.08836206,-0.99252236,1.0,0.0,0.0,0.029045746,-0.16685002,0.18834054,-0.041669488,-0.052987576,0.0774662,0.045070484,-0.0098464005,0.24923289,-0.07994282,-0.06875759,-0.2834355,0.14371371,0.0014919962,-0.040151585,-0.070909046,-0.095230095,0.004268921,0.4991531,0.060664114,0.023901992,0.117937185,0.17840813,-0.072158895,0.98933226,0.8769159,0.6652129,-0.057289455,-0.9769704,0.68486625,-0.7281369,-0.9639082,-0.7044563,-1.4311073,-0.7934342,1.0590271,143.66391,-200.2481,-196.05766,-18.222357,-199.94606,70.136765,195.34018,229.42723,190.84514,181.12885,-199.88193,200.91621,0.029045746,-0.16685002,-0.61165947,1.5583305,-0.8529876,0.0774662,0.045070484,-0.0098464005,-0.5507671,1.5200572,-0.8687576,-0.2834355,2.8742743,0.029839924,-0.8030317,-1.418181,-1.9046018,0.085378416,9.983062,1.2132822,0.47803983,2.3587437,3.5681624,-1.4431778
53,-0.04054989,-0.029760897,-0.3241254,-0.08276874,-0.08849733,-0.99263155,1.0,0.0,0.0,0.097862065,-0.1588778,0.1948914,-0.026242733,-0.13204241,0.1327172,0.09291369,-0.009956391,0.25623214,-0.07080269,-0.107456565,-0.22206827,0.5325722,0.07769962,0.103504635,0.15324557,-0.63684565,0.5033607,0.024663499,-0.051392652,0.043507513,-0.01563143,-0.4977885,0.6170048,-0.8320658,-1.2876049,-0.5662149,-0.3546787,0.95194614,-0.7119302,-0.75012815,1.3167654,1.0375823,0.08768542,0.42418563,-0.2603254,161.96729,213.87395,386.11108,285.07828,-144.40814,147.59439,-199.69176,-202.06107,-200.25966,-216.89774,-199.9313,200.12611,0.097862065,-0.1588778,-0.6051086,1.5737573,-0.9320424,0.1327172,0.09291369,-0.009956391,-0.54376787,1.5291973,-0.9074566,-0.22206827,10.651444,1.5539923,2.0700927,3.0649114,-12.736913,10.067214,0.49326998,-1.027853,0.8701502,-0.3126286,-9.95577,12.340096
54,-0.09234244,-0.060301974,-0.044039052,-0.08412023,-0.08648544,-0.99269533,1.0,0.0,0.0,0.14504167,-0.14922886,0.20389396,-0.0043207407,-0.1833536,0.15577553,0.054709494,-0.016198128,0.2638945,-0.06218064,-0.13262129,-0.17662275,-0.0048862896,0.020855008,-0.0019546773,0.07340695,0.053485204,-0.20201944,-0.36583206,-0.014593484,0.032198317,0.092319444,0.17854135,-0.07581134,-1.2657301,0.79223937,0.43796906,-0.43335453,0.17450213,-0.5323249,0.77759045,-0.92216486,-0.666605,-0.9843131,0.6791247,-0.58145565,-192.25609,-180.1159,-259.69202,-199.05145,195.09448,-203.25781,-194.5907,165.62125,204.68135,188.13019,200.30455,-144.05205,0.14504167,-0.14922886,-0.59610605,1.5956793,-0.9833536,0.15577553,0.054709494,-0.016198128,-0.5361055,1.5378194,-0.9326213,-0.17662275,-0.09772579,0.41710016,-0.039093543,1.4681389,1.069704,-4.0403886,-7.316641,-0.29186967,0.6439663,1.8463888,3.570827,-1.5162268
55,-0.037181016,-0.093627095,0.23443794,-0.0873483,-0.08305988,-0.99270904,1.0,0.0,0.0,0.10549175,-0.14072509,0.2180183,-0.021718025,-0.102589786,0.03567651,0.016910635,-0.018211376,0.26695853,-0.05344343,-0.03635508,-0.2578973,-0.36126748,0.053323682,0.1486225,-0.2351142,0.6260416,-0.92146075,-0.035508346,0.02987569,-0.050657768,0.11077931,0.47364783,-0.5583199,0.48699832,-1.2043775,-0.73987734,0.78943837,-0.03792727,0.6220705,0.791458,1.1434776,0.86345184,0.39587557,-0.12326404,0.43930373,-199.14516,168.52702,210.56046,-219.53185,45.017876,-200.81877,140.217,437.2107,-418.90692,253.80058,-149.54881,-23.839828,0.10549175,-0.14072509,-0.5819817,1.578282,-0.9025898,0.03567651,0.016910635,-0.018211376,-0.5330415,1.5465566,-0.8363551,-0.2578973,-7.2253494,1.0664736,2.97245,-4.702284,12.520831,-18.429214,-0.7101669,0.5975138,-1.0131553,2.2155862,9.472957,-11.166398
56,-0.05540158,-0.12606496,-0.5222998,-0.09141576,-0.08140073,-0.9924803,1.0,0.0,0.0,0.086083874,-0.13140696,0.22058421,-0.014929771,-0.06319803,-0.05113784,0.0680145,-0.00051725685,0.25983882,-0.013823986,-0.023661017,-0.29271898,0.0904251,0.027158245,-0.07543805,0.19155976,0.07650278,-0.09496822,0.49656484,0.13502352,-0.020912867,0.26532695,-0.18556018,0.13748112,1.0471421,0.8592381,0.39099532,-0.69707304,-0.7349577,1.2614877,-0.89048505,-1.0088445,-0.79439664,-2.188382,-0.65697277,0.871727,199.43903,-196.43394,-198.25839,184.64905,-16.999567,200.08308,195.39291,189.51031,157.43507,183.75484,-79.99507,196.3994,0.086083874,-0.13140696,-0.5794158,1.5850703,-0.86319804,-0.05113784,0.0680145,-0.00051725685,-0.5401612,1.586176,-0.823661,-0.29271898,1.8085018,0.5431649,-1.508761,3.831195,1.5300555,-1.8993645,9.931296,2.7004702,-0.41825733,5.3065386,-3.7112036,2.7496223
57,-0.100881696,-0.10995656,-0.22816353,-0.09463642,-0.079560846,-0.9923276,1.0,0.0,0.0,0.15405913,-0.11808541,0.2301364,-0.002646327,-0.13428319,0.0052684997,0.115503274,0.01405885,0.25423014,0.024580956,-0.13508022,-0.18953064,0.5440767,0.11320754,0.1399381,-0.02164817,-0.68080527,0.6145406,0.026615912,0.019102184,-0.028444363,0.13172999,-0.8609926,0.82583094,-0.6051936,-1.2949522,-0.6959734,-0.22315353,0.6519737,-0.17026225,-0.8587524,1.1265103,0.8783754,-2.310839,0.29382238,-0.37996355,194.33965,265.92218,126.71776,-12.977554,-183.81839,239.12971,-199.98343,-201.53645,-200.11436,-221.87257,-199.88382,200.16954,0.15405913,-0.11808541,-0.5698636,1.5973537,-0.9342832,0.0052684997,0.115503274,0.01405885,-0.5457699,1.624581,-0.93508023,-0.18953064,10.881534,2.2641509,2.7987618,-0.4329634,-13.616105,12.290812,0.53231823,0.38204366,-0.56888723,2.6345997,-17.219852,16.516619
58,-0.08412672,-0.14783387,0.02246745,-0.099660955,-0.07641429,-0.99208295,1.0,0.0,0.0,0.20150374,-0.103740044,0.24757373,-0.004622102,-0.18577033,0.059236374,0.07915927,0.01988246,0.26887667,0.01754725,-0.23201531,-0.1034901,-0.005552647,0.03761619,0.04578023,-0.0037991204,0.084272705,-0.018741503,-0.35276482,0.037007358,0.15496382,-0.17013085,-0.1771403,0.10695422,-1.3980217,0.7904317,0.2021353,1.0113244,0.48725808,-0.36257324,0.9175138,-0.91869646,-0.3470851,-1.4517312,0.47484243,-0.71764195,-213.73909,-111.16238,-153.94907,-26.432785,216.32047,-178.32085,-195.53967,167.02534,220.76923,-207.8686,200.72742,-200.37949,0.20150374,-0.103740044,-0.5524263,1.5953779,-0.98577034,0.059236374,0.07915927,0.01988246,-0.53112334,1.6175473,-1.0320153,-0.1034901,-0.11105294,0.75232375,0.9156046,-0.07598241,1.685454,-0.37483007,-7.0552964,0.7401471,3.0992763,-3.402617,-3.542806,2.1390843
59,-0.025715219,0.12786661,0.08521351,-0.098545045,-0.07418922,-0.99236333,1.0,0.0,0.0,0.15986489,-0.09656681,0.23047048,0.018394351,-0.09532845,-0.022252236,0.044681996,0.024669504,0.28716272,-0.029193759,-0.19013822,-0.1559063,-0.37436056,0.04107256,-0.18460988,0.22917846,0.6618263,-0.67290586,-0.025382256,0.017411105,0.05378249,-0.28996667,0.5257811,-0.5641285,0.45064965,-1.1046982,-0.28114855,-0.78479356,-0.5500666,0.5703665,0.51550573,1.0562187,0.8226265,0.61913687,0.56725574,1.079439,-201.18921,282.75928,-365.40918,450.761,-121.445465,-13.858757,200.595,-203.24239,-192.33966,-217.67773,200.26718,-199.9515,0.15986489,-0.09656681,-0.56952953,1.6183944,-0.89532846,-0.022252236,0.044681996,0.024669504,-0.5128373,1.5708063,-0.99013823,-0.1559063,-7.487211,0.8214512,-3.6921976,4.583569,13.236526,-13.458117,-0.50764513,0.3482221,1.0756497,-5.799333,10.515622,-11.28257
60,-0.06782715,0.099841565,-0.73891526,-0.092454396,-0.073099986,-0.99302995,1.0,0.0,0.0,0.13096507,-0.09066757,0.19312668,0.05953729,-0.04574585,-0.07374668,0.09482054,0.03619681,0.28903586,-0.059550762,-0.056711078,-0.18733265,0.044081185,0.012640545,-0.17864603,0.16541117,-0.06285609,0.070199504,0.45140725,0.046293166,-0.0905376,0.06009078,0.501385,0.20029016,0.6748457,0.85365695,0.9002893,-0.05466527,-0.8472402,0.664558,-0.8407763,-0.86497617,-0.55242753,-0.7592363,-0.40482295,1.9502896,198.50694,-187.88522,-155.31528,-177.21495,-201.5989,202.63437,202.05756,-294.5413,-320.4544,340.17377,-103.4091,210.6452,0.13096507,-0.09066757,-0.60687333,1.6595373,-0.84574586,-0.07374668,0.09482054,0.03619681,-0.51096416,1.5404493,-0.8567111,-0.18733265,0.8816237,0.2528109,-3.5729206,3.3082235,-1.2571218,1.40399,9.028145,0.9258633,-1.810752,1.2018156,10.027699,4.005803
61,-0.09841427,0.13306457,-0.4318244,-0.08613914,-0.071631715,-0.9937047,1.0,0.0,0.0,0.1889872,-0.07577657,0.182809,0.061600685,-0.13454098,0.01686999,0.13787611,0.032681253,0.27432537,-0.04793334,-0.039771378,-0.06605703,0.4922702,0.12051076,0.04698577,-0.11268753,-0.75636727,0.76615274,0.0053239535,-0.068681024,-0.057779063,0.056869447,-0.26038542,0.9115344,-0.7641572,-1.2997286,-0.3249051,-0.1480057,0.4356221,-0.58276147,-0.9304297,1.218567,1.245969,0.49503285,-0.42710558,-0.34800884,207.40936,179.1163,154.44452,-195.81212,-201.06726,199.13075,-230.33035,-130.08517,205.65445,150.19106,-236.89583,173.74255,0.1889872,-0.07577657,-0.617191,1.6616007,-0.934541,0.01686999,0.13787611,0.032681253,-0.52567464,1.5520667,-0.8397714,-0.06605703,9.845404,2.4102151,0.93971545,-2.2537506,-15.127345,15.323054,0.10647907,-1.3736204,-1.1555812,1.137389,-5.2077084,18.230688
62,-0.18114816,0.12591901,-0.14138806,-0.079943,-0.06680349,-0.99455833,1.0,0.0,0.0,0.23255005,-0.059978753,0.18538678,0.02833414,-0.20738703,0.09249293,0.09496347,0.023745634,0.26360118,-0.023400068,-0.15559387,0.037548322,-0.014006682,0.048959613,-0.026146863,-0.14519198,-0.019677615,0.033128783,-0.3944045,-0.024899323,-0.04783317,0.17488144,-0.68585116,0.19612992,-1.2069347,0.8846556,0.73827916,1.0575228,0.27376884,-0.75507295,0.94035137,-1.0380725,-0.7307879,-1.7167213,0.68732554,-0.54634976,-234.12994,-155.32684,-47.871994,290.48413,246.10217,-249.52051,-198.46527,195.47723,205.19807,186.26285,35.576607,-199.81532,0.23255005,-0.059978753,-0.61461323,1.6283342,-1.007387,0.09249293,0.09496347,0.023745634,-0.5363988,1.5766,-0.9555939,0.037548322,-0.28013363,0.97919226,-0.52293724,-2.9038396,-0.39355227,0.66257566,-7.8880897,-0.49798644,-0.95666337,3.4976287,-13.717023,3.9225984
63,-0.05376711,0.03920285,0.1294509,-0.07704143,-0.062292576,-0.99508,1.0,0.0,0.0,0.1930818,-0.048964605,0.17454815,0.020823121,-0.14120847,0.012229611,0.051504493,0.015295214,0.2535283,-0.0020302534,-0.21527737,0.003386046,-0.359901,0.06518479,-0.06547539,0.03142814,0.6219701,-0.7394809,-0.07158246,-0.05729983,-0.05491791,0.051737886,0.018146735,-0.4713821,-0.20194325,-1.1201972,-0.40503928,-0.5598802,0.15196443,0.9017607,0.652182,0.94403386,1.082043,-1.5444245,0.7979248,0.15640494,-194.21152,212.4092,171.706,190.99515,196.39026,-204.14963,200.04274,-200.9619,-207.85086,-219.8134,199.87016,-200.02145,0.1930818,-0.048964605,-0.62545186,1.6208231,-0.9412085,0.012229611,0.051504493,0.015295214,-0.5464717,1.5979698,-1.0152774,0.003386046,-7.19802,1.3036957,-1.3095077,0.6285628,12.439402,-14.7896185,-1.4316491,-1.1459966,-1.0983582,1.0347577,0.36293468,-9.427642
64,-0.076558396,0.059550207,-0.006823659,-0.07540575,-0.05915612,-0.9953966,1.0,0.0,0.0,0.093376406,-0.045092452,0.15370464,0.041858196,-0.035677493,-0.041195225,0.08896717,0.01686959,0.2611335,-0.025841475,-0.13655764,-0.014484881,-0.6103787,-0.0050334944,-0.12255045,0.1467666,0.4363837,0.12414702,0.4046246,0.057611294,0.11403947,-0.26006103,0.70114034,0.22309212,1.0421574,0.8874672,0.7692636,1.1141449,-0.8812387,1.1292207,-0.83704054,-0.9282976,-0.54608226,0.060737237,-0.047812186,1.0999758,-83.495224,-130.67047,59.772858,48.89258,-23.091114,226.19185,200.2378,205.85355,186.71388,-223.8175,199.94104,200.32043,0.093376406,-0.045092452,-0.64629537,1.6418582,-0.8356775,-0.041195225,0.08896717,0.01686959,-0.5388665,1.5741585,-0.93655765,-0.014484881,-12.207574,-0.10066988,-2.451009,2.935332,8.727674,2.4829404,8.092492,1.1522259,2.2807894,-5.2012205,14.022806,4.4618425
65,-0.0843713,0.038993053,0.27135387,-0.07395436,-0.05545943,-0.99571836,1.0,0.0,0.0,0.01864971,-0.039813247,0.13386148,0.088296175,-0.032782197,0.054110732,0.11804984,0.015762663,0.2587986,-0.024959564,-0.09149879,0.0904462,-0.18162295,0.049645983,-0.08014015,0.29827368,-0.33255172,0.7633228,-0.062748976,-0.05447316,-0.10968464,0.19022216,0.012434913,0.778097,0.8738537,-1.2566463,-0.59606636,-0.9822281,-0.14010298,-1.0826354,-1.0748568,1.1040121,1.2048404,-0.6036361,0.27842453,0.2072619,199.7734,198.73236,225.40121,187.15036,-199.31244,199.92625,-203.19455,-150.74529,-207.98866,210.80002,-48.48072,169.75276,0.01864971,-0.039813247,-0.6661385,1.6882962,-0.8327822,0.054110732,0.11804984,0.015762663,-0.5412014,1.5750405,-0.8914988,0.0904462,-3.632459,0.9929196,-1.602803,5.9654737,-6.6510344,15.266455,-1.2549795,-1.0894632,-2.1936927,3.8044431,0.24869825,15.561939
66,0.064792365,-0.0057901014,0.022107633,-0.073687755,-0.05508242,-0.9957591,1.0,0.0,0.0,0.02218046,-0.0381082,0.11935824,0.13205206,-0.078386664,0.1332564,0.072422065,0.006509923,0.24174458,0.0030230284,-0.0821743,0.16129549,0.18027745,-0.024402818,-0.06846026,0.15580033,-0.16876838,0.09512999,-0.36440656,-0.048846196,-0.06540405,0.0953065,0.085139,0.11237591,-0.25352487,0.78618246,0.59224427,-0.9992433,0.10096425,-0.9722577,0.53078043,-0.9666059,-0.683903,-0.39956886,0.48164582,-0.5116782,199.54147,-202.78673,-194.86526,-214.80075,24.728142,-200.12903,-179.90366,144.65395,-82.671555,-89.98241,19.545013,-76.59305,0.02218046,-0.0381082,-0.6806418,1.7320521,-0.8783867,0.1332564,0.072422065,0.006509923,-0.55825543,1.603023,-0.8821743,0.16129549,3.605549,-0.48805636,-1.3692052,3.1160066,-3.3753674,1.9025998,-7.288131,-0.9769239,-1.3080809,1.90613,1.70278,2.247518
67,0.09657431,0.0088267885,0.2500083,-0.073916875,-0.05791697,-0.99558127,1.0,0.0,0.0,0.015242697,-0.037287965,0.12391353,0.13152468,-0.04482007,0.073650256,0.036591936,0.007189911,0.2211138,0.026124358,-0.021477818,0.1127241,-0.21012354,0.026948143,0.09896412,-0.13151477,0.33256823,-0.61998284,-0.02837204,0.046904825,-0.13238733,0.12910035,0.49008527,-0.53110033,-0.88394666,-1.2558941,-0.49661076,-1.0931315,0.30681232,0.34852234,0.85366386,1.1240159,1.0676968,0.8396303,-0.31237283,0.3167798,-199.5945,190.36653,199.78271,-219.35083,19.854422,-200.28726,164.31998,157.54068,-107.49913,12.748932,123.77894,-185.0767,0.015242697,-0.037287965,-0.6760865,1.7315247,-0.8448201,0.073650256,0.036591936,0.007189911,-0.5788862,1.6261244,-0.82147783,0.1127241,-4.202471,0.53896284,1.9792824,-2.6302955,6.6513643,-12.399656,-0.5674408,0.93809646,-2.6477466,2.582007,9.801705,-10.622006
68,0.049673878,-0.024827775,0.060204376,-0.07431904,-0.060254052,-0.9954126,1.0,0.0,0.0,-0.07116075,-0.043062374,0.13852185,0.093946576,0.070527196,0.024947528,0.082143836,0.028578194,0.19744688,0.06397104,-0.0015773177,0.08255356,-0.61219734,-0.066424854,0.0374021,-0.18814713,0.51459193,0.03943562,0.43448254,0.15575507,-0.10458235,0.23549548,-0.21854566,0.16155198,1.476513,1.027157,0.61169124,0.7705819,0.24850917,1.9730281,-0.973799,-1.0312084,-0.73985827,-1.8779349,-0.9056427,0.6932975,-198.07484,80.339355,-361.17258,338.23032,-349.62686,118.02318,194.83286,206.75153,143.63132,156.20929,-200.97816,200.18732,-0.07116075,-0.043062374,-0.66147816,1.6939466,-0.7294728,0.024947528,0.082143836,0.028578194,-0.6025531,1.6639711,-0.8015773,0.08255356,-12.243947,-1.328497,0.748042,-3.7629426,10.291839,0.7887124,8.689651,3.1151013,-2.091647,4.7099094,-4.370913,3.2310395
69,-0.0043814876,-0.0048994278,0.3325558,-0.075680345,-0.0605061,-0.9952947,1.0,0.0,0.0,-0.14322619,-0.05352867,0.13182777,0.094026804,0.11864984,0.07704806,0.12119555,0.047910087,0.17493242,0.09833908,-0.11928183,0.19105738,-0.15419835,-0.04820673,-0.081199884,0.11947109,0.17719403,0.45823118,0.002217004,0.048719905,-0.12048198,0.12047354,-0.8915639,0.85448295,1.15072,-0.8208553,-0.55757,-0.3592099,-0.10785237,0.07001656,-1.3531204,0.70924664,0.945596,-1.7370209,0.13349855,-0.7239187,246.4944,-125.26602,-33.711273,227.2072,0.5062485,129.27216,-200.4858,-207.41577,-216.08232,-232.76434,-200.55786,199.53053,-0.14322619,-0.05352867,-0.66817224,1.6940268,-0.6813502,0.07704806,0.12119555,0.047910087,-0.6250676,1.6983391,-0.91928184,0.19105738,-3.083967,-0.96413463,-1.6239977,2.3894217,3.5438805,9.164623,0.04434008,0.9743981,-2.4096396,2.4094708,-17.831278,17.089659
70,0.09782751,-0.055999864,0.03804186,-0.07750141,-0.06211462,-0.99505544,1.0,0.0,0.0,-0.13565595,-0.06641857,0.11713934,0.11330843,0.07884252,0.104095615,0.081959456,0.05904573,0.17514676,0.0904603,-0.22218877,0.2833722,0.198184,-0.0870797,-0.06737757,0.0624834,-0.412186,-0.034807745,-0.35983035,0.061605092,0.10107764,-0.1679694,-0.20606747,0.14079228,0.10879495,0.8474615,0.614961,-0.44606084,-0.53084683,-0.40923214,0.73665774,-1.0974647,-0.65542364,-1.1634812,0.36980775,-1.2938453,199.74359,-212.5696,-184.56802,-211.71481,-39.174026,-50.48303,-198.0246,186.74283,227.31255,-208.14893,200.81442,-200.26898,-0.13565595,-0.06641857,-0.6828607,1.7133085,-0.7211575,0.104095615,0.081959456,0.05904573,-0.62485325,1.6904603,-1.0221888,0.2833722,3.9636798,-1.741594,-1.3475513,1.249668,-8.24372,-0.6961549,-7.1966066,1.2321018,2.0215528,-3.359388,-4.1213493,2.8158455
71,0.02157081,0.03389217,-0.14462298,-0.07736694,-0.06452016,-0.99491286,1.0,0.0,0.0,-0.059742916,-0.0703722,0.1234014,0.09575784,-0.077748775,0.020756401,0.053334437,0.07133319,0.19027585,0.041430235,-0.18603224,0.23833603,0.43748078,0.02826087,0.11070428,-0.21360932,-1.034833,-0.73269194,0.030301908,0.06097236,0.053433727,-0.30940062,0.4971466,-0.52455634,-0.6649964,-1.0984377,-0.6229057,0.6086964,0.7129204,0.11457263,0.5660144,1.170025,1.0783597,0.6123764,0.33787316,0.90560764,-22.91147,190.74472,206.73502,-222.037,-61.42135,-201.00647,203.056,-213.41252,-184.2878,-216.8685,200.37115,-200.49567,-0.059742916,-0.0703722,-0.6765986,1.6957579,-0.8777488,0.020756401,0.053334437,0.07133319,-0.60972416,1.6414303,-0.98603225,0.23833603,8.749616,0.5652174,2.2140856,-4.2721863,-20.69666,-14.653839,0.60603815,1.2194471,1.0686746,-6.188012,9.942932,-10.491127
72,0.08677965,-0.050031856,-0.3887181,-0.077081986,-0.06764592,-0.99472725,1.0,0.0,0.0,-0.016644562,-0.078577854,0.12338078,0.08301437,-0.20810837,-0.049944278,0.108036324,0.09066774,0.20109826,-0.007647276,-0.024437487,0.20931427,0.03205715,-0.09699158,-0.0917246,0.061149,-0.33853042,-0.04240628,0.47256014,0.12539165,0.053660132,-0.19172022,0.90887034,0.16573401,-0.50146073,0.87390685,0.4257393,-0.7596286,0.69251704,0.7989966,-0.3848612,-0.8974955,-0.72901785,-0.570041,-0.57676095,1.3052443,-200.22472,-201.10716,-199.53099,181.48802,200.03183,200.0278,199.16801,184.15854,158.5747,160.05582,-44.03374,199.82837,-0.016644562,-0.078577854,-0.67661923,1.6830144,-1.0081084,-0.049944278,0.108036324,0.09066774,-0.59890175,1.5923527,-0.8244375,0.20931427,0.641143,-1.9398316,-1.834492,1.22298,-6.7706084,-0.8481256,9.451202,2.5078328,1.0732026,-3.8344042,18.177406,3.31468
73,0.042334992,0.025208896,0.42705113,-0.07772065,-0.06987832,-0.9945233,1.0,0.0,0.0,-0.056154817,-0.09209474,0.123177946,0.061607838,-0.200782,0.015433506,0.14723893,0.09697681,0.20778745,-0.037389994,0.056375682,0.2996718,-0.3852137,-0.04362039,0.07156922,-0.24646015,0.3438187,0.6292202,-0.038169328,-0.051711686,0.023461474,-0.07497331,-0.029875318,0.667042,0.75701356,-0.42482477,-0.69844794,0.2820402,0.51636946,0.10217157,-1.0172518,0.7327262,1.2171273,1.4458413,-1.0915513,0.33731356,-201.31804,209.61565,193.2863,-221.57552,200.28372,200.19696,-175.244,-307.91022,161.21277,155.95259,-229.85893,170.01836,-0.056154817,-0.09209474,-0.67682207,1.6616079,-1.000782,0.015433506,0.14723893,0.09697681,-0.59221256,1.56261,-0.7436243,0.2996718,-7.704274,-0.8724078,1.4313843,-4.929203,6.876374,12.584404,-0.76338655,-1.0342337,0.4692295,-1.4994661,-0.59750634,13.34084
74,0.12861052,-0.0693328,0.1261731,-0.07951401,-0.072716646,-0.99417794,1.0,0.0,0.0,-0.09243921,-0.10795742,0.12017858,0.04437244,-0.05529952,0.0755592,0.09589864,0.087888375,0.22131217,-0.035361767,-0.027120829,0.35626006,-0.013224122,-0.10970487,-0.084561855,0.04456943,1.040574,0.12185885,-0.4334211,-0.043245796,0.10229056,0.07950139,-0.7342981,0.025677765,0.9631074,0.9477434,0.4765781,-1.3403482,-0.68747234,-0.158063,0.20749962,-0.94127667,-0.8064245,-0.08232044,0.22898176,-1.0905119,200.12105,-199.26534,-202.43571,176.4559,199.94044,-62.58017,-196.12323,152.70438,190.9331,180.01831,-199.97055,-84.29088,-0.09243921,-0.10795742,-0.67982143,1.6443725,-0.85529953,0.0755592,0.09589864,0.087888375,-0.57868785,1.5646383,-0.82712084,0.35626006,-0.26448244,-2.1940973,-1.6912371,0.89138854,20.81148,2.437177,-8.668422,-0.8649159,2.0458112,1.5900278,-14.685962,0.5135553
75,0.0342842,0.016454998,-0.19097635,-0.08016516,-0.075858176,-0.9938909,1.0,0.0,0.0,-0.043659046,-0.11653419,0.12537676,0.02221167,0.07673907,0.029541232,0.054953873,0.07976574,0.23315567,-0.02875173,-0.096720695,0.28800014,0.45655504,0.008514594,0.1180948,-0.23629177,0.34973085,-0.42403278,-0.019615194,-0.036387425,0.022402612,0.0031475015,-0.032351688,-0.64193016,-0.7039617,-0.60053915,-0.110523194,-0.37603945,-0.09759557,0.5968556,0.83066773,0.5074168,0.31946802,0.045745775,0.39733523,-0.4145594,199.65147,198.47916,216.0233,-209.91252,-199.33223,-30.41002,200.14143,-207.04707,-205.0979,-128.11304,199.8563,-200.28355,-0.043659046,-0.11653419,-0.67462325,1.6222117,-0.72326094,0.029541232,0.054953873,0.07976574,-0.56684434,1.5712483,-0.8967207,0.28800014,9.131101,0.17029189,2.361896,-4.7258353,6.994617,-8.480656,-0.39230388,-0.72774845,0.44805226,0.06295003,-0.64703375,-12.838603
76,0.013760816,0.057702065,-0.3771414,-0.07769269,-0.07764315,-0.9939493,1.0,0.0,0.0,0.0042942422,-0.121390305,0.1440779,-0.014537573,0.060510457,0.03012348,0.09774613,0.08538304,0.23513108,-0.023536563,-0.028520823,0.08737009,0.059609514,-0.057208594,0.07356801,-0.14975873,-0.3557036,0.3359519,0.40659162,0.0798287,0.003887885,0.035859797,0.6468896,-1.2062163,-0.5833475,0.9235986,0.47694486,1.0440757,-0.28138417,1.1287682,-0.4947089,-1.0092065,-0.48368642,-0.23345502,-0.62764066,0.7271311,-263.16608,3.2228546,123.95671,181.48222,-111.92427,184.20708,195.40222,213.42143,145.4539,74.953186,200.34729,-1.2255355,0.0042942422,-0.121390305,-0.6559221,1.5854625,-0.73948956,0.03012348,0.09774613,0.08538304,-0.5648689,1.5764635,-0.82852083,0.08737009,1.1921903,-1.1441718,1.4713602,-2.9951744,-7.114072,6.719038,8.131832,1.596574,0.0777577,0.7171959,12.937793,-24.124327
77,0.024233397,0.088331625,0.46229407,-0.075027555,-0.07825789,-0.99410594,1.0,0.0,0.0,-0.029088946,-0.1319587,0.15893865,-0.031398892,-0.05953002,0.1662382,0.12682186,0.08896357,0.23453009,-0.027908564,0.026996851,-0.077366605,-0.35350132,-0.054935556,0.069130264,-0.032323085,-0.6082749,0.95383054,-0.0674572,-0.03287003,-0.00898797,-0.06728003,-0.024998803,-0.5112142,0.6591339,-1.1064594,-0.6100107,-0.39903092,0.5867307,-0.75432974,-0.8353731,1.1362218,1.0302538,0.8510578,-0.12866646,1.2365922,-198.65907,187.94669,185.89531,171.67107,81.81374,199.86348,-199.32907,-204.72862,-197.93285,-215.35664,-199.9825,199.9592,-0.029088946,-0.1319587,-0.64106137,1.5686011,-0.85953003,0.1662382,0.12682186,0.08896357,-0.5654699,1.5720915,-0.77300316,-0.077366605,-7.0700264,-1.0987111,1.3826053,-0.64646167,-12.165497,19.07661,-1.349144,-0.65740055,-0.1797594,-1.3456006,-0.49997604,-10.224283
78,0.0061025866,-0.027204234,0.20659308,-0.0750756,-0.07780374,-0.994138,1.0,0.0,0.0,-0.06462368,-0.14326948,0.16457295,-0.029407501,-0.1015597,0.27926284,0.073828824,0.08339993,0.24206245,-0.02860713,-0.021995962,-0.10612858,-0.053788956,-0.045624994,-0.0015256642,0.043019798,0.12038012,0.26850507,-0.4243413,-0.025947887,0.0741164,0.047742616,-0.28001568,0.15690991,0.86743706,0.8496265,0.60977054,1.1923242,0.14929938,-0.7407898,0.52916014,-0.95148873,-0.74062634,-0.96059674,-0.10834355,0.26036438,141.83975,31.959625,-193.33447,-46.609665,214.11096,-184.55133,-196.18167,168.94638,199.3708,186.17316,24.617699,199.59293,-0.06462368,-0.14326948,-0.63542706,1.5705925,-0.9015597,0.27926284,0.073828824,0.08339993,-0.55793756,1.5713929,-0.821996,-0.10612858,-1.0757791,-0.91249985,-0.030513285,0.8603959,2.4076023,5.3701015,-8.486826,-0.51895773,1.482328,0.9548523,-5.600313,3.1381981
79,0.012403629,-0.010567922,-0.085597195,-0.07591233,-0.077940606,-0.9940636,1.0,0.0,0.0,-0.01906998,-0.14081937,0.1634885,-0.0045092106,-0.030649245,0.25519413,0.035821848,0.07503744,0.25359076,-0.0325222,-0.059061825,-0.005199112,0.46173653,0.060896505,-0.011486611,0.19027476,0.38638315,-0.43991414,-0.0018736416,-0.05215587,0.045926772,-0.07598641,-0.13463733,0.6567765,-0.7717097,-1.251203,-0.7076176,-1.3808861,-0.006416619,-0.11580694,0.7762617,1.2038158,1.0958049,0.5310102,0.7001204,-0.22157499,234.54214,250.7839,-9.757797,131.12802,-31.262722,-204.35176,199.98567,-204.371,-203.9768,-218.53302,19.761385,-17.160442,-0.01906998,-0.14081937,-0.6365115,1.5954908,-0.83064926,0.25519413,0.035821848,0.07503744,-0.54640925,1.5674778,-0.85906184,-0.005199112,9.234731,1.2179301,-0.22973223,3.805495,7.727663,-8.798283,-0.037472833,-1.0431174,0.9185354,-1.5197282,-2.6927464,13.1355295
80,-0.0022580067,-0.042498782,-0.3575533,-0.076327436,-0.07884354,-0.99396074,1.0,0.0,0.0,0.021933664,-0.13651578,0.15322775,0.022553802,-0.0060311556,0.12563774,0.08320003,0.07812778,0.2620042,-0.03656268,-0.011832893,0.050004523,-0.00077609404,-0.018237563,-0.08319222,0.084911466,0.026212072,-0.63907087,0.43185613,0.0725729,0.037456285,0.025850171,0.53947616,-0.03541708,-0.344366,0.8086168,0.4719813,-1.0547867,-0.3955752,0.9541679,-0.7571466,-0.9048112,-0.73949194,-1.0543498,-0.302675,-0.35154897,-200.02875,-197.40776,-201.24257,-218.58687,-28.672758,64.8833,194.38445,223.73515,184.03604,177.60864,199.82513,-199.32018,0.021933664,-0.13651578,-0.64677227,1.6225538,-0.80603117,0.12563774,0.08320003,0.07812778,-0.5379958,1.5634373,-0.8118329,0.050004523,-0.01552188,-0.36475125,-1.6638445,1.6982293,0.52424145,-12.781417,8.637122,1.451458,0.7491257,0.5170034,10.789523,-0.7083416
81,-0.055759553,0.031008277,0.47488698,-0.076808594,-0.07736412,-0.9940399,1.0,0.0,0.0,-0.022318486,-0.13454236,0.15626508,0.006513715,-0.07662499,0.072084926,0.11327609,0.08346966,0.2678129,-0.04511249,0.022115588,-0.032016493,-0.40286484,0.033496276,0.095146745,-0.2162236,-0.6455677,0.036040153,-0.0786397,-0.012272911,0.022099115,-0.098950356,-0.13283388,-0.6818935,0.80481195,-0.9308968,-0.6482317,0.3687466,0.39418113,0.6356731,-1.1073194,0.86835086,1.187078,0.6670203,0.06976078,1.0888895,-202.93002,196.1653,211.17024,-213.9851,-136.79834,200.20337,-199.42363,-203.50322,-199.26973,-216.5302,-199.99834,-97.674934,-0.022318486,-0.13454236,-0.64373493,1.6065137,-0.876625,0.072084926,0.11327609,0.08346966,-0.5321871,1.5548875,-0.7778844,-0.032016493,-8.057297,0.6699255,1.9029349,-4.324472,-12.911354,0.720803,-1.572794,-0.24545822,0.4419823,-1.9790071,-2.6566777,-13.63787
82,-0.012266869,-0.040927555,0.23343971,-0.078180134,-0.075080685,-0.9941081,1.0,0.0,0.0,-0.061539277,-0.13571951,0.15933996,-0.003914833,-0.12918389,0.15779762,0.05940378,0.07953513,0.277412,-0.049473047,0.03125328,-0.095006645,-0.026119594,-0.03724299,-0.050527986,0.082892194,0.050440945,0.74917233,-0.42462778,-0.027178207,0.0696659,0.0433017,0.08652652,-0.014620679,0.69022477,0.76933515,0.48737186,-0.57337606,0.28808296,-0.12468836,0.80957806,-0.95545256,-0.70553887,-1.1771213,0.29522446,0.75895816,199.91316,-199.0728,-199.96626,182.89774,200.02765,199.92645,-194.7799,167.68944,199.25653,186.51431,5.08279,199.37662,-0.061539277,-0.13571951,-0.64066005,1.5960852,-0.9291839,0.15779762,0.05940378,0.07953513,-0.522588,1.550527,-0.76874673,-0.095006645,-0.52239186,-0.74485976,-1.0105597,1.6578438,1.0088189,14.983446,-8.492556,-0.54356414,1.393318,0.86603403,1.7305304,-0.2924136
83,0.008676565,-0.10524189,-0.109264344,-0.08067787,-0.074530356,-0.9939499,1.0,0.0,0.0,-0.018040286,-0.13188525,0.16204602,-0.00090396404,-0.061437845,0.22268957,0.021579064,0.07238433,0.27875775,-0.034756184,0.07433981,-0.039723888,0.39052838,0.045965992,0.02288055,0.05828915,0.39521852,-0.095211364,0.0026872547,-0.0443336,-0.057932686,0.15935352,0.19578391,0.46268287,-0.78587437,-1.1365291,-0.698451,0.9745733,-0.058041543,-0.30610713,0.65003014,1.0755078,1.0946376,0.8452708,0.22979227,0.2033754,165.7995,67.57701,36.305023,224.13943,-18.38797,-284.10107,195.80408,-160.74768,-200.6519,169.4205,11.940048,121.38749,-0.018040286,-0.13188525,-0.637954,1.5990961,-0.86143786,0.22268957,0.021579064,0.07238433,-0.52124226,1.5652438,-0.7256602,-0.039723888,7.8105674,0.9193198,0.457611,1.165783,7.9043703,-1.9042273,0.05374509,-0.88667196,-1.1586537,3.1870704,3.9156783,9.253657
84,0.09349795,-0.19183822,-0.36595854,-0.086161606,-0.07768681,-0.99324775,1.0,0.0,0.0,0.009336906,-0.134018,0.14274806,0.043049216,-0.040776253,0.12654026,0.073760726,0.07024198,0.25886673,0.02055955,0.11863524,0.049052343,-0.0685448,-0.05620275,-0.19739424,0.34938112,-0.017043239,-0.7960655,0.46573836,0.028656332,-0.11353767,0.35205784,0.23938392,0.39764735,-0.24156952,0.8807543,0.33140498,-1.5644964,-0.50438786,0.32494035,-0.47980285,-1.0242438,-0.9040692,-1.4255766,-1.367327,-0.688128,-197.8697,-197.64969,-211.58366,169.0893,-27.472578,-200.1444,197.8385,194.44482,179.01636,185.45958,10.076132,-37.699505,0.009336906,-0.134018,-0.65725195,1.6430492,-0.84077626,0.12654026,0.073760726,0.07024198,-0.5411333,1.6205596,-0.6813648,0.049052343,-1.370896,-1.124055,-3.9478846,6.9876223,-0.34086475,-15.92131,9.314767,0.5731266,-2.2707534,7.041157,4.7876782,7.9529467
85,0.033869807,-0.117494926,0.41993907,-0.09251164,-0.07991191,-0.9924997,1.0,0.0,0.0,-0.04543899,-0.13909175,0.12290937,0.08002579,-0.120539546,0.041599132,0.11019892,0.06546735,0.23411387,0.07768273,0.09270382,0.052405592,-0.39829656,0.0035964798,-0.016500846,0.053476404,-0.71126574,-0.11976178,-0.04530721,-0.06793972,-0.13400368,0.2320553,-0.43163118,-0.29516658,0.9738197,-1.1277386,-0.6935785,-1.8328042,0.6335728,0.6051007,-1.33321,0.8563578,0.79417837,-1.9024148,-0.21637046,-0.6634356,-69.15433,198.0485,202.5096,-215.66074,-199.88695,200.18327,-197.4979,-215.59969,-199.69557,-220.98257,-200.13205,-200.35503,-0.04543899,-0.13909175,-0.67709064,1.6800258,-0.92053956,0.041599132,0.11019892,0.06546735,-0.56588614,1.6776828,-0.7072962,0.052405592,-7.965931,0.0719296,-0.3300169,1.0695281,-14.225314,-2.3952355,-0.9061442,-1.3587945,-2.6800735,4.641106,-8.632624,-5.9033313
86,0.09789404,-0.14586326,0.12710655,-0.09859481,-0.081658885,-0.9917717,1.0,0.0,0.0,-0.08513717,-0.14705464,0.121415555,0.07654309,-0.18510157,0.09642447,0.06417636,0.05226533,0.23170722,0.09317458,-0.020478904,-0.08588156,-0.03526375,-0.07513474,0.00026792756,-0.07554791,-0.005190277,0.59626293,-0.3809325,-0.06459609,0.08414006,-0.0509707,-0.52645683,-1.0158566,0.74180526,0.868301,0.35426039,-0.83017784,0.009462953,-0.08290279,0.8770476,-0.9806018,-0.73377395,-1.3996353,-0.072405525,0.40826964,199.492,-195.81638,-199.85464,-217.71143,200.05186,200.04213,-198.77205,183.14563,176.69835,-231.61395,60.493477,-200.01955,-0.08513717,-0.14705464,-0.67858446,1.6765431,-0.9851016,0.09642447,0.06417636,0.05226533,-0.5682928,1.6931746,-0.8204789,-0.08588156,-0.705275,-1.5026947,0.005358551,-1.5109582,-0.10380554,11.925259,-7.61865,-1.2919217,1.6828012,-1.019414,-10.529137,-20.317131
87,0.04771799,-0.06997004,-0.20439547,-0.10250063,-0.08458462,-0.99113023,1.0,0.0,0.0,-0.03896458,-0.14912969,0.14320701,0.029874206,-0.13088465,0.1397972,0.031050976,0.03720069,0.244017,0.066835284,-0.061736226,-0.21020016,0.45012745,0.040935963,0.20129476,-0.36259457,0.349318,-0.09333401,0.009352253,-0.08350232,0.047285076,-0.1960554,-0.0563164,-0.29952434,-0.36612502,-0.9484355,-0.32621053,0.35658896,-0.32967016,-0.8499804,0.87055075,0.99856114,0.037612513,0.59519607,0.44046682,0.7702806,201.84319,204.32584,205.00182,-218.32625,-13.106212,-200.05127,198.18271,-194.50232,-201.86203,-220.56079,36.13087,200.311,-0.03896458,-0.14912969,-0.656793,1.6298742,-0.93088466,0.1397972,0.031050976,0.03720069,-0.555983,1.6668353,-0.86173624,-0.21020016,9.002549,0.81871927,4.025895,-7.2518916,6.98636,-1.8666803,0.18704505,-1.6700464,0.94570154,-3.921108,-1.126328,-5.9904866
88,0.057559934,0.38684168,-0.20668873,-0.09444203,-0.0878029,-0.9916508,1.0,0.0,0.0,-0.0128566595,-0.14299808,0.13931245,0.0097157955,-0.1234563,0.04616451,0.084910996,0.03212368,0.21722716,0.059174538,0.003250301,-0.19295664,-0.10746352,0.021939512,-0.18875307,0.12027464,-0.20965473,-0.7436441,0.4797382,0.017836126,-0.27850136,0.08891131,0.63649005,0.40190992,-0.6200774,0.82822806,0.1122171,-1.037362,-0.7345564,0.54340476,-0.52070737,-0.92496943,0.8323448,-0.5807946,-0.5585463,0.37311664,-261.8762,-28.810242,238.5429,665.3154,-129.21652,-140.43436,212.97354,102.322685,-145.89226,179.63597,199.98558,198.60922,-0.0128566595,-0.14299808,-0.66068757,1.6097158,-0.9234563,0.04616451,0.084910996,0.03212368,-0.58277285,1.6591746,-0.7967497,-0.19295664,-2.1492703,0.43879023,-3.7750614,2.4054928,-4.1930947,-14.872882,9.594764,0.3567225,-5.5700274,1.7782261,12.729801,8.038198
89,0.049435236,0.055070527,0.48464113,-0.087871365,-0.08901172,-0.99214697,1.0,0.0,0.0,-0.06053003,-0.1454117,0.12368238,0.038053274,-0.22440618,-0.02446247,0.12608616,0.021455683,0.19304925,0.045453668,0.05451256,-0.040332176,-0.3563066,-0.0431476,-0.0054077976,0.14423633,-0.7579344,-0.04673428,-0.016369412,-0.10666789,-0.00079239596,-0.1982983,-0.054563638,0.97625107,1.0995115,-1.1989285,0.38105315,-0.77526915,0.14630628,1.2415804,-1.0425895,1.0935715,-0.12347627,0.86773735,-1.1657019,-0.38307604,-133.38,-138.26399,167.57256,90.27626,-164.04787,193.5975,-199.7851,-204.51085,220.52438,-216.50273,-199.81934,20.654654,-0.06053003,-0.1454117,-0.67631763,1.6380533,-1.0244062,-0.02446247,0.12608616,0.021455683,-0.60695076,1.6454537,-0.74548745,-0.040332176,-7.126132,-0.862952,-0.10815595,2.8847265,-15.158688,-0.9346856,-0.32738823,-2.1333578,-0.01584792,-3.965966,-1.0912727,19.52502
90,-0.14860451,-0.03974049,0.76913404,-0.09001621,-0.084318444,-0.99236465,1.0,0.0,0.0,-0.0924117,-0.15268816,0.13793689,0.048128366,-0.30887598,0.054787263,0.07922081,0.0113921175,0.17741346,0.035251856,-0.032013595,0.07607549,0.002386531,-0.03011387,0.13778356,-0.02838389,-0.14716186,0.75627774,-0.41425595,-0.0030861963,-0.1428621,0.070700176,-0.74151486,0.25919652,0.67661107,0.716322,-0.53485155,-0.40066805,0.77273774,-0.3824937,0.54368937,-0.93834525,1.149017,-1.0910847,0.27998644,-0.83302605,199.25262,-189.7222,204.34769,-218.31355,200.11557,200.12456,-203.76468,232.17418,-198.37595,179.41797,-199.8427,-199.21045,-0.0924117,-0.15268816,-0.6620631,1.6481284,-1.108876,0.054787263,0.07922081,0.0113921175,-0.62258655,1.6352519,-0.8320136,0.07607549,0.04773062,-0.6022774,2.755671,-0.5676778,-2.943237,15.125555,-8.285119,-0.061723925,-2.8572419,1.4140035,-14.8302965,5.1839304
91,-0.05975058,-0.023364725,-0.12861367,-0.09197221,-0.07942888,-0.99258864,1.0,0.0,0.0,-0.049273606,-0.14546354,0.15485287,0.04256773,-0.26099354,0.12821223,0.04357864,0.005743193,0.1711976,0.014924884,-0.10484427,0.054277718,0.38399422,0.09562698,0.03802463,-0.019119764,0.5582797,0.05237564,0.016561294,-0.04980456,0.06273287,-0.2426035,-0.055801284,-0.4104704,-0.29006493,-1.1899538,0.40897954,0.80367583,-0.4906324,-0.39942557,0.8370551,0.9140918,-0.5561311,-0.55485857,0.4429425,0.04269603,164.29955,361.6535,-232.12222,-111.97776,204.68625,-194.2495,198.72488,-193.10785,207.02162,-217.2393,200.14146,-199.869,-0.049273606,-0.14546354,-0.64514714,1.6425678,-1.0609936,0.12821223,0.04357864,0.005743193,-0.6288024,1.6149249,-0.9048443,0.054277718,7.6798844,1.9125396,0.7604926,-0.38239527,11.165593,1.0475128,0.33122587,-0.9960912,1.2546574,-4.85207,-1.1160257,-8.209408
92,0.057132017,-0.10971092,-0.026981354,-0.094337985,-0.078854874,-0.9924123,1.0,0.0,0.0,-0.017379198,-0.13614404,0.16251642,0.05077517,-0.2264027,0.06264957,0.08522327,0.004481105,0.17968178,-0.027802229,-0.0444535,0.024605373,-0.017768709,-0.0077201845,0.044209342,0.08286477,-0.14332084,-0.6398125,0.3036059,0.012937342,-0.0017000207,-0.032075454,0.42819962,-0.11621567,-0.66173005,0.78439254,-0.7836644,-0.74292237,0.4103815,0.26984572,-0.4722121,-0.9134675,0.9779209,0.7913389,-0.7117372,1.4436096,-200.81538,-196.33186,203.14034,183.88225,-199.86949,-199.97313,89.121315,32.004486,200.81818,687.0978,-39.28273,-27.216415,-0.017379198,-0.13614404,-0.6374836,1.6507752,-1.0264027,0.06264957,0.08522327,0.004481105,-0.62031823,1.5721978,-0.8444535,0.024605373,-0.3553742,-0.15440369,0.88418686,1.6572953,-2.8664167,-12.79625,6.0721183,0.25874683,-0.034000415,-0.64150906,8.5639925,-2.3243134
93,0.04562615,-0.08388762,0.29651648,-0.098588884,-0.08039757,-0.9918752,1.0,0.0,0.0,-0.06936749,-0.13567053,0.16444886,0.053693056,-0.17775398,0.008247495,0.094317995,-0.0026480046,0.17854661,-0.01473999,-0.043425024,0.07466382,-0.45876437,0.011265122,-0.017940257,-0.040153217,0.55969244,0.02865385,-0.14945053,-0.08362508,-0.011633859,0.13068566,-0.31335068,0.5483614,0.9560609,-1.2069063,0.32239,-1.2642864,-0.43858618,0.90620434,-0.8420632,1.0023012,-0.67998135,-0.6945565,-0.7404603,-0.7757774,-200.60669,196.03828,-190.06339,-211.09901,200.42606,199.66408,-136.23119,-411.1124,130.89026,292.5336,-192.99666,154.24191,-0.06936749,-0.13567053,-0.63555115,1.6536931,-0.977754,0.008247495,0.094317995,-0.0026480046,-0.6214534,1.58526,-0.84342504,0.07466382,-9.175287,0.22530244,-0.35880512,-0.8030643,11.193849,0.573077,-2.9890103,-1.6725016,-0.23267718,2.613713,-6.2670135,10.967228
94,-0.0032464864,-0.13511157,0.5591185,-0.10397257,-0.07938664,-0.9914068,1.0,0.0,0.0,-0.11701709,-0.13711092,0.18744397,0.020468116,-0.1405558,0.09024344,0.020008808,-0.016303178,0.17721707,0.012197137,-0.16781479,0.09555788,-0.05938008,-0.023446,0.17177652,-0.13965966,-0.08243229,0.65470415,-0.56349456,-0.052247103,0.006017381,0.129108,-0.87658757,-0.24855419,0.76131546,0.85231644,-0.52236915,0.044240933,-0.46708846,-0.5418212,0.77793956,-1.0066241,0.96658444,-0.06130685,0.4353791,-0.9407746,199.49944,-212.72737,136.28673,695.5018,-124.35813,76.95284,-210.05997,157.80244,-19.15306,-33.841705,-168.53082,-213.45192,-0.11701709,-0.13711092,-0.61255604,1.6204681,-0.9405558,0.09024344,0.020008808,-0.016303178,-0.62278295,1.6121972,-0.9678148,0.09555788,-1.1876016,-0.46891996,3.4355304,-2.793193,-1.6486458,13.094083,-11.269891,-1.044942,0.12034761,2.5821598,-17.531752,-4.9710836
95,0.10607966,-0.12644492,-0.31719223,-0.10938153,-0.08166726,-0.9906393,1.0,0.0,0.0,-0.08256617,-0.13406675,0.20967507,0.027520537,-0.21408731,0.13633029,-0.043898866,-0.034468014,0.19837523,0.009234548,-0.26816887,-0.027836712,0.36020178,0.05759966,0.07593036,0.12233373,-0.5480728,-0.101378754,-0.119463734,-0.117847525,0.1774581,-0.10997938,-0.19587916,-0.91903347,-0.5826186,-1.0936111,0.21614322,-0.9677966,0.20113891,-0.9585374,1.1368902,1.0766395,-0.71089995,0.36437368,0.77278835,0.34965548,157.80908,277.20114,-81.46185,59.6661,-39.244846,-203.22249,203.9543,-228.67628,162.72949,-102.16656,199.24803,-200.46303,-0.08256617,-0.13406675,-0.59032494,1.6275206,-1.0140873,0.13633029,-0.043898866,-0.034468014,-0.6016248,1.6092346,-1.0681689,-0.027836712,7.2040353,1.1519932,1.5186071,2.4466746,-10.961456,-2.027575,-2.3892746,-2.3569505,3.5491617,-2.1995876,-3.9175832,-18.380669
96,-0.00093062234,0.12173748,-0.12883186,-0.107704714,-0.08461692,-0.99057543,1.0,0.0,0.0,-0.06393875,-0.12758166,0.21215087,0.038546085,-0.24953598,0.038479567,-0.02043504,-0.04505726,0.206492,0.016849875,-0.23051208,-0.13511515,-0.11526098,0.009895073,-0.03734603,0.0030940522,0.11361154,-0.81426364,0.308459,0.0030949414,-0.06267046,0.16065316,0.50291145,-0.22270663,-0.7611739,0.84871686,-0.067488045,-0.70305765,0.9301181,0.21036702,-0.63870746,-0.98413,0.65096545,-0.99410796,-0.1350968,0.8670285,-167.12317,-176.64046,-162.77718,-205.78969,181.2026,-211.333,198.20404,201.39476,-189.1556,187.35663,200.51752,200.33478,-0.06393875,-0.12758166,-0.58784914,1.6385461,-1.049536,0.038479567,-0.02043504,-0.04505726,-0.593508,1.6168499,-1.0305121,-0.13511515,-2.3052197,0.19790146,-0.7469206,0.061881043,2.2722309,-16.285273,6.1691804,0.061898828,-1.2534093,3.2130632,10.0582285,-4.4541326
97,0.026049014,0.12167673,0.33825055,-0.103327475,-0.08460672,-0.9910425,1.0,0.0,0.0,-0.12068255,-0.13312565,0.19575363,0.039019227,-0.14614451,-0.052567128,-0.008941111,-0.057476822,0.21187526,0.016327739,-0.18101877,-0.10361675,-0.41113535,-0.06470283,-0.11975803,0.005225878,0.849137,-0.17120306,-0.14779021,-0.11608163,0.09676697,-0.13695788,0.14095896,0.46844932,1.1710172,-1.2022393,0.83418167,-0.10184348,-0.9785919,1.1793383,-0.6766304,0.96609485,-0.7015554,0.50369364,-0.77640706,-0.0818659,-93.221954,-100.07289,-230.96422,-73.17911,210.17552,180.9194,-199.99463,-196.33676,191.47726,-223.03882,-35.070797,200.14679,-0.12068255,-0.13312565,-0.6042464,1.6390193,-0.9461445,-0.052567128,-0.008941111,-0.057476822,-0.58812475,1.6163278,-0.9810188,-0.10361675,-8.222707,-1.2940567,-2.3951607,0.104517564,16.98274,-3.4240613,-2.955804,-2.3216326,1.9353395,-2.7391577,2.8191793,9.368986
98,-0.15725689,0.09395372,0.6597551,-0.1009424,-0.07925415,-0.99173045,1.0,0.0,0.0,-0.15759817,-0.14086765,0.19525033,0.031019688,-0.088562846,0.008996192,-0.08466979,-0.07090697,0.21103698,0.01833558,-0.22787803,-0.07401806,-0.0058499295,-0.031654846,0.10798106,-0.12877135,-0.06375828,0.65033597,-0.5655922,-0.03256499,-0.0891725,0.13394284,-0.54115003,0.0041333465,0.36900187,0.74301046,-0.35969877,0.38383007,-0.33231372,-0.7771871,0.6242355,-0.9121668,1.1844099,-1.2146935,0.4076212,-0.7846392,199.04301,-192.45538,202.62851,-188.84619,-200.02731,200.13406,-200.47421,210.69197,-202.89784,184.66179,-199.73558,-27.795393,-0.15759817,-0.14086765,-0.6047497,1.6310197,-0.88856286,0.008996192,-0.08466979,-0.07090697,-0.58896303,1.6183356,-1.027878,-0.07401806,-0.11699859,-0.6330969,2.1596212,-2.575427,-1.2751656,13.00672,-11.311845,-0.6512998,-1.7834499,2.6788568,-10.823,0.082666926
99,-0.013520109,0.101602644,-0.2634391,-0.097354524,-0.075662605,-0.99236953,1.0,0.0,0.0,-0.10872761,-0.13912529,0.19798553,0.037470937,-0.15837204,0.061899617,-0.14804153,-0.084195234,0.21536738,0.014194727,-0.26111203,-0.14729404,0.44712287,0.043968275,-0.06527191,0.16521288,-0.43116313,-0.04948341,-0.112958886,-0.094212905,0.11383966,-0.14808398,0.14032823,-0.669928,-0.14079517,-1.0806366,0.69871145,-1.4131987,0.55952233,-0.76404506,1.0499657,1.0697393,-0.7895881,-0.24925812,0.7280665,0.35185823,201.48505,190.68416,-208.63339,180.99016,15.08978,-200.37178,202.79599,-208.0956,173.35945,-232.35498,199.50381,-200.03404,-0.10872761,-0.13912529,-0.6020145,1.637471,-0.95837206,0.061899617,-0.14804153,-0.084195234,-0.58463264,1.6141948,-1.061112,-0.14729404,8.942457,0.8793655,-1.3054382,3.3042576,-8.623262,-0.9896682,-2.2591777,-1.884258,2.2767932,-2.9616797,2.8065646,-13.39856
100,0.013261549,0.0023436735,-0.11013496,-0.09472345,-0.07653935,-0.9925569,1.0,0.0,0.0,-0.0666155,-0.14101177,0.2012493,0.03799355,-0.16937786,-0.022982093,-0.13697527,-0.08933338,0.22254962,-0.006398201,-0.16401798,-0.18637866,-0.009352977,-0.038132627,0.05384145,-0.08396556,0.25313795,-0.684782,0.21081431,0.02089744,-0.0069756643,-0.09078805,0.77208465,0.16550218,-0.96788716,0.88959193,-0.525433,-0.08092195,0.19940132,0.11535905,-0.426535,-0.9519605,1.1277239,1.3603013,0.30779186,0.014405506,-376.61694,430.25983,-239.918,243.60995,197.95831,-21.576523,200.84695,205.3048,-338.5611,-191.62549,188.38232,212.14218,-0.0666155,-0.14101177,-0.5987507,1.6379936,-0.9693779,-0.022982093,-0.13697527,-0.08933338,-0.5774504,1.5936018,-0.964018,-0.18637866,-0.18705955,-0.7626525,1.076829,-1.6793112,5.062759,-13.695641,4.216286,0.4179488,-0.13951328,-1.815761,15.441692,3.3100433
101,-0.10335754,-0.0966565,0.24776042,-0.09724008,-0.07407239,-0.99250084,1.0,0.0,0.0,-0.10993898,-0.1430995,0.19828928,0.044458866,-0.11197412,-0.058547586,-0.14472896,-0.09312451,0.2024244,0.01495409,-0.020457745,-0.1082538,-0.40264818,-0.017921476,-0.058481332,0.09454658,0.37666562,0.17938218,-0.23840106,-0.027539862,-0.17028259,0.23998754,0.67085594,0.40232053,0.82425,-1.2778131,0.4955545,-0.43933693,-1.2648606,0.54103136,0.11205017,1.0756357,-0.97369885,-0.38501167,-1.1076734,-0.5502977,-191.49738,-82.31433,-81.47686,102.27536,81.33411,211.93657,-207.2328,55.104385,-17.354355,202.166,-6.9169235,-44.718697,-0.10993898,-0.1430995,-0.60171074,1.6444589,-0.91197413,-0.058547586,-0.14472896,-0.09312451,-0.5975756,1.6149541,-0.82045776,-0.1082538,-8.052963,-0.3584295,-1.1696266,1.8909315,7.5333123,3.5876434,-4.768021,-0.5507972,-3.4056516,4.799751,13.417118,8.046411
102,-0.09383828,-0.044156987,-0.016484205,-0.10018285,-0.06980347,-0.99251735,1.0,0.0,0.0,-0.14215563,-0.15068054,0.210087,0.03314531,-0.11286467,0.0562103,-0.14507727,-0.08768221,0.17443568,0.056404114,0.036605954,-0.10195793,0.036287487,-0.052773155,0.15592526,-0.18161601,-0.31643108,0.8969944,0.18910751,0.07197645,-0.11718579,0.17749965,-0.026079897,-0.2734674,0.022886835,0.8430508,-0.45696038,0.4939323,0.14970398,-0.4548113,0.8913086,-0.9644254,0.84197724,-1.2399614,-0.5952039,-0.5809427,199.92813,-193.22792,194.53944,-224.32501,-200.09573,200.09879,200.04408,170.53467,-78.11928,-100.11515,-201.65971,-196.70975,-0.14215563,-0.15068054,-0.589913,1.6331453,-0.9128647,0.0562103,-0.14507727,-0.08768221,-0.62556434,1.6564041,-0.76339406,-0.10195793,0.72574973,-1.0554631,3.1185052,-3.6323202,-6.3286214,17.939888,3.78215,1.4395291,-2.3437157,3.549993,-0.5215979,-5.4693475
103,0.03773996,-0.035673887,-0.78247184,-0.100380935,-0.070894904,-0.9924201,1.0,0.0,0.0,-0.09651836,-0.15400274,0.21925575,0.026971936,-0.10212624,0.15749995,-0.058225743,-0.08004793,0.17532492,0.0634526,-0.045194566,-0.22620827,0.30246425,0.0011457166,-0.0612995,0.10388718,0.31813645,0.17161575,0.6308411,0.009724458,0.104993895,-0.083737485,-0.7195661,-0.827164,0.13750118,-0.96012443,0.467841,-1.1773756,0.13709903,-1.2475142,-0.89515686,1.03189,-0.84670615,-0.59018606,-0.19467746,0.7675142,22.716389,167.67865,-335.57648,184.31404,143.74294,-215.50505,199.8464,-184.22281,209.00816,-215.2858,-199.13492,-27.607397,-0.09651836,-0.15400274,-0.58074427,1.626972,-0.90212625,0.15749995,-0.058225743,-0.08004793,-0.6246751,1.6634526,-0.8451946,-0.22620827,6.049285,0.022914333,-1.2259899,2.0777435,6.362729,3.4323149,12.616821,0.19448915,2.0998778,-1.6747497,-14.391322,-16.54328
104,0.02747061,-0.06296219,-0.2865848,-0.10085068,-0.0743045,-0.992123,1.0,0.0,0.0,-0.01656933,-0.14470258,0.22073996,0.038042307,-0.036171913,0.11737001,0.022225613,-0.07526383,0.19219208,0.030151725,-0.123351574,-0.3184537,0.3982781,0.07930627,0.06469235,-0.0007738652,0.31405628,-0.49530855,0.21032219,0.033750884,0.06697192,-0.2320149,-0.22051303,-0.16148347,-0.95867217,0.79436666,-0.58099186,-0.028977815,-0.49583983,-0.57101625,-0.7038783,-0.8713359,1.0018874,1.3016458,0.47323507,0.87906575,-48.782158,153.36484,136.35709,-68.50546,-18.089111,-186.1525,-197.99316,191.30283,-195.90973,-217.29378,56.668697,199.93843,-0.01656933,-0.14470258,-0.57926005,1.6380423,-0.8361719,0.11737001,0.022225613,-0.07526383,-0.60780793,1.6301517,-0.9233516,-0.3184537,7.965562,1.5861253,1.293847,-0.015477303,6.2811255,-9.906171,4.206444,0.67501765,1.3394383,-4.640298,-4.4102607,-3.2296693
105,-0.026365453,-0.07588253,0.073855326,-0.10338539,-0.07469693,-0.9918325,1.0,0.0,0.0,0.014332053,-0.12404917,0.22659898,0.03533709,-0.048127472,-0.059107307,0.017920706,-0.07896489,0.20196533,-0.0039829016,-0.09321433,-0.2740404,-0.03457844,0.122136794,0.010005311,0.0016732663,-0.37586775,-1.1516417,-0.21277325,-0.0586915,0.03216342,-0.11992466,0.45437762,0.5358709,-0.46961665,-1.2124406,0.3494482,-0.46825176,-0.4497329,0.76221263,0.34640923,0.94179535,-0.6971859,-0.0423467,-0.19299993,0.22364278,-214.2496,171.89767,167.46315,184.97554,-211.40424,-68.51106,-200.41557,-195.99,195.4411,181.09653,200.03491,200.21129,0.014332053,-0.12404917,-0.57340103,1.6353371,-0.8481275,-0.059107307,0.017920706,-0.07896489,-0.5980347,1.5960171,-0.89321434,-0.2740404,-0.6915688,2.442736,0.20010622,0.033465326,-7.517355,-23.032833,-4.255465,-1.17383,0.64326835,-2.398493,9.087552,10.717418
106,-0.114719905,-0.008584334,0.33364818,-0.10609855,-0.07075227,-0.99183524,1.0,0.0,0.0,-0.03961388,-0.11054812,0.24355108,0.005164027,-0.17851186,-0.21347477,0.018945707,-0.0782275,0.200652,-0.017623901,-0.075898886,-0.11039494,-0.46592098,0.021035003,0.12885773,-0.270711,-0.7016125,-0.4613298,0.18205075,0.0559707,-0.041673668,-0.034881424,-0.18125902,0.8647418,0.41270745,0.89368325,-0.60221034,1.4798121,0.34727728,1.1669282,0.4980114,-1.032356,0.80584633,-0.60560966,-0.75834846,-0.72891265,-201.18903,-217.98676,118.388664,-218.50926,54.624054,200.4197,202.80832,183.87503,-210.11662,-39.455734,-111.76053,-68.4439,-0.03961388,-0.11054812,-0.55644894,1.605164,-0.97851187,-0.21347477,0.018945707,-0.0782275,-0.599348,1.5823761,-0.8758989,-0.11039494,-9.318419,0.42070004,2.5771546,-5.41422,-14.032249,-9.226596,3.641015,1.119414,-0.8334733,-0.6976285,-3.6251802,17.294836
107,0.033070333,0.03860259,-0.41669077,-0.10542196,-0.06953195,-0.99199367,1.0,0.0,0.0,-0.069322646,-0.10442758,0.2482971,-0.008211851,-0.23648292,-0.23252517,0.10476619,-0.07382807,0.21669918,-0.055781722,-0.18858969,-0.011576379,0.094286256,0.046203766,-0.06802844,0.079270594,0.03136825,0.21050575,0.6349052,-0.0066850292,0.18005686,-0.32026944,-0.87626183,0.19058059,1.1305689,-1.1572615,0.43648696,-0.132211,0.3996089,0.7038986,-0.92978585,1.0307759,-0.8482485,1.0478976,0.24877071,-0.47398797,199.75594,201.90776,-199.52895,185.07181,200.0761,200.15952,203.5071,-195.515,214.79517,-215.8812,-199.33308,-200.81934,-0.069322646,-0.10442758,-0.5517029,1.5917882,-1.0364829,-0.23252517,0.10476619,-0.07382807,-0.5833008,1.5442183,-0.9885897,-0.011576379,1.885725,0.9240753,-1.3605689,1.5854118,0.62736493,4.210115,12.698104,-0.13370058,3.601137,-6.4053884,-17.525236,3.811612
108,-0.12656562,-0.08112261,-0.22046225,-0.10581455,-0.06862105,-0.99201536,1.0,0.0,0.0,-0.008481297,-0.09310172,0.25909197,-0.019002914,-0.15613967,-0.11132395,0.18212026,-0.060479328,0.23107576,-0.07120657,-0.2752548,-0.036733396,0.47390994,0.067967616,0.14959954,-0.15728925,0.7078067,0.9287505,0.19229509,0.112655066,-0.018643988,0.08814583,-0.09390282,-0.41933066,-0.7029902,0.8672771,-0.6108365,0.18270832,0.06333706,-0.23938528,-0.9605535,-1.0048649,1.0569863,-0.4871658,0.14436278,-0.26393095,199.33896,-168.28777,167.3775,-142.16895,199.15387,201.01892,-199.83888,208.12294,-221.64038,175.4035,199.8564,-199.84146,-0.008481297,-0.09310172,-0.54090804,1.5809971,-0.9561397,-0.11132395,0.18212026,-0.060479328,-0.56892425,1.5287935,-1.0752548,-0.036733396,9.478199,1.3593522,2.9919908,-3.145785,14.156134,18.57501,3.8459017,2.2531013,-0.37287974,1.7629166,-1.8780563,-8.386613
109,0.08370966,-0.11679408,-0.0038113806,-0.10942647,-0.06872921,-0.9916159,1.0,0.0,0.0,0.041540705,-0.08264827,0.2694025,-0.021787167,-0.059899807,-0.0042002937,0.1678471,-0.053974435,0.22949499,-0.062078357,-0.22214276,-0.11898545,0.06716696,0.03861177,-0.025829343,0.10409566,0.35415623,0.21330042,-0.27904388,-0.042472314,-0.0058189905,0.007547957,0.5460272,-0.36099476,-0.80998015,-1.1632687,0.23726529,-1.0035889,-1.2570026,-0.17291236,0.532066,0.8806354,-0.39734355,0.38273144,0.4515881,0.42097875,-200.90834,206.01921,-205.83688,181.15752,-64.207596,-199.79478,-177.65593,-296.67868,-88.7108,-116.39875,176.07872,40.549156,0.041540705,-0.08264827,-0.5305975,1.5782129,-0.8598998,-0.0042002937,0.1678471,-0.053974435,-0.570505,1.5379217,-1.0221428,-0.11898545,1.3433392,0.7722354,-0.51658684,2.0819132,7.0831246,4.2660084,-5.5808773,-0.8494463,-0.11637981,0.15095913,10.920544,-7.219895
110,-0.08542377,0.15088646,0.09874878,-0.10815817,-0.06815297,-0.9917948,1.0,0.0,0.0,0.0015666779,-0.0824419,0.26087642,-0.020766973,-0.06431681,-0.031173693,0.16024697,-0.04947327,0.2005775,-0.028874397,-0.038715184,-0.11455397,-0.41597477,-0.028884172,-0.050506767,-0.07780821,-0.33016652,-0.31696197,0.15708661,0.07557939,-0.25420827,0.29230067,1.1521997,0.33623907,0.34142205,0.8688948,-0.048037462,-0.4631493,-0.07185203,-0.29086438,0.21665373,-0.9977213,0.85468304,-1.7089074,-1.2252902,0.3198414,-205.17584,-171.36649,-5.9869056,-214.36215,-199.98886,-26.563974,200.96474,190.43047,-223.3863,159.44232,31.05265,200.32799,0.0015666779,-0.0824419,-0.5391236,1.579233,-0.8643168,-0.031173693,0.16024697,-0.04947327,-0.5994225,1.5711256,-0.8387152,-0.11455397,-8.319495,-0.57768345,-1.0101353,-1.5561641,-6.60333,-6.3392396,3.1417322,1.5115877,-5.084165,5.8460135,23.043995,6.7247815
111,-0.025389101,0.25683248,-0.30270973,-0.09960806,-0.066843756,-0.992779,1.0,0.0,0.0,-0.029010242,-0.07755779,0.24950129,-0.038178325,-0.08870882,-0.120724015,0.18755466,-0.045785036,0.16970313,-0.005112171,0.115552545,0.01669393,0.07225355,0.05712932,-0.06188935,-0.038687866,-0.08330537,-0.41603503,0.112159304,-0.022729592,-0.0736623,-0.02187034,0.46030518,0.7643248,1.156991,-1.2737453,1.0550257,0.7309781,-0.6117499,0.77886754,-0.92378485,1.1359175,-0.5264994,-1.2856252,-1.2135732,-0.73710907,210.28821,11.822067,101.37831,165.27615,18.617622,30.798138,-38.136654,-207.93138,202.76013,-218.08899,-200.14717,-38.32964,-0.029010242,-0.07755779,-0.5504987,1.5618217,-0.88870883,-0.120724015,0.18755466,-0.045785036,-0.6302969,1.5948879,-0.68444747,0.01669393,1.445071,1.1425864,-1.237787,-0.7737573,-1.6661073,-8.320701,2.243186,-0.45459184,-1.4732461,-0.43740678,9.206103,15.286495
112,0.024398807,0.19881873,-0.1772513,-0.090164706,-0.06771106,-0.9936225,1.0,0.0,0.0,0.026291488,-0.068832465,0.24375665,-0.029968023,-0.18116176,-0.121309444,0.15996759,-0.04749369,0.15566498,-0.010264993,0.128999,0.084269755,0.44807282,0.02825719,-0.0022162036,0.1006112,-0.775351,0.32759818,-0.34540802,0.0064369733,-0.0660459,-0.0242028,-0.24918854,-0.0077503473,-0.78665715,0.8027668,-0.14736982,-0.9456255,0.52848804,0.48874673,-0.27199525,-0.89305276,1.1634667,0.68588084,-0.60989136,-0.25953355,200.18462,-199.73668,195.43352,181.94011,-199.92047,199.76903,-219.39851,218.41084,-44.995224,-73.69499,-200.43645,-207.2456,0.026291488,-0.068832465,-0.55624336,1.570032,-0.9811618,-0.121309444,0.15996759,-0.04749369,-0.64433503,1.589735,-0.671001,0.084269755,8.961456,0.56514376,-0.04432407,2.012224,-15.507019,6.551964,-6.90816,0.12873946,-1.320918,-0.484056,-4.983771,-0.15500695
113,-0.020965967,0.20202588,0.14918993,-0.08204565,-0.067803144,-0.99431956,1.0,0.0,0.0,0.07122165,-0.061424166,0.24005991,-0.023322463,-0.25900096,0.017468093,0.043727048,-0.051590882,0.14101142,-0.0021196604,0.0014837384,0.009646463,0.04496027,0.046345368,-0.030606374,-0.022476137,-0.073464565,0.98421425,-0.72053885,-0.037952147,-0.075100556,0.0937806,-0.95520896,-0.6013578,-0.9594023,-1.3080105,0.9938063,-0.2996047,0.41549224,-0.5093857,0.9683925,1.0204505,-0.68128335,-1.287287,0.38375515,-0.16016188,-198.5328,194.94772,-211.28108,-224.56677,199.78421,165.36151,-39.813766,-165.95241,177.74208,174.63737,-200.29683,-49.00564,0.07122165,-0.061424166,-0.5599401,1.5766776,-1.059001,0.017468093,0.043727048,-0.051590882,-0.6589886,1.5978804,-0.7985163,0.009646463,0.89920545,0.92690736,-0.6121275,-0.44952273,-1.4692913,19.684284,-14.410777,-0.7590429,-1.5020111,1.875612,-19.10418,-12.027156
114,-0.052023306,0.1519196,0.48634115,-0.0751061,-0.0653574,-0.9950315,1.0,0.0,0.0,0.033687312,-0.062258773,0.24169809,-0.04848981,-0.20326823,0.12925932,-0.058306597,-0.049775295,0.12677717,0.0007702112,-0.11177987,-0.06647286,-0.35315204,-0.045151595,-0.020788154,-0.11998314,0.53307277,0.15848042,-0.3446749,0.047417074,-0.055654336,-0.052626103,-0.24823521,-0.2698806,-0.3542189,0.86755455,-0.23951763,1.1892556,0.28436372,-0.62460715,1.1286712,-0.9656946,1.0286984,-0.6703953,0.4540732,0.61162484,-119.63992,-207.14478,-386.46298,-93.182785,149.57065,-253.1062,198.0169,228.06876,-183.0296,-207.77559,200.32925,50.705616,0.033687312,-0.062258773,-0.5583019,1.5515102,-1.0032682,0.12925932,-0.058306597,-0.049775295,-0.67322284,1.6007702,-0.9117799,-0.06647286,-7.0630407,-0.9030319,-0.41576305,-2.3996627,10.661455,3.1696084,-6.8934975,0.9483415,-1.1130867,-1.0525221,-4.964704,-5.3976116
115,0.069116816,0.13368438,0.22490972,-0.07044372,-0.06480869,-0.9954082,1.0,0.0,0.0,-0.07293286,-0.068929024,0.21220386,-0.038342953,-0.0467273,0.08014866,-0.07835459,-0.050208937,0.1369592,-0.040593743,-0.08610678,-0.04178447,-0.6199806,0.00083271164,-0.26192984,0.20485352,0.7810506,-0.56879824,0.10351042,-0.044814598,0.13897099,-0.336737,0.43655786,0.44509274,0.7890531,-1.1394012,0.86627877,-0.8662118,-1.0657234,0.5349288,0.39943627,1.0595908,-0.72365665,0.83756775,-0.32893938,0.2977858,-45.43555,392.71243,-286.21588,192.4841,-41.322163,-198.70319,200.1057,-195.97212,208.11414,-217.76006,200.14449,200.12036,-0.07293286,-0.068929024,-0.58779615,1.5616571,-0.8467273,0.08014866,-0.07835459,-0.050208937,-0.6630408,1.5594063,-0.8861068,-0.04178447,-12.399611,0.016654233,-5.238597,4.09707,15.621013,-11.375964,2.0702083,-0.8962919,2.7794197,-6.73474,8.731157,8.9018545
116,-0.1135876,0.103556685,-0.07698922,-0.06573384,-0.06346253,-0.99581695,1.0,0.0,0.0,-0.1509023,-0.06566316,0.18142319,-0.014688969,0.016891718,0.037692513,-0.009455822,-0.04750108,0.15081805,-0.07583058,-0.0735926,0.08027423,-0.20478399,0.019216178,-0.05352792,0.03857612,-0.023627339,0.08467487,0.533657,0.06445428,0.01295014,-0.01629877,-0.22186096,0.5664805,0.7405462,0.8168321,-0.20628227,0.5696282,-0.6368036,0.4950883,-1.0043002,-0.9730772,1.185729,-0.5566914,-0.82330114,-0.27197576,174.30113,-238.58688,389.79135,-46.173492,-207.55223,183.43929,131.45613,198.2623,324.2527,723.9495,-111.63118,-98.42415,-0.1509023,-0.06566316,-0.6185768,1.585311,-0.7831083,0.037692513,-0.009455822,-0.04750108,-0.64918196,1.5241694,-0.8735926,0.08027423,-4.0956798,0.38432354,-1.0705584,0.77152234,-0.47254676,1.6934974,10.673141,1.2890855,0.2590028,-0.32597542,-4.437219,11.32961
117,0.15364487,0.074651904,-0.50884736,-0.06166131,-0.06566255,-0.99593484,1.0,0.0,0.0,-0.1413865,-0.062171575,0.15413433,0.024482727,-0.063731015,0.12952437,0.044559766,-0.043675702,0.16256148,-0.07128763,-0.17676747,0.10395142,0.2520431,0.017145162,-0.20733933,0.31863388,-0.71228296,0.7512343,0.06441813,-0.019430196,0.09447921,0.020438416,-0.7887959,-0.23491149,1.0263633,-1.1639034,0.729573,-1.1429011,0.4983698,-0.52354765,-1.4106883,1.1034439,-0.6051967,0.99025685,0.69429123,-0.35290608,200.066,192.25279,-209.02287,170.03555,-200.3406,143.33382,-228.48445,-61.0858,198.43921,37.584717,-183.43196,-217.76263,-0.1413865,-0.062171575,-0.6458657,1.6244828,-0.863731,0.12952437,0.044559766,-0.043675702,-0.63743854,1.5287124,-0.9767675,0.10395142,5.040862,0.34290323,-4.1467867,6.372678,-14.245659,15.024686,1.2883626,-0.38860393,1.8895842,0.40876833,-15.775917,-4.69823
118,-0.023318294,0.018526036,-0.28923026,-0.058976397,-0.06877075,-0.99588776,1.0,0.0,0.0,-0.050731357,-0.057169672,0.13570076,0.058242798,-0.13088244,0.20681788,0.008908801,-0.036476493,0.16060865,-0.036096573,-0.2577445,-0.01685874,0.6174913,0.030738622,-0.0016484408,0.04993516,-0.027774487,0.08835112,-0.37368935,0.077946424,-0.09370471,0.30152828,-0.09061648,-0.80593175,-1.192813,0.8937076,-0.28863403,-0.99001175,0.09034777,-1.1978716,0.6054814,-1.0343467,0.97416043,-2.036957,0.47595727,0.3177461,199.8295,-203.59207,189.87079,-216.5433,200.11763,-200.1537,-199.2529,188.03067,-157.11562,195.55528,200.7943,-5.9913282,-0.050731357,-0.057169672,-0.66429925,1.6582428,-0.93088245,0.20681788,0.008908801,-0.036476493,-0.63939136,1.5639035,-1.0577445,-0.01685874,12.349826,0.61477244,-0.032968815,0.9987032,-0.5554897,1.7670225,-7.473787,1.5589285,-1.8740941,6.0305653,-1.8123295,-16.118635
119,0.021594228,0.058857813,-0.50982535,-0.056108493,-0.0698603,-0.99597764,1.0,0.0,0.0,0.029304275,-0.046828527,0.12915176,0.05333829,-0.07305318,0.14569958,-0.0177312,-0.028810939,0.16305071,-0.010105133,-0.20088845,-0.09950634,0.22324598,0.069054924,-0.053125706,-0.08587247,0.40575963,-0.62814695,0.061559197,0.0073796506,0.09703552,-0.008471221,0.59126973,-0.09213438,-1.1323721,-1.0110314,0.85090756,-0.20277369,-0.09565067,1.1502028,1.079791,1.0188452,-0.68165135,-1.6828632,0.5535584,0.88747275,-198.30803,180.48207,-205.67639,-221.59227,-12.082019,-200.43437,200.44847,-210.00189,202.80527,-218.10883,200.15141,199.83482,0.029304275,-0.046828527,-0.67084825,1.6533383,-0.8730532,0.14569958,-0.0177312,-0.028810939,-0.6369493,1.5898949,-1.0008885,-0.09950634,4.4649196,1.3810984,-1.0625141,-1.7174494,8.115192,-12.562939,1.2311839,0.147593,1.9407104,-0.16942441,11.825395,-1.8426876
120,-0.0023691016,0.113713585,-0.24385554,-0.05145126,-0.07095754,-0.99615145,1.0,0.0,0.0,0.028156377,-0.042540353,0.13748318,0.0041997433,-0.056471705,0.09669939,0.039684944,-0.018478677,0.18002516,-0.027694583,-0.005793214,-0.04165746,-0.1940103,-0.015420367,0.11561183,-0.36917698,-0.06773963,0.068299666,0.47320053,0.08909221,0.07445337,-0.15363991,1.2610438,0.60207266,-0.16250885,1.0624803,-0.48852932,1.0565498,0.9141532,1.1877449,-1.1675922,-0.95096105,1.1041348,0.7673244,-0.59062755,0.7982869,-202.69736,-190.455,208.5778,-140.18172,-30.140345,200.2579,200.29884,210.27539,-240.9301,-242.96501,96.19206,200.89417,0.028156377,-0.042540353,-0.66251683,1.6041998,-0.8564717,0.09669939,0.039684944,-0.018478677,-0.61997485,1.5723054,-0.8057932,-0.04165746,-3.8802059,-0.30840734,2.3122365,-7.3835397,-1.3547925,1.3659933,9.46401,1.7818441,1.4890673,-3.0727983,25.220875,12.041452
121,0.0869437,0.03409948,-0.12633598,-0.04821973,-0.07311314,-0.9961573,1.0,0.0,0.0,-0.03637677,-0.049693603,0.1347484,-0.018447042,-0.03358376,0.16359761,0.088567846,-0.021465018,0.18312114,-0.027705312,0.12006885,0.1303135,-0.34906504,-0.07104706,-0.13881151,0.13837717,0.17685609,0.5017202,0.06591042,-0.10895558,-0.042714175,0.1361159,0.064416386,1.0493456,0.9858949,-1.1413897,0.7908679,0.43570387,-0.39709774,0.45299765,-0.68255454,1.1832117,-0.9485905,-0.12784635,-1.0269471,-0.53435844,34.2669,-161.40387,-258.33945,395.65192,70.38016,115.18022,-178.09001,-342.3549,16.289246,183.23425,-278.06967,163.80667,-0.03637677,-0.049693603,-0.6652516,1.581553,-0.8335838,0.16359761,0.088567846,-0.021465018,-0.61687887,1.5722947,-0.67993116,0.1303135,-6.9813004,-1.4209411,-2.77623,2.7675433,3.5371215,10.034404,1.3182085,-2.1791115,-0.8542835,2.722318,1.2883277,20.986912
122,0.11472613,-0.00739791,0.07915893,-0.047734853,-0.07724367,-0.9958688,1.0,0.0,0.0,-0.06175175,-0.07005278,0.11305112,0.022017717,-0.07587993,0.27482972,0.053597834,-0.039936494,0.1754862,-0.005090356,0.057641506,0.2582837,0.053750914,-0.12712747,-0.0807025,0.25323617,-0.52894366,0.4923552,-0.36944067,-0.07636256,-0.03894511,0.08733132,-0.6171257,0.3100874,0.33900583,0.8756189,-0.32574666,-1.4543258,-0.12372294,-1.1320776,-0.8069513,-0.9830018,0.76538026,0.1879987,-0.22934699,-1.2653774,200.17259,-213.8048,207.99814,180.8481,-199.91966,-69.40107,-204.35382,188.17863,-158.94765,-168.92783,-199.9388,-203.22525,-0.06175175,-0.07005278,-0.6869489,1.6220177,-0.87587994,0.27482972,0.053597834,-0.039936494,-0.6245138,1.5949097,-0.7423585,0.2582837,1.0750183,-2.5425494,-1.6140499,5.0647235,-10.578873,9.847104,-7.3888135,-1.5272511,-0.7789022,1.7466264,-12.342514,6.201748
123,0.05750285,-0.0014238303,-0.21118157,-0.047417954,-0.08087268,-0.9955958,1.0,0.0,0.0,-0.007230592,-0.0853936,0.09595209,0.060521245,-0.116776586,0.2972503,-0.06451932,-0.06285285,0.16591024,0.024428487,-0.056831658,0.24362135,0.45012733,-0.033452284,-0.084979706,0.14506494,-0.048932713,-0.19898607,-0.7685242,-0.14600244,-0.05552293,0.1928885,-0.48011684,-0.38671187,-0.76676327,-1.0861434,0.7581029,-2.1825378,0.75138557,-1.3295554,0.9549378,1.0439631,-0.87510276,-0.8387943,0.23628473,-0.8645573,197.51938,181.63216,-179.29938,-206.53436,38.599274,-200.44478,-188.6583,-242.0766,101.90172,109.560616,70.169754,-200.6405,-0.007230592,-0.0853936,-0.7040479,1.6605213,-0.9167766,0.2972503,-0.06451932,-0.06285285,-0.63408977,1.6244285,-0.85683167,0.24362135,9.002546,-0.6690456,-1.699594,2.9012985,-0.97865427,-3.9797213,-15.370484,-2.9200487,-1.1104586,3.85777,-9.602337,-7.734237
124,0.08757707,0.06860869,0.024036106,-0.045908596,-0.08374748,-0.9954289,1.0,0.0,0.0,0.036757626,-0.09944141,0.09430522,0.057684183,-0.051028967,0.18216892,-0.17693585,-0.0817756,0.15097499,0.04766822,-0.07521796,0.0905186,0.032357763,-0.10197605,0.051009722,-0.14619344,0.6376351,-0.8837976,-0.39632758,-0.051363837,-0.089075334,0.05193652,0.22527154,-1.0760252,-1.3914427,0.90526813,-0.46497047,-1.5536003,0.367572,0.16148472,1.0136367,-0.91567874,0.8025584,0.17505382,-0.31255463,-0.0024707,-201.67525,-193.15086,209.60973,-219.25899,200.16199,-200.00725,201.83423,219.156,-235.73834,-235.58815,198.92409,-199.83493,0.036757626,-0.09944141,-0.7056948,1.6576842,-0.851029,0.18216892,-0.17693585,-0.0817756,-0.649025,1.6476682,-0.875218,0.0905186,0.6471553,-2.039521,1.0201944,-2.923869,12.752702,-17.675951,-7.926552,-1.0272768,-1.7815067,1.0387304,4.5054307,-21.520504
125,-0.03953148,-0.005094871,-0.20322895,-0.04425608,-0.08468246,-0.9954248,1.0,0.0,0.0,0.00017315667,-0.10793014,0.092603445,0.032111168,0.08288115,0.07070711,-0.20765379,-0.09455433,0.14354181,0.066643834,-0.10614675,-0.045703556,-0.35309213,0.019742435,-0.10573981,0.009665637,0.44550076,-0.35997462,0.045345962,-0.0767243,0.016800009,0.1108164,-0.420504,-0.35766828,0.5355445,-1.0474842,0.79728913,0.52813,-0.5148376,0.42134976,0.678482,0.96093965,-0.92893267,-0.30138075,-0.63480717,0.83463144,-183.47565,273.32834,-282.86618,302.74603,-103.210144,108.93947,201.17213,-206.73143,199.33958,100.59503,-86.85506,199.89117,0.00017315667,-0.10793014,-0.70739657,1.6321112,-0.71711886,0.07070711,-0.20765379,-0.09455433,-0.6564582,1.6666439,-0.90614676,-0.045703556,-7.0618424,0.3948487,-2.1147962,0.19331275,8.910015,-7.1994925,0.90691924,-1.5344859,0.33600017,2.216328,-8.41008,-7.1533656
126,0.05324175,0.060139038,-0.46297672,-0.04180224,-0.085830875,-0.9954324,1.0,0.0,0.0,-0.017988315,-0.11239818,0.07448226,0.050753474,0.089844346,0.077358656,-0.15224865,-0.10399396,0.14887786,0.07683146,-0.2576087,-0.041290294,0.12390951,-0.06384035,-0.07488763,0.14804932,-0.28454706,0.35653046,0.46649835,-0.021362407,0.034534816,0.0019827003,-0.91672754,0.33235577,-0.2106472,0.82202494,0.79770434,-1.168713,0.19776869,-0.46131393,-0.3938747,-1.0070621,-0.8132683,-0.76672715,0.4471835,0.26676688,199.78975,-204.0828,202.36957,184.04604,-200.0943,199.88109,199.68686,201.10399,-188.51132,-214.24303,12.303314,199.60199,-0.017988315,-0.11239818,-0.72551775,1.6507535,-0.71015567,0.077358656,-0.15224865,-0.10399396,-0.65112215,1.6768315,-1.0576087,-0.041290294,2.4781902,-1.2768071,-1.4977527,2.9609864,-5.690941,7.130609,9.329967,-0.42724812,0.6906963,0.039654005,-18.33455,6.647115
127,0.06443407,0.037761223,0.26441702,-0.0397144,-0.08834829,-0.99529755,1.0,0.0,0.0,-0.037258748,-0.114673354,0.06831777,0.05931461,0.07267183,0.06313009,-0.1166756,-0.119559586,0.14878231,0.060336947,-0.36362725,0.06558085,-0.26241168,0.033152062,-0.0039974167,-0.029164216,0.042030223,-0.4312881,-0.06201194,-0.11979623,-0.029574895,-0.15304115,-0.21401937,0.53181565,-0.732045,-1.0424366,-0.36237544,-0.83826786,0.3130681,-0.5077787,-0.5224761,1.1408135,0.9826473,0.98824996,0.5399998,-0.29176334,-98.446884,284.95215,-38.580338,-137.36407,70.295364,-228.62044,-202.30788,-193.51115,-192.5431,-219.28975,200.29767,-53.183163,-0.037258748,-0.114673354,-0.73168224,1.6593146,-0.7273282,0.06313009,-0.1166756,-0.119559586,-0.6512177,1.660337,-1.1636273,0.06558085,-5.248234,0.66304123,-0.07994833,-0.5832843,0.8406044,-8.625762,-1.2402388,-2.3959246,-0.5914979,-3.060823,-4.2803874,10.6363125
128,-0.03164883,0.025340892,0.662897,-0.040125214,-0.08815819,-0.9952979,1.0,0.0,0.0,-0.13681103,-0.09918208,0.05280745,0.07552636,0.10288304,-0.070361465,-0.17068811,-0.1334928,0.13907033,0.03981495,-0.33187026,0.09335526,-0.6893144,0.115073375,-0.13775592,0.18990546,0.21640114,-0.8180238,-0.44020414,-0.025755767,-0.06453597,-0.060475256,0.46381035,-0.18270575,0.9371412,0.7959761,0.77699184,0.25006598,-1.041759,0.5353523,0.94748706,-1.0973977,-0.8564575,-0.58797455,0.32472652,-0.71836364,-190.47626,163.52405,-93.15181,200.81157,56.038544,-98.139915,-200.78453,225.74875,192.92743,181.70743,200.04852,-199.66331,-0.13681103,-0.09918208,-0.74719256,1.6755264,-0.697117,-0.070361465,-0.17068811,-0.1334928,-0.6609297,1.639815,-1.1318703,0.09335526,-13.786288,2.3014674,-2.7551184,3.7981093,4.328023,-16.360476,-8.804083,-0.5151153,-1.2907193,-1.2095051,9.276207,-3.654115
129,-0.010765243,0.04827095,0.24507387,-0.040260136,-0.08677657,-0.9954139,1.0,0.0,0.0,-0.22178379,-0.07034769,0.034444034,0.11930525,0.06875414,-0.15774025,-0.21936706,-0.14269406,0.12822974,0.015029192,-0.16320163,-0.017087251,-0.21137832,0.16994834,-0.05059874,0.22482143,-0.48650113,-0.12507506,-0.08206027,-0.061844654,-0.04384879,-0.17930554,1.1103987,-0.8546447,0.60119677,-1.0280915,-0.4754156,-0.8906805,0.21122873,1.1465557,0.6165416,0.8447095,1.1437311,0.5966799,-0.15645546,0.63745403,196.16882,211.63359,246.31615,64.37333,-199.26132,200.48253,198.02567,-185.04318,-197.53261,-227.72586,73.317024,-199.75531,-0.22178379,-0.07034769,-0.765556,1.7193053,-0.7312459,-0.15774025,-0.21936706,-0.14269406,-0.6717703,1.6150292,-0.96320164,-0.017087251,-4.2275662,3.3989668,-1.0119748,4.4964285,-9.730022,-2.501501,-1.6412053,-1.236893,-0.8769758,-3.5861108,22.207973,-17.092894
130,-0.09836014,0.07625506,-0.403525,-0.037233826,-0.08460935,-0.99571824,1.0,0.0,0.0,-0.21492085,-0.04131425,0.020789623,0.1515013,0.04937488,-0.104064,-0.17640832,-0.14616702,0.12992084,-0.0079962015,-0.018451214,-0.111714855,0.2367603,0.12373302,-0.08613775,0.109120384,0.21960555,0.5904407,0.45828328,0.017886197,0.051088553,-0.05935033,0.4072267,-0.16054131,0.74139476,0.5981338,0.76861435,-1.3921748,0.2043997,-0.23466548,-0.47031808,-0.8653019,-0.73252904,-0.67663795,-0.8416831,1.2953123,200.4314,-198.75858,-218.79744,-230.65012,191.87723,200.16216,199.9548,200.24954,200.51485,185.64182,-199.72054,200.26736,-0.21492085,-0.04131425,-0.7792104,1.7515013,-0.75062513,-0.104064,-0.17640832,-0.14616702,-0.6700792,1.5920038,-0.8184512,-0.111714855,4.735206,2.4746604,-1.722755,2.1824076,4.392111,11.808813,9.165666,0.35772392,1.0217711,-1.1870066,8.144534,-3.2108262
131,-0.14748943,0.1176781,-0.31046003,-0.032034963,-0.080103576,-0.9962716,1.0,0.0,0.0,-0.12613338,-0.0065005827,0.022143483,0.14261651,0.10653287,-0.062304426,-0.1364363,-0.15008225,0.1337679,-0.033800483,-0.011597812,-0.06767065,0.6116983,0.21405356,0.078715235,-0.16975191,0.26343152,-0.103247,-0.009163158,-0.05202837,-0.0012590918,-0.1729118,-0.27704307,0.5349938,-0.8562193,-1.1013072,-0.53252566,-0.12548867,-0.2508479,-0.15147379,-0.93610364,0.80197585,1.2020607,0.82905674,0.6902609,0.010244327,202.86084,184.74062,87.745346,-271.944,-33.190586,-200.2138,-201.50761,-189.10925,-196.57507,-217.63113,-199.94633,200.30258,-0.12613338,-0.0065005827,-0.7778565,1.7426165,-0.69346714,-0.062304426,-0.1364363,-0.15008225,-0.6662321,1.5661995,-0.8115978,-0.06767065,12.233966,4.281071,1.5743047,-3.3950381,5.2686305,-2.06494,-0.18326315,-1.0405674,-0.025181836,-3.4582357,-5.5408616,10.699876
132,-0.16594921,0.13244653,0.22428502,-0.02724862,-0.07375261,-0.99690425,1.0,0.0,0.0,-0.051163048,0.024587937,0.03869748,0.098136306,0.08869761,-0.09592886,-0.17502704,-0.15073055,0.124723196,-0.049559474,-0.008302271,-0.018983053,0.17376994,0.06534842,0.11757856,-0.2584779,-0.34431884,-0.17539553,-0.2901424,0.044564113,-0.111537986,0.054902196,0.14077748,0.10908697,-1.0821989,0.38164857,0.8478598,0.82475305,0.29615584,1.026064,1.1308451,-0.87128985,-0.80229425,-0.5118039,0.2388739,-0.17493975,-215.2636,-693.9913,159.04556,-40.408203,-157.18576,13.750309,-69.961395,292.36945,-2.3181458,328.91757,60.12372,-60.112305,-0.051163048,0.024587937,-0.76130253,1.6981363,-0.7113024,-0.09592886,-0.17502704,-0.15073055,-0.6752768,1.5504405,-0.8083023,-0.018983053,3.4753985,1.3069683,2.351571,-5.1695576,-6.886377,-3.5079107,-5.802848,0.89128226,-2.2307596,1.0980439,2.8155496,2.1817393
133,-0.0499682,0.06869147,0.3371177,-0.024121597,-0.06946305,-0.9972929,1.0,0.0,0.0,-0.07336238,0.027692186,0.057775795,0.061508298,0.06895977,-0.05333364,-0.19094543,-0.14259063,0.09797877,-0.021193981,0.038647115,-0.038544882,-0.3353598,-0.024530737,0.075640485,-0.1211221,0.10971744,0.51242703,0.07325985,0.03164835,-0.15289919,0.19652343,0.3129879,-0.20419084,0.36262235,-1.2645305,-0.39830005,0.34378856,0.27101216,0.73314387,0.54243505,0.7018313,1.1055685,0.36166328,-0.5450401,0.06895347,-245.44453,-496.20343,-137.9393,188.64828,82.496826,149.9932,141.43073,-11.164795,-138.67325,21.456802,57.35521,20.462425,-0.07336238,0.027692186,-0.7422242,1.6615083,-0.73104024,-0.05333364,-0.19094543,-0.14259063,-0.70202124,1.578806,-0.7613529,-0.038544882,-6.707196,-0.4906147,1.5128096,-2.422442,2.1943488,10.248541,1.4651971,0.63296694,-3.0579836,3.9304686,6.2597575,-4.0838165
134,-0.096681744,0.029206343,-0.33391058,-0.022001296,-0.06641735,-0.9975494,1.0,0.0,0.0,-0.0869186,0.0141027775,0.041389167,0.08160794,0.11833799,0.115382895,-0.1194321,-0.12945145,0.07691419,0.034080863,0.024140298,-0.018375097,0.15389514,-0.10212362,-0.21431339,0.29693878,0.26708326,1.100181,0.5870153,0.095065586,-0.06727268,0.3387682,-0.38976473,0.2058466,0.98109126,0.940582,0.8829999,-1.0998974,-0.692237,-0.25640896,-0.8565941,-1.1786441,-0.5985478,-1.9496169,-0.93717515,0.71834975,200.70134,-267.56915,-263.4036,250.3871,31.56821,175.2169,202.02371,232.50322,152.21188,158.22092,-200.79128,5.493238,-0.0869186,0.0141027775,-0.75861084,1.681608,-0.681662,0.115382895,-0.1194321,-0.12945145,-0.7230858,1.6340809,-0.7758597,-0.018375097,3.0779028,-2.0424724,-4.2862678,5.9387755,5.3416653,22.003618,11.740305,1.9013116,-1.3454535,6.775364,-7.7952943,4.116932
135,-0.14381535,0.07180458,-0.21386527,-0.01925599,-0.06177507,-0.9979044,1.0,0.0,0.0,-0.018073482,0.0010949533,0.019904137,0.11591995,0.095143795,0.2568697,-0.051695853,-0.11644048,0.05679065,0.08659077,-0.12790781,0.09893331,0.50161356,-0.031789076,-0.022230797,0.06474226,-0.4279684,0.3909059,0.13743417,0.037893094,-0.12612802,0.19934891,-1.0636363,0.89826643,-0.783644,-0.99637264,-0.25712448,-1.3008165,-0.6590152,-0.94001347,-0.627258,0.9115274,0.9746194,-1.9277864,0.20971662,-0.41615006,199.31442,191.57144,213.10379,-210.83582,-199.89664,-200.49162,-199.08376,-204.60426,-214.41743,-233.86496,-200.48181,199.6384,-0.018073482,0.0010949533,-0.7800959,1.71592,-0.7048562,0.2568697,-0.051695853,-0.11644048,-0.74320936,1.6865908,-0.9279078,0.09893331,10.03227,-0.6357815,-0.44461593,1.2948451,-8.559368,7.8181176,2.7486835,0.75786185,-2.5225604,3.986978,-21.272726,17.965328
136,-0.03751984,0.14702572,0.12077046,-0.014781875,-0.058433536,-0.9981818,1.0,0.0,0.0,0.03502173,-0.014299053,0.015307188,0.11601639,-0.06439799,0.25906026,-0.06957194,-0.10308405,0.04341966,0.09297979,-0.26547915,0.20019335,0.07208026,-0.11323108,-0.024232961,-0.05422709,-1.1003199,-0.29973546,-0.27585527,0.09271319,-0.018340541,-0.10246422,-0.38068047,0.18629886,-1.1129855,0.9708308,0.87901825,-0.31637263,0.28870744,-0.3063387,0.96904707,-1.1334059,-0.5714294,-1.6665826,0.39818907,-0.8774792,-200.30107,-207.52731,-180.36368,-217.07718,-199.56021,-200.71324,-202.2947,212.93747,222.84088,-208.21593,200.64943,-199.71758,0.03502173,-0.014299053,-0.7846928,1.7160164,-0.864398,0.25906026,-0.06957194,-0.10308405,-0.75658035,1.6929798,-1.0654792,0.20019335,1.4416052,-2.2646215,-0.48465922,-1.0845418,-22.006397,-5.994709,-5.5171056,1.8542638,-0.36681083,-2.0492845,-7.6136093,3.7259772
137,-0.04393745,0.18048388,0.29761565,-0.008667965,-0.056711957,-0.9983529,1.0,0.0,0.0,0.0017987118,-0.02657708,0.028395057,0.0732826,-0.20897168,0.12204939,-0.08657662,-0.090451986,0.040436924,0.05792713,-0.26420134,0.16411321,-0.36166602,-0.018317623,0.1370853,-0.34592316,-0.4149053,-0.9597896,0.07358402,0.037164234,-0.012649521,-0.23566703,0.3229895,-0.48061666,0.36688444,-1.1162108,-0.29819867,1.2655259,0.75636256,0.07774781,0.564287,1.0425583,1.0388333,0.023739591,0.61885417,-0.1085487,-201.8968,216.42259,185.9522,-235.71152,199.67123,-81.54466,199.61034,-213.6836,-189.80501,-216.33409,200.39862,-200.41995,0.0017987118,-0.02657708,-0.77160496,1.6732826,-1.0089717,0.12204939,-0.08657662,-0.090451986,-0.7595631,1.6579272,-1.0642014,0.16411321,-7.23332,-0.36635244,2.7417061,-6.9184628,-8.298106,-19.195791,1.4716804,0.74328464,-0.25299042,-4.7133408,6.4597898,-9.612333
138,-0.044110123,0.13711062,-0.4253781,-0.002053643,-0.054949123,-0.9984872,1.0,0.0,0.0,-0.017776974,-0.03884812,0.034276664,0.03350818,-0.21523792,0.008592312,-0.018434629,-0.07805818,0.04621929,0.018824935,-0.12506807,0.059774894,0.11923742,-0.097576134,-0.056335013,-0.075001895,0.28269106,-0.24600206,0.56013024,0.07987664,0.06074307,-0.16087012,1.0006778,-0.45879173,0.96866184,0.8785819,0.9408204,0.56634986,0.37027645,1.0270928,-0.9205087,-1.124015,-0.522853,-0.5613441,-0.3312328,0.9519989,199.0338,-197.04828,-194.21017,182.6848,200.18985,200.0836,202.89017,181.70354,163.10037,107.72345,199.91716,60.051476,-0.017776974,-0.03884812,-0.76572335,1.6335082,-1.0152379,0.008592312,-0.018434629,-0.07805818,-0.7537807,1.618825,-0.9250681,0.059774894,2.3847485,-1.9515227,-1.1267003,-1.5000379,5.653821,-4.920041,11.202604,1.5975327,1.2148614,-3.2174025,20.013556,-9.175835
139,-0.012877759,0.13921997,-0.19241847,0.004060718,-0.053882696,-0.998539,1.0,0.0,0.0,0.049257003,-0.056467578,0.026648223,0.03009212,-0.08456868,0.035489663,0.046593633,-0.07013382,0.0542534,-0.025867343,0.0010080338,0.044605117,0.51177853,-0.080755204,-0.021406017,0.030199084,0.9463935,0.44620988,0.13307925,0.007415119,0.025861466,-0.27445298,0.32723746,0.2370545,-0.7532342,-1.2077678,-0.3627796,-1.1305742,-0.27838653,-0.08651963,-0.8345559,1.0504571,1.1214426,1.5312601,-0.92717713,-0.36953714,196.37912,192.92357,233.94751,196.32582,165.06305,200.42697,-200.62076,-217.15036,-188.60611,-215.03964,-199.81612,199.6384,0.049257003,-0.056467578,-0.7733518,1.6300921,-0.8845687,0.035489663,0.046593633,-0.07013382,-0.7457466,1.5741327,-0.798992,0.044605117,10.235571,-1.6151041,-0.42812034,0.6039817,18.92787,8.924197,2.6615849,0.14830238,0.5172293,-5.4890594,6.5447493,4.74109
140,0.002814026,0.11775727,0.093926504,0.00973806,-0.05390933,-0.99849844,1.0,0.0,0.0,0.103734985,-0.07365387,0.02073872,0.029237151,0.022857308,0.05052163,0.024924267,-0.06283775,0.05701661,-0.053862333,-0.01675427,0.005223749,0.08679857,-0.052554715,-0.042819973,0.01342076,0.1267683,-0.20208311,-0.26630998,0.042251464,-0.021404928,0.027604515,-0.37067193,-0.52475053,-1.0122432,0.88534373,0.8684329,-0.10672462,-0.5779228,-0.40703204,0.89663243,-1.0209147,-0.5614233,0.24690183,-0.04892329,-0.32583925,-166.1079,203.41443,-120.399185,16.155289,-279.42325,-124.546486,-152.08954,-135.66412,294.79056,705.9804,-139.88431,-161.3802,0.103734985,-0.07365387,-0.7792613,1.6292372,-0.7771427,0.05052163,0.024924267,-0.06283775,-0.7429834,1.5461377,-0.8167543,0.005223749,1.7359713,-1.0510943,-0.8563995,0.26841518,2.535366,-4.041662,-5.3261995,0.8450293,-0.42809856,0.5520903,-7.4134383,-10.49501
141,-0.15513173,0.09392782,0.34606913,0.013350253,-0.050841544,-0.99861753,1.0,0.0,0.0,0.07980431,-0.06255232,0.030216753,0.01903832,-0.046962142,-0.054290082,0.014620982,-0.051565226,0.031739414,-0.010071635,-0.045046985,-0.11317929,-0.2900032,0.13255969,0.12602958,-0.10767068,-0.72033554,-0.75545424,0.12330254,0.048161574,-0.20109068,0.3527777,-0.03221414,-0.549879,0.5214308,-1.2001635,-0.18850467,0.1518597,0.605289,0.66209793,0.32963347,1.1720408,1.0270661,-1.4339936,0.54688936,0.6374045,-200.15005,192.1919,356.5238,-49.81366,-211.99892,-90.94988,198.14679,-193.62762,-204.72678,177.87737,27.07847,47.92748,0.07980431,-0.06255232,-0.76978326,1.6190383,-0.84696215,-0.054290082,0.014620982,-0.051565226,-0.7682606,1.5899284,-0.845047,-0.11317929,-5.800064,2.6511936,2.5205915,-2.1534135,-14.406711,-15.109084,2.4660509,0.96323144,-4.0218134,7.0555534,-0.64428276,-10.99758
142,-0.04903614,0.07358203,-0.38454762,0.016666532,-0.046610836,-0.99877405,1.0,0.0,0.0,0.073418714,-0.04878532,0.030519783,0.032596588,-0.11483252,-0.12181792,0.08639952,-0.04283698,0.010175705,0.033341885,0.012083352,-0.147653,0.18117194,0.014653131,-0.075092435,0.16621822,-0.026886085,-0.012392524,0.4905831,0.008619629,-0.072736174,0.14544769,0.42097908,0.12661193,0.9515264,0.8419483,0.7210084,-0.5499185,1.2133074,1.2425435,-1.055662,-1.2260567,-0.05433251,-1.8885069,-0.8184692,1.1736825,199.61726,-199.24292,-198.29729,93.30342,200.03795,200.09592,-31.009857,-574.5985,-443.73737,-135.10083,-98.16597,171.5725,0.073418714,-0.04878532,-0.7694802,1.6325966,-0.91483253,-0.12181792,0.08639952,-0.04283698,-0.7898243,1.6333419,-0.78791666,-0.147653,3.6234386,0.29306263,-1.5018487,3.3243644,-0.5377217,-0.24785048,9.811662,0.17239258,-1.4547235,2.9089537,8.419581,2.5322387
143,-0.08519043,-0.038797546,-0.1754178,0.017165577,-0.0436205,-0.99890065,1.0,0.0,0.0,0.14937262,-0.03954688,0.03326732,0.039613605,-0.048764944,-0.043151442,0.14118111,-0.047246363,0.00396502,0.046258092,0.017200887,-0.046123818,0.5528811,0.068888515,0.102723256,-0.09218105,0.6355452,0.70892847,0.09829134,-0.042612713,-0.0029793659,-0.0051850635,-0.28338048,0.822625,-0.60514057,-1.1503072,-0.29517955,0.4855464,0.23076314,-0.10252023,-0.9347443,1.0070437,0.8956958,-0.9408713,0.18812418,-0.9123677,203.21393,228.28365,150.62692,-240.73073,198.87105,200.97577,-200.32106,-201.36005,-100.50005,-216.33633,-200.0846,199.98767,0.14937262,-0.03954688,-0.7667327,1.6396136,-0.84876496,-0.043151442,0.14118111,-0.047246363,-0.796035,1.6462581,-0.7827991,-0.046123818,11.057622,1.3777703,2.054465,-1.8436209,12.710903,14.178569,1.9658267,-0.8522542,-0.059587315,-0.10370126,-5.6676097,16.4525
144,0.15938006,-0.040232155,0.07770143,0.015514488,-0.04457618,-0.9988855,1.0,0.0,0.0,0.20361221,-0.040885918,0.020017207,0.06819832,0.044523656,0.021330267,0.11220902,-0.0506345,0.017152846,0.018810391,0.02210337,0.035162207,0.06297738,-0.050644893,-0.16261567,0.29050446,0.44109446,0.013445497,-0.33926815,-0.000359462,0.07082837,-0.15287445,0.0659216,0.0026288454,-1.2674716,0.92045957,0.4944817,-1.0474421,-0.563053,-0.23308295,0.955819,-0.96696687,-0.88053834,0.590201,0.22079861,-0.81989336,-194.1674,-132.99084,-202.30803,204.18758,-10.242413,-196.79602,-150.28627,338.0182,-62.32614,177.02211,-91.607544,-285.63242,0.20361221,-0.040885918,-0.7799828,1.6681983,-0.75547636,0.021330267,0.11220902,-0.0506345,-0.78284717,1.6188104,-0.77789664,0.035162207,1.2595476,-1.0128978,-3.2523134,5.810089,8.821889,0.26890993,-6.7853627,-0.00718924,1.4165674,-3.0574892,1.3184319,0.052576907
145,0.051116925,-0.07616794,0.36536354,0.012681286,-0.048966102,-0.99871993,1.0,0.0,0.0,0.17029557,-0.03716289,0.008424103,0.10197401,0.054609895,-0.042029057,0.08950291,-0.04735968,0.0039108396,0.03679955,0.06339717,-0.030213851,-0.34737104,0.07606681,0.030721718,0.08116336,-0.2710836,-0.4582346,0.06571483,0.030685743,-0.17586617,0.26971802,0.27819473,-0.54955286,0.41448453,-1.1696752,-0.42645413,-1.5390835,-0.23891848,-0.009264458,0.29840434,1.06466,1.001241,-0.6840799,-0.29456463,0.6198499,-196.2487,192.9154,325.9505,-105.8174,-201.35066,4.446924,224.6983,38.015533,-301.77045,223.05334,29.674625,-153.00317,0.17029557,-0.03716289,-0.7915759,1.701974,-0.7453901,-0.042029057,0.08950291,-0.04735968,-0.7960892,1.6367996,-0.73660284,-0.030213851,-6.9474206,1.5213361,0.61443436,1.6232672,-5.421672,-9.164692,1.3142965,0.6137149,-3.5173233,5.3943605,5.5638943,-10.991057
146,0.052459113,0.007065213,-0.3378007,0.011640615,-0.050811507,-0.9986404,1.0,0.0,0.0,0.152945,-0.03236825,0.010879874,0.10407829,-0.043525517,-0.061931048,0.1441112,-0.04036122,-0.011512816,0.06352174,0.03505385,-0.06579336,0.119771615,-0.018216146,-0.004202218,-0.050401267,-0.5050024,0.09398694,0.36819386,0.047062643,0.0041695773,0.016092723,-0.46913812,0.12568764,1.0677118,1.0132458,0.8038946,-0.48768756,0.67243856,1.2312571,-0.75906706,-1.0752343,-0.63396895,-0.87034255,-0.852127,0.8165374,199.83316,-201.4591,-196.84607,-215.69423,41.066563,39.465996,8.004855,198.74928,184.89456,-222.78691,-200.3022,199.85455,0.152945,-0.03236825,-0.78912014,1.7040783,-0.8435255,-0.061931048,0.1441112,-0.04036122,-0.8115128,1.6635218,-0.76494616,-0.06579336,2.3954322,-0.36432293,-0.08404435,-1.0080253,-10.100047,1.8797388,7.3638773,0.9412528,0.08339154,0.32185447,-9.382762,2.513753
147,-0.011546015,0.07282597,-0.03235804,0.0137303285,-0.05139647,-0.9985839,1.0,0.0,0.0,0.21903278,-0.030412683,0.029093087,0.06220305,-0.06903595,0.032939527,0.17387079,-0.03567675,-0.014657736,0.05214846,-0.13283145,0.035800826,0.5039781,0.03190997,0.168329,-0.34144938,0.18101351,0.7857993,-0.031070918,0.004131616,-0.029631192,-0.119028345,-1.1425056,0.8211808,-0.70614237,-1.283903,-0.4512714,1.177058,0.81487995,0.096705616,-0.6507516,1.1937138,1.07057,0.58887655,0.743512,-0.61989987,204.17352,195.95935,176.67668,-233.44821,199.36157,199.72778,-200.64053,-200.5702,-195.83112,-226.38011,-199.89339,199.96054,0.21903278,-0.030412683,-0.7709069,1.6622031,-0.86903596,0.032939527,0.17387079,-0.03567675,-0.81465775,1.6521485,-0.93283147,0.035800826,10.079561,0.6381993,3.36658,-6.8289876,3.6202703,15.715986,-0.62141836,0.08263232,-0.59262383,-2.3805668,-22.850113,16.423616
148,0.07155105,-0.00050698506,0.23004532,0.014956016,-0.052856617,-0.9984901,1.0,0.0,0.0,0.27242467,-0.031698883,0.031324565,0.054951787,-0.018001318,0.09561688,0.121744424,-0.029931257,-0.022060037,0.04544401,-0.2853647,0.11363008,0.08535079,-0.016927987,-0.113278106,0.18805514,0.34582385,0.049946945,-0.42745706,0.026514644,-0.05451497,0.069562234,-0.44556466,-0.0037729528,-0.7474531,0.9250634,0.6761647,-0.32847327,-0.69079983,0.076090604,0.99338925,-0.9792807,-0.8018577,-1.0444651,0.6408789,-0.7300857,-166.36374,-18.556732,-362.76355,267.81607,93.78148,-65.70031,-180.20065,-12.390106,206.08455,285.46634,204.9445,-239.25812,0.27242467,-0.031698883,-0.76867545,1.6549518,-0.81800133,0.09561688,0.121744424,-0.029931257,-0.82206005,1.645444,-1.0853647,0.11363008,1.7070158,-0.33855975,-2.265562,3.7611027,6.9164767,0.9989389,-8.549141,0.53029287,-1.0902994,1.3912446,-8.911293,-0.075459056
149,0.0622858,0.019491863,0.43603176,0.014615029,-0.05575345,-0.9983375,1.0,0.0,0.0,0.24146368,-0.028454488,0.028231978,0.065585256,-0.030193448,0.08840167,0.075321846,-0.02970909,-0.035738885,0.051582098,-0.29373473,0.04039812,-0.3483374,0.045201223,0.06458294,-0.06458213,-0.38591787,-0.04829614,-0.067164175,-0.024045784,-0.07996555,-0.013380599,0.28071365,-0.66116065,-0.72539127,-1.3625445,-0.2811891,-0.46394104,0.2519695,-0.10673046,1.0526023,1.2729288,1.0142275,-0.0806611,0.5207015,0.17181014,-203.46172,164.92258,208.28705,-203.18756,-204.15575,11.963762,200.1489,-197.5952,-198.85654,-217.78244,200.09978,-199.99223,0.24146368,-0.028454488,-0.77176803,1.6655853,-0.83019346,0.08840167,0.075321846,-0.02970909,-0.8357389,1.6515821,-1.0937347,0.04039812,-6.966748,0.9040244,1.2916588,-1.2916425,-7.718357,-0.9659228,-1.3432834,-0.48091567,-1.5993109,-0.26761198,5.614273,-13.223212
150,0.047540087,0.11771187,0.18719636,0.017169125,-0.058221072,-0.9981561,1.0,0.0,0.0,0.13359147,-0.014525031,0.029675066,0.050336003,-0.05654663,0.029683199,0.10610379,-0.032969955,-0.035936058,0.020740032,-0.16269445,-0.01610719,-0.69013506,0.09001097,-0.045030903,-0.06693114,0.034240987,-0.35732967,0.33529004,-0.010567914,0.05393952,-0.2370914,0.96164,0.02736356,1.164869,1.0550032,0.73792297,1.1974275,1.0069528,1.1029762,-0.5380046,-1.0359911,-0.5209402,-0.06408088,-0.59303725,0.9743485,-169.34079,73.523026,-217.74716,-7.962799,83.79927,14.338203,198.21086,177.3291,207.80286,-32.72733,200.4248,199.86191,0.13359147,-0.014525031,-0.77032495,1.650336,-0.85654664,0.029683199,0.10610379,-0.032969955,-0.83593607,1.62074,-0.96269447,-0.01610719,-13.802701,1.8002194,-0.900618,-1.3386228,0.68481976,-7.146593,6.7058005,-0.21135828,1.0787904,-4.741828,19.2328,0.5472712
151,0.04790438,0.031290438,0.4116123,0.018959148,-0.060276367,-0.9980017,1.0,0.0,0.0,0.03663551,-0.0023343633,0.0139350295,0.063192606,-0.017234683,0.009001918,0.13251734,-0.042220786,-0.038632214,0.0034162998,-0.034778774,0.05107742,-0.31730768,0.04177069,-0.10136111,0.15902452,0.36064878,0.123099625,-0.031694617,-0.08184069,-0.056950238,0.019222317,0.39068067,0.5772711,1.2868478,-1.2307912,-0.42403907,-1.069781,-0.083922565,0.94140095,-0.7853049,0.94162524,1.1387908,0.3123836,-1.0658494,0.5713648,178.89525,-272.9436,-117.22957,278.36536,25.500092,88.15379,-213.00331,-353.19833,1.2874146,177.62833,-155.54324,151.42548,0.03663551,-0.0023343633,-0.786065,1.6631926,-0.8172347,0.009001918,0.13251734,-0.042220786,-0.8386322,1.6034163,-0.8347788,0.05107742,-6.3461537,0.83541375,-2.0272222,3.1804905,7.2129755,2.4619925,-0.63389236,-1.6368136,-1.1390047,0.38444632,7.8136134,11.545422
152,0.03651556,-0.025885846,0.21068668,0.018019658,-0.062177997,-0.9979024,1.0,0.0,0.0,0.020176152,-0.005719505,-0.0050050616,0.089021444,-0.013783455,0.1081144,0.094859704,-0.059048463,-0.05259204,0.03327644,-0.029507399,0.21076858,0.11744749,-0.061440833,-0.095507875,0.085726224,-0.13815512,0.8162765,-0.34231412,-0.05986878,-0.07011438,0.224978,-0.2802556,0.8851628,0.5017144,0.8977574,0.8772388,-0.7826489,-0.12290108,-0.3744787,0.0042338017,-0.9984431,-0.52696407,-1.5561465,-0.31733847,-0.69002074,198.76323,-211.18999,-196.26523,-218.18176,-32.534153,199.71793,-200.2571,181.57294,188.58891,172.14331,-199.86633,-23.352547,0.020176152,-0.005719505,-0.8050051,1.6890215,-0.81378347,0.1081144,0.094859704,-0.059048463,-0.85259205,1.6332765,-0.8295074,0.21076858,2.3489497,-1.2288166,-1.9101574,1.7145244,-2.7631023,16.32553,-6.8462825,-1.1973755,-1.4022876,4.49956,-5.6051116,17.703255
153,-0.075338565,0.056011762,0.054482784,0.018632459,-0.061109703,-0.9979571,1.0,0.0,0.0,0.08597278,-0.008237561,-0.0070744753,0.07456672,-0.053567648,0.19523832,0.049378138,-0.075353876,-0.068057954,0.06429362,-0.1269508,0.3138257,0.50123435,0.023817508,0.05910442,-0.20104264,-0.18698633,0.124342285,-0.15713398,-0.09808288,-0.085284755,0.09694596,-0.4945316,0.2123699,-0.9158617,-1.1406641,-0.16464406,-0.22212267,0.36849797,-0.78025746,1.0998409,1.0429262,1.0135009,-0.9499673,0.37746447,-0.9713263,200.81798,174.81989,186.19958,-221.46909,22.086416,-200.89589,49.579693,-201.42053,-213.13705,-226.82504,42.279163,-200.19649,0.08597278,-0.008237561,-0.8070745,1.6745667,-0.85356766,0.19523832,0.049378138,-0.075353876,-0.86805797,1.6642936,-0.9269508,0.3138257,10.024687,0.47635013,1.1820884,-4.0208526,-3.7397265,2.4868457,-3.1426795,-1.9616575,-1.705695,1.9389191,-9.890632,4.247398
154,-0.03536428,0.17249043,-0.19722366,0.023436675,-0.059037987,-0.9979806,1.0,0.0,0.0,0.14630145,-0.004034744,-0.002773881,0.032244682,-0.030987322,0.14339899,0.059862275,-0.09197689,-0.06577557,0.050940037,-0.15059656,0.28036505,0.14493996,0.057072993,-0.023824966,-0.13552645,0.23383312,-0.5742573,0.2252938,-0.069248185,0.091991775,-0.20436397,0.18969265,-0.47812945,-0.8974049,0.89049757,0.75838757,1.1190841,0.04090862,0.5602231,0.16549122,-1.0708036,-0.6023632,-0.010642275,0.15596268,-0.1294697,-145.24338,286.47528,19.03212,248.26122,60.845657,-187.66823,199.76364,205.22069,216.34698,-211.08556,200.45572,-200.10136,0.14630145,-0.004034744,-0.8027739,1.6322447,-0.83098733,0.14339899,0.059862275,-0.09197689,-0.8657756,1.6509401,-0.9505966,0.28036505,2.8987992,1.1414598,-0.47649932,-2.7105289,4.6766624,-11.485146,4.505876,-1.3849636,1.8398355,-4.0872793,3.7938528,-9.562589
155,-0.031611122,0.09898676,0.31248236,0.028365897,-0.05783503,-0.99792314,1.0,0.0,0.0,0.12548915,0.008479098,-0.009292126,0.028652549,-0.009457111,0.086559124,0.100478545,-0.113247804,-0.0588032,0.023387909,-0.055666268,0.13972726,-0.3123669,0.07261822,-0.048774976,0.07493076,0.037460785,-0.04527897,0.17457171,-0.13894847,-0.007460451,-0.09074833,0.5438171,-0.70347184,0.79059505,-1.2624944,-0.26577732,-0.685125,0.10845953,1.2923478,-0.94680583,0.96376467,1.0049298,-0.018752173,-0.28979522,0.60079765,-211.80377,24.462967,9.840759,196.47446,-27.65992,156.56905,-26.351175,-203.62898,-156.93617,11.245022,-36.260246,64.02241,0.12548915,0.008479098,-0.80929214,1.6286526,-0.8094571,0.086559124,0.100478545,-0.113247804,-0.8588032,1.6233879,-0.8556663,0.13972726,-6.247338,1.4523643,-0.9754995,1.4986151,0.7492157,-0.9055794,3.491434,-2.7789693,-0.14920902,-1.8149667,10.876342,-14.069436
156,-0.050586622,0.13559856,0.0518478,0.03283002,-0.056375764,-0.9978698,1.0,0.0,0.0,0.110501006,0.0059623807,-0.027226925,0.047923565,0.018296719,0.13816142,0.094087705,-0.12940891,-0.053661823,-0.0032052994,-0.02388978,0.07267252,0.11714959,-0.0765933,-0.11020752,0.113668226,0.16629373,0.52068263,-0.19980626,-0.03203198,0.04326167,-0.15024763,-0.15687242,-0.034180284,0.881549,0.74540013,0.5770848,0.67924935,0.11894715,-0.35695723,-0.12517942,-0.8991218,-0.122937545,0.28463906,-0.83661455,0.7430979,171.59361,-308.2292,11.53656,51.706253,0.29426575,165.47421,-198.45418,211.45395,194.86172,69.40901,-200.16397,200.23889,0.110501006,0.0059623807,-0.82722694,1.6479236,-0.7817033,0.13816142,0.094087705,-0.12940891,-0.85366184,1.5967947,-0.8238898,0.07267252,2.3429918,-1.5318661,-2.2041504,2.2733645,3.3258743,10.413652,-3.996125,-0.64063954,0.86523336,-3.0049527,-3.1374483,-0.6836057
157,-0.10908383,-0.10338262,0.08096876,0.033351123,-0.05318959,-0.9980273,1.0,0.0,0.0,0.1719539,-0.001768355,-0.043234944,0.086189985,0.054985344,0.16536106,0.028044004,-0.13836125,-0.05855882,-0.00229311,-0.13103819,0.1427305,0.46603608,-0.0029941911,-0.046755835,0.25461468,0.16584252,-0.17758474,-0.35640186,-0.06479953,-0.05716429,0.126843,-0.8457929,0.66648525,-0.9410715,-1.1497488,-0.20497374,-1.3212057,-0.6058487,-0.65327114,0.7455943,1.0390989,0.85811365,-1.530761,0.50768906,-0.7397258,199.51913,227.14624,206.29594,185.63748,-14.833899,-199.26956,-3.0935433,-204.89621,-105.38548,167.4617,-200.06648,200.07245,0.1719539,-0.001768355,-0.84323496,1.68619,-0.74501467,0.16536106,0.028044004,-0.13836125,-0.85855883,1.5977069,-0.9310382,0.1427305,9.320722,-0.05988382,-0.9351167,5.0922933,3.3168504,-3.5516946,-7.128037,-1.2959906,-1.1432858,2.53686,-16.915857,13.329705
158,-0.056528132,0.04565328,-0.14774667,0.032687925,-0.049663275,-0.99823093,1.0,0.0,0.0,0.22520599,-0.0066389428,-0.05673766,0.12235975,0.015969038,0.053490598,0.0006275359,-0.14906572,-0.050752223,-0.009482145,-0.22628325,0.19954227,0.095623285,-0.056838363,-0.076113835,0.11133104,-0.4589791,-0.8811855,0.041828293,-0.030530095,0.09700919,-0.12842074,-0.2024894,-0.033532444,-1.3408966,0.94862133,0.6312256,-1.3128779,0.18409964,0.3752415,1.0098861,-1.0411112,-0.8920717,-1.2825783,0.44308186,-0.8736093,-226.87843,-317.70734,-145.77771,-236.74799,-162.22177,-212.8848,267.0146,697.52527,-83.16756,102.24985,156.56998,-193.64134,0.22520599,-0.0066389428,-0.8567377,1.7223598,-0.784031,0.053490598,0.0006275359,-0.14906572,-0.85075223,1.5905179,-1.0262833,0.19954227,1.9124657,-1.1367673,-1.5222766,2.2266207,-9.179582,-17.623709,0.83656585,-0.6106019,1.9401838,-2.5684147,-4.049788,-0.6706489
159,-0.0104419645,0.022234261,-0.066696316,0.033810135,-0.04868762,-0.99824166,1.0,0.0,0.0,0.19850081,-0.010122139,-0.051589847,0.11327624,-0.00015223026,-0.04936134,0.036661673,-0.15161972,-0.037398577,-0.023028135,-0.18310606,0.12486889,-0.32360336,0.018703792,0.102236226,-0.17275536,0.22866514,-0.21422772,0.3163276,-0.022951579,0.062495332,-0.07130247,0.550278,-0.661694,0.27397472,-1.1258974,-0.47041315,0.02220681,0.30592835,0.7595047,-0.94066894,1.1395636,0.94637835,1.2931454,0.4055105,-0.7428536,-201.85497,191.15959,198.55501,-216.98682,199.8908,199.84598,200.74277,-189.58502,-195.1341,-213.86739,200.43768,-199.74017,0.19850081,-0.010122139,-0.85158986,1.7132763,-0.80015224,-0.04936134,0.036661673,-0.15161972,-0.8373986,1.5769719,-0.9831061,0.12486889,-6.472067,0.37407583,2.0447245,-3.4551072,4.5733027,-4.2845545,6.326552,-0.45903155,1.2499067,-1.4260495,11.00556,-13.23388
160,-0.034688566,-0.00031811465,-0.27940273,0.034542084,-0.04740738,-0.99827826,1.0,0.0,0.0,0.18273845,-0.018014267,-0.04138547,0.08462405,0.09841782,-0.013184247,0.05774624,-0.1414825,-0.030182302,-0.02520001,-0.007037282,-0.08621964,0.10012056,-0.085316114,0.011915146,-0.115977995,0.5394357,0.5036696,-0.06876777,0.10863663,0.0174804,0.035965595,1.0180914,-1.3776196,1.0633379,0.9650419,0.86557925,-0.004166845,0.10127172,-0.019741904,-0.6847074,-1.0675849,-0.90311,-0.87313014,-0.5698179,0.9979043,118.86281,-196.63557,-192.2378,-38.462082,-43.768208,200.10638,-202.37267,196.92613,210.99614,173.38591,-30.220375,-200.09834,0.18273845,-0.018014267,-0.8413855,1.6846241,-0.7015822,-0.013184247,0.05774624,-0.1414825,-0.8301823,1.5748,-0.8070373,-0.08621964,2.0024111,-1.7063223,0.23830293,-2.3195598,10.788713,10.073392,-1.3753554,2.1727326,0.34960797,0.7193119,20.361828,-27.552391
161,0.04006302,0.0005750294,-0.0026841986,0.034937184,-0.047335874,-0.9982679,1.0,0.0,0.0,0.23886906,-0.031920012,-0.023454845,0.05059266,0.13405555,0.016737558,0.0030890666,-0.11970703,-0.038081646,-0.0133731365,0.08824766,-0.26602384,0.42572808,-0.06446677,0.14478566,-0.16725701,-0.055537857,-0.0669951,-0.4433704,0.10371009,-0.06816394,0.07698466,0.069431774,-0.5236405,-1.2886915,-1.0978079,-0.3982219,0.80582315,-0.077907585,-0.08546549,1.0306063,1.0916537,0.91451204,1.2009459,-1.1515436,0.43812817,164.77242,82.621796,407.52087,315.7594,-89.049736,-84.54918,-213.73842,-190.78763,-3.237442,-33.06424,-210.98665,208.46439,0.23886906,-0.031920012,-0.82345486,1.6505927,-0.66594446,0.016737558,0.0030890666,-0.11970703,-0.83808166,1.5866269,-0.71175236,-0.26602384,8.514562,-1.2893354,2.895713,-3.3451402,-1.1107571,-1.3399019,-8.867408,2.0742018,-1.3632787,1.5396931,1.3886354,-10.47281
162,0.011576599,0.015284497,-0.21445106,0.035415523,-0.048282836,-0.99820566,1.0,0.0,0.0,0.2844518,-0.046749357,-0.015706956,0.048833013,0.07063234,-0.01802024,-0.038683586,-0.09871101,-0.04619187,0.019895554,0.022956967,-0.29507685,0.06605963,-0.08449077,-0.05292024,0.11731958,-0.37731156,-0.17697975,-0.017118918,0.1109091,-0.018379953,0.2360185,-0.6450407,0.166548,-1.1821527,0.9227288,0.8656375,-1.4602267,0.17039418,0.033645887,1.0636044,-1.0700029,-0.7420838,-1.3252628,-0.07404018,0.6447278,-200.7601,-204.27539,-189.60707,187.04033,22.43216,16.531948,197.08562,205.18492,229.56331,190.11273,-199.49533,200.4571,0.2844518,-0.046749357,-0.81570697,1.648833,-0.7293677,-0.01802024,-0.038683586,-0.09871101,-0.8461919,1.6198956,-0.77704304,-0.29507685,1.3211925,-1.6898154,-1.0584048,2.3463914,-7.546231,-3.539595,-0.34237835,2.2181818,-0.36759904,4.72037,-12.900814,3.3309598
163,0.023788849,0.03222844,0.025016582,0.036545478,-0.04892461,-0.99813366,1.0,0.0,0.0,0.25065812,-0.055044133,-0.008862436,0.03991139,0.066838264,-0.010467288,0.0008210578,-0.09012403,-0.047494054,0.051512837,-0.038346827,-0.18317552,-0.36312148,-0.003946315,0.10499185,-0.1762972,0.19845353,0.09455463,0.37319112,-0.011729154,0.0014642007,0.096053794,-0.12947269,0.8811909,-0.19284248,-1.062983,-0.16712433,-0.6598589,1.0256441,0.47967547,-0.43357354,1.1990652,0.88526785,-0.9056479,0.37654665,0.17366551,-201.47072,189.32977,191.16931,-219.56587,56.70418,9.8610115,201.79791,-185.98857,-208.16827,-222.78314,50.414173,200.40001,0.25065812,-0.055044133,-0.80886245,1.6399114,-0.73316175,-0.010467288,0.0008210578,-0.09012403,-0.84749407,1.6515129,-0.83834684,-0.18317552,-7.2624297,-0.0789263,2.099837,-3.525944,3.9690704,1.8910927,7.4638224,-0.23458306,0.029284013,1.9210758,-2.5894537,17.623817
164,0.06486898,0.14990379,0.3788217,0.04008672,-0.050953694,-0.9978962,1.0,0.0,0.0,0.14587219,-0.059616733,-0.0130159855,0.027899623,0.10179049,0.069469646,0.026214134,-0.081975244,-0.035601497,0.033897996,0.011196196,-0.038625803,-0.65671897,-0.032311536,-0.14149131,0.07366548,0.0836867,0.6086926,-0.07380804,0.07996249,0.11116519,-0.24203081,0.55669415,0.5800608,1.339226,0.86125594,0.8760055,2.269776,0.5723995,-0.36670133,-1.0536987,-1.1053009,-0.78862333,0.5986416,-0.49246383,-0.74186516,-113.7584,-51.121407,-341.23697,145.32819,-6.741211,135.05487,-199.90999,192.62343,196.30725,-225.53984,199.78139,-80.78916,0.14587219,-0.059616733,-0.813016,1.6278996,-0.6982095,0.069469646,0.026214134,-0.081975244,-0.8356015,1.633898,-0.7888038,-0.038625803,-13.134379,-0.6462307,-2.829826,1.4733095,1.6737341,12.173852,-1.4761606,1.5992498,2.2233038,-4.840616,11.1338825,11.601215
165,0.0050286716,0.011724122,0.5981938,0.041912723,-0.053109296,-0.9977088,1.0,0.0,0.0,0.05947715,-0.058891147,-0.048105896,0.06449795,0.15674013,0.10499135,-0.033899125,-0.06589464,-0.031321704,0.017378569,0.04686719,0.0015253365,-0.25069755,0.032100778,-0.19622084,0.2609022,0.451822,-0.16545917,-0.484859,0.08246432,-0.051802225,0.051131673,-0.13126913,-0.10977149,0.6784435,-1.2811285,-0.10515562,-0.94432443,-1.1282947,-0.72106653,0.63440824,0.8840049,1.0122029,-0.92832047,0.21849152,-0.31076238,239.39099,217.64941,-79.579254,105.39372,120.15202,-217.1112,-200.44499,-190.22284,-171.77722,199.09303,-199.37965,-199.79778,0.05947715,-0.058891147,-0.8481059,1.664498,-0.6432599,0.10499135,-0.033899125,-0.06589464,-0.8313217,1.6173786,-0.7531328,0.0015253365,-5.013951,0.6420156,-3.9244168,5.218044,9.03644,-3.3091834,-9.69718,1.6492864,-1.0360445,1.0226334,-2.6253824,-2.1954298
166,-0.024512924,-0.16021043,-0.052485544,0.03761091,-0.053140856,-0.99787843,1.0,0.0,0.0,0.06179261,-0.060284715,-0.06941736,0.09386337,0.17209446,-0.0018127338,-0.084228255,-0.0440647,-0.011615753,-0.004417181,0.08427763,-0.08514827,0.22520845,-0.03965209,-0.045244586,0.0574673,-0.22895758,-0.8353637,-0.058729094,0.12709872,0.21668695,-0.24103026,0.3181055,-0.5580776,-0.42111242,0.6321725,0.24224994,-0.5528192,-0.3937802,0.56621474,1.1392052,-0.97820485,-0.6096574,0.29885107,-0.21606438,0.84445786,198.38913,-206.81099,-12.936028,-215.25653,-199.77846,-200.1656,195.4216,171.96281,210.63055,-218.95107,5.4018784,15.877554,0.06179261,-0.060284715,-0.86941737,1.6938634,-0.62790555,-0.0018127338,-0.084228255,-0.0440647,-0.81161577,1.5955828,-0.7157224,-0.08514827,4.504169,-0.7930418,-0.90489167,1.149346,-4.5791516,-16.707273,-1.1745819,2.5419745,4.333739,-4.8206053,6.3621097,-11.161551
167,-0.16606744,-0.19656877,0.15218943,0.03026292,-0.0491466,-0.998333,1.0,0.0,0.0,0.061441522,-0.054210838,-0.05923301,0.077689886,0.050661027,-0.09551469,-0.052180618,-0.032019787,0.012221992,-0.016134858,0.058368385,-0.11911215,-0.1888695,0.08794124,0.12910317,-0.19370387,-0.9110231,-0.16842407,0.3499501,0.02704697,0.0501781,0.07300113,-0.4458643,0.1540331,-0.8322532,-1.193903,-1.0020812,0.60136735,0.35222155,1.0276747,-0.32231566,1.032563,1.0062207,-0.98860043,0.21237212,0.57165664,-202.40903,193.3173,213.7671,-216.18779,-177.69458,200.16454,202.9181,-170.56213,-216.30505,178.53851,-200.27176,200.49812,0.061441522,-0.054210838,-0.859233,1.6776899,-0.749339,-0.09551469,-0.052180618,-0.032019787,-0.787778,1.5838652,-0.7416316,-0.11911215,-3.77739,1.7588247,2.5820634,-3.8740773,-18.22046,-3.3684814,6.999002,0.5409394,1.003562,1.4600226,-8.917286,3.0806618
168,0.05108251,-0.19098507,0.53216636,0.021970283,-0.047637384,-0.99862313,1.0,0.0,0.0,-0.020939039,-0.048615318,-0.05301225,0.06662917,-0.055370152,-0.05224319,-0.034246486,-0.028139457,0.034575343,-0.02990675,0.035437107,-0.016903589,-0.5948083,-0.020615702,-0.050258905,0.06116044,-0.21782081,0.5310851,-0.11540922,0.024193972,0.17456256,-0.19996229,0.19231741,0.81078357,1.25547,0.71439815,0.20000704,-0.4500108,0.6659298,0.6225597,-0.9016814,-0.9784682,-0.7158171,-0.32617825,0.8904957,0.1330024,-199.49013,-198.92093,-210.5416,180.85133,200.39018,200.22105,-200.00871,197.5092,197.20401,-221.42172,199.83298,199.97803,-0.020939039,-0.048615318,-0.85301226,1.6666292,-0.85537016,-0.05224319,-0.034246486,-0.028139457,-0.76542467,1.5700933,-0.7645629,-0.016903589,-11.896166,-0.41231403,-1.0051781,1.2232088,-4.356416,10.621701,-2.3081844,0.48387945,3.491251,-3.9992456,3.846348,16.215672
169,0.11099731,-0.12609145,0.7565952,0.014431849,-0.05142568,-0.99857247,1.0,0.0,0.0,-0.10062909,-0.05359378,-0.042969584,0.044476748,-0.023162484,0.12791243,-0.10196757,-0.027683182,0.046320796,-0.048276782,0.0675568,0.05630255,-0.2386885,-0.027626187,0.13371988,-0.25407654,0.47082582,1.1459755,-0.51452154,-0.0039137285,-0.035312977,0.0021642148,0.13606206,0.16350158,0.7386712,-1.1399473,-0.9289241,0.89953214,0.19367751,-0.64244527,0.68763614,0.99717355,0.8778392,1.5998468,-0.8448533,-0.35206857,198.60152,194.9628,201.15503,-224.97232,200.2496,49.507614,-171.33673,-22.367966,-276.43747,90.28612,20.23059,-43.22125,-0.10062909,-0.05359378,-0.8429696,1.6444768,-0.8231625,0.12791243,-0.10196757,-0.027683182,-0.7536792,1.5517232,-0.7324432,0.05630255,-4.77377,-0.55252373,2.6743975,-5.0815306,9.416516,22.919508,-10.290431,-0.07827457,-0.70625955,0.043284297,2.721241,3.2700315
170,0.086498,-0.19078676,0.01414236,0.0071240044,-0.055563923,-0.99842966,1.0,0.0,0.0,-0.09608996,-0.06718933,-0.03470391,0.027247787,0.061891675,0.28188658,-0.15565634,-0.022126783,0.044790745,-0.030555129,0.017014146,0.012286429,0.23153412,-0.09924214,-0.033923604,0.08292469,0.33703193,0.4510133,-0.06719855,0.05387282,0.015564899,0.1571916,-0.5708749,-0.5338209,0.5847691,0.86271423,0.3675482,-1.2916341,-0.6269357,-0.5100082,1.0351892,-0.9963562,-0.93548155,-0.9208706,0.05752083,-0.20102534,183.76637,-167.91568,-3.5220184,394.99155,-50.96483,-206.24693,199.27368,195.96999,210.5063,186.0136,-199.91412,-200.03435,-0.09608996,-0.06718933,-0.8347039,1.6272478,-0.73810834,0.28188658,-0.15565634,-0.022126783,-0.75520927,1.5694449,-0.78298587,0.012286429,4.6306825,-1.9848429,-0.67847204,1.6584938,6.7406387,9.020266,-1.343971,1.0774564,0.31129798,3.143832,-11.417499,-10.676418
171,0.008101345,-0.12224725,-0.37851742,0.0015887364,-0.057171922,-0.998363,1.0,0.0,0.0,-0.00830022,-0.08073044,-0.01956141,0.026527047,0.04709822,0.2889693,-0.11846374,-0.01736131,0.04805249,-0.015427589,-0.020617068,-0.07402393,0.6162073,-0.03556963,0.16529395,-0.095052086,-0.39772722,-0.29066813,0.39189976,-0.0011841308,0.016679531,0.010916494,0.0911331,-0.3443061,-1.0262889,-1.2104748,-0.79596436,-0.7972688,-0.0463963,-0.54501903,0.21853268,1.1125823,0.94897795,0.27714145,0.47280216,0.6437216,191.1302,235.10292,313.12805,-109.08982,-202.49171,-205.57103,200.18178,-190.2755,-198.5296,-213.17566,110.86645,46.42429,-0.00830022,-0.08073044,-0.8195614,1.6265271,-0.7529018,0.2889693,-0.11846374,-0.01736131,-0.7519475,1.5845724,-0.8206171,-0.07402393,12.324145,-0.7113926,3.3058789,-1.9010417,-7.9545445,-5.8133626,7.837995,-0.023682615,0.3335906,0.21832988,1.822662,-6.886122
172,-0.035920013,-0.097604856,-0.45575026,-0.0016736736,-0.056387965,-0.9984076,1.0,0.0,0.0,0.073428676,-0.08223716,0.0053087473,0.002512455,-0.00013434887,0.1579438,-0.008021287,-0.011595867,0.0511958,-0.0016531944,0.07189244,-0.06702859,0.2267001,-0.00456138,0.10015359,-0.16446586,-0.13945965,-0.96228474,0.5841925,0.057242014,0.010592389,0.11556975,0.76614416,0.34311745,-0.7584902,0.7479473,0.30041504,1.0332202,-0.054151416,0.4390749,-0.521858,-0.9524487,-0.84985626,-1.3240006,-0.42647493,0.34742764,-199.2179,-192.35518,-192.77031,-216.5716,33.95607,-200.06995,-38.701694,247.62968,163.29735,165.95442,199.37643,201.64078,0.073428676,-0.08223716,-0.79469126,1.6025125,-0.80013436,0.1579438,-0.008021287,-0.011595867,-0.7488042,1.5983468,-0.7281076,-0.06702859,4.534002,-0.0912276,2.0030718,-3.2893171,-2.789193,-19.245695,11.68385,1.1448402,0.21184777,2.311395,15.322883,6.8623486
173,0.0849582,-0.11960127,0.336478,-0.006117181,-0.057535324,-0.99832475,1.0,0.0,0.0,0.067446806,-0.07908469,0.028178096,-0.018556595,-0.023198068,0.039184038,0.05717075,-0.010734723,0.05020833,0.011877656,0.14893574,0.06017082,-0.23928595,0.029362712,0.1242007,-0.05741806,-0.09293699,-0.29206923,0.10129879,-0.052347597,-0.016489714,0.06705758,0.045972403,0.6905138,0.32969004,-1.3151217,-0.7636471,-0.81722534,0.7243686,1.1189884,-0.84715474,1.0801536,0.89873207,0.1569387,-0.900475,-0.34446767,-202.13522,181.25424,203.08467,184.45616,18.73117,199.65118,-233.50374,-328.00928,88.55072,91.12569,-217.96031,-48.145874,0.067446806,-0.07908469,-0.7718219,1.5814434,-0.8231981,0.039184038,0.05717075,-0.010734723,-0.7497917,1.6118777,-0.6510643,0.06017082,-4.785719,0.5872542,2.484014,-1.1483612,-1.8587399,-5.8413844,2.0259757,-1.0469519,-0.3297943,1.3411516,0.9194481,13.810275
174,0.023406316,-0.12889893,0.024097035,-0.011503186,-0.059594695,-0.9981563,1.0,0.0,0.0,0.06540228,-0.08270168,0.044591546,-0.025603414,0.0109626055,0.047255747,0.033611227,-0.010332985,0.051187754,0.035418868,0.08000457,0.11861858,0.16422226,-0.05787843,0.009158835,0.07875017,0.20970729,0.23745409,-0.29433972,0.045747973,0.03214227,0.13907142,-0.66173303,-0.03202976,1.1325783,0.8921109,0.33604312,1.234136,-0.49527347,0.29761875,0.07457065,-1.0963188,-0.8395498,-0.93154126,0.09929737,-0.87385267,169.23744,-263.7109,-156.33147,256.45258,-4.339035,107.409386,-200.7443,179.14078,217.50897,114.314545,-199.6766,-200.34988,0.06540228,-0.08270168,-0.75540847,1.5743966,-0.7890374,0.047255747,0.033611227,-0.010332985,-0.74881226,1.6354189,-0.71999544,0.11861858,3.284445,-1.1575686,0.1831767,1.5750034,4.1941457,4.7490816,-5.886794,0.91495943,0.6428454,2.7814283,-13.23466,-0.6405952
175,0.048966113,-0.15080327,-0.23088112,-0.016755631,-0.06092302,-0.9980018,1.0,0.0,0.0,0.14529298,-0.0933541,0.04940945,0.0077308416,-0.032190442,0.13074599,0.017568657,-0.00784711,0.05743146,0.05049181,0.025167108,0.038711794,0.5961058,-0.03518967,0.048376743,0.22276957,-0.5387764,0.4335601,0.049601205,-0.015480532,0.028503371,0.023661023,0.03291255,-0.7016184,-1.2392298,-1.3072181,-0.7860661,-1.7003706,0.47739017,-0.6011327,1.0801535,1.2057182,0.9617672,-0.4642853,0.33739585,-0.23910984,198.86363,264.01428,224.21648,194.25717,-199.48853,-35.294685,83.90072,-200.90347,-197.61032,-216.13437,164.9515,-200.04688,0.14529298,-0.0933541,-0.75059056,1.6077309,-0.83219045,0.13074599,0.017568657,-0.00784711,-0.74256855,1.6504918,-0.7748329,0.038711794,11.922116,-0.70379335,0.96753484,4.4553914,-10.775528,8.671202,0.99202406,-0.30961064,0.5700674,0.47322044,0.658251,-14.032368
176,0.08020287,-0.049140304,-0.5212,-0.019573238,-0.06392892,-0.99776256,1.0,0.0,0.0,0.21833627,-0.10418982,0.05055058,0.036102295,-0.062239885,0.14132793,0.07460479,-0.005776964,0.08063489,0.02229786,0.100996554,-0.075437695,0.1762781,-0.07402786,-0.030824179,0.075976685,0.1675267,-0.25841454,0.4798111,0.033691186,0.18890558,-0.27525046,0.5573157,-0.4565105,-0.9522475,0.81026053,0.29803446,-1.0076914,-0.060111195,-0.44653526,-0.44691277,-0.94166243,-0.8380723,0.8774687,-0.37950644,0.73486525,-201.50677,-199.7269,-186.10928,-209.8782,200.27556,-200.04779,201.55504,223.46616,191.51521,-223.88318,13.237966,70.81797,0.21833627,-0.10418982,-0.74944943,1.6361023,-0.8622399,0.14132793,0.07460479,-0.005776964,-0.7193651,1.6222979,-0.69900346,-0.075437695,3.5255618,-1.4805572,-0.61648357,1.5195336,3.3505342,-5.1682906,9.596222,0.6738237,3.7781117,-5.505009,11.146314,-9.13021
177,0.0013143845,-0.069644764,0.29622063,-0.021860033,-0.06552653,-0.9976113,1.0,0.0,0.0,0.20272724,-0.107571945,0.063728034,0.02231741,-0.055436015,0.011634409,0.11996134,-0.005968103,0.09742892,-0.0003950596,0.1340037,-0.089560986,-0.28578115,0.029280458,0.14289068,-0.1897659,-0.005916714,-0.95799875,0.018572753,-0.028694183,-0.0018752313,0.017974328,-0.15210618,0.24486955,0.00038350374,-1.2031084,-0.7221683,0.07224804,0.04654473,0.5565376,-0.59209055,1.1699864,0.92671084,0.30853736,-0.56818354,0.30133024,-200.91054,184.51773,197.38081,-222.89558,-6.89764,-164.91223,-200.01747,-200.29149,-195.41386,187.62128,-200.05896,200.0326,0.20272724,-0.107571945,-0.736272,1.6223174,-0.855436,0.011634409,0.11996134,-0.005968103,-0.7025711,1.599605,-0.6659963,-0.089560986,-5.715623,0.58560914,2.8578134,-3.795318,-0.11833428,-19.159975,0.37145504,-0.57388365,-0.037504625,0.35948655,-3.0421236,4.897391
178,0.02657174,-0.113180734,0.3667132,-0.02660537,-0.06603662,-0.9974624,1.0,0.0,0.0,0.12982464,-0.110671274,0.073020875,0.014539838,-0.024698853,-0.10139972,0.07967746,-0.008209924,0.09848493,0.019536972,0.024680734,0.021886883,-0.35379514,-0.035455085,-0.024833089,0.08347522,0.1421807,-0.21169233,-0.37943515,0.009103189,0.013898288,0.1613551,-0.866275,0.6821859,1.0163419,0.79793745,0.43006015,-0.27539194,0.059635848,1.0681514,0.15151857,-1.022738,-0.8439201,-1.5561213,0.39471114,-0.3610302,66.59137,89.42107,-178.51732,196.6991,-52.646248,258.72287,-199.91005,178.622,212.5704,184.91498,-199.45131,-14.057223,0.12982464,-0.110671274,-0.72697914,1.6145399,-0.82469887,-0.10139972,0.07967746,-0.008209924,-0.7015151,1.619537,-0.7753193,0.021886883,-7.075903,-0.7091017,-0.49666178,1.6695043,2.8436139,-4.2338467,-7.588703,0.18206377,0.27796575,3.2271018,-17.3255,13.643718
179,-0.09947599,-0.08735653,0.0064973347,-0.030971047,-0.064076304,-0.9974643,1.0,0.0,0.0,0.10727959,-0.117888466,0.0757429,0.020694017,-0.016038537,-0.061360046,0.049595833,-0.0077935914,0.101355255,0.03480041,-0.070762694,0.0848677,0.07669201,-0.051642854,0.044199187,-0.023420569,0.019664498,0.5150191,0.037321057,-0.0032725476,0.0141289625,0.008421887,-0.15941995,0.014263488,-0.1145113,-1.2926797,-0.6687975,0.17148113,0.40798807,0.1228475,0.8563031,1.1214187,0.9924903,-0.9836919,0.53248966,-1.1849402,180.71361,-213.40282,-1.4822845,-119.37634,-0.3242798,188.65717,199.98732,-201.9193,-198.23666,-214.12036,199.98506,-200.0818,0.10727959,-0.117888466,-0.7242571,1.620694,-0.81603855,-0.061360046,0.049595833,-0.0077935914,-0.69864476,1.6348004,-0.8707627,0.0848677,1.5338402,-1.0328571,0.88398373,-0.46841136,0.39328995,10.300383,0.74642116,-0.06545095,0.28257924,0.16843773,-3.188399,0.28526977
180,0.02621627,-0.09656323,-0.2545994,-0.034321416,-0.06311333,-0.997416,1.0,0.0,0.0,0.08004144,-0.12789916,0.055728793,0.050742865,0.04279971,0.024314255,0.10353308,-0.0025780809,0.123693824,0.005821109,-0.027227104,0.011543114,-0.30146998,-0.044430945,-0.2064466,0.26632202,0.5168503,0.34979302,0.46134958,0.052569546,0.19236577,-0.2741001,0.5267483,-0.6783461,-0.54615307,0.78914386,0.40317252,-1.3315092,-0.69813126,-0.8403584,-0.51652765,-0.9191384,-0.8774599,0.54408395,-0.01241491,0.28877404,-132.26477,128.39558,-222.35788,132.7261,140.11037,-42.825863,200.85149,227.99611,183.71646,-226.95992,200.21736,-199.36618,0.08004144,-0.12789916,-0.7442712,1.6507429,-0.7572003,0.024314255,0.10353308,-0.0025780809,-0.6763062,1.6058211,-0.8272271,0.011543114,-6.0293994,-0.8886189,-4.128932,5.3264403,10.337006,6.99586,9.226992,1.0513909,3.8473153,-5.482002,10.5349655,-13.566922
181,-0.105528615,-0.059869207,0.5877508,-0.038042184,-0.06101004,-0.99741197,1.0,0.0,0.0,-0.027062045,-0.12377971,0.034239292,0.082828164,0.06649566,0.01958367,0.14276849,0.0030093198,0.13980585,-0.016091585,0.008275211,-0.048545677,-0.73098654,0.07264283,-0.027714118,0.0656078,-0.20164327,-0.3347263,-0.022259716,0.009779898,-0.014213676,0.034917194,-0.018447174,0.006792062,0.65359277,-1.081554,-0.7073624,-1.2532339,-0.13596976,0.15714635,-0.8118057,0.9858371,0.90639436,-0.5332136,-0.6744761,1.0470357,-204.25215,182.62444,240.64304,-194.6451,-198.93677,-200.35442,-201.3223,-142.54677,-170.98074,231.40305,-51.10048,200.01645,-0.027062045,-0.12377971,-0.7657607,1.6828282,-0.73350435,0.01958367,0.14276849,0.0030093198,-0.66019416,1.5839084,-0.7917248,-0.048545677,-14.619731,1.4528567,-0.55428237,1.312156,-4.0328655,-6.6945257,-0.4451943,0.19559796,-0.2842735,0.6983439,-0.36894348,0.13584124
182,0.020609476,-0.092722036,0.31678027,-0.041473884,-0.05866092,-0.997416,1.0,0.0,0.0,-0.13023628,-0.1225663,0.031848073,0.08255017,-0.0036306381,0.027609043,0.09612058,-0.0018584158,0.15678632,-0.031899095,-0.08517128,0.011292381,-0.34293035,-0.049619377,0.005571594,-0.05850494,-0.34325537,0.26947594,-0.37250862,-0.06735395,0.14110994,-0.111456834,-0.79738826,0.48742387,1.4746242,0.73747665,0.5850867,0.682599,0.20306027,0.7472526,-0.36954612,-0.8952321,-0.6936983,0.18847431,0.6850813,-0.30556598,200.34627,-193.23505,-208.68773,-219.03653,30.070858,50.505802,21.275818,-675.51715,28.080246,694.034,-122.621216,-56.178955,-0.13023628,-0.1225663,-0.76815194,1.6825502,-0.80363065,0.027609043,0.09612058,-0.0018584158,-0.6432137,1.5681009,-0.8851713,0.011292381,-6.858607,-0.99238753,0.111431874,-1.1700988,-6.8651075,5.3895187,-7.4501724,-1.3470789,2.8221989,-2.2291367,-15.947764,9.748477
183,-0.10655196,-0.0986224,0.5217221,-0.04649657,-0.055958953,-0.99734986,1.0,0.0,0.0,-0.15143074,-0.12453556,0.039970636,0.08424568,0.0017238855,0.157891,-0.022497911,-0.020667262,0.15543133,-0.012864709,-0.1699453,0.025384244,0.091754444,0.024911137,0.06662575,0.06311946,0.32330856,0.96358454,-0.7592437,-0.10813254,-0.110752225,0.23489021,-0.11122616,-0.24336779,0.13101272,-1.2346599,-0.70125,-1.3332574,0.45516467,-1.0034646,0.7909845,1.1384248,0.62890637,-1.1728034,0.8515136,-0.77912897,199.93349,213.52283,199.51738,178.84422,178.47482,200.2385,-70.465744,-214.85477,-270.7605,154.47055,199.16853,-200.39229,-0.15143074,-0.12453556,-0.7600294,1.6842457,-0.7982761,0.157891,-0.022497911,-0.020667262,-0.6445687,1.5871353,-0.9699453,0.025384244,1.8350888,0.49822274,1.332515,1.2623893,6.466171,19.27169,-15.184875,-2.1626508,-2.2150445,4.697804,-2.224523,-4.867356
184,-0.06477517,-0.11594038,-0.24692495,-0.051290892,-0.0525206,-0.9973018,1.0,0.0,0.0,-0.0883685,-0.12831685,0.03599143,0.11507392,0.07681906,0.25493333,-0.11918981,-0.03481507,0.15368664,0.0007996559,-0.11826903,-0.10110885,0.46061555,-0.024648795,-0.09174298,0.22736621,0.43623742,0.13566676,-0.2640618,-0.03994785,0.08114902,-0.07530369,0.5652894,-0.94685185,-0.82323956,0.8172162,0.5387102,-0.15354525,-0.8467969,-1.1393937,1.4541857,-0.9118557,-0.9692333,-1.0234605,-0.21726419,0.4160566,85.34254,94.42108,-249.69409,45.126007,72.355545,-194.08896,202.4268,175.28592,175.438,-231.10724,199.33301,-200.655,-0.0883685,-0.12831685,-0.7640086,1.715074,-0.72318095,0.25493333,-0.11918981,-0.03481507,-0.64631337,1.6007997,-0.91826904,-0.10110885,9.212311,-0.4929759,-1.8348595,4.547324,8.724749,2.713335,-5.281236,-0.79895693,1.6229804,-1.5060737,11.305787,-18.937037
185,-0.045608934,-0.11470352,-0.024582908,-0.055904396,-0.05073961,-0.997146,1.0,0.0,0.0,-0.040105723,-0.124814145,0.03595847,0.1323117,0.087979555,0.20287198,-0.13135007,-0.03828323,0.16539663,-0.0037766695,-0.09611273,-0.18371367,0.0625523,0.05373105,0.0701826,-0.030668233,-0.255014,-0.5827307,0.113430396,-0.02798495,0.063047655,-0.034601208,-0.1968029,-0.04984824,-1.2464027,-1.1693293,-0.7496271,-0.8114708,0.060036033,0.11553539,0.04306049,1.1178993,0.79042375,1.0501127,-0.71543795,0.48901048,-200.9246,205.50848,204.64876,-212.2509,-199.99007,-200.32152,202.91562,-214.12685,-63.69223,-94.97828,-116.7607,204.78635,-0.040105723,-0.124814145,-0.76404154,1.7323117,-0.71202046,0.20287198,-0.13135007,-0.03828323,-0.6346034,1.5962234,-0.89611274,-0.18371367,1.2510461,1.074621,1.403652,-0.61336464,-5.10028,-11.6546135,2.2686079,-0.559699,1.2609531,-0.6920241,-3.936058,-0.9969648
186,-0.09632108,-0.10712264,-0.027471064,-0.060095146,-0.047880303,-0.9970436,1.0,0.0,0.0,-0.07437959,-0.119158335,0.04108107,0.121858954,0.06748539,0.14834377,-0.07631547,-0.034157217,0.18009406,0.005727291,-0.21169871,-0.11524298,-0.3697093,0.007265299,-0.006179096,-0.07643697,-0.055426713,-0.12295373,0.3290992,0.04758736,0.07829802,0.111405395,-0.89115137,0.647864,0.93359256,0.76567495,0.34560344,0.60762525,-0.33255997,0.9148854,-0.3387535,-0.919886,-0.857985,-1.4530807,0.8305843,0.089047536,-220.47906,11.804764,-57.23529,86.66458,-49.469303,45.334827,-16.275047,166.55307,191.39822,211.64178,-197.42488,195.97145,-0.07437959,-0.119158335,-0.75891894,1.721859,-0.7325146,0.14834377,-0.07631547,-0.034157217,-0.61990595,1.6057273,-1.0116987,-0.11524298,-7.394186,0.14530598,-0.12358192,-1.5287393,-1.1085342,-2.4590745,6.581984,0.9517472,1.5659603,2.228108,-17.823027,12.957279
187,-0.071848206,-0.09652967,0.15688732,-0.064372875,-0.044434227,-0.9969362,1.0,0.0,0.0,-0.10129877,-0.11323036,0.04921502,0.12038028,-0.020435095,0.19860093,-0.06096617,-0.034926802,0.19066256,0.016592026,-0.31191534,-0.02651711,0.05996705,0.051188625,0.0764861,0.041206125,-0.6960506,0.56245404,-0.13329726,-0.046530284,0.032089468,0.004122238,-0.18400756,0.32874987,0.8228272,-1.1865026,-0.36262107,-1.1531911,0.27290645,-0.40665647,-0.94038606,1.0820898,0.29584607,-1.1455668,0.5222994,-1.0275224,199.62863,205.27422,200.0341,179.70929,-63.848885,199.91151,-199.45409,-204.13756,-201.86392,-216.47844,200.09846,-56.98247,-0.10129877,-0.11323036,-0.750785,1.7203803,-0.8204351,0.19860093,-0.06096617,-0.034926802,-0.60933745,1.616592,-1.1119153,-0.02651711,1.1993409,1.0237725,1.5297221,0.8241225,-13.921012,11.249081,-2.6659453,-0.93060565,0.6417893,0.08244476,-3.680151,6.574997
188,-0.0076909848,-0.1069781,-0.08241118,-0.06775908,-0.04300014,-0.9967747,1.0,0.0,0.0,-0.04978955,-0.10998692,0.06401044,0.113870025,-0.08193731,0.23761913,-0.1196131,-0.045564312,0.19955176,0.0065761805,-0.27596742,-0.038513504,0.41953635,-0.010915455,0.0832028,-0.09383403,0.010532526,-0.105521165,-0.39908674,-0.0765974,0.0065018386,-0.004178987,0.46628365,-0.36136517,-0.7767373,0.81212276,0.38301617,0.17071533,0.24128011,-0.7264336,1.1442595,-0.9058326,-0.7560338,0.16018145,0.6249628,-0.0147171,199.97687,-187.48524,-192.98085,-210.85156,200.33458,-199.9477,-121.55011,-114.732086,-164.97925,68.45807,180.82416,-175.81621,-0.04978955,-0.10998692,-0.7359896,1.71387,-0.8819373,0.23761913,-0.1196131,-0.045564312,-0.60044825,1.6065762,-1.0759674,-0.038513504,8.390727,-0.2183091,1.6640561,-1.8766805,0.21065052,-2.1104233,-7.9817348,-1.531948,0.13003677,-0.083579734,9.325673,-7.227303
189,-0.029756077,-0.18728523,0.15587422,-0.07388482,-0.04186211,-0.9963877,1.0,0.0,0.0,-0.00820422,-0.10294207,0.08163977,0.10549712,-0.009490848,0.13757555,-0.16133279,-0.064577855,0.18358314,0.03536272,-0.105829954,-0.04900791,0.03474548,0.07000452,0.096766025,-0.009523868,0.56859964,-0.82301426,-0.056262415,-0.11120015,-0.13723934,0.23565395,1.1653148,0.071961656,-1.2831836,-1.1529347,-0.88031775,-1.3282986,0.027570099,-0.4655303,1.1352063,1.118084,0.7160678,-1.0771729,-0.8402957,-0.2546914,-200.7622,211.49817,195.56906,114.19605,37.236977,-199.80225,203.40802,-212.29433,-216.88605,25.927925,199.73296,14.4526415,-0.00820422,-0.10294207,-0.71836025,1.7054971,-0.80949086,0.13757555,-0.16133279,-0.064577855,-0.6164169,1.6353627,-0.90582997,-0.04900791,0.69490963,1.4000905,1.9353205,-0.19047734,11.371993,-16.460285,-1.1252483,-2.2240028,-2.7447867,4.713079,23.306295,1.4392331
190,0.01936234,-0.13693495,-0.017423296,-0.08033422,-0.041975047,-0.9958837,1.0,0.0,0.0,-0.04490499,-0.08843165,0.091192365,0.10762012,0.019566834,-0.06435083,-0.122295074,-0.07051368,0.16727191,0.06963384,0.0012450218,-0.08430711,-0.34940675,0.080735736,0.0032348537,0.07427292,-0.07757456,-0.954462,0.39982995,0.027886493,-0.018111724,0.10078297,0.08570829,-0.3491144,1.1539905,0.69557375,0.411456,0.015817996,-1.6922963,0.64134777,-0.79011416,-0.8148788,-0.94550395,-0.88301456,-1.0384231,-0.09163159,-203.73909,37.107086,10.435944,182.43822,-31.044167,94.12014,202.02438,135.09953,209.10222,-142.24939,-229.6997,-62.801987,-0.04490499,-0.08843165,-0.70880765,1.7076201,-0.7804332,-0.06435083,-0.122295074,-0.07051368,-0.6327281,1.6696339,-0.798755,-0.08430711,-6.988135,1.6147146,0.06469707,1.4854584,-1.5514911,-19.08924,7.9965987,0.55772984,-0.36223447,2.0156593,1.7141658,-6.982288
191,-0.019515244,-0.108366884,0.17467278,-0.08531013,-0.041434538,-0.9954926,1.0,0.0,0.0,-0.06885851,-0.06916507,0.11346978,0.10012722,-0.08321941,-0.18134408,-0.09133267,-0.075992465,0.16206747,0.08308232,-0.05790043,-0.10104857,0.07064095,0.11906395,0.19256796,-0.11871834,-0.85195106,-0.27970096,-0.05125135,-0.07219396,-0.036765914,0.029889286,-0.604806,0.007777241,0.7844624,-0.9309086,-0.8220803,-0.25636658,0.68190825,0.9949656,-0.73215544,1.0162379,0.8995961,-0.30176085,0.30379143,0.90839255,200.65741,170.35698,181.61594,-102.51984,-206.69855,197.67021,-199.93378,-201.58331,-198.83574,-217.85696,-200.04793,16.346977,-0.06885851,-0.06916507,-0.68653023,1.7001272,-0.8832194,-0.18134408,-0.09133267,-0.075992465,-0.63793254,1.6830823,-0.85790044,-0.10104857,1.412819,2.381279,3.8513591,-2.3743668,-17.03902,-5.594019,-1.025027,-1.4438791,-0.73531824,0.5977857,-12.09612,0.15554482
192,0.019160591,-0.09303588,-0.013453137,-0.08909663,-0.041470338,-0.99515927,1.0,0.0,0.0,-0.0127402665,-0.052701313,0.14911002,0.06297982,-0.17566949,-0.15792936,-0.13564494,-0.089121014,0.17034346,0.05646038,-0.10348338,-0.026241839,0.45036897,0.057091143,0.14742738,-0.19796574,-0.13923763,0.46199065,-0.3627453,-0.05798036,0.10878775,-0.26767644,0.08059632,0.6741216,-1.0836715,0.7947492,0.28043568,1.2989641,0.14078408,0.10488875,0.95322376,-0.90765774,-0.69207716,0.54728925,0.41281652,-0.4024908,193.26071,-151.6792,-350.37994,19.780167,205.73119,238.3548,-201.50012,202.52028,189.49503,-223.56871,200.28912,200.22296,-0.0127402665,-0.052701313,-0.65089,1.6629798,-0.9756695,-0.15792936,-0.13564494,-0.089121014,-0.62965655,1.6564604,-0.9034834,-0.026241839,9.00738,1.1418228,2.9485476,-3.9593148,-2.7847524,9.239813,-7.254906,-1.1596072,2.175755,-5.353529,1.6119264,13.482432
193,-0.00080675073,-0.17100711,0.23327154,-0.09457505,-0.04079956,-0.99468124,1.0,0.0,0.0,0.04206256,-0.039894614,0.16724199,0.053219557,-0.1298309,-0.05835331,-0.17510435,-0.10127532,0.17426771,0.03652942,-0.015639484,0.03719884,0.112499,0.07737123,0.06848069,0.03657544,0.51601213,0.43697628,-0.06163084,-0.051173966,-0.07769948,0.08918389,0.61691475,0.07645992,-1.053874,-1.1252389,-0.7412457,-0.44054055,0.74400514,-0.6754782,1.1033156,1.0407337,0.6071961,-0.99986196,-0.55268,-0.9286755,-201.7134,218.97179,146.15617,173.98428,149.48758,-51.60799,167.2687,205.86145,-369.5449,492.2038,-18.685898,-86.53305,0.04206256,-0.039894614,-0.632758,1.6532196,-0.9298309,-0.05835331,-0.17510435,-0.10127532,-0.6257323,1.6365294,-0.8156395,0.03719884,2.24998,1.5474246,1.3696138,0.7315088,10.320243,8.739526,-1.2326168,-1.0234793,-1.5539896,1.7836777,12.338295,1.5291984
194,-0.044406794,-0.116134405,0.0012288867,-0.10019274,-0.039907858,-0.9941673,1.0,0.0,0.0,0.015770128,-0.033649515,0.16371793,0.068128824,-0.0031213164,-0.028422307,-0.13663064,-0.09792424,0.17820632,0.04043293,0.001332581,-0.012540951,-0.3249113,0.011103044,-0.1101863,0.17567079,0.6008564,-0.021099318,0.40522218,0.07633486,0.114367425,-0.069487736,-0.29007477,-0.5346382,0.7967994,0.80909485,0.34147042,0.4593557,-1.7284125,-0.042739,-0.39952135,-0.93883115,-0.66702557,-0.72916776,-0.9799326,0.3379691,-207.83379,2.6929474,-182.08652,200.35178,9.251251,-101.655426,200.33418,188.7147,260.1174,-119.01528,-218.32005,-192.54665,0.015770128,-0.033649515,-0.6362821,1.6681288,-0.8031213,-0.028422307,-0.13663064,-0.09792424,-0.6217937,1.640433,-0.79866743,-0.012540951,-6.4982257,0.22206087,-2.203726,3.5134158,12.017128,-0.42198634,8.104444,1.5266972,2.2873485,-1.3897547,-5.801495,-10.692764
195,0.049364656,-0.15399633,0.17104945,-0.10585743,-0.039831858,-0.9935832,1.0,0.0,0.0,-0.0026129517,-0.023377273,0.14814264,0.11622715,0.038223088,-0.03361753,-0.10599336,-0.097914755,0.19830221,0.019383311,-0.13306522,-0.041869197,0.09730027,0.08773313,-0.051888186,0.29083452,-0.11147884,-0.0231142,-0.058636438,-0.062439676,0.086288705,-0.14969544,-0.9786898,0.16597627,0.5427507,-1.0201174,-0.8873619,-0.9370863,-0.016786128,0.2751739,-0.67877877,0.9655341,0.8398682,0.17984687,0.6395498,0.56810296,196.5309,217.76532,201.62628,178.45485,-200.08633,2.2672865,-200.47977,-195.76018,-199.19354,-221.40984,-199.95909,200.11363,-0.0026129517,-0.023377273,-0.6518574,1.7162272,-0.7617769,-0.03361753,-0.10599336,-0.097914755,-0.6016978,1.6193833,-0.93306524,-0.041869197,1.9460053,1.7546625,-1.0377637,5.81669,-2.2295768,-0.462284,-1.1727288,-1.2487935,1.725774,-2.993909,-19.573795,3.3195255
196,-0.05622228,-0.11563432,0.0078072688,-0.11133742,-0.039232086,-0.993008,1.0,0.0,0.0,0.057832886,-0.007692167,0.13418311,0.16222501,0.017513394,0.03604319,-0.15079142,-0.10549406,0.21224123,0.000490427,-0.25449508,0.065109365,0.46841526,0.071928285,-0.088775836,0.18044518,-0.08702618,0.55897814,-0.35933504,-0.017754795,0.054775465,-0.047861766,-0.30260867,0.8367554,-0.74328506,0.7977108,0.19874805,-1.1746747,-0.06321353,0.24122402,0.8069887,-1.0159029,-0.93397415,-1.6466075,-0.10010699,-0.28239816,198.34438,-201.5276,-229.27766,-231.0298,6.3412433,21.674366,-199.44077,184.62872,201.11543,183.09438,200.66475,199.87918,0.057832886,-0.007692167,-0.6658169,1.762225,-0.7824866,0.03604319,-0.15079142,-0.10549406,-0.5877588,1.6004905,-1.0544951,0.065109365,9.368305,1.4385657,-1.7755166,3.6089036,-1.7405236,11.179563,-7.186701,-0.3550959,1.0955093,-0.9572353,-6.052173,16.735107
197,-0.008106712,-0.14452294,0.107756644,-0.11724478,-0.037541524,-0.99239326,1.0,0.0,0.0,0.11059484,0.010404866,0.13525593,0.17054915,-0.011171579,0.12066132,-0.18778719,-0.11313096,0.21859282,-0.0071748495,-0.24008101,0.14971168,0.101140216,0.103679776,0.06461679,-0.06413594,-0.13752782,0.3281816,-0.07472528,-0.034798674,0.012734908,-0.032856077,0.30774075,0.11563861,-0.7732829,-1.2483093,-0.38580894,-0.82272804,0.31278354,-0.8236384,0.74268526,0.91410375,0.5290002,-0.81973827,-0.45512304,-0.51558197,-200.49312,202.78107,63.161987,-225.07242,13.7154045,-45.706112,102.74121,50.596268,-77.22218,-12.652786,65.54538,-185.30185,0.11059484,0.010404866,-0.6647441,1.7705492,-0.8111716,0.12066132,-0.18778719,-0.11313096,-0.5814072,1.5928252,-1.040081,0.14971168,2.0228043,2.0735955,1.2923357,-1.2827188,-2.7505565,6.563632,-1.4945055,-0.69597346,0.25469816,-0.65712154,6.1548147,2.3127723
198,0.016663196,-0.08833466,-0.24899238,-0.12161798,-0.03814308,-0.9918438,1.0,0.0,0.0,0.086937085,0.01906428,0.14376014,0.14257681,0.0387457,0.10973896,-0.15944612,-0.10168675,0.23949695,-0.02294147,-0.24573165,0.095214866,-0.29751974,-0.005797788,0.02705752,-0.20145571,0.5463804,-0.36793217,0.31539604,0.13487504,0.18185532,-0.12166033,-0.300755,-0.58752215,-0.19242701,0.8020591,0.35968888,0.5115878,-0.41276318,0.0127814,0.59567845,-0.967119,-0.834779,-0.012887649,-0.92508686,0.3028128,-201.24014,-191.56734,-185.01765,-213.19061,129.11829,-200.04294,99.86427,455.00165,333.64813,47.005432,-169.24686,-196.87091,0.086937085,0.01906428,-0.65623987,1.7425768,-0.7612543,0.10973896,-0.15944612,-0.10168675,-0.56050307,1.5770586,-1.0457317,0.095214866,-5.9503946,-0.11595576,0.5411504,-4.0291142,10.927608,-7.358643,6.3079205,2.6975007,3.6371064,-2.4332066,-6.0151,-11.7504425
199,0.06579079,-0.1682168,-0.22438692,-0.12683249,-0.04084723,-0.9910828,1.0,0.0,0.0,-0.00027277856,0.021433221,0.15601319,0.11671698,0.07025933,0.0642411,-0.06298487,-0.07873179,0.26910317,-0.020483494,-0.3717199,0.051242553,-0.46767053,0.03002393,0.082738645,-0.071026914,-0.16048253,-0.15674914,0.62838185,0.10243466,0.12723665,0.07030724,-0.918623,0.09156599,1.0362353,-1.0704151,0.3601793,-0.67856723,-0.8101367,0.7552719,-0.8579316,0.86947507,-0.876541,-0.9332323,0.9317382,0.725171,10.919709,174.7694,228.38956,196.84848,-199.23682,35.07975,189.60445,-112.00923,-242.15654,-71.22713,-200.12708,201.09236,-0.00027277856,0.021433221,-0.6439868,1.716717,-0.7297407,0.0642411,-0.06298487,-0.07873179,-0.53089684,1.5795165,-1.1717199,0.051242553,-9.353411,0.6004786,1.6547729,-1.4205383,-3.2096505,-3.1349828,12.5676365,2.0486932,2.544733,1.4061447,-18.37246,1.8313197
200,0.028448874,-0.15154025,0.024245646,-0.132942,-0.04319338,-0.99018216,1.0,0.0,0.0,-0.056574497,0.022521652,0.19342202,0.07212269,-0.037739456,0.11236599,0.021631123,-0.056264594,0.2882495,-0.02004397,-0.47767287,0.14050692,-0.13085838,-0.012803391,0.267796,-0.34745362,-0.850364,0.5657943,0.292612,0.08877947,0.062058683,0.0005902361,-0.19650918,0.6701683,1.0680044,0.90201217,-0.46817133,1.3334422,0.5891617,0.24054578,-1.2550526,-1.0962011,0.521971,-0.47448993,0.46937805,-0.27324185,200.58316,-223.28044,111.224594,-233.09622,-200.1241,199.67685,25.129517,-552.275,10.336319,241.38808,229.19597,56.900818,-0.056574497,0.022521652,-0.606578,1.6721227,-0.83773947,0.11236599,0.021631123,-0.056264594,-0.5117505,1.579956,-1.2776729,0.14050692,-2.6171675,-0.2560678,5.3559203,-6.9490724,-17.00728,11.315886,5.8522396,1.7755893,1.2411736,0.011804722,-3.9301836,13.403365
201,0.25239244,-0.23857416,-0.2864876,-0.14042972,-0.049828216,-0.98883605,1.0,0.0,0.0,-0.03168034,0.025922095,0.22758353,0.029877901,-0.13143438,0.17452382,0.04150196,-0.060882214,0.30383447,-0.030491114,-0.4561059,0.18572284,0.33877876,0.040459525,0.0920135,-0.09656622,-0.15577197,0.19682555,-0.07373437,-0.101305604,0.076855235,-0.09387255,0.33148623,-0.11102772,-0.3416957,-1.0914482,0.06110762,-0.0024039187,-0.27032053,-0.6159845,0.58698434,1.0469073,-0.5605236,1.4709191,0.09773963,-0.71751416,199.0952,211.14946,-204.24075,182.10951,199.91867,-43.03049,-172.6946,-128.62445,-240.33296,-178.50143,135.12495,-209.85777,-0.03168034,0.025922095,-0.5724165,1.6298779,-0.9314344,0.17452382,0.04150196,-0.060882214,-0.49616554,1.5695089,-1.2561059,0.18572284,6.775575,0.80919045,1.84027,-1.9313245,-3.1154394,3.936511,-1.4746875,-2.026112,1.5371047,-1.877451,6.6297245,-2.2205544
202,0.19737807,0.3362888,-0.26766875,-0.13676614,-0.060307868,-0.988766,1.0,0.0,0.0,-0.013714656,0.024527702,0.21875393,0.02152121,-0.18063551,0.13737938,0.07498567,-0.06488936,0.2825672,-0.015726328,-0.31505638,0.08708153,-0.11384749,-0.04361017,-0.15287904,-0.007328495,-0.2351261,-0.4983674,0.36323386,0.04476039,-0.25413898,0.20808469,0.950832,-0.8053738,-0.4788412,1.0105706,0.029484542,-1.8004029,-0.121227324,0.050075684,-0.2586557,-0.96406966,0.7167753,-0.48135048,-0.70351464,0.3957313,-202.28409,-184.38306,-202.96207,-54.48298,22.77259,-199.74165,206.26608,156.3173,-212.26381,169.01718,49.142292,-200.54538,-0.013714656,0.024527702,-0.5812461,1.6215212,-0.9806355,0.13737938,0.07498567,-0.06488936,-0.5174328,1.5842737,-1.1150564,0.08708153,-2.2769496,-0.8722034,-3.057581,-0.1465699,-4.702522,-9.967348,7.264677,0.8952078,-5.0827794,4.1616936,19.01664,-16.107475
203,0.2556425,0.3633496,0.14239088,-0.122296944,-0.06972033,-0.9900416,1.0,0.0,0.0,-0.07624473,0.01673833,0.18755454,0.006888032,-0.17227513,0.08633884,0.09714708,-0.07335999,0.24834144,-0.008112431,-0.2015912,0.0024293556,-0.44503027,-0.058931418,-0.16494583,-0.06401062,0.15679975,-0.21532448,-0.09848394,-0.10877305,-0.09883844,-0.099522226,0.25362906,-0.11095317,0.94560283,-0.9014969,0.99038625,-1.5649979,-0.7687825,1.7855979,-0.8385551,0.9853959,-0.1949578,0.6793834,-0.63887334,0.49803993,-9.504135,-427.755,45.073486,338.6295,44.75828,-61.045654,-201.96866,-190.4873,199.09924,-217.46321,-199.9559,200.19707,-0.07624473,0.01673833,-0.6124455,1.606888,-0.97227514,0.08633884,0.09714708,-0.07335999,-0.5516586,1.5918876,-1.0015912,0.0024293556,-8.900605,-1.1786283,-3.2989163,-1.2802124,3.135995,-4.3064895,-1.9696788,-2.175461,-1.9767689,-1.9904445,5.0725813,-2.2190633
204,0.033751868,0.19881977,0.5128717,-0.112506114,-0.07329734,-0.9909439,1.0,0.0,0.0,-0.1259626,0.004115815,0.17149925,0.007918954,-0.19534087,0.09583973,0.032809936,-0.08596351,0.21142846,0.0021984577,-0.2258187,0.053999137,-0.11186673,-0.04897247,-0.021180585,0.05560523,-0.35859862,0.29543766,-0.50398463,-0.02204637,-0.25368205,0.17397334,-0.42739055,0.5594017,0.5756608,0.9325314,-0.04898198,-0.58940905,-0.5485431,0.204118,0.84853774,-0.97850394,1.1524165,-0.7351621,-0.022762991,-0.10103509,151.05115,-53.802673,327.97745,251.44069,-157.24817,165.73419,-207.37189,279.66895,-209.93375,176.29044,-199.6129,201.62685,-0.1259626,0.004115815,-0.62850076,1.607919,-0.9953409,0.09583973,0.032809936,-0.08596351,-0.58857155,1.6021985,-1.0258187,0.053999137,-2.2373345,-0.97944933,-0.4236117,1.1121045,-7.1719723,5.9087534,-10.079692,-0.4409274,-5.073641,3.4794667,-8.547811,11.188033
205,0.12796943,0.24637538,-0.2832654,-0.10379237,-0.07647685,-0.9916544,1.0,0.0,0.0,-0.098485455,0.00053853105,0.16582334,0.023827553,-0.30563265,0.13748115,-0.018458424,-0.09362443,0.18409622,0.0032083988,-0.23617429,0.09223696,0.34642854,0.008811817,-0.037537243,0.0812517,-0.58029205,0.16123138,-0.052200384,-0.054568,-0.041355945,-0.1315949,0.25510323,-0.110038556,-0.23670536,-1.0206155,0.99858207,-0.05614609,0.3029328,-0.4911041,0.9018527,0.85755444,-0.42739406,-0.19370554,0.08415908,-0.7816131,188.45865,181.13286,24.038132,-5.3652496,42.223316,-22.24017,198.27945,-183.52269,197.55252,-216.40707,200.04143,-199.73068,-0.098485455,0.00053853105,-0.6341767,1.6238276,-1.1056327,0.13748115,-0.018458424,-0.09362443,-0.6159038,1.6032084,-1.0361743,0.09223696,6.9285707,0.17623633,-0.7507448,1.625034,-11.605841,3.2246275,-1.0440077,-1.09136,-0.8271189,-2.631898,5.1020646,-2.200771
206,0.08426746,0.24702546,-0.07604153,-0.09357918,-0.08123833,-0.9922919,1.0,0.0,0.0,-0.08048053,-0.0036734033,0.17260581,0.015645385,-0.3497632,0.09357459,0.011761852,-0.09215531,0.17797172,-0.03667009,-0.1321683,-0.005902775,-0.11802377,-0.049999055,0.09314106,-0.1269037,0.08419164,-0.53012073,0.3184453,0.053071935,-0.026770204,-0.23737673,0.5648076,-0.80232364,-0.8494428,0.9292444,-0.30090755,-0.41107503,0.7899097,-0.061879512,-0.38038638,-0.92127615,1.0930021,1.0436728,-0.6681175,0.83864486,-200.05045,-205.22101,190.30443,-71.206345,199.92166,-200.14847,204.12218,149.94,-190.56822,-134.33417,-47.092785,-200.89362,-0.08048053,-0.0036734033,-0.6273942,1.6156454,-1.1497632,0.09357459,0.011761852,-0.09215531,-0.6220283,1.5633299,-0.9321683,-0.005902775,-2.3604753,-0.9999811,1.8628211,-2.538074,1.6838329,-10.602414,6.368906,1.0614387,-0.5354041,-4.7475348,11.296151,-16.046473
207,0.034085933,0.22381124,0.36996236,-0.08451965,-0.08290226,-0.9929671,1.0,0.0,0.0,-0.14584254,-0.01042604,0.18378597,-0.014714718,-0.25941008,0.019899072,0.030055836,-0.09110913,0.17090857,-0.07120001,-0.095666885,-0.08945403,-0.4873182,-0.024770131,0.009108321,-0.14616403,0.7421496,-0.27811956,-0.0873731,-0.031497497,-0.037579242,-0.09508451,-0.11006185,-0.09482483,1.1346948,-1.0876307,0.7702255,0.60277796,-0.69622046,1.9590114,-0.83242553,0.89483833,-0.68528235,0.16484953,-0.8238851,0.928881,-201.79875,214.72127,-209.95718,-220.4905,199.97913,88.67341,-194.65172,-246.54527,478.4951,461.1058,-156.22733,212.16968,-0.14584254,-0.01042604,-0.61621404,1.5852853,-1.0594101,0.019899072,0.030055836,-0.09110913,-0.62909144,1.5288,-0.8956669,-0.08945403,-9.746364,-0.49540263,0.18216641,-2.9232805,14.842992,-5.5623913,-1.747462,-0.6299499,-0.7515848,-1.9016902,-2.201237,-1.8964965
208,-0.082035735,0.077769,0.6289404,-0.080396965,-0.08005972,-0.99354255,1.0,0.0,0.0,-0.20147815,-0.016549077,0.18955529,-0.025666356,-0.19001913,0.041805662,-0.028224314,-0.093982734,0.14216518,-0.044389606,-0.18667084,-0.03461716,-0.10872092,-0.02996449,0.026340997,0.043409526,0.015159226,0.42118606,-0.47827896,0.011799897,-0.22554508,0.288107,-0.7562131,0.5746257,0.76660144,0.83245885,-0.33129263,-0.7047524,0.29740915,0.03422982,0.604879,-1.101787,1.2368511,-1.5311048,0.13284615,-0.094299525,179.94502,-85.22174,80.64801,231.59683,-207.62329,198.8263,-200.19254,240.15414,-194.3202,179.08424,-199.39099,200.97581,-0.20147815,-0.016549077,-0.6104447,1.5743337,-0.99001914,0.041805662,-0.028224314,-0.093982734,-0.6578348,1.5556104,-0.98667085,-0.03461716,-2.1744184,-0.5992898,0.52681994,0.8681905,0.3031845,8.423721,-9.565579,0.23599793,-4.5109015,5.7621403,-15.124262,11.492514
209,0.0043393485,0.15676486,-0.13823546,-0.076305,-0.07811557,-0.99401987,1.0,0.0,0.0,-0.17155492,-0.012095876,0.18546242,-0.02773273,-0.1101886,0.062429905,-0.07018343,-0.097588606,0.12041259,-0.021511436,-0.26274508,0.0066583217,0.3685317,0.0572226,-0.04952545,-0.069144435,0.7160484,-0.040537186,0.009925856,-0.044390347,-0.01587323,-0.024863673,-0.0735667,-0.08709522,-0.025428645,-1.0649042,0.97203827,0.27785367,-0.33825782,0.3191266,0.8363168,0.7790855,-0.62387943,-1.2067747,0.6703737,-0.6365081,201.98221,174.48389,-213.69469,-221.56052,199.9272,-31.016645,199.8226,-197.83595,200.5523,-214.3141,200.07854,-172.38625,-0.17155492,-0.012095876,-0.6145376,1.5722673,-0.9101886,0.062429905,-0.07018343,-0.097588606,-0.6795874,1.5784886,-1.0627451,0.0066583217,7.370634,1.144452,-0.99050903,-1.3828887,14.320968,-0.8107437,0.19851713,-0.88780695,-0.31746456,-0.49727345,-1.4713339,-1.7419044
210,0.02721575,0.13382585,-0.1825502,-0.0701532,-0.079205014,-0.9943868,1.0,0.0,0.0,-0.111069374,-0.013467279,0.17418689,-0.021130323,-0.056643784,0.11746525,-0.027591974,-0.09906778,0.11976004,-0.03904581,-0.20008951,-0.08733202,0.25172207,-0.053443134,-0.054778215,0.10174113,-0.079444036,0.45775104,0.37834215,0.02064119,0.0061504976,-0.13950236,0.630246,-0.78326696,-0.86289656,0.9531954,-0.37520203,-1.0911951,-0.29505217,1.1130803,-0.48696434,-1.0835084,1.1872673,0.20373018,-0.7077727,0.64659196,-45.58844,-211.282,213.95078,190.15431,-199.82,31.51312,200.03084,176.31987,-194.03703,-215.32054,200.71715,-200.23021,-0.111069374,-0.013467279,-0.6258131,1.5788697,-0.8566438,0.11746525,-0.027591974,-0.09906778,-0.68024,1.5609542,-1.0000895,-0.08733202,5.0344415,-1.0688627,-1.0955642,2.0348225,-1.5888807,9.155021,7.566843,0.4128238,0.12300995,-2.7900472,12.604919,-15.6653385
211,-0.0127255265,0.100248545,0.25637296,-0.06554063,-0.07943298,-0.99468327,1.0,0.0,0.0,-0.101337425,-0.027071975,0.16384655,0.0014055967,-0.12532789,0.26797327,0.00021895283,-0.09908984,0.11592662,-0.047240734,-0.14986026,-0.1590569,-0.08977055,-0.09365481,-0.057516593,0.14375238,-0.39203486,0.96449584,-0.05185334,-0.020678118,-0.033513684,0.031568527,-0.05931728,-0.023938913,0.68003213,-1.0530013,0.71265304,-0.09366661,-0.22967356,-0.6929135,-0.77541405,0.89306104,-0.7232902,-0.8390245,-0.94840676,0.67543745,-77.97595,-300.89053,-76.21345,108.21298,34.41046,108.397575,-197.7356,-214.91537,206.47723,196.16476,-199.08202,199.06331,-0.101337425,-0.027071975,-0.63615346,1.6014056,-0.9253279,0.26797327,0.00021895283,-0.09908984,-0.6840734,1.5527593,-0.9498603,-0.1590569,-1.7954109,-1.8730962,-1.1503319,2.8750477,-7.840697,19.289917,-1.0370668,-0.41356236,-0.67027366,0.63137054,-1.1863456,-0.47877824
212,-0.060331315,0.017209716,0.4415825,-0.06463904,-0.07680828,-0.99494827,1.0,0.0,0.0,-0.091157556,-0.039033484,0.16811419,0.012592912,-0.17302519,0.3951666,-0.045263052,-0.10601514,0.10646379,-0.032454014,-0.22277147,-0.09219097,0.15971383,-0.027437568,0.08187301,-0.004035167,-0.1620578,0.3748626,-0.3927691,-0.034209587,-0.05686697,0.071836114,-0.6353061,0.6295754,-0.15922254,0.7148085,-0.38050765,0.21967882,0.36620784,-1.0436846,1.0265954,-1.0447379,1.0904566,0.20107193,0.1336363,-0.17948267,198.77509,-185.98723,207.55963,-213.52727,28.08194,-200.01546,-199.26994,202.92111,-205.56763,-219.38478,-199.68422,200.3023,-0.091157556,-0.039033484,-0.6318858,1.6125929,-0.9730252,0.3951666,-0.045263052,-0.10601514,-0.6935362,1.567546,-1.0227715,-0.09219097,3.1942766,-0.54875135,1.6374601,-0.08070333,-3.2411559,7.497252,-7.855382,-0.6841917,-1.1373394,1.4367223,-12.706122,12.591507
213,-0.047630727,-0.016049797,0.15396345,-0.065625,-0.074000604,-0.99509656,1.0,0.0,0.0,-0.093142256,-0.039229117,0.1624369,0.044003844,-0.1287139,0.39057982,-0.07192958,-0.11891929,0.09967643,-0.0027911663,-0.27525276,-0.039797354,-0.090960234,0.024616454,-0.1151279,0.27940002,0.5353509,-0.34682983,0.08221551,-0.08858103,-0.012370036,0.21039759,0.04250881,-0.03913996,-0.7074803,-1.1566168,0.650038,-1.3954315,-0.3512242,-0.24158493,0.97659975,0.9840288,-0.8410505,-1.3786204,0.92359644,-0.5646478,-61.295506,199.05685,-196.73257,112.684616,200.02356,-200.42795,198.39404,-203.53223,218.10712,188.03944,200.49628,-200.04524,-0.093142256,-0.039229117,-0.6375631,1.6440039,-0.9287139,0.39057982,-0.07192958,-0.11891929,-0.7003236,1.5972089,-1.0752528,-0.039797354,-1.8192047,0.49232906,-2.302558,5.5880003,10.707018,-6.9365964,1.6443101,-1.7716206,-0.24740072,4.2079515,0.8501762,-0.7827992
214,-0.09352683,0.011433081,0.36667997,-0.06630019,-0.070491195,-0.9953066,1.0,0.0,0.0,-0.16049695,-0.042005777,0.15901083,0.06863165,-0.09807426,0.2460215,-0.018928472,-0.12677298,0.09977561,0.024090528,-0.18918675,-0.12414538,-0.5375697,-0.04645459,0.06391399,-0.0040240614,-0.15947323,-1.0220681,0.41324887,0.004068069,0.012051082,0.0731922,0.74832964,-0.73452437,0.9135894,0.94028044,-0.43882915,-1.2847056,-0.2098016,0.20158288,-0.70906615,-0.98105466,1.0758322,-1.5385914,-0.43051264,0.31860062,-197.03061,-229.79074,181.8359,-228.13034,-200.65443,-169.88641,196.17476,217.61856,-187.17111,-212.28806,201.1613,-199.03679,-0.16049695,-0.042005777,-0.6409892,1.6686317,-0.89807427,0.2460215,-0.018928472,-0.12677298,-0.7002244,1.6240906,-0.98918676,-0.12414538,-10.751394,-0.9290918,1.2782799,-0.080481224,-3.1894643,-20.441362,8.264977,0.08136138,0.24102163,1.4638441,14.966593,-14.690487
215,0.044130772,0.115020655,0.17112258,-0.06435974,-0.06886686,-0.99554765,1.0,0.0,0.0,-0.21764421,-0.047225058,0.1687513,0.05271089,-0.13825542,0.11648721,0.02441351,-0.136868,0.11627519,0.0056171417,-0.116410494,-0.1944255,-0.056443777,-0.027816063,0.043547373,-0.1467667,-0.1785553,-0.3670048,0.04140097,-0.08336393,0.12587179,-0.22207025,0.043467723,-0.031410214,1.3656696,-0.98101455,0.6698121,0.13231641,0.5560931,1.0116448,-0.8868733,0.86105037,-0.8622248,0.9129997,-0.41431388,0.27561107,277.7066,-103.718506,-143.20308,-237.42879,19.408415,156.58444,-227.63408,68.405594,82.809525,-219.80475,-206.80077,214.01106,-0.21764421,-0.047225058,-0.6312487,1.6527109,-0.9382554,0.11648721,0.02441351,-0.136868,-0.6837248,1.6056172,-0.9164105,-0.1944255,-1.1288755,-0.55632126,0.8709475,-2.935334,-3.571106,-7.340096,0.8280194,-1.6672785,2.5174358,-4.441405,0.8693544,-0.6282043
216,-0.073335476,-0.0019233116,0.36445865,-0.063153766,-0.067270935,-0.995734,1.0,0.0,0.0,-0.1867215,-0.054400563,0.1841045,0.037090182,-0.09971094,0.1220534,-0.016640421,-0.14538133,0.11899853,-0.005167246,-0.17931616,-0.12663032,0.32748723,-0.040911533,0.10419263,-0.021773234,0.49653432,0.3510115,-0.40790963,-0.010626044,-0.08074453,0.08349907,-0.5281387,0.6419408,-0.61820805,0.85462207,-0.57961756,-0.7807314,0.6869701,-0.40861923,0.55761933,-1.1505375,1.0267448,-0.8596054,0.030158855,0.048440605,195.82526,-165.73311,219.9037,190.61713,200.47375,200.77869,-200.56534,210.59167,-198.0695,184.86833,-40.578266,200.48737,-0.1867215,-0.054400563,-0.6158955,1.6370902,-0.89971095,0.1220534,-0.016640421,-0.14538133,-0.6810015,1.5948328,-0.9793162,-0.12663032,6.5497446,-0.8182306,2.0838525,-0.43546468,9.930686,7.0202303,-8.158193,-0.21252088,-1.6148906,1.6699812,-10.562774,12.838816
217,-0.008493592,0.014577764,0.17869848,-0.06279572,-0.06526999,-0.9958898,1.0,0.0,0.0,-0.1606158,-0.055374753,0.18750787,0.038097024,0.027990162,0.10341597,-0.048604008,-0.1541212,0.12694556,-0.022316456,-0.20979375,-0.045326475,-0.019393897,0.038501035,-0.08853515,0.10754871,0.5721906,-0.49667802,0.0292377,-0.06138387,0.119495295,-0.19081675,0.14586698,0.32313275,-0.29012737,-1.1203728,0.59010965,0.7683981,-0.70712376,-0.21049356,0.76450455,0.88637435,-0.8070632,0.95409507,0.7214541,-0.80309296,-192.12532,390.04214,-360.7918,88.78737,-6.9884033,-242.4083,165.74748,206.55833,-379.6751,45.060577,160.59213,62.94774,-0.1606158,-0.055374753,-0.61249214,1.638097,-0.77200985,0.10341597,-0.048604008,-0.1541212,-0.67305446,1.5776836,-1.0097938,-0.045326475,-0.38787794,0.77002066,-1.7707031,2.1509743,11.443811,-9.93356,0.584754,-1.2276773,2.389906,-3.816335,2.9173396,6.462655
218,-0.113503456,-0.10108399,0.19469456,-0.06558434,-0.062314846,-0.99589944,1.0,0.0,0.0,-0.19500001,-0.052679457,0.17440659,0.07577443,0.061695337,-0.01389203,-0.008876691,-0.15242678,0.12852818,-0.015982032,-0.10767245,-0.047754735,-0.22268589,-0.007847923,-0.0454002,0.24827527,-0.15069608,-0.52746415,0.35453472,0.061011698,-0.0599879,0.18464473,0.8202076,-0.3125031,0.7925556,0.889176,-0.68446517,-1.1761957,-0.6323103,0.8826297,-0.99370575,-1.0779082,1.1465381,-1.2198051,-0.23728162,-0.12091197,-4.2019424,-212.84558,206.14632,182.35413,-200.08864,62.10598,200.44656,208.16922,-220.32323,172.36885,199.98077,-199.29436,-0.19500001,-0.052679457,-0.6255934,1.6757745,-0.7383047,-0.01389203,-0.008876691,-0.15242678,-0.67147183,1.584018,-0.90767246,-0.047754735,-4.4537177,-0.15695846,-0.9080039,4.965505,-3.0139217,-10.549283,7.0906944,1.2202339,-1.1997579,3.6928945,16.404152,-6.250062
219,0.032350995,0.0050548664,-0.0036394245,-0.06753796,-0.060603525,-0.9958744,1.0,0.0,0.0,-0.19069415,-0.047991965,0.16298586,0.112308145,-0.04238069,-0.04304731,0.023317754,-0.15163575,0.12991935,-0.012173772,-0.021995664,-0.08126324,0.21965902,0.048457008,-0.06843008,0.12804334,-0.8228818,0.16634004,0.01252054,-0.031064583,0.059404757,-0.08204503,0.06200824,-0.07220708,1.1562369,-0.96513397,0.4478534,-1.6249796,0.15800476,0.6880047,-0.9458136,0.7308923,-0.7852105,0.0051964074,-0.71852523,-0.11910765,200.54152,196.46588,-208.04752,-222.59015,-200.21367,199.80766,-208.96324,110.79735,428.41333,116.92697,-276.05713,74.25405,-0.19069415,-0.047991965,-0.63701415,1.7123082,-0.8423807,-0.04304731,0.023317754,-0.15163575,-0.67008066,1.5878263,-0.8219957,-0.08126324,4.3931804,0.9691401,-1.3686016,2.5608666,-16.457636,3.3268008,0.2504108,-0.62129164,1.1880951,-1.6409006,1.2401648,-1.4441415
220,-0.099978745,-0.071104795,0.26770338,-0.069356956,-0.05834515,-0.9958842,1.0,0.0,0.0,-0.107163474,-0.039045576,0.17299056,0.10771251,-0.13147801,0.06934286,-0.016424742,-0.15230548,0.12784666,-0.00075793266,-0.080195904,-0.096843705,0.57782996,0.0413587,0.14667706,-0.14885934,-0.1371857,0.88593835,-0.34247437,-0.0037392357,-0.054733217,0.16415896,-0.537271,-0.074849114,-1.1022658,0.82366735,-0.5847115,-0.8314182,0.6763845,-0.38095847,0.8380227,-1.0400269,0.9698067,-0.3182431,0.1761542,0.31989515,198.13142,-160.69498,179.07549,-227.1152,199.45627,200.47652,-153.27614,-97.36844,63.604416,220.54314,-149.77974,9.201299,-0.107163474,-0.039045576,-0.62700945,1.7077125,-0.931478,0.06934286,-0.016424742,-0.15230548,-0.67215335,1.5992421,-0.8801959,-0.096843705,11.556599,0.82717395,2.9335413,-2.9771867,-2.7437139,17.718767,-6.8494873,-0.07478471,-1.0946643,3.283179,-10.74542,-1.4969822
221,-0.04393448,-0.014974979,0.12142794,-0.07131273,-0.055171665,-0.995927,1.0,0.0,0.0,-0.03159257,-0.027253538,0.19586867,0.06282413,-0.0813123,0.16753697,-0.033441067,-0.16156036,0.14113778,-0.000513196,-0.11228597,-0.03290957,0.21489994,0.07041792,0.091123715,-0.2865943,0.5685172,0.16826496,0.12529962,-0.07759129,0.16787063,-0.13299571,0.14818297,0.6420925,-1.191653,-1.0902416,0.34550917,1.1588688,-0.1594621,-0.6080331,0.86531776,0.89961255,-0.5606023,0.41803855,0.50337875,0.024944285,-196.8519,190.15602,-210.5854,-224.8178,199.8362,-200.259,199.24486,-180.5638,205.22585,-217.71855,200.03542,200.37395,-0.03159257,-0.027253538,-0.60413134,1.6628242,-0.8813123,0.16753697,-0.033441067,-0.16156036,-0.65886223,1.5994868,-0.912286,-0.03290957,4.297999,1.4083583,1.8224742,-5.731886,11.370344,3.365299,2.5059924,-1.5518259,3.3574126,-2.659914,2.9636593,12.84185
222,-0.11629234,-0.08390978,0.27031788,-0.0735098,-0.051143836,-0.9959823,1.0,0.0,0.0,-0.03878776,-0.016129142,0.2125743,0.041028976,-0.0707587,0.12082774,0.0281292,-0.16479534,0.15903443,0.0060608387,-0.01271826,0.025715517,-0.20975254,0.031149575,0.06861532,0.023565872,-0.22091305,-0.5283434,0.3903138,0.021559311,-0.012218452,0.18630643,0.6183395,0.13280286,0.9803667,0.9725969,-0.6799475,-0.19934815,0.11040336,0.19417006,-0.9950479,-1.1647493,1.0298941,-1.1783566,0.19203007,-1.1960925,11.076447,-686.0371,125.270874,751.7622,-104.39433,-179.03223,-97.20973,132.05219,-633.02344,39.87108,-156.8096,71.076256,-0.03878776,-0.016129142,-0.5874257,1.641029,-0.8707587,0.12082774,0.0281292,-0.16479534,-0.6409656,1.6060609,-0.8127183,0.025715517,-4.1950507,0.6229915,1.3723063,0.4713174,-4.418261,-10.566868,7.806276,0.43118623,-0.24436904,3.7261286,12.366789,2.6560571
223,0.017585289,-0.105293036,0.041229434,-0.0777112,-0.048924714,-0.99577475,1.0,0.0,0.0,-0.025585964,-0.011559597,0.21732628,0.05553329,-0.069473505,0.076367564,0.049153425,-0.16267465,0.15485871,0.03297925,0.041598856,0.01996235,0.26104185,0.0074548707,-0.005843311,0.10718808,0.15865254,-0.018993719,-0.06686456,0.00317748,-0.03253676,0.11686897,0.15365335,-0.17568584,0.9516529,-1.0591155,0.3631579,0.63768905,-0.13581336,0.6645089,-0.91671926,0.84164107,-0.4878756,0.4493454,-0.50342417,-0.22658801,215.65619,-128.28793,-72.978836,111.91148,88.29311,114.49043,-196.13008,131.83266,39.524536,51.646652,-31.626236,-90.44068,-0.025585964,-0.011559597,-0.5826737,1.6555333,-0.8694735,0.076367564,0.049153425,-0.16267465,-0.6451413,1.6329793,-0.75840116,0.01996235,5.220837,0.14909741,-0.116866216,2.1437616,3.1730509,-0.37987435,-1.3372911,0.0635496,-0.6507352,2.3373795,3.073067,-3.5137167
224,-0.025617884,-0.14664996,0.19176172,-0.08324573,-0.048124567,-0.99536633,1.0,0.0,0.0,0.06468042,-0.010847047,0.22045863,0.091427565,-0.08389354,0.1515825,-0.012926176,-0.15567188,0.124293745,0.08806765,-0.0034864545,-0.062275425,0.60450214,0.0015043635,0.030751113,0.2366811,-0.13077673,0.69920933,-0.50535434,0.05896005,-0.25031903,0.4021096,-0.5354015,-0.43766567,-1.3436413,0.8305637,-0.6782439,-1.2882965,-0.263169,-0.19586256,1.0595956,-1.0658082,0.8255819,-1.6301658,-0.28073964,0.13996539,187.5006,-134.92719,231.97826,192.33806,5.446564,201.29655,-203.90417,238.94539,-171.08311,187.22108,-199.48097,45.36257,0.06468042,-0.010847047,-0.5795414,1.6914276,-0.88389355,0.1515825,-0.012926176,-0.15567188,-0.67570627,1.6880677,-0.80348647,-0.062275425,12.090043,0.03008727,0.61502224,4.733622,-2.6155345,13.984186,-10.107086,1.179201,-5.0063806,8.0421915,-10.70803,-8.753313
225,-0.020421637,-0.14892402,0.05580469,-0.089125335,-0.04699575,-0.9949111,1.0,0.0,0.0,0.14786021,-0.005955554,0.22601235,0.1246686,-0.14385933,0.2125764,-0.064732015,-0.14955135,0.10127759,0.13821256,-0.11121452,-0.070757866,0.26394653,0.043006252,0.02374926,0.10818439,-0.3067012,-0.017450722,-0.058888894,0.0060468814,-0.0055290116,0.12908076,-0.464324,0.28083828,-1.4389782,-1.1386017,0.42393965,-1.6886986,0.20565829,-1.1656958,0.9282774,0.763464,-0.86232877,-1.5487905,0.6541403,0.85564893,-204.10744,220.37108,-202.6438,-217.13953,24.034729,-199.78253,199.1569,-199.39229,206.44522,-215.08875,62.973717,200.10062,0.14786021,-0.005955554,-0.57398766,1.7246686,-0.94385934,0.2125764,-0.064732015,-0.14955135,-0.6987224,1.7382126,-0.91121453,-0.070757866,5.2789307,0.860125,0.4749852,2.1636877,-6.134024,-0.34901443,-1.1777779,0.12093762,-0.11058023,2.5816152,-9.28648,5.6167655
226,-0.008498535,-0.06520183,0.2414084,-0.09345856,-0.045907255,-0.9945643,1.0,0.0,0.0,0.14833015,-0.011455533,0.24691683,0.11574948,-0.12984562,0.13305916,-0.037557974,-0.14012143,0.10016906,0.14929664,-0.1263184,0.06153327,-0.21179524,-0.087027274,0.17063813,-0.17102581,0.37815008,-0.7089358,0.2958522,0.08129206,-0.006854477,-0.005590256,0.24233451,0.97314215,-0.13647282,0.9070577,-0.5511424,-0.5572868,0.5917903,0.6446642,0.20800069,-1.0652709,0.73009586,-1.731776,-0.052959092,-0.6885646,-198.10469,-210.7245,181.12598,-230.60944,199.47755,-200.38129,203.64581,196.66148,-225.99681,-233.25987,199.17471,199.98143,0.14833015,-0.011455533,-0.5530832,1.7157495,-0.92984563,0.13305916,-0.037557974,-0.14012143,-0.69983095,1.7492967,-0.9263184,0.06153327,-4.2359047,-1.7405454,3.4127626,-3.4205163,7.5630016,-14.178716,5.917044,1.6258413,-0.13708954,-0.11180511,4.84669,19.462843
227,-0.021181475,-0.131861,0.2600625,-0.09751079,-0.044456165,-0.994241,1.0,0.0,0.0,0.07611759,-0.027787028,0.2750131,0.07412076,0.003931999,0.05865977,0.04525387,-0.1282538,0.12206364,0.11815822,-0.0942356,0.18250185,-0.43280402,-0.06483971,0.055744328,-0.10570162,0.61740375,-0.19135198,0.42760238,0.03924611,0.20314579,-0.2868654,0.11676297,0.30117735,1.0551898,-1.1918182,0.34932733,1.4793134,-0.4650407,0.77453434,-1.1316235,0.9425522,-0.6285167,0.5570633,-0.43569666,-0.8998418,-32.7261,154.20335,-450.03497,421.47858,-188.91817,60.13437,-32.028156,-175.53712,188.02872,-222.96103,-20.046726,-199.72691,0.07611759,-0.027787028,-0.5249869,1.6741208,-0.796068,0.05865977,0.04525387,-0.1282538,-0.6779364,1.7181582,-0.8942356,0.18250185,-8.65608,-1.2967943,1.1148865,-2.1140323,12.348075,-3.8270395,8.552048,0.7849221,4.062916,-5.737308,2.3352594,6.0235467
228,-0.057562377,-0.06447887,0.34815192,-0.10168168,-0.041607317,-0.99394655,1.0,0.0,0.0,0.026548756,-0.039219834,0.27775252,0.081540346,0.03013283,0.094984844,0.084301546,-0.113625236,0.13637042,0.09132171,-0.14597785,0.16313893,-0.09863422,-0.059183627,0.0014492729,0.118537426,-0.19815034,0.5023312,0.004883807,0.09881531,-0.034692403,-0.0067985714,-0.5543391,-0.42233905,0.8181417,0.809529,-0.6578855,-0.7624888,-0.776214,-0.15738177,-0.88472396,-1.105688,0.90528584,-0.99233395,0.1811536,-0.63696086,202.29094,-207.98601,132.59113,181.65536,-200.09225,199.7744,-198.13365,195.33543,-206.95435,177.82735,-159.46729,-200.34697,0.026548756,-0.039219834,-0.5222475,1.6815404,-0.7698672,0.094984844,0.084301546,-0.113625236,-0.6636296,1.6913217,-0.94597787,0.16313893,-1.9726844,-1.1836725,0.028985456,2.3707485,-3.9630067,10.046624,0.09767614,1.9763061,-0.693848,-0.13597143,-11.086782,-8.446781
229,0.03890756,-0.025448538,0.13636586,-0.103695735,-0.04052279,-0.99378324,1.0,0.0,0.0,0.05308946,-0.037378177,0.28039008,0.09914422,-0.08357614,0.117853045,0.04284778,-0.10548414,0.14408934,0.056718707,-0.18165946,0.0027009787,0.32772195,0.06759692,0.017574083,0.047862444,-0.8716734,-0.19924635,-0.38247892,-0.005294588,0.10008247,-0.3106163,0.12872049,-1.1133337,-0.64920205,-1.0781845,0.29224038,-0.50332963,0.5361954,-0.6635432,0.91719913,0.9502115,-0.5360606,0.28576046,0.6588025,0.22508718,199.19179,206.99867,-207.84846,-220.88577,-199.94766,-200.31175,-202.2026,-196.50061,201.53802,-225.06133,199.80717,-199.83,0.05308946,-0.037378177,-0.5196099,1.6991442,-0.88357615,0.117853045,0.04284778,-0.10548414,-0.6559107,1.6567187,-0.9816595,0.0027009787,6.554439,1.3519384,0.35148165,0.95724887,-17.433468,-3.984927,-7.649578,-0.10589176,2.0016494,-6.212326,2.5744097,-22.266674
230,-0.13108367,0.21832487,0.24388142,-0.09967373,-0.03751921,-0.9943125,1.0,0.0,0.0,0.06568953,-0.03456905,0.28241825,0.0876683,-0.18151295,0.0014567453,0.010897037,-0.09420169,0.1374247,0.028377533,-0.079671085,-0.14189893,-0.15398134,-0.030146513,0.0053014713,-0.14466093,-0.17780434,-0.89504474,0.023918895,0.10466168,-0.14716482,0.0017149333,0.81940013,-0.40201846,-0.90835667,0.8305398,-0.12540154,1.0197885,0.27053562,0.3829538,1.0242165,-0.96703357,0.83527005,-1.3425579,-0.6615227,1.1026473,-201.59837,-193.58673,8.957359,-222.79242,199.886,-199.83516,200.72919,196.79245,-198.79628,178.73354,200.08951,200.07,0.06568953,-0.03456905,-0.51758176,1.6876683,-0.98151296,0.0014567453,0.010897037,-0.09420169,-0.6625753,1.6283776,-0.8796711,-0.14189893,-3.0796268,-0.60293025,0.10602942,-2.8932185,-3.5560868,-17.900894,0.47837788,2.0932336,-2.9432964,0.034298666,16.388002,-8.040369
231,-0.00060752715,0.21140474,-0.009215293,-0.09172715,-0.03498932,-0.9951693,1.0,0.0,0.0,0.0036265608,-0.044689458,0.26260203,0.08507669,-0.14046526,-0.10411604,0.05204622,-0.09171925,0.1211794,0.032924652,-0.029760242,-0.13392018,-0.44380745,-0.062005587,-0.19162934,0.09874653,0.51843446,-0.22705598,0.3909013,-0.051380713,0.0011712726,-0.042569276,-0.122941114,0.3657553,1.1833973,-1.0860599,1.0869523,-0.89404494,-0.33697224,0.95066416,-1.02813,1.026118,-0.6186445,0.29649132,-1.2672176,-0.17322446,-209.26611,256.41818,-217.67604,175.53514,199.78346,200.89964,197.57558,-297.28967,225.98688,-175.61824,-211.76035,193.99329,0.0036265608,-0.044689458,-0.537398,1.6850767,-0.9404653,-0.10411604,0.05204622,-0.09171925,-0.6788206,1.6329247,-0.82976025,-0.13392018,-8.876149,-1.2401117,-3.8325868,1.9749305,10.368689,-4.5411196,7.818026,-1.0276142,0.02342545,-0.8513855,-2.4588223,7.315106
232,-0.14149275,0.14009307,0.17736945,-0.08489556,-0.031672988,-0.9958863,1.0,0.0,0.0,-0.04857551,-0.05380281,0.24844313,0.07724857,-0.11312717,-0.07068981,0.0820287,-0.09124583,0.10261059,0.060138226,-0.12400329,-0.12410199,-0.11027465,-0.034398824,0.03122804,-0.15215218,-0.17556462,0.48999688,-0.044045474,0.04818195,-0.16837268,0.2892567,-0.7483221,-0.091847025,0.6766243,0.7836782,-0.052173853,0.10699725,-0.26205504,-0.473976,-0.92777216,-0.80254716,1.146646,-1.2120068,0.49942166,-0.38261306,197.58969,-190.2353,198.10144,-217.78896,-199.9538,200.30743,-201.4531,200.82434,-120.02766,261.1396,-186.64552,-25.726027,-0.04857551,-0.05380281,-0.5515569,1.6772486,-0.9131272,-0.07068981,0.0820287,-0.09124583,-0.6973894,1.6601382,-0.9240033,-0.12410199,-2.205493,-0.6879765,0.6245608,-3.0430436,-3.5112922,9.799937,-0.88090944,0.963639,-3.3674533,5.785134,-14.966442,-1.8369405
233,0.048665743,0.2013697,-0.06310295,-0.07792595,-0.03025677,-0.9964999,1.0,0.0,0.0,-0.02193596,-0.05158265,0.23786527,0.069390535,-0.1663022,-0.04866044,0.032464422,-0.09433408,0.08287948,0.08745301,-0.19737619,-0.19989507,0.3320385,0.04763747,-0.11306027,0.031901695,-0.2518468,-0.20101014,-0.41181692,-0.067899816,-0.043352626,0.008024469,-0.06008315,-0.4615193,-0.30340037,-1.0681287,1.0110109,-1.0660045,0.8162192,-1.0442954,0.86282295,1.0439199,-0.7890525,-0.9939962,0.41724312,0.5348777,206.25764,166.49765,-207.12143,38.30078,25.35085,-200.7668,-197.70665,-189.19408,176.34746,-226.15157,199.51291,24.461632,-0.02193596,-0.05158265,-0.56213474,1.6693906,-0.9663022,-0.04866044,0.032464422,-0.09433408,-0.7171205,1.687453,-0.9973762,-0.19989507,6.64077,0.9527494,-2.2612054,0.63803387,-5.036936,-4.0202026,-8.236339,-1.3579963,-0.8670525,0.16048938,-1.201663,-9.230386
234,-0.049884595,0.15379147,0.19170281,-0.07105673,-0.030357629,-0.99701023,1.0,0.0,0.0,-0.0047551994,-0.048116725,0.23105544,0.054332495,-0.16501683,-0.1524555,-0.006105823,-0.10268045,0.06767267,0.08683109,-0.13422984,-0.2161213,-0.097993545,0.047421496,-0.006187718,-0.04527777,-0.023289677,-0.6498191,-0.018284531,-0.010798384,-0.08791705,-0.034355156,0.6260705,0.22602129,-1.0981585,0.8846706,-0.15812665,1.122092,0.45602942,0.32669076,0.9062308,-0.93565995,1.0404412,0.009210035,-0.2695123,0.22315297,-247.0695,362.37985,267.19943,381.13452,-92.15631,-38.934006,218.58199,130.71411,-254.21294,-183.01709,197.31088,196.29765,-0.0047551994,-0.048116725,-0.5689446,1.6543325,-0.96501684,-0.1524555,-0.006105823,-0.10268045,-0.73232734,1.6868311,-0.93422985,-0.2161213,-1.9598709,0.9484299,-0.12375436,-0.9055554,-0.46579352,-12.996381,-0.36569062,-0.21596768,-1.758341,-0.6871031,12.52141,4.520426
235,0.021827832,0.12061149,-0.09866165,-0.06570152,-0.029566102,-0.9974012,1.0,0.0,0.0,-0.060843084,-0.047382258,0.20389754,0.08883703,-0.12238783,-0.20913967,0.034695286,-0.11107044,0.06521577,0.07568908,-0.08386737,-0.0908613,-0.42961746,-0.03812499,-0.2391222,0.33092254,0.44216314,-0.0024456927,0.36313602,-0.064582855,0.04142439,-0.04853953,-0.06750254,0.82361364,1.1308203,-1.127116,1.0151615,-1.4070272,-0.71264434,0.71755594,-0.96634746,0.97330546,-0.72761405,0.08623172,-0.966903,-0.6579115,-180.06328,-17.459457,-176.90617,285.1546,157.00763,179.09407,113.75833,16.529907,231.13684,146.26813,-201.61606,7.4765434,-0.060843084,-0.047382258,-0.5961025,1.688837,-0.92238784,-0.20913967,0.034695286,-0.11107044,-0.73478425,1.6756891,-0.8838674,-0.0908613,-8.592349,-0.76249975,-4.782444,6.6184506,8.843263,-0.04891385,7.2627206,-1.2916571,0.8284878,-0.97079057,-1.3500508,16.472273
236,-0.07926457,0.06999773,0.10157314,-0.06190212,-0.028240431,-0.9976827,1.0,0.0,0.0,-0.107209265,-0.055188153,0.1805616,0.12653506,-0.11017603,-0.13103284,0.057178304,-0.11297869,0.060699522,0.07873118,-0.16989464,-0.0046058,-0.070923485,-0.042900845,-0.013603048,0.07233783,-0.25080714,0.7126905,-0.08190187,0.03174208,-0.06884226,0.07786234,-0.7101776,0.11653471,0.7320374,0.8345752,-0.23537064,-1.6739297,-0.40851176,-0.098158926,-1.0517021,-0.8017691,1.0510715,-0.6723886,0.8283109,-0.9182209,200.8096,-202.56546,198.41994,-218.95714,-199.95084,200.04276,-171.54243,-8.470093,367.74762,594.3805,-104.00613,-178.36858,-0.107209265,-0.055188153,-0.6194384,1.7265351,-0.91017604,-0.13103284,0.057178304,-0.11297869,-0.7393005,1.6787312,-0.96989465,-0.0046058,-1.4184697,-0.8580169,-0.27206096,1.4467566,-5.0161424,14.253809,-1.6380373,0.6348416,-1.3768452,1.5572467,-14.203551,2.3306942
237,0.05969937,0.065666616,-0.1736189,-0.058770623,-0.02817234,-0.9978739,1.0,0.0,0.0,-0.07513223,-0.05448876,0.17812216,0.12681997,-0.2076109,-0.0643015,0.005203404,-0.1172315,0.053879976,0.08899057,-0.22670025,-0.0430021,0.3526463,0.039237134,-0.009716876,-0.05802072,-0.51601785,0.04236618,-0.42496106,-0.057990264,-0.031253777,0.035175893,0.035085317,-0.43109736,-0.291353,-1.1140842,0.81514394,-1.4933956,0.7032868,-1.0749866,0.92141545,1.066688,-0.865687,0.49539024,0.6994299,-0.0666375,203.05995,185.5957,-205.49144,-219.05591,38.47753,-139.81345,-200.0134,-153.19363,-23.67247,3.9086761,195.41495,-148.9172,-0.07513223,-0.05448876,-0.62187785,1.72682,-1.0076109,-0.0643015,0.005203404,-0.1172315,-0.74612004,1.6889906,-1.0267003,-0.0430021,7.0529256,0.78474265,-0.19433752,-1.1604143,-10.320357,0.8473236,-8.499221,-1.1598053,-0.6250755,0.70351785,0.70170635,-8.621947
238,-0.13044974,0.022409001,0.054448962,-0.057175368,-0.026407354,-0.9980148,1.0,0.0,0.0,-0.05418595,-0.0519481,0.19431734,0.08599603,-0.23580593,-0.13228153,-0.04054211,-0.11739096,0.032576263,0.12528312,-0.14285165,-0.07068534,-0.09906729,-0.00852612,0.15391697,-0.32544634,0.16562837,-0.6526684,-0.070832066,0.047872204,-0.16690038,0.2983862,0.7333663,-0.016342511,-1.322952,0.8470724,-0.41898268,0.2639203,0.879179,-0.56342757,0.7549331,-0.8963595,0.8495635,-1.5781839,-0.2280201,0.27272165,-200.64417,-197.06313,198.26398,-223.75572,200.02617,-199.8243,200.31743,206.42041,-194.01169,178.78374,200.1545,29.349472,-0.05418595,-0.0519481,-0.6056827,1.685996,-1.035806,-0.13228153,-0.04054211,-0.11739096,-0.76742375,1.7252831,-0.94285166,-0.07068534,-1.9813459,-0.1705224,3.0783393,-6.508927,3.3125675,-13.053369,-1.4166414,0.9574441,-3.3380077,5.967724,14.667326,-0.32685024
239,-0.054925624,0.043402288,-0.09724602,-0.05572633,-0.02322127,-0.998176,1.0,0.0,0.0,-0.10859144,-0.049034044,0.19540149,0.069357395,-0.16469395,-0.2834858,-0.0045317505,-0.11946992,0.023750663,0.15702784,-0.07249439,0.0022326845,-0.40533635,0.0427166,-0.13820712,0.18735683,0.36549652,-0.67364645,0.3831549,-0.0523413,0.05814242,0.04346772,0.03978104,0.6097754,1.1582462,-1.1821363,0.8796943,-0.1754944,-0.32264286,0.42987427,-0.65230244,1.0241657,-1.0502372,-1.644584,-0.65722626,-0.003390206,-202.97653,241.59798,-166.86522,503.80698,38.57222,53.060287,198.39256,-183.21625,213.69884,-211.89418,-199.88147,49.71113,-0.10859144,-0.049034044,-0.6045985,1.6693574,-0.96469396,-0.2834858,-0.0045317505,-0.11946992,-0.77624935,1.7570279,-0.8724944,0.0022326845,-8.106727,0.854332,-2.7641425,3.7471366,7.3099303,-13.472929,7.663098,-1.046826,1.1628484,0.86935437,0.7956208,12.195508
240,-0.09159928,0.034209456,0.10581377,-0.0541129,-0.020254804,-0.9983294,1.0,0.0,0.0,-0.14892203,-0.042917352,0.19223595,0.08065784,-0.1713829,-0.33801302,0.020422371,-0.11917648,0.030212164,0.1516614,-0.1386329,0.047018714,-0.03853335,0.016958551,0.082802,-0.062982656,-0.29387695,0.04707092,-0.08546414,0.043956913,0.011557411,-0.08387038,-0.63384587,-0.043250967,0.8899431,0.87030035,-0.35754117,0.7008387,-0.0192236,0.52955633,-1.2321913,-0.8419895,0.97485065,-1.3305091,0.8215752,-0.8867643,202.81715,-245.74277,199.66458,-200.40823,-90.50132,195.64499,-200.31387,202.76942,-196.30066,-216.33511,-199.9706,-90.664894,-0.14892203,-0.042917352,-0.60776407,1.6806579,-0.9713829,-0.33801302,0.020422371,-0.11917648,-0.76978785,1.7516614,-0.9386329,0.047018714,-0.77066696,0.33917102,1.65604,-1.2596531,-5.8775387,0.9414184,-1.7092829,0.87913823,0.23114823,-1.6774076,-12.676917,-0.8650193
241,0.09617247,0.082361154,-0.14973293,-0.051577233,-0.020801527,-0.9984523,1.0,0.0,0.0,-0.10887868,-0.044155017,0.18382812,0.10615909,-0.17310828,-0.2602271,-0.03553271,-0.12191435,0.04505855,0.10465407,-0.19029331,-0.03761011,0.3977711,-0.016911492,-0.13830437,0.27428338,0.23038471,0.6767203,-0.43997565,-0.059346285,0.12436239,-0.36026755,0.0486039,-0.7340623,-0.35761997,-0.9148554,0.67223406,-1.414111,0.4743178,0.056646083,0.8564807,1.009889,-0.92018247,0.9371349,1.1663417,-0.4810672,199.72437,186.07428,-191.28473,182.6233,157.74332,200.14767,-199.86453,-187.9343,168.76663,-238.11807,199.29832,-199.45927,-0.10887868,-0.044155017,-0.6161719,1.7061591,-0.9731083,-0.2602271,-0.03553271,-0.12191435,-0.75494146,1.7046541,-0.9902933,-0.03761011,7.955422,-0.33822984,-2.7660873,5.4856677,4.607694,13.534407,-8.799513,-1.1869256,2.4872477,-7.205351,0.97207797,-14.681246
242,-0.09621961,-0.023542585,0.012157938,-0.050671797,-0.020738319,-0.9985,1.0,0.0,0.0,-0.077374235,-0.054434918,0.17626816,0.13175869,-0.05445832,-0.13417126,-0.08954033,-0.11859161,0.046453,0.078852534,-0.102710724,-0.19940422,-0.045235887,-0.069965065,0.010754794,0.041838154,0.7852393,0.56621885,-0.12397259,0.07387865,-0.077057116,0.03438758,0.7482859,-0.7398841,-1.207995,0.86764336,-0.4538332,-1.1544092,-0.2892102,-0.97301465,0.6302074,-0.9106543,1.0499462,-0.30060387,-0.32066226,-0.1622752,-229.66458,29.136093,-533.0905,-31.311844,-182.78772,49.464165,199.39845,209.51929,-188.57143,183.95805,200.16962,70.29062,-0.077374235,-0.054434918,-0.62373185,1.7317587,-0.85445833,-0.13417126,-0.08954033,-0.11859161,-0.753547,1.6788526,-0.90271074,-0.19940422,-0.90471774,-1.3993013,0.21509588,0.8367631,15.704785,11.324377,-2.4794517,1.477573,-1.5411423,0.6877516,14.965717,-14.797682
243,-0.05629683,-0.0001261763,-0.19470139,-0.051495627,-0.018039277,-0.99851024,1.0,0.0,0.0,-0.12295839,-0.06343225,0.17485857,0.13997567,0.012411594,-0.090662405,-0.07251483,-0.11270483,0.04634273,0.08304441,-0.05231476,-0.25480294,-0.37355754,-0.026608368,-0.008041057,0.035335336,0.022385474,-0.0836603,0.27121165,-0.015980659,0.0831533,-0.044411488,-0.10771533,0.058131933,0.88807154,-0.9628331,0.6434165,-0.003554467,-0.5061954,-0.4248817,-0.454674,1.0984012,-1.0556374,0.5875909,-0.9928017,0.28599545,-196.08244,208.14691,97.04454,48.167526,-192.54274,-187.64977,194.83955,-229.3115,243.46594,-160.08966,-208.65527,185.01057,-0.12295839,-0.06343225,-0.62514144,1.7399757,-0.7875884,-0.090662405,-0.07251483,-0.11270483,-0.7536573,1.6830444,-0.8523148,-0.25480294,-7.4711504,-0.5321674,-0.16082112,0.7067067,0.44770947,-1.673206,5.424233,-0.3196132,1.663066,-0.8882297,-2.1543067,1.1626387
244,-0.21730724,-0.072846666,0.047074016,-0.053058438,-0.012374328,-0.9985148,1.0,0.0,0.0,-0.16093636,-0.05868771,0.19702053,0.12805212,-0.07124841,-0.16500323,-0.061593473,-0.108588666,0.042035818,0.10827875,-0.14686698,-0.17197557,-0.041089613,0.053930607,0.20910199,-0.1463608,-0.7622492,-0.56501764,-0.12352621,0.05027469,-0.106341176,0.26338896,-0.77203125,0.7059271,0.70770854,0.82394534,-0.49943054,-0.15237403,0.5756892,0.28740868,-0.97787964,-0.7888964,0.8191905,-1.0409772,1.0698448,0.07386516,201.65771,-209.8492,192.83786,-180.59085,-200.313,-64.76735,-200.95888,201.89203,-188.69461,182.31729,-199.6222,200.25256,-0.16093636,-0.05868771,-0.6029795,1.7280521,-0.8712484,-0.16500323,-0.061593473,-0.108588666,-0.7579642,1.7082788,-0.946867,-0.17197557,-0.82179224,1.0786121,4.1820397,-2.9272158,-15.244983,-11.300352,-2.470524,1.0054938,-2.1268234,5.2677794,-15.440624,14.118542
245,-0.10723272,-0.027785866,-0.14398755,-0.05478474,-0.0063268007,-0.9984782,1.0,0.0,0.0,-0.11937174,-0.038822927,0.23541468,0.08414376,-0.1459232,-0.20187072,-0.124908455,-0.10832586,0.035101116,0.12792563,-0.22605425,-0.067844704,0.41434023,0.13951744,0.17834993,-0.27886593,-0.055290665,0.12690024,-0.4742604,-0.039378054,0.023988584,-0.03405219,-0.08835042,0.3994256,-0.534547,-0.97283775,0.65126127,0.50244814,0.97738385,0.45827448,0.99042374,0.8688424,-0.9976846,-1.3876963,0.8285982,-0.4701886,201.88333,216.17859,-246.99326,-240.18628,199.26385,200.25179,-199.2762,-212.22412,191.22925,-218.08813,200.47614,-65.66687,-0.11937174,-0.038822927,-0.5645853,1.6841438,-0.9459232,-0.20187072,-0.124908455,-0.10832586,-0.7648989,1.7279257,-1.0260543,-0.067844704,8.286804,2.7903488,3.5669985,-5.5773187,-1.1058133,2.5380046,-9.485208,-0.78756106,0.47977167,-0.6810438,-1.7670084,7.9885116
246,-0.10178151,-0.038777772,0.003010094,-0.056193747,-0.0022811985,-0.99841726,1.0,0.0,0.0,-0.0881772,-0.034044687,0.25956768,0.05165398,-0.12201673,-0.100810155,-0.1838787,-0.10803769,0.03988242,0.10891688,-0.16599792,-0.06458031,-0.0613477,-0.07041327,0.062040944,-0.06019491,0.22704017,0.8267484,-0.14751716,0.035697557,0.025142536,-0.14664443,0.6179862,-0.2971723,-1.344061,0.9552261,-0.6088131,0.91906863,1.1871333,-1.2428268,0.9064947,-1.0068935,0.7380996,-1.1811907,0.64992756,-1.0871991,-200.7839,-273.32935,-59.036087,176.50537,97.62586,212.96507,198.8156,204.64354,-189.87843,-212.96568,200.20955,-199.98158,-0.0881772,-0.034044687,-0.54043233,1.651654,-0.92201674,-0.100810155,-0.1838787,-0.10803769,-0.7601176,1.7089169,-0.96599793,-0.06458031,-1.226954,-1.4082654,1.2408189,-1.2038982,4.5408034,16.534967,-2.9503431,0.7139511,0.5028507,-2.9328885,12.359724,-5.943446
247,0.03787207,-0.06424547,-0.18323337,-0.058023658,-0.00056995085,-0.998315,1.0,0.0,0.0,-0.13832375,-0.05000044,0.24355894,0.07671678,-0.02626139,-0.0076724766,-0.16443689,-0.1075472,0.06102532,0.06237042,0.0044446588,-0.1868769,-0.4055237,-0.09321391,-0.1890771,0.26268908,0.7002038,0.17077853,0.3015915,-0.0038610366,0.074153535,-0.11805719,0.6194398,-0.7093803,0.91886103,-0.97132355,0.4707259,-0.75217426,-0.5867127,-0.7928119,-0.39168745,1.0361115,-1.0676553,0.86089987,-0.4291375,-0.8530811,-198.2609,200.93521,-289.54724,229.02318,146.31834,-183.86589,247.56161,288.15994,-247.8425,630.7875,-376.34338,16.150696,-0.13832375,-0.05000044,-0.55644107,1.6767168,-0.8262614,-0.0076724766,-0.16443689,-0.1075472,-0.7389747,1.6623704,-0.79555535,-0.1868769,-8.110474,-1.8642781,-3.7815418,5.2537813,14.004075,3.4155705,6.03183,-0.07722073,1.4830706,-2.3611438,12.388795,-14.187606
248,-0.06712109,-0.11616556,0.040762402,-0.061765734,-0.00016747789,-0.9980906,1.0,0.0,0.0,-0.18432456,-0.06183732,0.22884631,0.10478902,0.03128606,-0.03989617,-0.15169808,-0.09178658,0.052651584,0.0856868,0.027377903,-0.38576797,-0.08886386,-0.04412537,0.024895424,0.032313634,-0.029160637,-0.45461994,-0.13737439,0.13029563,-0.123395465,0.24973083,-0.2125957,-1.1536736,0.48929352,0.7868727,-0.5674094,-1.1736953,-0.52388966,0.15733202,-0.89212024,-0.7512061,0.727322,-0.8520837,-0.6831824,0.63407,201.53738,-203.91393,192.32701,-219.66779,-200.31432,-200.09624,-200.38391,213.87216,-187.59515,177.4195,-200.01738,31.554121,-0.18432456,-0.06183732,-0.5711537,1.704789,-0.76871395,-0.03989617,-0.15169808,-0.09178658,-0.7473484,1.6856868,-0.7726221,-0.38576797,-1.7772771,-0.8825074,0.49790847,0.64627266,-0.58321273,-9.092399,-2.7474875,2.6059127,-2.4679093,4.9946165,-4.251914,-23.073473
249,0.024237607,-0.075053245,-0.16098289,-0.06540786,0.00022727861,-0.9978585,1.0,0.0,0.0,-0.15218066,-0.060508955,0.23366392,0.09838033,-0.04846531,-0.054357097,-0.21662381,-0.07668205,0.04536408,0.10428774,-0.091700494,-0.5412736,0.36554167,0.049106218,0.025199696,-0.08531866,-0.7011406,0.24022639,-0.47881246,0.030344723,0.035221837,-0.033291336,-0.9089326,-0.4699123,-0.27542168,-0.88836807,0.6196264,-0.62764555,0.23518232,0.74892414,0.9352609,1.1728623,-1.2151794,-0.2551211,-0.009414054,1.0785093,202.86563,192.83289,-206.2234,-220.57986,-200.10474,199.58354,-201.78891,-210.12773,212.47888,-213.3463,-199.99022,200.798,-0.15218066,-0.060508955,-0.5663361,1.6983804,-0.8484653,-0.054357097,-0.21662381,-0.07668205,-0.75463593,1.7042878,-0.8917005,-0.5412736,7.3108335,0.9821243,0.5039939,-1.7063732,-14.022812,4.8045278,-9.576249,0.60689443,0.7044367,-0.6658267,-18.178652,-9.398246
250,0.0060682856,-0.019836955,0.13168979,-0.067293234,-0.00021754438,-0.9977331,1.0,0.0,0.0,-0.12736787,-0.06503293,0.25488734,0.048819065,-0.113309145,0.06956455,-0.27411765,-0.06392766,0.051783442,0.08407307,-0.19572413,-0.55967915,-0.0754021,-0.08121399,0.17182975,-0.3831885,-0.016035184,0.930741,-0.12975739,0.09049963,0.028519958,-0.15697673,-0.20211072,0.21649916,-1.4107188,0.8842837,-0.5355722,1.3315016,0.7638618,-1.1015016,1.1549772,-0.77178663,0.6904373,0.29774714,0.42929244,0.8185536,-203.39655,-185.6875,200.3177,-227.9044,200.07492,200.26091,198.36543,199.59978,-179.3517,-210.1933,200.46106,200.44232,-0.12736787,-0.06503293,-0.54511267,1.6488191,-0.91330916,0.06956455,-0.27411765,-0.06392766,-0.74821657,1.6840731,-0.99572414,-0.55967915,-1.5080421,-1.6242797,3.436595,-7.6637697,-0.3207037,18.61482,-2.5951476,1.8099927,0.57039917,-3.1395345,-4.0422144,4.329983
251,-0.06696471,-0.095039174,-0.06718268,-0.069513045,0.0011351785,-0.9975804,1.0,0.0,0.0,-0.18141526,-0.077118255,0.26584744,0.0060402155,-0.048943043,0.17360152,-0.2441526,-0.057335578,0.06032449,0.0722847,-0.16178113,-0.4421051,-0.4272515,-0.04493353,-0.06937867,-0.01321574,0.46415946,0.1438245,0.36805853,-0.0048928857,0.058006894,0.012770276,0.47245535,0.90269035,0.6700716,-1.1125789,0.47430605,0.17136845,-0.27712068,-1.1568485,0.06679733,1.013327,-1.0335581,-0.89514655,-0.023420751,-0.18268365,-182.15186,203.72342,-344.325,423.06744,19.336151,-250.25851,201.23161,-184.06938,191.84811,177.5908,199.53786,200.77486,-0.18141526,-0.077118255,-0.53415257,1.6060402,-0.84894305,0.17360152,-0.2441526,-0.057335578,-0.7396755,1.6722847,-0.96178114,-0.4421051,-8.54503,-0.8986706,-1.3875734,-0.2643148,9.283189,2.87649,7.3611703,-0.09785771,1.1601379,0.25540552,9.449107,18.053806
252,0.010525144,-0.08607994,-0.28629127,-0.07296096,0.0013777554,-0.99733377,1.0,0.0,0.0,-0.22465077,-0.08651138,0.25353152,0.018998861,-0.03620571,0.12911846,-0.14261612,-0.051994666,0.07165104,0.06238079,-0.09959477,-0.3251553,-0.048658043,-0.053612094,-0.0482521,0.1218965,-0.2547947,-0.5238196,0.53182024,0.051274847,0.049425106,-0.0989021,0.22502951,0.40702492,0.6641313,0.8077639,-0.451304,-0.52410185,0.052577987,-0.7932767,-1.0098958,-0.84947455,0.70596206,-0.7369884,-0.39396232,-0.9564143,201.01837,-198.47974,189.60397,178.99957,-200.30573,-200.04645,-26.361668,201.26262,-225.61423,-226.20906,-45.544746,-73.99302,-0.22465077,-0.08651138,-0.5464685,1.6189989,-0.8362057,0.12911846,-0.14261612,-0.051994666,-0.728349,1.6623808,-0.8995948,-0.3251553,-0.97316086,-1.0722419,-0.96504194,2.4379299,-5.0958934,-10.476393,10.636404,1.025497,0.9885021,-1.9780419,4.5005903,8.140498
253,0.1411329,-0.10164863,-0.6224929,-0.07586295,-0.0031403976,-0.99711335,1.0,0.0,0.0,-0.18696018,-0.086643964,0.24335217,0.028315663,-0.024832249,-0.05166468,-0.0775098,-0.050642382,0.09638691,0.023749828,-0.12462181,-0.3152484,0.38485485,0.038011953,-0.038872685,-0.017515346,0.18119113,-1.215438,0.15738823,-0.024448877,0.15375952,-0.1252078,-0.3489197,-0.1873432,0.3508708,-0.9990509,0.44454992,-0.16630998,-0.046068728,0.8731963,-0.91053563,1.0981306,-1.0069594,1.2147346,-0.3046345,-0.7503619,201.82782,187.18065,-196.98943,-220.85156,8.498676,-200.18015,-220.80463,-94.23147,407.2852,542.3907,-120.48595,-136.60083,-0.18696018,-0.086643964,-0.55664784,1.6283157,-0.82483226,-0.05166468,-0.0775098,-0.050642382,-0.7036131,1.6237499,-0.9246218,-0.3152484,7.697097,0.76023906,-0.77745366,-0.35030693,3.6238225,-24.30876,3.1477644,-0.48897755,3.0751905,-2.5041559,-6.9783936,-3.7468638
254,-0.038356714,-0.17834403,-0.34951797,-0.081521,-0.006307056,-0.99665165,1.0,0.0,0.0,-0.06754435,-0.07070033,0.25801772,0.015358448,-0.03989297,-0.19777599,-0.09276941,-0.043955,0.10916573,0.034206986,-0.19232476,-0.42568856,0.76121384,0.10310648,0.13839346,-0.09262533,-0.16342078,-0.34341428,-0.27279004,0.08019929,-0.010087834,0.17254403,-0.3003155,-0.76400775,-1.4215796,0.81436723,-0.5871186,1.0488076,-0.547147,0.33105806,0.37215576,-0.81732637,0.66278577,-0.65845925,0.39959705,1.1305621,201.3912,-186.6741,56.454605,-57.80008,-13.914459,228.68713,-199.17186,176.76918,-172.26727,194.14665,34.932953,-21.513895,-0.06754435,-0.07070033,-0.5419823,1.6153585,-0.839893,-0.19777599,-0.09276941,-0.043955,-0.6908343,1.634207,-0.99232477,-0.42568856,15.224277,2.0621295,2.7678692,-1.8525065,-3.2684155,-6.8682857,-5.4558005,1.6039857,-0.20175667,3.4508805,-6.00631,-15.280155
255,0.058813028,-0.18748868,-0.55363834,-0.08858413,-0.008604081,-0.9960315,1.0,0.0,0.0,0.04887485,-0.05203729,0.26357478,0.027161479,-0.14750975,-0.19258426,-0.09934681,-0.03841575,0.12667364,0.040347695,-0.17784023,-0.5008802,0.4363978,0.08378426,-0.058977004,0.18140022,-0.8298362,0.32819936,0.1623051,-0.011720967,0.16953258,-0.08612325,0.38016033,-0.059446763,-1.2197958,-1.0630229,0.352288,-1.0317879,0.19008046,0.63042086,0.96425736,1.0840663,-1.0570772,-0.5429701,-0.24140692,0.8313139,-200.20119,206.25427,-228.81332,169.09566,-147.51987,200.00166,199.7104,-193.84824,201.06052,-217.42224,200.06482,200.4393,0.04887485,-0.05203729,-0.53642523,1.6271615,-0.94750977,-0.19258426,-0.09934681,-0.03841575,-0.6733264,1.6403477,-0.97784024,-0.5008802,8.727956,1.6756852,-1.17954,3.6280043,-16.596724,6.563987,3.246102,-0.23441933,3.3906515,-1.722465,7.6032066,-1.1889353
256,0.046871126,-0.09110633,-0.3122916,-0.094016105,-0.012276114,-0.99549496,1.0,0.0,0.0,0.08671572,-0.050070856,0.26568216,0.031226993,-0.23836368,-0.051336937,-0.02333962,-0.03202318,0.15945864,0.01015842,-0.16864216,-0.43731734,-0.013965817,-0.050815947,0.059570637,-0.10648544,-0.1465858,1.0162357,0.57515615,0.062405575,0.15007012,-0.17915168,-0.115311734,0.6195045,-0.81248313,0.82318944,-0.62518525,-0.13193011,0.7008394,-0.54284596,-0.9283595,-0.92304665,0.58923006,0.74193794,-0.60774416,-0.095720924,-200.20123,-198.49573,124.47135,-221.7155,200.10963,200.09953,290.1775,-123.529785,57.80446,230.74547,17.157784,164.49625,0.08671572,-0.050070856,-0.53431785,1.631227,-1.0383637,-0.051336937,-0.02333962,-0.03202318,-0.6405414,1.6101584,-0.9686422,-0.43731734,-0.27931634,-1.0163189,1.1914127,-2.1297088,-2.931716,20.324715,11.503123,1.2481115,3.0014024,-3.5830336,-2.3062346,12.39009
257,-0.02883527,-0.14054202,0.078509614,-0.09898571,-0.012578994,-0.9950094,1.0,0.0,0.0,0.039063606,-0.054731045,0.2762984,-0.0011088848,-0.19026273,0.07317115,0.04994421,-0.02942409,0.18899018,-0.0026504993,-0.2619881,-0.30724487,-0.42066178,-0.0048022927,0.0362409,-0.18722574,0.5571535,0.30041638,0.17048043,-0.015980966,0.14829433,0.0022073982,-0.73873615,0.57583135,0.95202094,-1.1117347,0.19842085,0.5437119,-0.546301,-0.8296997,-0.8131772,0.99946094,-0.65205336,-0.56396085,0.53307515,-0.4173855,-202.59952,204.66376,-182.19023,-113.46098,200.89008,-200.10898,-202.13237,-165.62924,203.36433,180.24867,-105.91598,-73.70201,0.039063606,-0.054731045,-0.5237016,1.5988911,-0.99026275,0.07317115,0.04994421,-0.02942409,-0.61100984,1.5973495,-1.0619881,-0.30724487,-8.413236,-0.09604585,0.72481805,-3.744515,11.14307,6.0083275,3.4096086,-0.31961933,2.9658866,0.044147965,-14.774723,11.516626
258,0.07430464,0.23390593,0.047337297,-0.095253535,-0.0134915635,-0.9953617,1.0,0.0,0.0,-0.009351261,-0.058552194,0.25854045,-0.011140823,-0.15445042,0.05935711,0.047218595,-0.036008693,0.19738507,-0.0033591986,-0.33118862,-0.27383628,-0.09319212,-0.028806591,-0.16235302,0.048752055,-0.13219057,-0.37099895,-0.17083064,-0.044759426,-0.036844376,-0.00035459665,-0.028753592,-0.16032486,0.67160845,0.8293589,0.41565037,-0.6522836,-0.08665514,-0.5255371,-0.4495699,-0.9510597,0.32149863,0.40357667,0.7220887,-0.5285501,197.10197,-178.87953,-1.242024,180.5411,-200.10806,-199.62326,-157.88568,44.284958,-233.14793,-30.63623,200.14784,-204.44368,-0.009351261,-0.058552194,-0.54145956,1.5888592,-0.9544504,0.05935711,0.047218595,-0.036008693,-0.60261494,1.5966408,-1.1311886,-0.27383628,-1.8638424,-0.5761318,-3.2470603,0.9750411,-2.6438112,-7.4199786,-3.4166126,-0.8951885,-0.7368875,-0.007091933,-0.5750718,-3.2064972
259,-0.014675861,-0.3538826,0.1089177,-0.09910996,-0.014368329,-0.9949728,1.0,0.0,0.0,0.02174251,-0.047509506,0.26606363,-0.03266239,-0.13905412,-0.08893885,-0.035031386,-0.05235833,0.20373714,0.00973165,-0.26453203,-0.35486937,0.3593205,0.12597653,0.19712852,-0.2341785,0.12695174,-0.9936132,-0.60238326,-0.12008543,0.08872913,0.11481937,0.63863534,-0.44639516,-0.7634597,-1.1663278,-0.08368799,0.0709036,-0.42965972,0.31080824,1.0144188,1.1382097,-0.4826623,-0.99353147,-0.23405471,0.07696342,199.72498,222.43355,127.74083,-233.31416,-0.7022254,-63.3337,-183.07889,-303.0026,109.20531,157.53102,199.40031,30.313837,0.02174251,-0.047509506,-0.5339364,1.5673376,-0.93905413,-0.08893885,-0.035031386,-0.05235833,-0.5962629,1.6097317,-1.064532,-0.35486937,7.1864095,2.5195305,3.9425704,-4.68357,2.5390346,-19.872263,-12.047665,-2.4017086,1.7745825,2.2963874,12.772707,-8.927903
260,0.08295367,0.2601334,0.10054973,-0.09984,-0.015482064,-0.99488306,1.0,0.0,0.0,0.045265086,-0.039391693,0.26744044,-0.041277647,-0.18123871,-0.20837076,-0.107253745,-0.06999484,0.20332891,0.021800399,-0.20922178,-0.3687133,-0.07365936,-0.027860215,-0.1346624,0.14804357,-0.43371826,-0.25427723,-0.16804963,-0.053269725,-0.07460933,0.016465463,0.028026307,0.2398891,-0.8824121,0.8560525,-0.09170301,-0.37997684,-0.5233841,0.513691,1.0137959,-0.9079591,0.57972,-1.0543256,-0.8160602,0.78558356,-204.50563,-165.08206,140.73888,410.09726,-112.8307,217.9033,199.68419,210.6023,-210.61519,-219.0861,-96.961464,200.37576,0.045265086,-0.039391693,-0.5325596,1.5587224,-0.9812387,-0.20837076,-0.107253745,-0.06999484,-0.5966711,1.6218004,-1.0092218,-0.3687133,-1.4731872,-0.5572043,-2.693248,2.9608715,-8.674365,-5.0855446,-3.3609927,-1.0653945,-1.4921865,0.32930925,0.56052613,4.797782
261,0.072731435,0.22340864,0.017681057,-0.09063062,-0.018093066,-0.99572027,1.0,0.0,0.0,0.005212737,-0.04913936,0.24140817,-0.0056755543,-0.2969876,-0.1870605,-0.09672737,-0.08407469,0.21444511,-0.0061756372,-0.28014702,-0.24276291,-0.33476087,-0.05603518,-0.13742371,0.14538863,-0.582112,0.40092078,0.23856226,-0.086291336,0.16172326,-0.27130124,-0.66791034,0.94891423,0.6653913,-0.96257454,1.0794307,-0.16615814,0.82009375,0.0052673556,-0.07286797,0.9481461,-0.50337756,1.04814,0.5258649,-0.49752137,-202.44046,225.85233,-212.18951,-222.20415,43.570915,200.82417,198.44028,-183.7569,213.12408,-221.72078,-199.6086,200.32394,0.005212737,-0.04913936,-0.55859184,1.5943245,-1.0969876,-0.1870605,-0.09672737,-0.08407469,-0.5855549,1.5938244,-1.080147,-0.24276291,-6.6952176,-1.1207036,-2.7484741,2.9077725,-11.642241,8.018415,4.771245,-1.7258266,3.2344651,-5.4260244,-13.358207,18.978285
262,-0.04799051,0.22400837,0.12814258,-0.081795365,-0.018099992,-0.99648476,1.0,0.0,0.0,-0.021825507,-0.05798663,0.23403144,-0.006930709,-0.3384995,-0.11029242,-0.07371799,-0.09239175,0.22300667,-0.027145505,-0.33722287,-0.12978265,0.030538956,-0.03491647,0.045122363,-0.13007967,0.098402455,0.32550913,0.04913107,-0.0011498587,-0.04959011,0.026476819,0.027347917,0.24955669,0.53253126,0.86090285,-0.2654255,0.18503153,0.49540555,-0.5405093,-0.9487047,-1.0242304,1.2003782,-0.6663078,1.059055,-0.9318321,199.45937,-195.81734,199.04063,-216.45512,200.09822,-50.63222,-45.674934,199.14153,-199.08308,185.7155,200.10698,-199.95824,-0.021825507,-0.05798663,-0.5659686,1.5930693,-1.1384995,-0.11029242,-0.07371799,-0.09239175,-0.57699335,1.5728545,-1.1372229,-0.12978265,0.6107791,-0.6983294,0.9024472,-2.6015935,1.968049,6.5101824,0.9826214,-0.022997174,-0.9918022,0.52953637,0.5469583,4.9911337
263,0.11206303,0.061352313,-0.30278587,-0.07622526,-0.020119872,-0.99688756,1.0,0.0,0.0,0.034681667,-0.057204295,0.22887057,-0.0035145283,-0.24162728,-0.12132681,-0.11257285,-0.1067723,0.20951122,-0.022282839,-0.2674685,-0.13998288,0.48756203,0.036170945,-0.08186066,0.13711123,0.80016536,-0.3662386,-0.39060745,-0.12767114,-0.08286415,0.02363739,0.6170783,-0.29635805,-0.5111483,-0.96793383,0.8959922,-1.0320982,-0.22873563,-0.7791185,0.8869145,0.9973465,-0.66831815,1.3123646,0.45704442,-1.2326874,199.1077,191.08405,-201.87639,182.33713,200.52574,-199.56894,-196.156,-139.78601,-144.53046,-46.80974,173.63536,-156.20773,0.034681667,-0.057204295,-0.57112944,1.5964855,-1.0416273,-0.12132681,-0.11257285,-0.1067723,-0.5904888,1.5777172,-1.0674685,-0.13998288,9.751241,0.7234189,-1.6372132,2.7422247,16.003307,-7.324772,-7.8121486,-2.5534227,-1.657283,0.4727478,12.341566,-5.9271607
264,0.0113787465,0.12060321,-0.04794063,-0.072502404,-0.022813251,-0.99710727,1.0,0.0,0.0,0.08068333,-0.057560842,0.22963566,-0.006820202,-0.15824139,-0.2709468,-0.1491578,-0.11675261,0.17456383,0.012242317,-0.069313824,-0.2750972,0.020592887,-0.033331834,0.07190209,-0.14269285,0.10332485,-1.0575801,-0.015617556,0.011819839,-0.24625953,0.29021084,1.2331681,-0.9849434,-1.4240028,0.85128194,-0.3819373,-0.4546111,-0.34701833,0.21232158,1.0072666,-0.8143404,0.99428856,-0.99614406,-1.064255,0.683155,-199.62456,-199.32289,199.79758,-221.28181,-199.82338,-186.02689,200.68869,208.0128,-207.46834,162.25888,38.571537,-199.47298,0.08068333,-0.057560842,-0.57036436,1.5931798,-0.9582414,-0.2709468,-0.1491578,-0.11675261,-0.6254362,1.6122423,-0.86931384,-0.2750972,0.41185772,-0.66663665,1.4380418,-2.8538568,2.066497,-21.151602,-0.3123511,0.23639677,-4.9251904,5.804217,24.663363,-19.698868
265,0.0027987973,0.00093822705,-0.03528117,-0.07061792,-0.023370594,-0.9972297,1.0,0.0,0.0,0.05320753,-0.063642226,0.23999429,-0.013057351,-0.19202632,-0.3995789,-0.10468645,-0.11362361,0.14610595,0.056293488,0.05991876,-0.3773229,-0.24247067,-0.05136856,0.044182938,0.036598366,-0.29959628,-0.35289216,0.413512,0.0082793,-0.04210754,0.14215355,0.24949066,-0.15429111,1.1060851,-0.9101996,0.9611347,1.3304926,0.045137137,0.8392791,-0.799796,1.2367316,-0.8877429,0.11586608,-1.7598491,0.90073043,-86.05306,-176.22263,10.7099,85.60515,-24.549866,162.09586,192.40315,-187.24678,267.3753,-146.15361,-202.90298,204.65775,0.05320753,-0.063642226,-0.5600057,1.5869427,-0.9920263,-0.3995789,-0.10468645,-0.11362361,-0.65389407,1.6562935,-0.74008125,-0.3773229,-4.8494134,-1.0273712,0.8836587,0.7319673,-5.9919252,-7.057843,8.27024,0.165586,-0.8421508,2.843071,4.9898133,-3.085822
266,0.067628525,0.003886947,0.1758932,-0.070773125,-0.024497446,-0.99719155,1.0,0.0,0.0,0.04658804,-0.07889207,0.24646223,0.0136425495,-0.18134195,-0.38993144,-0.067913674,-0.11102261,0.12600899,0.09383404,0.034755886,-0.33412555,0.13831408,-0.09609609,0.03640131,0.19886546,0.3510106,0.37460932,-0.0037886952,0.015747514,-0.14399104,0.20028606,-0.43192792,0.5176839,-0.13008845,0.786913,-0.4296776,-1.5927438,0.37656164,0.38968816,-0.5641979,-0.798753,0.8330126,-0.3655215,-0.094402395,0.54554665,197.74873,-192.67583,223.0467,186.63953,200.44356,200.54324,-199.64937,200.04156,-204.11974,-141.62424,-200.1969,200.21828,0.04658804,-0.07889207,-0.5535378,1.6136426,-0.98134196,-0.38993144,-0.067913674,-0.11102261,-0.673991,1.6938341,-0.7652441,-0.33412555,2.7662816,-1.9219217,0.72802615,3.9773092,7.0202117,7.492186,-0.0757739,0.31495026,-2.8798208,4.005721,-8.638558,10.353678
267,0.048605755,-0.04966888,0.50866437,-0.07177374,-0.026209837,-0.9970765,1.0,0.0,0.0,0.029747214,-0.1011107,0.24804431,0.04221201,-0.051981807,-0.24305765,-0.11260352,-0.118689984,0.11253488,0.102134466,-0.022422314,-0.15501957,-0.26047996,-0.15468715,-0.06236124,0.15234457,0.71230507,1.0149741,-0.40065336,-0.076660566,0.0026706813,-0.09125687,-0.20729108,1.2054952,-0.58435106,-0.915425,0.7878725,-1.551572,0.2292831,-0.7516525,0.74191225,1.0268334,-0.85812163,-0.24184634,-0.10470996,-0.035217598,-45.453156,-310.15744,-530.7133,-83.52617,-4.7978516,172.65343,-200.15858,-189.22131,191.16458,-225.48782,38.45209,200.48042,0.029747214,-0.1011107,-0.5519557,1.642212,-0.8519818,-0.24305765,-0.11260352,-0.118689984,-0.68746513,1.7021345,-0.8224223,-0.15501957,-5.209599,-3.0937428,-1.2472248,3.0468912,14.246101,20.299482,-8.013067,-1.5332112,0.053413626,-1.8251374,-4.1458216,24.109903
268,0.03179992,-0.035538413,0.76649374,-0.0740513,-0.025921332,-0.9969175,1.0,0.0,0.0,-0.0700532,-0.13289985,0.2393102,0.0593338,0.043780565,-0.09114026,-0.15631944,-0.122205965,0.11614996,0.06794357,-0.0552876,0.0098180855,-0.69127434,-0.15814511,-0.025346575,0.037950043,0.35998642,0.5585195,-0.06983774,0.02974211,0.032995384,-0.23554437,-0.130397,0.51228863,0.6711198,0.828464,-0.5600816,0.3202358,-0.36505598,-1.5234401,0.82096267,-0.6545737,0.946664,0.19827147,0.33151615,-1.2030718,-229.93393,129.9083,113.87255,-23.050766,-55.77523,-119.913765,199.42357,197.59639,-189.15926,-217.6506,15.093495,-200.09871,-0.0700532,-0.13289985,-0.5606898,1.6593338,-0.75621945,-0.09114026,-0.15631944,-0.122205965,-0.68385005,1.6679436,-0.8552876,0.0098180855,-13.825486,-3.1629024,-0.5069315,0.75900084,7.1997285,11.170389,-1.3967547,0.5948422,0.6599077,-4.7108874,-2.6079402,10.245772
269,0.021284377,-0.05244556,-0.06324139,-0.07630723,-0.025894267,-0.9967481,1.0,0.0,0.0,-0.15678252,-0.15062712,0.21575171,0.09983158,0.040336013,-0.055631734,-0.11622847,-0.12047686,0.12980646,0.034974694,-0.0072384477,0.0386073,-0.22418916,-0.031284865,-0.19131039,0.33440447,-0.32625195,-0.13422982,0.42206118,-0.008498691,0.09434592,-0.106300294,0.5435921,-0.15737003,1.2062519,-0.80401814,0.45892552,-1.5497936,-0.2793607,0.12806204,-0.6095818,1.2044467,-0.82577205,-0.73226553,0.5993566,-0.848578,200.95685,212.61871,-207.72289,155.37146,-200.17392,-199.75395,198.71974,-185.9085,210.29834,189.85934,200.42737,-199.5652,-0.15678252,-0.15062712,-0.5842483,1.6998316,-0.759664,-0.055631734,-0.11622847,-0.12047686,-0.67019355,1.6349747,-0.80723846,0.0386073,-4.4837832,-0.62569726,-3.8262076,6.6880894,-6.525039,-2.6845963,8.441223,-0.16997382,1.8869183,-2.126006,10.871841,-3.1474006
270,0.096799046,-0.09897724,0.1847712,-0.079168685,-0.027798412,-0.99647355,1.0,0.0,0.0,-0.16096078,-0.16115537,0.20587927,0.13566983,-0.06888634,-0.014993544,-0.08181061,-0.11774278,0.13103235,0.028853059,0.12196857,-0.04819346,0.14213462,-0.072856925,0.07016763,0.04521161,-0.55381,0.3476027,-0.026991189,0.024298823,-0.11030716,0.15937227,0.5063216,-0.5700598,0.14271429,0.78066367,-0.5762157,-1.5772368,0.112713724,0.70381767,-0.7664258,-0.84206635,0.9345417,1.5070797,-0.80288136,-0.7413207,197.86342,-193.03876,210.24603,-214.50002,52.93989,-0.51004994,-201.6104,181.65547,-162.59232,403.64093,-55.030975,-95.82577,-0.16096078,-0.16115537,-0.59412074,1.7356699,-0.86888635,-0.014993544,-0.08181061,-0.11774278,-0.66896766,1.6288531,-0.67803144,-0.04819346,2.8426924,-1.4571384,1.4033526,0.9042322,-11.0762,6.9520535,-0.5398238,0.48597643,-2.2061431,3.1874454,10.126432,-11.401196
271,0.06792534,-0.10185998,-0.004752619,-0.083176464,-0.03103468,-0.99605143,1.0,0.0,0.0,-0.08917174,-0.16295564,0.22162783,0.132846,-0.10188949,0.13071053,-0.12603132,-0.11311708,0.1053682,0.07871544,0.13279933,-0.22609822,0.4936761,0.040940113,0.0821407,-0.06355008,0.15274502,1.0391778,-0.3836427,0.01005578,-0.1344441,0.30673072,-0.2880717,-1.1487274,-0.55570555,-0.64478153,0.4439574,-1.0855485,0.3164574,-0.53223926,0.93141395,1.2723583,-0.84781396,-1.0839555,-1.3172996,1.1155738,60.74985,217.39401,-206.88739,-222.42757,199.55428,200.30942,-198.78815,-195.7289,209.30112,177.07123,-200.35793,-101.837746,-0.08917174,-0.16295564,-0.5783722,1.732846,-0.9018895,0.13071053,-0.12603132,-0.11311708,-0.6946318,1.6787155,-0.6672007,-0.22609822,9.873522,0.81880224,1.6428139,-1.2710015,3.0549004,20.783556,-7.672854,0.20111561,-2.6888819,6.1346145,-5.7614336,-22.974548
272,0.07773477,-0.064872466,0.2789059,-0.08672338,-0.033337776,-0.9956745,1.0,0.0,0.0,-0.038544446,-0.16673265,0.25097865,0.08849597,0.0004918575,0.26274633,-0.16376844,-0.1033754,0.081723034,0.12678969,0.0012335181,-0.3796576,0.055736788,-0.069164656,0.20056427,-0.35169184,0.72884244,0.3504238,-0.030420853,0.08011647,-0.10816828,0.18640977,-0.960495,-0.45649895,-1.4778576,0.9396078,-0.54798454,0.6647349,0.22660983,-1.6315311,1.1506147,-0.7165519,0.78800416,-0.8124514,0.29414168,1.0955355,-205.2869,-177.08781,210.83168,-220.38387,35.148716,-199.76495,200.12935,212.07552,-202.5415,-226.75177,-200.32846,200.64102,-0.038544446,-0.16673265,-0.54902136,1.688496,-0.79950815,0.26274633,-0.16376844,-0.1033754,-0.718277,1.7267897,-0.7987665,-0.3796576,1.1147357,-1.383293,4.0112853,-7.033837,14.576848,7.0084763,-0.60841703,1.6023294,-2.1633656,3.7281954,-19.2099,-9.129979
273,0.15024011,-0.072523795,0.024545752,-0.08967831,-0.037485052,-0.9952651,1.0,0.0,0.0,-0.06740848,-0.18079312,0.2660206,0.04577303,0.09945774,0.25279832,-0.120543145,-0.09665501,0.08194184,0.1364448,-0.11506778,-0.39309156,-0.3089974,-0.07311233,-0.031455666,-0.09901933,0.36374408,-0.37721065,0.4177067,-0.004994265,0.0898368,-0.06280492,-0.2717036,0.25103286,0.58163357,-0.8574516,0.3583498,-0.92816967,-0.39235783,-1.0422812,-0.33341128,1.0020684,-0.8161727,0.19072522,0.564298,0.8242953,-200.1267,213.10551,-217.22891,176.23898,-65.207115,-199.97826,200.03761,-187.87184,203.42624,-212.96446,200.17705,200.24048,-0.06740848,-0.18079312,-0.5339794,1.645773,-0.7005423,0.25279832,-0.120543145,-0.09665501,-0.71805817,1.7364448,-0.9150678,-0.39309156,-6.179948,-1.4622467,-0.6291133,-1.9803866,7.2748814,-7.544213,8.354134,-0.09988529,1.7967359,-1.2560984,-5.434072,5.020657
274,0.10298305,0.00886844,0.2073927,-0.09192846,-0.041764572,-0.9948894,1.0,0.0,0.0,-0.095060796,-0.18695952,0.28099948,0.01766181,0.082434654,0.106024176,-0.082602866,-0.091234155,0.07871091,0.14163649,-0.092856586,-0.26873773,-0.0002659204,-0.01056285,0.14104466,-0.19778463,-0.42348814,-1.0303109,0.0053680926,0.05103391,-0.107167855,0.07885138,0.4244549,0.9241218,0.6959908,0.776053,-0.37280428,1.2035059,0.39275444,-0.8715052,-0.984076,-0.7196847,0.75608873,-0.81364244,-0.12266955,-0.05164717,200.10278,-195.27246,40.833897,-224.82957,-200.15147,-200.0364,-198.45201,196.98781,-208.57765,11.104805,199.59962,200.2138,-0.095060796,-0.18695952,-0.51900053,1.6176618,-0.71756536,0.106024176,-0.082602866,-0.091234155,-0.7212891,1.7416365,-0.8928566,-0.26873773,-0.0053184074,-0.211257,2.8208933,-3.9556925,-8.469763,-20.606216,0.107361846,1.0206782,-2.143357,1.5770276,8.489098,18.482435
275,0.22475609,0.001590803,-0.104385145,-0.091767,-0.048276957,-0.9946095,1.0,0.0,0.0,-0.047045987,-0.1683595,0.28480858,0.029747963,0.029440165,-0.14795072,-0.12165595,-0.09182899,0.07465571,0.12734401,-0.07526773,-0.15629815,0.4297824,0.16086923,-0.07610047,0.23075007,-0.08106202,-1.5121534,-0.35808033,-0.04896488,0.04853473,-0.19210169,-0.081670575,0.33207202,-0.28127152,-0.92036396,0.6779129,-0.89226604,-0.06726973,0.7519607,1.010499,1.0152365,-0.9134029,0.68580073,-0.5971353,-0.5915678,196.62753,324.36987,-352.98526,188.26662,138.69363,-169.12538,-201.1098,-192.06645,193.8555,-219.46075,-36.56568,-90.222885,-0.047045987,-0.1683595,-0.51519144,1.629748,-0.77055985,-0.14795072,-0.12165595,-0.09182899,-0.7253443,1.727344,-0.87526774,-0.15629815,8.595648,3.2173843,-1.5220094,4.615001,-1.6212404,-30.243067,-7.1616063,-0.9792976,0.97069454,-3.8420336,-1.6334115,6.6414404
276,0.09407304,0.0018884904,0.2057985,-0.09192044,-0.054040443,-0.9942988,1.0,0.0,0.0,-0.006560301,-0.14577264,0.2848984,0.05151975,-0.005395949,-0.371337,-0.1563676,-0.08754788,0.07020241,0.117787,-0.166754,-0.16559105,0.013757574,0.07197581,0.057734855,0.0020469576,-0.17351164,-0.7969139,-0.021404436,0.077414855,-0.08020195,0.069470935,-0.76479787,-0.35637414,-1.1486717,0.89654773,-0.7083541,-0.6647788,-0.14080507,0.93838465,0.8247969,-1.0217806,0.9149653,-0.9410424,0.24396151,-0.31990272,-200.14188,-192.24377,190.74829,-224.18106,26.991766,200.37685,200.23398,204.34761,-198.91904,179.29088,-200.03297,-199.75635,-0.006560301,-0.14577264,-0.5151016,1.6515198,-0.80539596,-0.371337,-0.1563676,-0.08754788,-0.7297976,1.717787,-0.966754,-0.16559105,0.2751515,1.4395162,1.1546971,0.040939152,-3.4702327,-15.938278,-0.42808872,1.548297,-1.6040391,1.3894187,-15.295957,-7.127483
277,0.08152354,-0.0017559635,0.045657583,-0.092256814,-0.05702131,-0.9941013,1.0,0.0,0.0,-0.041878905,-0.13226822,0.29051208,0.036682248,-0.05400002,-0.45777297,-0.11281774,-0.07858035,0.076937795,0.100691676,-0.24440175,-0.22674868,-0.3319865,0.06301172,0.0042652558,-0.1370758,-0.22728117,-0.13364395,0.41431227,0.017236367,0.1252216,-0.21167056,-0.08018513,-0.24993788,0.66664803,-1.0393753,0.5679717,0.28566206,0.434402,0.84832144,-0.071652375,0.9434526,-0.8816283,0.7734522,0.74597734,0.981164,-203.84543,201.12212,-175.37035,-209.98953,22.578346,200.50539,202.21921,-200.03204,198.16335,-216.83568,200.37253,31.067234,-0.041878905,-0.13226822,-0.5094879,1.6366823,-0.85400003,-0.45777297,-0.11281774,-0.07858035,-0.7230622,1.7006917,-1.0444018,-0.22674868,-6.6397295,1.2602344,0.08530512,-2.7415159,-4.5456233,-2.672879,8.286245,0.34472734,2.5044317,-4.2334113,-1.6037025,-4.9987574
278,0.017583424,-0.06376473,0.17284602,-0.0937409,-0.058657322,-0.99386716,1.0,0.0,0.0,-0.068967685,-0.12818618,0.29249954,0.034199595,-0.049596548,-0.4141287,-0.07078707,-0.068898834,0.07902777,0.08898258,-0.18375885,-0.20247631,0.02401149,-0.026013663,-0.008823442,0.112042345,0.14726986,0.49569055,0.08831713,0.077144824,-0.07595586,0.06559753,0.6166394,0.4264485,0.78996396,0.77167445,-0.68592924,-0.6962597,-0.20426351,-0.21021661,-1.1891285,-1.0334308,0.92355,-1.3032959,-0.42396158,-0.03211786,259.8473,-423.82022,-52.429886,212.40437,79.27373,180.32849,-86.166245,195.8528,-211.83961,174.91832,199.70738,200.19798,-0.068967685,-0.12818618,-0.50750047,1.6341996,-0.84959656,-0.4141287,-0.07078707,-0.068898834,-0.72097224,1.6889826,-0.98375887,-0.20247631,0.4802298,-0.52027327,-0.17646885,2.2408469,2.9453971,9.913811,1.7663426,1.5428965,-1.5191171,1.3119506,12.3327875,8.52897
279,0.10387738,-0.02669241,-0.05789868,-0.09550432,-0.06109268,-0.99355245,1.0,0.0,0.0,-0.017551823,-0.12253949,0.29372478,0.044965863,-0.082687974,-0.3316177,-0.09385558,-0.06375813,0.08205342,0.06980789,-0.13707763,-0.13281894,0.4484694,0.07891666,0.016700817,-0.0022977616,-0.2832373,0.3354745,-0.28272894,-0.0153898895,0.091294765,-0.22706404,-0.07974149,0.2790763,-0.61144805,-1.1920682,0.5479148,-0.860769,-0.24871224,0.2513557,1.0817494,0.9828527,-0.6603335,0.3407339,-0.6067808,-0.55630964,203.28639,196.37218,-217.00293,-221.69441,-8.644224,-49.006752,-201.51637,-200.91168,204.7143,-215.16698,-199.68773,-41.413692,-0.017551823,-0.12253949,-0.50627524,1.6449659,-0.882688,-0.3316177,-0.09385558,-0.06375813,-0.7179466,1.6698079,-0.93707764,-0.13281894,8.969388,1.5783331,0.33401635,-0.04595523,-5.6647463,6.70949,-5.6545787,-0.3077978,1.8258953,-4.5412807,-1.5948298,5.5815263
280,-0.037318703,-0.031547803,0.21877012,-0.09699443,-0.061704487,-0.9933703,1.0,0.0,0.0,0.02421922,-0.118738495,0.31237808,0.015154958,-0.1460653,-0.19026664,-0.11170459,-0.053807802,0.08523142,0.054184318,-0.22787458,-0.15286127,0.011237024,-0.029854242,0.15560031,-0.27219805,-0.28143796,0.9776484,0.0707055,0.101869285,-0.047499835,0.04321998,-0.7533818,-0.410701,-1.1132703,0.77841157,-0.5763367,1.1702306,1.009181,-0.23181811,0.88654804,-0.98795795,0.7735429,-1.3030345,0.09484374,-0.14197978,-200.97127,-191.7965,198.30966,-225.1536,37.738106,94.9878,200.82695,196.91292,-206.12083,176.96873,-176.52315,-199.99147,0.02421922,-0.118738495,-0.48762193,1.615155,-0.9460653,-0.19026664,-0.11170459,-0.053807802,-0.7147686,1.6541843,-1.0278746,-0.15286127,0.22474049,-0.5970848,3.1120062,-5.443961,-5.628759,19.552967,1.4141101,2.0373857,-0.9499967,0.8643996,-15.067636,-8.21402
281,0.030396763,-0.03349471,-0.0018516564,-0.09858535,-0.061227024,-0.9932432,1.0,0.0,0.0,-0.01162886,-0.12588833,0.31860512,-0.011811614,-0.12578374,-0.0734341,-0.04825724,-0.04298367,0.09532291,0.033559203,-0.30351883,-0.17093246,-0.33583558,-0.04167975,-0.07291167,-0.019620437,0.4147248,0.26169333,0.51770073,0.016688932,0.12951152,-0.22306828,-0.07140584,0.05045634,0.82019633,-1.1854253,0.34960604,-0.6719018,-0.086475894,-0.8872601,-0.42806947,0.8932241,-0.68532777,0.40772092,0.9812632,0.5576306,-203.12936,217.01682,-203.38448,183.71318,200.2524,-199.74896,202.97092,-196.4429,191.88919,-218.17189,200.27097,23.578068,-0.01162886,-0.12588833,-0.4813949,1.5881884,-0.92578375,-0.0734341,-0.04825724,-0.04298367,-0.7046771,1.6335592,-1.1035188,-0.17093246,-6.7167115,-0.83359504,-1.4582334,-0.39240873,8.294496,5.233866,10.354014,0.33377862,2.5902305,-4.4613657,-1.4281168,1.0091268
282,-0.09880451,0.08848466,0.15875188,-0.09762384,-0.05961907,-0.993436,1.0,0.0,0.0,-0.04114412,-0.12556648,0.31783044,-0.021714568,-0.111578345,-0.07946618,0.009650408,-0.031499516,0.09537965,0.017884254,-0.24095052,-0.08675721,0.012031663,0.054898817,0.020917075,-0.010358026,-0.11872234,-0.20974822,0.10263206,0.094037294,-0.106373586,0.036197405,0.6268689,0.72390115,0.87724924,0.7458089,-0.3689704,0.871791,-0.5953635,-0.08907658,-1.1588966,-0.9568513,0.9722227,-1.0393186,-0.9105961,-0.50506496,164.56984,37.929108,85.43318,146.81624,-56.50759,-108.39208,-198.93878,184.7346,-219.91194,170.01645,199.57999,199.91649,-0.04114412,-0.12556648,-0.48216957,1.5782855,-0.91157836,-0.07946618,0.009650408,-0.031499516,-0.70462036,1.6178843,-1.0409505,-0.08675721,0.24063326,1.0979763,0.4183415,-0.20716052,-2.3744469,-4.1949644,2.0526412,1.8807459,-2.1274717,0.7239481,12.537378,14.478023
283,0.081750855,0.15156725,-0.10352089,-0.0926796,-0.059613466,-0.99390984,1.0,0.0,0.0,0.012048923,-0.10558763,0.30514193,0.007725477,-0.21009511,-0.09027092,-0.012944585,-0.023365583,0.09213179,-0.006028652,-0.19234729,-0.018280374,0.47216508,0.13726607,-0.13378923,0.27400002,-0.7858774,-0.005930508,-0.29003838,-0.00027574893,0.05989908,-0.24573946,-0.070655815,0.030467525,-0.6388102,-1.1980387,0.88213,-1.2543912,0.5352212,0.9715074,0.9005782,1.144581,-0.7175164,-0.035365924,-0.35185227,-0.3744059,206.45679,184.99988,-248.66986,159.44446,-157.65775,9.659903,-201.56982,-187.33653,210.77928,-211.94902,-199.57556,-199.62979,0.012048923,-0.10558763,-0.4948581,1.6077255,-1.0100951,-0.09027092,-0.012944585,-0.023365583,-0.7078682,1.5939714,-0.9923473,-0.018280374,9.443301,2.7453213,-2.6757843,5.48,-15.717548,-0.11861016,-5.8007674,-0.0055149784,1.1979816,-4.914789,-1.4131162,0.6093505
284,-0.0129040945,0.071990326,0.097407006,-0.08875859,-0.060336966,-0.99422395,1.0,0.0,0.0,0.057750035,-0.09093063,0.2959938,0.029973269,-0.29236096,-0.015627146,-0.024708891,-0.014116377,0.09136921,-0.005205035,-0.235776,-0.076865055,0.030556757,0.017252287,0.024839284,-0.023235645,-0.10534749,0.6838473,0.11292918,0.09503271,-0.04570478,0.12960851,-0.24909543,-0.52510405,-1.0902286,0.7940277,-0.37623966,-0.72380406,0.74817157,-0.17491281,0.6888194,-0.915217,1.0454096,-0.9296188,0.03126908,0.8638848,-199.64507,-198.31288,192.67603,-219.96451,199.89339,200.02638,184.52676,337.0377,-73.207016,147.77263,8.666805,-144.44667,0.057750035,-0.09093063,-0.5040062,1.6299733,-1.092361,-0.015627146,-0.024708891,-0.014116377,-0.7086308,1.594795,-1.035776,-0.076865055,0.6111351,0.34504572,0.49678567,-0.4647129,-2.1069498,13.676946,2.2585835,1.9006541,-0.9140955,2.5921702,-4.9819083,-10.502081
285,0.0054846588,0.00485675,-0.16266425,-0.087387405,-0.06029896,-0.9943478,1.0,0.0,0.0,0.02550069,-0.08664177,0.29787236,0.00839746,-0.23607832,0.042108398,0.037928566,-0.0010741882,0.085204184,0.005536914,-0.2224415,-0.09057833,-0.3183388,0.023919046,-0.003262534,-0.17688584,0.59811944,-0.034611925,0.47402498,0.040396284,-0.019589433,-0.016424267,0.32138655,0.30211696,1.0557218,-1.1170725,0.65301716,1.0400305,0.3320255,0.35381484,-0.8447709,0.90554917,-0.6604142,-0.12727027,0.6581482,0.49147168,-203.80797,209.51704,-178.74132,-209.00774,200.7041,-200.0129,156.47241,-120.16269,-216.26459,-232.31245,160.37067,233.72102,0.02550069,-0.08664177,-0.50212765,1.6083975,-1.0360783,0.042108398,0.037928566,-0.0010741882,-0.7147958,1.6055369,-1.0224415,-0.09057833,-6.366776,0.47838092,-0.06525068,-3.5377169,11.962389,-0.6922385,9.480499,0.80792564,-0.39178866,-0.3284853,6.427731,6.042339
286,0.053601693,-0.108611606,0.09774209,-0.08896009,-0.061998155,-0.9941038,1.0,0.0,0.0,0.0013818855,-0.08717673,0.2953562,0.0022991896,-0.087704,0.096742496,0.09997219,-0.0017098385,0.07475835,0.0097773075,-0.07195395,0.023053035,0.046654146,-0.03494288,-0.07500232,0.20064679,0.5782215,0.41648862,0.18239747,-0.03947584,-0.07525277,0.04910449,1.1022022,0.75985557,0.723976,0.8621408,-0.5198385,-0.5695979,-0.6363555,0.38461635,-0.88496566,-0.90522003,1.0934125,0.028055444,-1.216748,-0.59442765,269.53165,-363.9198,-98.70676,522.039,-104.38138,75.631165,-134.01152,-164.60237,-205.78384,-20.895187,217.44374,127.35504,0.0013818855,-0.08717673,-0.5046438,1.6022992,-0.887704,0.096742496,0.09997219,-0.0017098385,-0.72524166,1.6097773,-0.87195396,0.023053035,0.93308294,-0.6988576,-1.5000464,4.0129356,11.564429,8.329772,3.6479492,-0.7895168,-1.5050554,0.98208976,22.044043,15.197111
287,0.11906423,-0.05560682,-0.09417997,-0.09200326,-0.065277584,-0.9936167,1.0,0.0,0.0,0.05325977,-0.09175178,0.2835484,0.04828441,-0.06444931,0.1963758,0.0944965,-0.013499621,0.068939924,0.013275385,0.06385201,0.099446416,0.43963167,0.013237911,-0.04056249,0.22436564,-0.21708433,0.48047185,-0.18784632,-0.050292384,-0.010459804,0.026642857,0.26472813,0.08332812,-0.72001517,-1.236362,0.4653766,-1.4799659,-0.20094341,-0.7607539,0.5525034,1.0068549,-0.7009125,0.08336322,-1.0594575,-1.2096003,164.67612,222.92824,-0.79478455,-55.76819,-201.37192,-37.75025,-168.0155,147.82677,90.21215,58.872032,-273.62442,-180.87912,0.05325977,-0.09175178,-0.5164516,1.6482844,-0.8644493,0.1963758,0.0944965,-0.013499621,-0.7310601,1.6132754,-0.736148,0.099446416,8.792633,0.26475823,-0.81124973,4.487313,-4.3416867,9.609437,-3.7569263,-1.0058477,-0.20919608,0.5328571,5.2945623,1.6665624
288,-0.006124362,-0.0904531,0.09877597,-0.095111154,-0.06708874,-0.9932034,1.0,0.0,0.0,0.090052776,-0.09795707,0.29267764,0.06399238,-0.1167956,0.21702147,0.09717887,-0.012171723,0.056208253,0.035125494,0.04115671,0.039564457,-0.024332842,-0.06993,0.113337554,-0.041926812,-0.23426917,-0.20525439,0.17771207,0.0509437,-0.098761134,0.15012789,-0.42009854,-0.6114592,-0.9756552,0.81960624,-0.53755957,-1.2042801,0.21427575,-0.6163562,0.82550085,-0.9443868,0.8791636,-0.69401246,-0.2555633,0.06415579,-200.19536,-196.39458,199.27913,-217.8846,35.032692,-200.0989,199.55087,195.58736,-203.97775,-42.85639,-200.02031,-200.16508,0.090052776,-0.09795707,-0.5073224,1.6639924,-0.9167956,0.21702147,0.09717887,-0.012171723,-0.74379176,1.6351255,-0.7588433,0.039564457,-0.48665684,-1.3986,2.266751,-0.8385362,-4.6853833,-4.1050878,3.5542414,1.0188739,-1.9752226,3.0025578,-8.401971,-12.229184
289,-0.0011150283,-0.042763114,-0.015042534,-0.09786389,-0.0667251,-0.99296033,1.0,0.0,0.0,0.046373744,-0.11109023,0.30810976,0.039619207,-0.086075544,0.09714802,0.18084446,-0.011364568,0.056515336,0.033024907,-0.06796014,-0.0048002372,-0.37824935,-0.064222075,0.045168348,-0.1881312,0.4707633,-0.92218125,0.6156821,-0.035165317,0.08130619,-0.14268577,-0.5045822,0.06523376,0.9567316,-1.2024149,0.44485572,0.15998048,0.19080442,0.40861157,-1.1579018,1.092024,-0.5362431,0.03532721,0.6569195,0.5866373,-198.96185,199.4788,-221.6004,-229.82942,199.31836,-200.19154,202.4435,-200.0617,218.27046,-205.03401,60.203434,115.19521,0.046373744,-0.11109023,-0.49189025,1.6396192,-0.88607556,0.09714802,0.18084446,-0.011364568,-0.7434847,1.6330249,-0.86796016,-0.0048002372,-7.5649867,-1.2844415,0.9033669,-3.762624,9.415266,-18.443624,12.3136425,-0.7033063,1.6261238,-2.8537154,-10.091644,1.3046752
290,-0.061601114,-0.1823696,0.122633524,-0.10258956,-0.06517266,-0.9925865,1.0,0.0,0.0,0.009679388,-0.1168685,0.31319225,0.034714103,-0.0053108335,0.014573628,0.25853434,-0.00973685,0.05949068,0.02328515,-0.092027545,0.08169549,-0.032011338,-0.005174805,-0.0019824833,0.10550467,0.3395567,0.005388349,0.2019786,0.044818986,-0.031382926,0.010410643,0.19418304,0.73323935,0.92302823,0.7547825,-0.5260897,-0.8016427,-0.6944728,0.31926993,-1.1283851,-0.89087236,0.90746427,-0.11550151,-0.3067144,-0.7992193,203.38806,-169.06639,-78.219086,144.02672,2.3887863,234.58212,-200.25496,192.61958,-212.33943,0.51942444,199.58868,199.86661,0.009679388,-0.1168685,-0.48680776,1.6347141,-0.80531085,0.014573628,0.25853434,-0.00973685,-0.74050933,1.6232852,-0.89202756,0.08169549,-0.6402267,-0.1034961,-0.039649665,2.1100934,6.791134,0.10776697,4.039572,0.8963797,-0.6276585,0.20821287,3.8836606,14.664787
291,0.11543237,-0.094314165,-0.118401065,-0.10763688,-0.066328384,-0.9919753,1.0,0.0,0.0,0.051453486,-0.113439,0.31542602,0.052853703,-0.019051254,0.082932256,0.25347632,-0.011520666,0.069675684,0.016441822,-0.11438918,0.14071819,0.38973475,0.029537037,0.03265005,0.10263099,-0.40342376,0.513127,-0.21638465,-0.048393812,0.10580931,-0.03963313,-0.3372677,-0.06990808,-0.17358142,-1.2241168,0.2936904,-1.1172309,-0.2022787,0.06915216,-0.05321402,0.9500359,-0.45108834,0.181574,-0.28987586,-1.1001873,147.81374,141.47223,127.74942,73.59503,-204.62486,28.196157,-216.97588,-125.94297,195.02547,56.269318,-109.21634,-221.46933,0.051453486,-0.113439,-0.484574,1.6528537,-0.81905127,0.082932256,0.25347632,-0.011520666,-0.7303243,1.6164418,-0.9143892,0.14071819,7.794695,0.59074074,0.65300095,2.0526197,-8.068475,10.262541,-4.327693,-0.9678762,2.1161861,-0.79266256,-6.7453537,-1.3981616
292,-0.04452839,0.17127734,0.3232913,-0.10593419,-0.06676087,-0.99212956,1.0,0.0,0.0,0.070242636,-0.11898561,0.3162267,0.05522144,-0.09172064,0.11414892,0.1657121,-0.010922503,0.0606544,0.037958145,-0.18217784,0.04798277,-0.1410117,-0.07744288,-0.01860918,-0.06549903,-0.30221546,-0.055493213,-0.5380209,0.04890507,-0.15990144,0.21558927,-0.29163605,-0.78344244,-1.1247077,0.81792086,0.12560798,-0.82227343,0.63892746,-1.0448841,0.70869267,-0.9399284,0.8742002,-1.0176276,0.2596799,-0.2031641,-201.12791,-194.23161,-37.65548,-218.47247,41.119637,-59.37686,9.214034,234.86012,-185.25378,107.72655,37.502125,-199.29059,0.070242636,-0.11898561,-0.48377332,1.6552215,-0.89172065,0.11414892,0.1657121,-0.010922503,-0.7393456,1.6379582,-0.98217785,0.04798277,-2.820234,-1.5488575,-0.3721836,-1.3099805,-6.044309,-1.1098642,-10.760418,0.97810143,-3.1980288,4.311785,-5.8327208,-15.668849
293,-0.01863908,0.22883762,0.19890293,-0.098552994,-0.064449966,-0.9930426,1.0,0.0,0.0,0.002513945,-0.1338587,0.30399892,0.025917172,-0.07459366,0.024061693,0.10599204,-0.00966883,0.047308326,0.04797542,-0.16542184,-0.05964826,-0.50350726,-0.0691852,-0.09707477,-0.2139384,0.4028593,-0.7738116,-0.10378559,-0.030604346,0.0086468235,-0.084629364,0.3910587,-0.39881065,0.9153624,-1.224219,1.0012387,0.6246081,0.2535656,0.21414602,0.81086326,1.0434313,-0.6675353,-0.57440466,0.40554267,0.6874653,-215.62305,270.6771,-213.58383,-225.80402,199.61052,-198.63632,199.89922,-196.15218,200.49396,-216.50612,199.97318,62.774895,0.002513945,-0.1338587,-0.4960011,1.6259172,-0.8745937,0.024061693,0.10599204,-0.00966883,-0.7526917,1.6479754,-0.96542186,-0.05964826,-10.070145,-1.383704,-1.9414953,-4.278768,8.057186,-15.476232,-2.0757117,-0.6120869,0.17293647,-1.6925873,7.821174,-7.976213
294,-0.0676623,0.15392971,-0.15905836,-0.09104838,-0.06258291,-0.9938781,1.0,0.0,0.0,-0.05038556,-0.14182037,0.27728045,0.027279258,0.012152851,-0.022591116,0.13285615,-0.009113853,0.050460517,0.0177778,-0.012915552,-0.06356872,-0.07737536,-0.030121444,-0.16493014,0.14373885,0.4595492,0.17184244,0.33014268,0.028268784,0.023528552,-0.20379722,0.9881167,0.2909263,0.83223206,0.71357113,-0.11069234,-0.045014206,-0.76217073,-0.066035286,-1.1224132,-0.73970276,1.1460236,0.68978035,-1.0833312,0.03958112,212.9207,-190.21288,-26.615967,153.38713,30.9003,219.5859,200.05685,181.4574,-201.59442,-221.56279,22.965208,199.9964,-0.05038556,-0.14182037,-0.52271956,1.6272793,-0.78784716,-0.022591116,0.13285615,-0.009113853,-0.7495395,1.6177778,-0.81291556,-0.06356872,-1.5475072,-0.60242885,-3.2986026,2.8747768,9.190984,3.4368489,6.6028533,0.5653757,0.470571,-4.0759444,19.762333,5.818526
295,-0.04519635,0.22213402,-0.3285229,-0.08279148,-0.061257515,-0.99468243,1.0,0.0,0.0,-0.017336663,-0.13301693,0.24983877,0.054924965,0.028419018,-0.02738446,0.15741873,-0.009876263,0.056361735,-0.011730909,0.10697812,-0.019999802,0.36074337,0.09857529,-0.12068432,0.122330986,-0.22475938,-0.07906879,-0.046803758,-0.028618952,0.034132026,-0.09992422,0.2812929,0.16789383,-0.22060895,-1.3232502,0.9774343,-0.8877042,-0.51396763,-0.03061029,-0.927042,1.2298537,-0.66138685,-0.8506332,-1.1759453,-0.87922025,198.70692,190.87181,-107.38441,-127.147835,-199.27037,-6.6721625,-200.22046,-199.90756,201.83122,184.90819,-200.07242,-27.518736,-0.017336663,-0.13301693,-0.55016124,1.654925,-0.771581,-0.02738446,0.15741873,-0.009876263,-0.7436383,1.5882691,-0.6930219,-0.019999802,7.2148676,1.9715056,-2.4136863,2.4466197,-4.4951878,-1.5813757,-0.93607515,-0.57237905,0.6826405,-1.9984844,5.6258574,3.3578765
296,-0.07165583,0.20525157,0.48923016,-0.0747468,-0.05845274,-0.9954879,1.0,0.0,0.0,0.002171512,-0.12522162,0.24707651,0.048565507,-0.09245902,-0.031186562,0.09786095,-0.0021143167,0.06260133,-0.029437661,0.07763147,-0.055167995,-0.1207443,-0.00889,0.07100989,-0.16443962,-0.8958848,-0.0020046479,-0.50190777,0.09378754,0.033808183,-0.07975372,-0.48729324,-0.44878387,-1.0074955,0.75491124,-0.21345958,0.9373966,0.21266702,0.2757103,0.8795979,-0.91734546,1.1739845,0.57982004,-0.088296734,0.74808395,-200.12416,-195.97134,196.43202,-222.19809,-133.34605,3.940053,-173.25703,320.5808,77.91029,44.05011,-215.65454,-168.69334,0.002171512,-0.12522162,-0.5529235,1.6485655,-0.89245903,-0.031186562,0.09786095,-0.0021143167,-0.7373987,1.5705624,-0.72236854,-0.055167995,-2.414886,-0.1778,1.4201977,-3.2887924,-17.917696,-0.040092956,-10.038156,1.8757508,0.6761636,-1.5950743,-9.745865,-8.9756775
297,-0.07257263,0.1949618,0.2973268,-0.06765013,-0.054431938,-0.9962231,1.0,0.0,0.0,-0.060090024,-0.1267228,0.2356292,0.04571426,-0.19516915,0.037470732,0.047188845,0.0076657166,0.0699808,-0.03075254,0.0060912967,-0.06584321,-0.46989322,-0.0034629218,-0.1622377,0.11006733,-0.20006461,0.53982633,-0.050059568,0.011600766,0.038111296,0.053373057,-0.27348137,0.26986328,0.98310184,-1.2700554,0.87838703,-0.8877462,0.1549691,-0.040298875,0.5829245,1.0939939,-0.63057745,-1.4986653,0.87808144,0.8104945,-207.24893,240.60979,-188.2133,189.6848,200.78828,35.37132,199.92992,-201.42743,208.22308,186.62498,50.17193,200.03484,-0.060090024,-0.1267228,-0.5643708,1.6457143,-0.99516916,0.037470732,0.047188845,0.0076657166,-0.7300192,1.5692475,-0.7939087,-0.06584321,-9.397864,-0.06925844,-3.244754,2.2013466,-4.001292,10.796526,-1.0011914,0.23201533,0.7622259,1.0674611,-5.4696274,5.3972654
298,-0.1105337,0.14876007,-0.048306692,-0.060701836,-0.049955573,-0.9969051,1.0,0.0,0.0,-0.11016717,-0.12522171,0.22568417,0.0364573,-0.15988028,0.07225361,0.085235305,0.013860324,0.07554436,-0.030284286,0.023620546,0.057769924,-0.067521356,0.006505925,0.04673495,-0.1787754,0.48437548,-0.11702863,0.35755154,0.0023501867,-0.02546694,0.056454953,0.2495803,0.7825507,1.0935673,0.6874528,-0.13407117,0.7281007,0.19307366,-0.86367166,-1.1942284,-0.7936379,1.3015149,0.069415525,-0.32190034,0.014864409,198.99751,-194.94519,201.06384,-215.87103,200.05333,-169.77864,42.163803,-677.6137,-423.5307,293.65286,-55.8609,-18.124527,-0.11016717,-0.12522171,-0.57431585,1.6364573,-0.9598803,0.07225361,0.085235305,0.013860324,-0.72445565,1.5697157,-0.77637947,0.057769924,-1.3504272,0.1301185,0.934699,-3.5755079,9.68751,-2.3405726,7.1510305,0.047003735,-0.5093388,1.129099,4.9916058,15.651013
299,0.03884766,0.19703235,-0.34703737,-0.05341827,-0.049283523,-0.99735534,1.0,0.0,0.0,-0.07709571,-0.11544001,0.21618634,0.0323143,-0.03138405,-0.02753739,0.1128162,0.00706893,0.07224786,-0.0101133585,-0.0067660213,0.13602209,0.3553972,0.081772864,-0.12417928,0.108448565,0.60314727,-0.8108652,-0.044066694,-0.06349432,0.0035242238,0.117906116,-0.46820855,0.07797568,0.3874038,-1.2514551,1.028693,-1.2521174,-0.2611481,0.55240583,-0.8740046,1.1699718,-0.7431022,-0.6447731,-0.67217106,-0.65264714,203.71452,179.13084,-217.6969,171.81294,-69.940605,-200.1325,-199.88326,-209.46094,205.5766,42.32691,-199.93716,-200.25542,-0.07709571,-0.11544001,-0.58381367,1.6323143,-0.83138406,-0.02753739,0.1128162,0.00706893,-0.72775215,1.5898867,-0.80676603,0.13602209,7.107944,1.6354573,-2.4835856,2.1689713,12.062945,-16.217304,-0.8813339,-1.2698864,0.070484474,2.3581223,-9.364171,1.5595137
300,-0.011339376,0.19211246,-0.10272014,-0.04541275,-0.049972843,-0.9977176,1.0,0.0,0.0,0.03544009,-0.10129166,0.21423692,0.032290578,-0.0032781959,-0.104279935,0.055174492,0.0045471336,0.07401389,-0.0009931326,-0.17376965,0.073008955,0.71710366,0.05750025,0.08596933,-0.0941706,-0.2142107,-0.04420493,-0.49006224,0.027010197,0.010542105,-0.014666515,-1.1072098,-0.6361758,-1.2962632,0.8615165,-0.09516704,1.2208488,0.2817031,1.0068952,0.49049127,-0.957016,1.1585582,-0.39689946,0.6487413,-0.05478263,123.89825,-203.0426,229.21552,-175.58148,-200.95068,201.8412,-201.36467,204.95003,-197.20746,-218.90479,-101.272804,-199.23503,0.03544009,-0.10129166,-0.5857631,1.6322906,-0.8032782,-0.104279935,0.055174492,0.0045471336,-0.7259861,1.5990069,-0.97376966,0.073008955,14.342073,1.150005,1.7193866,-1.883412,-4.284214,-0.8840986,-9.801245,0.5402039,0.2108421,-0.2933303,-22.144196,-12.723516
301,0.10458777,0.0908613,-0.38358796,-0.03886288,-0.052198224,-0.9978803,1.0,0.0,0.0,0.13973954,-0.099534474,0.20654428,0.04916489,0.015206516,-0.042653065,0.002771434,0.0018879644,0.08668828,-0.014081597,-0.31841952,0.0030569779,0.3646905,-0.029384825,-0.12519352,0.22077031,0.36085626,0.59783006,-0.08600347,-0.031901356,0.07630261,-0.046536554,-0.41905013,-0.21244836,-1.0510738,-1.1689348,0.9277537,-1.12822,0.17199135,0.10653661,0.92056036,1.2552289,-0.6920289,1.0699217,1.3001647,0.57989645,-189.12558,38.152298,-151.35672,257.80966,181.74268,191.2366,174.7962,74.67078,-52.734207,13.507919,182.91223,59.39012,0.13973954,-0.099534474,-0.59345573,1.6491649,-0.7847935,-0.042653065,0.002771434,0.0018879644,-0.71331173,1.5859184,-1.1184195,0.0030569779,7.29381,-0.5876965,-2.5038705,4.415406,7.2171254,11.956601,-1.7200693,-0.6380271,1.5260521,-0.93073106,-8.381002,-4.248967
302,-0.02683184,0.094298095,-0.14902993,-0.034620516,-0.053861614,-0.99794817,1.0,0.0,0.0,0.1641154,-0.111593306,0.19484359,0.066245675,0.0756377,0.028638389,0.029565604,0.0033873522,0.08079058,0.0068963766,-0.32519656,0.036554955,-0.07035258,-0.078512065,-0.0034551062,-0.014431841,0.2252268,0.26201043,0.3129102,0.04073106,-0.116187625,0.22747071,0.281209,0.4785349,-0.91885185,0.81859845,-0.31380668,-0.6811151,0.4120676,-0.4481239,-0.71419823,-0.96625555,1.0427603,-1.1877165,0.20620155,-0.2215444,-236.73262,217.14256,203.14513,20.297668,-134.8998,43.63874,198.48376,200.64287,-208.10393,178.08842,199.95744,200.15436,0.1641154,-0.111593306,-0.6051564,1.6662457,-0.7243623,0.028638389,0.029565604,0.0033873522,-0.71920943,1.6068964,-1.1251966,0.036554955,-1.4070514,-1.5702413,-0.06910212,-0.2886368,4.504536,5.240208,6.258204,0.8146212,-2.3237524,4.549414,5.62418,9.570698
303,-0.047833107,0.06104311,0.23421584,-0.031837873,-0.052162092,-0.99813104,1.0,0.0,0.0,0.10379742,-0.118422076,0.1787526,0.08258641,0.13854069,0.032458797,0.042708073,0.007606997,0.0771687,0.017547965,-0.19562203,0.05661835,-0.4922331,-0.009625422,-0.14146142,0.15316814,0.40742037,-0.19876671,-0.13602708,0.0031841993,0.062144876,-0.08846029,0.9012281,-0.20934649,1.1288753,-1.3079311,0.9848254,0.68849653,0.984468,-0.25428936,-0.72415435,1.0593454,-0.83979106,-0.30675203,-0.18374774,-0.6910516,-198.83907,188.88489,-165.73352,145.39319,67.43648,-139.88458,-200.10342,-203.44975,199.89975,-219.45377,72.89638,-200.19138,0.10379742,-0.118422076,-0.6212474,1.6825864,-0.6614593,0.032458797,0.042708073,0.007606997,-0.7228313,1.617548,-0.99562204,0.05661835,-9.844662,-0.19250843,-2.8292284,3.0633628,8.148407,-3.9753342,-2.7205417,0.06368399,1.2428975,-1.7692057,18.02456,-4.1869297
304,0.025437346,0.062186096,0.37875453,-0.03025778,-0.051299945,-0.99822485,1.0,0.0,0.0,0.04264527,-0.118423864,0.1407023,0.1389035,0.24532199,-0.046954818,-0.03218943,0.014801035,0.09030497,-0.013275266,-0.08961588,-0.064131215,-0.14396487,-0.010415136,-0.19766727,0.35291094,0.7384547,-0.4872682,-0.5712647,0.060317166,0.06586465,-0.20579556,0.22627328,-0.9266569,-0.124357305,0.741298,-0.59199136,-0.9872759,-1.4645803,0.5846527,0.5170446,-0.9481703,1.2321135,0.868008,-0.2841059,1.140038,200.24861,-192.10295,199.00056,171.2651,199.61646,-9.526956,-201.34415,202.4316,-175.68045,-208.61078,-199.73798,-199.95816,0.04264527,-0.118423864,-0.6592977,1.7389035,-0.554678,-0.046954818,-0.03218943,0.014801035,-0.70969504,1.5867248,-0.8896159,-0.064131215,-2.8792973,-0.20830272,-3.9533453,7.0582185,14.7690935,-9.745364,-11.425294,1.2063433,1.317293,-4.115911,4.5254655,-18.533138
305,-0.08413922,0.021803765,0.013432415,-0.028957596,-0.049637284,-0.99834746,1.0,0.0,0.0,-0.0067485715,-0.1125751,0.09688932,0.1982547,0.3192381,-0.07087444,-0.09762447,0.021973316,0.107476294,-0.040721297,-0.11767417,-0.16990939,-0.26632962,0.06928025,-0.23201297,0.2530705,0.06806921,0.18337528,-0.1284856,0.019208768,0.095303975,-0.06363617,-0.3574048,-0.19017681,0.29110992,-1.1129464,0.5782257,-1.3173444,-1.3590463,0.6360337,0.8172791,1.0182964,-0.85285807,-0.641168,0.9590753,1.239912,-12.797495,236.87868,-191.04651,-219.15808,-200.07309,200.68695,175.83621,-103.17215,156.21352,268.31763,-45.988758,226.21654,-0.0067485715,-0.1125751,-0.7031107,1.7982547,-0.48076192,-0.07087444,-0.09762447,0.021973316,-0.6925237,1.5592787,-0.9176742,-0.16990939,-5.326592,1.385605,-4.6402593,5.06141,1.3613843,3.6675055,-2.5697122,0.38417536,1.9060794,-1.2727233,-7.148096,-3.8035362
306,-0.11271903,0.043647677,-0.24063137,-0.027480219,-0.045843244,-0.99857056,1.0,0.0,0.0,-0.013016574,-0.10358474,0.073473155,0.22157085,0.25762606,0.045129716,-0.06888464,0.027039146,0.11764383,-0.05438447,-0.110295534,-0.1306084,0.16086043,0.022062894,-0.025997011,0.0055319495,-0.61615056,0.9049225,0.36112052,0.036713894,0.022122132,-0.09490704,0.35400686,0.5094495,0.486901,0.663435,-0.7155007,-0.47281873,-0.7172717,-0.27485073,-0.98881805,-0.8837861,1.180873,0.87973946,0.79960006,0.62805426,200.2419,-202.31416,198.3163,-222.67038,-200.44774,199.87607,206.84468,138.6902,-256.3919,-184.59375,199.10359,200.36676,-0.013016574,-0.10358474,-0.72652686,1.8215709,-0.54237396,0.045129716,-0.06888464,0.027039146,-0.6823562,1.5456156,-0.91029555,-0.1306084,3.2172086,0.44125786,-0.5199402,0.11063899,-12.323011,18.09845,7.22241,0.7342779,0.44244263,-1.8981408,7.0801373,10.18899
307,-0.105190866,-0.004118826,-0.4712412,-0.025809765,-0.04117329,-0.99881864,1.0,0.0,0.0,0.06064508,-0.08736234,0.068936706,0.21190524,0.06061864,0.14984247,-0.038181882,0.02644635,0.11718243,-0.0514791,0.005975604,0.03661093,0.5368702,0.117372334,-0.014898158,-0.10025858,-1.286933,0.2110217,-0.00405856,-0.05219513,-0.09366044,0.20086041,0.48248044,0.99865836,-0.62872756,-1.2632416,0.6369008,-0.07939008,0.5397626,-0.7505622,-0.4184313,0.9782245,-0.9284545,-0.5591306,-0.4588467,-0.77494526,208.99663,157.67558,-237.67358,-246.01147,-200.94565,-201.99251,-173.03424,-288.1744,-405.52264,347.7843,-139.47534,85.08818,0.06064508,-0.08736234,-0.7310633,1.8119053,-0.7393814,0.14984247,-0.038181882,0.02644635,-0.6828176,1.5485209,-0.7940244,0.03661093,10.737403,2.3474467,-0.29796314,-2.0051715,-25.738659,4.220434,-0.08117119,-1.0439026,-1.8732086,4.017208,9.649609,19.973167
308,-0.058245815,0.08129333,0.30227384,-0.024157435,-0.037995446,-0.9989859,1.0,0.0,0.0,0.117437296,-0.075087115,0.082427144,0.16089988,-0.12102264,0.11615185,-0.09371016,0.02191937,0.09652299,-0.019361258,0.022916615,0.15377149,0.07568931,0.018095134,0.13547923,-0.37994123,-0.5990423,-0.47844073,-0.49642316,0.0051588733,-0.11479548,0.113441825,-0.22403315,0.25955066,-1.3114487,0.8066641,-0.5396441,1.0772299,0.6076643,-0.48814306,0.86914784,-0.9597162,0.99773955,-0.4701379,-0.3691348,-0.2628681,-198.01843,-208.87248,208.59148,-205.71413,200.37685,-200.64674,-199.77785,231.33337,-172.91331,-190.28336,-200.45041,-200.5458,0.117437296,-0.075087115,-0.71757287,1.7608999,-0.92102265,0.11615185,-0.09371016,0.02191937,-0.703477,1.5806388,-0.7770834,0.15377149,1.5137862,0.36190265,2.7095845,-7.5988245,-11.980845,-9.568814,-9.928463,0.103177465,-2.2959096,2.2688365,-4.480663,5.191013
309,0.020082543,0.024097709,0.05204352,-0.02239105,-0.037270155,-0.9990543,1.0,0.0,0.0,0.0898279,-0.06639322,0.08891815,0.11008692,-0.16421658,-0.054088544,-0.14766869,0.01613686,0.0948177,-0.025244355,-0.088484526,0.13224557,-0.31305903,0.06435059,-0.051219326,-0.14955434,0.09727476,-1.0529464,-0.08347242,-0.05873511,0.07629035,-0.15136993,-0.6935711,-0.4072629,0.5243956,-1.0650357,0.7823382,-0.17321175,0.29296166,0.9313303,0.74400926,1.0721434,-0.77383053,0.77632767,0.6872143,-0.362717,-202.13882,220.79843,-179.8697,182.70024,200.1778,6.9441123,199.19865,-196.27823,193.67957,-222.64804,19.692726,-199.92522,0.0898279,-0.06639322,-0.71108186,1.710087,-0.9642166,-0.054088544,-0.14766869,0.01613686,-0.7051823,1.5747557,-0.88848454,0.13224557,-6.2611804,1.2870117,-1.0243865,-2.9910867,1.9454951,-21.058928,-1.6694484,-1.1747022,1.5258069,-3.0273986,-13.871422,-8.145258
310,-0.10240557,0.078261346,-0.24504903,-0.020013615,-0.03553541,-0.99916804,1.0,0.0,0.0,0.076633416,-0.057340138,0.09589386,0.051545262,-0.06999183,-0.18596224,-0.117173195,0.015052075,0.08934206,-0.02581203,-0.15068793,-0.01571443,0.13750362,0.028638173,0.10293541,-0.4028493,0.75746655,-0.33780283,0.34759387,0.035021823,-0.11197098,0.11988163,0.0025396382,-0.8669923,-0.062285356,0.89505106,-0.5957566,1.4230229,-0.073809326,1.1367284,-0.5124589,-0.9782632,1.1783851,-1.6515164,0.77627844,0.549138,199.54298,-207.08652,218.58887,-145.7562,129.80374,200.07413,199.01968,182.09816,-206.237,179.21465,200.38673,35.33611,0.076633416,-0.057340138,-0.70410615,1.6515453,-0.86999184,-0.18596224,-0.117173195,0.015052075,-0.71065795,1.574188,-0.95068794,-0.01571443,2.7500725,0.57276344,2.0587082,-8.056986,15.149331,-6.7560563,6.9518776,0.7004365,-2.2394197,2.3976326,0.05079276,-17.339846
311,0.030115265,0.032987144,0.03538175,-0.017809376,-0.03444816,-0.9992478,1.0,0.0,0.0,0.05938985,-0.0507657,0.100606024,0.00054836273,0.005521655,-0.17933263,-0.09465056,0.010606308,0.08519429,-0.032986045,-0.074879944,-0.11278174,-0.22308545,0.03283332,-0.042636115,-0.114509694,0.048664644,0.3380824,-0.076306276,-0.06715571,0.05527988,-0.16385618,0.6870058,-0.17359208,-0.40479165,-1.1083771,0.906175,0.55177337,-0.7553027,0.68353397,-0.10757742,1.1026535,-0.7655307,-0.28262475,-0.42475754,0.6150483,-78.92994,-20.656021,60.28003,512.6308,-256.50134,195.54375,-200.27512,-196.73622,201.29095,-217.61359,200.03119,200.1417,0.05938985,-0.0507657,-0.699394,1.6005484,-0.79447836,-0.17933263,-0.09465056,0.010606308,-0.7148057,1.567014,-0.87487996,-0.11278174,-4.461709,0.65666634,-0.8527223,-2.2901938,0.9732929,6.761648,-1.5261256,-1.3431143,1.1055976,-3.2771235,13.740116,-3.4718413
312,0.12730145,0.07358727,0.5310851,-0.015923621,-0.0375867,-0.9991665,1.0,0.0,0.0,-0.030849945,-0.05509785,0.093483865,-0.005461693,-0.06527555,-0.033988226,-0.10600587,-0.0006819271,0.09334397,-0.078372955,-0.011654615,-0.072411954,-0.6404244,-0.06388068,-0.03165106,0.023756113,-0.6711413,1.0410109,-0.04350064,-0.048354212,0.030843223,-0.27662224,0.012729282,0.5090748,0.72392535,0.8425222,-0.5088131,-0.7336326,0.5140647,-0.5649699,0.17585672,-0.9601471,1.0275357,1.364274,-0.4525331,0.19192407,-199.88647,-184.94714,175.96927,171.85147,-199.29758,200.79727,33.762714,199.46127,-183.73228,-192.93315,-199.71858,200.04993,-0.030849945,-0.05509785,-0.70651615,1.5945383,-0.86527556,-0.033988226,-0.10600587,-0.0006819271,-0.70665604,1.5216271,-0.8116546,-0.072411954,-12.808487,-1.2776136,-0.6330212,0.47512224,-13.422827,20.820217,-0.87001276,-0.9670842,0.61686444,-5.5324445,0.25458562,10.181496
313,0.07261325,-0.003349929,-0.44116813,-0.01490012,-0.041254792,-0.9990375,1.0,0.0,0.0,-0.10907601,-0.05722596,0.08566034,-0.014024854,-0.121528566,0.097615,-0.068740994,-0.0106138475,0.10178763,-0.087224245,-0.06818974,0.02816294,-0.18623523,0.03075477,-0.04724564,-0.09594456,0.036946148,0.3445359,0.35662732,-0.03728239,0.049022008,0.11969546,-0.54097056,0.44237635,1.044257,-1.1126944,0.64904404,0.7989465,0.42068267,-0.90315384,-0.28789708,1.075814,-0.88313437,0.83635837,0.29810506,-0.7375733,199.04971,226.00992,-184.92487,-209.17265,200.6442,-199.49297,152.51535,94.07205,293.06723,365.08612,-178.66402,-42.006897,-0.10907601,-0.05722596,-0.7143397,1.5859752,-0.9215286,0.097615,-0.068740994,-0.0106138475,-0.6982124,1.5127758,-0.86818975,0.02816294,-3.7247045,0.6150954,-0.9449128,-1.9188912,0.73892295,6.8907175,7.132546,-0.7456478,0.98044014,2.3939092,-10.819411,8.847527
314,0.002163573,-0.08725734,-0.22180226,-0.016335985,-0.042860568,-0.9989475,1.0,0.0,0.0,-0.10113578,-0.05517159,0.0807569,-0.017959476,-0.039880216,0.09295478,-0.04773865,-0.006880405,0.09161878,-0.029520988,-0.0999254,0.03775363,0.22443664,-0.0070997165,-0.0066518956,0.04231289,0.71177983,-0.3241299,-0.099092476,0.063611075,-0.13139768,0.42410427,0.1543253,-0.27480265,-0.5730072,0.9359445,-0.36762828,-1.1260775,0.09825559,0.2384496,-0.8458934,-1.1741633,0.68568826,-1.7709329,0.34707287,-0.55726653,199.4618,-197.51015,202.18773,184.32677,200.07791,-199.89525,-199.71501,203.68402,-176.61842,184.08438,200.52917,-200.0487,-0.10113578,-0.05517159,-0.7192431,1.5820405,-0.8398802,0.09295478,-0.04773865,-0.006880405,-0.70838124,1.570479,-0.8999254,0.03775363,4.488733,-0.14199433,-0.13303791,0.8462578,14.235597,-6.482598,-1.9818494,1.2722214,-2.6279535,8.482085,3.0865061,-5.4960527
315,0.090399146,-0.029715503,0.0065657175,-0.018239565,-0.0450984,-0.998816,1.0,0.0,0.0,-0.11101605,-0.058742568,0.0723483,-0.00062799454,0.019432843,0.080465205,-0.115371145,-0.0026300966,0.08310723,0.018933296,0.0044623017,-0.09318524,-0.27320185,-0.03356816,-0.08109152,0.13404359,0.10051306,0.13203718,-0.5327349,-0.015811196,0.0307933,0.09533625,0.7682881,-0.9597912,-0.1829319,-1.1417676,0.8371861,0.14483511,-0.36038834,1.0207499,0.8721732,0.85672516,-0.9418539,-1.8923681,-0.50165063,0.4925991,-227.14326,-47.062622,-133.11676,68.7569,-54.789856,127.78351,-197.73503,-252.43085,191.37715,-227.15796,62.188793,-178.1808,-0.11101605,-0.058742568,-0.7276517,1.599372,-0.78056717,0.080465205,-0.115371145,-0.0026300966,-0.7168928,1.6189333,-0.7955377,-0.09318524,-5.464037,-0.6713632,-1.6218305,2.6808717,2.0102613,2.6407435,-10.654697,-0.3162239,0.615866,1.906725,15.365762,-19.195824
316,0.10110223,-0.0038475601,-0.028679078,-0.018889755,-0.048907336,-0.9986247,1.0,0.0,0.0,-0.14561453,-0.07379909,0.06146884,0.03127086,-0.03780532,0.18495607,-0.17556038,-0.0028513635,0.088177145,0.029416442,0.08039409,-0.20939247,-0.11342394,-0.11069055,-0.026601512,0.16395894,-0.60134685,0.8414203,-0.113370195,0.00036820796,0.015946615,0.048382223,0.028099397,-0.2733114,0.43461442,0.82476854,-0.15744802,-0.81899756,0.83657324,-0.92485374,0.67979634,-1.0442033,0.42814925,-0.76525885,-0.5568047,1.0960588,28.12412,-211.8252,192.43744,60.42079,-197.45332,199.67055,201.09894,17.967651,-74.81171,-24.00673,-233.70871,192.76984,-0.14561453,-0.07379909,-0.7385312,1.6312709,-0.83780533,0.18495607,-0.17556038,-0.0028513635,-0.71182287,1.6294165,-0.7196059,-0.20939247,-2.2684789,-2.213811,-0.5320302,3.2791786,-12.026937,16.828405,-2.2674038,0.007364159,0.3189323,0.96764445,0.56198794,-5.466228
317,0.121327095,0.05422956,-0.88170034,-0.016740073,-0.053733602,-0.998415,1.0,0.0,0.0,-0.120892346,-0.08780672,0.052022815,0.04826069,-0.08040589,0.2767746,-0.14405498,-0.011732642,0.11447281,0.011927843,0.008019507,-0.18520708,0.31648266,-0.03694936,-0.06414782,0.02252264,0.10450592,0.14642547,0.37792504,-0.076321304,0.2267601,-0.21164706,-0.6743622,0.44221792,-0.113410406,-1.039201,0.7078399,-0.39450204,0.48201668,-0.78666514,-0.24610507,1.031314,-0.8308884,1.1503146,0.13417533,-0.2151356,198.78302,189.62013,-191.27824,-211.63994,200.11073,-200.32462,200.68863,-171.24785,205.39648,-221.94856,-199.98909,200.53288,-0.120892346,-0.08780672,-0.7479772,1.6482607,-0.8804059,0.2767746,-0.14405498,-0.011732642,-0.6855272,1.6119279,-0.7919805,-0.18520708,6.3296533,-0.73898715,-1.2829564,0.45045277,2.0901184,2.9285095,7.558501,-1.5264261,4.535202,-4.232941,-13.487244,8.844358
318,-0.008267103,0.042040057,-0.116594374,-0.013715007,-0.05627395,-0.9983212,1.0,0.0,0.0,-0.094896704,-0.09176397,0.050965726,0.03891802,-0.018228948,0.23124526,-0.12079104,-0.016409762,0.13747197,-0.002791524,-0.051247954,-0.16653557,0.049036518,0.03829665,-0.0035227034,-0.0034459778,0.25261927,-0.5338463,-0.093856536,0.01906239,0.026635045,0.035393983,0.015941866,-0.08678204,-0.9651817,0.8303506,-0.0884523,1.0584775,0.9935988,-0.27893028,-0.9877802,-1.0015913,0.5418974,-0.4731524,0.5132778,-0.42147705,-10.419029,343.9023,-1.8605957,152.63593,-60.616455,-190.08481,-199.8659,193.59413,-198.317,185.599,199.99934,-35.98154,-0.094896704,-0.09176397,-0.7490343,1.638918,-0.81822896,0.23124526,-0.12079104,-0.016409762,-0.66252804,1.5972085,-0.85124797,-0.16653557,0.98073035,0.76593304,-0.07045407,-0.068919554,5.0523853,-10.676927,-1.8771306,0.3812478,0.5327009,0.70787966,0.3188373,-1.7356408
319,0.19407976,-0.1189394,0.2189515,-0.014770326,-0.060394913,-0.99806523,1.0,0.0,0.0,-0.1328741,-0.07779121,0.024328053,0.07126522,0.077228725,0.062548265,-0.18781975,-0.01781059,0.14713788,-0.0005078316,-0.03753698,-0.2265412,-0.38359505,0.07574958,-0.21043737,0.2718279,0.6717505,-0.9204442,-0.5308295,-0.021631462,0.054218728,0.034515765,0.016412957,-0.36440754,0.6233239,-1.1379921,0.62555635,-1.4016955,-0.91008687,1.1446064,0.6272861,0.93004835,-0.7216314,1.3985234,0.4370398,0.38904443,-168.93552,111.15413,-296.54633,148.09364,113.04556,56.853653,-201.29114,61.370987,23.619644,59.92865,-11.761581,4.772049,-0.1328741,-0.07779121,-0.77567196,1.6712652,-0.7227713,0.062548265,-0.18781975,-0.01781059,-0.65286213,1.5994922,-0.837537,-0.2265412,-7.6719007,1.5149916,-4.2087474,5.436558,13.43501,-18.408884,-10.61659,-0.43262926,1.0843745,0.69031525,0.3282591,-7.288151
320,0.02203328,-0.07530411,-0.0005758233,-0.01888367,-0.06427499,-0.9977536,1.0,0.0,0.0,-0.15685117,-0.06930053,0.0042006373,0.10536885,0.12911302,-0.0421775,-0.24766761,-0.019160358,0.13346255,0.046170235,0.017280579,-0.22791746,0.09626542,0.018125474,-0.012220299,0.08308579,-0.06539098,-0.19348267,-0.10444843,0.02051495,-0.15743713,0.37780523,0.5263862,0.29157403,0.3754625,0.87144977,0.022623511,-1.1823761,-0.4863335,1.1106642,0.79582727,-1.1076912,0.020336732,-1.6462133,-0.54345846,0.84146076,200.30202,-196.09956,253.96774,-164.55536,-199.75677,202.69653,201.14763,200.40778,-193.97455,177.11221,200.10263,200.10403,-0.15685117,-0.06930053,-0.7957994,1.7053689,-0.670887,-0.0421775,-0.24766761,-0.019160358,-0.66653746,1.6461703,-0.78271943,-0.22791746,1.9253083,0.3625095,-0.24440597,1.6617157,-1.3078196,-3.8696532,-2.0889685,0.410299,-3.1487424,7.5561047,10.527723,5.8314805
321,0.0010314872,0.052168652,-0.57334685,-0.018496754,-0.06483455,-0.9977246,1.0,0.0,0.0,-0.08862593,-0.061346743,0.009180009,0.10255456,0.036952496,-0.005425107,-0.22046767,-0.020463929,0.10835904,0.10235548,0.047959805,-0.09105254,0.54193264,0.062287826,0.04880577,-0.10184987,-0.7706012,0.4932479,0.3321693,-0.03055557,-0.103221335,0.20326908,-0.1518261,1.0061119,-0.73299426,-1.0717556,-0.024655012,-0.84987277,1.0225123,0.057830084,0.10538312,0.9377961,0.31943974,-1.4765954,-1.0445775,-0.517851,202.99489,186.75836,-38.068325,-232.50528,-200.70525,199.2677,199.79689,-209.2378,-79.676796,-221.70103,-200.25526,199.9486,-0.08862593,-0.061346743,-0.79082,1.7025546,-0.7630475,-0.005425107,-0.22046767,-0.020463929,-0.691641,1.7023555,-0.7520402,-0.09105254,10.838653,1.2457565,0.9761154,-2.0369973,-15.4120245,9.864958,6.643386,-0.6111114,-2.0644267,4.0653815,-3.036522,20.122236
322,0.043693025,0.017740613,-0.6094606,-0.015641252,-0.06615261,-0.997687,1.0,0.0,0.0,-0.023717828,-0.055112753,0.01996857,0.062671185,-0.039843738,0.035814445,-0.11898347,-0.017762497,0.11066526,0.11264765,-0.05848646,0.03354551,0.14280753,0.0032984614,0.06012234,-0.2772427,-0.067605674,0.084615596,0.56271976,0.04729634,0.09924766,-0.071944326,-0.8437323,0.3068631,-0.8060677,0.9901431,0.5868758,1.1876695,1.2160785,0.16394407,-0.7251714,-1.1694988,-0.6397469,-1.3833929,-0.04188568,-1.0495199,-200.63013,-209.62639,-119.40606,-215.19247,200.20326,-35.59172,-20.877798,219.60326,181.51051,-226.32048,-200.36337,-200.1681,-0.023717828,-0.055112753,-0.78003144,1.6626712,-0.83984375,0.035814445,-0.11898347,-0.017762497,-0.68933475,1.7126477,-0.8584865,0.03354551,2.8561504,0.06596923,1.2024468,-5.5448537,-1.3521135,1.6923119,11.2543955,0.9459268,1.984953,-1.4388865,-16.874645,6.137262
323,0.12614943,-0.03320126,0.10842373,-0.01543979,-0.07018264,-0.9974147,1.0,0.0,0.0,-0.04586254,-0.052510474,0.030431688,0.025895238,0.0011522174,0.0717904,-0.061256614,-0.019057741,0.12522572,0.08504701,-0.14949167,0.018745527,-0.31651303,0.0022686054,-0.00656156,-0.03251855,0.23146872,0.115095615,0.064206615,-0.048834376,0.05533213,-0.19620816,-0.13712528,-0.38524362,0.79369664,-1.0584191,-0.16914757,-0.16614583,0.21761042,1.1862181,-1.0194412,0.7754681,0.23610115,0.3784266,0.77041036,-0.04964687,-186.12552,-134.33147,-188.74498,355.25238,-39.395752,-36.024796,-199.50862,-202.5254,-189.87215,-213.94656,200.29999,-200.14099,-0.04586254,-0.052510474,-0.7695683,1.6258953,-0.7988478,0.0717904,-0.061256614,-0.019057741,-0.6747743,1.685047,-0.9494917,0.018745527,-6.3302608,0.045372106,-0.1312312,-0.650371,4.6293745,2.3019123,1.2841322,-0.9766875,1.1066426,-3.924163,-2.7425056,-7.704872
324,0.012578206,0.017693548,-0.103714295,-0.015654588,-0.07262763,-0.99723625,1.0,0.0,0.0,-0.06520984,-0.06231706,0.013202608,0.050492406,0.047510684,0.14062786,-0.086501904,-0.021645082,0.13440776,0.05656326,-0.1024698,-0.018560112,0.08466057,-0.087940075,-0.13584559,0.21494494,0.26092762,0.5662351,-0.28436017,0.01686277,0.035955798,-0.095814645,0.53956234,-0.10843631,0.6140469,0.91667193,0.5904409,0.3894456,-0.27438724,-0.031682964,0.48906976,-1.0926487,-0.6747322,-0.87188375,-0.4010852,0.6312783,173.48848,-273.47107,-47.092606,144.38623,19.654709,150.49767,-200.11014,195.2597,168.92839,186.09042,200.14928,34.54783,-0.06520984,-0.06231706,-0.7867974,1.6504924,-0.7524893,0.14062786,-0.086501904,-0.021645082,-0.66559225,1.6565633,-0.9024698,-0.018560112,1.6932113,-1.7588015,-2.7169116,4.2988987,5.218552,11.324702,-5.6872034,0.3372554,0.7191159,-1.9162929,10.791246,-2.1687262
325,0.042611044,0.0033416082,-0.47214445,-0.014281738,-0.07390451,-0.99716306,1.0,0.0,0.0,-0.0019386185,-0.074153304,-0.009659767,0.10574734,0.02193451,0.17722441,-0.09756295,-0.025240157,0.14391637,0.025969148,-0.06866741,0.03851556,0.5049183,-0.0351594,-0.09394885,0.32690182,-0.44586226,-0.13071135,0.13222602,-0.046766263,0.05848063,-0.20057116,-0.13419959,0.60776705,-1.2240938,-1.2240223,-0.41792244,-1.4530842,-0.39268905,-0.984121,0.6139579,1.1957787,1.0855153,1.333023,0.37860128,-0.40515372,196.30605,204.65303,222.79692,190.10808,-199.37807,-200.05167,199.44975,-197.10356,-196.18835,-217.23204,-199.94832,200.04593,-0.0019386185,-0.074153304,-0.8096598,1.7057474,-0.7780655,0.17722441,-0.09756295,-0.025240157,-0.65608364,1.6259692,-0.8686674,0.03851556,10.098366,-0.703188,-1.878977,6.5380363,-8.917245,-2.6142268,2.6445203,-0.9353252,1.1696126,-4.011423,-2.6839917,12.15534
326,-0.006060079,0.041815143,-0.68124366,-0.011514005,-0.07484089,-0.99712896,1.0,0.0,0.0,0.05539739,-0.0835007,-0.034554183,0.15957117,-0.11651075,0.07501776,-0.022646656,-0.022910519,0.1564129,-0.0025939941,-0.021349728,0.08381578,0.10942787,-0.05787475,-0.15351145,0.21899302,-0.71430403,-0.82212967,0.57367486,0.059427787,0.064304546,-0.0945374,0.5400349,-0.08537225,-0.44198185,0.9146639,0.66222984,-1.4738646,0.41463828,0.2789425,-0.9517953,-1.0348788,-0.7707715,-0.5166952,0.3977347,-0.5235982,-200.7339,-210.23573,-198.22899,-225.93979,57.737347,-200.31926,200.36307,209.35464,180.68738,177.35883,199.8563,-199.66403,0.05539739,-0.0835007,-0.8345542,1.7595712,-0.91651076,0.07501776,-0.022646656,-0.022910519,-0.6435871,1.597406,-0.82134974,0.08381578,2.1885574,-1.157495,-3.0702288,4.3798604,-14.28608,-16.442593,11.473496,1.1885557,1.2860909,-1.890748,10.800697,-1.7074449
327,0.09041323,0.059668783,0.0861915,-0.008768393,-0.076801986,-0.99700785,1.0,0.0,0.0,0.027863355,-0.090031885,-0.04597056,0.17121124,-0.18413222,-0.015583379,0.037294902,-0.01296175,0.15378636,-0.008571506,0.10281891,-0.020173153,-0.34020072,-0.011127716,0.019430155,-0.07140305,-0.030686924,-0.15125732,0.07743978,0.059271675,-0.07517974,0.034562632,0.6129606,-0.86471236,0.039499708,-1.1043726,-0.456695,-1.3229154,0.4725653,0.6059142,-0.9579633,1.0861869,1.2592677,1.6687199,0.22090977,0.9007069,-199.67628,202.09706,193.05437,-218.28651,199.87074,200.11998,-215.73193,188.01372,-93.810074,25.466995,10.302132,-191.91026,0.027863355,-0.090031885,-0.8459706,1.7712113,-0.98413223,-0.015583379,0.037294902,-0.01296175,-0.64621365,1.5914285,-0.6971811,-0.020173153,-6.804014,-0.22255431,0.3886031,-1.428061,-0.6137385,-3.0251465,1.5487955,1.1854335,-1.5035948,0.69125265,12.259212,-17.294247
328,0.032416224,0.05866694,-0.08990055,-0.006333778,-0.0790646,-0.9968493,1.0,0.0,0.0,0.0017569304,-0.10195042,-0.043950915,0.14512002,-0.11258936,0.03295731,0.013262928,-0.0015238603,0.13862091,0.017515302,0.16017634,-0.123116046,-0.0014114953,-0.09745707,0.0023764167,-0.180107,0.67553514,0.56403804,-0.2831883,0.05637723,-0.077253334,0.20743667,0.14928855,-0.22215572,1.0374997,0.9925148,0.7547499,0.35711333,-0.06917055,0.24927896,0.04411014,-0.9262573,-0.7754618,-1.0818635,-1.3818572,1.022077,87.92259,-189.79945,-193.32146,-219.20956,200.13474,200.1996,-196.40921,94.3205,227.3003,239.94073,-30.70665,194.07443,0.0017569304,-0.10195042,-0.8439509,1.74512,-0.9125894,0.03295731,0.013262928,-0.0015238603,-0.6613791,1.6175153,-0.6398237,-0.123116046,-0.028229905,-1.9491414,0.047528334,-3.60214,13.510702,11.280761,-5.6637664,1.1275445,-1.5450667,4.148733,2.985771,-4.4431143
329,0.040992916,0.05574725,-0.3460705,-0.003179161,-0.08052651,-0.9967474,1.0,0.0,0.0,0.04858352,-0.115807965,-0.03667307,0.12061536,-0.052803397,0.12230214,-0.0020484992,0.0036409718,0.124450386,0.04803312,0.11610311,-0.088857055,0.4247415,-0.048520964,0.06621672,-0.07395815,0.04108646,0.35333326,0.039794847,-0.002691588,-0.06749094,0.10782404,-0.52286613,0.49173027,-0.8824475,-1.1238176,-0.23997152,-1.3737204,0.50344706,-0.011640143,0.81600964,1.0244628,0.6430267,-0.46362776,0.046050526,-0.53866124,199.11934,203.25032,215.95073,191.66931,-91.82761,-54.062706,69.09938,-200.4632,-198.4659,-216.6134,-200.08096,200.07959,0.04858352,-0.115807965,-0.8366731,1.7206154,-0.8528034,0.12230214,-0.0020484992,0.0036409718,-0.6755496,1.6480331,-0.6838969,-0.088857055,8.49483,-0.9704193,1.3243344,-1.479163,0.8217292,7.066665,0.79589695,-0.053831756,-1.3498188,2.1564808,-10.457322,9.834605
330,0.117748566,0.12089358,-0.6235068,0.00210677,-0.08386549,-0.99647486,1.0,0.0,0.0,0.0895147,-0.13043566,-0.032748997,0.09039307,0.033156455,0.11967774,0.05263281,0.010648022,0.12913156,0.036733985,0.0707432,-0.06691679,0.024486035,-0.093686886,-0.018578043,-0.2160453,0.7479426,-0.25236055,0.46524772,0.065619215,0.09821185,-0.18947396,-0.09445987,-0.20290454,-0.6342451,0.9345254,0.66367245,0.5012223,0.7210661,-0.12894776,-0.79466635,-0.984079,-0.76892793,0.93858963,-0.17964447,-0.79473215,-201.33974,-189.83035,-190.65448,-218.37822,200.03963,-71.25302,201.6403,194.89061,182.21703,-224.21788,39.03067,-200.21234,0.0895147,-0.13043566,-0.832749,1.6903931,-0.76684356,0.11967774,0.05263281,0.010648022,-0.67086846,1.636734,-0.7292568,-0.06691679,0.4897207,-1.8737377,-0.37156087,-4.320906,14.958853,-5.047211,9.304955,1.3123842,1.964237,-3.789479,-1.8891973,-4.0580907
331,0.05649408,0.048274904,0.21799028,0.0060268114,-0.08790247,-0.9961108,1.0,0.0,0.0,0.046780735,-0.13747472,-0.040920854,0.06795621,0.23185664,0.033940744,0.090867825,0.017121227,0.12878138,0.030540586,-0.003844738,-0.18333054,-0.3704052,0.018800983,-0.13822216,0.09087706,0.86123544,-0.39341155,-0.034539066,0.014084994,-0.083079204,0.09036104,-0.4443979,-0.89155436,0.7486602,-0.29526117,-0.29873195,-0.8327806,-0.48635048,1.0663291,-1.2844226,0.19199711,0.8308091,-0.021152839,0.07419296,1.0773281,-35.24582,226.10526,-511.6042,535.963,-215.587,59.809387,-199.50038,-205.05507,-202.81332,178.888,24.206907,-199.99022,0.046780735,-0.13747472,-0.84092087,1.6679562,-0.56814337,0.033940744,0.090867825,0.017121227,-0.67121863,1.6305406,-0.80384475,-0.18333054,-7.408104,0.37601966,-2.7644432,1.8175412,17.224709,-7.868231,-0.6907813,0.28169987,-1.661584,1.8072207,-8.887958,-17.831087
332,0.050141923,0.085767,0.00479954,0.008414028,-0.090002365,-0.995906,1.0,0.0,0.0,0.023127446,-0.14431754,-0.06710094,0.09493387,0.3138212,0.043109216,0.04417519,0.024027308,0.12752825,0.024785042,-0.020195127,-0.28862262,0.07114288,-0.08428572,-0.111759864,0.14302297,0.102892175,0.37817177,-0.3963639,0.050579425,0.047883168,-0.09721163,0.15619436,-0.22740102,0.41605428,0.71422315,0.8332371,0.11661744,-0.7303865,0.2569103,0.67706513,-1.0260006,-0.63175726,-0.39341003,0.021356456,0.60021335,114.89744,-251.58243,161.93874,150.59932,-185.27103,181.65668,-199.99747,194.06845,220.08223,-26.249386,78.81032,200.05478,0.023127446,-0.14431754,-0.86710095,1.6949339,-0.48617882,0.043109216,0.04417519,0.024027308,-0.67247176,1.6247851,-0.82019514,-0.28862262,1.4228576,-1.6857144,-2.2351973,2.8604593,2.0578434,7.563435,-7.927278,1.0115885,0.95766336,-1.9442326,3.123887,-4.5480204
333,-0.0058635483,0.13076007,-0.33748248,0.013591317,-0.09057606,-0.9957968,1.0,0.0,0.0,0.082595095,-0.15723237,-0.07068497,0.1153574,0.2578197,0.123361625,0.013399,0.029445225,0.13641703,-0.008577704,-0.0003851056,-0.25560415,0.48537382,-0.042303633,0.059114713,0.05915409,-0.59014267,0.35680518,0.04532283,0.0072245295,0.04183321,-0.2243732,0.07014177,0.4862907,-1.2396823,-0.5873787,-0.30778652,-0.28065416,-0.4168099,-0.6634153,0.8508074,0.46080077,1.1204295,1.4369396,0.78893024,0.29289064,189.71945,210.67357,256.7007,-19.483044,-198.0693,-42.59813,199.96555,-202.60379,-194.13329,-215.51494,-17.925406,200.15222,0.082595095,-0.15723237,-0.870685,1.7153574,-0.5421803,0.123361625,0.013399,0.029445225,-0.663583,1.5914223,-0.8003851,-0.25560415,9.707477,-0.8460727,1.1822942,1.1830817,-11.802853,7.1361036,0.90645665,0.14449058,0.8366642,-4.487464,1.4028354,9.725814
334,-0.03696331,0.15606014,-0.58992326,0.021056077,-0.089342214,-0.99577844,1.0,0.0,0.0,0.13559645,-0.16658802,-0.06861019,0.1162895,0.06922889,0.11840064,0.07129461,0.037936285,0.1436423,-0.041979432,0.08783537,-0.09122755,0.084364474,-0.05152995,-0.03106953,-0.042879764,-1.151671,-0.3367024,0.4870901,0.07283484,0.029584927,-0.12192332,0.74411255,0.95639706,-0.7841027,0.791129,0.7592399,-0.23647636,0.41384232,-0.18036774,-0.49831414,-0.95026433,-0.6784005,1.1264153,0.18160665,-0.20492402,-201.40312,-201.48196,-192.22087,-221.20352,-17.964928,-200.23723,200.22078,186.85582,163.5047,160.85684,198.84084,-35.73026,0.13559645,-0.16658802,-0.8686102,1.7162895,-0.7307711,0.11840064,0.07129461,0.037936285,-0.6563577,1.5580206,-0.71216464,-0.09122755,1.6872895,-1.030599,-0.6213906,-0.85759526,-23.03342,-6.734048,9.741802,1.4566967,0.5916985,-2.4384663,14.882251,19.127941
335,-0.095281735,0.17137155,0.17131115,0.028090797,-0.08674293,-0.9958346,1.0,0.0,0.0,0.102450155,-0.16456409,-0.059496403,0.07748866,-0.08551389,0.012574224,0.11161693,0.03921545,0.12480539,-0.021930337,0.14817286,0.005389431,-0.36936945,0.061595,0.105931126,-0.31632492,-0.4652671,-0.5187823,-0.019548612,-0.016149249,-0.18227988,0.23344143,0.12371836,0.16408363,0.44736922,0.07282359,-0.17262258,0.8076811,0.6676761,0.18075915,-1.2065451,-0.099181764,1.1568646,0.049731955,-0.3315331,-0.19881222,-202.18576,209.86702,206.46706,-221.41211,200.01277,59.489994,-199.67776,-178.41122,-203.7713,188.79408,-54.40579,-198.43634,0.102450155,-0.16456409,-0.8594964,1.6774887,-0.8855139,0.012574224,0.11161693,0.03921545,-0.6751946,1.5780697,-0.65182716,0.005389431,-7.3873887,1.2319,2.1186225,-6.326498,-9.305342,-10.375647,-0.39097223,-0.32298496,-3.6455977,4.6688285,2.4743671,3.2816725
336,-0.008418487,0.12753245,-0.10670329,0.0339166,-0.08492745,-0.9958097,1.0,0.0,0.0,0.065496616,-0.15210569,-0.053126812,0.043064117,-0.10201472,-0.015560813,0.063029565,0.030874176,0.10454625,0.014099121,0.091946125,-0.031227048,-0.032347348,0.062399376,-0.029750196,-0.05136841,0.2307574,0.16858207,-0.42390558,-0.06975578,-0.03515527,0.13399526,-0.6033919,-0.37501183,0.87777656,-1.1269057,1.0082874,-0.022121284,0.7371803,0.84318155,0.48784515,0.63324803,-0.7047702,-0.9595573,-0.5858751,0.14454453,199.11147,203.56546,-189.5088,188.86467,200.19965,200.06044,-199.87518,-207.1762,170.99487,-77.07268,-200.64497,-31.866943,0.065496616,-0.15210569,-0.8531268,1.6430641,-0.90201473,-0.015560813,0.063029565,0.030874176,-0.69545376,1.6140991,-0.7080539,-0.031227048,-0.6469469,1.2479875,-0.5950039,-1.0273682,4.615148,3.3716412,-8.478111,-1.3951155,-0.7031054,2.6799052,-12.067838,-7.5002365
337,-0.07079765,0.18846084,-0.3448422,0.041130356,-0.08269946,-0.9957254,1.0,0.0,0.0,0.117445245,-0.15154389,-0.04345703,0.018332124,0.019138575,0.097216085,0.028518122,0.025337253,0.09519768,0.027839065,-0.099122405,-0.030314809,0.498965,-0.04798656,0.1033204,-0.16294537,0.911977,0.8876975,0.031135583,0.005639191,-0.055616893,0.0146863265,-1.1586832,0.2973473,-0.8387162,0.8360556,0.03551326,0.75708765,1.1471171,-0.18129313,0.5150862,-1.1819994,0.2730462,-0.93141204,0.4109549,0.42843416,201.00996,-194.89778,203.30997,27.265242,199.82608,200.38345,199.38014,201.69717,-202.1202,-223.13358,-12.251004,138.73875,0.117445245,-0.15154389,-0.84345704,1.6183321,-0.78086144,0.097216085,0.028518122,0.025337253,-0.70480233,1.6278391,-0.8991224,-0.030314809,9.9793,-0.95973116,2.066408,-3.2589076,18.23954,17.75395,0.62271166,0.11278381,-1.1123378,0.29372653,-23.173664,5.946946
338,0.0590645,-0.35860056,-0.36226174,0.03833148,-0.08193376,-0.9959004,1.0,0.0,0.0,0.17884241,-0.15699893,-0.048533857,0.040391207,0.16168475,0.155197,0.07982726,0.015263133,0.11844981,-0.0029045343,-0.25547034,0.09976971,0.16181189,0.0034292128,-0.09726059,0.28017566,0.62138957,-0.15366726,0.4375039,-0.090401545,0.25773314,-0.2868233,-0.473433,0.811546,-0.8615549,-1.0128456,-0.20773456,-0.5644082,-0.7983911,-0.048291605,-0.5672331,0.94742405,-0.74092484,1.1990298,0.88858646,-0.76500666,-82.590576,197.05269,-342.78998,92.94161,23.306885,-240.75406,202.08492,-143.5939,130.9087,-218.95251,200.22905,-19.82155,0.17884241,-0.15699893,-0.84853387,1.6403912,-0.63831526,0.155197,0.07982726,0.015263133,-0.6815502,1.5970955,-1.0554703,0.09976971,3.2362378,0.068584256,-1.9452118,5.6035132,12.427792,-3.0733452,8.750078,-1.8080308,5.1546626,-5.736466,-9.468659,16.23092
339,-0.033787593,0.15513878,0.18282716,0.036459126,-0.08215035,-0.99595284,1.0,0.0,0.0,0.16084382,-0.15780333,-0.08674383,0.089184165,0.2071588,0.08592512,0.11734764,0.0058565494,0.13147175,-0.030590653,-0.27342838,0.18316483,-0.2875509,-0.01589015,-0.23971851,0.19713695,-0.08208279,-0.35587534,-0.020415073,-0.015900372,-0.083975665,-0.01368159,0.22438987,0.09425812,0.30083165,0.6943101,-0.16119856,-1.3198907,-0.5641503,-0.10778591,-1.2079763,-1.0148402,0.71487975,-0.01245901,0.0046167597,-0.70277417,-210.90797,-177.0796,14.950325,-150.15604,-199.81024,32.774925,-200.08966,193.93211,-197.92201,186.04004,200.12733,-200.1908,0.16084382,-0.15780333,-0.88674384,1.6891842,-0.5928412,0.08592512,0.11734764,0.0058565494,-0.66852826,1.5694094,-1.0734284,0.18316483,-5.751018,-0.31780297,-4.79437,3.942739,-1.6416558,-7.117507,-0.40830144,-0.3180074,-1.6795133,-0.27363178,4.4877973,1.8851624
340,-0.06590329,-0.107658826,-0.0011249759,0.036084693,-0.080283366,-0.99611866,1.0,0.0,0.0,0.14455152,-0.1547437,-0.11029565,0.11586344,0.11447382,0.012192075,0.06720338,-0.0011420115,0.13114321,-0.03712845,-0.1821183,0.12583888,0.07598194,0.0370349,-0.039158314,0.06370844,-0.76932585,-0.32662937,-0.43645573,-0.051847536,0.05831931,-0.041672926,0.4822932,-0.59866184,0.5423505,-1.2359349,0.45308763,-1.4059911,0.114242256,0.59581333,0.56356996,1.0212091,-0.7297132,-0.80632734,0.550044,-0.19424248,199.99243,201.29665,-51.36551,-218.20016,-200.1154,41.973633,-199.84724,-219.26656,170.35477,50.14468,-38.803204,-200.72134,0.14455152,-0.1547437,-0.91029567,1.7158635,-0.6855262,0.012192075,0.06720338,-0.0011420115,-0.6688568,1.5628716,-0.9821183,0.12583888,1.5196388,0.740698,-0.7831663,1.2741687,-15.386517,-6.5325875,-8.729115,-1.0369507,1.1663862,-0.8334585,9.645864,-11.973236
341,-0.063759185,0.013722254,-0.26767915,0.034903757,-0.076501295,-0.9964584,1.0,0.0,0.0,0.21719728,-0.16192187,-0.09655446,0.09619582,0.03664732,0.026043644,0.029263068,-0.0017802307,0.1344825,-0.0498749,-0.033853054,-0.0032066833,0.5943117,-0.10739028,0.16326295,-0.23635195,-0.07820494,0.39280534,0.013834584,0.03401805,-0.060595006,0.03915147,0.6987147,-0.63113254,-1.3167739,0.7575126,-0.7284881,0.38851935,0.6430411,-0.19072947,0.9805254,-0.8996787,1.0995065,1.5145276,0.6038458,1.0667124,191.08792,-189.24707,235.03587,-200.61377,200.79495,199.92377,194.81714,229.74174,-122.01569,378.82504,-94.518616,33.11615,0.21719728,-0.16192187,-0.89655447,1.6961958,-0.7633527,0.026043644,0.029263068,-0.0017802307,-0.6655175,1.5501251,-0.83385307,-0.0032066833,11.886234,-2.1478055,3.2652588,-4.727039,-1.5640987,7.8561068,0.27669168,0.680361,-1.2119001,0.7830294,13.974293,-12.622651
342,0.06324514,-0.1891319,-0.47148514,0.032146096,-0.07655503,-0.9965471,1.0,0.0,0.0,0.28266138,-0.17024459,-0.085580766,0.07697952,0.09708148,0.02513116,0.0819733,-0.0021203163,0.10685098,0.002441883,0.0977242,-0.06876307,0.11146066,0.015888914,-0.038993746,0.019248614,0.6130609,-0.32964507,0.43036053,-0.036647122,-0.19596511,0.41392192,0.66336656,-0.0020271128,-0.8005991,-1.1714463,0.48961693,-1.5436196,-0.20972222,-0.6899099,-0.13543397,1.1610708,-1.0680978,-0.23823361,-1.1528388,0.02645138,-200.69212,202.60628,-194.30951,185.07675,199.98782,-199.92145,148.32986,-202.71417,-201.201,190.61417,27.474487,227.85352,0.28266138,-0.17024459,-0.8855808,1.6769795,-0.7029185,0.02513116,0.0819733,-0.0021203163,-0.69314903,1.6024419,-0.7022758,-0.06876307,2.2292132,0.3177783,-0.7798749,0.38497227,12.261218,-6.592901,8.60721,-0.7329424,-3.9193022,8.278439,13.267331,-0.040542252
343,0.06574076,-0.009584364,0.33280236,0.028706368,-0.07919118,-0.9964461,1.0,0.0,0.0,0.27006218,-0.1628311,-0.081519485,0.07502043,0.11471635,-0.09163667,0.11432589,-0.0058259047,0.061899602,0.073052645,0.1554032,-0.04067627,-0.20004313,0.06646935,0.06958187,-0.016145835,-0.35593194,-0.77230704,-0.0554127,0.0017194784,-0.2521745,0.29543555,-0.014351352,0.16120973,-0.12944463,0.9285994,-0.6308497,-0.4505641,-0.1122711,0.3966463,-0.8954165,-1.0000745,0.77518404,-1.002274,-0.750749,0.007470669,-168.02122,75.83603,367.47974,83.95726,-259.3608,-135.32079,-200.25992,194.32468,-216.63177,-232.53421,-200.56674,-2.5217366,0.27006218,-0.1628311,-0.8815195,1.6750205,-0.68528366,-0.09163667,0.11432589,-0.0058259047,-0.7381004,1.6730527,-0.6445968,-0.04067627,-4.0008626,1.329387,1.3916374,-0.3229167,-7.1186385,-15.44614,-1.108254,0.034389567,-5.04349,5.908711,-0.28702703,3.2241945
344,0.13405363,0.008778386,0.5755923,0.027158424,-0.083831415,-0.9961097,1.0,0.0,0.0,0.17538625,-0.14377214,-0.0730474,0.06907749,0.026082039,-0.1707233,0.057021737,-0.0144992145,0.030495405,0.100851774,0.07677841,-0.019413417,-0.6695428,0.110457435,0.019544689,-0.05228308,-0.39898697,-0.09581103,-0.47136173,-0.078065865,-0.07983967,0.012564519,-0.7031924,0.07727434,0.90335786,-1.0352149,0.8429678,0.38547415,0.5438738,1.2699221,0.6195922,0.8329757,-0.8458798,-0.29824084,-0.48930752,-0.4095934,-82.29981,177.536,-158.35263,-196.51349,77.199486,200.0422,-199.88255,-169.93237,172.01263,-231.19815,-200.51064,-13.081906,0.17538625,-0.14377214,-0.8730474,1.6690775,-0.773918,-0.1707233,0.057021737,-0.0144992145,-0.7695046,1.7008518,-0.7232216,-0.019413417,-13.390856,2.2091486,0.39089376,-1.0456616,-7.979739,-1.9162207,-9.427235,-1.5613172,-1.5967933,0.25129038,-14.063848,1.5454867
345,0.13428527,0.04000005,0.3114462,0.026692767,-0.08965868,-0.99561477,1.0,0.0,0.0,0.09955506,-0.13681187,-0.06325483,0.07014704,0.020697474,-0.11054765,0.0057022646,-0.020617148,0.013550937,0.09194887,-0.11480892,-0.080286175,-0.14179298,-0.02570868,0.07067505,0.051255345,0.27723905,0.62515277,-0.08162565,0.0059564034,-0.088993505,-0.09502312,-0.97217745,-0.6165249,0.80446845,0.8494342,-0.5079335,-1.4296033,0.32288536,0.4652282,0.61362207,-1.1360478,1.1354603,0.39373654,0.5906357,0.067870826,198.128,-213.47565,203.64407,181.49168,200.07797,199.77574,200.504,206.36627,-197.67165,-228.05948,81.47758,-197.56766,0.09955506,-0.13681187,-0.86325485,1.6701471,-0.77930254,-0.11054765,0.0057022646,-0.020617148,-0.7864491,1.6919489,-0.9148089,-0.080286175,-2.8358595,-0.51417357,1.413501,1.0251069,5.544781,12.503056,-1.6325129,0.11912806,-1.77987,-1.9004624,-19.443548,-12.330498
346,0.00031034372,0.012395837,-0.5291371,0.028247375,-0.091951,-0.99536276,1.0,0.0,0.0,0.11397987,-0.13531415,-0.051162064,0.06794655,0.12145734,0.07314499,0.046050508,-0.025752494,0.0011888742,0.08449161,-0.2349481,-0.12470863,0.23855098,0.011836424,0.036327224,-0.025310466,0.4478905,0.9272494,0.4357624,-0.053620387,-0.0387523,0.011251258,-0.29640314,0.10039779,-0.07143899,-1.036171,0.75089234,-0.3276589,-0.2650615,-0.18195327,-0.23870617,1.0135986,-0.795962,-0.94889927,0.6519578,0.6487415,62.8553,-903.174,-322.65994,229.81606,-287.4369,-287.989,198.56984,-220.0545,214.79811,191.07564,200.46495,199.50877,0.11397987,-0.13531415,-0.8511621,1.6679466,-0.6785427,0.07314499,0.046050508,-0.025752494,-0.79881114,1.6844916,-1.0349481,-0.12470863,4.7710195,0.23672846,0.7265445,-0.5062093,8.957809,18.544987,8.715248,-1.0724077,-0.77504593,0.22502515,-5.928063,2.0079558
347,0.027678372,0.115560144,0.2293716,0.031396177,-0.09234967,-0.9952316,1.0,0.0,0.0,0.11777313,-0.14097036,-0.035554886,0.051978707,0.099060655,0.16595672,0.079002686,-0.031299304,-0.014129221,0.069701076,-0.21679562,-0.031042317,-0.15787648,-0.033751484,0.13511778,-0.161498,-0.48738757,0.14680569,-0.059117574,-0.0054505407,-0.1082444,-0.14361122,0.40751702,0.76964146,-1.0034155,0.8166828,-0.34921926,1.3740432,0.28931522,-0.9093333,-0.6756355,-0.9924349,1.0288216,0.49988437,-0.14247295,-0.38839024,-181.40007,-70.31258,194.1437,-157.02423,-227.20967,-193.17807,-200.7731,194.83752,-188.44273,-218.77419,200.32274,199.94685,0.11777313,-0.14097036,-0.8355549,1.6519787,-0.70093936,0.16595672,0.079002686,-0.031299304,-0.81412923,1.6697011,-1.0167956,-0.031042317,-3.1575294,-0.67502964,2.7023556,-3.22996,-9.747751,2.9361138,-1.1823515,-0.109010816,-2.164888,-2.8722243,8.15034,15.392829
348,0.12812455,0.0006906093,0.55035245,0.031980976,-0.096136,-0.9948542,1.0,0.0,0.0,0.031293973,-0.13813841,-0.036065757,0.05316758,0.06276667,0.113039516,0.023235358,-0.037587587,-0.03282112,0.054468513,-0.17855144,0.04716893,-0.65674585,0.05061203,-0.11423268,0.14193755,0.07125416,-0.6026711,-0.45696568,-0.050628383,-0.08512207,-0.019879734,0.10756954,0.08119596,1.0310925,-1.2772471,0.91670704,-1.4057071,0.3394649,0.053423736,0.8911259,1.0128808,-0.79331255,-0.5107561,-0.423555,-0.8026881,-172.80045,192.77136,-328.54883,152.18152,161.45682,-209.06903,-196.3845,-166.20427,181.44846,175.52719,-25.00155,-199.35913,0.031293973,-0.13813841,-0.83606577,1.6531676,-0.73723334,0.113039516,0.023235358,-0.037587587,-0.83282113,1.6544685,-0.97855145,0.04716893,-13.134916,1.0122405,-2.2846537,2.838751,1.425083,-12.053422,-9.139314,-1.0125676,-1.7024413,-0.39759466,2.1513908,1.6239191
349,0.013537578,0.090695575,0.23406327,0.032526005,-0.09929456,-0.99452627,1.0,0.0,0.0,-0.037825283,-0.13508001,-0.049401045,0.06329429,0.11175954,0.056753073,-0.027698347,-0.03797768,-0.049556732,0.035406232,-0.22659594,-0.013299097,-0.089267775,-0.01128084,-0.0532605,0.034597542,0.28128138,-0.1213836,-0.09014035,0.036228362,-0.07938941,-0.16180514,-0.4387842,-0.61630607,0.88880223,0.85275155,-0.24377394,0.20746899,-0.46803614,1.1891289,0.26382586,-1.0099924,1.168114,0.51461923,0.44160718,0.2166535,263.33466,-106.443825,-34.6317,57.78969,-6.54068,44.600998,200.93132,210.71219,-186.02199,-218.00858,-37.28844,-199.71883,-0.037825283,-0.13508001,-0.84940106,1.6632943,-0.68824047,0.056753073,-0.027698347,-0.03797768,-0.84955674,1.6354063,-1.026596,-0.013299097,-1.7853554,-0.2256168,-1.06521,0.69195086,5.6256275,-2.427672,-1.802807,0.72456723,-1.5877881,-3.2361026,-8.775684,-12.326121
350,-0.051454626,0.026073487,-0.5324758,0.03534576,-0.098270476,-0.99453187,1.0,0.0,0.0,-0.012090897,-0.13303833,-0.074702024,0.09759474,0.090849936,0.106312834,0.014028741,-0.04226603,-0.060204208,0.018421173,-0.23996204,-0.057883173,0.3057232,0.031399053,-0.17325662,0.24727121,-0.41433945,0.55443436,0.44780588,-0.068600014,-0.03332896,-0.022010837,0.23763593,0.09886258,-0.5948424,-1.147644,0.76504946,-1.2273655,-0.36147767,-0.44329748,0.33362913,1.0778764,-0.6632241,-1.0890647,0.4613641,0.7797939,199.71468,189.97325,-207.0472,-6.9131165,-200.56825,199.6972,157.28711,-221.70473,218.5466,194.13202,200.55832,199.65623,-0.012090897,-0.13303833,-0.87470204,1.6975948,-0.7091501,0.106312834,0.014028741,-0.04226603,-0.8602042,1.6184212,-1.039962,-0.057883173,6.114464,0.62798107,-3.4651325,4.945424,-8.286789,11.088687,8.956118,-1.3720002,-0.6665792,-0.44021672,4.7527184,1.9772516
351,-0.084831946,0.09537895,-0.14861651,0.039318636,-0.09490565,-0.9947095,1.0,0.0,0.0,0.01047286,-0.12842548,-0.09342927,0.11652267,-0.05201924,0.14188135,0.11988086,-0.054256257,-0.06969327,-0.0016447306,-0.11493564,0.03722359,-0.04845735,0.015317515,-0.026837101,-0.030259151,-0.7912792,-0.1297928,0.51370853,-0.048214085,-0.061649024,-0.16751443,0.942279,0.7824759,-0.7932643,0.76144105,-0.1664744,-1.1482062,0.63709027,-0.62549967,-0.69313455,-0.89737916,1.1282438,0.24963976,-0.86660856,-0.4377613,-200.19101,-196.76889,204.40477,-217.3478,51.85513,-200.01941,-22.972912,125.299,-186.0413,-216.91014,200.23239,198.99323,0.01047286,-0.12842548,-0.8934293,1.7165227,-0.85201925,0.14188135,0.11988086,-0.054256257,-0.8696933,1.5983553,-0.91493565,0.03722359,-0.969147,0.3063503,-0.53674203,-0.605183,-15.825583,-2.5958557,10.27417,-0.9642817,-1.2329805,-3.3502884,18.84558,15.649518
352,-0.014559356,0.018411772,0.20023547,0.04115933,-0.09299115,-0.9948158,1.0,0.0,0.0,-0.055770297,-0.11265968,-0.098867536,0.09494388,-0.13314426,0.03717394,0.18249603,-0.06852866,-0.07862353,-0.024062276,-0.0039675236,0.11816455,-0.56368434,0.13107628,-0.025631389,-0.17197946,-0.090489574,-0.8456544,0.15003002,-0.08863085,-0.03227577,-0.065398894,0.2376972,0.09521365,1.0175877,-1.200472,0.60893947,-0.15688425,0.34776413,0.5184534,-1.0498279,1.0238023,-0.6535671,-0.7003865,-1.0815223,-0.91661346,-200.95145,236.04901,-64.284805,-198.94034,200.75417,-199.05266,-205.19637,-218.35501,226.8986,195.83142,-199.5059,-200.34851,-0.055770297,-0.11265968,-0.89886755,1.6949439,-0.9331443,0.03717394,0.18249603,-0.06852866,-0.87862355,1.5759377,-0.80396754,0.11816455,-11.273686,2.6215255,-0.5126278,-3.439589,-1.8097914,-16.913088,3.0006003,-1.7726169,-0.6455154,-1.3079778,4.753944,1.904273
353,-0.06862238,0.019510403,0.30053473,0.04118066,-0.0916013,-0.9949439,1.0,0.0,0.0,-0.11591544,-0.1001772,-0.079488575,0.031110048,-0.075913966,-0.05282371,0.15133438,-0.06669274,-0.08663446,-0.031641245,-0.012495816,0.051321886,-0.08534554,0.0030402674,0.18646829,-0.41472855,0.59388465,-0.12666546,-0.40038338,0.08564922,-0.048264157,-0.014601241,-0.27684456,-0.69213736,1.4182651,0.9334569,-0.6865561,1.2647111,0.0021353066,1.3778394,-0.59889257,-1.0446677,1.1767097,0.4773612,0.027976476,0.2684559,198.50023,-198.37732,210.12889,-63.18061,200.20503,200.07716,-227.62012,152.07776,30.520126,35.34874,-161.45184,-224.70874,-0.11591544,-0.1001772,-0.8794886,1.6311101,-0.875914,-0.05282371,0.15133438,-0.06669274,-0.88663447,1.5683588,-0.8124958,0.051321886,-1.7069107,0.060805347,3.7293658,-8.294571,11.877693,-2.5333092,-8.007668,1.7129844,-0.96528316,-0.29202482,-5.536891,-13.842747
354,-0.009177899,-0.03662405,0.1827316,0.03978608,-0.09047926,-0.99510324,1.0,0.0,0.0,-0.09031387,-0.10662037,-0.06289023,-0.0010704994,-0.01831603,0.0017434013,0.039574496,-0.052723467,-0.09660858,-0.020179152,-0.014378369,-0.0102837365,0.29419616,-0.052517753,0.010588447,0.007119263,0.1073631,0.5859043,-0.6866787,0.053934105,-0.050598778,0.11894077,0.08483934,0.006066628,-0.36373013,-1.349042,0.75224257,-0.15324658,-0.85408777,0.18549708,1.0953245,1.102214,-0.8764237,-1.2714845,0.7240135,0.618627,199.11803,200.98291,-188.64699,190.1317,-64.69704,200.07031,-201.46591,-216.09938,207.18292,192.58058,18.053802,199.4934,-0.09031387,-0.10662037,-0.86289024,1.5989295,-0.81831604,0.0017434013,0.039574496,-0.052723467,-0.8966086,1.5798209,-0.8143784,-0.0102837365,5.883923,-1.0503551,0.21176893,0.14238526,2.1472619,11.718085,-13.733574,1.0786821,-1.0119755,2.3788154,1.6967868,0.121332556
355,-0.07669,-0.07923806,0.47992504,0.035870664,-0.08904183,-0.9953817,1.0,0.0,0.0,-0.07226455,-0.11523014,-0.055628538,0.013438225,-0.05359739,0.072843105,-0.06504463,-0.04189791,-0.104171276,-0.012168884,0.08058411,0.066559084,-0.067702875,-0.038112264,0.052846964,0.10215614,-0.43016592,0.2530117,-0.39001533,0.05419558,-0.030184304,-0.02671788,0.79395354,0.6937296,-1.0359082,0.7927238,-0.48353505,0.68603253,0.40714133,-0.7460589,1.4812872,-0.9042449,1.0668418,-0.59683985,-0.9171371,-0.5353075,-196.4445,-144.1132,172.51013,131.34154,-167.32217,-41.780876,201.04591,205.22778,-177.5696,-206.96115,200.8413,199.70671,-0.07226455,-0.11523014,-0.85562855,1.6134382,-0.8535974,0.072843105,-0.06504463,-0.04189791,-0.9041713,1.5878311,-0.7194159,0.066559084,-1.3540574,-0.76224524,1.0569392,2.0431228,-8.603318,5.060234,-7.800307,1.0839115,-0.6036861,-0.5343576,15.87907,13.874592
356,0.12985727,-0.06917653,0.32709876,0.03149726,-0.091018096,-0.99535096,1.0,0.0,0.0,-0.13917363,-0.11391869,-0.07128,0.06047058,-0.06325972,0.044081297,-0.09176448,-0.04786439,-0.094860375,-0.024587274,0.12977487,0.121346615,-0.55056065,0.04255037,-0.18590252,0.34265515,0.26418856,-0.4686474,0.07657294,-0.088808104,0.1153543,-0.08641521,-0.18655793,-0.05543359,0.83816683,-1.2265745,0.5914656,-1.1248147,-0.045336425,0.16033812,0.089326434,1.0302409,-0.8741789,0.7782114,-0.6374839,-0.3796312,-197.5512,195.3333,-193.3313,181.79204,200.1744,-200.50941,220.76671,-48.081253,351.13864,-4.667267,-235.28792,-201.46,-0.13917363,-0.11391869,-0.87128,1.6604706,-0.86325973,0.044081297,-0.09176448,-0.04786439,-0.8948604,1.5754128,-0.67022514,0.121346615,-11.011212,0.8510074,-3.7180505,6.853103,5.283771,-9.372948,1.5314587,-1.776162,2.307086,-1.7283041,-3.7311587,-1.1086718
357,-0.11142986,-0.09194252,0.041014764,0.027817257,-0.09099944,-0.9954624,1.0,0.0,0.0,-0.19088553,-0.11265741,-0.083462834,0.10087693,-0.047702193,0.028564418,-0.047090534,-0.053038284,-0.08731258,-0.008216977,0.016988039,0.032979127,-0.026250442,-0.025452951,0.04226647,0.08868795,0.017918775,0.21476975,0.2788859,0.034964,-0.028368121,0.21802051,-0.8713557,-0.7592055,1.0352026,0.76578397,-0.38514322,-1.2510834,-0.14992484,0.7206276,-0.80431837,-0.8965874,1.1631294,-1.6406949,0.2866605,0.43282917,198.85243,-207.11655,206.61331,-214.29637,-13.941395,117.89438,44.023335,221.37926,-200.24791,179.03333,-199.64203,-199.85112,-0.19088553,-0.11265741,-0.88346285,1.700877,-0.8477022,0.028564418,-0.047090534,-0.053038284,-0.8873126,1.591783,-0.783012,0.032979127,-0.52500886,-0.509059,0.84532934,1.773759,0.3583755,4.295395,5.577718,0.69927996,-0.5673624,4.36041,-17.427114,-15.18411
358,0.017633868,0.060714692,-0.1924988,0.027823776,-0.08931668,-0.9956145,1.0,0.0,0.0,-0.15952513,-0.1182271,-0.077935755,0.103904486,-0.07820898,0.14714217,-0.023858296,-0.05180684,-0.07860768,-0.00013029575,-0.08166784,-0.042205144,0.30675253,-0.029446071,0.014405261,-0.04676695,-0.1775171,0.90241617,-0.01757386,-0.018940158,0.10217392,-0.1030905,-0.18469912,-0.0624469,0.16962859,-1.0755918,0.6479683,-0.937634,0.31889498,-0.48735103,-0.35230553,1.0620543,-0.86892176,-0.8904324,0.7837382,0.72937775,199.6045,197.66722,-197.84854,-218.23666,7.1760993,199.78532,-200.4602,-201.69579,202.54889,-215.09023,200.00778,200.00035,-0.15952513,-0.1182271,-0.87793577,1.7039045,-0.878209,0.14714217,-0.023858296,-0.05180684,-0.8786077,1.5998697,-0.88166785,-0.042205144,6.1350503,-0.5889214,0.28810522,-0.93533903,-3.550342,18.048323,-0.35147718,-0.37880316,2.0434783,-2.06181,-3.6939824,-1.248938
359,0.001664249,0.06596919,0.23814778,0.030904785,-0.08931434,-0.9955239,1.0,0.0,0.0,-0.059463046,-0.13393201,-0.050655007,0.063619256,-0.038289428,0.25458413,-0.07200676,-0.05074146,-0.07088256,-0.024750113,-0.040349543,0.003520791,0.5687687,-0.11412298,0.24238597,-0.32933456,0.5087057,0.23689632,-0.367538,-0.03530818,-0.059216123,-0.061077096,0.53310287,0.3669253,-0.94897056,0.7686421,-0.4526971,0.95337534,0.4536302,-0.9557199,0.49462736,-0.8495507,1.0640891,1.5352441,-0.4722219,-0.17632103,-12.168732,-152.01926,249.95444,-195.25995,201.31204,-199.16045,-147.28961,-400.29095,-468.14124,2.1163025,207.08667,74.054665,-0.059463046,-0.13393201,-0.850655,1.6636193,-0.83828944,0.25458413,-0.07200676,-0.05074146,-0.8708826,1.5752499,-0.84034956,0.003520791,11.375373,-2.2824595,4.847719,-6.586691,10.174113,4.7379265,-7.35076,-0.7061636,-1.1843225,-1.2215419,10.662057,7.3385057
360,0.011720192,-0.09648925,-0.087359816,0.029844524,-0.089759625,-0.9955162,1.0,0.0,0.0,0.00809434,-0.14186247,-0.04392755,0.062116385,0.06185192,0.20486735,-0.09927811,-0.06272761,-0.07773453,-0.012209535,-0.00681901,0.005285209,0.15132238,0.027017558,-0.12777905,0.21280871,0.56330097,-0.6183671,0.05294637,-0.08157061,-0.011508313,0.16577321,-0.13059926,-0.2767212,-0.4382596,-1.2483766,0.68009496,-1.347542,-0.9410677,-0.5620271,1.1545343,1.0698202,-0.8396199,0.12427367,-0.4590453,-0.5971108,-138.83606,304.15216,-437.35358,182.12407,104.669876,-206.41422,190.49619,-40.219772,236.764,280.23825,-188.09962,-168.49797,0.00809434,-0.14186247,-0.84392756,1.6621164,-0.7381481,0.20486735,-0.09927811,-0.06272761,-0.87773454,1.5877905,-0.806819,0.005285209,3.0264475,0.54035115,-2.555581,4.256174,11.266019,-12.367341,1.0589274,-1.6314121,-0.23016626,3.3154643,-2.6119852,-5.5344243
361,-0.07805629,-0.02780712,0.12105657,0.027253903,-0.08830477,-0.9957206,1.0,0.0,0.0,0.0037109759,-0.12998636,-0.0574587,0.0842154,0.08376539,0.01086535,-0.056598682,-0.07357828,-0.090498924,0.035043716,-0.10665882,-0.12666626,-0.15229303,0.09577058,-0.015716812,0.055636313,-0.2855918,-1.199373,0.3424623,-0.030056426,-0.09663161,0.263463,-0.7627202,-0.96867764,-0.39261776,0.8384873,-0.31342322,-1.3610392,-0.38657537,0.7546551,-0.38170746,-0.9360342,1.1270248,-1.2806344,0.26514226,0.69875586,-142.96661,264.5318,479.90195,236.54405,-287.02106,-54.827675,197.72145,199.45863,-185.8074,-55.464195,-92.91878,-184.10928,0.0037109759,-0.12998636,-0.8574587,1.6842154,-0.7162346,0.01086535,-0.056598682,-0.07357828,-0.89049894,1.6350437,-0.9066588,-0.12666626,-3.0458605,1.9154116,-0.31433624,1.1127262,-5.7118363,-23.98746,6.849246,-0.6011285,-1.9326322,5.26926,-15.254404,-19.373552
362,0.056078322,0.06881342,0.49943113,0.027020287,-0.08827455,-0.9957297,1.0,0.0,0.0,-0.07884965,-0.10479544,-0.06287235,0.09238303,-0.045775473,-0.15015525,-0.026162421,-0.08783596,-0.09591496,0.052928686,-0.18379474,-0.24396665,-0.62464994,0.14814846,-0.043739807,-0.004717666,-0.8203784,-0.49790817,-0.0014362752,-0.10802951,0.028695514,-0.05073632,-0.0778943,-0.2741557,1.0170214,-1.009324,0.8556623,-0.9743136,0.3645519,1.1872445,-0.75874877,0.92283213,-0.7194238,-0.51776177,0.74770045,1.0840809,-140.23886,215.26549,-140.83423,-194.02838,3.2893744,201.05128,-201.05792,-197.86285,218.97968,-208.35512,200.46785,200.137,-0.07884965,-0.10479544,-0.86287236,1.692383,-0.8457755,-0.15015525,-0.026162421,-0.08783596,-0.895915,1.6529287,-0.98379475,-0.24396665,-12.492998,2.962969,-0.87479615,-0.094353326,-16.407568,-9.958163,-0.028725503,-2.1605902,0.5739103,-1.0147264,-1.557886,-5.483114
363,0.005270172,0.11993571,0.72704875,0.029096933,-0.09036082,-0.99548405,1.0,0.0,0.0,-0.15346615,-0.088312164,-0.048816323,0.06138122,-0.13425076,-0.17060934,-0.080961786,-0.094939895,-0.09825081,0.026866674,-0.122050464,-0.2254999,-0.16057344,0.019382922,0.1376497,-0.23532394,-0.13452858,0.2305545,-0.4991201,0.029673321,-0.039798703,-0.19570446,0.62530315,0.39225608,0.98440206,0.90278816,-0.40529016,1.3759022,0.8637179,0.933653,0.4590142,-1.1179448,1.1323903,0.5968903,-0.47007242,0.35933626,242.4957,-575.6594,-273.99808,188.96362,191.61662,223.98532,-194.40407,241.92422,-191.23349,-214.07315,200.44594,200.85414,-0.15346615,-0.088312164,-0.84881634,1.6613812,-0.9342508,-0.17060934,-0.080961786,-0.094939895,-0.8982508,1.6268667,-0.9220505,-0.2254999,-3.2114687,0.38765845,2.7529938,-4.7064786,-2.6905715,4.61109,-9.982402,0.5934664,-0.795974,-3.9140892,12.5060625,7.8451214
364,-0.0747201,0.04917194,0.05148391,0.030840565,-0.089053065,-0.9955493,1.0,0.0,0.0,-0.13250147,-0.08647454,-0.042701364,0.054635167,-0.08174932,-0.052467015,-0.11631185,-0.10382453,-0.0976004,0.008074045,-0.07334757,-0.0718513,0.29773965,0.024721535,-0.051021498,0.099760994,0.57788414,0.897823,0.08411043,-0.10320728,0.03870451,-0.017623438,-0.071819805,1.010326,0.48180264,-1.2932259,0.7746612,-0.40488154,0.03192383,0.26930198,0.7932749,0.9492347,-0.5859376,-0.8764741,-0.82513064,-0.12857309,200.69365,200.09334,-216.13875,171.92168,199.40826,200.31116,199.8591,-197.08765,209.4191,182.4466,-199.93962,33.58139,-0.13250147,-0.08647454,-0.8427014,1.6546352,-0.88174933,-0.052467015,-0.11631185,-0.10382453,-0.8976004,1.6080741,-0.8733476,-0.0718513,5.954793,0.4944307,-1.02043,1.9952198,11.557682,17.956459,1.6822087,-2.0641456,0.7740902,-0.35246876,-1.4363961,20.20652
365,-0.1613365,0.14196925,-0.3584553,0.035601377,-0.08381484,-0.9958452,1.0,0.0,0.0,-0.018825104,-0.08862345,-0.033361793,0.043559074,-0.02362299,0.08327108,-0.06481781,-0.116954625,-0.087186396,-0.008368373,-0.16100425,0.05277966,0.7838544,-0.05265851,0.1207199,-0.14767753,0.11182373,0.48866707,0.38632792,-0.032481167,0.06372434,-0.08552016,-0.7018251,0.2917147,-0.9095359,0.8084402,-0.3422612,0.87421495,-0.31233326,-0.5966121,-0.59867835,-1.0182922,1.2139719,0.25851613,0.25158402,-1.0205868,70.50438,-646.30457,545.66327,408.70892,-201.08401,-221.43256,24.347076,299.76782,649.3197,806.05615,-52.41533,-247.37921,-0.018825104,-0.08862345,-0.8333618,1.6435591,-0.823623,0.08327108,-0.06481781,-0.116954625,-0.8871864,1.5916317,-0.96100426,0.05277966,15.677089,-1.0531702,2.414398,-2.9535506,2.2364745,9.773341,7.726558,-0.64962333,1.2744868,-1.7104032,-14.036502,5.834294
366,-0.029416718,-0.042605568,-0.08881708,0.037963524,-0.08004739,-0.9960679,1.0,0.0,0.0,0.08107785,-0.0916493,-0.026121855,0.051965117,-0.07674199,0.097302385,-0.031462993,-0.12105021,-0.08278024,0.0022746325,-0.22561127,0.041450486,0.26942143,0.023441868,-0.030180901,0.18655805,-0.5036026,-0.25845584,-0.01091745,-0.016072748,-0.02259157,0.1563728,-0.03546316,-0.32861137,-1.1287783,-1.1737164,0.7652568,-1.5053613,0.45438445,-0.565005,0.089381866,0.993724,-0.82874286,-0.8422364,0.5437539,-0.19687198,-199.24527,214.04019,-202.75456,182.45447,-70.2565,-199.9042,-193.31621,-75.82986,-34.388382,198.32101,179.99258,-166.82018,0.08107785,-0.0916493,-0.82612187,1.6519651,-0.876742,0.097302385,-0.031462993,-0.12105021,-0.88278025,1.6022747,-1.0256113,0.041450486,5.388428,0.46883735,-0.603618,3.731161,-10.072052,-5.1691165,-0.218349,-0.32145497,-0.4518314,3.127456,-0.7092632,-6.5722275
367,-0.013821538,0.059152056,0.0978347,0.038361102,-0.0792515,-0.9961163,1.0,0.0,0.0,0.094972275,-0.0899658,-0.018368125,0.056290865,-0.102077186,-0.029971082,-0.013849934,-0.11822396,-0.09503645,0.023887992,-0.15809321,-0.04414185,-0.098216705,-0.0054709734,0.09489029,-0.11324038,0.18137267,-0.9458233,0.13922624,0.029929338,-0.08481722,0.049846556,0.647527,-0.4074912,-0.43424976,0.857367,-0.2906806,-0.8777068,0.60196996,0.62999994,0.56984127,-0.9460393,0.97458816,-0.631145,-0.10939799,0.2901014,-200.1244,-202.02086,198.26225,-221.67224,199.89503,-200.03532,89.90547,194.79161,-202.73445,-219.67192,200.09883,43.65517,0.094972275,-0.0899658,-0.81836814,1.6562909,-0.9020772,-0.029971082,-0.013849934,-0.11822396,-0.89503646,1.623888,-0.9580932,-0.04414185,-1.964334,-0.109419465,1.8978058,-2.2648077,3.6274533,-18.916466,2.784525,0.59858674,-1.6963444,0.9969311,12.95054,-8.149824
368,-0.054893628,0.058620613,-0.025342384,0.04064063,-0.07788087,-0.9961339,1.0,0.0,0.0,0.03762436,-0.08402496,-0.02016133,0.052191615,-0.030552626,-0.12612768,0.06577665,-0.123233914,-0.09086943,0.013265133,-0.099987626,-0.035939198,-0.44010887,0.051981788,-0.10270204,0.10033049,0.39455172,-0.08257637,0.5998954,-0.055920042,0.08661815,-0.10433207,0.057639122,0.44023925,1.2258129,-1.191367,0.86841,1.1631396,0.13800603,1.3937048,-1.3483493,0.9421191,-0.79106104,1.1130376,-0.9084137,0.5071684,-229.50803,12.728088,-111.98567,182.97107,40.403625,230.53839,204.57607,-13.791931,52.973465,-80.27333,-88.632454,251.90567,0.03762436,-0.08402496,-0.82016134,1.6521916,-0.83055264,-0.12612768,0.06577665,-0.123233914,-0.89086944,1.6132652,-0.89998764,-0.035939198,-8.802177,1.0396358,-2.0540407,2.0066097,7.8910346,-1.6515274,11.997908,-1.1184008,1.732363,-2.0866413,1.1527824,8.804785
369,-0.1477386,-0.08935605,0.11977752,0.039549626,-0.07373411,-0.99649334,1.0,0.0,0.0,-0.0012177229,-0.08331657,-0.037382424,0.0904485,0.030525148,-0.060024742,0.13454022,-0.12102235,-0.096064925,0.02868712,-0.16240907,0.11876391,0.009863545,-0.03825989,-0.06159402,0.25963902,0.25944617,0.66336924,0.121962264,0.07880689,-0.116513744,0.21133104,-0.61972475,0.93782896,0.96056366,0.76868415,-0.25372124,-1.1900853,-0.8508075,0.019918982,-1.0618957,-1.0174303,1.1797619,-1.5242522,0.36252493,-0.7006131,199.59315,-208.12302,170.45654,171.77864,-17.960358,202.35455,-198.09525,200.93794,-223.54555,163.74123,-200.65742,-6.8988695,-0.0012177229,-0.08331657,-0.83738244,1.6904485,-0.76947486,-0.060024742,0.13454022,-0.12102235,-0.89606494,1.6286871,-0.9624091,0.11876391,0.1972709,-0.76519775,-1.2318804,5.1927805,5.1889234,13.267385,2.4392452,1.5761378,-2.3302748,4.2266207,-12.394495,18.756578
370,-0.018975085,0.03816912,-0.030133778,0.039026227,-0.07060668,-0.9967406,1.0,0.0,0.0,0.036684383,-0.08889429,-0.05138153,0.12811482,0.008502662,0.0017767505,0.12855512,-0.112100154,-0.109021485,0.042176247,-0.21027786,0.22565123,0.33581892,-0.022535926,-0.07264416,0.13092951,-0.4124106,0.101204805,-0.13967095,0.003460072,-0.042423896,-0.0049436553,0.06832636,0.17505889,-0.67436725,-1.1439041,0.7011099,-1.9022294,0.13591194,-0.64444983,0.5711844,0.811548,-0.7632687,-1.1376266,0.6786831,-1.2910699,198.15233,190.41464,-196.70543,-214.83987,-199.94933,-65.48729,-162.05347,-239.74489,-18.78952,-102.96086,182.68909,-227.02924,0.036684383,-0.08889429,-0.85138154,1.7281148,-0.79149735,0.0017767505,0.12855512,-0.112100154,-0.9090215,1.6421763,-1.0102779,0.22565123,6.716378,-0.45071852,-1.4528831,2.6185904,-8.248212,2.024096,-2.7934191,0.06920144,-0.8484779,-0.0988731,1.3665272,3.5011775
371,-0.06518936,0.08275061,0.09517572,0.041347124,-0.068863064,-0.99676895,1.0,0.0,0.0,0.06477025,-0.095376074,-0.050765872,0.12278628,0.00048059225,-0.053816497,0.1293455,-0.10658246,-0.11764938,0.031285167,-0.11563748,0.18242568,-0.018609816,-0.04001379,0.064478986,-0.15579455,0.22971983,-0.58826745,0.118019424,0.05115397,-0.047092505,-0.102956,0.79640317,-0.52803993,-0.6506301,0.7594651,-0.2399011,-1.0718172,0.25911838,0.020603422,0.007815385,-0.84673893,1.0603249,0.3290335,-0.78531754,-0.16532099,-200.12119,-196.08401,204.82726,-216.69244,107.48735,-199.88875,199.37897,243.2135,-206.16652,-197.51598,201.02959,-196.14548,0.06477025,-0.095376074,-0.8507659,1.7227863,-0.7995194,-0.053816497,0.1293455,-0.10658246,-0.9176494,1.6312852,-0.9156375,0.18242568,-0.37219632,-0.8002758,1.2895797,-3.115891,4.5943966,-11.765348,2.3603885,1.0230794,-0.94185007,-2.05912,15.928063,-10.560799
372,-0.07628192,0.103811786,0.43459544,0.04427901,-0.0670771,-0.9967648,1.0,0.0,0.0,0.008733637,-0.09608632,-0.045113444,0.08965123,0.07981229,-0.09434787,0.11935046,-0.099409126,-0.12807316,0.02158153,-0.033818305,0.053706616,-0.48518687,0.016935362,-0.017370945,-0.07036328,0.3115194,0.14123495,-0.14873411,0.02137166,-0.051454958,-0.0077510662,0.09174975,-0.58631337,1.1653256,-1.2583817,0.8107208,0.78943884,-0.21840844,0.96487784,-1.1210526,1.013836,-0.7008749,-1.072307,-0.7125545,0.5359737,-238.86017,-24.318542,107.07106,404.8867,-61.81591,202.39345,-104.14387,-193.46666,207.43437,186.42506,-199.96956,67.9372,0.008733637,-0.09608632,-0.84511346,1.6896513,-0.7201877,-0.09434787,0.11935046,-0.099409126,-0.92807317,1.6215816,-0.8338183,0.053706616,-9.703737,0.33870724,-0.34741887,-1.4072657,6.230388,2.824699,-2.974682,0.4274332,-1.0290991,-0.15502132,1.834995,-11.726267
373,-0.029748902,0.091155864,0.6591133,0.046585068,-0.0660198,-0.9967302,1.0,0.0,0.0,-0.038439557,-0.10729197,-0.039956033,0.08911455,0.064380765,0.013309159,0.033317715,-0.08049572,-0.14256811,0.007929921,-0.08963281,0.010040248,-0.031471107,-0.116812706,0.061554432,0.051021885,-0.3951492,0.8630415,-0.66058207,0.15858184,-0.08700209,-0.11761557,-0.58225316,0.08307249,0.89917696,0.76573765,-0.22619984,-0.54963166,-0.37162253,-0.61310697,0.961203,-1.0266436,1.0982002,-0.29931772,0.1451872,0.39809355,199.64825,-197.3819,211.04372,181.85948,-199.98836,200.01613,-189.32391,275.19702,-135.59744,-186.60152,-198.33206,201.97627,-0.038439557,-0.10729197,-0.83995605,1.6891146,-0.73561925,0.013309159,0.033317715,-0.08049572,-0.9425681,1.60793,-0.8896328,0.010040248,-0.6294221,-2.3362541,1.2310886,1.0204377,-7.902984,17.26083,-13.211641,3.1716368,-1.7400419,-2.3523114,-11.645062,1.6614498
374,0.027213275,0.11237478,-0.071884125,0.050259948,-0.06646785,-0.99652195,1.0,0.0,0.0,-0.0037160604,-0.12468001,-0.027105093,0.0834949,-0.07255167,0.108966894,-0.027534613,-0.07647794,-0.15272737,-0.0031977892,-0.11674243,0.072132275,0.342695,-0.06380456,0.06726564,-0.09420733,-0.757337,0.16330507,-0.02795401,-0.07134997,-0.04341497,0.00058331405,0.20871435,0.51521844,-0.6575605,-1.2131327,0.10668528,0.3154357,0.5362631,-0.8170355,0.87551534,1.1357017,0.03689874,1.1156783,0.67074007,-0.2807444,199.46284,202.72514,-181.31273,-210.47949,44.65194,-200.45424,240.24171,-120.059814,-34.18518,78.42752,206.33212,151.13618,-0.0037160604,-0.12468001,-0.8271051,1.6834949,-0.8725517,0.108966894,-0.027534613,-0.07647794,-0.9527274,1.5968022,-0.91674244,0.072132275,6.8539,-1.2760911,1.3453127,-1.8841466,-15.146739,3.2661014,-0.5590802,-1.4269993,-0.86829937,0.01166628,4.174287,10.304368
375,0.02588203,-0.4657859,-0.115340866,0.041651152,-0.06726561,-0.9968654,1.0,0.0,0.0,0.027468964,-0.13952228,-0.0017290115,0.08073592,-0.1494835,0.06551826,0.003999499,-0.09016663,-0.14487052,0.015530705,-0.0023650527,0.096909404,-0.0002958042,-0.083562076,0.15608732,0.058331784,-0.0787404,-0.52845633,0.30986625,-0.06182004,0.10648582,0.16475518,0.8724462,-0.19347706,-0.47869587,0.8535111,-0.010797916,-1.9653628,0.9662322,-0.6306663,-0.33120334,-0.7870807,-0.6525016,-1.1048797,-0.56852543,-0.8188071,-199.12906,-196.7041,90.69019,181.49146,200.09572,-200.03839,208.62509,251.29741,223.07587,189.5105,200.53932,-198.71368,0.027468964,-0.13952228,-0.801729,1.680736,-0.9494835,0.06551826,0.003999499,-0.09016663,-0.94487053,1.6155307,-0.80236506,0.096909404,-0.0059160837,-1.6712415,3.1217463,1.1666356,-1.574808,-10.569126,6.1973248,-1.2364008,2.1297164,3.2951035,17.448923,-3.8695412
376,0.08338667,0.048359625,0.48654968,0.034189492,-0.06991456,-0.99696696,1.0,0.0,0.0,-0.02924294,-0.14873332,0.01231724,0.07236838,-0.088398814,-0.11741091,0.020360474,-0.103448845,-0.14136195,0.030254006,0.09814066,-0.017123654,-0.51211345,-0.015395406,0.011187381,-0.13002616,0.6189009,-1.1819568,-0.107449375,-0.07377622,-0.05236569,0.00047583095,0.1999222,-0.87892896,1.0724913,-0.78484607,-0.086973324,-1.0148851,0.31992453,0.41286913,-1.0670482,1.1268412,0.5364845,-0.2654063,-0.6944421,0.22027008,-196.91272,195.93372,-87.626076,-235.9862,199.13908,-62.872986,-200.93105,-199.64078,-191.63028,-216.15787,-199.966,-199.98389,-0.02924294,-0.14873332,-0.7876828,1.6723684,-0.8883988,-0.11741091,0.020360474,-0.103448845,-0.94136196,1.630254,-0.70185935,-0.017123654,-10.242269,-0.30790812,0.22374763,-2.6005232,12.378017,-23.639135,-2.1489875,-1.4755244,-1.0473138,0.009516619,3.998444,-17.578579
377,0.15603542,0.06581847,0.2629869,0.03616605,-0.07574086,-0.9964715,1.0,0.0,0.0,-0.084798,-0.15897009,0.003805399,0.06309354,0.029386818,-0.2500663,-0.045886893,-0.10556756,-0.1347292,-0.0042672157,0.062102914,-0.119595505,-0.07962005,-0.07529933,-0.10220063,0.09072628,0.44609666,-0.19973144,-0.515921,0.04755458,0.11196848,-0.3171344,-0.491258,-0.21235935,1.0436485,0.786098,0.8744927,1.3514249,-0.508255,0.23452017,0.87962675,-0.91822976,-0.8028841,1.4266944,-0.18607104,0.6528466,216.79097,-151.7905,-208.24019,172.85724,-22.56546,258.86368,-199.32477,217.52821,194.90927,-222.4649,-200.12433,200.92525,-0.084798,-0.15897009,-0.7961946,1.6630936,-0.7706132,-0.2500663,-0.045886893,-0.10556756,-0.9347292,1.5957328,-0.7378971,-0.119595505,-1.5924009,-1.5059866,-2.0440125,1.8145256,8.921933,-3.9946287,-10.318419,0.9510916,2.2393696,-6.342688,-9.82516,-4.247187
378,-0.062572114,-0.028319987,-0.028449606,0.03633732,-0.07716416,-0.996356,1.0,0.0,0.0,-0.048176613,-0.16600537,-0.0066945553,0.09951842,0.03728527,-0.21537101,-0.091595106,-0.10899941,-0.12565237,-0.019419909,-0.031068742,-0.07997812,0.39961216,0.004199918,-0.010083432,0.25139704,-0.28241897,0.4842516,-0.0048872605,-0.06513696,-0.0094033135,0.08789657,-0.41311336,0.52650887,-0.99947345,-1.015283,-0.43605238,-1.6529226,-0.24352694,0.34336963,0.9134811,1.1414455,0.84146774,0.18093635,0.58708674,-0.22993003,199.37871,222.64882,201.57848,182.25119,-200.08145,200.63782,199.07375,-202.3962,-194.90045,184.9064,45.525436,200.029,-0.048176613,-0.16600537,-0.80669457,1.6995184,-0.76271474,-0.21537101,-0.091595106,-0.10899941,-0.9256524,1.5805801,-0.83106875,-0.07997812,7.9922433,0.08399836,-0.20166864,5.0279408,-5.6483793,9.685032,-0.09774521,-1.3027391,-0.18806626,1.7579314,-8.262267,10.530177
379,-0.115026295,-0.036538884,-0.32150754,0.035537653,-0.073237956,-0.9966812,1.0,0.0,0.0,-0.012648096,-0.16943912,-0.018279195,0.13732648,-0.058633387,-0.050654963,-0.05232168,-0.118561134,-0.12512821,0.010974646,-0.041664124,-0.05018095,-0.0050083823,-0.034679472,-0.10009988,0.13505958,-0.48116976,0.9720568,0.36371905,-0.031939797,0.018384617,0.19962311,0.24501574,-0.16190618,-0.4121716,0.8686311,0.802758,-2.200529,0.2692336,-0.42965806,-0.49680698,-0.946815,-0.67985654,-1.0973598,0.6001486,-0.6906613,-199.9602,-201.89291,-200.64188,-224.24443,42.484154,-26.982685,203.23683,229.957,215.57912,163.66861,200.42992,-199.20386,-0.012648096,-0.16943912,-0.8182792,1.7373265,-0.8586334,-0.050654963,-0.05232168,-0.118561134,-0.9251282,1.6109747,-0.84166414,-0.05018095,-0.10016764,-0.69358945,-2.0019975,2.7011914,-9.623395,19.441135,7.2743807,-0.6387959,0.36769232,3.9924622,4.900315,-3.2381237
380,-0.07647323,0.02646618,0.49555868,0.035019357,-0.069752194,-0.99694955,1.0,0.0,0.0,-0.063174866,-0.16749167,-0.023016155,0.13309157,-0.0794453,0.065126516,-0.029331045,-0.12565796,-0.1290822,0.03257525,0.0851357,-0.15808716,-0.4558148,0.04737293,0.03800027,-0.14764254,0.20450592,0.25768945,-0.089066714,-0.040016066,-0.052292753,0.031912234,0.9524189,-0.848839,0.71490043,-0.9897122,-0.34660828,-1.3590586,0.53226906,-1.2047017,-0.85711616,1.1463544,0.8680558,-0.26409274,-0.7384528,0.3147991,-202.80945,201.26212,214.07443,-209.32497,200.57022,-200.01196,-201.83777,-200.1023,-188.17833,-217.90538,200.24083,-199.77264,-0.063174866,-0.16749167,-0.82301617,1.7330916,-0.8794453,0.065126516,-0.029331045,-0.12565796,-0.9290822,1.6325753,-0.7148643,-0.15808716,-9.116296,0.94745857,0.7600054,-2.9528508,4.0901184,5.153789,-1.7813343,-0.8003213,-1.045855,0.6382446,19.048378,-16.97678
381,0.10887365,0.10842898,0.2541717,0.036892887,-0.07113796,-0.996784,1.0,0.0,0.0,-0.115190566,-0.17078584,-0.016228855,0.088329434,0.039336145,0.04297017,-0.09031166,-0.12427518,-0.12966841,0.018633723,0.1793471,-0.24801795,-0.10014053,-0.069037594,0.032089453,-0.2896805,0.9124991,-0.41229764,-0.48114067,0.036721684,0.026294982,-0.10629844,0.026675848,-0.11388069,1.0907207,0.8557102,0.9325714,1.4421167,-0.003822714,-0.66988873,0.92463374,-1.0512658,-0.69300187,0.87162596,-1.357311,0.7962465,199.19145,-184.16112,-193.98537,-221.83423,199.97165,-199.77934,-247.41467,57.5188,365.62482,47.84929,-237.96236,198.54987,-0.115190566,-0.17078584,-0.81622887,1.6883295,-0.76066387,0.04297017,-0.09031166,-0.12427518,-0.9296684,1.6186337,-0.6206529,-0.24801795,-2.0028105,-1.3807518,0.641789,-5.79361,18.249983,-8.245953,-9.622813,0.73443365,0.52589965,-2.1259687,0.53351694,-2.2776136
382,-0.1344118,0.024438022,-0.08737562,0.039282694,-0.07026921,-0.9967543,1.0,0.0,0.0,-0.08309005,-0.16923793,-0.007605374,0.064198494,0.109396696,-0.09972938,-0.13418888,-0.12611218,-0.1357556,0.033372402,0.10873908,-0.19119248,0.37411708,0.07089507,0.04333873,0.031700723,-0.13097246,-0.94981426,-0.005147626,-0.047549095,-0.07367642,0.21907249,-0.66349053,0.60958457,-0.9891474,-1.1113027,-0.21368006,-0.24641731,-0.2907437,-0.26139992,0.85296017,1.1106623,0.84654367,-0.6478099,0.43175566,0.2967935,211.81055,234.48279,125.5352,235.184,-226.92036,-180.9654,197.7473,-206.7826,-190.01865,183.99066,-199.88062,200.06479,-0.08309005,-0.16923793,-0.8076054,1.6641985,-0.6906033,-0.09972938,-0.13418888,-0.12611218,-0.9357556,1.6333724,-0.69126093,-0.19119248,7.4823413,1.4179013,0.8667746,0.6340144,-2.6194491,-18.996284,-0.102952525,-0.95098186,-1.4735284,4.3814497,-13.269811,12.191691
383,-0.06529414,0.15033482,-0.25077876,0.04351097,-0.06607055,-0.99686575,1.0,0.0,0.0,-0.04995381,-0.16200426,-0.006635785,0.06906617,0.010774255,-0.20949644,-0.09419556,-0.1377282,-0.12945628,0.0434736,0.052004397,-0.022683633,-0.009552086,0.006534426,-0.031225903,0.0006780401,-0.7024289,-0.24720143,0.36699057,-0.061572928,0.117919445,-0.0872151,0.026566586,0.83842176,-0.20601529,0.9044257,1.0520321,0.69116503,0.24802631,1.0524107,-0.42613608,-0.9615231,-0.63068366,-0.63431364,0.40020669,-0.44689757,-215.00687,-191.72498,-46.200684,-73.148254,-28.524178,147.4471,203.78694,220.1336,208.57977,-215.3467,199.82097,-78.53718,-0.04995381,-0.16200426,-0.8066358,1.6690662,-0.78922576,-0.20949644,-0.09419556,-0.1377282,-0.9294563,1.6434736,-0.7479956,-0.022683633,-0.19104171,0.13068852,-0.62451804,0.013560802,-14.048577,-4.9440284,7.3398113,-1.2314585,2.358389,-1.744302,0.5313317,16.768435
384,0.025985746,0.14228466,0.47103587,0.04874016,-0.06596284,-0.996631,1.0,0.0,0.0,-0.08817506,-0.15738603,-0.0119146705,0.080623865,-0.05568576,-0.18444088,-0.0711077,-0.15248086,-0.11410689,0.011137009,0.13126105,0.069393985,-0.265279,0.034909487,-0.01602823,0.10544037,-0.028984835,0.43181354,-0.08711101,-0.08093264,0.043345094,-0.22115774,0.6184858,0.15103899,1.0971465,-0.8176913,-0.19835629,-1.2882035,0.3107419,-0.27713,-1.3012425,0.8949404,1.112127,1.4726479,0.77933854,-1.2511448,-19.646708,197.80159,212.43858,188.06252,200.33632,200.0743,-200.028,-189.39629,-186.0848,-213.75208,34.31508,-199.82072,-0.08817506,-0.15738603,-0.8119147,1.6806239,-0.8556858,-0.18444088,-0.0711077,-0.15248086,-0.9141069,1.611137,-0.66873896,0.069393985,-5.3055797,0.69818974,-0.32056457,2.1088073,-0.5796967,8.6362705,-1.7422202,-1.6186528,0.8669019,-4.423155,12.369716,3.0207796
385,0.10945053,0.10541526,0.2028372,0.052828517,-0.06903487,-0.9962144,1.0,0.0,0.0,-0.10032955,-0.16018991,-0.012840092,0.08811438,0.015191138,-0.17014065,-0.13351515,-0.15186547,-0.12584245,-0.0013705492,0.2743153,0.044107966,0.10494168,-0.05914083,0.006895321,-0.022690965,0.6302541,-0.17515437,-0.50849897,0.073010884,-0.20872001,0.15055035,0.58242935,-0.26564187,0.37464035,0.86292034,0.27730632,-0.88815784,0.29794514,-0.5442783,1.120621,-0.97232205,0.20773798,0.8894755,-0.8425216,-0.16462785,198.90099,-196.33435,-192.47195,-213.60846,93.036804,-89.620186,-148.5446,274.38245,-301.6786,343.81482,-52.6669,-97.13719,-0.10032955,-0.16018991,-0.8128401,1.6881144,-0.7848089,-0.17014065,-0.13351515,-0.15186547,-0.92584246,1.5986295,-0.5256847,0.044107966,2.0988336,-1.1828166,0.13790642,-0.4538193,12.605082,-3.5030875,-10.169979,1.4602177,-4.1744003,3.0110068,11.648587,-5.312837
386,-0.19431207,-0.49992818,-0.3174534,0.044332843,-0.067177355,-0.9967557,1.0,0.0,0.0,-0.02961355,-0.15859017,0.016718268,0.076141834,0.09916049,-0.26644048,-0.17322432,-0.1446216,-0.14221978,0.048354864,0.30364543,-0.028982952,0.55595005,0.061086554,0.19981171,0.00671686,0.16946124,-0.6098766,0.056603707,-0.0018883601,0.041944094,0.31421694,-0.17653207,-0.34988502,-0.9109589,-1.0291327,0.011712821,0.95032483,-0.36599004,0.27332175,0.9716264,1.2913755,-0.91633356,-1.2883286,-1.2329228,0.29393014,228.34267,51.7854,-183.56732,109.79959,-78.32712,-14.735786,196.39088,-208.19974,219.1149,185.58344,-200.0022,29.370184,-0.02961355,-0.15859017,-0.78328174,1.6761419,-0.7008395,-0.26644048,-0.17322432,-0.1446216,-0.9422198,1.6483549,-0.49635458,-0.028982952,11.119,1.2217311,3.9962342,0.1343372,3.3892245,-12.197531,1.1320741,-0.0377672,0.83888185,6.284339,-3.5306416,-6.9977
387,-0.07882838,-0.058979653,-0.27620724,0.03586872,-0.061668895,-0.9974519,1.0,0.0,0.0,0.038143925,-0.15553857,0.022173941,0.10198569,0.05655986,-0.31152087,-0.13174164,-0.14547116,-0.14496833,0.09850073,0.19458789,-0.023322392,0.16750178,-0.02730446,-0.08027476,0.21639518,-0.527693,0.0890919,0.32887888,-0.0051363553,-0.049065147,0.20138776,-0.84705704,0.33763096,-0.98959863,0.7650853,-0.39375287,-1.2043215,-0.6648552,0.87179047,-0.7791947,-0.55148625,0.49026132,-1.8761705,0.43847233,0.6162306,-200.64854,-199.77702,30.95308,182.64207,-200.05714,200.17601,201.2649,211.26314,-199.12195,-219.96553,-200.2286,200.07848,0.038143925,-0.15553857,-0.7778261,1.7019857,-0.74344015,-0.31152087,-0.13174164,-0.14547116,-0.94496834,1.6985008,-0.6054121,-0.023322392,3.3500354,-0.5460892,-1.6054952,4.3279037,-10.553859,1.7818379,6.5775776,-0.1027271,-0.9813029,4.0277553,-16.941141,6.7526193
388,0.021308172,-0.020160744,0.13760132,0.03441299,-0.060587488,-0.99756944,1.0,0.0,0.0,0.016812773,-0.15722783,0.0006825924,0.13098466,-0.12283027,-0.2205808,-0.100084595,-0.15421985,-0.14109147,0.104901195,0.10123277,0.12102579,-0.33167157,0.008416872,-0.13071708,0.085278906,-1.180847,0.75422937,0.018516112,-0.07625025,0.07498247,-0.10685619,-0.15601616,1.0313247,0.4742419,-0.7653979,0.88822037,-1.4682982,0.6608292,0.20372829,-0.25589174,1.0359405,-0.83792365,-1.3520796,0.54025257,-0.33990955,-200.4397,225.12985,-194.81647,-222.86827,-135.82742,201.24165,-199.81258,-192.47768,208.91621,-217.53036,199.88148,181.12825,0.016812773,-0.15722783,-0.7993174,1.7309847,-0.9228303,-0.2205808,-0.100084595,-0.15421985,-0.9410915,1.7049012,-0.69876724,0.12102579,-6.6334314,0.16833742,-2.6143417,1.7055781,-23.616941,15.084587,0.37032223,-1.5250049,1.4996494,-2.1371238,-3.120323,20.626493
389,0.06430443,0.08046579,0.16390486,0.035285097,-0.0628243,-0.99740076,1.0,0.0,0.0,-2.5241168e-05,-0.16647671,-0.0022513866,0.11745739,-0.28344375,-0.05719113,-0.14247099,-0.1545533,-0.13612962,0.066260934,0.1479488,0.24853773,0.12356366,-0.08688367,0.07658526,-0.19349243,-0.49519545,0.7184735,-0.31226048,0.051186103,-0.004434622,-0.26111004,0.5525887,0.31774148,0.5616196,0.8788064,-0.3501168,-0.13294542,0.87577116,-0.81379104,-0.24960843,-0.66598827,1.073919,0.6566317,0.08984076,-1.2133707,198.90608,-196.05882,209.70422,-219.31967,200.23235,-98.998474,26.543692,227.88687,-177.58456,-209.41013,200.5455,-199.72218,-2.5241168e-05,-0.16647671,-0.8022514,1.7174574,-1.0834438,-0.05719113,-0.14247099,-0.1545533,-0.9361296,1.666261,-0.6520512,0.24853773,2.4712732,-1.7376734,1.5317053,-3.8698485,-9.903909,14.36947,-6.2452097,1.023722,-0.088692434,-5.222201,11.051774,6.3548293
390,-0.07398193,0.028934432,-0.37480846,0.03789238,-0.062175106,-0.9973457,1.0,0.0,0.0,0.06455073,-0.17216037,0.013799727,0.06654751,-0.30503207,0.009460936,-0.1814076,-0.14761451,-0.12956703,0.02888012,0.18154311,0.237369,0.48489353,0.017013539,0.08409013,-0.29774275,0.20889337,0.018290544,-0.12464046,0.023698138,0.059498217,-0.1253293,-0.11749703,-0.36199543,-0.9264904,-0.945301,0.8058096,0.8945844,0.34712732,-0.7967123,1.3690444,1.5818305,-0.8715148,-0.58119184,-0.9660422,-1.0214285,198.91145,167.77994,-188.04384,-166.91133,200.62129,-200.78497,-22.102432,-195.65544,204.69077,185.99123,-117.91408,-199.99144,0.06455073,-0.17216037,-0.7862003,1.6665475,-1.1050321,0.009460936,-0.1814076,-0.14761451,-0.92956704,1.6288801,-0.6184569,0.237369,9.69787,0.34027076,1.6818025,-5.954855,4.1778674,0.36581087,-2.492809,0.47396275,1.1899643,-2.5065858,-2.3499405,-7.239908
391,0.050872613,0.12009433,-0.17068945,0.041572217,-0.061493505,-0.99724126,1.0,0.0,0.0,0.12383982,-0.17742445,0.024963737,0.017724276,-0.18881673,-0.06249584,-0.1809417,-0.14267167,-0.11772597,-0.008098125,0.0840435,0.08828784,0.14178291,-0.060281605,0.031310737,-0.20073111,0.88539153,-0.6689219,0.10687937,0.02409794,0.059501816,-0.23654246,-0.7900156,-1.0594537,-1.0953655,0.8129312,-0.49792808,0.05232888,0.5840179,-0.6680499,-0.29619798,-0.72588295,0.9039664,1.3707387,0.5333235,-0.3004865,-203.45091,-202.0256,219.34167,185.77411,200.68315,-199.87073,198.23605,195.35158,-186.62907,-220.81682,-199.72638,-200.33101,0.12383982,-0.17742445,-0.7750363,1.6177243,-0.98881674,-0.06249584,-0.1809417,-0.14267167,-0.917726,1.5919019,-0.7159565,0.08828784,2.835658,-1.2056321,0.62621474,-4.014622,17.70783,-13.378437,2.1375873,0.48195878,1.1900363,-4.7308493,-15.800311,-21.189074
392,0.023427088,-0.06252384,0.16587645,0.042173382,-0.06333453,-0.99710095,1.0,0.0,0.0,0.09461208,-0.17749643,0.010596633,0.006282687,0.052135706,-0.25797912,-0.18924747,-0.14222953,-0.10534203,-0.042188644,0.00017219782,-0.07390998,-0.37183294,0.058384478,-0.17006436,0.09491508,1.2020077,-1.0093597,-0.12970828,-0.014611852,0.06732479,-0.117003284,-0.116137855,-0.6312901,0.29070908,-1.0597174,0.8023224,-0.78133905,-1.1716096,0.037694726,0.26854956,1.0341777,-0.87052536,0.7883354,0.33913514,0.9801089,-153.00586,524.8228,-249.84406,802.9834,-446.16956,213.71458,-109.314865,-197.10838,200.87434,182.3098,199.8657,98.29885,0.09461208,-0.17749643,-0.7894034,1.6062827,-0.7478643,-0.25797912,-0.18924747,-0.14222953,-0.90534204,1.5578114,-0.7998278,-0.07390998,-7.4366584,1.1676896,-3.401287,1.8983015,24.040154,-20.187193,-2.5941653,-0.29223704,1.3464957,-2.3400657,-2.322757,-12.625801
393,-0.19596615,0.008643386,-0.2246948,0.04135186,-0.059067212,-0.9973972,1.0,0.0,0.0,0.08267329,-0.16772017,-0.014461994,0.03661263,0.14780283,-0.3610129,-0.17806375,-0.13810101,-0.1078102,-0.035630703,0.05284679,-0.12438289,0.18693148,0.023438254,-0.04873034,0.11732763,0.06743867,-0.16961965,0.20657098,0.045612212,-0.0804744,0.15951921,0.5585722,0.05795097,0.08893914,0.8580924,-0.34710154,1.1349902,-1.4063644,0.7321208,0.4702935,-0.9539491,0.9662688,-1.3204546,-0.17067203,-0.08530286,177.39267,-240.66194,332.73053,-71.304886,-205.08763,199.33327,201.13213,204.6749,-205.86778,180.29657,146.1976,200.31271,0.08267329,-0.16772017,-0.814462,1.6366127,-0.6521972,-0.3610129,-0.17806375,-0.13810101,-0.9078102,1.5643693,-0.7471532,-0.12438289,3.7386296,0.46876508,-0.97460675,2.3465526,1.3487734,-3.3923929,4.1314197,0.9122442,-1.6094879,3.1903841,11.171443,1.1590194
394,-0.14052506,-0.025825525,-0.5044494,0.041674655,-0.05181914,-0.9977865,1.0,0.0,0.0,0.094784774,-0.15609547,-0.046464384,0.08909702,0.08510369,-0.32002035,-0.079043955,-0.14630896,-0.09633362,-0.03183639,0.08869916,-0.10881626,0.001146874,0.08442299,-0.24534665,0.37901646,-0.62467986,0.51240087,0.7342986,-0.10788059,0.17155936,-0.09395127,-0.13069452,0.07201535,-0.74215484,-1.0183583,0.9243608,-1.5305976,0.051916778,0.91657346,-0.8064647,1.0786186,-0.7485963,-0.3654338,-0.75168735,-0.80931664,-16.737623,217.05925,-196.43163,174.99702,-199.9995,200.66115,209.2352,-143.10777,228.1536,-196.89772,-199.05208,-13.734663,0.094784774,-0.15609547,-0.8464644,1.689097,-0.7148963,-0.32002035,-0.079043955,-0.14630896,-0.89633363,1.5681636,-0.71130085,-0.10881626,0.02293748,1.6884598,-4.906933,7.580329,-12.493597,10.248017,14.685971,-2.1576118,3.4311872,-1.8790253,-2.6138904,1.440307
395,-0.020456348,0.008641539,0.16144481,0.04241802,-0.048648067,-0.9979148,1.0,0.0,0.0,0.054990705,-0.14954168,-0.07882136,0.13316905,0.032866657,-0.1413817,0.0038712963,-0.15371546,-0.07457256,-0.047754765,0.00088757277,-0.1638219,-0.36089692,-0.008353132,-0.08213918,0.091953285,-0.025483394,1.2054287,0.16821562,0.015322149,0.03933833,0.06390656,-0.6113726,-0.50301653,0.32377908,0.78024966,-0.3313949,-1.5525601,0.42355096,-0.09801769,-1.0341663,-0.98942596,0.92334986,1.1397964,0.36993968,-0.54428476,-199.07423,-193.92482,207.20897,-218.60184,80.61001,200.21614,-236.33238,169.74084,231.83662,504.45355,-95.861206,-148.02553,0.054990705,-0.14954168,-0.8788214,1.7331691,-0.76713336,-0.1413817,0.0038712963,-0.15371546,-0.8745726,1.5522453,-0.79911244,-0.1638219,-7.217938,-0.16706264,-1.6427835,1.8390657,-0.5096679,24.108574,3.3643122,0.30644298,0.7867666,1.2781311,-12.227451,-10.06033
396,-0.047775988,-0.043626398,-0.12933712,0.041340746,-0.047365233,-0.99802184,1.0,0.0,0.0,0.01720575,-0.14394537,-0.09364557,0.13872075,0.10540491,0.02271105,0.0049362425,-0.14632717,-0.07978296,-0.013328552,-0.050636232,-0.2965027,-0.050250977,0.059062548,-0.07052243,-0.023742763,0.6581077,0.50579965,-0.111370064,0.035453614,-0.065454945,0.23758464,0.027550641,-0.64737314,0.826483,-1.0769465,0.77603334,-1.396847,-0.38083994,-1.4335045,-0.22348432,0.968027,-0.779778,-0.80440325,0.3687965,0.84421694,200.19409,209.05522,-188.91208,-215.51477,122.87002,-199.92155,-187.57272,-226.03638,75.437,162.0525,187.06256,61.139706,0.01720575,-0.14394537,-0.8936456,1.7387208,-0.6945951,0.02271105,0.0049362425,-0.14632717,-0.879783,1.5866715,-0.85063624,-0.2965027,-1.0050195,1.1812509,-1.4104486,-0.47485524,13.162154,10.115993,-2.2274013,0.7090723,-1.3090988,4.751693,0.5510128,-12.947463
397,-0.058432013,0.06335703,-0.09389966,0.041935068,-0.045226455,-0.9980962,1.0,0.0,0.0,0.056489732,-0.14379072,-0.0831871,0.10526872,0.1612975,0.05088511,-0.061868038,-0.12817876,-0.10192621,0.018464088,0.032168746,-0.35339892,0.40506703,-0.04493103,0.14825034,-0.2855815,-0.030039717,-0.15776272,-0.42594734,0.13167165,-0.13504702,0.0946032,0.7063185,0.016967222,-1.2354671,0.81947917,-0.16234735,0.47691774,-0.32271463,-1.1875821,0.59889436,-0.81965977,0.9504936,-0.8258303,-0.5422368,0.7093788,200.11078,-200.7117,215.295,-211.3926,-199.65123,-200.19154,27.93599,227.31198,-150.65839,-193.27473,119.34956,200.3176,0.056489732,-0.14379072,-0.8831871,1.7052687,-0.6387025,0.05088511,-0.061868038,-0.12817876,-0.9019262,1.6184641,-0.76783127,-0.35339892,8.10134,-0.8986206,2.9650068,-5.71163,-0.6007943,-3.1552544,-8.518947,2.633433,-2.7009404,1.8920641,14.126369,0.33934444
398,0.051893458,0.017275874,-0.2017461,0.044111777,-0.045103177,-0.9980079,1.0,0.0,0.0,0.084976606,-0.14140423,-0.07645017,0.075642824,0.079265594,-0.060221303,-0.0912846,-0.12164386,-0.101680934,0.010236502,0.09762275,-0.27204928,-0.07211696,0.060052373,-0.05066241,-0.03939092,-0.7215748,-0.88023186,0.07948221,-0.04961226,0.11425775,-0.15241055,0.017160598,0.72625977,-0.9159303,-1.0764867,0.9050027,-0.8754044,0.077094674,0.0037827827,0.98855066,1.2827018,-0.896641,0.7830604,-1.2295798,-0.1668081,-199.88298,205.89272,-128.83902,180.8452,-200.08846,-199.78949,200.45425,-197.08194,203.27744,-216.6578,-200.0796,200.23009,0.084976606,-0.14140423,-0.8764502,1.6756428,-0.7207344,-0.060221303,-0.0912846,-0.12164386,-0.90168095,1.6102365,-0.70237726,-0.27204928,-1.4423393,1.2010474,-1.0132482,-0.78781843,-14.431496,-17.604637,1.5896442,-0.9922452,2.285155,-3.0482109,0.34321195,14.525195
399,-0.08272963,0.06119372,-0.053853367,0.046094567,-0.044079103,-0.997964,1.0,0.0,0.0,0.037624307,-0.13032587,-0.07342124,0.037541628,0.010568321,-0.15960205,-0.04554177,-0.12592079,-0.09512985,0.011076212,0.02313006,-0.19905134,-0.3723249,0.054454815,0.07095041,-0.3135782,-0.034352347,-0.18356493,0.35398933,0.0046432046,-0.031331547,0.13051942,-0.6835931,0.14515118,0.6078393,0.84522206,-0.34947887,1.276397,0.40333825,0.75445527,-0.75597537,-0.81304884,1.0587579,-1.0302672,0.67310005,-0.5637295,-201.44185,-175.98848,218.45015,-210.98727,200.34512,200.82053,201.10764,203.4047,-205.40594,181.52042,-200.10667,-75.88938,0.037624307,-0.13032587,-0.87342125,1.6375417,-0.7894317,-0.15960205,-0.04554177,-0.12592079,-0.89512986,1.6110762,-0.77686995,-0.19905134,-7.446498,1.0890963,1.4190083,-6.2715635,-0.68704695,-3.6712985,7.0797863,0.09286409,-0.6266309,2.6103883,-13.671862,2.9030237
400,0.036925633,0.04469335,-0.26681522,0.04838537,-0.043294378,-0.99789,1.0,0.0,0.0,-0.0042758323,-0.12841778,-0.07969105,0.016344547,0.057964742,-0.12204625,-0.0069688438,-0.12848754,-0.08617705,0.005087495,-0.038052738,-0.24635841,-0.09018444,-0.05841873,-0.13820337,0.10310922,0.37913835,0.47544298,0.063071534,-0.024984278,0.10798862,-0.16315241,0.0028066987,-0.5488045,1.135311,-1.068682,0.9206744,-0.40059602,-0.7726078,-0.9747396,-1.0482388,1.0352412,-0.8244811,0.55337596,0.5383749,0.21205737,103.010155,-277.86768,-279.11337,306.8996,111.402084,166.8388,-199.32233,-195.6134,204.01273,-215.34122,200.04504,-199.79382,-0.0042758323,-0.12841778,-0.87969106,1.6163446,-0.74203527,-0.12204625,-0.0069688438,-0.12848754,-0.88617706,1.6050875,-0.83805275,-0.24635841,-1.8036888,-1.1683745,-2.7640672,2.0621843,7.582767,9.50886,1.2614306,-0.49968556,2.1597724,-3.2630482,0.05613397,-10.97609
401,-0.13810517,0.03114787,-0.06811806,0.049932558,-0.04041875,-0.99793446,1.0,0.0,0.0,0.033673268,-0.14353868,-0.08064675,0.021885753,0.041855395,-0.087351635,-0.04031905,-0.12363772,-0.0969072,0.013023734,0.038743615,-0.28627363,0.4150376,-0.092449,0.10179237,-0.050006576,-0.4453948,-0.08225557,-0.36585996,0.069370024,-0.18417102,0.19769508,0.6537687,0.08987195,-1.3761175,0.79434556,-0.15119559,0.6077677,-0.012833029,-0.7950546,0.81290853,-0.7224483,0.90756726,-0.90794176,-0.4614373,0.09098345,226.2215,-57.628036,235.54938,-133.00885,-228.16196,-173.88036,-205.78146,16.991913,-576.1667,217.02446,29.799911,201.5269,0.033673268,-0.14353868,-0.88064677,1.6218858,-0.7581446,-0.087351635,-0.04031905,-0.12363772,-0.8969072,1.6130238,-0.7612564,-0.28627363,8.300752,-1.8489801,2.0358474,-1.0001315,-8.907896,-1.6451114,-7.3171988,1.3874005,-3.6834204,3.9539015,13.075374,1.797439
402,-0.010804561,-0.086937465,-0.14811513,0.049559828,-0.037593644,-0.9980633,1.0,0.0,0.0,0.064795345,-0.14474948,-0.084918976,0.04305935,0.0010031462,-0.1729313,-0.05951669,-0.13314466,-0.10854286,0.03165686,0.079841495,-0.19517328,-0.05424152,0.05909388,-0.09593841,0.21632831,-0.089741446,-0.7236109,0.12582308,-0.13560204,0.06550132,-0.005052171,-0.121037684,0.669826,-0.723109,-0.78701544,0.8680465,-1.5674254,0.36789638,0.46605477,0.8359706,1.2843143,-0.7952477,-0.887741,-1.0446767,0.08217278,-183.95807,271.79193,-76.03121,196.99084,41.203053,-187.36343,196.30849,-197.04703,255.44617,-169.95618,-201.8098,26.55503,0.064795345,-0.14474948,-0.884919,1.6430594,-0.79899687,-0.1729313,-0.05951669,-0.13314466,-0.9085429,1.6316569,-0.7201585,-0.19517328,-1.0848304,1.1818776,-1.9187682,4.326566,-1.7948289,-14.472218,2.5164616,-2.7120407,1.3100263,-0.101043426,-2.4207537,13.39652
403,-0.052181613,0.05016492,0.015118042,0.049341395,-0.036450174,-0.9981166,1.0,0.0,0.0,0.021155458,-0.13562916,-0.101143956,0.06646466,0.024415672,-0.23152795,-0.0051456997,-0.15678541,-0.09324503,0.018254519,-0.01976782,-0.08236871,-0.35200247,0.039105695,-0.0966346,0.08117474,0.1775502,0.0846058,0.3904318,-0.09961038,0.088449925,-0.12938076,-0.8020011,0.45473027,0.51085395,0.86483395,-0.41275117,0.07877505,-0.6366491,0.52711296,-0.81796604,-0.33223,1.0648738,-0.6267951,1.1310658,-0.8288204,-179.82169,-182.49626,-3.167099,-34.73137,34.975662,237.72269,197.40424,203.05734,-165.90947,-203.80792,-199.39075,-67.283554,0.021155458,-0.13562916,-0.90114397,1.6664647,-0.77558434,-0.23152795,-0.0051456997,-0.15678541,-0.89324504,1.6182545,-0.81976783,-0.08236871,-7.040049,0.7821139,-1.9326919,1.6234947,3.551004,1.6921159,7.8086357,-1.9922075,1.7689985,-2.5876153,-16.040022,9.094605
404,0.1258625,-0.009921124,-0.32189718,0.050267637,-0.037795804,-0.9980204,1.0,0.0,0.0,-0.014993499,-0.13158853,-0.12198019,0.08480036,-0.016337812,-0.14004077,0.03695653,-0.17400302,-0.07846457,0.0029894114,-0.09099978,-0.03619827,-0.039999437,0.0063599157,-0.10667254,0.08903139,-0.50924563,0.7655148,0.058001112,-0.07773408,0.04119348,-0.031160409,-0.012697019,0.051754575,1.1734934,-0.812163,0.7816167,0.3611865,-0.31468862,0.1752329,-1.0730419,0.9363307,-0.7165692,0.88892835,1.3778183,-1.4646355,201.45825,211.59683,-193.97018,-101.03476,-199.76837,200.41727,-178.67297,-50.288437,-53.094498,61.586884,207.12752,-124.135345,-0.014993499,-0.13158853,-0.9219802,1.6848004,-0.8163378,-0.14004077,0.03695653,-0.17400302,-0.8784646,1.6029894,-0.8909998,-0.03619827,-0.7999887,0.12719831,-2.1334507,1.7806278,-10.184913,15.310295,1.1600223,-1.5546817,0.82386965,-0.62320817,-0.25394037,1.0350915
405,0.03516705,-0.13329165,-0.15141067,0.047442943,-0.040291056,-0.99806094,1.0,0.0,0.0,0.030054707,-0.14283568,-0.1313262,0.117931604,-0.13034266,-0.010403529,-0.0078056687,-0.17167564,-0.09742296,0.029604316,-0.016795874,-0.10518846,0.44190463,-0.10745572,0.0011162456,0.22776523,-0.50614613,0.5261862,-0.4566012,0.08807359,-0.20487025,0.26167905,0.68318117,-0.66824406,-1.0727636,0.9214971,-0.3706782,-1.1663134,0.8674513,-0.9329992,0.07670095,-0.35783923,0.7893845,-1.8330462,-0.47561765,0.17831543,198.67447,-180.61691,228.7054,193.37611,68.87103,-85.86567,-195.50206,218.40034,-184.9041,185.93132,200.22401,-200.13882,0.030054707,-0.14283568,-0.9313262,1.7179316,-0.9303427,-0.010403529,-0.0078056687,-0.17167564,-0.89742297,1.6296043,-0.8167959,-0.10518846,8.838093,-2.1491144,0.022324912,4.5553045,-10.122923,10.523725,-9.132024,1.7614717,-4.097405,5.233581,13.663623,-13.364881
406,0.10279228,-0.043800816,-0.331899,0.044587914,-0.042799324,-0.99808824,1.0,0.0,0.0,0.064054325,-0.1485905,-0.14318615,0.1471188,-0.1540649,0.015625091,-0.041176267,-0.172577,-0.11089623,0.05109358,0.04387927,-0.160261,-0.05161603,0.035516143,-0.11010647,0.07939764,0.19841321,-0.19376831,0.06848764,-0.080454245,0.04401901,-0.01646503,-0.0071942657,0.046300393,-1.0122166,-0.30461246,0.8489178,-1.0238769,0.028723419,-0.10971588,1.0660186,1.0232868,-0.77539885,-1.7156867,-0.99966073,0.41193977,-198.76811,208.03128,-196.20702,-215.31512,200.03352,-199.87543,200.4294,-196.9448,202.60661,-214.2452,-200.07031,200.12656,0.064054325,-0.1485905,-0.94318616,1.7471188,-0.9540649,0.015625091,-0.041176267,-0.172577,-0.91089624,1.6510936,-0.75612074,-0.160261,-1.0323206,0.71032286,-2.2021294,1.5879529,3.968264,-3.8753662,1.3697528,-1.6090848,0.8803802,-0.3293006,-0.14388531,0.9260078
407,0.10427902,0.09155609,-0.1375761,0.046285402,-0.04659602,-0.997841,1.0,0.0,0.0,0.020655854,-0.1447221,-0.15285522,0.13195181,-0.08925402,-0.0308741,0.0005070834,-0.18801719,-0.10037422,0.03356266,-0.0314911,-0.0755599,-0.3513423,0.0071805394,0.0048137116,-0.20204417,0.3118709,-0.21004859,0.3226097,-0.07472912,0.06234485,-0.14666088,-0.6793707,0.7319987,0.6799524,0.69768167,-0.3005072,0.6542354,-0.007188931,-0.18374683,-0.9757576,0.109344415,0.9426538,-1.0645052,1.254049,-0.8353468,-196.3894,-175.75423,198.06477,-217.5041,-31.95317,24.095232,196.3329,192.88655,-178.35385,-210.72032,-199.73697,199.62265,0.020655854,-0.1447221,-0.9528552,1.7319518,-0.88925403,-0.0308741,0.0005070834,-0.18801719,-0.90037423,1.6335627,-0.8314911,-0.0755599,-7.0268455,0.14361079,0.096274234,-4.0408835,6.2374177,-4.2009716,6.4521937,-1.4945824,1.246897,-2.9332175,-13.587414,14.639974
408,-0.22974536,-0.03455744,-0.31067702,0.047811512,-0.042812273,-0.9979385,1.0,0.0,0.0,-0.015008969,-0.12772846,-0.16114086,0.11711657,-0.051282763,-0.08724116,0.039616164,-0.19055928,-0.08990258,0.018032193,-0.077988744,0.002137244,-0.034665037,0.14295493,-0.07609899,0.030218313,0.13109423,-0.26087314,0.08249617,0.038492795,0.018557886,-0.010338549,0.11310406,0.12237704,1.2163631,-0.5268358,0.7533449,0.23434204,-1.0811946,0.25233173,-0.9415531,-0.21566388,-0.8287022,0.40762693,1.1103388,-1.514966,200.10114,210.55424,-179.88959,191.84836,-27.07489,31.885246,-162.82938,-76.331726,-66.69191,61.497833,208.99632,-168.49576,-0.015008969,-0.12772846,-0.9611409,1.7171166,-0.8512828,-0.08724116,0.039616164,-0.19055928,-0.8899026,1.6180322,-0.87798876,0.002137244,-0.6933007,2.8590984,-1.5219798,0.60436624,2.6218846,-5.2174625,1.6499234,0.7698559,0.3711577,-0.20677097,2.2620811,2.4475408
409,0.011876626,-0.12561092,-0.11021801,0.044624913,-0.038592543,-0.9982581,1.0,0.0,0.0,0.029185303,-0.12603481,-0.16401464,0.13649082,-0.10252786,-0.060245555,0.0046625226,-0.18476567,-0.111393034,0.044221163,0.020887077,-0.050242875,0.429337,-0.10032272,0.042339485,0.13340913,-0.5724887,0.45858788,-0.3831485,0.021891257,-0.21060465,0.24273947,0.80602694,-0.5765344,-1.140935,0.8571142,-0.5241045,-0.8761728,0.024273172,0.4660085,0.045047782,0.25969064,0.9148234,-2.3911355,-0.5982471,-0.6684872,201.70248,-178.23117,220.2026,78.14889,-199.61552,200.3109,-192.78021,-61.862778,-206.39961,174.41948,199.73862,-200.1703,0.029185303,-0.12603481,-0.96401465,1.7364908,-0.90252787,-0.060245555,0.0046625226,-0.18476567,-0.91139305,1.6442212,-0.77911294,-0.050242875,8.58674,-2.0064545,0.8467897,2.6681824,-11.449774,9.171758,-7.6629696,0.4378251,-4.212093,4.8547893,16.120539,-11.530687
410,-0.39034736,-0.022505322,-0.26226026,0.042147044,-0.029960973,-0.9986621,1.0,0.0,0.0,0.06674857,-0.11710678,-0.16579753,0.14384651,-0.13944894,0.0959413,-0.023408089,-0.15971018,-0.1352759,0.08223033,0.07702726,-0.22230138,-0.012004448,0.16497752,-0.051704206,-0.043481853,0.13280451,0.9111337,0.035582703,0.20554364,-0.042865187,0.15101342,-0.13753226,-1.0371616,-1.0676649,-0.2546783,0.8054482,0.11491661,0.35713735,-0.24150524,1.0117464,-0.5897603,-0.7250645,-2.8120892,-1.1503899,0.4485142,-199.947,202.9829,-193.3805,-220.21701,200.15355,-25.977407,101.95159,162.32713,332.46823,-72.92378,-213.39163,-38.35077,0.06674857,-0.11710678,-0.96579754,1.7438465,-0.93944895,0.0959413,-0.023408089,-0.15971018,-0.9352759,1.6822304,-0.72297275,-0.22230138,-0.24008895,3.2995503,-1.0340841,-0.8696371,2.6560903,18.222673,0.71165407,4.1108727,-0.85730374,3.0202682,-2.7506452,-20.74323
411,0.1569952,0.05314609,-0.0044805207,0.043151177,-0.026217477,-0.99872446,1.0,0.0,0.0,0.0258139,-0.10265678,-0.17088115,0.12789571,-0.03835696,0.20261572,0.021278573,-0.15184745,-0.13879228,0.0989877,-0.025527656,-0.35052824,-0.36269054,-0.0022392806,-0.008479455,-0.09704643,0.8011393,0.2240367,0.37573287,-0.09692248,0.0025715183,0.0225555,-0.81634486,-0.31983238,0.43929726,0.15741527,-0.4647045,0.4081757,-0.15631646,-1.2415091,-1.082354,0.64285713,0.873235,-2.356486,0.38670957,1.398625,-197.77255,-188.98256,202.47112,34.48736,167.8251,-200.23619,196.89828,-206.18105,-180.47824,-208.93521,-199.45009,199.83672,0.0258139,-0.10265678,-0.97088116,1.7278957,-0.838357,0.20261572,0.021278573,-0.15184745,-0.9387923,1.6989877,-0.82552767,-0.35052824,-7.2538104,-0.04478561,-0.16958909,-1.9409286,16.022785,4.480734,7.514657,-1.9384496,0.051430363,0.45111,-16.326897,-6.3966475
412,-0.18290222,-0.033672933,-0.13263509,0.04389657,-0.024848439,-0.9987271,1.0,0.0,0.0,-0.012197138,-0.08747222,-0.18434227,0.13484895,0.046322405,0.16987029,0.06597794,-0.15572071,-0.13205606,0.093899965,-0.10890728,-0.3460148,-0.051021624,0.1389313,-0.10679294,0.14198531,0.113786854,-0.48066375,0.13642174,0.0010274065,0.027071817,0.003167535,-0.0852776,0.27792498,1.0915986,-1.5312319,0.84930414,-0.5965002,-1.1735702,-0.27002499,-0.689061,0.7696203,-0.7312492,-1.1246847,0.83800775,-0.18817227,201.72629,211.51968,-184.01012,188.31126,-199.88887,-199.94409,-157.96608,-310.1286,-41.717667,12.399841,197.22833,152.47403,-0.012197138,-0.08747222,-0.9843423,1.734849,-0.7536776,0.16987029,0.06597794,-0.15572071,-0.93205607,1.6939,-0.9089073,-0.3460148,-1.0204325,2.778626,-2.1358588,2.8397062,2.275737,-9.613275,2.7284348,0.020548131,0.5414363,0.0633507,-1.705552,5.5585
413,-0.26208636,0.02562725,0.10960687,0.043782983,-0.015793893,-0.99891627,1.0,0.0,0.0,0.026486648,-0.07391651,-0.18154305,0.13375735,-0.0069378614,0.023826065,0.050914075,-0.15356249,-0.14127094,0.09344995,-0.042476177,-0.2920115,0.395889,0.004871002,0.11010065,-0.12686534,-0.5768913,-0.7549219,-0.253601,0.025705395,-0.10326381,-0.017143946,0.6711754,0.23253624,-1.0002776,0.81661826,-0.31983665,0.77152705,0.13707781,0.7005618,-0.07993413,-0.9967689,1.0898478,-1.9887222,-0.45742834,-0.70263404,204.03181,-193.62108,189.02168,-224.16391,-199.67587,56.68857,-192.67545,-104.37834,-159.38335,-77.10289,216.3627,-29.234211,0.026486648,-0.07391651,-0.98154306,1.7337574,-0.8069379,0.023826065,0.050914075,-0.15356249,-0.94127095,1.69345,-0.8424762,-0.2920115,7.91778,0.09742004,2.202013,-2.5373068,-11.537826,-15.098438,-5.07202,0.5141079,-2.0652761,-0.3428789,13.423509,4.650725
414,0.014784883,-0.059880875,0.22049458,0.04285591,-0.011771849,-0.999012,1.0,0.0,0.0,0.05233356,-0.06578165,-0.17914814,0.13506687,-0.045959175,-0.053935643,0.0032313252,-0.15214399,-0.15099871,0.094988704,0.01702702,-0.2946506,-0.08925095,0.07096686,-0.06676583,0.11598686,0.11692164,-0.08864833,-0.207199,-0.004219943,-0.005858136,0.038024187,-0.029878443,-0.19976972,-0.5907683,-0.9664721,0.7849043,-0.79236394,0.42981958,0.48886105,0.94542056,0.8373906,-0.81894493,-1.3718001,-1.3532615,-1.0524983,-199.45586,204.26535,-194.1954,185.71738,200.01495,200.11519,12.381069,130.01945,200.45154,159.2578,-169.5033,-123.96228,0.05233356,-0.06578165,-0.97914815,1.7350669,-0.8459592,-0.053935643,0.0032313252,-0.15214399,-0.9509987,1.6949887,-0.782973,-0.2946506,-1.785019,1.4193373,-1.3353165,2.3197372,2.3384328,-1.7729665,-4.14398,-0.08439886,-0.11716271,0.76048374,-0.59756887,-3.9953942
415,0.0056977137,0.020179588,0.3155304,0.042103514,-0.012649534,-0.9990332,1.0,0.0,0.0,0.0027126146,-0.055353384,-0.1768868,0.12665808,0.052568793,0.005172419,-0.013780909,-0.14394426,-0.15130746,0.11135054,-0.043536067,-0.4001857,-0.37883967,0.0367569,0.07652928,-0.17166778,0.78351253,0.60987276,0.01573336,0.07788318,0.003068741,0.115037374,-0.52699745,-0.7996077,0.5005414,0.8323888,-0.27473396,0.13848859,-0.55728364,-0.42063642,-0.30811295,-0.86610514,1.0550725,-1.1474674,0.108059354,0.8489871,-201.71036,-204.33649,212.53493,-213.9422,139.76157,199.6638,171.10661,311.84402,52.485596,120.46814,-144.46378,-173.91698,0.0027126146,-0.055353384,-0.9768868,1.7266581,-0.7474312,0.005172419,-0.013780909,-0.14394426,-0.9513075,1.7113506,-0.8435361,-0.4001857,-7.576793,0.73513794,1.5305855,-3.4333556,15.670251,12.197454,0.3146672,1.5576636,0.061374817,2.3007474,-10.539948,-15.992154
416,0.15687327,-0.0172442,0.16713013,0.04231952,-0.016787259,-0.9989631,1.0,0.0,0.0,-0.041759785,-0.05014484,-0.17447281,0.11535728,0.13105011,0.050372075,-0.037142083,-0.13965556,-0.14330775,0.11253083,-0.07663089,-0.48562014,-0.09406797,0.009638919,-0.028989285,0.037130907,0.04798935,-0.08358256,-0.20968197,-0.042529073,0.03288313,-0.047349613,0.105267204,-0.13612631,0.96393514,-0.96987313,0.73103666,-0.5862882,-0.86263895,-0.95208496,-0.16486788,0.914219,-0.86385167,0.26341188,0.09773976,0.8754803,182.71838,117.89176,-90.13713,145.80998,-220.61282,-195.5404,-141.34775,-414.96637,-242.5624,-170.68576,164.17744,179.25755,-0.041759785,-0.05014484,-0.9744728,1.7153573,-0.6689499,0.050372075,-0.037142083,-0.13965556,-0.94330776,1.7125309,-0.8766309,-0.48562014,-1.8813593,0.19277836,-0.5797857,0.74261814,0.959787,-1.6716511,-4.1936393,-0.85058147,0.6576626,-0.9469923,2.105344,-2.722526
417,-0.07577873,0.0020068607,0.049448613,0.041738328,-0.017927842,-0.99896777,1.0,0.0,0.0,-0.005058916,-0.0541659,-0.1584124,0.10592151,0.05677861,-0.03173986,-0.08728791,-0.13576856,-0.15816689,0.13383675,-0.01806289,-0.4405667,0.4135873,-0.035725083,0.16188261,-0.12721531,-0.71950626,-0.6724474,-0.25308907,0.07543258,-0.14635243,0.20697916,0.3052133,0.53307635,-1.2178664,0.76454467,-0.306061,0.094862044,0.20656708,-0.039324965,1.1503823,-0.80948764,1.0288806,-1.0576724,-0.72616583,0.25875458,240.62589,-43.12419,236.7204,-129.35799,-223.44714,-172.16153,58.25936,210.1351,-183.7276,85.74056,-28.655434,200.33679,-0.005058916,-0.0541659,-0.9584124,1.7059215,-0.7432214,-0.03173986,-0.08728791,-0.13576856,-0.9581669,1.7338368,-0.8180629,-0.4405667,8.271746,-0.7145017,3.237652,-2.5443063,-14.390125,-13.448947,-5.0617814,1.5086516,-2.9270484,4.139583,6.104266,10.661527
418,0.019381257,0.007907286,-0.025439464,0.042069327,-0.017376676,-0.9989636,1.0,0.0,0.0,0.03009798,-0.05119935,-0.14337492,0.09477389,-0.009375453,-0.093827985,-0.08349023,-0.14184156,-0.161206,0.148592,-0.033005,-0.25746995,0.006246436,0.030141694,0.003409609,0.022160219,0.0024903414,-0.03179441,0.23885882,-0.11171173,0.09428947,-0.03627549,-0.3856788,1.1834211,-0.6849872,-0.97151595,0.84696394,-0.7060979,0.04282394,0.48151103,0.5137836,1.0324988,-0.76299584,-0.90905946,-0.39275122,0.4569462,-188.55652,-153.26663,-152.16548,179.61096,224.24698,149.70288,200.57135,-189.99693,217.78679,-215.78867,-199.90788,68.640976,0.03009798,-0.05119935,-0.94337493,1.6947739,-0.80937546,-0.093827985,-0.08349023,-0.14184156,-0.961206,1.748592,-0.833005,-0.25746995,0.12492872,0.60283387,0.06819218,0.44320437,0.049806826,-0.63588816,4.7771764,-2.2342346,1.8857893,-0.7255098,-7.713576,23.668423
419,-0.043070782,0.11177825,0.25105408,0.044454906,-0.016835093,-0.99886954,1.0,0.0,0.0,0.0061866133,-0.05667335,-0.13497514,0.0832597,0.0058930516,-0.022313027,-0.008322883,-0.1595377,-0.14091855,0.12627625,-0.15491438,0.007290792,-0.23787163,-0.0537073,0.088978134,-0.15297341,0.084628865,0.68096083,0.48753116,-0.06794677,0.103420936,-0.17648502,-0.61818475,1.206889,0.79801404,0.8277547,-0.32323048,0.817947,-0.15678263,-0.89158326,-0.8269638,-0.8026167,1.0982833,-0.5315038,0.68238956,-1.0350337,-199.45752,-196.71431,194.30016,-222.26498,4.4407825,200.09941,200.79741,192.21518,-193.57635,-225.00052,52.88838,-142.05792,0.0061866133,-0.05667335,-0.93497515,1.6832597,-0.79410696,-0.022313027,-0.008322883,-0.1595377,-0.94091856,1.7262763,-0.9549144,0.007290792,-4.7574325,-1.074146,1.7795627,-3.0594683,1.6925772,13.619216,9.750623,-1.3589354,2.0684187,-3.5297003,-12.363695,24.137781
420,0.14637414,0.1179818,0.11119165,0.048780728,-0.019531397,-0.9986186,1.0,0.0,0.0,-0.0084478315,-0.06902499,-0.13389128,0.08349836,-0.03410369,0.037761804,0.058327027,-0.17962225,-0.10596192,0.06075561,-0.20357913,0.17309764,0.060391553,-0.06971511,-0.06671768,0.12159236,-0.2974977,-0.013821627,0.20673203,-0.12549405,0.23289803,-0.45297503,0.06346556,0.5207876,1.3386345,-0.8632528,0.6094733,-0.9777002,-0.4011767,-0.7048529,-1.0300055,0.98284495,-0.61753404,1.0208054,0.95906025,-1.4654069,199.05293,198.74199,-190.0483,188.49207,3.098745,-200.06812,-199.36024,-179.77281,233.46977,-213.58954,200.64977,-199.95807,-0.0084478315,-0.06902499,-0.9338913,1.6834984,-0.8341037,0.037761804,0.058327027,-0.17962225,-0.90596193,1.6607556,-1.0035791,0.17309764,1.207831,-1.3943022,-1.3343534,2.431847,-5.9499536,-0.27643254,4.1346407,-2.5098808,4.6579604,-9.059501,1.2693111,10.415751
421,0.007983243,-0.03640254,0.14603867,0.050514396,-0.022694975,-0.9984654,1.0,0.0,0.0,0.047662254,-0.08605951,-0.12516099,0.09031463,-0.14879489,-0.026061852,0.05151629,-0.18820055,-0.09767544,0.021920443,-0.11563206,0.18445048,0.3972486,-0.023621336,0.07646805,0.062616184,-0.6247893,-0.44683504,-0.23785825,0.030722598,-0.08583569,-0.03491245,0.7400853,-0.30274254,-0.9087664,0.84690285,-0.4897287,0.014833029,0.5050516,0.22372463,0.33605978,-0.8637943,0.9751444,0.565899,-0.36771,-1.4177219,185.88963,577.07336,-27.68805,173.36942,40.843285,-37.568253,-181.84521,194.79881,-258.1968,175.25243,194.08418,-205.19537,0.047662254,-0.08605951,-0.925161,1.6903147,-0.9487949,-0.026061852,0.05151629,-0.18820055,-0.89767545,1.6219205,-0.91563207,0.18445048,7.9449716,-0.4724267,1.529361,1.2523236,-12.495786,-8.936701,-4.757165,0.61445194,-1.7167137,-0.6982489,14.801706,-6.0548506
422,-0.0638691,-0.12360642,-0.04493618,0.047170464,-0.02161973,-0.9986528,1.0,0.0,0.0,0.08936267,-0.085023314,-0.11754888,0.10320473,-0.19018048,-0.04535965,0.05225379,-0.18164565,-0.10956943,0.04676652,-0.038673937,0.07160221,0.058940273,0.022465141,0.0060526645,0.068991,0.13461874,0.18630534,0.19781414,0.03642078,-0.038142655,0.25047994,0.09262777,-0.77898586,-0.6411256,-1.0234294,0.6420625,-1.0553074,0.4510255,0.5519365,0.713318,1.0610101,-0.77859426,-1.3254795,-0.9793958,-0.14665619,-188.91667,-97.0679,-132.69093,-40.24243,218.50436,181.72057,194.11005,119.82065,195.08087,345.2436,-182.48537,-138.30869,0.08936267,-0.085023314,-0.9175489,1.7032048,-0.9901805,-0.04535965,0.05225379,-0.18164565,-0.90956944,1.6467665,-0.83867395,0.07160221,1.1788055,0.44930282,0.121053286,1.37982,2.692375,3.726107,3.9562826,0.7284156,-0.7628531,5.0095987,1.8525554,-15.579717
423,-0.107081614,-0.032353148,0.114975326,0.044242766,-0.018190352,-0.99885523,1.0,0.0,0.0,0.06797081,-0.085659675,-0.104029,0.087623835,-0.08851892,0.068942025,0.12035191,-0.1713707,-0.114530325,0.08432448,-0.092063904,-0.027108828,-0.24674392,-0.018362883,0.12632233,-0.21039939,0.8161912,0.88634795,0.4566253,0.06526884,-0.017422447,0.13381717,-0.5646141,-0.34762573,0.32312748,0.82968897,-0.43392017,-0.06789529,-0.14802566,-1.2969586,-0.77062047,-0.8029572,0.99128115,-1.1062247,0.426921,0.79667914,-200.43643,-203.09065,198.70473,-224.72797,200.26556,199.7173,208.1478,212.02881,-242.45676,-237.67203,-200.3819,66.544395,0.06797081,-0.085659675,-0.904029,1.6876239,-0.8885189,0.068942025,0.12035191,-0.1713707,-0.91453034,1.6843245,-0.8920639,-0.027108828,-4.9348783,-0.36725765,2.5264466,-4.207988,16.323824,17.72696,9.132506,1.3053768,-0.34844893,2.6763432,-11.292282,-6.9525146
424,0.009247484,0.052507184,-0.05544839,0.04470747,-0.01646498,-0.9988644,1.0,0.0,0.0,0.049673807,-0.09007365,-0.08774805,0.058215618,-0.0047882795,0.15768737,0.18248247,-0.16607523,-0.10595542,0.078029275,-0.12965429,-0.019922609,0.0132864015,-0.0219251,0.045916863,-0.06691373,0.10528393,0.065968536,0.19186424,-0.0065052877,0.09555298,-0.16814156,0.11977617,0.3498406,1.1398454,-1.0979729,0.706511,-0.16446179,-0.4071718,-1.684446,-0.9692813,1.062997,-0.90059984,0.027572915,0.52586025,-0.015299944,139.10522,226.42046,62.088196,149.51064,-158.58759,-219.52962,-198.64812,-197.35936,200.24023,-216.19241,199.95863,200.02594,0.049673807,-0.09007365,-0.88774806,1.6582156,-0.8047883,0.15768737,0.18248247,-0.16607523,-0.90595543,1.6780293,-0.9296543,-0.019922609,0.26572803,-0.43850198,0.9183372,-1.3382746,2.1056786,1.3193707,3.8372846,-0.13010575,1.9110596,-3.362831,2.3955233,6.996812
425,-0.07178406,-0.055197906,0.003355985,0.044254273,-0.014846842,-0.99890995,1.0,0.0,0.0,0.081963636,-0.08458136,-0.06480533,0.04851699,-0.047616363,0.101452425,0.17406836,-0.15651226,-0.103132725,0.06050527,-0.02400291,-0.005649416,0.28361675,0.069569595,0.17424516,-0.045814022,-0.47322926,-0.5599703,-0.23540945,0.09006262,-0.046632115,-0.03936517,0.8615557,-0.022901788,-0.63196015,0.8158357,-0.46057877,0.57153434,0.49095607,-0.3990083,-0.103050895,-0.93060815,0.92140937,-0.06845769,-0.31957972,-1.2081091,165.55249,305.21045,227.42203,86.54523,-164.42973,-177.25188,-200.80177,208.13205,-181.80522,-40.345417,200.35454,-3.5731668,0.081963636,-0.08458136,-0.86480534,1.648517,-0.8476164,0.101452425,0.17406836,-0.15651226,-0.90313274,1.6605053,-0.8240029,-0.005649416,5.672335,1.3913919,3.484903,-0.91628045,-9.464585,-11.199406,-4.708189,1.8012524,-0.9326423,-0.7873033,17.231113,-0.45803577
426,0.18108678,-0.036510177,0.44394726,0.042238902,-0.018063266,-0.9989441,1.0,0.0,0.0,0.08180082,-0.06609556,-0.054700077,0.071068406,-0.06603807,-0.065947436,0.098648846,-0.14452623,-0.09987229,0.04167378,0.050195098,-0.070292994,-0.2268391,0.10860592,-0.040707346,0.23209465,0.22114086,-0.8739042,-0.41825333,0.047963243,0.060908705,-0.07684294,-0.10537634,-0.509163,-0.3801722,-1.048339,0.6479002,-1.5375855,0.027494758,0.698935,0.699613,0.9564092,-0.9252906,0.6437958,-0.8455621,-0.17069146,-201.4946,204.91017,-179.90413,181.53244,200.27423,78.60581,1.32584,83.2487,336.25226,129.27353,-280.81616,-128.4195,0.08180082,-0.06609556,-0.8547001,1.6710684,-0.8660381,-0.065947436,0.098648846,-0.14452623,-0.8998723,1.6416738,-0.7498049,-0.070292994,-4.536782,2.1721184,-0.8141469,4.641893,4.422817,-17.478085,-8.365067,0.9592649,1.2181741,-1.5368588,-2.1075268,-10.18326
427,-0.022188134,-0.062064137,0.5959622,0.039810944,-0.021745019,-0.9989706,1.0,0.0,0.0,-0.00012704736,-0.044181384,-0.0436064,0.088083625,-0.028380752,-0.1642448,0.051776677,-0.13277501,-0.101979256,0.06159103,-0.044341505,-0.122814246,-0.56159794,0.10669581,0.13624805,-0.03281049,0.15346025,-0.17913619,-0.083728276,0.07186534,-0.0680932,0.24294741,-0.7717741,-0.15512052,0.67078924,0.84680784,-0.37280136,-0.74580395,0.24639362,1.1299173,0.4674179,-0.917251,1.1292121,-1.5893171,0.36079496,1.0236852,-208.98775,-261.84735,241.41464,-200.51335,-20.753422,198.79976,201.13123,192.02997,-186.54713,193.23703,-198.6134,42.95953,-0.00012704736,-0.044181384,-0.8436064,1.6880836,-0.82838076,-0.1642448,0.051776677,-0.13277501,-0.90197927,1.661591,-0.8443415,-0.122814246,-11.231958,2.1339161,2.724961,-0.6562098,3.069205,-3.5827236,-1.6745656,1.4373068,-1.3618641,4.858948,-15.435482,-3.1024103
428,-0.08386989,0.06375355,-0.19601762,0.039831057,-0.019489776,-0.9990163,1.0,0.0,0.0,-0.07481077,-0.036005963,-0.038118303,0.08878982,0.02064675,-0.13113269,0.09787603,-0.13044298,-0.092208326,0.07812202,-0.12316507,-0.07531946,-0.21104264,-0.009346492,-0.047581144,0.024588916,0.36289057,0.44314972,0.48576894,-0.039092787,0.14171752,-0.04714517,-0.08552139,0.5587391,1.2445856,-1.0964638,0.7933282,0.8685191,0.8079428,-0.07074888,-0.8349933,0.83186245,-0.9068264,-1.2122217,0.54745036,-0.010889305,134.15417,-273.68604,-219.22127,-29.7164,77.20827,167.88008,207.2486,-159.52826,197.30855,-217.08743,199.90096,200.76953,-0.07481077,-0.036005963,-0.8381183,1.6887898,-0.77935326,-0.13113269,0.09787603,-0.13044298,-0.89220834,1.678122,-0.9231651,-0.07531946,-4.220853,-0.18692982,-0.95162284,0.4917783,7.2578115,8.862994,9.715379,-0.7818557,2.8343503,-0.94290334,-1.7104278,11.174783
429,-0.09814627,-0.02661609,-0.08913208,0.04051073,-0.015693506,-0.99905586,1.0,0.0,0.0,-0.074796185,-0.04220553,-0.060233474,0.11510503,0.1145035,-0.08469178,0.13932627,-0.12144739,-0.07076681,0.054696202,-0.06278783,-0.029263578,0.17160514,-0.05501179,-0.15773427,0.21329024,0.5680921,0.12937012,-0.019012773,0.108752444,0.08010964,-0.17424875,0.6189937,0.0738891,0.13382167,0.861558,-0.4690094,-1.0796186,-0.8467629,-0.96277624,-1.131764,-1.0180111,1.0969776,0.22083075,0.8917658,-1.5395507,197.25716,-116.87928,-199.60384,111.170235,69.343414,-44.44627,-200.63707,195.99733,-197.28215,-218.28691,200.00209,-36.448082,-0.074796185,-0.04220553,-0.8602335,1.715105,-0.6854965,-0.08469178,0.13932627,-0.12144739,-0.8707668,1.6546962,-0.86278784,-0.029263578,3.4321027,-1.1002358,-3.1546855,4.265805,11.361842,2.5874023,-0.38025546,2.1750488,1.6021928,-3.484975,12.379873,1.477782
430,-0.03181556,0.0190927,-0.17569676,0.040824503,-0.012313641,-0.99909043,1.0,0.0,0.0,-0.015842011,-0.048124053,-0.09425837,0.14617288,0.15432769,-0.13585429,0.101292714,-0.10091215,-0.06677711,0.040189266,0.10488504,-0.07895096,0.32373938,-0.01195609,-0.17634918,0.102418184,-0.102532625,-0.57311356,-0.346672,0.10860523,-0.1087114,0.11318847,0.7263864,-0.40169182,-0.55455923,-1.2079532,0.82881534,-1.1180689,-0.4792608,0.63718414,0.6487249,0.8579613,-0.9689112,-1.1125587,-1.3276085,-0.35831803,20.82905,160.40619,-201.73476,-222.18561,-199.9248,-200.71034,-132.62726,81.72345,-408.26245,390.31284,-137.81456,-67.08072,-0.015842011,-0.048124053,-0.8942584,1.7461729,-0.6456723,-0.13585429,0.101292714,-0.10091215,-0.8667771,1.6401893,-0.695115,-0.07895096,6.474787,-0.2391218,-3.5269835,2.0483637,-2.0506525,-11.462271,-6.9334397,2.1721046,-2.174228,2.2637694,14.527728,-8.033836
431,-0.09250506,0.08810672,0.034153327,0.043010205,-0.009635169,-0.9990282,1.0,0.0,0.0,0.012172008,-0.055435006,-0.11087197,0.13652062,0.058009505,-0.17419142,0.063833386,-0.07972814,-0.08987725,0.0666672,0.15488654,-0.18156868,-0.00846427,-0.053444263,-0.00828173,-0.17078297,-0.79226834,0.1204528,-0.055039953,0.1057981,-0.11472031,0.11555771,-0.08787055,-0.47765595,-1.2987183,0.77724797,-0.11213416,0.15498906,0.26195282,0.9113992,0.6815771,-0.8925785,1.0493959,-1.2476202,-0.8830375,0.6427843,-200.85716,-197.11664,213.05939,-217.8015,-199.90793,200.2672,187.61005,141.21095,-126.11233,-123.29088,-210.70032,55.539803,0.012172008,-0.055435006,-0.910872,1.7365206,-0.7419905,-0.17419142,0.063833386,-0.07972814,-0.88987726,1.6666672,-0.64511347,-0.18156868,-0.1692854,-1.0688852,-0.1656346,-3.4156594,-15.8453665,2.409056,-1.1007991,2.115962,-2.2944062,2.3111541,-1.757411,-9.553119
432,0.037431378,-0.17466472,0.031154118,0.040713627,-0.008863912,-0.99913156,1.0,0.0,0.0,-0.03671672,-0.057394784,-0.11363381,0.11651349,-0.025228143,-0.07646769,0.104390636,-0.076928414,-0.081318855,0.06296396,0.061612725,-0.19848125,-0.43865797,0.02666372,-0.015297468,-0.0503609,-0.10767247,0.7896599,0.41427112,-0.05948929,0.17174266,-0.12903073,-0.77618885,0.23666899,1.158187,-1.0614272,0.4921675,-0.8085782,0.35638708,-0.36971754,-1.0310583,1.0650417,-0.78236043,-0.7726638,-0.05610337,0.14561987,-198.84375,216.28595,23.745949,108.84977,200.78232,200.53824,205.69978,-170.18924,209.58551,-212.88182,-199.78354,200.337,-0.03671672,-0.057394784,-0.9136338,1.7165135,-0.82522815,-0.07646769,0.104390636,-0.076928414,-0.88131887,1.662964,-0.7383873,-0.19848125,-8.773159,0.5332744,-0.30594936,-1.007218,-2.1534493,15.793199,8.285422,-1.1897858,3.434853,-2.5806146,-15.523777,4.73338
433,-0.05032978,-0.13116243,0.21096382,0.03468277,-0.008703226,-0.99936044,1.0,0.0,0.0,-0.07680961,-0.062050268,-0.09556085,0.07477903,0.029074073,0.008109252,0.13530385,-0.07417063,-0.05377537,0.021070957,-0.019356608,-0.09431896,-0.004271073,-0.062957466,0.17807205,-0.33999774,0.5813952,0.123065196,-0.06155596,0.0748103,0.11160524,-0.2762061,-0.16266476,0.59888256,1.0081214,0.83824855,-0.86752224,0.80279976,-0.1199287,-0.8597327,-0.9835378,-0.9467124,0.7505971,0.4999724,0.9443291,-0.69777805,201.13925,-188.44212,208.70302,-219.22829,200.0624,-199.77545,-201.22935,193.03255,-191.05676,-219.09564,85.21011,-27.287292,-0.07680961,-0.062050268,-0.89556086,1.674779,-0.77092594,0.008109252,0.13530385,-0.07417063,-0.8537754,1.621071,-0.8193566,-0.09431896,-0.08542145,-1.2591493,3.561441,-6.7999544,11.627904,2.461304,-1.2311192,1.4962059,2.2321048,-5.524122,-3.253295,11.977651
434,0.04559106,-0.16257711,-0.014802413,0.028830761,-0.008987413,-0.9995439,1.0,0.0,0.0,-0.041853666,-0.07292368,-0.07705814,0.038983226,0.06967014,-0.044127528,0.08776638,-0.062779374,-0.03256601,-0.020992994,0.022217572,-0.050313465,0.3217069,-0.047569726,0.024140779,-0.04488118,-0.106597066,-0.5753886,-0.38338822,0.043260526,0.10190302,-0.15429421,0.51107806,-0.0901908,-0.24428129,-1.1279191,0.35505816,-0.390566,-0.77154577,-0.06558038,1.0537148,1.0651687,-1.2980881,-0.3811075,-0.2970171,-1.310135,199.31767,199.89864,-179.67973,193.55536,-199.36493,-200.03845,-204.51202,-219.59224,213.53983,190.99373,200.38701,-200.48993,-0.041853666,-0.07292368,-0.87705815,1.6389832,-0.7303299,-0.044127528,0.08776638,-0.062779374,-0.832566,1.579007,-0.77778244,-0.050313465,6.434138,-0.9513945,0.48281556,-0.8976236,-2.1319413,-11.5077715,-7.667764,0.86521053,2.0380604,-3.085884,10.2215605,-1.803816
435,-0.012264682,-0.11503273,0.18438202,0.02369187,-0.009452096,-0.9996747,1.0,0.0,0.0,-0.013194715,-0.08450982,-0.05349028,-0.0018289089,-0.027646601,-0.08762068,0.04522409,-0.049496837,-0.011525571,-0.060591936,0.050848007,-0.1423671,-0.003644876,-0.06539412,0.19971626,-0.33854845,-0.7979814,-0.0034054418,-0.061675794,0.083712935,0.094563484,-0.13029054,-0.121432446,-0.7153224,-1.2834513,0.7500242,-0.92008317,1.0862932,0.57623595,0.8093713,0.6135425,-0.8961244,0.73561406,1.107565,-1.2042428,-0.0038365405,-198.07988,-186.20657,209.5633,-221.75725,-199.85602,63.989315,195.09496,243.86885,220.3193,578.9458,-88.42676,-123.06694,-0.013194715,-0.08450982,-0.8534903,1.5981711,-0.8276466,-0.08762068,0.04522409,-0.049496837,-0.8115256,1.5394081,-0.749152,-0.1423671,-0.072897516,-1.3078823,3.994325,-6.770969,-15.959627,-0.068108834,-1.2335159,1.6742587,1.8912697,-2.6058106,-2.428649,-14.306447
436,0.059740867,-0.2227854,-0.036342435,0.016484482,-0.010541908,-0.99980855,1.0,0.0,0.0,-0.06394656,-0.087301694,-0.03635955,-0.038076997,-0.110915065,-0.014638593,0.08529538,-0.0445752,0.01068747,-0.058971643,-0.045294225,-0.19855972,-0.46086857,0.026590466,-0.012305434,-0.048886884,-0.10347418,0.666285,0.4144617,-0.02278961,0.12950085,0.091192566,-0.791534,0.0580481,1.2195674,-1.2072197,0.15455133,-0.69252056,0.1897108,-0.18974999,-0.64938796,1.0813416,-1.0925329,-0.28395653,0.73889214,0.40569016,-200.25386,209.30862,-194.28882,188.53307,200.77823,200.35403,205.20836,-112.18999,203.35725,193.34781,-199.01483,204.80696,-0.06394656,-0.087301694,-0.83635956,1.561923,-0.9109151,-0.014638593,0.08529538,-0.0445752,-0.78931254,1.5410284,-0.84529424,-0.19855972,-9.217371,0.53180933,-0.24610867,-0.97773767,-2.0694835,13.3257,8.289234,-0.4557922,2.5900168,1.8238513,-15.83068,1.160962
437,-0.061785083,-0.2299324,0.20820455,0.007906978,-0.010609889,-0.9999124,1.0,0.0,0.0,-0.10692209,-0.09007009,-0.015907109,-0.07865012,-0.057180822,0.04802846,0.12561563,-0.042983904,0.030296147,-0.046530962,-0.120782614,-0.11794396,-0.03416456,-0.023994694,0.15782613,-0.2507048,0.5380933,0.093795165,0.007964767,0.052507352,0.08440115,0.0128905475,-0.05179128,0.69643563,1.0458071,0.8383574,-0.7978996,0.8599161,-0.356205,-0.984044,-1.0528378,-0.9550264,0.67955744,0.13017361,0.66704893,-0.4050928,184.2518,224.41039,-74.19733,244.00235,100.36376,-51.743103,-199.17052,210.2353,-202.17755,-218.26683,199.917,200.27782,-0.10692209,-0.09007009,-0.8159071,1.5213499,-0.85718083,0.04802846,0.12561563,-0.042983904,-0.76970387,1.5534691,-0.9207826,-0.11794396,-0.6832912,-0.47989386,3.1565225,-5.014096,10.761867,1.8759032,0.15929534,1.050147,1.688023,0.25781095,-1.0358256,13.928712
438,0.021548603,-0.27437803,-0.024900615,-0.0023184107,-0.010015055,-0.9999472,1.0,0.0,0.0,-0.07712832,-0.09082659,-0.0025769472,-0.08043468,-0.01616925,-0.00025612777,0.087764174,-0.036925785,0.04683101,-0.030055046,-0.05691439,-0.054535963,0.29948446,0.0105211055,-0.0072074695,0.167845,-0.08231314,-0.53167653,-0.35145968,0.0077457116,0.08196948,0.13937561,0.62305784,0.0060927556,-0.0037872568,-1.2318041,0.09304093,-1.2250867,-1.083996,0.022008259,1.0564251,0.9845593,-1.1661628,-1.3674288,0.14024648,-0.93495846,199.45532,263.76556,-145.20045,254.4397,-189.60052,-188.80287,-202.61626,-261.84756,211.80405,186.18495,200.43811,-201.49503,-0.07712832,-0.09082659,-0.80257696,1.5195653,-0.81616926,-0.00025612777,0.087764174,-0.036925785,-0.753169,1.569945,-0.8569144,-0.054535963,5.9896894,0.21042211,-0.1441494,3.3568997,-1.6462628,-10.633531,-7.0291934,0.15491423,1.6393895,2.787512,12.461157,0.12185511
439,-0.059917618,-0.13041307,0.1027382,-0.010828361,-0.008878342,-0.9999019,1.0,0.0,0.0,-0.030750383,-0.09091363,0.0123131275,-0.06330502,-0.09574413,-0.027890256,0.056635246,-0.028349621,0.061979413,-0.017377138,0.02964586,-0.1298968,0.17475727,-0.00836708,0.11978815,0.033889804,-0.6527344,0.097515166,0.0062000304,0.073785126,0.061579432,0.0004507529,0.3221878,-0.68980944,-1.0031569,0.82397604,-0.69629353,0.24012554,0.4000758,0.55491,0.16777751,-1.0328537,0.681128,-1.4556983,-1.006524,0.3134083,-103.31524,-110.09445,331.35828,86.0323,-155.04204,70.62119,199.43797,199.11346,-195.26294,-215.92236,-60.78566,-199.92406,-0.030750383,-0.09091363,-0.7876869,1.536695,-0.89574414,-0.027890256,0.056635246,-0.028349621,-0.7380206,1.5826229,-0.77035415,-0.1298968,3.4951453,-0.1673416,2.395763,0.67779607,-13.0546875,1.9503033,0.12400061,1.4757025,1.2315886,0.009015058,6.443756,-13.796188
440,0.14055067,-0.12611397,0.052503325,-0.016024696,-0.010761802,-0.9998138,1.0,0.0,0.0,-0.047097422,-0.08840296,0.011463881,-0.026703596,-0.14978898,0.06511544,0.087160535,-0.02779955,0.09586948,-0.047205925,0.018031776,-0.18994483,-0.29421872,0.024794012,-0.10329866,0.30391893,0.043216184,0.7655547,0.19901231,-0.05303256,0.25460082,-0.27316934,-0.3692941,0.016197357,0.86889863,-1.0836042,0.2646179,-1.0920799,0.23330784,-0.06330009,-0.24381983,0.9386438,-0.8582082,0.35965824,0.5314052,0.24796236,-200.92142,190.43857,-181.07623,186.80139,200.81805,199.6572,-0.48332667,-166.34192,201.87952,-219.68329,-199.95486,200.60085,-0.047097422,-0.08840296,-0.78853613,1.5732964,-0.949789,0.06511544,0.087160535,-0.02779955,-0.70413053,1.5527941,-0.78196824,-0.18994483,-5.884374,0.49588025,-2.065973,6.078378,0.8643237,15.311094,3.980246,-1.0606512,5.092016,-5.4633865,-7.385882,0.32394713
441,-0.06162209,-0.15188771,0.28491855,-0.02170101,-0.011805278,-0.9996949,1.0,0.0,0.0,-0.056886557,-0.08722618,0.015111744,0.0034695864,-0.06762034,0.14503624,0.079958916,-0.02661855,0.1244151,-0.07128763,0.020332873,-0.11257713,0.1491338,-0.006710353,0.11723756,0.027424535,0.6604582,0.100811325,-0.22846858,0.05075125,0.051382393,0.0060607963,0.3231363,0.68927366,0.74216104,0.784884,-0.6822986,-0.8361609,-0.098814666,-0.8907437,-1.0410361,-0.98451626,0.9419601,-0.8809616,0.07224309,0.116947785,201.10927,-175.51227,205.46667,-216.59883,70.929886,-199.50038,-200.24345,186.91122,-189.6703,187.94702,200.27513,197.62094,-0.056886557,-0.08722618,-0.78488827,1.6034696,-0.86762035,0.14503624,0.079958916,-0.02661855,-0.6755849,1.5287124,-0.77966714,-0.11257713,2.982676,-0.13420705,2.3447511,0.5484907,13.209164,2.0162265,-4.5693717,1.015025,1.0276479,0.121215925,6.462726,13.785473
442,0.04028186,-0.07156119,-1.6519642e-05,-0.02577416,-0.01149964,-0.9996017,1.0,0.0,0.0,0.0123423645,-0.084112786,0.03856665,-0.006253004,-0.0095767975,0.08870556,-0.008872317,-0.028716542,0.14772832,-0.0868206,0.033773243,-0.008760309,0.5082525,0.035075396,0.12090615,-0.11072182,-0.012200835,-0.594639,-0.6119655,-0.03697471,0.15831898,-0.12853022,-0.039282475,0.43539524,-0.87932515,-1.1449516,0.32466823,0.7510404,-0.8616646,0.27443242,1.1454182,1.058907,-0.71850955,1.1041487,-0.25259104,-1.3765222,204.2695,232.14526,-216.44035,-221.0029,-199.65237,-199.45155,-187.83362,-18.206604,185.16943,25.683609,-33.57522,-39.88794,0.0123423645,-0.084112786,-0.76143336,1.593747,-0.8095768,0.08870556,-0.008872317,-0.028716542,-0.6522717,1.5131794,-0.76622677,-0.008760309,10.16505,0.7015079,2.418123,-2.2144363,-0.2440167,-11.892779,-12.239309,-0.7394942,3.1663797,-2.5706043,-0.7856495,8.707905
443,0.011718745,-0.10636738,0.29579562,-0.029717643,-0.012124825,-0.9994848,1.0,0.0,0.0,0.07371318,-0.081443705,0.062901855,-0.012709379,-0.08951169,0.046305522,-0.08969973,-0.02864168,0.16079181,-0.07692206,-0.039882004,0.00223322,0.13982089,-0.0072237155,0.12041765,0.031180767,-0.7170105,0.10103398,-0.23261543,0.033037763,-0.013209695,0.19249797,-0.51248205,-0.25635177,-1.2522237,0.82879007,-0.8053663,-1.0807836,0.6097722,0.5127284,1.1364865,-0.9815768,0.8807541,-0.8933862,0.60371834,-0.4486906,-198.57446,-168.761,202.94713,183.95609,-199.88263,200.36168,200.4567,183.27957,-185.84145,189.37906,1.4630536,-200.21548,0.07371318,-0.081443705,-0.73709816,1.5872906,-0.8895117,0.046305522,-0.08969973,-0.02864168,-0.6392082,1.523078,-0.839882,0.00223322,2.7964177,-0.14447431,2.4083529,0.6236153,-14.34021,2.0206795,-4.6523085,0.6607553,-0.2641939,3.8499594,-10.24964,-5.127035
444,0.04144233,-0.10314881,0.023940718,-0.033959683,-0.013072401,-0.99933773,1.0,0.0,0.0,0.055389743,-0.07682269,0.081878066,-0.023219585,-0.15536368,0.13968123,-0.089889005,-0.026798062,0.1798467,-0.07357967,-0.06690663,-0.11777179,-0.28096658,0.045446396,0.07494627,-0.12096044,-0.011928148,0.7546654,0.1892203,-0.009459559,0.18364273,-0.12731603,0.17371869,-0.78369606,0.39787632,-1.1344813,0.27721414,0.6742328,0.39120436,-0.47396508,0.47295678,1.062738,-0.7931849,0.00012613833,0.69529563,0.19491322,-202.17516,188.78528,-185.23943,-211.20786,200.64912,157.57933,199.2119,-175.52718,199.7873,-219.9403,200.25224,-11.177757,0.055389743,-0.07682269,-0.71812195,1.5767804,-0.9553637,0.13968123,-0.089889005,-0.026798062,-0.6201533,1.5264204,-0.86690664,-0.11777179,-5.6193314,0.9089279,1.4989253,-2.4192088,-0.23856294,15.0933075,3.7844057,-0.18919118,3.6728547,-2.5463204,3.4743738,-15.673921
445,0.04414092,-0.14305036,-0.2836017,-0.03877944,-0.014606373,-0.999141,1.0,0.0,0.0,0.050104175,-0.07335058,0.09864801,-0.03370452,-0.08334041,0.21671803,-0.007837707,-0.026779206,0.18779111,-0.059055924,-0.0009533167,-0.19667645,0.18200427,-0.008193709,0.09317921,-0.0017914992,0.6642997,0.08261349,0.5755161,-0.021829043,-0.08324855,0.22281185,0.3533405,-0.08293995,0.71885335,0.80432814,-0.7720132,-1.0086724,-0.19356847,-0.8758941,-0.9845402,-1.0285373,0.89980245,0.3225268,0.0018491372,0.8599238,199.95209,-187.69879,202.41129,184.1548,200.06055,-199.87325,189.30502,-219.00084,-459.04297,34.890083,36.778885,184.86577,0.050104175,-0.07335058,-0.701352,1.5662955,-0.8833404,0.21671803,-0.007837707,-0.026779206,-0.6122089,1.5409441,-0.8009533,-0.19667645,3.6400855,-0.16387418,1.8635842,-0.035829984,13.285995,1.6522697,11.510322,-0.43658084,-1.664971,4.456237,7.06681,-1.658799
446,-0.039452504,-0.15152708,-0.5225974,-0.044391908,-0.015226748,-0.99889815,1.0,0.0,0.0,0.12973142,-0.064300045,0.11858642,-0.04547143,-0.024725318,0.15707564,0.06414012,-0.039043594,0.17309558,-0.0015845299,0.015037656,-0.13686907,0.57570213,0.089859694,0.10346533,-0.1050893,-0.0102064675,-0.60978115,0.18555294,-0.09489926,-0.066533364,0.33677837,-0.01982562,0.61119306,-0.79958785,-1.1626278,0.3434751,-0.28034967,-0.6622083,-0.679858,-0.70788056,1.0668353,-0.85497296,-1.1467242,-0.9092548,0.017092885,202.9853,225.69753,-236.51341,-230.31703,-200.08748,-199.62001,-199.9627,-205.29643,221.99799,183.5363,-15.0325,200.07803,0.12973142,-0.064300045,-0.6814136,1.5545286,-0.82472533,0.15707564,0.06414012,-0.039043594,-0.6269044,1.5984155,-0.78496236,-0.13686907,11.514043,1.7971939,2.0693066,-2.101786,-0.20412935,-12.195622,3.7110589,-1.8979852,-1.3306673,6.735567,-0.3965124,12.223861
447,-0.050639313,-0.22326724,0.25757095,-0.050544847,-0.013978458,-0.99862397,1.0,0.0,0.0,0.18499121,-0.04572257,0.14875406,-0.068686366,-0.09129423,-0.027755024,0.05001942,-0.05392118,0.15806347,0.049622774,-0.0629521,-0.066093475,0.009150873,0.11440325,0.12272151,0.06674927,-0.54082865,-1.0501566,-0.28114772,-0.05195284,-0.06576102,0.18847342,-0.69256073,0.23523481,-1.1971955,0.89296633,-0.77944815,1.0842372,0.83000475,0.29327363,0.25690997,-1.0061628,0.57394737,-1.8245724,0.2028606,-0.34248707,-243.01538,12.247589,137.59457,580.1433,-129.63928,-46.575806,-197.84712,191.17891,-209.64604,-223.37308,-200.07755,-42.057774,0.18499121,-0.04572257,-0.65124595,1.5313137,-0.89129424,-0.027755024,0.05001942,-0.05392118,-0.64193654,1.6496228,-0.8629521,-0.066093475,0.18301746,2.288065,2.45443,1.3349854,-10.816572,-21.003132,-5.6229544,-1.0390568,-1.3152204,3.7694683,-13.851214,4.704696
448,0.07867607,-0.293827,0.05400339,-0.061288264,-0.014368922,-0.9980167,1.0,0.0,0.0,0.14983808,-0.026254388,0.15295017,-0.018649936,-0.1196236,-0.16507863,0.036997285,-0.07093962,0.16776729,0.057545424,-0.12601799,-0.09264785,-0.33848366,0.089280486,-0.056779604,0.3803409,0.17653793,-0.38689804,0.1134802,-0.11225956,0.1414824,-0.081837825,-0.007002289,-0.4309151,0.44705418,-1.416736,0.26036033,-1.5004628,-0.15476403,0.65252715,0.5687303,1.2916949,-1.0148708,-1.3247386,0.48011416,-0.04796791,-199.56255,178.29088,-149.98486,194.84816,201.03694,199.56372,199.1275,-187.5363,209.73631,-215.04605,200.23041,-188.34589,0.14983808,-0.026254388,-0.64704984,1.5813501,-0.9196236,-0.16507863,0.036997285,-0.07093962,-0.6322327,1.6575454,-0.926018,-0.09264785,-6.769673,1.7856097,-1.1355921,7.606818,3.5307586,-7.737961,2.269604,-2.245191,2.829648,-1.6367564,-0.14004578,-8.618301
449,0.046594482,-0.18088153,-0.28658712,-0.070704915,-0.017185424,-0.99734914,1.0,0.0,0.0,0.13015938,-0.014578327,0.15964305,0.024716139,-0.123856425,-0.16416323,0.10867863,-0.082177766,0.19652987,0.025811791,-0.04967749,-0.109324366,0.09550487,0.03513691,0.09217533,0.090159714,-0.071658604,0.32500482,0.55845046,-0.0071723736,0.14396456,-0.22141843,0.6999282,0.107245505,0.7809042,0.8865362,-0.6353954,-1.1245174,0.09124847,0.26236993,-1.0265979,-0.922984,0.58680475,-0.05134566,0.22166881,0.35308555,198.95908,-194.9836,135.44536,-215.29503,-3.0182667,200.23691,195.36476,236.7126,-173.8527,-206.08855,200.78891,46.384094,0.13015938,-0.014578327,-0.64035696,1.6247162,-0.92385644,-0.16416323,0.10867863,-0.082177766,-0.60347015,1.6258118,-0.8496775,-0.109324366,1.9100975,0.70273817,1.8435065,1.8031943,-1.433172,6.5000963,11.169009,-0.14344747,2.879291,-4.4283686,13.998564,2.14491
450,0.03621756,-0.19833183,-0.43360674,-0.07781144,-0.019598966,-0.9967754,1.0,0.0,0.0,0.19847602,0.002622996,0.17613453,0.028799653,-0.07219565,-0.03587084,0.17854689,-0.09441328,0.22788543,-0.013138652,0.050376236,-0.0073460066,0.5414209,0.12985425,0.07707063,-0.039808683,0.39680818,0.74909455,0.1776918,-0.106933355,0.1423745,-0.11529833,0.2988045,0.83668756,-0.90439594,-1.0948366,0.20377831,0.15812176,0.0028338432,-0.59495324,-0.89369965,0.9557451,-0.54585814,1.1383001,-0.7309182,-1.0509199,196.20683,236.82596,-259.07632,-245.9994,-3.5247085,-34.093033,-211.0943,-58.696144,153.48288,270.49722,-80.14081,130.46877,0.19847602,0.002622996,-0.6238655,1.6287997,-0.87219566,-0.03587084,0.17854689,-0.09441328,-0.5721146,1.5868614,-0.7496238,-0.0073460066,10.828417,2.5970848,1.5414126,-0.79617363,7.9361634,14.981891,3.5538359,-2.138667,2.84749,-2.3059666,5.9760895,16.733751
451,-0.023281233,0.02694346,0.1757271,-0.08034517,-0.0201252,-0.9965639,1.0,0.0,0.0,0.25155085,0.021173662,0.1774159,0.041857123,-0.033879936,0.037837587,0.1665467,-0.11108177,0.22532856,0.0018588305,0.032667994,0.08403824,0.038746506,0.061830994,-0.032844245,0.13321124,0.1107605,0.056815006,-0.2605724,-0.06641072,-0.14082864,0.21677743,-0.40037298,0.13715437,-1.0117723,0.8027238,-0.28271687,-1.3494008,-0.19318649,-0.82289547,-0.10210819,-0.9214553,0.7721695,-1.1580762,-0.14212304,-0.90670854,-201.54523,-192.6995,66.90149,106.285446,-26.243345,-199.81706,-198.34706,204.63509,-212.76776,177.37238,-200.20926,-199.93413,0.25155085,0.021173662,-0.6225841,1.6418571,-0.83387995,0.037837587,0.1665467,-0.11108177,-0.57467145,1.6018589,-0.767332,0.08403824,0.7749301,1.2366198,-0.6568849,2.6642246,2.21521,1.1363001,-5.211448,-1.3282144,-2.8165727,4.3355484,-8.00746,2.7430873
452,0.010767976,0.0102023315,0.38132754,-0.07984115,-0.01894748,-0.99662745,1.0,0.0,0.0,0.21613605,0.0379668,0.17438227,0.05435872,-0.07049388,-0.02963692,0.08004768,-0.13364834,0.21282709,0.012546778,-0.037691057,0.03592361,-0.34691367,0.101611316,-0.0023411214,0.0033790239,-0.28979132,-0.6601352,-0.47646236,-0.140369,0.00973704,-0.07935322,-0.28999195,-0.54670805,0.37564367,-1.3309366,0.7998027,-0.917551,0.15060747,-0.13931827,0.57228863,1.0840541,-0.8408104,-0.8135883,0.72400385,-0.24305287,-199.35307,201.48105,-173.94333,-208.86992,-3.8121474,-199.8638,39.645008,-187.927,139.07361,-244.06392,41.705437,-199.54585,0.21613605,0.0379668,-0.62561774,1.6543587,-0.8704939,-0.02963692,0.08004768,-0.13364834,-0.5871729,1.6125468,-0.83769107,0.03592361,-6.9382734,2.0322263,-0.04682243,0.06758048,-5.7958264,-13.202703,-9.529247,-2.80738,0.19474079,-1.5870644,-5.799839,-10.934161
453,-0.050565064,0.063641384,-0.043785352,-0.078037106,-0.01785052,-0.9967905,1.0,0.0,0.0,0.18052745,0.042370323,0.18495852,0.031181455,-0.08581829,-0.090671636,0.040580533,-0.14139324,0.21495116,-0.005547166,-0.034960687,-0.061255034,-0.043741602,-0.051372465,0.08170161,-0.16698858,-0.031691518,-0.12619834,0.030525103,0.019476792,-0.013470471,0.0027847656,0.08594481,-0.3184195,-0.028408386,1.0971478,-0.64376134,1.5472269,0.31328812,0.8692277,0.8680109,-0.9925883,1.022715,0.76661706,0.6690906,-0.40165764,216.14075,-688.95624,237.2836,135.21448,20.696716,19.191713,199.05063,40.74585,-77.868454,252.8997,11.286285,98.036995,0.18052745,0.042370323,-0.6150415,1.6311815,-0.8858183,-0.090671636,0.040580533,-0.14139324,-0.58504885,1.5944529,-0.8349607,-0.061255034,-0.87483203,-1.0274493,1.6340321,-3.3397715,-0.63383037,-2.5239668,0.61050206,0.3895358,-0.26940942,0.05569531,1.7188962,-6.3683896
454,-0.029634584,-0.066749424,-0.2943356,-0.078424625,-0.01640625,-0.99678504,1.0,0.0,0.0,0.13592906,0.024997193,0.17857563,0.043066025,-0.04908383,-0.042250536,0.09087829,-0.13033837,0.20216697,0.029127121,-0.0076485276,-0.1474695,-0.31210136,-0.09505751,-0.11727116,0.20920792,0.4398554,0.5441449,0.43202683,0.07185655,-0.10272982,0.29483968,0.20869331,-0.52756095,-0.3070857,-1.0564386,0.76779413,-1.2914062,-0.42995447,-0.64626217,-0.79161346,1.0430208,-0.8546716,-0.89497054,-0.6489484,-0.2564731,-69.08353,199.11195,-233.07925,166.9067,199.78157,199.68889,213.43045,-61.087082,-168.96169,166.14716,60.49193,-24.896206,0.13592906,0.024997193,-0.6214244,1.643066,-0.84908384,-0.042250536,0.09087829,-0.13033837,-0.59783304,1.6291271,-0.80764854,-0.1474695,-6.2420273,-1.9011501,-2.3454232,4.1841583,8.797108,10.882898,8.640536,1.4371309,-2.0545964,5.8967934,4.1738663,-10.551219
455,-0.06095845,-0.05930661,0.39151305,-0.08074906,-0.014344953,-0.99663126,1.0,0.0,0.0,0.01958243,-0.0023265162,0.17760473,0.0531255,-0.037157595,-0.009677293,0.12708679,-0.113346696,0.17553031,0.07759249,-0.041860104,-0.20299728,-0.75552434,-0.16728747,0.08372575,-0.078236096,-0.2513745,-0.14718868,-0.023057785,0.10147078,-0.15541583,0.19277243,-0.4771377,-0.17122611,0.8211903,0.930587,-0.43155032,-0.7773256,-0.33498663,-0.7460225,-1.0676564,-0.9110267,0.7875948,-1.2827039,-0.35087067,0.97836983,-36.895885,-229.48064,98.23251,-257.50922,-201.39745,-200.35446,-198.6366,204.14145,-216.63394,-228.87,-200.37827,44.826283,0.01958243,-0.0023265162,-0.6223953,1.6531255,-0.8371576,-0.009677293,0.12708679,-0.113346696,-0.6244697,1.6775925,-0.8418601,-0.20299728,-15.110486,-3.3457494,1.674515,-1.564722,-5.02749,-2.9437735,-0.46115568,2.0294156,-3.1083167,3.8554487,-9.542754,-3.4245222
456,0.032582596,-0.00028838153,0.18551011,-0.08209396,-0.012934438,-0.99654055,1.0,0.0,0.0,-0.084342234,-0.02680607,0.1901815,0.023318648,-0.13455164,-0.11513635,0.082079165,-0.10801696,0.15975356,0.084081054,-0.15755463,-0.16169637,-0.32729894,-0.084303975,0.04699382,-0.21014161,-0.5153882,-0.83859104,-0.38995984,-0.03471623,-0.018722849,-0.099616565,-0.524099,0.5160113,1.0866903,-1.0094074,0.6496537,0.27564526,0.41174483,-0.009357449,0.65843934,1.2214481,-1.0045195,-0.3314218,0.43560034,-0.23235056,196.32748,221.99342,-234.84744,-239.09714,37.946236,-199.05382,-203.49388,-178.26752,202.60513,-216.3387,65.86135,200.86266,-0.084342234,-0.02680607,-0.6098185,1.6233187,-0.93455166,-0.11513635,0.082079165,-0.10801696,-0.64024645,1.6840811,-0.95755464,-0.16169637,-6.5459785,-1.6860795,0.93987644,-4.202832,-10.307764,-16.77182,-7.7991967,-0.69432455,-0.37445697,-1.9923313,-10.481979,10.320226
457,0.049423657,-0.08667535,-0.21891944,-0.08384696,-0.014824568,-0.9963683,1.0,0.0,0.0,-0.109995104,-0.043477766,0.19706225,0.0038136244,-0.15965897,-0.19204621,0.04878429,-0.10315321,0.16111904,0.051625967,-0.18462521,-0.13395812,0.027906923,-0.0792663,0.012979879,0.009861297,0.1863716,-0.0018711117,0.017961342,0.07123552,0.030606626,-0.21406996,0.18232529,-0.13730186,-0.23431116,0.87416965,-0.65886736,-0.53776973,-0.30598474,0.26205477,0.24989986,-0.76264477,0.75317085,0.42552233,0.80890334,-0.7421657,178.26012,-134.21454,70.386345,216.66432,190.8632,219.13152,199.09914,198.26471,-184.98163,-213.63022,200.35538,-112.08524,-0.109995104,-0.043477766,-0.60293776,1.6038136,-0.959659,-0.19204621,0.04878429,-0.10315321,-0.63888097,1.651626,-0.9846252,-0.13395812,0.55813843,-1.5853261,0.25959757,0.19722594,3.7274318,-0.037422232,0.35922682,1.4247104,0.6121325,-4.2813993,3.6465056,-2.7460372
458,0.0026261157,-0.080789804,-0.20031504,-0.08693439,-0.016116433,-0.99608374,1.0,0.0,0.0,-0.12603119,-0.06253717,0.19670594,0.01638794,-0.17657632,-0.12056447,0.09254089,-0.08972667,0.17059475,0.021374822,-0.07699144,-0.23361252,-0.13538557,-0.11202883,-0.015640555,0.08992072,-0.24423769,0.6474066,0.32951078,0.06596338,0.025991553,-0.044894274,0.69349694,-0.7490275,0.6236441,-1.0659078,0.46081373,0.38476026,-0.6328559,-0.16670156,-0.83858085,1.0988897,-1.0289059,-1.1472635,-1.1094476,-0.44638208,-24.715027,-63.45462,-109.80201,-29.637405,-41.645123,184.06775,54.55461,204.37329,-170.12262,812.9054,-282.1815,-34.90822,-0.12603119,-0.06253717,-0.6032941,1.616388,-0.9765763,-0.12056447,0.09254089,-0.08972667,-0.62940526,1.6213748,-0.87699145,-0.23361252,-2.7077115,-2.2405765,-0.3128111,1.7984143,-4.8847537,12.948132,6.590215,1.3192676,0.51983106,-0.8978855,13.869939,-14.98055
459,0.040000465,-0.1450291,-0.0070668506,-0.0915926,-0.0174946,-0.9956429,1.0,0.0,0.0,-0.113617554,-0.0875194,0.20192558,0.045921564,-0.2973196,-0.06326895,0.115116104,-0.08052195,0.17324632,0.03296292,-0.0481956,-0.32878682,0.22722454,-0.13438794,0.062601216,0.19264898,-0.8011185,-0.013216424,-0.06665392,0.044267897,0.01090902,0.08865805,-0.22280633,-0.3407572,0.59706694,0.7304085,-0.54129845,-1.6740775,1.0782448,-0.3274216,-0.78243566,-0.9705989,0.61951745,0.3782395,-1.0207573,0.51668215,197.47728,-191.95149,238.87349,190.63374,-7.333105,-200.01605,-208.46255,179.42853,18.645447,-1.3075256,-216.23627,70.30734,-0.113617554,-0.0875194,-0.59807444,1.6459216,-1.0973196,-0.06326895,0.115116104,-0.08052195,-0.6267537,1.632963,-0.8481956,-0.32878682,4.544491,-2.6877587,1.2520243,3.8529794,-16.02237,-0.26432848,-1.3330784,0.8853579,0.2181804,1.7731609,-4.4561267,-6.8151436
460,0.021771066,-0.08879373,-0.217961,-0.09588429,-0.019307647,-0.99520516,1.0,0.0,0.0,-0.022443557,-0.10054739,0.2140376,0.07222319,-0.380068,-0.13137655,0.061289284,-0.08382106,0.1736688,0.062704325,-0.17051691,-0.32034937,0.64382076,-0.0066059283,0.06069694,0.08371295,-0.09648927,-0.47652197,-0.4345936,-0.0668897,-0.0031888094,0.19750355,-0.92916024,0.35592064,-1.1574705,-0.9980561,0.37730992,-1.8726528,0.49848706,-0.024985474,0.93207556,1.2526228,-0.7751678,-0.6871694,0.104969375,0.43385425,189.97728,240.19962,-158.06146,-197.5984,201.88214,5.7805004,-195.02617,-239.24872,197.77464,179.32321,-199.43378,199.93773,-0.022443557,-0.10054739,-0.5859624,1.6722232,-1.180068,-0.13137655,0.061289284,-0.08382106,-0.6263312,1.6627043,-0.9705169,-0.32034937,12.876415,-0.13211857,1.2139388,1.674259,-1.9297855,-9.530439,-8.691872,-1.3377941,-0.06377619,3.9500709,-18.583204,7.1184125
461,-5.8294983e-05,-0.034506287,0.02656998,-0.09879544,-0.01984289,-0.9949099,1.0,0.0,0.0,0.05914268,-0.11317868,0.24174434,0.05748701,-0.32446975,-0.15125197,0.01735137,-0.08749955,0.17353511,0.08797634,-0.27848417,-0.1731464,0.21325015,-0.112683,0.1857153,-0.1982905,0.584705,0.18733457,-0.043165047,0.022092277,-0.0059964233,0.06766968,-0.22193956,1.0468085,-1.4739292,0.8898547,-0.5507264,-0.9487309,0.45084393,-0.23535338,0.9497256,-0.7313428,0.6767849,-0.7490215,0.5967358,-0.24052963,-208.66563,-156.11665,143.53152,-212.81847,200.71912,131.59993,200.0952,198.54869,-196.4504,-219.9764,200.35408,200.13728,0.05914268,-0.11317868,-0.5582557,1.657487,-1.1244698,-0.15125197,0.01735137,-0.08749955,-0.6264649,1.6879764,-1.0784842,-0.1731464,4.2650027,-2.25366,3.7143059,-3.9658098,11.694099,3.7466912,-0.8633009,0.44184554,-0.119928464,1.3533937,-4.4387913,20.936169
462,-0.001419576,-0.055518225,-0.19153324,-0.10015414,-0.020871004,-0.994753,1.0,0.0,0.0,0.060982425,-0.13392574,0.27026123,0.0065288544,-0.14273834,-0.16500041,0.05213585,-0.08587966,0.19521618,0.069042325,-0.2478345,-0.03766478,-0.1474445,-0.08341128,0.05782208,-0.16601932,0.8768989,-0.058257043,0.3495625,0.008205954,0.20785199,-0.23353954,0.46025428,0.3758611,0.9761515,-1.0285772,0.47810292,1.0256054,-0.22050998,-1.6090921,-0.551236,1.0529209,-0.7687006,0.66630125,0.39072192,-0.8712266,-213.28723,379.35675,-204.92859,801.9122,-366.79077,126.5856,197.56334,-165.90495,194.84981,-222.01106,199.9208,-199.21916,0.060982425,-0.13392574,-0.5297388,1.6065289,-0.94273835,-0.16500041,0.05213585,-0.08587966,-0.60478383,1.6690423,-1.0478345,-0.03766478,-2.94889,-1.6682255,1.1564416,-3.3203864,17.537977,-1.1651409,6.99125,0.16411908,4.1570396,-4.6707907,9.205086,7.517222
463,-0.06366494,-0.1019413,0.03173928,-0.10353942,-0.01949557,-0.99443436,1.0,0.0,0.0,0.07416059,-0.13356766,0.27817124,0.012716055,-0.10246128,-0.21867001,0.07680704,-0.07692271,0.21370476,0.051741123,-0.08098942,-0.041252356,0.23438704,0.048146907,0.052180707,0.1364605,-0.18875009,-0.50276655,-0.06035304,0.06829716,-0.0036500741,0.03705401,1.0853242,-0.34038088,-0.64551544,0.84330505,-0.57171005,-0.29583186,-0.7384813,0.20040411,-0.8080617,-0.7271578,0.6611475,-0.7719889,-0.19411373,-0.68414116,177.64545,-10.802002,177.76366,239.64265,-162.43637,-169.47316,-200.40918,201.68364,-200.10234,177.52245,56.334373,-199.93651,0.07416059,-0.13356766,-0.5218288,1.6127161,-0.9024613,-0.21867001,0.07680704,-0.07692271,-0.58629525,1.6517411,-0.88098943,-0.041252356,4.687741,0.96293813,1.0436141,2.72921,-3.7750018,-10.055331,-1.2070608,1.3659432,-0.07300148,0.74108016,21.706482,-6.8076177
464,0.015039831,-0.12973455,0.38030964,-0.10832296,-0.01780919,-0.9939562,1.0,0.0,0.0,0.07667625,-0.12581518,0.28827244,0.02330947,-0.21454448,-0.24593277,0.015942434,-0.06934159,0.2200768,0.055746198,0.003856063,-0.15752023,-0.16782485,0.03083588,0.050579697,-0.015767103,-0.8648068,0.16361131,-0.49705598,0.030735925,0.068291135,0.017146701,-0.10859843,-0.7594711,-0.25801215,-1.0130848,0.28333998,0.3704393,0.13015193,0.96512675,0.8733396,1.0506575,-0.53560424,0.6501858,-0.9742292,-0.18294217,-200.15015,199.5027,-199.91025,-218.48615,-199.90564,200.29004,-234.25473,137.56105,361.40765,57.62256,-266.76837,-128.39096,0.07667625,-0.12581518,-0.5117276,1.6233095,-1.0145445,-0.24593277,0.015942434,-0.06934159,-0.5799232,1.6557462,-0.79614395,-0.15752023,-3.356497,0.6167176,1.0115939,-0.31534207,-17.296135,3.272226,-9.941119,0.6147185,1.3658227,0.342934,-2.1719687,-15.189423
465,-0.03333823,0.11008685,0.50147283,-0.10759926,-0.015268255,-0.9940771,1.0,0.0,0.0,-0.0039581726,-0.13421485,0.27434736,0.042903066,-0.31216246,-0.1366229,-0.036540344,-0.04988767,0.20913368,0.09247422,-0.09360242,-0.23232342,-0.54907864,-0.09311661,-0.13843161,0.18045282,-0.18048543,0.8610468,-0.07068163,0.15475154,-0.14363721,0.3167465,-0.7959951,-0.0582141,-0.09853522,0.7723076,-0.1010433,-1.3647424,0.71866363,-0.72440225,0.7417848,-0.9049626,0.58687156,-1.313461,-0.066162236,0.94227993,-61.41226,-180.37476,104.56625,176.43222,200.7039,200.5275,195.06862,225.47769,-193.47588,175.4832,-199.91951,200.5762,-0.0039581726,-0.13421485,-0.52565265,1.6429031,-1.1121625,-0.1366229,-0.036540344,-0.04988767,-0.5908663,1.6924742,-0.89360243,-0.23232342,-10.981573,-1.8623322,-2.7686322,3.6090565,-3.6097085,17.220936,-1.4136326,3.0950308,-2.872744,6.33493,-15.919902,-1.164282
466,0.034367654,0.123582646,-0.29375657,-0.103008926,-0.01515511,-0.9945649,1.0,0.0,0.0,-0.06657852,-0.14060847,0.2445721,0.06484151,-0.27063698,-0.04125283,-0.002428174,-0.025318753,0.20320594,0.123129606,-0.1773817,-0.16588777,-0.16457684,0.011822704,-0.16125283,0.0512609,0.52469933,0.16136628,0.36454648,0.09558674,0.059167035,0.021515189,-0.11084975,0.65182745,1.0572422,-1.1118338,0.84017104,-1.2373188,0.094367936,-0.6985045,-0.71346533,0.9483925,-0.6343138,-1.9186481,0.28228438,-0.4965808,84.85427,230.68726,-197.52698,-216.68842,200.30455,-199.54623,197.5993,-182.12262,173.13722,-231.31245,199.36545,200.45189,-0.06657852,-0.14060847,-0.5554279,1.6648415,-1.070637,-0.04125283,-0.002428174,-0.025318753,-0.59679407,1.7231296,-0.9773817,-0.16588777,-3.2915368,0.23645408,-3.2250564,1.025218,10.493986,3.2273257,7.2909293,1.9117348,1.1833407,0.43030378,-2.216995,13.036549
467,0.013116536,0.10972383,-0.03810786,-0.09831726,-0.016757807,-0.99501395,1.0,0.0,0.0,-0.06159832,-0.13696705,0.23864663,0.043628573,-0.13718772,-0.08243888,0.02841601,-0.0013219736,0.21105897,0.112095594,-0.12203431,-0.11461232,0.18016858,0.022408394,0.08069641,-0.23475157,0.6194882,-0.5063245,-0.015952986,0.13933566,0.025153935,-0.11778053,0.594078,-0.067017004,-0.1763641,0.7543432,-0.32983384,0.81170106,0.23474991,-0.26219118,-1.1589348,-0.82744944,1.1279203,-1.2042218,0.18666786,-0.6070472,200.26962,-201.79897,203.41386,-218.19722,-70.030426,-199.90619,-198.11928,191.56526,-203.5805,-223.81769,199.8952,-200.0704,-0.06159832,-0.13696705,-0.5613534,1.6436286,-0.93718773,-0.08243888,0.02841601,-0.0013219736,-0.58894104,1.7120956,-0.9220343,-0.11461232,3.6033716,0.4481679,1.6139282,-4.695031,12.389764,-10.126491,-0.3190597,2.7867131,0.5030787,-2.3556106,11.88156,-1.34034
468,0.08106729,0.05699496,0.14457674,-0.09476945,-0.017885359,-0.99533856,1.0,0.0,0.0,-0.06720678,-0.13612859,0.21870065,0.060263157,-0.028253675,-0.15122555,-0.026908193,0.01281531,0.23258954,0.066477776,-0.016254365,-0.1991505,-0.16644114,-0.01691175,-0.2237067,0.29442796,0.53958625,-0.28708634,-0.4872552,0.014079191,0.12542419,-0.17859854,0.20468758,-0.6221033,-0.10006245,-1.1856369,0.8651196,-0.08227551,-0.72794783,1.034151,0.95297796,1.1191306,-0.75885725,1.3084897,-0.2476649,0.46173212,-73.664406,28.411957,-217.16237,259.05774,41.772457,9.659973,-223.77647,-66.368866,101.84022,572.8222,-262.5976,-61.89769,-0.06720678,-0.13612859,-0.58129936,1.6602632,-0.8282537,-0.15122555,-0.026908193,0.01281531,-0.56741047,1.6664778,-0.8162544,-0.1991505,-3.3288229,-0.33823502,-4.474134,5.8885593,10.791725,-5.741727,-9.745104,0.28158382,2.508484,-3.5719707,4.0937514,-12.442065
469,-0.034872424,0.052197788,0.17605197,-0.092778645,-0.017925825,-0.99552536,1.0,0.0,0.0,-0.08705879,-0.14306106,0.19613814,0.09354687,0.0026756525,-0.1304467,-0.07442482,0.024670796,0.23817998,0.06784499,-0.058561206,-0.25018552,-0.06156517,-0.05231762,-0.0260891,0.05871389,-0.15744655,0.4221316,-0.03180368,0.11809497,-0.048712008,0.13591312,-0.42674023,0.056694407,0.08544059,0.7885036,-0.5624714,-0.47790733,-0.7376933,0.37184703,0.35657394,-0.9349238,0.9974432,-0.99084926,0.46540862,0.45689574,29.485886,-198.56784,198.99982,-216.7904,-200.09195,200.09576,203.07893,170.81013,-192.41801,198.27672,-40.08841,197.36273,-0.08705879,-0.14306106,-0.60386187,1.6935469,-0.79732436,-0.1304467,-0.07442482,0.024670796,-0.56182003,1.667845,-0.8585612,-0.25018552,-1.2313033,-1.0463524,-0.521782,1.1742778,-3.1489308,8.442632,-0.6360735,2.3618994,-0.9742401,2.7182622,-8.534804,1.1338881
470,0.013783675,0.074904814,-0.64196837,-0.08996764,-0.018682102,-0.9957695,1.0,0.0,0.0,-0.05212062,-0.14510466,0.19105244,0.09355593,-0.10294902,0.019957487,-0.03519104,0.040040012,0.24843323,0.06426692,-0.07255095,-0.16239503,0.30095515,0.018881677,-0.031293906,-0.055056073,-0.83104223,0.8751941,0.37955764,0.05292041,0.13322684,-0.15295829,0.23862532,0.7581522,0.7081021,-1.1964079,0.64636654,-0.04664213,0.4448805,-0.26426804,-0.33503652,1.1894299,-0.78090286,-0.5262691,0.47529787,-0.26864812,36.04136,186.64693,-204.46138,-226.84991,-200.28824,-34.138416,197.37,-185.17058,178.74121,-229.78801,199.38104,200.43173,-0.05212062,-0.14510466,-0.6089476,1.693556,-0.90294904,0.019957487,-0.03519104,0.040040012,-0.5515668,1.664267,-0.87255096,-0.16239503,6.0191026,0.3776335,-0.6258781,-1.1011214,-16.620844,17.503881,7.5911527,1.0584081,2.6645367,-3.0591657,4.772506,15.163043
471,0.036852863,0.0439911,-0.38117093,-0.086876124,-0.021091014,-0.9959959,1.0,0.0,0.0,0.04773441,-0.14254479,0.20822495,0.056681752,-0.1939671,0.121736325,0.0009485767,0.048596356,0.2661898,0.03503108,0.018561363,-0.08502644,0.66472334,0.0063832016,0.17458369,-0.2602412,-0.14814861,0.20884664,0.020445272,-0.0010646693,0.009637023,-0.023528334,0.4069205,0.11382524,-0.82054746,0.72284883,-0.51817864,0.6430655,0.82120454,-1.0381398,-1.0871981,-0.8104186,1.0749898,1.5709682,0.2724769,-0.30778965,199.26376,-185.59605,217.11932,-10.104799,200.67595,-200.21225,-139.41429,-103.06326,-229.65762,298.09213,-51.77382,-170.31087,0.04773441,-0.14254479,-0.59177506,1.6566818,-0.9939671,0.121736325,0.0009485767,0.048596356,-0.5338102,1.6350311,-0.78143865,-0.08502644,13.294466,0.12766403,3.4916737,-5.204824,-2.9629722,4.176933,0.40890545,-0.021293387,0.19274046,-0.47056666,8.13841,2.2765048
472,0.048681397,-0.058679238,-0.12552243,-0.0871726,-0.02393474,-0.99590564,1.0,0.0,0.0,0.13364358,-0.13759546,0.22220159,0.033949733,-0.146806,0.08421655,-0.05002778,0.04167839,0.25604546,0.063125014,0.09239966,-0.12060122,0.23668854,0.041687347,-0.018281993,0.008512209,0.5496376,-0.511558,-0.48522678,-0.060139805,-0.077164754,0.24553895,0.36172244,-0.3621546,-1.2249186,-1.2497661,0.47607607,-0.9103273,0.29545653,-0.5730424,1.3031336,1.0899438,-0.9412794,-0.3026935,-0.6637201,-0.5423649,-199.65747,199.76083,-204.1849,181.95901,200.19153,-199.90326,-230.74426,-66.198364,75.19271,199.89629,1.2722206,-55.571754,0.13364358,-0.13759546,-0.5777984,1.6339498,-0.946806,0.08421655,-0.05002778,0.04167839,-0.54395455,1.663125,-0.70760036,-0.12060122,4.733771,0.8337469,-0.36563984,0.17024417,10.992752,-10.231159,-9.7045355,-1.2027961,-1.543295,4.910779,7.234449,-7.243092
473,0.03357577,-0.027121969,0.17981572,-0.08849691,-0.026046645,-0.9957359,1.0,0.0,0.0,0.1344642,-0.13420053,0.22361797,0.02391231,-0.024071455,-0.070571855,-0.09870863,0.046694785,0.23862463,0.10073006,0.091780186,-0.25176516,-0.17469513,0.04348294,-0.03227527,0.04926764,0.34581146,-0.8330863,-0.0483496,0.1002108,-0.09112453,0.12637056,-0.3028768,-0.7361137,-0.9011408,0.88643914,-0.71930486,1.2835196,0.17167273,0.2304948,0.91610396,-1.0687394,0.6729723,-0.855876,-1.0504074,0.57034314,-230.43436,280.07507,54.885406,387.3695,-160.1615,-18.814682,198.94727,206.79262,-199.58249,-221.98991,-200.21884,42.37828,0.1344642,-0.13420053,-0.57638204,1.6239123,-0.82407147,-0.070571855,-0.09870863,0.046694785,-0.5613754,1.7007301,-0.7082198,-0.25176516,-3.4939027,0.8696588,-0.64550537,0.98535275,6.9162292,-16.661726,-0.96699196,2.004216,-1.8224906,2.5274112,-6.057536,-14.722274
474,0.08230105,-0.11438958,-0.15820876,-0.09164712,-0.028244637,-0.9953909,1.0,0.0,0.0,0.0609454,-0.13125724,0.19268388,0.0704062,0.04564905,-0.16454065,-0.0690467,0.061657984,0.24265248,0.098308444,-0.044810593,-0.32094246,-0.5233194,-0.001054602,-0.24763937,0.36015388,0.32291016,-0.17910151,0.30899376,0.05162088,0.10761353,-0.12469455,-0.9943182,-0.027197782,0.86336416,-1.0168322,0.44432756,-1.3797657,-0.4793389,1.0764296,-0.2677444,1.0429796,-0.7979046,-0.67698693,0.3269451,0.7584124,-197.49245,178.43257,-179.27788,205.96469,-31.668152,195.10155,199.53586,-193.77048,186.90427,-226.12805,-200.20721,200.09587,0.0609454,-0.13125724,-0.60731614,1.6704062,-0.75435096,-0.16454065,-0.0690467,0.061657984,-0.55734754,1.6983085,-0.8448106,-0.32094246,-10.466389,-0.021092039,-4.9527874,7.2030773,6.458203,-3.58203,6.179875,1.0324175,2.1522706,-2.493891,-19.886364,-0.5439556
475,0.0771108,-0.06594354,0.18642087,-0.09507888,-0.03141744,-0.9949739,1.0,0.0,0.0,-0.0022055646,-0.1340776,0.16962588,0.112988114,0.034457684,-0.12144752,-0.042226605,0.0734866,0.26034772,0.058890462,-0.16605109,-0.2530382,-0.14723365,-0.026799051,-0.006932813,0.09420666,-0.36611933,0.53877145,-0.008909924,0.06504866,0.07591182,-0.2566552,-0.2889254,0.6398522,0.8905426,0.7155585,-0.12592751,-1.0066981,-0.41386175,0.1028714,-1.0293497,-0.9971938,0.17805538,0.02218014,0.842913,-0.091247946,200.24562,-201.24304,201.74156,-216.61134,-199.92905,200.08623,-195.9805,184.02272,-199.23064,-223.5869,200.10983,199.8759,-0.0022055646,-0.1340776,-0.63037413,1.7129881,-0.7655423,-0.12144752,-0.042226605,0.0734866,-0.5396523,1.6588905,-0.9660511,-0.2530382,-2.944673,-0.535981,-0.13865626,1.8841332,-7.3223863,10.775429,-0.17819847,1.300973,1.5182364,-5.1331034,-5.778508,12.797044
476,0.01834367,0.42319772,0.10158189,-0.086174116,-0.032550406,-0.99574816,1.0,0.0,0.0,0.010638689,-0.12588629,0.15482187,0.12105799,-0.10062808,-0.030366657,-0.09278402,0.075412,0.2490145,0.025560498,-0.14741772,-0.17742622,0.23952432,0.093068324,-0.11974209,-0.007203278,-0.7808327,0.36936224,-0.45264402,-0.03209301,-0.13348639,-0.11216803,0.40480182,0.25312898,-0.37983888,-1.060108,0.38495046,-0.44143105,0.37841672,-0.4462429,0.78665227,1.0990261,0.61292976,-0.2567594,0.24274221,-0.28642428,207.34534,168.054,-220.24934,-230.95401,31.781816,-55.85512,-212.24754,-122.04848,-26.911556,77.195496,200.72174,-50.028168,0.010638689,-0.12588629,-0.64517814,1.721058,-0.9006281,-0.030366657,-0.09278402,0.075412,-0.5509855,1.6255605,-0.94741774,-0.17742622,4.7904863,1.8613664,-2.3948417,-0.14406556,-15.616653,7.3872447,-9.05288,-0.6418602,-2.6697278,-2.2433605,8.096036,5.062579
477,0.0154778,-0.11669471,0.12895977,-0.08141214,-0.032981936,-0.99613464,1.0,0.0,0.0,0.013729707,-0.117412016,0.16186231,0.08716595,-0.18142128,-0.032945413,-0.1374263,0.08243423,0.25656122,-0.031145453,-0.016780794,-0.19163284,-0.16959004,0.005604248,0.16194028,-0.30177754,-0.09592136,-0.32520172,-0.032738525,0.0819912,0.17527334,-0.41509676,0.67634726,-0.21335791,-0.9500102,0.7784826,0.07110976,1.197037,0.3695531,-0.23920149,0.99507076,-0.9303518,-0.50494826,1.1698539,0.084811784,0.94570744,-200.33846,-204.09795,202.1728,-219.85251,200.05711,-199.99571,204.80501,178.2652,217.04654,-141.75005,-58.17921,-16.741741,0.013729707,-0.117412016,-0.6381377,1.687166,-0.9814213,-0.032945413,-0.1374263,0.08243423,-0.5434388,1.5688546,-0.8167808,-0.19163284,-3.3918009,0.112084955,3.2388055,-6.0355506,-1.9184272,-6.5040345,-0.6547705,1.639824,3.505467,-8.301935,13.526945,-4.267158
478,0.039968237,0.32063657,0.14749248,-0.07585143,-0.033731863,-0.9965484,1.0,0.0,0.0,-0.063686304,-0.11319819,0.1555171,0.055719376,-0.12438357,-0.11139442,-0.10065228,0.0929976,0.2530598,-0.07068992,0.04329157,-0.15527216,-0.56104654,0.038781475,-0.16499068,-0.048115123,0.59568727,-0.354457,0.35993,0.021927698,-0.17264557,-0.016049707,0.111670434,0.50321954,0.9753889,-1.0482484,0.04058718,0.23310724,0.0010999441,0.635321,-0.69742125,1.0054096,0.89245546,0.08947994,-0.46065655,1.0428298,-208.42525,274.33627,-21.827688,195.50049,200.72287,51.178413,211.99173,-314.52856,-205.5745,202.6357,-28.055172,196.41324,-0.063686304,-0.11319819,-0.6444829,1.6557194,-0.9243836,-0.11139442,-0.10065228,0.0929976,-0.5469402,1.5293101,-0.75670844,-0.15527216,-11.22093,0.77562946,-3.2998135,-0.96230245,11.913745,-7.0891395,7.1986003,0.43855396,-3.4529114,-0.32099414,2.2334087,10.06439
479,0.047481187,0.07327655,-0.002210258,-0.06815738,-0.035422754,-0.9970455,1.0,0.0,0.0,-0.13237303,-0.110464185,0.12151253,0.07248497,-0.060833275,-0.103222914,-0.07306083,0.09022526,0.22889453,-0.04877639,-0.02579534,0.006219301,-0.16362056,-0.011143413,-0.16547778,0.1852527,0.1900515,0.36455622,-0.035685327,-0.023118783,-0.06545692,0.17199107,-0.6813329,1.090978,0.99205995,0.7636854,0.8597444,-1.0479695,-0.7263632,0.45315465,-1.1439795,-0.793026,-0.3548775,-1.2108653,-0.3986097,-0.2261481,200.06433,-178.40894,-22.405231,158.58063,-46.18216,200.38185,-199.6565,194.29755,200.79106,111.951805,-199.9871,199.91772,-0.13237303,-0.110464185,-0.6784875,1.672485,-0.8608333,-0.103222914,-0.07306083,0.09022526,-0.5711055,1.5512236,-0.82579535,0.006219301,-3.272411,-0.22286826,-3.3095555,3.7050538,3.80103,7.2911243,-0.71370655,-0.46237564,-1.3091383,3.4398212,-13.6266575,21.81956
480,0.00026555924,0.14667676,0.22584982,-0.06368175,-0.03589179,-0.9973246,1.0,0.0,0.0,-0.11651833,-0.10255671,0.11327231,0.07901335,-0.099018216,0.043111064,-0.12910242,0.07811231,0.21671629,-0.029925227,-0.1682697,0.14832394,0.27623162,0.079897486,0.060154613,-0.09317853,-0.50303024,0.95900625,-0.4804237,-0.09004035,-0.05975293,0.03138515,-0.6207397,0.39985943,-0.20357549,-1.314084,-0.27355027,-0.66286004,0.29886281,-0.43057743,0.61656815,1.1108797,1.2068825,-0.8920835,0.7808311,-1.1124917,203.65402,196.22688,173.41083,-234.34459,-200.8461,31.028423,-206.54465,-169.49562,-231.0401,-230.07013,76.44092,-199.16718,-0.11651833,-0.10255671,-0.6867277,1.6790134,-0.8990182,0.043111064,-0.12910242,0.07811231,-0.5832837,1.5700748,-0.9682697,0.14832394,5.524632,1.5979497,1.2030922,-1.8635707,-10.060605,19.180124,-9.608474,-1.800807,-1.1950586,0.62770295,-12.414794,7.9971886
481,0.04959955,0.17724392,-0.05654514,-0.057433352,-0.03684727,-0.9976692,1.0,0.0,0.0,-0.10853975,-0.09564447,0.11702931,0.044439793,-0.1221056,0.15850821,-0.17808893,0.07074546,0.22070396,-0.057797194,-0.21734148,0.15248516,-0.12428208,0.0011851761,-0.01250003,-0.2370892,0.20190918,0.26575956,-0.049917735,0.0052634254,0.0863074,-0.2799729,0.061290946,-0.2896344,-0.8454566,0.7925656,0.75687134,1.1124923,0.42766863,-1.006039,1.0048592,-0.8708211,-0.7154536,0.77300864,0.9708981,0.21373425,-104.948494,-189.28313,-187.90994,-214.05515,200.32373,-199.88383,199.43344,200.36673,202.61809,-216.90013,200.1542,-200.04257,-0.10853975,-0.09564447,-0.6829707,1.6444398,-0.9221056,0.15850821,-0.17808893,0.07074546,-0.57929605,1.5422028,-1.0173415,0.15248516,-2.4856415,0.023703521,-0.2500006,-4.741784,4.0381837,5.3151913,-0.9983547,0.10526851,1.726148,-5.599458,1.2258189,-5.792688
482,0.031235904,0.0907651,0.11937944,-0.05238221,-0.038338635,-0.99789095,1.0,0.0,0.0,-0.17609112,-0.087910876,0.11449647,0.010748029,-0.007519543,0.13268816,-0.14954516,0.0714288,0.21418345,-0.07590222,-0.12702543,0.15696892,-0.51219624,0.06979857,-0.013216369,-0.1122597,0.8741309,-0.45251486,0.2878082,0.009731206,-0.1309276,0.07461965,0.7758207,0.14354496,0.8967294,-1.1139098,-0.513877,0.056156542,-0.25010237,0.40484238,-1.1223106,1.0056819,1.1310644,-0.15637128,-0.18483475,0.98529917,-203.11662,213.69293,233.9869,196.53532,192.81483,-200.31682,163.99884,-88.02707,-170.97879,247.58499,207.33278,9.208605,-0.17609112,-0.087910876,-0.68550354,1.610748,-0.80751956,0.13268816,-0.14954516,0.0714288,-0.58581656,1.5240978,-0.92702544,0.15696892,-10.243924,1.3959713,-0.26432738,-2.245194,17.482618,-9.050297,5.756164,0.19462411,-2.6185522,1.492393,15.516414,2.870899
483,0.16394578,0.044263877,-0.11348326,-0.049967557,-0.04259292,-0.9978423,1.0,0.0,0.0,-0.23581734,-0.08779015,0.10024357,0.01543045,0.08303136,0.11362415,-0.12841989,0.05991941,0.20270258,-0.06501019,-0.070635915,0.23109491,-0.12967618,-0.057422586,-0.10623552,0.117850006,0.11077495,0.19057159,-0.058391165,-0.10970195,0.016274836,0.0131359,-0.12637652,0.5700277,0.9790192,0.820363,0.9219204,-0.54577637,-0.72249895,0.6618755,-0.8248619,-0.89109683,-0.5875107,0.44648427,-1.1667464,-0.10424496,171.62251,-236.19357,-26.152405,146.57721,-202.73228,186.04642,-197.28781,-61.018585,246.87146,-77.02339,-247.90543,151.73666,-0.23581734,-0.08779015,-0.69975644,1.6154305,-0.71696866,0.11362415,-0.12841989,0.05991941,-0.59729743,1.5349898,-0.8706359,0.23109491,-2.5935235,-1.1484517,-2.1247103,2.357,2.215499,3.811432,-1.1678233,-2.1940389,0.3254967,0.262718,-2.5275304,11.400554
484,-0.011130241,0.08573776,0.049123716,-0.04716309,-0.045286927,-0.9978601,1.0,0.0,0.0,-0.21902713,-0.09817683,0.1010924,0.02696371,0.01121217,0.20845532,-0.18937907,0.034706283,0.18831778,-0.029765606,-0.17001235,0.26797277,0.26169935,-0.042260792,0.09862476,-0.00078405667,-0.73522294,0.71694255,-0.5054126,-0.14003798,-0.14680783,0.30545887,-0.8025279,-0.13029785,-0.4438668,-1.3266574,-0.21824977,0.0655148,0.541767,-0.93903255,0.7103848,1.1827606,1.005377,-1.1099997,0.61282784,-1.2018708,174.28174,-14.759567,323.88696,-39.00885,-235.51358,155.64162,-200.08212,-201.62935,-269.41165,147.92868,-200.89969,-200.06755,-0.21902713,-0.09817683,-0.6989076,1.6269637,-0.78878784,0.20845532,-0.18937907,0.034706283,-0.61168224,1.5702344,-0.97001237,0.26797277,5.233987,-0.8452158,1.9724951,-0.015681133,-14.704458,14.338851,-10.108252,-2.8007596,-2.9361567,6.109177,-16.050558,-2.605957
485,0.102917925,0.07603833,-0.16572358,-0.043966603,-0.047576956,-0.99789953,1.0,0.0,0.0,-0.21501596,-0.11588281,0.10300881,0.037838817,-0.059009552,0.27504888,-0.24261236,0.013799886,0.17530751,-0.0010261536,-0.2555415,0.16628887,-0.1789686,-0.1266276,-0.06128251,0.08562883,-0.03615164,0.01932586,-0.071010314,-0.07402796,0.0038068765,0.011999768,-0.121436074,-0.81836617,-1.2729973,0.8190298,0.91475296,-1.407185,1.0978687,-1.245824,1.052051,-0.9978225,-0.822906,-1.1189327,0.44663805,-0.061103135,-197.52194,-202.80443,-218.93767,-37.19218,199.64256,-200.21735,199.76732,197.26218,182.92574,-226.4812,199.68596,-200.15263,-0.21501596,-0.11588281,-0.6969912,1.6378388,-0.85900956,0.27504888,-0.24261236,0.013799886,-0.6246925,1.5989739,-1.0555415,0.16628887,-3.579372,-2.5325518,-1.2256502,1.7125766,-0.7230328,0.3865172,-1.4202063,-1.4805592,0.07613753,0.23999536,-2.4287214,-16.367323
486,0.07890608,0.09373383,0.058935888,-0.04041143,-0.051402856,-0.9978601,1.0,0.0,0.0,-0.29343668,-0.13264896,0.10417724,0.022813678,0.006301582,0.20089248,-0.21528292,-0.005149052,0.17387098,-0.015143633,-0.20249099,0.06373923,-0.5500361,-0.025875261,0.028127346,-0.167961,0.5005481,-0.6907391,0.30351275,-0.109070435,-0.011135834,-0.14035958,0.58213735,-0.3528575,0.87650776,-1.0431136,-0.29284275,0.34620586,0.5589186,-0.41818643,-0.54597986,1.0430207,0.7496283,1.088038,0.29290798,0.4755067,-13.740219,1033.3008,-680.6593,-31.843964,-245.73682,-185.34647,200.19237,-212.23679,-156.59523,-201.13408,201.20953,61.876072,-0.29343668,-0.13264896,-0.6958228,1.6228137,-0.79369843,0.20089248,-0.21528292,-0.005149052,-0.62612903,1.5848564,-1.002491,0.06373923,-11.000721,-0.5175052,0.5625469,-3.35922,10.0109625,-13.814782,6.070255,-2.1814086,-0.22271667,-2.8071916,11.642747,-7.05715
487,0.07373252,-0.027299086,-0.11048766,-0.039261483,-0.054641154,-0.99773383,1.0,0.0,0.0,-0.35437325,-0.12793101,0.07659769,0.04860723,0.10921693,0.0070224083,-0.1941208,-0.02526406,0.17571718,-0.030475259,-0.035434246,0.066708334,-0.12452523,0.04247228,-0.2665536,0.35889873,0.5603465,-0.9903102,-0.052531935,-0.09063598,0.02586393,-0.0225342,0.8525012,0.3153987,0.9264179,0.7856714,0.85928655,-0.9328918,-1.188026,-0.19459707,-0.6947461,-0.84848297,-0.78865755,-0.5232823,-0.5097707,0.072730154,223.78555,88.86096,-516.23016,296.55554,21.390228,95.041595,-199.64407,199.125,195.2179,177.82782,-71.766945,199.86403,-0.35437325,-0.12793101,-0.7234023,1.6486073,-0.6907831,0.0070224083,-0.1941208,-0.02526406,-0.62428284,1.5695248,-0.83543426,0.066708334,-2.4905045,0.8494456,-5.3310723,7.1779747,11.206929,-19.806204,-1.0506387,-1.8127195,0.5172786,-0.450684,17.050024,6.307974
488,0.060917024,0.061943106,0.038801644,-0.038377278,-0.057613246,-0.99760115,1.0,0.0,0.0,-0.33253542,-0.119150184,0.045335114,0.09678173,0.13167381,-0.11623347,-0.25104895,-0.037066195,0.16953164,-0.027452469,0.016574383,0.08177226,0.3012821,0.0550187,-0.06450244,0.13960281,-0.23351757,-0.3262467,-0.48552695,-0.05368016,-0.053693146,0.0076429727,-0.12009925,-0.003180952,0.11574015,-1.0230724,-0.36166447,-1.2503132,-0.83145523,0.9685854,0.23514292,0.9664675,0.7520499,1.5390301,-0.53160113,-0.85364133,196.86354,103.313835,205.47525,-166.3248,-214.97873,148.33014,-210.91003,-43.476624,-135.88718,-105.47227,-223.2503,-16.006487,-0.33253542,-0.119150184,-0.7546649,1.6967818,-0.6683262,-0.11623347,-0.25104895,-0.037066195,-0.63046837,1.5725476,-0.7834256,0.08177226,6.025642,1.100374,-1.2900488,2.792056,-4.6703515,-6.524934,-9.710539,-1.0736032,-1.0738629,0.15285945,-2.401985,-0.06361904
489,-0.012653886,0.073466316,-0.639244,-0.03506983,-0.059014276,-0.9976409,1.0,0.0,0.0,-0.22513045,-0.114991225,0.032334983,0.11714709,0.011144638,-0.102709815,-0.294347,-0.036185317,0.16464752,-0.012402415,-0.085069835,0.004790143,0.7087574,-0.007690149,-0.07107987,0.06211992,-0.90445393,0.38801718,0.0027996781,0.052427996,-0.0007908687,0.12914823,-0.82575685,-0.69710886,-0.9776839,0.89503235,0.90319395,-0.91497856,0.030587256,0.45261782,1.0336963,-1.064565,-0.78060544,-1.1696041,0.10917505,0.29071906,109.88083,-254.9471,-206.61266,-222.12512,-199.9256,198.36801,199.91696,196.1264,210.52583,184.03467,-199.88564,-199.94139,-0.22513045,-0.114991225,-0.767665,1.7171471,-0.7888554,-0.102709815,-0.294347,-0.036185317,-0.6353525,1.5875976,-0.88506985,0.004790143,14.175148,-0.15380298,-1.4215975,1.2423984,-18.089079,7.7603436,0.05599356,1.0485599,-0.015817374,2.5829647,-16.515137,-13.942177
490,-0.013481915,0.07554254,-0.42809266,-0.030786064,-0.05910023,-0.9977772,1.0,0.0,0.0,-0.124204636,-0.11185511,0.033716857,0.0974195,-0.094230175,0.04493647,-0.2534273,-0.030980881,0.16439098,-0.0026599169,-0.17261857,-0.05571475,0.33538482,0.037759844,0.071423985,-0.23132625,-0.21862297,0.95042175,0.36989304,0.002989778,-0.0025846069,-0.015615921,-0.12036697,0.01997271,-1.0349497,-1.0255331,-0.3126201,-0.115486205,0.94332457,-0.4855176,-0.15218574,1.1505045,1.0216005,-0.64998084,0.8912249,0.9773978,-197.64645,179.61359,190.3434,-229.29987,199.50902,30.844442,200.4323,-204.00941,-200.74867,-213.9254,200.12425,199.87854,-0.124204636,-0.11185511,-0.76628315,1.6974195,-0.8942302,0.04493647,-0.2534273,-0.030980881,-0.63560903,1.5973401,-0.9726186,-0.05571475,6.7076964,0.75519687,1.4284797,-4.626525,-4.3724594,19.008434,7.3978605,0.05979556,-0.051692136,-0.3123184,-2.4073393,0.3994542
491,0.077168785,0.13720885,-0.21247979,-0.025590453,-0.06075416,-0.99782467,1.0,0.0,0.0,-0.10825468,-0.11182212,0.03897047,0.039993644,-0.06051886,0.1588979,-0.19962272,-0.028123992,0.17895758,-0.03908336,-0.12156123,0.022507085,-0.12894,-0.029013375,-0.018705558,-0.30689523,0.48488623,0.2583759,0.1993989,0.021794042,0.13620526,-0.31934527,0.56271124,0.69541526,-0.1237671,0.84148264,0.6918995,0.6551152,0.06309724,-0.7634484,-0.63003343,-0.92204845,-0.7560371,1.6228386,0.2850412,-0.5026764,-202.46942,-178.00598,-179.4706,-68.715195,200.51158,-199.70717,-77.46181,195.7155,192.85999,-225.61232,199.8293,199.93997,-0.10825468,-0.11182212,-0.76102954,1.6399937,-0.8605189,0.1588979,-0.19962272,-0.028123992,-0.62104243,1.5609167,-0.92156124,0.022507085,-2.5788,-0.5802675,-0.37411115,-6.137904,9.697724,5.167518,3.987978,0.4358808,2.7241051,-6.386905,11.254225,13.908305
492,0.1011344,0.020634217,0.1814891,-0.022481797,-0.064147085,-0.9976872,1.0,0.0,0.0,-0.12341761,-0.11125592,0.041800678,-0.000942111,-0.009709299,0.12943563,-0.21019053,-0.029551407,0.17426652,-0.05013764,-0.00094908476,0.071712784,-0.047304284,0.02247099,0.029378125,-0.088728026,0.12153981,-0.50148773,-0.24741486,-0.013667585,-0.17370002,0.18844615,0.53667855,-0.12415779,0.7756679,-1.2309542,-0.47290677,-0.38366467,-0.2340878,0.19313751,-0.47121406,0.99186265,0.9241104,1.2197224,-0.4053557,-0.54176474,45.139194,180.16205,173.35583,285.4408,-29.737064,-221.2651,-179.8503,128.27203,-395.7655,240.95483,16.138977,-196.6015,-0.12341761,-0.11125592,-0.75819933,1.5990579,-0.8097093,0.12943563,-0.21019053,-0.029551407,-0.6257335,1.5498624,-0.8009491,0.071712784,-0.94608563,0.4494198,0.5875625,-1.7745605,2.4307961,-10.029755,-4.948297,-0.2733517,-3.4740002,3.7689228,10.733571,-2.4831557
493,0.020278983,0.013331451,-0.16785122,-0.022077907,-0.06646129,-0.9975448,1.0,0.0,0.0,-0.10088937,-0.111000694,0.047740042,0.0030623674,-0.039010525,0.09639482,-0.2882065,-0.023720209,0.14313728,0.00013172626,0.028739393,-0.0319325,0.25441065,-0.0077630766,0.029959856,0.09154012,-0.33398613,0.10597401,-0.42669502,0.06939315,-0.13734563,0.30270395,-0.1694374,-0.8382102,-0.9184406,0.94366443,0.835571,1.1003921,-0.24200556,0.5686242,1.2983284,-1.0856462,-0.7754357,-1.3909898,-0.73533666,0.11272618,119.19992,-38.050232,110.64282,164.31503,-72.706924,131.30032,-5.99542,218.40723,233.57266,192.22636,-199.57533,-199.79501,-0.10088937,-0.111000694,-0.75225997,1.6030624,-0.83901054,0.09639482,-0.2882065,-0.023720209,-0.65686274,1.6001318,-0.7712606,-0.0319325,5.088213,-0.15526153,0.5991971,1.8308023,-6.6797223,2.1194801,-8.5339,1.3878629,-2.7469125,6.054079,-3.388748,-16.764204
494,0.11769581,-0.0820256,0.10683866,-0.023680652,-0.06926761,-0.99731696,1.0,0.0,0.0,-0.0846748,-0.11567407,0.053102612,0.041567802,-0.11541879,0.17897728,-0.3330621,-0.018875945,0.11845696,0.048475027,-0.079188645,-0.120551534,-0.08226664,-0.01911073,0.030112697,0.2481726,-0.34636208,0.6986557,-0.057116717,-0.015775157,-0.11558329,0.19255903,-0.84259653,-0.1200639,-1.0297967,-1.0402546,-0.41781574,-2.1082826,0.9935167,-0.5067279,0.9828868,1.0401224,0.8909013,-1.0837809,0.07049074,0.93800193,-202.18933,197.46786,219.43051,183.94386,45.584625,199.79546,200.06996,-195.1665,-204.58566,-222.73343,-200.1483,200.27289,-0.0846748,-0.11567407,-0.7468974,1.6415678,-0.9154188,0.17897728,-0.3330621,-0.018875945,-0.68154305,1.648475,-0.87918866,-0.120551534,-1.6453328,-0.38221458,0.6022539,4.963452,-6.9272413,13.973114,-1.1423343,-0.31550315,-2.3116658,3.8511806,-16.85193,-2.401278
495,0.15712804,0.031079592,-0.06535722,-0.024322364,-0.07478101,-0.9969033,1.0,0.0,0.0,-0.1488751,-0.12517928,0.048615754,0.07489312,-0.10701829,0.2427177,-0.29500705,-0.015144298,0.11161965,0.054560423,-0.17236221,-0.06868748,-0.51624495,-0.07260647,-0.06738771,0.10210991,0.3599086,0.0077642365,0.39222586,0.044481255,0.033367924,-0.10136288,-0.15808682,0.56962574,0.7565807,0.9240989,0.7123776,-1.5573648,0.67484677,-0.3682333,-0.0028011557,-1.0748773,-0.7382542,-1.0042589,0.35710508,-0.5297186,-194.5798,-217.16342,-232.10732,-229.45815,199.7937,-200.78067,201.69519,187.51396,183.83365,-223.7427,199.63672,199.63634,-0.1488751,-0.12517928,-0.75138426,1.6748931,-0.9070183,0.2427177,-0.29500705,-0.015144298,-0.68838036,1.6545604,-0.9723622,-0.06868748,-10.324899,-1.4521292,-1.3477541,2.0421982,7.198172,0.15528473,7.844517,0.8896251,0.66735846,-2.0272574,-3.1617362,11.392514
496,0.10456426,0.036842767,-0.24574949,-0.022246026,-0.080398224,-0.99651456,1.0,0.0,0.0,-0.20115389,-0.12971206,0.051714182,0.069509745,0.02302587,0.16564775,-0.19407415,-0.0110441,0.11799395,0.018254757,-0.12639737,-0.029137209,-0.03224688,0.035003405,0.018122582,-0.049105637,0.6257607,-0.75107545,0.5045095,0.0008418895,0.032057263,-0.25282952,0.54767275,-0.108571365,0.8901611,-0.99136835,-0.44371358,0.01171523,0.24874994,0.54978216,-1.1468521,0.95747733,0.91993904,1.2687589,0.14912575,-0.3427505,339.00262,378.71646,-473.60944,-11.814377,-166.68434,-262.53156,-41.49783,-240.37665,-186.4744,-210.56406,200.70164,-200.65361,-0.20115389,-0.12971206,-0.74828583,1.6695098,-0.77697414,0.16564775,-0.19407415,-0.0110441,-0.68200606,1.6182548,-0.9263974,-0.029137209,-0.6449376,0.70006806,0.36245164,-0.9821127,12.515213,-15.021508,10.09019,0.016837789,0.6411452,-5.0565906,10.953455,-2.1714272
497,0.054927096,0.0077982508,-0.48009887,-0.02026216,-0.08378767,-0.9962776,1.0,0.0,0.0,-0.1639591,-0.1294868,0.04476303,0.08143318,0.100189686,0.0797688,-0.13525887,-0.004163364,0.12758309,-0.020970106,-0.019492567,-0.11707148,0.35468215,-0.029900594,-0.056402516,0.12490489,0.2991738,-0.16495775,0.12328594,0.060915854,0.060897138,-0.15011065,0.4558824,-0.565517,0.04826457,0.94120336,0.71096385,-0.13182324,-0.7751369,1.0256344,-0.6696261,-1.0148735,-0.7556201,0.039250925,-0.6642758,1.1099461,164.93831,-207.88132,-28.906738,102.20494,-27.682777,166.46634,-199.49919,191.76115,199.74214,180.87834,-57.95354,22.367577,-0.1639591,-0.1294868,-0.755237,1.6814332,-0.6998103,0.0797688,-0.13525887,-0.004163364,-0.6724169,1.5790299,-0.8194926,-0.11707148,7.0936427,-0.59801185,-1.1280503,2.498098,5.9834757,-3.2991548,2.4657187,1.218317,1.2179427,-3.002213,9.117648,-11.31034
498,-0.06497137,0.016812906,-0.0076227905,-0.018878609,-0.083203904,-0.99635375,1.0,0.0,0.0,-0.08665909,-0.1348144,0.055767,0.091870785,0.07096529,0.10615855,-0.15709032,0.002864291,0.12394315,-0.01840198,-0.0075263977,-0.15068026,0.3637096,-0.024837732,0.1426615,-0.014073472,-0.5093759,0.37543997,-0.30561748,0.011490777,-0.07213678,0.102420166,-0.2545738,0.1520768,-1.2460245,-1.2821721,-0.49239135,-0.08190209,-0.022011459,-0.42179194,0.750391,1.1887801,1.0970113,-0.05698292,0.8973833,0.72873765,-63.097466,-2.7841797,280.77884,-67.30388,-231.34058,155.71666,-199.32689,-193.49518,-185.91772,34.040833,-199.94073,200.54897,-0.08665909,-0.1348144,-0.744233,1.6918708,-0.7290347,0.10615855,-0.15709032,0.002864291,-0.67605686,1.581598,-0.8075264,-0.15068026,7.274192,-0.49675465,2.8532298,-0.28146943,-10.187517,7.5087996,-6.1123495,0.22981554,-1.4427356,2.0484033,-5.091476,3.0415359
499,-0.041784156,0.0734782,-0.221183,-0.016566744,-0.08145686,-0.9965391,1.0,0.0,0.0,-0.062129736,-0.14327967,0.07308334,0.0766474,0.020648658,0.105825156,-0.16982748,0.008879624,0.12265432,-0.019881248,0.012956142,-0.044844538,-0.07792783,-0.06450882,0.04333758,-0.13357298,-0.1324156,-0.31347921,0.13639376,0.05304597,0.039822206,-0.0800588,0.4096964,0.84026146,-0.74256057,0.7591361,0.7319861,-0.017160479,0.3994589,-0.413385,0.9537245,-1.0047871,-0.86714303,0.07093543,0.24407947,-0.46407887,-199.73692,-194.10928,-205.08708,-220.21352,35.06812,-199.91632,200.21472,195.82433,195.02614,-38.9447,199.76987,199.99138,-0.062129736,-0.14327967,-0.7269167,1.6766474,-0.77935135,0.105825156,-0.16982748,0.008879624,-0.6773457,1.5801188,-0.78704387,-0.044844538,-1.5585566,-1.2901763,0.86675155,-2.6714594,-2.6483119,-6.269584,2.727875,1.0609194,0.7964441,-1.6011759,8.193928,16.80523
500,-0.12555186,-0.0017178936,-0.0058592735,-0.015096959,-0.07871054,-0.99678314,1.0,0.0,0.0,-0.118718594,-0.1435302,0.082861185,0.052109957,0.034585893,-0.017760796,-0.104948826,0.008955079,0.10847789,0.005633831,0.087381065,0.02476451,-0.44544578,0.077247076,0.00078636874,-0.010450884,-0.0011934297,-0.7488912,0.4861822,0.00012434389,-0.11563486,0.20876852,0.37523106,0.022163885,0.91739297,-1.286127,-0.30834413,0.5353989,0.77974474,0.61206955,-1.3268679,1.0842191,0.9518119,-0.15643373,-0.38051444,-0.29934224,-183.6355,380.08795,13.710495,313.55136,-75.73584,-53.953857,194.44421,-103.391975,-113.69916,56.926117,-19.284399,-197.89023,-0.118718594,-0.1435302,-0.7171388,1.65211,-0.7654141,-0.017760796,-0.104948826,0.008955079,-0.6915221,1.6056339,-0.71261895,0.02476451,-8.9089155,1.5449414,0.015727375,-0.20901768,-0.023868594,-14.977823,9.723644,0.0024868776,-2.3126972,4.17537,7.504621,0.4432777
501,0.010937234,-0.02908237,-0.29802153,-0.015171575,-0.07663711,-0.9969436,1.0,0.0,0.0,-0.1664221,-0.1382104,0.058981717,0.08459103,0.08550155,-0.07985919,-0.05102816,0.0124572,0.10714376,0.01831162,0.08659208,-0.046111356,-0.06786871,-0.020153401,-0.2080132,0.2901515,0.50007474,0.03240615,0.09464822,0.028934805,0.08314618,-0.0546844,-0.3143583,-0.58180565,1.1534239,0.8374063,0.8326067,-0.8718762,-0.71337557,0.94851226,-1.202303,-1.0757824,-0.70794964,-0.6205729,-0.78262275,0.42022216,209.66599,-171.27899,-312.59384,154.30826,166.96838,210.04974,-200.01175,201.71419,198.88893,-217.44043,-200.07422,-34.250523,-0.1664221,-0.1382104,-0.7410183,1.684591,-0.71449846,-0.07985919,-0.05102816,0.0124572,-0.69285625,1.6183116,-0.71340793,-0.046111356,-1.3573742,-0.40306804,-4.160264,5.80303,10.001494,0.648123,1.8929644,0.5786961,1.6629235,-1.093688,-6.2871656,-11.636112
502,-0.057166785,0.07402113,-0.06773829,-0.013503781,-0.0756015,-0.9970467,1.0,0.0,0.0,-0.13350712,-0.13723984,0.040808737,0.115605,0.103488624,0.0014904577,-0.07768243,0.0115552265,0.12141949,-0.007152319,-0.050309896,-0.08620845,0.35564384,0.032312036,0.0090413205,0.03915175,-0.22957496,0.7172624,-0.32154638,-0.031901523,0.062657245,-0.1876093,-0.9874943,0.11182586,-0.74156725,-1.258318,-0.52501214,-0.73850375,-0.6339718,-0.38523716,0.57666206,1.1079366,1.0200061,0.5451462,1.1318494,0.8416511,201.22787,199.28206,188.51176,-222.47403,-200.52794,199.9559,-202.95052,-187.79303,-206.70729,-224.10237,-199.98624,200.8744,-0.13350712,-0.13723984,-0.7591913,1.715605,-0.6965114,0.0014904577,-0.07768243,0.0115552265,-0.6785805,1.5928477,-0.8503099,-0.08620845,7.1128764,0.6462407,0.18082641,0.783035,-4.5914993,14.345247,-6.4309273,-0.63803047,1.2531449,-3.752186,-19.749886,2.2365172
503,-0.0866693,0.048952285,-0.2809066,-0.010633966,-0.07278902,-0.9972906,1.0,0.0,0.0,-0.11057941,-0.13596585,0.035062492,0.112360835,-0.016471565,0.06840482,-0.09359862,0.01184306,0.13525647,-0.03324473,-0.17345494,0.012502501,-0.08235009,-0.013342621,-0.059185155,-0.06227618,-0.9027037,0.021876862,0.11975916,0.027919358,0.073028736,-0.08287398,-0.31154332,0.8051996,-0.6987766,0.7729057,0.7159833,0.3477118,0.26572227,-0.6950239,0.7851611,-0.8947384,-0.767892,-1.0521879,1.1240909,-0.22029045,-200.7198,-189.64397,-198.12207,-220.41365,-200.04846,-199.73674,199.85506,197.91887,195.27014,178.95213,199.95245,199.95111,-0.11057941,-0.13596585,-0.7649375,1.7123609,-0.8164716,0.06840482,-0.09359862,0.01184306,-0.66474354,1.5667553,-0.97345495,0.012502501,-1.6470017,-0.2668524,-1.1837031,-1.2455236,-18.054073,0.43753722,2.395183,0.55838716,1.4605747,-1.6574795,-6.2308664,16.103992
504,-0.024835598,0.02307727,-0.12890781,-0.008500979,-0.07051562,-0.99747443,1.0,0.0,0.0,-0.16932666,-0.13004172,0.021337807,0.10962224,-0.1229583,-0.006030894,-0.030686034,0.014255571,0.14577901,-0.059257865,-0.15696579,0.10068745,-0.46256304,0.06292655,-0.07486588,0.02658003,-0.22938493,-0.69464487,0.43049952,0.02817219,0.02413076,-0.109449945,0.42617866,0.1551271,0.8730768,-1.1545695,-0.53643894,-1.0072873,0.7118186,0.029512484,-1.5323904,1.1579741,1.1406242,1.1959805,0.8240569,-0.15487981,-201.77612,223.08519,219.74088,192.75272,200.3074,-199.35086,71.33266,398.45905,-108.12545,106.45758,230.45361,-164.10901,-0.16932666,-0.13004172,-0.7786622,1.7096223,-0.9229583,-0.006030894,-0.030686034,0.014255571,-0.654221,1.5407422,-0.9569658,0.10068745,-9.251261,1.2585311,-1.4973176,0.5316006,-4.5876985,-13.892898,8.60999,0.5634438,0.48261517,-2.188999,8.523573,3.1025417
505,0.0320088,-0.071798906,-0.3523595,-0.008802222,-0.07038004,-0.99748147,1.0,0.0,0.0,-0.21882135,-0.12828754,0.009022474,0.10329747,-0.09112382,-0.0662308,0.013536043,0.024617884,0.14243382,-0.05789578,-0.0201208,0.04926313,-0.07361848,-0.042876247,-0.049953904,-0.08312269,0.47726735,0.02082887,0.05666844,0.052974015,-0.085751064,0.13986406,0.7123432,-0.54075164,1.1647755,0.7972511,0.7886742,0.6578541,-0.35955653,0.720664,-1.0243123,-0.8649879,-0.8261522,-1.2167512,-0.5255096,0.6350744,200.59035,-184.6766,-201.69966,-217.80934,199.96414,200.27759,-181.5021,-9.005951,-365.41876,189.18465,-40.39122,-68.093414,-0.21882135,-0.12828754,-0.79097754,1.7032975,-0.89112383,-0.0662308,0.013536043,0.024617884,-0.6575662,1.5421042,-0.8201208,0.04926313,-1.4723696,-0.85752493,-0.99907804,-1.6624539,9.545347,0.41657737,1.1333688,1.0594803,-1.7150213,2.797281,14.246864,-10.815032
506,0.01970701,0.029028941,-0.15320249,-0.0086737685,-0.07149826,-0.9974029,1.0,0.0,0.0,-0.1866455,-0.13181674,0.0061831474,0.098456025,-0.07321936,0.0142851565,-0.024367297,0.02688684,0.12416065,-0.030421019,0.038519204,0.010077641,0.35254404,0.0017167408,0.016044764,0.0247052,-0.22791234,0.71478736,-0.38712487,-0.019351473,-0.093298726,0.12500158,-0.027799452,0.09748978,-0.39897823,-1.1999366,-0.50233424,-1.3153675,0.20209926,-0.018882256,0.15854228,1.1725906,0.9540471,0.13129309,-0.34000194,0.5216334,200.47925,199.72537,196.83165,181.46454,-200.26418,199.93301,-208.06409,-191.60985,-42.640823,-72.33951,-205.31644,189.95552,-0.1866455,-0.13181674,-0.79381686,1.698456,-0.8732194,0.0142851565,-0.024367297,0.02688684,-0.67583936,1.569579,-0.7614808,0.010077641,7.0508804,0.034334816,0.32089528,0.494104,-4.5582466,14.295747,-7.7424974,-0.38702947,-1.8659744,2.5000315,-0.555989,1.9497956
507,0.03571441,-0.023121016,-0.36861897,-0.008037595,-0.07267232,-0.9973235,1.0,0.0,0.0,-0.16284043,-0.13606954,0.0011588335,0.09073043,-0.041616917,0.081017785,-0.053875785,0.02817639,0.11084765,0.003300786,-0.04259658,0.10567516,-0.071932934,-0.03921474,-0.059702914,-0.09154288,0.458526,0.022002025,0.047443476,0.026184443,-0.038271546,0.184005,-0.6596052,0.7892551,-1.1660982,0.8081659,0.8106909,-0.1607826,0.26727277,-1.0331628,1.1048864,-0.9636142,-0.83678484,-0.9915709,0.10898661,-0.834312,-200.03749,-189.43541,-197.52596,-216.43542,145.28706,-199.8753,199.84285,199.53336,206.69006,80.365326,-64.14183,199.95734,-0.16284043,-0.13606954,-0.7988412,1.6907305,-0.8416169,0.081017785,-0.053875785,0.02817639,-0.68915236,1.6033008,-0.8425966,0.10567516,-1.4386587,-0.78429484,-1.1940583,-1.8308575,9.17052,0.44004047,0.9488695,0.52368885,-0.7654309,3.6801,-13.192104,15.785101
508,-0.022291444,0.06737662,-0.15449163,-0.0063089416,-0.07327257,-0.99729204,1.0,0.0,0.0,-0.22190101,-0.13078985,0.002318859,0.042072654,0.07010329,0.008010473,-0.002319422,0.02996701,0.09774834,0.023702025,-0.09698427,0.19030382,-0.4715604,0.08704721,0.040430076,-0.28633517,0.38989997,-0.6298413,0.43056795,-0.002313091,-0.08966253,0.035121698,0.045114275,0.12374683,1.0073895,-1.1333588,0.16781357,0.9477171,-0.17458299,1.1072097,-1.0723497,0.8693434,0.06516911,-0.9217552,0.32474792,-0.7084815,-212.41524,302.71796,566.5559,1001.39435,-428.50275,-14.326935,199.7448,-227.52354,-199.27963,-213.2826,200.09949,-200.59816,-0.22190101,-0.13078985,-0.79768115,1.6420727,-0.7298967,0.008010473,-0.002319422,0.02996701,-0.7022517,1.623702,-0.8969843,0.19030382,-9.431208,1.7409441,0.8086015,-5.726703,7.7979994,-12.596827,8.611359,-0.046261817,-1.7932506,0.70243394,0.90228546,2.4749365
509,-0.06917326,-0.19952542,0.047064357,-0.010056392,-0.071097,-0.99741876,1.0,0.0,0.0,-0.26402128,-0.12630914,0.025343955,0.014685988,0.04666114,-0.028453434,0.036887657,0.039152,0.095722556,0.011113405,-0.011851132,0.1365953,-0.0034561714,-0.029590635,0.1742395,-0.0677375,-0.42345235,0.14733158,0.0043521128,0.08385397,0.038822666,-0.13607271,0.71159756,-0.5897586,1.0178448,0.8017229,-0.29166633,0.4779542,-0.3174644,0.67568725,-1.2398064,-0.8781296,0.322756,0.08281733,-0.32162428,0.24943942,200.12427,-204.09357,139.83174,180.83836,-123.782745,199.9601,-200.0385,192.10243,-82.7143,-219.99704,111.54026,-200.23473,-0.26402128,-0.12630914,-0.77465606,1.614686,-0.7533389,-0.028453434,0.036887657,0.039152,-0.70427746,1.6111134,-0.81185114,0.1365953,-0.069123425,-0.5918127,3.4847898,-1.3547499,-8.469047,2.9466314,0.08704225,1.6770793,0.7764533,-2.7214541,14.231951,-11.795171
510,0.037667032,-0.16658305,-0.25621805,-0.016889587,-0.07074238,-0.99735165,1.0,0.0,0.0,-0.22264145,-0.1309602,0.04175371,0.03363955,-0.07998371,0.076815136,-0.004987294,0.044612937,0.10588086,0.0012085438,0.046999097,0.09285498,0.3797807,-0.016039848,0.006415171,0.22421537,-0.6261545,0.83594525,-0.3837777,-0.019031828,0.061774768,0.017580122,-0.05526125,0.08378731,-0.30121672,-1.0981531,0.35951817,-1.1603731,0.4142375,-0.20298514,0.7983809,1.108826,-0.8016088,-0.6506775,0.1290217,1.2296401,199.41954,230.43292,-193.75456,181.2597,61.69531,200.37534,-199.36679,-222.18994,189.70915,136.39793,-202.93866,199.2486,-0.22264145,-0.1309602,-0.7582463,1.6336396,-0.8799837,0.076815136,-0.004987294,0.044612937,-0.69411916,1.6012086,-0.7530009,0.09285498,7.595614,-0.32079697,0.12830342,4.4843073,-12.523089,16.718904,-7.675554,-0.38063657,1.2354953,0.35160244,-1.105225,1.6757461
511,0.024288047,-0.18926306,0.019386396,-0.023855524,-0.07210859,-0.99711156,1.0,0.0,0.0,-0.18959685,-0.13778411,0.06055838,0.043996334,-0.12991703,0.16845219,-0.042700525,0.034003448,0.106806576,0.021897435,0.05110091,0.15186077,-0.010218983,-0.050035562,0.16297832,-0.08670964,0.058292266,0.14954416,-0.029713145,-0.080913566,-0.030471874,0.15308572,0.0701934,0.48148423,-0.7586397,0.7667053,-0.70159554,-0.5164504,0.56609404,-0.9734594,-0.07419587,-0.95818454,0.8411623,0.62542874,0.015954114,-0.59884965,-199.55727,-193.72734,200.72672,-216.87672,199.99893,-199.99648,186.12285,-197.26086,-21.94159,110.42589,21.570312,119.68271,-0.18959685,-0.13778411,-0.73944163,1.6439964,-0.92991704,0.16845219,-0.042700525,0.034003448,-0.69319344,1.6218975,-0.7488991,0.15186077,-0.20437965,-1.0007112,3.2595663,-1.7341927,1.1658453,2.990883,-0.5942629,-1.6182712,-0.60943747,3.0617144,1.403868,9.629684
512,0.044811986,-0.17940728,-0.019460917,-0.031089596,-0.07364809,-0.9967996,1.0,0.0,0.0,-0.24337073,-0.14031175,0.082689285,0.014489889,-0.043624103,0.11897179,-0.05444515,0.0124406675,0.10205144,0.065495014,0.040863216,0.17431545,-0.46928507,0.02653726,0.04177912,-0.1519668,0.6198141,-0.59356874,-0.065671675,-0.13363247,-0.015699673,0.26334986,-0.07100403,-0.19205116,1.0220413,-1.0730015,0.28412214,0.91595346,0.14569795,-0.23452032,-0.14081079,0.90542996,-1.1346521,-1.1003671,-0.6318502,-0.9340247,-76.25955,560.8292,-682.80334,213.6709,-218.5776,-266.84793,17.20221,-227.08443,200.75392,176.43642,10.4042635,-200.76483,-0.24337073,-0.14031175,-0.7173107,1.6144899,-0.8436241,0.11897179,-0.05444515,0.0124406675,-0.6979486,1.665495,-0.7591368,0.17431545,-9.385701,0.5307452,0.8355824,-3.039336,12.396282,-11.871374,-1.3134334,-2.6726494,-0.31399345,5.266997,-1.4200807,-3.841023
513,-0.05155892,-0.23873225,0.033609483,-0.039581504,-0.07350721,-0.99650896,1.0,0.0,0.0,-0.28444287,-0.13418306,0.08367753,0.021677852,0.008179903,-0.005333951,-0.080673195,-0.003972829,0.09985256,0.10593283,-0.047352195,0.0580658,-0.009083726,0.022646876,-0.039061643,0.18614703,0.13488923,-0.5261136,-0.14518027,-0.034717664,-0.0054342384,0.15222745,-0.74396014,-0.89872617,1.1239343,0.7607138,0.9977025,-0.210908,-0.9744606,0.27505228,-0.52560747,-1.2101165,-1.4973717,-1.7510604,0.33175355,0.27712497,223.49252,-137.32344,-196.8327,183.051,-2.0374298,49.73127,2.6957865,186.40182,-205.48047,-226.02097,-200.29573,-200.25699,-0.28444287,-0.13418306,-0.7163225,1.6216779,-0.7918201,-0.005333951,-0.080673195,-0.003972829,-0.70014745,1.7059329,-0.8473522,0.0580658,-0.18167453,0.4529375,-0.78123283,3.7229407,2.6977847,-10.522272,-2.9036052,-0.6943533,-0.10868476,3.044549,-14.879203,-17.974524
514,-0.13112433,-0.12694174,0.22937027,-0.046827108,-0.06927587,-0.996498,1.0,0.0,0.0,-0.24005607,-0.12561955,0.09735644,0.033202887,-0.054301918,-0.035139583,-0.1554912,-0.018638002,0.09196091,0.1203264,-0.11847937,-0.04533106,0.41333303,0.06650647,0.15996908,-0.056607015,-0.65970576,0.1587197,-0.562612,-0.10528525,-0.06825284,0.008045857,-0.038024314,-0.20482028,-0.73010004,-0.95118815,-0.7616415,-0.11824733,0.59771466,0.6016101,0.870173,0.9087714,0.49007487,-1.454898,0.7007138,1.3728446,201.83984,165.3024,140.49477,-218.23999,-217.82391,196.57312,-200.5767,-177.04121,-247.7393,-238.04272,199.16232,200.5777,-0.24005607,-0.12561955,-0.7026436,1.6332029,-0.8543019,-0.035139583,-0.1554912,-0.018638002,-0.7080391,1.7203264,-0.9184794,-0.04533106,8.266661,1.3301293,3.1993814,-1.1321403,-13.194115,3.174394,-11.25224,-2.105705,-1.3650568,0.16091713,-0.76048625,-4.0964055
515,-0.05197927,-0.119468786,0.04795543,-0.052259885,-0.06552733,-0.9964814,1.0,0.0,0.0,-0.20474483,-0.123184696,0.12032294,0.008762598,-0.110491395,0.0726552,-0.21932265,-0.034014557,0.09720904,0.09052575,-0.05061972,-0.010219871,-0.01836236,-0.031930182,0.07190783,-0.16726458,0.035540063,0.8499324,-0.11939766,-0.054791626,0.10437228,-0.27765816,0.64819586,0.48685718,-0.8837526,0.7627714,0.43382895,1.3279262,0.39257026,-0.69781846,1.0968206,-0.9764471,-0.9358667,-0.62444633,-0.045658,-0.8421737,-200.49014,-195.3112,-196.8866,-134.36295,200.03246,200.0373,198.61777,208.2941,201.0048,-221.26332,200.11334,200.13075,-0.20474483,-0.123184696,-0.67967707,1.6087626,-0.9104914,0.0726552,-0.21932265,-0.034014557,-0.702791,1.6905258,-0.85061973,-0.010219871,-0.3672472,-0.6386036,1.4381566,-3.3452916,0.71080124,16.998648,-2.3879533,-1.0958325,2.0874455,-5.553163,12.963917,9.7371435
516,-0.027597047,-0.15612037,0.30789244,-0.058422886,-0.06359401,-0.99626434,1.0,0.0,0.0,-0.24004094,-0.12889731,0.120832145,0.004148364,-0.06175047,0.14479148,-0.20658827,-0.049771696,0.12003666,0.022321582,0.0056470037,0.013789249,-0.31443694,-0.0092554735,-0.07352594,0.09253557,0.32619083,-0.02582546,0.2157795,-0.097463325,0.12568896,-0.39554992,0.001319709,-0.18018982,0.81963575,-1.0421528,-0.9979335,-0.18411475,-0.21451959,-0.60141003,-0.5515545,1.0958767,0.5477406,1.491209,-0.79312116,-0.46851155,-121.3146,227.24406,-199.77477,125.61463,66.01161,-222.97406,198.36983,-193.0888,-147.03949,-205.49706,-136.57132,-199.9967,-0.24004094,-0.12889731,-0.67916787,1.6041484,-0.8617505,0.14479148,-0.20658827,-0.049771696,-0.67996335,1.6223216,-0.794353,0.013789249,-6.2887387,-0.18510947,-1.4705188,1.8507113,6.5238166,-0.5165092,4.31559,-1.9492664,2.513779,-7.9109983,0.02639418,-3.6037962
517,-0.06092691,-0.19029701,0.071547106,-0.065454,-0.061342508,-0.99596834,1.0,0.0,0.0,-0.26402482,-0.13342108,0.10917479,0.015377879,-0.07155067,0.06539696,-0.20364958,-0.061717723,0.14813459,-0.04404831,-0.0707165,-0.09868717,0.040640805,-0.036831956,-0.040594157,0.014432313,-0.28129813,-0.6983256,-0.14447545,-0.027497662,0.14213954,-0.21537097,-0.6569386,-0.78972226,0.8712609,0.795571,0.29472077,-0.14593992,-0.2949475,0.73137206,-0.32349837,-1.1088929,-1.0278747,-0.3769163,0.06934594,0.6468912,199.8049,-199.97896,-198.34557,-218.77144,-68.30631,-200.06549,-227.06105,354.60965,897.9153,1294.4525,-45.500504,53.126587,-0.26402482,-0.13342108,-0.6908252,1.6153779,-0.8715507,0.06539696,-0.20364958,-0.061717723,-0.6518654,1.5559517,-0.8707165,-0.09868717,0.8128161,-0.73663914,-0.8118831,0.28864625,-5.6259623,-13.966512,-2.889509,-0.5499532,2.8427908,-4.3074193,-13.138772,-15.794445
518,-0.124353945,-0.24240884,0.0060451184,-0.07411303,-0.057582583,-0.99558604,1.0,0.0,0.0,-0.20451269,-0.13156204,0.12790948,-0.006023884,-0.15000653,0.007623951,-0.2437402,-0.07131709,0.16710073,-0.057737708,-0.10406917,-0.15506786,0.50582117,0.05955444,0.17619823,-0.12118933,-0.3441251,0.09869671,-0.21422963,-0.07172543,0.077960074,-0.041185062,0.19402327,0.07832494,-0.7325315,-1.1041852,-0.5381584,0.32423812,0.5795667,0.6083065,0.95527637,0.8775303,-0.26679724,0.87957007,-0.115923174,0.44401085,181.81856,320.8555,251.1412,178.10495,43.10203,260.13892,20.352781,-214.82684,-164.97136,-103.82195,213.2957,211.22916,-0.20451269,-0.13156204,-0.67209053,1.5939761,-0.95000654,0.007623951,-0.2437402,-0.07131709,-0.6328993,1.5422623,-0.9040692,-0.15506786,10.116423,1.1910888,3.5239646,-2.4237866,-6.8825016,1.9739342,-4.2845926,-1.4345086,1.5592015,-0.8237012,3.8804653,1.5664988
519,-0.057510357,0.29626626,0.08776154,-0.07215114,-0.054045282,-0.9959284,1.0,0.0,0.0,-0.1512744,-0.12847795,0.11902821,0.003226757,-0.14178216,0.10246898,-0.24051283,-0.07710554,0.14886117,-0.031247258,-0.100100935,-0.06273846,0.07747605,-0.030447055,-0.22609203,0.18794055,0.35655195,0.7684198,0.20230427,0.006992077,-0.23081993,0.2703681,-0.029501146,0.77469224,-1.0261527,0.77313596,0.13283902,-0.92260224,-0.20973313,-0.7265079,0.7460432,-0.87828577,0.7594379,-1.869071,-0.46184477,-0.49830833,-177.56854,-317.19354,-210.0368,208.93681,201.7575,183.07784,200.63007,173.28027,-207.9908,174.6597,-9.369541,199.62679,-0.1512744,-0.12847795,-0.6809718,1.6032268,-0.9417822,0.10246898,-0.24051283,-0.07710554,-0.65113884,1.5687528,-0.90010095,-0.06273846,1.549521,-0.6089411,-4.5218406,3.758811,7.1310387,15.368396,4.0460854,0.13984154,-4.6163983,5.407362,-0.5900229,15.493845
520,-0.102259584,-0.16062953,0.09257575,-0.071291834,-0.050333798,-0.9961847,1.0,0.0,0.0,-0.17608045,-0.1302013,0.103300095,0.014510155,-0.13534105,0.17241295,-0.15576357,-0.082021505,0.14263147,-0.009766936,-0.17956829,0.018544404,-0.27552307,-0.006665156,0.014666729,-0.013272429,-0.12196399,-0.023522528,0.6054943,-0.04583315,0.123458914,-0.024796695,-0.6331524,0.10509559,0.8052695,-1.1261717,0.3299427,-1.1469352,-0.6498083,-0.38495782,-0.7173818,0.86044556,-0.53321385,-1.493416,-0.15012732,-0.75602126,-154.26114,-138.34325,187.52734,24.258316,-23.243347,-262.70898,197.06711,-159.1029,235.6412,-198.48894,-50.903625,-199.75262,-0.17608045,-0.1302013,-0.6966999,1.6145102,-0.93534106,0.17241295,-0.15576357,-0.082021505,-0.65736854,1.5902331,-0.9795683,0.018544404,-5.5104613,-0.13330312,0.29333457,-0.26544857,-2.4392798,-0.47045055,12.109886,-0.91666305,2.4691782,-0.4959339,-12.663048,2.1019118
521,-0.10836897,-0.23560207,0.19832891,-0.079125196,-0.04568365,-0.9958173,1.0,0.0,0.0,-0.20349437,-0.12569216,0.12900293,0.0059319735,-0.22120816,0.098062605,-0.084445976,-0.08329435,0.16462487,-0.028240323,-0.22787672,-0.037304778,-0.027953181,0.05289662,0.22522067,-0.071744196,-0.6873525,-0.65245,0.14715223,0.034939323,0.089310005,-0.082010515,0.08871411,-0.5435994,0.9530634,0.8228608,-0.8081267,0.4514851,0.10191935,0.07332738,-0.83936,-1.0059135,0.7771629,-0.46604598,0.39854062,-0.09633446,81.93417,175.6133,381.90808,89.43242,-162.971,-180.54193,-262.1603,471.9099,113.45067,390.11536,198.44461,-102.17896,-0.20349437,-0.12569216,-0.6709971,1.605932,-1.0212082,0.098062605,-0.084445976,-0.08329435,-0.63537514,1.5717597,-1.0278767,-0.037304778,-0.5590636,1.0579324,4.504413,-1.4348838,-13.747049,-13.049001,2.9430447,0.69878644,1.7862,-1.6402103,1.7742821,-10.871988
522,0.07595422,-0.32373226,-0.18886913,-0.090408206,-0.04548833,-0.9948654,1.0,0.0,0.0,-0.1621606,-0.11320895,0.1588828,0.020033121,-0.28168577,0.04171251,-0.09646672,-0.092636585,0.18101817,-0.04364431,-0.13554454,-0.07423517,0.39896756,0.07608547,0.086279705,0.188403,0.012830715,-0.017739085,-0.22761284,-0.118623905,0.075191006,-0.0911009,0.7584341,-0.043931287,-0.14837599,-0.91888696,-0.0053370576,-0.78298205,0.38431776,0.83924854,0.2638674,0.8979695,-0.6008196,1.1737803,-0.58668554,0.29530647,194.78348,268.7317,-213.14058,176.737,200.0512,106.34722,-170.91147,-297.4777,-83.83362,-76.99521,189.60408,30.390936,-0.1621606,-0.11320895,-0.6411172,1.6200331,-1.0816858,0.04171251,-0.09646672,-0.092636585,-0.61898184,1.5563557,-0.93554455,-0.07423517,7.979351,1.5217094,1.725594,3.7680597,0.2566143,-0.3547817,-4.5522566,-2.372478,1.5038201,-1.822018,15.168682,-0.8786257
523,0.018197738,0.24174103,-0.21095307,-0.090682276,-0.048010133,-0.994722,1.0,0.0,0.0,-0.12869875,-0.1037555,0.15168846,0.044983983,-0.20207185,0.11468401,-0.09577471,-0.105727285,0.16441607,-0.030225873,-0.059152365,-0.0072029573,0.028992012,0.022980168,-0.1334472,0.07281072,0.71351707,0.67907655,0.193433,-0.021138825,-0.21075776,0.19617122,0.07353436,0.6220519,-0.83032876,0.8752344,0.11742146,-0.9310438,-0.29064977,-0.8929372,0.59575796,-0.89799637,0.61842954,-1.5676649,-1.1701144,-0.7716037,-76.26038,-199.11554,-202.06528,-221.51862,200.06396,199.92702,200.65437,181.22206,-201.84181,179.3286,-200.12762,118.680176,-0.12869875,-0.1037555,-0.64831156,1.644984,-1.0020719,0.11468401,-0.09577471,-0.105727285,-0.63558394,1.5697742,-0.8591524,-0.0072029573,0.57984024,0.45960337,-2.668944,1.4562143,14.270341,13.581531,3.86866,-0.4227765,-4.215155,3.9234245,1.4706873,12.441038
524,0.047808506,0.017563585,-0.3188405,-0.086023845,-0.05012993,-0.9950311,1.0,0.0,0.0,-0.16552064,-0.09468457,0.14080763,0.035108924,-0.13474059,0.17173995,-0.011366042,-0.11524247,0.15641683,-0.023553967,-0.1206485,0.043688353,-0.36094543,0.0630308,-0.002644044,-0.14248006,0.029232789,-0.03688461,0.6115406,-0.069149844,0.095323905,-0.09894868,-0.6191444,-0.046454392,0.7834308,-1.0886627,0.6191952,-0.37526238,-0.83263505,-0.6721061,-0.9464541,0.9872433,-0.64852226,-0.76698667,-0.12266225,-0.805653,-204.4816,214.2127,0.06528854,-200.85509,-199.04816,-199.80727,196.14214,-197.46098,250.62816,-192.59326,-198.60294,-200.47417,-0.16552064,-0.09468457,-0.6591924,1.635109,-0.9347406,0.17173995,-0.011366042,-0.11524247,-0.6435832,1.576446,-0.9206485,0.043688353,-7.2189083,1.2606161,-0.052880883,-2.8496013,0.58465576,-0.7376922,12.230812,-1.3829968,1.906478,-1.9789736,-12.382888,-0.9290878
525,-0.004372633,-0.0883645,-0.18630522,-0.08580349,-0.05173217,-0.9949682,1.0,0.0,0.0,-0.19671616,-0.08337747,0.16696703,-0.020971298,-0.20365101,0.09025623,0.059271026,-0.11975985,0.1703642,-0.049940467,-0.16467625,-0.03739161,-0.01636478,0.064815186,0.22547774,-0.298735,-0.6113597,-0.73643047,0.14040855,0.030510012,0.052629597,-0.0635706,0.089069985,-0.6314015,0.9135684,0.887214,-0.7521343,1.1399386,-0.05599469,-0.18209574,-1.014383,-0.98997754,0.9090096,1.3356757,0.5099248,0.09124003,47.691544,221.26611,492.0672,592.5962,-120.378395,-233.78217,-250.64252,342.19202,243.17473,393.11768,122.362015,-125.573044,-0.19671616,-0.08337747,-0.633033,1.5790287,-1.003651,0.09025623,0.059271026,-0.11975985,-0.6296358,1.5500596,-0.96467626,-0.03739161,-0.32729557,1.2963037,4.509555,-5.9747,-12.227194,-14.728609,2.8081708,0.6102002,1.0525919,-1.2714119,1.7813997,-12.62803
526,0.067216046,-0.10328942,-0.38761926,-0.08903464,-0.054242197,-0.99455035,1.0,0.0,0.0,-0.15077876,-0.06698922,0.18910629,-0.037711024,-0.24626106,-0.02460595,0.047554925,-0.12566254,0.17373294,-0.047108173,-0.074011564,-0.0859744,0.42584762,0.10519353,0.008787087,0.07954464,0.09547263,-0.43756172,-0.21784066,-0.078894995,-0.007747464,0.07269838,0.75443786,0.07122649,-0.027241088,-1.0877262,0.20523909,-0.42657053,-0.0083729625,0.814455,-0.1063695,0.8033601,-0.9517598,-0.5587597,-0.36000127,0.29697546,196.68628,229.59547,-258.57895,170.67575,197.09477,70.31761,-195.7807,-214.96657,182.83315,175.02446,199.7928,199.48712,-0.15077876,-0.06698922,-0.6108937,1.562289,-1.0462611,-0.02460595,0.047554925,-0.12566254,-0.6262671,1.5528919,-0.8740116,-0.0859744,8.5169525,2.1038706,0.17574173,1.5908928,1.9094524,-8.751234,-4.356813,-1.5778998,-0.15494928,1.4539675,15.088757,1.4245298
527,0.012569728,0.06824807,-0.05793398,-0.08922611,-0.05623067,-0.9944229,1.0,0.0,0.0,-0.08994598,-0.056766067,0.18611205,-0.033260107,-0.17541575,-0.031356458,-0.010101548,-0.13521874,0.16641301,-0.04752922,0.0027976036,0.00025716875,0.22844663,0.006620828,-0.016380204,-0.0429025,0.42151418,0.28822908,-0.289896,-0.018052174,-0.05538577,-0.061961498,0.081395775,0.66446894,-1.1618488,0.9500705,-0.3122778,0.2671882,-0.33155632,-0.1581835,0.85372066,-0.903037,0.74258626,0.30384064,-1.2196475,-0.8552402,-40.146446,-335.39536,2.6013947,-151.51222,-21.27906,197.71353,49.613636,221.97696,-199.56662,-214.72359,-199.58633,54.907852,-0.08994598,-0.056766067,-0.61388797,1.5667399,-0.97541577,-0.031356458,-0.010101548,-0.13521874,-0.633587,1.5524708,-0.7972024,0.00025716875,4.5689325,0.13241656,-0.32760406,-0.85805,8.430284,5.7645817,-5.79792,-0.36104348,-1.1077154,-1.2392299,1.6279155,13.289379
528,0.04339124,0.048529193,-0.2541351,-0.08658645,-0.057969697,-0.9945563,1.0,0.0,0.0,-0.08643166,-0.05164244,0.16174698,-0.004556775,-0.16265643,-0.04401162,-0.018432708,-0.14263447,0.16241139,-0.0431509,-0.058440924,0.059672926,-0.15701443,0.041892916,-0.20943025,0.2844049,-0.23592591,-0.25232086,0.16268632,-0.05425442,0.009352945,0.09045886,-0.6234962,-0.0037442415,0.13147941,-1.1136605,0.87382746,-1.8482866,-0.44706213,-0.5404268,0.5311115,0.9531764,-0.8300054,-1.4277375,0.005364798,-0.84417105,-200.58556,222.4429,-196.63972,181.16315,-190.26817,-27.601738,198.94328,-197.74814,208.55185,187.48383,-199.86249,-200.0607,-0.08643166,-0.05164244,-0.63825303,1.5954432,-0.96265644,-0.04401162,-0.018432708,-0.14263447,-0.6375886,1.5568491,-0.85844094,0.059672926,-3.1402886,0.8378583,-4.188605,5.688098,-4.7185183,-5.046417,3.2537262,-1.0850884,0.1870589,1.8091773,-12.469923,-0.07488483
529,-0.011159603,0.074881375,-0.6088924,-0.08292326,-0.060121153,-0.9947407,1.0,0.0,0.0,-0.07119113,-0.044273775,0.14053899,0.019293666,-0.25712723,-0.16624856,0.05684151,-0.1422162,0.16875196,-0.04028511,-0.105467856,-0.017574802,0.26849297,0.029982284,-0.023661066,-0.016263386,-0.4976771,-0.8476945,0.551759,0.04986447,0.04986229,-0.047203153,0.08287994,-0.6992748,0.41153976,0.93428254,-0.3199395,-1.1014023,0.5107846,0.5769739,-1.0213505,-0.9056073,1.0829016,-0.8053091,0.43589354,0.19248109,201.23955,-210.50833,195.29247,-221.94926,44.847042,-57.055332,201.1665,204.28345,-206.85625,-216.5508,200.51068,-199.93932,-0.07119113,-0.044273775,-0.659461,1.6192937,-1.0571272,-0.16624856,0.05684151,-0.1422162,-0.63124806,1.5597149,-0.90546787,-0.017574802,5.369859,0.5996457,-0.4732213,-0.3252677,-9.953542,-16.95389,11.03518,0.9972894,0.99724585,-0.94406307,1.6575987,-13.985496
530,0.10699554,0.035488702,-0.81945866,-0.07864206,-0.06419081,-0.9948342,1.0,0.0,0.0,0.028098091,-0.03189767,0.13193804,0.018585205,-0.27168852,-0.24897745,0.12631322,-0.14434588,0.18407094,-0.068472624,-0.021167755,-0.07042197,0.69321364,0.06880507,-0.05740559,-0.011739407,0.2584613,-0.08147191,0.17981671,-0.06821113,0.052325435,-0.11004623,0.5129761,0.16406213,-0.49190956,-1.0657023,0.68254614,0.3672644,-0.29978573,1.0517887,-0.86253846,0.9566995,-0.8322563,1.5039082,-1.0025686,0.03292045,216.88968,92.20997,-265.057,-156.53607,198.50339,198.52098,-197.25514,-237.8072,145.47122,373.57623,-146.80165,312.90076,0.028098091,-0.03189767,-0.668062,1.6185852,-1.0716885,-0.24897745,0.12631322,-0.14434588,-0.61592907,1.5315274,-0.82116777,-0.07042197,13.864273,1.3761014,-1.1481118,-0.23478813,5.1692257,-1.6294382,3.5963342,-1.3642225,1.0465087,-2.2009246,10.2595215,3.2812426
531,0.055928677,-0.043929745,-0.07725498,-0.07799946,-0.068504095,-0.9945971,1.0,0.0,0.0,0.11627093,-0.026175067,0.1250956,0.03177929,-0.26959532,-0.18810041,0.10929083,-0.15310457,0.17053771,-0.050124645,0.0014689565,-0.03193456,0.23454824,-0.0023076357,-0.017676683,0.12781428,-0.06836703,0.61940724,-0.30754814,-0.021583559,-0.1707911,0.2354871,-0.19875558,0.16823539,-1.1149229,0.9094552,-0.62775034,-1.7702761,0.1792531,-0.47895595,0.01581549,-0.9269768,0.8485161,-0.8703793,-0.5523805,-0.57233036,-200.82007,-194.10501,200.1185,183.59698,-6.508464,200.2572,-198.69432,216.83385,-204.84727,182.05537,-199.93132,-16.005169,0.11627093,-0.026175067,-0.6749044,1.6317793,-1.0695953,-0.18810041,0.10929083,-0.15310457,-0.6294623,1.5498754,-0.79853106,-0.03193456,4.6909647,-0.046152715,-0.35353366,2.5562854,-1.3673406,12.3881445,-6.150963,-0.43167117,-3.415822,4.709742,-3.9751115,3.3647077
532,0.119728535,-0.0014676128,-0.08675505,-0.07852207,-0.07243007,-0.9942777,1.0,0.0,0.0,0.117468975,-0.02215927,0.11799985,0.041775703,-0.20600396,-0.14334695,0.06482503,-0.16329636,0.15888375,-0.036155462,-0.11435342,-0.0726647,-0.18087713,0.039066546,-0.048691794,-0.013568706,0.63431144,-0.09996408,-0.16380976,-0.07595902,0.032321863,-0.06633016,-0.8872631,-0.5082348,-0.5745477,-1.2036184,0.7285385,-1.3862818,-0.22294116,-0.7853058,0.9334307,0.84713346,-0.8527944,-0.077668145,-0.08605753,-0.034474194,-199.95923,204.7446,-191.34242,-213.74126,200.25632,-199.94266,48.224182,-195.27637,181.59894,-227.66512,-187.88022,-199.5961,0.117468975,-0.02215927,-0.68200016,1.6417757,-1.006004,-0.14334695,0.06482503,-0.16329636,-0.64111626,1.5638446,-0.91435343,-0.0726647,-3.6175425,0.7813309,-0.9738359,-0.2713741,12.686229,-1.9992816,-3.276195,-1.5191803,0.6464372,-1.326603,-17.745262,-10.164696
533,0.028225938,-0.007908111,0.1692665,-0.0779393,-0.07539504,-0.9941032,1.0,0.0,0.0,0.033719443,-0.019022895,0.12671214,0.0123176575,-0.15367049,-0.23838769,0.07475147,-0.16965158,0.1630637,-0.038864136,-0.20722848,-0.09921368,-0.59974426,-0.008685708,0.09281527,-0.13970421,0.010143701,-0.74714553,0.21536008,0.010945099,0.027201915,0.009592476,-0.12623753,0.09867402,0.6720558,0.91262096,-0.6386111,-0.461339,-0.81281304,0.658065,-0.42618537,-0.8905235,1.0344771,0.51799375,0.62087643,0.6789113,-149.15602,-414.61102,388.04175,741.71625,-80.18225,-140.50055,198.96797,203.88223,-190.78073,-89.56381,201.02652,64.45536,0.033719443,-0.019022895,-0.67328787,1.6123177,-0.9536705,-0.23838769,0.07475147,-0.16965158,-0.6369363,1.5611359,-1.0072285,-0.09921368,-11.9948845,-0.17371416,1.8563054,-2.794084,0.20287402,-14.94291,4.3072014,0.21890199,0.5440383,0.19184953,-2.5247505,1.9734803
534,-0.078314394,-0.058109023,0.2122975,-0.08042035,-0.07328348,-0.9940634,1.0,0.0,0.0,-0.024922738,-0.019063171,0.14332879,0.010713816,-0.20313805,-0.30957952,0.07911648,-0.17297164,0.1643936,-0.02489996,-0.15820163,-0.002798856,-0.056892056,0.01567187,0.08515405,0.050360452,-0.47682714,-0.04250955,-0.13393159,-0.043792732,-0.014680269,0.11712086,0.5489096,0.7954189,1.1703949,-1.1264272,0.52291507,0.78340286,-0.31236964,1.1120147,-0.65947324,0.84509194,-1.0300817,-1.0489702,-0.06539554,-0.7640268,236.6475,65.63587,77.93704,98.73964,-152.80336,197.5134,-199.14412,-203.77931,201.28165,180.50294,200.15907,199.87358,-0.024922738,-0.019063171,-0.6566712,1.6107138,-1.0031381,-0.30957952,0.07911648,-0.17297164,-0.6356064,1.5751001,-0.95820165,-0.002798856,-1.1378411,0.31343737,1.7030809,1.0072091,-9.536543,-0.85019094,-2.6786318,-0.8758546,-0.2936054,2.3424172,10.978191,15.908378
535,-0.012673175,-0.105161786,0.34294093,-0.08478809,-0.07046893,-0.9939039,1.0,0.0,0.0,0.005249631,-0.022280138,0.16018504,0.03638494,-0.25741917,-0.23636469,-0.0007544014,-0.17806944,0.15538561,-0.015143037,-0.105070174,0.077221006,0.32435974,-0.042774472,0.0949283,0.18315265,-0.17332019,0.6939871,-0.6167485,-0.012132312,-0.07520817,-0.0059666587,0.13845377,0.076761715,-0.98084474,0.878275,-0.7104482,-1.3607895,1.3031977,-0.0104027055,0.9666681,-1.0754217,0.7578875,-0.52682334,-0.5022235,-0.7899808,195.16806,-145.44646,229.75862,189.58617,45.28979,201.22523,-200.7759,213.87265,-197.19144,-209.61595,-45.757744,-199.88472,0.005249631,-0.022280138,-0.639815,1.636385,-1.0574192,-0.23636469,-0.0007544014,-0.17806944,-0.6446144,1.584857,-0.9050702,0.077221006,6.487195,-0.85548943,1.898566,3.6630528,-3.4664037,13.879742,-12.33497,-0.24264623,-1.5041634,-0.11933317,2.7690752,1.5352342
536,0.03075358,-0.06895578,0.15644504,-0.08872694,-0.07024723,-0.9935758,1.0,0.0,0.0,0.028705547,-0.02676684,0.17550385,0.057166815,-0.21479255,-0.14019464,-0.07494515,-0.18480785,0.16786975,-0.048041582,-0.15365446,0.019259306,-0.049490046,-0.008673736,0.060888212,0.040006887,0.5294492,0.35766837,-0.16953334,-0.050253887,0.17690367,-0.2967953,-0.55535567,-0.58980435,-0.84490657,-1.1448743,0.40274465,-0.9250661,-0.41036966,-0.5523539,0.97799253,0.88505435,-0.8094491,0.661607,-0.25780326,-0.334747,-199.96283,200.31493,-198.68182,-218.3468,200.05225,-53.94628,201.71552,-201.13597,183.20476,-230.4793,-200.32004,-199.8403,0.028705547,-0.02676684,-0.62449616,1.6571668,-1.0147926,-0.14019464,-0.07494515,-0.18480785,-0.63213027,1.5519584,-0.95365447,0.019259306,-0.98980093,-0.17347471,1.2177643,0.8001377,10.5889845,7.153367,-3.3906667,-1.0050777,3.5380733,-5.935906,-11.107113,-11.796086
537,-0.11061393,-0.09560148,0.31271377,-0.09303641,-0.067709014,-0.9933579,1.0,0.0,0.0,-0.030738862,-0.03469109,0.20836705,0.035085917,-0.18559301,-0.14524448,-0.074732654,-0.1769386,0.18244159,-0.053189278,-0.20600921,-0.10759293,-0.50375265,-0.06777901,0.24304867,-0.23325889,-0.16762057,-0.33851188,0.15227675,0.104022756,0.005877516,0.1448599,-0.14990759,-0.5908452,0.64340496,0.9258215,-0.75907016,0.5234419,0.19475448,0.10236184,-0.27316192,-1.0663064,0.76938534,-0.5903929,0.40388405,0.5564864,-192.84982,-266.27747,160.1068,-235.30887,-200.48181,-201.0107,200.53668,218.3453,-213.31812,177.1742,29.512623,50.281803,-0.030738862,-0.03469109,-0.59163296,1.6350859,-0.985593,-0.14524448,-0.074732654,-0.1769386,-0.6175584,1.5468107,-1.0060092,-0.10759293,-10.075053,-1.3555802,4.8609734,-4.665178,-3.3524113,-6.7702374,3.045535,2.080455,0.11755032,2.8971977,-2.9981518,-11.816904
538,0.06293811,-0.17293221,0.08717982,-0.09911946,-0.066324286,-0.9928627,1.0,0.0,0.0,-0.08017728,-0.04463336,0.23970056,0.017207861,-0.14230049,-0.13630153,-0.07743958,-0.1767958,0.18382972,-0.03835225,-0.16664553,-0.14748648,-0.035888024,-0.03106678,0.086281426,0.029530114,0.5305648,0.35827148,-0.1459747,-0.08841255,0.006081851,0.015074407,0.47789565,0.11600415,1.0838443,-0.93589205,0.23391491,-1.0534106,-0.032850146,0.72564137,-0.5994318,0.86513686,-0.68676686,1.2746718,-0.012412034,0.06395021,201.99495,189.75792,-203.78989,180.43878,199.97083,199.86139,-117.54435,-413.14008,-58.043182,-146.28662,181.45744,197.48248,-0.08017728,-0.04463336,-0.56029946,1.6172079,-0.9423005,-0.13630153,-0.07743958,-0.1767958,-0.6161703,1.5616478,-0.96664554,-0.14748648,-0.71776044,-0.6213356,1.7256285,0.5906023,10.611296,7.1654296,-2.919494,-1.7682511,0.121637024,0.30148813,9.557913,2.320083
539,-0.02755382,0.21742624,0.14619339,-0.09784564,-0.066222034,-0.99299586,1.0,0.0,0.0,-0.0493661,-0.049958784,0.25254172,0.0065221786,-0.08667648,0.0141227925,-0.14890613,-0.19074641,0.14535618,-0.0010163784,-0.09945017,-0.08133059,0.31017968,-0.024123484,0.044583336,-0.122569,0.16846666,1.0747577,-0.54522854,-0.038415916,-0.35301715,0.31265828,0.2504133,0.364619,-1.1480168,0.8695779,-0.03782711,-0.29863366,-0.34870544,-1.5493704,1.1154393,-0.8472805,0.7765496,-1.2377696,-0.8061998,-0.2932823,199.58672,-196.1568,-68.20102,-218.52077,-42.931683,200.10507,-196.04837,279.16113,-222.72223,170.32338,-45.13023,-18.440086,-0.0493661,-0.049958784,-0.5474583,1.6065222,-0.8866765,0.0141227925,-0.14890613,-0.19074641,-0.65464383,1.5989836,-0.8994502,-0.08133059,6.2035933,-0.48246968,0.8916667,-2.45138,3.369333,21.495153,-10.904571,-0.7683183,-7.060343,6.2531652,5.008266,7.29238
540,-0.01860224,0.23146217,-0.07553323,-0.088918015,-0.065310925,-0.9938954,1.0,0.0,0.0,-0.033750758,-0.05805318,0.262358,-0.016697526,-0.13650203,0.13608252,-0.20738606,-0.20056565,0.10387176,0.029635906,-0.12546831,-0.082068086,-0.10659357,-0.044003125,0.05208264,-0.12920658,-0.48381916,0.25106323,-0.08571644,-0.06272613,-0.08754485,0.025301252,-0.44188973,-0.30474672,-0.8233967,-1.0240731,1.2750691,0.64604133,0.005613625,-1.3617162,0.8193404,1.2619442,-0.56010985,-0.58664304,0.035196938,0.14605072,-219.4887,168.17322,-32.9196,-74.32622,-42.86577,-213.34937,201.08882,-185.2912,192.068,-220.61128,-200.20164,-199.58488,-0.033750758,-0.05805318,-0.537642,1.5833025,-0.93650204,0.13608252,-0.20738606,-0.20056565,-0.69612825,1.6296359,-0.9254683,-0.082068086,-2.1318715,-0.88006246,1.0416528,-2.5841317,-9.676383,5.0212646,-1.7143288,-1.2545226,-1.7508969,0.506025,-8.837794,-6.094934
541,0.07895037,0.24001668,0.15369287,-0.07976969,-0.06659384,-0.99458647,1.0,0.0,0.0,-0.098595396,-0.074257076,0.25843275,-0.013759971,-0.19024724,0.10653765,-0.18944415,-0.20998992,0.09001106,0.021326542,-0.13632685,-0.06747824,-0.5095207,-0.11436676,-0.07119182,0.10874839,-0.08601005,-0.4652098,0.23286526,-0.035774514,-0.054235786,-0.0951741,0.25635186,0.37057495,0.55904293,0.8285234,-0.031486288,-1.1038196,1.1687084,-1.0127219,-0.25757915,-0.86903226,0.8986343,0.8217905,0.33985308,0.44443706,-195.3274,-189.46983,134.06017,169.69081,197.14394,-201.23618,196.86447,174.56537,-183.49481,-210.0846,177.487,159.92236,-0.098595396,-0.074257076,-0.54156727,1.58624,-0.99024725,0.10653765,-0.18944415,-0.20998992,-0.70998895,1.6213266,-0.93632686,-0.06747824,-10.190413,-2.2873352,-1.4238364,2.1749678,-1.7202009,-9.304196,4.6573052,-0.7154903,-1.0847157,-1.9034818,5.127037,7.411499
542,-0.0202746,0.20190388,-0.026123961,-0.071203336,-0.067649454,-0.9951651,1.0,0.0,0.0,-0.153447,-0.08044696,0.2445162,-0.0031994581,-0.13318664,-0.0612676,-0.17449655,-0.22349142,0.07547557,0.013035417,-0.014388919,0.0768802,-0.0780913,0.04784153,-0.087828,0.06321918,0.46185356,-1.0915974,-0.038446955,-0.08485622,-0.08276185,-0.0005664087,0.8214745,0.89472455,1.0496107,-1.1260891,1.0293087,-0.47384167,-0.21087179,0.068555295,-0.698586,1.0396869,-0.5740919,-0.99138063,-0.5040884,-0.73694384,176.46416,519.4457,-241.32954,550.2882,-248.48831,-6.160721,-144.21709,-193.88155,202.65492,176.99623,32.953346,-10.802273,-0.153447,-0.08044696,-0.5554838,1.5968006,-0.93318665,-0.0612676,-0.17449655,-0.22349142,-0.72452444,1.6130354,-0.81438893,0.0768802,-1.561826,0.9568306,-1.75656,1.2643837,9.237071,-21.831947,-0.7689391,-1.6971244,-1.6552368,-0.011328174,16.42949,17.894491
543,-0.013384926,0.1919912,0.11680299,-0.063513845,-0.066670716,-0.9957515,1.0,0.0,0.0,-0.12631205,-0.07049224,0.24386817,-0.0031814575,-0.1428889,-0.18320931,-0.24020067,-0.230126,0.049949884,-0.0042274,0.07587314,0.17670228,0.3020532,0.03288741,0.06020343,-0.06979888,-0.26752084,-0.24932773,-0.5673711,0.012881251,-0.16548133,-0.15467888,0.14873594,0.17556034,-0.87498736,0.9267659,0.00018376298,1.2191281,0.10538533,0.57393503,1.0045832,-0.98082805,0.9484458,0.55431944,-0.57829124,-1.4830631,207.62149,-271.0622,32.262955,-118.699524,-53.393463,218.58708,-199.65016,300.4116,-190.87384,-209.74673,-199.38461,-198.16544,-0.12631205,-0.07049224,-0.55613184,1.5968186,-0.9428889,-0.18320931,-0.24020067,-0.230126,-0.7500501,1.5957726,-0.7241269,0.17670228,6.0410643,0.65774816,1.2040685,-1.3959775,-5.3504167,-4.9865546,-11.347422,0.257625,-3.3096266,-3.0935776,2.9747188,3.5112066
544,-0.124774866,0.13654709,-0.04602169,-0.057161387,-0.063837186,-0.9963219,1.0,0.0,0.0,-0.107093126,-0.068445995,0.2289288,0.022168756,-0.13981307,-0.16384313,-0.2971413,-0.22968376,0.029977322,-0.012737155,0.02406162,0.13788156,-0.071661495,-0.0031380828,-0.18256226,0.28381348,0.2533036,0.38123488,-0.050498337,-0.014483123,-0.04496055,0.034701455,-0.579101,-0.49424037,-0.78978705,-1.0080261,1.1754785,-1.6138498,0.30404297,0.020041425,0.70475066,1.0102575,-0.70928574,-1.2317444,-0.49846116,-0.4028351,-184.84932,-1.1998291,-242.44638,232.1496,154.5304,185.68454,200.14395,-189.67151,202.47368,184.01996,-200.06413,-199.8407,-0.107093126,-0.068445995,-0.5710712,1.6221688,-0.9398131,-0.16384313,-0.2971413,-0.22968376,-0.7700227,1.5872629,-0.7759384,0.13788156,-1.4332299,-0.06276166,-3.651245,5.6762695,5.0660715,7.6246977,-1.0099667,-0.28966245,-0.899211,0.6940291,-11.58202,-9.884808
545,-0.15335597,0.10500282,0.07044108,-0.05197488,-0.058272857,-0.9969468,1.0,0.0,0.0,-0.16951846,-0.07669434,0.19713593,0.065101385,-0.06564462,-0.08286975,-0.2794293,-0.2199368,0.026229262,0.0023596287,-0.13834858,-0.015457158,-0.50273675,-0.054748636,-0.13815184,0.17344666,0.44284946,0.37227035,0.20092855,0.11571064,-0.0012501762,0.18516015,-0.8312358,-0.85969955,0.33236468,0.91339594,-0.030006787,-0.59925365,-0.33151054,-0.72848827,-0.020735329,-0.9099925,0.9961083,-0.7865524,0.3647594,0.19054288,-214.89877,51.673218,53.809723,-7.936157,40.04419,-31.24083,130.89023,403.05023,148.47206,228.4361,49.47334,4.0703773,-0.16951846,-0.07669434,-0.6028641,1.6651014,-0.86564463,-0.08286975,-0.2794293,-0.2199368,-0.77377075,1.6023597,-0.9383486,-0.015457158,-10.054735,-1.0949727,-2.7630367,3.468933,8.856989,7.445407,4.018571,2.3142128,-0.025003524,3.7032027,-16.624716,-17.19399
546,-0.076579824,0.08598374,-0.59618276,-0.04754343,-0.05425783,-0.99739444,1.0,0.0,0.0,-0.21880563,-0.07628762,0.17054546,0.08805573,-0.051645517,-0.084424704,-0.1981573,-0.20294681,0.038618088,0.022820711,-0.23276192,-0.09407985,-0.047700804,0.045787793,-0.12982677,0.059128124,-0.23255411,-0.32038134,0.48836184,0.045463312,0.09412765,0.022070967,-0.19322528,-0.04034205,0.9857846,-0.883663,0.76015174,-0.52432996,-0.08845699,-0.16289118,-0.602789,0.92077005,-0.7727741,-0.27185845,0.93096143,0.40559515,197.85417,220.48097,-195.97127,-215.3967,-199.99239,-199.51962,5.6667976,-225.54977,-114.13513,-210.53572,172.39664,212.58496,-0.21880563,-0.07628762,-0.62945455,1.6880558,-0.8516455,-0.084424704,-0.1981573,-0.20294681,-0.7613819,1.6228207,-1.0327619,-0.09407985,-0.9540161,0.9157558,-2.5965352,1.1825625,-4.651082,-6.4076266,9.767237,0.90926623,1.8825529,0.44141933,-3.8645055,-0.806841
547,-0.08074362,0.066307396,-0.33797336,-0.043640792,-0.05195365,-0.99769545,1.0,0.0,0.0,-0.1884818,-0.071229294,0.16894454,0.0684315,-0.072206795,-0.12008125,-0.14288633,-0.19868799,0.042059958,0.023045182,-0.19474721,-0.03666763,0.31532577,0.008580471,0.09110391,-0.22649287,-0.054298174,-0.116350055,0.09303387,0.010595833,-0.040400427,-0.026440773,0.5048728,0.5620254,-0.9320476,0.93912315,-0.34830588,0.7375786,0.38823962,0.15011317,-0.8403517,-0.9237486,0.9993229,0.43204403,0.7924424,-0.67652804,201.13177,-203.37183,201.41171,-216.94896,16.822094,17.674341,-199.8388,201.27054,-199.6697,-216.70987,199.9948,200.09349,-0.1884818,-0.071229294,-0.6310555,1.6684315,-0.8722068,-0.12008125,-0.14288633,-0.19868799,-0.75794005,1.6230452,-0.9947472,-0.03666763,6.306515,0.17160943,1.8220782,-4.529857,-1.0859635,-2.327001,1.8606775,0.21191666,-0.80800855,-0.52881545,10.097456,11.240508
548,-0.07861189,0.014456425,0.013141051,-0.041751217,-0.04926801,-0.99791265,1.0,0.0,0.0,-0.17064717,-0.07331837,0.164972,0.0606786,-0.019280374,-0.07305962,-0.16250099,-0.20143655,0.027637422,0.030705214,-0.019598246,0.000130567,-0.101742305,-0.043357592,-0.11949972,0.14158125,0.47388712,0.4638763,-0.25292933,-0.030656097,-0.09598295,0.089563794,1.1790427,-0.12569006,-0.013416611,-1.0197622,0.9179352,-0.9558715,-0.3218313,-0.72732896,0.6586175,0.9506513,-1.0365736,-1.4539727,-0.5782453,-1.1202239,-187.75853,-65.829346,-203.77823,303.6189,141.21121,64.79667,-197.18643,-195.26265,193.9562,174.70969,199.8946,-200.3095,-0.17064717,-0.07331837,-0.635028,1.6606786,-0.8192804,-0.07305962,-0.16250099,-0.20143655,-0.7723626,1.6307052,-0.81959826,0.000130567,-2.034846,-0.8671518,-2.3899944,2.831625,9.477742,9.277526,-5.0585866,-0.6131219,-1.9196589,1.7912759,23.580854,-2.513801
549,-0.07975092,0.06277092,-0.26320532,-0.039835438,-0.04611585,-0.9981415,1.0,0.0,0.0,-0.14661081,-0.07735496,0.16118586,0.06610763,-0.009749353,-0.04235614,-0.17641431,-0.19806604,0.012276411,0.04449618,0.12778622,-0.09369655,0.25074995,-0.00992071,0.0613137,-0.07492448,-0.2957429,-0.10766403,0.0868071,0.06017984,-0.07068119,0.11332184,0.30442923,-0.7064965,-0.08930672,0.89333236,-0.118242666,0.4829088,0.010425627,-1.1003243,0.22506653,-0.7563523,0.899832,-0.89868027,-1.002174,-0.5910825,65.80986,-196.25272,201.2233,-214.90613,-199.98886,-199.98056,175.85178,285.29202,49.490433,127.06618,-247.21126,-161.12589,-0.14661081,-0.07735496,-0.63881415,1.6661077,-0.80974936,-0.04235614,-0.17641431,-0.19806604,-0.7877236,1.6444962,-0.6722138,-0.09369655,5.014999,-0.19841419,1.226274,-1.4984895,-5.914858,-2.1532805,1.736142,1.2035968,-1.4136238,2.2664368,6.0885844,-14.12993
550,0.07305052,0.10050042,-0.6029185,-0.035737425,-0.047102954,-0.9982505,1.0,0.0,0.0,-0.11233372,-0.076821305,0.14974338,0.07835257,-0.01675409,-0.14218743,-0.10151911,-0.19025142,0.021847188,0.05359888,0.0930869,-0.26440394,0.12043246,0.014892769,-0.1526662,0.17431055,0.053773697,-0.8186612,0.60365087,0.0015571559,0.15467678,-0.039664637,-0.5127816,-0.83888733,-0.7398412,-0.82561547,0.87192297,-1.7206609,0.223705,0.33854392,-0.39586607,1.0873288,-0.86339045,1.1315495,-0.598066,0.8451411,-59.22597,197.44939,-203.10037,178.41812,13.295075,-199.95901,181.60052,-175.18777,242.41006,-174.03246,-200.25859,62.36428,-0.11233372,-0.076821305,-0.65025663,1.6783526,-0.8167541,-0.14218743,-0.10151911,-0.19025142,-0.7781528,1.6535989,-0.7069131,-0.26440394,2.4086492,0.29785538,-3.053324,3.486211,1.0754739,-16.373224,12.073017,0.031143118,3.0935354,-0.79329276,-10.255632,-16.777746
551,-0.118937224,0.01113131,0.16291852,-0.033088982,-0.046436794,-0.99837315,1.0,0.0,0.0,-0.13804315,-0.07816306,0.13440484,0.09479332,0.03667617,-0.22050975,-0.03787457,-0.17696732,0.027864337,0.07470143,-0.08425844,-0.35779005,-0.3319273,-0.014433692,-0.039782662,0.0606475,0.27995738,-0.005761964,0.085115485,0.122668855,-0.06854468,0.22077142,-1.1575654,-0.16185282,0.32463816,0.8846877,-0.3760272,-0.8785984,-0.16074537,0.45148996,-1.076824,-0.7706915,1.0427997,-0.7381172,0.19154045,1.5040902,-198.54793,-148.21295,67.00424,-6.3595734,-10.468018,242.19922,-197.18073,215.50711,-215.12703,167.97461,-88.40339,200.58493,-0.13804315,-0.07816306,-0.6655952,1.6947933,-0.76332384,-0.22050975,-0.03787457,-0.17696732,-0.7721357,1.6747015,-0.88425845,-0.35779005,-6.638546,-0.28867385,-0.7956532,1.21295,5.5991473,-0.11523928,1.7023097,2.453377,-1.3708936,4.415428,-23.151306,-3.2370565
552,-0.0032356326,0.101054534,-0.008374727,-0.030786792,-0.04407825,-0.99855363,1.0,0.0,0.0,-0.15690929,-0.07718374,0.12798256,0.102004886,0.019817948,-0.1454841,-0.055048227,-0.16281527,0.025500119,0.085196376,-0.24059135,-0.3145115,0.09594804,0.023931013,-0.03315137,-0.004432005,-0.34358996,0.6865211,-0.22608475,0.026686205,0.035683054,-0.08319526,-0.47456357,0.52622694,0.6975617,-1.0420198,0.79499495,-0.21567762,0.07041252,-0.32210234,0.62788546,0.9741529,-0.9165957,-0.42664987,0.7248826,0.14950252,200.40082,197.97725,-201.57175,-218.51479,-99.93468,200.03091,-202.25714,-199.22415,211.04863,-213.27017,200.50876,200.40288,-0.15690929,-0.07718374,-0.67201746,1.7020049,-0.78018206,-0.1454841,-0.055048227,-0.16281527,-0.7744999,1.6851964,-1.0405914,-0.3145115,1.9189608,0.47862026,-0.66302735,-0.088640094,-6.871799,13.730422,-4.521695,0.53372407,0.7136611,-1.6639053,-9.491271,10.524538
553,-0.058260527,0.12979344,-0.36370507,-0.025835294,-0.042894058,-0.99874544,1.0,0.0,0.0,-0.09212595,-0.07371859,0.14072317,0.06955838,0.014297247,-0.081951514,-0.06041977,-0.15046772,0.03648585,0.054560304,-0.25786918,-0.15830958,0.5112706,0.011637859,0.14341539,-0.29039404,0.11285593,0.016090024,0.13494132,0.092272155,0.06960824,-0.21327792,0.23092936,0.80093384,-0.93597746,0.82766026,-0.29863524,1.0929646,0.93805003,-0.8940355,0.029765064,-0.96011233,1.0282422,0.7948836,0.5915163,-0.4983758,202.10808,-196.77539,200.04329,-217.92183,24.968733,-200.00504,201.06972,191.92416,-202.55756,-224.49924,200.03986,-68.59433,-0.09212595,-0.07371859,-0.65927684,1.6695584,-0.78570276,-0.081951514,-0.06041977,-0.15046772,-0.76351416,1.6545603,-1.0578692,-0.15830958,10.225411,0.23275718,2.8683078,-5.8078804,2.2571187,0.32180047,2.6988263,1.845443,1.3921648,-4.2655582,4.618587,16.018677
554,-0.088287376,0.05280497,-0.2898069,-0.021599665,-0.04039692,-0.99895024,1.0,0.0,0.0,-0.035327747,-0.06484255,0.13921773,0.05886066,0.07569629,-0.1444375,-0.02408948,-0.13753153,0.05261475,0.025060058,-0.13729692,-0.072459675,0.093898684,0.07468578,-0.14885704,0.17709716,0.38467175,-0.55319506,0.18201075,0.046901416,0.08681645,-0.0951243,0.90690845,0.124203816,-0.70930946,-1.1811767,0.79849446,-0.0282563,-0.090854585,0.3927599,-0.47219878,0.9173,-0.9183283,-0.38135576,-0.103889994,-0.7124517,-200.78812,233.92706,-336.03546,339.85556,78.67871,-158.96179,-43.623962,-192.40706,190.00674,175.75903,199.81227,-199.64493,-0.035327747,-0.06484255,-0.6607823,1.6588607,-0.7243037,-0.1444375,-0.02408948,-0.13753153,-0.74738526,1.6250601,-0.9372969,-0.072459675,1.8779737,1.4937156,-2.977141,3.541943,7.6934347,-11.063901,3.640215,0.9380283,1.7363291,-1.902486,18.138168,2.4840763
555,-0.08485721,0.0858817,0.4713253,-0.018961655,-0.03683188,-0.9991416,1.0,0.0,0.0,-0.06484819,-0.061550975,0.13239837,0.07019043,0.07697642,-0.1781787,-0.0478937,-0.11908601,0.062958956,-0.010223985,-0.030134976,-0.1265191,-0.34679794,-0.031432547,0.056359272,-0.04401618,-0.28395495,0.14438687,-0.36497062,0.12879585,0.026281113,-0.24258912,0.23231272,-0.5932821,0.47514987,0.8964928,-0.44185704,1.0346255,-1.1579937,0.8599083,-0.9538967,-1.0355119,1.2679273,0.77034444,0.19004005,-0.17911965,-199.1255,-222.83972,274.4142,-119.73916,-132.45366,200.35487,-204.64455,205.8922,-160.88904,-203.54497,-199.35371,-199.83472,-0.06484819,-0.061550975,-0.66760164,1.6701905,-0.7230236,-0.1781787,-0.0478937,-0.11908601,-0.73704106,1.589776,-0.830135,-0.1265191,-6.935959,-0.6286509,1.1271855,-0.8803235,-5.6790986,2.8877373,-7.2994123,2.575917,0.52562225,-4.8517823,4.6462545,-11.865642
556,-0.014211601,0.03130829,0.2739013,-0.01708579,-0.034576695,-0.999256,1.0,0.0,0.0,-0.08685561,-0.06172699,0.12810099,0.09302211,-0.055436134,-0.07255834,-0.15724747,-0.10261867,0.058235645,-0.028264523,0.027275383,-0.17085217,0.0837213,0.023155931,-0.08172891,0.23921178,-0.97096664,0.8414384,-0.69827247,0.05281474,-0.08851154,0.067593314,0.22695509,-0.010535677,1.0896407,-1.1554462,0.7789942,-1.6014926,0.16395342,-0.19441581,0.85033554,0.97367036,-0.784912,-0.23723708,0.44751984,0.335532,199.40053,200.95456,-198.69589,175.7702,-200.07034,200.02693,-177.63045,-44.32576,6.387985,285.97473,-4.4100647,58.07814,-0.08685561,-0.06172699,-0.671899,1.6930221,-0.85543615,-0.07255834,-0.15724747,-0.10261867,-0.74176437,1.5717355,-0.7727246,-0.17085217,1.6744261,0.4631186,-1.6345782,4.7842355,-19.419333,16.828768,-13.965449,1.0562948,-1.7702308,1.3518662,4.5391016,-0.21071354
557,0.008907919,0.10601527,-0.0914755,-0.014420406,-0.03437682,-0.9993049,1.0,0.0,0.0,-0.025027273,-0.060944766,0.12905473,0.10797632,-0.17419827,0.022049803,-0.25966263,-0.103712596,0.03171265,-0.0040694475,0.101270914,-0.10124469,0.49371693,-0.012708703,0.072825484,-0.055899855,-0.28570363,0.17186661,-0.35925856,-0.052578636,-0.16611712,0.14525357,0.5225145,0.6359961,-0.9769057,0.7644371,-0.23461175,-1.0585619,0.34977204,-0.75789064,1.0525153,-0.94747436,1.0465729,-0.18117276,-0.20940977,-0.37861773,199.42288,-186.43666,207.84776,-211.31694,200.34189,-199.99493,158.16132,-234.9271,-237.03864,-38.932617,107.66031,177.77553,-0.025027273,-0.060944766,-0.6709453,1.7079763,-0.9741983,0.022049803,-0.25966263,-0.103712596,-0.76828736,1.5959306,-0.6987291,-0.10124469,9.874338,-0.25417405,1.4565096,-1.117997,-5.7140727,3.4373322,-7.185171,-1.0515727,-3.3223424,2.9050713,10.45029,12.719922
558,-0.010687991,0.10433134,-0.23755229,-0.009942415,-0.034469128,-0.99935627,1.0,0.0,0.0,0.030566784,-0.05664879,0.13888574,0.081056476,-0.1537059,-0.022722432,-0.2776656,-0.11569883,0.023534417,0.001434803,0.121367276,-0.037043143,0.10108364,0.048855998,0.030579254,-0.2002512,0.41995144,-0.5475323,0.13047884,-0.0660102,0.06375899,-0.06633198,-0.2453558,0.06518196,-1.0891285,-1.0062262,1.0266408,0.27909237,0.48845977,-0.38529652,0.90072614,1.129253,-0.8309083,1.0898769,-0.57272,-1.1348292,-198.78345,191.58115,-200.03462,-218.87851,200.11093,-200.15564,216.2482,-21.130783,266.7228,-109.87402,-220.96605,-168.18011,0.030566784,-0.05664879,-0.6611143,1.6810565,-0.9537059,-0.022722432,-0.2776656,-0.11569883,-0.7764656,1.6014348,-0.67863274,-0.037043143,2.0216727,0.9771199,0.6115851,-4.005024,8.399029,-10.950646,2.609577,-1.320204,1.2751799,-1.3266397,-4.907116,1.3036392
559,-0.02451177,0.12765492,-0.04918511,-0.0050018067,-0.03387901,-0.9994134,1.0,0.0,0.0,0.0044676787,-0.055915207,0.14237207,0.054344535,0.0037733912,-0.15697691,-0.2166336,-0.122532085,0.019986331,0.021668553,-0.003435254,-0.10036174,-0.31704056,-0.033702914,0.007527066,-0.0792865,1.0633274,-0.6142198,0.4474382,-0.007650511,-0.08264318,0.2374851,-0.93298465,-0.6290196,0.23147088,0.9258022,-0.30386153,-0.5435739,0.70096225,0.5906503,-0.97119737,-1.0591758,1.0696136,-1.2825582,0.48233026,0.7398891,-199.43866,-198.87175,190.83414,173.58943,113.10482,72.64172,197.87025,193.44261,-191.3802,184.07883,-199.32986,-200.41145,0.0044676787,-0.055915207,-0.65762794,1.6543446,-0.7962266,-0.15697691,-0.2166336,-0.122532085,-0.7800137,1.6216686,-0.80343527,-0.10036174,-6.3408113,-0.67405826,0.15054132,-1.58573,21.266548,-12.284395,8.948764,-0.15301022,-1.6528636,4.749702,-18.659693,-12.580392
560,-0.08485849,0.07323347,-0.2554109,-0.0005612104,-0.032154717,-0.99948275,1.0,0.0,0.0,-0.013615119,-0.058732327,0.1300804,0.048995733,0.2236436,-0.19364026,-0.16173774,-0.12947421,0.021127641,0.0346992,-0.11444658,-0.15007117,0.08773514,-0.019722141,-0.17372493,0.11988487,0.91024256,0.2001827,0.13468403,-0.049854364,0.08417737,-0.0783811,-0.24658845,0.06291487,0.78679407,-1.1238173,1.0015112,1.7635539,0.20778644,-0.44479218,-0.77904207,0.93926525,-0.7727988,0.010990247,0.27442634,0.7558256,218.71056,-200.8731,-451.54602,142.83984,-55.251816,219.2969,-199.82921,-190.85692,207.07182,-213.22168,200.14207,200.1909,-0.013615119,-0.058732327,-0.6699196,1.6489958,-0.5763564,-0.19364026,-0.16173774,-0.12947421,-0.7788724,1.6346992,-0.9144466,-0.15007117,1.7547028,-0.39444283,-3.4744987,2.3976974,18.204851,4.003654,2.6936805,-0.99708724,1.6835473,-1.567622,-4.931769,1.2582973
561,-0.023424184,0.067074694,-0.10359607,0.0022854381,-0.029915119,-0.99954987,1.0,0.0,0.0,0.044562325,-0.06214405,0.09654689,0.09505725,0.3134303,-0.2146697,-0.18675235,-0.13298129,0.02008146,0.027715683,-0.08690286,-0.06395766,0.45728824,-0.027799523,-0.15089132,0.30745777,0.10966481,-0.3728684,-0.33844745,0.0070291194,-0.07798185,-0.006464887,0.45259014,0.73112595,-1.5087936,0.9591896,-0.44446898,-0.84486294,-1.9006519,0.068870574,0.11978444,-1.0579015,0.9710772,-0.7283189,0.8540531,-1.3421293,192.35208,-137.63191,231.37999,227.69571,-205.99593,-180.61563,-198.93365,217.02205,-196.13884,-37.13114,200.50478,200.2158,0.044562325,-0.06214405,-0.7034531,1.6950573,-0.4865697,-0.2146697,-0.18675235,-0.13298129,-0.77991855,1.6277157,-0.88690287,-0.06395766,9.145764,-0.55599046,-3.0178263,6.149155,2.1932962,-7.457368,-6.768949,0.14058238,-1.5596371,-0.12929773,9.051803,14.622519
562,-0.048483286,0.06585107,-0.24468352,0.0052100667,-0.028456526,-0.99958146,1.0,0.0,0.0,0.094394624,-0.06339934,0.063266695,0.14299309,0.2615198,-0.21626633,-0.20280862,-0.13840578,0.029826403,-0.005749345,0.079331875,0.008699477,0.07953364,0.014134839,-0.18040787,0.18441395,-0.5619385,0.29037195,0.13088845,-0.054884683,0.15406123,-0.3008326,1.1411575,0.06287458,-0.73898906,-1.0510234,0.83205664,-1.5065686,-0.3341589,0.85804945,0.6604998,0.9115808,-0.735836,1.4362286,-0.24581054,-1.7695564,-199.48189,192.43222,-207.37321,-224.24525,-200.4255,199.97089,200.41292,-186.3921,204.71664,-222.98277,199.97902,-199.71524,0.094394624,-0.06339934,-0.7367333,1.7429931,-0.5384802,-0.21626633,-0.20280862,-0.13840578,-0.7701736,1.5942507,-0.72066814,0.008699477,1.5906727,0.28269678,-3.6081572,3.688279,-11.2387705,5.807439,2.617769,-1.0976937,3.0812244,-6.0166516,22.823149,1.2574916
563,-0.13844758,0.12779601,-0.018417766,0.009449819,-0.024499428,-0.99965525,1.0,0.0,0.0,0.06815725,-0.06772688,0.0427469,0.15292168,0.08218074,-0.0823822,-0.14257166,-0.13988978,0.04026395,-0.026614428,0.21270907,-0.04722875,-0.30331597,-0.048370074,-0.03796315,-0.06441544,-1.0342958,0.9805806,0.44065234,0.03129975,-0.03948427,0.07431212,0.24962592,-0.54600525,-0.8074795,0.8755273,-0.35027218,-0.79002553,0.110409796,-0.007506218,-0.557632,-1.1186036,1.0312496,0.4867577,-0.400885,-1.0221032,-202.52727,-175.28192,200.10196,-225.91354,36.963593,201.14731,201.70827,219.86548,-194.46553,207.51115,-204.30719,-193.9967,0.06815725,-0.06772688,-0.7572531,1.7529217,-0.7178193,-0.0823822,-0.14257166,-0.13988978,-0.75973606,1.5733856,-0.58729094,-0.04722875,-6.066319,-0.9674015,-0.759263,-1.2883087,-20.685915,19.611612,8.813046,0.625995,-0.78968537,1.4862424,4.9925184,-10.920105
564,-0.18743409,0.068679936,0.32058454,0.012921409,-0.017819088,-0.99975765,1.0,0.0,0.0,-0.04369158,-0.06518573,0.033257484,0.12668622,-0.046538353,0.034803424,-0.092947036,-0.13044414,0.029069066,0.008593917,0.17548692,-0.2217371,-0.7699731,0.06351845,-0.055927705,-0.18256077,-0.32391578,0.26335198,0.08631189,0.049132034,-0.06567365,0.24134223,-0.5233503,-1.1599163,1.2444081,-1.0656601,0.8000014,0.28319263,0.4486717,-0.5362373,-0.8855889,0.9517697,-0.8412515,-0.95176595,-0.46467555,0.24621505,-206.39151,281.9984,-147.48035,-191.83281,202.13364,-197.72745,-197.37962,-153.25694,209.88739,196.96161,-204.75485,-193.09705,-0.04369158,-0.06518573,-0.7667425,1.7266862,-0.84653836,0.034803424,-0.092947036,-0.13044414,-0.77093095,1.608594,-0.6245131,-0.2217371,-15.399462,1.2703689,-1.1185541,-3.6512153,-6.4783154,5.2670393,1.7262378,0.9826407,-1.313473,4.8268447,-10.467006,-23.198326
565,-0.10046146,0.06329543,0.5088163,0.015380414,-0.012614046,-0.9998021,1.0,0.0,0.0,-0.15494603,-0.059841305,0.02726072,0.10181117,-0.036952376,0.014295311,-0.12852432,-0.115378864,0.009603739,0.044065714,-0.00036859512,-0.38062572,-0.37977648,-0.0065629655,-0.011309677,-0.077394284,0.35148013,-0.40229997,-0.39333987,0.10015199,-0.12251081,0.1254411,-1.0946985,-0.49511176,1.0907414,0.7780649,-0.18709737,-0.20742081,-0.08815356,-0.31697237,-0.37962773,-0.8869058,1.0742866,-1.4826396,0.2976663,1.73489,199.76938,-184.30037,201.38551,185.03459,199.96413,-199.76965,-199.9026,226.90677,-179.07831,-214.55136,-23.771532,201.27869,-0.15494603,-0.059841305,-0.7727393,1.7018112,-0.8369524,0.014295311,-0.12852432,-0.115378864,-0.7903963,1.6440657,-0.8003686,-0.38062572,-7.5955296,-0.1312593,-0.22619353,-1.5478857,7.0296025,-8.046,-7.8667974,2.0030398,-2.4502163,2.508822,-21.89397,-9.902235
566,-0.026459016,0.14387739,0.063549414,0.01956535,-0.010564597,-0.99975276,1.0,0.0,0.0,-0.18773974,-0.05542699,0.022865415,0.072357655,-0.029758275,-0.103269145,-0.21330349,-0.10399123,0.0021502972,0.036332965,-0.14380056,-0.40336412,0.01898972,0.04329411,-0.03173364,-0.20685136,-0.110059395,-0.56939113,-0.39490387,0.02002622,0.037200093,-0.17032282,-0.40829426,0.19949774,0.54114985,-0.9483462,0.96924925,1.2762318,0.07445127,0.66519135,0.88135666,1.0003682,-0.897709,-0.4458856,0.62997013,0.14827637,199.82397,198.25826,-187.92422,-216.58908,-31.892145,61.371582,4.489401,-181.99815,209.8262,-211.21747,200.48915,200.92047,-0.18773974,-0.05542699,-0.7771346,1.6723577,-0.8297583,-0.103269145,-0.21330349,-0.10399123,-0.7978497,1.636333,-0.94380057,-0.40336412,0.3797944,0.86588216,-0.63467276,-4.1370273,-2.2011878,-11.387822,-7.898077,0.40052438,0.74400187,-3.4064565,-8.165885,3.9899547
567,-0.002928782,0.1812023,-0.2132615,0.026076736,-0.009873633,-0.99961114,1.0,0.0,0.0,-0.13134134,-0.057602886,0.0180673,0.04205215,-0.0042207837,-0.13801855,-0.25230223,-0.09681384,0.010383844,-0.009150147,-0.14777476,-0.2883111,0.49788642,-0.058208175,-0.017246148,-0.10350108,0.18857147,0.15001921,-0.030767625,0.046888348,0.044235688,-0.276198,0.29776686,0.8799853,-1.2090298,0.90752274,-0.24432096,0.77461404,-0.108205944,0.45208332,0.885759,-0.921088,1.1032215,0.6635172,1.0884559,-0.9462252,197.43686,-235.2916,222.62631,195.53528,-0.24370462,199.41124,198.99413,204.36272,-185.30632,-216.21455,200.48038,190.81215,-0.13134134,-0.057602886,-0.7819327,1.6420522,-0.8042208,-0.13801855,-0.25230223,-0.09681384,-0.78961617,1.5908499,-0.94777477,-0.2883111,9.957728,-1.1641635,-0.34492293,-2.0700216,3.7714293,3.000384,-0.6153525,0.93776697,0.8847137,-5.5239596,5.955337,17.599705
568,-0.031579234,0.08302178,-0.39643854,0.031347506,-0.008734403,-0.99947035,1.0,0.0,0.0,-0.07723664,-0.061350852,-0.0046999454,0.05354464,-0.02389723,-0.034375466,-0.2047543,-0.09660083,0.025735795,-0.049395442,-0.013709903,-0.1855913,0.083529316,0.015968319,-0.19525325,0.18608223,-0.19818898,0.81906664,0.4577693,-0.035739627,0.10268463,-0.13878478,0.9747223,0.21398123,-0.8283083,-1.0541234,0.9353462,-1.2607102,-0.33646798,-0.6926298,-0.23620081,1.0329747,-0.69224656,-0.073740125,-0.22627705,-2.0767913,-200.18414,193.6003,-206.82167,174.62114,-5.2071586,199.90596,201.83397,-184.03816,203.33975,183.11905,200.04312,-199.16252,-0.07723664,-0.061350852,-0.80469996,1.6535447,-0.82389724,-0.034375466,-0.2047543,-0.09660083,-0.7742642,1.5506046,-0.8137099,-0.1855913,1.6705862,0.31936637,-3.905065,3.7216444,-3.9637794,16.381332,9.155386,-0.71479255,2.0536926,-2.7756956,19.494446,4.2796245
569,-0.018452002,0.1290429,0.3306826,0.035561487,-0.007559208,-0.99933887,1.0,0.0,0.0,-0.107935704,-0.061997257,-0.023810863,0.060750365,-0.12035453,0.053833194,-0.17198996,-0.093692884,0.026512623,-0.05491507,0.08881563,-0.21680205,-0.34628895,-0.019504474,-0.016971821,-0.090171196,-0.55238795,0.13232237,-0.048569996,0.047574818,-0.064450584,0.07513835,0.09989109,-0.44532594,0.48859096,0.8482445,-0.23962528,0.07497054,0.27735785,-0.38572416,-0.9009825,-1.1215103,1.2019162,0.67612296,0.17084664,-0.67004275,-198.89775,-177.93912,196.75848,-218.44003,35.74933,-199.34833,-128.37897,169.50111,81.989365,183.60474,-220.32045,-188.46355,-0.107935704,-0.061997257,-0.8238109,1.6607504,-0.92035455,0.053833194,-0.17198996,-0.093692884,-0.7734874,1.545085,-0.7111844,-0.21680205,-6.925779,-0.39008948,-0.3394364,-1.8034239,-11.047759,2.6464474,-0.9713999,0.95149636,-1.2890116,1.502767,1.9978217,-8.906519
570,0.007815505,0.043548368,0.09537874,0.03867818,-0.007916986,-0.9992204,1.0,0.0,0.0,-0.1383445,-0.060716487,-0.038596153,0.058716655,-0.1539113,0.0035068,-0.21585724,-0.07804784,-0.00031381845,-0.012097716,0.09816855,-0.3507328,0.007388886,0.028292209,-0.115031555,0.040265363,0.14722164,-0.5658957,-0.35996,0.092571855,-0.17950305,0.30494246,0.05760129,-0.76011103,0.82392824,-1.2108991,0.9656509,-0.5604064,0.38042986,-0.093424395,0.6756959,1.0023209,-0.7650808,-1.1929343,-0.6487272,0.37207285,200.44284,202.8305,-198.57831,-11.03322,200.0287,-199.96402,-174.74095,-86.011986,-17.221222,132.57455,24.816017,20.482056,-0.1383445,-0.060716487,-0.83859617,1.6587167,-0.9539113,0.0035068,-0.21585724,-0.07804784,-0.80031383,1.5879023,-0.70183146,-0.3507328,0.14777772,0.5658442,-2.300631,0.8053072,2.9444327,-11.317913,-7.1991997,1.8514371,-3.590061,6.098849,1.1520258,-15.202221
571,-0.06007468,0.18342769,-0.19782752,0.04342595,-0.0065813093,-0.9990349,1.0,0.0,0.0,-0.08235919,-0.06531991,-0.044592083,0.033723593,-0.049088717,-0.04978569,-0.24618164,-0.054086123,-0.034184396,0.037372947,0.035031497,-0.42766216,0.50237197,-0.06603625,0.04009571,-0.2608378,0.8331361,-0.13382605,0.017981453,0.14331983,-0.1654995,0.19547449,-0.62000966,-0.076652095,-1.3106546,0.85659665,0.011632087,1.3124995,-0.23543622,0.70897907,1.2976551,-0.9255659,1.0318896,-1.4083748,-0.38402706,1.2448903,195.03824,-234.26958,230.71286,-205.37251,201.00822,34.909428,202.51926,221.27281,-192.26831,-219.28156,-200.01671,200.76079,-0.08235919,-0.06531991,-0.8445921,1.6337236,-0.8490887,-0.04978569,-0.24618164,-0.054086123,-0.8341844,1.637373,-0.7649685,-0.42766216,10.04744,-1.320725,0.80191416,-5.216756,16.662722,-2.6765208,0.35962906,2.8663967,-3.30999,3.9094899,-12.400193,-1.5330418
572,0.00642705,-0.21082564,-0.22505423,0.041934606,-0.0051549757,-0.9991071,1.0,0.0,0.0,-0.028623635,-0.070934355,-0.03154683,0.00082051754,0.040755272,-0.0029186783,-0.19238886,-0.042957753,-0.03461331,0.04915762,-0.118922174,-0.3652307,0.076433934,0.004716916,0.07649676,-0.08147418,0.13490492,0.53516525,0.47482997,-0.015807591,0.12539822,-0.054110147,-0.7126103,0.6300902,-0.7205173,-1.0708293,0.1906714,-0.14905022,-0.49519473,-0.54914415,-0.16579431,1.0323142,-0.7847848,-0.80481213,0.49022716,0.30250975,-199.34976,205.19225,26.32243,185.28725,-200.07068,200.11745,204.56927,-172.42665,192.11917,-222.19951,83.34899,200.45253,-0.028623635,-0.070934355,-0.83154684,1.6008205,-0.75924474,-0.0029186783,-0.19238886,-0.042957753,-0.8346133,1.6491576,-0.9189222,-0.3652307,1.5286787,0.09433832,1.5299351,-1.6294836,2.6980984,10.703304,9.496599,-0.31615183,2.5079644,-1.0822029,-14.252206,12.601804
573,0.092164345,-0.12159768,0.5147465,0.035636045,-0.0075940047,-0.999336,1.0,0.0,0.0,-0.059775088,-0.0753157,-0.00032168627,-0.040135622,-0.008673966,0.028551694,-0.15066318,-0.038752746,-0.018375278,0.02158308,-0.18404353,-0.17101638,-0.34448496,-0.043842748,0.20671003,-0.271693,-0.56099206,-0.15170597,0.03291873,0.046008162,0.050154664,-0.20550206,-0.008998117,1.1460643,0.6565584,0.7902602,-0.7420525,0.7131683,0.6787871,-0.7923758,-0.9375163,-0.91557145,0.8082411,0.5278204,0.6615036,-0.39394107,-201.86813,-214.47066,179.56755,-31.505175,-200.40683,-200.06773,-77.10613,183.79706,-204.85811,-230.23073,199.88248,-9.881976,-0.059775088,-0.0753157,-0.8003217,1.5598644,-0.808674,0.028551694,-0.15066318,-0.038752746,-0.8183753,1.6215831,-0.98404354,-0.17101638,-6.889699,-0.87685496,4.1342006,-5.43386,-11.219841,-3.0341191,0.65837455,0.9201632,1.0030932,-4.110041,-0.17996235,22.921286
574,0.08585217,-0.29348794,0.24668516,0.026740361,-0.011537624,-0.99957585,1.0,0.0,0.0,-0.09225711,-0.07724067,0.01775831,-0.04324901,-0.038391054,-0.06500221,-0.18132965,-0.031777404,-0.004414916,-0.005666375,-0.11155987,-0.017510086,-0.017072983,0.021440586,-0.004185825,0.17761211,0.17692797,-0.7332081,-0.3066536,0.025043566,0.0843739,-0.0775957,0.6663826,0.4573091,1.0851274,-1.2295256,0.28376266,-0.561498,0.057061553,0.42244723,0.8980622,0.9992517,-1.0389003,-0.8096122,0.1456379,-0.97555494,195.79634,243.68169,-265.58304,190.49406,196.65558,-188.6749,-202.06221,-217.93254,208.41817,186.10748,200.43707,-200.50258,-0.09225711,-0.07724067,-0.7822417,1.556751,-0.83839107,-0.06500221,-0.18132965,-0.031777404,-0.8044149,1.5943336,-0.9115599,-0.017510086,-0.34145966,0.4288117,-0.0837165,3.552242,3.5385592,-14.664162,-6.133072,0.5008713,1.687478,-1.551914,13.327652,9.146182
575,-0.032583967,-0.24484812,-0.18113573,0.016170332,-0.012478864,-0.9997914,1.0,0.0,0.0,-0.056827173,-0.0793081,0.019888878,-0.012761712,-0.011885703,-0.11659563,-0.1997101,-0.018837238,0.015025079,-0.035721302,-0.0039042234,-0.0024464394,0.31889385,-0.049699258,0.02400783,0.14034852,0.07291018,0.116098605,0.101191156,0.08801667,0.09529557,-0.1628199,0.45428488,-0.22156203,-1.3090563,0.7329715,-0.91042626,0.9063618,-0.4377105,0.86273104,0.8008059,-0.93547904,0.7799821,0.5838762,-0.840933,-0.3249003,109.66464,-313.19247,85.62259,8.550476,-13.640068,227.67195,246.60811,-181.09535,47.55797,516.22064,21.073715,-153.99127,-0.056827173,-0.0793081,-0.78011113,1.5872383,-0.8118857,-0.11659563,-0.1997101,-0.018837238,-0.78497493,1.5642787,-0.80390424,-0.0024464394,6.3778768,-0.9939852,0.4801566,2.8069704,1.4582037,2.3219721,2.023823,1.7603333,1.9059113,-3.2563982,9.085697,-4.4312406
576,-0.0039309696,-0.4133769,-0.5859765,0.0027648758,-0.011740336,-0.9999273,1.0,0.0,0.0,-0.0381934,-0.0808407,0.006052673,0.04693234,-0.072882116,-0.019820541,-0.14973314,-0.008902839,0.028104126,-0.016299248,-0.014006376,-0.08881939,-0.091787145,0.025646774,-0.14562792,0.4272193,-0.6137941,0.7844264,0.40212446,0.039932996,0.060289145,0.24009672,-0.37857994,-0.5243167,0.20690134,-1.1470311,0.15703122,-1.5521944,0.471959,0.19616058,-0.71831065,0.9820043,-1.2079303,-1.6299888,-0.10260714,0.051383704,-199.5191,199.5909,-190.94838,175.95982,-199.58034,200.04498,178.88237,43.826035,194.12135,276.47662,-189.74426,3.502777,-0.0381934,-0.0808407,-0.79394734,1.6469324,-0.8728821,-0.019820541,-0.14973314,-0.008902839,-0.7718959,1.5837008,-0.8140064,-0.08881939,-1.8357428,0.51293546,-2.9125583,8.544386,-12.275882,15.688527,8.042489,0.7986599,1.2057829,4.8019342,-7.571599,-10.486334
577,-0.0104975635,-0.32281068,-0.33769152,-0.011622992,-0.011566732,-0.99986565,1.0,0.0,0.0,-0.010574147,-0.084274374,-0.0016974807,0.09941828,-0.12014598,0.08019639,-0.11648476,0.0017720802,0.03213066,0.026557326,-0.058050096,-0.12190539,0.32395327,-0.051541757,0.04640266,0.13217416,0.07195696,0.34899697,-0.022909593,0.0780028,-0.0014380442,0.16753778,-0.13203,0.13227987,-0.22933862,0.7392461,0.1577257,-0.7301437,0.7193743,-0.73486406,-0.79152584,-1.218804,-0.6035639,-2.4318054,0.37254763,0.8188789,192.3756,-177.78539,212.1526,-211.74712,200.18298,-74.74067,-200.20695,205.87018,-189.26018,-213.87744,29.830303,200.21577,-0.010574147,-0.084274374,-0.8016975,1.6994183,-0.920146,0.08019639,-0.11648476,0.0017720802,-0.76786935,1.6265574,-0.8580501,-0.12190539,6.4790654,-1.0308352,0.92805314,2.6434832,1.4391392,6.9799395,-0.45819184,1.560056,-0.028760884,3.3507555,-2.6406,2.6455975
578,0.032698452,-0.267385,0.4268362,-0.023757331,-0.0119576,-0.9996463,1.0,0.0,0.0,0.002167147,-0.08537745,0.024995863,0.09503901,-0.030363142,0.07156736,-0.16949767,0.009163162,0.027359545,0.043548703,-0.0066999793,-0.018900497,-0.14945672,0.028421123,0.19112249,-0.14318375,0.75839925,-0.3642686,-0.46122584,0.0034666907,-0.047284126,0.01716581,0.5752835,0.82814735,-0.8886491,-1.1581124,-0.85311276,-0.27313486,-0.63523257,-0.030408721,1.0743089,0.98667324,0.73635614,-1.6300869,-0.72710216,-1.0087248,-200.40665,191.67815,108.10796,-222.29906,199.85199,-200.26959,-198.58138,-195.51633,-192.72905,-215.80362,200.67084,199.82643,0.002167147,-0.08537745,-0.77500415,1.695039,-0.83036315,0.07156736,-0.16949767,0.009163162,-0.77264047,1.6435487,-0.8067,-0.018900497,-2.9891343,0.56842244,3.8224497,-2.863675,15.167985,-7.285372,-9.224517,0.069333814,-0.9456825,0.3433162,11.505671,16.562946
579,0.0653376,-0.12953775,0.17588043,-0.03162399,-0.013890854,-0.99940324,1.0,0.0,0.0,-0.069602236,-0.08735411,0.055773377,0.056233883,0.042860746,0.028916292,-0.2249233,0.009826034,0.036070168,0.030783653,0.017638147,0.05417634,-0.5073292,-0.023567755,0.12915032,-0.15556933,-0.020752648,-0.09322196,-0.13748923,0.0005213949,0.12219729,-0.10911143,-0.26036856,-0.028969428,0.91733176,0.7660489,0.27499658,1.4752374,-0.9391415,0.4421436,0.9908854,-0.90254104,-0.9298769,-0.5286263,-0.80604017,-0.69774896,-186.79782,-10.287903,354.98846,441.75366,-275.42868,63.228996,171.72588,65.218025,428.97974,16.385574,-217.43121,-231.21722,-0.069602236,-0.08735411,-0.74422663,1.6562339,-0.75713927,0.028916292,-0.2249233,0.009826034,-0.76392984,1.6307837,-0.78236187,0.05417634,-10.1465845,-0.47135508,2.5830064,-3.1113865,-0.41505295,-1.8644392,-2.7497845,0.010427898,2.443946,-2.1822286,-5.207371,-0.57938856
580,0.118418485,-0.21020918,-0.32973057,-0.038030542,-0.01758265,-0.9991219,1.0,0.0,0.0,-0.11863608,-0.09169033,0.08625013,0.0406487,-0.044199944,0.084945954,-0.2136222,0.0059926393,0.06263375,0.013860822,-0.103022456,-0.027438989,-0.02441291,-0.027275994,0.17102519,-0.015782066,-0.7878598,0.562295,0.17213695,0.0018260496,0.13525538,0.018686237,-0.81159943,-0.6692298,0.79946625,-1.0978528,-0.5319332,-0.64514023,0.7634768,-0.472424,-0.67767525,1.1847297,0.33597612,1.4544423,0.8668478,0.21454108,201.03589,-7.7838745,133.02603,195.20183,-235.19962,166.73627,138.21504,368.44147,186.77988,581.8831,-99.50188,-45.609467,-0.11863608,-0.09169033,-0.7137499,1.6406487,-0.84419996,0.084945954,-0.2136222,0.0059926393,-0.73736626,1.6138608,-0.90302247,-0.027438989,-0.48825818,-0.5455199,3.4205036,-0.3156413,-15.757195,11.2459,3.4427388,0.03652099,2.7051077,0.37372473,-16.231989,-13.384596
581,0.04164001,-0.24297395,-0.5446705,-0.046554957,-0.021274874,-0.99868906,1.0,0.0,0.0,-0.084127836,-0.09878488,0.120594084,0.02646637,-0.123405516,0.12395287,-0.21127887,0.0054724594,0.084022224,0.042639375,-0.18998241,-0.08990244,0.30593956,-0.021338174,0.15596248,-0.068071164,-0.058324423,-0.10348959,-0.12730566,-0.0027435597,0.097989835,0.23105101,-0.12883176,-0.019652655,-1.0306735,0.818284,0.40590334,0.53614014,1.1910243,-1.0186071,0.32627296,-1.0093738,-1.204679,-1.2951522,0.21709377,0.2932818,83.56925,265.4876,-114.39523,161.16713,237.48863,-184.35524,-174.1677,19.120102,183.21228,243.58897,200.9155,191.2315,-0.084127836,-0.09878488,-0.6794059,1.6264664,-0.9234055,0.12395287,-0.21127887,0.0054724594,-0.7159778,1.6426394,-0.9899824,-0.08990244,6.118791,-0.42676347,3.1192496,-1.3614233,-1.1664884,-2.0697918,-2.546113,-0.05487119,1.9597967,4.6210203,-2.5766351,-0.3930531
582,0.08525281,-0.32733703,-0.28843674,-0.057742488,-0.024995465,-0.9980186,1.0,0.0,0.0,-0.061628275,-0.09628881,0.13986826,0.0341357,-0.08911979,0.02274714,-0.19398783,-0.0054524587,0.10299498,0.075005054,-0.13815504,-0.015931407,-0.058250863,0.03747302,0.03177675,0.1609324,0.2472999,-0.7723007,0.26000217,-0.087373175,0.09453193,0.10329018,0.57657325,0.65640676,-1.0216635,-1.0306236,0.411652,-1.2304137,0.55167013,0.16343933,1.212527,0.8000304,-1.4405218,-1.353067,-0.0831571,-0.21187398,-197.55257,213.1073,-208.21873,419.7387,-88.694336,-99.66875,199.45676,-174.34184,-179.0772,-213.92517,200.34099,102.13704,-0.061628275,-0.09628881,-0.66013175,1.6341357,-0.8891198,0.02274714,-0.19398783,-0.0054524587,-0.69700503,1.6750051,-0.93815506,-0.015931407,-1.1650172,0.74946034,0.63553494,3.218648,4.9459977,-15.446014,5.200043,-1.7474635,1.8906386,2.0658035,11.531465,13.128135
583,-0.0008070894,-0.30747306,-0.028692909,-0.070036665,-0.026853025,-0.99718297,1.0,0.0,0.0,-0.1200545,-0.09811202,0.14299166,0.06510866,-0.044574976,-0.02815306,-0.10048298,-0.008203803,0.12262285,0.079565525,-0.088911235,0.03936324,-0.48115164,-0.050435103,0.017195372,0.12756142,0.26381752,0.1456686,0.6372133,0.048411094,0.09842761,-0.039797973,0.067656994,-0.034188684,1.011907,0.7900167,-0.74448466,-0.09670538,-0.73544633,0.41989037,-1.0373679,-0.9885001,0.17750198,-1.0896908,-0.7933339,-0.98389757,-190.72018,-262.011,23.957062,-42.64012,47.864655,248.01506,196.91542,257.37888,-211.12991,-215.73242,-57.869595,-198.77681,-0.1200545,-0.09811202,-0.65700835,1.6651087,-0.844575,-0.02815306,-0.10048298,-0.008203803,-0.67737716,1.6795655,-0.88891125,0.03936324,-9.623033,-1.008702,0.34390745,2.5512283,5.27635,2.9133718,12.744266,0.96822184,1.9685521,-0.7959594,1.3531399,-0.6837737
584,0.0713271,0.05694221,-0.20706855,-0.07454578,-0.028694306,-0.9968047,1.0,0.0,0.0,-0.16937777,-0.101972885,0.1396892,0.080557466,-0.067373514,0.0758862,-0.01886381,-0.0071053337,0.1430065,0.048473835,-0.15053838,-0.04386353,-0.059006304,0.012979503,-0.05060723,0.0282495,-0.41939768,0.77128756,0.22011144,-0.03501981,0.09985989,-0.25060722,-0.6156425,-0.7290403,1.0744793,-0.97098595,-0.015356531,-0.7036171,0.077801585,-0.061718356,-1.199316,1.039335,-0.37539512,0.3269254,0.40981382,0.20541295,199.00945,206.18564,-196.27061,-217.41713,-199.81131,63.653877,-198.29521,-199.84354,-1.1231575,-217.05533,-199.39844,-200.24237,-0.16937777,-0.101972885,-0.6603108,1.6805575,-0.8673735,0.0758862,-0.01886381,-0.0071053337,-0.6569935,1.6484739,-0.9505384,-0.04386353,-1.1801261,0.25959006,-1.0121446,0.56499,-8.387954,15.425751,4.402229,-0.7003962,1.9971979,-5.012144,-12.312849,-14.580806
585,0.0026508078,0.5331177,-0.17301129,-0.061031487,-0.030752849,-0.99766195,1.0,0.0,0.0,-0.14507183,-0.09885875,0.11503577,0.074224114,-0.0744496,0.15684065,-0.012479523,-0.010457168,0.12718034,0.0328207,-0.19281644,-0.11507272,0.27221763,0.014573008,-0.16716044,-0.08653911,0.25498408,0.10515936,-0.112421416,-0.0066514113,-0.22621174,0.08158324,0.12449719,-0.053365406,-0.6685104,0.79842585,0.5008247,0.60221636,0.44557482,-1.2169967,-0.18733445,-0.91267055,1.0893835,-1.0261639,0.25320214,0.5944611,202.47583,-247.12177,-119.94756,-217.87349,126.17219,-201.02376,-169.49356,89.05267,-212.07686,246.00124,203.11963,192.3602,-0.14507183,-0.09885875,-0.68496424,1.6742241,-0.8744496,0.15684065,-0.012479523,-0.010457168,-0.6728197,1.6328207,-0.99281645,-0.11507272,5.4443526,0.29146016,-3.3432086,-1.7307823,5.0996814,2.103187,-2.2484283,-0.13302822,-4.524235,1.6316648,2.4899437,-1.0673081
586,0.0504141,-0.0838659,0.30451387,-0.053445544,-0.031651236,-0.9980689,1.0,0.0,0.0,-0.13379166,-0.093116775,0.090569675,0.08373606,0.008270323,0.0881249,-0.061663214,-0.028417895,0.11099243,0.029238224,-0.09250605,-0.051754396,-0.106574036,0.04783868,-0.09772407,0.13776794,0.5423563,-0.70319444,-0.29682037,-0.1446924,0.04479211,-0.11580874,0.7605512,0.6302158,-0.34758836,-1.1420634,0.40008143,-0.9230603,-0.81993127,0.2540827,0.65681136,0.95336986,-0.8156761,0.4505906,-0.6648405,-0.19531849,-147.64534,259.0925,-113.15585,123.639145,100.15322,-215.23335,-6.7737923,-191.87808,166.70436,-236.55573,79.224556,200.0112,-0.13379166,-0.093116775,-0.70943034,1.6837361,-0.7917297,0.0881249,-0.061663214,-0.028417895,-0.6890076,1.6292382,-0.89250606,-0.051754396,-2.1314807,0.9567736,-1.9544814,2.7553587,10.847126,-14.063889,-5.936407,-2.8938482,0.89584213,-2.3161747,15.211024,12.604316
587,-0.1331333,-0.09981417,0.54881036,-0.057735372,-0.028718097,-0.9979187,1.0,0.0,0.0,-0.18859535,-0.08896768,0.092240214,0.09453571,0.031870663,0.025551869,-0.07922392,-0.041426897,0.10322946,0.04115677,-0.021922767,0.0022776455,-0.34331325,-0.0016956851,0.09902064,-0.025371237,-0.21339665,0.01101856,0.08158465,-0.003676851,-0.10341703,0.19148159,0.036403596,-0.038516153,0.51148415,0.82677644,-0.6317089,-0.099317074,-0.7248973,0.7871036,0.18277405,-0.96902806,0.9806354,-1.4791547,-0.6816434,-1.2032351,-34.01214,-250.91812,273.3355,-147.38547,-202.14064,200.75052,199.47691,192.97421,-196.48706,184.3933,-199.97037,-200.07637,-0.18859535,-0.08896768,-0.7077598,1.6945357,-0.76812935,0.025551869,-0.07922392,-0.041426897,-0.69677055,1.6411568,-0.8219228,0.0022776455,-6.866265,-0.0339137,1.9804127,-0.5074247,-4.267933,0.2203712,1.6316929,-0.07353702,-2.0683405,3.8296318,0.7280719,-0.77032304
588,-0.049956232,0.0056445543,-0.21329513,-0.05958594,-0.02481404,-0.9979147,1.0,0.0,0.0,-0.20708127,-0.085872464,0.11013931,0.08269751,-0.08761948,0.10124065,-0.014969076,-0.04568892,0.10430443,0.051232576,-0.09653342,-0.07288363,0.10912221,0.034374982,0.077708624,-0.10478663,-0.9047166,0.68117535,0.4505236,-0.04908171,0.0942229,-0.07722579,-0.6895315,-0.6747455,1.1522126,-0.9296903,0.42937458,0.40559852,0.5808276,-0.21253335,-0.7736428,0.95308423,-0.8747034,-1.2096467,0.20162788,0.5311495,200.15814,201.58855,-204.04329,-224.4282,-200.19963,199.88148,28.654966,-182.36594,227.17737,-206.9071,-198.84023,-200.01524,-0.20708127,-0.085872464,-0.6898607,1.6826975,-0.8876195,0.10124065,-0.014969076,-0.04568892,-0.6956956,1.6512326,-0.8965334,-0.07288363,2.182444,0.68749964,1.5541725,-2.0957325,-18.094332,13.623507,9.010472,-0.9816342,1.8844581,-1.5445157,-13.79063,-13.494909
589,-0.03634694,-0.085244484,0.016791284,-0.061083417,-0.023361692,-0.99785924,1.0,0.0,0.0,-0.14314784,-0.08312516,0.13305771,0.07283449,-0.19434488,0.1638993,0.03100737,-0.05051504,0.11906487,0.03682065,-0.14851254,-0.12811226,0.49012348,0.00067396666,0.14770922,-0.0023544698,-0.2295852,0.012022514,0.07250332,-0.020707777,0.051764574,-0.041587275,0.102468245,0.041527923,-0.71225595,0.7795077,-0.69569016,-1.0512819,0.70472795,-0.8258882,-0.65663165,-0.9994004,0.9226718,0.59997255,0.6514735,0.21558397,196.94446,-142.08484,204.46617,187.20412,200.39584,-199.13942,-135.91626,-57.435074,-131.9318,-31.237335,219.61981,184.70938,-0.14314784,-0.08312516,-0.6669423,1.6728345,-0.9943449,0.1638993,0.03100737,-0.05051504,-0.68093514,1.6368207,-0.94851255,-0.12811226,9.802469,0.013479333,2.9541843,-0.047089394,-4.591704,0.24045028,1.4500664,-0.4141555,1.0352914,-0.8317455,2.0493648,0.8305584
590,-0.02091333,-0.08609656,0.3379143,-0.064427316,-0.02165054,-0.99768746,1.0,0.0,0.0,-0.09452191,-0.076304376,0.15764117,0.059727073,-0.16269547,0.087650724,-0.0009608663,-0.0640849,0.122015774,0.042654157,-0.065823615,-0.044522166,0.042429034,0.05635884,0.10628934,-0.12078625,0.47552148,-0.7031488,-0.35780758,-0.09543175,-0.05092581,0.11397337,0.54657894,0.6605551,-0.52948284,-1.1780461,0.29660666,0.10849053,-0.25122222,0.050255124,0.5811217,0.9888631,-0.5261613,-0.9486247,-0.338948,-0.6911862,-200.22432,209.59267,-208.3737,-222.37115,200.0109,-199.81483,-198.5845,35.34482,-239.10986,155.67252,38.048218,57.549446,-0.09452191,-0.076304376,-0.64235884,1.6597271,-0.9626955,0.087650724,-0.0009608663,-0.0640849,-0.67798424,1.6426542,-0.8658236,-0.044522166,0.84858066,1.1271768,2.1257868,-2.415725,9.510429,-14.062975,-7.1561513,-1.908635,-1.0185162,2.2794673,10.931579,13.2111025
591,0.015815942,-0.040425263,0.55949706,-0.06741665,-0.020418793,-0.9975159,1.0,0.0,0.0,-0.13154115,-0.077461205,0.17802131,0.046165705,-0.14342725,0.022344794,-0.030768992,-0.075209185,0.1134817,0.061254263,-0.034752727,0.014040205,-0.3726513,-0.05786399,0.0954681,-0.029618982,-0.17312649,-0.04524287,0.01970035,-0.021963738,-0.037250187,0.073883794,-0.16267334,-0.009027852,0.6287904,0.8505849,-0.46217045,-0.15348883,-0.04319012,0.3971107,0.644567,-0.93541044,0.784382,-0.9722989,-0.4101844,-1.0074164,-197.05458,-223.00447,137.6699,127.54484,-98.19706,125.79635,200.55846,183.31932,-106.1821,-125.84673,-206.33908,-195.11983,-0.13154115,-0.077461205,-0.6219787,1.6461657,-0.94342726,0.022344794,-0.030768992,-0.075209185,-0.6865183,1.6612543,-0.83475274,0.014040205,-7.453026,-1.1572798,1.9093618,-0.5923796,-3.4625297,-0.90485734,0.394007,-0.43927476,-0.7450037,1.4776759,-3.2534668,-0.18055703
592,0.086746894,0.045511734,-0.2552047,-0.06727073,-0.022362668,-0.9974841,1.0,0.0,0.0,-0.15320094,-0.08363396,0.19169378,0.028212905,-0.12590027,0.08571288,0.024195505,-0.085801736,0.13044155,0.04441464,-0.13566,-0.061529394,0.08815786,-0.043294903,0.037564114,-0.07798755,0.07942853,0.52630275,0.48615423,-0.07633949,0.18715034,-0.21906666,-0.66465414,-0.68020886,1.2065761,-0.966515,0.53656805,0.09400982,0.76811856,-0.6244457,-0.9711524,1.0625393,-0.8511168,0.9912699,0.4742211,0.06820163,176.46355,-553.40643,128.1557,385.97498,-131.58534,15.442657,198.2484,-166.3884,240.08467,-205.07568,5.7775927,-199.83728,-0.15320094,-0.08363396,-0.6083062,1.6282129,-0.9259003,0.08571288,0.024195505,-0.085801736,-0.66955847,1.6444147,-0.93566,-0.061529394,1.7631572,-0.8658981,0.7512823,-1.559751,1.5885706,10.526055,9.723084,-1.5267898,3.7430067,-4.3813334,-13.293082,-13.6041765
593,-0.042560767,-0.10143043,-0.039764743,-0.06884693,-0.023569196,-0.9973488,1.0,0.0,0.0,-0.09031485,-0.08560585,0.197523,0.040775537,-0.09565908,0.10558393,0.06974251,-0.08776836,0.14559072,0.04128337,-0.18654835,-0.11180334,0.4990495,0.038335282,0.038390726,0.13217604,0.24316502,-0.2197694,0.04153663,0.02199091,-0.012271187,0.1160466,0.06317573,0.054283034,-0.8236245,0.79815143,-0.6559516,-1.0748405,0.13113889,-1.6018943,-0.7607846,-0.93839824,0.95012236,-0.33810365,0.33462209,0.6609617,208.27925,127.95039,15.941727,94.73811,71.29025,-198.0182,-189.27065,162.87355,-196.58113,205.10495,201.5709,197.0665,-0.09031485,-0.08560585,-0.602477,1.6407756,-0.8956591,0.10558393,0.06974251,-0.08776836,-0.6544093,1.6412834,-0.98654836,-0.11180334,9.98099,0.76670563,0.7678145,2.6435208,4.8633003,-4.395388,0.8307326,0.4398182,-0.24542375,2.320932,1.2635146,1.0856607
594,-0.0069048726,-0.0993481,0.3294036,-0.07299591,-0.022608468,-0.99707603,1.0,0.0,0.0,-0.037926823,-0.07320594,0.19325912,0.07477772,-0.03768128,-0.010567592,0.038603336,-0.10054896,0.15300584,0.039577365,-0.09837395,-0.025820473,0.07203511,0.07872873,-0.076395,0.23226444,0.2402256,-0.80942786,-0.32948282,-0.11924621,0.0839888,-0.12912834,0.74868715,0.7409993,-0.65975404,-1.102245,0.32006335,-1.0601808,-0.57448894,0.6900725,0.69230276,0.93302786,-0.5539769,0.54618746,0.014840029,-0.62517685,-202.11545,218.03781,-129.3934,137.81877,-14.322617,-137.4905,-196.54924,-207.72784,174.32506,-232.65343,199.80127,199.6683,-0.037926823,-0.07320594,-0.6067409,1.6747777,-0.8376813,-0.010567592,0.038603336,-0.10054896,-0.6469942,1.6395774,-0.89837396,-0.025820473,1.4407022,1.5745745,-1.5279,4.645289,4.804512,-16.188557,-6.5896564,-2.3849242,1.679776,-2.5825667,14.9737425,14.819985
595,-0.18142663,-0.1195833,0.6019245,-0.07798286,-0.017113194,-0.9968078,1.0,0.0,0.0,-0.07011096,-0.065500654,0.19805163,0.0939945,-0.066407025,-0.095962174,0.012161778,-0.10825541,0.1533395,0.048066378,-0.026412845,0.0496174,-0.35263708,0.003913519,0.10143136,-0.014036111,-0.45680967,-0.11528065,0.02959958,0.028450016,-0.059020337,0.1691861,0.1604297,0.06669901,0.56299925,0.8900534,-0.66114306,-0.67534477,-0.42469838,0.86313564,0.047755145,-1.0053803,0.90269876,-1.505979,-0.20074213,-1.5084555,-197.7135,-221.59337,172.38332,-214.0159,-199.91687,199.72638,199.49988,202.33261,-198.81483,184.24478,-68.1381,-199.9393,-0.07011096,-0.065500654,-0.6019484,1.6939945,-0.86640704,-0.095962174,0.012161778,-0.10825541,-0.6466605,1.6480664,-0.82641286,0.0496174,-7.0527415,0.078270376,2.0286272,-0.2807222,-9.136193,-2.305613,0.5919916,0.5690003,-1.1804067,3.3837218,3.2085938,1.3339802
596,-0.08134934,-0.05354904,0.10831434,-0.08147959,-0.01103032,-0.996614,1.0,0.0,0.0,-0.088493176,-0.056941886,0.21629632,0.07753897,-0.19329149,-0.042890877,0.026568329,-0.105513625,0.16047484,0.05604577,-0.066943824,-0.0012685577,0.12170788,0.07635455,0.08002793,-0.14002822,-0.6094955,0.5766741,0.079650015,-0.007905859,0.11128435,-0.07644587,-0.3353046,-0.5332847,1.1406081,-0.8876281,0.31029275,0.71553487,0.56020224,-0.07442191,-0.6485708,0.88396615,-0.56857586,-0.91848266,0.18948203,-0.07654093,201.17105,199.66145,-210.52023,-225.41055,60.613094,199.91629,-25.084349,-188.75316,201.41621,-216.81891,14.598235,-199.85654,-0.088493176,-0.056941886,-0.5837037,1.677539,-0.9932915,-0.042890877,0.026568329,-0.105513625,-0.6395252,1.6560458,-0.86694384,-0.0012685577,2.4341576,1.5270909,1.6005586,-2.8005645,-12.18991,11.533482,1.5930003,-0.15811718,2.225687,-1.5289174,-6.706092,-10.665694
597,0.02303408,0.0278916,0.23150815,-0.08184061,-0.009277192,-0.99660236,1.0,0.0,0.0,-0.027117524,-0.04491697,0.22777683,0.06399381,-0.24035615,-0.00029273907,-0.0010069229,-0.108644284,0.1712591,0.040890217,-0.07713288,-0.04548113,0.45788208,0.04482265,0.04032003,-0.01019102,0.07110618,-0.06039853,-0.31263915,-0.031220114,-0.004656063,-0.008528925,0.07475086,-0.06446436,-0.8600484,0.9279306,-0.56552935,-0.5544587,0.4051118,-0.60504496,0.20231453,-1.0728512,1.0207134,0.40675956,1.2734752,-0.36050454,198.57483,-186.30469,114.2056,183.7563,200.253,-129.29715,-201.5078,76.49456,-5.7676544,205.55066,66.073166,46.289997,-0.027117524,-0.04491697,-0.5722232,1.6639938,-1.0403562,-0.00029273907,-0.0010069229,-0.108644284,-0.6287409,1.6408902,-0.8771329,-0.04548113,9.157641,0.89645296,0.8064006,-0.20382039,1.4221236,-1.2079706,-6.252783,-0.6244023,-0.09312126,-0.1705785,1.4950173,-1.2892872
598,-0.015326335,-0.029967334,0.054602403,-0.08199224,-0.009029999,-0.99659204,1.0,0.0,0.0,0.025163636,-0.031651933,0.23236394,0.0483402,-0.14857227,-0.091378875,-0.019976722,-0.107774116,0.15939617,0.06644809,-0.044635475,-0.105638295,0.10163859,0.08389563,0.010547502,-0.13565162,0.7762797,-0.7787911,0.080711134,0.028441085,-0.10240827,0.23244059,0.2417218,-0.4796672,-0.7884938,-1.1428086,0.5786673,0.87732565,-0.2494843,0.27874693,1.0952847,0.9968606,-0.7835978,-1.1224899,-0.6666939,-0.86661404,-198.11026,191.35318,-207.70952,-224.34918,200.14403,-199.98279,207.3901,-41.804703,-185.91136,147.81702,59.589157,-75.74547,0.025163636,-0.031651933,-0.5676361,1.6483402,-0.9485723,-0.091378875,-0.019976722,-0.107774116,-0.64060384,1.6664481,-0.8446355,-0.105638295,2.0327718,1.6779126,0.21095003,-2.7130322,15.525594,-15.575823,1.6142226,0.56882167,-2.0481653,4.648812,4.834436,-9.593344
599,0.043594424,-0.012230579,0.22936793,-0.082743496,-0.009281515,-0.9965277,1.0,0.0,0.0,-0.0013085224,-0.03017185,0.2357198,0.039422393,-0.07899916,-0.16671425,0.035184853,-0.092240915,0.14098066,0.101970434,-0.070402324,-0.27767983,-0.32428685,-0.0546478,0.02369461,0.026649758,0.006337043,-0.05145623,0.4351798,0.117673695,-0.08561338,0.13034847,-0.43068287,-1.1725318,0.7813176,0.8846418,-0.537014,-0.64121526,-0.35417277,0.7617664,-1.2048857,-0.94800407,1.0399715,-1.5134118,-0.13992786,1.4450947,-198.16934,-209.08635,191.88902,182.10858,-200.13432,199.8703,205.39755,179.2266,-240.25377,-240.61339,-199.88464,-200.33556,-0.0013085224,-0.03017185,-0.5642802,1.6394224,-0.8789992,-0.16671425,0.035184853,-0.092240915,-0.65901935,1.7019705,-0.87040234,-0.27767983,-6.485737,-1.092956,0.47389218,0.53299516,0.12674086,-1.0291246,8.703596,2.353474,-1.7122675,2.6069694,-8.613657,-23.450636
600,0.11519128,0.033947222,0.063923284,-0.08237265,-0.012016624,-0.9965292,1.0,0.0,0.0,-0.013849184,-0.032199424,0.2418282,0.036380887,-0.14642298,-0.099448435,0.081978306,-0.08333153,0.13824838,0.09590721,-0.10932821,-0.4370163,0.14730301,0.024692833,0.028542489,-0.06260016,-0.4962232,0.6486058,0.06910447,-0.0152533995,0.048213106,-0.1599178,-0.10248168,-0.48956037,1.0384123,-1.0272094,0.6073699,0.041099485,0.4162799,-0.34839538,-0.8283457,1.0734786,-0.76626813,0.45072252,0.022272997,0.8530197,200.60309,199.18652,-204.51404,-220.1815,-2.4181106,199.96672,-199.2722,-203.48918,204.75116,-215.85042,31.763756,200.14719,-0.013849184,-0.032199424,-0.5581718,1.6363809,-0.946423,-0.099448435,0.081978306,-0.08333153,-0.6617516,1.6959072,-0.9093282,-0.4370163,2.9460602,0.49385667,0.5708498,-1.2520031,-9.924464,12.972116,1.3820894,-0.305068,0.9642621,-3.198356,-2.0496335,-9.791207
601,0.035535928,-0.023103092,0.25433382,-0.082441725,-0.014170616,-0.9964951,1.0,0.0,0.0,0.051332217,-0.024491198,0.2562632,0.023507476,-0.17108274,-0.043193094,0.051871885,-0.080327176,0.1253553,0.09436929,-0.07614517,-0.4601177,0.4712935,0.050774347,0.10391676,-0.06073246,0.18190072,-0.019194966,-0.33094856,0.039916795,-0.15528885,0.11792143,0.24303417,0.19066812,-1.0697368,0.79711753,-0.6516776,-0.076346576,0.50617003,-0.7202127,0.75941867,-0.9597614,0.84690475,-1.183434,-0.5852567,0.52852005,194.36076,-160.79443,190.70587,66.44075,200.21408,-199.16821,-201.52977,226.97989,-191.06964,185.94252,-6.442005,200.6622,0.051332217,-0.024491198,-0.5437368,1.6235075,-0.97108275,-0.043193094,0.051871885,-0.080327176,-0.6746447,1.6943693,-0.8761452,-0.4601177,9.42587,1.015487,2.078335,-1.2146492,3.6380143,-0.3838993,-6.6189713,0.7983359,-3.1057768,2.3584285,4.8606834,3.8133624
602,-0.004973424,-0.04590205,0.096563004,-0.08354855,-0.015067924,-0.99638987,1.0,0.0,0.0,0.1074062,-0.011933753,0.2643692,0.01966405,-0.09253508,-0.114796735,0.03258588,-0.077918,0.11918563,0.08828914,-0.103710175,-0.34420577,0.12612022,0.07901658,-0.04197773,0.11230399,0.33237487,-0.5598401,0.09549476,-0.0005940257,0.07728194,-0.15708807,-0.44941288,0.8984667,-0.89397395,-1.1689727,0.51389986,0.9135439,-0.6554423,0.7858137,0.78656244,0.9129592,-0.69384515,-0.11145942,-0.5215569,0.1261067,-195.19675,182.19109,-146.23814,320.5156,-59.322678,-115.48937,200.27675,-201.35367,204.51993,-218.85005,-199.88403,200.21053,0.1074062,-0.011933753,-0.5356308,1.6196641,-0.8925351,-0.114796735,0.03258588,-0.077918,-0.6808144,1.6882892,-0.9037102,-0.34420577,2.5224044,1.5803316,-0.8395546,2.2460797,6.647497,-11.196801,1.9098952,-0.011880514,1.5456387,-3.1417613,-8.988257,17.969334
603,0.043931693,-0.021731386,0.25323817,-0.08469671,-0.015559047,-0.99628526,1.0,0.0,0.0,0.08323102,-0.013121053,0.25748706,0.054786086,-0.1036793,-0.15065333,0.093436114,-0.071120255,0.13483453,0.047313213,-0.24245209,-0.16193506,-0.32213828,-0.073609926,-0.02403586,0.22764741,-0.37332803,0.1321222,0.4889197,0.0625749,0.07772904,-0.19581866,-0.6805875,0.79733354,0.5276143,0.8744671,-0.7354371,-0.80052334,0.0419558,0.9096372,-0.73233396,-0.93957585,1.0413275,-0.15109332,0.5207565,-0.61565286,-195.54776,-217.66786,196.95221,180.54591,-199.93526,199.75658,232.5424,33.660355,583.7781,661.5979,190.47427,-76.66326,0.08323102,-0.013121053,-0.54251295,1.6547861,-0.9036793,-0.15065333,0.093436114,-0.071120255,-0.6651655,1.6473132,-1.0424521,-0.16193506,-6.4427657,-1.4721985,-0.48071718,4.552948,-7.4665604,2.642444,9.778394,1.251498,1.5545807,-3.9163733,-13.61175,15.946671
604,0.15421918,-0.11163635,0.015865795,-0.08774854,-0.01906577,-0.9959601,1.0,0.0,0.0,0.07183142,-0.01775471,0.25481695,0.08453488,-0.10223919,-0.04788859,0.15421195,-0.07106512,0.15520418,0.02261281,-0.28934604,-0.059483677,0.16034545,0.016991219,-0.0067742146,0.084668815,0.2720265,0.8262569,0.12563746,-0.04477742,0.10397295,-0.098109946,0.081316315,0.2797783,0.9881328,-1.1061678,0.3019263,-1.5334922,0.25640017,-0.21784267,-1.2086625,0.9672806,-0.3935856,1.3270274,0.86391085,-0.9652145,198.74704,205.45639,-203.85979,-221.16959,85.714615,200.22887,-207.57999,-163.90598,4.666107,66.96788,190.79712,-148.27438,0.07183142,-0.01775471,-0.54518306,1.6845349,-0.9022392,-0.04788859,0.15421195,-0.07106512,-0.64479584,1.6226128,-1.089346,-0.059483677,3.206909,0.33982435,-0.1354843,1.6933763,5.44053,16.525137,2.5127492,-0.8955484,2.079459,-1.9621989,1.6263263,5.595566
605,0.019062474,0.035280176,0.08628098,-0.08945083,-0.022012413,-0.9957479,1.0,0.0,0.0,0.13689491,-0.010555229,0.26117688,0.077698946,0.009698272,0.044024594,0.13371488,-0.07149176,0.14828277,0.032919645,-0.19608444,-0.08247927,0.46020028,0.050479222,0.05443728,-0.12516679,0.6310489,0.1600274,-0.29079378,0.033873554,-0.15223151,0.16987938,0.78010106,-0.43726835,-0.911906,0.8743231,-0.30159733,-0.85637087,-0.29031008,-0.3643184,0.54862344,-0.99954987,0.9446007,-1.2879729,-0.7517444,-0.20133103,198.31041,-190.28896,30.952553,-218.9639,-41.298176,-199.48802,-200.01863,216.62846,-195.40247,181.66722,200.15082,-199.91951,0.13689491,-0.010555229,-0.5388231,1.677699,-0.79030174,0.044024594,0.13371488,-0.07149176,-0.65171725,1.6329197,-0.99608445,-0.08247927,9.204005,1.0095844,1.0887456,-2.5033357,12.620978,3.200548,-5.8158755,0.6774711,-3.0446303,3.3975875,15.602021,-8.745367
606,0.022980323,0.058738366,-0.038507394,-0.08743135,-0.022998245,-0.99590504,1.0,0.0,0.0,0.18903641,0.000846307,0.27416468,0.053165555,0.05743563,-0.0071397093,0.12199774,-0.06982763,0.14188516,0.03505087,-0.11652124,-0.13543071,0.10872145,0.0660042,0.080210544,-0.096817195,-0.09441268,-0.5748121,0.12883204,-0.010215792,0.06642049,-0.11826368,0.08532581,-0.18241136,-1.054192,-1.1716514,0.7747951,1.5620058,-0.026202515,0.77203494,1.0988929,1.0694495,-0.761369,-0.4708922,-0.5212219,0.53256387,-164.54567,201.38707,208.30801,203.20555,-223.77426,-170.57326,199.82791,-197.52266,203.15234,-213.82047,-199.92107,29.498817,0.18903641,0.000846307,-0.52583534,1.6531656,-0.7425644,-0.0071397093,0.12199774,-0.06982763,-0.65811485,1.6350509,-0.91652125,-0.13543071,2.174429,1.320084,1.6042109,-1.9363439,-1.8882535,-11.496242,2.5766408,-0.20431584,1.3284098,-2.3652735,1.7065161,-3.648227
607,0.06831628,0.07042164,0.096495695,-0.08453898,-0.024914794,-0.99610865,1.0,0.0,0.0,0.16119428,-0.0042960737,0.29183537,0.045535803,0.026700437,-0.0463772,0.19275418,-0.065895475,0.15709919,0.004270792,-0.17003047,-0.09442567,-0.34243402,-0.100458376,0.09818688,0.008756544,-0.14762676,0.11372322,0.5576136,0.045251552,0.09533074,-0.12568878,-0.50317484,0.5439406,0.65328914,0.8363504,-0.5556263,-0.381139,0.2997211,0.737809,-0.9907578,-1.0486064,1.1351173,1.1522934,0.35491443,0.17533287,-193.40552,-230.53056,178.90936,173.98886,20.511234,199.47084,213.699,171.70033,301.1494,288.44028,-117.22666,227.36252,0.16119428,-0.0042960737,-0.50816464,1.6455358,-0.7732996,-0.0463772,0.19275418,-0.065895475,-0.6429008,1.6042708,-0.9700305,-0.09442567,-6.8486805,-2.0091674,1.9637376,0.17513089,-2.9525352,2.2744644,11.152272,0.905031,1.9066148,-2.5137756,-10.063497,10.878812
608,0.01739904,0.033720057,-0.006717793,-0.08254124,-0.026287578,-0.99624085,1.0,0.0,0.0,0.1442292,-0.014863894,0.30378506,0.04457116,0.051924467,0.04978773,0.261034,-0.06419508,0.17199147,-0.007809162,-0.19779247,0.011659727,0.12805222,-0.025822118,0.012638844,0.032498673,0.26332423,0.693146,0.15879393,-0.022439713,0.056567907,-0.0076250373,0.15623431,0.45335364,1.1202089,-1.3318356,0.5787197,0.31724936,0.815264,-0.328781,-1.3237929,1.0538286,-0.49153927,-0.39666867,0.8729338,-0.9181662,320.72433,-409.9392,-281.38217,294.12616,-63.691544,25.141724,-199.53357,-197.23251,141.68985,182.9942,194.40228,-62.32199,0.1442292,-0.014863894,-0.49621496,1.6445712,-0.74807554,0.04978773,0.261034,-0.06419508,-0.62800854,1.5921909,-0.9977925,0.011659727,2.5610445,-0.51644236,0.25277686,0.64997345,5.2664843,13.86292,3.1758785,-0.44879425,1.1313581,-0.15250075,3.124686,9.067073
609,0.09488845,-0.03117127,0.063305974,-0.08286426,-0.028446289,-0.9961548,1.0,0.0,0.0,0.20667946,-0.014053887,0.29418218,0.079096675,0.12512541,0.10541761,0.2455653,-0.06513059,0.18154663,-0.023882508,-0.08912331,0.023438722,0.45414862,0.029988194,-0.08293578,0.27755928,0.49958196,-0.041280348,-0.26963946,0.0068723424,0.038663484,-0.13965313,0.8602926,-0.264095,-0.9100281,0.8380743,-0.6747846,-0.8988196,-0.5466882,-0.2758261,0.25803033,-0.93310416,1.0885212,0.8440121,-0.6599392,-0.48313165,163.3912,22.356262,62.136475,265.94254,108.54393,-200.97961,-200.08818,197.13362,-196.40648,-216.48784,200.09973,-200.29344,0.20667946,-0.014053887,-0.50581783,1.6790967,-0.6748746,0.10541761,0.2455653,-0.06513059,-0.6184534,1.5761175,-0.8891233,0.023438722,9.082973,0.5997639,-1.6587156,5.5511856,9.991639,-0.82560694,-5.392789,0.13744685,0.77326965,-2.7930624,17.205853,-5.2819
610,0.02671091,-0.057365235,0.09726805,-0.08462234,-0.030483501,-0.99594665,1.0,0.0,0.0,0.26145977,-0.0035491644,0.27694172,0.122918606,0.15129614,0.020756392,0.22838488,-0.05897431,0.18798387,-0.027790427,-0.019964933,-0.08789723,0.12585336,0.07154102,-0.086942874,0.1708445,-0.17086735,-0.67172724,0.008906021,0.060523566,0.019220578,0.085558556,-0.09400251,-0.7724729,-1.0174246,-1.205469,0.24720284,-1.3387449,-1.0019734,0.02824283,1.0239985,1.0286348,-0.5495275,-0.65196997,0.0056430325,0.8153544,-201.02184,200.55058,-209.58418,-223.25269,-200.14427,-50.047825,54.039852,2.8011322,161.39972,226.5387,-239.33365,-150.51149,0.26145977,-0.0035491644,-0.5230583,1.7229186,-0.6487039,0.020756392,0.22838488,-0.05897431,-0.61201614,1.5722096,-0.81996495,-0.08789723,2.5170672,1.4308203,-1.7388575,3.41689,-3.417347,-13.434545,0.17812042,1.2104713,0.38441154,1.711171,-1.8800502,-15.449458
611,-0.06702406,0.19551793,0.15914595,-0.08145101,-0.029125938,-0.9962516,1.0,0.0,0.0,0.23843685,-0.006850283,0.26228523,0.13433444,0.042191327,-0.038260873,0.2728817,-0.049635842,0.1793024,-0.009001017,-0.026962519,-0.1697597,-0.3126695,-0.085395,-0.061394352,-0.035683896,-0.85249346,0.0055491864,0.39794254,0.03473086,-0.08758917,0.08844862,0.005362028,-0.12556167,0.6681257,0.85894114,-0.18814445,-0.56056917,-0.10072917,0.9316791,-0.7859278,-0.8448046,1.1278993,-0.2990465,0.425278,1.0922343,-206.09232,-177.31581,8.466544,-224.86234,-200.3334,173.66753,209.30663,-170.49956,-164.21826,-80.772064,11.544144,173.87999,0.23843685,-0.006850283,-0.5377148,1.7343345,-0.7578087,-0.038260873,0.2728817,-0.049635842,-0.6206976,1.590999,-0.82696253,-0.1697597,-6.2533894,-1.7079,-1.227887,-0.7136779,-17.04987,0.11098372,7.958851,0.69461715,-1.7517834,1.7689724,0.10724056,-2.5112333
612,0.04782443,0.2227684,0.053640857,-0.07328198,-0.028633378,-0.9969001,1.0,0.0,0.0,0.22742812,-0.011747612,0.24804199,0.11091578,-0.052416325,0.039667767,0.30733648,-0.05926453,0.16835278,-0.005649686,0.0020775795,-0.10794068,0.15622489,0.020391323,-0.07777182,-0.18406971,-0.20764244,0.70345926,-0.011740587,-0.113255285,-0.030698666,-0.040417477,0.25263605,0.6704306,1.1143217,-1.1524547,0.8617655,0.10505134,0.17352796,-0.38674816,-1.103851,1.0798508,-0.36102995,1.2943082,-0.083668806,-0.65307844,204.67146,179.31644,-193.25098,-220.6501,104.448006,199.44962,-201.4466,-226.04544,79.6162,-58.246307,69.91637,234.91081,0.22742812,-0.011747612,-0.551958,1.7109158,-0.85241634,0.039667767,0.30733648,-0.05926453,-0.6316472,1.5943503,-0.79792243,-0.10794068,3.124498,0.40782645,-1.5554364,-3.681394,-4.1528487,14.069185,-0.23481172,-2.2651057,-0.6139733,-0.80834955,5.052721,13.408611
613,0.011554205,0.17383027,0.11762727,-0.06565856,-0.029427912,-0.99740815,1.0,0.0,0.0,0.29271388,-0.007827007,0.23702705,0.08165324,-0.021635056,0.10689264,0.2586199,-0.07481148,0.14121413,0.018552065,-0.007902265,-0.05264789,0.46714044,0.016996106,-0.037503343,-0.113425694,0.39881906,0.035620164,-0.43389258,-0.047023747,-0.22588702,0.25129455,-0.1696695,-0.046160933,-1.085492,0.83587945,-0.19708456,-0.53915066,0.41191244,-0.7176986,0.9265646,-1.0106667,0.94768786,-1.3578082,-0.75977284,-0.443288,207.53531,-240.8113,212.4058,131.5581,78.213455,-200.74664,-198.87048,242.6904,-222.47379,173.20105,-14.09924,-199.17632,0.29271388,-0.007827007,-0.56297296,1.6816533,-0.82163507,0.10689264,0.2586199,-0.07481148,-0.6587859,1.6185521,-0.8079023,-0.05264789,9.342809,0.33992213,-0.7500669,-2.268514,7.9763813,0.71240324,-8.677852,-0.9404749,-4.5177402,5.025891,-3.3933897,-0.9232186
614,0.01664704,0.17876594,0.016355587,-0.058619905,-0.02991717,-0.99783206,1.0,0.0,0.0,0.348866,-0.0031785318,0.22795534,0.043667197,0.1174072,0.03507273,0.21676199,-0.086833574,0.11983889,0.037377596,-0.11797565,-0.13408777,0.12678412,0.030451784,-0.04738679,-0.2527797,0.7623877,-0.6822913,-0.024111273,-0.07378804,-0.0073343753,-0.034483932,-0.8622986,-0.6620622,-0.9026983,-1.1271361,1.0782566,1.1984694,-0.20843531,0.7126104,0.82478034,1.0910001,-0.5486829,-0.28087872,0.2633294,0.16663992,-194.74051,170.76216,-184.06651,-218.25586,-57.593845,-200.5371,200.45149,-194.78218,193.13031,-225.03384,-200.2512,-89.051346,0.348866,-0.0031785318,-0.5720447,1.6436672,-0.6825928,0.03507273,0.21676199,-0.086833574,-0.6801611,1.6373776,-0.91797566,-0.13408777,2.5356822,0.6090357,-0.9477358,-5.0555935,15.247753,-13.645826,-0.48222545,-1.4757608,-0.14668751,-0.6896786,-17.245972,-13.241244
615,0.07548518,0.22658391,0.15485968,-0.05053664,-0.031642593,-0.9982208,1.0,0.0,0.0,0.32780448,-0.007843231,0.22015494,0.029887676,0.17300755,-0.022972258,0.25382593,-0.09713182,0.1185599,0.017312765,-0.21280712,-0.19064787,-0.28973347,-0.07857668,-0.028982094,0.020236133,-0.058266122,0.03428364,0.3561005,-0.036238883,-0.0047245985,-0.1505578,-0.15665777,0.026987752,-0.26628244,0.9580236,-0.1435085,0.1447252,-0.3873452,0.8105265,-0.8151948,-0.93869305,1.21622,0.7606721,0.52921873,0.88916683,-200.25958,-185.80484,204.82411,196.76692,-199.64384,201.5666,199.74448,168.32697,-174.28448,-204.5538,200.77135,199.27962,0.32780448,-0.007843231,-0.5798451,1.6298877,-0.62699246,-0.022972258,0.25382593,-0.09713182,-0.6814401,1.6173128,-1.0128071,-0.19064787,-5.794669,-1.5715334,-0.5796419,0.40472266,-1.1653224,0.6856728,7.1220098,-0.72477764,-0.094491966,-3.0111558,-3.1331553,0.53975505
616,0.0892519,0.18718216,0.6377988,-0.04312464,-0.03428314,-0.9984813,1.0,0.0,0.0,0.22817458,-0.021146035,0.20132458,0.058950067,0.08539319,0.05700388,0.28088185,-0.11478872,0.1139248,0.0012265444,-0.16983104,-0.10839734,-0.6697229,-0.05477947,-0.13580199,0.21295929,-0.7463357,0.6993442,-0.04487428,-0.12796742,-0.04097994,-0.026508851,0.51862586,0.7257568,1.102909,-1.0646015,0.75298214,-1.6236414,0.12482345,-0.49880096,-0.74152434,1.0601923,-0.39277175,-0.059844583,0.019403078,-0.5778516,-203.16043,233.33095,-210.058,-20.54326,-199.42946,200.96037,-201.7038,-198.28412,213.60645,186.08296,200.18993,200.20544,0.22817458,-0.021146035,-0.59867543,1.6589501,-0.7146068,0.05700388,0.28088185,-0.11478872,-0.6860752,1.6012266,-0.96983105,-0.10839734,-13.394458,-1.0955894,-2.7160397,4.259186,-14.926713,13.986884,-0.8974856,-2.5593483,-0.8195988,-0.530177,10.372517,14.515136
617,0.043311644,0.1643651,0.72431856,-0.037009284,-0.035788782,-0.9986738,1.0,0.0,0.0,0.13105021,-0.031418327,0.19369859,0.07024181,0.012138367,0.123899855,0.22020891,-0.1310891,0.095569134,-0.007099986,-0.0899806,-0.042229228,-0.3345625,-0.05026993,0.04277825,-0.06983211,-0.056187876,0.03596671,-0.5165531,-0.038993783,-0.13731399,-0.047574505,0.31198132,0.007602772,1.0216823,0.7579775,-0.22762322,-1.5131624,0.2290793,-0.8406459,0.15838066,-1.0914496,1.0150665,0.49245256,-0.46685994,-0.60932434,200.04848,-201.2474,187.49532,-220.1729,199.7827,-200.01527,-198.0282,256.79535,-217.00398,-86.3716,-53.411285,-198.98225,0.13105021,-0.031418327,-0.6063014,1.6702418,-0.78786165,0.123899855,0.22020891,-0.1310891,-0.7044309,1.5929,-0.8899806,-0.042229228,-6.6912503,-1.0053986,0.85556495,-1.3966422,-1.1237575,0.7193342,-10.331062,-0.77987564,-2.7462797,-0.9514901,6.2396264,0.15205544
618,-0.028288152,0.1824131,0.104391396,-0.030556038,-0.03544645,-0.99890435,1.0,0.0,0.0,0.11567171,-0.02693949,0.19703841,0.044320345,0.06607252,0.05504425,0.16903074,-0.14037322,0.07563573,-0.0031348467,-0.10504669,-0.11435502,0.13174239,0.08143786,-0.00015759705,-0.17826806,0.39995095,-0.6553773,-0.09094411,-0.05604088,-0.07337701,0.07373863,-0.39240605,-0.66294163,0.616899,-1.1452976,0.8772546,0.51639384,1.1574253,0.10847923,0.692039,0.9869733,-0.61237085,-1.0861061,-0.081270166,-0.11425117,202.54964,186.3233,-203.9578,-220.98569,-6.6104364,-200.30357,73.4754,-193.10037,195.31462,179.74586,-200.17613,-199.76677,0.11567171,-0.02693949,-0.6029616,1.6443204,-0.7339275,0.05504425,0.16903074,-0.14037322,-0.7243643,1.5968652,-0.9050467,-0.11435502,2.6348476,1.6287572,-0.003151941,-3.5653613,7.999019,-13.107546,-1.8188822,-1.1208175,-1.4675403,1.4747726,-7.8481207,-13.258833
619,-0.032860335,0.12710297,-0.40360874,-0.024015,-0.034672517,-0.9991102,1.0,0.0,0.0,0.18340297,-0.016603619,0.1838783,0.04314816,0.1692751,-0.001297302,0.19394498,-0.14669813,0.066488385,-0.0013782978,-0.11931139,-0.17178498,0.4777572,0.023198063,-0.15946224,0.18706892,0.47699195,0.060253114,0.30243513,-0.0076167784,-0.01712017,-0.045008164,0.07195353,0.005470417,-0.74101794,0.92599875,-0.35465074,-0.14118007,-0.35661894,1.0767173,-0.72634596,-1.0889301,1.2185043,0.2228991,0.24546647,1.2260121,161.8505,-238.85558,-138.33759,334.88684,9.1935425,214.89938,199.07039,190.7878,-193.85915,-211.2413,24.008715,148.3684,0.18340297,-0.016603619,-0.6161217,1.6431482,-0.6307249,-0.001297302,0.19394498,-0.14669813,-0.7335116,1.5986217,-0.9193114,-0.17178498,9.555143,0.46396124,-3.1892447,3.7413785,9.539839,1.2050623,6.0487022,-0.15233557,-0.34240338,-0.9001633,1.4390706,0.109408334
620,-0.10434719,0.10628503,0.06808694,-0.019188099,-0.031924047,-0.9993062,1.0,0.0,0.0,0.23092708,-0.0152596105,0.1540733,0.08482385,0.18357772,0.07044217,0.21468113,-0.15425853,0.0580253,0.0006785393,-0.034355342,-0.09367198,0.045630556,-0.0033171903,-0.14237638,0.21721585,-0.25749585,0.60663885,-0.058651168,-0.06168574,-0.061928567,0.054895382,0.63613784,0.70553654,-0.77016085,-1.2719874,0.85312736,-0.7333743,-0.85684335,-0.60151255,-0.6311549,1.0718971,-0.6882721,-0.8934668,-0.30773017,-1.0125707,-198.25089,-4.6784363,-41.331696,-22.45105,-211.91972,163.52736,-199.6252,-197.83842,200.39575,180.1937,39.748272,200.1232,0.23092708,-0.0152596105,-0.6459267,1.6848239,-0.6164223,0.07044217,0.21468113,-0.15425853,-0.7419747,1.6006786,-0.83435535,-0.09367198,0.91261107,-0.06634381,-2.8475275,4.344317,-5.1499166,12.132776,-1.1730233,-1.2337148,-1.2385713,1.0979077,12.722756,14.110731
621,-0.08562818,0.15559366,0.69730943,-0.014346821,-0.027807537,-0.9995104,1.0,0.0,0.0,0.1859295,-0.025606362,0.14703184,0.098854065,0.05646968,0.11565151,0.14241382,-0.15781637,0.037489414,-0.0046839714,0.018760502,-0.031595554,-0.44527766,-0.09228309,0.05050071,-0.052183013,-0.94581795,-0.084591694,-0.6104963,0.022173692,-0.13637894,-0.09240018,-0.03732316,-0.012801984,-0.12403978,0.8208458,-0.19857383,-0.48909795,0.036773622,-0.55065185,0.78731,-1.1570469,0.997332,0.09909628,-0.012371086,-1.0665246,-200.62666,-200.17587,178.88097,-229.38304,-200.4503,-199.7235,-198.0169,276.3567,-191.00327,-209.29831,-199.57376,-198.4424,0.1859295,-0.025606362,-0.65296817,1.6988541,-0.74353033,0.11565151,0.14241382,-0.15781637,-0.7625106,1.595316,-0.7812395,-0.031595554,-8.905553,-1.8456619,1.0100142,-1.0436603,-18.916359,-1.6918339,-12.209926,0.44347382,-2.7275789,-1.8480035,-0.7464631,-0.25603968
622,-0.19632684,0.13808909,0.38887003,-0.009161325,-0.021683773,-0.99972296,1.0,0.0,0.0,0.07811538,-0.03338516,0.15229994,0.07546258,-0.05486852,0.020582674,0.07584166,-0.15592813,0.019233584,-0.009315729,0.0068267584,-0.10741274,-0.5286096,0.012023921,0.0072731287,-0.16925518,-0.23869088,-0.79248965,-0.09909886,-0.0056644077,-0.054059397,0.03192416,-0.057246305,-0.67902035,1.226036,-0.95955247,0.8965642,0.1151672,0.66115963,0.0685838,0.62302685,0.9362024,-0.6110046,-0.8498787,0.17457652,-0.5472441,39.366806,229.27856,-193.9108,-215.47089,199.95609,-199.08028,200.2805,-190.24966,204.54272,177.04065,10.592179,-199.75853,0.07811538,-0.03338516,-0.6477001,1.6754626,-0.85486853,0.020582674,0.07584166,-0.15592813,-0.7807664,1.5906843,-0.79317325,-0.10741274,-10.572191,0.24047843,0.14546257,-3.3851037,-4.7738175,-15.8497925,-1.9819772,-0.11328815,-1.081188,0.63848317,-1.1449261,-13.580407
623,-0.118058205,0.13264516,-0.008210111,-0.0037639143,-0.015269002,-0.99987626,1.0,0.0,0.0,0.019696139,-0.037773,0.15412366,0.052240133,-0.02846241,-0.058953203,0.09433351,-0.15208791,0.008171141,-0.0019700527,0.03878498,-0.26509005,-0.09841698,-0.053265568,0.013329729,-0.077520244,0.43558612,-0.07470937,0.25547206,0.035812892,-0.080836356,0.12922582,0.14172311,-0.69164425,1.1272897,0.96593595,-0.15678354,0.5896818,0.107979506,0.43332836,-0.94453776,-1.036452,1.186893,-0.077960595,0.27310836,0.15971425,199.50027,-193.95618,192.14426,168.963,199.78131,200.10515,184.53528,151.93073,-111.362946,201.68915,-19.560425,69.14333,0.019696139,-0.037773,-0.64587635,1.6522402,-0.8284624,-0.058953203,0.09433351,-0.15208791,-0.7918289,1.59803,-0.76121503,-0.26509005,-1.9683396,-1.0653113,0.2665946,-1.5504049,8.711722,-1.4941874,5.1094413,0.7162578,-1.6167271,2.5845163,2.8344622,-13.832885
624,0.15793395,0.1862958,-0.072392695,0.0027390604,-0.016721755,-0.9998565,1.0,0.0,0.0,0.047227245,-0.048496976,0.1386655,0.06460655,0.03121245,0.0025349574,0.11166085,-0.15649936,-0.012690663,0.024718642,0.070225775,-0.30841658,0.32978618,-0.05503971,-0.15046096,0.17564446,0.22032647,0.620002,-0.054269522,-0.075003244,-0.120145015,0.12034132,0.19738203,0.15195934,-0.10290479,-0.8371222,0.9014362,-1.3746676,0.1324262,-0.69146204,-0.85808533,1.1125642,-0.64378715,1.2597001,-0.9497839,0.19472578,199.9569,174.23766,-186.65471,187.32504,-39.54276,199.65784,-180.05113,-204.05745,17.978271,-15.4729,35.724457,229.95845,0.047227245,-0.048496976,-0.6613345,1.6646066,-0.76878756,0.0025349574,0.11166085,-0.15649936,-0.8126907,1.6247187,-0.72977424,-0.30841658,6.5957236,-1.1007942,-3.0092192,3.5128891,4.4065294,12.40004,-1.0853904,-1.5000648,-2.4029002,2.4068265,3.9476407,3.0391867
625,0.037898477,0.12593429,0.5918029,0.008563761,-0.020360783,-0.999756,1.0,0.0,0.0,0.06062341,-0.0641742,0.13059062,0.070819736,0.07136518,0.0505657,0.043414358,-0.15843786,-0.06166047,0.07819867,0.033766627,-0.20387535,-0.14674751,-0.09682236,0.04731155,-0.0859566,0.16760725,-0.07050303,-0.5754411,0.04738487,-0.34571123,0.38447613,-0.49224916,0.8144402,-1.422102,0.8563237,-0.014575778,-1.0870894,0.08597988,-0.80289394,1.0110376,-0.7176269,0.86329544,-1.1540011,-0.30297896,0.5354377,-200.25798,-195.69046,198.04825,-217.98297,-23.517426,-199.94388,-189.24425,270.3391,-193.78036,176.9978,-199.22728,162.0084,0.06062341,-0.0641742,-0.6694094,1.6708198,-0.72863483,0.0505657,0.043414358,-0.15843786,-0.8616605,1.6781987,-0.7662334,-0.20387535,-2.93495,-1.9364471,0.94623095,-1.7191321,3.352145,-1.4100606,-11.508822,0.9476974,-6.9142246,7.6895223,-9.844983,16.288803
626,0.021737529,0.20159294,0.5461876,0.0148490565,-0.022182949,-0.9996437,1.0,0.0,0.0,-0.010282922,-0.074108385,0.1337747,0.052627087,0.07419914,-0.031252425,-0.01648769,-0.16146168,-0.10447353,0.123893976,-0.09027994,0.027844217,-0.5051614,0.013264022,-0.017216237,-0.00055252435,-0.098468944,-0.6103188,-0.07788595,-0.06296453,-0.107746564,0.0969642,-0.5720976,1.2848557,0.8843994,-0.9784762,1.0711952,0.5241309,1.041173,-0.55653876,0.7583276,1.0643729,-0.54127455,-0.6146037,0.3641556,-0.5803344,-202.52399,393.945,158.8604,382.8156,-28.469795,-111.54519,200.1466,-195.19836,201.00763,-228.23167,67.254364,-67.95918,-0.010282922,-0.074108385,-0.6662253,1.6526271,-0.7258009,-0.031252425,-0.01648769,-0.16146168,-0.90447354,1.723894,-0.89027995,0.027844217,-10.103228,0.26528043,-0.34432474,-0.011050487,-1.9693788,-12.206375,-1.557719,-1.2592906,-2.1549313,1.9392841,-11.441952,25.697115
627,0.0044747307,0.16755338,0.08362393,0.021922885,-0.02289334,-0.99949753,1.0,0.0,0.0,-0.06512486,-0.0630842,0.11473441,0.082968354,0.06908548,-0.18888979,0.0020002685,-0.1670355,-0.12305093,0.13044429,-0.12705326,0.20781073,-0.08656818,0.069180876,-0.15051554,0.25429773,0.06859878,-0.85985607,0.23093891,-0.00085741625,-0.081950635,-0.016825533,0.1335378,0.5851076,1.0722688,0.7752858,-0.022970108,-0.9496049,0.63283193,0.31345522,-0.74250513,-1.1075791,1.0652988,-0.52080846,0.47447002,-0.7487628,198.48595,-114.73975,-113.81271,155.93645,81.69429,23.277607,197.2188,180.3814,-201.081,-220.30475,199.8056,-200.5404,-0.06512486,-0.0630842,-0.6852656,1.6829684,-0.73091453,-0.18888979,0.0020002685,-0.1670355,-0.92305094,1.7304443,-0.9270533,0.20781073,-1.7313635,1.3836175,-3.0103106,5.0859547,1.3719755,-17.19712,4.618778,-0.017148325,-1.6390127,-0.33651066,2.6707559,11.702152
628,0.067373,0.102388866,0.017722094,0.027537879,-0.024505798,-0.9993203,1.0,0.0,0.0,-0.039529927,-0.053276107,0.080934286,0.127478,0.12656283,-0.28809217,0.016103595,-0.17090279,-0.12292534,0.09442699,-0.024941087,0.24983606,0.30474433,0.031580597,-0.16787337,0.18797427,0.4866635,-0.20326523,-0.061306458,-0.0317342,0.07369916,-0.31379128,0.81953335,-0.09654734,0.32837278,-1.0264876,0.3736986,-0.97063535,-0.70862126,0.82602215,-0.956854,0.9878305,-0.23197588,1.1731689,-0.10734785,-0.92733496,199.88899,178.70885,-70.00005,-225.37144,199.84302,200.01933,-200.91028,-191.62288,213.53433,-216.4029,200.19998,-200.08994,-0.039529927,-0.053276107,-0.7190657,1.727478,-0.6734372,-0.28809217,0.016103595,-0.17090279,-0.92292535,1.694427,-0.8249411,0.24983606,6.094887,0.63161194,-3.3574674,3.7594855,9.73327,-4.0653048,-1.2261292,-0.63468397,1.4739832,-6.2758255,16.390667,-1.9309468
629,-0.040204953,0.0056560156,0.17031512,0.029723147,-0.024687968,-0.9992533,1.0,0.0,0.0,0.061341386,-0.052046046,0.07153493,0.13974583,0.14824957,-0.25024068,-0.05214071,-0.15641035,-0.13032645,0.060070515,0.063224554,0.15083244,0.60970896,-0.017900059,0.05480274,-0.040948737,-0.2010556,0.5085276,-0.5703313,0.15683387,-0.114483535,-0.059869643,0.12995164,-0.8205542,-1.4020989,0.8506151,-0.3314707,-0.5523636,-0.933673,0.5236452,1.223407,-1.0382758,0.8319987,-0.31384617,-0.8845296,-0.37456426,30.398645,-196.75816,209.1312,-208.46437,-199.66402,200.11331,-196.7967,258.34967,-61.835983,207.46443,-199.19728,-199.03958,0.061341386,-0.052046046,-0.7284651,1.7397459,-0.65175045,-0.25024068,-0.05214071,-0.15641035,-0.93032646,1.6600705,-0.73677546,0.15083244,12.19418,-0.35800117,1.0960548,-0.81897473,-4.021112,10.170551,-11.406626,3.1366773,-2.2896707,-1.1973928,2.5990326,-16.411083
630,-0.07242369,0.06949007,0.118206516,0.03132183,-0.022742435,-0.99925065,1.0,0.0,0.0,0.14165634,-0.0503801,0.07790989,0.11796057,0.034026504,-0.0756057,-0.11122251,-0.13830374,-0.12573159,0.01799047,0.013195872,-0.041596163,0.23090874,0.030258864,0.015183714,-0.16810696,-0.87402123,1.1716068,-0.067614764,0.030409565,0.13456552,-0.3363611,-0.56108636,-0.8840613,-1.1274184,-1.082482,0.6954641,0.7217648,0.49985325,-0.3693153,1.0797071,1.0385963,-0.7363559,0.39405382,-0.20050779,0.710723,-197.1447,176.30002,-206.07799,-231.5453,-200.49065,199.2235,199.23904,-194.56706,211.41927,-222.86552,-199.99457,96.29879,0.14165634,-0.0503801,-0.7220901,1.7179606,-0.7659735,-0.0756057,-0.11122251,-0.13830374,-0.9257316,1.6179905,-0.78680414,-0.041596163,4.6181746,0.6051773,0.30367428,-3.362139,-17.480425,23.432135,-1.3522953,0.6081913,2.6913104,-6.727222,-11.221726,-17.681225
631,-0.116226085,0.036540106,0.19406958,0.033280667,-0.019095775,-0.9992635,1.0,0.0,0.0,0.1435015,-0.049950846,0.08045912,0.09655583,-0.06682998,0.08246998,-0.09129027,-0.13171408,-0.11454326,-0.00463748,-0.07045245,-0.13701704,-0.17322749,-0.018603332,0.0103732245,-0.054015405,-0.20143108,0.47861305,0.24007343,0.03196778,-0.0083465,0.07458444,-0.3313074,-0.14641787,-0.51166826,0.7494965,-0.63791865,-0.87320524,0.31451362,-0.79217005,-0.28087646,-1.169869,0.832188,-0.6022984,0.25677285,-0.118999034,-200.53621,-195.61237,199.80539,182.53242,200.01944,-199.90381,201.27654,182.35223,-195.15819,203.50201,25.361778,199.09566,0.1435015,-0.049950846,-0.7195409,1.6965559,-0.86683,0.08246998,-0.09129027,-0.13171408,-0.9145433,1.5953625,-0.87045246,-0.13701704,-3.4645498,-0.37206665,0.20746449,-1.0803081,-4.0286217,9.572261,4.8014684,0.6393556,-0.16692999,1.4916887,-6.626148,-2.9283574
632,-0.01612214,-0.008641656,0.602284,0.033404753,-0.017027752,-0.9992968,1.0,0.0,0.0,0.057915714,-0.04813868,0.082874656,0.069925785,-0.029323041,0.09932977,-0.078552455,-0.13188139,-0.11551154,-0.00016391277,-0.05996412,-0.13163644,-0.63637805,0.02964246,0.013446353,-0.1977087,0.50592107,-0.23845814,-0.09317964,-0.018732725,-0.011704917,-0.024505405,0.35358927,0.07353609,1.101435,-0.99681276,0.74610364,0.9990564,0.468804,-0.54850644,-0.43445143,0.8154527,-0.7574285,0.7303845,0.47687417,-0.12937601,-202.62932,221.69016,-179.95229,-206.74098,200.62538,-199.78407,-179.96892,-160.9859,-89.6624,-107.32073,188.708,3.6733093,0.057915714,-0.04813868,-0.71712536,1.6699258,-0.82932305,0.09932977,-0.078552455,-0.13188139,-0.91551155,1.5998361,-0.85996413,-0.13163644,-12.727561,0.5928492,0.26892707,-3.9541738,10.118421,-4.7691627,-1.8635929,-0.37465447,-0.23409833,-0.49010807,7.0717854,1.4707218
633,-0.042462047,-0.11521634,0.66647106,0.03050749,-0.017230494,-0.99938595,1.0,0.0,0.0,-0.026269985,-0.045864142,0.088498116,0.048544407,0.12277138,-0.017491806,-0.15089771,-0.12080603,-0.14308512,0.027495146,0.08365983,-0.12952878,-0.24174868,0.030283188,-0.00603988,0.053057548,0.64249456,-0.763115,-0.56445193,0.12733296,-0.22910117,0.2639668,0.9295065,-0.0056154295,0.94406027,0.8586495,-0.37026885,-0.07399438,-0.37224895,-0.10345623,0.4696556,-1.0883693,1.015288,-2.213844,-0.48885554,-0.51314574,197.01825,394.39722,-223.16554,654.6174,-304.40753,6.498413,-111.541466,237.431,-169.3683,191.19447,19.673693,4.511134,-0.026269985,-0.045864142,-0.7115019,1.6485444,-0.6772286,-0.017491806,-0.15089771,-0.12080603,-0.94308513,1.6274952,-0.7163402,-0.12952878,-4.8349733,0.6056638,-0.120797604,1.0611509,12.849891,-15.2623,-11.289039,2.546659,-4.582023,5.279336,18.59013,-0.11230859
634,-0.10850412,-0.028197939,0.07780884,0.027592463,-0.014104726,-0.9995197,1.0,0.0,0.0,-0.020684682,-0.036236186,0.0830605,0.070548415,0.15452474,-0.08940919,-0.20274304,-0.10472399,-0.1628381,0.052603006,0.18960464,-0.20086522,0.24249482,0.066004105,-0.035359,0.11180474,-0.17572519,-0.11063621,-0.0021962498,0.058345683,-0.010188742,0.059216168,0.14099303,-0.5803067,-0.071357064,-1.0899923,0.9384006,0.30764562,-0.7471137,1.2391412,1.0260711,0.9630953,-0.9169408,-1.3980746,-1.0831254,-0.11162467,205.4478,147.12247,-40.86624,-40.478836,-204.25478,90.74259,292.31763,175.27995,273.2719,50.623856,-274.5858,-85.6773,-0.020684682,-0.036236186,-0.7169395,1.6705484,-0.64547527,-0.08940919,-0.20274304,-0.10472399,-0.9628381,1.652603,-0.6103954,-0.20086522,4.8498964,1.3200821,-0.70717996,2.2360947,-3.5145037,-2.2127242,-0.043924995,1.1669136,-0.20377482,1.1843233,2.8198605,-11.606134
635,-0.025136746,0.046014737,0.20530795,0.028024638,-0.01186325,-0.9995369,1.0,0.0,0.0,-0.011003588,-0.034714766,0.075705945,0.10526693,0.041448474,-0.035107337,-0.17429301,-0.0984297,-0.16629243,0.064135075,0.13771904,-0.24125905,-0.062001217,-0.039223086,-0.035518553,0.2235037,-0.88400286,0.58565617,0.2624438,0.017108588,-0.022876082,0.03274052,-0.57342094,0.10602603,-1.0892502,0.79488766,-0.4058612,-1.1311724,0.16804758,-0.22454914,0.048415415,-1.0807621,1.0598459,-1.4071028,-0.5070671,0.79168516,-77.84097,-204.04509,209.59506,181.29884,-199.913,199.96924,200.3567,196.45776,-207.94975,-220.22627,-200.23651,199.89357,-0.011003588,-0.034714766,-0.72429407,1.705267,-0.75855154,-0.035107337,-0.17429301,-0.0984297,-0.96629244,1.6641351,-0.662281,-0.24125905,-1.2400243,-0.7844617,-0.7103711,4.4700737,-17.680058,11.713123,5.248876,0.34217173,-0.45752162,0.65481037,-11.468418,2.1205206
636,0.0058535123,0.123806626,0.33502576,0.031405516,-0.011429168,-0.9994414,1.0,0.0,0.0,-0.06944937,-0.035129875,0.06359208,0.13380969,-0.057504952,0.0028692172,-0.0928186,-0.109928235,-0.1496396,0.03997004,-0.047724783,-0.14232044,-0.48673102,0.024478037,-0.08085323,0.079453535,-0.17642407,-0.13355497,0.4323028,-0.1075593,0.16196364,-0.2533065,-1.1135434,0.8104448,1.083708,-1.0813892,0.5660466,-1.6680505,0.45800328,-0.29859355,-0.69483256,0.62164974,-0.42629573,-0.07314144,0.5242516,-0.29806173,-200.13458,216.59416,-191.04889,-210.43604,200.3366,-199.57709,-76.17151,-199.88002,225.26814,-215.09103,9.4048815,199.23015,-0.06944937,-0.035129875,-0.73640794,1.7338097,-0.85750496,0.0028692172,-0.0928186,-0.109928235,-0.9496396,1.6399701,-0.8477248,-0.14232044,-9.73462,0.48956072,-1.6170646,1.5890707,-3.5284815,-2.6710992,8.646056,-2.151186,3.2392728,-5.06613,-22.270866,16.208895
637,-0.041976903,0.076922,0.4974929,0.035239387,-0.011165879,-0.99931645,1.0,0.0,0.0,-0.12568256,-0.034373328,0.06908035,0.12024772,-0.01724422,-0.083222434,-0.054761674,-0.11823615,-0.13158935,0.0113146305,-0.18111533,-0.055961076,-0.11162036,-0.017336397,0.11913686,-0.1923335,0.5104439,-0.5289386,0.00685363,-0.005212153,0.031357482,-0.03162437,-0.2824723,0.12914672,1.0435629,0.8220067,-0.49029016,0.017429706,-0.03307289,0.23698407,-0.71776676,-1.1051998,1.1549563,0.13920824,0.7561191,-0.93258756,199.92735,-199.97902,195.78616,-222.03232,199.79828,15.040837,-213.14146,-37.544083,-50.229935,174.36934,234.2615,-195.3629,-0.12568256,-0.034373328,-0.73091966,1.7202477,-0.81724423,-0.083222434,-0.054761674,-0.11823615,-0.93158937,1.6113147,-0.98111534,-0.055961076,-2.232407,-0.34672794,2.3827372,-3.84667,10.2088785,-10.578772,0.1370726,-0.104243055,0.62714964,-0.63248736,-5.649446,2.5829344
638,0.016936706,0.019994227,0.27755544,0.03689726,-0.011263175,-0.99925554,1.0,0.0,0.0,-0.10143855,-0.03280178,0.08658141,0.088498235,0.014616966,-0.112807766,-0.08771583,-0.11626575,-0.13741046,0.025447607,-0.1690591,-0.096757635,0.3125722,0.027571553,0.06001184,-0.13045876,-0.05422452,0.16386136,-0.3058406,0.020125637,-0.07451654,0.13987955,0.33839527,-0.4769207,0.6256485,-1.0832633,0.5955589,0.30081636,0.75074583,0.5560192,0.39317164,0.94861233,-0.5405358,-0.88499695,0.71224767,-0.3579997,201.52887,199.61087,-207.98901,-45.78358,-66.59247,199.9537,-186.15985,-117.317474,-38.16678,105.16528,178.59178,-174.08101,-0.10143855,-0.03280178,-0.7134186,1.6884983,-0.78538305,-0.112807766,-0.08771583,-0.11626575,-0.9374105,1.6254476,-0.9690591,-0.096757635,6.2514443,0.55143106,1.2002368,-2.609175,-1.0844904,3.2772272,-6.116812,0.40251273,-1.4903308,2.797591,6.767905,-9.538414
639,0.04861367,0.039862677,-0.114820406,0.0378543,-0.012615835,-0.9992037,1.0,0.0,0.0,0.010805344,-0.034849737,0.09837043,0.07360625,0.077913165,-0.0009316997,-0.1164425,-0.10996629,-0.15462273,0.04365182,-0.025940716,-0.19717334,0.76336807,-0.040598642,0.056359477,-0.028422898,0.6196053,0.8832657,-0.0070775696,0.036284186,-0.08785912,0.04230745,1.0313144,-0.441187,-1.3065313,0.796267,-0.37210834,-0.6045626,0.853294,-0.82454896,1.2335455,-1.0602057,0.90078855,-0.820454,-1.2104114,0.44327822,197.80858,-167.3364,222.65985,194.35152,200.36597,201.189,200.9739,206.58322,-192.29599,-218.05116,200.14308,59.86942,0.010805344,-0.034849737,-0.7016296,1.6736063,-0.72208685,-0.0009316997,-0.1164425,-0.10996629,-0.95462275,1.6436518,-0.8259407,-0.19717334,15.267361,-0.81197286,1.1271895,-0.56845796,12.392106,17.665314,-0.14155139,0.7256837,-1.7571822,0.846149,20.626287,-8.82374
640,-0.020576706,0.06534129,-0.21735992,0.04024349,-0.012826272,-0.9991076,1.0,0.0,0.0,0.115937844,-0.036809005,0.087601125,0.08753395,0.21070445,0.07581881,-0.061155945,-0.11986921,-0.1450085,0.020314932,0.104427636,-0.20686236,0.3423916,0.021929493,-0.15360436,0.17231385,0.6679574,-0.051116277,0.50845844,-0.118804134,0.16249657,-0.24630444,0.34187856,0.27306405,-1.0458333,-1.1472272,0.5842836,1.5383447,0.27614003,-0.391667,-0.6907398,0.9583689,-0.5328977,1.2791612,-1.1958311,0.6155977,-189.84981,211.3776,-315.5152,53.568085,59.038544,-250.23688,201.90903,-183.77707,234.03389,-200.44481,-199.31595,200.5524,0.115937844,-0.036809005,-0.7123989,1.687534,-0.58929557,0.07581881,-0.061155945,-0.11986921,-0.9450085,1.620315,-0.6955724,-0.20686236,6.847832,0.43858987,-3.072087,3.4462771,13.359148,-1.0223255,10.169168,-2.3760827,3.2499313,-4.926089,6.837571,5.461281
641,0.024116062,-0.004868815,0.39259952,0.041290954,-0.013319543,-0.99905837,1.0,0.0,0.0,0.13362688,-0.039682563,0.061210275,0.13864994,0.2687587,-0.008373783,-0.021474767,-0.13872507,-0.13915777,0.012066603,0.08627182,-0.08361656,-0.11931367,-0.035899017,-0.11547835,0.32588562,0.060458448,-0.71291596,-0.036478356,-0.06380894,-0.0744421,0.109319225,-0.40237147,0.9057544,-0.12914354,0.80678815,-0.6268453,-1.2412591,-1.6775393,0.6807413,-0.88492167,-1.1139461,1.1567942,-0.3876348,0.31556383,-0.97353745,-199.90828,-204.49861,206.27641,177.94704,-50.43268,-200.11237,-201.99881,198.18756,-188.20085,185.87251,-199.98419,200.00247,0.13362688,-0.039682563,-0.73878974,1.73865,-0.5312413,-0.008373783,-0.021474767,-0.13872507,-0.9391578,1.6120666,-0.7137282,-0.08361656,-2.3862734,-0.7179803,-2.309567,6.5177126,1.2091689,-14.258319,-0.7295671,-1.2761788,-1.488842,2.1863844,-8.047429,18.115088
642,0.10605934,0.05436002,0.83273643,0.042010322,-0.017153233,-0.9989699,1.0,0.0,0.0,0.0675898,-0.04436927,0.03709042,0.19039929,0.20701903,-0.07752902,-0.06474997,-0.15435278,-0.1406048,-0.0017813444,0.08163351,0.022027342,-0.44182554,-0.01079046,-0.12654924,0.20551424,-0.61064255,-0.043334387,-0.35862646,-0.087440126,0.04710782,-0.21477686,0.28701487,0.21970351,0.891472,-0.99652904,0.12205768,-1.6509038,0.10164231,0.8832347,0.31863707,0.9179268,-0.14039874,0.6508062,0.40730602,-0.96584636,-31.157742,210.1,-205.71414,-221.64575,-200.29219,200.38214,-193.76959,-176.3877,188.44759,-224.14864,199.73502,-199.53525,0.0675898,-0.04436927,-0.7629096,1.7903993,-0.592981,-0.07752902,-0.06474997,-0.15435278,-0.9406048,1.5982187,-0.7183665,0.022027342,-8.836511,-0.2158092,-2.5309849,4.110285,-12.212851,-0.8666877,-7.1725287,-1.7488024,0.9421564,-4.295537,5.7402973,4.39407
643,-0.012618103,-0.19630574,0.33820882,0.03829839,-0.01947149,-0.9990767,1.0,0.0,0.0,0.029068604,-0.050458044,0.03609681,0.20338297,0.14690846,-0.0071021505,-0.09862058,-0.1627248,-0.14257771,-0.0027217865,0.16379827,0.008699867,0.010369965,-0.05059421,0.08974665,-0.045642782,-0.15069146,0.6757023,-0.018125808,-0.0087481,-0.08071221,0.19559757,0.38238323,-0.26293454,0.6780477,0.8520645,-0.26421094,-1.7777977,-0.30379248,-0.25480363,0.8465049,-1.1270252,0.7410282,-0.50738716,-0.52435076,-1.0129267,200.12115,-198.3796,110.40948,-218.02512,47.366222,200.02898,231.72404,210.5397,-315.5302,225.82114,-5.7088013,-143.6112,0.029068604,-0.050458044,-0.7639032,1.803383,-0.65309155,-0.0071021505,-0.09862058,-0.1627248,-0.9425777,1.5972782,-0.63620174,0.008699867,0.2073993,-1.0118842,1.7949328,-0.9128556,-3.0138292,13.514045,-0.36251613,-0.174962,-1.6142441,3.9119515,7.6476645,-5.258691
644,-0.01690646,-0.100057006,-0.26999635,0.0326102,-0.018916424,-0.99928916,1.0,0.0,0.0,0.07717838,-0.049568396,0.049434006,0.18038642,0.044490337,0.051573563,-0.03723357,-0.1720823,-0.13532984,0.019281149,0.14429569,-0.10121901,0.43065545,0.047911253,0.047521584,-0.17217693,-0.7636264,-0.019678911,0.5692363,-0.080286406,0.1380887,0.029563982,-0.46906143,-0.8011796,-0.6655234,-0.851685,0.4844432,-1.0049313,0.08932631,-0.70801365,-0.6685467,1.134319,-0.97466373,0.62418807,-0.9701527,0.42659643,203.21426,185.01451,-206.62015,-224.228,-81.275085,-200.85196,234.20927,-31.857544,253.45084,-105.59626,-229.03178,-172.42302,0.07717838,-0.049568396,-0.750566,1.7803864,-0.7555097,0.051573563,-0.03723357,-0.1720823,-0.93532985,1.6192812,-0.6557043,-0.10121901,8.613109,0.958225,0.95043164,-3.4435384,-15.272528,-0.3935782,11.384726,-1.6057281,2.761774,0.5912796,-9.381228,-16.023592
645,-0.08680039,-0.13979796,0.34990448,0.027650429,-0.016819665,-0.9994761,1.0,0.0,0.0,0.113799274,-0.04552912,0.07869005,0.11787176,-0.032491446,-0.0283684,0.016044393,-0.17139195,-0.1329205,0.053906202,-0.025298238,-0.18759632,-0.020717883,0.00024326358,0.22770786,-0.43005344,-0.07546512,-0.7105766,0.018387703,0.06927807,-0.09261368,0.28806958,-1.1580201,-0.12915547,-0.92177033,0.8244254,-0.8207007,0.18675905,0.677935,0.16650577,-0.56727743,-0.7197306,0.73793113,-0.4234208,0.28161162,1.1718751,-199.5874,-193.91628,205.37425,-226.99445,200.1258,-199.93005,-197.27176,215.15984,-201.21654,174.42317,-200.08675,200.41449,0.113799274,-0.04552912,-0.72130996,1.7178718,-0.83249146,-0.0283684,0.016044393,-0.17139195,-0.9329205,1.6539062,-0.82529825,-0.18759632,-0.41435766,0.0048652715,4.5541573,-8.6010685,-1.5093024,-14.211532,0.36775407,1.3855613,-1.8522736,5.7613916,-23.160402,-2.5831094
646,0.101911165,-0.11912629,0.85274917,0.02211343,-0.01810596,-0.9995916,1.0,0.0,0.0,0.061793767,-0.046754245,0.105419695,0.058279395,0.028639972,-0.09684384,-0.015091222,-0.16799621,-0.13920563,0.07963574,-0.18153292,-0.13683145,-0.45659834,-0.012915703,0.055113107,-0.18670036,0.6172231,-0.040837057,-0.29812825,-0.026819376,0.018039552,0.0005445282,-0.47344333,0.5674719,0.72876847,-1.1623977,0.48450026,-0.113044694,0.357215,0.13597384,0.37208346,0.8549336,-0.80317533,0.13432647,0.901133,0.58509445,-200.7992,194.4984,-199.22646,181.80104,200.00537,199.8585,-199.79362,-197.82684,202.28021,-215.91695,200.18024,200.2068,0.061793767,-0.046754245,-0.6945803,1.6582794,-0.77136004,-0.09684384,-0.015091222,-0.16799621,-0.93920565,1.6796358,-0.98153293,-0.13683145,-9.131967,-0.25831404,1.1022621,-3.7340071,12.344461,-0.8167411,-5.962565,-0.5363875,0.36079106,0.010890563,-9.468866,11.349438
647,-0.17885537,-0.15563662,0.4175009,0.015980376,-0.016052712,-0.99974346,1.0,0.0,0.0,0.021467995,-0.051218554,0.114448905,0.049056053,0.1132611,-0.020065105,-0.0380939,-0.16245253,-0.14183939,0.09342575,-0.1991247,0.051158678,-0.0028450761,-0.007289865,0.036325958,0.010798222,0.34910306,0.5161434,0.033536907,0.06862909,-0.03291829,0.10594274,0.22762623,1.2079355,0.89983267,0.8655156,-0.6745911,1.2966968,0.14475054,-1.0313118,0.72165006,-1.1974779,0.78987455,-1.2179723,0.60503644,-0.934323,193.69278,-31.306274,7.1364746,98.75525,-27.866867,-18.864014,202.1638,207.41653,-205.31917,-29.320631,199.83636,85.52982,0.021467995,-0.051218554,-0.6855511,1.6490561,-0.6867389,-0.020065105,-0.0380939,-0.16245253,-0.9418394,1.6934258,-0.9991247,0.051158678,-0.056901522,-0.1457973,0.72651917,0.21596444,6.982061,10.322867,0.67073816,1.3725818,-0.6583658,2.1188548,4.5525246,24.158709
648,-0.079132915,-0.11303481,-0.25141832,0.010705234,-0.011094464,-0.99988115,1.0,0.0,0.0,0.06943858,-0.045700897,0.10103083,0.08040881,0.13702667,0.006803112,0.028468024,-0.16405317,-0.124435246,0.086467266,-0.078484654,0.21940328,0.4373249,0.054999102,-0.15378986,0.27378604,0.037788775,-0.1782846,0.5774495,-0.067687534,0.18608226,-0.14850257,0.9109478,0.542123,-0.6993966,-1.1808163,0.37372363,-1.2181318,-0.9374625,-0.17094624,-0.32656014,0.9750581,-0.9747087,-0.9273334,-0.12863752,-1.319194,199.138,190.12502,-224.27051,170.6123,-21.818745,-200.0187,209.03427,-148.13266,206.70432,-215.70975,200.15675,-198.63805,0.06943858,-0.045700897,-0.6989692,1.6804088,-0.66297334,0.006803112,0.028468024,-0.16405317,-0.92443526,1.6864673,-0.87848467,0.21940328,8.746498,1.099982,-3.0757973,5.475721,0.7557755,-3.565692,11.548989,-1.3537506,3.721645,-2.9700515,18.218956,10.84246
649,-0.029860603,-0.05665803,0.41563976,0.0073485677,-0.009113255,-0.99993145,1.0,0.0,0.0,0.10583413,-0.045009043,0.0902707,0.10528612,0.068784475,-0.05593938,0.08036942,-0.1627284,-0.09643817,0.040708184,0.029638112,0.2493279,-0.023176812,-0.03941028,0.029320424,0.002786391,-0.6517016,-0.3051636,-0.0012792692,0.06298452,0.1020533,-0.2948436,0.23764752,-0.17187127,-0.92746735,0.78187877,-0.60994303,-1.0469683,0.14707053,0.61201704,-0.86830837,-1.1483207,0.8145758,0.9127729,-0.83808094,-1.1290325,-199.90024,-199.6849,204.173,-216.26132,-200.02513,31.911667,-201.3092,191.72948,-192.288,-217.50662,-199.91498,-200.38112,0.10583413,-0.045009043,-0.7097293,1.7052861,-0.73121554,-0.05593938,0.08036942,-0.1627284,-0.8964382,1.6407082,-0.7703619,0.2493279,-0.46353623,-0.78820556,0.5864085,0.055727817,-13.034033,-6.103272,-0.025585383,1.2596903,2.041066,-5.896872,4.75295,-3.4374254
650,-0.066240296,-0.073023394,0.85582364,0.0044924654,-0.007250225,-0.99996364,1.0,0.0,0.0,0.054418944,-0.04731354,0.09401739,0.093078494,0.016207695,-0.043558348,0.04451776,-0.15138268,-0.07776642,-0.006585479,-0.00050759315,0.13924621,-0.44918695,0.010896317,0.009873876,-0.11276179,0.05523501,0.3623205,-0.32584146,0.05290403,0.08604651,-0.18869743,-0.46846887,-0.85991186,0.78227615,-1.007297,0.434062,0.21938074,0.34029108,0.48072457,0.7390468,0.8113477,-0.81420314,-0.53370255,0.10309445,-0.6491334,-201.28758,203.7834,-191.43758,-211.97537,200.28517,200.16104,-201.57874,-195.00131,213.62527,185.1783,-199.87198,-199.93938,0.054418944,-0.04731354,-0.7059826,1.6930785,-0.7837923,-0.043558348,0.04451776,-0.15138268,-0.87776643,1.5934145,-0.8005076,0.13924621,-8.983739,0.21792634,0.19747752,-2.2552357,1.1047002,7.2464104,-6.516829,1.0580806,1.7209302,-3.7739484,-9.369377,-17.198236
651,-0.0034208547,-0.1744686,0.32869488,-0.0001084297,-0.005837311,-0.99998295,1.0,0.0,0.0,0.015085148,-0.053508215,0.09930956,0.08089697,0.095315516,0.10232027,0.011514473,-0.13411374,-0.067845345,-0.027092695,-0.009297907,-0.08734148,0.010576706,-0.06527278,0.050767552,-0.020363724,0.5720648,0.92070264,-0.03612536,0.12081305,-0.013843842,0.075422846,0.26181155,-1.2469543,0.7336587,0.800561,-0.866922,-0.40084052,-0.44912553,-0.51448965,0.38232,-1.1858168,0.79503083,0.5022295,-0.22062904,-0.029629586,200.01196,-197.43091,203.99791,179.73848,17.4897,-8.582413,192.89163,303.92047,-122.66445,245.92422,84.87704,-18.442383,0.015085148,-0.053508215,-0.70069045,1.680897,-0.7046845,0.10232027,0.011514473,-0.13411374,-0.86784536,1.5729073,-0.8092979,-0.08734148,0.21153413,-1.3054556,1.015351,-0.40727448,11.441296,18.414053,-0.7225071,2.416261,-0.27687684,1.5084568,5.236231,-24.939085
652,-0.121972844,-0.19789387,-0.42600816,-0.0076558664,-0.003173268,-0.99996567,1.0,0.0,0.0,0.06398266,-0.053478103,0.109725,0.0744499,0.13451552,0.20675294,0.06379931,-0.11554812,-0.064750075,0.008694053,-0.031708777,-0.24953535,0.42116594,0.053152926,0.060484618,0.014630297,-0.11764878,0.17963459,0.5155,0.061324783,0.04795809,0.24475817,-0.37746117,-0.47629786,-0.87286305,-1.1811544,0.31615525,-0.17663997,-0.38465545,-0.6893306,-0.31864333,0.91468453,-0.88258517,-1.0629382,-0.9669709,0.892814,152.29272,249.37239,204.10443,187.88995,-193.99487,-210.58328,210.96622,-130.48843,173.83035,167.48024,-88.02482,201.5474,0.06398266,-0.053478103,-0.690275,1.6744499,-0.6654845,0.20675294,0.06379931,-0.11554812,-0.8647501,1.6086941,-0.8317088,-0.24953535,8.423319,1.0630585,1.2096924,0.29260594,-2.3529756,3.5926917,10.31,1.2264956,0.9591618,4.8951635,-7.5492234,-9.525957
653,-0.10075706,-0.14801218,0.2789831,-0.014829114,0.0012057311,-0.99988925,1.0,0.0,0.0,0.09342586,-0.04853696,0.14437258,0.056126118,0.03536457,0.16725136,0.1136313,-0.09831649,-0.062159717,0.050070286,-0.17533308,-0.27562395,-0.07115551,-0.006326716,0.25153086,-0.2041579,-0.80576146,-0.5068318,0.01482173,0.119326256,-0.018134076,0.15336467,-1.0134335,0.1632897,-0.92869246,0.878118,-0.5510315,0.39285856,0.32750356,-0.3134561,-0.50410527,-0.9650835,0.7951677,-1.1919299,0.7627893,0.5242111,-199.53479,-194.00746,130.17436,-229.9435,-200.26797,-200.10825,-197.90775,216.80298,-205.83127,-225.76945,-200.05945,200.57083,0.09342586,-0.04853696,-0.6556274,1.6561261,-0.76463544,0.16725136,0.1136313,-0.09831649,-0.8621597,1.6500703,-0.9753331,-0.27562395,-1.4231101,-0.12653431,5.0306168,-4.083158,-16.115229,-10.136637,0.29643458,2.3865252,-0.3626815,3.0672934,-20.26867,3.2657938
654,0.09389559,-0.096734166,0.72344136,-0.019599784,0.0012749482,-0.9998071,1.0,0.0,0.0,0.031047728,-0.05137298,0.1739592,0.042390347,-0.049589515,0.0081829205,0.076788194,-0.08586989,-0.052794933,0.049384475,-0.30300766,-0.16670114,-0.50411695,-0.026220743,0.062108893,0.0429699,-0.112996,-0.8419493,-0.34832916,0.015049565,0.09982805,-0.13086034,-0.3318672,0.8571067,0.6964437,-1.1012454,0.4089044,-1.036839,0.8884678,0.30902335,0.45706514,0.93314445,-0.55230856,-0.25784022,0.77690786,0.027438583,-196.08075,162.04878,-212.15521,174.31621,199.49089,72.703804,-202.20634,-207.79852,207.0563,-216.39096,200.57652,200.1038,0.031047728,-0.05137298,-0.6260408,1.6423904,-0.8495895,0.0081829205,0.076788194,-0.08586989,-0.85279495,1.6493845,-1.1030077,-0.16670114,-10.082338,-0.52441484,1.2421778,0.859398,-2.25992,-16.838985,-6.966583,0.3009913,1.9965609,-2.6172068,-6.6373434,17.142134
655,0.008152511,-0.09501504,0.36294767,-0.023035452,-0.00017714921,-0.99973464,1.0,0.0,0.0,-0.022479158,-0.059765317,0.20454597,0.018239379,0.0033293962,-0.08137162,0.046729516,-0.0765301,-0.032119572,0.011048436,-0.29180425,-0.065741286,-0.0762962,-0.051266443,0.23459771,-0.25703725,0.57393855,-0.12558219,0.03718677,0.044777453,0.08508305,-0.18319985,0.37600285,0.29647535,0.93041945,0.8008734,-0.6677079,1.3259484,0.5505494,0.29493758,0.33321154,-1.0401143,0.892419,0.77890855,0.456599,-1.2110484,201.07487,-201.32611,184.7593,-229.41023,199.62897,200.00935,224.0667,-291.93887,-299.16953,148.09564,203.24341,-84.15043,-0.022479158,-0.059765317,-0.59545404,1.6182394,-0.7966706,-0.08137162,0.046729516,-0.0765301,-0.8321196,1.6110485,-1.0918043,-0.065741286,-1.5259241,-1.0253289,4.691954,-5.140745,11.478771,-2.5116436,0.74373543,0.89554906,1.701661,-3.663997,7.5200567,5.929507
656,-0.013889293,-0.23223105,-0.5089735,-0.030100014,7.38767e-05,-0.9995469,1.0,0.0,0.0,0.012416173,-0.06742305,0.21356404,0.020061612,0.12534899,-0.0188513,0.10345771,-0.069374464,-0.024038613,0.0052394867,-0.15231979,-0.06562219,0.37971815,-0.03591272,-0.097378485,0.20617835,0.6965173,0.6336431,0.4520342,0.040290587,0.014209107,0.08611312,0.97806406,-0.23518322,0.13880986,-1.2155029,0.31575927,-0.47829628,-0.7255002,-0.44750485,-1.0523797,0.99313915,-0.85998166,-0.42004746,-0.17201054,-0.6195143,213.91231,2.676468,-435.43365,186.83614,102.296936,148.9775,86.228966,56.510086,42.779343,224.63907,191.64131,-155.18224,0.012416173,-0.06742305,-0.586436,1.6200616,-0.674651,-0.0188513,0.10345771,-0.069374464,-0.8240386,1.6052395,-0.9523198,-0.06562219,7.594363,-0.7182543,-1.9475696,4.123567,13.930346,12.672861,9.040684,0.8058117,0.28418213,1.7222623,19.561281,-4.7036643
657,-0.03103576,-0.20649882,0.0043775844,-0.03917902,0.0007276531,-0.99923193,1.0,0.0,0.0,0.06771697,-0.07313353,0.21423131,0.042273283,0.17498994,0.04794279,0.13596627,-0.047799308,-0.02445221,0.006780863,-0.030328333,-0.19058798,0.20559454,-0.023563555,0.08112417,0.038857296,-0.10486336,0.08284128,-0.07181344,0.15964712,-0.01679421,-0.05936246,0.30661675,-0.9241192,-1.0906719,0.732459,-0.6080407,-0.57825756,-0.5095949,-0.78612506,-0.6614944,-1.0219107,0.6375164,-0.7475957,-1.151749,-0.1043362,-59.616486,0.3401947,302.20422,-23.466232,-217.00467,-163.90831,-200.39462,199.11263,-185.95044,-218.12172,-199.79117,-124.17138,0.06771697,-0.07313353,-0.5857687,1.6422733,-0.6250101,0.04794279,0.13596627,-0.047799308,-0.8244522,1.6067809,-0.83032835,-0.19058798,4.111891,-0.4712711,1.6224834,0.7771459,-2.0972672,1.6568255,-1.4362688,3.1929424,-0.3358842,-1.1872492,6.132335,-18.482384
658,0.042229448,-0.1900474,0.5148213,-0.046977572,0.0009237845,-0.9988955,1.0,0.0,0.0,0.063123904,-0.07364725,0.2328875,0.040201187,0.080239356,-0.010911801,0.093973726,-0.033064134,-0.0122923255,0.00025212765,-0.017090142,-0.295811,-0.21548915,0.0042071138,0.09726988,-0.07047896,-0.7762355,-0.6154681,-0.33594808,0.006002373,0.11198366,-0.029937742,-0.16157012,-0.20671268,0.087043814,-1.1477541,0.22758356,0.42563182,0.23653436,0.5328458,0.75764966,1.0897754,-0.8121036,0.38292825,-0.3073754,0.8077986,-198.82237,192.75931,-203.03853,-221.15297,-200.2461,-200.0605,-181.56372,-426.31653,358.8382,160.28535,-150.14825,196.9091,0.063123904,-0.07364725,-0.5671125,1.6402012,-0.71976066,-0.010911801,0.093973726,-0.033064134,-0.81229234,1.6002522,-0.81709015,-0.295811,-4.309783,0.084142275,1.9453975,-1.4095792,-15.524711,-12.309361,-6.7189617,0.12004746,2.2396731,-0.5987548,-3.2314024,-4.1342535
659,-0.049026467,0.050182156,0.044858493,-0.048533157,0.0017027761,-0.9988202,1.0,0.0,0.0,0.053202555,-0.07605826,0.23002714,0.05103004,0.00020372868,-0.05550128,0.07390997,-0.028596122,-0.015773416,0.030006528,-0.104901135,-0.2613657,0.03019221,-0.030657122,-0.085748516,0.146751,-0.09344141,0.096512735,0.083686374,0.041300915,-0.11613394,0.2869554,-0.51208633,0.48467097,0.568357,0.78188515,-0.11315195,-1.2094374,0.25398266,0.45489362,0.073906265,-0.9333379,0.7453903,-1.3830755,0.08230128,-0.20079772,49.512398,-201.17018,52.131107,183.45424,199.89757,200.00287,199.89954,206.41743,-191.5543,182.79114,28.635403,200.32973,0.053202555,-0.07605826,-0.5699729,1.6510301,-0.7997963,-0.05550128,0.07390997,-0.028596122,-0.8157734,1.6300066,-0.90490115,-0.2613657,0.60384417,-0.61314243,-1.7149702,2.93502,-1.8688282,1.9302547,1.6737274,0.8260183,-2.3226788,5.7391076,-10.241727,9.693419
660,0.014562539,0.12500744,-0.26947543,-0.04483616,0.0019430029,-0.99899244,1.0,0.0,0.0,0.10956792,-0.073478505,0.21068567,0.06530666,0.053563774,0.040159043,0.08395412,-0.027041523,-0.020668805,0.053417206,-0.13198471,-0.22119272,0.4873498,0.04670451,-0.10427137,0.009793091,0.46370322,0.7909591,0.032317583,-0.021880228,0.05052169,-0.01898919,0.17257537,0.08134087,-0.68518806,-1.1201749,0.9595541,-1.1320419,0.0103704035,-0.739036,-0.33384985,1.1116648,-0.7229508,-1.0583736,0.6986949,-0.38948202,206.56963,156.98041,-214.84705,-226.28186,22.326815,199.38733,-47.47812,-199.94193,205.48549,-213.34003,200.08386,-35.510586,0.10956792,-0.073478505,-0.58931434,1.6653067,-0.74643624,0.040159043,0.08395412,-0.027041523,-0.8206688,1.6534172,-0.9319847,-0.22119272,9.746996,0.93409014,-2.0854273,0.1958618,9.274064,15.819182,0.64635164,-0.43760455,1.0104338,-0.3797838,3.4515073,1.6268175
661,0.03404475,0.1833075,0.45350718,-0.038685665,0.0012316655,-0.99925065,1.0,0.0,0.0,0.15239766,-0.07615146,0.20950735,0.03615117,0.07507104,0.12231118,0.033549175,-0.021401744,-0.016539037,0.033147454,-0.019919395,-0.2650118,-0.009177224,-0.06017616,0.073332496,-0.2739982,-0.10417161,0.09988031,-0.48252368,0.06600343,-0.003903253,-0.16901717,0.8778004,-0.3154463,-1.1142198,0.777303,-0.17910552,1.8407559,-0.013940573,-1.1646448,0.5161885,-0.96040297,1.0548564,-0.039726093,-1.0835421,-0.20857358,-200.95389,-196.6212,210.91753,-214.76111,-57.76104,-200.07748,-198.96791,219.87944,-176.72969,-207.92624,200.50055,15.084879,0.15239766,-0.07615146,-0.59049267,1.6361512,-0.724929,0.12231118,0.033549175,-0.021401744,-0.81653905,1.6331475,-0.8199194,-0.2650118,-0.18354447,-1.2035232,1.4666499,-5.479964,-2.0834322,1.9976062,-9.650474,1.3200685,-0.07806506,-3.3803432,17.556007,-6.3089256
662,0.03781551,0.12808144,0.2779166,-0.03246774,0.00023151939,-0.99947274,1.0,0.0,0.0,0.10888395,-0.08426023,0.20302618,0.01141417,0.043141603,0.062770456,-0.011618948,-0.019411756,-0.005267024,-0.0032384396,0.07871449,-0.2650547,-0.38973317,-0.021710277,-0.12089069,0.00054731575,-0.15183234,-0.6226713,-0.016881011,-0.033777546,0.10014184,-0.18067703,0.17797954,0.12816642,0.9292803,-1.1272405,0.9811744,0.21608602,-0.06536633,0.18256998,0.84395033,1.18279,-0.69894934,0.29562747,-0.7853275,0.12828128,-204.03809,239.31293,-208.29016,179.76506,16.040821,-199.19319,200.34912,-196.00978,202.0663,59.35366,-200.08817,11.791899,0.10888395,-0.08426023,-0.59697384,1.6114142,-0.7568584,0.062770456,-0.011618948,-0.019411756,-0.80526704,1.5967616,-0.7212855,-0.2650547,-7.794663,-0.43420553,-2.4178138,0.010946315,-3.0366468,-12.453426,-0.33762023,-0.6755509,2.0028367,-3.6135404,3.5595908,2.5633285
663,-0.028588794,0.08725717,-0.11731072,-0.028168278,0.00015982009,-0.9996033,1.0,0.0,0.0,0.080074325,-0.09027539,0.1812591,0.02695179,0.0024172068,0.017226974,0.029256772,-0.024138669,-0.0024240613,-0.0012907982,0.034395814,-0.1688872,0.05842058,-0.038592692,-0.09807556,0.14067625,-0.18860938,0.09545128,0.38614282,-0.005667676,-0.05310123,0.15653643,-0.53721285,0.6897313,0.019652791,0.7664645,-0.17009886,-1.2013488,-0.11675224,0.41616607,-0.7069176,-0.9093187,1.1408899,-1.2069004,-0.24546337,-0.5457578,200.28174,-200.01462,197.6373,182.82841,26.558382,199.98918,199.64204,202.47682,-198.5919,182.95395,-200.17192,28.553776,0.080074325,-0.09027539,-0.6187409,1.6269518,-0.7975828,0.017226974,0.029256772,-0.024138669,-0.8024241,1.5987092,-0.7656042,-0.1688872,1.1684116,-0.7718538,-1.9615111,2.8135247,-3.7721875,1.9090255,7.7228565,-0.11335352,-1.0620246,3.1307285,-10.744257,13.794625
664,0.051928356,0.1543949,0.11185901,-0.023274623,-0.00038543768,-0.99972904,1.0,0.0,0.0,0.06822434,-0.096431516,0.15954882,0.03959191,-0.04148823,0.10819878,0.062436424,-0.030026546,0.004207611,-0.00427866,-0.07428825,-0.10724255,-0.105221204,-0.019486327,-0.11679661,-0.00040867933,-0.19684993,0.6897162,-0.010893034,-0.049247947,0.10296837,-0.15588185,-0.4691536,-0.00359847,-0.23399073,-1.1140813,0.9209355,-1.1848762,0.31512702,-0.6168862,-0.5874597,1.1352477,-0.6585127,0.15191676,0.4393559,-0.6914593,-14.069676,213.71176,-202.78667,-219.95784,19.572556,56.426086,-199.3869,-195.06685,203.32771,-216.42757,63.70057,-199.87479,0.06822434,-0.096431516,-0.6404512,1.6395919,-0.84148824,0.10819878,0.062436424,-0.030026546,-0.7957924,1.5957214,-0.87428826,-0.10724255,-2.104424,-0.38972652,-2.3359323,-0.008173587,-3.9369984,13.794324,-0.21786067,-0.98495895,2.0593674,-3.117637,-9.383072,-0.0719694
665,-0.037444007,0.09371749,0.768505,-0.018511632,-0.00012263331,-0.9998286,1.0,0.0,0.0,-0.0024543349,-0.10488748,0.155473,0.009439588,-0.0053368807,0.170622,0.0047051744,-0.027243778,0.00064462423,-0.0006159544,-0.08987427,-0.1842595,-0.50916046,-0.05728951,0.059483785,-0.27330145,0.48992822,0.0047808774,-0.5136765,0.06723362,-0.111545525,0.1496923,0.23826705,-0.70224875,0.37369794,0.73835826,-0.1919672,0.9057099,0.39068484,-1.4153537,0.5107685,-0.986755,1.0943422,-1.1863701,0.08956919,-0.18957585,-53.775524,-174.854,186.16121,-223.50731,199.9267,-199.66594,-197.36916,217.53491,-184.12581,185.09932,200.1863,-199.71796,-0.0024543349,-0.10488748,-0.644527,1.6094396,-0.8053369,0.170622,0.0047051744,-0.027243778,-0.7993554,1.5993841,-0.8898743,-0.1842595,-10.183209,-1.1457902,1.1896757,-5.466029,9.798564,0.09561755,-10.27353,1.3446724,-2.2309105,2.993846,4.765341,-14.044975
666,0.05723067,0.04110254,-0.058194086,-0.015813924,-0.0008553867,-0.9998746,1.0,0.0,0.0,-0.05394428,-0.10496671,0.1415776,0.0050228834,0.11437452,0.0903419,-0.045711257,-0.025425576,-0.011994243,0.014153719,-0.026322067,-0.23820996,-0.048716523,0.044685386,-0.1938393,0.24348395,0.50952977,-0.6882184,-0.0423373,-0.028149575,-0.016465217,0.017922025,0.30325648,0.05081367,1.0276606,-1.2526542,0.9894916,-0.108332574,-0.449185,-0.41448388,0.8635598,1.1288027,-0.7843181,-0.10303442,-0.51060665,0.90946597,200.72896,109.950386,-197.36572,605.29614,-100.42436,-115.742226,176.88835,-25.565506,19.729889,-88.35181,-27.681986,138.32573,-0.05394428,-0.10496671,-0.6584224,1.6050229,-0.6856255,0.0903419,-0.045711257,-0.025425576,-0.81199425,1.6141537,-0.8263221,-0.23820996,-0.9743304,0.8937077,-3.8767858,4.869679,10.190595,-13.764368,-0.84674597,-0.5629915,-0.32930434,0.3584405,6.0651293,1.0162734
667,-0.05594888,0.07592314,-0.32257485,-0.0135509735,-0.0004945351,-0.9999081,1.0,0.0,0.0,-0.011727549,-0.0880663,0.12112373,0.045215607,0.10893363,-0.077270664,-0.0033969202,-0.029515408,-0.013217151,0.018121839,-0.028529286,-0.15285303,0.41948706,0.09753008,-0.014479878,0.11751763,-0.37796465,-0.8466919,0.40889645,-0.011100319,0.00060515286,0.0027351903,-0.28414947,0.73526514,-1.0577649,0.8266138,-0.19869196,0.20909756,-1.1011285,0.7999215,-0.5052836,-0.83626467,1.0874002,-0.26315355,-0.24184486,-0.69795775,198.83215,-147.94467,271.89642,-139.57045,-200.50789,55.4817,200.14723,198.85533,-200.37416,-216.30891,-200.19516,199.97836,-0.011727549,-0.0880663,-0.6788763,1.6452156,-0.6910664,-0.077270664,-0.0033969202,-0.029515408,-0.81321716,1.6181219,-0.8285293,-0.15285303,8.389741,1.9506016,-0.28959757,2.3503525,-7.559293,-16.933838,8.177929,-0.22200638,0.0121030575,0.054703806,-5.682989,14.705302
668,0.13107836,0.03318489,-0.024726972,-0.011061861,-0.0024728945,-0.99993575,1.0,0.0,0.0,0.024865795,-0.070049986,0.10247159,0.090254426,-0.04215145,-0.17303422,0.03290068,-0.0377795,-0.0021770597,0.009489298,-0.101818144,-0.068994544,-0.00840182,0.08574377,-0.13611417,0.2781584,-1.0629243,-0.17782018,-0.010953855,-0.058467884,0.07341566,-0.014230678,-0.33164752,0.20532636,0.041460432,-1.0883489,0.787302,-1.4818606,0.47463405,1.1265756,-0.89642525,1.0259801,-0.67195916,0.9914655,0.70174104,-0.5483456,-201.06775,217.74313,-201.25415,-16.431368,-200.1278,200.53452,-213.07356,-87.14817,153.37277,157.9304,33.994343,-132.35107,0.024865795,-0.070049986,-0.6975284,1.6902544,-0.84215146,-0.17303422,0.03290068,-0.0377795,-0.8021771,1.6094893,-0.90181816,-0.068994544,-0.1680364,1.7148753,-2.7222831,5.563168,-21.258486,-3.5564034,-0.2190771,-1.1693577,1.4683131,-0.28461355,-6.6329503,4.1065273
669,0.021237362,-0.00045544002,0.39524052,-0.01055381,-0.0051931464,-0.99993086,1.0,0.0,0.0,0.027244622,-0.057725437,0.09622347,0.117093205,-0.1793263,-0.13096118,-0.023156997,-0.035072315,-0.009367108,0.035404086,-0.09167361,-0.10652779,0.018611228,0.040274616,0.052602496,0.018562548,-0.3779919,0.5277774,-0.4999771,0.0720832,-0.124689534,0.2462096,0.3635886,-0.5092679,-0.61851835,0.7882745,-0.3431727,-1.4945812,0.55722535,-0.19647607,0.65352976,-0.9272939,1.0389478,-1.3958725,0.33486867,-0.20410827,12.468921,-194.02646,195.8629,-220.46884,199.8938,200.17632,-198.06563,202.93584,-178.5364,191.27069,200.4347,-200.19402,0.027244622,-0.057725437,-0.70377654,1.7170932,-0.9793263,-0.13096118,-0.023156997,-0.035072315,-0.8093671,1.6354041,-0.8916736,-0.10652779,0.37222457,0.80549234,1.0520499,0.37125096,-7.5598383,10.555548,-9.999542,1.441664,-2.4937906,4.924192,7.271772,-10.185358
670,0.033216327,0.05251009,0.22604644,-0.009489008,-0.0061846664,-0.9999359,1.0,0.0,0.0,-0.013051139,-0.042972952,0.100426555,0.10483718,-0.17743301,-0.10326928,-0.07180923,-0.032350227,-0.014086425,0.05208683,0.0411402,-0.15624274,-0.37973258,0.1003945,-0.0022984182,-0.12623368,0.32660753,-0.13957463,-0.036570605,-0.03209152,0.059933048,-0.048173822,0.74668103,-0.14054048,0.4490285,-1.0681334,0.8742293,0.16943884,0.35904607,-0.1849857,0.97393864,0.9711603,-0.88602805,-1.2622849,-0.65321934,0.79812205,-201.5707,204.43008,-166.94786,-204.53058,200.79366,-98.308495,199.991,-200.17943,202.80544,-217.79886,-44.852047,31.11803,-0.013051139,-0.042972952,-0.69957346,1.7048372,-0.977433,-0.10326928,-0.07180923,-0.032350227,-0.81408644,1.6520869,-0.7588598,-0.15624274,-7.5946517,2.00789,-0.045968365,-2.5246737,6.5321503,-2.7914927,-0.7314121,-0.6418304,1.198661,-0.9634764,14.93362,-2.8108096
671,0.06815505,0.07583322,-0.12832998,-0.0068500256,-0.008406569,-0.99994123,1.0,0.0,0.0,-0.041626357,-0.02936671,0.10101855,0.08983207,-0.040061533,-0.13310775,-0.038340747,-0.045310553,-0.0068541765,0.047157526,0.08999926,-0.11027123,0.05075392,0.042336695,0.0066340277,-0.0341108,0.91822714,-0.13061239,0.33714825,-0.09218616,0.030773316,-0.014746557,-0.12766494,0.5220832,1.0951269,0.94198513,-0.35036933,0.22601897,0.28857082,0.45715788,-1.1412078,-0.97739285,1.2267592,0.47186387,0.23258966,-0.12693565,200.05507,-200.88995,200.45793,166.67914,45.47893,9.666979,175.72527,-10.75412,-102.69974,-79.11898,-224.96123,186.04881,-0.041626357,-0.02936671,-0.69898146,1.6898321,-0.84006155,-0.13310775,-0.038340747,-0.045310553,-0.8068542,1.6471575,-0.71000075,-0.11027123,1.0150784,0.84673387,0.13268055,-0.682216,18.364542,-2.6122477,6.7429647,-1.8437232,0.6154663,-0.29493114,-2.5532987,10.441664
672,0.1545936,0.010022399,-0.3113109,-0.005157187,-0.0132212,-0.99989927,1.0,0.0,0.0,0.015782004,-0.016168967,0.086242735,0.11156583,0.09849703,-0.08260623,-0.009739556,-0.059029523,-0.012782097,0.06774032,0.098244786,-0.059650756,0.4792242,0.087115005,-0.13255285,0.20186888,0.5368692,0.56598485,-0.013398613,-0.042578556,-0.07936025,0.19967388,0.15701449,0.041444115,-0.53526926,-1.0059164,0.78328764,-1.0561688,-0.74233013,-0.34567943,-0.51287526,1.0718063,-0.77221227,-1.1727405,0.35132983,-1.2243565,198.30325,196.50331,-236.80957,31.742783,-89.37321,200.46107,-164.38602,149.06297,-15.036682,202.85464,52.682854,-131.11942,0.015782004,-0.016168967,-0.7137573,1.7115659,-0.701503,-0.08260623,-0.009739556,-0.059029523,-0.8127821,1.6677403,-0.7017552,-0.059650756,9.584484,1.7423,-2.6510568,4.0373774,10.737385,11.319696,-0.26797226,-0.8515711,-1.5872049,3.9934773,3.1402898,0.8288823
673,0.20895104,0.066015296,0.44680315,-0.0037582708,-0.02055231,-0.9997817,1.0,0.0,0.0,0.05799619,-0.007754666,0.081107855,0.121115446,0.1299532,-0.045573305,-0.06845499,-0.0564945,-0.044573367,0.11519754,0.16101992,-0.11292776,-0.0074850693,0.00492777,0.06160847,-0.07554337,-0.15308736,-0.12657857,-0.5195581,0.057070334,-0.21385844,0.25975296,0.3918489,-0.53450173,-1.300079,0.95049876,-0.27418202,-0.9594955,-0.2756644,-0.37048486,1.035227,-1.0435693,0.916268,-0.72136706,-1.0850579,0.7025518,-199.88368,-199.73822,196.69145,-217.42911,-200.21152,-199.99345,-191.59709,243.14424,-57.63008,36.33693,15.1721115,-176.18376,0.05799619,-0.007754666,-0.71889216,1.7211155,-0.6700468,-0.045573305,-0.06845499,-0.0564945,-0.8445734,1.7151976,-0.6389801,-0.11292776,-0.14970139,0.09855539,1.2321694,-1.5108674,-3.061747,-2.5315714,-10.391161,1.1414067,-4.2771688,5.195059,7.8369775,-10.690035
674,0.1923433,0.10238998,0.31805548,-0.00069875596,-0.028478898,-0.99959415,1.0,0.0,0.0,0.017368477,0.0003531855,0.093610466,0.103045344,0.02683723,-0.1355828,-0.12129393,-0.055813715,-0.06475991,0.13824654,0.16375118,-0.14094219,-0.36631593,0.06730253,0.059476774,-0.12774229,-0.71084684,-0.58397526,-0.056029286,-0.044172686,-0.009805783,-0.000977192,-0.29579243,0.18266712,0.88149786,-0.9345637,1.0489981,0.6306767,1.0944693,1.4529904,0.7057307,0.93194735,-0.9109818,-0.07089387,-0.8980331,0.65241325,-200.60974,192.13124,-188.96248,-219.27374,-17.193962,18.137623,200.21591,-196.78773,201.5838,-215.01988,-200.16333,200.15062,0.017368477,0.0003531855,-0.70638955,1.7030454,-0.7731628,-0.1355828,-0.12129393,-0.055813715,-0.8647599,1.7382466,-0.6362488,-0.14094219,-7.3263187,1.3460506,1.1895355,-2.5548458,-14.216936,-11.679505,-1.1205857,-0.88345367,-0.19611564,-0.019543838,-5.9158487,3.6533425
675,0.23937751,0.15018602,-0.034487065,0.004348101,-0.03727682,-0.99929553,1.0,0.0,0.0,-0.009029175,0.0051697535,0.10357547,0.08814597,-0.041221082,-0.17322019,-0.09121971,-0.062757134,-0.06663793,0.12795568,0.030710518,-0.02874927,0.05991281,-0.0096351085,0.04090872,-0.029463151,-0.036924362,0.13539225,0.3190764,-0.027994707,-0.006884069,-0.09444237,-0.967611,0.8702049,0.7144477,0.9274479,-0.23461497,-0.9214925,1.7738845,1.168439,-0.59858674,-1.1501273,1.0575114,0.5166196,0.08449856,-0.20189068,199.94809,-201.87285,198.47949,182.91614,199.89334,200.0639,198.58992,176.6746,-191.94385,-221.76842,-200.16736,199.13525,-0.009029175,0.0051697535,-0.69642454,1.688146,-0.8412211,-0.17322019,-0.09121971,-0.062757134,-0.86663795,1.7279557,-0.7692895,-0.02874927,1.1982561,-0.19270217,0.8181744,-0.589263,-0.73848724,2.707845,6.3815274,-0.55989414,-0.13768138,-1.8888474,-19.35222,17.404099
676,0.11254304,0.08599378,-0.23304823,0.009418415,-0.044711463,-0.9989555,1.0,0.0,0.0,0.050314207,0.007776618,0.10577923,0.078460336,0.011551559,-0.070697114,-0.062702134,-0.068684325,-0.066150546,0.11892295,-0.088837504,0.069311954,0.47681603,-0.015903441,-0.048693564,0.021624563,0.33599102,0.8172332,0.00059233507,-0.020579621,0.01373438,-0.0049347836,-0.29475984,0.17981033,-0.37544262,-1.1801192,0.9535258,0.5368437,1.6343869,0.7032547,-0.5879855,0.9648198,-0.67609274,-0.9503259,0.4269436,-0.9618863,194.85999,-495.1158,-256.95114,173.65034,0.36619568,185.3029,-200.26472,-199.51707,204.0974,185.49953,200.01144,-200.02693,0.050314207,0.007776618,-0.6942208,1.6784604,-0.78844845,-0.070697114,-0.062702134,-0.068684325,-0.86615056,1.718923,-0.8888375,0.069311954,9.536321,-0.31806883,-0.9738713,0.43249124,6.7198205,16.344664,0.011846702,-0.41159242,0.2746876,-0.098695666,-5.895197,3.5962064
677,0.2269625,0.088357806,0.4952218,0.012413081,-0.051565386,-0.9985924,1.0,0.0,0.0,0.09823618,-0.016523775,0.077061534,0.12621188,0.06672174,0.13001637,-0.121494316,-0.063218445,-0.070858836,0.10230422,-0.07007438,0.026463924,0.056120526,-0.19219437,-0.2115341,0.36441585,0.29624122,1.2099653,-0.5361752,0.06714511,-0.056414373,-0.14608575,0.4117263,-0.5367524,-1.2184879,0.875429,-0.41071612,-0.80044335,0.21545354,0.10203692,0.9792626,-1.0335921,1.0864612,0.32390392,-0.039852925,0.041999012,-165.34908,-249.17525,-181.36673,171.52303,41.781097,131.49753,-196.8945,237.26364,-183.03232,-210.1425,200.30652,-199.37819,0.09823618,-0.016523775,-0.7229385,1.7262119,-0.7332783,0.13001637,-0.121494316,-0.063218445,-0.87085885,1.7023042,-0.8700744,0.026463924,1.1224105,-3.8438873,-4.230682,7.288317,5.924824,24.199306,-10.723504,1.3429022,-1.1282874,-2.921715,8.234526,-10.735048
678,0.06330858,0.0207197,0.32429856,0.013631155,-0.05724826,-0.99826694,1.0,0.0,0.0,0.0664652,-0.041804593,0.03359747,0.1897285,0.1252752,0.292502,-0.17477755,-0.058254685,-0.073597014,0.08654797,-0.043314636,-0.0062165344,-0.33491307,-0.06623535,-0.22451578,0.28027493,0.2547731,0.4915935,-0.04667921,-0.011464241,0.018815903,-0.023961334,0.026104053,0.06546744,0.36966443,-1.0561982,0.7117487,-1.7251364,-1.4529669,-1.7272903,1.1528721,0.8821467,-0.71924555,-0.76459557,-0.6310094,0.6529981,-204.67458,243.08661,-150.63861,-161.11691,-36.916786,-197.56483,199.92084,-199.0588,203.59296,186.62346,-21.807001,59.86609,0.0664652,-0.041804593,-0.76640254,1.7897285,-0.6747248,0.292502,-0.17477755,-0.058254685,-0.873597,1.686548,-0.84331465,-0.0062165344,-6.6982613,-1.3247069,-4.4903154,5.6054983,5.095462,9.83187,-0.9335842,-0.22928481,0.37631807,-0.47922665,0.5220811,1.3093488
679,0.044330407,0.14712052,-0.028280005,0.01695591,-0.059526294,-0.99808276,1.0,0.0,0.0,0.04479431,-0.059812788,0.004585266,0.21961021,0.100635886,0.3188035,-0.14343584,-0.057656854,-0.069651544,0.06781745,-0.112176895,0.08250518,0.07892742,-0.11341467,-0.07957824,0.037392188,-0.43389574,-0.16507374,0.32373098,0.014145433,0.020830847,-0.15204518,-0.64758503,0.7528768,0.7609955,0.771507,-0.29565024,-1.0666077,-0.42472902,-0.38738188,-0.6553913,-0.9386569,1.126195,0.46162558,0.28014326,-0.48458913,199.28206,-206.31215,203.9837,-218.45337,-200.1268,-200.3306,198.93909,176.33553,-208.88538,-226.29063,-200.38998,199.1201,0.04479431,-0.059812788,-0.79541475,1.8196102,-0.6993641,0.3188035,-0.14343584,-0.057656854,-0.86965156,1.6678175,-0.9121769,0.08250518,1.5785483,-2.2682934,-1.5915649,0.74784374,-8.677915,-3.3014748,6.4746194,0.28290865,0.41661695,-3.0409033,-12.9517,15.057536
680,-0.03929604,0.05921218,-0.27880448,0.02146496,-0.05927196,-0.9980111,1.0,0.0,0.0,0.10165976,-0.0708165,-0.009645402,0.21684206,-0.05230242,0.20955408,-0.11240695,-0.05438866,-0.06536043,0.051887035,-0.16743177,0.155439,0.45164368,-0.0103623755,-0.06196717,-0.058784958,-0.9103509,-0.85875446,0.019784305,0.019527636,0.009874422,-0.0028880727,0.022025352,0.039671626,-0.76616216,-1.2130939,0.84556735,-1.2955,0.42787325,-0.2148118,0.13790682,1.1785706,-0.6578704,-0.70144343,0.5789506,-1.0633646,199.82489,160.71136,-180.479,-218.09077,19.421463,-201.68163,-185.39592,-184.58546,71.93202,200.70367,188.8821,-207.25996,0.10165976,-0.0708165,-0.8096454,1.8168421,-0.85230243,0.20955408,-0.11240695,-0.05438866,-0.86536044,1.651887,-0.9674318,0.155439,9.032873,-0.20724751,-1.2393434,-1.1756991,-18.207018,-17.175089,0.3956861,0.39055273,0.19748844,-0.057761453,0.44050705,0.7934325
681,-0.01548619,0.18316694,-0.12697048,0.02690818,-0.05807039,-0.9979497,1.0,0.0,0.0,0.15114571,-0.08267535,-0.007827699,0.17418253,-0.15863127,0.04353698,-0.07941214,-0.04297826,-0.0689978,0.043493986,-0.08144134,0.087320276,0.08199421,-0.097170405,0.066113524,-0.34132138,-0.2228188,-0.70601547,0.28771058,0.08362069,-0.042712804,-0.08411503,0.75837624,-0.6514408,-1.2323043,0.78739655,-0.32912713,0.2395925,0.60817957,0.74449784,0.77155405,-0.8659923,1.1265922,0.51643085,-0.13354114,0.32241496,-201.98732,-193.16298,223.79617,-220.10379,200.67566,95.24316,191.54999,240.3391,-192.73247,-171.78267,206.8394,-198.37515,0.15114571,-0.08267535,-0.8078277,1.7741826,-0.9586313,0.04353698,-0.07941214,-0.04297826,-0.8689978,1.643494,-0.88144135,0.087320276,1.6398842,-1.9434081,1.3222704,-6.8264275,-4.456376,-14.120309,5.7542114,1.6724137,-0.85425603,-1.6823006,15.167524,-13.028815
682,-0.045416765,0.037559144,-0.32717428,0.03145057,-0.05642141,-0.9979116,1.0,0.0,0.0,0.123419166,-0.09178477,-0.014564991,0.13372207,-0.12663126,-0.024429556,0.028817594,-0.037701763,-0.071704745,0.04826939,-0.0040343404,0.035900164,-0.3223278,-0.002097056,-0.11937874,-0.08541738,0.4729859,-0.039914325,0.7570792,-0.026538933,0.011020816,0.09642922,0.07279529,0.066138126,0.8954994,-1.2360688,0.92092913,-1.0242331,0.57745457,0.7486895,-1.3380225,1.1142523,-0.6921407,-1.0080917,-0.99481016,0.6244096,-198.5086,247.25885,-199.1939,182.02312,200.14417,200.88727,202.6385,-172.85196,183.04738,181.59776,-199.7189,200.77635,0.123419166,-0.09178477,-0.814565,1.7337221,-0.9266313,-0.024429556,0.028817594,-0.037701763,-0.87170476,1.6482694,-0.80403435,0.035900164,-6.4465556,-0.04194112,-2.3875747,-1.7083476,9.459718,-0.7982865,15.141583,-0.53077865,0.2204163,1.9285843,1.4559057,1.3227625
683,-0.093573764,0.08389577,-0.1499711,0.03499575,-0.05372674,-0.9979422,1.0,0.0,0.0,0.10728674,-0.101730116,-0.021091938,0.09688163,0.022247553,0.046453696,0.1316074,-0.034725733,-0.07351023,0.06131804,-0.056437492,0.11486915,0.12432494,-0.07536853,-0.023150932,-0.08122551,0.6195068,0.60956645,0.34619883,0.009289374,-0.017417034,0.11905861,-0.4675029,0.58178765,0.5856669,0.7587944,-0.17345324,1.5151963,-0.16582385,-0.6979132,-1.1057743,-0.84764886,1.1248035,-0.48196584,0.3585042,-0.66102874,219.6172,19.045273,235.6921,945.02155,-305.2312,23.755508,-208.23192,-354.83844,247.42506,378.1001,-107.89332,86.92184,0.10728674,-0.101730116,-0.82109195,1.6968817,-0.77775246,0.046453696,0.1316074,-0.034725733,-0.87351024,1.6613181,-0.8564375,0.11486915,2.4864988,-1.5073706,-0.46301863,-1.62451,12.390136,12.191329,6.9239764,0.18578747,-0.34834066,2.3811722,-9.350058,11.635753
684,0.12902763,0.03611256,-0.36803207,0.0381954,-0.054439444,-0.9977863,1.0,0.0,0.0,0.16635345,-0.11438365,-0.03794366,0.12314427,0.059567332,0.08689334,0.16308694,-0.036045868,-0.07066733,0.07111919,-0.07608837,0.1502755,0.44243404,-0.06148404,-0.12804177,0.25671408,-0.12945388,-0.11466954,-0.00088995177,-0.013130081,0.031778093,-0.0029188888,0.19210385,-0.14842439,-0.5458042,-1.115586,0.7599191,-1.8364097,-0.43030357,-0.57932144,-0.32950532,1.2226686,-0.5994358,0.93974537,0.38434356,-1.0234132,195.09483,184.60315,-146.18791,189.97083,-199.56223,-200.28073,-182.39764,-46.54918,-90.188675,-151.48778,183.28949,-205.95062,0.16635345,-0.11438365,-0.8379437,1.7231443,-0.7404327,0.08689334,0.16308694,-0.036045868,-0.87066734,1.6711192,-0.8760884,0.1502755,8.8486805,-1.2296808,-2.5608354,5.134281,-2.5890777,-2.2933908,-0.017799035,-0.2626016,0.6355618,-0.058377776,3.8420768,-2.9684877
685,0.07066164,0.054960556,0.31699035,0.039882574,-0.058234718,-0.997506,1.0,0.0,0.0,0.21061184,-0.12856494,-0.04444343,0.15050387,-0.043159664,-0.010390073,0.10573758,-0.02452043,-0.08773589,0.09735763,0.03615141,0.041423112,0.041306563,-0.0818006,0.042805213,0.03229524,-0.8078713,-0.79298455,-0.5189529,0.11613299,-0.17939234,0.2387899,0.7972509,-0.8682955,-0.9817132,0.8134794,-0.18335444,-1.971548,0.38284588,0.09766126,0.21890435,-0.8344116,0.94916236,-1.0103546,-0.7132643,0.32136413,-200.95236,-196.0575,215.94814,-215.89125,-138.62979,-200.06883,-193.6287,227.88196,-173.57907,186.10344,45.98223,-200.14719,0.21061184,-0.12856494,-0.84444344,1.7505039,-0.8431597,-0.010390073,0.10573758,-0.02452043,-0.8877359,1.6973577,-0.7638486,0.041423112,0.8261312,-1.636012,0.85610425,0.6459047,-16.157425,-15.859691,-10.379058,2.3226597,-3.5878468,4.775798,15.945018,-17.36591
686,0.08972457,0.09809922,0.13697933,0.042544264,-0.061732925,-0.9971856,1.0,0.0,0.0,0.17064555,-0.1359205,-0.04568124,0.14043033,-0.12708992,-0.09588957,0.053565916,-0.015454916,-0.10202438,0.11617792,0.11806744,-0.05328307,-0.3982115,0.00058228994,-0.047750354,-0.117255904,-0.10236915,-0.12839653,-0.05667416,-0.013190754,0.01306981,-0.00096092926,0.07206201,-0.15414439,0.72248095,-1.115314,0.90268016,-1.2590866,0.9280386,0.87773544,0.678898,1.1131809,-0.61523783,-0.21022214,-0.89780307,0.78104115,-198.38283,224.39624,-204.89659,-217.76093,199.93259,200.70811,184.6856,-181.51166,342.6444,-30.889893,-218.92998,189.0009,0.17064555,-0.1359205,-0.84568125,1.7404304,-0.9270899,-0.09588957,0.053565916,-0.015454916,-0.9020244,1.7161779,-0.68193257,-0.05328307,-7.96423,0.011645799,-0.9550071,-2.345118,-2.047383,-2.5679305,-1.1334832,-0.26381508,0.2613962,-0.019218585,1.4412402,-3.0828876
687,-0.031368967,0.20151326,-0.25905052,0.049181305,-0.06317666,-0.9967898,1.0,0.0,0.0,0.14618607,-0.14575845,-0.039326847,0.09279871,-0.08433068,-0.0383932,0.08090086,-0.018473167,-0.101578236,0.111662626,0.050253212,-0.01912421,0.087731205,-0.08978652,0.049432036,-0.23101227,0.28549317,0.6939315,0.3079611,0.0053055333,0.00023871141,-0.06974,-0.6518997,0.46691844,0.69140035,0.75831485,-0.14012429,1.8705475,1.0324547,-0.653106,-0.8772053,-0.9087964,0.98233294,0.56403726,-0.0487277,-0.38870087,133.85039,-327.16248,56.827087,337.90137,-60.545654,290.94376,198.89198,187.05287,-200.91489,-218.53966,-200.21167,199.52798,0.14618607,-0.14575845,-0.83932686,1.6927987,-0.8843307,-0.0383932,0.08090086,-0.018473167,-0.90157825,1.7116627,-0.7497468,-0.01912421,1.7546241,-1.7957305,0.9886407,-4.6202455,5.709863,13.878631,6.159222,0.10611066,0.004774228,-1.3948,-13.037993,9.338368
688,-0.042413265,-0.01442637,-0.47618577,0.054312762,-0.060655043,-0.99668,1.0,0.0,0.0,0.19925962,-0.15911986,-0.053605437,0.102877975,-0.012534559,0.043318827,0.107392035,-0.017070485,-0.09611082,0.110226035,-0.0142534375,-0.0016515106,0.40684834,-0.04861621,-0.14536355,0.23689964,0.46602818,0.1566184,-0.013530276,0.0074310834,0.061374582,0.047429536,-0.14180511,-0.22297113,-0.6640395,-1.0559716,0.7949389,-0.62245065,0.15534562,-0.9059275,-0.5902972,1.0755504,-0.6876285,-0.86977166,0.43985057,-0.66606766,204.17445,126.79161,-310.12668,228.30753,79.692604,-166.8569,-200.8651,-205.86435,204.86702,185.51851,63.992783,-200.11247,0.19925962,-0.15911986,-0.85360545,1.702878,-0.8125346,0.043318827,0.107392035,-0.017070485,-0.89611083,1.710226,-0.81425345,-0.0016515106,8.136967,-0.97232425,-2.907271,4.737993,9.320563,3.1323678,-0.2706055,0.14862166,1.2274916,0.9485907,-2.8361022,-4.4594226
689,-0.008654376,0.13217132,0.28970864,0.056992143,-0.059541333,-0.99659765,1.0,0.0,0.0,0.24271326,-0.1623796,-0.074853,0.1389122,0.04121256,0.027854552,0.046785753,-0.004193246,-0.09197903,0.10178721,0.035185933,-0.12516427,0.060316093,0.011741419,-0.086752065,0.14218208,0.16169283,-0.25909397,-0.538935,0.111862674,-0.011231633,-0.11695909,0.56544983,-0.9407366,-1.3190514,0.7613199,-0.2844362,-0.46104148,-0.5505737,0.127679,0.74844503,-0.8884789,1.1094985,0.124270245,0.0900517,0.35394564,-142.70197,151.18092,108.024704,-3.7351532,-49.335915,-108.17527,-198.41948,214.62035,-167.29886,-204.66907,200.37193,-199.85495,0.24271326,-0.1623796,-0.874853,1.7389122,-0.75878745,0.027854552,0.046785753,-0.004193246,-0.89197904,1.7017872,-0.7648141,-0.12516427,1.2063218,0.23482838,-1.7350413,2.8436415,3.2338564,-5.1818795,-10.7787,2.2372534,-0.22463265,-2.3391817,11.308996,-18.814732
690,-0.069189675,0.08085143,0.08025756,0.06067851,-0.058112644,-0.99646425,1.0,0.0,0.0,0.20516482,-0.14893492,-0.099509716,0.15878105,-0.0038103461,0.03773501,-0.007501642,0.0112123275,-0.09041405,0.094453454,0.068479,-0.22024468,-0.39154425,0.12498268,-0.15187322,0.050860763,-0.5318266,0.18926276,-0.06350121,0.033754636,0.015738983,0.0014489831,-0.00789767,-0.113080524,0.45873168,-1.0950512,0.8848621,-0.30297464,-0.38869774,0.7893061,0.9789307,1.0892713,-0.4058958,-0.70388436,0.021838538,1.5105277,-199.39452,240.31517,-165.87212,-202.69823,-199.14346,28.231104,182.62683,-219.66309,3.599823,29.98081,-37.027157,211.96416,0.20516482,-0.14893492,-0.8995097,1.7587811,-0.80381036,0.03773501,-0.007501642,0.0112123275,-0.89041406,1.6944535,-0.731521,-0.22024468,-7.830885,2.4996536,-3.0374641,1.0172153,-10.636532,3.7852552,-1.2700242,0.6750927,0.31477964,0.028979661,-0.15795341,-2.2616105
691,-0.15575354,0.2463344,-0.25818107,0.06784565,-0.053288236,-0.9962717,1.0,0.0,0.0,0.18365689,-0.13604957,-0.10893959,0.13806331,-0.14332741,0.15499666,0.020827105,0.013020058,-0.09413391,0.094610214,0.04744798,-0.1721041,0.1253288,0.012657672,0.034634214,-0.23442344,-0.6575815,0.9110698,0.30971763,-0.010953563,-0.047100358,0.0003481788,-0.116121486,0.5305812,0.41710186,0.70847976,-0.1043694,1.541806,0.6513064,-0.5496936,-0.90196085,-0.8822032,1.256821,-0.27742004,0.3110522,0.28874427,199.20912,-202.71742,202.49803,-226.02164,74.59959,199.71202,160.1095,-60.322556,-98.97686,-29.785583,8.991512,183.3855,0.18365689,-0.13604957,-0.9089396,1.7380633,-0.9433274,0.15499666,0.020827105,0.013020058,-0.8941339,1.6946102,-0.75255203,-0.1721041,2.5065758,0.25315344,0.6926843,-4.688469,-13.15163,18.221395,6.194352,-0.21907127,-0.9420071,0.0069635757,-2.3224297,10.611624
692,0.033075564,-0.056925856,-0.20553765,0.07150902,-0.04966907,-0.99620247,1.0,0.0,0.0,0.23989734,-0.13106917,-0.09951568,0.11189377,-0.1991682,0.25973007,0.04419091,0.0004927349,-0.08138764,0.07510829,0.079129696,-0.01821388,0.3503863,0.031552654,0.0525234,-0.04419697,0.030904,0.20521596,-0.028740034,-0.08047412,0.112402916,-0.110130765,0.21588866,0.7279838,-0.49237043,-1.115822,0.43371236,-0.47595823,0.44888747,-0.9925645,-0.2540955,0.9905335,-0.40903,1.3404226,0.9592349,-0.75479084,63.795647,200.40918,-64.149185,177.2074,199.71957,-200.17542,-91.226654,199.67883,-200.878,320.43372,-187.84447,-142.892,0.23989734,-0.13106917,-0.8995157,1.7118938,-0.9991682,0.25973007,0.04419091,0.0004927349,-0.88138765,1.6751083,-0.7208703,-0.01821388,7.0077257,0.63105303,1.050468,-0.8839394,0.61808,4.104319,-0.57480067,-1.6094824,2.2480583,-2.2026153,4.3177733,14.559675
693,0.07077404,-0.0396915,0.53047657,0.069405615,-0.05256764,-0.9962026,1.0,0.0,0.0,0.26503393,-0.124215506,-0.08259338,0.08667743,-0.12092185,0.22661027,-0.0124108475,-0.00092997693,-0.09576321,0.09374881,0.1517002,0.037011746,-0.06428684,0.05613465,0.07564145,-0.15479703,0.6716579,-0.46679828,-0.47638735,0.046352256,-0.19459051,0.22128557,0.56996197,-0.06986404,-1.1086915,0.80183387,-0.5573541,1.049224,0.92158294,-0.083187416,0.8509022,-0.96581155,0.85121226,-0.6656642,-0.8818757,-0.69945705,-157.29356,50.6138,-135.98326,-130.33969,176.2146,-191.10915,-94.71129,217.6911,-322.72238,160.0606,161.0822,-211.5506,0.26503393,-0.124215506,-0.8825934,1.6866775,-0.92092186,0.22661027,-0.0124108475,-0.00092997693,-0.8957632,1.6937488,-0.6482998,0.037011746,-1.2857368,1.122693,1.5128291,-3.0959406,13.433158,-9.335965,-9.527747,0.9270451,-3.8918102,4.425711,11.39924,-1.3972808
694,0.16785263,-0.13384548,0.31974486,0.06481047,-0.058833122,-0.9961617,1.0,0.0,0.0,0.20284405,-0.102484286,-0.09615433,0.091058135,0.064537585,0.10454019,-0.060383048,-0.0038704781,-0.11086559,0.11633408,0.18888712,-0.05080227,-0.4987454,0.13709469,-0.22733669,0.21667711,0.97792786,-0.6015402,-0.046497777,-0.06717927,0.021753155,0.017860921,-0.12681375,-0.74103504,1.0116775,-1.0906502,0.73830324,-1.5262859,-1.1145797,1.936139,0.71508473,0.87370974,-0.75044715,-0.06868489,-0.743228,0.40217492,-175.02345,-6.5041046,-541.03625,242.18323,27.510345,59.41928,199.69948,-202.77094,201.23692,-217.61882,-200.22957,-200.0385,0.20284405,-0.102484286,-0.89615434,1.6910582,-0.7354624,0.10454019,-0.060383048,-0.0038704781,-0.9108656,1.7163341,-0.6111129,-0.05080227,-9.974908,2.7418938,-4.546734,4.3335423,19.558558,-12.030804,-0.92995554,-1.3435854,0.4350631,0.3572184,-2.536275,-14.820701
695,0.07811792,0.048741907,-0.05201627,0.063320205,-0.0639289,-0.99594355,1.0,0.0,0.0,0.15611063,-0.091437414,-0.12411147,0.118558764,0.17036277,0.05080082,-0.027480101,-0.01292606,-0.109838605,0.10620487,0.08968574,-0.12331279,-0.016741779,-0.008052803,-0.06527548,0.06427981,0.18643425,0.018693378,0.33665678,-0.027658055,-0.006524076,-0.105849884,-0.7980645,-0.05325342,0.59421295,0.7991057,-0.34363297,-1.0944695,-0.19900806,-0.03605747,-0.4351334,-1.024528,1.0348401,0.22678693,-0.08756784,1.046467,164.35345,-251.6771,356.0677,-21.270325,-212.62709,179.94264,197.9031,176.91577,-188.72435,-214.01096,-199.7586,199.27992,0.15611063,-0.091437414,-0.9241115,1.7185588,-0.62963724,0.05080082,-0.027480101,-0.01292606,-0.9098386,1.7062049,-0.7103143,-0.12331279,-0.33483556,-0.16105606,-1.3055096,1.2855961,3.728685,0.37386757,6.7331357,-0.5531611,-0.13048153,-2.1169977,-15.961289,-1.0650684
696,-0.0089059705,-0.016023835,-0.30660835,0.06434348,-0.06462847,-0.9958329,1.0,0.0,0.0,0.1868205,-0.08733887,-0.13545263,0.12479758,0.13180655,0.022827383,0.008171981,-0.020266997,-0.10767037,0.09630394,-0.003464222,-0.057275508,0.29657164,0.041899752,-0.04996034,-0.006211979,-0.49779364,-0.15637024,0.04797655,-0.042022996,0.02478486,-0.0017832521,-0.27393472,0.6441993,-0.44156438,-1.180099,0.8189743,-0.6343826,-0.22048365,0.1909326,-0.54579294,1.0108805,-0.55445194,-0.55892414,0.38256872,-0.3243989,198.71078,185.6353,-205.72871,-221.22818,-200.21045,15.330706,-200.20395,-200.4575,204.89319,184.60094,78.15963,200.02666,0.1868205,-0.08733887,-0.93545264,1.7247976,-0.66819346,0.022827383,0.008171981,-0.020266997,-0.9076704,1.696304,-0.80346423,-0.057275508,5.9314327,0.83799505,-0.99920684,-0.12423957,-9.955873,-3.1274047,0.959531,-0.8404599,0.49569717,-0.035665043,-5.4786944,12.883986
697,0.067667924,0.16306484,0.43744108,0.06726091,-0.066128656,-0.99554145,1.0,0.0,0.0,0.20591274,-0.08802466,-0.1291619,0.09343135,0.003017962,0.057319775,-0.040998753,-0.01664103,-0.112305224,0.07825613,0.019580483,-0.0073406673,-0.0709664,-0.0376709,0.09588895,-0.2834657,-0.60008645,0.31561098,-0.4862855,0.069555,-0.062187977,-0.16288035,0.43380257,-0.07306189,-1.254656,0.78000975,-0.3628,1.0119773,0.66255605,0.24223916,0.89927435,-1.00114,1.0960071,0.48033565,-0.18145251,-0.5340315,-200.66887,-200.59969,208.26309,-219.6604,69.52091,7.4827166,-193.69322,243.91162,-177.5098,-206.63382,200.59094,-199.18707,0.20591274,-0.08802466,-0.9291619,1.6934314,-0.79698205,0.057319775,-0.040998753,-0.01664103,-0.91230524,1.6782562,-0.7804195,-0.0073406673,-1.419328,-0.75341797,1.917779,-5.669314,-12.001729,6.312219,-9.72571,1.3910999,-1.2437595,-3.2576067,8.676051,-1.4612378
698,0.07646653,-0.017538609,0.22887267,0.06890867,-0.069916904,-0.9951699,1.0,0.0,0.0,0.14183511,-0.07871869,-0.13024586,0.066694856,-0.040713012,0.12621364,-0.087573506,-0.014802672,-0.11660242,0.062155485,0.02860105,-0.09541087,-0.5257405,0.11905892,-0.08734181,-0.008421421,0.09396535,0.3035408,-0.02514489,-0.04414053,0.010155118,-0.013335697,-0.2730678,-0.7407117,0.893009,-1.1672043,0.8233813,-0.739282,0.054721624,0.0033044554,0.871198,1.0452694,-0.5305989,-0.9013142,-0.47173786,0.65728927,-196.5751,233.47766,-160.45772,203.83925,201.2658,-30.085375,199.84366,-200.82573,202.68906,183.16547,-200.09671,-199.95335,0.14183511,-0.07871869,-0.9302459,1.6666949,-0.840713,0.12621364,-0.087573506,-0.014802672,-0.91660243,1.6621555,-0.77139896,-0.09541087,-10.51481,2.3811784,-1.7468361,-0.16842842,1.879307,6.070816,-0.5028978,-0.8828106,0.20310235,-0.26671395,-5.4613557,-14.814234
699,-0.029821746,0.16240712,-0.120887384,0.07212795,-0.07086334,-0.99487484,1.0,0.0,0.0,0.09225895,-0.06535177,-0.13065553,0.032301545,-0.007190883,0.11891462,-0.0519248,-0.019640725,-0.11714226,0.04555571,-0.09753728,-0.16810378,-0.019145986,0.022037908,0.06830474,-0.30773523,0.16333595,-0.23033796,0.3445,-0.00851244,-0.0129370345,-0.14064653,-0.8582217,-0.055289544,0.9348376,0.83516955,-0.28404674,1.3100075,0.4913147,0.31174988,-0.75051534,-1.0225679,1.1044345,-0.0041430146,0.47010368,0.9929057,199.3999,-196.03969,215.40585,-213.23482,-16.157553,-50.474804,195.63719,166.71982,-197.53574,-219.54494,-45.18332,199.09393,0.09225895,-0.06535177,-0.93065554,1.6323016,-0.8071909,0.11891462,-0.0519248,-0.019640725,-0.9171423,1.6455557,-0.8975373,-0.16810378,-0.3829197,0.44075817,1.3660948,-6.1547046,3.2667189,-4.606759,6.89,-0.1702488,-0.2587407,-2.8129306,-17.164434,-1.1057909
700,0.008160951,0.031320304,-0.3411951,0.07637872,-0.07001677,-0.99461764,1.0,0.0,0.0,0.12230252,-0.06805149,-0.13669729,0.0147970915,0.08342576,0.13271591,-0.0151944775,-0.026057635,-0.10983968,0.014935255,-0.19456786,-0.10246949,0.27200827,-0.068389796,-0.14147139,0.15968968,0.5569974,0.22966504,0.054812152,-0.046505243,0.07440961,-0.15502056,-0.18023314,0.64242315,-0.51928043,-1.1630772,0.7282872,-0.28771257,-0.90278745,1.2427579,-0.34198204,0.88608015,-0.6945754,0.40964395,0.6215345,-0.09040288,82.398895,-257.42047,-239.01215,447.2389,58.395523,84.51917,-199.88123,-198.37987,205.4875,72.025154,200.14929,200.09702,0.12230252,-0.06805149,-0.9366973,1.6147971,-0.71657425,0.13271591,-0.0151944775,-0.026057635,-0.9098397,1.6149353,-0.9945679,-0.10246949,5.4401655,-1.367796,-2.8294277,3.1937935,11.139948,4.593301,1.096243,-0.93010485,1.4881922,-3.1004112,-3.6046627,12.848463
701,-0.032411102,0.09932518,0.30555746,0.0790486,-0.0693913,-0.9944527,1.0,0.0,0.0,0.13676937,-0.08511773,-0.14858168,0.035963416,0.100494206,0.24761236,-0.06317494,-0.018341158,-0.119363666,0.010619044,-0.15386826,-0.050675783,-0.08793121,-0.09975989,0.01321287,0.04010521,-0.26670876,0.87171614,-0.4798169,0.10838429,-0.147108,0.08936334,0.51750326,-0.011192424,-1.1491021,0.73453546,-0.09486399,0.3036847,-0.32269403,-0.95238024,0.68046385,-0.96953493,1.0307155,-1.0017937,-0.2986104,-0.73629093,-215.9768,-199.24301,321.19202,-74.25928,-214.89354,191.61374,-187.12242,238.32202,-171.76617,197.89442,200.82086,-96.76486,0.13676937,-0.08511773,-0.9485817,1.6359634,-0.6995058,0.24761236,-0.06317494,-0.018341158,-0.9193637,1.6106191,-0.95386827,-0.050675783,-1.7586241,-1.9951978,0.2642574,0.8021042,-5.334175,17.434322,-9.596338,2.1676857,-2.9421601,1.7872667,10.350065,-0.22384848
702,0.08809829,-0.3253663,0.32203478,0.072592795,-0.07186898,-0.994769,1.0,0.0,0.0,0.068418704,-0.08945892,-0.14053369,0.063248396,-0.020541072,0.3424827,-0.10956253,-0.015498083,-0.1150136,0.000426054,-0.12672663,-0.12681857,-0.54941046,0.037460748,0.05438899,0.215741,-0.7469997,0.14917262,-0.029520258,-0.063853696,0.15545128,-0.16658883,-0.17675316,-0.6830956,0.6298907,-1.2376629,0.17976347,-1.2047726,-0.16468257,-1.2307028,0.8009075,0.9570869,-0.731634,-0.10629691,-0.20246768,0.36999437,-215.99222,119.844444,57.35479,183.9701,22.222904,-201.58925,199.79846,-201.75069,202.21944,-217.19713,-199.96786,-199.96175,0.068418704,-0.08945892,-0.9405337,1.6632484,-0.8205411,0.3424827,-0.10956253,-0.015498083,-0.9150136,1.6004261,-0.92672664,-0.12681857,-10.988209,0.74921495,1.0877798,4.31482,-14.939994,2.9834523,-0.59040517,-1.2770739,3.1090255,-3.3317764,-3.5350633,-13.661911
703,-0.07351171,-0.22343072,-0.04075406,0.061788797,-0.07218551,-0.9954754,1.0,0.0,0.0,0.014747346,-0.0933215,-0.11209804,0.074569345,-0.10196507,0.29965034,-0.07427038,-0.023240188,-0.091944575,-0.027813196,-0.15497243,-0.18673815,-0.03858323,-0.058585208,0.2184885,-0.07253094,-0.21407829,-0.51174283,0.35397413,-0.0200454,0.08459217,-0.07497286,-0.08513533,0.030321656,0.9013465,0.71124077,-1.0212864,-0.5146053,0.6648216,-0.41705564,-0.8017133,-0.94550395,0.72671676,0.28982204,0.8043205,1.1382465,198.8341,-213.416,194.77588,-226.16484,70.04835,-200.5319,212.6525,174.1066,87.3351,248.92252,36.193176,216.81398,0.014747346,-0.0933215,-0.91209805,1.6745694,-0.9019651,0.29965034,-0.07427038,-0.023240188,-0.8919446,1.5721868,-0.95497245,-0.18673815,-0.7716646,-1.1717042,4.36977,-1.4506187,-4.2815657,-10.234857,7.0794826,-0.400908,1.6918434,-1.4994572,-1.7027066,0.6064331
704,-0.12127068,-0.26674458,-0.31752208,0.052429993,-0.06774177,-0.9963243,1.0,0.0,0.0,0.042345222,-0.09865278,-0.06841278,0.04716575,-0.06716704,0.121224076,-0.034551512,-0.027736519,-0.07648182,-0.028497815,-0.09953928,-0.10345021,0.2839612,0.0010965589,0.21882048,-0.19056778,0.49181172,-1.1827608,0.0701534,-0.02547206,0.07253229,0.052557893,0.5746798,0.7322169,-0.32978588,-1.2189499,0.16254008,0.7207072,-0.045594335,0.67328185,-0.4595114,1.0852517,-0.8429582,-0.9627403,0.3411065,-0.8593818,205.4831,234.88675,-203.27736,-227.3008,200.23904,-126.16445,-198.64143,-194.2996,203.39693,182.32953,199.99208,200.2489,0.042345222,-0.09865278,-0.8684128,1.6471658,-0.86716706,0.121224076,-0.034551512,-0.027736519,-0.87648183,1.5715022,-0.8995393,-0.10345021,5.679224,0.021931177,4.3764095,-3.8113556,9.836234,-23.655216,1.403068,-0.5094412,1.4506457,1.0511578,11.493595,14.644338
705,0.038398184,-0.22352935,0.47998473,0.042212483,-0.06660481,-0.99688613,1.0,0.0,0.0,0.057103533,-0.108221225,-0.022399426,0.021358967,-0.03467208,-0.038410403,-0.082270466,-0.02318282,-0.067700446,-0.033102036,0.057235003,-0.03587073,-0.099699974,-0.090179525,0.23205462,-0.077403,0.0036100948,-0.48341542,-0.4901525,0.06125287,0.021100648,-0.08225747,0.7603345,0.014996365,-1.0567822,0.73268455,-0.8193668,-0.47849053,0.20187473,0.892585,0.5919035,-0.93739814,0.5050044,-0.30987042,-0.46941382,-0.6671198,-197.8748,-192.75557,166.59091,174.11456,-35.34021,200.11864,-201.76245,190.4361,-182.96907,-207.87012,-84.00901,-200.54088,0.057103533,-0.108221225,-0.82239944,1.621359,-0.8346721,-0.038410403,-0.082270466,-0.02318282,-0.86770046,1.566898,-0.742765,-0.03587073,-1.9939995,-1.8035904,4.6410923,-1.54806,0.07220189,-9.668308,-9.80305,1.2250574,0.42201295,-1.6451495,15.20669,0.2999273
706,0.027481604,-0.15884814,0.3571669,0.033592276,-0.06882566,-0.9970629,1.0,0.0,0.0,-0.012091891,-0.116367124,0.011076033,-0.00030052662,0.0134238005,-0.05232668,-0.1244872,-0.019862665,-0.046017885,-0.0641253,0.1070323,-0.08992001,-0.54513234,-0.0023075396,0.08615231,-0.053111523,0.2501615,0.3241233,0.0346425,0.0010274024,0.16673298,-0.15448765,-0.2572161,-0.44224197,0.9342812,-1.2106953,0.22959025,0.83421415,-0.072470546,0.70019,0.9122024,1.1258103,-0.92438936,1.2183796,-0.4750677,0.18311474,-220.36795,47.064262,-134.04774,170.62851,1.7138214,250.38437,273.12558,88.10484,387.93134,128.15591,-288.4497,-125.87749,-0.012091891,-0.116367124,-0.788924,1.5996995,-0.7865762,-0.05232668,-0.1244872,-0.019862665,-0.8460179,1.5358747,-0.6929677,-0.08992001,-10.902647,-0.04615079,1.7230461,-1.0622305,5.0032296,6.4824657,0.69285,0.020548046,3.3346596,-3.089753,-5.144322,-8.844839
707,-0.117829874,-0.23294471,0.061224334,0.025215182,-0.06707118,-0.9974296,1.0,0.0,0.0,-0.06353158,-0.12562083,0.034430206,0.0053538084,0.0003643632,0.09071131,-0.07364774,-0.015684877,-0.029435754,-0.05484414,-0.017699957,-0.10167153,-0.016300991,-0.08529938,0.12685178,0.10039057,-0.23263466,1.0146773,0.4355745,0.04068984,0.014901011,0.20736812,-0.92287695,0.2537412,0.941143,0.7574273,-0.7882162,-1.0086224,0.28232712,-0.51775473,-1.0535024,-1.0811344,0.91992354,-1.1758337,0.8159712,0.7622855,249.90846,-381.6861,-146.70801,98.34729,-83.10303,156.3407,206.4665,251.682,-224.7711,169.6875,-199.108,200.74696,-0.06353158,-0.12562083,-0.7655698,1.6053538,-0.79963565,0.09071131,-0.07364774,-0.015684877,-0.82943577,1.5451559,-0.81769997,-0.10167153,-0.32601982,-1.7059876,2.5370357,2.0078113,-4.6526933,20.293545,8.71149,0.8137968,0.2980202,4.147362,-18.457539,5.074824
708,-0.015940174,-0.21636523,-0.15510355,0.016903782,-0.06422595,-0.9977921,1.0,0.0,0.0,-0.027586265,-0.13909647,0.052423477,0.0249784,-0.006073594,0.20488633,-0.015218336,-0.017457495,-0.01464963,-0.033305407,-0.12182093,0.015045046,0.3344702,-0.0523397,0.07449456,0.10068367,0.14938478,0.21499823,0.18853779,-0.06345621,0.08358748,0.085228465,-0.20094477,0.79274756,-0.37050942,-1.217334,0.24337474,-0.6111782,0.42951483,-0.68337613,-0.41358566,0.96168697,-0.62695503,0.1672713,0.8780222,-0.74715596,193.8768,232.81389,-157.61168,-18.053162,118.63126,-223.43668,-149.27023,-384.22876,-144.09622,6.544693,192.61183,114.16586,-0.027586265,-0.13909647,-0.74757653,1.6249784,-0.8060736,0.20488633,-0.015218336,-0.017457495,-0.81464964,1.5666946,-0.92182094,0.015045046,6.689404,-1.0467939,1.4898912,2.0136733,2.9876955,4.2999644,3.7707558,-1.2691242,1.6717496,1.7045692,-4.018895,15.854951
709,-0.089267686,-0.2550477,0.624862,0.0065967767,-0.061954793,-0.9980571,1.0,0.0,0.0,0.001779178,-0.13736743,0.069621444,0.038719535,0.03530532,0.17612004,-0.035606567,-0.016159706,-0.018154263,0.009336233,-0.08533692,0.09487982,-0.009316582,0.058260154,0.09395963,0.041312825,0.25754675,-0.43587708,-0.33864266,0.05978304,-0.092174016,0.29479575,0.4966765,0.07680687,-0.6932347,0.7367664,-0.6543392,-0.07908708,0.21396849,-0.35024807,-0.1834194,-1.0126483,0.7969134,-1.1764272,-0.2927494,-0.9099796,-123.78284,269.12982,-61.645004,-86.910934,34.125107,-181.81903,-200.32253,185.89917,-183.07816,64.41593,200.44583,-200.5723,0.001779178,-0.13736743,-0.73037857,1.6387196,-0.7646947,0.17612004,-0.035606567,-0.016159706,-0.8181543,1.6093363,-0.88533694,0.09487982,-0.18633164,1.1652031,1.8791926,0.8262565,5.150935,-8.717542,-6.772853,1.1956608,-1.8434803,5.895915,9.93353,1.5361375
710,-0.046557516,-0.1958767,0.6423867,-0.003861052,-0.059702415,-0.99820876,1.0,0.0,0.0,-0.050630316,-0.11641492,0.079038024,0.040123224,0.09646845,0.020610517,-0.095534,-0.012658365,-0.016177893,0.03535986,-0.062302828,0.035813875,-0.45712575,0.1235623,0.017421313,0.02053455,0.23615055,-0.89477104,-0.25425085,-0.013764351,0.09219941,-0.0034777168,-0.1970176,-0.59937626,0.8826163,-1.1631829,0.2558448,-0.13382864,-0.45018664,1.2759447,0.8427508,0.7384845,-0.77844536,-1.3096402,-0.2970192,0.35369378,-227.5217,-36.896408,291.2743,444.4533,-101.813965,66.70744,41.99325,-216.55008,200.98581,-216.25192,-200.10954,-200.35205,-0.050630316,-0.11641492,-0.720962,1.6401232,-0.70353156,0.020610517,-0.095534,-0.012658365,-0.8161779,1.6353599,-0.86230284,0.035813875,-9.142515,2.471246,0.34842625,0.41069102,4.723011,-17.89542,-5.085017,-0.275287,1.8439881,-0.06955434,-3.940352,-11.987525
711,-0.13046551,-0.0819926,0.36885327,-0.010535698,-0.055666298,-0.9983939,1.0,0.0,0.0,-0.088351995,-0.09921076,0.105174184,0.02382207,0.060594678,-0.07649553,-0.10204792,-0.01006969,0.0014818907,0.020091295,-0.14101464,-0.0082143955,0.023362396,0.060947992,0.20953608,-0.18600382,-0.4991652,-0.15994677,0.15061225,0.0339371,0.08006873,-0.13658091,-0.40342084,0.0898814,0.7761723,0.5715081,-0.764191,1.2603964,0.4516405,1.0454308,0.04576152,-1.0851563,0.9149475,-0.17412214,0.7632355,0.75268704,201.09332,-196.96141,122.15568,-198.68878,-200.31364,200.0762,200.96904,201.07936,-203.85516,-218.06233,33.140953,199.87502,-0.088351995,-0.09921076,-0.6948258,1.6238221,-0.73940533,-0.07649553,-0.10204792,-0.01006969,-0.7985181,1.6200913,-0.94101465,-0.0082143955,0.46724793,1.2189598,4.1907215,-3.7200763,-9.983304,-3.1989353,3.012245,0.678742,1.6013746,-2.7316182,-8.068417,1.7976279
712,-0.035525817,-0.07732521,-0.1474858,-0.01366107,-0.05250375,-0.99852735,1.0,0.0,0.0,-0.034705695,-0.08552878,0.12671417,0.019360065,0.03274256,-0.033794146,-0.048119154,-0.01447671,0.034527242,-0.03287685,-0.1466636,0.08760164,0.46599156,0.08552135,0.026469264,0.102630235,0.16843243,0.52406526,0.2923109,-0.06142509,0.22111535,-0.3361443,0.27793464,0.7960152,-0.53804666,-1.2011696,0.18001051,-0.34926748,0.10482103,0.24129444,-0.36923417,0.93800056,-0.4230912,0.9087652,0.6774301,-0.06962399,200.73598,233.51434,-238.51765,167.1264,199.14635,200.82509,-51.610935,-169.26717,207.59709,-31.852245,200.06099,200.45525,-0.034705695,-0.08552878,-0.67328584,1.6193601,-0.76725745,-0.033794146,-0.048119154,-0.01447671,-0.76547277,1.5671232,-0.9466636,0.08760164,9.319831,1.7104269,0.52938527,2.0526047,3.3686485,10.481305,5.8462176,-1.2285018,4.422307,-6.722886,5.5586925,15.920304
713,-0.10404699,0.09494967,0.51196116,-0.013734523,-0.049441554,-0.9986826,1.0,0.0,0.0,0.0065459283,-0.07435981,0.13806105,0.01623857,0.062016964,0.07284631,-0.04221889,-0.015816825,0.047945023,-0.06790817,-0.016470075,0.16436146,-0.008401017,0.030686898,0.074872114,-0.10859668,0.12048625,0.46071383,-0.1805902,0.033020005,-0.06947276,-0.036669295,0.952676,0.0396138,-0.7370266,0.8085564,-0.5422194,0.7391681,-0.24700695,-0.26078534,-0.71755326,-1.0386295,1.1140575,0.2682662,-0.6696256,-0.22406936,-199.50325,-194.94606,15.508045,-219.81589,-19.24008,-61.814262,-196.6898,190.26535,-211.48654,184.34013,198.72151,-202.94095,0.0065459283,-0.07435981,-0.66193897,1.6162386,-0.73798305,0.07284631,-0.04221889,-0.015816825,-0.752055,1.5320919,-0.8164701,0.16436146,-0.16802034,0.61373794,1.4974422,-2.1719337,2.409725,9.214276,-3.611804,0.6604001,-1.3894552,-0.73338586,19.05352,0.79227597
714,-0.0175595,0.013652159,0.8609882,-0.013026147,-0.046788752,-0.9988198,1.0,0.0,0.0,-0.044940762,-0.06480391,0.13535744,0.02706623,0.01131624,0.085732415,-0.12023376,-0.008856227,0.030188382,-0.05558479,0.080317736,0.09922186,-0.4609421,0.061299056,-0.08383522,0.18642597,-0.52707493,-0.25976035,-0.55631685,0.042054664,-0.109350435,0.14659284,0.08358397,-0.6162865,0.8177562,-1.2912375,0.21881655,-0.87344676,-0.0657599,-0.24006036,0.74384606,0.9518417,0.101602755,-1.281013,-0.39934185,0.56489694,-201.20657,203.58128,-178.73137,191.80052,-105.32357,-199.88306,-178.40097,-80.51302,145.16727,183.67671,-224.66055,-174.14735,-0.044940762,-0.06480391,-0.6646426,1.6270663,-0.7886838,0.085732415,-0.12023376,-0.008856227,-0.76981163,1.5444152,-0.7196823,0.09922186,-9.218842,1.2259811,-1.6767044,3.7285192,-10.541498,-5.195207,-11.126337,0.84109324,-2.1870086,2.9318569,1.6716794,-12.32573
715,-0.06683547,-0.22888498,0.34657976,-0.020818502,-0.044566363,-0.9987894,1.0,0.0,0.0,-0.08948329,-0.05536272,0.14640677,0.0334332,-0.0358088,-0.017828945,-0.1835285,0.0019157532,0.039733052,-0.05563152,0.021272957,0.051977385,-0.028585732,0.03296765,0.13074075,-0.08210674,-0.105931364,-0.56417096,-0.120988145,0.064034894,0.13703221,-0.1090309,-0.60384345,0.07463824,0.8479829,0.5874168,-0.17007723,0.5300562,0.31693244,0.62677234,1.0080823,-1.0236561,-0.09658176,-0.81011367,-0.051234372,1.0385178,200.10954,-202.96793,41.70234,-218.383,38.463326,35.726406,198.23409,185.55406,29.881916,-212.69669,-199.88846,199.77734,-0.08948329,-0.05536272,-0.65359324,1.6334332,-0.8358088,-0.017828945,-0.1835285,0.0019157532,-0.76026696,1.5443685,-0.77872705,0.051977385,-0.57171464,0.65935296,2.6148148,-1.6421348,-2.1186273,-11.283419,-2.4197628,1.2806978,2.7406442,-2.180618,-12.076869,1.4927648
716,0.06847773,0.26819378,-0.26927817,-0.018360218,-0.044635486,-0.9988346,1.0,0.0,0.0,-0.043013487,-0.04304542,0.13521117,0.046002865,0.01899141,-0.054463334,-0.15434562,0.0034939523,0.04672748,-0.0750159,-0.025873661,0.13746211,0.4485715,0.07821217,-0.20118347,0.17946021,0.57380414,0.12870729,0.352929,-0.038738254,-0.06641683,0.029801538,-0.018232958,0.6663217,-0.77227366,-1.1226314,-0.03761837,-0.83298796,-0.024663568,0.8689452,-0.1968767,1.0606076,0.9487692,0.9831322,0.83968014,0.13273033,202.05798,161.51036,-233.51065,166.44142,160.224,199.64336,172.84009,-143.88318,91.35069,378.74237,58.291145,151.9757,-0.043013487,-0.04304542,-0.66478884,1.6460029,-0.7810086,-0.054463334,-0.15434562,0.0034939523,-0.75327253,1.5249841,-0.8258737,0.13746211,8.97143,1.5642434,-4.0236692,3.5892043,11.476083,2.5741458,7.05858,-0.7747651,-1.3283366,0.5960308,-0.36465916,13.326433
717,0.029052705,0.18195097,0.0675592,-0.009406049,-0.046495806,-0.9988742,1.0,0.0,0.0,-0.002754433,-0.03824796,0.09925783,0.06758404,0.059949577,0.047498215,-0.12962912,0.0032968128,0.026435494,-0.050379395,0.03848368,0.18547446,0.0030794998,-0.01742728,-0.15895982,0.047249112,-0.078690924,0.8215848,-0.046110466,0.032992378,-0.12939924,0.19343711,0.5629455,-0.05646457,-0.5186857,0.95506877,0.8302138,-0.88589674,-0.77256346,-0.0835619,-0.62656856,-0.9972031,-0.26909623,-1.1510191,-1.162941,-0.24763134,-199.77193,-208.92293,-135.56871,-222.43987,-138.6087,199.80359,-116.89807,201.68571,203.99196,183.59216,200.00444,-81.7253,-0.002754433,-0.03824796,-0.7007422,1.6675841,-0.74005044,0.047498215,-0.12962912,0.0032968128,-0.7735645,1.5496206,-0.76151633,0.18547446,0.061589994,-0.3485456,-3.1791964,0.94498223,-1.5738184,16.431696,-0.9222093,0.65984756,-2.5879848,3.8687422,11.258909,-1.1292914
718,0.069419265,0.19493717,0.86484015,-0.0028104298,-0.048412107,-0.9988235,1.0,0.0,0.0,-0.053323288,-0.035303194,0.09012741,0.046340227,-0.031843722,0.13330767,-0.18762493,0.008023053,-0.001476407,-0.025471807,0.07367569,0.09976399,-0.46366134,0.042024825,0.047611427,-0.23181088,-0.7702439,0.10843891,-0.48941335,0.014725911,-0.14532857,0.06576223,-0.13117222,-0.7163736,0.49795187,-1.2801853,0.03591153,0.7050149,0.49376464,-0.8498604,0.6752819,0.9214337,1.0373077,-0.35200107,-0.07406951,0.28984872,-202.37917,216.01312,213.65488,-215.35555,-199.62433,-199.47688,-194.80038,-154.10014,-202.23114,-218.96002,-200.29988,-132.7512,-0.053323288,-0.035303194,-0.7098726,1.6463403,-0.83184373,0.13330767,-0.18762493,0.008023053,-0.8014764,1.5745282,-0.7263243,0.09976399,-9.273227,0.8404965,0.95222855,-4.6362176,-15.404878,2.1687782,-9.788267,0.29451823,-2.9065711,1.3152446,-2.6234446,-14.327472
719,0.14187485,0.115912765,0.1716458,0.0028169772,-0.052915417,-0.998595,1.0,0.0,0.0,-0.097396515,-0.03329921,0.08461934,0.0240165,-0.109954774,0.08096317,-0.23801082,0.011478813,-0.0078076124,-0.042410612,0.022057712,0.032385025,-0.019376928,-0.015942365,-0.074868165,-0.018895622,-0.08060193,-0.56458586,-0.060430236,0.016028251,0.066168,-0.20820823,-0.25530145,-0.026771426,0.8346099,0.7423057,0.6952013,-0.38527495,0.5632389,0.8876062,0.7833691,-1.0112463,-0.23802766,0.6836119,-0.48878473,1.1512657,200.02455,-198.52086,-39.896454,183.31085,200.00423,-200.02449,199.79596,199.44821,206.26779,-214.41992,26.631992,200.00844,-0.097396515,-0.03329921,-0.71538067,1.6240165,-0.9099548,0.08096317,-0.23801082,0.011478813,-0.8078076,1.5575894,-0.7779423,0.032385025,-0.38753855,-0.3188473,-1.4973633,-0.37791243,-1.6120386,-11.291717,-1.2086047,0.32056502,1.32336,-4.1641645,-5.1060286,-0.5354285
720,-0.054367725,0.03069322,-0.21740086,0.005898679,-0.054088645,-0.9985187,1.0,0.0,0.0,-0.050409965,-0.025464898,0.09023023,-0.01023984,-0.050700188,0.04429835,-0.19776706,0.008367503,-0.008393824,-0.04518628,-0.09837216,0.10420425,0.44666263,0.0803174,0.11323776,-0.2971407,0.6049342,0.12837458,0.38854775,-0.029387388,-0.051980227,0.2036651,-0.8103186,0.66236293,-0.70864016,-1.1881593,-0.4159511,1.1563706,0.46754616,1.3286413,-0.029788798,1.0584762,1.1087693,-0.92692494,0.41421306,-0.498436,202.85469,180.06233,173.5866,-231.27153,199.66528,199.68129,166.8662,-33.7155,173.69652,552.44714,-63.839413,195.17375,-0.050409965,-0.025464898,-0.7097698,1.5897602,-0.8507002,0.04429835,-0.19776706,0.008367503,-0.80839384,1.5548137,-0.8983722,0.10420425,8.933252,1.606348,2.2647552,-5.9428134,12.098684,2.5674915,7.770955,-0.58774775,-1.0396045,4.073302,-16.206371,13.247258
721,0.07813837,0.023585906,-0.16668566,0.007627095,-0.054733016,-0.99847186,1.0,0.0,0.0,-0.0072488096,-0.025689235,0.07513374,-0.0021208525,0.06670129,0.112316586,-0.13053678,0.0062707085,-0.006044328,-0.025898337,-0.18245989,0.1513105,0.032845035,-0.062978856,-0.23956843,0.3277303,0.5295824,0.50889474,0.28560567,0.0077025876,0.042748723,0.009822907,-0.13257097,-0.11180612,-0.5132567,0.9497766,0.8269546,0.016769882,-0.09803367,0.7586055,-0.50544333,-1.067442,-0.64799356,-0.3293541,0.49440974,-0.7366254,-183.0703,-233.79678,-406.18433,356.59546,32.153366,145.59561,-26.452532,209.13634,-94.23195,-201.8056,172.67737,-218.85803,-0.0072488096,-0.025689235,-0.7248663,1.5978792,-0.7332987,0.112316586,-0.13053678,0.0062707085,-0.80604434,1.5741017,-0.9824599,0.1513105,0.6569007,-1.259577,-4.7913685,6.554606,10.591647,10.177895,5.7121134,0.15405175,0.85497445,0.19645813,-2.6514192,-2.2361224
722,0.10493168,0.0366928,0.5656966,0.0081827715,-0.058578998,-0.9982493,1.0,0.0,0.0,-0.055573743,-0.043441385,0.04774022,0.045636058,0.07967758,0.2693473,-0.12519874,0.009166779,-0.0039304495,-0.036222577,-0.13286817,0.056153793,-0.46308658,-0.10161915,-0.049816724,0.15583964,-0.27819338,1.0189335,-0.178839,0.01208635,-0.010298732,-0.11130541,0.56209886,-0.77887905,0.5009284,-1.1995558,-0.37185973,-0.8093452,-1.0996379,-1.0247518,-0.26484025,1.0288335,1.022846,0.72533005,-0.12805569,0.6432826,-222.41165,-15.127548,295.8441,-77.036316,-190.93465,128.6991,-200.02034,-199.41353,-196.60591,-217.33769,200.048,-200.07118,-0.055573743,-0.043441385,-0.7522598,1.6456361,-0.72032243,0.2693473,-0.12519874,0.009166779,-0.80393046,1.5637774,-0.9328682,0.056153793,-9.261731,-2.032383,-0.99633443,3.1167927,-5.5638676,20.37867,-3.5767798,0.241727,-0.20597462,-2.226108,11.241977,-15.57758
723,0.03724644,0.05189897,0.06920131,0.009201247,-0.0614611,-0.998067,1.0,0.0,0.0,-0.1017027,-0.06713715,0.036213577,0.06857371,-0.051024675,0.4004787,-0.17296427,0.02071603,-0.0022246242,-0.045532227,-0.093509495,-0.025384318,-0.03828659,-0.13353513,-0.06496385,0.073366836,-0.9589144,0.35662243,-0.2401897,0.0912159,0.023354484,0.007751778,-0.027343724,-0.102750085,0.7836081,0.773409,0.65298396,-0.6777559,0.44775206,-1.3538678,1.0363141,-1.0053554,-0.7785673,-1.2635485,-0.49126378,1.1353469,199.98416,-203.14346,-209.97466,-228.7206,-200.35497,-200.42986,18.846212,192.98445,223.49664,195.85973,-63.792313,199.89014,-0.1017027,-0.06713715,-0.76378644,1.6685737,-0.8510247,0.4004787,-0.17296427,0.02071603,-0.80222464,1.5544678,-0.8935095,-0.025384318,-0.76573175,-2.6707027,-1.299277,1.4673367,-19.178288,7.1324487,-4.803794,1.8243179,0.46708965,0.15503556,-0.54687446,-2.0550017
724,-0.044907082,0.08580921,-0.26881728,0.012636573,-0.060906347,-0.99806345,1.0,0.0,0.0,-0.06213066,-0.083109,0.04231906,0.051150918,-0.1673823,0.3963858,-0.16653617,0.029016338,0.00356251,-0.055276632,-0.17013144,0.030877275,0.39515984,-0.0390564,0.11453887,-0.21763325,-0.2733501,-0.3293748,0.24238853,-0.0045463755,0.03678159,-0.014914328,-0.59739983,0.5495491,-0.6114666,-1.03969,-0.36835605,0.7191945,0.5878073,-0.51494145,0.36026546,0.99814093,1.0516922,0.50391513,0.7313972,-0.12932457,200.37683,202.83798,219.20413,-209.4691,200.68146,-200.46786,165.60266,-283.94672,597.786,665.80505,-21.406967,115.91424,-0.06213066,-0.083109,-0.75768095,1.651151,-0.9673823,0.3963858,-0.16653617,0.029016338,-0.7964375,1.5447234,-0.97013146,0.030877275,7.903197,-0.78112805,2.2907774,-4.352665,-5.467002,-6.587496,4.8477707,-0.090927504,0.7356318,-0.29828656,-11.947996,10.990982
725,-0.01933772,0.025982216,-0.5467,0.015851742,-0.059365086,-0.9981104,1.0,0.0,0.0,-0.027520614,-0.095687896,0.041548014,0.039165497,-0.14525247,0.2534339,-0.07777005,0.032311868,0.009765446,-0.04140389,-0.21463674,0.06321903,-0.009910243,-0.082743995,-0.10190972,0.06814897,0.42437774,-1.0295713,0.60790867,0.03827443,0.025895951,0.13538972,0.080766946,-0.15152709,-0.48867846,0.81598616,0.85888237,-1.1506854,0.8117368,0.19754606,-0.84083045,-0.97907853,-0.7415165,-1.3506908,0.56820846,-0.5657128,-199.66263,-195.38461,-211.8822,170.37987,199.64925,-200.18172,202.31955,272.0483,169.275,176.00972,199.35013,-197.7414,-0.027520614,-0.095687896,-0.758452,1.6391655,-0.9452525,0.2534339,-0.07777005,0.032311868,-0.79023457,1.5585961,-1.0146368,0.06321903,-0.19820485,-1.6548798,-2.0381944,1.3629794,8.487555,-20.591425,12.158173,0.76548856,0.517919,2.7077942,1.6153389,-3.0305417
726,-0.0055417614,0.08385789,0.26296595,0.018207027,-0.058989547,-0.99809253,1.0,0.0,0.0,-0.079130515,-0.106244914,0.03875494,0.018714666,0.014910877,0.12191103,-0.0057604047,0.039213523,0.009719133,-0.02995336,-0.12136263,-0.041808475,-0.4612089,-0.025816029,0.055310935,-0.24191408,1.1093028,-0.35405028,0.16100603,0.02462556,-0.019005904,-0.012166531,0.7839478,-0.83350295,0.8620106,-1.2293996,-0.30258793,0.5066704,0.19786632,1.3379544,-1.2167845,0.9810144,1.0833086,-0.296283,-0.094385825,0.64919084,-198.54646,213.65399,179.61652,-231.79362,199.48708,199.68552,-201.22206,-200.84781,-205.48778,-221.93121,200.31169,-199.73761,-0.079130515,-0.106244914,-0.7612451,1.6187147,-0.78508914,0.12191103,-0.0057604047,0.039213523,-0.7902809,1.5700467,-0.92136264,-0.041808475,-9.224178,-0.5163206,1.1062187,-4.8382816,22.186054,-7.0810056,3.2201207,0.49251118,-0.38011807,-0.24333061,15.678956,-16.67006
727,0.16418846,0.07354175,0.035018846,0.02095282,-0.062547795,-0.9978219,1.0,0.0,0.0,-0.12261099,-0.117973104,0.026301265,0.022173762,0.12538147,0.12501886,-0.02139617,0.04859318,0.029549837,-0.06368828,-0.04093921,-0.13523105,-0.028749136,-0.10145289,-0.13640986,0.19163059,0.2516406,0.3289154,-0.27431092,0.063174896,0.19564915,-0.29453635,0.08965355,-0.16788577,0.7602775,0.90467554,0.8943926,-0.05400986,-0.293532,-0.35779333,-0.0375882,-0.89104193,-0.6582185,0.666543,-0.64654523,1.3382484,191.39398,-169.39996,-137.53935,247.12758,-90.69707,199.89342,-203.90704,171.10822,209.24005,-216.3797,-199.8313,199.62721,-0.12261099,-0.117973104,-0.77369875,1.6221738,-0.67461854,0.12501886,-0.02139617,0.04859318,-0.7704502,1.5363117,-0.8409392,-0.13523105,-0.5749827,-2.0290577,-2.728197,3.8326118,5.0328116,6.5783076,-5.4862185,1.2634978,3.912983,-5.890727,1.793071,-3.3577151
728,-0.035026558,0.062225208,-0.12796581,0.023987249,-0.06441641,-0.99763477,1.0,0.0,0.0,-0.08237932,-0.1238286,0.024392724,0.039239764,0.09742981,0.11448505,-0.03736256,0.052974664,0.047689974,-0.07920635,-0.09217298,-0.098130405,0.38730732,0.024519352,0.09581919,-0.010210617,-0.4559146,-0.36378923,0.0070807817,-0.014884787,0.006402109,0.12303015,-0.5237548,0.44809237,-0.79111296,0.039491244,-0.34077758,0.23323745,-0.3946417,-0.7450307,0.64656687,-0.06286428,1.1312628,-0.08252843,1.3505714,0.1442149,196.82385,238.5932,230.97264,-170.9122,-201.01367,-199.60799,5.3691244,-314.54813,-40.37271,361.90094,-174.95174,171.16766,-0.08237932,-0.1238286,-0.7756073,1.6392398,-0.7025702,0.11448505,-0.03736256,0.052974664,-0.75231004,1.5207937,-0.892173,-0.098130405,7.746146,0.49038705,1.9163837,-0.20421234,-9.118292,-7.2757845,0.14161563,-0.29769573,0.12804218,2.460603,-10.475095,8.961847
729,0.130103,-0.024196245,-0.4593227,0.02517368,-0.066501774,-0.9974687,1.0,0.0,0.0,-0.05360883,-0.112804614,0.021559894,0.06536245,-0.055637896,-0.03795268,0.007929227,0.044771172,0.04852277,-0.05561459,-0.124055564,-0.0063626943,-0.053772356,0.08183719,-0.10372012,0.23552577,-0.85779685,-1.0872804,0.39537725,-0.04753683,0.009552607,0.094665915,0.13112198,0.41041923,-0.083931975,-0.9628865,0.7947119,-1.6394953,0.7329563,0.84275484,-0.78790766,0.75958663,-0.6580833,-0.04299669,0.9663634,-0.1752167,-200.50215,212.49365,-188.52556,126.42224,47.73847,-199.6366,173.72368,189.20389,-56.84201,-88.781944,184.61365,-44.052338,-0.05360883,-0.112804614,-0.7784401,1.6653625,-0.8556379,-0.03795268,0.007929227,0.044771172,-0.75147724,1.5443854,-0.9240556,-0.0063626943,-1.0754471,1.6367438,-2.0744023,4.7105155,-17.155937,-21.745607,7.907545,-0.9507366,0.19105214,1.8933183,2.6224394,8.2083845
730,0.069778666,0.0025356356,0.0702988,0.025297197,-0.07024856,-0.9972088,1.0,0.0,0.0,-0.06414436,-0.103811644,0.021966875,0.08123255,-0.15185183,-0.17759563,0.034564156,0.047112092,0.042379677,-0.037157774,-0.020593762,-0.0024840222,-0.047601316,0.014244392,0.08794149,-0.04595266,-0.17312357,-0.38042024,-0.080023944,0.05929762,-0.06165536,0.084995024,0.83344907,-0.28604612,0.72340274,0.81955826,-0.3970934,-1.5216981,0.8351904,0.93968844,-1.3004265,-0.8558787,1.0423249,-0.055002168,-0.5246164,0.1374304,0.9981447,-202.63232,200.7017,-217.31789,199.96428,200.07542,-200.02661,199.68643,-197.18321,-99.085434,200.01628,-148.18515,-0.06414436,-0.103811644,-0.77803314,1.6812326,-0.95185184,-0.17759563,0.034564156,0.047112092,-0.75762033,1.5628422,-0.8205938,-0.0024840222,-0.9520263,0.28488782,1.7588298,-0.9190532,-3.4624712,-7.6084046,-1.6004789,1.1859524,-1.2331072,1.6999005,16.668982,-5.7209225
731,0.1395855,0.076800026,-0.16205029,0.027366456,-0.0745342,-0.99684286,1.0,0.0,0.0,-0.032147378,-0.09847881,0.037400246,0.057556033,-0.10881543,-0.1781648,-0.021146365,0.05125448,0.040510714,-0.031609297,0.047611,0.0058585084,0.33074543,0.03692401,0.070505485,-0.17786038,0.532963,0.3062099,-0.4381689,-0.0042707976,0.025637105,-0.0037368622,-0.080968395,0.25037196,-0.02958756,-1.2261112,0.8867019,0.683853,1.1324959,1.3049897,0.76921046,1.1607153,-0.9568043,0.07032579,0.06261691,1.0277683,201.7776,192.17987,-209.45433,-222.3996,199.80074,200.06404,-185.52524,-97.9048,131.682,-63.52566,-226.45506,79.3476,-0.032147378,-0.09847881,-0.76259977,1.657556,-0.90881544,-0.1781648,-0.021146365,0.05125448,-0.7594893,1.5683907,-0.752389,0.0058585084,6.614908,0.73848015,1.4101096,-3.5572076,10.65926,6.124198,-8.763378,-0.08541595,0.5127421,-0.07473724,-1.6193678,5.007439
732,0.07820225,0.0043607694,-0.05615122,0.028910836,-0.07894682,-0.9964595,1.0,0.0,0.0,-0.004481511,-0.10353594,0.041769207,0.044998765,0.03875023,-0.03812882,-0.07087828,0.044666145,0.02560705,0.0038057566,0.039393187,0.11008526,0.009158256,-0.10546233,-0.076464675,0.08772939,0.708835,1.0404733,-0.0914445,-0.05438257,-0.12454941,0.27451855,-0.013344373,0.74317974,-1.2813098,0.884997,-0.42788696,-0.79126215,1.1071734,0.41562197,0.7595841,-0.9113283,0.97120357,-0.30809838,-0.06430634,-0.6611676,-84.34514,-543.21246,-284.81073,208.09415,-8.202911,217.83807,157.63698,-134.52426,-25.521637,146.40327,12.85289,136.63013,-0.004481511,-0.10353594,-0.7582308,1.6449988,-0.7612498,-0.03812882,-0.07087828,0.044666145,-0.77439296,1.6038058,-0.7606068,0.11008526,0.18316513,-2.1092465,-1.5292934,1.7545877,14.1767,20.809465,-1.82889,-1.0876514,-2.4909883,5.4903708,-0.26688746,14.863595
733,0.0736706,0.016305821,-0.33122915,0.030058894,-0.08126494,-0.9962392,1.0,0.0,0.0,-0.0483015,-0.12114548,-0.0027370453,0.090293884,0.16858226,0.1342914,-0.042187057,0.02627642,0.021628737,0.023924708,0.0061297417,0.18547371,-0.3991939,-0.065138616,-0.34948105,0.32631132,0.61516845,0.65877324,0.33403796,-0.12814312,0.06588607,-0.041159227,-0.18330501,0.0775312,0.8431646,-1.1168736,0.82385206,0.5789997,0.036249965,-0.8311747,-0.6509412,0.91526556,-1.0517719,0.35253036,-0.5214027,-0.725017,-166.68066,95.82295,-422.36768,18.45543,29.87764,-88.082054,202.01172,-190.55623,233.12459,-202.21138,15.781854,-200.00966,-0.0483015,-0.12114548,-0.80273706,1.6902939,-0.63141775,0.1342914,-0.042187057,0.02627642,-0.7783713,1.6239247,-0.7938703,0.18547371,-7.983878,-1.3027723,-6.9896207,6.526226,12.303369,13.175465,6.680759,-2.5628622,1.3177215,-0.82318455,-3.6661003,1.550624
734,0.00743529,-0.060716853,-0.07823503,0.02967118,-0.0826678,-0.9961354,1.0,0.0,0.0,-0.08068935,-0.14056608,-0.063133,0.17085111,0.2138055,0.1928062,-0.024485571,0.013147155,0.018451571,0.049332738,-0.105731905,0.12162113,0.03140117,-0.12920187,-0.2589314,0.46460238,-0.092806965,-0.0066953744,-0.11239449,-0.013719124,-0.084602036,0.2629234,-0.8557114,-0.64358395,0.74344677,0.7075695,0.58937335,-1.258997,-1.3523736,-0.9044709,-1.0333614,-1.0539378,-0.7542794,-1.2988491,0.10870802,-0.18808892,200.44623,-227.7933,186.55588,159.24925,-200.67123,-200.79599,-199.91461,192.3846,-197.28537,178.33568,-161.31236,-200.22021,-0.08068935,-0.14056608,-0.863133,1.7708511,-0.5861945,0.1928062,-0.024485571,0.013147155,-0.78154844,1.6493328,-0.9057319,0.12162113,0.6280233,-2.5840373,-5.178628,9.2920475,-1.8561393,-0.13390748,-2.2478898,-0.27438247,-1.6920407,5.2584677,-17.114227,-12.871679
735,-0.035669226,0.021978172,0.12858696,0.02908908,-0.08194511,-0.99621224,1.0,0.0,0.0,-0.03412735,-0.1591749,-0.08993971,0.23519957,0.119644165,0.11575295,-0.08985474,0.0067424164,-0.0028843284,0.085626364,-0.19928741,-0.00010392784,0.3970656,-0.06268288,-0.028102791,0.20844197,-0.7799192,-0.6955304,-0.5008778,-0.0480109,-0.12587152,0.11575478,-0.15066656,-0.51409036,-0.8306484,-1.0518088,-0.29424223,-1.9240437,0.43546462,0.20673344,1.038765,1.022802,0.94910467,-1.4996451,0.77063864,0.1716254,194.71928,198.2378,230.2967,-209.27478,-198.99245,-200.43382,-197.73557,-173.48549,-236.47673,-235.10997,199.24881,70.434616,-0.03412735,-0.1591749,-0.8899397,1.8351996,-0.68035585,0.11575295,-0.08985474,0.0067424164,-0.80288434,1.6856264,-0.9992874,-0.00010392784,7.941312,-1.2536576,-0.5620558,4.1688395,-15.598384,-13.910608,-10.017556,-0.960218,-2.5174305,2.3150957,-3.0133312,-10.281807
736,0.018966513,0.123329066,-0.08596597,0.032001212,-0.08180756,-0.9961343,1.0,0.0,0.0,0.0033017343,-0.18033685,-0.107801616,0.2607795,0.041798353,0.052823823,-0.14579448,-0.00014329194,-0.012542844,0.0768342,-0.15434182,-0.027164135,0.014722242,-0.14103861,-0.14426218,0.061654937,-0.07021351,-0.0027504666,-0.09957066,-0.023771496,0.015552825,-0.17447254,0.53209347,0.17443275,-1.021449,0.85388374,0.8419497,-2.0420675,0.2656287,0.65747607,1.2298269,-0.8702222,-0.7895508,-0.1248786,0.47362733,0.36424664,-202.57976,-208.22299,-194.47818,-220.75827,199.89352,199.814,200.06546,209.74408,200.87354,-216.91708,200.08499,200.17065,0.0033017343,-0.18033685,-0.9078016,1.8607795,-0.75820166,0.052823823,-0.14579448,-0.00014329194,-0.81254286,1.6768342,-0.9543418,-0.027164135,0.29444483,-2.8207722,-2.8852437,1.2330987,-1.4042702,-0.05500933,-1.9914132,-0.47542992,0.3110565,-3.4894507,10.641869,3.488655
737,-0.0041156285,0.14606085,0.20922159,0.037142996,-0.082342796,-0.9959117,1.0,0.0,0.0,-0.03477562,-0.1978699,-0.12316346,0.2432288,0.093731105,0.12595256,-0.12063479,-0.01632554,-0.012721419,0.028676987,0.024675906,0.07889881,-0.35781556,-0.039130248,-0.021917645,-0.2070082,0.40791932,0.6673209,0.30913302,-0.12559916,-0.017578516,-0.27368152,1.0886843,0.69918287,0.5425308,-0.16586983,-0.13326874,-0.9297535,-0.5724856,-0.3120481,-1.023705,0.23407343,0.9938501,1.3886895,-0.2178334,-0.7661179,-197.2845,230.6721,195.29672,-222.6137,6.5811205,200.55383,196.48383,-228.90628,-145.53958,-84.66568,-6.9228425,-11.156069,-0.03477562,-0.1978699,-0.9231635,1.8432288,-0.7062689,0.12595256,-0.12063479,-0.01632554,-0.81272143,1.628677,-0.7753241,0.07889881,-7.156311,-0.78260493,-0.43835288,-4.140164,8.158386,13.346417,6.18266,-2.5119832,-0.3515703,-5.4736304,21.773685,13.983657
738,-0.34117204,-0.0014600168,-0.029382132,0.038785364,-0.07452533,-0.9964646,1.0,0.0,0.0,-0.0659635,-0.19246162,-0.109639466,0.1852361,0.10089052,0.18415804,-0.10303534,-0.015625311,-0.014369309,0.010852098,0.12895703,0.13023795,0.0070166076,0.06814563,0.120898835,-0.3500474,-0.26802403,-0.01607824,-0.090692036,0.106734134,-0.004135636,0.033769988,0.10404473,-0.08787694,0.78870845,-0.036403127,0.53976375,0.56903505,-0.22900909,-0.9323004,-0.17175558,-0.59718204,-0.96616817,1.7003889,-1.2435166,-0.8846694,197.5083,7.8550997,-119.45206,-217.68584,-199.9039,-200.0631,-198.27652,208.94615,201.55072,188.95157,-202.61171,-199.57431,-0.0659635,-0.19246162,-0.9096395,1.7852361,-0.6991095,0.18415804,-0.10303534,-0.015625311,-0.8143693,1.6108521,-0.671043,0.13023795,0.14033215,1.3629127,2.4179766,-7.000948,-5.3604803,-0.32156476,-1.8138406,2.1346827,-0.08271272,0.6753997,2.0808945,-1.7575388
739,-0.428962,-0.09967504,-0.060241885,0.036809035,-0.05869122,-0.99759734,1.0,0.0,0.0,-0.019407617,-0.17144518,-0.07363659,0.13011014,-0.0063536167,0.10437509,-0.12505683,0.0040603904,-0.030925333,0.052413464,0.07342255,0.037465665,0.42065746,0.13014285,0.22207057,-0.216259,-0.5814191,-0.711869,-0.10698285,0.085084945,-0.14481045,0.34317985,-0.5883219,-0.77069896,-0.9842262,-1.2702497,-0.52751386,-0.3264746,1.135767,0.111284524,0.7617171,0.26805145,0.842023,-1.6863915,0.28535515,0.35835487,212.94524,176.15057,149.19637,153.80653,48.86208,-200.16489,-1.3882897,-201.02466,-186.58562,181.09216,-199.97789,-200.0416,-0.019407617,-0.17144518,-0.8736366,1.7301102,-0.8063536,0.10437509,-0.12505683,0.0040603904,-0.83092535,1.6524135,-0.72657746,0.037465665,8.413149,2.602857,4.4414115,-4.32518,-11.628382,-14.23738,-2.139657,1.7016989,-2.896209,6.863597,-11.7664385,-15.413979
740,-0.3805431,0.014236581,-0.27454612,0.03563055,-0.04244398,-0.9984634,1.0,0.0,0.0,0.022560079,-0.1511365,-0.04262185,0.06960833,-0.044788003,0.038345587,-0.10387761,0.022185937,-0.043704987,0.08782101,0.03152275,-0.04078569,0.036570325,0.07784256,0.10478126,-0.3733511,0.12579611,-0.017728254,0.27927196,0.09691627,-0.0014375069,0.04397907,0.10030945,-0.08121228,-0.68494546,0.32069454,0.56900465,2.2640517,0.083492786,0.39600977,0.33419406,-1.2160873,-1.095432,-2.4455385,0.42749846,0.68453324,-201.44887,-200.92667,-188.65608,-219.12968,200.19919,199.92545,199.58862,205.30199,178.55542,-225.10089,199.55328,200.16783,0.022560079,-0.1511365,-0.84262186,1.6696084,-0.844788,0.038345587,-0.10387761,0.022185937,-0.843705,1.687821,-0.76847726,-0.04078569,0.7314065,1.5568513,2.0956252,-7.467022,2.515922,-0.35456508,5.585439,1.9383254,-0.028750136,0.8795814,2.0061889,-1.6242456
741,-0.3370577,-0.022212565,0.048484355,0.035414122,-0.028155604,-0.998976,1.0,0.0,0.0,-0.014205482,-0.12782389,-0.021438658,0.00529325,-0.00036007166,0.10729752,-0.0024246892,0.027037067,-0.04894036,0.08375049,0.12589061,0.022254052,-0.36828393,0.14977655,0.10813683,-0.27742645,0.21656203,0.6049459,0.67965597,-0.035133507,-0.046491515,-0.07213554,0.6976675,0.6396348,0.60080796,-1.3600619,-0.52930504,2.9053836,0.5711905,-0.07918334,-1.0824729,0.90037394,1.034276,-2.5716884,0.2507459,0.308553,-209.60121,195.39282,258.1644,205.50978,-16.727114,97.92985,121.724174,-234.47858,-213.09384,-221.20233,33.503284,199.87149,-0.014205482,-0.12782389,-0.82143867,1.6052933,-0.8003601,0.10729752,-0.0024246892,0.027037067,-0.8489404,1.6837505,-0.6741094,0.022254052,-7.3656783,2.9955308,2.1627367,-5.5485287,4.3312407,12.098918,13.59312,-0.70267016,-0.9298303,-1.4427108,13.953349,12.792695
742,-0.08942689,-0.06012566,-0.18021749,0.033982214,-0.019623663,-0.9992298,1.0,0.0,0.0,-0.039012514,-0.11132897,-0.02862066,0.010352612,0.051916957,0.13829347,0.082791105,0.020079939,-0.04822761,0.08303189,0.16834468,0.121183306,0.0734803,0.034115557,-0.12892382,0.20812309,0.42424536,-0.16608267,0.22857769,-0.03778049,0.016296657,0.058428865,-0.012003269,0.38637766,1.0230465,0.69324064,0.7850615,2.258974,-0.84656054,-0.63789815,-0.6898112,-0.90138835,-0.72667944,-0.73194915,-0.9096809,-0.17093447,243.13727,-23.32933,-277.984,239.63185,141.1181,-195.81976,-204.69011,81.78662,-9.895645,104.405075,-50.48317,-46.985355,-0.039012514,-0.11132897,-0.8286207,1.6103526,-0.74808306,0.13829347,0.082791105,0.020079939,-0.8482276,1.6830319,-0.63165534,0.121183306,1.4696059,0.6823111,-2.5784764,4.1624618,8.484907,-3.3216534,4.5715537,-0.7556098,0.32593313,1.1685773,-0.24006538,7.727553
743,-0.06327489,-0.017197078,0.08112388,0.032641295,-0.016605644,-0.9993292,1.0,0.0,0.0,0.015621645,-0.10110232,-0.04823166,0.06433916,0.059069216,0.028616244,0.084570624,0.01578839,-0.046039164,0.09723663,0.087546885,0.124989174,0.43401965,0.06784565,-0.07245778,0.31989658,-0.28169072,-0.8609301,-0.1692178,-0.017962327,0.005042122,0.062583186,-0.71903294,-0.28447852,-0.92429554,-1.1409615,-0.5716816,-1.4033394,-0.04878688,0.46576884,-0.38076037,1.1557409,1.0652654,-0.7319736,0.13722274,-0.45460802,202.5142,234.9848,176.84302,166.15204,-199.84993,-199.21527,-200.41737,-205.71094,-197.60855,-217.03162,-200.11928,-200.11798,0.015621645,-0.10110232,-0.8482317,1.6643392,-0.7409308,0.028616244,0.084570624,0.01578839,-0.8460392,1.6972367,-0.7124531,0.124989174,8.680393,1.356913,-1.4491557,6.3979316,-5.6338143,-17.218601,-3.3843558,-0.35924655,0.100842446,1.2516637,-14.380658,-5.68957
744,0.07483286,0.05643004,0.37369302,0.033280596,-0.017587839,-0.9992913,1.0,0.0,0.0,0.056101304,-0.09642941,-0.06796682,0.11316359,0.015279293,-0.06707544,-0.0018799986,0.019188877,-0.028194845,0.077211976,0.019588768,-0.010083613,0.015031067,-0.014173335,-0.12076467,0.18345304,-0.17216514,-0.1656624,-0.6477205,0.045723643,0.15585445,-0.234177,-0.02999835,-0.97104996,-0.89826286,0.88433975,0.78641456,-0.9670979,0.11803508,1.2908443,1.1803393,-0.96898246,-0.60800946,-0.8986524,0.54577535,0.39391407,-200.72035,-200.92326,-198.57721,-217.41162,22.125456,200.02164,-205.52127,172.6716,196.39825,-222.325,199.58125,-113.95238,0.056101304,-0.09642941,-0.86796683,1.7131636,-0.7847207,-0.06707544,-0.0018799986,0.019188877,-0.82819486,1.677212,-0.78041124,-0.010083613,0.30062133,-0.2834667,-2.4152935,3.6690607,-3.4433026,-3.313248,-12.954411,0.9144729,3.117089,-4.68354,-0.599967,-19.421
745,0.06796627,0.099672586,0.67522436,0.03616469,-0.020788912,-0.99912965,1.0,0.0,0.0,0.013812129,-0.08855312,-0.076484084,0.11773312,0.03612578,-0.026824849,-0.08467551,0.01773515,-0.0063486695,0.026688814,0.06854218,-0.1149608,-0.3993921,0.08071928,0.028628523,-0.11236446,0.19470097,0.50151986,-0.21619084,-0.04076325,0.025090829,-0.14285593,0.24750407,-0.06489517,0.44642466,-0.9698855,-0.45593846,0.58222634,-0.3612487,0.0801525,0.8339677,0.8985137,1.2906281,1.3942986,1.1291255,0.7613365,-201.63197,201.16304,218.70357,-209.10857,3.0671508,200.0151,215.12619,-83.368034,-192.6408,346.1167,-50.185043,302.09702,0.013812129,-0.08855312,-0.8764841,1.7177331,-0.76387423,-0.026824849,-0.08467551,0.01773515,-0.8063487,1.6266888,-0.7314578,-0.1149608,-7.987842,1.6143855,0.57257044,-2.2472892,3.8940194,10.030397,-4.323817,-0.815265,0.5018166,-2.8571184,4.9500813,-1.2979033
746,0.057847816,0.029627385,-0.124881595,0.03840963,-0.02371131,-0.99898076,1.0,0.0,0.0,-0.014244544,-0.081529066,-0.08687401,0.124575615,-0.0004851818,0.027185144,-0.08817525,0.0045505962,-0.01807195,0.034469843,0.12547666,-0.043472745,0.07425736,-0.003656782,-0.119632855,0.15555462,-0.49226925,0.16976374,0.14517319,-0.08486727,-0.11376388,0.15365666,0.37367067,0.6871303,0.8707044,0.8876879,0.8454315,-1.2529287,-0.10059577,-0.5306863,-0.36233327,-1.011309,-0.56967735,-0.037133202,-0.96156377,0.63645726,200.1954,-198.00806,-198.82306,182.55301,-200.1071,-44.865955,140.02965,-12.107315,-178.85391,121.41365,74.96808,209.70639,-0.014244544,-0.081529066,-0.886874,1.7245756,-0.8004852,0.027185144,-0.08817525,0.0045505962,-0.81807196,1.6344699,-0.67452335,-0.043472745,1.4851471,-0.07313564,-2.392657,3.1110923,-9.845385,3.3952749,2.9034638,-1.6973454,-2.2752776,3.0731332,7.473413,13.742605
747,0.05280953,0.08654327,0.03470791,0.04098563,-0.025918905,-0.9988235,1.0,0.0,0.0,0.038475394,-0.07796034,-0.08994764,0.12456548,-0.051170886,-0.015349453,-0.10374832,-0.0165842,-0.04131913,0.06760061,0.114512324,0.15696314,0.41829982,0.035741217,0.071436636,-0.124917805,-0.15261087,-0.52581465,-0.25481126,-0.11428507,-0.11717345,0.14966518,-0.37771162,1.1715047,-0.8636296,-1.0903434,-0.1172709,-1.1651534,0.6212889,-0.0012325011,-0.121992,1.0026331,1.0748024,-0.06875928,-0.40222225,-1.0093702,201.58401,192.31825,185.89848,-223.0062,37.706062,-200.32507,-199.72835,-118.57057,-86.6678,-96.07521,-203.96338,-16.769417,0.038475394,-0.07796034,-0.88994765,1.7245655,-0.8511709,-0.015349453,-0.10374832,-0.0165842,-0.84131914,1.6676006,-0.6854877,0.15696314,8.365996,0.7148243,1.4287328,-2.498356,-3.0522172,-10.516293,-5.096225,-2.2857013,-2.343469,2.9933035,-7.554232,23.430094
748,0.09787534,0.11590736,-0.018890126,0.04489889,-0.028990086,-0.9985709,1.0,0.0,0.0,0.08395859,-0.07697352,-0.07677561,0.080414295,-0.0043224692,-0.04833951,-0.12972309,-0.033887062,-0.04422009,0.06693661,-0.031018734,0.3149413,0.06717238,-0.018768582,0.06090448,-0.29932162,0.55060345,0.056019433,-0.062703885,-0.061855335,0.06427877,-0.13069074,-0.9017976,0.4770743,-0.88351786,0.8712166,0.7172731,1.0946668,0.30112255,0.4753169,1.0797439,-1.0800351,-0.72528374,0.32561153,0.029317163,-1.1234145,-201.47821,-208.14914,-112.02129,-214.37872,200.24158,64.55978,73.24237,205.53784,192.71411,-205.474,8.857904,-200.1445,0.08395859,-0.07697352,-0.8767756,1.6804143,-0.8043225,-0.04833951,-0.12972309,-0.033887062,-0.8442201,1.6669366,-0.83101875,0.3149413,1.3434476,-0.37537163,1.2180896,-5.986432,11.012069,1.1203886,-1.2540777,-1.2371067,1.2855753,-2.6138146,-18.035952,9.541486
749,0.05544541,-0.031518627,0.18904586,0.046141565,-0.032466922,-0.99840724,1.0,0.0,0.0,0.051122468,-0.07053916,-0.062868714,0.036959648,0.10805142,0.035278883,-0.09903745,-0.056358665,-0.0471946,0.07225561,-0.13509548,0.3358926,-0.35783204,0.046372693,0.04397992,-0.09941591,0.36616924,0.66509587,0.33137396,-0.15152536,-0.07495963,0.1546019,-0.20768371,-0.20016742,0.5892662,-1.1322017,-0.37361783,-0.7182537,-0.113833174,-0.67245907,-0.6903257,0.98899674,0.9843625,-0.8995427,0.84382194,-0.45312825,-246.3,-520.2438,-336.67572,392.69907,-321.6213,14.094101,195.57358,-213.5658,-149.73265,204.74272,201.20114,-200.52477,0.051122468,-0.07053916,-0.8628687,1.6369597,-0.6919486,0.035278883,-0.09903745,-0.056358665,-0.8471946,1.6722556,-0.9350955,0.3358926,-7.156641,0.9274538,0.8795984,-1.9883182,7.323385,13.301917,6.627479,-3.030507,-1.4991926,3.092038,-4.153674,-4.0033484
750,0.11566817,0.09035692,-0.07852929,0.047592044,-0.035957124,-0.9982195,1.0,0.0,0.0,0.022573953,-0.071372576,-0.056173265,0.024943948,0.08941299,0.08511458,-0.07753547,-0.07475638,-0.047341943,0.07025361,-0.1011104,0.21777663,0.041110776,-0.036034174,0.031817067,-0.06004342,-0.3986847,-0.05860805,-0.07544511,-0.04339604,0.056311358,-0.14495085,0.47849393,-0.91045064,1.0728863,0.7776566,0.8888691,1.2193063,0.28442663,-1.2859418,-0.8987951,-0.96806246,-0.82024825,0.044122234,-0.21255153,-0.15886593,199.23106,-65.554565,-24.781082,-20.769531,-123.97002,-198.12291,-199.75963,205.30856,196.32999,-223.1178,199.79564,-200.1009,0.022573953,-0.071372576,-0.8561733,1.624944,-0.710587,0.08511458,-0.07753547,-0.07475638,-0.84734195,1.6702536,-0.9011104,0.21777663,0.8222155,-0.72068346,0.63634133,-1.2008684,-7.973694,-1.172161,-1.5089021,-0.8679208,1.1262271,-2.899017,9.569879,-18.209013
751,0.089054264,-0.02992518,0.052735873,0.048796378,-0.040105924,-0.99800324,1.0,0.0,0.0,0.067764126,-0.07527725,-0.049755573,0.029900312,0.06737131,-0.001258694,-0.13600546,-0.08652956,-0.0482409,0.05581045,-0.080025434,0.064718306,0.3579803,-0.0055190683,-0.014428242,0.120648794,-0.01187617,-0.70100766,-0.46718284,-0.06970271,-0.047833234,-0.025499344,-0.1850935,-0.6196124,-1.0231475,-0.95170945,-0.35197586,-1.2657778,0.6060539,0.4103436,0.95227563,0.918501,0.9384923,0.775997,0.40376914,0.24445264,179.97742,133.12347,-394.60657,78.60833,10.827789,-157.4628,-194.42033,-177.83612,-247.27782,-35.172127,-149.95665,92.49405,0.067764126,-0.07527725,-0.8497556,1.6299003,-0.7326287,-0.001258694,-0.13600546,-0.08652956,-0.8482409,1.6558105,-0.88002545,0.064718306,7.159606,-0.110381365,-0.28856483,2.4129758,-0.23752339,-14.020153,-9.343657,-1.394054,-0.9566647,-0.5099869,-3.7018702,-12.392247
752,-0.06934244,0.054756157,-0.14264768,0.049387507,-0.04013458,-0.9979731,1.0,0.0,0.0,0.10232594,-0.07490697,-0.06794876,0.058623195,0.10981512,-0.050650615,-0.18252489,-0.09389678,-0.055916786,0.06164539,-0.042886436,0.016685342,0.024173476,0.0073212944,-0.15108885,0.16096555,0.41029665,0.12005464,-0.040571466,-0.010386221,-0.02960406,0.074778795,0.48912367,0.070290945,-1.2274958,0.8046578,0.88390785,-0.5481524,-0.42301023,0.07129879,1.1453779,-1.0002244,-0.83159614,-1.0152308,-0.35923126,0.5470461,-196.8526,-182.33165,-144.03328,-2.2860413,131.11719,232.78412,200.2692,198.99184,200.91919,183.8386,199.97061,199.885,0.10232594,-0.07490697,-0.8679488,1.6586232,-0.6901849,-0.050650615,-0.18252489,-0.09389678,-0.8559168,1.6616454,-0.84288645,0.016685342,0.48346952,0.14642589,-3.021777,3.2193108,8.205933,2.4010928,-0.8114293,-0.20772442,-0.5920812,1.4955759,9.782474,1.4058188
753,-0.05937644,0.088845804,0.05454188,0.05227775,-0.037490215,-0.9979286,1.0,0.0,0.0,0.059711482,-0.06486197,-0.07999885,0.06530154,0.11268467,-0.0091681285,-0.14747141,-0.10973684,-0.05820316,0.062303662,-0.019041836,0.10975709,-0.40942293,0.0958794,0.013963367,-0.084215306,-0.29966637,0.20274937,0.35113117,-0.13601069,0.0045872983,-0.055191237,-0.1835004,0.78867716,0.59686875,-1.0907682,-0.040716313,0.5279297,-0.014252976,-0.37027487,-0.8901188,1.1568283,0.89772403,-0.2605353,-0.070579536,-0.69042265,-201.45685,208.69823,230.6698,-200.18985,-199.20769,-12.844474,195.24123,-208.83044,-163.0024,-202.9951,-199.50858,199.66972,0.059711482,-0.06486197,-0.87999886,1.6653016,-0.68731534,-0.0091681285,-0.14747141,-0.10973684,-0.8582032,1.6623037,-0.81904185,0.10975709,-8.188458,1.9175879,0.27926734,-1.6843061,-5.9933276,4.0549874,7.0226235,-2.7202137,0.091745965,-1.1038247,-3.6700077,15.773542
754,0.07157127,-0.21008034,0.014125573,0.049038857,-0.038023304,-0.99807286,1.0,0.0,0.0,0.025232147,-0.06043733,-0.071151316,0.06766415,0.060895562,-0.04197392,-0.12354066,-0.12823805,-0.033337176,0.021597266,-0.042393684,0.18883745,0.021235589,-0.039339144,0.060732562,0.09260966,-0.21173556,-0.46427733,-0.0686787,-0.056439318,0.21775238,-0.32625276,-0.08287119,0.07417965,1.0893579,0.5039143,0.2140445,-1.0562742,0.124108315,-0.19225743,-0.852853,-0.6924098,-0.5611639,1.002789,1.4093848,-1.3449378,199.64688,-201.9765,17.681395,185.319,33.68981,-200.02446,-198.69418,209.9163,198.29437,-222.52174,16.408916,-199.95602,0.025232147,-0.06043733,-0.8711513,1.6676642,-0.73910445,-0.04197392,-0.12354066,-0.12823805,-0.8333372,1.6215973,-0.8423937,0.18883745,0.42471176,-0.78678286,1.2146512,1.8521931,-4.234711,-9.285546,-1.3735739,-1.1287863,4.3550477,-6.525055,-1.6574237,1.483593
755,-0.076176465,-0.28738928,0.12847081,0.039004877,-0.037666645,-0.9985289,1.0,0.0,0.0,0.070367455,-0.061064325,-0.03634739,0.05757737,0.070073664,-0.10703949,-0.18317011,-0.13651459,-0.013021231,-0.014555931,0.017343342,0.12729286,0.3944201,0.030855877,0.2693102,-0.16570435,0.12546651,-0.24335265,-0.48769352,-0.03137977,0.0065660696,-0.060439568,0.61056304,-0.6203012,-1.0640006,-1.1650603,-0.9974526,0.29965448,0.19638377,0.33906797,0.837458,1.1281809,0.8648412,0.14713643,0.5860167,-1.4079057,209.68965,271.3987,179.7281,-227.36325,5.058424,44.14034,-196.9942,-207.30107,-231.71695,167.75415,199.21632,-200.52782,0.070367455,-0.061064325,-0.8363474,1.6575774,-0.72992635,-0.10703949,-0.18317011,-0.13651459,-0.81302124,1.5854441,-0.78265667,0.12729286,7.8884015,0.6171175,5.3862042,-3.314087,2.5093303,-4.867053,-9.75387,-0.62759537,0.13132139,-1.2087914,12.211261,-12.406023
756,-0.026716964,-0.27940643,0.023585638,0.02739439,-0.035026208,-0.9990109,1.0,0.0,0.0,0.10667177,-0.061110724,-0.013018072,0.05871129,0.10639089,-0.076810054,-0.23429395,-0.13378914,-0.023617387,0.009974122,0.15321648,-0.043887824,0.009947407,-0.033253845,0.014580086,0.124182776,0.21446756,0.46762148,-0.07536511,0.058093786,-0.16250725,0.33930495,0.48972446,-0.9443418,-1.3549378,0.78924507,0.18690255,-1.0572335,-0.66005546,0.053460333,1.2715595,-0.87626374,-0.93307614,-1.3093268,-0.8506337,-0.11423892,-199.83388,-196.60341,-194.807,185.12836,2.2366426,200.13647,251.36217,353.71707,-299.99045,245.08986,-105.11012,-78.91302,0.10667177,-0.061110724,-0.8130181,1.6587113,-0.6936091,-0.076810054,-0.23429395,-0.13378914,-0.8236174,1.6099741,-0.64678353,-0.043887824,0.19894814,-0.66507685,0.29160172,2.4836555,4.289351,9.352429,-1.5073022,1.1618757,-3.250145,6.786099,9.794489,-18.886835
757,-0.011351665,-0.28108814,0.23664235,0.016000515,-0.034515772,-0.99927604,1.0,0.0,0.0,0.062107522,-0.05965892,0.009742856,0.05752921,0.070641935,-0.019020967,-0.20616888,-0.13350889,-0.049298227,0.06983805,0.17495596,-0.14951882,-0.41285393,0.036296617,0.19449274,-0.11774395,-0.49702516,0.20024326,0.31040037,-0.048387975,-0.1044912,0.25382122,-0.19607729,-0.1982535,0.4909676,-1.0096459,-0.6103669,-0.6633817,0.24234542,-0.7848641,-0.4547539,1.2233316,0.67446566,-1.2266948,-0.8640512,1.5095078,-205.09685,146.19714,207.35243,-214.34724,-199.69711,-32.767056,197.64468,-197.6689,-188.08885,-209.29097,-200.0294,201.17929,0.062107522,-0.05965892,-0.79025716,1.6575292,-0.7293581,-0.019020967,-0.20616888,-0.13350889,-0.84929824,1.6698381,-0.62504405,-0.14951882,-8.257078,0.7259323,3.8898547,-2.354879,-9.940503,4.004865,6.2080073,-0.9677595,-2.089824,5.0764246,-3.9215457,-3.9650698
758,-0.00082013936,-0.15125275,0.04214706,0.007553997,-0.03469903,-0.99936914,1.0,0.0,0.0,0.02490721,-0.059092168,0.042456865,0.026286721,0.034816563,-0.043143723,-0.18373094,-0.13341713,-0.057548344,0.08895862,0.05982232,-0.11621542,0.016601492,0.012629154,0.11212851,-0.09859129,-0.070985176,-0.28746602,-0.049456917,0.04630125,0.013987431,-0.03716758,-0.8865482,0.46534035,0.8650285,0.63855654,0.3787551,1.4580457,-0.120099545,-0.19684443,-0.74106926,-0.6315974,-0.8191875,-0.90066594,0.53098184,-0.26976648,236.83054,193.75757,-134.6972,242.58644,12.632629,-76.90258,-200.52711,202.53712,206.05423,-218.1106,-199.99524,200.18198,0.02490721,-0.059092168,-0.75754315,1.6262867,-0.76518345,-0.043143723,-0.18373094,-0.13341713,-0.85754836,1.6889586,-0.7401777,-0.11621542,0.33202982,0.2525831,2.2425702,-1.9718258,-1.4197035,-5.74932,-0.9891383,0.926025,0.27974862,-0.7433516,-17.730965,9.306807
759,0.12093882,-0.25293863,0.20873563,-0.0007079636,-0.03732774,-0.99930274,1.0,0.0,0.0,0.0703004,-0.05568522,0.069827795,0.021401644,-0.021059096,-0.10241917,-0.24196431,-0.12934996,-0.060644567,0.06727362,-0.03973037,-0.099249855,0.39386827,0.01579394,0.142695,0.04381352,-0.32762143,-0.25729665,-0.4880452,0.0008214471,-0.03715506,-0.16677235,-0.17980169,-0.22625326,-1.2295475,-1.1324737,-0.9281398,-0.6652542,0.5466792,0.38688913,1.0455763,1.0278529,0.7380072,0.5787228,0.6739859,-0.20971031,188.84302,134.76079,17.107498,158.46872,13.554188,32.592255,-197.03813,-160.17953,-199.4538,-217.29742,200.14006,-198.86458,0.0703004,-0.05568522,-0.7301722,1.6214017,-0.8210591,-0.10241917,-0.24196431,-0.12934996,-0.8606446,1.6672736,-0.8397304,-0.099249855,7.877365,0.3158788,2.8538997,0.87627035,-6.5524282,-5.1459327,-9.760903,0.016428942,-0.7431012,-3.335447,-3.5960338,-4.525065
760,-0.038998302,-0.12536125,0.019250143,-0.008324121,-0.03877017,-0.9992136,1.0,0.0,0.0,0.10608709,-0.054418728,0.08904672,0.016109824,-0.008943379,-0.07781295,-0.29264507,-0.12067205,-0.06457013,0.04589939,-0.0014276505,-0.14266242,0.0023280277,-0.0045876415,0.056234103,-0.0847147,0.37792608,0.4342278,-0.061040472,0.07694837,-0.0061865835,-0.05738845,0.49522063,-0.18423428,-0.91514874,0.7639734,0.30482918,0.536573,-0.40868676,-0.06361155,1.1220698,-0.8374936,-0.8356112,-1.6482376,-0.52761114,0.082745396,-199.91718,-197.10672,-199.09975,-215.54483,199.9213,200.12277,198.91118,203.23637,214.65697,189.28448,200.20323,25.683306,0.10608709,-0.054418728,-0.7109533,1.6161098,-0.8089434,-0.07781295,-0.29264507,-0.12067205,-0.86457014,1.6458994,-0.80142766,-0.14266242,0.046560556,-0.09175283,1.1246821,-1.694294,7.5585217,8.684556,-1.2208095,1.5389674,-0.123731665,-1.147769,9.904412,-3.6846855
761,0.074206084,-0.21543409,0.25581396,-0.015615099,-0.039687835,-0.9990901,1.0,0.0,0.0,0.061039206,-0.05197672,0.10440403,0.014709473,-0.013454616,-0.05291141,-0.26325577,-0.12329274,-0.06011027,0.023609757,0.02368313,-0.104722425,-0.4095548,0.024225162,0.093352966,0.048235994,-0.3409063,-0.0077673495,0.31668186,-0.08515338,0.045985237,-0.15563415,-0.17685981,0.41588202,-0.18608665,-1.2383205,-0.69527733,-0.79298025,0.18224618,-0.82698923,0.2309756,1.1840043,0.7116369,-0.4477101,-0.68907315,-0.012080347,-200.37628,156.99559,212.02022,189.7525,-199.64725,-23.614073,195.69496,-215.61469,-170.13919,-205.01694,-199.50423,41.84752,0.061039206,-0.05197672,-0.695596,1.6147095,-0.8134546,-0.05291141,-0.26325577,-0.12329274,-0.8601103,1.6236098,-0.7763169,-0.104722425,-8.191096,0.48450324,1.8670594,0.9647199,-6.8181257,-0.15534699,6.333637,-1.7030675,0.91970474,-3.1126828,-3.5371962,8.31764
762,0.050973605,-0.11380905,-0.20801197,-0.02077628,-0.042261776,-0.9988905,1.0,0.0,0.0,-0.028869025,-0.04860626,0.113260925,0.017302394,-0.019260466,-0.11783945,-0.15282066,-0.13561997,-0.029752493,-0.02891457,-0.082087874,-0.055054933,-0.40638682,0.045313522,0.001117516,0.049905863,0.10313039,-0.50434303,0.75323284,-0.032052364,0.20952709,-0.18645416,-0.73600626,0.24904807,1.0206379,0.8593902,0.3387313,0.6160638,0.14061242,0.3727642,-0.8874345,-0.99151623,-0.7218785,1.3518426,0.56218475,-0.8651532,52.722946,262.52786,-83.27396,212.58873,33.61989,-81.052574,150.83357,381.529,549.0967,791.33514,-82.017235,22.556648,-0.028869025,-0.04860626,-0.6867391,1.6173024,-0.8192605,-0.11783945,-0.15282066,-0.13561997,-0.8297525,1.5710855,-0.8820879,-0.055054933,-8.127736,0.90627044,0.022350319,0.9981172,2.0626078,-10.086861,15.064656,-0.64104724,4.1905417,-3.729083,-14.720125,4.9809613
763,-0.038322147,-0.26884174,-0.109272726,-0.028929533,-0.04248206,-0.9986783,1.0,0.0,0.0,-0.068587504,-0.038194954,0.10751498,0.05077994,0.017438829,-0.14185745,-0.048801675,-0.1347805,-0.011141896,-0.020599961,-0.14367795,-0.0707524,-0.021598114,0.06939436,-0.040171545,0.25130805,0.22675267,0.19462663,0.32875705,0.021394555,-0.0064856084,0.18899746,0.014658119,-0.3768474,0.6953237,-1.1275213,-1.0727406,-1.3637099,-0.35270312,0.62391174,-1.2636582,0.89484036,0.8263743,-0.5128471,0.75006485,-0.21857345,199.45844,202.4051,210.89801,184.61995,76.36409,200.12096,-196.43124,-164.6742,-208.29749,181.08453,200.1784,-199.18951,-0.068587504,-0.038194954,-0.69248503,1.65078,-0.7825612,-0.14185745,-0.048801675,-0.1347805,-0.8111419,1.5794001,-0.94367796,-0.0707524,-0.43196228,1.3878871,-0.8034309,5.026161,4.5350533,3.8925326,6.575141,0.42789108,-0.12971216,3.7799492,0.29316238,-7.5369477
764,0.08618387,-0.2527732,-0.28792578,-0.038843893,-0.044033118,-0.99827456,1.0,0.0,0.0,-0.029205456,-0.0352583,0.10006839,0.08679569,-0.011175156,-0.02413605,-0.019734364,-0.13066576,-0.0076780915,-0.0065802336,-0.068665445,-0.13373184,0.37452576,-0.029805345,-0.033586513,0.12130578,-0.44574365,0.91117126,0.0082291765,0.0048463065,0.026217971,-0.013605088,0.66425693,-0.25954756,-0.30154476,0.86809397,0.29247183,-1.1450263,-0.33301416,-0.09139863,0.06949996,-1.0638635,-0.9630077,-0.9637116,-0.7443548,0.29316095,199.1974,-196.7888,-197.21736,-219.19781,-200.2341,200.0136,-150.25352,-152.46239,-75.86018,-167.44806,183.0803,35.501244,-0.029205456,-0.0352583,-0.6999316,1.6867957,-0.81117517,-0.02413605,-0.019734364,-0.13066576,-0.8076781,1.5934198,-0.86866546,-0.13373184,7.490515,-0.5961069,-0.6717302,2.4261155,-8.914873,18.223425,0.16458353,0.09692613,0.5243594,-0.27210176,13.285138,-5.190951
765,0.034928422,-0.20362863,0.11257261,-0.04774507,-0.04644365,-0.99777925,1.0,0.0,0.0,-0.0002433486,-0.032178495,0.112660766,0.07965779,-0.12883133,0.07921863,0.00047313768,-0.13580997,-0.00052553415,-0.013306022,-0.0017713308,-0.100702904,-0.046415653,0.050933074,0.13982387,-0.16507955,-0.5492404,0.1948048,0.1312804,-0.054551154,0.03753273,-0.07380625,0.04565085,0.4947032,-0.811186,-1.102214,-0.85212886,-0.74477893,0.7505474,-1.1676606,0.18721634,0.986042,0.5656886,0.22798754,-1.0300374,-0.1577948,-199.90355,195.88092,198.68234,-220.52846,64.22565,-200.15327,27.52757,-195.99286,-187.08931,-210.10515,-199.87697,200.1443,-0.0002433486,-0.032178495,-0.68733925,1.6796578,-0.92883134,0.07921863,0.00047313768,-0.13580997,-0.80052555,1.586694,-0.80177134,-0.100702904,-0.9283131,1.0186615,2.7964773,-3.301591,-10.984808,3.896096,2.6256082,-1.0910231,0.7506546,-1.476125,0.91301703,9.894064
766,-0.011300759,-0.22779326,0.013118349,-0.05629215,-0.046508625,-0.9973304,1.0,0.0,0.0,-0.0568221,-0.028357562,0.13691211,0.03366983,-0.16110599,0.04199218,0.057582792,-0.13916473,0.013685226,-0.014854193,-0.07018769,-0.0760225,-0.4828442,-0.010358286,0.1111386,-0.28247353,0.1558628,-0.49761754,0.32877448,0.017254358,0.089537956,0.044566784,-0.65919805,-0.12659498,0.9986656,0.8785712,0.15539023,0.9476562,-0.64315826,0.28560746,-0.7144406,-0.98695767,-0.7018995,-1.0079839,0.25958478,-0.76081467,-202.8165,-204.72949,-191.43466,-215.10374,200.2762,-199.97334,-11.068362,230.25786,196.74522,183.76955,-199.89334,-79.88005,-0.0568221,-0.028357562,-0.6630879,1.6336699,-0.961106,0.04199218,0.057582792,-0.13916473,-0.7863148,1.5851458,-0.8701877,-0.0760225,-9.656884,-0.20716572,2.222772,-5.649471,3.117256,-9.952351,6.5754895,0.34508714,1.7907591,0.89133567,-13.183961,-2.5318995
767,0.09789407,0.087173164,0.025391473,-0.057908993,-0.048438467,-0.997146,1.0,0.0,0.0,-0.10603314,-0.025248306,0.14127082,-0.000756979,-0.20613724,0.018685253,0.070418485,-0.1350341,0.011679649,-0.0048772097,-0.11346674,-0.16352953,-0.050322156,0.036872044,-0.035887614,-0.08861993,-0.5375939,0.19527896,-0.16020879,0.030878445,-0.090568684,0.07289436,0.15250893,-0.6748671,1.0460901,-0.9862818,-0.32061422,-0.9389369,-0.0039376616,0.34531906,-1.0387526,0.90378416,0.43623728,0.67782605,0.35018796,-0.116698235,199.56169,204.53416,54.72883,184.86682,-199.74702,200.14848,-229.0926,12.343094,-86.66223,5.724411,226.80058,-154.93704,-0.10603314,-0.025248306,-0.6587292,1.599243,-1.0061373,0.018685253,0.070418485,-0.1350341,-0.78832036,1.5951228,-0.91346675,-0.16352953,-1.0064431,0.7374409,-0.7177523,-1.7723986,-10.751878,3.905579,-3.2041757,0.6175689,-1.8113737,1.457887,3.0501785,-13.497341
768,0.102852635,-0.0445018,-0.16514367,-0.05713607,-0.052667134,-0.99697626,1.0,0.0,0.0,-0.07489948,-0.026003104,0.13445169,-0.0072984695,-0.2211197,0.112232424,0.0018091559,-0.1231368,-0.009869039,0.023853779,-0.012178898,-0.22619723,0.30285048,-0.02246326,-0.042553477,0.056721754,0.32253763,0.5582335,-0.49961233,0.09386908,-0.10364391,0.18952712,0.7757547,-0.012255651,-0.8397182,0.927926,0.82529247,-0.18922947,-0.73313415,-0.6428708,1.1761796,-1.0057926,-0.59074914,-1.4187367,-0.5574902,0.924619,134.59616,13.991791,-15.795395,99.29291,234.74246,-0.4624653,-202.70734,197.00186,245.97461,201.59453,107.25927,199.5107,-0.07489948,-0.026003104,-0.6655483,1.5927016,-1.0211197,0.112232424,0.0018091559,-0.1231368,-0.80986905,1.6238538,-0.8121789,-0.22619723,6.0570097,-0.44926518,-0.8510695,1.134435,6.4507527,11.16467,-9.992247,1.8773817,-2.0728781,3.7905424,15.515094,-0.24511302
769,0.007082972,-0.031894423,0.17474209,-0.05865002,-0.054517034,-0.99678886,1.0,0.0,0.0,-0.05701684,-0.024969736,0.13871843,-0.0013391972,-0.2247389,0.1274761,-0.057175353,-0.11361419,-0.024874032,0.048681736,0.069203675,-0.15000574,-0.08462743,0.028830085,0.07441384,-0.0062473253,-0.30605286,-0.3084579,-0.12772778,0.009061653,-0.05428642,0.07094018,0.10501961,0.7033016,-0.9645045,-1.2204939,-0.44318733,-0.46014383,-0.27827036,-0.2804896,1.24161,1.1556674,1.0136194,-0.9259158,-0.72233933,-0.5492858,-176.38272,84.77651,218.66852,7.413849,-185.61893,-239.82959,199.90767,-196.97443,-191.28206,-213.38925,-199.82541,200.10716,-0.05701684,-0.024969736,-0.6612816,1.5986608,-1.0247389,0.1274761,-0.057175353,-0.11361419,-0.82487404,1.6486818,-0.73079634,-0.15000574,-1.6925485,0.5766017,1.4882768,-0.124946505,-6.121057,-6.169158,-2.5545554,0.18123306,-1.0857284,1.4188036,2.100392,14.066031
770,0.07498407,0.021618517,-0.048478417,-0.058724236,-0.056167446,-0.9966929,1.0,0.0,0.0,-0.122622326,-0.02678448,0.14704794,-0.014161229,-0.252389,0.0035906765,-0.03823788,-0.10843158,-0.011182666,0.031354904,0.014309585,-0.086163044,-0.51741874,-0.05156667,0.019169692,-0.10444113,-0.068912484,-0.73100895,0.27614328,0.039247382,0.16939089,-0.21615353,-0.5851668,0.005106053,0.9834238,0.95000446,0.64314395,1.278936,0.0891777,0.6663273,-0.64310193,-1.0541115,-0.5661162,-0.40913975,-0.088202365,-0.58595216,-183.23254,-295.8612,-175.55432,-117.73691,22.974289,19.568613,203.05917,204.41658,189.9592,-224.44273,-200.25368,-200.08626,-0.122622326,-0.02678448,-0.6529521,1.5858388,-1.052389,0.0035906765,-0.03823788,-0.10843158,-0.8111827,1.6313549,-0.7856904,-0.086163044,-10.348374,-1.0313334,0.38339382,-2.0888226,-1.3782496,-14.620179,5.522866,0.78494763,3.3878176,-4.3230705,-11.703336,0.102121055
771,0.10079451,0.037134778,0.19673452,-0.05786938,-0.059608426,-0.99654293,1.0,0.0,0.0,-0.17690077,-0.03315884,0.14582855,-0.01700294,-0.1957289,-0.067761876,-0.03188823,-0.103529416,0.0154159665,-0.026172876,-0.042381525,-0.16133223,-0.074389175,-0.01442944,-0.027393943,0.060388338,0.55465287,-0.04137276,-0.1690676,0.014038621,0.10535433,-0.34624797,-0.14518051,-0.68742275,0.99492323,-1.1245626,-0.8426932,-0.5019508,0.37677085,0.731368,-1.0321215,0.9389926,0.8481717,1.7371182,-0.0034219697,0.1135909,205.99759,157.6515,116.941605,187.63226,135.25586,200.95576,-201.51945,-200.08612,-189.03922,-219.61076,40.960415,-199.78629,-0.17690077,-0.03315884,-0.65417147,1.5829971,-0.9957289,-0.067761876,-0.03188823,-0.103529416,-0.78458405,1.5738271,-0.84238154,-0.16133223,-1.4877834,-0.2885888,-0.54787886,1.2077668,11.093057,-0.8274552,-3.381352,0.28077242,2.1070867,-6.924959,-2.9036102,-13.748455
772,0.08359591,-0.10167219,0.04780845,-0.060248576,-0.063065976,-0.9961891,1.0,0.0,0.0,-0.14722618,-0.043084823,0.14501739,-0.018475175,-0.018550575,0.0026894817,-0.090072,-0.10630266,0.021957815,-0.044245124,-0.03249407,-0.22296508,0.3295886,-0.076018356,0.011806409,-0.06168866,1.0010948,0.6749158,-0.40410647,-0.028052483,-0.010612616,0.049604286,0.07552281,-0.02124185,-0.35282564,0.88244253,0.6642735,-0.048607294,-1.2827356,-0.12556358,1.354901,-1.0623959,-0.88079023,0.2619713,-0.7093831,1.1866853,198.5027,-199.51909,-174.30717,-210.40054,-53.588913,200.45653,-166.69974,-78.63927,77.638504,279.3299,-4.48946,184.03601,-0.14722618,-0.043084823,-0.6549826,1.5815248,-0.8185506,0.0026894817,-0.090072,-0.10630266,-0.7780422,1.5557549,-0.8324941,-0.22296508,6.5917716,-1.5203671,0.23612817,-1.2337732,20.021896,13.498316,-8.0821295,-0.56104964,-0.21225232,0.9920857,1.5104562,-0.42483696
773,-0.12227208,-0.14046326,0.2649993,-0.06571017,-0.061296947,-0.99595416,1.0,0.0,0.0,-0.12681666,-0.04473234,0.1523689,-0.014935136,0.048716784,0.037219413,-0.126073,-0.11797742,0.007054925,-0.0015157461,-0.092644095,-0.14774002,-0.08227923,0.046119146,0.08809539,-0.0067365426,-0.048108798,-0.17435674,0.0015412759,-0.084717564,-0.1272046,0.3481468,-0.6085049,0.7010402,-1.1348497,-1.210356,-0.7896393,-1.0247284,-0.52235603,-1.1309372,1.0089356,1.0684576,0.8602632,-1.1604006,0.20226759,0.06162837,-200.28166,199.04044,202.45361,-84.20247,-200.09837,-200.04066,198.00781,-216.67409,-190.34631,178.6537,-199.77805,199.8203,-0.12681666,-0.04473234,-0.6476311,1.5850649,-0.7512832,0.037219413,-0.126073,-0.11797742,-0.7929451,1.5984843,-0.8926441,-0.14774002,-1.6455846,0.9223829,1.7619078,-0.13473085,-0.96217597,-3.487135,0.030825516,-1.6943512,-2.544092,6.962936,-12.170097,14.020803
774,-0.056338955,-0.069929086,0.107328214,-0.070077404,-0.057497635,-0.9958831,1.0,0.0,0.0,-0.1905532,-0.041107237,0.1681025,-0.020662427,-0.041521728,-0.06943615,-0.07975114,-0.13227357,0.0048473477,0.03379929,-0.13889146,-0.055512164,-0.4856642,0.012530996,0.08130148,-0.0119358525,-0.8056564,-0.772133,0.41982275,-0.057226043,0.08501642,0.039268997,0.07719946,0.3340548,0.9084966,0.6479585,0.60846394,0.55464584,-0.33697733,0.6883753,-0.5618976,-0.75821936,-0.6192635,-1.3124381,1.244869,-0.8059159,-184.29987,68.19014,248.59901,195.17294,-230.69133,-134.24472,199.12755,232.41797,224.48927,-203.2498,200.52927,-58.312027,-0.1905532,-0.041107237,-0.6318975,1.5793376,-0.84152174,-0.06943615,-0.07975114,-0.13227357,-0.79515266,1.6337993,-0.9388915,-0.055512164,-9.713284,0.25061992,1.6260296,-0.23871705,-16.113127,-15.442659,8.396455,-1.1445209,1.7003284,0.78537995,1.5439892,6.6810956
775,-0.009161823,-0.007305438,0.2961477,-0.07208246,-0.055730835,-0.99584055,1.0,0.0,0.0,-0.23878887,-0.032656293,0.18565792,-0.011019349,-0.16586053,-0.1471446,-0.04615538,-0.1468819,0.011791408,0.028174996,-0.045989037,-0.064740986,-0.040469196,0.07091272,0.09167453,0.09778071,-0.48599634,-0.074879505,-0.039324377,-0.08761573,-0.00867687,-0.08463275,0.78154665,-0.35736948,1.0322179,-1.004806,-0.8571723,-1.2804925,0.78464663,0.71588427,-0.930653,0.8114705,0.78745663,0.1481861,-0.76680875,-0.7386769,199.10333,198.00781,208.45802,183.0576,81.865456,200.13159,-201.93425,-195.4675,-186.33624,-213.98492,200.2711,-199.7953,-0.23878887,-0.032656293,-0.6143421,1.5889807,-0.96586055,-0.1471446,-0.04615538,-0.1468819,-0.7882086,1.628175,-0.84598905,-0.064740986,-0.80938387,1.4182544,1.8334905,1.9556142,-9.719927,-1.4975901,-0.7864875,-1.7523146,-0.17353739,-1.6926548,15.630933,-7.1473894
776,-0.00018839819,-0.09118458,0.083558865,-0.07464516,-0.055096205,-0.9956869,1.0,0.0,0.0,-0.20372957,-0.023879303,0.20456284,-0.003948331,-0.1855784,-0.083620824,-0.094125874,-0.15407577,0.010381281,0.022143364,0.032537997,-0.2149928,0.35120314,0.024986805,0.09511914,-0.015373558,0.21819046,0.63895077,-0.40305144,0.00601029,-0.0076149977,0.014385897,0.074034974,-1.0733598,-0.060810976,0.9470834,0.51821905,-0.20193711,-0.010181069,-0.020887386,0.75160086,-1.0356767,-0.63809204,-0.8732764,-1.1146971,0.43309408,196.5937,-164.38786,-211.1129,-221.42097,199.73235,200.83461,-198.78273,190.32248,191.80873,176.58342,-200.53316,-200.13927,-0.20372957,-0.023879303,-0.59543717,1.5960517,-0.9855784,-0.083620824,-0.094125874,-0.15407577,-0.78961873,1.6221434,-0.767462,-0.2149928,7.0240626,0.4997361,1.9023829,-0.30747116,4.363809,12.779015,-8.0610285,0.12020579,-0.15229996,0.28771794,1.4806994,-21.467196
777,-0.10839461,-0.036227055,-0.00955916,-0.077027254,-0.052808113,-0.99562955,1.0,0.0,0.0,-0.1407703,-0.013527914,0.2361452,-0.03659916,-0.12833089,-0.027837705,-0.1426259,-0.15211564,0.016431928,0.010953307,-0.022369564,-0.3420289,0.24147348,0.03598818,0.18345784,-0.25163528,0.19911781,0.07740517,-0.12530446,0.05958999,0.084036715,-0.12829092,-0.51592153,-0.21970479,-1.0631285,-1.0697285,-0.826701,0.9064555,0.16843885,-0.5024738,0.9047185,0.9684819,0.6930661,0.45552284,-0.41905746,1.0400112,-85.07709,-261.08347,-39.198334,-136.8329,-71.10868,-56.68263,176.02884,414.50473,48.621048,-197.81573,-135.84286,286.3493,-0.1407703,-0.013527914,-0.5638548,1.5634009,-0.9283309,-0.027837705,-0.1426259,-0.15211564,-0.7835681,1.6109533,-0.8223696,-0.3420289,4.8294697,0.71976364,3.6691568,-5.0327053,3.982356,1.5481033,-2.5060892,1.1917998,1.6807343,-2.5658183,-10.318431,-4.394096
778,-0.14764374,-0.090193704,-0.19088212,-0.07898959,-0.048160385,-0.99571145,1.0,0.0,0.0,-0.14233577,-0.013106958,0.24782813,-0.0461061,-0.04846245,-0.07650097,-0.113502696,-0.13563271,0.04158938,0.0018382072,-0.16256595,-0.30547112,-0.18760306,0.03357666,-0.05453992,0.16755734,0.3838744,-0.40969005,0.38588837,0.075646445,0.13925943,0.055500656,-0.6877607,0.47670752,0.41666955,0.8883191,0.41722792,0.23722705,-1.0804124,0.47940287,-0.23002273,-0.9809694,-0.8258288,-1.4596512,0.6867696,0.4826372,-244.91724,494.34088,-210.55438,430.03174,-42.47917,-70.08479,250.67355,31.656982,-4.301071,194.74696,56.14648,181.6287,-0.14233577,-0.013106958,-0.5521719,1.5538939,-0.84846246,-0.07650097,-0.113502696,-0.13563271,-0.75841063,1.6018382,-0.96256596,-0.30547112,-3.7520611,0.67153317,-1.0907984,3.351147,7.6774874,-8.193801,7.7177672,1.5129288,2.7851884,1.1100131,-13.755214,9.53415
779,-0.065611966,-0.08730055,0.046723954,-0.08262366,-0.044196576,-0.9956004,1.0,0.0,0.0,-0.1307553,0.0023926927,0.2402553,0.00051760674,-0.050057232,-0.08160192,-0.07729931,-0.13560423,0.057303786,0.011279821,-0.21939927,-0.13948572,0.25813696,0.11639847,-0.028231937,0.28589624,-0.32522303,0.28864536,-0.011360294,-0.045043346,0.037442453,0.007096864,0.03660788,1.1340142,0.58709466,-1.1209807,-0.74829495,-1.0886519,-0.026715368,0.6441231,-1.0131862,0.8714183,0.79153466,-0.8310146,0.5241361,-0.63957024,193.05449,232.05759,185.72124,172.22382,-200.26576,200.77068,-199.66887,-197.4224,-197.44763,-220.01996,200.07196,200.1556,-0.1307553,0.0023926927,-0.5597447,1.6005176,-0.85005724,-0.08160192,-0.07729931,-0.13560423,-0.7426962,1.6112798,-1.0193993,-0.13948572,5.162739,2.3279693,-0.56463873,5.7179246,-6.5044603,5.7729073,-0.22720589,-0.90086687,0.74884903,0.14193727,0.7321576,22.680285
780,0.04597163,-0.08221371,-0.16885833,-0.085555635,-0.04444947,-0.9953414,1.0,0.0,0.0,-0.0375529,0.019495588,0.2309711,0.0420022,-0.058025718,0.05494544,-0.120200604,-0.13956037,0.07816988,-0.021774173,-0.1371873,0.008479725,0.6361446,0.060566556,-0.05566832,0.14253174,0.065480165,1.0056294,-0.3614609,-0.02130002,0.12612061,-0.25431412,0.71167606,0.4261737,-0.83016205,0.92262137,0.36793038,-0.9974291,0.063019216,-0.42674753,0.7333745,-1.082759,-0.7151716,0.086420774,-0.51157045,-1.0296332,195.7645,-192.19705,-228.90637,-231.08063,12.133662,200.36385,-15.926926,-719.35693,-568.0581,140.26381,167.95372,-188.86368,-0.0375529,0.019495588,-0.5690289,1.6420022,-0.8580257,0.05494544,-0.120200604,-0.13956037,-0.7218301,1.5782259,-0.9371873,0.008479725,12.722891,1.2113311,-1.1133664,2.8506348,1.3096033,20.112587,-7.229218,-0.4260004,2.5224123,-5.0862823,14.2335205,8.523474
781,-0.16275012,-0.18148646,0.0055691376,-0.09110207,-0.042277083,-0.99494374,1.0,0.0,0.0,0.046564355,0.03968839,0.24071926,0.044069648,-0.023304164,0.17736566,-0.15775736,-0.14061967,0.08832282,-0.029433966,-0.065644026,0.032995276,0.23793204,0.107102096,0.10235206,-0.037523415,0.07228786,0.28472054,-0.06146374,0.04556037,0.024683889,0.085589156,0.09583115,-0.087850735,-0.8494768,-1.323039,-0.6119369,0.09393793,-0.043948412,-1.2192851,0.8752871,1.1065465,0.70395577,-1.3698246,-0.9569218,0.0828359,-160.67963,-196.34634,29.780472,86.6956,-128.86613,-211.2702,134.23154,362.9925,32.724564,134.27742,-149.17343,-106.071754,0.046564355,0.03968839,-0.55928075,1.6440697,-0.8233042,0.17736566,-0.15775736,-0.14061967,-0.7116772,1.570566,-0.86564404,0.032995276,4.758641,2.142042,2.0470412,-0.7504683,1.4457572,5.694411,-1.2292747,0.91120744,0.49367777,1.711783,1.916623,-1.7570146
782,-0.090954326,-0.14600305,-0.27033713,-0.09707731,-0.038018618,-0.99455047,1.0,0.0,0.0,0.046830058,0.047708023,0.24890387,0.05561173,-0.02773434,0.15733774,-0.115835465,-0.12956887,0.10588539,-0.017632127,-0.1175313,0.051802095,-0.18913923,-0.008955519,0.0012411992,0.11784341,-0.051524162,-0.40739807,0.41991192,0.07754665,0.13211851,0.05351388,-0.54370785,0.14283949,-0.36828762,0.6424746,0.26681095,0.3386269,-0.24003531,0.3573205,0.21639538,-0.89094365,-0.50754523,-1.165409,0.13510722,0.4061765,-211.19986,-109.78523,-134.259,54.14203,-3.0438137,-193.29764,201.25871,277.0729,92.01735,52.597458,-181.16634,3.1191711,0.046830058,0.047708023,-0.55109614,1.6556118,-0.82773435,0.15733774,-0.115835465,-0.12956887,-0.6941146,1.5823679,-0.9175313,0.051802095,-3.7827847,-0.17911038,0.024823984,2.3568683,-1.0304832,-8.147962,8.398238,1.550933,2.64237,1.0702776,-10.874157,2.8567898
783,0.022002606,-0.00714313,-0.07397247,-0.099261425,-0.03756485,-0.9943521,1.0,0.0,0.0,-0.027575195,0.04269141,0.24170786,0.09805179,-0.09130573,0.14910418,-0.010853812,-0.12031632,0.12334329,-0.004780054,-0.14062697,0.14741394,-0.5250899,-0.037939206,-0.0576814,0.2825271,-0.38052985,0.25876364,0.52429837,0.024091294,0.037186366,0.087848745,0.23601337,0.6239186,0.76020193,-1.1073943,-0.48652267,-1.1630925,-0.044874907,-0.07893011,-1.1270242,1.0284108,0.8072772,-0.44182682,0.65227014,-0.61357003,-194.1509,183.24504,104.324,187.21507,25.334078,199.60138,-28.56063,-0.16407776,-209.49007,-70.675125,211.5512,2.2906141,-0.027575195,0.04269141,-0.55829215,1.6980518,-0.89130574,0.14910418,-0.010853812,-0.12031632,-0.6766567,1.59522,-0.940627,0.14741394,-10.501799,-0.7587841,-1.153628,5.650542,-7.610597,5.1752725,10.485967,0.4818259,0.74372727,1.7569748,4.7202673,12.478372
784,0.1733119,-0.078511715,-0.2986723,-0.10081807,-0.04249417,-0.99399704,1.0,0.0,0.0,-0.09383784,0.028813306,0.22821909,0.13943613,-0.10041767,0.12805438,0.0636813,-0.11482142,0.13307673,-0.005168915,-0.025423527,0.18116307,-0.17393051,-0.0957178,-0.07695635,0.14721875,0.11247762,-0.38162366,0.24195746,0.029830933,0.074221395,-0.0915258,0.8634912,-0.19316468,1.2161992,0.87747276,0.51848096,-1.6684139,-0.013236105,-0.9698215,-1.1168098,-1.0433309,-0.7989036,0.86079,-0.42132455,-0.62472713,200.47913,-200.93648,-223.4291,-227.50833,25.04953,-127.94974,-200.43094,211.31348,198.63994,-218.19635,200.03195,-199.71289,-0.09383784,0.028813306,-0.5717809,1.7394361,-0.9004177,0.12805438,0.0636813,-0.11482142,-0.6669233,1.5948311,-0.82542354,0.18116307,-3.4786103,-1.914356,-1.5391269,2.944375,2.2495525,-7.632473,4.839149,0.59661865,1.4844278,-1.830516,17.269823,-3.8632934
785,0.00764248,-0.074828625,-0.06003991,-0.10360218,-0.04651355,-0.99353063,1.0,0.0,0.0,-0.08504973,0.031584445,0.23116237,0.14071417,-0.06892896,-0.023696624,0.059956435,-0.10772768,0.12254387,0.012810469,0.06253058,0.06662326,0.22151282,0.10493245,0.09113245,-0.1090396,0.14755413,-1.0676854,-0.22699252,0.041026514,-0.1502626,0.2384337,0.105906166,-0.8671519,0.11395071,-1.1081105,-0.63688815,-1.6807444,-0.15085214,0.7493996,-0.38062352,1.0406703,0.7951307,-1.1297061,-1.206482,-0.1248641,199.06367,203.22012,188.66476,-226.40752,-15.495889,-199.89896,-200.72894,123.32793,96.622665,510.235,-240.20117,-134.21066,-0.08504973,0.031584445,-0.56883764,1.7407142,-0.86892897,-0.023696624,0.059956435,-0.10772768,-0.67745614,1.6128105,-0.73746943,0.06662326,4.4302564,2.098649,1.8226489,-2.1807919,2.9510825,-21.353706,-4.53985,0.8205303,-3.005252,4.768674,2.1181233,-17.343039
786,0.10436824,-0.06169512,-0.082853384,-0.106241144,-0.049550373,-0.99310505,1.0,0.0,0.0,-0.021281952,0.042844605,0.24753112,0.10475707,-0.0862357,-0.1590557,-0.021979565,-0.09910703,0.11162853,0.033230066,0.0024805665,-0.03581358,0.33109736,0.009427725,0.07588575,-0.23842521,-0.14968005,-0.3596783,-0.5695538,0.04754813,0.019738298,-0.023671776,-0.6181251,-0.29790953,-0.7193501,0.9460351,0.55066967,0.39388314,-0.3286385,1.3616174,1.1804028,-1.0198524,-0.7781848,-1.0835994,-0.085691184,1.1033471,-5.588389,-205.71977,-191.02443,-214.84436,-3.9181616,199.79915,-203.83333,186.96765,233.09021,-200.96596,-199.18106,91.32017,-0.021281952,0.042844605,-0.5524689,1.7047571,-0.8862357,-0.1590557,-0.021979565,-0.09910703,-0.6883715,1.6332301,-0.79751945,-0.03581358,6.6219473,0.1885545,1.517715,-4.768504,-2.9936008,-7.193566,-11.391075,0.9509626,0.39476594,-0.47343552,-12.362501,-5.9581904
787,0.16153298,-0.060987666,0.16234304,-0.10864476,-0.05461204,-0.99257946,1.0,0.0,0.0,0.0072299535,0.043995533,0.26731437,0.069447875,-0.16497779,-0.15726164,-0.09804703,-0.098410904,0.11597663,0.016754508,-0.054496586,-0.016358674,-0.012491366,0.000998185,0.115825646,-0.12661856,-0.42963895,0.3107817,-0.2247787,-0.032697633,0.024995206,-0.12997463,-0.11534351,0.42027578,-1.0503646,-1.0351979,-0.7736759,-0.9758423,0.7387672,0.5858191,1.0336027,0.9993321,0.7646977,0.7028957,0.23326442,-0.20028912,-199.64264,197.7825,195.2598,179.732,38.29738,200.03682,199.09334,-194.3552,-200.5444,-215.98378,47.32422,200.22198,0.0072299535,0.043995533,-0.53268564,1.6694479,-0.9649778,-0.15726164,-0.09804703,-0.098410904,-0.6840234,1.6167545,-0.8544966,-0.016358674,-0.24982731,0.0199637,2.3165128,-2.5323713,-8.592779,6.215634,-4.495574,-0.65395266,0.4999041,-2.5994925,-2.3068702,8.405516
788,0.027265478,-0.0370607,-0.008883649,-0.11063995,-0.057747785,-0.9921814,1.0,0.0,0.0,-0.040881317,0.031360112,0.2880085,0.031070113,-0.1733849,-0.019420376,-0.09252157,-0.09158169,0.12524527,0.002899766,-0.004966855,-0.008406166,-0.42931372,-0.11629263,0.09382114,-0.24608962,0.2755886,0.9990844,0.2341599,0.08844126,0.06423395,-0.019343736,0.49808165,-0.27151617,0.67480034,0.941168,0.39680824,0.6913063,-0.02449292,0.30397388,0.3503989,-0.89813626,-0.7295083,-0.84569496,-0.5843468,-0.508304,-203.45308,-197.43198,-220.54265,-229.77,200.51218,200.14642,200.45772,210.37695,186.93515,177.18718,82.26848,-199.65381,-0.040881317,0.031360112,-0.5119915,1.6310701,-0.9733849,-0.019420376,-0.09252157,-0.09158169,-0.67475474,1.6028998,-0.80496687,-0.008406166,-8.586274,-2.3258526,1.8764228,-4.9217925,5.5117717,19.981688,4.683198,1.7688252,1.2846789,-0.3868747,9.961633,-5.430323
789,0.089540735,-0.022196388,-0.4129294,-0.1109034,-0.061866842,-0.99190366,1.0,0.0,0.0,-0.0758642,0.015795188,0.29333127,0.015883684,-0.14022517,0.10917957,-0.006426309,-0.07931609,0.13313061,0.012728572,-0.01298362,-0.11719615,0.03285224,-0.056928325,-0.045122337,0.10507964,0.05945288,0.43651056,0.6174308,0.06222268,0.055442005,0.05470503,-0.4034722,-0.7810084,0.99251354,-1.0694742,-0.6343102,-0.24289191,-0.2528804,-0.44321582,-0.78121793,1.1239322,0.6905434,0.5612321,-1.0886563,0.5637844,245.46202,-70.2258,25.123184,371.32187,2.5095062,-75.86304,199.96678,-19.889343,-54.91945,-50.48581,-218.01187,-134.89886,-0.0758642,0.015795188,-0.50666875,1.6158837,-0.9402252,0.10917957,-0.006426309,-0.07931609,-0.6668694,1.6127286,-0.81298363,-0.11719615,0.65704477,-1.1385665,-0.9024467,2.1015928,1.1890576,8.730211,12.348616,1.2444535,1.1088401,1.0941006,-8.069444,-15.620169
790,0.07130992,-0.07479279,-0.65214133,-0.11148387,-0.06745383,-0.9914743,1.0,0.0,0.0,-0.03483596,0.010401297,0.2880069,0.03808713,-0.17561191,0.12377693,0.08386205,-0.062095225,0.1463862,0.042160273,-0.16545731,-0.1982938,0.34506214,-0.003020242,-0.013245383,0.11329975,-0.22201858,-0.22365835,0.3273117,0.098278455,0.07895117,0.22521727,-1.0525321,-0.10703262,-0.6408636,0.9329336,0.53969896,-0.21985501,0.13027292,-0.31590196,-0.64089644,-1.0559793,-0.6365982,-1.5302858,0.6261039,0.59199506,161.09814,-28.85498,71.14166,18.508774,14.151005,-193.46701,-179.13702,154.98889,305.58163,295.9635,-180.46858,195.09659,-0.03483596,0.010401297,-0.5119931,1.6380872,-0.9756119,0.12377693,0.08386205,-0.062095225,-0.6536138,1.6421603,-0.9654573,-0.1982938,6.9012427,-0.06040484,-0.26490766,2.265995,-4.4403715,-4.473167,6.5462337,1.965569,1.5790235,4.5043454,-21.050642,-2.1406524
791,-0.012334592,-0.06776283,0.2413782,-0.11378427,-0.06928971,-0.99108624,1.0,0.0,0.0,-0.00767374,0.023640698,0.29923618,0.036521554,-0.17531037,0.0070151137,0.09394699,-0.050871767,0.15544224,0.07322991,-0.29687113,-0.1438163,-0.036311354,0.10400857,0.10565348,-0.09448542,0.14926386,-0.80854523,-0.1808428,0.021278983,0.018028107,0.092486255,-0.33973297,0.5841458,-0.6681684,-1.1110362,-0.67739964,-0.5619556,1.0051277,1.2801478,-0.36804616,1.065357,0.7853049,-1.6970392,0.88570696,-0.051849544,-178.33206,176.68962,-106.46141,-89.06157,5.7457275,-50.077305,-200.26422,-205.5611,-189.55615,-214.2868,200.42842,200.04388,-0.00767374,0.023640698,-0.50076383,1.6365216,-0.9753104,0.0070151137,0.09394699,-0.050871767,-0.6445578,1.6732299,-1.0968711,-0.1438163,-0.72622705,2.0801713,2.1130695,-1.8897083,2.9852772,-16.170904,-3.6168559,0.42557964,0.36056212,1.849725,-6.794659,11.682916
792,-0.0052308445,-0.11751871,0.6071859,-0.11874314,-0.067177944,-0.9906498,1.0,0.0,0.0,-0.06432155,0.030847168,0.31098363,0.030185461,-0.13294667,-0.09732102,0.014301776,-0.042623673,0.17757761,0.05766797,-0.28986067,-0.08998587,-0.46887287,-0.018471327,0.026050774,0.03512238,0.2577912,-0.26255712,-0.5759277,0.055528898,0.18680084,-0.2166607,0.34183463,0.12301415,0.86731946,0.8914191,0.37003532,1.2719449,0.351541,2.1658916,0.7217313,-1.0740873,-0.6327746,-0.4315793,-0.14640248,-0.1605697,-124.780846,-183.34883,-37.38005,248.12836,23.039185,198.63162,-197.21747,139.26817,230.0402,-206.68483,201.10046,-39.11841,-0.06432155,0.030847168,-0.48901638,1.6301855,-0.9329467,-0.09732102,0.014301776,-0.042623673,-0.6224224,1.657668,-1.0898607,-0.08998587,-9.377458,-0.36942652,0.52101547,0.7024476,5.1558237,-5.251142,-11.518554,1.110578,3.7360168,-4.333214,6.836693,2.460283
793,0.038182598,-0.121620856,0.19588284,-0.123250976,-0.065812066,-0.99019086,1.0,0.0,0.0,-0.101471946,0.032247666,0.29782122,0.065901995,-0.047923207,-0.09510322,-0.059539996,-0.037795078,0.21262598,0.0073496103,-0.23037928,-0.103534825,0.041822236,0.041847635,-0.09377379,0.25619587,0.638293,0.27807555,-0.19459558,-0.0044369265,0.1362308,-0.18058917,0.2550198,-0.07358126,0.90941346,-1.1147339,-0.9711634,-0.589389,-0.41805202,-0.33031037,0.7648872,0.986416,0.8691639,0.9042122,0.06327399,0.96501756,198.94379,201.12927,196.26947,176.32416,199.87386,200.20822,190.59016,-189.96127,-248.85184,267.47504,-27.479334,26.802952,-0.101471946,0.032247666,-0.5021788,1.665902,-0.8479232,-0.09510322,-0.059539996,-0.037795078,-0.58737403,1.6073496,-1.0303793,-0.103534825,0.83644474,0.8369527,-1.8754758,5.1239176,12.765861,5.5615106,-3.8919115,-0.08873852,2.7246158,-3.6117833,5.100396,-1.4716252
794,-0.015314014,-0.18299545,-0.5554523,-0.1292762,-0.06728155,-0.9893235,1.0,0.0,0.0,-0.05281905,0.041575503,0.27787006,0.10634649,0.0053652525,-0.11305364,-0.035259057,-0.032917928,0.23402303,-0.003357768,-0.13631815,-0.041021004,0.4093642,0.04851423,-0.11379643,0.15882508,-0.036610063,-0.3789481,0.36926618,0.06589861,0.11492526,0.013404379,0.5070489,0.62664455,-0.1424773,0.5001306,0.13008103,-1.464632,-0.8703748,-0.01677009,-0.15575862,-0.95276713,-0.6971016,-0.8362245,-0.56905216,0.66963696,201.36205,-213.32047,-210.20248,-221.77348,-200.02747,-159.03984,195.58183,234.0435,185.24808,174.10973,-32.047832,200.90701,-0.05281905,0.041575503,-0.52212995,1.7063465,-0.79463476,-0.11305364,-0.035259057,-0.032917928,-0.565977,1.5966423,-0.93631816,-0.041021004,8.1872835,0.9702845,-2.2759285,3.1765015,-0.7322013,-7.578962,7.3853235,1.3179722,2.298505,0.26808757,10.140978,12.53289
795,-0.023387097,0.25851926,0.1230311,-0.12527783,-0.0674811,-0.9898242,1.0,0.0,0.0,-0.0088464925,0.052702032,0.24580598,0.122653484,-0.076346755,-0.11888666,-0.011665207,-0.035237886,0.23521352,-0.0017594099,-0.104893506,0.1478988,0.060034674,0.06102344,-0.17288338,0.008717992,-0.71388817,0.18606044,-0.053969275,-0.10155421,-0.09070783,0.09046061,-0.0891252,1.1093897,-0.34623256,-1.3624586,0.13213646,-1.5809958,1.0071318,0.74755055,-0.9396937,0.8532593,0.69928586,0.351354,-0.7284032,-0.34407112,-195.13252,176.64088,-93.3791,-225.80821,-200.23024,63.636375,-105.58377,-539.47394,17.34433,227.42435,-144.34554,47.235344,-0.0088464925,0.052702032,-0.55419403,1.7226535,-0.87634677,-0.11888666,-0.011665207,-0.035237886,-0.5647865,1.5982406,-0.9048935,0.1478988,1.2006935,1.2204688,-3.4576676,0.17435984,-14.277763,3.7212088,-1.0793855,-2.031084,-1.8141567,1.8092122,-1.782504,22.187794
796,-0.12843032,0.10073043,0.574076,-0.119788274,-0.062423237,-0.9908351,1.0,0.0,0.0,-0.047765456,0.052478302,0.22368252,0.10606778,-0.1420269,-0.0057212384,-0.06344892,-0.049666714,0.22079223,0.031969905,-0.19903415,0.28761956,-0.40238687,-0.0475894,-0.06648526,-0.15486798,-0.012509291,0.87707466,-0.43220684,-0.044234466,-0.056921642,0.22274153,-0.78568715,0.3736301,0.17450225,0.66559833,0.79468906,-1.1362851,0.1878761,0.33301523,0.64874536,-1.020938,-0.54575145,-1.6216812,0.15221843,-0.7024027,-207.49843,-162.33693,-104.17575,-218.50514,200.70757,200.93633,-197.56851,189.51736,201.75906,180.65912,-199.62799,-200.25917,-0.047765456,0.052478302,-0.5763175,1.7060678,-0.9420269,-0.0057212384,-0.06344892,-0.049666714,-0.5792078,1.6319699,-0.99903417,0.28761956,-8.047737,-0.95178795,-1.3297052,-3.0973594,-0.25018582,17.541492,-8.644136,-0.8846893,-1.1384329,4.4548306,-15.713742,7.472602
797,-0.1604215,0.09837881,0.18758869,-0.11663159,-0.055141408,-0.9916433,1.0,0.0,0.0,-0.07888887,0.05803992,0.22615099,0.044737935,-0.07490182,0.13289821,-0.1107042,-0.06005457,0.21102834,0.061451674,-0.2787612,0.2889073,0.03626376,0.07454327,0.06775069,-0.3576638,0.4358873,0.4847218,-0.076226294,-0.05598365,-0.039982453,0.08362908,-0.08220624,-0.29411936,0.895343,-1.0218054,-0.53992957,0.96140254,-0.5854832,-0.24214166,0.8330724,0.8194891,1.065324,-1.8247534,0.70850337,-0.29073027,236.52359,-265.70822,920.001,1127.3136,-341.6419,-295.94968,200.90561,-203.61436,-201.87048,-218.4137,200.02908,-200.25172,-0.07888887,0.05803992,-0.573849,1.644738,-0.87490183,0.13289821,-0.1107042,-0.06005457,-0.5889717,1.6614517,-1.0787612,0.2889073,0.7252752,1.4908653,1.3550138,-7.153276,8.717746,9.694436,-1.5245259,-1.119673,-0.79964906,1.6725816,-1.6441249,-5.882387
798,0.005224258,0.1138691,-0.6492199,-0.11173591,-0.053592525,-0.9922917,1.0,0.0,0.0,-0.029771896,0.06969077,0.22057283,0.028028727,-0.081884444,0.14926744,-0.06851906,-0.06318339,0.22539419,0.04741931,-0.2202937,0.15482283,0.43339515,0.042369682,-0.11762501,0.07731166,-0.36659664,-0.22014835,0.4456058,0.018727731,0.16374241,-0.19561999,0.5992006,-0.9580183,-0.6962752,0.8809678,0.7453852,0.44672582,-0.13337675,0.49195388,-0.12946984,-0.8916732,-0.57869995,-0.62550044,-0.22476098,0.48771158,201.91908,-210.86389,-185.82733,203.43243,-201.63141,-199.71294,196.45561,227.8412,197.38123,-224.78104,200.5022,-127.230385,-0.029771896,0.06969077,-0.5794272,1.6280288,-0.88188446,0.14926744,-0.06851906,-0.06318339,-0.5746058,1.6474193,-1.0202937,0.15482283,8.667903,0.84739363,-2.3525002,1.5462332,-7.3319325,-4.402967,8.912116,0.3745546,3.2748482,-3.9123995,11.984012,-19.160366
799,0.081651576,0.09875447,0.057578728,-0.10698813,-0.056572273,-0.99264956,1.0,0.0,0.0,0.009316979,0.07659298,0.20283002,0.055613756,-0.113477945,0.17781295,-0.036594953,-0.07464564,0.25349194,-0.004292488,-0.17327297,0.039602228,0.00096384494,0.031034097,-0.06258646,0.1864373,-0.07785804,0.44116306,-0.06946865,-0.12058772,0.12132849,-0.31020403,-0.02606918,-0.26386052,-0.8138634,-1.1640011,-0.50295645,-0.90848625,0.6262071,-0.14733487,-0.7048342,1.1573048,1.0720737,1.1782908,0.13228112,1.3882459,-200.47523,200.7679,202.63678,182.95909,31.951147,199.93048,-163.11911,-184.3864,-204.59119,-225.52818,-107.95953,200.30202,0.009316979,0.07659298,-0.59717,1.6556138,-0.91347796,0.17781295,-0.036594953,-0.07464564,-0.5465081,1.5957075,-0.973273,0.039602228,0.019276898,0.62068194,-1.2517291,3.728746,-1.5571607,8.823261,-1.389373,-2.4117544,2.4265697,-6.2040806,-0.5213836,-5.27721
800,0.0050984663,0.099268,0.52614456,-0.1034147,-0.056700047,-0.9930209,1.0,0.0,0.0,-0.040917315,0.07223653,0.19338489,0.079821944,-0.04832989,0.18653132,-0.08588792,-0.09182577,0.27107733,-0.052597284,-0.112659335,0.05996546,-0.4596335,-0.08259249,-0.032705393,0.082720675,0.6300139,-0.28056553,-0.35837826,-0.05661715,0.031207452,-0.13995636,0.43561617,0.35655794,0.5540654,0.85408527,0.58200365,-0.5293975,-0.3701786,-0.3904964,0.94467276,-0.86868536,-0.7871342,0.14345111,0.29513425,0.6025143,-168.71277,-590.70874,-200.61278,3.7169037,94.32552,-188.04846,61.55612,-7.3174286,-446.85446,504.53088,-205.49768,29.236526,-0.040917315,0.07223653,-0.6066151,1.679822,-0.8483299,0.18653132,-0.08588792,-0.09182577,-0.5289227,1.5474027,-0.91265935,0.05996546,-9.19267,-1.6518497,-0.6541078,1.6544135,12.600277,-5.6113105,-7.1675653,-1.1323429,0.624149,-2.799127,8.712323,7.1311584
801,-0.047564156,0.029334914,0.20921426,-0.10211201,-0.054298755,-0.9932898,1.0,0.0,0.0,-0.08642976,0.06495791,0.2027598,0.07368219,-0.012070954,0.056980453,-0.11315408,-0.10416589,0.24541199,-0.015667558,-0.037252963,0.17847084,-0.03317665,0.01916249,0.11812427,-0.14679961,-0.14056033,-0.94144565,0.03465156,-0.073556446,-0.22483635,0.3794632,0.43449908,0.8285307,0.7805781,-1.1024058,-0.44484538,0.7742023,-0.40065402,0.51875913,0.19737706,1.0444702,1.1274707,-1.0015274,-0.22446984,-0.77936876,200.14343,195.12132,196.8287,-222.47398,-200.17754,-151.73201,214.61194,-250.26662,-258.12375,212.51958,63.455338,156.62347,-0.08642976,0.06495791,-0.5972402,1.6736822,-0.81207097,0.056980453,-0.11315408,-0.10416589,-0.554588,1.5843325,-0.837253,0.17847084,-0.663533,0.3832498,2.3624854,-2.9359922,-2.8112066,-18.828913,0.69303113,-1.471129,-4.496727,7.589264,8.689981,16.570614
802,0.12697515,0.049446695,-0.5403421,-0.100005,-0.057069864,-0.99334884,1.0,0.0,0.0,-0.043618742,0.059242327,0.20302773,0.07368469,-0.110584795,-0.052650202,-0.049137264,-0.11168607,0.22682983,0.029886127,-0.026902795,0.26852417,0.41474533,-0.06880048,-0.09291855,0.11997396,-0.68340075,-0.22609566,0.5224061,-0.010177154,0.012134939,0.10621115,-0.2604238,0.14021675,-0.4435343,0.81022555,0.79580855,-1.376796,0.48152936,1.0333998,-0.1294109,-0.88839746,-0.81545126,-0.8094638,-1.1047585,-0.71916264,204.21085,-220.47202,-173.49359,192.63431,-14.910399,199.4182,75.299965,208.89304,221.18774,-205.24663,-199.5127,-200.00677,-0.043618742,0.059242327,-0.5969723,1.6736847,-0.9105848,-0.052650202,-0.049137264,-0.11168607,-0.5731702,1.6298862,-0.8269028,0.26852417,8.294907,-1.3760096,-1.858371,2.3994792,-13.668015,-4.521913,10.448122,-0.20354308,0.24269879,2.124223,-5.208476,2.8043349
803,0.07751152,0.061338305,0.19405285,-0.09744333,-0.06158617,-0.9933337,1.0,0.0,0.0,-0.006454512,0.048614997,0.20795655,0.06543708,-0.1719439,-0.024297822,-0.006782615,-0.123023815,0.22287321,0.03828001,-0.1533013,0.22050866,-0.0016146224,-0.03857131,0.11888572,-0.17311019,0.00088518177,0.44302154,-0.042656146,-0.09629497,-0.047035336,-0.014437298,-0.9352706,-0.5514028,-0.90787053,-1.1504397,-0.46846974,-1.3631797,0.7846463,-0.015334781,-0.60235846,1.2132665,1.0048476,0.19570564,0.6254088,-0.18753186,-200.26071,202.02649,199.01718,-218.1381,199.96663,200.04695,-200.5489,-199.49431,-196.0563,-220.96237,-199.77164,-200.3002,-0.006454512,0.048614997,-0.59204346,1.6654371,-0.9719439,-0.024297822,-0.006782615,-0.123023815,-0.5771268,1.63828,-0.9533013,0.22050866,-0.032292448,-0.7714262,2.3777144,-3.4622037,0.017703636,8.860431,-0.8531229,-1.9258994,-0.94070673,-0.28874597,-18.705412,-11.028056
804,-0.0019330311,0.05629552,0.59569275,-0.09610157,-0.061346106,-0.9934794,1.0,0.0,0.0,-0.05885764,0.032264132,0.23252922,0.017419577,-0.09422189,0.001627028,-0.05323425,-0.13556632,0.20904821,0.046411753,-0.26598305,0.07294075,-0.47587943,-0.11916871,0.1255968,-0.29586315,0.70601916,-0.011993828,-0.3840483,-0.036906075,-0.08764588,0.086191535,-0.25928494,-0.70286715,0.82025653,0.8871779,0.56991976,0.8407767,-0.26068875,-0.12016183,0.7534015,-1.0512654,-0.8436904,-1.0243467,0.30842912,0.46568814,-203.81981,-196.78914,-232.4783,-235.00043,199.56158,-32.524456,-199.98409,215.91925,186.58128,175.91086,199.68285,83.2834,-0.05885764,0.032264132,-0.5674708,1.6174196,-0.8942219,0.001627028,-0.05323425,-0.13556632,-0.5909518,1.6464118,-1.065983,0.07294075,-9.517589,-2.3833742,2.5119362,-5.917263,14.120383,-0.23987657,-7.680966,-0.73812145,-1.7529175,1.7238307,-5.1856985,-14.057343
805,0.07355973,0.04407586,0.19012411,-0.0951816,-0.061473582,-0.9935601,1.0,0.0,0.0,-0.10169622,0.025693337,0.25223315,-0.014511585,-0.058158815,-0.03830417,-0.091475755,-0.15005407,0.19438922,0.050418377,-0.24048549,0.010931488,1.3575164e-05,0.01579021,0.08852224,-0.08158257,-0.17972982,-0.21750271,-0.033560585,-0.10292631,-0.063173585,-0.031995665,0.44403568,0.011166603,0.6698705,-1.1027707,-0.645649,-0.39320916,0.1983341,-0.03192952,0.4872589,1.0165113,0.850441,0.38315308,0.21896863,0.49874154,200.34264,196.13608,196.08678,182.36043,-200.10698,23.163267,199.22624,-193.8291,-202.33954,-219.00294,200.0207,200.12125,-0.10169622,0.025693337,-0.54776686,1.5854884,-0.8581588,-0.03830417,-0.091475755,-0.15005407,-0.6056108,1.6504184,-1.0404855,0.010931488,0.0002715033,0.31580418,1.7704448,-1.6316513,-3.5945964,-4.3500543,-0.67121166,-2.058526,-1.2634716,-0.63991326,8.880713,0.22333206
806,0.032366566,0.011787115,-0.4568557,-0.09376008,-0.06424753,-0.99351966,1.0,0.0,0.0,-0.05896439,0.029182352,0.2578922,-0.012736917,-0.070970535,-0.05751569,-0.032677967,-0.1509027,0.18830317,0.06647861,-0.11047834,0.08936518,0.39074033,0.027085314,-0.01879215,0.07558272,0.04389532,-0.026480326,0.55705136,0.06974241,0.0017442143,0.15776046,0.7676732,0.70477253,-0.31083575,0.8787075,0.6441777,1.0145354,0.4501999,0.73357433,-0.39395386,-1.0260985,-0.8675587,-1.123308,-0.34262,-0.3879101,177.73718,-60.59224,-54.226547,136.80103,70.0683,35.940865,197.92264,223.957,177.90683,169.28188,25.950912,201.0124,-0.05896439,0.029182352,-0.5421078,1.5872631,-0.87097055,-0.05751569,-0.032677967,-0.1509027,-0.61169684,1.6664786,-0.91047835,0.08936518,7.8148065,0.54170626,-0.37584302,1.5116544,0.8779064,-0.5296065,11.141027,1.3948482,0.034884285,3.155209,15.353464,14.09545
807,0.050282344,-0.040472202,0.2684013,-0.09432569,-0.066169135,-0.99334,1.0,0.0,0.0,-0.021405185,0.027149143,0.2428835,0.026521325,-0.03845644,-0.013471364,0.015878405,-0.14794488,0.1805247,0.085466504,-0.031107724,0.15421697,0.02179088,-0.043082695,-0.120319836,0.29250586,0.25943992,0.41951576,-0.012892065,-0.031985883,-0.0716693,0.04534621,0.09363445,0.012601562,-0.597573,-1.2249693,-0.7055736,-1.1695238,-0.057490632,0.38671207,-0.61041343,1.0841124,0.9306152,-0.7799303,-0.87989557,-0.7104424,-148.75659,-92.21246,-172.12094,158.1528,60.828903,127.54211,-199.92683,-202.15994,-199.28146,-215.77048,-200.05972,-200.10728,-0.021405185,0.027149143,-0.5571165,1.6265213,-0.83845645,-0.013471364,0.015878405,-0.14794488,-0.6194753,1.6854665,-0.83110774,0.15421697,0.4358176,-0.8616539,-2.4063966,5.850117,5.188798,8.390315,-0.2578413,-0.63971764,-1.4333861,0.9069242,1.872689,0.25203124
808,0.12132445,-0.027793074,0.61384475,-0.096839145,-0.06792514,-0.9929795,1.0,0.0,0.0,-0.06784572,0.0028425632,0.22169244,0.0714308,-0.033058643,0.120716624,-0.025921587,-0.15078613,0.18134975,0.06334841,-0.0886485,0.07840257,-0.44362935,-0.18347386,-0.09959381,0.16873036,-0.043894112,0.69405836,-0.3703282,0.00034182926,0.067092,-0.24012981,-0.5998833,-0.6996562,0.5717863,0.9167737,0.45138508,-1.1312171,-0.6960442,-0.46480647,0.7095868,-1.0566423,-0.7934836,0.10549696,0.065318815,0.073649794,-197.89516,-206.89363,-248.18225,-241.97058,-15.07153,-61.07616,-201.77779,206.6471,200.51076,-222.16599,-200.08528,-199.72597,-0.06784572,0.0028425632,-0.57830757,1.6714308,-0.83305866,0.120716624,-0.025921587,-0.15078613,-0.61865026,1.6633484,-0.8886485,0.07840257,-8.872587,-3.669477,-1.9918762,3.3746073,-0.87788224,13.881166,-7.4065638,0.0068365852,1.34184,-4.802596,-11.997666,-13.993123
809,-0.053312454,-0.021749398,0.30443686,-0.09908596,-0.067094855,-0.9928143,1.0,0.0,0.0,-0.10626039,-0.013730177,0.21951622,0.077379346,-0.11811578,0.18399279,-0.060868546,-0.15052316,0.18087941,0.043750167,-0.13209093,0.016807124,0.014474488,-0.0015193505,0.064856924,-0.08388045,-0.73791337,0.0075089657,-0.01372256,0.000958131,-0.05540849,0.008922158,0.09634813,6.739002e-05,0.63983166,-0.99813384,-0.7044694,-0.6041836,0.4195013,-1.1243793,0.8728783,1.0462382,0.74969065,-0.6105399,0.3015615,0.37631515,200.21396,198.59929,199.05904,-218.48698,-200.05519,-200.21222,199.66162,-198.31804,-198.35297,113.3828,200.0246,156.11308,-0.10626039,-0.013730177,-0.5804838,1.6773794,-0.9181158,0.18399279,-0.060868546,-0.15052316,-0.6191206,1.6437502,-0.93209094,0.016807124,0.28948975,-0.030387009,1.2971385,-1.677609,-14.758267,0.15017931,-0.2744512,0.01916262,-1.1081698,0.17844315,1.9269625,0.0013478004
810,0.031089388,5.51939e-05,-0.44776863,-0.09919478,-0.06724615,-0.9927933,1.0,0.0,0.0,-0.06017134,-0.018526062,0.2272501,0.046185017,-0.18811405,0.111788176,-0.002549363,-0.1433769,0.19694656,0.012366414,-0.038583696,0.091258995,0.4080859,-0.043238677,0.019557998,-0.21546471,-0.032456204,-0.66273975,0.54132473,0.06614396,0.19124843,-0.2941671,0.734647,0.62471056,-0.19266185,0.8478124,0.4786483,1.3313491,0.26865342,0.5080902,-0.66235125,-0.9867848,-0.62041163,0.7820836,-0.34860972,-0.045481354,202.63463,-215.63335,-167.76503,-207.9103,201.15506,-200.53983,202.9628,217.81581,180.20149,-229.99527,93.13384,69.61031,-0.06017134,-0.018526062,-0.5727499,1.646185,-0.98811406,0.111788176,-0.002549363,-0.1433769,-0.60305345,1.6123664,-0.8385837,0.091258995,8.161718,-0.8647735,0.39115995,-4.309294,-0.6491241,-13.254795,10.826494,1.3228792,3.8249686,-5.883342,14.692939,12.494211
811,-0.050396997,-0.024334408,0.30764738,-0.099619426,-0.06673595,-0.9927851,1.0,0.0,0.0,-0.021934135,-0.022811653,0.23480642,0.016121387,-0.12018329,0.053043656,0.04445402,-0.13665374,0.20786017,-0.011636376,0.03184825,0.13973421,0.013459428,-0.0036482743,0.05012256,-0.0963782,0.6436197,0.008434941,-0.0187591,0.010795946,-0.0550663,0.04076573,0.027404878,-0.07007334,-0.6181467,-1.2592744,-0.7633096,-1.0466214,0.3424954,0.7619711,-0.6595532,1.0493422,0.8541814,0.06110932,-1.0118302,-0.914786,-200.27742,201.2278,201.9917,184.09264,200.07426,200.0565,-225.7772,-119.816,-93.62342,296.15933,-209.78839,-197.4096,-0.021934135,-0.022811653,-0.5651936,1.6161214,-0.9201833,0.053043656,0.04445402,-0.13665374,-0.59213984,1.5883636,-0.76815176,0.13973421,0.26918855,-0.07296549,1.0024512,-1.9275639,12.872395,0.16869882,-0.37518197,0.21591891,-1.101326,0.8153146,0.54809755,-1.4014667
812,-0.116106555,-0.10192628,0.689785,-0.10330856,-0.061429653,-0.9927505,1.0,0.0,0.0,-0.07049108,-0.030708075,0.23091018,0.019692898,0.0018037558,0.10973426,0.00066127063,-0.1279892,0.20129335,-0.004041314,-0.039933324,0.047078725,-0.44935504,-0.056549545,-0.110881045,0.19962624,0.41953716,0.45799112,-0.38436288,0.07272531,-0.007726458,0.02982222,-0.67486924,-0.7848764,0.817711,0.90932757,0.46278366,0.96221095,-1.547011,-0.11565034,0.72753525,-1.0296395,-0.5840421,-0.7437361,0.19391477,0.3698509,-206.63506,-47.419907,-257.44028,271.81638,-60.55995,129.73447,-202.8771,203.12306,220.50047,89.93287,-199.76422,-199.8294,-0.07049108,-0.030708075,-0.56908983,1.6196929,-0.79819626,0.10973426,0.00066127063,-0.1279892,-0.59870666,1.5959587,-0.83993334,0.047078725,-8.987101,-1.1309909,-2.2176208,3.9925246,8.390743,9.159822,-7.6872573,1.4545062,-0.15452915,0.59644437,-13.497384,-15.697528
813,-0.06260214,-0.067596294,0.3070824,-0.107727535,-0.05595229,-0.9926046,1.0,0.0,0.0,-0.10767422,-0.029586546,0.2094903,0.0727334,0.008050799,0.12514,-0.036081985,-0.120019354,0.2019403,-0.010941148,-0.097320676,-0.03125319,0.02791893,0.05714516,-0.10288494,0.31824765,-0.2867643,-0.23451097,-0.018429507,0.012852201,0.010770361,-0.086169474,0.03039026,-0.07025991,0.5770419,-1.0780035,-0.85824966,-0.6968479,0.027390748,-0.94307023,0.69993496,0.8989184,0.7536324,-0.5771436,0.33924976,0.6957716,198.6624,203.63382,203.54468,180.30351,-199.99641,-200.0014,199.58849,-198.80412,-196.48198,-213.44792,200.05974,200.03052,-0.10767422,-0.029586546,-0.5905097,1.6727334,-0.7919492,0.12514,-0.036081985,-0.120019354,-0.5980597,1.5890589,-0.8973207,-0.03125319,0.5583786,1.1429032,-2.0576987,6.3649526,-5.7352858,-4.6902194,-0.36859012,0.25704402,0.21540721,-1.7233895,0.6078052,-1.4051981
814,0.043146513,-0.072995044,-0.478452,-0.1099686,-0.056006797,-0.9923558,1.0,0.0,0.0,-0.05963016,-0.023318496,0.18441099,0.12161243,0.0022101998,0.004541969,0.02048438,-0.11303997,0.22882539,-0.058787704,-0.024637222,0.03190876,0.41554618,0.0036420894,-0.13836448,0.18023425,0.055882104,-0.9046499,0.51218957,0.0032145742,0.19196498,-0.27812564,0.4272221,0.657548,-0.01921215,0.75291055,0.33727118,-1.0563536,-0.096622586,0.48390207,-0.6025238,-1.0459378,-0.7691077,0.7425786,-0.8084554,0.30672798,201.35655,-221.4687,-197.9338,-221.36887,8.134317,-200.32901,250.58429,-804.4457,-81.648056,294.71683,-194.16583,233.71838,-0.05963016,-0.023318496,-0.615589,1.7216125,-0.7977898,0.004541969,0.02048438,-0.11303997,-0.5711746,1.5412123,-0.82463723,0.03190876,8.310924,0.072841786,-2.7672894,3.604685,1.117642,-18.092999,10.243791,0.064291485,3.8392997,-5.562513,8.544442,13.15096
815,-0.12815967,-0.06974517,0.27611914,-0.112654075,-0.054408666,-0.9921435,1.0,0.0,0.0,-0.016007854,-0.014907364,0.17895699,0.12902486,-0.0261994,-0.10254545,0.05993705,-0.11746876,0.2419079,-0.066277385,-0.031528413,0.14137071,0.09535522,0.08220084,0.060042668,-0.07861869,-0.17905723,-0.23246956,-0.053725686,-0.038785886,-0.03985028,0.1152726,-0.363638,0.4524865,-0.65013766,-1.2495698,-0.71163917,-1.487143,0.16004995,0.8432309,-1.0013855,0.96741056,0.80990577,-0.19321105,-1.061684,-1.0699823,-97.35605,199.63129,191.28783,-219.78859,10.247738,199.99239,-200.19232,-200.14719,-197.18837,184.74075,-200.01372,-61.83381,-0.016007854,-0.014907364,-0.621043,1.7290249,-0.8261994,-0.10254545,0.05993705,-0.11746876,-0.5580921,1.5337226,-0.8315284,0.14137071,1.9071044,1.6440167,1.2008533,-1.5723737,-3.5811446,-4.649391,-1.0745137,-0.77571774,-0.7970056,2.3054519,-7.27276,9.049729
816,-0.025910754,-0.12149343,0.5537457,-0.1172679,-0.049527433,-0.99186456,1.0,0.0,0.0,-0.046381366,-0.01605618,0.19124103,0.097990274,0.008240759,-0.07320384,0.007933812,-0.12542437,0.24840611,-0.057245135,-0.16909784,0.14388753,-0.35488984,-0.078302756,0.067516916,-0.21777971,0.35073695,0.4569573,-0.4237495,-0.044864506,0.08327521,0.014270748,-0.9465526,-0.36293882,0.65300256,0.88565934,0.34772855,0.3921743,-0.42951673,0.6693424,0.8442795,-0.9643196,-0.61174095,-0.28606594,0.5269517,-0.35731378,-201.65657,-196.19763,-202.17953,-219.93817,18.463617,200.11685,-197.33505,114.120605,293.2975,47.397476,-172.17548,-233.93765,-0.046381366,-0.01605618,-0.608759,1.6979903,-0.79175925,-0.07320384,0.007933812,-0.12542437,-0.5515939,1.5427549,-0.96909785,0.14388753,-7.097797,-1.566055,1.3503382,-4.355594,7.0147386,9.139146,-8.47499,-0.8972901,1.6655041,0.28541496,-18.931051,-7.258776
817,0.062673315,-0.18279423,0.00067069946,-0.12371586,-0.049135845,-0.99110043,1.0,0.0,0.0,-0.061834577,-0.02301404,0.20793009,0.06687343,0.0007491708,0.09461796,-0.04871822,-0.13302034,0.2614094,-0.04940498,-0.27681762,0.010568296,0.15373255,0.0004388331,0.098901175,-0.1056329,-0.35526103,1.1513932,-0.18487613,-0.020216757,0.043876853,0.087827526,-0.19576114,-0.7924833,0.55774415,-0.9765163,-0.4657858,-1.3100393,-0.20004836,-1.0062944,0.71800065,0.93277013,0.21623287,0.5025316,0.7169855,0.043688238,199.41287,205.06592,190.66722,176.22916,-200.29578,199.97406,92.8731,128.05748,-192.61562,0.14915466,211.24962,-1.1349792,-0.061834577,-0.02301404,-0.5920699,1.6668735,-0.79925084,0.09461796,-0.04871822,-0.13302034,-0.5385906,1.550595,-1.0768176,0.010568296,3.074651,0.008776662,1.9780234,-2.112658,-7.1052203,23.027863,-3.6975226,-0.40433514,0.877537,1.7565506,-3.915223,-15.849667
818,-0.019518513,0.20417856,-0.5869258,-0.12119996,-0.051453426,-0.99129367,1.0,0.0,0.0,0.010619641,-0.021999616,0.21121037,0.03434837,-0.07529795,0.2513256,-0.029600477,-0.123613976,0.2507459,-0.0066074133,-0.23988038,-0.07170842,0.53599447,0.004590208,-0.042659126,-0.21008752,-0.33359104,0.48251867,0.32960075,0.10482416,-0.11300992,0.30635068,0.49491125,-0.09906,-0.87578046,0.8356479,0.22823417,-0.29037786,-0.51065844,-0.9793995,0.15137297,-0.9286978,-0.07487549,-1.423049,-0.40244606,0.7333954,208.71889,-257.09146,-186.48549,-216.3131,39.243103,-201.6704,196.71538,215.85786,6.2140856,173.52626,200.10852,200.60048,0.010619641,-0.021999616,-0.58878964,1.6343484,-0.87529796,0.2513256,-0.029600477,-0.123613976,-0.5492541,1.5933926,-1.0398804,-0.07170842,10.719889,0.09180416,-0.8531825,-4.2017503,-6.6718206,9.650373,6.592015,2.0964832,-2.2601984,6.1270137,9.898225,-1.9812
819,-0.036090635,0.33977556,-0.20812616,-0.10880164,-0.052139256,-0.9926951,1.0,0.0,0.0,0.068125635,-0.017056692,0.20882195,-0.0033243895,-0.19427085,0.26204216,0.0320314,-0.10986358,0.2234276,0.039699078,-0.21521026,-0.0138359675,0.06492851,0.046105158,-0.006077697,-0.05753235,-0.68028504,-0.33157584,0.26871747,0.033491626,-0.15110888,0.16971461,-0.18063326,0.60658115,-0.9255674,-1.0521747,0.07564017,0.529635,-0.1316767,-0.22680709,-0.5740663,1.0935222,1.0519443,-1.181569,-0.2837842,-0.13650572,-219.08385,199.18347,303.98175,362.9019,-4.568287,-239.14958,9.337524,-222.36826,-212.51425,-223.54193,-200.27904,199.599,0.068125635,-0.017056692,-0.59117806,1.5966756,-0.99427086,0.26204216,0.0320314,-0.10986358,-0.5765724,1.6396991,-1.0152103,-0.0138359675,1.2985702,0.9221031,-0.12155394,-1.150647,-13.6057005,-6.631517,5.374349,0.6698325,-3.0221775,3.394292,-3.6126652,12.131622
820,0.13106927,0.28052768,0.080047406,-0.09589312,-0.0545396,-0.99389637,1.0,0.0,0.0,0.02771128,-0.022131527,0.19028687,0.0147264,-0.25317627,0.12549222,0.04656258,-0.10420118,0.20878762,0.043362975,-0.24407393,0.02879135,-0.4173422,-0.08445393,-0.14958355,0.20122555,0.018590955,-0.8556177,-0.0901922,0.025571305,-0.0014368291,-0.105191566,-0.11449815,-0.10854744,0.5333906,0.89324677,1.0778679,-1.2425362,0.621444,0.07500172,-0.5418965,-1.1763798,-0.26874515,-0.81855553,0.0771715,-0.39424536,-200.74693,-174.18268,-140.62907,166.0144,199.2671,8.816073,-200.05643,201.87056,200.87593,-215.65019,20.327415,-199.98122,0.02771128,-0.022131527,-0.60971314,1.6147264,-1.0531763,0.12549222,0.04656258,-0.10420118,-0.5912124,1.643363,-1.0440739,0.02879135,-8.346844,-1.6890786,-2.9916708,4.024511,0.37181908,-17.112354,-1.803844,0.5114261,-0.028736582,-2.1038313,-2.289963,-2.1709487
821,0.09371866,0.29959884,0.27517098,-0.08474459,-0.058214683,-0.9947007,1.0,0.0,0.0,-0.0072613247,-0.027763197,0.1801055,0.021562934,-0.17454952,0.030951533,-0.027994052,-0.10808796,0.20111263,0.006448269,-0.19056529,-0.06734566,0.023251284,0.015488798,0.031768925,-0.10120437,0.70003694,-0.15963928,-0.60379475,-0.052442767,-0.067997664,-0.25082865,0.549686,-0.7306274,0.61623186,-1.1680797,0.0032943506,-0.35190842,-0.22356069,1.274696,0.3418419,1.0226666,1.0211817,1.0520499,0.2748165,-0.11093709,200.00072,199.61168,197.53543,-218.84032,200.00394,199.99297,-208.75046,-123.196884,-213.9769,-226.48001,107.291466,-61.769207,-0.0072613247,-0.027763197,-0.6198945,1.621563,-0.97454953,0.030951533,-0.027994052,-0.10808796,-0.5988874,1.6064483,-0.9905653,-0.06734566,0.46502566,0.30977595,0.6353785,-2.0240874,14.000738,-3.1927855,-12.075895,-1.0488553,-1.3599533,-5.016573,10.99372,-14.612548
822,-0.002556246,0.33980122,-0.4108828,-0.07185208,-0.060308304,-0.9955903,1.0,0.0,0.0,0.045476988,-0.027611388,0.18348384,-0.010596395,-0.10877049,0.07771765,-0.0881897,-0.10500501,0.19414073,-0.031550407,-0.032332122,-0.13767077,0.46161515,-0.011009436,0.0036797498,-0.21011178,0.02526973,0.5557792,-0.053120296,0.06775173,-0.0060540796,-0.13799395,0.80005294,-0.060162313,-1.0579169,1.0184785,1.0557942,0.83307415,0.21658364,-0.09568828,1.4567139,-1.0523887,-0.520733,-0.012859449,-0.97337747,0.6793895,204.0294,-236.44658,-189.86992,-213.07782,-199.83452,199.16776,198.57956,204.40906,212.99582,186.34314,-69.72682,140.07791,0.045476988,-0.027611388,-0.6165162,1.5894036,-0.9087705,0.07771765,-0.0881897,-0.10500501,-0.6058593,1.5684496,-0.83233213,-0.13767077,9.232303,-0.22018872,0.073594995,-4.2022357,0.5053946,11.115584,-1.062406,1.3550345,-0.12108159,-2.7598789,16.001059,-1.2032462
823,-0.004239825,0.22520673,-0.19522505,-0.060316734,-0.0608732,-0.9963213,1.0,0.0,0.0,0.09559824,-0.024436388,0.17207104,-0.018823862,-0.073759496,0.09563199,-0.064238675,-0.104435556,0.18168867,-0.029100418,0.028952539,-0.07260431,0.09004157,0.04197541,-0.11600866,0.084500276,0.24941431,-0.28732583,0.26976523,-0.028498119,-0.080023184,0.07274153,-0.016009806,0.64567053,-0.8410289,-1.1524434,-0.015158055,-0.18664785,0.11969784,-0.058295604,-0.7390127,1.0370294,0.9837434,0.30946136,-0.29322085,-0.2997395,-163.87317,251.10382,-175.97818,136.64774,70.4998,-220.82362,200.38483,-215.80922,-195.85101,-34.854046,-200.09515,199.78424,0.09559824,-0.024436388,-0.627929,1.5811762,-0.8737595,0.09563199,-0.064238675,-0.104435556,-0.61831135,1.5708996,-0.7710475,-0.07260431,1.8008314,0.8395082,-2.3201733,1.6900055,4.988286,-5.746516,5.395304,-0.5699624,-1.6004636,1.4548305,-0.3201961,12.91341
824,-0.10041916,0.24053583,0.16539201,-0.050768755,-0.058471978,-0.99699724,1.0,0.0,0.0,0.064631134,-0.0138441,0.14014238,0.005956292,-0.019408941,0.033930242,-0.05238642,-0.10176537,0.16286647,-0.003117919,-0.04670912,-0.022065198,-0.35512796,0.05810061,-0.17829143,0.13681233,0.2667147,-0.2668384,-0.113770105,0.04755484,-0.104053915,0.17627898,-0.57806414,-0.06890318,0.42647684,0.9105214,1.0357596,0.31964898,-0.42734805,0.87565714,-0.19785672,-1.1124898,-0.40087023,-1.643543,-0.14919251,-0.43529314,-203.78966,25.48021,-88.26895,-38.704514,-15.119644,41.950584,-200.8501,206.4344,206.14311,185.21942,-18.699612,-199.84218,0.064631134,-0.0138441,-0.65985763,1.6059563,-0.81940895,0.033930242,-0.05238642,-0.10176537,-0.63713354,1.5968821,-0.84670913,-0.022065198,-7.102559,1.1620122,-3.5658286,2.7362466,5.334294,-5.336768,-2.275402,0.9510968,-2.0810783,3.5255795,-11.561282,-1.3780636
825,-0.00609818,0.19784588,0.12265456,-0.042480677,-0.056253105,-0.99751246,1.0,0.0,0.0,0.040755708,0.002038749,0.10922551,0.047786236,-0.04515177,0.054849982,-0.10198458,-0.10144582,0.13923109,0.018584728,-0.10280907,-0.110216014,0.07704051,0.09745713,-0.13846554,0.2625179,-0.44806123,0.4139628,-0.2780342,-0.031693064,-0.12155216,0.05506117,-0.14577854,-0.70233583,0.43536296,-1.0768528,0.15049815,-1.3592315,-0.022046804,0.15945229,0.54982615,0.8924857,0.974509,-1.706545,0.6599111,0.56039155,199.02731,209.09868,197.37703,176.4651,-200.14223,200.13493,40.31824,-174.10617,-210.2962,-221.9788,39.646835,-87.75538,0.040755708,0.002038749,-0.6907745,1.6477863,-0.8451518,0.054849982,-0.10198458,-0.10144582,-0.6607689,1.6185848,-0.9028091,-0.110216014,1.5408101,1.9491426,-2.7693107,5.250358,-8.961225,8.279256,-5.560684,-0.63386124,-2.4310431,1.1012233,-2.9155707,-14.046717
826,-0.015434054,-0.15836959,-0.43047246,-0.042891473,-0.056053136,-0.997506,1.0,0.0,0.0,0.1032032,0.017785061,0.10720712,0.069928885,-0.066892266,0.10464656,-0.101746105,-0.10123227,0.15231836,-0.003161788,-0.05642605,-0.17488663,0.50641435,0.06297923,0.07021395,-0.0010965926,0.070784755,0.17102024,0.23159368,0.027739942,0.20811978,-0.2432607,0.5411433,-0.013502558,-1.0822521,0.8710583,0.2438169,-0.919043,0.33329752,-0.78852403,0.972763,-1.011377,-0.55307937,-0.24977255,0.2788934,1.101117,197.64386,-169.44075,12.30389,-225.98344,41.7721,-40.316265,200.34897,212.62933,194.48943,-221.23767,199.90843,200.40749,0.1032032,0.017785061,-0.6927929,1.6699289,-0.8668923,0.10464656,-0.101746105,-0.10123227,-0.64768165,1.5968382,-0.85642606,-0.17488663,10.128287,1.2595845,1.404279,-0.021931851,1.4156951,3.4204047,4.6318736,0.55479884,4.1623955,-4.865214,10.8228655,-0.27005115
827,0.052748118,-0.10207908,-0.27587834,-0.048015147,-0.057827625,-0.9971713,1.0,0.0,0.0,0.15844192,0.035419926,0.13766664,0.039062142,0.019043982,0.05935404,-0.02020757,-0.1112546,0.17685908,-0.025307536,0.030992627,-0.08264983,0.09413341,0.10489299,0.17527063,-0.23469047,0.5796575,-0.58422965,0.5535151,-0.10389604,0.05387826,-0.02158483,0.4061174,0.8499369,-0.94945145,-1.1399964,-0.71922565,1.0569522,0.078902185,0.888568,-0.9802767,1.0435442,0.9040749,1.571659,0.12239026,-0.17888802,-181.68213,85.155304,-392.68567,103.846985,-262.64395,-315.50702,196.55832,-309.3576,-188.66965,29.490265,33.6093,228.86053,0.15844192,0.035419926,-0.66233337,1.6390622,-0.78095603,0.05935404,-0.02020757,-0.1112546,-0.62314093,1.5746925,-0.7690074,-0.08264983,1.8826681,2.0978599,3.5054126,-4.6938095,11.59315,-11.684593,11.070301,-2.0779207,1.0775652,-0.43169656,8.122348,16.998737
828,0.0792604,-0.10784224,0.0766786,-0.051913865,-0.060490105,-0.99681777,1.0,0.0,0.0,0.13046978,0.042391796,0.15230268,0.030225277,0.060316145,0.0098758545,0.04902228,-0.12511635,0.1825316,-0.013819456,0.07128012,0.012374858,-0.32765877,-0.01889103,0.0016835952,0.09790965,0.062898606,0.045733746,0.18051916,-0.03753769,-0.00093633746,0.122949995,0.10964648,0.17522576,0.94399977,0.5237393,0.36479443,-1.3927851,-0.07485273,1.3254064,-0.91639274,-0.53944135,-1.0730493,-0.44180065,-1.0286334,-0.79216516,-163.01566,-305.79388,-125.56416,283.79034,-41.751484,171.38022,-173.38618,435.01736,2.9885406,97.94625,-41.26062,-179.02211,0.13046978,0.042391796,-0.6476973,1.6302253,-0.73968387,0.0098758545,0.04902228,-0.12511635,-0.6174684,1.5861806,-0.7287199,0.012374858,-6.5531754,-0.3778206,0.033671904,1.958193,1.2579721,0.9146749,3.6103833,-0.7507538,-0.01872675,2.4589999,2.1929295,3.5045152
829,0.014159598,-0.1074476,0.13741615,-0.056485265,-0.06219641,-0.99646425,1.0,0.0,0.0,0.101125844,0.03379107,0.16796428,0.031683564,0.01174587,0.07713447,0.028527254,-0.1268055,0.18268234,-0.0011415482,0.028045595,-0.011945522,-0.009555752,-0.0605778,0.123273395,-0.042715605,-0.35092726,0.57300705,-0.34049556,0.019166144,0.016038202,0.005895747,-0.44522795,-0.35344854,0.09004075,-1.1548023,-0.61424565,-0.0543201,0.54473996,-0.1409751,0.14876272,0.9900454,0.7745811,0.5326492,0.15073445,0.53787255,166.03702,-229.62317,163.74481,19.921234,-15.422035,139.6882,-293.3476,235.03032,141.64195,-70.45392,-136.48123,-138.10153,0.101125844,0.03379107,-0.63203573,1.6316836,-0.78825414,0.07713447,0.028527254,-0.1268055,-0.6173177,1.5988585,-0.7719544,-0.011945522,-0.19111504,-1.211556,2.465468,-0.85431206,-7.018545,11.46014,-6.809911,0.38332286,0.32076403,0.11791494,-8.904559,-7.0689707
830,-0.08090757,-0.08792283,-0.24898253,-0.060138572,-0.06093067,-0.9963286,1.0,0.0,0.0,0.09949915,0.030608566,0.18000889,0.03128159,-0.009274781,0.12105429,0.018551193,-0.11107991,0.19258946,0.011628747,0.012760639,-0.006083835,-0.0067675533,0.02560173,0.009490785,0.028641855,0.08363925,-0.06589553,0.17593281,0.12973914,0.075068444,0.10951012,0.20768212,0.3421156,-0.8813046,0.8643873,0.41378617,0.4592374,0.25258973,-0.043776017,1.0613,-1.0343529,-0.9250376,-1.471822,0.15549946,0.07424149,-31.336025,209.84262,-191.48383,-10.832733,113.900085,-177.41148,141.1583,221.332,190.85228,175.22664,137.21571,200.51904,0.09949915,0.030608566,-0.6199911,1.6312816,-0.8092748,0.12105429,0.018551193,-0.11107991,-0.60741055,1.6116288,-0.7872394,-0.006083835,-0.13535106,0.5120346,0.1898157,0.5728371,1.6727849,-1.3179106,3.518656,2.5947826,1.5013689,2.1902022,4.153642,6.842312
831,0.0043911315,-0.111106984,-0.07975494,-0.06399773,-0.05997476,-0.9961462,1.0,0.0,0.0,0.05680587,0.039690845,0.17881519,0.053665876,0.053602338,0.06562851,0.0865036,-0.08937781,0.20942432,0.020723939,0.06642711,0.03335089,-0.38749695,0.049279463,0.0038802938,0.1644528,0.46138307,-0.2968004,0.47520652,0.09178405,0.08709996,-0.0032338079,0.24674805,0.13177381,0.91793454,-1.1930996,-0.776507,-0.9247127,-0.19001204,0.6424646,-1.2195029,1.0056831,0.90479493,-0.7536013,-0.041047134,0.038838714,-195.29773,176.3939,229.10846,193.54263,18.17918,33.543377,197.57004,-159.12833,-237.81659,-230.36545,-34.845917,-33.444332,0.05680587,0.039690845,-0.6211848,1.6536659,-0.7463977,0.06562851,0.0865036,-0.08937781,-0.5905757,1.620724,-0.7335729,0.03335089,-7.749939,0.98558927,0.07760587,3.289056,9.227661,-5.936008,9.50413,1.8356811,1.7419993,-0.06467616,4.934961,2.635476
832,0.07442102,-0.11112747,-0.2936023,-0.06783717,-0.06214977,-0.9957588,1.0,0.0,0.0,0.02448412,0.04208977,0.17859411,0.07265067,0.07193595,0.08530464,0.14684832,-0.069023736,0.24500889,-0.012535572,0.05197227,0.038888566,0.021936448,-0.017818598,-0.0062396093,0.039013963,-0.2108633,0.42199823,0.16155264,0.10571249,0.25468615,-0.3037254,-0.2100203,-0.0034423606,1.251698,0.8197323,0.18662189,-0.33517355,-0.36883396,0.5661277,-1.4288421,-0.8967149,-0.5605831,1.2017348,0.5415644,0.86048913,200.27611,-203.36899,-199.93393,-215.54977,-200.08571,199.90753,-198.12177,206.91862,172.43687,-236.07274,-16.227766,0.8223936,0.02448412,0.04208977,-0.6214059,1.6726507,-0.72806406,0.08530464,0.14684832,-0.069023736,-0.5549911,1.5874645,-0.74802774,0.038888566,0.43872896,-0.35637194,-0.12479219,0.7802792,-4.217266,8.439964,3.2310526,2.1142497,5.093723,-6.0745077,-4.200406,-0.06884721
833,-0.06759879,0.1450051,-0.09069935,-0.065951824,-0.062110856,-0.9958879,1.0,0.0,0.0,0.075979486,0.053791605,0.17810464,0.058482528,-0.041267157,0.23335302,0.12777542,-0.06287487,0.25631887,-0.033491492,0.059222043,0.10011931,0.44748917,0.11545656,0.00022641882,-0.16520552,-0.76882285,0.8420852,-0.30113947,-0.04607843,-0.13160506,0.09967556,0.12627207,0.5100129,-0.7905611,-1.3206416,-0.33094653,1.0966287,0.36868572,-1.1951157,0.13363156,1.0277276,1.0263026,0.37256515,1.1253723,0.08818102,203.45613,163.73683,-31.50254,-245.9008,-22.795702,-47.29135,-152.46045,-342.6358,-458.6389,252.60844,62.269836,141.86116,0.075979486,0.053791605,-0.6218954,1.6584826,-0.84126717,0.23335302,0.12777542,-0.06287487,-0.54368114,1.5665085,-0.74077797,0.10011931,8.949783,2.3091311,0.0045283763,-3.3041103,-15.376457,16.841703,-6.0227895,-0.9215686,-2.632101,1.9935111,2.5254412,10.200258
834,0.03945538,0.09032769,-0.1686213,-0.061044842,-0.06224692,-0.9961922,1.0,0.0,0.0,0.119850524,0.062724225,0.16048509,0.056415915,-0.11859375,0.32446802,0.112454936,-0.06520703,0.22218996,0.009617925,0.12221235,0.12277381,0.028693987,-0.0086582415,-0.15695839,0.11807094,-0.07340523,0.1398085,0.037295524,0.004671899,-0.20830467,0.30877286,0.46753913,-0.0925458,-1.2488554,0.8575627,0.7797611,-1.0622145,0.31929383,-1.1859175,1.1337457,-0.896761,-0.7533994,-1.0724205,-1.1483178,-0.004538594,-199.75606,-208.07278,-203.61633,181.0256,199.89474,-200.34456,75.0423,40.988083,-84.449234,161.11649,93.98096,-53.74691,0.119850524,0.062724225,-0.6395149,1.6564159,-0.91859376,0.32446802,0.112454936,-0.06520703,-0.57781005,1.609618,-0.67778766,0.12277381,0.5738797,-0.17316483,-3.1391675,2.3614187,-1.4681045,2.79617,0.74591047,0.093437985,-4.1660933,6.175457,9.350782,-1.850916
835,-0.0076393983,0.13139987,0.00878318,-0.05646282,-0.063094236,-0.99640906,1.0,0.0,0.0,0.07927721,0.06786969,0.14984757,0.04847777,-0.057730496,0.27439997,0.15316373,-0.064467676,0.18178892,0.060083866,0.14100426,0.08060782,-0.39359114,0.056740988,0.032247957,-0.16942453,0.61348945,-0.5698951,0.3433188,-0.0046978556,-0.20008872,0.19961905,-0.20895687,-0.21327007,1.0579996,-1.20631,-0.23414284,-0.25125772,-0.33072758,0.65873724,-0.8184655,1.053337,0.9870266,-1.3970048,-0.3006006,0.49772924,-199.50517,210.73186,224.68121,-208.20483,200.351,-200.20583,203.90767,-246.50659,-202.32468,-221.1499,-199.97502,11.628047,0.07927721,0.06786969,-0.65015244,1.6484778,-0.8577305,0.27439997,0.15316373,-0.064467676,-0.6182111,1.6600839,-0.65899575,0.08060782,-7.8718224,1.1348197,0.6449591,-3.3884907,12.269789,-11.397902,6.8663754,-0.09395711,-4.0017743,3.992381,-4.179137,-4.2654014
836,0.052107446,0.13253327,-0.2250913,-0.050930385,-0.06415243,-0.9966396,1.0,0.0,0.0,0.05184088,0.07009466,0.15499896,0.011261702,-0.019631267,0.2334215,0.18108666,-0.06205551,0.16212744,0.06999886,0.029029846,0.11596163,0.06453385,-0.021552984,0.0405897,-0.1505127,-0.22238317,0.05447466,-0.020408971,0.02296993,-0.025084976,-0.04652826,-0.7566229,0.47574654,1.2280111,1.1251705,1.003835,1.6429055,1.1414934,2.0109625,-1.3919924,-1.0645629,-0.59511054,-0.82888603,-0.5070985,0.6117154,230.63467,-193.04384,283.65067,225.22646,-257.8711,162.13037,-222.27087,254.63594,234.59937,-120.74923,-24.518427,197.71152,0.05184088,0.07009466,-0.64500105,1.6112617,-0.8196313,0.2334215,0.18108666,-0.06205551,-0.6378726,1.6699989,-0.77097017,0.11596163,1.290677,-0.43105966,0.81179404,-3.010254,-4.4476633,1.0894932,-0.4081794,0.45939857,-0.5016995,-0.93056524,-15.132458,9.514931
837,0.052757915,0.121484734,-0.065687135,-0.04538926,-0.066533536,-0.9967513,1.0,0.0,0.0,0.10913239,0.061675914,0.15263063,0.00728786,-0.042386472,0.28975818,0.1237846,-0.06755111,0.15159208,0.054364562,-0.16014594,0.27156305,0.45748964,-0.0570636,-0.068926364,0.088389665,-0.013172479,0.49220982,-0.49837613,-0.066200666,-0.069536544,-0.13400172,-0.9132226,0.86564314,-0.8581575,-1.2835644,-0.51464224,-0.12675917,-0.17112722,-0.0033620559,0.85723126,1.0978525,1.0929266,0.6592018,0.80594057,-1.0879147,197.70064,-139.23222,-64.68622,222.89392,64.31166,134.98346,-208.22726,-131.77701,-216.99637,-232.33057,90.42898,-50.68486,0.10913239,0.061675914,-0.6473694,1.6072879,-0.8423865,0.28975818,0.1237846,-0.06755111,-0.64840794,1.6543646,-0.96014595,0.27156305,9.149793,-1.141272,-1.3785273,1.7677933,-0.26344958,9.844196,-9.967523,-1.3240134,-1.3907309,-2.6800342,-18.264452,17.312862
838,-0.023344781,0.14455153,-0.2911869,-0.039602775,-0.06742046,-0.99693835,1.0,0.0,0.0,0.15769435,0.04768008,0.14062887,0.018941402,-0.08303386,0.31531978,0.07391957,-0.06597766,0.14060396,0.039257288,-0.26824015,0.36820847,0.06628177,-0.0875489,-0.059744954,0.018582188,-0.22335957,-0.17783505,-0.04413637,0.06506374,-0.043492835,-0.025095422,-0.23571312,0.16954905,-1.2067637,0.8964006,0.82775253,0.034335013,-0.24520871,-0.8511404,0.87551236,-1.0330685,-0.72377324,-1.0667471,0.25068337,-0.8152703,-199.63243,-208.86783,-193.96252,-214.2473,14.745925,-200.3552,198.90681,208.59729,210.04202,187.9242,200.30417,-199.99571,0.15769435,0.04768008,-0.65937114,1.6189414,-0.8830339,0.31531978,0.07391957,-0.06597766,-0.65939605,1.6392573,-1.0682402,0.36820847,1.3256354,-1.7509779,-1.1948991,0.37164375,-4.467191,-3.556701,-0.88272744,1.3012748,-0.86985666,-0.5019084,-4.7142625,3.390981
839,0.02239251,0.14541411,-0.09868883,-0.033323403,-0.067803144,-0.99714196,1.0,0.0,0.0,0.123141475,0.035088588,0.14048165,0.016589522,-0.14305115,0.20102085,0.10225665,-0.05822779,0.13129807,0.021439195,-0.23816353,0.3289029,-0.3683878,-0.0421275,0.041539542,-0.030902663,-0.27844957,-0.8936947,0.29538295,0.015359341,-0.04955483,-0.14139894,0.46641713,-0.49606052,0.32398048,-1.2170187,-0.15906012,-0.031042997,0.46188104,0.646776,-0.7974499,1.156466,1.0052443,0.27877378,0.4919142,-0.10212402,-201.55559,194.91922,176.93704,27.46695,34.681023,-200.0715,201.66734,-231.30237,-195.26175,-215.92792,200.38724,-200.7364,0.123141475,0.035088588,-0.65951836,1.6165895,-0.94305116,0.20102085,0.10225665,-0.05822779,-0.66870195,1.6214392,-1.0381635,0.3289029,-7.3677554,-0.84255,0.8307908,-0.61805326,-5.568991,-17.873894,5.9076586,0.3071868,-0.99109656,-2.8279786,9.328342,-9.92121
840,-0.00039440862,0.11367888,-0.31586558,-0.027613152,-0.06839837,-0.9972758,1.0,0.0,0.0,0.096870445,0.021177799,0.13848358,0.011858106,-0.12169796,0.10118069,0.12139386,-0.048776615,0.12096208,0.005380988,-0.070324,0.18024988,0.0620191,-0.09262156,-0.050261077,-0.017251736,0.42211643,-0.17652375,-0.06613748,0.07185421,-0.052437723,-0.033364158,1.1435263,-0.75172925,0.94576615,1.0273987,1.0036727,-0.5994051,1.1761847,1.4445205,-0.9386732,-1.0235738,-0.683771,-1.3771363,-0.6152649,1.2132821,199.43242,-200.74063,-204.01483,-86.9044,199.90244,199.91678,-200.18178,203.18901,202.30226,175.81552,199.83443,77.54079,0.096870445,0.021177799,-0.6615164,1.6118581,-0.921698,0.10118069,0.12139386,-0.048776615,-0.6790379,1.605381,-0.870324,0.18024988,1.240382,-1.8524312,-1.0052215,-0.3450347,8.442328,-3.530475,-1.3227495,1.4370842,-1.0487545,-0.6672831,22.870525,-15.034585
841,-0.088189706,0.13427806,-0.0735375,-0.021743432,-0.06684157,-0.9975268,1.0,0.0,0.0,0.15405297,0.010923123,0.13923979,-0.0096246,0.0028025508,0.13013847,0.05968473,-0.04038954,0.108700454,-0.016656756,0.08338189,0.10590627,0.470239,-0.02832876,-0.021544391,-0.022169564,0.43968374,0.28286737,-0.50881535,0.027936691,-0.06259075,-0.1451054,0.4243804,-0.07399202,-1.0864656,-1.1632495,-0.24605715,1.9435546,-0.17870504,1.3343316,0.9011475,1.0679451,1.0564425,0.8702326,-0.82804304,0.420109,207.33026,-44.657974,22.726608,438.93732,-203.0173,47.885406,-246.86975,48.65233,292.11328,463.08734,-320.35422,160.30121,0.15405297,0.010923123,-0.6607602,1.5903754,-0.79719746,0.13013847,0.05968473,-0.04038954,-0.69129956,1.5833433,-0.7166181,0.10590627,9.40478,-0.56657517,-0.43088782,-0.44339126,8.793674,5.657347,-10.176307,0.5587338,-1.251815,-2.902108,8.487608,-1.4798404
842,-0.07226182,0.13255256,-0.34604543,-0.015980406,-0.06408725,-0.9978163,1.0,0.0,0.0,0.20604482,-0.004219941,0.11572081,0.022981882,0.008873105,0.26181856,0.0033957043,-0.037042964,0.09832406,-0.015250921,0.07519853,0.15014377,0.08787979,-0.11763259,-0.19559202,0.29497755,-0.2785061,0.9675431,-0.08944311,0.018218342,-0.041258458,0.10628831,-0.38724074,0.48494646,-0.99372685,0.8665243,0.9105199,-0.9814015,-0.8818599,-0.9646471,0.92217666,-1.0019249,-0.51515675,-1.2140427,-0.31534448,0.0043640155,-199.87517,-224.93497,-195.27075,174.99422,-193.46959,199.31337,189.30011,105.74396,268.8468,259.86102,-208.31422,162.01225,0.20604482,-0.004219941,-0.6842792,1.6229819,-0.7911269,0.26181856,0.0033957043,-0.037042964,-0.70167595,1.5847491,-0.7248015,0.15014377,1.7575958,-2.3526518,-3.9118402,5.899551,-5.570122,19.350863,-1.7888622,0.36436683,-0.82516915,2.125766,-7.744815,9.698929
843,-0.0728484,0.13895404,-0.10857042,-0.010018866,-0.06133227,-0.99806714,1.0,0.0,0.0,0.17700768,-0.020686038,0.09795964,0.05049324,-0.122974396,0.3772977,0.025435293,-0.038715225,0.09154612,-0.008154392,-0.053272188,0.17386879,-0.33555615,-0.05094197,-0.0040090363,0.0107112,-0.97106916,0.2589741,0.27400708,-0.031007186,-0.030437538,-0.024840763,-0.67511743,-0.18135111,-0.44661057,-1.1970463,-0.1148476,-0.8513118,0.35643253,-1.2149456,-0.46522444,1.0030748,1.0395521,-0.10270986,0.6467089,-0.6753126,-200.72137,204.53163,180.46753,-227.54033,-200.16737,-199.89096,200.05199,-214.75732,-191.78166,-213.43842,51.98706,-200.65692,0.17700768,-0.020686038,-0.7020404,1.6504933,-0.9229744,0.3772977,0.025435293,-0.038715225,-0.7084539,1.5918456,-0.8532722,0.17386879,-6.711123,-1.0188394,-0.08018073,0.214224,-19.421383,5.179482,5.4801416,-0.6201437,-0.60875076,-0.49681526,-13.502348,-3.627022
844,-0.032401327,0.19003151,0.16690578,-0.0031703482,-0.059304208,-0.998235,1.0,0.0,0.0,0.059538394,-0.037900664,0.09272772,0.0385592,-0.23951107,0.35372713,0.032197453,-0.038458288,0.09563649,-0.035377383,-0.11308998,0.05903677,-0.79508495,-0.110175215,-0.04635209,-0.11412895,-0.26516637,-0.42577592,-0.16380009,0.028830135,0.052188516,-0.19709577,0.007459639,-0.8958478,1.0276983,0.8254473,0.81071126,0.67633045,0.6864703,-0.61073226,-0.904906,-1.0621625,-0.58830667,0.20979352,0.7976569,0.439475,-202.07352,-123.89686,-288.34125,-252.54121,198.90585,-198.30399,-200.42532,203.2884,202.16162,1.1205997,199.99078,-199.95464,0.059538394,-0.037900664,-0.7072723,1.6385592,-1.0395111,0.35372713,0.032197453,-0.038458288,-0.7043635,1.5646226,-0.91309,0.05903677,-15.901699,-2.2035043,-0.92704177,-2.282579,-5.3033276,-8.515518,-3.2760017,0.5766027,1.0437703,-3.9419153,0.14919278,-17.916956
845,-0.085633315,0.10527949,0.39600092,0.0017707349,-0.05693378,-0.99837637,1.0,0.0,0.0,-0.056863997,-0.048203062,0.08529872,0.031104207,-0.21819729,0.19197,-0.04727563,-0.03776721,0.08495653,-0.04191637,-0.035194397,-0.043745425,-0.40544972,-0.007746383,-0.025800575,0.024229078,0.41022894,-1.1223435,-0.5863189,-0.0139082745,-0.1419551,0.10303972,0.7018589,-0.20132494,0.9616402,-1.1876398,-0.24780542,-0.49487895,0.1843285,0.22684567,0.5974959,0.9134157,1.0621213,-1.1872623,0.88586515,0.4854364,200.5585,206.85222,180.69968,170.4519,199.29868,-200.21207,-196.80034,-159.65852,-211.86383,179.40326,199.91925,200.30995,-0.056863997,-0.048203062,-0.7147013,1.6311042,-1.0181973,0.19197,-0.04727563,-0.03776721,-0.7150435,1.5580837,-0.8351944,-0.043745425,-8.1089945,-0.15492766,-0.5160115,0.48458153,8.204578,-22.44687,-11.7263775,-0.2781655,-2.839102,2.0607944,14.037177,-4.026499
846,0.03767983,0.14927168,-0.31281012,0.007119025,-0.05530124,-0.9984443,1.0,0.0,0.0,-0.08728067,-0.05939876,0.076639235,0.018099546,-0.083666146,0.046171118,-0.11337882,-0.041517064,0.06291908,-0.029586077,0.11982709,-0.0045734104,0.051819354,-0.10748658,-0.04963818,-0.14364447,0.7038855,-0.40734196,-0.11927303,-0.049564477,-0.15882537,0.15713724,0.5362189,0.4136241,0.23849615,0.8805401,1.1159836,0.9610032,-0.25853437,0.81517154,0.8630552,-0.92379963,-0.61341393,0.53230625,-0.4984451,0.46275988,198.8862,-189.85332,-199.61382,-223.19061,-64.18032,200.14806,228.68427,-15.35701,-190.10957,247.24936,-170.60109,31.8004,-0.08728067,-0.05939876,-0.7233608,1.6180996,-0.88366616,0.046171118,-0.11337882,-0.041517064,-0.73708093,1.570414,-0.6801729,-0.0045734104,1.0363871,-2.1497316,-0.9927636,-2.8728893,14.07771,-8.146839,-2.3854606,-0.9912895,-3.1765072,3.1427448,10.724378,8.272482
847,-0.083304435,0.08426738,-0.6170363,0.012757944,-0.054021057,-0.99845827,1.0,0.0,0.0,-0.025896773,-0.07265386,0.07183784,0.004487276,-0.02042985,0.040792022,-0.088471964,-0.057579637,0.016440988,0.039219975,0.14798778,0.14059599,0.5032513,-0.033114176,-0.0031152712,-0.003937811,-0.0011321091,0.28413054,0.3210072,-0.105285995,-0.2889143,0.48117462,-0.17101607,0.8235106,-0.7370216,-1.0669005,0.06550145,-1.3386407,0.10492563,-0.73279685,-0.12835419,1.2200586,0.70097053,-1.342632,-1.0717053,-0.65468174,132.0512,186.41946,214.03687,192.1839,-199.68434,199.7444,195.58087,-243.146,-193.1765,167.50293,-200.25455,-52.536472,-0.025896773,-0.07265386,-0.72816217,1.6044873,-0.82042986,0.040792022,-0.088471964,-0.057579637,-0.783559,1.63922,-0.6520122,0.14059599,10.065026,-0.66228354,-0.062305424,-0.07875622,-0.02264218,5.6826105,6.4201436,-2.1057198,-5.7782855,9.623492,-3.4203212,16.470211
848,-0.028652837,-0.10250908,-0.22998843,0.012706935,-0.051967803,-0.99856794,1.0,0.0,0.0,0.030690309,-0.07214049,0.07367629,0.009341598,-0.006947398,0.022594828,-0.07124247,-0.07177737,-0.016697586,0.101496935,0.038030088,0.22688177,0.10595031,0.032152176,0.011778112,0.050231982,0.07160375,-0.31493017,-0.05901553,-0.037056234,-0.06567399,0.17707089,-0.8600772,0.1122656,-1.1461358,0.85523915,0.6220943,0.7550358,0.45326436,-0.8113017,-0.57500947,-0.7425016,-0.7771044,-1.6114254,0.48516732,-0.8296221,-172.14508,177.45697,-27.887169,134.90906,-24.093475,-84.47856,-78.38777,195.8031,198.17505,-222.28915,-200.17007,-200.22307,0.030690309,-0.07214049,-0.7263237,1.6093416,-0.8069474,0.022594828,-0.07124247,-0.07177737,-0.8166976,1.701497,-0.7619699,0.22688177,2.1190062,0.6430435,0.23556224,1.0046396,1.432075,-6.298603,-1.1803106,-0.74112463,-1.3134798,3.5414176,-17.201544,2.245312
849,0.053862832,-0.18353726,0.47127336,0.0065637534,-0.052573346,-0.9985955,1.0,0.0,0.0,-0.0030635723,-0.057922862,0.061981797,0.04799223,0.023882687,-0.09910004,-0.13515908,-0.08525117,-0.03570372,0.122469306,-0.056124806,0.1737622,-0.3935643,0.10126992,-0.10969242,0.29565385,0.24093509,-0.8607773,-0.5326594,-0.09159326,-0.12207788,0.04625849,-0.1525002,-0.57462907,0.20970073,-1.1370898,-0.60433763,-1.6979334,0.047215015,0.63100034,0.5818079,0.96974623,0.89273906,-1.0691553,0.63135684,-0.12397137,-202.1494,258.45612,-148.15771,154.72011,63.286575,-159.87311,-194.05963,-169.37016,-249.18529,-242.73584,198.89938,-199.3789,-0.0030635723,-0.057922862,-0.7380182,1.6479923,-0.7761173,-0.09910004,-0.13515908,-0.08525117,-0.83570373,1.7224693,-0.8561248,0.1737622,-7.871286,2.0253985,-2.1938484,5.913077,4.8187017,-17.215546,-10.653188,-1.8318652,-2.4415576,0.92516977,-3.0500038,-11.492581
850,0.059082866,-0.05796261,-0.27765572,0.0018030455,-0.054873854,-0.99849164,1.0,0.0,0.0,-0.030750103,-0.045845084,0.036046684,0.09193933,0.04120803,-0.19276959,-0.19145903,-0.09706292,-0.040760934,0.10024309,-0.011197269,0.058130298,0.07000192,0.027058536,-0.15121464,0.15807359,0.034145873,-0.14719503,-0.075397626,-0.035858523,0.056637224,-0.24042289,0.5334107,-0.49820605,0.5829592,0.8460296,0.74501926,-0.9553896,-0.6737584,0.6071519,0.8732374,-0.8701033,-1.1286361,-0.7344005,-0.07744567,0.47878295,200.49023,-193.95436,-204.32372,-221.488,-20.161274,200.22932,200.1899,213.32434,200.44278,-221.1335,199.82864,67.241356,-0.030750103,-0.045845084,-0.7639533,1.6919394,-0.758792,-0.19276959,-0.19145903,-0.09706292,-0.84076095,1.7002431,-0.8111973,0.058130298,1.4000385,0.5411707,-3.0242927,3.1614716,0.6829175,-2.9439003,-1.5079525,-0.7171704,1.1327444,-4.808458,10.668215,-9.964121
851,-0.004320001,-0.027866153,-0.59651375,0.0011805865,-0.055829838,-0.99843955,1.0,0.0,0.0,0.032204986,-0.033590324,0.025669277,0.09379685,-0.02795273,-0.14660473,-0.15938745,-0.113613136,-0.02412206,0.038730145,0.022045314,0.037389107,0.5142668,0.08730308,0.027838413,-0.11304883,-0.6569062,0.5399492,0.3536259,-0.121141486,0.10853314,-0.36332804,-0.11512258,0.2189159,-1.0543269,-1.0985708,-0.46339902,-0.06365028,0.57589746,0.1753426,-0.6556369,1.1383592,0.89463603,1.2782812,-0.56680834,-0.2704349,202.3193,175.27643,167.31339,-235.73933,-200.74797,199.26549,196.45512,-193.33113,-152.78851,-205.93317,-136.294,199.96863,0.032204986,-0.033590324,-0.77433074,1.6937969,-0.82795274,-0.14660473,-0.15938745,-0.113613136,-0.8241221,1.6387302,-0.7779547,0.037389107,10.285336,1.7460616,0.55676824,-2.2609766,-13.1381235,10.798984,7.072518,-2.4228296,2.1706626,-7.2665606,-2.3024516,4.378318
852,-0.04042625,0.013128956,-0.2765521,0.0019185479,-0.054744937,-0.99849856,1.0,0.0,0.0,0.088790715,-0.02242931,0.025235772,0.061531067,-0.08186716,-0.024668323,-0.13561668,-0.12467442,-0.0050992966,-0.022927046,-0.07862544,0.0024535067,0.092333004,0.03308749,-0.03078014,-0.18317923,0.046800666,0.54263055,-0.07398816,-0.0023981011,0.080037706,-0.2621356,-0.82087404,-0.49257603,-0.9136249,0.7331005,0.5682409,0.48243088,0.44640052,-0.54889345,-0.30729258,-1.0080652,-1.0870156,0.4018131,0.56236655,-0.67476225,-200.15558,-213.73366,-190.95834,-114.186066,200.12485,-68.88173,-200.15312,212.7005,205.73051,177.1368,-199.90942,-186.40662,0.088790715,-0.02242931,-0.77476424,1.6615311,-0.8818672,-0.024668323,-0.13561668,-0.12467442,-0.8050993,1.577073,-0.87862545,0.0024535067,1.84666,0.6617498,-0.6156028,-3.6635845,0.9360133,10.852611,-1.4797632,-0.04796202,1.6007541,-5.242712,-16.41748,-9.851521
853,-0.013831467,-0.20062038,0.18655026,-0.002256737,-0.053806286,-0.9985489,1.0,0.0,0.0,0.055742167,-0.0060563465,0.026646137,0.039520383,0.0016351342,0.0050433697,-0.18868837,-0.12224067,-0.010842502,-0.020281315,-0.15057415,-0.15185091,-0.3713813,0.123310305,0.037253585,-0.050163455,0.72085744,-0.17435555,-0.33740613,0.022933012,-0.11899759,0.23345096,-0.0017415116,-0.993917,-0.4796626,-1.1814197,-0.84253687,-0.93454164,-0.30893943,-0.57800233,0.62621975,0.8620347,0.68722093,-1.2252954,0.51438266,0.70115453,-200.83171,188.32648,240.80359,199.53162,200.84258,-200.49214,30.30648,11.912811,-273.58936,238.99356,198.00241,-162.60219,0.055742167,-0.0060563465,-0.7733539,1.6395204,-0.7983649,0.0050433697,-0.18868837,-0.12224067,-0.8108425,1.5797187,-0.95057416,-0.15185091,-7.427626,2.466206,0.74507165,-1.0032691,14.417149,-3.487111,-6.748122,0.45866022,-2.3799517,4.669019,-0.03483023,-19.87834
854,0.011337307,-0.05957444,0.13883562,-0.007334295,-0.053564478,-0.99853754,1.0,0.0,0.0,-0.060644645,0.012593751,0.03381723,0.025528073,0.06327444,-0.09684029,-0.20196287,-0.11359591,-0.025295079,0.003435135,-0.08285165,-0.26800454,-0.72297406,0.106662564,0.053142495,-0.015950387,-0.034302093,-0.6933214,0.1556573,0.05882361,-0.050370097,0.058204003,0.5331485,-0.285823,0.8023545,0.8527581,0.7673768,1.0604787,-0.7620909,1.0641072,0.9180146,-0.9721974,-0.7805835,-1.1382382,-0.2571625,0.8529598,-125.402626,169.39203,556.77435,475.82025,-204.2228,-84.95861,292.47137,354.91046,-73.29619,-75.13483,93.757835,179.15422,-0.060644645,0.012593751,-0.7661828,1.6255281,-0.73672557,-0.09684029,-0.20196287,-0.11359591,-0.8252951,1.6034352,-0.88285166,-0.26800454,-14.459481,2.1332512,1.0628499,-0.31900775,-0.68604183,-13.866427,3.113146,1.1764722,-1.007402,1.16408,10.662971,-5.7164598
855,0.01318884,-0.05799727,-0.2186081,-0.0098193055,-0.05424524,-0.99847937,1.0,0.0,0.0,-0.15957332,0.035749972,0.046893835,0.035397768,-0.020596325,-0.15940519,-0.122794405,-0.113014504,-0.03023827,0.010715961,-0.047371387,-0.24482587,-0.30488056,0.13057536,0.07233419,0.10113211,-0.73662806,-0.0009192573,0.5915573,-0.046289556,-0.008403817,0.0023320739,-0.12089505,0.43913245,1.1135409,-1.0782455,-0.5341313,-1.0973258,0.7502363,1.0512546,-0.93055475,0.9926491,1.0168217,-0.37580478,-0.6922205,0.3362458,199.20569,161.37932,260.7503,206.18832,-198.67102,199.76143,197.26868,-220.51923,-195.5096,-211.70583,-199.81148,199.68994,-0.15957332,0.035749972,-0.7531062,1.6353978,-0.82059634,-0.15940519,-0.122794405,-0.113014504,-0.8302383,1.610716,-0.8473714,-0.24482587,-6.097611,2.6115072,1.4466838,2.0226421,-14.732561,-0.018385146,11.831146,-0.9257911,-0.16807634,0.046641476,-2.417901,8.782649
856,0.13584228,-0.04529601,-0.3492025,-0.01102255,-0.057647407,-0.9982761,1.0,0.0,0.0,-0.16347356,0.039237753,0.06061107,0.030933022,-0.090563476,-0.09408821,-0.046854258,-0.11580007,-0.020577192,-0.0014503002,-0.13709158,-0.090785705,0.2077233,-0.068033345,0.06416654,-0.11865862,-0.032286122,0.5997836,0.2352256,-0.009152645,0.09935284,-0.08721306,-0.696697,0.9764372,0.76037425,0.8139481,0.63244486,0.017117973,0.7950219,0.298131,-1.2008789,-0.95748067,-0.71662724,0.98841447,0.59869,-0.07682681,200.44951,-199.24979,-192.72247,-213.69563,200.06302,200.05374,-198.3663,209.30763,201.33638,-221.86688,-200.10225,54.336185,-0.16347356,0.039237753,-0.73938894,1.630933,-0.8905635,-0.09408821,-0.046854258,-0.11580007,-0.8205772,1.5985497,-0.9370916,-0.090785705,4.154466,-1.3606669,1.2833308,-2.3731723,-0.64572245,11.995672,4.704512,-0.1830529,1.9870567,-1.7442611,-13.93394,19.528744
857,0.010560119,-0.09836534,-0.20315295,-0.0131235635,-0.06055498,-0.9980786,1.0,0.0,0.0,-0.08019362,0.034514964,0.07833779,0.009424925,-0.02549678,0.04970636,-0.045478325,-0.11507572,-0.02543044,0.012255192,-0.19991541,0.028810216,0.5816047,-0.0015134857,0.07841426,-0.04680178,0.49807134,0.58625305,-0.1792859,0.014648551,-0.1214687,0.19525783,-0.0006400993,0.28803685,-0.9402423,-1.2203747,-0.76098615,-0.5378024,-0.035352826,0.13517189,0.55205214,0.89570117,0.83791053,-0.96104735,0.84042346,-0.98662275,157.71922,-629.5598,-317.2235,520.35675,-227.97092,-319.37848,-199.02048,-193.93814,-194.93483,185.79973,200.29117,-199.93471,-0.08019362,0.034514964,-0.7216622,1.609425,-0.8254968,0.04970636,-0.045478325,-0.11507572,-0.82543045,1.6122552,-0.9999154,0.028810216,11.632094,-0.030269714,1.5682852,-0.9360356,9.961427,11.72506,-3.585718,0.29297101,-2.429374,3.9051566,-0.012801985,5.760737
858,0.065197855,-0.010965494,-0.4127891,-0.0144342035,-0.06239287,-0.99794734,1.0,0.0,0.0,-0.007823065,0.029797344,0.088023484,0.008310676,-0.014701247,0.09800734,-0.03695438,-0.10931007,-0.027635157,0.017067194,-0.12483865,0.009787458,0.19202238,-0.028425364,0.025333384,0.009437837,-0.11463233,0.111301914,0.22293364,0.041174594,0.07713681,-0.11544025,0.6831919,-0.40848967,-1.1262174,0.9643384,0.64555496,0.5919872,-0.87740314,0.0042516775,1.0379478,-1.0596886,-0.77221954,-0.6818293,-0.24161679,0.023141744,-189.17616,30.096695,-115.39871,5.6891174,-33.768707,-30.462435,200.23283,202.46223,200.51836,-217.74326,200.07014,-199.89651,-0.007823065,0.029797344,-0.7119765,1.6083107,-0.81470126,0.09800734,-0.03695438,-0.10931007,-0.82763517,1.6170672,-0.92483866,0.009787458,3.8404477,-0.56850725,0.5066677,0.18875673,-2.2926466,2.2260382,4.4586725,0.8234919,1.5427362,-2.308805,13.663837,-8.169793
859,0.09781248,0.013637387,-0.18790519,-0.013680561,-0.06598563,-0.9977267,1.0,0.0,0.0,-0.018417796,0.030464849,0.09674263,0.023388624,-0.11521202,0.07304348,0.05036491,-0.11471195,-0.009229898,-0.017158508,-0.062251866,-0.0073255287,-0.25039288,0.026437253,0.05863582,0.12757726,-0.819711,-0.1798185,0.6104426,-0.07934966,0.10494745,-0.21542414,0.01025222,0.056319464,0.48590565,-1.1476659,-0.6236213,-1.3485367,0.9613638,-0.511192,-1.015496,1.1383512,0.81904936,1.3865235,-0.61838,0.5168982,-199.73465,173.4744,213.771,186.20265,-199.66554,12.796026,197.4332,-211.03613,-161.0176,-196.03493,-198.8404,21.466612,-0.018417796,0.030464849,-0.7032574,1.6233886,-0.91521204,0.07304348,0.05036491,-0.11471195,-0.8092299,1.5828415,-0.8622519,-0.0073255287,-5.0078573,0.52874506,1.1727164,2.5515451,-16.39422,-3.59637,12.208852,-1.5869932,2.098949,-4.3084826,0.20504439,1.1263893
860,0.09254573,-0.074716374,-0.37053806,-0.01413526,-0.06972709,-0.99746597,1.0,0.0,0.0,-0.022489423,0.030568618,0.10738951,0.035657883,-0.20166153,-0.03637365,0.14178729,-0.12699462,0.011004448,-0.027242422,-0.12535149,0.07820706,0.16574167,-0.022020495,0.049774535,0.007852341,-0.11538323,-0.84795094,0.34534565,-0.07077758,0.09297832,0.09346289,-0.58334374,0.6572494,0.7299896,0.91134447,0.6124237,-1.036059,0.98352456,0.8105984,-0.95104986,-1.0871477,-0.8156997,0.32311308,0.4864654,-0.029153315,200.01733,-199.65909,-197.18488,-217.26743,200.17836,-199.98323,-179.8535,-253.25146,347.23798,496.60284,-165.01855,109.57801,-0.022489423,0.030568618,-0.6926105,1.6356579,-1.0016615,-0.03637365,0.14178729,-0.12699462,-0.78899556,1.5727576,-0.9253515,0.07820706,3.3148332,-0.44040987,0.9954907,0.15704681,-2.3076646,-16.959019,6.906913,-1.4155515,1.8595663,1.8692578,-11.666875,13.144988
861,-0.11153664,-0.07237476,-0.13653855,-0.016259283,-0.069042265,-0.9974812,1.0,0.0,0.0,0.05503048,0.039634436,0.13444555,0.006739497,-0.1495772,-0.12988082,0.1630529,-0.13648622,0.002921164,0.021311164,-0.16549873,0.13355541,0.5700391,0.10310067,0.20321882,-0.26985225,0.56832385,-0.15640774,-0.09034832,-0.032351416,-0.14898953,0.36356407,0.1125858,-0.034736853,-0.7512987,-1.2180628,-0.7903458,0.04574388,1.2891572,1.4395586,-0.57075745,0.9433855,0.753546,-1.4944422,0.63485456,-0.7632713,198.18393,250.56787,143.31679,-244.15063,199.53867,201.26466,-200.93286,-212.43906,-191.1662,180.6765,200.26703,-200.42761,0.05503048,0.039634436,-0.66555446,1.6067395,-0.9495772,-0.12988082,0.1630529,-0.13648622,-0.79707885,1.6213112,-0.96549875,0.13355541,11.400782,2.0620134,4.0643764,-5.3970447,11.366477,-3.1281548,-1.8069663,-0.64702827,-2.9797904,7.2712812,2.251716,-0.6947371
862,0.0713584,-0.094978824,0.14888215,-0.01969484,-0.069216534,-0.9974073,1.0,0.0,0.0,0.12066654,0.044202656,0.14524335,0.0027713776,-0.018917799,-0.10357519,0.09784617,-0.13857035,-0.012442648,0.060015798,-0.06845075,0.048378117,0.13506566,-0.0369907,-0.095631026,0.23569143,0.49007326,0.27245408,-0.5070406,0.035479825,-0.031565364,0.053479582,0.7609899,-0.73439854,-0.9854443,1.0555158,0.45856124,0.06116217,-0.00019037724,0.6181032,0.88368315,-1.126574,-0.90369916,-1.8593937,-0.35021192,0.17395513,-194.36844,-216.15964,-337.12805,337.52097,-80.2343,87.10363,-8.909256,1009.03955,-374.47287,-366.37277,85.63031,-143.30049,0.12066654,0.044202656,-0.65475667,1.6027714,-0.8189178,-0.10357519,0.09784617,-0.13857035,-0.81244266,1.6600158,-0.86845076,0.048378117,2.7013133,-0.7398139,-1.9126205,4.7138286,9.801465,5.4490814,-10.140812,0.7095965,-0.6313073,1.0695916,15.219798,-14.687971
863,0.045349702,-0.09411742,0.377941,-0.024264166,-0.07172823,-0.99712896,1.0,0.0,0.0,0.09761768,0.031460218,0.13410503,0.043103695,-0.0020142794,-0.007909552,0.037103478,-0.13241306,-0.02004832,0.07068181,-0.007856846,-0.017326456,-0.3020397,-0.07960215,-0.032833863,0.1750825,-0.10852569,0.6664247,-0.13988079,0.004737951,-0.027166191,0.02029941,-0.023481844,-0.0027164407,0.051562645,-1.2721432,-0.54650766,-0.61281496,-0.51349336,-0.07601571,1.0982918,1.2031484,0.9680779,-0.72372526,-0.8121396,0.6635283,-184.85524,-88.80592,-39.783325,-38.40496,-61.906235,124.12875,199.88199,-197.01224,-195.62268,-212.82187,-199.99959,200.04852,0.09761768,0.031460218,-0.665895,1.6431037,-0.8020143,-0.007909552,0.037103478,-0.13241306,-0.82004833,1.6706818,-0.80785686,-0.017326456,-6.0407944,-1.592043,-0.65667725,3.50165,-2.1705139,13.328493,-2.7976158,0.09475902,-0.5433238,0.4059882,-0.4696369,-0.054328814
864,0.07321026,-0.0007996522,-0.25345382,-0.025949506,-0.07407113,-0.9969154,1.0,0.0,0.0,0.06557759,0.012077094,0.12354642,0.06929898,-0.10104859,0.05125246,0.061536673,-0.12883577,-0.00022679567,0.044095278,-0.08873242,0.057937205,-0.083104335,-0.118112795,-0.06943564,0.084018774,-0.8053047,-0.008520841,0.33522195,0.02770016,0.20255862,-0.2608452,-0.71631485,0.68652713,0.91607296,0.84842277,0.4793751,-0.346296,0.3496995,-0.93126196,-0.77660626,-1.0499614,-0.7131008,0.6629361,0.40518665,-0.39596608,49.115536,-201.51003,-217.89244,-228.39995,-200.35748,-199.93275,204.16931,207.80899,186.3644,-230.92813,-200.45142,199.77542,0.06557759,0.012077094,-0.6764536,1.669299,-0.9010486,0.05125246,0.061536673,-0.12883577,-0.8002268,1.6440953,-0.88873243,0.057937205,-1.6620866,-2.3622558,-1.3887128,1.6803755,-16.106094,-0.17041682,6.7044387,0.5540032,4.0511723,-5.216904,-14.326297,13.730542
865,-0.0842634,-0.040539183,-0.031455174,-0.026483692,-0.0736653,-0.9969313,1.0,0.0,0.0,0.091500245,0.0040396843,0.1286788,0.056500673,-0.1868903,-0.026414558,0.08058103,-0.12114876,0.015417457,0.020360947,-0.15556794,0.11904869,0.3049321,0.023437712,0.104506314,-0.1848148,-0.12159171,-0.69959307,-0.102476135,0.046641286,-0.023369974,0.00063066196,-0.021158343,-0.0060757045,-0.59702367,-1.2351993,-0.7060907,0.31171787,0.55826545,0.1362626,-0.6497329,1.2090865,0.92367244,-0.42567658,0.6301971,-0.732,200.95412,203.75847,201.60658,-217.60614,200.4286,-200.05577,-200.78908,-197.94733,-191.89873,188.9958,200.16716,-200.01262,0.091500245,0.0040396843,-0.6713212,1.6565007,-0.9868903,-0.026414558,0.08058103,-0.12114876,-0.78458256,1.620361,-0.95556796,0.11904869,6.098642,0.46875423,2.0901263,-3.6962957,-2.4318342,-13.991861,-2.0495226,0.93282574,-0.46739948,0.012613239,-0.42316687,-0.12151409
866,0.1345688,-0.019808013,0.27768475,-0.027861172,-0.07497233,-0.99679625,1.0,0.0,0.0,0.10452172,-0.008314998,0.13079065,0.04816866,-0.13448828,-0.08991484,0.012255265,-0.10827354,0.022932708,-0.010995746,-0.08492863,0.03866749,-0.133518,-0.131565,-0.063819826,0.07457924,0.57542413,-0.0045638136,-0.5159158,0.06666906,0.06537709,-0.26314196,0.64683074,-0.7547082,-0.64253205,0.9127377,0.51240677,-0.7650003,-0.08426082,1.351673,1.1083864,-0.9671999,-0.8470882,0.43133277,-0.2513125,0.45153922,-199.77339,-203.90848,-207.33278,177.80629,199.85901,199.96864,-10.753616,-249.21172,-540.9835,-208.54749,143.35806,-311.04904,0.10452172,-0.008314998,-0.66920936,1.6481687,-0.9344883,-0.08991484,0.012255265,-0.10827354,-0.7770673,1.5890043,-0.88492864,0.03866749,-2.6703598,-2.6313,-1.2763965,1.4915848,11.508482,-0.091276266,-10.3183155,1.3333812,1.3075417,-5.2628393,12.936614,-15.094163
867,-0.06308248,-0.087829866,0.568815,-0.031729806,-0.075451694,-0.9966445,1.0,0.0,0.0,0.034960926,-0.024442364,0.1401105,0.033944607,-0.087447286,-0.017353857,-0.04256237,-0.103362784,0.020610154,-0.017190456,-0.024216592,-0.028348165,-0.5223691,-0.041251585,0.13124183,-0.1900172,0.0532613,0.66360795,-0.09240643,0.001585699,-0.065386504,0.11424538,0.0030141168,-0.006196172,0.59129673,-1.1165694,-0.69082075,0.13689685,-0.112917304,0.075119436,0.9773526,1.0862745,0.84350574,-0.9221885,-0.9893964,0.40670148,-200.06963,178.319,186.64209,-222.52682,-51.17379,199.66237,199.82872,-198.72537,-195.8851,187.14561,-199.98276,200.02673,0.034960926,-0.024442364,-0.6598895,1.6339446,-0.8874473,-0.017353857,-0.04256237,-0.103362784,-0.77938986,1.5828096,-0.8242166,-0.028348165,-10.447381,-0.8250317,2.6248364,-3.8003438,1.065226,13.272159,-1.8481286,0.03171398,-1.3077301,2.2849076,0.060282335,-0.123923436
868,0.08221103,-0.10284951,-0.23369129,-0.035429545,-0.07558486,-0.9965097,1.0,0.0,0.0,-0.02280488,-0.03616871,0.1452266,0.03326547,-0.09769267,0.04747771,-0.0012050483,-0.10856456,0.029331565,-0.004316926,-0.089478135,0.045047883,-0.09579104,-0.083799005,-0.047441605,0.12934777,-0.05819304,0.12874337,0.44428262,-0.051148277,0.11744704,0.09410276,-0.5657241,0.60763764,1.1173961,0.9258208,0.471827,-0.48092136,0.73893994,-0.32763767,-0.7366037,-1.0171741,-0.712389,0.24182121,0.5737324,-0.06894043,190.10522,-150.90515,-112.18595,186.20901,12.987497,-68.80132,178.83759,92.972015,446.31042,414.58243,-126.12424,109.10729,-0.02280488,-0.03616871,-0.6547734,1.6332655,-0.8976927,0.04747771,-0.0012050483,-0.10856456,-0.77066845,1.5956831,-0.88947815,0.045047883,-1.9158208,-1.6759801,-0.9488321,2.5869553,-1.1638608,2.5748672,8.885653,-1.0229656,2.3489408,1.8820553,-11.314481,12.152753
869,-0.08759476,-0.14217892,-0.007434121,-0.040095255,-0.075310156,-0.99635375,1.0,0.0,0.0,0.005358506,-0.03242584,0.14767122,0.04881823,-0.078251064,-0.012352759,0.03885085,-0.11559484,0.030007303,0.042222977,-0.12612933,0.09044576,0.33092386,0.09327576,0.056401916,0.039251015,0.2127239,-0.65108126,-0.00068756635,-0.026711375,-0.0872148,0.33562014,0.13010667,-0.084493734,-0.43760657,-1.0510212,-0.74464697,-0.60309976,0.18676394,-0.0005058311,-0.68445504,1.0436186,0.8605087,-1.1165078,0.37987882,-0.9799894,207.55182,187.8897,104.13034,-26.269089,68.69873,-192.52019,-201.65776,-203.18527,-184.74698,114.35896,200.3461,-200.13387,0.005358506,-0.03242584,-0.6523288,1.6488183,-0.8782511,-0.012352759,0.03885085,-0.11559484,-0.7699927,1.642223,-0.92612934,0.09044576,6.618477,1.8655152,1.1280383,0.7850203,4.254478,-13.021625,-0.013751327,-0.5342275,-1.744296,6.7124023,2.6021335,-1.6898746
870,-0.026664555,-0.12042193,0.31895012,-0.04586114,-0.07283234,-0.99628925,1.0,0.0,0.0,0.021705942,-0.024750017,0.14425945,0.07061899,-0.021536052,-0.06439601,-0.0076223663,-0.113453306,0.027340412,0.0736568,-0.024848878,-0.0050841924,-0.10486398,-0.004119807,-0.06803661,0.15609145,0.3430999,0.016562684,-0.42227474,0.039204083,0.044819538,0.012584723,0.8098008,-0.7999584,-0.77158904,0.8852958,0.45194507,0.2584468,0.013751522,1.3367792,0.8882835,-1.1621531,-0.8502263,-1.6920865,-0.32448927,0.4595429,-174.40805,-91.19566,-179.99016,33.38896,24.252151,136.97144,-201.31992,169.5044,209.46973,-217.968,183.44441,-201.02364,0.021705942,-0.024750017,-0.65574056,1.670619,-0.82153606,-0.06439601,-0.0076223663,-0.113453306,-0.7726596,1.6736568,-0.8248489,-0.0050841924,-2.0972795,-0.082396135,-1.3607322,3.121829,6.8619976,0.33125365,-8.445495,0.78408164,0.89639074,0.25169444,16.196016,-15.999167
871,-0.0016711524,-0.10844979,0.58402956,-0.05179026,-0.07148294,-0.9960964,1.0,0.0,0.0,-0.03954201,-0.023644196,0.13339794,0.11166966,0.0012533665,0.011156759,-0.053063523,-0.116858825,0.038823128,0.06538427,0.06313777,-0.086187504,-0.47036454,0.0147229275,-0.03397763,0.22466607,0.041389756,0.6762025,-0.0682096,-0.05921924,0.06690595,-0.085014604,0.13750808,-0.08256643,0.6566598,-1.160561,-0.73116356,-0.8342813,-0.42505586,-0.34437755,0.90004325,1.1182207,0.9088669,-0.5435266,-0.84881335,0.77638596,-197.32419,179.10359,220.3268,91.42023,-13.264124,199.43628,199.84668,-196.42204,-196.35764,-214.40782,-200.05847,200.10645,-0.03954201,-0.023644196,-0.6666021,1.7116697,-0.79874665,0.011156759,-0.053063523,-0.116858825,-0.7611769,1.6653843,-0.73686224,-0.086187504,-9.40729,0.29445854,-0.6795526,4.4933214,0.8277951,13.524049,-1.364192,-1.1843848,1.338119,-1.7002921,2.7501616,-1.6513286
872,0.06129315,-0.046956852,-0.18618372,-0.05510654,-0.07233744,-0.99585676,1.0,0.0,0.0,-0.088297114,-0.026370475,0.122466505,0.14295888,-0.06428003,0.072682716,-0.011315643,-0.12968217,0.07835853,0.024214864,0.008410633,-0.02919169,-0.05938024,-0.037138157,-0.072449125,0.101433694,-0.6300706,0.006305753,0.43744904,-0.07243434,0.3076554,-0.29919043,-0.6204902,0.58373535,1.1116526,0.8281728,0.26360372,-1.0169622,-0.0069681406,-0.6877016,-0.9417229,-1.0445179,-0.63304627,1.5450487,0.8007847,0.31380984,199.96469,-198.15096,-204.47064,-219.70035,-200.13705,-199.9291,189.85776,119.63042,289.27048,-119.80917,-216.665,193.34097,-0.088297114,-0.026370475,-0.6775335,1.7429589,-0.86428005,0.072682716,-0.011315643,-0.12968217,-0.7216415,1.6242149,-0.7915894,-0.02919169,-1.1876048,-0.7427631,-1.4489825,2.028674,-12.601413,0.12611505,8.7489805,-1.4486868,6.1531076,-5.9838085,-12.409803,11.674706
873,-0.11867012,-0.05167263,0.018321143,-0.05686991,-0.071037255,-0.99585116,1.0,0.0,0.0,-0.0567211,-0.01598479,0.12752777,0.13522077,-0.11490184,-0.0017934262,0.026385501,-0.1442158,0.11446452,-0.0073696375,-0.039523244,0.10096747,0.33621088,0.12552847,0.1031964,-0.1535593,0.05537978,-0.68260854,-0.02096513,-0.074512616,0.07341261,-0.039976615,0.0721318,0.57666165,-0.0788785,-1.1335582,-0.79732054,-0.6847907,0.7224404,0.04659279,-0.9626094,0.97050107,0.9536934,0.708832,0.7938166,-0.8610903,201.15771,203.04675,164.86063,-230.00566,199.82487,-200.00713,-199.97517,-192.01721,-197.77478,181.68416,199.97911,-72.581856,-0.0567211,-0.01598479,-0.67247224,1.7352208,-0.91490185,-0.0017934262,0.026385501,-0.1442158,-0.6855355,1.5926304,-0.83952326,0.10096747,6.7242174,2.5105693,2.063928,-3.0711858,1.1075956,-13.65217,-0.41930258,-1.4902523,1.4682522,-0.7995323,1.4426359,11.533233
874,-0.08073878,-0.10475554,0.42545962,-0.060783323,-0.06632804,-0.99594474,1.0,0.0,0.0,-0.035107445,-0.0037295893,0.1475243,0.091011405,-0.026053905,-0.061983842,-0.013626292,-0.14872505,0.11338687,0.004390955,0.008992553,0.13359866,-0.032837223,0.009067194,0.10062597,-0.27847496,0.7622705,0.012671459,-0.32941595,0.024975104,-0.09705867,0.16157399,0.28897142,-0.1874273,-0.72893065,0.8256886,0.36088136,1.196271,-0.42581803,1.3550184,1.0932775,-1.0138227,-0.8435466,-1.3040152,-0.350802,-0.48686227,-73.21362,-203.20448,-192.50052,-218.15129,200.11339,200.03595,-108.76058,327.7329,-200.02963,148.3445,51.652817,-216.85141,-0.035107445,-0.0037295893,-0.6524757,1.6910114,-0.8260539,-0.061983842,-0.013626292,-0.14872505,-0.68661314,1.604391,-0.79100746,0.13359866,-0.6567444,0.18134387,2.0125194,-5.569499,15.24541,0.25342917,-6.588319,0.49950206,-1.9411733,3.2314796,5.7794285,-3.748546
875,-0.056592494,-0.09951551,0.6060041,-0.066161506,-0.06240505,-0.99585557,1.0,0.0,0.0,-0.083865955,-0.0063950224,0.16586846,0.061805964,0.022733152,-0.0037016766,-0.04518078,-0.1491802,0.09797317,0.026059628,-0.0076036453,0.02252279,-0.41894004,-0.046110805,0.0778787,-0.024277758,-0.2035441,0.4958202,-0.017415429,-0.02463985,-0.06038214,0.06243452,-0.38630632,-0.8563059,0.6992159,-1.2528906,-0.6374752,-0.39007565,0.07294944,-0.3370603,0.56722605,1.0563376,0.8448205,-1.0604069,-0.3683344,0.19196315,-189.5344,-17.090668,204.20299,281.6642,-241.2724,159.94136,199.624,-201.7127,-196.27661,-218.61668,-199.91196,-200.09377,-0.083865955,-0.0063950224,-0.63413155,1.661806,-0.77726686,-0.0037016766,-0.04518078,-0.1491802,-0.70202684,1.6260597,-0.80760366,0.02252279,-8.3788,-0.92221606,1.5575739,-0.48555514,-4.070882,9.916404,-0.34830856,-0.49279702,-1.2076428,1.2486904,-7.726126,-17.126118
876,0.022843199,-0.10457836,-0.1804284,-0.07026336,-0.06110724,-0.99565506,1.0,0.0,0.0,-0.122346215,-0.0112341,0.17100585,0.06680274,0.0139148235,0.014700293,0.008300574,-0.1493332,0.11501521,0.0068416595,-0.13001263,-0.07197032,0.00013233816,-0.019692268,-0.0025338386,0.048750035,0.03971211,-0.23876853,0.480942,0.03064622,0.19043264,-0.17518769,-0.59809244,-0.13016461,1.1703851,0.8790845,0.3932561,1.1815429,-0.16625656,-0.3645316,-0.65596133,-0.9971589,-0.6645442,0.19124229,0.39633816,0.7262661,183.58052,-114.03975,-83.116035,58.51454,27.38427,-212.90228,110.82072,426.0315,382.2403,419.13742,115.28982,294.00446,-0.122346215,-0.0112341,-0.62899417,1.6668028,-0.7860852,0.014700293,0.008300574,-0.1493332,-0.6849848,1.6068417,-0.93001264,-0.07197032,0.002646763,-0.39384535,-0.05067677,0.9750007,0.79424214,-4.7753706,9.61884,0.6129244,3.8086526,-3.503754,-11.961848,-2.6032922
877,-0.06937191,-0.12632206,-0.003835816,-0.07474175,-0.06024269,-0.99538165,1.0,0.0,0.0,-0.07722598,-5.0036226e-05,0.1734153,0.09133601,-0.035832167,-0.096661076,0.05352299,-0.14824115,0.1256507,0.007489085,-0.1699841,-0.019675441,0.41044927,0.12081492,0.02262538,0.18069163,-0.330538,-0.6678075,0.01753634,-0.020341463,-0.06166924,0.13661411,0.11373877,0.5743309,-0.49731588,-1.1305779,-1.0301348,-1.2319112,-0.0021092892,0.5220241,-0.7262538,0.9782679,0.8249885,-0.702916,0.52662086,-0.48291466,193.86531,238.87532,176.57397,170.58916,17.108929,27.426374,-200.18791,-198.43173,-198.70514,183.8541,200.01543,200.0563,-0.07722598,-5.0036226e-05,-0.6265847,1.691336,-0.8358322,-0.096661076,0.05352299,-0.14824115,-0.6743493,1.6074891,-0.9699841,-0.019675441,8.208985,2.4162984,0.4525076,3.6138325,-6.6107597,-13.356151,0.3507268,-0.40682927,-1.2333848,2.7322822,2.2747753,11.486618
878,0.045678396,-0.12298244,0.3438579,-0.080271736,-0.059505392,-0.9949952,1.0,0.0,0.0,-0.044891864,0.007919727,0.17724228,0.11240852,-0.042044938,-0.15427734,0.014401122,-0.1494988,0.1267708,0.0008454323,-0.071959734,0.016444027,-0.040372983,-0.02834258,0.01818817,0.045737546,0.08530971,0.022503322,-0.3726406,0.008234083,0.060597863,-0.17580833,0.7981095,-0.14125453,-0.7055636,0.7577789,0.31310117,-1.1660935,0.23965335,0.89821976,0.67122453,-0.9263755,-0.6252767,-0.38025498,-0.6064305,-0.5677084,-200.07088,-200.56575,-198.5295,-214.82901,13.952666,200.08981,-200.73717,193.9991,204.69208,-215.09276,200.17868,-200.36942,-0.044891864,0.007919727,-0.62275773,1.7124085,-0.84204495,-0.15427734,0.014401122,-0.1494988,-0.6732292,1.6008455,-0.87195975,0.016444027,-0.80745965,-0.5668516,0.3637634,0.9147509,1.706194,0.45006645,-7.452812,0.16468166,1.2119572,-3.5161664,15.96219,-2.8250906
879,0.014183858,-0.03888102,0.58562833,-0.08524469,-0.05896244,-0.9946139,1.0,0.0,0.0,-0.09203317,0.0055624563,0.19850111,0.09021795,0.036912322,-0.076631024,-0.02414678,-0.14513448,0.13598102,-0.017444015,-0.014071643,-0.058953382,-0.39468992,-0.00042807465,0.16177738,-0.23160155,0.50394934,0.6876606,-0.03433727,0.04276737,0.038532432,-0.0234229,-0.12278509,-0.5644296,0.73430073,-1.0228494,-0.632578,0.26881856,-0.052535415,0.104240865,0.756778,0.9650184,0.76505566,0.96378475,-0.8643294,0.18128887,-196.76001,171.24036,99.0184,-221.27356,-17.379908,199.41187,186.27814,16.034637,75.52586,70.02826,-234.30495,-151.77754,-0.09203317,0.0055624563,-0.6014989,1.690218,-0.7630877,-0.076631024,-0.02414678,-0.14513448,-0.664019,1.582556,-0.81407166,-0.058953382,-7.8937984,-0.008561493,3.2355475,-4.632031,10.078986,13.753211,-0.6867454,0.85534734,0.7706486,-0.468458,-2.4557018,-11.288591
880,0.06809437,-0.10311315,-0.20477253,-0.088541456,-0.060018957,-0.9942626,1.0,0.0,0.0,-0.12707366,-0.002098538,0.2098493,0.082494736,0.054544985,0.0048548607,0.029019183,-0.13109633,0.15140247,-0.002491951,-0.1163407,-0.09426457,0.0078117424,-0.06388923,-0.023570012,0.10668725,-0.1783048,0.28600976,0.50883055,0.09744932,0.11200296,0.15000384,-0.8268939,0.13589118,1.0211126,0.9916319,0.3372607,-0.9490713,-0.16358042,0.23221672,-0.90244555,-1.0893697,-0.6977335,-1.4681449,0.3960964,0.89425707,197.90811,-194.54742,-173.87856,208.30807,-89.35536,-50.861893,198.21242,276.03375,166.99033,168.24924,-200.16212,201.21777,-0.12707366,-0.002098538,-0.5901507,1.6824948,-0.745455,0.0048548607,0.029019183,-0.13109633,-0.64859754,1.5975081,-0.9163407,-0.09426457,0.15623485,-1.2777845,-0.47140023,2.133745,-3.566096,5.7201953,10.176611,1.9489863,2.2400591,3.0000768,-16.537878,2.7178235
881,0.002762247,-0.010181737,-0.010029394,-0.090929985,-0.06156526,-0.9939524,1.0,0.0,0.0,-0.0816773,-0.0078042126,0.22446191,0.08395541,-0.02378869,0.08132965,0.08044809,-0.12007889,0.16376394,0.015268087,-0.20170707,0.008380983,0.40487725,0.0045190775,0.13459994,-0.06911533,-0.4048234,0.35210988,0.04406756,0.018299492,0.016965363,0.025829185,-0.10777705,0.8239978,-0.21740445,-1.144509,-0.6305691,-0.6020244,0.37100887,-0.19073436,-0.7768375,1.1134518,0.96857226,-0.24465145,0.60066956,-0.71669894,212.74017,0.7792511,235.66637,-51.528946,33.623375,-48.879944,-200.18805,-193.58316,-203.0527,-219.7387,199.91661,200.11482,-0.0816773,-0.0078042126,-0.5755381,1.6839554,-0.8237887,0.08132965,0.08044809,-0.12007889,-0.6362361,1.6152681,-1.0017071,0.008380983,8.097545,0.09038155,2.6919987,-1.3823066,-8.096468,7.042197,0.88135123,0.36598983,0.33930725,0.5165837,-2.155541,16.479956
882,0.10458051,-0.04665476,0.31684813,-0.09247132,-0.06342198,-0.9936935,1.0,0.0,0.0,-0.05314441,-0.013614179,0.24741316,0.06497264,-0.04789257,0.07784209,0.046791386,-0.11395483,0.18322366,-0.0146228075,-0.14814049,0.094636686,-0.06753979,-0.029770542,0.0838928,-0.082589306,0.039859116,-0.312032,-0.34279543,0.040729523,0.16535227,-0.2952896,0.57556814,0.11025357,-0.8885604,0.87387925,0.44410247,0.7807862,0.6231445,0.042261753,0.5638126,-0.96445626,-0.53855634,1.0707883,0.039367728,-0.71833676,-254.27475,265.34222,-241.36676,-13.144531,86.11585,-179.80502,-200.04666,172.83984,210.09993,-217.30722,200.43866,-200.67833,-0.05314441,-0.013614179,-0.55258685,1.6649727,-0.8478926,0.07784209,0.046791386,-0.11395483,-0.61677635,1.5853772,-0.9481405,0.094636686,-1.3507957,-0.5954108,1.677856,-1.6517861,0.7971823,-6.24064,-6.8559084,0.81459045,3.3070455,-5.905792,11.511362,2.2050714
883,-0.025058648,-0.10353256,0.5722425,-0.09685041,-0.062772244,-0.9933175,1.0,0.0,0.0,-0.099836655,-0.01832719,0.25176156,0.07317996,-0.012208223,0.04643429,0.014258404,-0.10530175,0.19777173,-0.036014557,-0.06732428,0.04056442,-0.37302142,-0.016146122,-0.008701282,0.12553914,0.3611956,-0.07115277,-0.039568286,0.057852108,-0.010467879,0.05518011,0.3040383,-0.54734635,0.7689914,-1.162135,-0.9191123,-1.279806,-0.17042452,0.9168194,0.7547637,1.0096931,0.8369305,0.16474374,-0.47846168,0.3813635,-196.54698,184.96289,199.71014,183.65193,199.98532,65.14147,131.13419,50.36992,-336.8454,244.58197,-55.20839,-149.14839,-0.099836655,-0.01832719,-0.54823846,1.67318,-0.81220824,0.04643429,0.014258404,-0.10530175,-0.6022283,1.5639855,-0.8673243,0.04056442,-7.460428,-0.32292244,-0.17402562,2.5107827,7.223912,-1.4230554,-0.7913657,1.1570421,-0.20935757,1.1036022,6.0807657,-10.946927
884,-0.05643088,-0.1540084,-0.15911576,-0.10241612,-0.06034583,-0.99290955,1.0,0.0,0.0,-0.1305295,-0.025592066,0.24818271,0.08861685,-0.014047742,0.10957013,0.06519092,-0.08520912,0.20321399,-0.010567188,-0.09082818,0.007167564,0.025776342,-0.050896745,-0.024968531,0.035162043,-0.2758381,0.6366946,0.49931842,0.14403972,0.0643514,0.17994061,-0.4382803,0.14458172,1.1432511,0.8777533,0.26776034,-0.7299901,-0.8473011,0.090991676,-0.8121846,-0.940989,-0.4971359,-1.5976375,-0.06170427,0.79763424,200.28131,-201.72041,-204.12372,-219.51395,-110.725204,199.92216,195.6304,265.3578,146.86139,159.41066,-200.77243,201.22783,-0.1305295,-0.025592066,-0.5518173,1.6886169,-0.81404775,0.10957013,0.06519092,-0.08520912,-0.596786,1.5894328,-0.8908282,0.007167564,0.51552683,-1.0179349,-0.4993706,0.7032409,-5.516762,12.733892,9.986368,2.8807943,1.287028,3.598812,-8.765606,2.8916345
885,-0.086274564,0.14797059,-0.02970964,-0.101948574,-0.057908073,-0.9931028,1.0,0.0,0.0,-0.078739196,-0.01758278,0.24840611,0.07206607,-0.14476103,0.1617894,0.11306927,-0.067502305,0.20124823,0.00927639,-0.10963786,0.11214947,0.4512855,0.11294528,0.016023224,-0.17855094,-0.9626171,-0.033393092,0.028793786,0.038904022,-0.06849389,0.034445085,0.083880655,0.8363509,-0.2080715,-1.2136053,-0.39973032,0.23525077,0.60539925,-0.86968255,-0.84641886,1.1027318,1.001816,-1.3699803,0.38474977,-0.510137,210.05014,163.70364,-1.8836231,-233.6133,-200.25728,-154.8432,-199.61069,-201.09575,-205.55426,-220.93237,36.787025,199.9234,-0.078739196,-0.01758278,-0.5515939,1.6720661,-0.94476104,0.1617894,0.11306927,-0.067502305,-0.5987518,1.6092764,-0.90963787,0.11214947,9.02571,2.2589056,0.3204645,-3.5710187,-19.252342,-0.6678618,0.5758757,0.77808046,-1.3698777,0.68890166,1.6776131,16.727018
886,0.1869119,0.077296205,0.23344117,-0.09765243,-0.059301782,-0.9934522,1.0,0.0,0.0,-0.04163789,-0.01689695,0.233783,0.06365633,-0.26040643,0.07800435,0.07708071,-0.06505103,0.19679934,-0.0017683506,-0.052485883,0.1883336,-0.033881783,-0.092596136,-0.14035898,0.065693684,-0.26337102,-0.7334194,-0.34671468,-0.030838704,-0.037933268,-0.037839923,0.21474008,-0.06910608,-0.8637219,0.8566528,0.72349596,-0.7476767,0.6543589,0.70201874,0.7100259,-0.95097494,-0.7008977,0.46820062,-0.57169384,0.11222623,-199.03462,-208.45647,-199.49857,178.83488,200.20105,-200.24858,-156.5906,83.62225,-122.43419,57.74901,-74.59,-282.07623,-0.04163789,-0.01689695,-0.566217,1.6636564,-1.0604064,0.07800435,0.07708071,-0.06505103,-0.6032007,1.5982317,-0.8524859,0.1883336,-0.67763567,-1.8519226,-2.8071797,1.3138736,-5.2674203,-14.668388,-6.9342933,-0.6167741,-0.7586653,-0.75679845,4.2948017,-1.3821216
887,-0.012723366,0.09727712,0.54092836,-0.09514877,-0.060823742,-0.9936032,1.0,0.0,0.0,-0.08745747,-0.027515968,0.2235753,0.046536922,-0.23819774,0.00523353,0.04349539,-0.067826994,0.17121422,0.022314668,-0.08501446,0.16271538,-0.38954613,-0.01935702,0.021581348,-0.20864132,0.41736752,-0.061769515,-0.01996066,-0.002483613,-0.2005755,0.24824038,-0.47130919,-0.12541014,0.5570276,-1.2251171,-0.39870107,-0.92396134,0.17265952,0.9466756,0.6522119,1.0563159,1.1205378,-1.0930711,-0.50469935,-0.4900476,-203.28064,216.06107,201.60107,-216.0758,200.1766,200.28177,200.52959,-203.85791,-205.31508,177.76077,-200.10559,6.682731,-0.08745747,-0.027515968,-0.5764247,1.646537,-1.0381978,0.00523353,0.04349539,-0.067826994,-0.6287858,1.6223147,-0.8850145,0.16271538,-7.7909226,-0.3871404,0.43162695,-4.1728263,8.34735,-1.2353903,-0.3992132,-0.04967226,-4.01151,4.9648075,-9.426184,-2.5082028
888,0.06079233,0.06538393,-0.2740756,-0.09189804,-0.06177557,-0.99385035,1.0,0.0,0.0,-0.12006006,-0.037877712,0.22310048,0.0003502369,-0.11504108,0.06413993,0.09499195,-0.06019572,0.15814453,0.0388968,-0.22790581,0.06147771,0.007019438,-0.07694604,-0.0455489,-0.09291828,0.41324836,0.4767292,0.4853656,0.07319391,0.048983935,-0.060296346,-0.72695464,-0.81848556,1.3151867,0.89660835,0.8038362,1.2834635,-0.6879252,-0.032388356,-0.9430875,-1.0174083,-0.4003937,-0.9148991,0.58766156,-0.08759695,140.01157,-163.49306,295.59723,852.3339,-234.41606,49.093628,203.0775,192.2817,183.87474,-225.9382,68.350296,-200.6963,-0.12006006,-0.037877712,-0.5768995,1.6003503,-0.9150411,0.06413993,0.09499195,-0.06019572,-0.6418555,1.6388968,-1.0279058,0.06147771,0.14038876,-1.5389208,-0.910978,-1.8583655,8.264967,9.534584,9.707312,1.4638782,0.9796787,-1.2059269,-14.539093,-16.36971
889,0.07129896,0.13892646,-0.07287883,-0.087286495,-0.06501311,-0.99405944,1.0,0.0,0.0,-0.073745854,-0.040849026,0.21710598,0.0030215979,-0.12027663,0.079114735,0.14210805,-0.057506096,0.15996772,0.013727069,-0.29584342,-0.029654132,0.4245976,0.03764671,-0.018463472,0.069719836,-0.34759685,-0.18694794,0.028611058,-0.033974193,-0.022860229,-0.1779354,-0.023589604,-0.21947126,-0.5711883,-1.221351,-0.5879435,-1.0294646,0.37854755,-0.6957428,-0.66338223,1.2711827,1.0363255,1.2334986,0.43021095,0.44215924,200.36337,194.91187,199.83855,186.73424,-199.69733,-91.40754,-200.1021,-205.37439,-188.77402,-213.04778,200.37535,89.77596,-0.073745854,-0.040849026,-0.582894,1.6030216,-0.92027664,0.079114735,0.14210805,-0.057506096,-0.6400323,1.6137271,-1.0958434,-0.029654132,8.491952,0.7529342,-0.36926943,1.3943967,-6.9519367,-3.7389588,0.57222116,-0.67948383,-0.45720458,-3.558708,-0.47179207,-4.3894253
890,0.07462502,-0.0014273544,0.3022956,-0.08516765,-0.06748556,-0.9940785,1.0,0.0,0.0,-0.045533247,-0.036744755,0.21126509,0.016300082,-0.12870228,-0.03387867,0.11395856,-0.06720454,0.14984661,0.0022104979,-0.22675484,-0.0008681554,-0.07384995,0.015975777,-0.040387,0.065055765,0.16037002,-0.8739502,-0.2710683,-0.065775536,-0.09003017,0.042569723,0.6311733,0.41919908,-0.50384694,0.9159354,0.71282214,-0.30588752,-0.37209576,1.0665277,0.6335999,-1.0983868,-0.681522,-0.6458513,-0.2382535,0.30347273,-215.32588,142.19159,-218.54225,-86.52136,121.04772,-189.3289,-45.49939,-225.11655,-132.74725,239.77014,173.34906,116.32812,-0.045533247,-0.036744755,-0.5887349,1.6163001,-0.9287023,-0.03387867,0.11395856,-0.06720454,-0.6501534,1.6022105,-1.0267549,-0.0008681554,-1.476999,0.31951553,-0.80774,1.3011153,3.2074003,-17.479004,-5.421366,-1.3155107,-1.8006034,0.8513944,12.623466,8.383982
891,-0.0466481,0.00080110494,0.63944155,-0.085847475,-0.066187106,-0.9941073,1.0,0.0,0.0,-0.09051485,-0.033950165,0.22084773,0.014791012,-0.169864,-0.1341301,0.092072636,-0.08061819,0.13341129,0.008349776,-0.16522229,0.110044435,-0.308855,-0.008050302,0.10550547,-0.014724326,-0.41044107,-0.2025506,-0.023339193,-0.043217063,-0.06638266,0.06647752,0.08058383,0.5213135,0.7282988,-1.233767,-0.52427304,0.19896239,0.42071128,1.2649167,0.34080082,1.0580711,0.9888325,0.5051831,-0.8134003,-0.9242554,-69.60988,-205.25282,220.94817,114.47897,-50.73448,188.32953,70.182755,87.330536,209.65681,225.18178,-132.51883,-54.292473,-0.09051485,-0.033950165,-0.5791523,1.614791,-0.969864,-0.1341301,0.092072636,-0.08061819,-0.6665887,1.6083498,-0.9652223,0.110044435,-6.1770997,-0.16100603,2.1101093,-0.29448652,-8.208821,-4.051012,-0.46678385,-0.86434126,-1.3276532,1.3295504,1.6116766,10.42627
892,0.028782627,-0.09045489,-0.15012023,-0.08829964,-0.06531534,-0.99395025,1.0,0.0,0.0,-0.10492339,-0.04289401,0.22133541,0.044003963,-0.17524862,-0.0958489,0.14014632,-0.08098426,0.1299929,0.038695335,-0.22515446,0.13753204,0.11788161,-0.0740873,-0.07386433,0.2624698,0.28716117,0.5135812,0.42044526,0.03125356,0.021004906,0.21381871,-0.61552733,-0.17781302,1.0300965,0.83913004,0.557187,-1.4078296,0.23766017,0.16549028,-0.85179716,-1.0770682,-0.6144302,-1.3760244,0.42478448,-0.5462136,201.07672,-207.61494,-191.70525,86.584885,200.18799,199.96294,65.17745,236.02396,203.74835,184.8054,-199.55122,-199.54033,-0.10492339,-0.04289401,-0.5786646,1.644004,-0.97524863,-0.0958489,0.14014632,-0.08098426,-0.6700071,1.6386954,-1.0251545,0.13753204,2.3576322,-1.481746,-1.4772866,5.249396,5.743223,10.271624,8.408905,0.6250712,0.4200981,4.2763743,-12.310546,-3.5562603
893,-0.04221148,0.0027299244,0.10075441,-0.08975811,-0.06490961,-0.9938462,1.0,0.0,0.0,-0.0335301,-0.041320544,0.22627246,0.06373453,-0.053941607,0.00614165,0.17080912,-0.079817615,0.12536532,0.066223145,-0.27080196,0.02598021,0.5496687,0.07950865,0.10594832,-0.033273574,0.725218,0.4380152,-0.064815685,-0.018394941,-0.058779676,0.07512227,0.08829184,-0.8687337,-0.50815237,-1.1803795,-0.7384822,-1.659995,-0.24864212,-0.2535327,-0.56811714,1.0935009,0.95192504,-1.152362,0.5931173,-0.14961314,191.72139,252.55228,177.31857,-228.0991,-27.127493,-58.78166,-200.03084,-199.7676,-199.91243,-219.29092,200.0914,-200.02687,-0.0335301,-0.041320544,-0.57372755,1.6637346,-0.8539416,0.00614165,0.17080912,-0.079817615,-0.6746347,1.6662232,-1.070802,0.02598021,10.993374,1.5901729,2.1189663,-0.6654715,14.504359,8.7603035,-1.2963136,-0.36789882,-1.1755935,1.5024453,1.7658367,-17.374674
894,0.06666284,-0.020948593,0.390176,-0.091056265,-0.06472926,-0.99373984,1.0,0.0,0.0,0.020456938,-0.03582374,0.24499714,0.056613326,-0.004901588,0.012540672,0.11640552,-0.0829909,0.13083088,0.047451615,-0.17820525,-0.076624826,0.03664822,-0.01441846,0.09752225,-0.04836451,-0.101433635,-0.283577,-0.4417567,-0.012823668,0.09420457,-0.23121129,0.7697975,-0.27180707,-0.9750352,0.9381011,0.37432778,0.7963018,-0.17045447,0.2962606,0.9458746,-1.0546126,-0.33641306,-0.3593663,-0.3573593,0.86846936,-235.94113,-62.241966,-41.987305,-64.154526,-208.74725,-195.65181,-200.1642,191.82841,196.14523,-220.56726,200.02437,104.662575,0.020456938,-0.03582374,-0.55500287,1.6566133,-0.8049016,0.012540672,0.11640552,-0.0829909,-0.6691691,1.6474516,-0.97820526,-0.076624826,0.7329644,-0.2883692,1.9504449,-0.96729016,-2.0286727,-5.67154,-8.835134,-0.25647336,1.8840914,-4.6242256,15.39595,-5.4361415
895,0.080575936,0.050070725,0.639955,-0.09139395,-0.06572368,-0.9936435,1.0,0.0,0.0,-0.007870384,-0.038933296,0.26058894,0.06148827,-0.06386548,0.026593786,0.06564479,-0.09244338,0.14865077,-0.008983612,-0.09780544,-0.051684994,-0.2848216,-0.020773968,0.061262798,0.08407918,-0.3089725,0.35306132,-0.09455893,-0.07223903,0.08296325,-0.28140607,0.12515363,0.4719235,0.664165,-1.0743858,-0.69224584,-1.1727105,0.3175285,0.4710311,0.65011936,1.0461065,0.79672074,1.6539534,-0.34247634,0.056383148,-197.65129,186.42992,171.96274,181.737,57.24965,199.76875,179.55075,-136.38025,224.59286,530.5943,-103.66775,279.61795,-0.007870384,-0.038933296,-0.53941107,1.6614883,-0.8638655,0.026593786,0.06564479,-0.09244338,-0.65134925,1.5910164,-0.89780545,-0.051684994,-5.696432,-0.41547936,1.225256,1.6815836,-6.17945,7.0612264,-1.8911786,-1.4447805,1.6592649,-5.6281214,2.5030725,9.43847
896,0.04389359,-0.07207775,-0.22877902,-0.092600115,-0.06771002,-0.9933984,1.0,0.0,0.0,-0.020631962,-0.04686762,0.27065963,0.06805694,-0.05319327,0.16044068,0.1013183,-0.09364596,0.16536242,-0.025463462,-0.13999474,0.006984219,0.11198268,-0.05664111,0.012151022,0.0509377,0.22394562,0.7315777,0.39955395,0.04863732,0.10178931,0.016491992,-0.44167072,0.18292795,0.9684454,0.9087554,0.4572518,-0.60803705,0.42607552,-0.13259688,-0.73325986,-1.0790834,-0.52341855,0.5764877,0.29256916,-0.56166273,226.46115,-310.72327,-287.86493,202.92822,-39.43811,-100.20061,184.5287,293.91092,111.78239,194.61432,-58.47887,-50.426567,-0.020631962,-0.04686762,-0.5293404,1.668057,-0.8531933,0.16044068,0.1013183,-0.09364596,-0.6346376,1.5745366,-0.93999475,0.006984219,2.2396536,-1.1328222,0.24302045,1.018754,4.4789124,14.631554,7.991079,0.9727464,2.0357862,0.32983986,-8.833414,3.6585588
897,-0.14513661,-0.14526881,0.07353675,-0.09692415,-0.06542727,-0.993139,1.0,0.0,0.0,0.050129056,-0.037128255,0.27707392,0.08229661,-0.011710525,0.2066235,0.12672831,-0.085230365,0.16269773,0.006058216,-0.1517058,-0.032632317,0.5492383,0.14781776,0.05560717,0.07147057,0.2415308,-0.15032971,-0.09578447,0.032649137,-0.10637535,0.2724775,0.25490528,-0.5096553,-0.71820176,-1.290425,-0.7705898,0.47050858,-0.19107318,-0.12955208,-0.6629534,1.1182141,0.96460605,-1.4967968,0.50879055,-0.41999397,201.87148,258.0125,17.64212,-4.035782,39.332275,-237.2015,-200.38109,-199.08746,-194.32031,182.54991,200.14507,-199.99542,0.050129056,-0.037128255,-0.5229261,1.6822966,-0.81171054,0.2066235,0.12672831,-0.085230365,-0.6373023,1.6060582,-0.9517058,-0.032632317,10.984766,2.956355,1.1121434,1.4294114,4.830616,-3.0065942,-1.9156893,0.6529827,-2.127507,5.44955,5.0981054,-10.193106
898,0.010944008,-0.12597977,0.29441002,-0.10292176,-0.062491417,-0.99272454,1.0,0.0,0.0,0.10547592,-0.027205126,0.2696343,0.12519908,-0.03485173,0.111437604,0.06583847,-0.07892895,0.15630108,0.028739214,-0.025533676,-0.17243971,0.058146458,-0.03390653,-0.110635415,0.32731196,-0.33087936,-0.59932685,-0.4711928,0.028614482,0.026451973,-0.015221571,0.93888026,-0.6701191,-1.0848899,0.7019034,0.13098675,-1.2583573,-0.5882342,0.50611216,1.2936044,-0.9594108,-0.4316794,-1.7588929,-0.78011787,1.0803157,-199.45709,-205.84096,-190.36865,179.99513,-49.642925,20.60917,-198.78288,176.61327,216.72412,-213.53079,200.25089,79.389336,0.10547592,-0.027205126,-0.5303657,1.7251991,-0.83485174,0.111437604,0.06583847,-0.07892895,-0.64369893,1.6287392,-0.8255337,-0.17243971,1.1629292,-0.67813057,-2.2127082,6.5462394,-6.617587,-11.986537,-9.423856,0.57228965,0.52903944,-0.3044314,18.777605,-13.402382
899,-0.027775666,0.32072842,0.45678893,-0.09847574,-0.060574282,-0.9932941,1.0,0.0,0.0,0.0828435,-0.033513356,0.23626894,0.17327058,-0.17371124,0.06518281,0.010927611,-0.0785815,0.14334214,0.03338456,0.052172422,-0.21711944,-0.25492665,-0.025292564,-0.1972646,0.16318594,-0.94055146,0.06997412,-0.1130041,-0.021386504,-0.1119509,0.027729962,0.01735893,0.11712142,0.4438007,-1.1082572,0.0459385,-1.5141275,0.55798256,0.2092177,0.6667644,0.98169506,0.8447609,0.09044905,-0.70323145,0.5695409,-203.81993,219.67207,-57.2809,-226.29788,-63.11123,200.50725,198.33846,-247.9772,-102.46373,-107.94962,-209.17706,198.95972,0.0828435,-0.033513356,-0.5637311,1.7732706,-0.97371125,0.06518281,0.010927611,-0.0785815,-0.6566579,1.6333846,-0.7478276,-0.21711944,-5.0985327,-0.50585127,-3.9452918,3.2637186,-18.81103,1.3994824,-2.260082,-0.42773008,-2.239018,0.5545992,0.3471786,2.3424284
900,-0.0713575,0.26665297,-0.31151617,-0.086446315,-0.058360506,-0.9945457,1.0,0.0,0.0,0.074008405,-0.041216157,0.19322318,0.19184804,-0.28445035,0.114034325,0.046639446,-0.07405888,0.13575137,0.039278388,-0.021718979,-0.11753724,0.12763396,-0.049923126,-0.21504493,0.03000778,-0.23827556,0.25778362,0.4158043,0.0584063,0.029186135,0.027259681,-0.68520266,0.8095059,0.6551795,0.7802804,0.9166258,-1.246902,0.14828402,-0.3119783,-0.3931109,-1.0251936,-0.24564144,-1.0130123,-0.03160295,0.0016034711,200.90486,-210.69727,-113.10308,-225.52747,199.967,-29.761875,201.7942,199.37653,181.88847,48.06226,-200.55093,199.81383,0.074008405,-0.041216157,-0.60677683,1.7918481,-1.0844504,0.114034325,0.046639446,-0.07405888,-0.66424865,1.6392784,-0.821719,-0.11753724,2.552679,-0.9984625,-4.3008986,0.6001556,-4.765511,5.155672,8.316086,1.168126,0.5837227,0.5451936,-13.704053,16.190117
901,-0.07787281,0.26954776,-0.058666274,-0.07537005,-0.055973656,-0.9955834,1.0,0.0,0.0,0.1446445,-0.036267467,0.17124498,0.16802716,-0.25713855,0.090007,0.076611064,-0.07012285,0.13620925,0.028377771,-0.08166206,-0.030343141,0.5380827,0.081378065,-0.02416238,-0.2410564,0.44371438,-0.4294816,-0.06716084,-0.012157419,-0.018278781,-0.11997136,-0.0024401795,0.17268863,-0.44293636,-1.1367209,-0.16771102,-0.24885616,0.27305692,-0.15890688,-0.98057204,1.1851972,1.2940893,0.2147813,0.7230073,-0.77313006,211.17426,134.21548,197.10211,-220.46387,200.723,-201.39333,-200.50899,-196.58885,-197.65987,-214.48087,139.58742,-107.59213,0.1446445,-0.036267467,-0.62875503,1.7680272,-1.0571386,0.090007,0.076611064,-0.07012285,-0.66379076,1.6283778,-0.8816621,-0.030343141,10.761654,1.6275612,-0.4832476,-4.821128,8.874288,-8.589632,-1.3432168,-0.24314837,-0.3655756,-2.3994272,-0.04880359,3.4537725
902,-0.16808721,0.29062426,0.238872,-0.064582616,-0.05067627,-0.9966247,1.0,0.0,0.0,0.20083858,-0.032026716,0.16296625,0.106535435,-0.09972584,-0.0046881563,0.019450124,-0.06326826,0.12896228,0.015560985,-0.007997513,-0.07450801,0.07184964,-0.024215713,-0.051969286,-0.36350593,0.9299259,-0.41859213,-0.46515036,0.07404556,-0.051698048,-0.018508507,0.6715919,-0.5429516,-1.001985,1.0171604,1.0482352,1.3887656,-0.32014003,1.3756502,1.2004449,-1.0162892,-0.4337404,-1.4482901,-0.54048544,0.7190304,-199.44371,-219.95444,-161.8614,-215.96907,-33.831905,53.000374,-202.07077,218.25554,232.00404,197.22887,200.56714,-199.91277,0.20083858,-0.032026716,-0.63703376,1.7065355,-0.89972585,-0.0046881563,0.019450124,-0.06326826,-0.67103773,1.615561,-0.8079975,-0.07450801,1.4369928,-0.48431426,-1.0393857,-7.2701187,18.598518,-8.371842,-9.303007,1.4809111,-1.0339609,-0.37017015,13.431837,-10.859032
903,-0.055655915,0.24945958,0.5256235,-0.054621335,-0.045644127,-0.99746335,1.0,0.0,0.0,0.17543434,-0.036953658,0.15913951,0.045241714,0.008397341,-0.014774664,-0.034163795,-0.058621615,0.1179291,0.012044549,0.032449543,-0.097593285,-0.28738865,-0.028955538,0.008020462,-0.2361965,0.21015556,0.25203007,-0.10522939,-0.020645386,-0.047503233,-0.034761082,-0.1342396,0.21675633,-0.0030916855,-1.0868443,-0.033142626,1.6404163,-0.39543226,0.8347843,0.7938844,1.0310733,1.2107642,-0.19950004,-0.2059781,0.016147034,-170.2891,-85.462296,708.3353,672.0908,-229.0955,198.35431,199.18503,-230.02258,-162.87872,-175.69225,-204.0718,198.53955,0.17543434,-0.036953658,-0.6408605,1.6452417,-0.7916027,-0.014774664,-0.034163795,-0.058621615,-0.6820709,1.6120446,-0.76755047,-0.097593285,-5.7477727,-0.57911074,0.16040923,-4.72393,4.203111,5.0406013,-2.1045878,-0.4129077,-0.95006466,-0.6952216,-2.684792,4.3351264
904,0.05655529,0.30752084,-0.02735266,-0.043570478,-0.04521617,-0.9980266,1.0,0.0,0.0,0.108856104,-0.05599049,0.14016616,0.040045977,-0.034593165,0.105098,-0.003700927,-0.063042134,0.1283369,-0.016734242,-0.050629377,-0.054081563,-0.3104428,-0.14493091,-0.18150046,0.10566228,-0.5332186,0.90403813,0.35315207,-0.038467355,0.11411047,-0.2216525,-0.5063126,0.18698221,0.9061131,0.80127054,0.98451257,-0.084916055,-0.11691627,-0.6382158,-0.22719195,-1.0131462,-0.23770699,0.908218,0.22999954,-0.27029067,40.10969,-155.11688,-243.11862,159.68594,-200.38222,201.0576,186.6524,-131.31412,15.098465,-141.74907,-6.276375,-29.939213,0.108856104,-0.05599049,-0.65983385,1.640046,-0.8345932,0.105098,-0.003700927,-0.063042134,-0.6716631,1.5832658,-0.8506294,-0.054081563,-6.208856,-2.8986182,-3.6300092,2.1132455,-10.664372,18.080763,7.063041,-0.7693471,2.2822094,-4.4330497,-10.126252,3.7396443
905,-0.051203005,0.24615026,0.16524547,-0.03301453,-0.04514984,-0.99843454,1.0,0.0,0.0,0.09002717,-0.07105579,0.12682277,0.037910342,-0.08568275,0.2063277,0.01207769,-0.0662156,0.1233328,-0.02000916,-0.08726847,-0.074653834,0.08860702,-0.017259836,0.02471502,-0.12138613,-0.116291836,0.19522074,-0.13240574,-0.009603585,-0.12941611,0.12931022,0.09103104,-0.3532121,0.23890379,-1.0607026,9.457953e-05,-0.15384096,0.30163604,-0.8104438,-0.9266354,1.1117579,1.1022644,-0.24269785,0.9245942,-0.85327566,199.8204,199.89394,203.0989,-171.78264,45.345116,-200.1448,-199.97482,-194.78635,-199.45827,184.70154,199.97781,-131.57896,0.09002717,-0.07105579,-0.67317724,1.6379104,-0.88568276,0.2063277,0.01207769,-0.0662156,-0.6766672,1.5799909,-0.8872685,-0.074653834,1.7721404,-0.34519672,0.49430037,-2.4277227,-2.3258367,3.9044147,-2.648115,-0.19207169,-2.5883222,2.5862043,1.8206208,-7.0642414
906,0.049050424,0.28692713,0.11422409,-0.022782031,-0.045152247,-0.9987204,1.0,0.0,0.0,0.13193733,-0.07029889,0.12591279,0.025764108,-0.0769974,0.17163634,-0.046774585,-0.05678,0.097741485,7.8082085e-05,-0.044773698,-0.19563395,0.24623628,0.022927472,-0.036669746,-0.027780918,0.18640248,-0.4642037,-0.45900485,0.0863001,-0.12235969,0.06629253,0.2775118,-0.83406556,-0.830664,0.8946143,0.9678711,0.76243573,0.64440185,-0.29842913,1.2082943,-1.0331646,-0.5036243,0.59172326,-0.73835325,0.6367461,7.8390427,191.07648,-125.169044,42.07271,99.80679,-179.31927,-190.04897,429.16647,-10.736542,199.82512,-109.13699,-95.11219,0.13193733,-0.07029889,-0.6740872,1.6257641,-0.8769974,0.17163634,-0.046774585,-0.05678,-0.7022585,1.6000781,-0.8447737,-0.19563395,4.9247255,0.45854944,-0.7333949,-0.55561835,3.7280495,-9.284074,-9.180097,1.726002,-2.4471939,1.3258506,5.550236,-16.68131
907,0.016975967,0.15164407,0.4045637,-0.014749426,-0.04617296,-0.9988246,1.0,0.0,0.0,0.14305657,-0.05500013,0.10805231,0.04282832,-0.0034325123,0.01615155,-0.09678222,-0.04577742,0.060326874,0.04626906,-0.06466544,-0.28284195,-0.105343856,0.10434121,-0.12262905,0.17222518,0.5393374,-0.8475589,-0.07845893,0.025586728,-0.24142836,0.36454523,-0.40782723,-0.10999304,-0.75997704,-1.071707,0.011239396,-1.3191874,-0.009935439,1.7497133,0.72953933,0.86199963,0.98613894,-1.6265757,0.060996763,0.92956567,-200.52258,210.68088,197.5964,174.26456,199.89284,99.07717,200.6322,-187.03394,-201.79279,175.76198,-200.08466,200.47626,0.14305657,-0.05500013,-0.6919477,1.6428283,-0.8034325,0.01615155,-0.09678222,-0.04577742,-0.73967314,1.6462691,-0.86466545,-0.28284195,-2.106877,2.0868242,-2.452581,3.4445035,10.786748,-16.951178,-1.5691786,0.51173455,-4.828567,7.2909045,-8.156545,-2.1998608
908,0.006750779,0.117057785,0.27354747,-0.010021138,-0.0464338,-0.9988711,1.0,0.0,0.0,0.08006902,-0.04434692,0.09013927,0.06446195,0.03028649,-0.07572815,-0.06508664,-0.035564993,0.03417027,0.08705711,-0.07194328,-0.22944131,-0.4842424,0.012529099,-0.06353713,0.060402095,-0.050844103,-0.14096092,0.35043815,0.07086717,-0.041727506,0.07463631,0.22907262,0.5756224,0.6633831,0.9868231,0.8141054,-0.13108808,0.43545926,1.3381563,0.1269091,-1.2385652,-0.39827952,-1.8521957,0.068394415,0.13332325,-196.62796,-207.72534,45.646355,-71.97583,-63.496082,206.74847,200.23337,196.4986,167.8985,-232.22589,100.63607,200.23897,0.08006902,-0.04434692,-0.70986074,1.664462,-0.7697135,-0.07572815,-0.06508664,-0.035564993,-0.76582974,1.6870571,-0.8719433,-0.22944131,-9.684848,0.25058198,-1.2707425,1.2080419,-1.0168821,-2.8192182,7.008763,1.4173434,-0.8345501,1.4927262,4.5814524,11.512447
909,-0.09696199,0.11699994,0.20701237,-0.0058265757,-0.044623792,-0.99898684,1.0,0.0,0.0,0.027332174,-0.043605346,0.08819246,0.059156537,0.060289025,-0.028869683,0.008940935,-0.026761288,0.024973452,0.08664954,-0.018289506,-0.09304551,-0.09512237,-0.017839504,0.01428803,-0.08027469,0.25147396,0.5430386,0.34184933,0.027502,-0.049976047,-0.06593447,0.2410767,0.615272,1.2344848,-1.2893554,-0.25721478,0.81457025,0.5036309,0.18231528,-1.1993723,0.9873487,1.1090618,-0.6755205,-0.22204444,-0.31132218,178.84598,-317.78046,-70.52008,-92.74618,37.738586,189.998,-55.35746,-232.78152,-218.43518,-225.66724,-35.049763,-78.64343,0.027332174,-0.043605346,-0.71180755,1.6591566,-0.739711,-0.028869683,0.008940935,-0.026761288,-0.77502656,1.6866496,-0.8182895,-0.09304551,-1.9024473,-0.3567901,0.28576058,-1.6054939,5.029479,10.860772,6.8369865,0.55004,-0.99952096,-1.3186893,4.8215337,12.305439
910,0.060441557,0.113909155,-0.05692565,-0.0013893921,-0.044146635,-0.99902415,1.0,0.0,0.0,0.054468006,-0.053942677,0.06280637,0.083129525,0.15314174,0.057551768,0.03377199,-0.016553322,0.034948528,0.04405999,-0.043773234,-0.04939854,0.3271877,-0.07822903,-0.23391043,0.26859894,0.6631936,0.34899387,-0.055817038,0.071290575,0.13191752,-0.3348096,-0.36903235,-0.10638424,-0.50902265,0.7840235,0.78876776,-0.85128456,-0.93134904,-0.34041724,-0.0023977216,-1.0154878,-0.41303483,0.8311303,-0.5715607,-0.12585652,215.34155,-119.00327,-310.05954,188.80238,131.45224,-54.225677,-200.28853,186.52429,207.00145,-220.96945,-67.51589,-200.21178,0.054468006,-0.053942677,-0.73719364,1.6831295,-0.6468583,0.057551768,0.03377199,-0.016553322,-0.7650515,1.64406,-0.84377325,-0.04939854,6.5437536,-1.5645807,-4.6782084,5.3719788,13.263871,6.9798775,-1.1163408,1.4258115,2.6383505,-6.696192,-7.3806467,-2.1276848
911,-0.07381072,0.09424862,0.46376052,0.002367834,-0.043573726,-0.9990474,1.0,0.0,0.0,0.07140187,-0.05711946,0.036529362,0.110205054,0.2100606,0.049366344,0.018655183,-0.0057009845,0.042736232,0.0062144995,-0.18818653,-0.076710336,-0.11195641,0.037691582,-0.048919726,0.027272085,-0.023949647,-0.36013696,-0.07476316,0.039430924,-0.038159437,-0.06954624,-0.91458577,-0.1250066,-1.1535144,-1.1267058,-0.43391594,-0.52753943,-1.058061,-0.09454365,0.7158592,0.98612344,1.271747,-0.5337692,0.92393976,0.56226254,-200.07172,200.32672,201.28188,-215.28534,-200.18066,-200.02034,21.196264,-201.24557,-197.04959,179.60176,-7.88252,9.767228,0.07140187,-0.05711946,-0.76347065,1.7102051,-0.5899394,0.049366344,0.018655183,-0.0057009845,-0.7572638,1.6062145,-0.98818654,-0.076710336,-2.239128,0.7538316,-0.9783945,0.5454417,-0.47899294,-7.2027392,-1.4952631,0.78861845,-0.7631887,-1.3909247,-18.291716,-2.500132
912,-0.024432203,0.16943951,0.23746113,0.0073236893,-0.04166623,-0.99910474,1.0,0.0,0.0,0.006210438,-0.05752307,0.021432817,0.101959825,0.13142467,-0.009692052,0.049978938,0.0035051208,0.05298513,-0.041697025,-0.29608172,-0.02613828,-0.5012858,-0.031293746,-0.09619728,-0.097632326,-0.6952941,-0.23657344,0.3462372,0.047444396,0.12494027,-0.38055095,-0.23301962,0.56178904,1.110608,0.79399496,0.79507923,1.2461333,0.146146,0.7925932,-0.16058177,-0.94329953,-0.43906102,0.5023065,0.60191816,0.66352564,-200.21587,-138.35478,-209.20473,-223.00708,-200.24141,38.101124,201.72249,163.92262,177.01834,-235.2844,199.772,198.95493,0.006210438,-0.05752307,-0.7785672,1.7019598,-0.66857535,-0.009692052,0.049978938,0.0035051208,-0.7470149,1.558303,-1.0960817,-0.02613828,-10.025716,-0.6258749,-1.9239455,-1.9526465,-13.905882,-4.7314687,6.924744,0.9488879,2.4988053,-7.6110187,-4.6603923,11.235781
913,-0.08588455,0.05330533,0.51919854,0.010273792,-0.039878193,-0.9991518,1.0,0.0,0.0,-0.050823912,-0.057063036,0.010290563,0.09540951,0.066390455,0.019544639,0.08525953,-0.0022345048,0.0469082,-0.048019886,-0.2573592,0.13140409,-0.10850014,0.030351976,-0.030463893,0.021516308,-0.022391466,0.45891935,0.029124344,-0.070176475,-0.14399238,0.16206555,0.50739104,1.0412966,1.0141547,-1.3182033,-0.55700266,-0.76690894,0.31202397,-0.15162723,-1.3380233,0.9507593,1.139888,-0.00082166493,-0.015879743,-0.30948564,199.77992,201.78783,204.78262,186.20442,199.9897,200.03748,-184.54414,-343.91068,-267.14093,201.46695,193.40848,178.16132,-0.050823912,-0.057063036,-0.78970945,1.6954095,-0.73360956,0.019544639,0.08525953,-0.0022345048,-0.7530918,1.5519801,-1.0573592,0.13140409,-2.1700027,0.6070395,-0.60927784,0.43032616,-0.4478293,9.178387,0.58248687,-1.4035295,-2.8798475,3.241311,10.14782,20.825932
914,-0.008368582,0.039837714,0.27374995,0.011390045,-0.038396087,-0.9991977,1.0,0.0,0.0,-0.029162457,-0.061026298,0.0036728382,0.08579552,0.12844115,0.03784739,0.052380756,-0.014198265,0.025053322,-0.022896647,-0.16394019,0.24952051,0.28618336,-0.06129414,-0.033814587,-0.10319238,0.44961128,-0.20896228,-0.32698616,-0.045140292,-0.076079585,0.09043728,0.39439446,0.22997455,0.09461437,0.85236317,0.86974776,0.31666344,-0.5848714,-0.1811201,0.9528777,-1.017398,-0.46565577,-1.1524029,-0.96064943,-0.7177925,197.36693,-223.15225,-176.64293,-206.99742,-6.0063086,-200.34856,-179.2514,62.589584,106.02572,-34.167587,-52.40445,-224.51231,-0.029162457,-0.061026298,-0.7963272,1.6857955,-0.67155886,0.03784739,0.052380756,-0.014198265,-0.7749467,1.5771034,-0.9639402,0.24952051,5.723667,-1.2258828,-0.6762917,-2.0638475,8.992226,-4.1792455,-6.5397234,-0.9028058,-1.5215917,1.8087455,7.887889,4.599491
915,0.00029103298,0.04841327,0.28415653,0.012748917,-0.038407646,-0.9991808,1.0,0.0,0.0,0.02291584,-0.065919675,-0.00010460615,0.077459216,0.14059383,-0.038965393,0.029888228,-0.028574755,0.009656191,-0.010386467,-0.15514404,0.22359267,0.22423072,0.004587073,-0.008236691,0.009183319,-0.25746727,-0.3818588,0.073546104,-0.105513625,-0.076204546,0.019321524,-0.25798446,-0.42890236,-1.0103729,-1.2314264,-0.31119034,-1.5569429,0.18901333,0.6160734,0.74482435,1.2430063,1.08851,-0.06278591,0.03604587,-0.48977134,-49.461132,192.60878,203.46107,186.78171,-199.79353,42.584866,198.44447,-208.87367,-186.03036,-212.3512,-199.62294,-200.33344,0.02291584,-0.065919675,-0.8001046,1.6774592,-0.6594062,-0.038965393,0.029888228,-0.028574755,-0.7903438,1.5896136,-0.95514405,0.22359267,4.4846144,0.09174146,-0.16473383,0.18366638,-5.1493454,-7.637176,1.470922,-2.1102724,-1.5240909,0.38643047,-5.159689,-8.578047
916,0.027799165,0.09162272,0.042295333,0.0155271385,-0.039189667,-0.99911106,1.0,0.0,0.0,0.027276583,-0.07234064,-0.0083017945,0.06457174,0.14384848,-0.03924853,0.08773482,-0.046238944,0.008690834,-0.024918556,-0.13414997,0.06136816,-0.14378788,-0.05938297,-0.06523883,-0.12172734,0.10655719,0.30996507,0.46732244,-0.07355707,0.048113573,-0.12409226,0.34463376,-1.1242888,0.7911448,0.8156696,0.83597535,-0.12458372,-0.5697232,0.27888238,-0.6637844,-1.0165046,-0.5608096,-0.15895338,0.056503586,0.3516132,-199.96788,-185.07507,-197.03691,-217.00429,4.4154706,200.35712,198.0099,193.09476,244.71642,21.20636,73.89969,-200.07033,0.027276583,-0.07234064,-0.8083018,1.6645718,-0.65615153,-0.03924853,0.08773482,-0.046238944,-0.7913092,1.5750815,-0.93415,0.06136816,-2.8757575,-1.1876594,-1.3047767,-2.4345467,2.1311438,6.1993012,9.346449,-1.4711415,0.96227145,-2.4818451,6.892675,-22.485775
917,-0.059397586,0.16840114,0.26842582,0.020893764,-0.03837294,-0.999045,1.0,0.0,0.0,0.040622253,-0.0782393,-0.000841856,0.0143687725,0.08918339,0.06842911,0.13700807,-0.06309573,0.010340989,-0.05558324,-0.05988425,-0.08607534,0.23912144,-0.0062808245,0.11072117,-0.3242896,-0.58594793,0.5515637,0.053338706,-0.07885302,-0.032621738,-0.13313428,0.34366244,-0.39252484,0.77295876,-1.1811007,-0.42088822,0.36125857,0.16561753,-0.7991915,-0.8207509,1.052026,0.91334486,1.5139318,-0.76294464,0.38995567,200.24765,182.22801,208.09843,-38.214973,-200.11696,-51.65298,-248.77942,381.17798,169.33017,404.37106,22.189236,310.741,0.040622253,-0.0782393,-0.80084187,1.6143688,-0.7108166,0.06842911,0.13700807,-0.06309573,-0.789659,1.5444168,-0.85988426,-0.08607534,4.7824287,-0.12561649,2.2144234,-6.4857917,-11.718959,11.031273,1.0667741,-1.5770603,-0.6524347,-2.6626854,6.8732486,-7.850497
918,0.013956527,0.040624697,0.0375481,0.02454217,-0.037928257,-0.9989791,1.0,0.0,0.0,0.13476223,-0.091145396,0.0066276193,-0.018245816,0.048088193,0.10469877,0.10735773,-0.07228281,0.0041540265,-0.053591967,-0.061335027,-0.086302444,0.6587677,-0.11092049,-0.020809138,-0.02770525,0.10604997,-0.12154319,-0.29940686,-0.033861205,-0.037963927,0.11756773,-0.30895135,0.2975355,-0.8669399,0.86458296,0.326707,-0.5835206,0.38585544,-0.73240167,0.9248544,-1.1263036,-0.2807192,-0.09388827,-0.5271704,0.69302326,191.20529,-244.61673,-135.87584,217.84113,200.52888,-200.96022,-185.93027,15.989105,164.97914,260.92438,-194.25156,191.9543,0.13476223,-0.091145396,-0.7933724,1.5817542,-0.7519118,0.10469877,0.10735773,-0.07228281,-0.795846,1.546408,-0.86133504,-0.086302444,13.175354,-2.2184098,-0.41618276,-0.554105,2.1209993,-2.4308639,-5.9881372,-0.6772241,-0.75927854,2.3513546,-6.179027,5.95071
919,-0.11070579,0.089216076,0.22604841,0.027215024,-0.036396533,-0.9989668,1.0,0.0,0.0,0.2181769,-0.09341318,0.004676521,-0.01554966,0.07592785,0.005931005,0.09452343,-0.08939957,-0.0015583634,-0.03808391,-0.1875673,0.05463611,0.22047463,0.06056362,-0.042427808,0.06747799,0.052384026,-0.6836324,0.12414767,-0.119137004,-0.02069596,0.030784586,-0.8086071,1.0315337,-0.92935705,-1.1716955,-0.47728717,0.23326933,-0.50349826,-0.16443196,0.7963748,1.1314198,1.0301366,0.79133445,0.32456464,-0.29986584,-194.8609,216.15004,18.216064,186.90842,-61.146072,-93.19127,198.09859,-204.50362,-185.62466,-159.44656,-7.7989693,199.69467,0.2181769,-0.09341318,-0.7953235,1.5844504,-0.72407216,0.005931005,0.09452343,-0.08939957,-0.8015584,1.5619161,-0.9875673,0.05463611,4.4094925,1.2112724,-0.84855616,1.3495598,1.0476805,-13.672647,2.4829533,-2.38274,-0.4139192,0.6156917,-16.172142,20.630674
920,-0.08217106,0.03250072,-0.010777302,0.029399285,-0.032649744,-0.9990344,1.0,0.0,0.0,0.22153905,-0.08568967,-0.025859058,0.030361176,0.010649085,-0.07453165,0.16505344,-0.10980215,-0.00072431564,-0.016488314,-0.27495056,0.18400207,-0.1495021,0.022582365,-0.2372979,0.35151666,-0.63601226,-0.2651808,0.5409176,-0.08613354,0.02662288,0.17292106,-0.13244095,0.33191264,0.35686296,0.85725874,0.9055052,-1.401596,-0.12881786,1.1471776,-0.60198796,-0.9379083,-0.40784588,-1.5719795,0.5884487,-0.7865596,-197.79057,-188.15622,-200.8794,102.64049,-200.14897,55.487087,198.29579,236.79646,242.97227,204.48433,201.00966,-199.36548,0.22153905,-0.08568967,-0.82585907,1.6303612,-0.7893509,-0.07453165,0.16505344,-0.10980215,-0.8007243,1.5835117,-1.0749506,0.18400207,-2.990042,0.45164728,-4.745958,7.030333,-12.720244,-5.3036156,10.818351,-1.7226708,0.5324576,3.4584212,-2.648819,6.6382527
921,-0.13383065,0.113307685,0.24739026,0.032280035,-0.02843079,-0.99907434,1.0,0.0,0.0,0.23189448,-0.07874011,-0.052281916,0.06804371,-0.059259653,-0.051733647,0.22419341,-0.12678029,-0.0028814673,0.0022405386,-0.22405738,0.17498136,0.1855477,0.0465452,-0.04831412,0.057760935,-0.21399724,0.423383,0.09251593,-0.087012105,-0.04449265,0.027865816,0.5710661,-0.35360318,0.39941347,-1.1633599,-0.1424199,-1.831364,0.60409784,-0.08923146,-0.8731516,1.1582838,1.0840473,-1.1751,0.17786568,-0.8292937,106.53346,194.15453,188.66684,-221.64633,51.476437,199.86646,-203.28049,-202.4228,-179.37883,-209.17674,200.59421,-200.02026,0.23189448,-0.07874011,-0.8522819,1.6680437,-0.85925967,-0.051733647,0.22419341,-0.12678029,-0.8028815,1.6022406,-1.0240574,0.17498136,3.710954,0.930904,-0.96628237,1.1552187,-4.279945,8.46766,1.8503186,-1.7402421,-0.889853,0.5573163,11.421322,-7.0720634
922,-0.024955872,0.12658718,0.21947789,0.036741186,-0.025738759,-0.9989933,1.0,0.0,0.0,0.28780693,-0.080948345,-0.058846712,0.061756372,-0.024669707,-0.03403739,0.19732828,-0.13503139,0.0042591095,-0.02709353,-0.07807052,0.025864597,0.29326007,-0.05604713,-0.022918861,-0.103678875,0.48975357,-0.09076982,-0.3238427,-0.0049986197,0.100426376,-0.29151794,0.68305546,-1.0669802,-0.79267925,0.94311583,0.48063803,-0.11516386,-0.23149443,-0.8791888,0.9082358,-1.0589354,-0.2285662,0.30440462,-0.65519214,-0.40872434,-27.492329,-224.875,-122.18381,-207.04585,200.54218,-46.079865,-198.57779,210.29488,185.75711,-233.37653,-76.49141,-199.99017,0.28780693,-0.080948345,-0.8588467,1.6617564,-0.8246697,-0.03403739,0.19732828,-0.13503139,-0.7957409,1.5729065,-0.87807053,0.025864597,5.8652015,-1.1209426,-0.4583772,-2.0735774,9.795072,-1.8153964,-6.476854,-0.09997239,2.0085275,-5.8303585,13.661109,-21.339605
923,-0.1135216,0.038136832,0.28338942,0.039890833,-0.022851074,-0.99894273,1.0,0.0,0.0,0.29963458,-0.075394146,-0.046768367,0.016787171,-0.0030763745,-0.13116606,0.1675241,-0.13518807,0.004432082,-0.03728378,-0.011651993,-0.14134535,-0.13230155,0.09462165,0.1191656,-0.29385284,-0.2056083,-0.80884,-0.01434245,0.010524283,-0.0793234,0.17173348,0.060788777,-0.65957505,-0.88625324,-1.0071062,-0.55566555,0.763269,-0.3842739,0.6744649,0.9208076,1.0808429,1.0202187,0.35971606,-0.28374454,-0.18912202,-201.41084,192.48508,209.45853,-46.649925,-199.94884,-200.02632,173.41183,-3.580368,-69.95595,359.3996,-173.90717,71.2109,0.29963458,-0.075394146,-0.8467684,1.6167872,-0.8030764,-0.13116606,0.1675241,-0.13518807,-0.7955679,1.5627162,-0.811652,-0.14134535,-2.6460311,1.8924329,2.383312,-5.8770566,-4.112166,-16.1768,-0.286849,0.21048565,-1.5864681,3.4346695,1.2157755,-13.191501
924,-0.096938536,-0.054136045,0.18601464,0.039342094,-0.018976921,-0.9990456,1.0,0.0,0.0,0.2404851,-0.06270263,-0.04036659,0.007042289,-0.10082644,-0.21311814,0.21266882,-0.13126847,-0.0031377077,0.01461947,-0.07142538,-0.19932307,-0.4222885,0.0325335,-0.03592479,0.16963284,-0.6294634,-0.08195585,0.42117605,0.030566443,-0.00023485585,0.3270386,-0.49325535,-0.04963843,1.3250654,0.86658764,0.8693905,-0.52352786,0.06900723,0.731072,-1.0320166,-0.995957,-0.59920704,-1.5679944,0.14899167,1.2963985,-200.7219,-264.64233,-42.094788,333.56924,-25.876991,201.03954,202.70825,257.58685,195.96056,177.69055,-21.043104,84.55859,0.2404851,-0.06270263,-0.8403666,1.6070423,-0.90082645,-0.21311814,0.21266882,-0.13126847,-0.8031377,1.6146195,-0.8714254,-0.19932307,-8.44577,0.65067,-0.7184958,3.3926566,-12.589267,-1.639117,8.423521,0.61132884,-0.004697117,6.5407715,-9.865107,-0.99276865
925,-0.2094712,-0.03149923,0.4882843,0.037452422,-0.013280456,-0.99921024,1.0,0.0,0.0,0.20134579,-0.060433067,-0.03803432,0.02378881,-0.15485299,-0.15437931,0.24857366,-0.12626007,-0.011513412,0.06340325,-0.09253037,-0.13294101,-0.017125953,0.001027557,0.03844068,0.019292148,0.01311937,0.6090859,-0.016521271,0.017397193,-0.07623671,0.17639445,0.21146384,0.64422345,0.8686986,-1.106012,-0.50148225,-0.060578648,0.985157,-0.1351402,-1.0682561,1.1961232,1.0341046,-1.7995548,0.6310318,0.016460853,209.82224,48.901672,-87.06882,-155.98097,177.78998,204.33076,-199.94693,-195.75214,-199.84337,-219.15794,199.88597,200.24197,0.20134579,-0.060433067,-0.83803433,1.6237888,-0.954853,-0.15437931,0.24857366,-0.12626007,-0.8115134,1.6634033,-0.8925304,-0.13294101,-0.34251904,0.020551138,0.76881355,0.38584295,0.2623874,12.181718,-0.3304254,0.34794387,-1.5247341,3.527889,4.2292767,12.884469
926,-0.12132723,0.009691705,0.2111542,0.036676195,-0.0074563106,-0.9992994,1.0,0.0,0.0,0.23627657,-0.0655735,-0.039857745,0.02658248,-0.07509506,-0.091925785,0.20429598,-0.11391177,-0.01138401,0.06487489,0.025125742,-0.061633386,0.35057408,-0.06529124,-0.029716602,-0.018384092,0.7170457,0.046375766,-0.38858694,0.095258705,0.060694765,-0.1293795,0.8972093,0.22301555,-0.6241102,0.98964727,0.6118386,0.40505803,-0.57600987,-0.80419976,1.1522275,-1.0902566,-0.30864486,-1.5626671,-0.14641237,-1.419342,196.81355,-211.08383,-183.38092,-169.83876,200.46402,-165.91914,-203.89214,187.9754,229.61331,-206.20656,200.75401,-43.258488,0.23627657,-0.0655735,-0.83985776,1.6265825,-0.87509507,-0.091925785,0.20429598,-0.11391177,-0.811384,1.6648749,-0.77487427,-0.061633386,7.0114813,-1.3058248,-0.59433204,-0.36768183,14.340914,0.9275153,-7.7717385,1.905174,1.2138953,-2.5875897,17.944185,4.460311
927,-0.0076968623,-0.002792528,0.47890022,0.03674775,-0.005458644,-0.99930966,1.0,0.0,0.0,0.25648677,-0.06847617,-0.043486595,0.034624815,-0.009294808,-0.16126153,0.1663159,-0.10443876,-0.0011124611,0.04807222,0.09850627,-0.07462133,-0.10329094,0.02646851,-0.007711727,0.08721294,0.011223977,-0.6684434,-0.016003905,0.019937051,0.0433542,-0.012188131,-0.093399,-0.26949945,-1.2059239,-1.0332547,-0.56207395,-1.0690376,-0.20699972,0.58824795,0.9172839,1.1219263,1.1727846,0.6241738,-0.03967745,-0.93091214,-200.21834,201.87294,205.34927,185.32921,-199.93063,-199.86342,216.91196,18.785126,33.8833,89.24605,-238.21213,-149.76028,0.25648677,-0.06847617,-0.8434866,1.6346248,-0.8092948,-0.16126153,0.1663159,-0.10443876,-0.8011125,1.6480722,-0.70149374,-0.07462133,-2.0658188,0.5293702,-0.15423454,1.7442588,0.22447954,-13.368868,-0.32007807,0.39874104,0.86708397,-0.24376261,-1.86798,-5.389989
928,-0.04558637,-0.0044162446,0.23682837,0.036851246,-0.004703786,-0.99930966,1.0,0.0,0.0,0.19823435,-0.06636389,-0.049607933,0.04142475,-0.0614897,-0.21853395,0.20741054,-0.09408088,0.0051897764,0.06300163,0.039527237,-0.20061481,-0.4283186,-0.011408565,-0.040307637,0.032337204,-0.30441448,0.030176768,0.38176125,0.08098985,0.010925985,0.14880353,-0.3257804,-0.916961,1.2971113,0.86279714,0.7715579,0.35374403,-0.110921144,1.0698547,-0.7167077,-0.9814701,-0.52159655,-1.2527953,0.3308896,0.73427486,-189.387,-360.3289,322.77573,314.59973,75.38219,200.82596,211.96602,221.1153,-100.16882,128.07742,22.176384,-182.67416,0.19823435,-0.06636389,-0.84960794,1.6414248,-0.8614897,-0.21853395,0.20741054,-0.09408088,-0.79481024,1.6630017,-0.7604728,-0.20061481,-8.566372,-0.22817129,-0.80615276,0.6467441,-6.0882897,0.60353535,7.635225,1.619797,0.21851969,2.9760706,-6.515608,-18.33922
929,-0.010966817,-0.015148395,0.5432571,0.036237784,-0.0043092947,-0.99933386,1.0,0.0,0.0,0.15300785,-0.069138795,-0.052170157,0.060005784,-0.089271545,-0.13635845,0.23665969,-0.085162416,-0.0051552057,0.093411446,0.027301252,-0.30146497,-0.061309922,-0.014811538,0.011213954,0.14047764,-0.076110646,0.7225346,-0.044005785,0.014244891,-0.10490437,0.16703923,0.14255075,-0.16351983,1.0711023,-1.0769044,-0.51933426,-1.5243273,0.52301335,-0.3458083,-0.9586874,1.1609144,1.1240997,-0.35447955,0.3873499,0.5784261,199.5102,198.90883,208.5336,184.58008,25.36419,200.07677,-201.4722,-201.7474,-176.2246,-14.200241,122.610275,218.08374,0.15300785,-0.069138795,-0.85217017,1.6600058,-0.88927156,-0.13635845,0.23665969,-0.085162416,-0.8051552,1.6934115,-0.77269876,-0.30146497,-1.2261984,-0.29623076,0.22427906,2.8095527,-1.5222129,14.450692,-0.8801157,0.2848978,-2.0980873,3.3407845,2.851015,-3.2703965
930,0.11150782,0.01997485,0.2872265,0.036281347,-0.0071982257,-0.99931574,1.0,0.0,0.0,0.18616371,-0.08570985,-0.049108446,0.07135558,-0.02671063,-0.06566662,0.18391648,-0.08974846,-0.025351286,0.117691636,0.07624376,-0.26574183,0.34998745,-0.13713305,0.02018412,-0.010928427,0.6312258,0.05188028,-0.44215915,-0.054657307,-0.100907624,0.088096224,0.32632175,0.4579079,-0.8119663,0.870068,0.4978664,-1.0575259,-0.14981027,-0.75604934,1.0720353,-0.92212164,-0.12866667,-0.07224332,-1.220473,0.39359546,196.61926,-191.33704,-153.14433,-195.08241,201.04938,-199.46918,-225.41289,-159.93605,10.284653,-30.375488,54.128174,180.952,0.18616371,-0.08570985,-0.84910846,1.6713556,-0.82671064,-0.06566662,0.18391648,-0.08974846,-0.8253513,1.7176917,-0.72375625,-0.26574183,6.9997487,-2.7426608,0.40368238,-0.21856853,12.6245165,1.0376056,-8.843183,-1.0931461,-2.0181525,1.7619245,6.526435,9.158157
931,0.07232658,0.00476505,0.49617866,0.0364643,-0.011634929,-0.9992672,1.0,0.0,0.0,0.21044284,-0.09706624,-0.027295053,0.047760606,0.0089383125,-0.12560883,0.13826649,-0.11211547,-0.037423432,0.12164283,0.0672043,-0.09690126,-0.051277705,0.023667546,0.16604765,-0.14504622,-0.26904628,-0.53506535,-0.057979416,-0.15229389,-0.030639797,-0.048305344,-0.3482073,1.1178824,-0.6129734,-0.7187728,-0.48150802,0.7073361,0.36988628,-0.68724674,0.59614813,1.362774,0.67544854,0.049076676,-0.21227762,0.23668073,-178.01326,375.75537,381.36954,132.65878,-254.07889,-140.77344,199.21684,-195.42183,-140.0557,-224.08562,-200.01958,73.33383,0.21044284,-0.09706624,-0.82729506,1.6477606,-0.7910617,-0.12560883,0.13826649,-0.11211547,-0.83742344,1.7216429,-0.7327957,-0.09690126,-1.0255541,0.4733509,3.320953,-2.9009244,-5.380925,-10.701306,-1.1595883,-3.0458777,-0.61279595,-0.9661069,-6.9641457,22.357647
932,0.16536589,-0.014461773,0.28507757,0.03614237,-0.017115356,-0.9992001,1.0,0.0,0.0,0.1632904,-0.08318762,-0.026817143,0.06520474,-0.009298205,-0.27740243,0.17177795,-0.13853513,-0.02386862,0.09848273,-0.03354287,0.055338707,-0.39043236,0.09418826,-0.12099016,0.26071286,0.08909968,-0.91238874,0.3564724,-0.11673003,0.14178108,-0.15116549,-0.4804401,0.529854,1.313409,0.05785764,0.54085296,-0.51172656,-0.22215581,0.88290286,-0.885579,0.21747836,-0.6107514,-0.72298986,1.0203404,-1.0480717,-166.79436,21.291855,-251.01628,255.82785,136.64049,-24.574574,198.35164,220.05583,240.97794,20.685751,55.92317,-105.36721,0.1632904,-0.08318762,-0.82681715,1.6652048,-0.8092982,-0.27740243,0.17177795,-0.13853513,-0.82386863,1.6984828,-0.8335429,0.055338707,-7.808647,1.8837651,-2.4198031,5.2142572,1.7819936,-18.247774,7.129448,-2.3346004,2.8356216,-3.0233097,-9.608802,10.59708
933,-0.2967735,-0.016831806,0.45841026,0.03518526,-0.013409274,-0.99929094,1.0,0.0,0.0,0.13096036,-0.048657916,-0.025998056,0.084649324,-0.057584703,-0.3839328,0.1905692,-0.13450736,-0.007262826,0.055434585,-0.052018642,0.08238535,0.026139656,0.21909033,0.10101801,-0.0361882,-0.3897382,-0.22075787,-0.12312223,0.12102564,0.035701588,-0.27063823,0.22508915,-0.18740648,0.7054833,-0.60296905,-0.6562677,-0.12986383,-0.028574765,1.0817525,-1.027375,-0.7328065,1.2910821,1.3330866,1.3120811,-0.72556674,200.20216,39.835,188.74117,-229.90479,-7.523714,200.41269,-201.45108,196.75136,-184.9979,-214.00415,200.26976,-200.16302,0.13096036,-0.048657916,-0.82599807,1.6846493,-0.8575847,-0.3839328,0.1905692,-0.13450736,-0.80726284,1.6554346,-0.85201865,0.08238535,0.5227931,4.3818064,2.0203602,-0.723764,-7.794764,-4.4151573,-2.4624445,2.4205127,0.71403176,-5.4127645,4.501783,-3.7481296
934,0.2245852,0.065499365,0.30311292,0.03631022,-0.013001066,-0.999256,1.0,0.0,0.0,0.18145221,-0.032735605,-0.010332525,0.06772864,-0.07062948,-0.35006666,0.12955384,-0.12610903,-0.0047414303,0.015509248,0.05002266,-0.021694371,0.43631384,-0.03876852,0.06768327,-0.1274346,0.081469916,0.48867068,-0.44163948,0.011566672,-0.06458373,-0.024682105,0.48864815,-0.651914,-1.2400434,0.0016494468,-1.4017828,0.46382004,1.0725794,0.58406085,0.8603693,0.59364295,1.7792742,0.6967135,-0.2717778,0.34376714,201.76588,-199.79956,-204.57603,-217.08598,23.970396,200.12329,-97.57843,446.0714,-79.88487,679.89667,-145.57285,-0.5774231,0.18145221,-0.032735605,-0.81033254,1.6677287,-0.8706295,-0.35006666,0.12955384,-0.12610903,-0.80474144,1.6155093,-0.74997735,-0.021694371,8.726276,-0.77537036,1.3536655,-2.5486917,1.6293982,9.773414,-8.832789,0.23133343,-1.2916746,-0.4936421,9.772963,-13.03828
935,-0.075015284,-0.06714487,0.12497722,0.035670817,-0.01532524,-0.9992461,1.0,0.0,0.0,0.227633,-0.0258642,-0.01704806,0.070840955,0.02183181,-0.17691053,0.0893016,-0.11592495,-0.013620019,0.035428643,0.05567789,-0.076300845,0.06452042,0.08309901,-0.11928471,0.13103765,0.77345866,1.1748722,-0.0012105511,0.08693477,-0.018215891,0.18423134,-0.31120703,0.034959406,-0.71679693,-0.21059778,0.62345886,-1.097009,-0.67870235,-0.3218881,1.3382801,-0.5446488,-0.52746296,-0.7377648,-0.9054627,0.62646157,-199.38568,-10.165567,-219.44766,161.85228,199.17159,200.30971,198.29736,199.09044,205.71477,186.90283,-201.7615,199.69232,0.227633,-0.0258642,-0.8170481,1.670841,-0.7781682,-0.17691053,0.0893016,-0.11592495,-0.81362003,1.6354287,-0.7443221,-0.076300845,1.2904084,1.6619802,-2.3856943,2.620753,15.4691725,23.497442,-0.024211021,1.7386953,-0.3643178,3.6846268,-6.22414,0.6991881
936,0.4032692,0.13151628,0.29207367,0.037204474,-0.023131987,-0.99904,1.0,0.0,0.0,0.19560647,-0.03267279,-0.02497679,0.07748091,0.09082711,-0.018300436,0.12826927,-0.12582204,-0.014655948,0.053878427,-0.08044511,0.009397681,-0.34214327,-0.12210297,0.026036164,-0.055061635,0.0115143815,0.48402086,0.35450852,-0.16232246,0.008335555,0.016903525,-0.9830104,0.75017196,0.13480312,0.5765997,-0.41123414,-0.18712157,-0.09863513,-0.6596512,-0.64790285,0.7660633,1.0900553,-1.2088423,0.3290576,0.2629002,-199.41086,-201.1885,170.20004,-229.69551,-200.44243,-200.01987,194.70308,-205.73842,-152.33238,-199.52098,-199.22255,199.376,0.19560647,-0.03267279,-0.8249768,1.6774809,-0.7091729,-0.018300436,0.12826927,-0.12582204,-0.81465596,1.6538785,-0.8804451,0.009397681,-6.8428655,-2.4420593,0.5207233,-1.1012326,0.23028763,9.680417,7.0901704,-3.2464492,0.16671109,0.33807048,-19.660208,15.003439
937,-0.03674484,0.11101319,0.19914895,0.041701328,-0.029819703,-0.9986851,1.0,0.0,0.0,0.15341847,-0.035743814,-0.019953072,0.049498916,0.03889209,0.0017082776,0.15918829,-0.13317093,-0.00049364567,0.027425766,-0.20192188,0.11661094,-0.1339196,0.07214774,0.025749845,-0.21124084,-0.33688173,-0.21494071,-0.010215777,0.063167274,0.117294826,-0.25539738,-0.30049253,0.40549168,1.0209605,-1.6498246,0.7947718,1.3413806,0.61851764,-0.022859301,-1.1297356,0.9470129,-0.30674866,0.20975061,0.8050944,-0.4214785,81.53218,203.29381,-186.63905,-213.4603,8.922614,-199.8616,-199.09856,196.72078,195.9998,-223.17548,199.93518,-62.5168,0.15341847,-0.035743814,-0.8199531,1.6494989,-0.7611079,0.0017082776,0.15918829,-0.13317093,-0.80049366,1.6274258,-1.0019219,0.11661094,-2.678392,1.4429548,0.5149969,-4.224817,-6.737634,-4.2988143,-0.20431554,1.2633455,2.3458965,-5.1079473,-6.0098505,8.109834
938,-0.11239751,0.010439399,0.2569545,0.04361094,-0.02721227,-0.99867797,1.0,0.0,0.0,0.1701759,-0.029716168,-0.016309202,0.03136301,0.023534596,-0.012270944,0.1034629,-0.10616083,-0.0009394288,0.007479191,-0.18532497,0.11853546,0.23853286,0.003462782,-0.021811062,0.052315827,0.023929171,-0.011288384,-0.49500203,0.1971643,-0.09385918,0.02672918,0.39694732,-0.3144273,-0.5961689,0.8122367,-0.46290225,0.46900296,0.3766328,0.8907532,0.8508494,-1.0653177,1.2001051,-1.6386769,0.4770633,-0.35359812,158.08807,-135.25787,-49.007095,289.51,51.704987,19.48787,-204.88907,226.50108,-118.825294,218.68105,201.72868,-199.77289,0.1701759,-0.029716168,-0.8163092,1.631363,-0.7764654,-0.012270944,0.1034629,-0.10616083,-0.80093944,1.6074792,-0.985325,0.11853546,4.770657,0.069255635,-0.43622124,1.0463165,0.47858343,-0.22576767,-9.900041,3.943286,-1.8771836,0.53458357,7.9389462,-6.2885456
939,0.041593477,-0.07367717,0.043097287,0.04301703,-0.02612341,-0.9987328,1.0,0.0,0.0,0.16987857,-0.031610455,-0.047289193,0.0780884,0.08106291,0.04166924,0.054932285,-0.07967736,0.0029318929,-0.014222145,-0.031327784,-0.0092571685,-0.18878172,-0.013363902,-0.24953449,0.3701841,0.5121583,0.51078564,-0.059443552,0.0806682,0.044355884,-0.13489069,1.0583093,-0.7422253,-0.97090423,-1.1575185,0.8402236,-0.9180911,-0.75789475,0.06296399,1.0913279,1.0132262,-0.63234377,-0.6007444,-0.2945409,0.8405807,-197.58018,204.83994,-212.29541,166.7274,199.70721,199.90213,182.15866,-67.33768,-692.4584,14.1484375,146.95422,86.82013,0.16987857,-0.031610455,-0.8472892,1.6780884,-0.7189371,0.04166924,0.054932285,-0.07967736,-0.7970681,1.5857779,-0.8313278,-0.0092571685,-3.7756345,-0.26727805,-4.9906898,7.4036818,10.243165,10.215713,-1.188871,1.613364,0.8871177,-2.6978137,21.166185,-14.844505
940,0.0371573,0.046550702,0.24355762,0.04267909,-0.02824982,-0.9986894,1.0,0.0,0.0,0.091422826,-0.03713527,-0.079829395,0.11906743,0.1077081,0.077242434,0.07604361,-0.077003114,6.848574e-05,-0.013246179,0.032458127,-0.06762643,-0.55510736,-0.03653278,-0.09409412,0.07764556,-0.17672552,0.007196942,0.25036964,-0.017782083,-0.026097337,0.03558542,-0.10579579,0.031562556,0.821892,0.7066428,-0.3653925,-1.3097318,-0.41246107,-0.8216048,-0.7468281,-0.9950836,1.0175976,1.6061578,-0.94532806,1.0404118,-195.23932,-176.10962,170.0532,-228.30594,-200.38576,-45.48365,177.63814,58.51793,-39.74614,-26.348724,-227.9177,201.4701,0.091422826,-0.03713527,-0.8798294,1.7190675,-0.6922919,0.077242434,0.07604361,-0.077003114,-0.7999315,1.5867538,-0.7675419,-0.06762643,-11.102147,-0.73065555,-1.8818823,1.5529112,-3.5345104,0.14393884,5.0073924,-0.35564166,-0.5219467,0.71170837,-2.1159158,0.6312511
941,-0.008025383,0.05827713,0.010824614,0.044482455,-0.028867122,-0.9985931,1.0,0.0,0.0,0.018313171,-0.036424283,-0.100542486,0.12410247,-0.0012854934,0.002144759,0.09242684,-0.0838671,-0.0051888227,0.006807804,-0.06643903,0.0152959125,-0.21153267,0.0352648,-0.11114746,-0.019606194,-0.83756715,-0.6887512,-0.055419207,-0.049097374,-0.027659139,0.15100957,-0.81234163,0.727975,1.1714505,-1.211635,0.883577,-0.86286336,0.2805696,0.13343775,-0.9471623,1.0388657,-0.62163246,-1.2823772,0.59483296,-0.6768544,203.90642,232.52988,-195.20395,-221.78923,-168.302,-199.05196,-200.63208,-202.50307,205.75267,181.46648,-199.8957,199.95152,0.018313171,-0.036424283,-0.9005425,1.7241025,-0.8012855,0.002144759,0.09242684,-0.0838671,-0.80518883,1.6068078,-0.86643904,0.0152959125,-4.2306533,0.705296,-2.2229493,-0.39212388,-16.751343,-13.775024,-1.1083841,-0.9819475,-0.5531828,3.0201914,-16.246832,14.5595
942,-0.07514424,0.13115232,0.18170632,0.048209153,-0.027230386,-0.998466,1.0,0.0,0.0,0.025178,-0.04253518,-0.10313082,0.088014245,-0.09321207,-0.056431763,0.02715694,-0.07927628,-0.017987907,0.020527601,-0.1512844,0.082073525,0.23708045,-0.088579886,0.06792989,-0.31196463,-0.1505925,0.030297432,-0.5477852,0.08438248,-0.09404775,0.0032433823,-0.106643915,0.011796368,-0.918038,0.8869503,-0.21741167,0.9067411,0.7627783,0.68889624,0.7629746,-0.8813047,1.0566183,-1.4729882,0.70725346,-0.7461682,197.90596,-212.60541,231.23224,-208.4535,200.73283,199.61502,-198.18114,238.6903,-169.40286,-198.01225,201.00504,-199.15295,0.025178,-0.04253518,-0.9031308,1.6880143,-0.8932121,-0.056431763,0.02715694,-0.07927628,-0.8179879,1.6205276,-0.9512844,0.082073525,4.741609,-1.7715976,1.3585978,-6.2392926,-3.01185,0.6059486,-10.955704,1.6876496,-1.880955,0.064867646,-2.1328783,0.23592736
943,0.10125478,0.08530646,0.032328743,0.052776895,-0.028366186,-0.9982034,1.0,0.0,0.0,0.023621546,-0.05266948,-0.10994363,0.052788734,-0.04693842,0.023061784,-0.031856414,-0.07656909,-0.014066756,-0.008536577,-0.09734523,0.010989005,-0.20967212,-0.015432171,-0.10906412,-0.0681818,0.5432504,0.6977789,-0.088789396,-0.04629564,0.1161349,-0.26915714,0.5775524,-0.6561912,-0.32459736,-1.0895754,0.8189591,-0.45286477,-0.20384276,-0.7153357,1.0349925,1.079883,-0.76747954,0.42109048,0.2539612,-0.51062715,-196.43968,223.5155,-124.99009,181.71727,200.25894,200.40562,200.30232,-194.14629,193.79738,-224.22252,199.81366,-199.94391,0.023621546,-0.05266948,-0.90994364,1.6527888,-0.84693843,0.023061784,-0.031856414,-0.07656909,-0.81406677,1.5914634,-0.89734524,0.010989005,-4.1934423,-0.3086434,-2.1812823,-1.3636359,10.865007,13.955577,-1.7757878,-0.92591274,2.3226979,-5.383143,11.551047,-13.123823
944,0.006811446,0.016101683,0.1507199,0.054715883,-0.030770477,-0.9980277,1.0,0.0,0.0,-0.053457182,-0.051734444,-0.112335265,0.013594031,-0.012491465,0.085150555,-0.026968865,-0.06968711,-0.028230727,-0.0004775524,0.016943634,-0.15294422,-0.5247678,0.027413104,0.035380192,-0.20017388,-0.086751014,-0.05233959,0.15173581,0.060074687,-0.19485089,0.2716349,0.4515173,-0.8688246,0.7865379,0.89191073,-0.21216704,0.8036031,-0.40359804,-0.7800371,-0.58180463,-1.0321349,0.9317455,-0.06928344,-0.6762909,0.6683182,-132.24748,-38.678307,317.07162,563.92505,-107.85894,-279.5655,169.42479,25.43303,-351.43204,259.10684,-8.33889,20.002289,-0.053457182,-0.051734444,-0.9123353,1.613594,-0.8124915,0.085150555,-0.026968865,-0.06968711,-0.82823074,1.5995225,-0.7830564,-0.15294422,-10.495356,0.54826206,0.7076038,-4.0034776,-1.7350203,-1.0467918,3.0347161,1.2014937,-3.8970177,5.4326982,9.030346,-17.376492
945,0.17321992,-0.058843568,0.0065455963,0.05403857,-0.035045847,-0.9979236,1.0,0.0,0.0,-0.1269947,-0.047553185,-0.12038851,0.01880455,-0.09225935,-0.006366146,-0.030257009,-0.06613709,-0.04692328,0.030789614,0.02521944,-0.24656458,-0.22832847,0.021736922,-0.09043062,0.20832513,-0.6283254,-0.74269456,-0.15867083,-0.018267896,-0.00594375,0.049257517,-0.27802876,-0.15406024,1.2197282,-0.98566085,0.76255804,-1.2488155,-0.14983743,0.6515076,-0.81227785,0.9843124,-0.70062935,-0.46150225,-0.4424128,0.84134185,210.58923,311.60547,115.95337,460.29834,-80.1201,-163.1852,-201.46983,-208.23979,217.61026,-197.49512,-201.03932,199.8883,-0.1269947,-0.047553185,-0.9203885,1.6188046,-0.89225936,-0.006366146,-0.030257009,-0.06613709,-0.8469233,1.6307896,-0.7747806,-0.24656458,-4.5665693,0.43473843,-1.8086123,4.1665025,-12.566508,-14.853891,-3.1734166,-0.3653579,-0.118875,0.98515034,-5.560575,-3.081205
946,0.08476789,-0.0050836913,0.16606718,0.052751362,-0.040163513,-0.99779963,1.0,0.0,0.0,-0.12844479,-0.05061747,-0.12441701,0.037908077,-0.14729291,-0.06250706,-0.1133241,-0.057070877,-0.051600575,0.030112028,-0.101260304,-0.20409901,0.1668794,-0.045660548,0.023759542,0.0020977813,-0.08032669,0.096050724,-0.62632674,0.10293647,-0.037187636,-0.060800046,-0.8135953,0.51294243,-0.86225474,0.81418747,-0.33671466,-0.24845493,1.0403544,0.5292321,0.9791953,-0.8715117,1.0429238,-0.10291301,0.29908276,0.15732744,195.65665,-2.0525665,-14.703751,-201.1026,59.09731,240.15417,-200.21829,235.14838,-154.84879,-195.96925,-4.2834454,201.58827,-0.12844479,-0.05061747,-0.924417,1.6379081,-0.9472929,-0.06250706,-0.1133241,-0.057070877,-0.8516006,1.630112,-0.9012603,-0.20409901,3.3375878,-0.9132109,0.47519082,0.041955624,-1.6065338,1.9210144,-12.526535,2.0587294,-0.7437527,-1.2160009,-16.271906,10.258848
947,0.12331796,0.024450619,-0.03692053,0.05346206,-0.044632033,-0.99757195,1.0,0.0,0.0,-0.14075649,-0.051232647,-0.12946087,0.029984713,-0.085297585,0.028941944,-0.18492006,-0.05117471,-0.042128265,-0.003898263,-0.18788606,-0.07051449,-0.26083028,0.05208504,-0.04860022,-0.096351594,0.62759316,0.7565536,-0.12643771,-0.042047553,0.08104031,-0.1830805,-0.119126655,0.6329007,-0.0671941,-1.1933414,0.7873361,0.38891274,-0.58205545,0.083778575,0.76842,0.98536015,-0.80219626,0.18172999,0.8557723,-0.65155053,-196.99422,216.70546,-184.61581,-212.2475,200.62123,200.17146,200.88135,-307.3882,23.367142,122.31817,196.21733,-60.773285,-0.14075649,-0.051232647,-0.9294609,1.6299847,-0.8852976,0.028941944,-0.18492006,-0.05117471,-0.8421283,1.5961018,-0.9878861,-0.07051449,-5.2166057,1.0417007,-0.97200435,-1.9270319,12.551863,15.131071,-2.528754,-0.840951,1.6208061,-3.66161,-2.382533,12.658014
948,-0.029104093,-0.054697815,-0.267125,0.05314055,-0.045656957,-0.99754274,1.0,0.0,0.0,-0.14257263,-0.048358608,-0.1339913,0.027223468,-0.036230326,0.106862634,-0.17019986,-0.05155279,-0.042859793,-0.0056824684,-0.13495654,-0.020759916,0.13308226,-0.0045100725,-0.0046428256,0.066587806,-0.059915867,0.098157845,0.23193498,0.03034128,-0.07103863,0.1298678,0.5780572,-0.06510998,0.74058807,0.85769767,-0.4173008,-1.0603901,-0.24829996,-0.57768744,-0.8036796,-0.96753764,0.74635446,-1.0087144,-0.26564288,-0.57242894,47.106827,-123.689995,257.6352,261.39386,-188.93831,-166.21468,199.95993,202.62056,-204.14972,181.23364,199.96542,-199.80524,-0.14257263,-0.048358608,-0.9339913,1.6272235,-0.83623034,0.106862634,-0.17019986,-0.05155279,-0.8428598,1.5943176,-0.93495655,-0.020759916,2.661645,-0.09020145,-0.09285651,1.3317561,-1.1983173,1.9631569,4.6386995,0.6068256,-1.4207727,2.597356,11.561144,-1.3021996
949,0.054153677,0.008547496,-0.60348904,0.05349741,-0.045415144,-0.99753475,1.0,0.0,0.0,-0.082414545,-0.04724009,-0.13679314,0.028650403,-0.09824276,0.048931077,-0.1596855,-0.04750816,-0.03930646,-0.011596441,-0.09526652,-0.10876055,0.44380435,0.010174075,-0.018396016,-0.055357486,-0.37369177,-0.6047823,-0.098854564,0.02010362,0.076064534,-0.10154517,-0.08859353,-0.70941603,-1.1205252,-0.97086924,0.6247549,0.27295023,-0.074967325,0.09935135,0.42274514,0.7775071,-0.6939181,0.040639028,-0.6009395,0.08462265,196.3897,178.1121,-202.35767,-218.87253,16.508974,-200.68283,-213.57794,127.61128,424.6061,642.63904,-107.58621,-62.00789,-0.082414545,-0.04724009,-0.93679315,1.6286504,-0.8982428,0.048931077,-0.1596855,-0.04750816,-0.8393065,1.5884036,-0.89526653,-0.10876055,8.876087,0.2034815,-0.3679203,-1.1071497,-7.473835,-12.095645,-1.9770913,0.4020724,1.5212907,-2.0309033,-1.7718705,-14.18832
950,0.030961215,-0.03621719,-0.26953673,0.053311232,-0.045829892,-0.9975258,1.0,0.0,0.0,-0.028310645,-0.047937635,-0.1393457,0.031395435,-0.112380624,0.004730669,-0.139732,-0.044100277,-0.035000384,0.0028998852,-0.17711645,-0.17073953,0.1270299,-0.016724138,-0.008993321,0.069042414,0.061166562,0.08287526,0.26561147,0.0064454786,-0.009692398,0.1639067,-0.6781418,0.0045492193,-1.3021395,0.7812321,-0.5027935,-1.184253,0.58104736,0.65733194,0.532285,-0.9662828,0.95887685,-0.8876132,0.52213454,0.7639009,-200.08855,-198.0009,207.02495,188.64331,30.636791,163.56177,208.50674,127.9145,-33.67659,103.73597,-173.29166,199.26355,-0.028310645,-0.047937635,-0.9393457,1.6313955,-0.91238064,0.004730669,-0.139732,-0.044100277,-0.8350004,1.6028999,-0.97711647,-0.17073953,2.540598,-0.33448276,-0.17986642,1.3808483,1.2233312,1.6575052,5.312229,0.12890957,-0.19384795,3.2781339,-13.562836,0.09098438
951,0.09997101,0.0006560386,-0.44140902,0.053596586,-0.04807621,-0.9974047,1.0,0.0,0.0,-0.050444823,-0.039828196,-0.14770621,0.030915856,-0.02256304,0.09146854,-0.037391044,-0.05484177,-0.021901786,0.007437825,-0.2413513,-0.08581833,-0.25286233,0.035877816,-0.09711724,-0.0122112585,0.76549786,0.6424247,0.71725017,-0.10463666,0.14049433,-0.10154867,-0.02257348,0.7573146,0.80182385,-1.0673504,0.6769729,-0.5861115,-0.4615015,-0.09920688,-0.9688797,0.88498664,-0.6531131,-0.13157783,0.6701672,-0.115015596,-162.74963,-713.93567,-596.17633,-29.38527,192.53972,29.80478,205.74704,-149.59074,235.13231,-198.47247,200.68353,200.85858,-0.050444823,-0.039828196,-0.9477062,1.6309159,-0.82256305,0.09146854,-0.037391044,-0.05484177,-0.8219018,1.6074378,-1.0413513,-0.08581833,-5.0572467,0.7175563,-1.9423447,-0.24422517,15.3099575,12.848494,14.345003,-2.0927331,2.8098867,-2.0309734,-0.4514696,15.146292
952,0.014503489,-0.019942133,-0.30656976,0.05432805,-0.049461365,-0.9972974,1.0,0.0,0.0,-0.057838935,-0.038770612,-0.15384305,0.025128126,0.06644797,0.139738,0.053472213,-0.059985377,-0.001385808,-0.020555973,-0.16898811,-0.012748999,0.10820087,0.011072595,0.028569588,-0.038528983,0.18333054,-0.05710615,0.2509591,0.022081781,0.045601223,-0.122551575,0.6715883,0.050668377,0.4732047,0.82580775,-0.30489045,0.96238333,-0.36861977,-0.56342196,-1.0855911,-0.9670385,0.8720517,0.63724893,-0.038034283,-0.8000821,187.43954,198.40309,281.81348,124.5621,-163.37726,-184.91956,-184.86937,-28.766296,-368.7287,-7.727089,193.9119,-196.79584,-0.057838935,-0.038770612,-0.95384306,1.6251281,-0.73355204,0.139738,0.053472213,-0.059985377,-0.8013858,1.579444,-0.9689881,-0.012748999,2.1640174,0.2214519,0.57139176,-0.77057964,3.6666107,-1.142123,5.0191817,0.4416356,0.91202444,-2.4510314,13.431766,1.0133675
953,0.10224054,-0.13163248,-0.6036188,0.052091643,-0.05096216,-0.99734116,1.0,0.0,0.0,-0.0023656648,-0.036109988,-0.16471583,0.050896525,0.02733761,0.0509361,0.06273977,-0.055616777,0.0056546926,-0.02110517,-0.09849042,-0.07007982,0.4153835,0.01615612,-0.12041312,0.2635616,-0.50518346,-0.76033753,-0.12546033,0.02309925,0.026152615,0.08926889,0.1882666,-0.56352085,-0.34063262,-1.1572943,0.74161077,-1.6275482,0.15034962,0.48263547,-0.22496438,0.99210835,-0.9497533,-0.69437855,-0.485179,0.33412537,200.44658,207.93338,-186.9456,176.55252,-199.79582,-199.94852,-211.31389,-120.877174,121.03134,207.05812,-55.717342,-180.13939,-0.0023656648,-0.036109988,-0.96471584,1.6508965,-0.7726624,0.0509361,0.06273977,-0.055616777,-0.7943453,1.5788949,-0.8984904,-0.07007982,8.30767,0.3231224,-2.4082623,5.271232,-10.103669,-15.20675,-2.5092065,0.46198496,0.5230523,1.7853779,3.765332,-11.270417
954,0.097635694,-0.039051417,0.1313277,0.048910946,-0.054514367,-0.99731433,1.0,0.0,0.0,0.041078307,-0.037109863,-0.16980839,0.07132423,0.001989901,-0.023910295,-0.007994044,-0.049080975,0.0049705505,-0.0055856705,-0.12574297,-0.108044386,0.06017865,-0.022978881,0.045885924,-0.02861219,0.18146898,-0.058690127,-0.5041381,0.053165175,-0.024539147,0.025631575,-0.43124747,0.114060216,-1.2388948,0.8518546,-0.43033656,-1.1094167,0.55144244,0.5452184,0.40488303,-0.9644501,0.87174547,-0.3011707,0.2508966,0.76739895,-199.69136,-196.92947,207.9828,-211.26746,196.4959,200.09828,-27.44553,199.4459,-181.78732,-203.96515,-199.24078,200.26492,0.041078307,-0.037109863,-0.9698084,1.6713243,-0.7980101,-0.023910295,-0.007994044,-0.049080975,-0.79502946,1.5944144,-0.925743,-0.108044386,1.203573,-0.45957762,0.91771847,-0.5722438,3.6293795,-1.1738025,-10.082762,1.0633035,-0.49078292,0.5126315,-8.624949,2.2812042
955,0.19445919,-0.0060132,-0.10144621,0.048719157,-0.060315203,-0.9969897,1.0,0.0,0.0,0.0039411485,-0.027904171,-0.16582936,0.04952967,0.115986824,0.037632637,-0.055405453,-0.053868026,0.017729163,-0.030119777,-0.13691735,-0.007024499,-0.3864541,0.1006787,0.0103089465,-0.17602883,0.8843956,0.6072319,-0.0067237206,-0.09990191,0.09294485,-0.16533624,0.25168473,0.7952885,0.7498354,-1.1497233,0.70891887,0.03350168,-0.9404304,0.64728075,0.53091544,0.871763,-0.818401,1.216212,0.63147366,-0.57872474,-197.8952,213.67511,-161.73296,-202.75497,186.73885,199.91225,249.45296,-231.16396,-142.73402,369.82272,220.8599,74.686295,0.0039411485,-0.027904171,-0.9658294,1.6495297,-0.6840132,0.037632637,-0.055405453,-0.053868026,-0.78227085,1.5698802,-0.93691736,-0.007024499,-7.729082,2.013574,0.20617892,-3.5205767,17.687912,12.144638,-0.13447441,-1.998038,1.858897,-3.3067245,5.0336943,15.90577
956,-0.022604637,-0.029162887,-0.49272892,0.048595384,-0.062521674,-0.9968598,1.0,0.0,0.0,-0.020581704,-0.02989057,-0.167279,0.046222687,0.15883374,0.20110798,-0.012969484,-0.06284283,0.017781556,-0.028758287,-0.014620781,0.07214311,0.09163609,-0.09035636,0.015037524,0.045820296,-0.24523428,0.99312013,0.38501146,-0.008089415,-0.09546085,0.18323652,0.80730623,0.030830983,0.61666316,1.0977347,-0.3921248,-0.3811791,-0.05900093,0.18845159,-0.8830266,-1.0420897,0.66339254,0.13125195,-0.93604845,-0.7276711,158.29333,-298.95615,367.8683,116.77128,-215.54195,60.89595,189.43628,0.7708435,-358.1126,411.5149,13.193939,-283.0656,-0.020581704,-0.02989057,-0.967279,1.6462227,-0.64116627,0.20110798,-0.012969484,-0.06284283,-0.78221846,1.5712417,-0.8146208,0.07214311,1.8327218,-1.8071271,0.30075046,0.9164059,-4.9046855,19.862402,7.700229,-0.1617883,-1.9092169,3.6647305,16.146124,0.61661965
957,-0.03567832,0.0060418136,-0.8242855,0.049775593,-0.05996342,-0.9969589,1.0,0.0,0.0,0.029117322,-0.047255713,-0.16612458,0.052496314,0.07965362,0.31559297,0.028830374,-0.063635446,0.00080370903,0.013512373,0.06108576,0.002767803,0.3780292,-0.08252787,-0.0034109917,0.011719357,-0.37975177,0.23331939,0.06616687,0.0011708749,-0.06407474,0.22086465,0.041266106,-0.6377111,-1.0806534,-0.75944126,0.4826529,0.70320034,-0.9633592,-1.6608661,-0.26779467,0.7081405,-0.67563593,0.10065003,-1.2110851,-0.18969768,169.38612,123.10548,-86.06338,-94.47429,40.266716,-215.09668,-145.10463,181.59071,332.61682,253.01547,-247.51083,-129.2522,0.029117322,-0.047255713,-0.9661246,1.6524963,-0.7203464,0.31559297,0.028830374,-0.063635446,-0.7991963,1.6135124,-0.73891425,0.002767803,7.560584,-1.6505573,-0.06821983,0.23438714,-7.595035,4.6663876,1.3233374,0.023417499,-1.2814947,4.417293,0.8253221,-12.754222
958,0.06562291,-0.03236079,-0.028895872,0.049777973,-0.059941947,-0.99696004,1.0,0.0,0.0,0.055594742,-0.060695566,-0.16303843,0.080899596,-0.065876305,0.2909024,-0.01468731,-0.057997916,-0.021585763,0.06077802,-0.0053135753,-0.083121784,-0.04578614,-0.07894837,0.03366915,0.21276803,-1.037363,-0.42902485,-0.4455528,0.052179724,-0.1492659,0.23362496,-0.63671994,-0.31445572,-1.0316465,0.86942405,-0.23948848,-1.7390177,0.94697547,-0.27555624,-0.16464275,-0.9788548,0.76176596,-0.9827023,-0.18361366,0.7620131,-202.16125,-209.34889,219.41942,182.6435,-199.60396,-200.55795,-165.39183,220.69781,-187.93846,-125.17414,-199.75534,63.25521,0.055594742,-0.060695566,-0.96303844,1.6808996,-0.8658763,0.2909024,-0.01468731,-0.057997916,-0.8215858,1.660778,-0.8053136,-0.083121784,-0.9157228,-1.5789673,0.673383,4.2553606,-20.747261,-8.580497,-8.911056,1.0435945,-2.985318,4.672499,-12.734399,-6.2891145
959,0.16513157,-0.019207587,-0.08192707,0.04907524,-0.06465461,-0.9967003,1.0,0.0,0.0,-0.006756326,-0.06156442,-0.15955043,0.10653603,-0.19580555,0.13179743,-0.08075673,-0.060514137,-0.03136581,0.07536936,-0.08576256,-0.06791456,-0.52854276,0.053478945,0.005078891,0.058696438,-0.33314335,-0.98948926,-0.24891599,-0.066034935,0.033214267,-0.057038005,-0.28447345,0.39516237,0.26526856,-1.0504959,0.89304715,-2.0855925,0.58770746,-0.0073853694,0.6689292,0.9262248,-0.8245671,-0.9208799,0.13244784,-0.09915989,-204.60623,175.19937,-168.33617,-224.8319,199.58345,7.434106,51.156693,-200.64395,182.77081,-223.08682,54.438877,200.17229,-0.006756326,-0.06156442,-0.95955044,1.706536,-0.99580556,0.13179743,-0.08075673,-0.060514137,-0.8313658,1.6753694,-0.8857626,-0.06791456,-10.570855,1.0695789,0.10157782,1.1739287,-6.662867,-19.789785,-4.9783196,-1.3206987,0.6642853,-1.1407601,-5.689469,7.9032474
960,0.048558734,0.10607754,-0.405622,0.051754817,-0.068176426,-0.9963299,1.0,0.0,0.0,-0.055607826,-0.06522687,-0.1419887,0.08513844,-0.18738854,0.013033644,-0.090372704,-0.06386866,-0.027074218,0.049025774,-0.06593412,-0.054145556,-0.011462415,-0.07465226,0.15600604,-0.24293284,0.3492613,-0.27063233,0.1177681,0.020861436,0.014160576,-0.19261472,0.3815686,-0.083155036,0.66048497,0.8792212,-0.3983814,0.19423795,0.8406184,1.1703116,-0.6300809,-0.95752096,0.8562052,0.81462747,0.40962428,-0.64466107,200.20808,-199.91026,186.20839,-228.51068,199.70248,199.97519,199.39177,197.02217,-191.56271,-213.7924,109.43085,-28.8813,-0.055607826,-0.06522687,-0.9419887,1.6851385,-0.98738855,0.013033644,-0.090372704,-0.06386866,-0.8270742,1.6490258,-0.86593413,-0.054145556,-0.22924829,-1.4930452,3.1201208,-4.858657,6.985226,-5.4126463,2.355362,0.4172287,0.28321153,-3.8522942,7.631372,-1.6631007
961,0.075524874,-0.02045654,-0.6385072,0.054755293,-0.06936083,-0.9960879,1.0,0.0,0.0,-0.021402707,-0.080113284,-0.12731701,0.06722963,-0.04093051,0.034322068,-0.10286593,-0.06181268,-0.023319542,0.02575612,0.07224631,-0.14520812,0.3190691,-0.075581305,0.009607411,0.034220062,1.0452914,0.41517073,-0.20395553,0.02259441,-0.0009123104,-0.008746084,0.7048976,-0.70090866,-0.71370214,-1.252335,0.9089929,-0.75077647,-0.54473275,-0.618584,0.017266477,1.1480298,-0.99061704,0.0064078122,-0.5119059,-0.039429337,199.59547,205.95903,-184.71869,185.6473,200.2274,200.33849,-59.79521,734.35547,-153.26654,652.8971,-383.25922,22.707031,-0.021402707,-0.080113284,-0.927317,1.6672297,-0.8409305,0.034322068,-0.10286593,-0.06181268,-0.82331955,1.6257561,-0.7277537,-0.14520812,6.3813815,-1.511626,0.19214821,0.6844012,20.905828,8.303414,-4.0791106,0.4518882,-0.018246207,-0.17492168,14.097951,-14.018173
962,0.054020002,0.11109389,-0.35930586,0.0580499,-0.07080647,-0.99579954,1.0,0.0,0.0,0.007420146,-0.09281018,-0.11107582,0.046104312,0.08312309,0.041935984,-0.10643365,-0.058739673,-0.03299117,0.043058515,0.11358768,-0.20347339,0.025329305,-0.02028665,0.10453995,-0.16481376,0.14505115,-0.27191222,0.12297112,0.0053707208,-0.0644393,0.10678502,-0.12943113,0.013909553,-1.5635005,0.83199066,-0.21178243,0.7107366,0.52645326,-0.53764874,1.1960256,-0.9462289,0.70960414,0.31823826,-0.9489476,0.9482148,-45.731415,351.75122,33.733017,6.8736725,-363.98035,-191.62666,140.1546,63.638824,-35.138275,4.019043,-208.49321,192.03876,0.007420146,-0.09281018,-0.91107583,1.6461043,-0.7168769,0.041935984,-0.10643365,-0.058739673,-0.8329912,1.6430585,-0.68641233,-0.20347339,0.5065861,-0.405733,2.090799,-3.2962751,2.901023,-5.4382443,2.4594223,0.10741442,-1.2887859,2.1357005,-2.5886226,0.27819106
963,0.02033497,-0.11452099,-0.56477904,0.059764013,-0.07095909,-0.99568725,1.0,0.0,0.0,-0.035001945,-0.071594626,-0.12745619,0.07021296,0.118383765,-0.06551083,-0.028296225,-0.06932776,-0.035044193,0.07983208,0.009992123,-0.12140885,-0.4177192,0.1984823,-0.19054143,0.31770924,0.25442836,-0.76139843,0.607804,-0.099605046,0.04802993,0.24704897,-0.83566666,0.73448104,0.9298685,-1.0431805,0.8606948,-1.0108904,0.2907063,0.6900566,-1.1062582,0.9214622,-0.82038987,-1.4192221,-0.09570696,-0.09319181,-177.81837,313.60577,-223.77055,259.5696,74.29813,-151.1517,200.91501,-149.86874,245.68915,197.6603,-199.21092,200.82301,-0.035001945,-0.071594626,-0.9274562,1.670213,-0.68161625,-0.06551083,-0.028296225,-0.06932776,-0.8350442,1.6798321,-0.7900079,-0.12140885,-8.354383,3.969646,-3.8108287,6.3541846,5.0885673,-15.227968,12.15608,-1.992101,0.9605986,4.9409795,-16.713333,14.689621
964,-0.0892549,-0.035145424,-0.4224352,0.05846522,-0.06831412,-0.99594927,1.0,0.0,0.0,-0.07086958,-0.049096193,-0.1559819,0.114372015,0.16616267,-0.13170704,0.04128613,-0.07223269,-0.03221643,0.112074256,-0.080114305,-0.053388104,0.0162472,0.04137941,-0.09560283,0.13376531,0.22410043,0.010476796,0.13595773,0.052022036,-0.016144468,0.09393265,-0.15746993,0.032689765,0.76004505,-0.69153297,1.5905069,-0.4432817,-0.52268136,0.3770341,-1.3456453,0.5299392,-1.9392893,-2.3979723,0.72771436,-0.35407004,175.58385,-297.97845,50.886276,-181.35109,-16.05423,206.75247,-199.6843,206.26645,-201.72379,-217.0282,136.2145,-147.18504,-0.07086958,-0.049096193,-0.9559819,1.714372,-0.63383734,-0.13170704,0.04128613,-0.07223269,-0.83221644,1.7120743,-0.8801143,-0.053388104,0.324944,0.8275882,-1.9120567,2.675306,4.4820085,0.20953591,2.7191546,1.0404407,-0.32288936,1.8786529,-3.1493986,0.6537953
965,-0.18178517,0.045616806,-0.21152955,0.059540614,-0.061960787,-0.99630105,1.0,0.0,0.0,-0.01748973,-0.05600748,-0.15303224,0.11175358,0.1353041,-0.050557695,0.016660603,-0.046721097,-0.043056786,0.11519325,-0.033967257,-0.120899394,0.47219715,-0.09704985,0.1047462,-0.13360664,-0.46401212,0.7293038,-0.33234346,0.18824615,-0.08195809,-0.04896401,0.5484752,-0.5455193,-1.0014209,0.91363597,-0.24789298,1.5507599,0.12612301,0.4170635,0.07208156,-1.1703506,0.6294142,-1.8271911,-0.08212764,0.7686149,202.5664,-190.1354,217.54791,-210.42543,-199.92322,199.97807,-199.6863,224.90753,-141.26604,-194.75388,201.08406,-20.320236,-0.01748973,-0.05600748,-0.95303226,1.7117536,-0.6646959,-0.050557695,0.016660603,-0.046721097,-0.8430568,1.7151933,-0.83396727,-0.120899394,9.443943,-1.9409969,2.094924,-2.6721327,-9.280242,14.586075,-6.646869,3.7649229,-1.6391618,-0.9792802,10.969503,-10.910385
966,0.0011761785,-0.00042996742,-0.34763816,0.061500974,-0.058044992,-0.99641794,1.0,0.0,0.0,0.027284583,-0.06513138,-0.1531691,0.11123705,0.10689968,0.12140779,-0.0013315637,-0.02652231,-0.035235763,0.078207135,0.0007632375,-0.15145019,0.015508524,6.4312946e-05,-0.07508292,0.10273971,0.012244021,0.78429294,0.07650008,0.030180221,0.13718161,-0.29731295,-0.09961423,0.16775325,-0.9315543,-1.2403291,0.7984459,-0.2693861,-0.10595,-0.82537144,1.0745039,0.9663203,-0.84347713,-0.07688747,0.044482194,0.46389663,-200.52235,199.59995,-127.69635,182.81555,37.725395,-85.405205,99.45041,-206.51402,205.7698,-217.99677,-112.10309,199.99185,0.027284583,-0.06513138,-0.9531691,1.7112371,-0.69310033,0.12140779,-0.0013315637,-0.02652231,-0.8352358,1.6782072,-0.7992368,-0.15145019,0.31017047,0.0012862589,-1.5016583,2.054794,0.24488041,15.685859,1.5300016,0.60360444,2.743632,-5.9462585,-1.9922847,3.3550649
967,-0.09415998,0.06226494,-0.11592195,0.06354804,-0.055609785,-0.99642825,1.0,0.0,0.0,-0.005524165,-0.06334318,-0.15119976,0.10306728,0.049827576,0.20316403,0.052670635,-0.016557256,-0.018648684,0.022471666,0.0112602115,-0.041810963,-0.31092224,0.018497733,0.07910057,-0.15884057,-0.38474846,0.102069475,0.43048,0.06472302,0.03579565,-0.25188503,0.08467748,0.8594312,0.58793706,0.69469965,-0.39866704,1.0048662,-0.19775829,-0.65683234,-1.2212076,-0.9698578,1.1899781,0.4092124,0.72203773,0.17479658,-201.07083,-197.366,200.27348,-217.09973,11.125513,-199.83696,199.27211,155.8937,-228.61992,-21.305794,-5.106561,199.02728,-0.005524165,-0.06334318,-0.95119977,1.7030673,-0.75017244,0.20316403,0.052670635,-0.016557256,-0.8186487,1.6224717,-0.7887398,-0.041810963,-6.2184443,0.36995465,1.5820113,-3.1768112,-7.694969,2.0413895,8.6096,1.2944604,0.715913,-5.0377007,1.6935495,17.188623
968,0.064039215,-0.01909085,-0.32710463,0.06470479,-0.054433167,-0.9964187,1.0,0.0,0.0,-0.034632694,-0.06006039,-0.15196657,0.101560235,-0.042649925,0.14611037,0.09856689,-0.013808532,-0.021646738,0.013680577,0.046231568,0.050998382,-0.012168588,0.011055523,-0.07290194,0.113720536,-0.4177954,-0.60214525,0.08020186,-0.022168009,-0.081562355,0.14140238,0.1765251,0.28022152,0.9753878,-1.2104039,0.7842961,-0.6435928,0.3682422,-0.5006419,-1.1577232,0.9891077,-0.92361784,-0.2046948,0.008601241,-0.40732026,200.48663,203.12874,-195.54312,184.02823,50.282745,-199.99135,-156.4496,-115.87528,-128.6091,266.6794,28.897812,-39.307705,-0.034632694,-0.06006039,-0.9519666,1.7015603,-0.84264994,0.14611037,0.09856689,-0.013808532,-0.82164675,1.6136806,-0.75376844,0.050998382,-0.24337175,0.22111045,-1.4580388,2.2744107,-8.355907,-12.042905,1.6040372,-0.44336015,-1.631247,2.8280475,3.5305018,5.60443
969,-0.019639099,0.06681837,-0.14380705,0.06624408,-0.054497324,-0.99631405,1.0,0.0,0.0,0.012207663,-0.0702623,-0.14618564,0.09238422,-0.05064857,-0.042004645,0.061951388,-0.0029966324,-0.040834367,0.032526374,0.040625513,0.025178133,0.43751606,-0.10476177,0.11389878,-0.17706065,0.26974773,-1.1103505,-0.39341757,0.123739615,-0.10949987,0.047502287,-0.07706578,-0.45404178,-0.93600905,0.85134447,-0.26471698,0.469966,0.30862367,0.9281132,0.15965328,-0.9717096,0.9976158,-0.24663885,-0.5362725,-0.2240086,200.84697,-189.66843,235.9361,-205.99696,201.5368,10.879627,-189.81181,281.76413,-135.90201,-165.54852,-4.1144614,-197.1839,0.012207663,-0.0702623,-0.94618565,1.6923842,-0.8506486,-0.042004645,0.061951388,-0.0029966324,-0.8408344,1.6325264,-0.7593745,0.025178133,8.750321,-2.0952353,2.2779756,-3.5412128,5.3949547,-22.20701,-7.8683515,2.4747922,-2.1899974,0.9500457,-1.5413156,-9.080835
970,0.1463416,0.046119742,-0.31818292,0.06917411,-0.056982964,-0.99597585,1.0,0.0,0.0,0.049507525,-0.08116347,-0.1462233,0.08502185,0.058914244,-0.18965505,0.032548726,0.006497428,-0.040709317,0.01412189,-0.051788747,-0.06933465,-0.019930817,-0.008678879,-0.107610606,0.10322919,0.5588786,-0.4149344,0.05624489,-0.018207533,0.09106644,-0.2123559,-0.77401966,-0.41167304,-0.740062,-1.1830868,0.84437346,-1.4920228,-0.5469072,1.0717609,0.9787743,1.1007248,-0.6453651,0.68907815,0.5332012,0.45712402,-196.84581,201.93748,-329.24298,292.53845,-113.757,228.95683,199.5979,-202.01624,203.281,-220.07326,-200.02498,47.098137,0.049507525,-0.08116347,-0.9462233,1.6850219,-0.74108577,-0.18965505,0.032548726,0.006497428,-0.8407093,1.6141219,-0.85178876,-0.06933465,-0.39861634,-0.17357758,-2.1522121,2.0645838,11.177572,-8.298688,1.1248978,-0.36415067,1.8213288,-4.247118,-15.480393,-8.23346
971,-0.03201985,0.047764637,-0.08884823,0.0717214,-0.05828027,-0.9957206,1.0,0.0,0.0,0.01640323,-0.07772551,-0.15310156,0.09261954,0.07581258,-0.18402416,0.083540194,0.007304155,-0.043825507,0.0027247667,-0.12795198,-0.076811925,-0.28909096,0.028341174,0.039690435,-0.04165,-0.25358662,0.36459106,0.41882572,0.011974678,-0.100747466,0.0985161,-0.03910908,0.24905036,0.581331,0.73458487,-0.13284858,0.1711266,-0.06415132,0.13496687,-0.957904,-0.8675635,1.1731763,-0.98490244,0.63490015,0.6297066,-193.39983,-167.5683,248.32426,-155.50865,-206.34889,208.75153,188.58885,69.62782,-52.822586,350.47702,225.37791,172.82587,0.01640323,-0.07772551,-0.9531016,1.6926196,-0.72418743,-0.18402416,0.083540194,0.007304155,-0.8438255,1.6027248,-0.927952,-0.076811925,-5.781819,0.5668235,0.7938087,-0.833,-5.071732,7.291821,8.376514,0.23949356,-2.0149493,1.970322,-0.7821816,4.981007
972,0.1343143,-0.24240883,-0.1543537,0.06721548,-0.060188234,-0.9959214,1.0,0.0,0.0,-0.0066492893,-0.07638459,-0.14010626,0.09982073,0.021677852,-0.07247446,0.1360948,-0.0026714627,-0.049622834,0.01756692,-0.055894256,0.028467095,0.023435798,-0.008287892,0.083889134,0.08278954,-0.2360841,0.5472312,0.14927773,-0.10080639,0.0015923687,0.054032397,0.6624971,0.74992293,1.0544652,-1.1873847,0.50022215,-1.2104585,0.38709462,-0.24870208,-1.1602515,1.0545473,-0.71709514,0.9726072,0.03845539,-0.36701265,198.57643,196.32071,-40.79843,62.57404,33.32017,-54.60217,-158.9056,-317.46622,-182.69086,-118.571815,183.51775,139.3436,-0.0066492893,-0.07638459,-0.9401063,1.6998208,-0.77832216,-0.07247446,0.1360948,-0.0026714627,-0.84962285,1.617567,-0.85589427,0.028467095,0.46871594,-0.16575783,1.6777827,1.6557908,-4.721682,10.944624,2.9855545,-2.0161278,0.031847373,1.080648,13.249942,14.998459
973,-0.07208864,-0.2702759,-0.04798708,0.057264816,-0.06114539,-0.99648476,1.0,0.0,0.0,0.047756825,-0.08544075,-0.103523076,0.09062576,0.04160416,-0.03353942,0.115483165,-0.00341813,-0.06784874,0.05805409,0.008454025,0.09941579,0.46509576,-0.059981536,0.20183197,-0.082956016,0.16748087,-0.02527242,-0.30499014,0.08049896,-0.16529237,0.31828436,0.1295725,0.030799558,-0.82604605,0.9180111,-0.7943954,-0.51593786,0.38481832,-0.49646774,-0.08726675,-0.95192087,0.6536604,-1.3544354,-1.1189468,-1.0030187,229.14351,-49.149055,-581.38184,20.452179,-212.80603,-61.901077,-197.25754,204.60501,-190.67844,182.95964,-63.56322,-200.1849,0.047756825,-0.08544075,-0.9035231,1.6906258,-0.75839585,-0.03353942,0.115483165,-0.00341813,-0.86784875,1.6580541,-0.791546,0.09941579,9.301915,-1.1996307,4.036639,-1.6591203,3.3496172,-0.5054484,-6.0998025,1.6099793,-3.3058474,6.3656874,2.59145,0.6159912
974,-0.04254928,-0.18558927,-0.010128698,0.04847121,-0.058957547,-0.99708307,1.0,0.0,0.0,0.08615718,-0.082357295,-0.09202194,0.101852536,0.06424528,-0.08512742,0.044586174,0.0066655655,-0.08119255,0.08801079,-0.041679204,0.030782605,-0.019962333,0.07862248,-0.035335653,0.1461882,0.14912729,-0.46854186,-0.34220764,0.0209874,0.01371371,0.01551217,-0.56217146,-0.6477124,-0.98346984,-1.2360768,0.2849264,1.0752661,-0.36737072,1.0032371,1.1769986,0.8480029,-1.0109454,-1.3005441,0.47138995,0.04086481,-192.15198,250.07706,-162.28232,171.58147,50.615738,-135.54153,26.401243,-204.27414,201.06299,-217.1488,-200.14745,-199.88765,0.08615718,-0.082357295,-0.89202195,1.7018526,-0.7357547,-0.08512742,0.044586174,0.0066655655,-0.88119256,1.6880108,-0.8416792,0.030782605,-0.39924666,1.5724496,-0.706713,2.923764,2.9825459,-9.370837,-6.8441525,0.419748,0.2742742,0.3102434,-11.243429,-12.954248
975,-0.002078457,-0.16829261,0.28419772,0.041081417,-0.058427777,-0.99744606,1.0,0.0,0.0,0.04593638,-0.0732932,-0.09709638,0.1433338,0.016165495,-0.10191139,0.012540413,0.010411473,-0.08314669,0.07827556,-0.07646316,-0.02319987,-0.350031,0.015606607,-0.015804084,0.25707003,-0.55894864,0.23083983,-0.011575548,0.017110407,-0.028943574,-0.10084566,0.14375013,0.023609243,0.46880716,0.75582606,-0.695612,-0.9201085,0.22827846,0.55232424,-0.38378817,-1.0247157,1.0058509,-1.432151,0.58388406,1.3087381,-203.82416,-228.1058,219.24298,188.12593,-199.53548,199.56783,199.58284,196.10796,-190.78302,-213.76932,200.14215,146.0824,0.04593638,-0.0732932,-0.8970964,1.7433338,-0.7838345,-0.10191139,0.012540413,0.010411473,-0.8831467,1.6782756,-0.8764632,-0.02319987,-7.0006194,0.31213215,-0.31608167,5.141401,-11.178972,4.6167965,-0.23151095,0.34220815,-0.5788715,-2.0169132,2.8750026,0.47218487
976,0.050227154,-0.079134814,0.072085544,0.03591226,-0.05971654,-0.9975692,1.0,0.0,0.0,0.014135143,-0.069782,-0.10312021,0.17920792,-0.017629206,0.019848017,-0.025041826,0.008865574,-0.07090914,0.025138497,0.02780968,0.058104582,-0.002235865,0.021624584,-0.04366426,0.11578691,0.149881,0.9181404,-0.3326449,-0.025890654,0.13598417,-0.40364024,0.8310155,0.71994716,0.6313422,-1.0880626,0.4890127,-1.0945396,0.32935864,-0.6040551,-0.1417428,0.9354905,-1.0756025,0.5617909,-0.11875606,-0.22295341,199.89273,201.64449,-195.09012,-219.50597,200.00432,200.02925,-199.21875,-179.73108,212.79538,-221.83682,200.60803,200.23361,0.014135143,-0.069782,-0.9031202,1.779208,-0.8176292,0.019848017,-0.025041826,0.008865574,-0.87090915,1.6251385,-0.77219033,0.058104582,-0.0447173,0.43249166,-0.87328523,2.3157382,2.99762,18.362808,-6.652898,-0.5178131,2.7196834,-8.072804,16.62031,14.398943
977,-0.072881006,-0.06631558,-0.15586856,0.03301215,-0.059459984,-0.99768466,1.0,0.0,0.0,0.063765265,-0.07315279,-0.09239334,0.17370582,0.07804185,0.13042773,-0.08143667,0.016296666,-0.068024516,0.010625005,0.07476568,0.10461476,0.45511118,-0.039911583,0.13099456,-0.13877653,0.61559135,0.2547881,-0.23054273,0.088418745,-0.059260886,0.08878445,-0.11256408,-0.10095078,-0.94803154,0.8352229,-0.548275,0.09291348,-0.26946402,-1.0714996,1.1517744,-0.8150211,0.9991429,0.04854609,-1.3428367,0.16897693,202.81425,-174.56459,206.11005,-214.65782,-12.128123,-199.28339,80.31687,205.45078,-177.54547,196.0704,-199.56796,-199.95854,0.063765265,-0.07315279,-0.89239335,1.7737058,-0.72195816,0.13042773,-0.08143667,0.016296666,-0.8680245,1.610625,-0.7252343,0.10461476,9.102223,-0.79823166,2.6198912,-2.7755303,12.311827,5.095762,-4.6108546,1.7683749,-1.1852177,1.775689,-2.2512815,-2.0190156
978,-0.053052638,-0.12040627,-0.4473481,0.030095749,-0.056396548,-0.9979547,1.0,0.0,0.0,0.10725129,-0.06651689,-0.076962054,0.1506604,0.1264866,0.101936445,-0.07947334,0.02159969,-0.06705558,0.026332736,-0.021908939,0.121874526,0.026213432,0.08825487,0.035055544,-0.094789475,-0.06345127,-0.46788356,0.17587301,0.0016920342,0.063583516,0.10870545,-0.7424391,0.12954052,-0.97561514,-1.1919711,0.5940558,-0.04447216,-0.5014708,0.7049562,0.6984321,1.0022471,-0.8401618,-0.7176468,1.1071962,-0.04050155,-200.66919,196.99023,-194.22021,-46.7353,-200.08273,-200.12697,169.75955,105.884995,489.03876,294.0868,-145.41046,1.7697353,0.10725129,-0.06651689,-0.87696207,1.7506604,-0.6735134,0.101936445,-0.07947334,0.02159969,-0.8670556,1.6263328,-0.82190895,0.121874526,0.5242686,1.7650974,0.70111084,-1.8957895,-1.2690253,-9.357671,3.51746,0.033840682,1.2716702,2.174109,-14.848782,2.5908103
979,-0.046969786,-0.0048588766,-0.26369083,0.02884285,-0.05399495,-0.9981245,1.0,0.0,0.0,0.07497367,-0.0556675,-0.054745197,0.10460734,0.03780943,0.08524311,-0.013062882,0.029301688,-0.06025952,0.038814902,-0.086714864,0.085888654,-0.3177561,0.027390573,0.16607045,-0.31617412,-0.7555197,0.23108242,0.46796298,0.06187104,0.008334847,0.01898182,0.0110835815,-0.30085275,0.30309305,0.8274879,-0.55565023,1.3028522,1.0913656,0.64275885,-1.1953707,-1.0437089,0.9879137,-0.60335296,0.26871166,-0.14173725,-204.4788,-204.87944,207.3867,-65.73016,-199.73283,200.32097,194.09152,269.7815,-170.26581,-163.32037,210.18799,-0.47742224,0.07497367,-0.0556675,-0.8547452,1.7046074,-0.7621906,0.08524311,-0.013062882,0.029301688,-0.86025953,1.6388149,-0.8867149,0.085888654,-6.3551216,0.54781145,3.3214087,-6.3234825,-15.110394,4.6216483,9.35926,1.2374208,0.16669694,0.3796364,0.22167163,-6.0170546
980,0.09166097,-0.015738454,-0.48546135,0.029094795,-0.05475462,-0.99807584,1.0,0.0,0.0,0.048195515,-0.05667984,-0.04069364,0.07599676,-0.048254907,0.19613989,0.04182856,0.036582887,-0.038901925,0.012438774,-0.011191845,0.0029517512,0.009863527,-0.047343787,-0.017474642,0.023501689,-0.20127325,0.7847839,0.11748996,0.012225762,0.19003418,-0.25782213,0.61914474,-0.38647312,1.0724752,-1.1912519,0.640579,0.15826645,0.5008665,0.036232177,-0.94566023,1.0159022,-0.9114243,0.6931483,0.38834125,0.73870426,199.73099,200.464,-201.81389,181.06061,200.00632,199.94144,-200.3091,-201.3839,197.08702,-223.25972,60.538322,43.327454,0.048195515,-0.05667984,-0.84069365,1.6759968,-0.8482549,0.19613989,0.04182856,0.036582887,-0.83890194,1.6124388,-0.81119186,0.0029517512,0.19727053,-0.94687575,-0.34949285,0.47003376,-4.025465,15.695678,2.3497992,0.24451524,3.8006835,-5.156442,12.3828945,-7.729462
981,0.08903922,-0.10591903,-0.17390196,0.026922228,-0.058340378,-0.9979336,1.0,0.0,0.0,0.09813713,-0.074397095,-0.039498925,0.089755535,-0.03360617,0.27966842,0.022376452,0.04185309,-0.044057965,0.02309227,0.1029976,-0.037426125,0.46326408,-0.101005904,0.0008820614,0.11922846,0.19971506,0.12285405,-0.28689238,0.040135138,-0.17599098,0.2636946,0.5558758,-0.022774339,-0.77446127,0.81177527,-0.51408744,-0.7943103,0.0065116435,-0.8806057,-0.30912498,-0.8399356,0.94954824,-0.2015721,-0.974684,0.9762859,273.70685,77.96213,-63.041977,69.591675,66.52759,-185.37186,-228.47812,-40.232773,-439.13562,179.99455,15.334045,141.89253,0.09813713,-0.074397095,-0.83949894,1.6897556,-0.8336062,0.27966842,0.022376452,0.04185309,-0.844058,1.6230923,-0.6970024,-0.037426125,9.265282,-2.020118,0.017641228,2.3845692,3.994301,2.4570808,-5.737848,0.8027027,-3.5198195,5.2738924,11.117516,-0.45548677
982,0.18994747,-0.059951264,0.07246753,0.023912352,-0.06441997,-0.9976363,1.0,0.0,0.0,0.13634314,-0.08310031,-0.04219711,0.10321522,-0.014046907,0.22716402,-0.07189507,0.0424535,-0.061641395,0.05283034,0.1259926,0.029183986,-0.02674197,0.0037058939,-0.02835798,0.01736336,0.06328116,-0.58077556,-0.55381405,-0.033349313,-0.00943162,0.053051956,-0.22260308,0.6310124,-1.0223031,-1.1989137,0.8080391,-1.5505078,-0.58464247,-0.028272104,1.2297229,0.99895227,-0.73959386,0.46213824,-0.67640054,-0.94553614,-200.26628,200.87941,-196.7416,-215.49236,-13.488936,-200.11589,-21.586937,-215.40256,280.16867,-94.57202,-212.21951,187.60536,0.13634314,-0.08310031,-0.8421971,1.7032152,-0.8140469,0.22716402,-0.07189507,0.0424535,-0.8616414,1.6528304,-0.6740074,0.029183986,-0.5348394,0.07411788,-0.5671596,0.34726718,1.2656232,-11.615511,-11.076281,-0.6669862,-0.1886324,1.0610391,-4.4520617,12.620247
983,0.08944068,0.0073104687,0.252477,0.0224799,-0.069905564,-0.99730027,1.0,0.0,0.0,0.09255164,-0.08452031,-0.032440364,0.0790658,-0.077659726,0.12512676,-0.14521226,0.042986274,-0.085558355,0.09240985,0.005772114,0.07887144,-0.37693676,-0.01686871,0.111065485,-0.23510984,-0.6302858,-0.4201579,-0.21397595,0.033163838,-0.20797788,0.31383353,-0.91085017,-0.064891666,-0.15060034,0.9065269,-0.43465424,-0.1749422,0.8587006,1.2440007,0.93803704,-0.99201864,1.0150933,-1.2917466,-0.08139873,-0.9754397,-201.16463,-199.03172,188.85562,-225.88095,-200.28374,58.60123,203.40234,219.11671,-201.53572,174.78467,-200.08388,-199.54243,0.09255164,-0.08452031,-0.8324404,1.6790658,-0.87765974,0.12512676,-0.14521226,0.042986274,-0.88555837,1.6924099,-0.7942279,0.07887144,-7.5387354,-0.3373742,2.2213097,-4.7021966,-12.605716,-8.403158,-4.279519,0.66327673,-4.1595573,6.2766705,-18.217003,-1.2978333
984,0.042798948,-0.053201437,-0.026840374,0.021441964,-0.072697535,-0.9971236,1.0,0.0,0.0,0.009000311,-0.08755836,-0.022251666,0.041930795,-0.11664122,0.0926461,-0.13950138,0.039544117,-0.10702115,0.12322843,-0.100866795,-0.0074612405,-0.37600324,-0.039572034,-0.013999079,-0.08766268,0.17629436,-0.0044162734,0.22656524,-0.059845265,-0.020537807,0.025230814,-0.22444403,-0.7321643,0.73559856,-0.95326203,0.8386505,0.86706823,0.04269384,0.7754557,0.64372915,0.91820836,-0.6346154,-1.5455129,1.1898131,-0.15394333,49.2165,-171.6034,-233.92325,94.97853,225.85648,111.22605,199.37794,-207.10593,214.01328,-211.69589,200.48206,-200.20908,0.009000311,-0.08755836,-0.8222517,1.6419308,-0.91664124,0.0926461,-0.13950138,0.039544117,-0.90702116,1.7232285,-0.9008668,-0.0074612405,-7.5200644,-0.79144067,-0.27998158,-1.7532536,3.525887,-0.08832546,4.531305,-1.1969053,-0.41075614,0.50461626,-4.4888806,-14.643287
985,0.0288087,-0.05245785,-0.27715996,0.019792914,-0.07409678,-0.9970546,1.0,0.0,0.0,-0.013112852,-0.10233525,-0.030852497,0.04580915,-0.06150776,0.16966611,-0.051953614,0.0292881,-0.11425215,0.11642802,-0.067952394,-0.08759025,0.10674995,-0.10281904,-0.05389611,0.09618302,0.26476958,0.7092898,0.6089832,-0.042333376,-0.0489625,-0.081004255,0.48307782,-0.21913572,0.6756479,0.77539194,-0.4939837,-1.2409356,-0.08405158,-0.6297096,-0.8385688,-0.9307633,1.0491979,-1.1366558,-0.46400383,0.8841398,205.67886,-98.25061,100.25552,201.18938,-24.83836,204.10497,194.54866,161.8006,-185.1687,-207.3312,200.90036,65.63065,-0.013112852,-0.10233525,-0.8308525,1.6458092,-0.8615078,0.16966611,-0.051953614,0.0292881,-0.91425216,1.716428,-0.8679524,-0.08759025,2.134999,-2.0563807,-1.0779222,1.9236603,5.2953916,14.185796,12.179664,-0.84666747,-0.97924995,-1.620085,9.661556,-4.3827143
986,0.110778704,0.02146647,-0.5423565,0.02044235,-0.07671229,-0.9968437,1.0,0.0,0.0,0.035821445,-0.1144303,-0.04140973,0.06425202,-0.051844597,0.23556884,0.035762172,0.013828506,-0.10220146,0.06994939,-0.047483265,-0.054995812,0.3660498,-0.033226963,-0.05467661,0.07329463,-0.038299497,0.017866906,0.29968747,-0.10283313,0.14818881,-0.3591085,-0.20944045,0.47550914,-0.6130877,-1.1550033,0.6722682,-0.98378044,-0.72791445,-0.59484786,-0.7122154,1.0325102,-0.7111268,0.75709194,-0.6589363,-0.41215065,197.6584,192.57378,-189.97412,-210.55643,-41.88377,-200.24094,-197.6652,-198.83421,231.47166,-209.18369,-199.45657,199.91107,0.035821445,-0.1144303,-0.84140974,1.664252,-0.8518446,0.23556884,0.035762172,0.013828506,-0.9022015,1.6699494,-0.8474833,-0.054995812,7.320996,-0.6645392,-1.0935322,1.4658927,-0.76598996,0.3573381,5.993749,-2.0566626,2.9637764,-7.18217,-4.188809,9.510182
987,0.05998043,0.01018805,0.14689162,0.021751016,-0.07971867,-0.9965801,1.0,0.0,0.0,0.06463406,-0.12264588,-0.033301055,0.052957416,-0.13542026,0.16430987,0.038674727,0.008791987,-0.091208875,0.026000977,-0.16468233,-0.0385115,-0.05826636,-0.029885218,0.1105003,-0.1285979,-0.70929724,-0.6577484,-0.21991877,0.037258327,-0.018923387,-0.10464908,-0.8936039,-0.23895255,-0.7489759,0.7732431,-0.5575911,-0.02953643,0.56756663,-0.34377968,-0.26287907,-0.9113688,1.0360354,-0.1009769,0.08293416,-0.66313964,-315.3601,446.21518,501.39615,395.52722,-122.73622,-166.0479,-198.76437,211.55214,-189.99388,182.74808,-199.76329,-199.49492,0.06463406,-0.12264588,-0.83330107,1.6529574,-0.9354203,0.16430987,0.038674727,0.008791987,-0.8912089,1.626001,-0.96468234,-0.0385115,-1.1653272,-0.59770435,2.210006,-2.5719578,-14.185945,-13.154967,-4.3983755,0.74516654,-0.37846774,-2.0929816,-17.872078,-4.779051
988,0.16377524,-0.026883796,0.44431067,0.021013364,-0.08532118,-0.9961319,1.0,0.0,0.0,-0.004099356,-0.12094131,-0.024552345,0.035949707,-0.19526887,-0.01393615,-0.042903382,0.01225253,-0.08221805,-0.014317751,-0.26811188,-0.16067532,-0.5266296,0.011690338,-0.0077039124,-0.007991143,0.0540734,-0.87216055,-0.5073622,0.015422927,0.072356865,-0.18981844,-0.19342178,-0.8722033,0.8666966,-1.22294,0.5453774,-0.025371823,0.025014222,0.8844151,0.7190708,1.2205911,-0.9689963,0.42071593,0.9811776,0.5311662,-172.06409,-203.96423,-7.095703,254.43869,243.32532,82.49464,-1.8344727,353.55597,429.28955,865.29266,263.7198,-45.755463,-0.004099356,-0.12094131,-0.82455236,1.6359497,-0.9952689,-0.01393615,-0.042903382,0.01225253,-0.88221806,1.5856823,-1.0681119,-0.16067532,-10.532592,0.23380676,-0.15407825,-0.15982285,1.081468,-17.44321,-10.1472435,0.30845854,1.4471372,-3.7963688,-3.8684356,-17.444065
989,-0.06791892,-0.13678342,0.068803854,0.016339097,-0.08683621,-0.9960885,1.0,0.0,0.0,-0.05996545,-0.119207814,-0.02349317,0.035241604,-0.13341707,-0.09203888,-0.09946765,0.021480719,-0.08388096,-0.012289643,-0.22481674,-0.25611213,-0.07596789,0.005659391,0.029069815,-0.020456802,0.37938154,-0.009938173,-0.10438849,0.07108288,-0.07670159,0.1455219,0.532742,-0.16525403,0.638156,0.88328385,-0.67336017,-0.13619569,0.5210637,0.89839,0.8625255,-0.89187783,1.064462,-1.6398871,-0.4739873,1.1360494,195.54697,-59.179276,1.0818176,-79.555176,-16.408188,235.91594,200.36478,199.03816,-188.33861,188.28859,200.29277,200.04134,-0.05996545,-0.119207814,-0.8234932,1.6352416,-0.9334171,-0.09203888,-0.09946765,0.021480719,-0.883881,1.5877104,-1.0248168,-0.25611213,-1.5193578,0.11318782,0.5813963,-0.40913603,7.5876307,-0.19876346,-2.0877697,1.4216577,-1.5340317,2.9104378,10.65484,-3.3050804
990,-0.13532595,-0.061516326,-0.71027464,0.013681447,-0.08283633,-0.99646926,1.0,0.0,0.0,-0.029450381,-0.117122084,-0.025430918,0.021736264,0.0126978755,-0.018786496,-0.06112052,0.022406662,-0.079265594,-0.010006428,-0.19270366,-0.20953658,0.3224951,-0.012925716,-0.062722795,-0.043469142,0.87969095,0.6852637,0.43507537,-0.04139307,0.104091026,-0.09655591,-0.1437068,0.56313103,-0.28483507,-1.1211107,0.5216878,0.24847385,-1.4333504,0.5248312,0.0460475,0.8220849,-0.79662967,-1.0685852,-0.25761282,0.2518526,56.10399,-671.57404,-162.38708,359.14786,-68.39482,202.7699,203.86346,-182.55174,202.44463,-214.57027,-199.99475,200.40373,-0.029450381,-0.117122084,-0.8254309,1.6217363,-0.78730214,-0.018786496,-0.06112052,0.022406662,-0.8792656,1.5899936,-0.9927037,-0.20953658,6.449902,-0.2585143,-1.2544558,-0.8693828,17.593819,13.705274,8.701508,-0.8278614,2.0818205,-1.9311182,-2.874136,11.26262
991,-0.040003147,-0.08138312,-0.022531431,0.012169603,-0.079133615,-0.9967897,1.0,0.0,0.0,-0.0069923657,-0.13044788,-0.039304256,0.03650844,0.09125352,0.16550751,-0.0075876857,0.016462645,-0.06164968,-0.035582185,-0.21515042,-0.054363295,-0.05499537,-0.10022455,-0.06786766,0.15270275,0.018900331,0.93304485,0.16373417,-0.031853907,0.063622236,-0.083407804,-0.060630526,0.71645516,-1.2069603,0.78483075,-0.6274271,-0.8937836,-0.40825978,-0.90515023,-0.89890605,-0.9939059,0.9028429,0.7037007,-0.16789669,-0.72638214,-200.66096,-206.02902,202.02,177.68985,-200.04863,-76.66203,-67.216385,-151.57176,203.61104,503.44965,61.565365,-155.30447,-0.0069923657,-0.13044788,-0.83930427,1.6365085,-0.7087465,0.16550751,-0.0075876857,0.016462645,-0.8616497,1.5644178,-1.0151504,-0.054363295,-1.0999074,-2.0044909,-1.3573532,3.054055,0.3780066,18.660896,3.2746832,-0.6370781,1.2724447,-1.668156,-1.2126105,14.329103
992,0.04524042,-0.12836179,0.2158359,0.0073908158,-0.079450004,-0.9968114,1.0,0.0,0.0,-0.07581142,-0.13962762,-0.057244062,0.056676507,0.020094693,0.273343,-0.01701546,0.010219858,-0.055790544,-0.031772852,-0.20493025,0.010447879,-0.5805226,-0.0008585439,-0.112436235,0.055662837,-0.6588593,0.21699698,-0.22708645,-0.026906615,0.013031199,0.08544927,0.0754429,0.018558757,0.72146976,-1.2632325,0.5486914,-1.39318,-0.13916487,-0.9883993,0.37910873,0.9362384,-1.0171752,-0.6771601,0.20472252,-0.690348,-194.32372,230.2973,-217.28839,-222.8959,-199.9005,-199.21887,-196.07741,-107.42665,99.12859,179.39262,1.7568493,-194.64584,-0.07581142,-0.13962762,-0.8572441,1.6566765,-0.7799053,0.273343,-0.01701546,0.010219858,-0.85579056,1.5682272,-1.0049303,0.010447879,-11.610452,-0.017170878,-2.2487247,1.1132567,-13.177186,4.3399396,-4.541729,-0.5381323,0.26062396,1.7089853,1.508858,0.37117514
993,-0.080615185,-0.050197706,-0.10029402,0.0038166922,-0.07858686,-0.9969,1.0,0.0,0.0,-0.13619962,-0.14515017,-0.0583812,0.036198616,-0.056200683,0.24411167,-0.021485792,0.012409859,-0.056292713,-0.029141665,-0.114776075,-0.06245994,-0.07300399,-0.050143298,0.08466928,-0.23198564,-0.24859326,-0.44369593,0.14616331,0.04142665,-0.011863342,-0.048739992,0.70878625,-0.67878145,0.92067814,0.801691,-0.6472797,-0.09203154,0.4225117,-0.3427391,-0.322044,-0.9798067,0.9490073,-0.30400795,-0.19197547,0.15463236,200.88023,-185.61354,199.3379,-220.9437,54.38522,-199.82156,198.90067,195.23424,-198.13528,-217.75963,69.23112,-199.96219,-0.13619962,-0.14515017,-0.8583812,1.6361986,-0.8562007,0.24411167,-0.021485792,0.012409859,-0.8562927,1.5708584,-0.9147761,-0.06245994,-1.4600798,-1.0028659,1.6933855,-4.639713,-4.971865,-8.873919,2.9232662,0.828533,-0.23726682,-0.9747998,14.175725,-13.575628
994,0.06241305,0.0071516326,-0.37666222,0.0044784606,-0.0784698,-0.9969065,1.0,0.0,0.0,-0.118490964,-0.1525082,-0.050729692,-0.005170107,-0.026623249,0.08255098,-0.027319685,0.013909801,-0.039611578,-0.068119764,-0.047917366,-0.12057487,0.21336071,-0.023805719,0.008080465,-0.17051685,0.48372942,-1.0151967,-0.15730445,-0.03176172,0.13939224,-0.2266753,0.06392388,0.05598359,-0.025705747,-1.1499922,0.4376189,-0.024097059,-1.2546014,0.9478128,-0.516413,1.0388111,-0.8690753,0.59743434,-0.9988509,0.7027806,196.62704,193.41093,-182.6911,-45.450214,200.48529,-10.252888,-183.04724,-444.76862,359.28653,463.08966,-124.20752,248.44133,-0.118490964,-0.1525082,-0.8507297,1.5948299,-0.82662326,0.08255098,-0.027319685,0.013909801,-0.8396116,1.5318803,-0.8479174,-0.12057487,4.2672143,-0.47611436,0.16160929,-3.410337,9.674588,-20.303932,-3.1460888,-0.6352344,2.7878447,-4.533506,1.2784775,1.1196718
995,-0.02557732,-0.17124738,0.16887864,0.0008868203,-0.07892039,-0.99688053,1.0,0.0,0.0,-0.08126164,-0.15601279,-0.03964764,-0.018432498,0.0013849735,-0.022068601,-0.10222146,0.01110951,-0.032210886,-0.059230685,-0.09979725,-0.045531504,0.15801036,-0.008174157,0.09680226,0.003623043,-0.13691218,-0.11495034,-0.56321,4.309342e-06,-0.048411217,0.24960795,-0.53709334,0.61063176,-1.2177044,0.8155779,-0.72941554,0.00060030445,-0.44184807,0.40679112,1.0974046,-0.8991762,1.0100191,-0.71018374,0.29263914,-0.5874616,-35.9795,9.695694,250.76028,131.43434,-180.6675,241.1852,-208.2572,-21.280869,-85.68825,356.01294,-175.71545,161.05103,-0.08126164,-0.15601279,-0.83964765,1.5815675,-0.79861504,-0.022068601,-0.10222146,0.01110951,-0.8322109,1.5407693,-0.89979726,-0.045531504,3.1602073,-0.16348313,1.9360452,0.07246086,-2.7382436,-2.2990067,-11.2642,8.618683e-05,-0.9682243,4.992159,-10.741867,12.212635
996,0.022236682,-0.15181558,0.061510395,-0.006042131,-0.0789363,-0.99686134,1.0,0.0,0.0,-0.09042893,-0.15579723,-0.033812404,0.0023658276,-0.08803743,0.027641429,-0.16480172,-0.002736243,-0.023786962,-0.042982697,-0.13177615,0.002841555,-0.22812092,0.018692661,-0.019647803,0.1359208,-0.7062468,0.5472972,-0.10695179,-0.12311404,0.11607497,-0.05786698,0.14804058,-0.059800573,0.40460396,-1.2008495,0.4706195,-1.1611072,-0.0137633085,0.00894976,1.0168664,0.90381706,-0.95481944,-0.3802436,0.6202376,-0.5984961,-202.59972,190.48997,-189.38263,-131.1744,-160.73846,199.90878,198.57425,-214.47559,184.66034,-225.66719,199.74286,-200.31892,-0.09042893,-0.15579723,-0.8338124,1.6023659,-0.88803744,0.027641429,-0.16480172,-0.002736243,-0.823787,1.5570173,-0.93177617,0.002841555,-4.5624185,0.3738532,-0.39295605,2.7184157,-14.124935,10.945944,-2.1390357,-2.4622808,2.3214993,-1.1573396,2.9608114,-1.1960114
997,-0.049166795,-0.016539993,-0.22925161,-0.008811275,-0.07826184,-0.9968939,1.0,0.0,0.0,-0.07930748,-0.15967622,-0.01652056,-0.0035051107,-0.153866,0.065884165,-0.14473806,-0.020611342,-0.0032315254,-0.070969224,-0.024647415,-0.08589375,0.28862146,-0.049634974,0.17318149,-0.16392958,-0.021027485,-0.051059842,0.26928923,-0.061187275,0.094739914,-0.20782661,0.8532322,-0.75768566,0.3647506,0.8324835,-0.8114804,0.25251356,0.49576902,-0.7522744,-0.7828579,-0.9305124,0.8407906,0.85253745,-0.847199,0.28851068,202.32104,-176.96086,208.52588,-212.20901,200.24704,-93.1372,200.94304,209.581,-177.18129,-211.3457,200.74033,-199.57423,-0.07930748,-0.15967622,-0.8165206,1.5964949,-0.953866,0.065884165,-0.14473806,-0.020611342,-0.80323154,1.5290308,-0.8246474,-0.08589375,5.772429,-0.99269944,3.4636297,-3.2785916,-0.4205497,-1.0211968,5.3857846,-1.2237455,1.8947983,-4.1565323,17.064644,-15.153713
998,-0.026632886,-0.16105106,-0.55587095,-0.011261392,-0.0769752,-0.99696934,1.0,0.0,0.0,0.015647251,-0.16408913,0.003994167,-0.0033277273,-0.08132166,-0.021328844,-0.13211024,-0.03152288,0.015618682,-0.09096038,0.06664783,-0.15195647,0.6256708,0.003140815,0.04644476,0.13504907,0.67695475,-0.750323,-0.10078949,-0.044693153,0.08768998,-0.0036334868,0.110347666,0.032462463,-0.6814459,-1.1753525,0.3569957,-1.2105339,-1.0260632,0.2691364,0.43459833,1.1000224,-1.1463894,-0.15171506,-1.1162636,0.22568712,200.30588,251.28763,-200.19508,183.5455,200.85556,-198.44365,-175.70374,-64.03862,138.74312,204.01025,-234.12668,227.07501,0.015647251,-0.16408913,-0.79600585,1.5966723,-0.88132167,-0.021328844,-0.13211024,-0.03152288,-0.78438133,1.5090396,-0.7333522,-0.15195647,12.513415,0.0628163,0.9288952,2.7009814,13.539095,-15.00646,-2.0157897,-0.8938631,1.7537996,-0.07266974,2.2069533,0.64924926
999,-0.032962468,-0.0412853,-0.2802964,-0.013968915,-0.075887576,-0.9970185,1.0,0.0,0.0,0.103287056,-0.16762176,0.027525187,-0.008387446,-0.022107422,-0.094578385,-0.1109404,-0.04086445,0.028047562,-0.08811307,0.022236526,-0.06932967,0.28529176,-0.038326733,0.17434049,-0.15624018,-0.015875911,-0.05282663,0.27325988,-0.04495355,0.04370406,0.020994363,-0.49531794,0.66605276,-1.4785595,0.7362634,-0.7487181,-0.008950505,-0.22451773,0.45495772,0.872885,-0.80782574,0.8562486,0.54607666,0.040169828,-0.26243308,-198.16805,-168.78014,208.65182,-211.49165,-199.73767,200.61467,192.82957,335.56717,-82.086235,-52.350372,-183.01845,76.62492,0.103287056,-0.16762176,-0.7724748,1.5916126,-0.82210743,-0.094578385,-0.1109404,-0.04086445,-0.77195245,1.511887,-0.7777635,-0.06932967,5.7058353,-0.7665346,3.4868097,-3.1248035,-0.31751823,-1.0565326,5.4651976,-0.899071,0.87408113,0.41988724,-9.906359,13.321054
1000,-0.084608845,-0.16492474,-0.4699197,-0.017279001,-0.073722534,-0.9971291,1.0,0.0,0.0,0.11096513,-0.16526315,0.04309255,-0.018648982,-0.0792706,-0.031750754,-0.0039288844,-0.056408186,0.04221499,-0.06875837,-0.0075076222,-0.009680948,-0.15407777,0.043224603,0.0045732404,0.028089901,-0.35060236,0.61316043,0.74773014,-0.09780266,0.09615363,0.15864266,0.057307627,-0.0024702393,0.49002117,-1.1237837,0.4247086,-1.0370475,0.08886099,-0.84849477,-0.9106133,1.0960938,-0.9262787,-1.0334929,0.69452757,-0.5819714,-202.57703,194.05862,-187.29105,-6.453231,2.791567,200.00375,204.14543,-90.67475,265.1913,215.81917,64.59685,-197.72667,0.11096513,-0.16526315,-0.75690746,1.581351,-0.8792706,-0.031750754,-0.0039288844,-0.056408186,-0.757785,1.5312417,-0.80750763,-0.009680948,-3.0815554,0.86449206,0.0914648,0.56179804,-7.012047,12.263208,14.954602,-1.9560531,1.9230726,3.1728532,1.1461525,-0.049404785
